is_large_home,n,mape,mae,mean_actual,mean_pred
0,205,0.12323729207813268,5325.041616433423,42328.824,41452.085820527005
1,78,0.13938750641032224,5288.279069721906,38712.0582051282,40124.6313531823
