county,n,mape,mae,mean_bias,r2
Başiskele,283,0.12768858790113902,5314.909183064171,-245.76191252206746,0.2740007241264225
