district,sale_pred_old,sale_pred_new,sale_diff_tl_m2,sale_diff_pct,warning
missing,39182.55502666831,41572.40929401986,2389.8542673515476,0.06099281340190736,
