district,sale_pred_old,sale_pred_new,sale_diff_tl_m2,sale_diff_pct,warning
4 Temmuz Mah.,27451.126211936797,38532.130778586594,11081.004566649797,0.4036630220960244,
