model,feature,importance
extra_trees,num__basiskele_detail_group_bucket_median,0.060246643240604865
extra_trees,num__district_m2_group_target_median,0.028830214675987877
extra_trees,cat__elevator_Yok,0.023908932810593007
extra_trees,num__attr_effect_total_quality_bucket,0.022508967713074545
extra_trees,cat__elevator_Var,0.019668199653540584
extra_trees,num__basiskele_district_premium_bucket_mean,0.017862946408897684
extra_trees,num__duplex_or_large_home,0.017825862453370755
extra_trees,num__attr_effect_elevator,0.016759476216240774
extra_trees,num__attr_has_elevator,0.014519948513977098
extra_trees,num__basiskele_district_premium_bucket_median,0.014231496419070438
extra_trees,num__attr_total_quality_score,0.013966742045347022
extra_trees,num__attr_quality_x_county_income,0.009398024452256872
extra_trees,num__attr_m2_per_room,0.008648608927329942
extra_trees,num__site_project_oof_residual_mean,0.0085948258484398
extra_trees,num__site_project_oof_price_level,0.007856849961928534
extra_trees,num__total_floors,0.007299849639954574
extra_trees,num__attr_compactness_score,0.007139253688264205
extra_trees,num__estimated_monthly_rent_gross,0.006392276932229773
extra_trees,num__district_room_count_target_median,0.006115992197123729
extra_trees,num__dues,0.005968844868425511
extra_trees,cat__usage_status_Mülk Sahibi,0.005886474030727121
extra_trees,num__bathroom_count,0.005835588570615815
extra_trees,num__duplex_x_gross_m2,0.005593348362672763
extra_trees,num__is_duplex,0.005582933501495815
extra_trees,cat__large_home_x_site_project_id_bucket_lh__missing,0.005377074659905035
extra_trees,cat__geo_cluster_x_room_count_city_9||4+1,0.005049812093510834
extra_trees,num__basiskele_detail_inside_premium_signal,0.004906110164533472
extra_trees,num__location_baseline_level_code,0.004744921149688359
extra_trees,num__detail_effect_inside_sum,0.004640081833435803
extra_trees,num__bearing_from_district_centroid_cos,0.004635132532937131
extra_trees,num__basiskele_has_pool_signal,0.004580023339932905
extra_trees,num__detail_effect_inside_mean,0.004342265432471728
extra_trees,num__large_home_detail_premium_x_m2,0.0042963154673644815
extra_trees,num__basiskele_distance_to_coast_x_large_home,0.0042265617743334595
extra_trees,cat__site_tier_x_district_premium__pasadag mh.,0.004180217500443721
extra_trees,num__demo_summer_house_count,0.004146330432362508
extra_trees,num__detail_effect_inside_x_attr_quality,0.004124434509930822
extra_trees,num__detail_effect_total_mean,0.004104463603836542
extra_trees,num__distance_to_coast_x_large_home,0.004102070727637032
extra_trees,num__bearing_from_district_centroid_sin,0.004077134368178799
extra_trees,num__net_gross_ratio,0.004021730906975695
extra_trees,num__net_m2,0.003903654628462817
extra_trees,num__attr_net_gross_ratio,0.003791535573951149
extra_trees,num__attr_new_building_x_site_inside,0.0037806065824830524
extra_trees,cat__basiskele_geo_cluster_x_m2_group_Başiskele_5||200+,0.003683157037240731
extra_trees,cat__building_age_group_0 (Oturuma Hazır),0.0036801819699027304
extra_trees,num__basiskele_premium_x_new_building,0.0036459600338798704
extra_trees,num__gross_m2,0.003533602750331988
extra_trees,cat__usage_status_Boş,0.003490936707952919
extra_trees,cat__floor_segment_Zemin/Giriş,0.003211919265975205
extra_trees,num__attr_quality_x_location_baseline,0.0032002936745700885
extra_trees,num__distance_to_coast_x_view_sea,0.00317739283808944
extra_trees,cat__geo_cluster_x_room_count_city_9||3+1,0.0031598519132656935
extra_trees,num__distance_to_district_centroid_m,0.003156215105905887
extra_trees,num__remaining_floors,0.0031446670922123995
extra_trees,num__basiskele_has_inside_luxury_signal,0.0031228214751511025
extra_trees,num__attr_net_gross_bad,0.0031043233219436722
extra_trees,cat__m2_group_0-75,0.003094241166475776
extra_trees,num__detail_front_count,0.003044651390218205
extra_trees,cat__kitchen_Açık (Amerikan),0.003037977989999309
extra_trees,num__is_small_flat,0.003026334672945797
extra_trees,num__attr_net_gross_good,0.0029995993830105945
extra_trees,num__basiskele_premium_x_location_baseline,0.00297548314299396
extra_trees,num__distance_to_geo_cluster_center_m,0.0029482591935772002
extra_trees,num__detail_effect_front_sum,0.002923328332283547
extra_trees,cat__kitchen_Kapalı,0.002922756078008441
extra_trees,num__attr_building_age_inverse,0.0029110668703559166
extra_trees,num__front_score,0.0027429254013136366
extra_trees,num__detail_effect_front_mean,0.0027390849217521027
extra_trees,cat__duplex_type_garden,0.0027326540340605653
extra_trees,cat__detail_konut_tipi_En Üst Kat,0.0027319237305709113
extra_trees,num__floor_num,0.002730958189813066
extra_trees,num__attr_is_new_building,0.002714947948318779
extra_trees,num__basiskele_premium_score,0.002709057153640325
extra_trees,cat__coast_distance_bucket_0_500,0.0026983581815212807
extra_trees,num__basiskele_detail_total_premium_signal,0.002694448839950749
extra_trees,num__floor_ratio,0.002688445242783903
extra_trees,num__attr_quality_x_demo_income,0.0026784157061254376
extra_trees,num__basiskele_lat_lon_interaction,0.002660834973441933
extra_trees,num__detail_effect_total_x_attr_quality,0.0026516246294734755
extra_trees,num__attr_effect_building_age_bucket,0.002597721750416975
extra_trees,num__detail_effect_total_sum,0.0025885288976204585
extra_trees,num__building_age,0.0025811540497588724
extra_trees,num__basiskele_premium_x_gross_m2,0.002579512442624068
extra_trees,num__attr_compact_home_x_quality,0.0025774262270771373
extra_trees,cat__detail_manzara_Deniz|Doğa|Şehir,0.00257023072751203
extra_trees,num__bearing_from_county_centroid_cos,0.002524824141904039
extra_trees,num__basiskele_premium_x_detail_outside,0.002488743506256425
extra_trees,num__location_baseline_vs_trend,0.0024800297652113066
extra_trees,num__detail_effect_outside_mean,0.0024697469071833017
extra_trees,num__attr_floor_ratio,0.002466720190556677
extra_trees,num__location_baseline_count,0.002462205909903441
extra_trees,num__detail_effect_district_total_sum,0.002448943736660329
extra_trees,cat__detail_cephe_Batı|Doğu|Güney,0.0024402162575906964
extra_trees,num__detail_effect_county_total_sum,0.0024323783727384835
extra_trees,num__distance_to_sahil_m,0.002404908567647101
extra_trees,num__large_home_basiskele_premium,0.002398727919575552
extra_trees,num__district_m2_group_rent_m2_count,0.0023646891868221356
extra_trees,num__is_garden_duplex,0.002344271190630836
extra_trees,num__detail_near_count,0.002343977453761612
extra_trees,num__basiskele_detail_subtype_premium_signal,0.002300122007124777
extra_trees,num__distance_to_yuvacik_m,0.002287627874645424
extra_trees,cat__room_count_4+1,0.0022856904961589463
extra_trees,num__is_new_building,0.002281351464084803
extra_trees,num__district_m2_group_rent_m2_median,0.0022804655155612284
extra_trees,num__large_home_site_x_m2,0.0022550779549132638
extra_trees,cat__detail_manzara_Deniz|Doğa|Park & Yeşil Alan|Şehir,0.0022452450844658023
extra_trees,cat__detail_cephe_Batı|Doğu|Güney|Kuzey,0.00220325272512848
extra_trees,cat__parking_Açık & Kapalı Otopark,0.0022021965615770366
extra_trees,num__detail_effect_subtype_mean,0.0021947578443576813
extra_trees,num__transport_score,0.0021645472484281654
extra_trees,cat__building_age_group_6-10 arası,0.002154279917650753
extra_trees,cat__duplex_x_site_quality_tier_nonduplex,0.002141786227509141
extra_trees,num__district_room_rent_m2_count,0.0021399524048866586
extra_trees,cat__usage_status_Kiracılı,0.002124892506723707
extra_trees,num__detail_effect_subtype_sum,0.0021195800173744077
extra_trees,cat__detail_konut_tipi_Ara Kat,0.0021145907013311303
extra_trees,num__location_baseline_log,0.0021143266443799493
extra_trees,num__location_baseline_m2,0.0020907462332295326
extra_trees,num__detail_effect_outside_sum,0.002073905851192819
extra_trees,cat__parking_Kapalı Otopark,0.0020733166620632024
extra_trees,cat__site_tier_x_district_mid__pasadag mh.,0.0020592836313228073
extra_trees,num__basiskele_premium_x_detail_view,0.0020315097557153865
extra_trees,num__nearby_score,0.0020092976659431554
extra_trees,cat__room_count_3+1,0.0020087842692810415
extra_trees,num__detail_effect_negative_count,0.0020059789842554357
extra_trees,cat__heating_Kombi (Doğalgaz),0.0020058066489014505
extra_trees,cat__parking_Açık Otopark,0.001980775388374741
extra_trees,num__lat_centered_city,0.0019795856953472957
extra_trees,num__site_security_score,0.0019766414770794245
extra_trees,num__basiskele_detail_outside_premium_signal,0.0019618983480116214
extra_trees,num__large_home_net_gross_quality,0.001956163517799662
extra_trees,num__inside_quality_score,0.001942196384842364
extra_trees,cat__detail_cephe_Doğu|Güney,0.001908635931527722
extra_trees,num__distance_to_basiskele_coast_m,0.0019056606643554563
extra_trees,num__distance_to_county_centroid_m,0.0018897639477024062
extra_trees,cat__m2_group_126-150,0.0018867825485383777
extra_trees,num__detail_effect_outside_x_attr_quality,0.0018805154442682027
extra_trees,cat__duplex_match_source_none,0.0018725505966321206
extra_trees,num__detail_effect_nearby_sum,0.0018621137264321845
extra_trees,num__detail_outside_count,0.0018617612767534099
extra_trees,num__detail_inside_count,0.0018609063151259714
extra_trees,num__distance_to_kullar_m,0.0018534428755001232
extra_trees,num__large_home_room_density,0.0018408736429247137
extra_trees,num__detail_effect_view_mean,0.0018362627413698023
extra_trees,cat__duplex_x_district_nonduplex,0.0018083586895854932
extra_trees,num__detail_effect_positive_count,0.0017913365032788645
extra_trees,num__detail_effect_nearby_mean,0.0017880361942832351
extra_trees,cat__detail_cephe_missing,0.0017793562176905994
extra_trees,num__lat_centered_county,0.0017751360968423415
extra_trees,num__distance_to_bahcecik_m,0.0017676227937763987
extra_trees,num__demo_age_25_34,0.0017553007525047354
extra_trees,num__lat,0.0017501919225515062
extra_trees,cat__building_age_group_31 ve üzeri,0.0017449942841875317
extra_trees,cat__site_id_bucket_x_district_b1__pasadag mh.,0.0017425598414786594
extra_trees,num__basiskele_district_premium_bucket_count,0.0017265950917637709
extra_trees,cat__basiskele_geo_cluster_Başiskele_4,0.0017245315093979588
extra_trees,num__detail_quality_score,0.001720095096886206
extra_trees,num__distance_to_izmit_center_m,0.0017163148899789645
extra_trees,num__basiskele_detail_view_premium_signal,0.0017055959180787132
extra_trees,cat__geo_cluster_city_city_3,0.0017016548832309662
extra_trees,num__detail_transport_count,0.0016939796297287609
extra_trees,num__attr_is_ground_or_below,0.0016855153648432676
extra_trees,num__estimated_rent_m2_gross,0.001683763263534568
extra_trees,cat__coast_distance_bucket_500_1000,0.0016831713726125467
extra_trees,num__bearing_from_county_centroid_sin,0.0016816170854725755
extra_trees,num__detail_view_count,0.0016809854572685367
extra_trees,num__view_score,0.0016769369174131365
extra_trees,cat__detail_konut_tipi_Dubleks|Bahçe Dubleksi,0.001670853015077303
extra_trees,cat__duplex_type_none,0.0016707794892593518
extra_trees,num__detail_effect_transport_mean,0.0016594699765175058
extra_trees,num__detail_selected_count,0.0016550238533924245
extra_trees,num__distance_to_karamursel_center_m,0.001643681225142543
extra_trees,num__location_quality_x_detail_effect_total,0.0016415681539900067
extra_trees,num__detail_effect_view_x_location_baseline,0.0016257113321141944
extra_trees,num__distance_to_coastline_m,0.0016158993340598265
extra_trees,num__detail_effect_view_sum,0.0016148131098915274
extra_trees,num__distance_to_golcuk_center_m,0.0015997134303222572
extra_trees,num__district_room_rent_m2_median,0.001594310408984643
extra_trees,num__basiskele_has_social_luxury_signal,0.0015849225665001865
extra_trees,num__distance_to_coastline_inv,0.0015816363117427937
extra_trees,num__basiskele_premium_bucket_mid,0.0015642511790530315
extra_trees,cat__geo_cluster_county_Başiskele_4,0.0015620488854948876
extra_trees,num__detail_effect_total_abs_sum,0.0015603289082441129
extra_trees,num__lon_centered_county,0.001546939225337469
extra_trees,num__detail_effect_transport_sum,0.0015313758255208986
extra_trees,num__outside_quality_score,0.0015296873091754355
extra_trees,cat__heating_Yerden Isıtma,0.0015251718331696106
extra_trees,num__lon_centered_city,0.001520269097927888
extra_trees,num__large_home_log_m2,0.0015174592474849716
extra_trees,num__accessibility_score,0.0015168735696041186
extra_trees,num__attr_large_home_x_quality,0.0015096298759398673
extra_trees,num__large_home_quality_x_m2,0.0014974121608844863
extra_trees,num__site_project_freq_bucket,0.0014882180146313223
extra_trees,cat__m2_group_101-125,0.0014851545512131268
extra_trees,cat__duplex_match_source_detail_and_title,0.0014784326729346674
extra_trees,num__attr_quality_x_district_median,0.0014752347382303397
extra_trees,num__detail_effect_used_count,0.001469897515329554
extra_trees,cat__detail_konut_tipi_missing,0.0014669324222901278
extra_trees,cat__duplex_match_source_detail,0.0014593798162298333
extra_trees,num__attr_building_age_score,0.001446258632187857
extra_trees,cat__detail_manzara_Doğa|Park & Yeşil Alan,0.0014441473396260565
extra_trees,num__detail_effect_level_code,0.0014430358224969979
extra_trees,cat__building_age_group_1,0.0014241288028982177
extra_trees,cat__coast_distance_bucket_1000_3000,0.0014238104414158303
extra_trees,num__lon,0.0013994906603845363
extra_trees,num__basiskele_has_view_signal,0.0013943188752266328
extra_trees,cat__detail_cephe_Batı|Güney,0.0013855803704772311
extra_trees,num__demo_density_vs_county,0.0013719462919702513
extra_trees,num__attr_heating_quality_score,0.0013669831744834902
extra_trees,num__attr_is_young_building,0.001359945779510492
extra_trees,cat__detail_konut_tipi_Çatı Dubleksi,0.0013457742208354282
extra_trees,cat__detail_cephe_Batı|Doğu|Kuzey,0.0013375894300481533
extra_trees,cat__m2_group_76-100,0.0013161371879817753
extra_trees,cat__duplex_x_site_quality_tier_duplex__unknown,0.0013146645541564357
extra_trees,cat__room_count_2+1,0.0013010455344004267
extra_trees,num__demo_population_density,0.001287386915953894
extra_trees,cat__detail_manzara_Şehir,0.0012868689748037599
extra_trees,cat__detail_manzara_missing,0.0012670763093208257
extra_trees,num__basiskele_site_premium_signal,0.001259559453663746
extra_trees,cat__detail_cephe_Doğu|Güney|Kuzey,0.0012575500613463855
extra_trees,num__is_large_flat,0.0012466921719449114
extra_trees,num__is_ground_floor,0.0012385505459868236
extra_trees,cat__geo_cluster_city_city_4,0.0012186697038778136
extra_trees,num__demo_education_doctorate_ratio,0.0012104452027946978
extra_trees,cat__geo_cluster_x_room_count_city_4||3+1,0.0012080385948144276
extra_trees,cat__duplex_type_standard,0.0011934164913268196
extra_trees,cat__detail_cephe_Doğu,0.001175309443870539
extra_trees,cat__site_project_id_yuvana_evleri,0.0011650360931237229
extra_trees,cat__detail_manzara_Doğa|Park & Yeşil Alan|Şehir,0.0011648585741548347
extra_trees,cat__m2_group_151-200,0.001162779784399951
extra_trees,num__large_home_m2_excess,0.0011593894728075217
extra_trees,cat__site_project_match_source_title,0.0011562875138927187
extra_trees,cat__demo_dominant_age_group_45-49,0.0011505415012073891
extra_trees,num__demo_age_45_54,0.0011471034524358345
extra_trees,cat__furnished_Hayır,0.0011465945408856808
extra_trees,num__basiskele_premium_bucket_low,0.0011388495147426731
extra_trees,cat__duplex_match_source_title,0.0011388186334375184
extra_trees,cat__basiskele_geo_cluster_x_m2_group_Başiskele_2||126-150,0.001137891281537207
extra_trees,num__demo_age_55_64,0.0011361223564516877
extra_trees,num__trend_sale_m2,0.0011355517261447505
extra_trees,cat__geo_cluster_x_room_count_city_6||3+1,0.0011327905355432877
extra_trees,num__rooms,0.0011283168585941366
extra_trees,cat__coast_distance_bucket_3000_plus,0.0011257676260047966
extra_trees,cat__geo_cluster_city_city_9,0.0011228299903470731
extra_trees,cat__geo_cluster_x_room_count_city_8||4+1,0.0011113639582516956
extra_trees,num__attr_is_mid_age_building,0.0010997442847494286
extra_trees,cat__site_id_bucket_x_district_b0__pasadag mh.,0.0010972322226206709
extra_trees,num__total_room_score,0.00109300432900044
extra_trees,num__attr_floor_quality_score,0.0010889730933373804
extra_trees,cat__basiskele_geo_cluster_x_m2_group_Başiskele_5||126-150,0.001087800214833338
extra_trees,num__site_project_listing_count,0.0010827312937469436
extra_trees,num__is_top_floor,0.0010727354801950556
extra_trees,num__basiskele_has_security_signal,0.0010673361757540573
extra_trees,num__known_premium_x_district_code,0.001064145445052365
extra_trees,num__is_standard_duplex,0.0010463545256313223
extra_trees,cat__floor_segment_En Üst Kat,0.0010387039893835189
extra_trees,num__has_site_x_site_inside,0.001037833960110913
extra_trees,cat__building_age_group_4,0.0010337239324809291
extra_trees,cat__large_home_x_site_project_id_bucket_lh__n1_2,0.0010206445635856703
extra_trees,num__distance_to_coast_x_site_inside,0.0010167970648364722
extra_trees,cat__building_age_group_5,0.0010050254089962213
extra_trees,num__attr_is_middle_floor,0.0010024835757049455
extra_trees,cat__floor_segment_Çatı,0.0010004972135906139
extra_trees,cat__site_project_id_zeray_korupark,0.0009999056402483146
extra_trees,num__site_project_known_premium_flag,0.0009964031693175939
extra_trees,cat__roof_duplex_x_floor_segment_roof__Ara Kat,0.0009795694232005595
extra_trees,num__basiskele_premium_x_district_target_median,0.0009754410857120134
extra_trees,cat__duplex_type_roof,0.0009663227172847494
extra_trees,num__basiskele_premium_x_site_inside,0.00096572729805275
extra_trees,num__trend_rent_m2,0.0009612718585556303
extra_trees,cat__detail_cephe_Batı|Doğu,0.0009503262414388682
extra_trees,num__county_room_count_target_median,0.0009411501779564814
extra_trees,num__attr_amenity_score,0.0009276722694489546
extra_trees,num__attr_is_top_floor,0.0009052375178649941
extra_trees,num__demo_widow_ratio,0.0009018069499704726
extra_trees,cat__site_id_bucket_x_district_b0__dongel mh.,0.0009011871770929936
extra_trees,cat__building_age_group_2,0.0008962069102664935
extra_trees,cat__roof_duplex_x_floor_segment_nonroof,0.0008900585552076198
extra_trees,cat__duplex_x_district_duplex__Körfez Mh.,0.0008890098334237186
extra_trees,cat__site_quality_tier_premium,0.0008880694899771528
extra_trees,cat__geo_cluster_county_Başiskele_5,0.0008853326214557734
extra_trees,num__site_project_oof_confidence,0.0008821215041798442
extra_trees,cat__site_id_bucket_x_district_b2__yesilyurt mh.,0.0008743473760276927
extra_trees,num__basiskele_distance_to_coast_x_quality,0.0008737814417803789
extra_trees,num__trend_listing_period_sale,0.000869847135307079
extra_trees,num__site_project_oof_count,0.0008654767444579884
extra_trees,num__demo_young_ratio,0.0008642937242850777
extra_trees,num__basiskele_premium_bucket_county_median,0.0008629071960027214
extra_trees,num__is_roof_duplex,0.0008627033759580405
extra_trees,cat__geo_cluster_x_room_count_city_4||2+1,0.0008615879259589691
extra_trees,num__district_rent_m2_iqr,0.0008601882614443053
extra_trees,cat__roof_duplex_x_floor_segment_roof__En Üst Kat,0.0008601704572425225
extra_trees,cat__site_project_match_source_site_name,0.0008577552262209315
extra_trees,cat__floor_segment_Bahçe,0.0008556921492469112
extra_trees,cat__basiskele_geo_cluster_Başiskele_5,0.0008530129188153685
extra_trees,cat__building_age_group_11-15 arası,0.0008509845455323256
extra_trees,cat__basiskele_geo_cluster_x_m2_group_Başiskele_2||101-125,0.0008488412646247381
extra_trees,cat__geo_cluster_county_Başiskele_2,0.0008399702874856411
extra_trees,cat__detail_konut_tipi_Bahçe Dubleksi,0.0008234722870125883
extra_trees,num__site_is_premium_tier,0.0008214594817507418
extra_trees,num__district_rent_m2_cv,0.0008087750713565441
extra_trees,num__demo_atm_per_10k,0.0008081943925300453
extra_trees,cat__geo_cluster_x_room_count_missing||3+1,0.0008047715705040884
extra_trees,num__detail_subtype_count,0.0008043057599000749
extra_trees,num__is_middle_floor,0.0008003249201565371
extra_trees,cat__basiskele_geo_cluster_Başiskele_2,0.0007988086602036896
extra_trees,cat__geo_cluster_x_room_count_city_11||3+1,0.0007868701629061058
extra_trees,cat__basiskele_geo_cluster_x_m2_group_Başiskele_0||76-100,0.0007818292907203036
extra_trees,cat__large_home_bucket_180_220,0.0007717532213912872
extra_trees,num__demo_young_ratio_diff_county,0.0007713558765518907
extra_trees,num__demo_age_0_14,0.0007679785991004268
extra_trees,num__basiskele_premium_bucket_county_mean,0.0007677014319106701
extra_trees,cat__basiskele_geo_cluster_x_m2_group_Başiskele_4||101-125,0.0007674350028542824
extra_trees,num__district_target_mean,0.0007570462401025989
extra_trees,num__distance_to_coast_x_near_sea_zero,0.0007562132350061162
extra_trees,cat__site_id_bucket_x_district_b1__fatih mah.,0.0007493800468782876
extra_trees,num__demo_divorced_ratio,0.0007485665689264963
extra_trees,cat__duplex_x_district_duplex__Serdar Mah.,0.0007407325306456479
extra_trees,num__demo_education_graduate_ratio,0.0007370283686650823
extra_trees,cat__furnished_Belirtilmemiş,0.0007360776216256224
extra_trees,cat__large_home_x_site_project_id_bucket_non_lh,0.0007288016256885381
extra_trees,num__trend_yield,0.0007275403109398196
extra_trees,num__demo_female_ratio,0.000719922379481814
extra_trees,cat__demo_dominant_age_group_40-44,0.0007191119574661539
extra_trees,cat__geo_cluster_city_city_6,0.0007184717718900522
extra_trees,cat__building_age_group_0 (Yapım Aşamasında),0.0007165243932159354
extra_trees,cat__site_project_id_missing,0.0007151260385890264
extra_trees,cat__detail_cephe_Güney|Kuzey,0.0007142877655742452
extra_trees,cat__basiskele_geo_cluster_Başiskele_3,0.0007125700530989372
extra_trees,num__has_site_project_id,0.000704414011951413
extra_trees,num__demo_age_65_plus,0.0007006058570539097
extra_trees,cat__site_id_bucket_x_district_b3__pasadag mh.,0.0006956186036404937
extra_trees,cat__detail_manzara_Doğa,0.000694302099458647
extra_trees,cat__site_project_match_source_missing,0.0006798957855837373
extra_trees,cat__basiskele_geo_cluster_x_m2_group_Başiskele_2||151-200,0.0006764894708184525
extra_trees,num__demo_residential_density,0.0006741380676140465
extra_trees,cat__basiskele_geo_cluster_x_m2_group_Başiskele_0||151-200,0.0006727241460914016
extra_trees,num__district_target_median,0.000672060652427311
extra_trees,cat__district_Döngel Mh.,0.0006651870018632314
extra_trees,cat__detail_konut_tipi_Dubleks,0.0006603729429291111
extra_trees,cat__basiskele_geo_cluster_x_m2_group_Başiskele_5||151-200,0.0006575138473055212
extra_trees,num__demo_education_high_school_ratio,0.000652973831961714
extra_trees,cat__geo_cluster_x_room_count_city_8||3+1,0.0006479789386701049
extra_trees,cat__detail_manzara_Doğa|Şehir,0.0006470350311685892
extra_trees,cat__geo_cluster_city_city_11,0.0006372685065307366
extra_trees,cat__site_tier_x_district_unknown__dongel mh.,0.0006339678610084221
extra_trees,cat__basiskele_geo_cluster_Başiskele_0,0.0006324816115522265
extra_trees,cat__duplex_x_district_duplex__Barbaros Mah.,0.000629301426799168
extra_trees,cat__detail_cephe_Batı|Kuzey,0.0006275045369731278
extra_trees,num__demo_household_size,0.0006253128025844225
extra_trees,num__demo_age_15_24,0.0006242004090965165
extra_trees,cat__geo_cluster_city_city_1,0.0006201457233753669
extra_trees,num__demo_male_ratio,0.000618161061371309
extra_trees,num__demo_ses_d_ratio,0.0006176985440781125
extra_trees,cat__geo_cluster_county_Başiskele_3,0.0006176789700171724
extra_trees,num__demo_workplace_density,0.0006150599989924355
extra_trees,num__duplex_x_site_inside,0.0006114617017109585
extra_trees,cat__site_id_bucket_x_district_b0__seymen mah.,0.000605023899773908
extra_trees,num__demo_education_unknown_ratio,0.0005984392065174788
extra_trees,cat__geo_cluster_x_room_count_city_11||2+1,0.0005944906870779935
extra_trees,num__trend_price_change_sale,0.0005943879592531181
extra_trees,cat__geo_cluster_city_city_8,0.0005910080533958757
extra_trees,num__trend_count_rent,0.0005859912812908573
extra_trees,num__district_rent_m2_count,0.0005847196812624059
extra_trees,num__demo_education_middle_school_ratio,0.0005810582236718798
extra_trees,num__demo_pharmacy_count,0.0005788663870033001
extra_trees,num__demo_married_ratio,0.0005783764078341576
extra_trees,num__trend_sale_annual_change,0.0005736325474354958
extra_trees,num__demo_pharmacy_per_10k,0.0005736159252472474
extra_trees,num__basiskele_premium_x_large_home,0.0005653972667071515
extra_trees,num__district_rent_m2_median,0.0005653615438475984
extra_trees,cat__basiskele_geo_cluster_x_m2_group_Başiskele_4||126-150,0.0005587015269210731
extra_trees,num__demo_income_vs_county,0.0005586229600212443
extra_trees,cat__site_id_bucket_x_district_b2__pasadag mh.,0.0005509232972934041
extra_trees,num__attr_has_natural_gas_heating,0.0005471633646448054
extra_trees,cat__floor_segment_Ara Kat,0.0005456180665449453
extra_trees,cat__geo_cluster_county_Başiskele_0,0.0005455403548628791
extra_trees,cat__site_tier_x_district_mid__fatih mah.,0.0005371810213192816
extra_trees,num__trend_count_sale,0.0005352676344926807
extra_trees,cat__geo_cluster_x_room_count_city_6||2+1,0.0005312778853931557
extra_trees,cat__site_quality_tier_mid,0.0005290473877596248
extra_trees,num__demo_ses_a_plus_ratio,0.0005249941364460937
extra_trees,cat__large_home_bucket_lt180,0.0005221591959174457
extra_trees,cat__site_tier_x_district_unknown__fatih mah.,0.0005148414938221782
extra_trees,cat__detail_manzara_Park & Yeşil Alan|Şehir,0.0005145688850511762
extra_trees,cat__site_tier_x_district_unknown__pasadag mh.,0.0005118736810281804
extra_trees,cat__geo_cluster_x_room_count_city_4||4+1,0.0005116418126562108
extra_trees,num__demo_old_ratio_diff_county,0.0005114245811713072
extra_trees,num__demo_vehicle_per_capita,0.0005106234960802109
extra_trees,num__attr_effect_site_inside,0.0005106128212886662
extra_trees,cat__detail_manzara_Deniz|Park & Yeşil Alan|Şehir,0.0005099950576340823
extra_trees,num__demo_ses_cd_diff_county,0.000508415805220029
extra_trees,cat__basiskele_geo_cluster_x_m2_group_Başiskele_0||101-125,0.000507991469089263
extra_trees,cat__basiskele_geo_cluster_x_m2_group_Başiskele_3||101-125,0.000503950061929177
extra_trees,cat__demo_dominant_age_group_30-34,0.0005031632170325381
extra_trees,cat__site_id_bucket_x_district_b0__altinkent mh.,0.0004996444734120354
extra_trees,num__demo_ses_cd_ratio,0.0004991837688692512
extra_trees,cat__site_id_bucket_x_district_b4__fatih mah.,0.0004980948708874129
extra_trees,cat__geo_cluster_x_room_count_city_0||3+1,0.0004936969621493677
extra_trees,cat__site_id_bucket_x_district_b0__fatih mah.,0.0004930038088347163
extra_trees,num__demo_atm_count,0.000492563216461559
extra_trees,cat__detail_cephe_Doğu|Kuzey,0.0004888962135136926
extra_trees,cat__basiskele_geo_cluster_x_m2_group_Başiskele_3||76-100,0.00047546095884524336
extra_trees,cat__site_inside_Hayır,0.0004738158301038365
extra_trees,num__is_large_home,0.00047282595849419223
extra_trees,num__demo_car_per_capita,0.00047175051023754324
extra_trees,cat__geo_cluster_x_room_count_city_1||3+1,0.00047009584438511203
extra_trees,cat__m2_group_200+,0.00046868022152396065
extra_trees,num__demo_old_ratio,0.00046579366433631024
extra_trees,cat__geo_cluster_city_city_0,0.0004653632426190826
extra_trees,cat__detail_manzara_Deniz|Doğa,0.00046435042037122826
extra_trees,num__basiskele_premium_bucket_high,0.00046177799682574214
extra_trees,num__demo_ses_ab_diff_county,0.00046151873733849946
extra_trees,cat__site_tier_x_district_unknown__korfez mh.,0.00045848239940642836
extra_trees,cat__geo_cluster_county_Başiskele_1,0.0004582282218840831
extra_trees,num__demo_ses_a_ratio,0.00045548663462097676
extra_trees,cat__basiskele_geo_cluster_x_m2_group_Başiskele_3||151-200,0.00045533533637426743
extra_trees,num__site_is_mid_tier,0.0004552357040057172
extra_trees,cat__large_home_x_site_project_id_bucket_lh__n3_9,0.00045332639977225023
extra_trees,cat__site_project_id_zeray_gunesi,0.0004515365719275932
extra_trees,cat__detail_manzara_Deniz,0.00045121732646807703
extra_trees,cat__basiskele_geo_cluster_x_m2_group_other||101-125,0.00044553839055265927
extra_trees,cat__site_inside_Evet,0.0004421216224930626
extra_trees,cat__detail_cephe_Güney,0.0004412924740578674
extra_trees,cat__site_id_bucket_x_district_b0__yesilyurt mh.,0.0004397003987406648
extra_trees,num__demo_high_school_diff_county,0.00043914010394841045
extra_trees,num__demo_education_primary_school_ratio,0.00043883357779183783
extra_trees,cat__detail_cephe_Kuzey,0.0004373374028688335
extra_trees,num__is_old_building,0.0004307970607916326
extra_trees,cat__duplex_x_district_duplex__Altınkent Mh.,0.0004307647526972051
extra_trees,num__demo_ses_b_ratio,0.00042975191803459347
extra_trees,num__demo_residential_count,0.0004285279621626106
extra_trees,cat__site_id_bucket_x_district_b0__kullar yakacik mh.,0.0004282712834787245
extra_trees,cat__building_age_group_3,0.00042090596989031987
extra_trees,num__demo_education_primary_education_ratio,0.000420681416448353
extra_trees,num__demo_age_35_44,0.00042014303016916517
extra_trees,cat__basiskele_geo_cluster_x_m2_group_Başiskele_4||151-200,0.000417796162723055
extra_trees,cat__geo_cluster_x_room_count_city_3||3+1,0.0004157841645872459
extra_trees,cat__site_id_bucket_x_district_b0__barbaros mah.,0.00041490035395848476
extra_trees,num__district_rent_m2_mean,0.00041286725642299387
extra_trees,num__demo_age_25_34_count,0.0004112733033027174
extra_trees,cat__basiskele_geo_cluster_x_m2_group_Başiskele_3||126-150,0.00040914044547571616
extra_trees,num__demo_ses_ab_ratio,0.000407494036731242
extra_trees,num__demo_ses_c_ratio,0.00040733988963218503
extra_trees,num__demo_middle_ratio,0.00040578502792184044
extra_trees,cat__detail_cephe_Batı|Güney|Kuzey,0.0004016110929541005
extra_trees,cat__geo_cluster_x_room_count_city_3||2+1,0.00040055084975870964
extra_trees,cat__geo_cluster_x_room_count_city_10||3+1,0.00039813743048586187
extra_trees,num__site_tier_code,0.0003966511951835775
extra_trees,cat__basiskele_geo_cluster_x_m2_group_Başiskele_2||76-100,0.0003949591631060612
extra_trees,num__demo_education_doctorate_count,0.00039201175222085857
extra_trees,cat__site_project_id_zeray_perla,0.0003871055272586389
extra_trees,num__demo_per_capita_income_try,0.000386586141416738
extra_trees,cat__room_count_1+1,0.00038570008928024297
extra_trees,num__demo_workplace_count,0.00037854055979490836
extra_trees,num__attr_is_site_inside,0.00037651641805850337
extra_trees,num__demo_ses_c_count,0.00037388179168118947
extra_trees,num__demo_single_ratio,0.0003714679865387732
extra_trees,num__site_tier_x_coast_inv,0.0003708146867714977
extra_trees,cat__detail_manzara_Deniz|Park & Yeşil Alan,0.00036830797173789193
extra_trees,cat__site_id_bucket_x_district_b0__korfez mh.,0.00036778093911209343
extra_trees,cat__geo_cluster_x_room_count_missing||2+1,0.0003659669550445748
extra_trees,cat__district_Körfez Mh.,0.0003612403565445649
extra_trees,cat__large_home_bucket_220_280,0.00035282506818066584
extra_trees,cat__site_id_bucket_x_district_b0__serdar mah.,0.00034812971912613025
extra_trees,cat__roof_duplex_x_floor_segment_roof__Çatı,0.00034447063575494835
extra_trees,num__demo_education_university_count,0.0003434770042780809
extra_trees,cat__demo_dominant_education_Lise,0.00034262158356738017
extra_trees,cat__site_id_bucket_x_district_b1__dongel mh.,0.0003395712245690454
extra_trees,cat__duplex_x_district_duplex__Paşadağ Mh.,0.00033798336848763746
extra_trees,cat__detail_cephe_Batı,0.00033747960905529335
extra_trees,cat__basiskele_geo_cluster_x_m2_group_other||76-100,0.00033669932504592733
extra_trees,cat__large_home_x_site_project_id_bucket_lh__n10_29,0.00032997972074428147
extra_trees,num__demo_household_income_vs_county,0.0003259347474662512
extra_trees,num__demo_education_high_school_count,0.0003117102482238085
extra_trees,num__demo_old_count,0.00030493062533622976
extra_trees,cat__basiskele_geo_cluster_x_m2_group_Başiskele_4||200+,0.00030420398800077696
extra_trees,num__demo_household_count,0.00030234211653460893
extra_trees,num__demo_vehicle_count,0.00030100547862570653
extra_trees,cat__detail_konut_tipi_Ters Dubleks,0.0002971184831506161
extra_trees,cat__basiskele_geo_cluster_x_m2_group_Başiskele_0||200+,0.0002909333337658467
extra_trees,num__demo_education_university_ratio,0.0002893840690832307
extra_trees,cat__rent_feature_level_district_room,0.00028794042105901007
extra_trees,num__demo_widow_count,0.00028740605953091777
extra_trees,num__demo_age_65_plus_count,0.00028576675867153506
extra_trees,num__demo_ses_a_count,0.00028547353359024166
extra_trees,cat__basiskele_geo_cluster_Başiskele_1,0.00028534970744397017
extra_trees,cat__detail_manzara_Park & Yeşil Alan,0.0002846648783044342
extra_trees,num__demo_age_0_14_count,0.00028446622210369225
extra_trees,cat__demo_dominant_age_group_5-9,0.00028398616219336655
extra_trees,num__demo_population_male,0.0002729425511137643
extra_trees,num__demo_population_total,0.0002704354142136298
extra_trees,cat__duplex_x_district_duplex__Fatih Mah.,0.0002650471651778719
extra_trees,cat__basiskele_geo_cluster_x_m2_group_other||151-200,0.0002649851861579931
extra_trees,num__demo_ses_b_count,0.0002645367063621781
extra_trees,num__demo_young_count,0.00026348253570319014
extra_trees,num__demo_divorced_count,0.00026146650127810634
extra_trees,num__demo_education_graduate_count,0.0002607858562634501
extra_trees,num__demo_age_35_44_count,0.00025965849107232095
extra_trees,cat__basiskele_geo_cluster_x_m2_group_Başiskele_5||101-125,0.0002576286235222514
extra_trees,cat__site_id_bucket_x_district_b0__atakent mah.,0.000255629548967406
extra_trees,cat__site_quality_tier_unknown,0.0002552803161372967
extra_trees,cat__site_tier_x_district_unknown__barbaros mah.,0.0002477037723169532
extra_trees,cat__basiskele_geo_cluster_x_m2_group_Başiskele_1||126-150,0.0002469761508040522
extra_trees,cat__geo_cluster_city_city_10,0.0002464985846436184
extra_trees,num__demo_university_diff_county,0.0002455331795114879
extra_trees,num__demo_middle_count,0.0002422765901540513
extra_trees,num__demo_never_married_count,0.0002421728720053193
extra_trees,num__demo_household_income_try,0.0002412448965664333
extra_trees,cat__site_id_bucket_x_district_b1__yesilyurt mh.,0.0002393073440207194
extra_trees,num__demo_married_count,0.00023854694763352134
extra_trees,num__demo_ses_a_plus_count,0.00023818368241728576
extra_trees,num__demo_education_primary_school_count,0.00023618589265267376
extra_trees,cat__site_project_id_villa_liva,0.00023466861523096976
extra_trees,cat__basiskele_geo_cluster_x_m2_group_Başiskele_4||76-100,0.000231777643922632
extra_trees,cat__detail_konut_tipi_Dubleks|Çatı Dubleksi,0.00022952821575096882
extra_trees,cat__site_tier_x_district_unknown__yesilyurt mh.,0.00022652160311589732
extra_trees,cat__duplex_x_site_quality_tier_duplex__mid,0.0002250031848161982
extra_trees,cat__basiskele_geo_cluster_x_m2_group_other||126-150,0.0002219234760756549
extra_trees,num__demo_car_count,0.00022088171087841207
extra_trees,num__demo_education_middle_school_count,0.00022009631174553762
extra_trees,cat__basiskele_geo_cluster_x_m2_group_Başiskele_0||126-150,0.00021946971969732333
extra_trees,cat__district_Fatih Mah.,0.00021827606250625722
extra_trees,num__demo_age_15_24_count,0.0002182689062531994
extra_trees,cat__district_Paşadağ Mh.,0.00021721777196412133
extra_trees,cat__basiskele_geo_cluster_x_m2_group_Başiskele_1||0-75,0.00021660814355103702
extra_trees,cat__site_id_bucket_x_district_b0__aydinkent mh.,0.0002137886865694859
extra_trees,num__canonical_count_x_large_home,0.0002109031123081448
extra_trees,cat__site_id_bucket_x_district_b3__fatih mah.,0.00020862664547304289
extra_trees,cat__geo_cluster_city_city_5,0.00020823255045060278
extra_trees,cat__site_project_id_ustgrup_lifeside,0.00020770516045058116
extra_trees,num__demo_education_total,0.00020730852786534447
extra_trees,num__demo_population_female,0.00020711644037801568
extra_trees,cat__furnished_Evet,0.00020448162781500415
extra_trees,cat__duplex_x_district_duplex__Yeşilyurt Mh.,0.00020193428592888443
extra_trees,num__attr_has_premium_heating,0.00019879885075404688
extra_trees,num__demo_age_45_54_count,0.00019821852594460645
extra_trees,cat__basiskele_geo_cluster_x_m2_group_Başiskele_5||76-100,0.00019812268818628187
extra_trees,cat__site_project_id_bulvar,0.00019288914067008703
extra_trees,cat__demo_dominant_education_Lisans,0.00018996943511121625
extra_trees,cat__site_id_bucket_x_district_b2__fatih mah.,0.00018934932359681103
extra_trees,num__site_tier_x_large_home,0.0001860566866589909
extra_trees,cat__geo_cluster_x_room_count_city_2||3+1,0.00018595998851916618
extra_trees,num__demo_age_55_64_count,0.00018317334663321325
extra_trees,cat__geo_cluster_x_room_count_city_5||2+1,0.00018097859793699607
extra_trees,num__attr_effect_heating_quality_bucket,0.00017792463979984422
extra_trees,cat__site_project_id_egimsiz,0.00017773729778206078
extra_trees,cat__balcony_Yok,0.00017543628463091013
extra_trees,cat__district_Altınkent Mh.,0.00017453457593534006
extra_trees,cat__district_Barbaros Mah.,0.0001726637388389496
extra_trees,cat__detail_konut_tipi_En Üst Kat|Çatı Dubleksi,0.00016941913168055003
extra_trees,cat__geo_cluster_x_room_count_city_2||1+1,0.0001690671686845941
extra_trees,cat__duplex_x_district_duplex__Kullar Yakacık Mh.,0.00016530443509396556
extra_trees,cat__site_tier_x_district_premium__yesilyurt mh.,0.00016452937443873337
extra_trees,num__demo_ses_d_count,0.00015590331960163678
extra_trees,num__attr_is_furnished,0.00015322048018609954
extra_trees,cat__site_project_id_twinkle_life,0.0001469228436430908
extra_trees,cat__detail_manzara_Havuz|Park & Yeşil Alan,0.0001438433914883443
extra_trees,cat__site_id_bucket_x_district_b2__yaylacik mh.,0.00014327009891361745
extra_trees,cat__geo_cluster_city_city_2,0.00014063507964025648
extra_trees,cat__site_id_bucket_x_district_b4__pasadag mh.,0.0001373770490579622
extra_trees,cat__site_tier_x_district_unknown__serdar mah.,0.00013693706971986642
extra_trees,cat__geo_cluster_x_room_count_city_3||1+1,0.00013670612901418223
extra_trees,cat__geo_cluster_x_room_count_city_3||4+1,0.0001356325077616123
extra_trees,cat__detail_konut_tipi_Dubleks|En Üst Kat|Çatı Dubleksi,0.00013439008675149465
extra_trees,cat__site_project_id_bahcekent_konutlari,0.000130505620175426
extra_trees,cat__site_tier_x_district_mid__yesilyurt mh.,0.00012810671422072345
extra_trees,cat__district_Yeşilyurt Mh.,0.00012188545399125343
extra_trees,cat__district_Serdar Mah.,0.00011990796127790941
extra_trees,cat__geo_cluster_x_room_count_city_1||2+1,0.00011985429814424908
extra_trees,num__attr_has_balcony,0.00011619055985541218
extra_trees,cat__rent_feature_level_district_m2_group,0.0001160882934203067
extra_trees,cat__district_Atakent Mah.,0.0001159241987396154
extra_trees,cat__detail_manzara_Doğa|Havuz|Park & Yeşil Alan,0.0001150980138679347
extra_trees,cat__geo_cluster_x_room_count_city_2||4+1,0.00011352973239183325
extra_trees,num__coast_distance_bucket_code,0.00011343683706435502
extra_trees,cat__site_id_bucket_x_district_b1__korfez mh.,0.00011175350577210108
extra_trees,cat__duplex_x_district_duplex__Döngel Mh.,0.00011041644542833892
extra_trees,cat__site_tier_x_district_unknown__altinkent mh.,0.0001079586960606828
extra_trees,cat__site_tier_x_district_unknown__atakent mah.,0.00010673160149205314
extra_trees,cat__balcony_Var,0.00010541366720086749
extra_trees,cat__location_precision_exact_map,0.00010374015909717405
extra_trees,cat__geo_cluster_x_room_count_city_9||2+1,0.0001034853182821259
extra_trees,cat__duplex_x_district_duplex__Aydınkent Mh.,0.00010340388120968369
extra_trees,cat__district_Mahmutpaşa Mh.,0.0001022414787881941
extra_trees,cat__location_source_missing,0.00010098410789379899
extra_trees,num__attr_is_old_building,9.951848221191297e-05
extra_trees,num__attr_old_building_x_no_elevator,9.871277957960072e-05
extra_trees,cat__site_id_bucket_x_district_b0__yenikoy merkez mh.,9.808615097608146e-05
extra_trees,cat__duplex_x_district_duplex__Seymen Mah.,9.798157566831542e-05
extra_trees,cat__basiskele_geo_cluster_x_m2_group_Başiskele_5||0-75,9.75276145975877e-05
extra_trees,cat__geo_cluster_x_room_count_city_5||3+1,9.663624395865085e-05
extra_trees,cat__duplex_x_district_duplex__Yaylacık Mh.,9.562245642848595e-05
extra_trees,cat__basiskele_geo_cluster_other,9.502713319052446e-05
extra_trees,num__geo_context_has_approx_location,9.475505484033374e-05
extra_trees,num__geo_context_missing,9.425859110328349e-05
extra_trees,cat__detail_manzara_Deniz|Doğa|Park & Yeşil Alan,9.204492610397782e-05
extra_trees,cat__detail_manzara_Deniz|Şehir,9.151676951540234e-05
extra_trees,cat__site_tier_x_district_unknown__mahmutpasa mh.,9.120391964456613e-05
extra_trees,cat__duplex_x_site_quality_tier_duplex__premium,9.045580702469441e-05
extra_trees,cat__site_tier_x_district_unknown__seymen mah.,8.931493289799637e-05
extra_trees,num__location_precision_exact,8.902044362866748e-05
extra_trees,num__attr_has_parking,8.532111820240863e-05
extra_trees,cat__geo_cluster_county_other,8.522945466269892e-05
extra_trees,cat__district_Kullar Yakacık Mh.,8.425131811868109e-05
extra_trees,cat__location_precision_missing,8.25613540164535e-05
extra_trees,num__has_lat_lon,8.197440313873161e-05
extra_trees,cat__site_id_bucket_x_district_b2__dongel mh.,8.118990661170404e-05
extra_trees,num__location_backfill_ok,8.11227794995429e-05
extra_trees,cat__coast_distance_bucket_missing,8.005540127783693e-05
extra_trees,num__location_backfill_listing_removed,7.87047445464616e-05
extra_trees,num__attr_effect_parking,7.765747576845408e-05
extra_trees,num__geo_context_has_exact_location,7.733084941589506e-05
extra_trees,cat__basiskele_geo_cluster_x_m2_group_Başiskele_3||200+,7.642902658885918e-05
extra_trees,cat__site_id_bucket_x_district_b1__kullar tepecik mh.,7.633869123735254e-05
extra_trees,cat__site_tier_x_district_unknown__aydinkent mh.,7.58710357190118e-05
extra_trees,cat__site_project_id_ritim_vadi_evleri,7.571593719735264e-05
extra_trees,cat__demo_dominant_age_group_65+,7.350051613936149e-05
extra_trees,cat__geo_cluster_city_missing,6.931588387342201e-05
extra_trees,cat__site_id_bucket_x_district_b1__barbaros mah.,6.829408046532069e-05
extra_trees,cat__geo_cluster_x_room_count_city_0||2+1,6.65324839961549e-05
extra_trees,cat__district_Seymen Mah.,6.584030831745642e-05
extra_trees,num__location_source_data_attr_map,6.540904551963789e-05
extra_trees,cat__geo_cluster_x_room_count_missing||4+1,6.376959162058597e-05
extra_trees,cat__basiskele_geo_cluster_x_m2_group_Başiskele_2||200+,6.359086103976876e-05
extra_trees,cat__parking_Yok,6.357215487343612e-05
extra_trees,num__location_quality_score,6.285548503556524e-05
extra_trees,cat__duplex_x_district_duplex__Kullar Tepecik Mh.,6.218856007570928e-05
extra_trees,num__duplex_source_conflict,6.207082108200742e-05
extra_trees,cat__geo_cluster_x_room_count_city_8||2+1,6.059312374814742e-05
extra_trees,num__attr_has_poor_heating,5.9906262976347105e-05
extra_trees,cat__basiskele_geo_cluster_x_m2_group_Başiskele_1||101-125,5.982912009891563e-05
extra_trees,cat__site_project_id_mahall_yuvacik_2,5.855821657928931e-05
extra_trees,num__location_precision_missing,5.843596293748765e-05
extra_trees,num__demo_bank_per_10k,5.843346959270032e-05
extra_trees,cat__location_source_data_attr_map,5.7863950237012636e-05
extra_trees,cat__site_tier_x_district_premium__fatih mah.,5.750461250603386e-05
extra_trees,cat__demo_dominant_age_group_25-29,5.569483791272283e-05
extra_trees,cat__district_Damlar Mah.,5.444105113277056e-05
extra_trees,cat__building_age_group_16-20 arası,5.423208921471623e-05
extra_trees,cat__geo_cluster_city_city_7,5.358314648206657e-05
extra_trees,cat__geo_cluster_x_room_count_city_6||4+1,5.30211691347771e-05
extra_trees,num__demo_bank_count,5.2147582930393653e-05
extra_trees,cat__rent_feature_level_district,5.012144057189575e-05
extra_trees,cat__geo_cluster_x_room_count_missing||1+1,5.0119559855839564e-05
extra_trees,cat__site_tier_x_district_unknown__yaylacik mh.,4.8800188774907456e-05
extra_trees,cat__basiskele_geo_cluster_x_m2_group_Başiskele_1||151-200,4.745088668612449e-05
extra_trees,cat__site_id_bucket_x_district_b0__mahmutpasa mh.,4.698633926777057e-05
extra_trees,cat__basiskele_geo_cluster_x_m2_group_Başiskele_1||76-100,4.58417376776247e-05
extra_trees,cat__building_age_group_21-25 arası,4.505060956197778e-05
extra_trees,cat__basiskele_geo_cluster_x_m2_group_Başiskele_3||0-75,4.4820262128848854e-05
extra_trees,cat__geo_cluster_x_room_count_city_11||4+1,4.4668375698981724e-05
extra_trees,num__demo_education_non_literate_ratio,4.050696970955051e-05
extra_trees,cat__duplex_match_source_conflict_detail_wins,3.9394401074670325e-05
extra_trees,cat__site_tier_x_district_unknown__kullar yakacik mh.,3.8411073460272095e-05
extra_trees,cat__duplex_x_district_duplex__Atakent Mah.,3.748112270240672e-05
extra_trees,cat__detail_konut_tipi_Ara Kat|Çatı Dubleksi,3.741407009144217e-05
extra_trees,cat__site_project_id_oluklu_life,3.6902670068692725e-05
extra_trees,cat__geo_cluster_x_room_count_city_2||2+1,3.6308756303741055e-05
extra_trees,cat__site_id_bucket_x_district_b1__atakent mah.,3.626338173210488e-05
extra_trees,cat__heating_Yok,3.53276366153963e-05
extra_trees,cat__site_project_id_teras_marmara,3.506800734093935e-05
extra_trees,cat__building_age_group_26-30 arası,3.402898038685619e-05
extra_trees,cat__site_project_id_ust_park_atakent,3.3508138811921794e-05
extra_trees,cat__site_id_bucket_x_district_b3__yesilyurt mh.,3.344252920806831e-05
extra_trees,cat__site_project_id_sembol_kent,3.339155804944508e-05
extra_trees,cat__heating_Merkezi (Pay Ölçer),3.247841964611767e-05
extra_trees,num__duplex_x_site_project_known_premium,3.207332858644097e-05
extra_trees,cat__duplex_x_district_duplex__Yeniköy Merkez Mh.,3.1617669992855235e-05
extra_trees,cat__geo_cluster_x_room_count_city_1||4+1,3.1572111259540645e-05
extra_trees,cat__site_id_bucket_x_district_b2__barbaros mah.,3.068432591382206e-05
extra_trees,cat__geo_cluster_x_room_count_city_7||3+1,3.005631539737655e-05
extra_trees,cat__district_Yaylacık Mh.,2.606049940587984e-05
extra_trees,cat__site_project_id_mamik_reform,2.530417908950055e-05
extra_trees,cat__site_id_bucket_x_district_b0__kullar tepecik mh.,2.4721836133817514e-05
extra_trees,cat__heating_Kat Kaloriferi,2.4345914158190815e-05
extra_trees,cat__detail_manzara_Havuz|Park & Yeşil Alan|Şehir,2.3902093378148722e-05
extra_trees,cat__room_count_5+1,2.384942244877351e-05
extra_trees,cat__geo_cluster_x_room_count_city_0||4+1,2.3828756223676804e-05
extra_trees,cat__basiskele_geo_cluster_x_m2_group_Başiskele_0||0-75,2.3625443575407086e-05
extra_trees,cat__detail_manzara_Doğa|Havuz|Park & Yeşil Alan|Şehir,2.2876358879953654e-05
extra_trees,cat__site_id_bucket_x_district_b0__yaylacik mh.,2.0240487636581233e-05
extra_trees,cat__site_id_bucket_x_district_b0__karsiyaka mh.,1.7547740266769318e-05
extra_trees,cat__district_Aydınkent Mh.,1.6985623619992883e-05
extra_trees,cat__site_project_id_orka_life,1.6875282043137763e-05
extra_trees,cat__site_project_id_parla_100_yil,1.6599553976878555e-05
extra_trees,cat__building_age_group_missing,1.5749018423211064e-05
extra_trees,cat__site_id_bucket_x_district_b3__altinkent mh.,1.569907635196621e-05
extra_trees,cat__geo_cluster_x_room_count_city_8||1+1,1.533575968206802e-05
extra_trees,cat__basiskele_geo_cluster_x_m2_group_Başiskele_2||0-75,1.5240663734397864e-05
extra_trees,cat__site_id_bucket_x_district_b1__mahmutpasa mh.,1.5122691224631986e-05
extra_trees,cat__site_project_id_altin_vadi,1.4488982428703268e-05
extra_trees,cat__detail_manzara_Deniz|Doğa|Havuz|Park & Yeşil Alan|Şehir,1.4467659194169643e-05
extra_trees,cat__room_count_4.5+1,1.4334032253768889e-05
extra_trees,cat__geo_cluster_x_room_count_city_10||4+1,1.3189863075764554e-05
extra_trees,cat__site_project_id_basiskele_de_havuzlu,1.2123784787344745e-05
extra_trees,cat__basiskele_geo_cluster_x_m2_group_Başiskele_4||0-75,1.1990468515193007e-05
extra_trees,cat__geo_cluster_x_room_count_city_7||4+1,1.1156634966410527e-05
extra_trees,cat__geo_cluster_x_room_count_city_10||2+1,1.1017710018904485e-05
extra_trees,cat__site_tier_x_district_unknown__yenikoy merkez mh.,1.0998139526918111e-05
extra_trees,cat__geo_cluster_x_room_count_city_4||1+1,1.0897397818911945e-05
extra_trees,cat__site_tier_x_district_unknown__kullar tepecik mh.,1.083314367071879e-05
extra_trees,cat__site_project_id_elitium_trio,1.0569323328771581e-05
extra_trees,cat__geo_cluster_x_room_count_city_1||1+1,1.0442143510675453e-05
extra_trees,cat__site_project_id_orka_life_2,1.029249024777255e-05
extra_trees,cat__site_tier_x_district_premium__mahmutpasa mh.,1.0141080370931578e-05
extra_trees,cat__site_id_bucket_x_district_b1__yaylacik mh.,9.592608752132538e-06
extra_trees,cat__site_project_id_ust_park_yuvacik,9.58003156979332e-06
extra_trees,cat__site_id_bucket_x_district_b1__yenikoy merkez mh.,9.309226689365304e-06
extra_trees,cat__site_project_id_royal_life,9.249669610145427e-06
extra_trees,cat__duplex_x_district_duplex__Mahmutpaşa Mh.,8.856340240259938e-06
extra_trees,cat__demo_dominant_marital_status_missing,8.69982288054413e-06
extra_trees,cat__site_tier_x_district_premium__bahcecik kilicaslan mh.,8.66176444151315e-06
extra_trees,cat__site_project_id_my_yaka,8.563809030380967e-06
extra_trees,cat__site_project_id_basiskele_de,8.496747257813678e-06
extra_trees,cat__site_id_bucket_x_district_b0__bahcecik kilicaslan mh.,8.21171352719085e-06
extra_trees,cat__geo_cluster_x_room_count_city_5||4+1,8.128317083053672e-06
extra_trees,cat__district_Bahçecik Kılıçaslan Mh.,7.90852279911873e-06
extra_trees,cat__detail_konut_tipi_Bahçe Dubleksi|Ters Dubleks,7.888928659610553e-06
extra_trees,cat__site_project_id_emar_delux_yuvacik,7.807596873652123e-06
extra_trees,cat__demo_dominant_marital_status_Evli,7.772172706860555e-06
extra_trees,cat__site_project_id_alizepark_city,7.434251656793851e-06
extra_trees,num__living_rooms,7.12435604382222e-06
extra_trees,cat__site_id_bucket_x_district_b0__kullar merkez mh.,6.928780309714851e-06
extra_trees,cat__site_id_bucket_x_district_b1__damlar mah.,6.884094064383653e-06
extra_trees,cat__basiskele_geo_cluster_x_m2_group_other||0-75,6.540360551826702e-06
extra_trees,num__demo_has_demographics,6.3116168698035776e-06
extra_trees,cat__middle_floor_duplex_x_floor_segment_nonmid,6.212928161320142e-06
extra_trees,cat__demo_ses_group_missing,5.927293704015251e-06
extra_trees,cat__site_project_id_yakamoz_konutlari,5.644902546160264e-06
extra_trees,cat__site_project_id_kirazli_kent,5.58303715070372e-06
extra_trees,num__is_middle_floor_duplex,5.449294389345184e-06
extra_trees,cat__detail_manzara_Deniz|Havuz|Park & Yeşil Alan|Şehir,4.876307414331281e-06
extra_trees,cat__district_Kullar Tepecik Mh.,4.812412169353137e-06
extra_trees,cat__site_project_id_yuvacik_vadi,4.7876726161380195e-06
extra_trees,cat__site_tier_x_district_mid__aydinkent mh.,4.68993667446555e-06
extra_trees,cat__roof_duplex_x_floor_segment_roof__Bahçe,4.358309898417831e-06
extra_trees,num__demo_has_county_demographics,4.350554185649359e-06
extra_trees,cat__site_id_bucket_x_district_b3__bahcecik kilicaslan mh.,4.3370144500824915e-06
extra_trees,cat__site_id_bucket_x_district_b1__serdar mah.,4.237050465366341e-06
extra_trees,cat__heating_missing,4.171426959055577e-06
extra_trees,cat__site_project_id_esila_park,3.972011294416103e-06
extra_trees,cat__site_project_id_bahama,3.878435426551306e-06
extra_trees,cat__detail_manzara_Doğa|Havuz,3.8336367520043626e-06
extra_trees,cat__district_Yeniköy Merkez Mh.,3.809510132502579e-06
extra_trees,cat__geo_cluster_x_room_count_city_5||1+1,3.783552199810257e-06
extra_trees,cat__site_project_id_akasya_modern,3.7683655797578547e-06
extra_trees,cat__site_project_id_megatron_azize,3.693342121605393e-06
extra_trees,num__demo_coverage_score,3.663737179112522e-06
extra_trees,cat__demo_ses_group_C Grubu,3.5472536153514775e-06
extra_trees,cat__site_id_bucket_x_district_b3__aydinkent mh.,3.4890180328205654e-06
extra_trees,cat__district_Havuzlubahçe Mh.,3.4332946052399217e-06
extra_trees,cat__middle_floor_duplex_x_floor_segment_mid__Ara Kat,3.318966714900002e-06
extra_trees,cat__detail_konut_tipi_Ara Kat|Bahçe Dubleksi|Çatı Dubleksi,3.252918447913722e-06
extra_trees,cat__district_Yeşilkent Mh.,3.2375260955280092e-06
extra_trees,cat__detail_konut_tipi_Ara Kat Dubleks,3.0012066303773107e-06
extra_trees,cat__demo_dominant_education_missing,2.945263336725109e-06
extra_trees,cat__site_id_bucket_x_district_b1__aydinkent mh.,2.911867169585849e-06
extra_trees,cat__site_tier_x_district_unknown__kullar merkez mh.,2.814443348569305e-06
extra_trees,cat__usage_status_missing,2.6608856348980743e-06
extra_trees,cat__site_project_id_zeraykent_yuvacik,2.5034419630505496e-06
extra_trees,cat__basiskele_geo_cluster_x_m2_group_other||200+,2.4514229109774936e-06
extra_trees,cat__site_id_bucket_x_district_b1__altinkent mh.,2.217031775386798e-06
extra_trees,cat__site_project_id_helin,2.1608102142629556e-06
extra_trees,cat__site_id_bucket_x_district_b0__havuzlubahce mh.,2.154443975515636e-06
extra_trees,cat__duplex_type_middle_floor,1.9094928879312003e-06
extra_trees,cat__site_project_id_iskar_elit_kent,1.8996248180640349e-06
extra_trees,cat__site_project_id_doga,1.8516118815102306e-06
extra_trees,cat__furnished_missing,1.7874699629155799e-06
extra_trees,cat__site_project_id_mavi_yesil_park,1.7311783971000044e-06
extra_trees,cat__site_inside_missing,1.661102629421887e-06
extra_trees,cat__site_project_id_panoramakent_4,1.6551910164128856e-06
extra_trees,cat__site_project_id_ustpark_yuvacik,1.644549210220189e-06
extra_trees,cat__site_project_id_marmara_elit,1.5579653252031742e-06
extra_trees,cat__site_id_bucket_x_district_b4__mahmutpasa mh.,1.4877058320475899e-06
extra_trees,cat__site_project_id_yakut_konaklari,1.4033430216781918e-06
extra_trees,cat__site_id_bucket_x_district_b2__altinkent mh.,1.3382671276434533e-06
extra_trees,cat__site_tier_x_district_mid__havuzlubahce mh.,1.2039749395596254e-06
extra_trees,cat__demo_dominant_age_group_missing,1.1725335515378115e-06
extra_trees,cat__site_id_bucket_x_district_b3__havuzlubahce mh.,1.0164375336385568e-06
extra_trees,cat__rent_feature_level_county,9.440836614447982e-07
extra_trees,cat__site_tier_x_district_unknown__yesilkent mh.,9.183520039222871e-07
extra_trees,cat__site_project_id_evimiz_kocaeli,7.657004869835214e-07
extra_trees,cat__district_Kullar Merkez Mh.,7.355151417841335e-07
extra_trees,cat__basiskele_geo_cluster_x_m2_group_Başiskele_1||200+,6.914839208324616e-07
extra_trees,cat__district_Sahil Mah.,6.249887351483542e-07
extra_trees,cat__site_project_id_ustpark_afraze,5.854738709480857e-07
extra_trees,cat__geo_cluster_x_room_count_missing||5+1,5.692436722635463e-07
extra_trees,cat__site_project_id_royal_country,5.545693596093599e-07
extra_trees,cat__site_project_id_royal_city_akkurt,4.5195221151239664e-07
extra_trees,cat__site_id_bucket_x_district_b2__yesilkent mh.,4.4184464381338303e-07
extra_trees,cat__duplex_x_district_duplex__Damlar Mah.,3.9207472846977695e-07
extra_trees,cat__duplex_x_district_duplex__Bahçecik Kılıçaslan Mh.,3.8408937950493896e-07
extra_trees,cat__site_tier_x_district_mid__yenikoy merkez mh.,3.778717079262794e-07
extra_trees,cat__site_id_bucket_x_district_b0__yesilkent mh.,3.007188018791143e-07
extra_trees,cat__site_tier_x_district_unknown__bahcecik kilicaslan mh.,2.6603234235917996e-07
extra_trees,cat__site_project_id_ustgrup_mezire,2.6248659896892725e-07
extra_trees,cat__site_project_id_lotus,2.2366462687598951e-07
extra_trees,cat__site_tier_x_district_unknown__havuzlubahce mh.,1.4906528087395552e-07
extra_trees,cat__duplex_x_district_duplex__Kullar Merkez Mh.,1.4700425387843135e-07
extra_trees,cat__site_project_id_yesilkent_kalici,1.3946326808762802e-07
extra_trees,cat__site_project_id_secret_garden,1.2029457412989043e-07
extra_trees,cat__detail_konut_tipi_Dubleks|En Üst Kat|Ara Kat|Çatı Dubleksi,7.718207007665958e-08
extra_trees,cat__detail_manzara_Boğaz|Deniz|Doğa|Göl|Havuz|Nehir|Park & Yeşil Alan|Şehir,7.479193082784593e-08
extra_trees,cat__site_project_id_oksijen_konaklari,7.146188834800077e-08
extra_trees,cat__site_project_id_kullar_tepecik_mah,5.050665735369415e-08
extra_trees,cat__parking_missing,1.9156114751346053e-09
extra_trees,num__open_area_m2,0.0
extra_trees,num__has_open_area,0.0
extra_trees,num__is_basement,0.0
extra_trees,num__county_rent_m2_median,0.0
extra_trees,num__county_rent_m2_mean,0.0
extra_trees,num__county_rent_m2_count,0.0
extra_trees,num__rent_feature_confidence,0.0
extra_trees,num__county_target_median,0.0
extra_trees,num__county_target_mean,0.0
extra_trees,num__county_demo_population_total_sum,0.0
extra_trees,num__county_demo_population_density_median,0.0
extra_trees,num__county_demo_population_density_mean,0.0
extra_trees,num__county_demo_per_capita_income_median,0.0
extra_trees,num__county_demo_household_income_median,0.0
extra_trees,num__county_demo_household_size_mean,0.0
extra_trees,num__county_demo_education_university_ratio_mean,0.0
extra_trees,num__county_demo_education_high_school_ratio_mean,0.0
extra_trees,num__county_demo_ses_ab_ratio_mean,0.0
extra_trees,num__county_demo_ses_cd_ratio_mean,0.0
extra_trees,num__county_demo_old_ratio_mean,0.0
extra_trees,num__county_demo_young_ratio_mean,0.0
extra_trees,num__county_demo_married_ratio_mean,0.0
extra_trees,num__county_demo_single_ratio_mean,0.0
extra_trees,num__county_demo_residential_count_sum,0.0
extra_trees,num__county_demo_workplace_count_sum,0.0
extra_trees,num__county_demo_vehicle_count_sum,0.0
extra_trees,num__county_demo_car_count_sum,0.0
extra_trees,num__county_demo_atm_count_sum,0.0
extra_trees,num__county_demo_pharmacy_count_sum,0.0
extra_trees,num__county_demo_bank_count_sum,0.0
extra_trees,num__demo_age_coverage,0.0
extra_trees,num__demo_education_coverage,0.0
extra_trees,num__demo_income_available,0.0
extra_trees,num__demo_ses_available,0.0
extra_trees,num__demo_market_activity_available,0.0
extra_trees,num__demo_infrastructure_available,0.0
extra_trees,num__demo_real_estate_agent_count,0.0
extra_trees,num__demo_agent_listing_count,0.0
extra_trees,num__demo_owner_listing_count,0.0
extra_trees,num__demo_sale_count,0.0
extra_trees,num__demo_mortgage_count,0.0
extra_trees,num__demo_turnover_ratio,0.0
extra_trees,num__demo_computed_turnover_ratio,0.0
extra_trees,num__demo_listing_count_2024,0.0
extra_trees,num__demo_bb_sale_count_2024,0.0
extra_trees,num__demo_bb_mortgaged_sale_count_2024,0.0
extra_trees,num__county_demo_sale_count_sum,0.0
extra_trees,num__county_demo_turnover_ratio_median,0.0
extra_trees,num__demo_turnover_vs_county,0.0
extra_trees,num__demo_saving_total,0.0
extra_trees,num__demo_expense_total,0.0
extra_trees,num__demo_expense_food,0.0
extra_trees,num__demo_expense_shelter,0.0
extra_trees,num__demo_expense_transportation,0.0
extra_trees,num__demo_expense_education,0.0
extra_trees,num__demo_ecommerce_count,0.0
extra_trees,num__demo_ecommerce_density,0.0
extra_trees,num__demo_online_retail,0.0
extra_trees,num__attr_credit_eligible,0.0
extra_trees,num__attr_county_new_building_premium,0.0
extra_trees,num__attr_county_old_building_discount,0.0
extra_trees,num__attr_county_elevator_premium,0.0
extra_trees,num__attr_county_site_inside_premium,0.0
extra_trees,num__attr_county_parking_premium,0.0
extra_trees,num__attr_county_good_heating_premium,0.0
extra_trees,num__attr_county_high_quality_premium,0.0
extra_trees,num__basiskele_large_home_premium_bucket_median,0.0
extra_trees,num__location_precision_approx,0.0
extra_trees,num__location_precision_district_only,0.0
extra_trees,num__is_coastal_500m,0.0
extra_trees,num__is_coastal_1000m,0.0
extra_trees,num__is_coastal_2000m,0.0
extra_trees,num__distance_to_sea_m,0.0
extra_trees,num__log_distance_to_sea,0.0
extra_trees,num__is_coastal_250m,0.0
extra_trees,num__coastal_access_score,0.0
extra_trees,num__bsk_distance_to_sea_x_view_sea,0.0
extra_trees,num__bsk_distance_to_sea_x_near_sea_zero,0.0
extra_trees,num__bsk_distance_to_sea_x_large_home,0.0
extra_trees,num__bsk_distance_to_sea_x_site_inside,0.0
extra_trees,num__bsk_distance_to_sea_x_quality,0.0
extra_trees,num__bsk_coastal_x_large_home,0.0
extra_trees,num__bsk_coastal_x_geo_cluster,0.0
extra_trees,num__bsk_coastal_x_room_4p1,0.0
extra_trees,num__garden_duplex_x_private_garden,0.0
extra_trees,cat__real_estate_type_Satılık Daire,0.0
extra_trees,cat__room_count_1.5+1,0.0
extra_trees,cat__room_count_2+2,0.0
extra_trees,cat__room_count_2.5+1,0.0
extra_trees,cat__room_count_3+2,0.0
extra_trees,cat__room_count_3.5+1,0.0
extra_trees,cat__room_count_4+2,0.0
extra_trees,cat__room_count_5+2,0.0
extra_trees,cat__room_count_6+1,0.0
extra_trees,cat__floor_segment_Bodrum,0.0
extra_trees,cat__heating_Doğalgaz Sobası,0.0
extra_trees,cat__heating_Kombi (Elektrik),0.0
extra_trees,cat__heating_Merkezi,0.0
extra_trees,cat__site_inside_Belirtilmemiş,0.0
extra_trees,cat__credit_eligible_missing,0.0
extra_trees,cat__energy_certificate_missing,0.0
extra_trees,cat__deed_status_missing,0.0
extra_trees,cat__seller_type_missing,0.0
extra_trees,cat__barter_missing,0.0
extra_trees,cat__city_Kocaeli,0.0
extra_trees,cat__county_Başiskele,0.0
extra_trees,cat__district_Bahçecik Şehitekrem Mh.,0.0
extra_trees,cat__district_Karşıyaka Mh.,0.0
extra_trees,cat__district_Tepecik Mh.,0.0
extra_trees,cat__district_Vezirçiftliği Mh.,0.0
extra_trees,cat__district_Yuvacık Yakacık Mh.,0.0
extra_trees,cat__detail_manzara_Boğaz|Deniz|Doğa|Park & Yeşil Alan,0.0
extra_trees,cat__detail_manzara_Boğaz|Deniz|Doğa|Park & Yeşil Alan|Şehir,0.0
extra_trees,cat__detail_manzara_Boğaz|Doğa|Park & Yeşil Alan,0.0
extra_trees,cat__detail_manzara_Boğaz|Doğa|Park & Yeşil Alan|Şehir,0.0
extra_trees,cat__detail_manzara_Deniz|Doğa|Göl|Park & Yeşil Alan,0.0
extra_trees,cat__detail_manzara_Deniz|Doğa|Göl|Park & Yeşil Alan|Şehir,0.0
extra_trees,cat__detail_manzara_Deniz|Doğa|Havuz,0.0
extra_trees,cat__detail_manzara_Deniz|Doğa|Havuz|Şehir,0.0
extra_trees,cat__detail_manzara_Deniz|Doğa|Nehir|Park & Yeşil Alan|Şehir,0.0
extra_trees,cat__detail_manzara_Deniz|Havuz,0.0
extra_trees,cat__detail_manzara_Deniz|Havuz|Park & Yeşil Alan,0.0
extra_trees,cat__detail_manzara_Deniz|Havuz|Şehir,0.0
extra_trees,cat__detail_manzara_Deniz|Nehir|Park & Yeşil Alan,0.0
extra_trees,cat__detail_manzara_Doğa|Göl|Park & Yeşil Alan,0.0
extra_trees,cat__detail_manzara_Göl|Park & Yeşil Alan|Şehir,0.0
extra_trees,cat__detail_manzara_Havuz,0.0
extra_trees,cat__detail_konut_tipi_Bahçe Dubleksi|Tripleks,0.0
extra_trees,cat__detail_konut_tipi_Dubleks|Ara Kat,0.0
extra_trees,cat__detail_konut_tipi_Dubleks|Ara Kat Dubleks,0.0
extra_trees,cat__detail_konut_tipi_Dubleks|Ara Kat Dubleks|Ters Dubleks,0.0
extra_trees,cat__detail_konut_tipi_Dubleks|Ara Kat|Bahçe Dubleksi|Çatı Dubleksi|Ters Dubleks,0.0
extra_trees,cat__detail_konut_tipi_Dubleks|Ara Kat|Çatı Dubleksi,0.0
extra_trees,cat__detail_konut_tipi_Dubleks|Bahçe Dubleksi|Ters Dubleks,0.0
extra_trees,cat__detail_konut_tipi_Dubleks|En Üst Kat,0.0
extra_trees,cat__detail_konut_tipi_Dubleks|En Üst Kat|Ara Kat,0.0
extra_trees,cat__detail_konut_tipi_Dubleks|En Üst Kat|Ara Kat|Ara Kat Dubleks|Bahçe Dubleksi|Çatı Dubleksi|Forleks|Ters Dubleks|Tripleks,0.0
extra_trees,cat__detail_konut_tipi_Dubleks|En Üst Kat|Ara Kat|Ara Kat Dubleks|Bahçe Dubleksi|Çatı Dubleksi|Ters Dubleks|Tripleks,0.0
extra_trees,cat__detail_konut_tipi_Dubleks|En Üst Kat|Ara Kat|Bahçe Dubleksi|Çatı Dubleksi,0.0
extra_trees,cat__detail_konut_tipi_Dubleks|En Üst Kat|Ters Dubleks,0.0
extra_trees,cat__detail_konut_tipi_Dubleks|En Üst Kat|Çatı Dubleksi|Ters Dubleks,0.0
extra_trees,cat__detail_konut_tipi_Dubleks|Ters Dubleks,0.0
extra_trees,cat__detail_konut_tipi_En Üst Kat|Ara Kat,0.0
extra_trees,cat__detail_konut_tipi_En Üst Kat|Ara Kat|Çatı Dubleksi,0.0
extra_trees,cat__detail_konut_tipi_Tripleks,0.0
extra_trees,cat__detail_konut_tipi_Çatı Dubleksi|Ters Dubleks,0.0
extra_trees,cat__demo_dominant_age_group_10-14,0.0
extra_trees,cat__demo_dominant_education_İlkokul,0.0
extra_trees,cat__location_precision_district_only,0.0
extra_trees,cat__location_source_district_text,0.0
extra_trees,cat__geo_cluster_x_room_count_city_0||1+1,0.0
extra_trees,cat__geo_cluster_x_room_count_city_0||5+1,0.0
extra_trees,cat__geo_cluster_x_room_count_city_10||1+1,0.0
extra_trees,cat__geo_cluster_x_room_count_city_11||1+1,0.0
extra_trees,cat__geo_cluster_x_room_count_city_11||4+2,0.0
extra_trees,cat__geo_cluster_x_room_count_city_1||3+2,0.0
extra_trees,cat__geo_cluster_x_room_count_city_1||4.5+1,0.0
extra_trees,cat__geo_cluster_x_room_count_city_1||5+1,0.0
extra_trees,cat__geo_cluster_x_room_count_city_1||5+2,0.0
extra_trees,cat__geo_cluster_x_room_count_city_2||5+2,0.0
extra_trees,cat__geo_cluster_x_room_count_city_3||1.5+1,0.0
extra_trees,cat__geo_cluster_x_room_count_city_3||2.5+1,0.0
extra_trees,cat__geo_cluster_x_room_count_city_3||4.5+1,0.0
extra_trees,cat__geo_cluster_x_room_count_city_3||5+1,0.0
extra_trees,cat__geo_cluster_x_room_count_city_3||6+1,0.0
extra_trees,cat__geo_cluster_x_room_count_city_4||2.5+1,0.0
extra_trees,cat__geo_cluster_x_room_count_city_4||5+1,0.0
extra_trees,cat__geo_cluster_x_room_count_city_6||3.5+1,0.0
extra_trees,cat__geo_cluster_x_room_count_city_6||5+1,0.0
extra_trees,cat__geo_cluster_x_room_count_city_7||2+1,0.0
extra_trees,cat__geo_cluster_x_room_count_city_7||5+1,0.0
extra_trees,cat__geo_cluster_x_room_count_city_8||5+1,0.0
extra_trees,cat__geo_cluster_x_room_count_city_9||1+1,0.0
extra_trees,cat__geo_cluster_x_room_count_city_9||3.5+1,0.0
extra_trees,cat__geo_cluster_x_room_count_city_9||4+2,0.0
extra_trees,cat__geo_cluster_x_room_count_city_9||4.5+1,0.0
extra_trees,cat__geo_cluster_x_room_count_missing||2+2,0.0
extra_trees,cat__site_project_id_akademik_elit_park,0.0
extra_trees,cat__site_project_id_akven_armoni_teras,0.0
extra_trees,cat__site_project_id_alacati_dan_yaylacik_mh_de_havuzlu,0.0
extra_trees,cat__site_project_id_altinkent,0.0
extra_trees,cat__site_project_id_altinkent_kalici_konutlari_3_ada,0.0
extra_trees,cat__site_project_id_altinkent_kalici_konutlari_5_ada,0.0
extra_trees,cat__site_project_id_altinkent_kalici_konutlari_6_ada,0.0
extra_trees,cat__site_project_id_altinkent_kalici_konutlari_7_ada,0.0
extra_trees,cat__site_project_id_anatolia,0.0
extra_trees,cat__site_project_id_ara,0.0
extra_trees,cat__site_project_id_armoni_2,0.0
extra_trees,cat__site_project_id_asansorlu_butik,0.0
extra_trees,cat__site_project_id_asrin,0.0
extra_trees,cat__site_project_id_atakent_ustpark,0.0
extra_trees,cat__site_project_id_aurapark,0.0
extra_trees,cat__site_project_id_aydinkent,0.0
extra_trees,cat__site_project_id_aydinkent_kalici,0.0
extra_trees,cat__site_project_id_aydinkent_kalici_konutlari_19_ada,0.0
extra_trees,cat__site_project_id_aydinkent_kalici_konutlari_20_ada,0.0
extra_trees,cat__site_project_id_bahama_insaat,0.0
extra_trees,cat__site_project_id_bahcecik_kalici_konutlar,0.0
extra_trees,cat__site_project_id_barbaros,0.0
extra_trees,cat__site_project_id_barbaros_mah,0.0
extra_trees,cat__site_project_id_barbaros_mahallesinde,0.0
extra_trees,cat__site_project_id_barbaros_mh,0.0
extra_trees,cat__site_project_id_basiskele_de_asev_muhit,0.0
extra_trees,cat__site_project_id_basiskele_de_butik,0.0
extra_trees,cat__site_project_id_basiskele_fatih,0.0
extra_trees,cat__site_project_id_basiskelede_prejtijli,0.0
extra_trees,cat__site_project_id_birikim_gayrimenkulden,0.0
extra_trees,cat__site_project_id_bizim_evler,0.0
extra_trees,cat__site_project_id_bloklu_butik,0.0
extra_trees,cat__site_project_id_boyunegmez_yasam,0.0
extra_trees,cat__site_project_id_cadde_53,0.0
extra_trees,cat__site_project_id_caglayan_modern_yuvacik,0.0
extra_trees,cat__site_project_id_casaba_suite,0.0
extra_trees,cat__site_project_id_cati_dubleks_havuzlu,0.0
extra_trees,cat__site_project_id_cb_envoy_dan_yesilyurt_mah,0.0
extra_trees,cat__site_project_id_cb_mahall_den_pasadag_da,0.0
extra_trees,cat__site_project_id_cb_mahall_den_tinaztepede,0.0
extra_trees,cat__site_project_id_cb_mark_tan_vadi,0.0
extra_trees,cat__site_project_id_ceneviz_adalari,0.0
extra_trees,cat__site_project_id_cevizli_vadi,0.0
extra_trees,cat__site_project_id_clover_premium,0.0
extra_trees,cat__site_project_id_derin_den_yatirim_firsati,0.0
extra_trees,cat__site_project_id_dlux,0.0
extra_trees,cat__site_project_id_dongel_de,0.0
extra_trees,cat__site_project_id_dongelde,0.0
extra_trees,cat__site_project_id_dream_gardens,0.0
extra_trees,cat__site_project_id_duru_park,0.0
extra_trees,cat__site_project_id_durupark,0.0
extra_trees,cat__site_project_id_elitium_park,0.0
extra_trees,cat__site_project_id_erenoglu_gm_den,0.0
extra_trees,cat__site_project_id_erguvan_konaklari,0.0
extra_trees,cat__site_project_id_erturk,0.0
extra_trees,cat__site_project_id_fatih_mah,0.0
extra_trees,cat__site_project_id_fatih_mahallesinde,0.0
extra_trees,cat__site_project_id_garden,0.0
extra_trees,cat__site_project_id_gokce,0.0
extra_trees,cat__site_project_id_gun_isigi,0.0
extra_trees,cat__site_project_id_hanzade_palace,0.0
extra_trees,cat__site_project_id_havuzlu,0.0
extra_trees,cat__site_project_id_inci,0.0
extra_trees,cat__site_project_id_invest_globalden_zeray_kent,0.0
extra_trees,cat__site_project_id_isil,0.0
extra_trees,cat__site_project_id_kardelen,0.0
extra_trees,cat__site_project_id_kolayli,0.0
extra_trees,cat__site_project_id_kolayli_karsiyaka,0.0
extra_trees,cat__site_project_id_kolayli_kullar,0.0
extra_trees,cat__site_project_id_kredili_dusuk_faiz_yuksek_konforlu,0.0
extra_trees,cat__site_project_id_kuba,0.0
extra_trees,cat__site_project_id_kucuk_yali,0.0
extra_trees,cat__site_project_id_kullar,0.0
extra_trees,cat__site_project_id_kullar_da_prestijli_yasam,0.0
extra_trees,cat__site_project_id_kullar_da_ultra_ebeveyn_banyolu,0.0
extra_trees,cat__site_project_id_kullar_tepecik_de,0.0
extra_trees,cat__site_project_id_kullar_yakacik_ta_kacirilmayacak_butik,0.0
extra_trees,cat__site_project_id_kullar_yaylacik_mahallesi,0.0
extra_trees,cat__site_project_id_kw_arven_den_ted_kolejine_komsu_havuzlu,0.0
extra_trees,cat__site_project_id_loca_torunoglu,0.0
extra_trees,cat__site_project_id_lotus_mahza,0.0
extra_trees,cat__site_project_id_mamik_life,0.0
extra_trees,cat__site_project_id_manar_terrace,0.0
extra_trees,cat__site_project_id_manar_yuvacik,0.0
extra_trees,cat__site_project_id_manar_yuvacik_2,0.0
extra_trees,cat__site_project_id_manar_yuvacik_3,0.0
extra_trees,cat__site_project_id_manaryuvacik,0.0
extra_trees,cat__site_project_id_marmara_elit_yapi_kooperatifi,0.0
extra_trees,cat__site_project_id_may_city,0.0
extra_trees,cat__site_project_id_may_kent_2,0.0
extra_trees,cat__site_project_id_mehmet_akif_ersoy,0.0
extra_trees,cat__site_project_id_memur_sen,0.0
extra_trees,cat__site_project_id_merkezde_essiz_bir,0.0
extra_trees,cat__site_project_id_mona_vadi,0.0
extra_trees,cat__site_project_id_my_house_yuvacik,0.0
extra_trees,cat__site_project_id_naturapark,0.0
extra_trees,cat__site_project_id_ozemsan,0.0
extra_trees,cat__site_project_id_panorama_3,0.0
extra_trees,cat__site_project_id_panoramakent_1,0.0
extra_trees,cat__site_project_id_panoramakent_2,0.0
extra_trees,cat__site_project_id_panoramakent_3,0.0
extra_trees,cat__site_project_id_pasadag_100_yil_parla,0.0
extra_trees,cat__site_project_id_pasadag_mah_full_deniz_manzarali,0.0
extra_trees,cat__site_project_id_pasadag_mh_de_konsept_talha_park,0.0
extra_trees,cat__site_project_id_pasadagi,0.0
extra_trees,cat__site_project_id_pera_park,0.0
extra_trees,cat__site_project_id_platinium,0.0
extra_trees,cat__site_project_id_polen_park,0.0
extra_trees,cat__site_project_id_remax_dreamden_fatih_de,0.0
extra_trees,cat__site_project_id_reyhan,0.0
extra_trees,cat__site_project_id_rose_garden,0.0
extra_trees,cat__site_project_id_royal_park,0.0
extra_trees,cat__site_project_id_rozna,0.0
extra_trees,cat__site_project_id_listing_portal,0.0
extra_trees,cat__site_project_id_listing_portal_vadi_yuvacik,0.0
extra_trees,cat__site_project_id_selimoglu,0.0
extra_trees,cat__site_project_id_semt_bahcecik,0.0
extra_trees,cat__site_project_id_seymen,0.0
extra_trees,cat__site_project_id_seyr_i_vadi,0.0
extra_trees,cat__site_project_id_seyri_vadi,0.0
extra_trees,cat__site_project_id_supark_megaron,0.0
extra_trees,cat__site_project_id_tanta_emlak_tan,0.0
extra_trees,cat__site_project_id_temizel_tepe_loft,0.0
extra_trees,cat__site_project_id_terasta_life,0.0
extra_trees,cat__site_project_id_terra_nova,0.0
extra_trees,cat__site_project_id_tinaztepede,0.0
extra_trees,cat__site_project_id_torpidocular,0.0
extra_trees,cat__site_project_id_torunogullari_park_2,0.0
extra_trees,cat__site_project_id_ust_deniz_manzarali_asansorlu,0.0
extra_trees,cat__site_project_id_vadi,0.0
extra_trees,cat__site_project_id_vadi_suit,0.0
extra_trees,cat__site_project_id_vadi_yuvacik,0.0
extra_trees,cat__site_project_id_venedik,0.0
extra_trees,cat__site_project_id_vira,0.0
extra_trees,cat__site_project_id_vistapark,0.0
extra_trees,cat__site_project_id_vizyon_dan,0.0
extra_trees,cat__site_project_id_vizyon_dan_basiskelede,0.0
extra_trees,cat__site_project_id_yagmurkent,0.0
extra_trees,cat__site_project_id_yaylacik_mh_de_havuzlu,0.0
extra_trees,cat__site_project_id_yenikoy_kalici_konutlari_12_ada,0.0
extra_trees,cat__site_project_id_yesilyurt,0.0
extra_trees,cat__site_project_id_yesilyurt_mah_durupark,0.0
extra_trees,cat__site_project_id_yesilyurt_mahallesin_de,0.0
extra_trees,cat__site_project_id_yesilyurtda,0.0
extra_trees,cat__site_project_id_yildiz,0.0
extra_trees,cat__site_project_id_yonca_evleri_2,0.0
extra_trees,cat__site_project_id_yuksek_giris_butik,0.0
extra_trees,cat__site_project_id_yusra,0.0
extra_trees,cat__site_project_id_yuvacik_doga,0.0
extra_trees,cat__site_project_id_yuvacik_eksioglu_metsan,0.0
extra_trees,cat__site_project_id_yuvacik_kalici_konutlari_10_ada,0.0
extra_trees,cat__site_project_id_yuvacik_kalici_konutlari_1_ada,0.0
extra_trees,cat__site_project_id_yuvacik_kalici_konutlari_2_ada,0.0
extra_trees,cat__site_project_id_yuvacik_manar,0.0
extra_trees,cat__site_project_id_yuvacik_pasadag_yesil_vadi,0.0
extra_trees,cat__site_project_id_yuvacik_pasadagi_mh,0.0
extra_trees,cat__site_project_id_yuvacik_ta_prestijli,0.0
extra_trees,cat__site_project_id_yuvacikta,0.0
extra_trees,cat__site_project_id_yuz_yapi_dan_deniz_ve_vadi,0.0
extra_trees,cat__site_project_id_zeray_kent,0.0
extra_trees,cat__site_tier_x_district_unknown__bahcecik sehitekrem mh.,0.0
extra_trees,cat__site_tier_x_district_unknown__damlar mah.,0.0
extra_trees,cat__site_tier_x_district_unknown__karsiyaka mh.,0.0
extra_trees,cat__site_tier_x_district_unknown__sahil mah.,0.0
extra_trees,cat__site_tier_x_district_unknown__tepecik mh.,0.0
extra_trees,cat__site_tier_x_district_unknown__vezirciftligi mh.,0.0
extra_trees,cat__site_tier_x_district_unknown__yuvacik yakacik mh.,0.0
extra_trees,cat__site_id_bucket_x_district_b0__bahcecik sehitekrem mh.,0.0
extra_trees,cat__site_id_bucket_x_district_b0__damlar mah.,0.0
extra_trees,cat__site_id_bucket_x_district_b0__sahil mah.,0.0
extra_trees,cat__site_id_bucket_x_district_b0__tepecik mh.,0.0
extra_trees,cat__site_id_bucket_x_district_b0__vezirciftligi mh.,0.0
extra_trees,cat__site_id_bucket_x_district_b0__yuvacik yakacik mh.,0.0
extra_trees,cat__site_id_bucket_x_district_b1__bahcecik sehitekrem mh.,0.0
extra_trees,cat__site_id_bucket_x_district_b1__kullar yakacik mh.,0.0
extra_trees,cat__site_id_bucket_x_district_b1__seymen mah.,0.0
extra_trees,cat__site_id_bucket_x_district_b1__yesilkent mh.,0.0
extra_trees,cat__site_id_bucket_x_district_b2__aydinkent mh.,0.0
extra_trees,cat__site_id_bucket_x_district_b2__damlar mah.,0.0
extra_trees,cat__site_id_bucket_x_district_b2__serdar mah.,0.0
extra_trees,cat__site_id_bucket_x_district_b2__seymen mah.,0.0
extra_trees,cat__site_id_bucket_x_district_b3__yenikoy merkez mh.,0.0
extra_trees,cat__large_home_bucket_280p,0.0
extra_trees,cat__duplex_x_district_duplex__Bahçecik Şehitekrem Mh.,0.0
extra_trees,cat__duplex_x_district_duplex__Sahil Mah.,0.0
extra_trees,cat__duplex_x_district_duplex__Yeşilkent Mh.,0.0
extra_trees,cat__duplex_x_district_duplex__Yuvacık Yakacık Mh.,0.0
extra_trees,cat__roof_duplex_x_floor_segment_roof__Zemin/Giriş,0.0
extra_trees,cat__middle_floor_duplex_x_floor_segment_mid__En Üst Kat,0.0
extra_trees,cat__middle_floor_duplex_x_floor_segment_mid__Zemin/Giriş,0.0
gradient_boosting,num__basiskele_detail_group_bucket_median,0.20910291507946602
gradient_boosting,num__attr_total_quality_score,0.08085947564639756
gradient_boosting,num__district_m2_group_target_median,0.05453156180960232
gradient_boosting,num__attr_m2_per_room,0.03657534550641824
gradient_boosting,num__site_project_oof_residual_mean,0.030376932481226582
gradient_boosting,num__site_project_oof_price_level,0.02542726181931766
gradient_boosting,num__estimated_monthly_rent_gross,0.02514255057505491
gradient_boosting,num__district_room_count_target_median,0.02501176110309078
gradient_boosting,num__bearing_from_district_centroid_sin,0.01849398251978954
gradient_boosting,num__detail_effect_inside_mean,0.01293865516360945
gradient_boosting,num__detail_effect_total_mean,0.011142426526123397
gradient_boosting,num__basiskele_premium_x_location_baseline,0.01114019979084865
gradient_boosting,num__duplex_x_gross_m2,0.011086548142350867
gradient_boosting,num__building_age,0.01052655177619696
gradient_boosting,num__total_floors,0.01048187617954789
gradient_boosting,num__basiskele_lat_lon_interaction,0.010400235285906735
gradient_boosting,num__bearing_from_district_centroid_cos,0.010274900908292434
gradient_boosting,cat__elevator_Yok,0.009050829661282015
gradient_boosting,num__location_baseline_m2,0.008990620650218613
gradient_boosting,num__basiskele_premium_x_new_building,0.008812894132928371
gradient_boosting,num__attr_building_age_inverse,0.008690104746634607
gradient_boosting,num__dues,0.008354713538862706
gradient_boosting,num__detail_effect_outside_mean,0.008139114556888323
gradient_boosting,cat__usage_status_Mülk Sahibi,0.008091266779079596
gradient_boosting,num__distance_to_geo_cluster_center_m,0.008089556005885436
gradient_boosting,cat__elevator_Var,0.008082576113566846
gradient_boosting,num__large_home_detail_premium_x_m2,0.007788988637009982
gradient_boosting,num__known_premium_x_district_code,0.007365176812887472
gradient_boosting,num__detail_effect_inside_x_attr_quality,0.006913740111588018
gradient_boosting,num__location_baseline_log,0.006430018558818915
gradient_boosting,num__detail_effect_front_mean,0.006412440638327357
gradient_boosting,num__detail_effect_front_sum,0.005960223883369374
gradient_boosting,num__attr_quality_x_district_median,0.005555853439702129
gradient_boosting,num__distance_to_izmit_center_m,0.005489898529890984
gradient_boosting,num__net_m2,0.005457696184657933
gradient_boosting,cat__duplex_type_garden,0.005053023691258013
gradient_boosting,num__bathroom_count,0.004986669740742185
gradient_boosting,num__location_baseline_vs_trend,0.004974312548524479
gradient_boosting,num__attr_has_elevator,0.004845447726896392
gradient_boosting,num__bearing_from_county_centroid_cos,0.004785192234803348
gradient_boosting,num__is_garden_duplex,0.004501514284960587
gradient_boosting,num__distance_to_district_centroid_m,0.004484642869425576
gradient_boosting,num__attr_quality_x_location_baseline,0.004484025496442946
gradient_boosting,num__basiskele_premium_x_detail_outside,0.004402690205852722
gradient_boosting,num__basiskele_detail_inside_premium_signal,0.004371424590240136
gradient_boosting,num__detail_near_count,0.0039948290864033975
gradient_boosting,num__detail_effect_inside_sum,0.00396991236814108
gradient_boosting,num__location_baseline_count,0.003946651028170795
gradient_boosting,num__detail_effect_total_x_attr_quality,0.0038426265280751422
gradient_boosting,num__attr_new_building_x_site_inside,0.0038386325273491043
gradient_boosting,num__basiskele_district_premium_bucket_mean,0.003793744895804167
gradient_boosting,num__district_room_rent_m2_median,0.0036548405807774707
gradient_boosting,cat__detail_cephe_Batı|Doğu|Güney,0.0036462044812325817
gradient_boosting,cat__parking_Açık Otopark,0.0036053113516944096
gradient_boosting,num__net_gross_ratio,0.003555059876365556
gradient_boosting,num__distance_to_coast_x_site_inside,0.003391674447380121
gradient_boosting,num__detail_effect_nearby_sum,0.003363060786638347
gradient_boosting,num__lat_centered_city,0.0031814822359369273
gradient_boosting,num__basiskele_premium_x_gross_m2,0.003172521595278463
gradient_boosting,num__detail_effect_nearby_mean,0.0031420910521603963
gradient_boosting,num__distance_to_county_centroid_m,0.003121766808606808
gradient_boosting,num__basiskele_premium_x_detail_view,0.002936999852025438
gradient_boosting,num__attr_net_gross_ratio,0.0028162067422298365
gradient_boosting,num__basiskele_detail_subtype_premium_signal,0.0028131171644951367
gradient_boosting,num__demo_pharmacy_per_10k,0.002802728033882105
gradient_boosting,num__distance_to_kullar_m,0.0027992496846857375
gradient_boosting,num__distance_to_basiskele_coast_m,0.002768500824696076
gradient_boosting,num__attr_amenity_score,0.0027092632644581003
gradient_boosting,num__attr_quality_x_county_income,0.002572480625305135
gradient_boosting,num__estimated_rent_m2_gross,0.002528119457840487
gradient_boosting,num__attr_quality_x_demo_income,0.002515796372170879
gradient_boosting,num__basiskele_premium_x_site_inside,0.0024081453581612958
gradient_boosting,num__detail_selected_count,0.0023684432321678093
gradient_boosting,num__detail_outside_count,0.002353545316741989
gradient_boosting,num__distance_to_sahil_m,0.0023256337595168233
gradient_boosting,num__detail_effect_negative_count,0.002324358318612806
gradient_boosting,num__detail_effect_transport_mean,0.0022896915097480185
gradient_boosting,num__distance_to_karamursel_center_m,0.002264851182399927
gradient_boosting,num__distance_to_golcuk_center_m,0.002255157593157209
gradient_boosting,num__location_baseline_level_code,0.002081493789720287
gradient_boosting,num__attr_effect_elevator,0.0020779696374513866
gradient_boosting,num__district_room_rent_m2_count,0.0020733555179968293
gradient_boosting,num__district_m2_group_rent_m2_median,0.002048182758203727
gradient_boosting,num__large_home_net_gross_quality,0.0020243820406225187
gradient_boosting,num__site_project_listing_count,0.001953807840207055
gradient_boosting,num__detail_effect_subtype_mean,0.0019282335444152391
gradient_boosting,num__floor_ratio,0.001883402098124991
gradient_boosting,num__basiskele_premium_x_district_target_median,0.0018782985776824843
gradient_boosting,num__detail_effect_view_x_location_baseline,0.0018488364708603505
gradient_boosting,cat__large_home_x_site_project_id_bucket_lh__missing,0.0017727345810374742
gradient_boosting,num__lon_centered_county,0.0017637826574166155
gradient_boosting,num__detail_effect_used_count,0.0017420469322176016
gradient_boosting,num__lat_centered_county,0.0017326337721527928
gradient_boosting,num__distance_to_coast_x_view_sea,0.0017291039434735383
gradient_boosting,num__distance_to_yuvacik_m,0.0016941416593790177
gradient_boosting,cat__detail_konut_tipi_Dubleks|Bahçe Dubleksi,0.0016935139479099127
gradient_boosting,num__attr_heating_quality_score,0.0016918408702370346
gradient_boosting,num__large_home_quality_x_m2,0.0016832156541829362
gradient_boosting,num__detail_inside_count,0.0016646399877200155
gradient_boosting,num__basiskele_detail_outside_premium_signal,0.0016018053777444917
gradient_boosting,num__basiskele_premium_score,0.0015124314275788563
gradient_boosting,num__attr_effect_total_quality_bucket,0.0014846717711678899
gradient_boosting,num__detail_effect_view_mean,0.0014594973284643104
gradient_boosting,num__detail_effect_total_abs_sum,0.0014282678678994285
gradient_boosting,num__demo_age_45_54,0.0014240542057076173
gradient_boosting,num__district_m2_group_rent_m2_count,0.00142026281858495
gradient_boosting,num__demo_male_ratio,0.0013797549381700752
gradient_boosting,num__basiskele_distance_to_coast_x_large_home,0.0013714663960887564
gradient_boosting,cat__site_tier_x_district_mid__pasadag mh.,0.001369771112417328
gradient_boosting,num__gross_m2,0.0013126370186078077
gradient_boosting,num__lat,0.001308226400935731
gradient_boosting,cat__site_id_bucket_x_district_b1__pasadag mh.,0.0012335834152854518
gradient_boosting,num__inside_quality_score,0.0012321303388009147
gradient_boosting,num__distance_to_bahcecik_m,0.0012244124787658226
gradient_boosting,num__detail_transport_count,0.0012212635585358285
gradient_boosting,num__detail_effect_outside_x_attr_quality,0.0012164697058592842
gradient_boosting,num__distance_to_coastline_inv,0.001155371998820645
gradient_boosting,num__distance_to_coastline_m,0.0011363386896677068
gradient_boosting,num__transport_score,0.0010990264604476133
gradient_boosting,num__bearing_from_county_centroid_sin,0.001089064179548304
gradient_boosting,num__attr_floor_ratio,0.0010796577913715739
gradient_boosting,num__accessibility_score,0.0010602859215631806
gradient_boosting,num__basiskele_district_premium_bucket_count,0.001033002564125193
gradient_boosting,num__lon,0.0010192991152438923
gradient_boosting,num__large_home_room_density,0.001011556281289746
gradient_boosting,num__basiskele_distance_to_coast_x_quality,0.0010031601420433434
gradient_boosting,num__site_project_oof_confidence,0.000997815706972635
gradient_boosting,num__demo_divorced_ratio,0.0009530975861974617
gradient_boosting,num__detail_effect_view_sum,0.0009472786479896784
gradient_boosting,cat__parking_Kapalı Otopark,0.0009401735455016363
gradient_boosting,cat__usage_status_Kiracılı,0.0009314975605057553
gradient_boosting,num__detail_quality_score,0.0009285955104630997
gradient_boosting,cat__building_age_group_0 (Oturuma Hazır),0.0009077945797794395
gradient_boosting,num__large_home_basiskele_premium,0.0008966631882798485
gradient_boosting,num__attr_effect_building_age_bucket,0.000879167073397446
gradient_boosting,cat__kitchen_Açık (Amerikan),0.0008729764102126933
gradient_boosting,cat__detail_konut_tipi_En Üst Kat,0.0008484168737960682
gradient_boosting,cat__basiskele_geo_cluster_x_m2_group_Başiskele_3||101-125,0.000835851329127124
gradient_boosting,cat__site_id_bucket_x_district_b1__yesilyurt mh.,0.0008239437670999143
gradient_boosting,num__attr_effect_parking,0.0008214443146076952
gradient_boosting,num__lon_centered_city,0.0008167197948417486
gradient_boosting,num__demo_household_size,0.0008117340140239905
gradient_boosting,num__demo_population_density,0.000798576536561044
gradient_boosting,cat__basiskele_geo_cluster_x_m2_group_Başiskele_3||151-200,0.0007861768116913862
gradient_boosting,num__district_rent_m2_iqr,0.0007477636113539921
gradient_boosting,num__district_target_mean,0.000730058168481071
gradient_boosting,num__location_quality_x_detail_effect_total,0.0007283140223949421
gradient_boosting,num__detail_effect_positive_count,0.0007209803060134212
gradient_boosting,num__trend_sale_m2,0.0006913992281157758
gradient_boosting,num__demo_widow_ratio,0.0006783106641314524
gradient_boosting,num__trend_sale_annual_change,0.0006579700872539477
gradient_boosting,num__attr_is_new_building,0.0006233491452168633
gradient_boosting,cat__site_tier_x_district_unknown__mahmutpasa mh.,0.0006221085419111434
gradient_boosting,num__attr_has_natural_gas_heating,0.0006179562274395328
gradient_boosting,cat__duplex_match_source_title,0.000604964448000476
gradient_boosting,cat__kitchen_Kapalı,0.0006004455608958404
gradient_boosting,num__demo_car_per_capita,0.0006003000391802105
gradient_boosting,cat__duplex_match_source_detail,0.0005986724239531414
gradient_boosting,num__attr_is_mid_age_building,0.0005858902420679839
gradient_boosting,num__basiskele_site_premium_signal,0.0005768510244287289
gradient_boosting,cat__basiskele_geo_cluster_x_m2_group_Başiskele_4||126-150,0.0005749474297184486
gradient_boosting,num__demo_age_35_44,0.0005645188438016581
gradient_boosting,num__demo_income_vs_county,0.0005367352294874753
gradient_boosting,num__demo_age_15_24,0.0005328479922267945
gradient_boosting,num__large_home_m2_excess,0.0005245312245913891
gradient_boosting,num__detail_effect_district_total_sum,0.0005114263065392246
gradient_boosting,num__distance_to_coast_x_large_home,0.0005006652813752741
gradient_boosting,num__demo_education_doctorate_ratio,0.0004976738771655644
gradient_boosting,num__demo_per_capita_income_try,0.0004805111948265309
gradient_boosting,num__detail_effect_county_total_sum,0.0004780953771228257
gradient_boosting,num__outside_quality_score,0.00046509708385214385
gradient_boosting,cat__basiskele_geo_cluster_x_m2_group_Başiskele_2||101-125,0.00046354703363669377
gradient_boosting,num__attr_net_gross_bad,0.0004570760269903525
gradient_boosting,num__detail_effect_level_code,0.0004501685755458571
gradient_boosting,num__demo_female_ratio,0.00043874986595359805
gradient_boosting,cat__basiskele_geo_cluster_x_m2_group_Başiskele_2||126-150,0.0004312804685124522
gradient_boosting,cat__geo_cluster_x_room_count_city_8||3+1,0.00042187434740753696
gradient_boosting,cat__m2_group_101-125,0.0004210235663372674
gradient_boosting,num__detail_effect_total_sum,0.0004071031219652287
gradient_boosting,num__large_home_site_x_m2,0.00040465329760946104
gradient_boosting,num__demo_age_0_14,0.0004011881867896616
gradient_boosting,num__attr_floor_quality_score,0.00039918299152847157
gradient_boosting,num__demo_atm_count,0.0003979864444473664
gradient_boosting,num__detail_effect_outside_sum,0.0003963964691542455
gradient_boosting,num__site_is_mid_tier,0.00038760484734564975
gradient_boosting,cat__floor_segment_Bahçe,0.00038203756652637063
gradient_boosting,num__detail_effect_transport_sum,0.0003749958508534241
gradient_boosting,cat__site_tier_x_district_mid__fatih mah.,0.0003715143752394071
gradient_boosting,cat__basiskele_geo_cluster_Başiskele_2,0.00035622168547264603
gradient_boosting,cat__furnished_Hayır,0.00035608524739326285
gradient_boosting,num__basiskele_detail_view_premium_signal,0.00034607193106708925
gradient_boosting,cat__site_id_bucket_x_district_b0__seymen mah.,0.0003451021224268764
gradient_boosting,cat__geo_cluster_city_city_6,0.0003374829632746481
gradient_boosting,cat__heating_Yerden Isıtma,0.00033719538832219475
gradient_boosting,cat__site_id_bucket_x_district_b0__barbaros mah.,0.0003272845419338861
gradient_boosting,cat__large_home_x_site_project_id_bucket_lh__n1_2,0.00032481617885815324
gradient_boosting,cat__m2_group_126-150,0.0003170464838080476
gradient_boosting,num__attr_large_home_x_quality,0.0003132981578341282
gradient_boosting,num__basiskele_district_premium_bucket_median,0.00030775195942318113
gradient_boosting,cat__geo_cluster_x_room_count_city_6||3+1,0.0003074970058384187
gradient_boosting,cat__basiskele_geo_cluster_x_m2_group_other||76-100,0.00030458883219955737
gradient_boosting,num__trend_count_rent,0.00030242551522054065
gradient_boosting,cat__floor_segment_Zemin/Giriş,0.0002942204952364512
gradient_boosting,num__is_top_floor,0.0002937947254891562
gradient_boosting,num__demo_ses_a_plus_ratio,0.00028759452909441326
gradient_boosting,num__attr_old_building_x_no_elevator,0.0002872382220728092
gradient_boosting,num__demo_education_middle_school_ratio,0.0002814912320771911
gradient_boosting,cat__geo_cluster_x_room_count_city_10||3+1,0.0002783095409091755
gradient_boosting,cat__detail_cephe_Doğu,0.0002691627861811021
gradient_boosting,num__remaining_floors,0.00026001405581215756
gradient_boosting,cat__parking_Açık & Kapalı Otopark,0.00025017764485267725
gradient_boosting,num__detail_front_count,0.000249822662772162
gradient_boosting,num__floor_num,0.00024898695661781565
gradient_boosting,cat__duplex_x_district_duplex__Fatih Mah.,0.0002480344062539145
gradient_boosting,cat__basiskele_geo_cluster_x_m2_group_Başiskele_5||126-150,0.0002350407147084087
gradient_boosting,num__view_score,0.00023135677570800073
gradient_boosting,cat__geo_cluster_x_room_count_missing||3+1,0.00021343921546077956
gradient_boosting,num__site_project_oof_count,0.00021281693282008388
gradient_boosting,num__canonical_count_x_large_home,0.00020571946854081128
gradient_boosting,num__basiskele_premium_bucket_low,0.00019894153991410277
gradient_boosting,cat__detail_cephe_Batı|Doğu|Kuzey,0.00019098598395617835
gradient_boosting,num__demo_education_graduate_ratio,0.0001890863405031971
gradient_boosting,cat__building_age_group_1,0.00018578409880195694
gradient_boosting,num__distance_to_coast_x_near_sea_zero,0.00018529236164429447
gradient_boosting,num__district_rent_m2_cv,0.0001843794419493483
gradient_boosting,cat__large_home_bucket_180_220,0.00018222351669767027
gradient_boosting,cat__site_id_bucket_x_district_b0__pasadag mh.,0.00017566096180600917
gradient_boosting,cat__duplex_x_district_duplex__Paşadağ Mh.,0.00017119696305336498
gradient_boosting,cat__building_age_group_11-15 arası,0.00016298581293292748
gradient_boosting,cat__site_quality_tier_mid,0.00015966908049199713
gradient_boosting,cat__duplex_x_site_quality_tier_duplex__unknown,0.0001562164435203521
gradient_boosting,cat__duplex_x_district_duplex__Kullar Yakacık Mh.,0.00015139025898828706
gradient_boosting,cat__geo_cluster_x_room_count_city_1||2+1,0.00014943798672346876
gradient_boosting,cat__building_age_group_6-10 arası,0.0001485380266417767
gradient_boosting,cat__detail_manzara_Doğa|Havuz|Park & Yeşil Alan,0.0001435866913182692
gradient_boosting,cat__basiskele_geo_cluster_x_m2_group_other||101-125,0.00014320059689322025
gradient_boosting,num__basiskele_premium_x_large_home,0.0001400673954785997
gradient_boosting,num__demo_atm_per_10k,0.00013508489494870222
gradient_boosting,num__demo_residential_density,0.0001250770426899522
gradient_boosting,num__demo_ses_ab_diff_county,0.00012480889906996468
gradient_boosting,cat__demo_dominant_age_group_30-34,0.00012296388966430874
gradient_boosting,num__district_rent_m2_median,0.00012247807331764376
gradient_boosting,num__basiskele_detail_total_premium_signal,0.00011915793732578044
gradient_boosting,num__attr_net_gross_good,0.00010150632018956104
gradient_boosting,num__demo_age_65_plus,8.98768927108782e-05
gradient_boosting,num__basiskele_has_pool_signal,8.475129917183442e-05
gradient_boosting,cat__duplex_match_source_detail_and_title,6.132685860112123e-05
gradient_boosting,cat__usage_status_Boş,5.464540051593258e-05
gradient_boosting,cat__site_id_bucket_x_district_b0__fatih mah.,4.9280532319944616e-05
gradient_boosting,num__open_area_m2,0.0
gradient_boosting,num__has_open_area,0.0
gradient_boosting,num__is_ground_floor,0.0
gradient_boosting,num__is_basement,0.0
gradient_boosting,num__is_middle_floor,0.0
gradient_boosting,num__rooms,0.0
gradient_boosting,num__living_rooms,0.0
gradient_boosting,num__total_room_score,0.0
gradient_boosting,num__is_new_building,0.0
gradient_boosting,num__is_old_building,0.0
gradient_boosting,num__is_small_flat,0.0
gradient_boosting,num__is_large_flat,0.0
gradient_boosting,num__detail_view_count,0.0
gradient_boosting,num__detail_subtype_count,0.0
gradient_boosting,num__front_score,0.0
gradient_boosting,num__nearby_score,0.0
gradient_boosting,num__site_security_score,0.0
gradient_boosting,num__district_rent_m2_mean,0.0
gradient_boosting,num__district_rent_m2_count,0.0
gradient_boosting,num__county_rent_m2_median,0.0
gradient_boosting,num__county_rent_m2_mean,0.0
gradient_boosting,num__county_rent_m2_count,0.0
gradient_boosting,num__rent_feature_confidence,0.0
gradient_boosting,num__trend_rent_m2,0.0
gradient_boosting,num__trend_count_sale,0.0
gradient_boosting,num__trend_listing_period_sale,0.0
gradient_boosting,num__trend_yield,0.0
gradient_boosting,num__trend_price_change_sale,0.0
gradient_boosting,num__district_target_median,0.0
gradient_boosting,num__county_target_median,0.0
gradient_boosting,num__county_target_mean,0.0
gradient_boosting,num__county_room_count_target_median,0.0
gradient_boosting,num__demo_population_total,0.0
gradient_boosting,num__demo_population_male,0.0
gradient_boosting,num__demo_population_female,0.0
gradient_boosting,num__demo_young_ratio,0.0
gradient_boosting,num__demo_middle_ratio,0.0
gradient_boosting,num__demo_old_ratio,0.0
gradient_boosting,num__demo_young_count,0.0
gradient_boosting,num__demo_middle_count,0.0
gradient_boosting,num__demo_old_count,0.0
gradient_boosting,num__demo_married_ratio,0.0
gradient_boosting,num__demo_single_ratio,0.0
gradient_boosting,num__demo_never_married_count,0.0
gradient_boosting,num__demo_married_count,0.0
gradient_boosting,num__demo_divorced_count,0.0
gradient_boosting,num__demo_widow_count,0.0
gradient_boosting,num__demo_age_25_34,0.0
gradient_boosting,num__demo_age_55_64,0.0
gradient_boosting,num__demo_age_0_14_count,0.0
gradient_boosting,num__demo_age_15_24_count,0.0
gradient_boosting,num__demo_age_25_34_count,0.0
gradient_boosting,num__demo_age_35_44_count,0.0
gradient_boosting,num__demo_age_45_54_count,0.0
gradient_boosting,num__demo_age_55_64_count,0.0
gradient_boosting,num__demo_age_65_plus_count,0.0
gradient_boosting,num__demo_education_total,0.0
gradient_boosting,num__demo_education_university_ratio,0.0
gradient_boosting,num__demo_education_university_count,0.0
gradient_boosting,num__demo_education_high_school_ratio,0.0
gradient_boosting,num__demo_education_high_school_count,0.0
gradient_boosting,num__demo_education_middle_school_count,0.0
gradient_boosting,num__demo_education_primary_school_ratio,0.0
gradient_boosting,num__demo_education_primary_school_count,0.0
gradient_boosting,num__demo_education_primary_education_ratio,0.0
gradient_boosting,num__demo_education_graduate_count,0.0
gradient_boosting,num__demo_education_doctorate_count,0.0
gradient_boosting,num__demo_education_non_literate_ratio,0.0
gradient_boosting,num__demo_education_unknown_ratio,0.0
gradient_boosting,num__demo_ses_a_plus_count,0.0
gradient_boosting,num__demo_ses_a_count,0.0
gradient_boosting,num__demo_ses_b_count,0.0
gradient_boosting,num__demo_ses_c_count,0.0
gradient_boosting,num__demo_ses_d_count,0.0
gradient_boosting,num__demo_ses_a_ratio,0.0
gradient_boosting,num__demo_ses_b_ratio,0.0
gradient_boosting,num__demo_ses_c_ratio,0.0
gradient_boosting,num__demo_ses_d_ratio,0.0
gradient_boosting,num__demo_ses_ab_ratio,0.0
gradient_boosting,num__demo_ses_cd_ratio,0.0
gradient_boosting,num__demo_household_count,0.0
gradient_boosting,num__demo_household_income_try,0.0
gradient_boosting,num__demo_residential_count,0.0
gradient_boosting,num__demo_workplace_count,0.0
gradient_boosting,num__demo_summer_house_count,0.0
gradient_boosting,num__demo_vehicle_count,0.0
gradient_boosting,num__demo_car_count,0.0
gradient_boosting,num__demo_pharmacy_count,0.0
gradient_boosting,num__demo_bank_count,0.0
gradient_boosting,num__county_demo_population_total_sum,0.0
gradient_boosting,num__county_demo_population_density_median,0.0
gradient_boosting,num__county_demo_population_density_mean,0.0
gradient_boosting,num__county_demo_per_capita_income_median,0.0
gradient_boosting,num__county_demo_household_income_median,0.0
gradient_boosting,num__county_demo_household_size_mean,0.0
gradient_boosting,num__county_demo_education_university_ratio_mean,0.0
gradient_boosting,num__county_demo_education_high_school_ratio_mean,0.0
gradient_boosting,num__county_demo_ses_ab_ratio_mean,0.0
gradient_boosting,num__county_demo_ses_cd_ratio_mean,0.0
gradient_boosting,num__county_demo_old_ratio_mean,0.0
gradient_boosting,num__county_demo_young_ratio_mean,0.0
gradient_boosting,num__county_demo_married_ratio_mean,0.0
gradient_boosting,num__county_demo_single_ratio_mean,0.0
gradient_boosting,num__county_demo_residential_count_sum,0.0
gradient_boosting,num__county_demo_workplace_count_sum,0.0
gradient_boosting,num__county_demo_vehicle_count_sum,0.0
gradient_boosting,num__county_demo_car_count_sum,0.0
gradient_boosting,num__county_demo_atm_count_sum,0.0
gradient_boosting,num__county_demo_pharmacy_count_sum,0.0
gradient_boosting,num__county_demo_bank_count_sum,0.0
gradient_boosting,num__demo_household_income_vs_county,0.0
gradient_boosting,num__demo_density_vs_county,0.0
gradient_boosting,num__demo_university_diff_county,0.0
gradient_boosting,num__demo_high_school_diff_county,0.0
gradient_boosting,num__demo_ses_cd_diff_county,0.0
gradient_boosting,num__demo_old_ratio_diff_county,0.0
gradient_boosting,num__demo_young_ratio_diff_county,0.0
gradient_boosting,num__demo_workplace_density,0.0
gradient_boosting,num__demo_vehicle_per_capita,0.0
gradient_boosting,num__demo_bank_per_10k,0.0
gradient_boosting,num__demo_has_demographics,0.0
gradient_boosting,num__demo_has_county_demographics,0.0
gradient_boosting,num__demo_age_coverage,0.0
gradient_boosting,num__demo_education_coverage,0.0
gradient_boosting,num__demo_income_available,0.0
gradient_boosting,num__demo_ses_available,0.0
gradient_boosting,num__demo_market_activity_available,0.0
gradient_boosting,num__demo_infrastructure_available,0.0
gradient_boosting,num__demo_coverage_score,0.0
gradient_boosting,num__demo_real_estate_agent_count,0.0
gradient_boosting,num__demo_agent_listing_count,0.0
gradient_boosting,num__demo_owner_listing_count,0.0
gradient_boosting,num__demo_sale_count,0.0
gradient_boosting,num__demo_mortgage_count,0.0
gradient_boosting,num__demo_turnover_ratio,0.0
gradient_boosting,num__demo_computed_turnover_ratio,0.0
gradient_boosting,num__demo_listing_count_2024,0.0
gradient_boosting,num__demo_bb_sale_count_2024,0.0
gradient_boosting,num__demo_bb_mortgaged_sale_count_2024,0.0
gradient_boosting,num__county_demo_sale_count_sum,0.0
gradient_boosting,num__county_demo_turnover_ratio_median,0.0
gradient_boosting,num__demo_turnover_vs_county,0.0
gradient_boosting,num__demo_saving_total,0.0
gradient_boosting,num__demo_expense_total,0.0
gradient_boosting,num__demo_expense_food,0.0
gradient_boosting,num__demo_expense_shelter,0.0
gradient_boosting,num__demo_expense_transportation,0.0
gradient_boosting,num__demo_expense_education,0.0
gradient_boosting,num__demo_ecommerce_count,0.0
gradient_boosting,num__demo_ecommerce_density,0.0
gradient_boosting,num__demo_online_retail,0.0
gradient_boosting,num__attr_is_young_building,0.0
gradient_boosting,num__attr_is_old_building,0.0
gradient_boosting,num__attr_building_age_score,0.0
gradient_boosting,num__attr_is_ground_or_below,0.0
gradient_boosting,num__attr_is_top_floor,0.0
gradient_boosting,num__attr_is_middle_floor,0.0
gradient_boosting,num__attr_compactness_score,0.0
gradient_boosting,num__attr_has_parking,0.0
gradient_boosting,num__attr_has_balcony,0.0
gradient_boosting,num__attr_is_furnished,0.0
gradient_boosting,num__attr_is_site_inside,0.0
gradient_boosting,num__attr_credit_eligible,0.0
gradient_boosting,num__attr_has_premium_heating,0.0
gradient_boosting,num__attr_has_poor_heating,0.0
gradient_boosting,num__attr_compact_home_x_quality,0.0
gradient_boosting,num__attr_effect_site_inside,0.0
gradient_boosting,num__attr_effect_heating_quality_bucket,0.0
gradient_boosting,num__attr_county_new_building_premium,0.0
gradient_boosting,num__attr_county_old_building_discount,0.0
gradient_boosting,num__attr_county_elevator_premium,0.0
gradient_boosting,num__attr_county_site_inside_premium,0.0
gradient_boosting,num__attr_county_parking_premium,0.0
gradient_boosting,num__attr_county_good_heating_premium,0.0
gradient_boosting,num__attr_county_high_quality_premium,0.0
gradient_boosting,num__detail_effect_subtype_sum,0.0
gradient_boosting,num__large_home_log_m2,0.0
gradient_boosting,num__basiskele_has_security_signal,0.0
gradient_boosting,num__basiskele_has_social_luxury_signal,0.0
gradient_boosting,num__basiskele_has_view_signal,0.0
gradient_boosting,num__basiskele_has_inside_luxury_signal,0.0
gradient_boosting,num__basiskele_premium_bucket_mid,0.0
gradient_boosting,num__basiskele_premium_bucket_high,0.0
gradient_boosting,num__basiskele_premium_bucket_county_median,0.0
gradient_boosting,num__basiskele_premium_bucket_county_mean,0.0
gradient_boosting,num__basiskele_large_home_premium_bucket_median,0.0
gradient_boosting,num__has_lat_lon,0.0
gradient_boosting,num__location_precision_exact,0.0
gradient_boosting,num__location_precision_approx,0.0
gradient_boosting,num__location_precision_district_only,0.0
gradient_boosting,num__location_precision_missing,0.0
gradient_boosting,num__location_source_data_attr_map,0.0
gradient_boosting,num__location_backfill_ok,0.0
gradient_boosting,num__location_backfill_listing_removed,0.0
gradient_boosting,num__location_quality_score,0.0
gradient_boosting,num__is_coastal_500m,0.0
gradient_boosting,num__is_coastal_1000m,0.0
gradient_boosting,num__is_coastal_2000m,0.0
gradient_boosting,num__geo_context_missing,0.0
gradient_boosting,num__geo_context_has_exact_location,0.0
gradient_boosting,num__geo_context_has_approx_location,0.0
gradient_boosting,num__distance_to_sea_m,0.0
gradient_boosting,num__log_distance_to_sea,0.0
gradient_boosting,num__is_coastal_250m,0.0
gradient_boosting,num__coast_distance_bucket_code,0.0
gradient_boosting,num__coastal_access_score,0.0
gradient_boosting,num__bsk_distance_to_sea_x_view_sea,0.0
gradient_boosting,num__bsk_distance_to_sea_x_near_sea_zero,0.0
gradient_boosting,num__bsk_distance_to_sea_x_large_home,0.0
gradient_boosting,num__bsk_distance_to_sea_x_site_inside,0.0
gradient_boosting,num__bsk_distance_to_sea_x_quality,0.0
gradient_boosting,num__bsk_coastal_x_large_home,0.0
gradient_boosting,num__bsk_coastal_x_geo_cluster,0.0
gradient_boosting,num__bsk_coastal_x_room_4p1,0.0
gradient_boosting,num__has_site_project_id,0.0
gradient_boosting,num__site_project_freq_bucket,0.0
gradient_boosting,num__site_project_known_premium_flag,0.0
gradient_boosting,num__site_is_premium_tier,0.0
gradient_boosting,num__site_tier_code,0.0
gradient_boosting,num__site_tier_x_large_home,0.0
gradient_boosting,num__site_tier_x_coast_inv,0.0
gradient_boosting,num__has_site_x_site_inside,0.0
gradient_boosting,num__is_duplex,0.0
gradient_boosting,num__is_roof_duplex,0.0
gradient_boosting,num__is_middle_floor_duplex,0.0
gradient_boosting,num__is_standard_duplex,0.0
gradient_boosting,num__duplex_source_conflict,0.0
gradient_boosting,num__is_large_home,0.0
gradient_boosting,num__duplex_or_large_home,0.0
gradient_boosting,num__duplex_x_site_inside,0.0
gradient_boosting,num__duplex_x_site_project_known_premium,0.0
gradient_boosting,num__garden_duplex_x_private_garden,0.0
gradient_boosting,cat__real_estate_type_Satılık Daire,0.0
gradient_boosting,cat__room_count_1+1,0.0
gradient_boosting,cat__room_count_1.5+1,0.0
gradient_boosting,cat__room_count_2+1,0.0
gradient_boosting,cat__room_count_2+2,0.0
gradient_boosting,cat__room_count_2.5+1,0.0
gradient_boosting,cat__room_count_3+1,0.0
gradient_boosting,cat__room_count_3+2,0.0
gradient_boosting,cat__room_count_3.5+1,0.0
gradient_boosting,cat__room_count_4+1,0.0
gradient_boosting,cat__room_count_4+2,0.0
gradient_boosting,cat__room_count_4.5+1,0.0
gradient_boosting,cat__room_count_5+1,0.0
gradient_boosting,cat__room_count_5+2,0.0
gradient_boosting,cat__room_count_6+1,0.0
gradient_boosting,cat__floor_segment_Ara Kat,0.0
gradient_boosting,cat__floor_segment_Bodrum,0.0
gradient_boosting,cat__floor_segment_En Üst Kat,0.0
gradient_boosting,cat__floor_segment_Çatı,0.0
gradient_boosting,cat__heating_Doğalgaz Sobası,0.0
gradient_boosting,cat__heating_Kat Kaloriferi,0.0
gradient_boosting,cat__heating_Kombi (Doğalgaz),0.0
gradient_boosting,cat__heating_Kombi (Elektrik),0.0
gradient_boosting,cat__heating_Merkezi,0.0
gradient_boosting,cat__heating_Merkezi (Pay Ölçer),0.0
gradient_boosting,cat__heating_Yok,0.0
gradient_boosting,cat__heating_missing,0.0
gradient_boosting,cat__balcony_Var,0.0
gradient_boosting,cat__balcony_Yok,0.0
gradient_boosting,cat__parking_Yok,0.0
gradient_boosting,cat__parking_missing,0.0
gradient_boosting,cat__furnished_Belirtilmemiş,0.0
gradient_boosting,cat__furnished_Evet,0.0
gradient_boosting,cat__furnished_missing,0.0
gradient_boosting,cat__usage_status_missing,0.0
gradient_boosting,cat__site_inside_Belirtilmemiş,0.0
gradient_boosting,cat__site_inside_Evet,0.0
gradient_boosting,cat__site_inside_Hayır,0.0
gradient_boosting,cat__site_inside_missing,0.0
gradient_boosting,cat__credit_eligible_missing,0.0
gradient_boosting,cat__energy_certificate_missing,0.0
gradient_boosting,cat__deed_status_missing,0.0
gradient_boosting,cat__seller_type_missing,0.0
gradient_boosting,cat__barter_missing,0.0
gradient_boosting,cat__city_Kocaeli,0.0
gradient_boosting,cat__county_Başiskele,0.0
gradient_boosting,cat__district_Altınkent Mh.,0.0
gradient_boosting,cat__district_Atakent Mah.,0.0
gradient_boosting,cat__district_Aydınkent Mh.,0.0
gradient_boosting,cat__district_Bahçecik Kılıçaslan Mh.,0.0
gradient_boosting,cat__district_Bahçecik Şehitekrem Mh.,0.0
gradient_boosting,cat__district_Barbaros Mah.,0.0
gradient_boosting,cat__district_Damlar Mah.,0.0
gradient_boosting,cat__district_Döngel Mh.,0.0
gradient_boosting,cat__district_Fatih Mah.,0.0
gradient_boosting,cat__district_Havuzlubahçe Mh.,0.0
gradient_boosting,cat__district_Karşıyaka Mh.,0.0
gradient_boosting,cat__district_Kullar Merkez Mh.,0.0
gradient_boosting,cat__district_Kullar Tepecik Mh.,0.0
gradient_boosting,cat__district_Kullar Yakacık Mh.,0.0
gradient_boosting,cat__district_Körfez Mh.,0.0
gradient_boosting,cat__district_Mahmutpaşa Mh.,0.0
gradient_boosting,cat__district_Paşadağ Mh.,0.0
gradient_boosting,cat__district_Sahil Mah.,0.0
gradient_boosting,cat__district_Serdar Mah.,0.0
gradient_boosting,cat__district_Seymen Mah.,0.0
gradient_boosting,cat__district_Tepecik Mh.,0.0
gradient_boosting,cat__district_Vezirçiftliği Mh.,0.0
gradient_boosting,cat__district_Yaylacık Mh.,0.0
gradient_boosting,cat__district_Yeniköy Merkez Mh.,0.0
gradient_boosting,cat__district_Yeşilkent Mh.,0.0
gradient_boosting,cat__district_Yeşilyurt Mh.,0.0
gradient_boosting,cat__district_Yuvacık Yakacık Mh.,0.0
gradient_boosting,cat__building_age_group_0 (Yapım Aşamasında),0.0
gradient_boosting,cat__building_age_group_16-20 arası,0.0
gradient_boosting,cat__building_age_group_2,0.0
gradient_boosting,cat__building_age_group_21-25 arası,0.0
gradient_boosting,cat__building_age_group_26-30 arası,0.0
gradient_boosting,cat__building_age_group_3,0.0
gradient_boosting,cat__building_age_group_31 ve üzeri,0.0
gradient_boosting,cat__building_age_group_4,0.0
gradient_boosting,cat__building_age_group_5,0.0
gradient_boosting,cat__building_age_group_missing,0.0
gradient_boosting,cat__m2_group_0-75,0.0
gradient_boosting,cat__m2_group_151-200,0.0
gradient_boosting,cat__m2_group_200+,0.0
gradient_boosting,cat__m2_group_76-100,0.0
gradient_boosting,cat__detail_cephe_Batı,0.0
gradient_boosting,cat__detail_cephe_Batı|Doğu,0.0
gradient_boosting,cat__detail_cephe_Batı|Doğu|Güney|Kuzey,0.0
gradient_boosting,cat__detail_cephe_Batı|Güney,0.0
gradient_boosting,cat__detail_cephe_Batı|Güney|Kuzey,0.0
gradient_boosting,cat__detail_cephe_Batı|Kuzey,0.0
gradient_boosting,cat__detail_cephe_Doğu|Güney,0.0
gradient_boosting,cat__detail_cephe_Doğu|Güney|Kuzey,0.0
gradient_boosting,cat__detail_cephe_Doğu|Kuzey,0.0
gradient_boosting,cat__detail_cephe_Güney,0.0
gradient_boosting,cat__detail_cephe_Güney|Kuzey,0.0
gradient_boosting,cat__detail_cephe_Kuzey,0.0
gradient_boosting,cat__detail_cephe_missing,0.0
gradient_boosting,cat__detail_manzara_Boğaz|Deniz|Doğa|Göl|Havuz|Nehir|Park & Yeşil Alan|Şehir,0.0
gradient_boosting,cat__detail_manzara_Boğaz|Deniz|Doğa|Park & Yeşil Alan,0.0
gradient_boosting,cat__detail_manzara_Boğaz|Deniz|Doğa|Park & Yeşil Alan|Şehir,0.0
gradient_boosting,cat__detail_manzara_Boğaz|Doğa|Park & Yeşil Alan,0.0
gradient_boosting,cat__detail_manzara_Boğaz|Doğa|Park & Yeşil Alan|Şehir,0.0
gradient_boosting,cat__detail_manzara_Deniz,0.0
gradient_boosting,cat__detail_manzara_Deniz|Doğa,0.0
gradient_boosting,cat__detail_manzara_Deniz|Doğa|Göl|Park & Yeşil Alan,0.0
gradient_boosting,cat__detail_manzara_Deniz|Doğa|Göl|Park & Yeşil Alan|Şehir,0.0
gradient_boosting,cat__detail_manzara_Deniz|Doğa|Havuz,0.0
gradient_boosting,cat__detail_manzara_Deniz|Doğa|Havuz|Park & Yeşil Alan|Şehir,0.0
gradient_boosting,cat__detail_manzara_Deniz|Doğa|Havuz|Şehir,0.0
gradient_boosting,cat__detail_manzara_Deniz|Doğa|Nehir|Park & Yeşil Alan|Şehir,0.0
gradient_boosting,cat__detail_manzara_Deniz|Doğa|Park & Yeşil Alan,0.0
gradient_boosting,cat__detail_manzara_Deniz|Doğa|Park & Yeşil Alan|Şehir,0.0
gradient_boosting,cat__detail_manzara_Deniz|Doğa|Şehir,0.0
gradient_boosting,cat__detail_manzara_Deniz|Havuz,0.0
gradient_boosting,cat__detail_manzara_Deniz|Havuz|Park & Yeşil Alan,0.0
gradient_boosting,cat__detail_manzara_Deniz|Havuz|Park & Yeşil Alan|Şehir,0.0
gradient_boosting,cat__detail_manzara_Deniz|Havuz|Şehir,0.0
gradient_boosting,cat__detail_manzara_Deniz|Nehir|Park & Yeşil Alan,0.0
gradient_boosting,cat__detail_manzara_Deniz|Park & Yeşil Alan,0.0
gradient_boosting,cat__detail_manzara_Deniz|Park & Yeşil Alan|Şehir,0.0
gradient_boosting,cat__detail_manzara_Deniz|Şehir,0.0
gradient_boosting,cat__detail_manzara_Doğa,0.0
gradient_boosting,cat__detail_manzara_Doğa|Göl|Park & Yeşil Alan,0.0
gradient_boosting,cat__detail_manzara_Doğa|Havuz,0.0
gradient_boosting,cat__detail_manzara_Doğa|Havuz|Park & Yeşil Alan|Şehir,0.0
gradient_boosting,cat__detail_manzara_Doğa|Park & Yeşil Alan,0.0
gradient_boosting,cat__detail_manzara_Doğa|Park & Yeşil Alan|Şehir,0.0
gradient_boosting,cat__detail_manzara_Doğa|Şehir,0.0
gradient_boosting,cat__detail_manzara_Göl|Park & Yeşil Alan|Şehir,0.0
gradient_boosting,cat__detail_manzara_Havuz,0.0
gradient_boosting,cat__detail_manzara_Havuz|Park & Yeşil Alan,0.0
gradient_boosting,cat__detail_manzara_Havuz|Park & Yeşil Alan|Şehir,0.0
gradient_boosting,cat__detail_manzara_Park & Yeşil Alan,0.0
gradient_boosting,cat__detail_manzara_Park & Yeşil Alan|Şehir,0.0
gradient_boosting,cat__detail_manzara_missing,0.0
gradient_boosting,cat__detail_manzara_Şehir,0.0
gradient_boosting,cat__detail_konut_tipi_Ara Kat,0.0
gradient_boosting,cat__detail_konut_tipi_Ara Kat Dubleks,0.0
gradient_boosting,cat__detail_konut_tipi_Ara Kat|Bahçe Dubleksi|Çatı Dubleksi,0.0
gradient_boosting,cat__detail_konut_tipi_Ara Kat|Çatı Dubleksi,0.0
gradient_boosting,cat__detail_konut_tipi_Bahçe Dubleksi,0.0
gradient_boosting,cat__detail_konut_tipi_Bahçe Dubleksi|Ters Dubleks,0.0
gradient_boosting,cat__detail_konut_tipi_Bahçe Dubleksi|Tripleks,0.0
gradient_boosting,cat__detail_konut_tipi_Dubleks,0.0
gradient_boosting,cat__detail_konut_tipi_Dubleks|Ara Kat,0.0
gradient_boosting,cat__detail_konut_tipi_Dubleks|Ara Kat Dubleks,0.0
gradient_boosting,cat__detail_konut_tipi_Dubleks|Ara Kat Dubleks|Ters Dubleks,0.0
gradient_boosting,cat__detail_konut_tipi_Dubleks|Ara Kat|Bahçe Dubleksi|Çatı Dubleksi|Ters Dubleks,0.0
gradient_boosting,cat__detail_konut_tipi_Dubleks|Ara Kat|Çatı Dubleksi,0.0
gradient_boosting,cat__detail_konut_tipi_Dubleks|Bahçe Dubleksi|Ters Dubleks,0.0
gradient_boosting,cat__detail_konut_tipi_Dubleks|En Üst Kat,0.0
gradient_boosting,cat__detail_konut_tipi_Dubleks|En Üst Kat|Ara Kat,0.0
gradient_boosting,cat__detail_konut_tipi_Dubleks|En Üst Kat|Ara Kat|Ara Kat Dubleks|Bahçe Dubleksi|Çatı Dubleksi|Forleks|Ters Dubleks|Tripleks,0.0
gradient_boosting,cat__detail_konut_tipi_Dubleks|En Üst Kat|Ara Kat|Ara Kat Dubleks|Bahçe Dubleksi|Çatı Dubleksi|Ters Dubleks|Tripleks,0.0
gradient_boosting,cat__detail_konut_tipi_Dubleks|En Üst Kat|Ara Kat|Bahçe Dubleksi|Çatı Dubleksi,0.0
gradient_boosting,cat__detail_konut_tipi_Dubleks|En Üst Kat|Ara Kat|Çatı Dubleksi,0.0
gradient_boosting,cat__detail_konut_tipi_Dubleks|En Üst Kat|Ters Dubleks,0.0
gradient_boosting,cat__detail_konut_tipi_Dubleks|En Üst Kat|Çatı Dubleksi,0.0
gradient_boosting,cat__detail_konut_tipi_Dubleks|En Üst Kat|Çatı Dubleksi|Ters Dubleks,0.0
gradient_boosting,cat__detail_konut_tipi_Dubleks|Ters Dubleks,0.0
gradient_boosting,cat__detail_konut_tipi_Dubleks|Çatı Dubleksi,0.0
gradient_boosting,cat__detail_konut_tipi_En Üst Kat|Ara Kat,0.0
gradient_boosting,cat__detail_konut_tipi_En Üst Kat|Ara Kat|Çatı Dubleksi,0.0
gradient_boosting,cat__detail_konut_tipi_En Üst Kat|Çatı Dubleksi,0.0
gradient_boosting,cat__detail_konut_tipi_Ters Dubleks,0.0
gradient_boosting,cat__detail_konut_tipi_Tripleks,0.0
gradient_boosting,cat__detail_konut_tipi_missing,0.0
gradient_boosting,cat__detail_konut_tipi_Çatı Dubleksi,0.0
gradient_boosting,cat__detail_konut_tipi_Çatı Dubleksi|Ters Dubleks,0.0
gradient_boosting,cat__rent_feature_level_county,0.0
gradient_boosting,cat__rent_feature_level_district,0.0
gradient_boosting,cat__rent_feature_level_district_m2_group,0.0
gradient_boosting,cat__rent_feature_level_district_room,0.0
gradient_boosting,cat__demo_dominant_age_group_10-14,0.0
gradient_boosting,cat__demo_dominant_age_group_25-29,0.0
gradient_boosting,cat__demo_dominant_age_group_40-44,0.0
gradient_boosting,cat__demo_dominant_age_group_45-49,0.0
gradient_boosting,cat__demo_dominant_age_group_5-9,0.0
gradient_boosting,cat__demo_dominant_age_group_65+,0.0
gradient_boosting,cat__demo_dominant_age_group_missing,0.0
gradient_boosting,cat__demo_dominant_marital_status_Evli,0.0
gradient_boosting,cat__demo_dominant_marital_status_missing,0.0
gradient_boosting,cat__demo_dominant_education_Lisans,0.0
gradient_boosting,cat__demo_dominant_education_Lise,0.0
gradient_boosting,cat__demo_dominant_education_missing,0.0
gradient_boosting,cat__demo_dominant_education_İlkokul,0.0
gradient_boosting,cat__demo_ses_group_C Grubu,0.0
gradient_boosting,cat__demo_ses_group_missing,0.0
gradient_boosting,cat__location_precision_district_only,0.0
gradient_boosting,cat__location_precision_exact_map,0.0
gradient_boosting,cat__location_precision_missing,0.0
gradient_boosting,cat__location_source_data_attr_map,0.0
gradient_boosting,cat__location_source_district_text,0.0
gradient_boosting,cat__location_source_missing,0.0
gradient_boosting,cat__geo_cluster_city_city_0,0.0
gradient_boosting,cat__geo_cluster_city_city_1,0.0
gradient_boosting,cat__geo_cluster_city_city_10,0.0
gradient_boosting,cat__geo_cluster_city_city_11,0.0
gradient_boosting,cat__geo_cluster_city_city_2,0.0
gradient_boosting,cat__geo_cluster_city_city_3,0.0
gradient_boosting,cat__geo_cluster_city_city_4,0.0
gradient_boosting,cat__geo_cluster_city_city_5,0.0
gradient_boosting,cat__geo_cluster_city_city_7,0.0
gradient_boosting,cat__geo_cluster_city_city_8,0.0
gradient_boosting,cat__geo_cluster_city_city_9,0.0
gradient_boosting,cat__geo_cluster_city_missing,0.0
gradient_boosting,cat__geo_cluster_county_Başiskele_0,0.0
gradient_boosting,cat__geo_cluster_county_Başiskele_1,0.0
gradient_boosting,cat__geo_cluster_county_Başiskele_2,0.0
gradient_boosting,cat__geo_cluster_county_Başiskele_3,0.0
gradient_boosting,cat__geo_cluster_county_Başiskele_4,0.0
gradient_boosting,cat__geo_cluster_county_Başiskele_5,0.0
gradient_boosting,cat__geo_cluster_county_other,0.0
gradient_boosting,cat__basiskele_geo_cluster_Başiskele_0,0.0
gradient_boosting,cat__basiskele_geo_cluster_Başiskele_1,0.0
gradient_boosting,cat__basiskele_geo_cluster_Başiskele_3,0.0
gradient_boosting,cat__basiskele_geo_cluster_Başiskele_4,0.0
gradient_boosting,cat__basiskele_geo_cluster_Başiskele_5,0.0
gradient_boosting,cat__basiskele_geo_cluster_other,0.0
gradient_boosting,cat__coast_distance_bucket_0_500,0.0
gradient_boosting,cat__coast_distance_bucket_1000_3000,0.0
gradient_boosting,cat__coast_distance_bucket_3000_plus,0.0
gradient_boosting,cat__coast_distance_bucket_500_1000,0.0
gradient_boosting,cat__coast_distance_bucket_missing,0.0
gradient_boosting,cat__basiskele_geo_cluster_x_m2_group_Başiskele_0||0-75,0.0
gradient_boosting,cat__basiskele_geo_cluster_x_m2_group_Başiskele_0||101-125,0.0
gradient_boosting,cat__basiskele_geo_cluster_x_m2_group_Başiskele_0||126-150,0.0
gradient_boosting,cat__basiskele_geo_cluster_x_m2_group_Başiskele_0||151-200,0.0
gradient_boosting,cat__basiskele_geo_cluster_x_m2_group_Başiskele_0||200+,0.0
gradient_boosting,cat__basiskele_geo_cluster_x_m2_group_Başiskele_0||76-100,0.0
gradient_boosting,cat__basiskele_geo_cluster_x_m2_group_Başiskele_1||0-75,0.0
gradient_boosting,cat__basiskele_geo_cluster_x_m2_group_Başiskele_1||101-125,0.0
gradient_boosting,cat__basiskele_geo_cluster_x_m2_group_Başiskele_1||126-150,0.0
gradient_boosting,cat__basiskele_geo_cluster_x_m2_group_Başiskele_1||151-200,0.0
gradient_boosting,cat__basiskele_geo_cluster_x_m2_group_Başiskele_1||200+,0.0
gradient_boosting,cat__basiskele_geo_cluster_x_m2_group_Başiskele_1||76-100,0.0
gradient_boosting,cat__basiskele_geo_cluster_x_m2_group_Başiskele_2||0-75,0.0
gradient_boosting,cat__basiskele_geo_cluster_x_m2_group_Başiskele_2||151-200,0.0
gradient_boosting,cat__basiskele_geo_cluster_x_m2_group_Başiskele_2||200+,0.0
gradient_boosting,cat__basiskele_geo_cluster_x_m2_group_Başiskele_2||76-100,0.0
gradient_boosting,cat__basiskele_geo_cluster_x_m2_group_Başiskele_3||0-75,0.0
gradient_boosting,cat__basiskele_geo_cluster_x_m2_group_Başiskele_3||126-150,0.0
gradient_boosting,cat__basiskele_geo_cluster_x_m2_group_Başiskele_3||200+,0.0
gradient_boosting,cat__basiskele_geo_cluster_x_m2_group_Başiskele_3||76-100,0.0
gradient_boosting,cat__basiskele_geo_cluster_x_m2_group_Başiskele_4||0-75,0.0
gradient_boosting,cat__basiskele_geo_cluster_x_m2_group_Başiskele_4||101-125,0.0
gradient_boosting,cat__basiskele_geo_cluster_x_m2_group_Başiskele_4||151-200,0.0
gradient_boosting,cat__basiskele_geo_cluster_x_m2_group_Başiskele_4||200+,0.0
gradient_boosting,cat__basiskele_geo_cluster_x_m2_group_Başiskele_4||76-100,0.0
gradient_boosting,cat__basiskele_geo_cluster_x_m2_group_Başiskele_5||0-75,0.0
gradient_boosting,cat__basiskele_geo_cluster_x_m2_group_Başiskele_5||101-125,0.0
gradient_boosting,cat__basiskele_geo_cluster_x_m2_group_Başiskele_5||151-200,0.0
gradient_boosting,cat__basiskele_geo_cluster_x_m2_group_Başiskele_5||200+,0.0
gradient_boosting,cat__basiskele_geo_cluster_x_m2_group_Başiskele_5||76-100,0.0
gradient_boosting,cat__basiskele_geo_cluster_x_m2_group_other||0-75,0.0
gradient_boosting,cat__basiskele_geo_cluster_x_m2_group_other||126-150,0.0
gradient_boosting,cat__basiskele_geo_cluster_x_m2_group_other||151-200,0.0
gradient_boosting,cat__basiskele_geo_cluster_x_m2_group_other||200+,0.0
gradient_boosting,cat__geo_cluster_x_room_count_city_0||1+1,0.0
gradient_boosting,cat__geo_cluster_x_room_count_city_0||2+1,0.0
gradient_boosting,cat__geo_cluster_x_room_count_city_0||3+1,0.0
gradient_boosting,cat__geo_cluster_x_room_count_city_0||4+1,0.0
gradient_boosting,cat__geo_cluster_x_room_count_city_0||5+1,0.0
gradient_boosting,cat__geo_cluster_x_room_count_city_10||1+1,0.0
gradient_boosting,cat__geo_cluster_x_room_count_city_10||2+1,0.0
gradient_boosting,cat__geo_cluster_x_room_count_city_10||4+1,0.0
gradient_boosting,cat__geo_cluster_x_room_count_city_11||1+1,0.0
gradient_boosting,cat__geo_cluster_x_room_count_city_11||2+1,0.0
gradient_boosting,cat__geo_cluster_x_room_count_city_11||3+1,0.0
gradient_boosting,cat__geo_cluster_x_room_count_city_11||4+1,0.0
gradient_boosting,cat__geo_cluster_x_room_count_city_11||4+2,0.0
gradient_boosting,cat__geo_cluster_x_room_count_city_1||1+1,0.0
gradient_boosting,cat__geo_cluster_x_room_count_city_1||3+1,0.0
gradient_boosting,cat__geo_cluster_x_room_count_city_1||3+2,0.0
gradient_boosting,cat__geo_cluster_x_room_count_city_1||4+1,0.0
gradient_boosting,cat__geo_cluster_x_room_count_city_1||4.5+1,0.0
gradient_boosting,cat__geo_cluster_x_room_count_city_1||5+1,0.0
gradient_boosting,cat__geo_cluster_x_room_count_city_1||5+2,0.0
gradient_boosting,cat__geo_cluster_x_room_count_city_2||1+1,0.0
gradient_boosting,cat__geo_cluster_x_room_count_city_2||2+1,0.0
gradient_boosting,cat__geo_cluster_x_room_count_city_2||3+1,0.0
gradient_boosting,cat__geo_cluster_x_room_count_city_2||4+1,0.0
gradient_boosting,cat__geo_cluster_x_room_count_city_2||5+2,0.0
gradient_boosting,cat__geo_cluster_x_room_count_city_3||1+1,0.0
gradient_boosting,cat__geo_cluster_x_room_count_city_3||1.5+1,0.0
gradient_boosting,cat__geo_cluster_x_room_count_city_3||2+1,0.0
gradient_boosting,cat__geo_cluster_x_room_count_city_3||2.5+1,0.0
gradient_boosting,cat__geo_cluster_x_room_count_city_3||3+1,0.0
gradient_boosting,cat__geo_cluster_x_room_count_city_3||4+1,0.0
gradient_boosting,cat__geo_cluster_x_room_count_city_3||4.5+1,0.0
gradient_boosting,cat__geo_cluster_x_room_count_city_3||5+1,0.0
gradient_boosting,cat__geo_cluster_x_room_count_city_3||6+1,0.0
gradient_boosting,cat__geo_cluster_x_room_count_city_4||1+1,0.0
gradient_boosting,cat__geo_cluster_x_room_count_city_4||2+1,0.0
gradient_boosting,cat__geo_cluster_x_room_count_city_4||2.5+1,0.0
gradient_boosting,cat__geo_cluster_x_room_count_city_4||3+1,0.0
gradient_boosting,cat__geo_cluster_x_room_count_city_4||4+1,0.0
gradient_boosting,cat__geo_cluster_x_room_count_city_4||5+1,0.0
gradient_boosting,cat__geo_cluster_x_room_count_city_5||1+1,0.0
gradient_boosting,cat__geo_cluster_x_room_count_city_5||2+1,0.0
gradient_boosting,cat__geo_cluster_x_room_count_city_5||3+1,0.0
gradient_boosting,cat__geo_cluster_x_room_count_city_5||4+1,0.0
gradient_boosting,cat__geo_cluster_x_room_count_city_6||2+1,0.0
gradient_boosting,cat__geo_cluster_x_room_count_city_6||3.5+1,0.0
gradient_boosting,cat__geo_cluster_x_room_count_city_6||4+1,0.0
gradient_boosting,cat__geo_cluster_x_room_count_city_6||5+1,0.0
gradient_boosting,cat__geo_cluster_x_room_count_city_7||2+1,0.0
gradient_boosting,cat__geo_cluster_x_room_count_city_7||3+1,0.0
gradient_boosting,cat__geo_cluster_x_room_count_city_7||4+1,0.0
gradient_boosting,cat__geo_cluster_x_room_count_city_7||5+1,0.0
gradient_boosting,cat__geo_cluster_x_room_count_city_8||1+1,0.0
gradient_boosting,cat__geo_cluster_x_room_count_city_8||2+1,0.0
gradient_boosting,cat__geo_cluster_x_room_count_city_8||4+1,0.0
gradient_boosting,cat__geo_cluster_x_room_count_city_8||5+1,0.0
gradient_boosting,cat__geo_cluster_x_room_count_city_9||1+1,0.0
gradient_boosting,cat__geo_cluster_x_room_count_city_9||2+1,0.0
gradient_boosting,cat__geo_cluster_x_room_count_city_9||3+1,0.0
gradient_boosting,cat__geo_cluster_x_room_count_city_9||3.5+1,0.0
gradient_boosting,cat__geo_cluster_x_room_count_city_9||4+1,0.0
gradient_boosting,cat__geo_cluster_x_room_count_city_9||4+2,0.0
gradient_boosting,cat__geo_cluster_x_room_count_city_9||4.5+1,0.0
gradient_boosting,cat__geo_cluster_x_room_count_missing||1+1,0.0
gradient_boosting,cat__geo_cluster_x_room_count_missing||2+1,0.0
gradient_boosting,cat__geo_cluster_x_room_count_missing||2+2,0.0
gradient_boosting,cat__geo_cluster_x_room_count_missing||4+1,0.0
gradient_boosting,cat__geo_cluster_x_room_count_missing||5+1,0.0
gradient_boosting,cat__site_project_id_akademik_elit_park,0.0
gradient_boosting,cat__site_project_id_akasya_modern,0.0
gradient_boosting,cat__site_project_id_akven_armoni_teras,0.0
gradient_boosting,cat__site_project_id_alacati_dan_yaylacik_mh_de_havuzlu,0.0
gradient_boosting,cat__site_project_id_alizepark_city,0.0
gradient_boosting,cat__site_project_id_altin_vadi,0.0
gradient_boosting,cat__site_project_id_altinkent,0.0
gradient_boosting,cat__site_project_id_altinkent_kalici_konutlari_3_ada,0.0
gradient_boosting,cat__site_project_id_altinkent_kalici_konutlari_5_ada,0.0
gradient_boosting,cat__site_project_id_altinkent_kalici_konutlari_6_ada,0.0
gradient_boosting,cat__site_project_id_altinkent_kalici_konutlari_7_ada,0.0
gradient_boosting,cat__site_project_id_anatolia,0.0
gradient_boosting,cat__site_project_id_ara,0.0
gradient_boosting,cat__site_project_id_armoni_2,0.0
gradient_boosting,cat__site_project_id_asansorlu_butik,0.0
gradient_boosting,cat__site_project_id_asrin,0.0
gradient_boosting,cat__site_project_id_atakent_ustpark,0.0
gradient_boosting,cat__site_project_id_aurapark,0.0
gradient_boosting,cat__site_project_id_aydinkent,0.0
gradient_boosting,cat__site_project_id_aydinkent_kalici,0.0
gradient_boosting,cat__site_project_id_aydinkent_kalici_konutlari_19_ada,0.0
gradient_boosting,cat__site_project_id_aydinkent_kalici_konutlari_20_ada,0.0
gradient_boosting,cat__site_project_id_bahama,0.0
gradient_boosting,cat__site_project_id_bahama_insaat,0.0
gradient_boosting,cat__site_project_id_bahcecik_kalici_konutlar,0.0
gradient_boosting,cat__site_project_id_bahcekent_konutlari,0.0
gradient_boosting,cat__site_project_id_barbaros,0.0
gradient_boosting,cat__site_project_id_barbaros_mah,0.0
gradient_boosting,cat__site_project_id_barbaros_mahallesinde,0.0
gradient_boosting,cat__site_project_id_barbaros_mh,0.0
gradient_boosting,cat__site_project_id_basiskele_de,0.0
gradient_boosting,cat__site_project_id_basiskele_de_asev_muhit,0.0
gradient_boosting,cat__site_project_id_basiskele_de_butik,0.0
gradient_boosting,cat__site_project_id_basiskele_de_havuzlu,0.0
gradient_boosting,cat__site_project_id_basiskele_fatih,0.0
gradient_boosting,cat__site_project_id_basiskelede_prejtijli,0.0
gradient_boosting,cat__site_project_id_birikim_gayrimenkulden,0.0
gradient_boosting,cat__site_project_id_bizim_evler,0.0
gradient_boosting,cat__site_project_id_bloklu_butik,0.0
gradient_boosting,cat__site_project_id_boyunegmez_yasam,0.0
gradient_boosting,cat__site_project_id_bulvar,0.0
gradient_boosting,cat__site_project_id_cadde_53,0.0
gradient_boosting,cat__site_project_id_caglayan_modern_yuvacik,0.0
gradient_boosting,cat__site_project_id_casaba_suite,0.0
gradient_boosting,cat__site_project_id_cati_dubleks_havuzlu,0.0
gradient_boosting,cat__site_project_id_cb_envoy_dan_yesilyurt_mah,0.0
gradient_boosting,cat__site_project_id_cb_mahall_den_pasadag_da,0.0
gradient_boosting,cat__site_project_id_cb_mahall_den_tinaztepede,0.0
gradient_boosting,cat__site_project_id_cb_mark_tan_vadi,0.0
gradient_boosting,cat__site_project_id_ceneviz_adalari,0.0
gradient_boosting,cat__site_project_id_cevizli_vadi,0.0
gradient_boosting,cat__site_project_id_clover_premium,0.0
gradient_boosting,cat__site_project_id_derin_den_yatirim_firsati,0.0
gradient_boosting,cat__site_project_id_dlux,0.0
gradient_boosting,cat__site_project_id_doga,0.0
gradient_boosting,cat__site_project_id_dongel_de,0.0
gradient_boosting,cat__site_project_id_dongelde,0.0
gradient_boosting,cat__site_project_id_dream_gardens,0.0
gradient_boosting,cat__site_project_id_duru_park,0.0
gradient_boosting,cat__site_project_id_durupark,0.0
gradient_boosting,cat__site_project_id_egimsiz,0.0
gradient_boosting,cat__site_project_id_elitium_park,0.0
gradient_boosting,cat__site_project_id_elitium_trio,0.0
gradient_boosting,cat__site_project_id_emar_delux_yuvacik,0.0
gradient_boosting,cat__site_project_id_erenoglu_gm_den,0.0
gradient_boosting,cat__site_project_id_erguvan_konaklari,0.0
gradient_boosting,cat__site_project_id_erturk,0.0
gradient_boosting,cat__site_project_id_esila_park,0.0
gradient_boosting,cat__site_project_id_evimiz_kocaeli,0.0
gradient_boosting,cat__site_project_id_fatih_mah,0.0
gradient_boosting,cat__site_project_id_fatih_mahallesinde,0.0
gradient_boosting,cat__site_project_id_garden,0.0
gradient_boosting,cat__site_project_id_gokce,0.0
gradient_boosting,cat__site_project_id_gun_isigi,0.0
gradient_boosting,cat__site_project_id_hanzade_palace,0.0
gradient_boosting,cat__site_project_id_havuzlu,0.0
gradient_boosting,cat__site_project_id_helin,0.0
gradient_boosting,cat__site_project_id_inci,0.0
gradient_boosting,cat__site_project_id_invest_globalden_zeray_kent,0.0
gradient_boosting,cat__site_project_id_isil,0.0
gradient_boosting,cat__site_project_id_iskar_elit_kent,0.0
gradient_boosting,cat__site_project_id_kardelen,0.0
gradient_boosting,cat__site_project_id_kirazli_kent,0.0
gradient_boosting,cat__site_project_id_kolayli,0.0
gradient_boosting,cat__site_project_id_kolayli_karsiyaka,0.0
gradient_boosting,cat__site_project_id_kolayli_kullar,0.0
gradient_boosting,cat__site_project_id_kredili_dusuk_faiz_yuksek_konforlu,0.0
gradient_boosting,cat__site_project_id_kuba,0.0
gradient_boosting,cat__site_project_id_kucuk_yali,0.0
gradient_boosting,cat__site_project_id_kullar,0.0
gradient_boosting,cat__site_project_id_kullar_da_prestijli_yasam,0.0
gradient_boosting,cat__site_project_id_kullar_da_ultra_ebeveyn_banyolu,0.0
gradient_boosting,cat__site_project_id_kullar_tepecik_de,0.0
gradient_boosting,cat__site_project_id_kullar_tepecik_mah,0.0
gradient_boosting,cat__site_project_id_kullar_yakacik_ta_kacirilmayacak_butik,0.0
gradient_boosting,cat__site_project_id_kullar_yaylacik_mahallesi,0.0
gradient_boosting,cat__site_project_id_kw_arven_den_ted_kolejine_komsu_havuzlu,0.0
gradient_boosting,cat__site_project_id_loca_torunoglu,0.0
gradient_boosting,cat__site_project_id_lotus,0.0
gradient_boosting,cat__site_project_id_lotus_mahza,0.0
gradient_boosting,cat__site_project_id_mahall_yuvacik_2,0.0
gradient_boosting,cat__site_project_id_mamik_life,0.0
gradient_boosting,cat__site_project_id_mamik_reform,0.0
gradient_boosting,cat__site_project_id_manar_terrace,0.0
gradient_boosting,cat__site_project_id_manar_yuvacik,0.0
gradient_boosting,cat__site_project_id_manar_yuvacik_2,0.0
gradient_boosting,cat__site_project_id_manar_yuvacik_3,0.0
gradient_boosting,cat__site_project_id_manaryuvacik,0.0
gradient_boosting,cat__site_project_id_marmara_elit,0.0
gradient_boosting,cat__site_project_id_marmara_elit_yapi_kooperatifi,0.0
gradient_boosting,cat__site_project_id_mavi_yesil_park,0.0
gradient_boosting,cat__site_project_id_may_city,0.0
gradient_boosting,cat__site_project_id_may_kent_2,0.0
gradient_boosting,cat__site_project_id_megatron_azize,0.0
gradient_boosting,cat__site_project_id_mehmet_akif_ersoy,0.0
gradient_boosting,cat__site_project_id_memur_sen,0.0
gradient_boosting,cat__site_project_id_merkezde_essiz_bir,0.0
gradient_boosting,cat__site_project_id_missing,0.0
gradient_boosting,cat__site_project_id_mona_vadi,0.0
gradient_boosting,cat__site_project_id_my_house_yuvacik,0.0
gradient_boosting,cat__site_project_id_my_yaka,0.0
gradient_boosting,cat__site_project_id_naturapark,0.0
gradient_boosting,cat__site_project_id_oksijen_konaklari,0.0
gradient_boosting,cat__site_project_id_oluklu_life,0.0
gradient_boosting,cat__site_project_id_orka_life,0.0
gradient_boosting,cat__site_project_id_orka_life_2,0.0
gradient_boosting,cat__site_project_id_ozemsan,0.0
gradient_boosting,cat__site_project_id_panorama_3,0.0
gradient_boosting,cat__site_project_id_panoramakent_1,0.0
gradient_boosting,cat__site_project_id_panoramakent_2,0.0
gradient_boosting,cat__site_project_id_panoramakent_3,0.0
gradient_boosting,cat__site_project_id_panoramakent_4,0.0
gradient_boosting,cat__site_project_id_parla_100_yil,0.0
gradient_boosting,cat__site_project_id_pasadag_100_yil_parla,0.0
gradient_boosting,cat__site_project_id_pasadag_mah_full_deniz_manzarali,0.0
gradient_boosting,cat__site_project_id_pasadag_mh_de_konsept_talha_park,0.0
gradient_boosting,cat__site_project_id_pasadagi,0.0
gradient_boosting,cat__site_project_id_pera_park,0.0
gradient_boosting,cat__site_project_id_platinium,0.0
gradient_boosting,cat__site_project_id_polen_park,0.0
gradient_boosting,cat__site_project_id_remax_dreamden_fatih_de,0.0
gradient_boosting,cat__site_project_id_reyhan,0.0
gradient_boosting,cat__site_project_id_ritim_vadi_evleri,0.0
gradient_boosting,cat__site_project_id_rose_garden,0.0
gradient_boosting,cat__site_project_id_royal_city_akkurt,0.0
gradient_boosting,cat__site_project_id_royal_country,0.0
gradient_boosting,cat__site_project_id_royal_life,0.0
gradient_boosting,cat__site_project_id_royal_park,0.0
gradient_boosting,cat__site_project_id_rozna,0.0
gradient_boosting,cat__site_project_id_listing_portal,0.0
gradient_boosting,cat__site_project_id_listing_portal_vadi_yuvacik,0.0
gradient_boosting,cat__site_project_id_secret_garden,0.0
gradient_boosting,cat__site_project_id_selimoglu,0.0
gradient_boosting,cat__site_project_id_sembol_kent,0.0
gradient_boosting,cat__site_project_id_semt_bahcecik,0.0
gradient_boosting,cat__site_project_id_seymen,0.0
gradient_boosting,cat__site_project_id_seyr_i_vadi,0.0
gradient_boosting,cat__site_project_id_seyri_vadi,0.0
gradient_boosting,cat__site_project_id_supark_megaron,0.0
gradient_boosting,cat__site_project_id_tanta_emlak_tan,0.0
gradient_boosting,cat__site_project_id_temizel_tepe_loft,0.0
gradient_boosting,cat__site_project_id_teras_marmara,0.0
gradient_boosting,cat__site_project_id_terasta_life,0.0
gradient_boosting,cat__site_project_id_terra_nova,0.0
gradient_boosting,cat__site_project_id_tinaztepede,0.0
gradient_boosting,cat__site_project_id_torpidocular,0.0
gradient_boosting,cat__site_project_id_torunogullari_park_2,0.0
gradient_boosting,cat__site_project_id_twinkle_life,0.0
gradient_boosting,cat__site_project_id_ust_deniz_manzarali_asansorlu,0.0
gradient_boosting,cat__site_project_id_ust_park_atakent,0.0
gradient_boosting,cat__site_project_id_ust_park_yuvacik,0.0
gradient_boosting,cat__site_project_id_ustgrup_lifeside,0.0
gradient_boosting,cat__site_project_id_ustgrup_mezire,0.0
gradient_boosting,cat__site_project_id_ustpark_afraze,0.0
gradient_boosting,cat__site_project_id_ustpark_yuvacik,0.0
gradient_boosting,cat__site_project_id_vadi,0.0
gradient_boosting,cat__site_project_id_vadi_suit,0.0
gradient_boosting,cat__site_project_id_vadi_yuvacik,0.0
gradient_boosting,cat__site_project_id_venedik,0.0
gradient_boosting,cat__site_project_id_villa_liva,0.0
gradient_boosting,cat__site_project_id_vira,0.0
gradient_boosting,cat__site_project_id_vistapark,0.0
gradient_boosting,cat__site_project_id_vizyon_dan,0.0
gradient_boosting,cat__site_project_id_vizyon_dan_basiskelede,0.0
gradient_boosting,cat__site_project_id_yagmurkent,0.0
gradient_boosting,cat__site_project_id_yakamoz_konutlari,0.0
gradient_boosting,cat__site_project_id_yakut_konaklari,0.0
gradient_boosting,cat__site_project_id_yaylacik_mh_de_havuzlu,0.0
gradient_boosting,cat__site_project_id_yenikoy_kalici_konutlari_12_ada,0.0
gradient_boosting,cat__site_project_id_yesilkent_kalici,0.0
gradient_boosting,cat__site_project_id_yesilyurt,0.0
gradient_boosting,cat__site_project_id_yesilyurt_mah_durupark,0.0
gradient_boosting,cat__site_project_id_yesilyurt_mahallesin_de,0.0
gradient_boosting,cat__site_project_id_yesilyurtda,0.0
gradient_boosting,cat__site_project_id_yildiz,0.0
gradient_boosting,cat__site_project_id_yonca_evleri_2,0.0
gradient_boosting,cat__site_project_id_yuksek_giris_butik,0.0
gradient_boosting,cat__site_project_id_yusra,0.0
gradient_boosting,cat__site_project_id_yuvacik_doga,0.0
gradient_boosting,cat__site_project_id_yuvacik_eksioglu_metsan,0.0
gradient_boosting,cat__site_project_id_yuvacik_kalici_konutlari_10_ada,0.0
gradient_boosting,cat__site_project_id_yuvacik_kalici_konutlari_1_ada,0.0
gradient_boosting,cat__site_project_id_yuvacik_kalici_konutlari_2_ada,0.0
gradient_boosting,cat__site_project_id_yuvacik_manar,0.0
gradient_boosting,cat__site_project_id_yuvacik_pasadag_yesil_vadi,0.0
gradient_boosting,cat__site_project_id_yuvacik_pasadagi_mh,0.0
gradient_boosting,cat__site_project_id_yuvacik_ta_prestijli,0.0
gradient_boosting,cat__site_project_id_yuvacik_vadi,0.0
gradient_boosting,cat__site_project_id_yuvacikta,0.0
gradient_boosting,cat__site_project_id_yuvana_evleri,0.0
gradient_boosting,cat__site_project_id_yuz_yapi_dan_deniz_ve_vadi,0.0
gradient_boosting,cat__site_project_id_zeray_gunesi,0.0
gradient_boosting,cat__site_project_id_zeray_kent,0.0
gradient_boosting,cat__site_project_id_zeray_korupark,0.0
gradient_boosting,cat__site_project_id_zeray_perla,0.0
gradient_boosting,cat__site_project_id_zeraykent_yuvacik,0.0
gradient_boosting,cat__site_project_match_source_missing,0.0
gradient_boosting,cat__site_project_match_source_site_name,0.0
gradient_boosting,cat__site_project_match_source_title,0.0
gradient_boosting,cat__site_quality_tier_premium,0.0
gradient_boosting,cat__site_quality_tier_unknown,0.0
gradient_boosting,cat__site_tier_x_district_mid__aydinkent mh.,0.0
gradient_boosting,cat__site_tier_x_district_mid__havuzlubahce mh.,0.0
gradient_boosting,cat__site_tier_x_district_mid__yenikoy merkez mh.,0.0
gradient_boosting,cat__site_tier_x_district_mid__yesilyurt mh.,0.0
gradient_boosting,cat__site_tier_x_district_premium__bahcecik kilicaslan mh.,0.0
gradient_boosting,cat__site_tier_x_district_premium__fatih mah.,0.0
gradient_boosting,cat__site_tier_x_district_premium__mahmutpasa mh.,0.0
gradient_boosting,cat__site_tier_x_district_premium__pasadag mh.,0.0
gradient_boosting,cat__site_tier_x_district_premium__yesilyurt mh.,0.0
gradient_boosting,cat__site_tier_x_district_unknown__altinkent mh.,0.0
gradient_boosting,cat__site_tier_x_district_unknown__atakent mah.,0.0
gradient_boosting,cat__site_tier_x_district_unknown__aydinkent mh.,0.0
gradient_boosting,cat__site_tier_x_district_unknown__bahcecik kilicaslan mh.,0.0
gradient_boosting,cat__site_tier_x_district_unknown__bahcecik sehitekrem mh.,0.0
gradient_boosting,cat__site_tier_x_district_unknown__barbaros mah.,0.0
gradient_boosting,cat__site_tier_x_district_unknown__damlar mah.,0.0
gradient_boosting,cat__site_tier_x_district_unknown__dongel mh.,0.0
gradient_boosting,cat__site_tier_x_district_unknown__fatih mah.,0.0
gradient_boosting,cat__site_tier_x_district_unknown__havuzlubahce mh.,0.0
gradient_boosting,cat__site_tier_x_district_unknown__karsiyaka mh.,0.0
gradient_boosting,cat__site_tier_x_district_unknown__korfez mh.,0.0
gradient_boosting,cat__site_tier_x_district_unknown__kullar merkez mh.,0.0
gradient_boosting,cat__site_tier_x_district_unknown__kullar tepecik mh.,0.0
gradient_boosting,cat__site_tier_x_district_unknown__kullar yakacik mh.,0.0
gradient_boosting,cat__site_tier_x_district_unknown__pasadag mh.,0.0
gradient_boosting,cat__site_tier_x_district_unknown__sahil mah.,0.0
gradient_boosting,cat__site_tier_x_district_unknown__serdar mah.,0.0
gradient_boosting,cat__site_tier_x_district_unknown__seymen mah.,0.0
gradient_boosting,cat__site_tier_x_district_unknown__tepecik mh.,0.0
gradient_boosting,cat__site_tier_x_district_unknown__vezirciftligi mh.,0.0
gradient_boosting,cat__site_tier_x_district_unknown__yaylacik mh.,0.0
gradient_boosting,cat__site_tier_x_district_unknown__yenikoy merkez mh.,0.0
gradient_boosting,cat__site_tier_x_district_unknown__yesilkent mh.,0.0
gradient_boosting,cat__site_tier_x_district_unknown__yesilyurt mh.,0.0
gradient_boosting,cat__site_tier_x_district_unknown__yuvacik yakacik mh.,0.0
gradient_boosting,cat__site_id_bucket_x_district_b0__altinkent mh.,0.0
gradient_boosting,cat__site_id_bucket_x_district_b0__atakent mah.,0.0
gradient_boosting,cat__site_id_bucket_x_district_b0__aydinkent mh.,0.0
gradient_boosting,cat__site_id_bucket_x_district_b0__bahcecik kilicaslan mh.,0.0
gradient_boosting,cat__site_id_bucket_x_district_b0__bahcecik sehitekrem mh.,0.0
gradient_boosting,cat__site_id_bucket_x_district_b0__damlar mah.,0.0
gradient_boosting,cat__site_id_bucket_x_district_b0__dongel mh.,0.0
gradient_boosting,cat__site_id_bucket_x_district_b0__havuzlubahce mh.,0.0
gradient_boosting,cat__site_id_bucket_x_district_b0__karsiyaka mh.,0.0
gradient_boosting,cat__site_id_bucket_x_district_b0__korfez mh.,0.0
gradient_boosting,cat__site_id_bucket_x_district_b0__kullar merkez mh.,0.0
gradient_boosting,cat__site_id_bucket_x_district_b0__kullar tepecik mh.,0.0
gradient_boosting,cat__site_id_bucket_x_district_b0__kullar yakacik mh.,0.0
gradient_boosting,cat__site_id_bucket_x_district_b0__mahmutpasa mh.,0.0
gradient_boosting,cat__site_id_bucket_x_district_b0__sahil mah.,0.0
gradient_boosting,cat__site_id_bucket_x_district_b0__serdar mah.,0.0
gradient_boosting,cat__site_id_bucket_x_district_b0__tepecik mh.,0.0
gradient_boosting,cat__site_id_bucket_x_district_b0__vezirciftligi mh.,0.0
gradient_boosting,cat__site_id_bucket_x_district_b0__yaylacik mh.,0.0
gradient_boosting,cat__site_id_bucket_x_district_b0__yenikoy merkez mh.,0.0
gradient_boosting,cat__site_id_bucket_x_district_b0__yesilkent mh.,0.0
gradient_boosting,cat__site_id_bucket_x_district_b0__yesilyurt mh.,0.0
gradient_boosting,cat__site_id_bucket_x_district_b0__yuvacik yakacik mh.,0.0
gradient_boosting,cat__site_id_bucket_x_district_b1__altinkent mh.,0.0
gradient_boosting,cat__site_id_bucket_x_district_b1__atakent mah.,0.0
gradient_boosting,cat__site_id_bucket_x_district_b1__aydinkent mh.,0.0
gradient_boosting,cat__site_id_bucket_x_district_b1__bahcecik sehitekrem mh.,0.0
gradient_boosting,cat__site_id_bucket_x_district_b1__barbaros mah.,0.0
gradient_boosting,cat__site_id_bucket_x_district_b1__damlar mah.,0.0
gradient_boosting,cat__site_id_bucket_x_district_b1__dongel mh.,0.0
gradient_boosting,cat__site_id_bucket_x_district_b1__fatih mah.,0.0
gradient_boosting,cat__site_id_bucket_x_district_b1__korfez mh.,0.0
gradient_boosting,cat__site_id_bucket_x_district_b1__kullar tepecik mh.,0.0
gradient_boosting,cat__site_id_bucket_x_district_b1__kullar yakacik mh.,0.0
gradient_boosting,cat__site_id_bucket_x_district_b1__mahmutpasa mh.,0.0
gradient_boosting,cat__site_id_bucket_x_district_b1__serdar mah.,0.0
gradient_boosting,cat__site_id_bucket_x_district_b1__seymen mah.,0.0
gradient_boosting,cat__site_id_bucket_x_district_b1__yaylacik mh.,0.0
gradient_boosting,cat__site_id_bucket_x_district_b1__yenikoy merkez mh.,0.0
gradient_boosting,cat__site_id_bucket_x_district_b1__yesilkent mh.,0.0
gradient_boosting,cat__site_id_bucket_x_district_b2__altinkent mh.,0.0
gradient_boosting,cat__site_id_bucket_x_district_b2__aydinkent mh.,0.0
gradient_boosting,cat__site_id_bucket_x_district_b2__barbaros mah.,0.0
gradient_boosting,cat__site_id_bucket_x_district_b2__damlar mah.,0.0
gradient_boosting,cat__site_id_bucket_x_district_b2__dongel mh.,0.0
gradient_boosting,cat__site_id_bucket_x_district_b2__fatih mah.,0.0
gradient_boosting,cat__site_id_bucket_x_district_b2__pasadag mh.,0.0
gradient_boosting,cat__site_id_bucket_x_district_b2__serdar mah.,0.0
gradient_boosting,cat__site_id_bucket_x_district_b2__seymen mah.,0.0
gradient_boosting,cat__site_id_bucket_x_district_b2__yaylacik mh.,0.0
gradient_boosting,cat__site_id_bucket_x_district_b2__yesilkent mh.,0.0
gradient_boosting,cat__site_id_bucket_x_district_b2__yesilyurt mh.,0.0
gradient_boosting,cat__site_id_bucket_x_district_b3__altinkent mh.,0.0
gradient_boosting,cat__site_id_bucket_x_district_b3__aydinkent mh.,0.0
gradient_boosting,cat__site_id_bucket_x_district_b3__bahcecik kilicaslan mh.,0.0
gradient_boosting,cat__site_id_bucket_x_district_b3__fatih mah.,0.0
gradient_boosting,cat__site_id_bucket_x_district_b3__havuzlubahce mh.,0.0
gradient_boosting,cat__site_id_bucket_x_district_b3__pasadag mh.,0.0
gradient_boosting,cat__site_id_bucket_x_district_b3__yenikoy merkez mh.,0.0
gradient_boosting,cat__site_id_bucket_x_district_b3__yesilyurt mh.,0.0
gradient_boosting,cat__site_id_bucket_x_district_b4__fatih mah.,0.0
gradient_boosting,cat__site_id_bucket_x_district_b4__mahmutpasa mh.,0.0
gradient_boosting,cat__site_id_bucket_x_district_b4__pasadag mh.,0.0
gradient_boosting,cat__duplex_type_middle_floor,0.0
gradient_boosting,cat__duplex_type_none,0.0
gradient_boosting,cat__duplex_type_roof,0.0
gradient_boosting,cat__duplex_type_standard,0.0
gradient_boosting,cat__duplex_match_source_conflict_detail_wins,0.0
gradient_boosting,cat__duplex_match_source_none,0.0
gradient_boosting,cat__large_home_bucket_220_280,0.0
gradient_boosting,cat__large_home_bucket_280p,0.0
gradient_boosting,cat__large_home_bucket_lt180,0.0
gradient_boosting,cat__duplex_x_district_duplex__Altınkent Mh.,0.0
gradient_boosting,cat__duplex_x_district_duplex__Atakent Mah.,0.0
gradient_boosting,cat__duplex_x_district_duplex__Aydınkent Mh.,0.0
gradient_boosting,cat__duplex_x_district_duplex__Bahçecik Kılıçaslan Mh.,0.0
gradient_boosting,cat__duplex_x_district_duplex__Bahçecik Şehitekrem Mh.,0.0
gradient_boosting,cat__duplex_x_district_duplex__Barbaros Mah.,0.0
gradient_boosting,cat__duplex_x_district_duplex__Damlar Mah.,0.0
gradient_boosting,cat__duplex_x_district_duplex__Döngel Mh.,0.0
gradient_boosting,cat__duplex_x_district_duplex__Kullar Merkez Mh.,0.0
gradient_boosting,cat__duplex_x_district_duplex__Kullar Tepecik Mh.,0.0
gradient_boosting,cat__duplex_x_district_duplex__Körfez Mh.,0.0
gradient_boosting,cat__duplex_x_district_duplex__Mahmutpaşa Mh.,0.0
gradient_boosting,cat__duplex_x_district_duplex__Sahil Mah.,0.0
gradient_boosting,cat__duplex_x_district_duplex__Serdar Mah.,0.0
gradient_boosting,cat__duplex_x_district_duplex__Seymen Mah.,0.0
gradient_boosting,cat__duplex_x_district_duplex__Yaylacık Mh.,0.0
gradient_boosting,cat__duplex_x_district_duplex__Yeniköy Merkez Mh.,0.0
gradient_boosting,cat__duplex_x_district_duplex__Yeşilkent Mh.,0.0
gradient_boosting,cat__duplex_x_district_duplex__Yeşilyurt Mh.,0.0
gradient_boosting,cat__duplex_x_district_duplex__Yuvacık Yakacık Mh.,0.0
gradient_boosting,cat__duplex_x_district_nonduplex,0.0
gradient_boosting,cat__duplex_x_site_quality_tier_duplex__mid,0.0
gradient_boosting,cat__duplex_x_site_quality_tier_duplex__premium,0.0
gradient_boosting,cat__duplex_x_site_quality_tier_nonduplex,0.0
gradient_boosting,cat__roof_duplex_x_floor_segment_nonroof,0.0
gradient_boosting,cat__roof_duplex_x_floor_segment_roof__Ara Kat,0.0
gradient_boosting,cat__roof_duplex_x_floor_segment_roof__Bahçe,0.0
gradient_boosting,cat__roof_duplex_x_floor_segment_roof__En Üst Kat,0.0
gradient_boosting,cat__roof_duplex_x_floor_segment_roof__Zemin/Giriş,0.0
gradient_boosting,cat__roof_duplex_x_floor_segment_roof__Çatı,0.0
gradient_boosting,cat__middle_floor_duplex_x_floor_segment_mid__Ara Kat,0.0
gradient_boosting,cat__middle_floor_duplex_x_floor_segment_mid__En Üst Kat,0.0
gradient_boosting,cat__middle_floor_duplex_x_floor_segment_mid__Zemin/Giriş,0.0
gradient_boosting,cat__middle_floor_duplex_x_floor_segment_nonmid,0.0
gradient_boosting,cat__large_home_x_site_project_id_bucket_lh__n10_29,0.0
gradient_boosting,cat__large_home_x_site_project_id_bucket_lh__n3_9,0.0
gradient_boosting,cat__large_home_x_site_project_id_bucket_non_lh,0.0
