county,n,mape,mae,mean_bias,r2
Başiskele,919,0.10592212961793465,4361.803379984466,-390.40454000620474,0.5016295132755351
