district,sale_pred_old,sale_pred_new,sale_diff_tl_m2,sale_diff_pct,warning
missing,26462.06454719504,34684.94510010429,8222.88055290925,0.31074221507712513,
