model,feature,importance
extra_trees,num__district_m2_group_target_median,0.0607465825197639
extra_trees,num__is_old_building,0.04365856331141818
extra_trees,num__district_room_count_target_median,0.036329573694585345
extra_trees,num__attr_is_old_building,0.015084379972955163
extra_trees,num__attr_has_elevator,0.01466669851744667
extra_trees,cat__elevator_Var,0.013549054656262514
extra_trees,num__location_baseline_log,0.012174616346336549
extra_trees,num__location_baseline_m2,0.011564277656478382
extra_trees,num__attr_effect_building_age_bucket,0.011251104979306887
extra_trees,num__building_age,0.01096188123228957
extra_trees,cat__detail_konut_tipi_Ara Kat,0.010872474234031194
extra_trees,num__detail_effect_subtype_sum,0.010266000254133288
extra_trees,num__attr_m2_per_room,0.01020879108760473
extra_trees,num__attr_building_age_score,0.009611166506080439
extra_trees,num__detail_effect_subtype_mean,0.00936240985652188
extra_trees,cat__usage_status_Mülk Sahibi,0.008801859676347073
extra_trees,num__attr_total_quality_score,0.008369588576716554
extra_trees,num__estimated_monthly_rent_gross,0.00817352726059614
extra_trees,num__attr_compactness_score,0.007842144968226869
extra_trees,num__trend_sale_m2,0.00745871270637415
extra_trees,num__dues,0.006592786025819277
extra_trees,num__trend_yield,0.006229577007692923
extra_trees,cat__demo_dominant_age_group_65+,0.005947183080837263
extra_trees,num__detail_effect_total_mean,0.00586889887677434
extra_trees,num__distance_to_coast_x_near_sea_zero,0.005496764400075874
extra_trees,num__detail_effect_outside_x_attr_quality,0.005004372165800624
extra_trees,num__gross_m2,0.004966129650653477
extra_trees,num__detail_effect_inside_x_attr_quality,0.004774234326351425
extra_trees,cat__heating_Kombi (Doğalgaz),0.004735066598438609
extra_trees,num__detail_effect_total_x_attr_quality,0.004708055090266347
extra_trees,num__attr_effect_elevator,0.004633598186363902
extra_trees,num__detail_effect_outside_sum,0.004575652548789521
extra_trees,num__demo_age_65_plus,0.0045082230717793815
extra_trees,num__detail_effect_outside_mean,0.00449748013113147
extra_trees,num__location_baseline_vs_trend,0.004473354984767712
extra_trees,num__demo_old_ratio,0.00446471441231549
extra_trees,num__net_m2,0.004449302857037226
extra_trees,num__total_floors,0.004442851495449328
extra_trees,num__distance_to_coast_x_large_home,0.004401418605717209
extra_trees,num__district_target_mean,0.004373228427668496
extra_trees,cat__parking_Açık Otopark,0.0042557376378762396
extra_trees,num__detail_effect_inside_mean,0.0042218333951431946
extra_trees,num__detail_effect_inside_sum,0.004190954700975651
extra_trees,num__bearing_from_district_centroid_cos,0.0040817709516646145
extra_trees,num__detail_effect_total_sum,0.004068936600362675
extra_trees,num__attr_effect_total_quality_bucket,0.0040660703681485
extra_trees,num__site_project_oof_residual_mean,0.003994638219712394
extra_trees,num__bearing_from_district_centroid_sin,0.003967834314592551
extra_trees,num__location_baseline_level_code,0.00394282753867267
extra_trees,num__attr_compact_home_x_quality,0.00390837488916508
extra_trees,num__bathroom_count,0.003846821794646684
extra_trees,num__detail_effect_county_total_sum,0.003842415621277432
extra_trees,num__site_project_oof_price_level,0.003838697423509813
extra_trees,num__attr_is_mid_age_building,0.003797568749222234
extra_trees,cat__usage_status_Boş,0.0036396920915178475
extra_trees,num__demo_divorced_ratio,0.0035739604998199885
extra_trees,num__net_gross_ratio,0.0035720693365691365
extra_trees,num__attr_net_gross_ratio,0.003443274494500956
extra_trees,cat__elevator_Yok,0.0034080125461652525
extra_trees,num__attr_building_age_inverse,0.0033835863075012485
extra_trees,num__attr_quality_x_location_baseline,0.0033505169303187296
extra_trees,num__attr_quality_x_county_income,0.0033240354313686694
extra_trees,num__remaining_floors,0.0032006622806850875
extra_trees,num__detail_effect_district_total_sum,0.0031641995055294993
extra_trees,num__basiskele_detail_group_bucket_median,0.0030675632900417924
extra_trees,num__floor_num,0.0030054470871201345
extra_trees,num__district_room_rent_m2_count,0.0030004148554983313
extra_trees,num__attr_quality_x_demo_income,0.0029632828188368484
extra_trees,num__large_home_m2_excess,0.0029525553846318667
extra_trees,num__detail_effect_view_mean,0.00293014469055487
extra_trees,num__district_m2_group_rent_m2_count,0.002913316938999233
extra_trees,num__location_baseline_count,0.002790741533015221
extra_trees,num__detail_effect_front_sum,0.0027824188974415894
extra_trees,num__distance_to_district_centroid_m,0.002723158160914876
extra_trees,cat__m2_group_126-150,0.002686459556624412
extra_trees,cat__m2_group_101-125,0.002677715080948498
extra_trees,num__detail_inside_count,0.002674758409349518
extra_trees,num__distance_to_coast_x_view_sea,0.0026577269235939843
extra_trees,cat__usage_status_Kiracılı,0.002650758647933161
extra_trees,num__bearing_from_county_centroid_cos,0.0026167637927008718
extra_trees,num__district_m2_group_rent_m2_median,0.0025851972865543246
extra_trees,num__detail_front_count,0.0025689346293026084
extra_trees,num__floor_ratio,0.0025629483874213457
extra_trees,num__detail_effect_front_mean,0.0025564866948037637
extra_trees,num__detail_transport_count,0.0025529769457774886
extra_trees,num__detail_near_count,0.002549850810392938
extra_trees,num__attr_floor_ratio,0.002534827114389464
extra_trees,num__detail_effect_total_abs_sum,0.002511577237076783
extra_trees,cat__building_age_group_21-25 arası,0.0025114388339001026
extra_trees,num__detail_effect_view_x_location_baseline,0.0024625900075769926
extra_trees,num__demo_widow_ratio,0.002451044015845913
extra_trees,num__lat_centered_county,0.002442147386498037
extra_trees,num__detail_effect_negative_count,0.0024348041551574507
extra_trees,num__detail_effect_view_sum,0.002429471787465128
extra_trees,num__front_score,0.002419155368074649
extra_trees,num__nearby_score,0.002418991067356195
extra_trees,cat__room_count_3+1,0.0023796731263955938
extra_trees,cat__coast_distance_bucket_500_1000,0.0023770403371421245
extra_trees,cat__floor_segment_Zemin/Giriş,0.002343124572006086
extra_trees,num__inside_quality_score,0.0023224398621766126
extra_trees,cat__kitchen_Kapalı,0.002315441865155494
extra_trees,num__distance_to_geo_cluster_center_m,0.0023127460213551586
extra_trees,cat__kitchen_Açık (Amerikan),0.002257612773580236
extra_trees,num__detail_effect_level_code,0.0022486341379021847
extra_trees,num__transport_score,0.0022481483987637366
extra_trees,cat__building_age_group_0 (Oturuma Hazır),0.002215525534363501
extra_trees,num__attr_is_new_building,0.0021683186543886984
extra_trees,num__detail_view_count,0.0021524978576167187
extra_trees,num__demo_population_density,0.002125412536186397
extra_trees,num__accessibility_score,0.0021226064290886383
extra_trees,num__site_security_score,0.0021206326131687813
extra_trees,num__distance_to_county_centroid_m,0.002120347746165175
extra_trees,num__attr_quality_x_district_median,0.0021086108268584805
extra_trees,num__location_quality_x_detail_effect_total,0.0020876416839930296
extra_trees,num__county_room_count_target_median,0.0020713248593826655
extra_trees,num__bearing_from_county_centroid_sin,0.0020469601042415533
extra_trees,num__attr_amenity_score,0.002045687173299874
extra_trees,cat__detail_konut_tipi_missing,0.002038139048321157
extra_trees,num__estimated_rent_m2_gross,0.0020193876316774552
extra_trees,num__attr_is_middle_floor,0.002019127402367079
extra_trees,num__detail_selected_count,0.002016744710211865
extra_trees,num__detail_quality_score,0.0019795503632512633
extra_trees,num__outside_quality_score,0.001958188631677052
extra_trees,num__detail_effect_positive_count,0.0019580412484296018
extra_trees,num__detail_outside_count,0.0019215111210074884
extra_trees,cat__detail_cephe_missing,0.001917928365321573
extra_trees,cat__m2_group_76-100,0.0019154319076081531
extra_trees,num__attr_net_gross_good,0.0019150985683520935
extra_trees,num__detail_effect_nearby_sum,0.0019021106044923568
extra_trees,num__detail_effect_nearby_mean,0.0018808009139232513
extra_trees,num__view_score,0.0018776175152369528
extra_trees,num__detail_effect_transport_sum,0.001865411902873037
extra_trees,cat__heating_Yerden Isıtma,0.0018629474104518051
extra_trees,num__district_target_median,0.0018523994157275633
extra_trees,cat__detail_manzara_Şehir,0.001842275969092267
extra_trees,num__detail_effect_used_count,0.0018351525868135496
extra_trees,cat__m2_group_200+,0.0018242954927308146
extra_trees,num__detail_effect_transport_mean,0.0018217248442922533
extra_trees,num__district_room_rent_m2_median,0.001818057138259102
extra_trees,num__distance_to_coastline_m,0.0017948439687334972
extra_trees,num__large_home_log_m2,0.0017842394153577451
extra_trees,cat__parking_Açık & Kapalı Otopark,0.00177754119523284
extra_trees,cat__coast_distance_bucket_1000_3000,0.0017498150920226504
extra_trees,num__demo_old_ratio_diff_county,0.0017083294916932115
extra_trees,num__lat,0.0017024719128521945
extra_trees,num__lon_centered_county,0.0016911331804200652
extra_trees,cat__floor_segment_Ara Kat,0.0016882996419376435
extra_trees,cat__detail_cephe_Doğu|Güney,0.0016684367364045644
extra_trees,num__lat_centered_city,0.0016657855671104998
extra_trees,num__attr_large_home_x_quality,0.001650345808403816
extra_trees,cat__building_age_group_6-10 arası,0.0016330607874632107
extra_trees,cat__detail_cephe_Batı|Güney,0.001629934650934699
extra_trees,num__attr_floor_quality_score,0.001620743364590033
extra_trees,num__attr_effect_site_inside,0.001584377785353847
extra_trees,num__demo_household_size,0.0015821195697897346
extra_trees,cat__room_count_2+1,0.0015669058454234957
extra_trees,num__large_home_quality_x_m2,0.0015652420802762714
extra_trees,cat__demo_dominant_age_group_35-39,0.0015585043466359958
extra_trees,num__demo_age_0_14,0.001557687746639603
extra_trees,num__is_middle_floor,0.0015490381364770443
extra_trees,num__demo_ses_d_ratio,0.001544922175161826
extra_trees,num__large_home_detail_premium_x_m2,0.0015382053607310901
extra_trees,num__distance_to_golcuk_center_m,0.0015299579669560324
extra_trees,num__attr_is_ground_or_below,0.0015280156147858108
extra_trees,num__attr_heating_quality_score,0.0015196468366553857
extra_trees,num__demo_age_55_64,0.0014934878476782613
extra_trees,num__large_home_net_gross_quality,0.0014702991664277247
extra_trees,cat__furnished_Hayır,0.0014672222256205722
extra_trees,num__attr_new_building_x_site_inside,0.0014523960033665949
extra_trees,num__is_new_building,0.0014516830936492967
extra_trees,num__demo_age_65_plus_count,0.0014465642506301417
extra_trees,num__large_home_room_density,0.0014461468331090086
extra_trees,num__attr_net_gross_bad,0.0014339084144470381
extra_trees,num__trend_sale_annual_change,0.00143283831375292
extra_trees,num__demo_vehicle_per_capita,0.0014243859236747697
extra_trees,cat__detail_manzara_Deniz,0.0014070576441094034
extra_trees,num__trend_rent_m2,0.0013967667993644883
extra_trees,cat__district_Cumhuriyet Mah.,0.0013884305313129315
extra_trees,num__basiskele_district_premium_bucket_mean,0.001376769940041931
extra_trees,cat__site_project_x_county_missing__izmit,0.0013713902707903672
extra_trees,num__distance_to_izmit_center_m,0.0013683726270023841
extra_trees,num__demo_pharmacy_count,0.0013520088815266824
extra_trees,num__trend_count_sale,0.0013471820472133265
extra_trees,num__distance_to_sahil_m,0.0013470313685815401
extra_trees,cat__parking_Kapalı Otopark,0.0013469549232386201
extra_trees,cat__coast_distance_bucket_3000_plus,0.0013425901156462851
extra_trees,num__attr_old_building_x_no_elevator,0.001337230960217903
extra_trees,num__distance_to_kullar_m,0.0013325331363827964
extra_trees,num__distance_to_yuvacik_m,0.0013276163333168515
extra_trees,num__demo_young_ratio,0.0013240743586921387
extra_trees,num__demo_density_vs_county,0.0013211238562808394
extra_trees,cat__detail_cephe_Batı|Doğu|Güney,0.0013157638330595252
extra_trees,cat__detail_cephe_Batı|Doğu|Güney|Kuzey,0.001314946129956565
extra_trees,num__demo_pharmacy_per_10k,0.0013114764430207744
extra_trees,num__demo_education_high_school_ratio,0.0013114290021937066
extra_trees,cat__heating_Merkezi,0.001309973950412651
extra_trees,num__demo_car_per_capita,0.0012968270084382756
extra_trees,num__demo_married_ratio,0.001296667274774454
extra_trees,num__demo_residential_density,0.0012924986922022456
extra_trees,cat__m2_group_151-200,0.0012889211715326175
extra_trees,num__distance_to_basiskele_coast_m,0.0012864194456830697
extra_trees,cat__detail_manzara_Park & Yeşil Alan|Şehir,0.001283698010026444
extra_trees,num__demo_age_0_14_count,0.001275073151581565
extra_trees,num__demo_middle_ratio,0.0012744217578060627
extra_trees,num__attr_is_young_building,0.0012700502514966857
extra_trees,num__demo_education_non_literate_ratio,0.0012587957800528197
extra_trees,num__distance_to_bahcecik_m,0.001252818835168513
extra_trees,num__is_large_flat,0.001250454404006108
extra_trees,num__district_rent_m2_mean,0.0012472677245703558
extra_trees,cat__basiskele_geo_cluster_x_m2_group_Başiskele_5||200+,0.0012071085137816263
extra_trees,num__is_ground_floor,0.0012048805981530514
extra_trees,num__trend_listing_period_sale,0.0012004035484619478
extra_trees,num__demo_ses_d_count,0.0011929648293319754
extra_trees,num__distance_to_karamursel_center_m,0.0011845262007427425
extra_trees,cat__geo_cluster_x_room_count_city_5||3+1,0.00118155011211019
extra_trees,num__district_rent_m2_median,0.0011759545080424925
extra_trees,cat__detail_konut_tipi_Çatı Dubleksi,0.0011643492524209763
extra_trees,num__demo_old_count,0.0011508448327651366
extra_trees,num__rooms,0.0011508047699208227
extra_trees,cat__detail_cephe_Güney,0.001149007095274505
extra_trees,num__demo_married_count,0.0011489296620512896
extra_trees,cat__detail_manzara_missing,0.0011484593712894576
extra_trees,num__demo_workplace_density,0.001147649322216168
extra_trees,num__district_rent_m2_iqr,0.001136621868802837
extra_trees,num__lon,0.0011364279432978395
extra_trees,cat__geo_cluster_x_room_count_city_8||3+1,0.0011330826646804217
extra_trees,cat__detail_manzara_Doğa|Park & Yeşil Alan|Şehir,0.0011322169933606213
extra_trees,num__trend_price_change_sale,0.0011210098075557689
extra_trees,cat__coast_distance_bucket_0_500,0.001113476613490668
extra_trees,num__demo_widow_count,0.0011083080124597627
extra_trees,num__district_rent_m2_count,0.001107331489925332
extra_trees,cat__detail_konut_tipi_En Üst Kat,0.0011068872446336395
extra_trees,cat__geo_cluster_county_İzmit_0,0.0011026553082101288
extra_trees,num__demo_atm_per_10k,0.0010913152371673774
extra_trees,num__demo_age_45_54,0.001089336137591061
extra_trees,num__total_room_score,0.0010856235836074555
extra_trees,num__demo_ses_a_ratio,0.0010766009444475309
extra_trees,num__demo_ses_b_ratio,0.0010704462611401456
extra_trees,num__attr_effect_parking,0.0010673237327262228
extra_trees,num__demo_divorced_count,0.0010671395811937766
extra_trees,num__demo_age_25_34,0.0010668963698283746
extra_trees,num__demo_atm_count,0.0010666807390176819
extra_trees,cat__geo_cluster_county_Karamürsel_0,0.0010652854765615964
extra_trees,num__demo_age_45_54_count,0.0010617337433095127
extra_trees,cat__site_project_match_source_site_name,0.001058723821086049
extra_trees,num__demo_education_doctorate_count,0.001055317024192319
extra_trees,num__demo_young_ratio_diff_county,0.001053858193392977
extra_trees,cat__building_age_group_11-15 arası,0.0010508071202996628
extra_trees,cat__detail_manzara_Park & Yeşil Alan,0.0010488484539066625
extra_trees,num__demo_population_female,0.0010474424228100179
extra_trees,num__demo_age_35_44,0.0010282145409258791
extra_trees,num__basiskele_district_premium_bucket_median,0.0010180632908059876
extra_trees,num__demo_per_capita_income_try,0.001017797583766006
extra_trees,num__district_rent_m2_cv,0.001015017982461128
extra_trees,num__lon_centered_city,0.0010148551290516793
extra_trees,num__demo_male_ratio,0.0010141445113788182
extra_trees,cat__detail_cephe_Batı|Doğu,0.0010132135102070984
extra_trees,num__demo_income_vs_county,0.0010053373837848694
extra_trees,num__site_project_freq_bucket,0.0010011352657197554
extra_trees,cat__detail_konut_tipi_Bahçe Dubleksi,0.0009967062637689682
extra_trees,num__attr_effect_heating_quality_bucket,0.0009941038391267376
extra_trees,cat__site_inside_Hayır,0.0009938551338587974
extra_trees,cat__building_age_group_16-20 arası,0.0009910512522484497
extra_trees,num__demo_single_ratio,0.0009884537531086952
extra_trees,num__demo_workplace_count,0.0009881143396705653
extra_trees,num__demo_education_primary_school_ratio,0.000986345703370381
extra_trees,num__demo_female_ratio,0.000977285427737531
extra_trees,num__demo_education_unknown_ratio,0.0009716133925483841
extra_trees,cat__parking_Yok,0.0009648359340064476
extra_trees,cat__detail_manzara_Deniz|Doğa|Park & Yeşil Alan|Şehir,0.0009554167114297283
extra_trees,num__demo_age_15_24,0.0009498818624870414
extra_trees,num__demo_age_35_44_count,0.0009478261447714884
extra_trees,num__demo_education_total,0.0009296130886781028
extra_trees,num__is_top_floor,0.0009287779508249578
extra_trees,num__basiskele_detail_inside_premium_signal,0.0009265585942424134
extra_trees,cat__geo_cluster_x_room_count_city_8||2+1,0.0009228900870309713
extra_trees,cat__building_age_group_1,0.0009177228258757724
extra_trees,num__large_home_site_x_m2,0.0009163035760767795
extra_trees,num__demo_ses_c_count,0.0009098367883238365
extra_trees,num__demo_ses_cd_ratio,0.0009059081866931419
extra_trees,num__attr_is_top_floor,0.0009015398602445066
extra_trees,num__demo_ses_ab_ratio,0.0009013812436475913
extra_trees,cat__floor_segment_En Üst Kat,0.0009006302181752201
extra_trees,num__site_project_county_frequency,0.0008950984965639573
extra_trees,num__demo_ses_c_ratio,0.0008947803736832496
extra_trees,num__distance_to_coast_x_site_inside,0.0008947528790591002
extra_trees,num__demo_middle_count,0.0008933949341312853
extra_trees,num__site_project_listing_count,0.0008927490347959013
extra_trees,num__demo_education_primary_school_count,0.0008922219484072858
extra_trees,num__demo_high_school_diff_county,0.0008822236987342656
extra_trees,num__site_project_oof_count,0.0008779922896042099
extra_trees,num__demo_education_primary_education_ratio,0.0008762488035969991
extra_trees,cat__detail_cephe_Batı|Kuzey,0.0008748201169211967
extra_trees,num__site_project_oof_confidence,0.0008733047277269217
extra_trees,num__demo_education_graduate_ratio,0.0008720546105151454
extra_trees,num__demo_university_diff_county,0.0008702709763089108
extra_trees,cat__floor_segment_Bahçe,0.0008630018772296135
extra_trees,num__demo_age_55_64_count,0.0008567960555939747
extra_trees,num__demo_household_income_vs_county,0.0008544929637196658
extra_trees,num__demo_education_graduate_count,0.0008489166774091658
extra_trees,cat__geo_cluster_x_room_count_missing||3+1,0.0008451546592385844
extra_trees,cat__geo_cluster_x_room_count_city_7||3+1,0.0008449774881702895
extra_trees,num__attr_has_parking,0.0008439655091190999
extra_trees,num__demo_household_income_try,0.0008415831608006769
extra_trees,cat__m2_group_0-75,0.0008382937676407972
extra_trees,cat__geo_cluster_city_city_5,0.0008350733059974811
extra_trees,cat__floor_segment_Çatı,0.0008281581958976667
extra_trees,num__is_small_flat,0.0008216980757478103
extra_trees,num__demo_ses_a_plus_ratio,0.0008179764003557081
extra_trees,num__demo_population_male,0.0008080230471413864
extra_trees,num__demo_ses_ab_diff_county,0.000804725484918704
extra_trees,cat__geo_cluster_city_city_8,0.0007923366686103393
extra_trees,cat__room_count_4+1,0.0007888413618271519
extra_trees,num__demo_ses_cd_diff_county,0.0007788441470228203
extra_trees,cat__building_age_group_5,0.0007767781687858381
extra_trees,num__demo_young_count,0.0007767118270617578
extra_trees,cat__detail_manzara_Deniz|Park & Yeşil Alan|Şehir,0.0007724477695068672
extra_trees,cat__detail_manzara_Doğa|Park & Yeşil Alan,0.0007655771622942087
extra_trees,cat__rent_feature_level_district_room,0.0007567825945639867
extra_trees,num__demo_education_university_ratio,0.0007510169127969269
extra_trees,num__basiskele_detail_total_premium_signal,0.0007498300231043899
extra_trees,num__detail_subtype_count,0.0007482158630989736
extra_trees,cat__detail_cephe_Doğu|Kuzey,0.000744436024208893
extra_trees,cat__geo_cluster_x_room_count_city_10||3+1,0.0007412943657482407
extra_trees,cat__detail_cephe_Güney|Kuzey,0.0007380630267897269
extra_trees,cat__detail_cephe_Batı|Doğu|Kuzey,0.0007365959757864232
extra_trees,num__basiskele_has_inside_luxury_signal,0.0007268878584270316
extra_trees,num__trend_count_rent,0.0007251034324929406
extra_trees,cat__demo_dominant_age_group_40-44,0.000717650046439664
extra_trees,cat__site_project_x_county_missing__golcuk,0.0007175408671231606
extra_trees,cat__site_project_match_source_title,0.0007110076133528808
extra_trees,cat__detail_konut_tipi_Dubleks,0.0007107666937067146
extra_trees,cat__furnished_Evet,0.000707024362302633
extra_trees,num__demo_ses_a_count,0.0007003264342764101
extra_trees,num__basiskele_detail_subtype_premium_signal,0.0006985593464810653
extra_trees,cat__geo_cluster_x_room_count_city_1||3+1,0.0006960127753132755
extra_trees,num__demo_education_middle_school_ratio,0.000693939349361159
extra_trees,num__demo_education_doctorate_ratio,0.0006924297339727732
extra_trees,num__demo_ses_b_count,0.0006866925053112163
extra_trees,cat__heating_Merkezi (Pay Ölçer),0.000677916086524483
extra_trees,num__attr_is_furnished,0.0006746785332947967
extra_trees,cat__detail_manzara_Doğa|Şehir,0.0006713799711677616
extra_trees,num__demo_bank_count,0.0006695975117272364
extra_trees,num__demo_household_count,0.0006684508776898951
extra_trees,cat__site_inside_Evet,0.0006678557081666165
extra_trees,num__demo_education_university_count,0.0006646536348598398
extra_trees,cat__detail_manzara_Deniz|Şehir,0.000659487284794443
extra_trees,num__demo_ses_a_plus_count,0.0006571460120057361
extra_trees,cat__geo_cluster_x_room_count_missing||2+1,0.0006568250884189772
extra_trees,num__demo_education_middle_school_count,0.0006436291248499704
extra_trees,cat__detail_cephe_Doğu,0.0006431159613409346
extra_trees,cat__geo_cluster_county_other,0.0006430468784986991
extra_trees,cat__detail_cephe_Batı,0.0006289764756485075
extra_trees,num__demo_education_high_school_count,0.000626968600545132
extra_trees,num__demo_population_total,0.0006266537826566762
extra_trees,num__demo_bank_per_10k,0.0006260626396098604
extra_trees,num__demo_age_25_34_count,0.0006204683160227562
extra_trees,num__demo_summer_house_count,0.0006124828341463382
extra_trees,cat__site_project_x_county_missing__kartepe,0.0006097347251560725
extra_trees,cat__site_project_id_missing,0.0006045653778678326
extra_trees,num__demo_car_count,0.000602610808532998
extra_trees,num__site_project_known_premium_flag,0.000598875356347282
extra_trees,num__basiskele_premium_bucket_mid,0.0005950592062517251
extra_trees,num__attr_is_site_inside,0.0005934589110426899
extra_trees,cat__geo_cluster_county_İzmit_1,0.0005932135786256084
extra_trees,cat__geo_cluster_x_room_count_city_7||2+1,0.0005932117679153444
extra_trees,cat__geo_cluster_x_room_count_city_3||3+1,0.0005857518142241314
extra_trees,num__demo_age_15_24_count,0.0005845165044197876
extra_trees,cat__site_project_match_source_missing,0.0005839772324080153
extra_trees,cat__district_Çayırköy Mh.,0.0005819922394718167
extra_trees,cat__demo_dominant_age_group_30-34,0.0005791692623914726
extra_trees,cat__geo_cluster_x_room_count_city_2||3+1,0.000575726546593279
extra_trees,cat__geo_cluster_city_city_3,0.0005742275461076955
extra_trees,cat__detail_cephe_Doğu|Güney|Kuzey,0.0005683866660931232
extra_trees,num__demo_vehicle_count,0.0005586488344733147
extra_trees,cat__site_project_id_county_scoped_missing,0.0005584373877707501
extra_trees,cat__geo_cluster_city_city_10,0.0005577024426120131
extra_trees,cat__furnished_Belirtilmemiş,0.0005573817833871938
extra_trees,num__has_site_project_id,0.0005503062739574734
extra_trees,num__demo_residential_count,0.0005456688243268632
extra_trees,cat__geo_cluster_county_Gölcük_3,0.0005455041651607698
extra_trees,cat__building_age_group_3,0.0005440309299823997
extra_trees,cat__building_age_group_2,0.0005423139161200316
extra_trees,cat__geo_cluster_county_İzmit_3,0.0005381370667779124
extra_trees,cat__rent_feature_level_district_m2_group,0.0005272620649194727
extra_trees,cat__building_age_group_0 (Yapım Aşamasında),0.0005271738656071168
extra_trees,cat__geo_cluster_county_İzmit_2,0.0005196487576819484
extra_trees,num__attr_has_premium_heating,0.0005132701769931627
extra_trees,num__basiskele_has_pool_signal,0.0005023204392625714
extra_trees,cat__district_Değirmendere Yalı Mh.,0.0004886285429313798
extra_trees,num__basiskele_lat_lon_interaction,0.00048311728654980816
extra_trees,num__basiskele_premium_x_new_building,0.0004798635927639563
extra_trees,cat__balcony_Var,0.00047793027136921654
extra_trees,cat__demo_ses_group_B Grubu,0.00047364694088490063
extra_trees,cat__geo_cluster_city_city_7,0.00047225945035695495
extra_trees,cat__building_age_group_4,0.0004643179244660318
extra_trees,cat__geo_cluster_x_room_count_city_1||2+1,0.00046228816123685036
extra_trees,cat__district_Kadıköy Mh.,0.0004622579100748238
extra_trees,cat__district_Alikahya Atatürk Mh.,0.00046093219926427343
extra_trees,num__demo_never_married_count,0.00046044006301329744
extra_trees,cat__rent_feature_level_district,0.00045239136138822784
extra_trees,cat__geo_cluster_x_room_count_city_4||2+1,0.0004485714723586438
extra_trees,cat__basiskele_geo_cluster_x_m2_group_Başiskele_4||126-150,0.0004481009952435933
extra_trees,cat__geo_cluster_county_İzmit_5,0.0004458068391743122
extra_trees,cat__demo_dominant_education_Lisans,0.00044504805047628984
extra_trees,cat__district_Piyalepaşa Mh.,0.00044178911952856526
extra_trees,cat__geo_cluster_x_room_count_city_3||2+1,0.00044156731541340863
extra_trees,num__attr_has_balcony,0.0004359841691612951
extra_trees,cat__balcony_Yok,0.0004351133656640863
extra_trees,cat__geo_cluster_county_İzmit_4,0.00043216803507613826
extra_trees,num__basiskele_detail_view_premium_signal,0.000431419912160372
extra_trees,num__basiskele_premium_x_gross_m2,0.0004236176975517897
extra_trees,cat__building_age_group_31 ve üzeri,0.0004235822954727268
extra_trees,cat__geo_cluster_x_room_count_city_4||3+1,0.0004201124394325784
extra_trees,num__large_home_basiskele_premium,0.00042004988781691653
extra_trees,cat__demo_dominant_education_Lise,0.00041797423859402143
extra_trees,cat__geo_cluster_x_room_count_city_0||3+1,0.00041008798804388673
extra_trees,cat__detail_cephe_Batı|Güney|Kuzey,0.0004072676651196062
extra_trees,num__basiskele_district_premium_bucket_count,0.0004053197930210593
extra_trees,num__basiskele_site_premium_signal,0.00039783455553706027
extra_trees,cat__detail_manzara_Doğa,0.0003954420592469257
extra_trees,num__basiskele_premium_x_detail_view,0.0003944154335247634
extra_trees,num__attr_county_elevator_premium,0.0003930140449859112
extra_trees,num__basiskele_premium_x_site_inside,0.00039122181370174544
extra_trees,cat__district_Gündoğdu Mh.,0.000379030760502079
extra_trees,num__basiskele_distance_to_coast_x_large_home,0.00037657085923449297
extra_trees,cat__building_age_group_26-30 arası,0.0003743557834026763
extra_trees,num__basiskele_premium_x_district_target_median,0.000367801156597215
extra_trees,cat__detail_manzara_Deniz|Doğa|Şehir,0.00036313768237906013
extra_trees,cat__site_project_x_county_golcuk::rakicioglu_sitesi_2__golcuk,0.0003623642149052295
extra_trees,cat__district_Körfez Mh.,0.00036188874845378765
extra_trees,cat__site_project_id_county_scoped_golcuk::rakicioglu_sitesi_2,0.0003601266675189611
extra_trees,cat__district_Donanma Mah.,0.0003599988203750292
extra_trees,cat__geo_cluster_x_room_count_city_2||2+1,0.00035803398978321075
extra_trees,cat__district_Alikahya Fatih Mah.,0.00035768150363537754
extra_trees,num__basiskele_detail_outside_premium_signal,0.0003562132538143521
extra_trees,cat__site_project_x_county_missing__basiskele,0.00035346756487269603
extra_trees,num__basiskele_premium_x_location_baseline,0.0003499360427358834
extra_trees,cat__geo_cluster_x_room_count_city_6||3+1,0.00034717377840176014
extra_trees,cat__geo_cluster_x_room_count_city_4||4+1,0.0003455976086391152
extra_trees,cat__detail_cephe_Kuzey,0.000341578341534649
extra_trees,cat__basiskele_geo_cluster_Başiskele_4,0.00033958118711223417
extra_trees,cat__geo_cluster_county_Başiskele_4,0.0003322436620088255
extra_trees,num__basiskele_premium_x_large_home,0.0003295118643393257
extra_trees,cat__room_count_1+1,0.0003287255724091171
extra_trees,cat__site_project_id_county_scoped_izmit::akcakent_2,0.0003248705109327114
extra_trees,num__basiskele_premium_x_detail_outside,0.00032438499410487247
extra_trees,num__county_site_project_count,0.00032277667518495275
extra_trees,num__basiskele_premium_bucket_county_median,0.00031780104751220255
extra_trees,cat__geo_cluster_x_room_count_city_0||4+1,0.00031672145861310784
extra_trees,num__basiskele_has_view_signal,0.0003154130613024864
extra_trees,cat__demo_dominant_age_group_25-29,0.00030740391841097367
extra_trees,cat__geo_cluster_x_room_count_city_5||2+1,0.00030432894843221024
extra_trees,cat__basiskele_geo_cluster_x_m2_group_Başiskele_5||126-150,0.00030358513274088034
extra_trees,cat__detail_manzara_Deniz|Doğa,0.00030326998826063007
extra_trees,cat__district_Kocatepe Mah.,0.0002998712299642281
extra_trees,num__basiskele_premium_score,0.00028616860760496884
extra_trees,num__basiskele_has_social_luxury_signal,0.00028322105143006816
extra_trees,cat__site_project_id_golcuk::rakicioglu_sitesi_2,0.0002799489708855774
extra_trees,cat__site_project_id_izmit::akcakent_2,0.0002792183723364377
extra_trees,cat__district_Kavaklı Mh.,0.0002782297749719419
extra_trees,cat__geo_cluster_city_city_1,0.0002754741080821908
extra_trees,num__county_demo_population_density_median,0.0002750312212282698
extra_trees,cat__geo_cluster_county_Başiskele_2,0.00027389347277403714
extra_trees,cat__detail_manzara_Deniz|Doğa|Park & Yeşil Alan,0.00027302025181514297
extra_trees,cat__site_project_x_county_izmit::akcakent_2__izmit,0.00026896413456666484
extra_trees,cat__detail_konut_tipi_Dubleks|Bahçe Dubleksi,0.0002674637529793629
extra_trees,num__county_demo_education_high_school_ratio_mean,0.00026373520056525865
extra_trees,num__county_target_median,0.00026303785965409615
extra_trees,cat__demo_ses_group_C Grubu,0.0002569479570125097
extra_trees,cat__detail_konut_tipi_Dubleks|Çatı Dubleksi,0.00025479561184456567
extra_trees,cat__district_Yeni Mah.,0.0002537007813982389
extra_trees,cat__basiskele_geo_cluster_Başiskele_2,0.00025315974650352434
extra_trees,num__basiskele_distance_to_coast_x_quality,0.0002521827209451246
extra_trees,num__county_target_mean,0.000252157745062654
extra_trees,cat__site_project_x_county_missing__karamursel,0.00024920273358524536
extra_trees,cat__basiskele_geo_cluster_Başiskele_3,0.0002469194244126201
extra_trees,cat__geo_cluster_x_room_count_city_5||4+1,0.00024353501279857323
extra_trees,cat__basiskele_geo_cluster_Başiskele_5,0.00023947634840477595
extra_trees,num__basiskele_premium_bucket_county_mean,0.0002392698386266366
extra_trees,num__basiskele_premium_bucket_high,0.0002360212456593787
extra_trees,cat__demo_dominant_age_group_45-49,0.00023264052963483533
extra_trees,cat__district_Döngel Mh.,0.00023154950338351914
extra_trees,cat__county_Gölcük,0.00023153749725469185
extra_trees,num__county_demo_workplace_count_sum,0.00023151156472618308
extra_trees,num__county_rent_m2_median,0.0002314460490842506
extra_trees,cat__site_project_id_county_scoped_izmit::kentsa,0.00023098627495715083
extra_trees,cat__detail_manzara_Boğaz|Deniz|Doğa|Park & Yeşil Alan|Şehir,0.00022899942095038302
extra_trees,num__basiskele_has_security_signal,0.00022806950021260136
extra_trees,num__county_demo_atm_count_sum,0.00022770520165281297
extra_trees,num__county_demo_ses_cd_ratio_mean,0.00022646188518651134
extra_trees,num__attr_county_parking_premium,0.00022422409934621198
extra_trees,cat__geo_cluster_county_Başiskele_5,0.0002231743154689822
extra_trees,cat__district_Topçular Mh.,0.00022070539619009638
extra_trees,cat__district_Hacıhızır Mh.,0.0002204706891796763
extra_trees,cat__site_project_id_izmit::kentsa,0.00022035194084253886
extra_trees,cat__district_Turgut Mah.,0.00022029216607798036
extra_trees,cat__geo_cluster_county_Başiskele_3,0.00021981795807386365
extra_trees,cat__heating_Doğalgaz Sobası,0.00021847211521312335
extra_trees,cat__basiskele_geo_cluster_x_m2_group_Başiskele_0||151-200,0.00021844487837694454
extra_trees,num__county_rent_m2_mean,0.0002181876199338014
extra_trees,cat__site_project_x_county_izmit::kentsa__izmit,0.00021490121894391533
extra_trees,cat__district_Şirintepe Mh.,0.00021230927008028373
extra_trees,num__county_demo_vehicle_count_sum,0.00020784411325779667
extra_trees,cat__geo_cluster_county_Gölcük_1,0.0002013420040906611
extra_trees,cat__geo_cluster_x_room_count_city_0||2+1,0.00020086438048508694
extra_trees,cat__district_Fatih Mah.,0.00019940133216690193
extra_trees,cat__geo_cluster_city_city_6,0.00019940081426940981
extra_trees,num__attr_county_good_heating_premium,0.00019931893548507786
extra_trees,num__county_demo_car_count_sum,0.0001977468824332425
extra_trees,num__basiskele_premium_bucket_low,0.0001971334622522602
extra_trees,num__county_demo_ses_ab_ratio_mean,0.00019669261734386284
extra_trees,cat__geo_cluster_x_room_count_city_8||4+1,0.00019614749864957197
extra_trees,num__county_demo_old_ratio_mean,0.00019506925071120302
extra_trees,num__county_demo_bank_count_sum,0.0001930299134972362
extra_trees,num__attr_has_natural_gas_heating,0.00019187181946474254
extra_trees,num__county_demo_residential_count_sum,0.00018713351244920172
extra_trees,cat__geo_cluster_x_room_count_city_6||2+1,0.00018653657870671534
extra_trees,cat__basiskele_geo_cluster_x_m2_group_Başiskele_2||101-125,0.00018465411593017808
extra_trees,num__county_demo_pharmacy_count_sum,0.00018396571816459576
extra_trees,cat__site_project_id_izmit::zeray_dora_hill,0.00018383657637052265
extra_trees,cat__county_İzmit,0.00018256906105185112
extra_trees,cat__district_Ataevler Mh.,0.00017984183492177473
extra_trees,cat__geo_cluster_county_Karamürsel_1,0.0001784642471755312
extra_trees,cat__county_Kartepe,0.0001778124583429294
extra_trees,num__county_demo_young_ratio_mean,0.0001773606093175936
extra_trees,cat__basiskele_geo_cluster_x_m2_group_Başiskele_2||126-150,0.00017690615181708134
extra_trees,cat__district_Yeşilyurt Mh.,0.00017343402061413663
extra_trees,cat__basiskele_geo_cluster_x_m2_group_other||101-125,0.00017314757926628548
extra_trees,num__county_demo_married_ratio_mean,0.00017312047462426258
extra_trees,cat__demo_dominant_age_group_5-9,0.00017231577197019649
extra_trees,num__attr_county_high_quality_premium,0.00017204398974162102
extra_trees,cat__district_Paşadağ Mh.,0.0001700995778275307
extra_trees,num__county_demo_population_total_sum,0.00016982767478203073
extra_trees,num__county_demo_education_university_ratio_mean,0.00016939351324137648
extra_trees,cat__geo_cluster_x_room_count_missing||1+1,0.00016551113541906525
extra_trees,cat__geo_cluster_city_city_0,0.0001653300988998586
extra_trees,cat__site_project_x_county_izmit::zeray_dora_hill__izmit,0.0001640129842990206
extra_trees,cat__geo_cluster_city_city_9,0.00016318607670554286
extra_trees,cat__basiskele_geo_cluster_x_m2_group_Başiskele_2||76-100,0.00016283799449344616
extra_trees,cat__geo_cluster_x_room_count_city_10||2+1,0.0001607262880197038
extra_trees,cat__site_project_id_county_scoped_izmit::zeray_dora_hill,0.00015977480831619358
extra_trees,cat__demo_ses_group_A Grubu,0.00015827223894510946
extra_trees,cat__site_project_id_izmit::semt,0.0001575331611438134
extra_trees,num__county_demo_population_density_mean,0.00015690231459977562
extra_trees,num__county_rent_m2_count,0.00015488455793260058
extra_trees,cat__site_project_x_county_izmit::semt__izmit,0.00015400314366060215
extra_trees,num__attr_county_new_building_premium,0.00015367071628260434
extra_trees,cat__geo_cluster_x_room_count_city_10||1+1,0.00015314993090995152
extra_trees,cat__basiskele_geo_cluster_x_m2_group_Başiskele_5||151-200,0.00014504390014860146
extra_trees,cat__geo_cluster_x_room_count_city_6||4+1,0.00014437036355930823
extra_trees,cat__geo_cluster_county_Başiskele_0,0.00014263133884260846
extra_trees,num__county_demo_single_ratio_mean,0.00014087800233443626
extra_trees,cat__geo_cluster_x_room_count_city_3||4+1,0.00014082312250287527
extra_trees,num__attr_has_poor_heating,0.00013731441992133548
extra_trees,cat__demo_dominant_age_group_20-24,0.00013537103936511183
extra_trees,cat__location_precision_exact_map,0.00013531268292317575
extra_trees,cat__site_project_id_county_scoped_izmit::semt,0.00013298912235283405
extra_trees,cat__coast_distance_bucket_missing,0.00013240777809419492
extra_trees,cat__district_Dumlupınar Mh.,0.00013116816611162172
extra_trees,cat__geo_cluster_x_room_count_city_5||1+1,0.00013002412282149355
extra_trees,num__location_quality_score,0.00012901694209924673
extra_trees,num__county_demo_household_size_mean,0.00012846997143385944
extra_trees,num__geo_context_has_exact_location,0.00012727771590172855
extra_trees,num__location_source_data_attr_map,0.0001252165323075187
extra_trees,cat__basiskele_geo_cluster_x_m2_group_Başiskele_3||151-200,0.00012345406578669082
extra_trees,num__location_backfill_listing_removed,0.00012205792192330206
extra_trees,cat__district_M. Alipaşa Mh.,0.0001200674886422348
extra_trees,cat__basiskele_geo_cluster_x_m2_group_Başiskele_3||101-125,0.00011993635839221399
extra_trees,cat__geo_cluster_city_city_4,0.00011984239649529083
extra_trees,num__living_rooms,0.00011868080697783263
extra_trees,cat__basiskele_geo_cluster_Başiskele_0,0.00011832161140710921
extra_trees,cat__basiskele_geo_cluster_other,0.00011810605297875366
extra_trees,num__location_precision_exact,0.00011704020849373151
extra_trees,cat__detail_manzara_Havuz|Park & Yeşil Alan|Şehir,0.00011654469154287863
extra_trees,num__has_lat_lon,0.00011651977303139496
extra_trees,cat__basiskele_geo_cluster_x_m2_group_Başiskele_3||126-150,0.00011551806162423355
extra_trees,num__geo_context_missing,0.00011407088628847692
extra_trees,num__location_precision_missing,0.00011363748196217339
extra_trees,num__coast_distance_bucket_code,0.00011229063193974176
extra_trees,cat__location_source_missing,0.00011161560660750737
extra_trees,cat__geo_cluster_x_room_count_city_10||4+1,0.00011114952806050506
extra_trees,cat__basiskele_geo_cluster_x_m2_group_Başiskele_4||200+,0.0001102740674074247
extra_trees,cat__location_source_data_attr_map,0.0001099957394555473
extra_trees,num__geo_context_has_approx_location,0.0001094506441648718
extra_trees,cat__district_Tepeköy Mh.,0.00010902402664183028
extra_trees,cat__location_precision_missing,0.00010785117248937963
extra_trees,cat__basiskele_geo_cluster_x_m2_group_Başiskele_2||151-200,0.0001077330342655664
extra_trees,num__location_backfill_ok,0.00010742563880157985
extra_trees,num__attr_county_old_building_discount,0.00010620111066709366
extra_trees,cat__site_project_id_county_scoped_izmit::erenler_cedit,0.00010536212966224571
extra_trees,cat__basiskele_geo_cluster_x_m2_group_other||76-100,0.0001044573595580453
extra_trees,cat__heating_Yok,0.00010324733338164469
extra_trees,cat__site_project_id_county_scoped_kartepe::zeray_esil,0.00010164891369382218
extra_trees,cat__basiskele_geo_cluster_x_m2_group_Başiskele_3||76-100,9.964511570859133e-05
extra_trees,cat__district_4 Temmuz Mah.,9.61712789635597e-05
extra_trees,cat__geo_cluster_city_missing,9.580290009269938e-05
extra_trees,cat__district_Çiftlik Mh.,9.573905479063634e-05
extra_trees,cat__district_Merkez Mah.,9.561868529428136e-05
extra_trees,cat__detail_konut_tipi_Ters Dubleks,9.50098813004686e-05
extra_trees,num__attr_county_site_inside_premium,9.309676718171111e-05
extra_trees,cat__detail_manzara_Deniz|Park & Yeşil Alan,9.108245167026379e-05
extra_trees,cat__basiskele_geo_cluster_x_m2_group_Başiskele_0||76-100,9.060880141950584e-05
extra_trees,cat__site_project_id_basiskele::yuvana_evleri,8.939558422801756e-05
extra_trees,cat__geo_cluster_county_Gölcük_0,8.875860773674783e-05
extra_trees,cat__site_project_id_county_scoped_basiskele::yuvana_evleri,8.692176716689533e-05
extra_trees,cat__site_project_id_izmit::erenler_cedit,8.666738889203628e-05
extra_trees,cat__district_Akpınar Mh.,8.42687524720444e-05
extra_trees,cat__district_Kayacık Mh.,8.376154454139037e-05
extra_trees,cat__geo_cluster_x_room_count_city_9||3+1,8.317641238538522e-05
extra_trees,cat__site_project_x_county_kartepe::zeray_esil__kartepe,8.316741924447832e-05
extra_trees,cat__district_Yüzbaşılar Mh.,8.307342414263828e-05
extra_trees,cat__detail_manzara_Havuz,8.259266291274545e-05
extra_trees,cat__detail_konut_tipi_Dubleks|En Üst Kat|Çatı Dubleksi,8.09102366876886e-05
extra_trees,cat__district_Halıdere Yalı Mh.,7.992867168767079e-05
extra_trees,cat__basiskele_geo_cluster_x_m2_group_Başiskele_4||151-200,7.905106953322126e-05
extra_trees,cat__site_project_id_county_scoped_izmit::truva,7.794600688441444e-05
extra_trees,cat__district_Çepni Mh.,7.759449583428223e-05
extra_trees,cat__district_Rahmiye Mah.,7.755648778596406e-05
extra_trees,cat__geo_cluster_x_room_count_city_9||2+1,7.450308921843875e-05
extra_trees,cat__site_project_x_county_basiskele::yuvana_evleri__basiskele,7.420865501029164e-05
extra_trees,cat__district_Cedit Mah.,7.35903014555692e-05
extra_trees,cat__district_Yazlık Yeni Mh.,7.35503801302397e-05
extra_trees,cat__basiskele_geo_cluster_x_m2_group_Başiskele_0||200+,7.346431464405972e-05
extra_trees,cat__demo_dominant_age_group_50-54,7.185974276060044e-05
extra_trees,cat__basiskele_geo_cluster_x_m2_group_other,7.148181641600732e-05
extra_trees,cat__district_Karadenizliler Mah.,7.08098296971822e-05
extra_trees,cat__district_Kozluk Mah.,7.057674730313164e-05
extra_trees,cat__detail_manzara_Doğa|Havuz|Park & Yeşil Alan,6.960091864037999e-05
extra_trees,cat__district_Akçakoca Mh.,6.886207042164706e-05
extra_trees,cat__site_project_x_county_izmit::erenler_cedit__izmit,6.854149936775969e-05
extra_trees,cat__geo_cluster_city_city_2,6.816795601675725e-05
extra_trees,cat__detail_manzara_Havuz|Park & Yeşil Alan,6.786581384585795e-05
extra_trees,cat__geo_cluster_x_room_count_city_2||4+1,6.726725818860589e-05
extra_trees,cat__district_Serdar Mah.,6.726620490512473e-05
extra_trees,cat__room_count_5+1,6.700246129204508e-05
extra_trees,cat__basiskele_geo_cluster_x_m2_group_other||151-200,6.648254806304989e-05
extra_trees,cat__basiskele_geo_cluster_x_m2_group_Başiskele_4||101-125,6.518877803248849e-05
extra_trees,cat__district_Barbaros Mah.,6.423602055958256e-05
extra_trees,cat__site_project_id_kartepe::zeray_esil,6.306868756086123e-05
extra_trees,num__basiskele_large_home_premium_bucket_median,6.305576824899963e-05
extra_trees,cat__basiskele_geo_cluster_x_m2_group_Başiskele_0||101-125,6.227324190471711e-05
extra_trees,cat__site_project_x_county_kartepe::hursoy_nefes_kartepe__kartepe,6.213260408696064e-05
extra_trees,cat__detail_manzara_Deniz|Doğa|Havuz|Park & Yeşil Alan|Şehir,6.184068621015228e-05
extra_trees,cat__district_Sarımeşe Mh.,6.0556635273991026e-05
extra_trees,cat__district_Fatih Sultan Mehmet Mh.,6.001468251906671e-05
extra_trees,cat__site_project_x_county_basiskele::zeray_perla__basiskele,5.9538739960890025e-05
extra_trees,cat__site_project_id_basiskele::zeray_korupark,5.885602590750266e-05
extra_trees,cat__county_Karamürsel,5.8516234543433666e-05
extra_trees,cat__basiskele_geo_cluster_x_m2_group_Başiskele_5||101-125,5.626833248947933e-05
extra_trees,cat__site_project_id_county_scoped_kartepe::sarimese_konaklari,5.625531715273e-05
extra_trees,cat__site_project_id_county_scoped_kartepe::carpediem_kartepe,5.5934675533698665e-05
extra_trees,cat__geo_cluster_x_room_count_city_3||1+1,5.5910500080148995e-05
extra_trees,cat__basiskele_geo_cluster_x_m2_group_other||126-150,5.562287008625042e-05
extra_trees,cat__site_project_id_kartepe::sarimese_konaklari,5.552741971917385e-05
extra_trees,cat__district_Ertuğrul Gazi Mh.,5.491423570173494e-05
extra_trees,cat__geo_cluster_x_room_count_city_4||1+1,5.4506377083376e-05
extra_trees,cat__geo_cluster_county_Gölcük_2,5.4439817128708066e-05
extra_trees,cat__site_project_id_county_scoped_basiskele::zeray_korupark,5.443691201768672e-05
extra_trees,cat__site_project_id_basiskele::zeray_perla,5.441774626795707e-05
extra_trees,cat__site_project_x_county_kartepe::zaferan__kartepe,5.4411727184594697e-05
extra_trees,cat__district_Veliahmet Mah.,5.400970290761129e-05
extra_trees,cat__site_project_id_izmit::yelkent_tetra,5.384835776748328e-05
extra_trees,cat__site_project_id_kartepe::ertugrul_gazi_de,5.375953829349345e-05
extra_trees,cat__county_Başiskele,5.33166274754601e-05
extra_trees,cat__district_Karaköprü Mh.,5.2725744726482686e-05
extra_trees,cat__district_İhsaniye Merkez Mh.,5.225884136467628e-05
extra_trees,cat__district_Şehitler Mh.,5.2163000583382364e-05
extra_trees,cat__district_Karabaş Mh.,5.1858637944104156e-05
extra_trees,cat__district_Yenişehir Mh.,5.1644572532589604e-05
extra_trees,cat__site_project_id_izmit::yildizlar_tepesi,5.134534107353709e-05
extra_trees,cat__site_project_id_county_scoped_kartepe::zaferan,5.121293084163551e-05
extra_trees,cat__site_project_x_county_izmit::truva__izmit,5.0994329590216054e-05
extra_trees,cat__basiskele_geo_cluster_x_m2_group_Başiskele_5||76-100,4.972824798573434e-05
extra_trees,cat__district_Altınkent Mh.,4.964361004790249e-05
extra_trees,cat__site_project_id_county_scoped_izmit::kavanya_koru,4.811311372680695e-05
extra_trees,cat__site_project_id_kartepe::zaferan,4.788909570028498e-05
extra_trees,cat__site_project_id_kartepe::carpediem_kartepe,4.773414036459355e-05
extra_trees,cat__site_project_x_county_basiskele::villa_liva__basiskele,4.7549053635874925e-05
extra_trees,cat__district_28 Haziran Mah.,4.754030219544084e-05
extra_trees,cat__site_project_x_county_basiskele::zeray_korupark__basiskele,4.7196821725403074e-05
extra_trees,cat__room_count_3.5+1,4.689460071557187e-05
extra_trees,cat__geo_cluster_county_Başiskele_1,4.6124421733084674e-05
extra_trees,cat__site_project_x_county_kartepe::sarimese_konaklari__kartepe,4.598692341304554e-05
extra_trees,cat__site_project_x_county_basiskele::teras_marmara__basiskele,4.5025363249050715e-05
extra_trees,cat__site_project_id_county_scoped_kartepe::ertugrul_gazi_de,4.4225388839500906e-05
extra_trees,cat__district_Mahmutpaşa Mh.,4.3894024550756376e-05
extra_trees,cat__district_Orhan Mah.,4.381557921726455e-05
extra_trees,cat__district_Çukurbağ Mh.,4.3756046173909666e-05
extra_trees,cat__site_project_id_county_scoped_izmit::remax_effect_ten_gundogdu_bayindirlik,4.323722190499898e-05
extra_trees,cat__site_project_id_county_scoped_basiskele::zeray_perla,4.22262449853228e-05
extra_trees,cat__detail_konut_tipi_En Üst Kat|Çatı Dubleksi,4.194848556235165e-05
extra_trees,cat__site_project_x_county_izmit::yelkent_tetra__izmit,4.1740863740252184e-05
extra_trees,cat__site_project_x_county_kartepe::ertugrul_gazi_de__kartepe,4.1290736059130204e-05
extra_trees,cat__district_Emekevler Mh.,4.074302442456349e-05
extra_trees,cat__site_project_id_basiskele::teras_marmara,4.065160928918082e-05
extra_trees,cat__site_project_id_izmit::truva,4.060030473113407e-05
extra_trees,cat__district_Atakent Mah.,4.057911718914e-05
extra_trees,cat__site_project_x_county_kartepe::carpediem_kartepe__kartepe,4.028490321028231e-05
extra_trees,cat__district_Şirinköy Mh.,4.023869701671267e-05
extra_trees,cat__site_project_id_izmit::kavanya_koru,4.0151370322638564e-05
extra_trees,cat__site_project_id_county_scoped_basiskele::teras_marmara,4.014374652189768e-05
extra_trees,cat__site_project_id_kartepe::hursoy_nefes_kartepe,3.968812211997066e-05
extra_trees,cat__site_project_id_izmit::remax_effect_ten_gundogdu_bayindirlik,3.893889446620868e-05
extra_trees,cat__site_project_id_basiskele::ustgrup_lifeside,3.869807172606886e-05
extra_trees,cat__site_project_x_county_izmit::yildizlar_tepesi__izmit,3.8383536541269525e-05
extra_trees,cat__detail_manzara_Doğa|Havuz|Park & Yeşil Alan|Şehir,3.836364687502414e-05
extra_trees,cat__district_Seymen Mah.,3.743406827571742e-05
extra_trees,cat__district_Atatürk Mh.,3.714382568980659e-05
extra_trees,cat__district_Değirmendere Merkez Mh.,3.615876737275864e-05
extra_trees,cat__site_project_x_county_izmit::cb_atlas_tan_la_vida_city__izmit,3.54044810683886e-05
extra_trees,cat__site_project_x_county_basiskele::bahcekent_konutlari__basiskele,3.524460394312228e-05
extra_trees,cat__site_project_id_county_scoped_kartepe::hursoy_nefes_kartepe,3.503154751009514e-05
extra_trees,cat__basiskele_geo_cluster_x_m2_group_Başiskele_1||126-150,3.4812991703594656e-05
extra_trees,cat__site_project_id_county_scoped_izmit::yildizlar_tepesi,3.441448000776778e-05
extra_trees,cat__basiskele_geo_cluster_Başiskele_1,3.421367063044022e-05
extra_trees,cat__district_Yukarı Mh.,3.389070611812703e-05
extra_trees,cat__site_project_x_county_basiskele::ustgrup_lifeside__basiskele,3.353011170569129e-05
extra_trees,cat__basiskele_geo_cluster_x_m2_group_Başiskele_0||126-150,3.342378069628255e-05
extra_trees,cat__site_project_x_county_karamursel::merkezkent__karamursel,3.242571532451363e-05
extra_trees,cat__site_project_id_county_scoped_basiskele::ritim_vadi_evleri,3.181820613101877e-05
extra_trees,cat__site_project_id_izmit::cb_atlas_tan_la_vida_city,3.152694278011642e-05
extra_trees,cat__site_project_id_county_scoped_izmit::yelkent_tetra,3.1025672333529814e-05
extra_trees,cat__basiskele_geo_cluster_x_m2_group_Başiskele_0||0-75,3.095838329279111e-05
extra_trees,cat__geo_cluster_x_room_count_city_9||4+1,3.095084508149822e-05
extra_trees,cat__site_project_id_county_scoped_izmit::bagcesme_modern,3.092647477417626e-05
extra_trees,cat__district_Erenler Mah.,3.0205754535384436e-05
extra_trees,cat__room_count_4+2,2.991502293250647e-05
extra_trees,cat__site_project_id_county_scoped_karamursel::merkezkent,2.9819781666287087e-05
extra_trees,cat__district_Yazlık Merkez Mh.,2.974913925677524e-05
extra_trees,cat__site_project_id_izmit::bagcesme_modern,2.903284931623539e-05
extra_trees,cat__district_Hacıhasan Mh.,2.862599719913882e-05
extra_trees,cat__site_project_id_basiskele::bahcekent_konutlari,2.862444442132802e-05
extra_trees,cat__site_project_id_county_scoped_izmit::kiptas_cinar,2.854586311674837e-05
extra_trees,cat__site_project_x_county_izmit::kavanya_koru__izmit,2.823488045867006e-05
extra_trees,cat__site_project_id_karamursel::merkezkent,2.8140514964353303e-05
extra_trees,cat__site_project_id_county_scoped_basiskele::villa_liva,2.810348531444742e-05
extra_trees,cat__site_project_id_county_scoped_izmit::cb_atlas_tan_la_vida_city,2.7923835508008726e-05
extra_trees,cat__site_project_x_county_basiskele::ritim_vadi_evleri__basiskele,2.7895554138615226e-05
extra_trees,cat__district_Yahyakaptan Mah.,2.7251404505072315e-05
extra_trees,cat__site_project_id_basiskele::ritim_vadi_evleri,2.6914499453939443e-05
extra_trees,cat__site_project_id_izmit::tuana_evleri_3,2.64549427697877e-05
extra_trees,cat__site_project_id_basiskele::villa_liva,2.6184062904618013e-05
extra_trees,cat__district_Yeşilova Mh.,2.611135064184854e-05
extra_trees,cat__detail_manzara_Göl|Park & Yeşil Alan|Şehir,2.568980809957534e-05
extra_trees,cat__site_project_id_kartepe::casaba,2.5648544814917135e-05
extra_trees,cat__site_project_id_golcuk::degirmendere_modern,2.556643223644216e-05
extra_trees,cat__geo_cluster_x_room_count_city_1||4+1,2.5526022806395162e-05
extra_trees,cat__site_project_id_county_scoped_kartepe::vefakent_saklibahce,2.5044803368704713e-05
extra_trees,cat__heating_Klima,2.4507887969440647e-05
extra_trees,cat__room_count_Stüdyo (1+0),2.418225408503747e-05
extra_trees,cat__site_project_id_izmit::kiptas_cinar,2.4168457866979143e-05
extra_trees,cat__detail_manzara_Doğa|Havuz,2.4134385237785045e-05
extra_trees,cat__site_project_id_kartepe::vefakent_saklibahce,2.3582851195710622e-05
extra_trees,cat__site_project_id_basiskele::orka_life,2.3472978090841234e-05
extra_trees,cat__geo_cluster_x_room_count_missing||4+1,2.331840466242049e-05
extra_trees,cat__site_project_id_izmit::oluklu_bagcesme,2.3311597718222073e-05
extra_trees,cat__detail_manzara_Doğa|Göl|Park & Yeşil Alan,2.2203421678949507e-05
extra_trees,cat__district_Ereğli Mh.,2.202983709765073e-05
extra_trees,cat__geo_cluster_x_room_count_city_1||4.5+1,2.1867976701355416e-05
extra_trees,cat__site_project_x_county_kartepe::vefakent_saklibahce__kartepe,2.178716004084305e-05
extra_trees,cat__site_project_id_county_scoped_basiskele::ustgrup_lifeside,2.1768108787327114e-05
extra_trees,cat__site_project_x_county_golcuk::vadi_degirmendere__golcuk,2.1748089989218323e-05
extra_trees,cat__basiskele_geo_cluster_x_m2_group_Başiskele_3||200+,2.1664352035713346e-05
extra_trees,cat__site_project_x_county_izmit::oluklu_bagcesme__izmit,2.117338625692749e-05
extra_trees,cat__site_project_x_county_golcuk::degirmendere_modern__golcuk,2.1037626182007195e-05
extra_trees,cat__site_project_id_county_scoped_basiskele::bahcekent_konutlari,2.1011535124229182e-05
extra_trees,cat__site_project_x_county_izmit::efdal_mai__izmit,2.0723804041744695e-05
extra_trees,cat__site_project_id_county_scoped_golcuk::vadi_degirmendere,2.052871213670061e-05
extra_trees,cat__site_project_x_county_izmit::terrace_yahyakaptan__izmit,2.0108232880520465e-05
extra_trees,cat__district_Tepecik Mah.,2.010690642305867e-05
extra_trees,cat__site_project_id_golcuk::deniz_yildizi,1.9846330585312166e-05
extra_trees,cat__district_Yenidoğan Mh.,1.9793859793101426e-05
extra_trees,cat__district_Kuruçeşme Fatih Mh.,1.9758237849137388e-05
extra_trees,cat__detail_konut_tipi_Ara Kat|Çatı Dubleksi,1.9324571445340632e-05
extra_trees,cat__district_Uzunçiftlik Mh.,1.9221843987115348e-05
extra_trees,cat__site_project_x_county_izmit::remax_effect_ten_gundogdu_bayindirlik__izmit,1.8740268339964503e-05
extra_trees,cat__site_project_x_county_izmit::tuana_evleri_3__izmit,1.829942284868815e-05
extra_trees,cat__site_project_x_county_izmit::vadi__izmit,1.780916790235198e-05
extra_trees,cat__site_project_x_county_izmit::kiptas_cinar__izmit,1.7493064116608033e-05
extra_trees,cat__site_project_id_izmit::terrace_yahyakaptan,1.7343653718132994e-05
extra_trees,cat__detail_konut_tipi_Dubleks|Ters Dubleks,1.7278316476678004e-05
extra_trees,cat__site_project_id_county_scoped_basiskele::zeray_gunesi,1.7179247860311197e-05
extra_trees,cat__district_Gültepe Mh.,1.706103221898574e-05
extra_trees,cat__site_project_id_izmit::yuvam_turgut_toplu,1.673837229786378e-05
extra_trees,cat__district_Ömerağa Mh.,1.663933695769196e-05
extra_trees,cat__site_project_id_county_scoped_izmit::akcakent_1,1.663499608333816e-05
extra_trees,cat__site_project_id_izmit::vadi,1.654875627398875e-05
extra_trees,cat__district_Aydınkent Mh.,1.6398438510968054e-05
extra_trees,cat__basiskele_geo_cluster_x_m2_group_Başiskele_1||101-125,1.622930726276779e-05
extra_trees,cat__elevator_missing,1.606159363774191e-05
extra_trees,cat__site_project_x_county_basiskele::egimsiz__basiskele,1.5926032896246148e-05
extra_trees,cat__basiskele_geo_cluster_x_m2_group_Başiskele_3||0-75,1.58059380568836e-05
extra_trees,cat__geo_cluster_county_Karamürsel_2,1.548239048986612e-05
extra_trees,cat__district_Ulaşlı Yavuz Sultan Selim Mh.,1.5328853016022295e-05
extra_trees,cat__site_project_id_izmit::jasmine_country,1.5297659065659906e-05
extra_trees,cat__detail_konut_tipi_Dubleks|Ara Kat,1.4897155416872653e-05
extra_trees,cat__real_estate_type_Satılık Daire,1.4853139071578137e-05
extra_trees,cat__site_project_id_basiskele::zeray_gunesi,1.4782491441744495e-05
extra_trees,cat__district_Kullar Yakacık Mh.,1.4659862016462696e-05
extra_trees,cat__site_project_id_county_scoped_izmit::innovia_terrace,1.4656924467376847e-05
extra_trees,cat__geo_cluster_x_room_count_city_3||5+1,1.4600158515946721e-05
extra_trees,cat__district_Hisareyn Merkez Mah.,1.4584460195127334e-05
extra_trees,cat__site_project_x_county_kartepe::saglik_kent__kartepe,1.4513201133525179e-05
extra_trees,cat__site_project_id_county_scoped_izmit::golden_park,1.4251515458826826e-05
extra_trees,cat__site_project_id_county_scoped_kartepe::saglik_kent,1.4224741291129507e-05
extra_trees,cat__site_project_x_county_izmit::bagcesme_modern__izmit,1.415879815099123e-05
extra_trees,cat__site_project_id_izmit::golden_park,1.4130895425773034e-05
extra_trees,cat__site_project_id_county_scoped_izmit::saray_evleri_anemon,1.4031944495912072e-05
extra_trees,cat__site_project_id_county_scoped_izmit::tuana_evleri_2,1.4002051639219272e-05
extra_trees,cat__site_project_x_county_golcuk::deniz_yildizi__golcuk,1.3986194069685851e-05
extra_trees,cat__district_Yaylacık Mh.,1.371812251880481e-05
extra_trees,cat__room_count_4.5+1,1.3702096747787684e-05
extra_trees,cat__site_project_x_county_izmit::akademic_life_2__izmit,1.3629314683181601e-05
extra_trees,cat__site_project_id_izmit::tuana_evleri_2,1.3594850572708453e-05
extra_trees,cat__district_İpek Yolu Mh.,1.33607837424379e-05
extra_trees,cat__site_project_id_kartepe::saglik_kent,1.3239234620877945e-05
extra_trees,cat__site_project_id_county_scoped_basiskele::egimsiz,1.3201075347959622e-05
extra_trees,cat__site_project_id_county_scoped_kartepe::casaba,1.3162110728707379e-05
extra_trees,cat__site_project_x_county_izmit::akcakent_1__izmit,1.3146733237201452e-05
extra_trees,cat__basiskele_geo_cluster_x_m2_group_Başiskele_4||76-100,1.3043821400404635e-05
extra_trees,cat__geo_cluster_x_room_count_city_11||3+1,1.3006990482132914e-05
extra_trees,cat__parking_missing,1.2835864863989453e-05
extra_trees,cat__geo_cluster_x_room_count_city_0||1+1,1.2758429536599923e-05
extra_trees,cat__site_project_id_izmit::akcakent_1,1.271241715307745e-05
extra_trees,cat__geo_cluster_x_room_count_city_7||4+1,1.269224569701575e-05
extra_trees,cat__district_Hatipköy Mh.,1.2452242274323074e-05
extra_trees,cat__site_project_id_county_scoped_izmit::toki_arizli,1.2410443666190517e-05
extra_trees,cat__site_project_id_county_scoped_izmit::green_hill_city,1.235524479763132e-05
extra_trees,cat__detail_manzara_Doğa|Göl|Park & Yeşil Alan|Şehir,1.2299795806994034e-05
extra_trees,cat__site_project_x_county_izmit::tuana_evleri_2__izmit,1.2262109598092084e-05
extra_trees,cat__basiskele_geo_cluster_x_m2_group_Başiskele_1||151-200,1.2230782455217416e-05
extra_trees,cat__site_project_id_county_scoped_kartepe::mahal_kartepe,1.1907875535947053e-05
extra_trees,cat__site_project_id_izmit::innovia_terrace,1.1627281409120323e-05
extra_trees,cat__district_Yunus Emre Mah.,1.1599370133530577e-05
extra_trees,cat__site_project_x_county_golcuk::mavi_sehir__golcuk,1.1449697603927502e-05
extra_trees,cat__site_project_x_county_izmit::innovia_terrace__izmit,1.137653249254869e-05
extra_trees,cat__district_İstasyon Mh.,1.1221906138734754e-05
extra_trees,cat__site_project_id_county_scoped_golcuk::baris_vizyon_deluxe_3,1.1205285827501518e-05
extra_trees,cat__geo_cluster_city_city_11,1.11522733658175e-05
extra_trees,cat__site_project_id_golcuk::mavi_sehir,1.1050604235427061e-05
extra_trees,cat__site_project_x_county_izmit::golden_park__izmit,1.0715615692792377e-05
extra_trees,cat__district_Alikahya Cumhuriyet Mah.,1.0714974540474678e-05
extra_trees,cat__site_project_x_county_basiskele::orka_life_2__basiskele,1.061945908978478e-05
extra_trees,cat__site_project_id_izmit::akademic_life_2,1.0460947298559018e-05
extra_trees,cat__site_project_id_izmit::saray_evleri_anemon,1.0415541368188384e-05
extra_trees,cat__district_Derbent Mh.,1.0409275806098058e-05
extra_trees,cat__site_project_x_county_izmit::toki_arizli__izmit,1.037646988638442e-05
extra_trees,cat__site_project_id_county_scoped_basiskele::evimiz_kocaeli,1.031602483417627e-05
extra_trees,cat__usage_status_missing,1.0287791364705221e-05
extra_trees,cat__site_project_id_county_scoped_golcuk::degirmendere_modern,1.0256006903976187e-05
extra_trees,cat__site_project_x_county_kartepe::480__kartepe,1.0080040199040414e-05
extra_trees,cat__site_project_x_county_izmit::izmitkent_konutlari_3__izmit,9.922617711824205e-06
extra_trees,cat__site_project_id_county_scoped_izmit::tuana_evleri_3,9.91713876283328e-06
extra_trees,cat__district_Doğan Mh.,9.907330133216273e-06
extra_trees,cat__district_Malta Mah.,9.869479337359105e-06
extra_trees,cat__site_project_id_county_scoped_izmit::oluklu_bagcesme,9.771210149292643e-06
extra_trees,cat__site_project_id_county_scoped_basiskele::orka_life,9.768701542201495e-06
extra_trees,cat__site_project_id_county_scoped_golcuk::ervatan,9.765398084974275e-06
extra_trees,cat__site_project_id_county_scoped_izmit::armadakent_3,9.581656014494241e-06
extra_trees,cat__geo_cluster_x_room_count_city_9||1+1,9.52665954139307e-06
extra_trees,cat__site_project_x_county_izmit::ozum__izmit,9.362726976024014e-06
extra_trees,cat__site_project_id_izmit::efdal_mai,9.258825445549056e-06
extra_trees,cat__site_project_x_county_izmit::jasmine_country__izmit,9.218900216338062e-06
extra_trees,cat__site_project_id_county_scoped_izmit::iremkent,9.145946206564321e-06
extra_trees,cat__site_project_x_county_izmit::umutkent__izmit,9.113048109187557e-06
extra_trees,cat__site_project_id_karamursel::hetas_konaklari,9.084891715282572e-06
extra_trees,cat__site_project_x_county_basiskele::orka_life__basiskele,9.075629779873832e-06
extra_trees,cat__geo_cluster_x_room_count_city_7||5+1,8.919658808270579e-06
extra_trees,cat__site_project_id_county_scoped_izmit::yuvam_turgut_toplu,8.861856710372316e-06
extra_trees,cat__site_project_id_izmit::yelkent_alfa,8.753797981051084e-06
extra_trees,cat__site_project_id_county_scoped_golcuk::mavi_sehir,8.75038930994778e-06
extra_trees,cat__site_project_x_county_kartepe::kartepe_konaklari__kartepe,8.73956987284517e-06
extra_trees,cat__demo_dominant_marital_status_Evli,8.736544529728792e-06
extra_trees,cat__geo_cluster_x_room_count_city_1||1+1,8.482555173372456e-06
extra_trees,cat__basiskele_geo_cluster_x_m2_group_Başiskele_4||0-75,8.409512330744925e-06
extra_trees,cat__geo_cluster_x_room_count_city_5||Stüdyo (1+0),8.3189547940984e-06
extra_trees,cat__site_project_id_county_scoped_golcuk::deniz_yildizi,8.257972337762919e-06
extra_trees,cat__site_project_id_county_scoped_izmit::terrace_yahyakaptan,8.156568663265966e-06
extra_trees,cat__site_inside_missing,8.153326658139575e-06
extra_trees,cat__site_project_id_kartepe::marmara_34,8.031442736874675e-06
extra_trees,cat__demo_dominant_education_İlkokul,7.98334055797245e-06
extra_trees,cat__site_project_x_county_basiskele::altin_vadi__basiskele,7.906209525293481e-06
extra_trees,cat__site_project_id_kartepe::forum_anatolia,7.86149255529669e-06
extra_trees,cat__site_project_id_county_scoped_izmit::efdal_mai,7.804911835714207e-06
extra_trees,cat__site_project_id_izmit::toki_arizli,7.742727080028064e-06
extra_trees,cat__site_project_id_county_scoped_kartepe::beykoz_evleri_1,7.709113203400249e-06
extra_trees,cat__site_project_id_county_scoped_izmit::umutkent,7.548050683771441e-06
extra_trees,cat__site_project_id_izmit::izmitkent_konutlari_3,7.522463557737215e-06
extra_trees,cat__district_Yeniköy Merkez Mh.,7.520280748023627e-06
extra_trees,cat__site_project_id_basiskele::egimsiz,7.468672301488985e-06
extra_trees,cat__site_project_x_county_kartepe::sudeks_dorukkent_sitesi_1__kartepe,7.443127770160388e-06
extra_trees,cat__district_Köseköy Mh.,7.400070981924708e-06
extra_trees,cat__detail_konut_tipi_Dubleks|En Üst Kat,7.379392774527862e-06
extra_trees,cat__site_project_id_basiskele::evimiz_kocaeli,7.350660543093717e-06
extra_trees,cat__site_project_id_county_scoped_kartepe::dorukpark,7.328139076860194e-06
extra_trees,cat__site_project_id_izmit::tadu_concept,7.314479117012429e-06
extra_trees,cat__site_project_id_county_scoped_izmit::yuvam_akarca,7.110856378439053e-06
extra_trees,cat__site_project_x_county_basiskele::zeray_gunesi__basiskele,7.069899243118344e-06
extra_trees,cat__site_project_x_county_izmit::saray_evleri_anemon__izmit,7.067978063895995e-06
extra_trees,cat__site_project_x_county_karamursel::gazanferkent_konaklari__karamursel,6.9841549918189494e-06
extra_trees,cat__furnished_missing,6.939541051835321e-06
extra_trees,cat__site_project_id_county_scoped_basiskele::royal_country,6.927018823366175e-06
extra_trees,cat__detail_manzara_Boğaz|Deniz,6.872686143214863e-06
extra_trees,cat__building_age_group_missing,6.864544082799051e-06
extra_trees,cat__site_project_x_county_kartepe::atakent_evleri_152_ada__kartepe,6.791167982488822e-06
extra_trees,cat__site_project_id_basiskele::kullar_tepecik_mah,6.7642585893970655e-06
extra_trees,cat__detail_konut_tipi_Dubleks|En Üst Kat|Ara Kat|Ara Kat Dubleks|Bahçe Dubleksi|Çatı Dubleksi|Forleks|Ters Dubleks|Tripleks,6.755574852262784e-06
extra_trees,cat__district_Tavşantepe Mh.,6.675746771900583e-06
extra_trees,cat__site_project_id_county_scoped_izmit::tuana,6.6075768509889e-06
extra_trees,cat__site_project_id_izmit::akcakoca,6.598990256153107e-06
extra_trees,cat__site_project_id_basiskele::altin_vadi,6.552738561072616e-06
extra_trees,cat__site_project_x_county_izmit::full__izmit,6.515045656539737e-06
extra_trees,cat__site_project_id_county_scoped_kartepe::marmara_34,6.463092635282075e-06
extra_trees,cat__detail_konut_tipi_En Üst Kat|Ara Kat,6.4556420683960804e-06
extra_trees,cat__site_project_x_county_izmit::yuvam_turgut_toplu__izmit,6.42339326445403e-06
extra_trees,cat__site_project_x_county_kartepe::beykoz_evleri_1__kartepe,6.417226188835293e-06
extra_trees,cat__site_project_id_county_scoped_izmit::kent_konutlari_2,6.363808447472995e-06
extra_trees,cat__district_Ayazma Mah.,6.363172176511859e-06
extra_trees,cat__site_project_id_county_scoped_kartepe::480,6.33995457041914e-06
extra_trees,cat__site_project_x_county_izmit::ogretmenler__izmit,6.334404762458932e-06
extra_trees,cat__site_project_id_kartepe::480,6.258109810768977e-06
extra_trees,cat__site_project_id_county_scoped_izmit::gokce,6.2532985977764165e-06
extra_trees,cat__site_project_x_county_izmit::tarcanlardan_gundogdu_eren_life__izmit,6.166247424280928e-06
extra_trees,cat__district_Tüysüzler Mh.,6.1019319818764485e-06
extra_trees,cat__detail_konut_tipi_Dubleks|En Üst Kat|Ara Kat|Çatı Dubleksi,6.0858929298859724e-06
extra_trees,cat__site_project_id_county_scoped_kartepe::zeray_mahal_kartepe,6.0741836901290846e-06
extra_trees,cat__site_project_id_basiskele::mahall_yuvacik_2,6.046628498342723e-06
extra_trees,cat__site_project_id_basiskele::royal_country,5.919923923051231e-06
extra_trees,cat__site_project_id_county_scoped_izmit::jasmine_country,5.906857132468837e-06
extra_trees,cat__site_project_id_county_scoped_izmit::sea_life,5.8718820044850915e-06
extra_trees,cat__site_project_id_izmit::iztop_park,5.851215289299281e-06
extra_trees,cat__site_project_id_kartepe::mahal_kartepe,5.749461842665951e-06
extra_trees,cat__site_project_id_izmit::sea_life,5.742624234982465e-06
extra_trees,cat__site_project_id_izmit::kent_tuana,5.738243958787143e-06
extra_trees,cat__site_project_id_county_scoped_izmit::yildiz,5.735577801094765e-06
extra_trees,cat__site_project_x_county_basiskele::royal_country__basiskele,5.721268441240438e-06
extra_trees,cat__site_project_id_golcuk::vadi_degirmendere,5.690791990013304e-06
extra_trees,cat__site_project_id_izmit::armadakent_3,5.604416929464353e-06
extra_trees,cat__site_project_id_county_scoped_kartepe::sudeks_dorukkent_sitesi_1,5.561931762216457e-06
extra_trees,cat__site_project_id_county_scoped_izmit::iztop_park,5.553085432104592e-06
extra_trees,cat__site_project_x_county_izmit::yuvam_akarca__izmit,5.491495983001793e-06
extra_trees,cat__site_project_id_kartepe::beykoz_evleri_1,5.456955809235715e-06
extra_trees,cat__site_project_x_county_izmit::armadakent_3__izmit,5.443889683348743e-06
extra_trees,cat__site_project_id_county_scoped_izmit::tadu_concept,5.399134891467149e-06
extra_trees,cat__site_project_id_county_scoped_izmit::kent_tuana,5.3853689430542065e-06
extra_trees,cat__site_project_id_kartepe::kartepe_konaklari,5.350029537351347e-06
extra_trees,cat__room_count_3+2,5.260214698083604e-06
extra_trees,cat__site_project_id_county_scoped_izmit::vadi,5.238348336445038e-06
extra_trees,cat__site_project_id_county_scoped_izmit::izmitkent_konutlari_3,5.216719411314715e-06
extra_trees,cat__site_project_x_county_izmit::yildiz__izmit,5.196658802439908e-06
extra_trees,cat__site_project_id_izmit::tuana,5.176079741293912e-06
extra_trees,cat__geo_cluster_x_room_count_city_2||4+2,5.149463180422829e-06
extra_trees,cat__heating_Soba,5.125426859763076e-06
extra_trees,cat__site_project_x_county_basiskele::basiskele_de_havuzlu__basiskele,5.1238691625400825e-06
extra_trees,cat__site_project_id_county_scoped_izmit::emniyetciler,5.122127896824129e-06
extra_trees,cat__site_project_id_kartepe::my_life_kartepe,5.1210704129970635e-06
extra_trees,cat__site_project_id_izmit::green_hill_city,5.103133972700979e-06
extra_trees,cat__site_project_id_kartepe::kartepe_konutlari_2,5.07384980765467e-06
extra_trees,cat__site_project_id_county_scoped_kartepe::forum_anatolia,5.072417576417092e-06
extra_trees,cat__detail_konut_tipi_Ara Kat Dubleks,5.0443926851322565e-06
extra_trees,cat__site_project_x_county_basiskele::mahall_yuvacik_2__basiskele,5.03788296327273e-06
extra_trees,cat__site_project_id_county_scoped_izmit::tarcanlardan_gundogdu_eren_life,4.935652413706536e-06
extra_trees,cat__site_project_id_kartepe::sudeks_dorukkent_sitesi_1,4.905118298274312e-06
extra_trees,cat__site_project_id_county_scoped_izmit::akcakoca,4.852792985182076e-06
extra_trees,cat__site_project_x_county_izmit::izmitkent_konutlari_2__izmit,4.838674771928922e-06
extra_trees,cat__site_project_id_county_scoped_izmit::myra_sitesi_3,4.825419498711218e-06
extra_trees,cat__site_project_id_izmit::diamond_prestige_2,4.75397662049879e-06
extra_trees,cat__site_project_id_basiskele::twinkle_life,4.748502146893191e-06
extra_trees,cat__room_count_6+1,4.7437480554305286e-06
extra_trees,cat__site_project_id_county_scoped_kartepe::my_life_kartepe,4.714257079593059e-06
extra_trees,cat__site_project_id_izmit::yuvam_akarca,4.654020782578708e-06
extra_trees,cat__site_project_id_county_scoped_basiskele::orka_life_2,4.621446221270816e-06
extra_trees,cat__basiskele_geo_cluster_x_m2_group_Başiskele_1||0-75,4.586872123714846e-06
extra_trees,cat__site_project_x_county_izmit::golkent_turkuaz__izmit,4.543558412445179e-06
extra_trees,cat__geo_cluster_x_room_count_city_2||1+1,4.512158566210279e-06
extra_trees,cat__site_project_id_basiskele::bulvar,4.48991575631851e-06
extra_trees,cat__district_Zabıtan Mh.,4.483640567830653e-06
extra_trees,cat__site_project_id_county_scoped_kartepe::atakent_evleri_152_ada,4.457900545003486e-06
extra_trees,cat__site_project_id_county_scoped_izmit::ozum,4.429924878274482e-06
extra_trees,cat__site_project_id_county_scoped_izmit::diamond_prestige_2,4.420100428066673e-06
extra_trees,cat__site_project_id_izmit::golkent_turkuaz,4.4053122765458535e-06
extra_trees,cat__heating_missing,4.379842648508088e-06
extra_trees,cat__basiskele_geo_cluster_x_m2_group_other||200+,4.34733588414605e-06
extra_trees,cat__site_project_x_county_kartepe::kartepe_konutlari_2__kartepe,4.334267742224971e-06
extra_trees,cat__district_Kemalpaşa Mh.,4.3270967197858925e-06
extra_trees,cat__site_project_x_county_izmit::gokce__izmit,4.298271709380257e-06
extra_trees,cat__site_project_x_county_kartepe::forum_anatolia__kartepe,4.2677068752917295e-06
extra_trees,cat__site_project_x_county_izmit::kent_konutlari_2__izmit,4.258786337545629e-06
extra_trees,cat__site_project_id_kartepe::dorukpark,4.2222769175226085e-06
extra_trees,cat__site_project_id_izmit::visinya,4.2165034338759975e-06
extra_trees,cat__site_project_id_izmit::izmitkent_konutlari_2,4.1879071382266715e-06
extra_trees,cat__site_project_id_izmit::golpark_star_life,4.1794714904644156e-06
extra_trees,cat__site_project_x_county_izmit::golpark_star_life__izmit,4.110038344573138e-06
extra_trees,cat__site_project_id_county_scoped_izmit::kavanium_832_ada,4.093917964359629e-06
extra_trees,cat__site_project_x_county_izmit::tuana__izmit,3.925543112888905e-06
extra_trees,cat__site_project_id_county_scoped_basiskele::royal_life,3.867598141507257e-06
extra_trees,cat__site_project_x_county_kartepe::mahal_kartepe__kartepe,3.851557604699942e-06
extra_trees,cat__site_project_id_county_scoped_izmit::visinya,3.806648479204729e-06
extra_trees,cat__site_project_id_county_scoped_izmit::kavanium_833_ada,3.806302779308798e-06
extra_trees,cat__detail_manzara_Deniz|Doğa|Havuz|Park & Yeşil Alan,3.792286276606571e-06
extra_trees,cat__site_project_x_county_izmit::iztop_park__izmit,3.775682886667775e-06
extra_trees,cat__site_project_id_izmit::kavanium_833_ada,3.762676817465727e-06
extra_trees,cat__site_project_id_county_scoped_basiskele::mahall_yuvacik_2,3.737755581881986e-06
extra_trees,cat__site_project_id_kartepe::sudeks_dorukkent_sitesi_2,3.708975456179199e-06
extra_trees,cat__site_project_id_county_scoped_golcuk::golcuk_kavanium_2,3.707308941688233e-06
extra_trees,cat__site_project_x_county_basiskele::zeraykent_yuvacik__basiskele,3.7052258679228128e-06
extra_trees,cat__site_project_x_county_kartepe::casaba__kartepe,3.6534808862942086e-06
extra_trees,cat__site_project_x_county_golcuk::deniz_as__golcuk,3.6311706001904466e-06
extra_trees,cat__site_project_id_county_scoped_golcuk::erguder,3.583121864938463e-06
extra_trees,cat__site_project_id_golcuk::ozgururkent,3.577712755801898e-06
extra_trees,cat__site_project_x_county_kartepe::sudeks_dorukkent_sitesi_2__kartepe,3.567741006332138e-06
extra_trees,cat__site_project_id_county_scoped_basiskele::yakamoz_konutlari,3.534805287622913e-06
extra_trees,cat__site_project_id_izmit::kent_konutlari_2,3.4885154227024804e-06
extra_trees,cat__site_project_id_county_scoped_izmit::armonia,3.479355672017681e-06
extra_trees,cat__site_project_x_county_izmit::visinya__izmit,3.4306957674573546e-06
extra_trees,cat__detail_manzara_Deniz|Havuz,3.4275923528501676e-06
extra_trees,cat__site_project_x_county_izmit::ozgur__izmit,3.419776776019402e-06
extra_trees,cat__site_project_x_county_kartepe::effect_kartepe__kartepe,3.4175870606193934e-06
extra_trees,cat__site_project_id_county_scoped_izmit::akademic_life_2,3.3306315593933055e-06
extra_trees,cat__site_project_id_county_scoped_kartepe::sudeks_dorukkent_sitesi_2,3.3092517734525495e-06
extra_trees,cat__detail_konut_tipi_Ara Kat|Tripleks,3.305979818389801e-06
extra_trees,cat__detail_manzara_Deniz|Havuz|Park & Yeşil Alan,3.2771670711290012e-06
extra_trees,cat__site_project_x_county_izmit::plajyolunda__izmit,3.2161014905497825e-06
extra_trees,cat__heating_Kat Kaloriferi,3.2004588939084187e-06
extra_trees,cat__site_project_id_county_scoped_izmit::yelkent_alfa,3.1920240803617066e-06
extra_trees,cat__site_project_id_izmit::yahya_kaptan,3.17532056820579e-06
extra_trees,cat__site_project_id_county_scoped_golcuk::mercan_bagkent,3.1497315775507236e-06
extra_trees,cat__district_Kullar Tepecik Mh.,3.1329733407732887e-06
extra_trees,cat__site_project_id_county_scoped_kartepe::gate_41_masukiye,3.1067484523214903e-06
extra_trees,cat__site_project_id_county_scoped_karamursel::gazanferkent_konaklari,3.103357721302348e-06
extra_trees,cat__site_project_id_county_scoped_izmit::vesta_park,3.0703494304428365e-06
extra_trees,cat__site_project_id_golcuk::deniz_as,3.065115936321479e-06
extra_trees,cat__site_project_id_izmit::mk_royal,3.063901784233267e-06
extra_trees,cat__site_project_x_county_izmit::kavanium_832_ada__izmit,3.054691556182117e-06
extra_trees,cat__site_project_id_izmit::gokce,3.037558659077293e-06
extra_trees,cat__room_count_2.5+1,3.009216427521168e-06
extra_trees,cat__site_project_x_county_izmit::sea_life__izmit,2.9505392913512894e-06
extra_trees,cat__site_project_id_basiskele::my_yaka,2.9357321147002772e-06
extra_trees,cat__site_project_x_county_basiskele::bulvar__basiskele,2.9276498071623335e-06
extra_trees,cat__site_project_id_izmit::full,2.8499543664221118e-06
extra_trees,cat__site_project_id_county_scoped_golcuk::deniz_as,2.84904527592701e-06
extra_trees,cat__site_project_id_county_scoped_izmit::humeyra_park,2.844413316902322e-06
extra_trees,cat__site_project_id_county_scoped_kartepe::yelkent_vaha,2.832887609607424e-06
extra_trees,cat__site_project_x_county_karamursel::hetas_konaklari__karamursel,2.80167226581033e-06
extra_trees,cat__site_project_x_county_kartepe::zeray_mahal_kartepe__kartepe,2.778043285257663e-06
extra_trees,cat__basiskele_geo_cluster_x_m2_group_Başiskele_1||76-100,2.7707580734171244e-06
extra_trees,cat__district_Kabaoğlu Mh.,2.7696285176486186e-06
extra_trees,cat__site_project_id_basiskele::orka_life_2,2.7604542221385172e-06
extra_trees,cat__site_project_x_county_kartepe::marmara_34__kartepe,2.7469445566252375e-06
extra_trees,cat__site_project_x_county_basiskele::evimiz_kocaeli__basiskele,2.743680885573663e-06
extra_trees,cat__site_project_x_county_izmit::diamond_prestige_2__izmit,2.743161834102975e-06
extra_trees,cat__site_project_id_county_scoped_kartepe::kartepe_konutlari_2,2.712740372647941e-06
extra_trees,cat__basiskele_geo_cluster_x_m2_group_Başiskele_2||200+,2.7094492705577484e-06
extra_trees,cat__site_project_id_izmit::oluklu_ozon,2.669624319311772e-06
extra_trees,cat__site_project_id_golcuk::mercan_bagkent,2.6689302298246626e-06
extra_trees,cat__district_Maşukiye Mh.,2.6676733035449506e-06
extra_trees,cat__site_project_id_county_scoped_izmit::izmitkent_konutlari_2,2.6446197864455694e-06
extra_trees,cat__site_project_x_county_golcuk::kavanium__golcuk,2.6384054459347273e-06
extra_trees,cat__site_project_x_county_golcuk::ozgururkent__golcuk,2.6055197222775685e-06
extra_trees,cat__site_project_id_kartepe::gate_41_masukiye,2.6015412971653033e-06
extra_trees,cat__site_project_id_izmit::umutkent,2.595413785714325e-06
extra_trees,cat__geo_cluster_x_room_count_city_11||2+1,2.590253311562457e-06
extra_trees,cat__site_project_x_county_kartepe::gate_41_masukiye__kartepe,2.5881335186986142e-06
extra_trees,cat__site_project_x_county_izmit::mega__izmit,2.580643642828246e-06
extra_trees,cat__site_project_id_county_scoped_kartepe::karcity,2.5491208969322464e-06
extra_trees,cat__site_project_x_county_izmit::alan_park__izmit,2.515513230284662e-06
extra_trees,cat__site_project_x_county_izmit::kavanium_833_ada__izmit,2.50879539889562e-06
extra_trees,cat__district_Fevzi Çakmak Mh.,2.506636091540158e-06
extra_trees,cat__site_project_id_county_scoped_izmit::sekbanli_toki,2.468143058165362e-06
extra_trees,cat__geo_cluster_x_room_count_city_0||4.5+1,2.4636413278054725e-06
extra_trees,cat__site_project_x_county_golcuk::erguder__golcuk,2.4424798942559357e-06
extra_trees,cat__site_project_x_county_izmit::green_hill_city__izmit,2.433234082428746e-06
extra_trees,cat__site_project_id_izmit::flora_park,2.4310054659347635e-06
extra_trees,cat__geo_cluster_x_room_count_city_6||1+1,2.3957173663437542e-06
extra_trees,cat__site_project_id_county_scoped_izmit::yahya_kaptan,2.3883823422714715e-06
extra_trees,cat__site_project_id_basiskele::ustpark_afraze,2.3535864880068088e-06
extra_trees,cat__site_project_x_county_basiskele::yakamoz_konutlari__basiskele,2.351644820989733e-06
extra_trees,cat__detail_konut_tipi_Dubleks|Ara Kat|Ara Kat Dubleks,2.3382252383636357e-06
extra_trees,cat__site_project_id_basiskele::emar_delux_yuvacik,2.3321339932335664e-06
extra_trees,cat__real_estate_type_Satılık Rezidans,2.3286348655670024e-06
extra_trees,cat__detail_konut_tipi_Bahçe Dubleksi|Ters Dubleks,2.299190792596314e-06
extra_trees,cat__site_project_id_county_scoped_izmit::alan_park,2.2790290220663825e-06
extra_trees,cat__site_project_id_basiskele::yakamoz_konutlari,2.2502720899192405e-06
extra_trees,cat__site_project_id_basiskele::mavi_yesil_park,2.2454074270687465e-06
extra_trees,cat__site_project_id_county_scoped_basiskele::altin_vadi,2.232522427746001e-06
extra_trees,cat__site_project_x_county_izmit::up_town_evleri_1__izmit,2.2257871978416873e-06
extra_trees,cat__site_project_id_basiskele::parla_100_yil,2.210716849404493e-06
extra_trees,cat__site_project_x_county_izmit::vera_house_1__izmit,2.188806154222206e-06
extra_trees,cat__site_project_id_county_scoped_basiskele::mavi_yesil_park,2.1856214972796105e-06
extra_trees,cat__site_project_id_county_scoped_izmit::erenkaya_park,2.1840848141745533e-06
extra_trees,cat__site_project_x_county_izmit::yuvam_garden__izmit,2.1682950186434736e-06
extra_trees,cat__site_project_x_county_basiskele::mamik_reform__basiskele,2.1623243673286437e-06
extra_trees,cat__site_project_id_county_scoped_basiskele::basiskele_de_havuzlu,2.1616451984012798e-06
extra_trees,cat__site_project_id_county_scoped_izmit::turkoz_insaat_plajyolu_bozdag,2.11649230798805e-06
extra_trees,cat__site_project_id_county_scoped_izmit::campus_istanbul,2.102559284866564e-06
extra_trees,cat__site_project_x_county_basiskele::elitium_park__basiskele,2.0795482303801145e-06
extra_trees,cat__site_project_id_county_scoped_basiskele::zeraykent_yuvacik,2.0788455319886043e-06
extra_trees,cat__site_project_id_county_scoped_basiskele::my_yaka,2.040786189253901e-06
extra_trees,cat__site_project_id_izmit::alan_park,2.0375866578221204e-06
extra_trees,cat__geo_cluster_x_room_count_city_8||1+1,2.025163558958812e-06
extra_trees,cat__site_project_id_county_scoped_izmit::dorukkent,2.0180735281699816e-06
extra_trees,cat__site_project_id_county_scoped_basiskele::iskar_elit_kent,2.0088936757370736e-06
extra_trees,cat__site_project_x_county_izmit::izmitkent_konutlari_5__izmit,2.0037879060386956e-06
extra_trees,cat__site_project_id_basiskele::mamik_reform,2.0036246752954743e-06
extra_trees,cat__site_project_id_izmit::myra_sitesi_3,2.0013989099029182e-06
extra_trees,cat__site_project_id_county_scoped_golcuk::baris_park_evleri_1,1.9915971394292246e-06
extra_trees,cat__site_project_x_county_kartepe::dorukpark__kartepe,1.980405732679871e-06
extra_trees,cat__site_project_x_county_izmit::emniyetciler__izmit,1.9516812996644994e-06
extra_trees,cat__site_project_x_county_kartepe::sudeks_busekent__kartepe,1.941709052239927e-06
extra_trees,cat__site_project_x_county_kartepe::zeray_effect_kartepe__kartepe,1.9399484203863526e-06
extra_trees,cat__site_project_id_izmit::vesta_park,1.930202412465887e-06
extra_trees,cat__site_project_id_county_scoped_basiskele::alizepark_city,1.9149242784714313e-06
extra_trees,cat__site_project_x_county_golcuk::demirsoy__golcuk,1.8973573128381497e-06
extra_trees,cat__site_project_x_county_golcuk::degirmendere_konaklari__golcuk,1.8878054317285007e-06
extra_trees,cat__site_project_id_county_scoped_golcuk::toki_sivritepe,1.874204797321341e-06
extra_trees,cat__site_project_id_kartepe::atakent_evleri_152_ada,1.8719881591237521e-06
extra_trees,cat__site_project_x_county_kartepe::emar_delux__kartepe,1.8640311900683307e-06
extra_trees,cat__site_project_id_county_scoped_izmit::vera_house_1,1.8596616446158276e-06
extra_trees,cat__site_project_id_county_scoped_basiskele::mamik_life,1.841159233907351e-06
extra_trees,cat__geo_cluster_x_room_count_city_7||3+2,1.8329886415416075e-06
extra_trees,cat__site_project_id_basiskele::zeray_kent,1.8314850495371737e-06
extra_trees,cat__site_project_x_county_basiskele::emar_delux_yuvacik__basiskele,1.8273899830725154e-06
extra_trees,cat__site_project_x_county_basiskele::bahama__basiskele,1.824065502948475e-06
extra_trees,cat__district_Örcün Mh.,1.8174839420951906e-06
extra_trees,cat__site_project_x_county_golcuk::golcuk_kavanium_2__golcuk,1.8110274850543325e-06
extra_trees,cat__site_project_id_county_scoped_basiskele::zeray_kent,1.809032172177001e-06
extra_trees,cat__site_project_id_izmit::kavanium_832_ada,1.8027672647002277e-06
extra_trees,cat__site_project_id_izmit::yildiz,1.7826671046768706e-06
extra_trees,cat__site_project_id_county_scoped_kartepe::kamelya,1.7673367998690183e-06
extra_trees,cat__site_project_id_izmit::ogretmenler,1.759388154661059e-06
extra_trees,cat__site_project_id_county_scoped_izmit::up_town_evleri_1,1.7507423022396988e-06
extra_trees,cat__site_project_id_basiskele::zeraykent_yuvacik,1.739546961560879e-06
extra_trees,cat__site_project_id_izmit::tarcanlardan_gundogdu_eren_life,1.734954359057173e-06
extra_trees,cat__site_project_id_county_scoped_karamursel::hetas_konaklari,1.7320450041455995e-06
extra_trees,cat__site_project_id_kartepe::zeray_effect_kartepe,1.7314339101449206e-06
extra_trees,cat__site_project_x_county_kartepe::eksioglu_kardelen__kartepe,1.7302548583446093e-06
extra_trees,cat__geo_cluster_x_room_count_city_4||2.5+1,1.6799819602454183e-06
extra_trees,cat__site_project_id_county_scoped_izmit::izmitkent_konutlari_5,1.6778964794974966e-06
extra_trees,cat__site_project_id_izmit::iremkent,1.6691542088804617e-06
extra_trees,cat__site_project_id_county_scoped_golcuk::ata_1,1.661661510426473e-06
extra_trees,cat__site_project_id_county_scoped_basiskele::emar_delux_yuvacik,1.6521056523527303e-06
extra_trees,cat__site_project_x_county_izmit::yahya_kaptan__izmit,1.6403839467225068e-06
extra_trees,cat__site_project_id_county_scoped_izmit::golpark_star_life,1.6386622870826155e-06
extra_trees,cat__site_project_id_county_scoped_basiskele::bahama,1.6291895149117732e-06
extra_trees,cat__site_project_id_izmit::balaban_yuksel,1.6099754222926059e-06
extra_trees,cat__site_project_id_county_scoped_basiskele::kardelen,1.6015705962563853e-06
extra_trees,cat__site_project_x_county_basiskele::royal_life__basiskele,1.5950919897600205e-06
extra_trees,cat__site_project_id_county_scoped_basiskele::bulvar,1.5936666163565078e-06
extra_trees,cat__site_project_id_izmit::armonia,1.590844122707565e-06
extra_trees,cat__site_project_id_basiskele::marmara_elit,1.570624233051136e-06
extra_trees,cat__site_project_x_county_izmit::campus_istanbul__izmit,1.5625736779694296e-06
extra_trees,cat__site_project_x_county_izmit::sea_life_41__izmit,1.560936138049673e-06
extra_trees,cat__site_project_x_county_basiskele::elitium_trio__basiskele,1.5479796233608652e-06
extra_trees,cat__basiskele_geo_cluster_x_m2_group_other||0-75,1.5455383930985327e-06
extra_trees,cat__demo_dominant_marital_status_Bekar,1.527980165008984e-06
extra_trees,cat__site_project_id_county_scoped_basiskele::kirazli_kent,1.5206217008388502e-06
extra_trees,cat__geo_cluster_x_room_count_city_2||3.5+1,1.4896989985985445e-06
extra_trees,cat__site_project_x_county_kartepe::my_life_kartepe__kartepe,1.4856330734495594e-06
extra_trees,cat__site_project_id_county_scoped_kartepe::effect_kartepe,1.4817081208771905e-06
extra_trees,cat__site_project_x_county_izmit::sekbanli_toki__izmit,1.4707980811610109e-06
extra_trees,cat__geo_cluster_x_room_count_city_2||5+1,1.4404517660631638e-06
extra_trees,cat__site_project_id_izmit::masiva_kozluk,1.4272992865907373e-06
extra_trees,cat__district_Düzağaç Mh.,1.4173570461277766e-06
extra_trees,cat__site_project_id_izmit::tam_gun,1.4122245963743122e-06
extra_trees,cat__site_project_id_izmit::kavan_life_gundogdu,1.400029138961059e-06
extra_trees,cat__site_project_id_county_scoped_izmit::plajyolunda,1.3911723387675846e-06
extra_trees,cat__site_project_x_county_izmit::dorukkent__izmit,1.3883303558676694e-06
extra_trees,cat__site_project_id_county_scoped_kartepe::kartepe_konaklari,1.3835439510308653e-06
extra_trees,cat__site_project_x_county_kartepe::yelkent_vaha__kartepe,1.3675174583590207e-06
extra_trees,cat__site_project_id_county_scoped_kartepe::zeray_effect_kartepe,1.3635992028633413e-06
extra_trees,cat__site_project_id_county_scoped_basiskele::manar_yuvacik_3,1.3618825284882838e-06
extra_trees,cat__site_project_id_golcuk::elit_park,1.3486009551089895e-06
extra_trees,cat__site_project_id_basiskele::mamik_life,1.3262667493123007e-06
extra_trees,cat__site_project_x_county_kartepe::dosteller__kartepe,1.3235745589916932e-06
extra_trees,cat__site_project_id_izmit::sekbanli_toki,1.30594444989281e-06
extra_trees,cat__site_project_x_county_basiskele::sembol_kent__basiskele,1.2870289852859652e-06
extra_trees,cat__site_project_id_basiskele::yuvacik_vadi,1.274895792322484e-06
extra_trees,cat__site_project_id_county_scoped_golcuk::demirsoy,1.2652579682481383e-06
extra_trees,cat__site_project_id_county_scoped_izmit::tam_gun,1.2575760824841876e-06
extra_trees,cat__site_project_x_county_basiskele::my_yaka__basiskele,1.2571699622893296e-06
extra_trees,cat__site_project_x_county_izmit::tam_gun__izmit,1.2505730761928509e-06
extra_trees,cat__detail_manzara_Göl,1.2490205124757258e-06
extra_trees,cat__site_project_id_county_scoped_golcuk::elit_park,1.2415155646676536e-06
extra_trees,cat__site_project_id_izmit::armadakent_5,1.2405531264554706e-06
extra_trees,cat__site_project_x_county_basiskele::alizepark_city__basiskele,1.2392057686695028e-06
extra_trees,cat__site_project_id_izmit::kavanium_evleri_819_ada,1.2336995111710807e-06
extra_trees,cat__site_project_id_county_scoped_izmit::armadakent_5,1.229992664726388e-06
extra_trees,cat__site_project_x_county_izmit::diamond_boutioue__izmit,1.2174680422185744e-06
extra_trees,cat__site_project_id_county_scoped_izmit::mega,1.202988536805558e-06
extra_trees,cat__geo_cluster_x_room_count_city_4||5+1,1.2011565792095881e-06
extra_trees,cat__site_project_id_basiskele::royal_life,1.1957531048584524e-06
extra_trees,cat__site_project_id_izmit::campus_istanbul,1.1891616473969824e-06
extra_trees,cat__real_estate_type_Satılık Villa,1.1882277181291159e-06
extra_trees,cat__site_project_id_kartepe::pasa_park_evleri_12,1.1872720273900878e-06
extra_trees,cat__district_Akarca Mah.,1.185360953895131e-06
extra_trees,cat__site_project_id_county_scoped_basiskele::yuvacik_vadi,1.1587871846944202e-06
extra_trees,cat__district_Ataşehir Mh.,1.1416968421359217e-06
extra_trees,cat__site_project_x_county_golcuk::mercan_bagkent__golcuk,1.1321379375624932e-06
extra_trees,cat__heating_Kombi (Elektrik),1.118772864857931e-06
extra_trees,cat__site_project_id_basiskele::alizepark_city,1.1067944834277812e-06
extra_trees,cat__site_project_id_basiskele::secret_garden,1.0852834203295096e-06
extra_trees,cat__site_project_x_county_basiskele::oluklu_life__basiskele,1.0717740266726177e-06
extra_trees,cat__site_project_id_golcuk::kavanium,1.0708844243144576e-06
extra_trees,cat__geo_cluster_x_room_count_missing||5+1,1.060086696650858e-06
extra_trees,cat__detail_manzara_Boğaz|Deniz|Doğa|Şehir,1.0522175313494869e-06
extra_trees,cat__site_project_id_izmit::ozgur,1.0234632225682943e-06
extra_trees,cat__site_project_x_county_izmit::mk_royal__izmit,1.0154467977892584e-06
extra_trees,cat__site_project_id_basiskele::elitium_trio,1.0071417584023027e-06
extra_trees,cat__site_project_x_county_basiskele::mavi_yesil_park__basiskele,1.0061823109670692e-06
extra_trees,cat__site_project_id_izmit::up_town_evleri_1,9.845511521536445e-07
extra_trees,cat__site_project_x_county_basiskele::parla_100_yil__basiskele,9.80980926923641e-07
extra_trees,cat__site_project_x_county_golcuk::ervatan__golcuk,9.793088012897155e-07
extra_trees,cat__site_project_id_karamursel::ozgul_evler,9.612370760022377e-07
extra_trees,cat__site_project_x_county_izmit::vesta_park__izmit,9.592746275475234e-07
extra_trees,cat__site_project_x_county_izmit::akcakoca__izmit,9.520460037866199e-07
extra_trees,cat__site_project_x_county_izmit::kavan_life_gundogdu__izmit,9.492736219498813e-07
extra_trees,cat__site_project_id_county_scoped_basiskele::sembol_kent,9.491922631775861e-07
extra_trees,cat__site_project_id_izmit::diamond_boutioue,9.437077671115042e-07
extra_trees,cat__site_project_id_county_scoped_basiskele::megatron_azize,9.42465437239937e-07
extra_trees,cat__detail_manzara_Havuz|Şehir,9.38914370829998e-07
extra_trees,cat__site_project_id_county_scoped_izmit::sepetci_toki,9.333896095521309e-07
extra_trees,cat__site_project_x_county_basiskele::kirazli_kent__basiskele,9.333125914089151e-07
extra_trees,cat__site_project_x_county_izmit::kent_tuana__izmit,9.328906015165992e-07
extra_trees,cat__site_project_id_county_scoped_izmit::diamond_boutioue,9.253722825090491e-07
extra_trees,cat__site_project_id_county_scoped_izmit::golkent_turkuaz,9.20997523298262e-07
extra_trees,cat__site_project_id_county_scoped_basiskele::mamik_reform,9.117341120710754e-07
extra_trees,cat__site_project_id_izmit::sea_life_41,8.971537437690565e-07
extra_trees,cat__site_project_id_izmit::izmitkent_konutlari_5,8.968628458590311e-07
extra_trees,cat__site_project_x_county_basiskele::ustpark_afraze__basiskele,8.82016279078114e-07
extra_trees,cat__district_Sepetçi Mh.,8.80409835407094e-07
extra_trees,cat__site_project_id_county_scoped_izmit::sea_life_41,8.660000417293926e-07
extra_trees,cat__site_project_id_golcuk::hasdayi,8.547412253370812e-07
extra_trees,cat__site_project_id_izmit::sepetci_toki,8.395097884307316e-07
extra_trees,cat__site_project_id_county_scoped_izmit::yuvam_akarca_evleri_10_ada,8.342031193458317e-07
extra_trees,cat__floor_segment_missing,8.316781583242529e-07
extra_trees,cat__site_project_id_golcuk::baris_park_evleri_1,8.315576604923548e-07
extra_trees,cat__site_project_id_basiskele::kirazli_kent,8.295814911924128e-07
extra_trees,cat__site_project_id_county_scoped_izmit::kavan_life_gundogdu,8.282140001770304e-07
extra_trees,cat__district_Sekbanlı Mh.,8.277797682680696e-07
extra_trees,cat__site_project_id_kartepe::eksioglu_kardelen,8.237858492411344e-07
extra_trees,cat__site_project_id_county_scoped_basiskele::may_kent_2,8.210268620056708e-07
extra_trees,cat__site_project_x_county_izmit::kavanium__izmit,8.194875387168522e-07
extra_trees,cat__site_project_id_basiskele::asrin,8.16088985663602e-07
extra_trees,cat__site_project_id_county_scoped_basiskele::ustgrup_mezire,8.14429347721718e-07
extra_trees,cat__site_project_id_county_scoped_basiskele::ceneviz_adalari,8.13810843886206e-07
extra_trees,cat__demo_dominant_education_missing,7.914813813886949e-07
extra_trees,cat__district_Havuzlubahçe Mh.,7.913870910791915e-07
extra_trees,cat__site_project_id_county_scoped_basiskele::oksijen_konaklari,7.739627000191808e-07
extra_trees,cat__site_project_x_county_basiskele::secret_garden__basiskele,7.731958864755913e-07
extra_trees,cat__detail_manzara_Deniz|Havuz|Park & Yeşil Alan|Şehir,7.729355806440433e-07
extra_trees,cat__site_project_id_county_scoped_golcuk::ozgururkent,7.669668163089827e-07
extra_trees,cat__site_project_id_kartepe::emar_delux,7.65142370955626e-07
extra_trees,cat__site_project_x_county_izmit::armonia__izmit,7.629130011283243e-07
extra_trees,cat__site_project_x_county_izmit::sepetci_toki__izmit,7.596491975812274e-07
extra_trees,cat__site_project_id_county_scoped_izmit::guney_park_cayirkoy,7.47073527061214e-07
extra_trees,cat__site_project_id_izmit::armada_kent_5,7.446134228896221e-07
extra_trees,num__demo_coverage_score,7.411351567642774e-07
extra_trees,cat__site_project_id_kartepe::cinar,7.298418221206708e-07
extra_trees,cat__site_project_x_county_basiskele::zeray_kent__basiskele,7.220264478645695e-07
extra_trees,cat__site_project_id_county_scoped_izmit::ozgur,7.110309189194009e-07
extra_trees,cat__site_project_x_county_golcuk::toki_sivritepe__golcuk,6.979018079273817e-07
extra_trees,cat__site_project_x_county_izmit::armadakent_5__izmit,6.973470762341642e-07
extra_trees,cat__site_project_id_izmit::mega,6.936134009145859e-07
extra_trees,cat__site_project_x_county_golcuk::hasdayi__golcuk,6.823702178083647e-07
extra_trees,cat__detail_konut_tipi_Dubleks|En Üst Kat|Ara Kat Dubleks|Bahçe Dubleksi|Çatı Dubleksi|Ters Dubleks,6.788005638060523e-07
extra_trees,cat__site_project_id_golcuk::demirsoy,6.782458366820259e-07
extra_trees,cat__site_project_id_county_scoped_basiskele::helin,6.693691242183292e-07
extra_trees,cat__site_project_x_county_izmit::solin__izmit,6.663124329193239e-07
extra_trees,cat__site_project_id_county_scoped_kartepe::tuana_evleri_1,6.592667650774988e-07
extra_trees,cat__site_project_id_golcuk::ervatan,6.583887001172618e-07
extra_trees,cat__site_project_x_county_izmit::tavsantepe_toki__izmit,6.549996278140762e-07
extra_trees,cat__site_project_id_county_scoped_kartepe::emar_delux,6.447368870690037e-07
extra_trees,cat__site_project_id_kartepe::kamelya,6.394363668611786e-07
extra_trees,cat__site_project_id_golcuk::ilica_evleri_3,6.391499793299114e-07
extra_trees,cat__site_project_x_county_basiskele::royal_city_akkurt__basiskele,6.271182642196918e-07
extra_trees,cat__site_project_id_county_scoped_golcuk::hasdayi,6.1921337525031e-07
extra_trees,cat__site_project_id_basiskele::basiskele_de_havuzlu,6.011044654866745e-07
extra_trees,cat__site_project_x_county_basiskele::seyri_vadi__basiskele,5.985702052062787e-07
extra_trees,cat__basiskele_geo_cluster_x_m2_group_Başiskele_5||0-75,5.93510485428193e-07
extra_trees,cat__site_project_id_county_scoped_kartepe::eksioglu_kardelen,5.924769150841183e-07
extra_trees,cat__site_project_x_county_golcuk::ilica_evleri_3__golcuk,5.817264218188137e-07
extra_trees,cat__site_project_id_izmit::kavanium,5.68714568355407e-07
extra_trees,cat__site_project_x_county_izmit::asrin_saraylari_2__izmit,5.652754628295619e-07
extra_trees,cat__site_project_id_golcuk::toki_sivritepe,5.623535192226653e-07
extra_trees,cat__site_project_id_izmit::asrin_saraylari_2,5.551450134918191e-07
extra_trees,cat__site_project_x_county_basiskele::megatron_azize__basiskele,5.428513514443266e-07
extra_trees,cat__site_project_x_county_izmit::bagcesmede__izmit,5.370326287960855e-07
extra_trees,cat__site_project_id_county_scoped_basiskele::esila_park,5.30547368333583e-07
extra_trees,cat__site_project_id_kartepe::effect_kartepe,5.301983609464613e-07
extra_trees,cat__site_project_id_county_scoped_izmit::balaban_yuksel,5.25665727216755e-07
extra_trees,cat__detail_manzara_Doğa|Göl,5.244926731774077e-07
extra_trees,cat__site_project_id_county_scoped_kartepe::konak,5.238946148234718e-07
extra_trees,cat__site_project_x_county_kartepe::kartepe_kent__kartepe,5.204375848760521e-07
extra_trees,cat__site_project_x_county_izmit::yelkent_alfa__izmit,5.007666420089047e-07
extra_trees,cat__district_Arslanbey Mh.,4.965165584923563e-07
extra_trees,cat__site_project_x_county_kartepe::karcity__kartepe,4.959364152518004e-07
extra_trees,cat__site_project_id_golcuk::kavanium_2,4.940507192954832e-07
extra_trees,cat__site_project_id_county_scoped_izmit::mira,4.847517109069908e-07
extra_trees,cat__geo_cluster_x_room_count_city_10||Stüdyo (1+0),4.814017081973926e-07
extra_trees,cat__site_project_id_izmit::guney_park_cayirkoy,4.795231997476867e-07
extra_trees,cat__site_project_id_basiskele::akademik_elit_park,4.741949144833286e-07
extra_trees,cat__site_project_id_county_scoped_izmit::kavanium,4.707180813810738e-07
extra_trees,cat__site_project_id_kartepe::butik,4.656760416849405e-07
extra_trees,cat__site_project_id_basiskele::ust_park_yuvacik,4.644478251304855e-07
extra_trees,cat__site_project_id_county_scoped_basiskele::ust_park_yuvacik,4.5964073675295615e-07
extra_trees,cat__district_Kullar Merkez Mh.,4.534913279689399e-07
extra_trees,cat__site_project_id_county_scoped_basiskele::kullar_tepecik_mah,4.503971994636422e-07
extra_trees,cat__site_project_x_county_kartepe::mona_vadi__kartepe,4.49015987429962e-07
extra_trees,cat__site_project_id_izmit::erenkaya_park,4.450367644849851e-07
extra_trees,cat__demo_dominant_age_group_missing,4.4218526416015306e-07
extra_trees,cat__site_project_id_basiskele::bahama,4.401632459712765e-07
extra_trees,cat__site_project_id_county_scoped_golcuk::azra_6,4.3551951241393574e-07
extra_trees,cat__site_project_id_county_scoped_izmit::kent,4.1869476066293315e-07
extra_trees,cat__site_project_x_county_izmit::iztop_park_evleri_831_ada__izmit,4.1804832324858365e-07
extra_trees,cat__site_project_x_county_basiskele::my_house_yuvacik__basiskele,4.0696572513049887e-07
extra_trees,cat__site_project_id_basiskele::may_kent_2,3.9571101108955627e-07
extra_trees,cat__site_project_id_county_scoped_basiskele::manar_terrace,3.949410301719515e-07
extra_trees,cat__site_project_id_county_scoped_kartepe::mona_vadi,3.913780950778017e-07
extra_trees,cat__district_Bahçecik Kılıçaslan Mh.,3.9034972693293856e-07
extra_trees,cat__site_project_id_basiskele::manar_terrace,3.8760314740362664e-07
extra_trees,cat__site_project_id_county_scoped_izmit::maykon_smart_plus,3.787939983908192e-07
extra_trees,cat__site_project_id_kartepe::kartepe_kent,3.73233000097978e-07
extra_trees,cat__site_project_id_county_scoped_basiskele::doga,3.6893838799632064e-07
extra_trees,cat__site_project_x_county_izmit::vista__izmit,3.674335103176475e-07
extra_trees,cat__site_project_id_county_scoped_izmit::ufuk,3.6489378756398043e-07
extra_trees,cat__site_project_id_county_scoped_basiskele::ustpark_yuvacik,3.591994215834238e-07
extra_trees,cat__site_project_id_county_scoped_izmit::vista,3.54243423634615e-07
extra_trees,cat__site_project_x_county_izmit::mira__izmit,3.493519964997352e-07
extra_trees,cat__site_project_id_izmit::vista,3.473044815867067e-07
extra_trees,cat__site_project_x_county_golcuk::sahan_torunogullari__golcuk,3.446941385027224e-07
extra_trees,cat__site_project_id_basiskele::ustpark_yuvacik,3.43118689358278e-07
extra_trees,cat__site_project_id_kartepe::yelkent_vaha,3.420137154105289e-07
extra_trees,cat__site_project_x_county_basiskele::yuvacik_vadi__basiskele,3.386514437937099e-07
extra_trees,cat__site_project_id_county_scoped_izmit::ogretmenler,3.381614369950628e-07
extra_trees,cat__site_project_id_county_scoped_izmit::anadolu,3.368441973163189e-07
extra_trees,cat__site_project_id_county_scoped_golcuk::kavanium,3.362849980359109e-07
extra_trees,cat__site_project_id_county_scoped_golcuk::100_yil_bariser,3.3365639263615565e-07
extra_trees,cat__site_project_id_izmit::solin,3.3005156993054605e-07
extra_trees,cat__site_project_id_county_scoped_basiskele::elitium_trio,3.2847037519640504e-07
extra_trees,cat__site_project_id_basiskele::terra_nova,3.281610456075034e-07
extra_trees,cat__site_project_id_basiskele::esila_park,3.264033125733054e-07
extra_trees,cat__site_project_x_county_izmit::maykon_smart_plus__izmit,3.23790440388544e-07
extra_trees,cat__site_project_x_county_izmit::balaban_yuksel__izmit,3.192132896701858e-07
extra_trees,cat__site_project_x_county_golcuk::sehri_torunoglu__golcuk,3.1788928045811436e-07
extra_trees,cat__site_project_id_county_scoped_kartepe::pasa_park_evleri_12,3.1044532368443767e-07
extra_trees,cat__site_project_id_county_scoped_kartepe::cinar,3.090265183204812e-07
extra_trees,cat__detail_konut_tipi_Ara Kat|Bahçe Dubleksi|Çatı Dubleksi,3.0817853418417236e-07
extra_trees,cat__site_project_id_izmit::kent_konutlari_3,3.0193453091471964e-07
extra_trees,cat__district_İbrikdere Mh.,2.9244147925499716e-07
extra_trees,cat__site_project_x_county_golcuk::kavanium_2__golcuk,2.900752388352974e-07
extra_trees,cat__site_project_x_county_basiskele::helin__basiskele,2.86500760072069e-07
extra_trees,cat__site_project_id_izmit::emniyetciler,2.861949895975525e-07
extra_trees,cat__site_project_id_izmit::akar,2.7769455965532574e-07
extra_trees,cat__site_project_id_county_scoped_izmit::mk_royal,2.757055280425697e-07
extra_trees,cat__site_project_x_county_izmit::ufuk__izmit,2.729908208242327e-07
extra_trees,cat__basiskele_geo_cluster_x_m2_group_Başiskele_1||200+,2.695606445662555e-07
extra_trees,cat__site_project_id_izmit::maykon_smart_plus,2.570999909303686e-07
extra_trees,cat__site_project_x_county_basiskele::marmara_elit__basiskele,2.567797584430052e-07
extra_trees,cat__site_project_x_county_izmit::masiva_kozluk__izmit,2.56555806618902e-07
extra_trees,cat__site_project_id_izmit::ozum,2.489481681514867e-07
extra_trees,cat__site_project_id_county_scoped_izmit::bagcesmede,2.440933360508992e-07
extra_trees,cat__site_project_id_kartepe::kartepe_kent_meydaninda,2.427649003108019e-07
extra_trees,cat__site_project_id_kartepe::zeray_mahal_kartepe,2.3708879232188994e-07
extra_trees,cat__site_project_x_county_izmit::tadu_concept__izmit,2.3443074723634967e-07
extra_trees,cat__site_project_x_county_basiskele::panoramakent_1__basiskele,2.3362200514969602e-07
extra_trees,cat__site_project_id_county_scoped_izmit::asrin_saraylari_2,2.312070397363029e-07
extra_trees,cat__site_project_x_county_golcuk::sengun__golcuk,2.2719769394877912e-07
extra_trees,cat__site_project_id_basiskele::ustgrup_mezire,2.15192846422014e-07
extra_trees,cat__site_project_id_izmit::dorukkent,2.1347741943042806e-07
extra_trees,cat__site_project_id_county_scoped_basiskele::panoramakent_1,2.041060870221239e-07
extra_trees,cat__site_project_x_county_kartepe::konak__kartepe,2.0007810010677832e-07
extra_trees,cat__site_project_x_county_basiskele::yakut_konaklari__basiskele,1.993824451752856e-07
extra_trees,cat__site_project_id_izmit::kent,1.9284369623563915e-07
extra_trees,cat__site_project_id_golcuk::sehri_torunoglu,1.9064351909000434e-07
extra_trees,cat__site_project_id_county_scoped_basiskele::marmara_elit,1.8906181482147867e-07
extra_trees,cat__site_project_id_basiskele::iskar_elit_kent,1.8645338199646336e-07
extra_trees,cat__site_project_id_county_scoped_basiskele::secret_garden,1.8633540444346234e-07
extra_trees,cat__site_project_id_county_scoped_golcuk::kavanium_2,1.8552874336464664e-07
extra_trees,cat__site_project_x_county_basiskele::doga__basiskele,1.7919521730013562e-07
extra_trees,cat__site_project_x_county_golcuk::100_yil_bariser__golcuk,1.78692441268876e-07
extra_trees,cat__site_project_id_izmit::iztop_park_evleri_831_ada,1.7772022767545209e-07
extra_trees,cat__site_project_id_golcuk::golcuk_kavanium_2,1.7748236419950977e-07
extra_trees,cat__site_project_id_golcuk::sengun,1.7518980182093432e-07
extra_trees,cat__district_Yeşilkent Mh.,1.634397394727343e-07
extra_trees,num__demo_has_county_demographics,1.5925925758221851e-07
extra_trees,cat__site_project_id_county_scoped_golcuk::tolga,1.5882898050535805e-07
extra_trees,cat__site_project_id_izmit::yuvam_akarca_evleri_10_ada,1.5798527355114857e-07
extra_trees,cat__site_project_x_county_basiskele::aurapark__basiskele,1.5530444700452213e-07
extra_trees,cat__site_project_x_county_basiskele::kullar_tepecik_mah__basiskele,1.4450032613629035e-07
extra_trees,cat__site_project_id_county_scoped_kartepe::kartepe_fsm_de,1.4332431784946592e-07
extra_trees,cat__site_project_x_county_kartepe::kartepe_fsm_de__kartepe,1.384302441015201e-07
extra_trees,cat__site_project_x_county_basiskele::basiskele_de__basiskele,1.3800239298010647e-07
extra_trees,cat__site_project_id_county_scoped_basiskele::yakut_konaklari,1.3642193568966633e-07
extra_trees,cat__site_project_id_izmit::vera_house_1,1.2888100849880487e-07
extra_trees,cat__site_project_id_county_scoped_basiskele::royal_city_akkurt,1.2662096317019518e-07
extra_trees,cat__demo_ses_group_missing,1.1684759746390926e-07
extra_trees,cat__site_project_id_county_scoped_izmit::yuvam_garden,1.1470736894881095e-07
extra_trees,cat__site_project_x_county_basiskele::ceneviz_adalari__basiskele,1.1235377705477499e-07
extra_trees,cat__site_project_id_basiskele::kardelen,1.0713206275739509e-07
extra_trees,cat__site_project_x_county_izmit::armada_kent_5__izmit,1.0577075735228833e-07
extra_trees,cat__geo_cluster_x_room_count_city_5||5+1,1.040577919898263e-07
extra_trees,cat__site_project_x_county_izmit::humeyra_park__izmit,1.0389770157128784e-07
extra_trees,cat__site_project_id_basiskele::royal_city_akkurt,9.628163727123843e-08
extra_trees,cat__site_project_x_county_basiskele::manar_terrace__basiskele,8.844502199823878e-08
extra_trees,cat__site_project_x_county_izmit::kent_konutlari_3__izmit,8.394703303397115e-08
extra_trees,cat__site_project_id_golcuk::sirinkent_kalici_konutlari_30_ada,8.25021890064552e-08
extra_trees,cat__demo_dominant_marital_status_missing,8.017727546150915e-08
extra_trees,cat__site_project_id_kartepe::konak,7.828264447746667e-08
extra_trees,cat__site_project_x_county_izmit::doga_park__izmit,7.739504094314386e-08
extra_trees,cat__site_project_id_county_scoped_izmit::kent_konutlari_3,7.127385710434327e-08
extra_trees,cat__site_project_x_county_basiskele::terra_nova__basiskele,7.124754748637384e-08
extra_trees,cat__district_Damlar Mah.,7.011515972130738e-08
extra_trees,cat__site_project_id_izmit::bagcesmede,6.66967308540402e-08
extra_trees,cat__site_project_id_county_scoped_basiskele::lotus_mahza,6.61573631508737e-08
extra_trees,cat__site_project_id_izmit::mira,6.371585540676142e-08
extra_trees,cat__site_project_x_county_kartepe::pasa_park_evleri_12__kartepe,6.348753162133415e-08
extra_trees,cat__geo_cluster_x_room_count_city_2||6+1,6.060295149872809e-08
extra_trees,cat__site_project_x_county_basiskele::akasya_modern__basiskele,6.056674087369721e-08
extra_trees,cat__site_project_id_county_scoped_golcuk::sirinkent_kalici_konutlari_30_ada,6.006504713502317e-08
extra_trees,cat__site_project_x_county_basiskele::yuvacik_kalici_konutlari_2_ada__basiskele,5.998928103473488e-08
extra_trees,cat__site_project_id_basiskele::sembol_kent,5.866461978833918e-08
extra_trees,cat__site_project_id_county_scoped_kartepe::modern_2,5.368089266808067e-08
extra_trees,cat__site_project_x_county_basiskele::ust_park_yuvacik__basiskele,5.174662030098146e-08
extra_trees,cat__site_project_x_county_izmit::kavanium_evleri_819_ada__izmit,5.06416590277427e-08
extra_trees,cat__site_project_id_basiskele::ceneviz_adalari,5.000197674249129e-08
extra_trees,cat__site_project_id_golcuk::tolga,4.924384169089835e-08
extra_trees,cat__balcony_missing,4.5289816730189495e-08
extra_trees,cat__site_project_x_county_izmit::kent__izmit,4.415302359500174e-08
extra_trees,cat__site_project_x_county_golcuk::ata_1__golcuk,4.3591153604743106e-08
extra_trees,cat__district_Sanayi Mah.,4.313495654037647e-08
extra_trees,cat__rent_feature_level_county,4.2567427106593346e-08
extra_trees,cat__site_project_x_county_basiskele::ustgrup_mezire__basiskele,4.210128727648859e-08
extra_trees,cat__site_project_id_kartepe::modern_2,3.927145412733958e-08
extra_trees,cat__site_project_id_kartepe::tuana_evleri_1,3.921507516244115e-08
extra_trees,cat__site_project_x_county_basiskele::lotus_mahza__basiskele,3.846124568672205e-08
extra_trees,cat__site_project_id_golcuk::100_yil_bariser,3.824126934826892e-08
extra_trees,cat__site_project_id_basiskele::helin,3.416358097698866e-08
extra_trees,cat__district_Sahil Mah.,3.174885131491126e-08
extra_trees,cat__site_project_id_karamursel::gazanferkent_konaklari,2.9409861479319165e-08
extra_trees,cat__site_project_x_county_golcuk::olkar_atasehir__golcuk,2.91824359191667e-08
extra_trees,cat__site_project_id_basiskele::panoramakent_1,2.8838894554486842e-08
extra_trees,cat__district_Dereköy Mh.,2.6934795402068895e-08
extra_trees,cat__site_project_id_izmit::nergis,2.591642984168074e-08
extra_trees,cat__geo_cluster_x_room_count_city_0||5+1,2.501696038542795e-08
extra_trees,cat__site_project_id_county_scoped_basiskele::ustpark_afraze,2.2673052144840193e-08
extra_trees,cat__site_project_id_county_scoped_izmit::nergis,2.0535199970883397e-08
extra_trees,cat__site_project_x_county_izmit::akar__izmit,1.388154171192852e-08
extra_trees,cat__site_project_x_county_basiskele::panoramakent_4__basiskele,1.2915760237586267e-08
extra_trees,cat__site_project_x_county_golcuk::elit_park__golcuk,1.0997875831119963e-08
extra_trees,cat__site_project_id_basiskele::seyri_vadi,9.507172826064404e-09
extra_trees,num__demo_has_demographics,6.945619173814036e-09
extra_trees,cat__site_project_id_golcuk::tasdan_premium_city,6.809268163622226e-09
extra_trees,cat__site_project_id_kartepe::doga_kent,6.570052375514774e-09
extra_trees,cat__site_project_id_izmit::doga_park,3.20848490655954e-09
extra_trees,cat__site_project_id_county_scoped_kartepe::son_kartepe_fsm_akev,3.1823230437729384e-09
extra_trees,cat__site_project_x_county_kartepe::son_kartepe_fsm_akev__kartepe,6.906496875868347e-11
extra_trees,num__open_area_m2,0.0
extra_trees,num__has_open_area,0.0
extra_trees,num__is_basement,0.0
extra_trees,num__rent_feature_confidence,0.0
extra_trees,num__county_demo_per_capita_income_median,0.0
extra_trees,num__county_demo_household_income_median,0.0
extra_trees,num__demo_age_coverage,0.0
extra_trees,num__demo_education_coverage,0.0
extra_trees,num__demo_income_available,0.0
extra_trees,num__demo_ses_available,0.0
extra_trees,num__demo_market_activity_available,0.0
extra_trees,num__demo_infrastructure_available,0.0
extra_trees,num__demo_real_estate_agent_count,0.0
extra_trees,num__demo_agent_listing_count,0.0
extra_trees,num__demo_owner_listing_count,0.0
extra_trees,num__demo_sale_count,0.0
extra_trees,num__demo_mortgage_count,0.0
extra_trees,num__demo_turnover_ratio,0.0
extra_trees,num__demo_computed_turnover_ratio,0.0
extra_trees,num__demo_listing_count_2024,0.0
extra_trees,num__demo_bb_sale_count_2024,0.0
extra_trees,num__demo_bb_mortgaged_sale_count_2024,0.0
extra_trees,num__county_demo_sale_count_sum,0.0
extra_trees,num__county_demo_turnover_ratio_median,0.0
extra_trees,num__demo_turnover_vs_county,0.0
extra_trees,num__demo_saving_total,0.0
extra_trees,num__demo_expense_total,0.0
extra_trees,num__demo_expense_food,0.0
extra_trees,num__demo_expense_shelter,0.0
extra_trees,num__demo_expense_transportation,0.0
extra_trees,num__demo_expense_education,0.0
extra_trees,num__demo_ecommerce_count,0.0
extra_trees,num__demo_ecommerce_density,0.0
extra_trees,num__demo_online_retail,0.0
extra_trees,num__attr_credit_eligible,0.0
extra_trees,num__location_precision_approx,0.0
extra_trees,num__location_precision_district_only,0.0
extra_trees,num__is_coastal_500m,0.0
extra_trees,num__is_coastal_1000m,0.0
extra_trees,num__is_coastal_2000m,0.0
extra_trees,num__distance_to_sea_m,0.0
extra_trees,num__log_distance_to_sea,0.0
extra_trees,num__is_coastal_250m,0.0
extra_trees,num__coastal_access_score,0.0
extra_trees,num__bsk_distance_to_sea_x_view_sea,0.0
extra_trees,num__bsk_distance_to_sea_x_near_sea_zero,0.0
extra_trees,num__bsk_distance_to_sea_x_large_home,0.0
extra_trees,num__bsk_distance_to_sea_x_site_inside,0.0
extra_trees,num__bsk_distance_to_sea_x_quality,0.0
extra_trees,num__bsk_coastal_x_large_home,0.0
extra_trees,num__bsk_coastal_x_geo_cluster,0.0
extra_trees,num__bsk_coastal_x_room_4p1,0.0
extra_trees,cat__real_estate_type_Satılık Müstakil Ev,0.0
extra_trees,cat__real_estate_type_Satılık Yazlık,0.0
extra_trees,cat__room_count_1.5+1,0.0
extra_trees,cat__room_count_2+0,0.0
extra_trees,cat__room_count_2+2,0.0
extra_trees,cat__room_count_3+0,0.0
extra_trees,cat__room_count_4.5+2,0.0
extra_trees,cat__room_count_5+2,0.0
extra_trees,cat__room_count_5.5+1,0.0
extra_trees,cat__room_count_6+2,0.0
extra_trees,cat__room_count_6+3,0.0
extra_trees,cat__room_count_7+1,0.0
extra_trees,cat__floor_segment_Bodrum,0.0
extra_trees,cat__heating_VRV,0.0
extra_trees,cat__kitchen_Belirtilmemiş,0.0
extra_trees,cat__elevator_Belirtilmemiş,0.0
extra_trees,cat__site_inside_Belirtilmemiş,0.0
extra_trees,cat__credit_eligible_missing,0.0
extra_trees,cat__energy_certificate_missing,0.0
extra_trees,cat__deed_status_missing,0.0
extra_trees,cat__seller_type_missing,0.0
extra_trees,cat__barter_missing,0.0
extra_trees,cat__city_Kocaeli,0.0
extra_trees,cat__district_Acısu Mh.,0.0
extra_trees,cat__district_Alikahya Merkez Mah.,0.0
extra_trees,cat__district_Arızlı Mh.,0.0
extra_trees,cat__district_Avcıköy Mh.,0.0
extra_trees,cat__district_Bahçecik Şehitekrem Mh.,0.0
extra_trees,cat__district_Bekirdere Mah.,0.0
extra_trees,cat__district_Durhasan Mh.,0.0
extra_trees,cat__district_Halıdere Yeni Mh.,0.0
extra_trees,cat__district_Karşıyaka Mh.,0.0
extra_trees,cat__district_Saraylı Mh.,0.0
extra_trees,cat__district_Tepecik Mh.,0.0
extra_trees,cat__district_Ulaşlı Yalı Mh.,0.0
extra_trees,cat__district_Uzuntarla Mh.,0.0
extra_trees,cat__district_Vezirçiftliği Mh.,0.0
extra_trees,cat__district_Yalakdere Mh.,0.0
extra_trees,cat__district_Yuvacık Yakacık Mh.,0.0
extra_trees,cat__district_Şevkatiye Mh.,0.0
extra_trees,cat__detail_manzara_Boğaz|Deniz|Doğa,0.0
extra_trees,cat__detail_manzara_Boğaz|Deniz|Doğa|Göl|Havuz|Nehir|Park & Yeşil Alan|Şehir,0.0
extra_trees,cat__detail_manzara_Boğaz|Deniz|Doğa|Göl|Park & Yeşil Alan|Şehir,0.0
extra_trees,cat__detail_manzara_Boğaz|Deniz|Doğa|Havuz|Park & Yeşil Alan|Şehir,0.0
extra_trees,cat__detail_manzara_Boğaz|Deniz|Doğa|Park & Yeşil Alan,0.0
extra_trees,cat__detail_manzara_Boğaz|Deniz|Göl|Park & Yeşil Alan,0.0
extra_trees,cat__detail_manzara_Boğaz|Deniz|Park & Yeşil Alan,0.0
extra_trees,cat__detail_manzara_Boğaz|Deniz|Park & Yeşil Alan|Şehir,0.0
extra_trees,cat__detail_manzara_Boğaz|Deniz|Şehir,0.0
extra_trees,cat__detail_manzara_Boğaz|Doğa|Havuz|Park & Yeşil Alan,0.0
extra_trees,cat__detail_manzara_Boğaz|Doğa|Park & Yeşil Alan,0.0
extra_trees,cat__detail_manzara_Boğaz|Doğa|Park & Yeşil Alan|Şehir,0.0
extra_trees,cat__detail_manzara_Deniz|Doğa|Göl|Park & Yeşil Alan,0.0
extra_trees,cat__detail_manzara_Deniz|Doğa|Göl|Park & Yeşil Alan|Şehir,0.0
extra_trees,cat__detail_manzara_Deniz|Doğa|Havuz,0.0
extra_trees,cat__detail_manzara_Deniz|Doğa|Havuz|Şehir,0.0
extra_trees,cat__detail_manzara_Deniz|Doğa|Nehir|Park & Yeşil Alan|Şehir,0.0
extra_trees,cat__detail_manzara_Deniz|Göl|Şehir,0.0
extra_trees,cat__detail_manzara_Deniz|Havuz|Şehir,0.0
extra_trees,cat__detail_manzara_Deniz|Nehir|Park & Yeşil Alan,0.0
extra_trees,cat__detail_manzara_Doğa|Göl|Havuz|Park & Yeşil Alan|Şehir,0.0
extra_trees,cat__detail_manzara_Doğa|Göl|Havuz|Şehir,0.0
extra_trees,cat__detail_manzara_Doğa|Göl|Şehir,0.0
extra_trees,cat__detail_manzara_Doğa|Havuz|Şehir,0.0
extra_trees,cat__detail_manzara_Doğa|Nehir|Park & Yeşil Alan,0.0
extra_trees,cat__detail_manzara_Doğa|Nehir|Park & Yeşil Alan|Şehir,0.0
extra_trees,cat__detail_manzara_Göl|Havuz,0.0
extra_trees,cat__detail_manzara_Göl|Havuz|Park & Yeşil Alan,0.0
extra_trees,cat__detail_manzara_Göl|Park & Yeşil Alan,0.0
extra_trees,cat__detail_manzara_Göl|Şehir,0.0
extra_trees,cat__detail_konut_tipi_Ara Kat|Ara Kat Dubleks,0.0
extra_trees,cat__detail_konut_tipi_Ara Kat|Bahçe Dubleksi,0.0
extra_trees,cat__detail_konut_tipi_Bahçe Dubleksi|Tripleks,0.0
extra_trees,cat__detail_konut_tipi_Bahçe Dubleksi|Çatı Dubleksi,0.0
extra_trees,cat__detail_konut_tipi_Dubleks|Ara Kat Dubleks,0.0
extra_trees,cat__detail_konut_tipi_Dubleks|Ara Kat Dubleks|Ters Dubleks,0.0
extra_trees,cat__detail_konut_tipi_Dubleks|Ara Kat|Ara Kat Dubleks|Bahçe Dubleksi,0.0
extra_trees,cat__detail_konut_tipi_Dubleks|Ara Kat|Ara Kat Dubleks|Bahçe Dubleksi|Ters Dubleks,0.0
extra_trees,cat__detail_konut_tipi_Dubleks|Ara Kat|Ara Kat Dubleks|Ters Dubleks,0.0
extra_trees,cat__detail_konut_tipi_Dubleks|Ara Kat|Bahçe Dubleksi,0.0
extra_trees,cat__detail_konut_tipi_Dubleks|Ara Kat|Bahçe Dubleksi|Ters Dubleks,0.0
extra_trees,cat__detail_konut_tipi_Dubleks|Ara Kat|Bahçe Dubleksi|Çatı Dubleksi|Ters Dubleks,0.0
extra_trees,cat__detail_konut_tipi_Dubleks|Ara Kat|Çatı Dubleksi,0.0
extra_trees,cat__detail_konut_tipi_Dubleks|Bahçe Dubleksi|Ters Dubleks,0.0
extra_trees,cat__detail_konut_tipi_Dubleks|Bahçe Dubleksi|Çatı Dubleksi,0.0
extra_trees,cat__detail_konut_tipi_Dubleks|En Üst Kat|Ara Kat,0.0
extra_trees,cat__detail_konut_tipi_Dubleks|En Üst Kat|Ara Kat Dubleks|Bahçe Dubleksi|Çatı Dubleksi|Forleks|Ters Dubleks|Tripleks,0.0
extra_trees,cat__detail_konut_tipi_Dubleks|En Üst Kat|Ara Kat Dubleks|Çatı Dubleksi|Ters Dubleks,0.0
extra_trees,cat__detail_konut_tipi_Dubleks|En Üst Kat|Ara Kat Dubleks|Çatı Dubleksi|Ters Dubleks|Tripleks,0.0
extra_trees,cat__detail_konut_tipi_Dubleks|En Üst Kat|Ara Kat|Ara Kat Dubleks|Bahçe Dubleksi|Çatı Dubleksi|Forleks|Ters Dubleks,0.0
extra_trees,cat__detail_konut_tipi_Dubleks|En Üst Kat|Ara Kat|Ara Kat Dubleks|Bahçe Dubleksi|Çatı Dubleksi|Ters Dubleks,0.0
extra_trees,cat__detail_konut_tipi_Dubleks|En Üst Kat|Ara Kat|Ara Kat Dubleks|Bahçe Dubleksi|Çatı Dubleksi|Ters Dubleks|Tripleks,0.0
extra_trees,cat__detail_konut_tipi_Dubleks|En Üst Kat|Ara Kat|Ara Kat Dubleks|Çatı Dubleksi,0.0
extra_trees,cat__detail_konut_tipi_Dubleks|En Üst Kat|Ara Kat|Ara Kat Dubleks|Çatı Dubleksi|Forleks|Ters Dubleks|Tripleks,0.0
extra_trees,cat__detail_konut_tipi_Dubleks|En Üst Kat|Ara Kat|Ara Kat Dubleks|Çatı Dubleksi|Ters Dubleks,0.0
extra_trees,cat__detail_konut_tipi_Dubleks|En Üst Kat|Ara Kat|Bahçe Dubleksi,0.0
extra_trees,cat__detail_konut_tipi_Dubleks|En Üst Kat|Ara Kat|Bahçe Dubleksi|Çatı Dubleksi,0.0
extra_trees,cat__detail_konut_tipi_Dubleks|En Üst Kat|Ara Kat|Çatı Dubleksi|Ters Dubleks,0.0
extra_trees,cat__detail_konut_tipi_Dubleks|En Üst Kat|Ters Dubleks,0.0
extra_trees,cat__detail_konut_tipi_Dubleks|En Üst Kat|Çatı Dubleksi|Ters Dubleks,0.0
extra_trees,cat__detail_konut_tipi_En Üst Kat|Ara Kat Dubleks|Çatı Dubleksi,0.0
extra_trees,cat__detail_konut_tipi_En Üst Kat|Ara Kat|Bahçe Dubleksi,0.0
extra_trees,cat__detail_konut_tipi_En Üst Kat|Ara Kat|Çatı Dubleksi,0.0
extra_trees,cat__detail_konut_tipi_En Üst Kat|Tripleks,0.0
extra_trees,cat__detail_konut_tipi_Forleks,0.0
extra_trees,cat__detail_konut_tipi_Kat Dubleksi,0.0
extra_trees,cat__detail_konut_tipi_Tripleks,0.0
extra_trees,cat__detail_konut_tipi_Çatı Dubleksi|Ters Dubleks,0.0
extra_trees,cat__demo_dominant_age_group_10-14,0.0
extra_trees,cat__location_precision_district_only,0.0
extra_trees,cat__location_source_district_text,0.0
extra_trees,cat__basiskele_geo_cluster_x_m2_group_Başiskele_2||0-75,0.0
extra_trees,cat__geo_cluster_x_room_count_city_0||1.5+1,0.0
extra_trees,cat__geo_cluster_x_room_count_city_0||2.5+1,0.0
extra_trees,cat__geo_cluster_x_room_count_city_0||3+2,0.0
extra_trees,cat__geo_cluster_x_room_count_city_0||3.5+1,0.0
extra_trees,cat__geo_cluster_x_room_count_city_0||4+2,0.0
extra_trees,cat__geo_cluster_x_room_count_city_0||5+2,0.0
extra_trees,cat__geo_cluster_x_room_count_city_0||6+1,0.0
extra_trees,cat__geo_cluster_x_room_count_city_10||5+1,0.0
extra_trees,cat__geo_cluster_x_room_count_city_10||6+1,0.0
extra_trees,cat__geo_cluster_x_room_count_city_11||4+1,0.0
extra_trees,cat__geo_cluster_x_room_count_city_1||1.5+1,0.0
extra_trees,cat__geo_cluster_x_room_count_city_1||3.5+1,0.0
extra_trees,cat__geo_cluster_x_room_count_city_1||4+2,0.0
extra_trees,cat__geo_cluster_x_room_count_city_1||5+1,0.0
extra_trees,cat__geo_cluster_x_room_count_city_1||5+2,0.0
extra_trees,cat__geo_cluster_x_room_count_city_1||5.5+1,0.0
extra_trees,cat__geo_cluster_x_room_count_city_2||2+2,0.0
extra_trees,cat__geo_cluster_x_room_count_city_2||2.5+1,0.0
extra_trees,cat__geo_cluster_x_room_count_city_2||3+2,0.0
extra_trees,cat__geo_cluster_x_room_count_city_2||4.5+1,0.0
extra_trees,cat__geo_cluster_x_room_count_city_2||4.5+2,0.0
extra_trees,cat__geo_cluster_x_room_count_city_2||5+2,0.0
extra_trees,cat__geo_cluster_x_room_count_city_2||5.5+1,0.0
extra_trees,cat__geo_cluster_x_room_count_city_2||6+2,0.0
extra_trees,cat__geo_cluster_x_room_count_city_3||2.5+1,0.0
extra_trees,cat__geo_cluster_x_room_count_city_3||3+0,0.0
extra_trees,cat__geo_cluster_x_room_count_city_3||3+2,0.0
extra_trees,cat__geo_cluster_x_room_count_city_3||3.5+1,0.0
extra_trees,cat__geo_cluster_x_room_count_city_3||4+2,0.0
extra_trees,cat__geo_cluster_x_room_count_city_3||5+2,0.0
extra_trees,cat__geo_cluster_x_room_count_city_3||6+1,0.0
extra_trees,cat__geo_cluster_x_room_count_city_3||6+3,0.0
extra_trees,cat__geo_cluster_x_room_count_city_3||Stüdyo (1+0),0.0
extra_trees,cat__geo_cluster_x_room_count_city_4||1.5+1,0.0
extra_trees,cat__geo_cluster_x_room_count_city_4||2+2,0.0
extra_trees,cat__geo_cluster_x_room_count_city_4||3+2,0.0
extra_trees,cat__geo_cluster_x_room_count_city_4||3.5+1,0.0
extra_trees,cat__geo_cluster_x_room_count_city_4||4+2,0.0
extra_trees,cat__geo_cluster_x_room_count_city_4||6+1,0.0
extra_trees,cat__geo_cluster_x_room_count_city_5||2+0,0.0
extra_trees,cat__geo_cluster_x_room_count_city_5||2.5+1,0.0
extra_trees,cat__geo_cluster_x_room_count_city_5||3.5+1,0.0
extra_trees,cat__geo_cluster_x_room_count_city_5||4+2,0.0
extra_trees,cat__geo_cluster_x_room_count_city_5||5+2,0.0
extra_trees,cat__geo_cluster_x_room_count_city_5||5.5+1,0.0
extra_trees,cat__geo_cluster_x_room_count_city_5||6+2,0.0
extra_trees,cat__geo_cluster_x_room_count_city_6||2.5+1,0.0
extra_trees,cat__geo_cluster_x_room_count_city_6||3.5+1,0.0
extra_trees,cat__geo_cluster_x_room_count_city_6||5+1,0.0
extra_trees,cat__geo_cluster_x_room_count_city_7||1+1,0.0
extra_trees,cat__geo_cluster_x_room_count_city_7||1.5+1,0.0
extra_trees,cat__geo_cluster_x_room_count_city_7||2.5+1,0.0
extra_trees,cat__geo_cluster_x_room_count_city_7||3.5+1,0.0
extra_trees,cat__geo_cluster_x_room_count_city_7||4+2,0.0
extra_trees,cat__geo_cluster_x_room_count_city_8||2+2,0.0
extra_trees,cat__geo_cluster_x_room_count_city_8||2.5+1,0.0
extra_trees,cat__geo_cluster_x_room_count_city_8||4+2,0.0
extra_trees,cat__geo_cluster_x_room_count_city_8||4.5+1,0.0
extra_trees,cat__geo_cluster_x_room_count_city_8||5+1,0.0
extra_trees,cat__geo_cluster_x_room_count_city_8||5+2,0.0
extra_trees,cat__geo_cluster_x_room_count_city_8||6+1,0.0
extra_trees,cat__geo_cluster_x_room_count_city_9||1.5+1,0.0
extra_trees,cat__geo_cluster_x_room_count_city_9||5+1,0.0
extra_trees,cat__geo_cluster_x_room_count_city_9||5+2,0.0
extra_trees,cat__geo_cluster_x_room_count_city_9||Stüdyo (1+0),0.0
extra_trees,cat__geo_cluster_x_room_count_missing||2+2,0.0
extra_trees,cat__geo_cluster_x_room_count_missing||2.5+1,0.0
extra_trees,cat__geo_cluster_x_room_count_missing||3+0,0.0
extra_trees,cat__geo_cluster_x_room_count_missing||3+2,0.0
extra_trees,cat__geo_cluster_x_room_count_missing||3.5+1,0.0
extra_trees,cat__geo_cluster_x_room_count_missing||4+2,0.0
extra_trees,cat__geo_cluster_x_room_count_missing||4.5+1,0.0
extra_trees,cat__geo_cluster_x_room_count_missing||7+1,0.0
extra_trees,cat__geo_cluster_x_room_count_missing||Stüdyo (1+0),0.0
extra_trees,cat__site_project_id_basiskele::akasya_modern,0.0
extra_trees,cat__site_project_id_basiskele::akven_armoni_teras,0.0
extra_trees,cat__site_project_id_basiskele::alacati_dan_yaylacik_mh_de_havuzlu,0.0
extra_trees,cat__site_project_id_basiskele::altinkent,0.0
extra_trees,cat__site_project_id_basiskele::altinkent_kalici_konutlari_3_ada,0.0
extra_trees,cat__site_project_id_basiskele::altinkent_kalici_konutlari_5_ada,0.0
extra_trees,cat__site_project_id_basiskele::altinkent_kalici_konutlari_6_ada,0.0
extra_trees,cat__site_project_id_basiskele::altinkent_kalici_konutlari_7_ada,0.0
extra_trees,cat__site_project_id_basiskele::anatolia,0.0
extra_trees,cat__site_project_id_basiskele::ara,0.0
extra_trees,cat__site_project_id_basiskele::armoni_2,0.0
extra_trees,cat__site_project_id_basiskele::asansorlu_butik,0.0
extra_trees,cat__site_project_id_basiskele::atakent_ustpark,0.0
extra_trees,cat__site_project_id_basiskele::aurapark,0.0
extra_trees,cat__site_project_id_basiskele::aydinkent,0.0
extra_trees,cat__site_project_id_basiskele::aydinkent_kalici,0.0
extra_trees,cat__site_project_id_basiskele::aydinkent_kalici_konutlari_19_ada,0.0
extra_trees,cat__site_project_id_basiskele::aydinkent_kalici_konutlari_20_ada,0.0
extra_trees,cat__site_project_id_basiskele::bahama_insaat,0.0
extra_trees,cat__site_project_id_basiskele::bahcecik_kalici_konutlar,0.0
extra_trees,cat__site_project_id_basiskele::barbaros,0.0
extra_trees,cat__site_project_id_basiskele::barbaros_mah,0.0
extra_trees,cat__site_project_id_basiskele::barbaros_mahallesinde,0.0
extra_trees,cat__site_project_id_basiskele::barbaros_mh,0.0
extra_trees,cat__site_project_id_basiskele::basiskele_de,0.0
extra_trees,cat__site_project_id_basiskele::basiskele_de_asev_muhit,0.0
extra_trees,cat__site_project_id_basiskele::basiskele_de_butik,0.0
extra_trees,cat__site_project_id_basiskele::basiskele_fatih,0.0
extra_trees,cat__site_project_id_basiskele::basiskelede_prejtijli,0.0
extra_trees,cat__site_project_id_basiskele::birikim_gayrimenkulden,0.0
extra_trees,cat__site_project_id_basiskele::bizim_evler,0.0
extra_trees,cat__site_project_id_basiskele::bloklu_butik,0.0
extra_trees,cat__site_project_id_basiskele::boyunegmez_yasam,0.0
extra_trees,cat__site_project_id_basiskele::cadde_53,0.0
extra_trees,cat__site_project_id_basiskele::caglayan_modern_yuvacik,0.0
extra_trees,cat__site_project_id_basiskele::casaba_suite,0.0
extra_trees,cat__site_project_id_basiskele::cati_dubleks_havuzlu,0.0
extra_trees,cat__site_project_id_basiskele::cb_envoy_dan_yesilyurt_mah,0.0
extra_trees,cat__site_project_id_basiskele::cb_mahall_den_pasadag_da,0.0
extra_trees,cat__site_project_id_basiskele::cb_mahall_den_tinaztepede,0.0
extra_trees,cat__site_project_id_basiskele::cb_mark_tan_vadi,0.0
extra_trees,cat__site_project_id_basiskele::cevizli_vadi,0.0
extra_trees,cat__site_project_id_basiskele::clover_premium,0.0
extra_trees,cat__site_project_id_basiskele::derin_den_yatirim_firsati,0.0
extra_trees,cat__site_project_id_basiskele::dlux,0.0
extra_trees,cat__site_project_id_basiskele::doga,0.0
extra_trees,cat__site_project_id_basiskele::dongel_de,0.0
extra_trees,cat__site_project_id_basiskele::dongelde,0.0
extra_trees,cat__site_project_id_basiskele::dream_gardens,0.0
extra_trees,cat__site_project_id_basiskele::duru_park,0.0
extra_trees,cat__site_project_id_basiskele::durupark,0.0
extra_trees,cat__site_project_id_basiskele::elitium_park,0.0
extra_trees,cat__site_project_id_basiskele::erenoglu_gm_den,0.0
extra_trees,cat__site_project_id_basiskele::erguvan_konaklari,0.0
extra_trees,cat__site_project_id_basiskele::erturk,0.0
extra_trees,cat__site_project_id_basiskele::fatih_mah,0.0
extra_trees,cat__site_project_id_basiskele::fatih_mahallesinde,0.0
extra_trees,cat__site_project_id_basiskele::garden,0.0
extra_trees,cat__site_project_id_basiskele::gokce,0.0
extra_trees,cat__site_project_id_basiskele::gun_isigi,0.0
extra_trees,cat__site_project_id_basiskele::hanzade_palace,0.0
extra_trees,cat__site_project_id_basiskele::havuzlu,0.0
extra_trees,cat__site_project_id_basiskele::inci,0.0
extra_trees,cat__site_project_id_basiskele::invest_globalden_zeray_kent,0.0
extra_trees,cat__site_project_id_basiskele::isil,0.0
extra_trees,cat__site_project_id_basiskele::kolayli,0.0
extra_trees,cat__site_project_id_basiskele::kolayli_karsiyaka,0.0
extra_trees,cat__site_project_id_basiskele::kolayli_kullar,0.0
extra_trees,cat__site_project_id_basiskele::kredili_dusuk_faiz_yuksek_konforlu,0.0
extra_trees,cat__site_project_id_basiskele::kuba,0.0
extra_trees,cat__site_project_id_basiskele::kucuk_yali,0.0
extra_trees,cat__site_project_id_basiskele::kullar,0.0
extra_trees,cat__site_project_id_basiskele::kullar_da_prestijli_yasam,0.0
extra_trees,cat__site_project_id_basiskele::kullar_da_ultra_ebeveyn_banyolu,0.0
extra_trees,cat__site_project_id_basiskele::kullar_tepecik_de,0.0
extra_trees,cat__site_project_id_basiskele::kullar_yakacik_ta_kacirilmayacak_butik,0.0
extra_trees,cat__site_project_id_basiskele::kullar_yaylacik_mahallesi,0.0
extra_trees,cat__site_project_id_basiskele::kw_arven_den_ted_kolejine_komsu_havuzlu,0.0
extra_trees,cat__site_project_id_basiskele::loca_torunoglu,0.0
extra_trees,cat__site_project_id_basiskele::lotus,0.0
extra_trees,cat__site_project_id_basiskele::lotus_mahza,0.0
extra_trees,cat__site_project_id_basiskele::manar_yuvacik,0.0
extra_trees,cat__site_project_id_basiskele::manar_yuvacik_2,0.0
extra_trees,cat__site_project_id_basiskele::manar_yuvacik_3,0.0
extra_trees,cat__site_project_id_basiskele::manaryuvacik,0.0
extra_trees,cat__site_project_id_basiskele::marmara_elit_yapi_kooperatifi,0.0
extra_trees,cat__site_project_id_basiskele::may_city,0.0
extra_trees,cat__site_project_id_basiskele::megatron_azize,0.0
extra_trees,cat__site_project_id_basiskele::mehmet_akif_ersoy,0.0
extra_trees,cat__site_project_id_basiskele::memur_sen,0.0
extra_trees,cat__site_project_id_basiskele::merkezde_essiz_bir,0.0
extra_trees,cat__site_project_id_basiskele::mona_vadi,0.0
extra_trees,cat__site_project_id_basiskele::my_house_yuvacik,0.0
extra_trees,cat__site_project_id_basiskele::naturapark,0.0
extra_trees,cat__site_project_id_basiskele::oksijen_konaklari,0.0
extra_trees,cat__site_project_id_basiskele::oluklu_life,0.0
extra_trees,cat__site_project_id_basiskele::ozemsan,0.0
extra_trees,cat__site_project_id_basiskele::panorama_3,0.0
extra_trees,cat__site_project_id_basiskele::panoramakent_2,0.0
extra_trees,cat__site_project_id_basiskele::panoramakent_3,0.0
extra_trees,cat__site_project_id_basiskele::panoramakent_4,0.0
extra_trees,cat__site_project_id_basiskele::pasadag_100_yil_parla,0.0
extra_trees,cat__site_project_id_basiskele::pasadag_mah_full_deniz_manzarali,0.0
extra_trees,cat__site_project_id_basiskele::pasadag_mh_de_konsept_talha_park,0.0
extra_trees,cat__site_project_id_basiskele::pasadagi,0.0
extra_trees,cat__site_project_id_basiskele::pera_park,0.0
extra_trees,cat__site_project_id_basiskele::platinium,0.0
extra_trees,cat__site_project_id_basiskele::polen_park,0.0
extra_trees,cat__site_project_id_basiskele::remax_dreamden_fatih_de,0.0
extra_trees,cat__site_project_id_basiskele::reyhan,0.0
extra_trees,cat__site_project_id_basiskele::rose_garden,0.0
extra_trees,cat__site_project_id_basiskele::royal_park,0.0
extra_trees,cat__site_project_id_basiskele::rozna,0.0
extra_trees,cat__site_project_id_basiskele::listing_portal,0.0
extra_trees,cat__site_project_id_basiskele::listing_portal_vadi_yuvacik,0.0
extra_trees,cat__site_project_id_basiskele::selimoglu,0.0
extra_trees,cat__site_project_id_basiskele::semt_bahcecik,0.0
extra_trees,cat__site_project_id_basiskele::seymen,0.0
extra_trees,cat__site_project_id_basiskele::seyr_i_vadi,0.0
extra_trees,cat__site_project_id_basiskele::supark_megaron,0.0
extra_trees,cat__site_project_id_basiskele::tanta_emlak_tan,0.0
extra_trees,cat__site_project_id_basiskele::temizel_tepe_loft,0.0
extra_trees,cat__site_project_id_basiskele::terasta_life,0.0
extra_trees,cat__site_project_id_basiskele::tinaztepede,0.0
extra_trees,cat__site_project_id_basiskele::torpidocular,0.0
extra_trees,cat__site_project_id_basiskele::torunogullari_park_2,0.0
extra_trees,cat__site_project_id_basiskele::ust_deniz_manzarali_asansorlu,0.0
extra_trees,cat__site_project_id_basiskele::ust_park_atakent,0.0
extra_trees,cat__site_project_id_basiskele::vadi,0.0
extra_trees,cat__site_project_id_basiskele::vadi_suit,0.0
extra_trees,cat__site_project_id_basiskele::vadi_yuvacik,0.0
extra_trees,cat__site_project_id_basiskele::venedik,0.0
extra_trees,cat__site_project_id_basiskele::vira,0.0
extra_trees,cat__site_project_id_basiskele::vistapark,0.0
extra_trees,cat__site_project_id_basiskele::vizyon_dan,0.0
extra_trees,cat__site_project_id_basiskele::vizyon_dan_basiskelede,0.0
extra_trees,cat__site_project_id_basiskele::yagmurkent,0.0
extra_trees,cat__site_project_id_basiskele::yakut_konaklari,0.0
extra_trees,cat__site_project_id_basiskele::yaylacik_mh_de_havuzlu,0.0
extra_trees,cat__site_project_id_basiskele::yenikoy_kalici_konutlari_12_ada,0.0
extra_trees,cat__site_project_id_basiskele::yesilkent_kalici,0.0
extra_trees,cat__site_project_id_basiskele::yesilyurt,0.0
extra_trees,cat__site_project_id_basiskele::yesilyurt_mah_durupark,0.0
extra_trees,cat__site_project_id_basiskele::yesilyurt_mahallesin_de,0.0
extra_trees,cat__site_project_id_basiskele::yesilyurtda,0.0
extra_trees,cat__site_project_id_basiskele::yildiz,0.0
extra_trees,cat__site_project_id_basiskele::yonca_evleri_2,0.0
extra_trees,cat__site_project_id_basiskele::yuksek_giris_butik,0.0
extra_trees,cat__site_project_id_basiskele::yusra,0.0
extra_trees,cat__site_project_id_basiskele::yuvacik_doga,0.0
extra_trees,cat__site_project_id_basiskele::yuvacik_eksioglu_metsan,0.0
extra_trees,cat__site_project_id_basiskele::yuvacik_kalici_konutlari_10_ada,0.0
extra_trees,cat__site_project_id_basiskele::yuvacik_kalici_konutlari_1_ada,0.0
extra_trees,cat__site_project_id_basiskele::yuvacik_kalici_konutlari_2_ada,0.0
extra_trees,cat__site_project_id_basiskele::yuvacik_manar,0.0
extra_trees,cat__site_project_id_basiskele::yuvacik_pasadag_yesil_vadi,0.0
extra_trees,cat__site_project_id_basiskele::yuvacik_pasadagi_mh,0.0
extra_trees,cat__site_project_id_basiskele::yuvacik_ta_prestijli,0.0
extra_trees,cat__site_project_id_basiskele::yuvacikta,0.0
extra_trees,cat__site_project_id_basiskele::yuz_yapi_dan_deniz_ve_vadi,0.0
extra_trees,cat__site_project_id_golcuk::1sifir,0.0
extra_trees,cat__site_project_id_golcuk::75_yil,0.0
extra_trees,cat__site_project_id_golcuk::80_ine_kredi_imkamli,0.0
extra_trees,cat__site_project_id_golcuk::akyuz,0.0
extra_trees,cat__site_project_id_golcuk::altinsehir,0.0
extra_trees,cat__site_project_id_golcuk::ara_sifir,0.0
extra_trees,cat__site_project_id_golcuk::armada,0.0
extra_trees,cat__site_project_id_golcuk::asena,0.0
extra_trees,cat__site_project_id_golcuk::ata_1,0.0
extra_trees,cat__site_project_id_golcuk::aylan_1,0.0
extra_trees,cat__site_project_id_golcuk::ayse_torunogullari,0.0
extra_trees,cat__site_project_id_golcuk::azat_park,0.0
extra_trees,cat__site_project_id_golcuk::azra_6,0.0
extra_trees,cat__site_project_id_golcuk::bagkur,0.0
extra_trees,cat__site_project_id_golcuk::bahce_dubleks,0.0
extra_trees,cat__site_project_id_golcuk::balaban,0.0
extra_trees,cat__site_project_id_golcuk::balaban_city,0.0
extra_trees,cat__site_project_id_golcuk::baris_vizyon_deluxe,0.0
extra_trees,cat__site_project_id_golcuk::baris_vizyon_deluxe_3,0.0
extra_trees,cat__site_project_id_golcuk::bati_mercan,0.0
extra_trees,cat__site_project_id_golcuk::bayindirlik_kalici_konutlari_539_ada,0.0
extra_trees,cat__site_project_id_golcuk::beyaz_saraylar,0.0
extra_trees,cat__site_project_id_golcuk::beyaz_vadi,0.0
extra_trees,cat__site_project_id_golcuk::bogazici_3,0.0
extra_trees,cat__site_project_id_golcuk::bogazici_ihsaniye_1,0.0
extra_trees,cat__site_project_id_golcuk::cakiroglu_prestij_park,0.0
extra_trees,cat__site_project_id_golcuk::camlik,0.0
extra_trees,cat__site_project_id_golcuk::cati_dubleks_havuzlu,0.0
extra_trees,cat__site_project_id_golcuk::cb_envoy_dan_golcuk_yazlik_ta,0.0
extra_trees,cat__site_project_id_golcuk::cb_envoy_golcuk_mh_faralya,0.0
extra_trees,cat__site_project_id_golcuk::cb_envoy_ihsaniye_de,0.0
extra_trees,cat__site_project_id_golcuk::ciftlik_mahallesi_nde,0.0
extra_trees,cat__site_project_id_golcuk::ciftlik_mahallesinde,0.0
extra_trees,cat__site_project_id_golcuk::civan_park,0.0
extra_trees,cat__site_project_id_golcuk::cumhuriyet,0.0
extra_trees,cat__site_project_id_golcuk::dadaslar,0.0
extra_trees,cat__site_project_id_golcuk::dan,0.0
extra_trees,cat__site_project_id_golcuk::degirmendere_de,0.0
extra_trees,cat__site_project_id_golcuk::degirmendere_de_deniz_manzarali_havuzlu,0.0
extra_trees,cat__site_project_id_golcuk::degirmendere_ervatan,0.0
extra_trees,cat__site_project_id_golcuk::degirmendere_konaklari,0.0
extra_trees,cat__site_project_id_golcuk::degirmendere_merkezi_konum_evim_kent,0.0
extra_trees,cat__site_project_id_golcuk::degirmendere_yuzbasilar_da,0.0
extra_trees,cat__site_project_id_golcuk::demet,0.0
extra_trees,cat__site_project_id_golcuk::doga,0.0
extra_trees,cat__site_project_id_golcuk::dogakent,0.0
extra_trees,cat__site_project_id_golcuk::dogan,0.0
extra_trees,cat__site_project_id_golcuk::donanma_olkar_vadi,0.0
extra_trees,cat__site_project_id_golcuk::ema_emlak_karakopru_mah_vip,0.0
extra_trees,cat__site_project_id_golcuk::ema_emlak_karakopru_vip,0.0
extra_trees,cat__site_project_id_golcuk::emek,0.0
extra_trees,cat__site_project_id_golcuk::erguder,0.0
extra_trees,cat__site_project_id_golcuk::firtina,0.0
extra_trees,cat__site_project_id_golcuk::flora,0.0
extra_trees,cat__site_project_id_golcuk::ford,0.0
extra_trees,cat__site_project_id_golcuk::full_deniz_manzarali,0.0
extra_trees,cat__site_project_id_golcuk::full_tadilatli_17000tl_kiracili,0.0
extra_trees,cat__site_project_id_golcuk::golcuk_balaban_mimoza_kent,0.0
extra_trees,cat__site_project_id_golcuk::golcuk_degirmendere_metropolitangreyeffect,0.0
extra_trees,cat__site_project_id_golcuk::golcuk_degirmendere_orcun,0.0
extra_trees,cat__site_project_id_golcuk::golcuk_hisareyn_de,0.0
extra_trees,cat__site_project_id_golcuk::golcuk_ihsaniye_balaban_yasam,0.0
extra_trees,cat__site_project_id_golcuk::golcuk_mah_faralya,0.0
extra_trees,cat__site_project_id_golcuk::goztepe,0.0
extra_trees,cat__site_project_id_golcuk::guler_sabanci,0.0
extra_trees,cat__site_project_id_golcuk::hisar,0.0
extra_trees,cat__site_project_id_golcuk::hisareynde,0.0
extra_trees,cat__site_project_id_golcuk::ihsaniye_de,0.0
extra_trees,cat__site_project_id_golcuk::kardelen,0.0
extra_trees,cat__site_project_id_golcuk::kurtulus,0.0
extra_trees,cat__site_project_id_golcuk::kw_arven_den_hisareyn_de_havuzlu,0.0
extra_trees,cat__site_project_id_golcuk::luxury_sea_suit,0.0
extra_trees,cat__site_project_id_golcuk::mahallede,0.0
extra_trees,cat__site_project_id_golcuk::manzara,0.0
extra_trees,cat__site_project_id_golcuk::melisa,0.0
extra_trees,cat__site_project_id_golcuk::menekse_park,0.0
extra_trees,cat__site_project_id_golcuk::metropolitan_grey_effect,0.0
extra_trees,cat__site_project_id_golcuk::mimoza,0.0
extra_trees,cat__site_project_id_golcuk::muhammet_ali_torunogullari,0.0
extra_trees,cat__site_project_id_golcuk::nida_torunogullari,0.0
extra_trees,cat__site_project_id_golcuk::ocak,0.0
extra_trees,cat__site_project_id_golcuk::olkar_atasehir,0.0
extra_trees,cat__site_project_id_golcuk::olkar_safir,0.0
extra_trees,cat__site_project_id_golcuk::olkar_sakli_vadi_konagi,0.0
extra_trees,cat__site_project_id_golcuk::olkar_vadi,0.0
extra_trees,cat__site_project_id_golcuk::orcun_manzara,0.0
extra_trees,cat__site_project_id_golcuk::otoparkli,0.0
extra_trees,cat__site_project_id_golcuk::ovunc,0.0
extra_trees,cat__site_project_id_golcuk::oz_mercan,0.0
extra_trees,cat__site_project_id_golcuk::palmiye,0.0
extra_trees,cat__site_project_id_golcuk::piyalepasa_da,0.0
extra_trees,cat__site_project_id_golcuk::rakicioglu,0.0
extra_trees,cat__site_project_id_golcuk::remaxcakra_omer_onayci_dan,0.0
extra_trees,cat__site_project_id_golcuk::revna_life,0.0
extra_trees,cat__site_project_id_golcuk::sahan_torunogullari,0.0
extra_trees,cat__site_project_id_golcuk::sakli_vadi,0.0
extra_trees,cat__site_project_id_golcuk::sarayli,0.0
extra_trees,cat__site_project_id_golcuk::sarayli_kalici_konutlari_181_ada,0.0
extra_trees,cat__site_project_id_golcuk::sarayli_kalici_konutlari_182_ada,0.0
extra_trees,cat__site_project_id_golcuk::sehir,0.0
extra_trees,cat__site_project_id_golcuk::sehitler_mah_vgm,0.0
extra_trees,cat__site_project_id_golcuk::seval,0.0
extra_trees,cat__site_project_id_golcuk::sinirsiz_kredi_imkanli,0.0
extra_trees,cat__site_project_id_golcuk::sirinkent_kalici_konutlari_15_ada,0.0
extra_trees,cat__site_project_id_golcuk::sirinkent_kalici_konutlari_19_ada,0.0
extra_trees,cat__site_project_id_golcuk::sirinkoy_kalici_konutlari_4_ada,0.0
extra_trees,cat__site_project_id_golcuk::sirinkoy_toki,0.0
extra_trees,cat__site_project_id_golcuk::sivritepe_denizevler_toki,0.0
extra_trees,cat__site_project_id_golcuk::sokkk_fiyat_ihsaniye_merkez_de,0.0
extra_trees,cat__site_project_id_golcuk::subasi,0.0
extra_trees,cat__site_project_id_golcuk::supark_arcadia,0.0
extra_trees,cat__site_project_id_golcuk::supark_royal,0.0
extra_trees,cat__site_project_id_golcuk::tanyildizdan_golcuk_elit_park,0.0
extra_trees,cat__site_project_id_golcuk::toki,0.0
extra_trees,cat__site_project_id_golcuk::toksoylu,0.0
extra_trees,cat__site_project_id_golcuk::topcular_da,0.0
extra_trees,cat__site_project_id_golcuk::topcular_mh_ronesans,0.0
extra_trees,cat__site_project_id_golcuk::topcularda_havuzlu,0.0
extra_trees,cat__site_project_id_golcuk::torunogullari,0.0
extra_trees,cat__site_project_id_golcuk::torunogullari_ormania,0.0
extra_trees,cat__site_project_id_golcuk::true_life,0.0
extra_trees,cat__site_project_id_golcuk::turkuaz,0.0
extra_trees,cat__site_project_id_golcuk::ulasli_yesilkent,0.0
extra_trees,cat__site_project_id_golcuk::uplife_topcular,0.0
extra_trees,cat__site_project_id_golcuk::uydu_kent,0.0
extra_trees,cat__site_project_id_golcuk::versay_lilyum_park,0.0
extra_trees,cat__site_project_id_golcuk::versay_yamac_evler,0.0
extra_trees,cat__site_project_id_golcuk::versay_yamacevler,0.0
extra_trees,cat__site_project_id_golcuk::yakamos,0.0
extra_trees,cat__site_project_id_golcuk::yakamoz,0.0
extra_trees,cat__site_project_id_golcuk::yalik_mahallede,0.0
extra_trees,cat__site_project_id_golcuk::yasam,0.0
extra_trees,cat__site_project_id_golcuk::yildirim,0.0
extra_trees,cat__site_project_id_golcuk::yildizevler,0.0
extra_trees,cat__site_project_id_golcuk::zumrut_evler,0.0
extra_trees,cat__site_project_id_izmit::academic_life,0.0
extra_trees,cat__site_project_id_izmit::akarca,0.0
extra_trees,cat__site_project_id_izmit::akcakoca_universite,0.0
extra_trees,cat__site_project_id_izmit::akdora,0.0
extra_trees,cat__site_project_id_izmit::akkonak,0.0
extra_trees,cat__site_project_id_izmit::akkus,0.0
extra_trees,cat__site_project_id_izmit::alikahya_kavanium,0.0
extra_trees,cat__site_project_id_izmit::alikahya_ve_dumlupinar_sinirinda,0.0
extra_trees,cat__site_project_id_izmit::almira,0.0
extra_trees,cat__site_project_id_izmit::altinevler,0.0
extra_trees,cat__site_project_id_izmit::anadolu,0.0
extra_trees,cat__site_project_id_izmit::anakent,0.0
extra_trees,cat__site_project_id_izmit::ara,0.0
extra_trees,cat__site_project_id_izmit::arizli_toki,0.0
extra_trees,cat__site_project_id_izmit::armadakent_1,0.0
extra_trees,cat__site_project_id_izmit::armadakent_4,0.0
extra_trees,cat__site_project_id_izmit::armakent_4,0.0
extra_trees,cat__site_project_id_izmit::art_yapi_elit_park,0.0
extra_trees,cat__site_project_id_izmit::asayra_dan_bayindirlik_kalici,0.0
extra_trees,cat__site_project_id_izmit::asayra_dan_yuvam_akarca,0.0
extra_trees,cat__site_project_id_izmit::aslantas_plus,0.0
extra_trees,cat__site_project_id_izmit::asrin,0.0
extra_trees,cat__site_project_id_izmit::ata,0.0
extra_trees,cat__site_project_id_izmit::ates,0.0
extra_trees,cat__site_project_id_izmit::avenue,0.0
extra_trees,cat__site_project_id_izmit::avlu,0.0
extra_trees,cat__site_project_id_izmit::bagcesme_kavanium,0.0
extra_trees,cat__site_project_id_izmit::bagcesme_konaklari,0.0
extra_trees,cat__site_project_id_izmit::bagkale,0.0
extra_trees,cat__site_project_id_izmit::bagtepe,0.0
extra_trees,cat__site_project_id_izmit::balabani,0.0
extra_trees,cat__site_project_id_izmit::baris_sitesi_2,0.0
extra_trees,cat__site_project_id_izmit::bayindirlik,0.0
extra_trees,cat__site_project_id_izmit::bayindirlik_konutlari_11_ada,0.0
extra_trees,cat__site_project_id_izmit::bayindirlik_konutlari_12_ada,0.0
extra_trees,cat__site_project_id_izmit::belediye_memurlar,0.0
extra_trees,cat__site_project_id_izmit::burcin,0.0
extra_trees,cat__site_project_id_izmit::cayirkoy_premiumda,0.0
extra_trees,cat__site_project_id_izmit::cef_city_golpark,0.0
extra_trees,cat__site_project_id_izmit::celik_ay_dan_yesilova_zumra,0.0
extra_trees,cat__site_project_id_izmit::cepni_corner_park,0.0
extra_trees,cat__site_project_id_izmit::cepni_up_town_evleri_2,0.0
extra_trees,cat__site_project_id_izmit::cinar_vadisi_konaklari,0.0
extra_trees,cat__site_project_id_izmit::concept_yahyakaptan,0.0
extra_trees,cat__site_project_id_izmit::cukurbag_mah_guneskent,0.0
extra_trees,cat__site_project_id_izmit::cumhuriyet,0.0
extra_trees,cat__site_project_id_izmit::dan_bayindirlik,0.0
extra_trees,cat__site_project_id_izmit::deniz_manzarali,0.0
extra_trees,cat__site_project_id_izmit::dikkat_emlak_tan_yenisehir_mh,0.0
extra_trees,cat__site_project_id_izmit::dogus,0.0
extra_trees,cat__site_project_id_izmit::dostluk_6,0.0
extra_trees,cat__site_project_id_izmit::dunya_bankasi,0.0
extra_trees,cat__site_project_id_izmit::dunya_bankasi_konutlari_14_ada,0.0
extra_trees,cat__site_project_id_izmit::dunya_bankasi_konutlari_17_ada,0.0
extra_trees,cat__site_project_id_izmit::dunya_bankasi_konutlari_18_ada,0.0
extra_trees,cat__site_project_id_izmit::dunya_bankasi_konutlari_21_ada,0.0
extra_trees,cat__site_project_id_izmit::dunya_bankasi_konutlari_23_ada,0.0
extra_trees,cat__site_project_id_izmit::dunya_bankasi_konutlari_24_ada,0.0
extra_trees,cat__site_project_id_izmit::dunya_bankasi_konutlari_27_ada,0.0
extra_trees,cat__site_project_id_izmit::dunya_bankasi_konutlari_2_ada,0.0
extra_trees,cat__site_project_id_izmit::dunya_bankasi_konutlari_3_ada,0.0
extra_trees,cat__site_project_id_izmit::dunya_bankasi_konutlari_9_ada,0.0
extra_trees,cat__site_project_id_izmit::dunya_bankasi_sitesi_30_ada,0.0
extra_trees,cat__site_project_id_izmit::ekol_den_karadenizliler_mah_hls_yapi_da,0.0
extra_trees,cat__site_project_id_izmit::elit_kirk_bir,0.0
extra_trees,cat__site_project_id_izmit::erdagi,0.0
extra_trees,cat__site_project_id_izmit::erim,0.0
extra_trees,cat__site_project_id_izmit::eskidjiden_iztop_park,0.0
extra_trees,cat__site_project_id_izmit::evedin_yuvam_akarca_orkide,0.0
extra_trees,cat__site_project_id_izmit::feza,0.0
extra_trees,cat__site_project_id_izmit::fnd_smart_side,0.0
extra_trees,cat__site_project_id_izmit::fnd_smart_side_2,0.0
extra_trees,cat__site_project_id_izmit::full_hazir_kiracili_son,0.0
extra_trees,cat__site_project_id_izmit::golkay_star_life,0.0
extra_trees,cat__site_project_id_izmit::gulacti_deniz_konaklari,0.0
extra_trees,cat__site_project_id_izmit::gulacti_deniz_konaklari_2,0.0
extra_trees,cat__site_project_id_izmit::gulen,0.0
extra_trees,cat__site_project_id_izmit::gundogdu_bayindirlik_konutlari_6_ada_huzur,0.0
extra_trees,cat__site_project_id_izmit::gundogdu_dorukkent1,0.0
extra_trees,cat__site_project_id_izmit::gundogdu_eren_life,0.0
extra_trees,cat__site_project_id_izmit::gundogdu_havuzlu_asansorlu,0.0
extra_trees,cat__site_project_id_izmit::gundogdu_kalici,0.0
extra_trees,cat__site_project_id_izmit::gundogduda,0.0
extra_trees,cat__site_project_id_izmit::hanife_sultan,0.0
extra_trees,cat__site_project_id_izmit::hanzade,0.0
extra_trees,cat__site_project_id_izmit::hatipoglu,0.0
extra_trees,cat__site_project_id_izmit::humeyra_park,0.0
extra_trees,cat__site_project_id_izmit::huzur,0.0
extra_trees,cat__site_project_id_izmit::inci,0.0
extra_trees,cat__site_project_id_izmit::invest_global_den_yesilova_alfa,0.0
extra_trees,cat__site_project_id_izmit::iz_tepe,0.0
extra_trees,cat__site_project_id_izmit::izmit_te_akcakent,0.0
extra_trees,cat__site_project_id_izmit::jasmin_country,0.0
extra_trees,cat__site_project_id_izmit::kabaoglu,0.0
extra_trees,cat__site_project_id_izmit::kabaoglu_havuzlu,0.0
extra_trees,cat__site_project_id_izmit::kabaoglunda,0.0
extra_trees,cat__site_project_id_izmit::karabas_mah_kent,0.0
extra_trees,cat__site_project_id_izmit::kardelen,0.0
extra_trees,cat__site_project_id_izmit::karpay,0.0
extra_trees,cat__site_project_id_izmit::kartanesi,0.0
extra_trees,cat__site_project_id_izmit::kavan_life,0.0
extra_trees,cat__site_project_id_izmit::kavan_try,0.0
extra_trees,cat__site_project_id_izmit::kavanium_bagcesme,0.0
extra_trees,cat__site_project_id_izmit::kavanium_evleri_815_ada,0.0
extra_trees,cat__site_project_id_izmit::kavanya_gol,0.0
extra_trees,cat__site_project_id_izmit::kavanyum_bagcesme,0.0
extra_trees,cat__site_project_id_izmit::kore,0.0
extra_trees,cat__site_project_id_izmit::kucukyali,0.0
extra_trees,cat__site_project_id_izmit::kurucesme,0.0
extra_trees,cat__site_project_id_izmit::kurucesme_deniz_manzarali,0.0
extra_trees,cat__site_project_id_izmit::kurucesme_doktorlar,0.0
extra_trees,cat__site_project_id_izmit::kurucesme_fatih_mahallesi,0.0
extra_trees,cat__site_project_id_izmit::kurucesme_oluklu,0.0
extra_trees,cat__site_project_id_izmit::kurucesmede,0.0
extra_trees,cat__site_project_id_izmit::kurucesmenin_ustu,0.0
extra_trees,cat__site_project_id_izmit::kvs_royal,0.0
extra_trees,cat__site_project_id_izmit::la_vida_park,0.0
extra_trees,cat__site_project_id_izmit::lavinya_park,0.0
extra_trees,cat__site_project_id_izmit::lilyum_park_2,0.0
extra_trees,cat__site_project_id_izmit::lilyum_park_3,0.0
extra_trees,cat__site_project_id_izmit::lilyum_park_4,0.0
extra_trees,cat__site_project_id_izmit::liya,0.0
extra_trees,cat__site_project_id_izmit::loca_bagcesme,0.0
extra_trees,cat__site_project_id_izmit::maide,0.0
extra_trees,cat__site_project_id_izmit::mamikler,0.0
extra_trees,cat__site_project_id_izmit::manzara,0.0
extra_trees,cat__site_project_id_izmit::menekse_yasamkent,0.0
extra_trees,cat__site_project_id_izmit::merdoglu,0.0
extra_trees,cat__site_project_id_izmit::mihrimah,0.0
extra_trees,cat__site_project_id_izmit::mimkon_yasam,0.0
extra_trees,cat__site_project_id_izmit::mk_teras,0.0
extra_trees,cat__site_project_id_izmit::muasir_kent,0.0
extra_trees,cat__site_project_id_izmit::myra_2,0.0
extra_trees,cat__site_project_id_izmit::myra_3,0.0
extra_trees,cat__site_project_id_izmit::natural,0.0
extra_trees,cat__site_project_id_izmit::nikomedya_can,0.0
extra_trees,cat__site_project_id_izmit::nikomedya_deniz,0.0
extra_trees,cat__site_project_id_izmit::normcity,0.0
extra_trees,cat__site_project_id_izmit::onur,0.0
extra_trees,cat__site_project_id_izmit::onur_siteleri,0.0
extra_trees,cat__site_project_id_izmit::osmanli_konaklari,0.0
extra_trees,cat__site_project_id_izmit::ozyapi,0.0
extra_trees,cat__site_project_id_izmit::pinar,0.0
extra_trees,cat__site_project_id_izmit::pirelli,0.0
extra_trees,cat__site_project_id_izmit::plaj_yolu_sea_life,0.0
extra_trees,cat__site_project_id_izmit::plaj_yolunda_sea_life,0.0
extra_trees,cat__site_project_id_izmit::plajyolu,0.0
extra_trees,cat__site_project_id_izmit::plajyolu_avangard,0.0
extra_trees,cat__site_project_id_izmit::plajyolu_bozdag,0.0
extra_trees,cat__site_project_id_izmit::plajyolu_harika_konum_da,0.0
extra_trees,cat__site_project_id_izmit::plajyolu_sea_life,0.0
extra_trees,cat__site_project_id_izmit::plajyolunda,0.0
extra_trees,cat__site_project_id_izmit::plajyolunun_en_prestijli,0.0
extra_trees,cat__site_project_id_izmit::rbs_yasam,0.0
extra_trees,cat__site_project_id_izmit::remax_bagcesme_orhan_mh,0.0
extra_trees,cat__site_project_id_izmit::remax_dream_avenue,0.0
extra_trees,cat__site_project_id_izmit::remax_dream_den_80_kredi_eminevime_uygun,0.0
extra_trees,cat__site_project_id_izmit::remax_dream_den_plaj_yolunda,0.0
extra_trees,cat__site_project_id_izmit::remax_dream_dunya_bankasi,0.0
extra_trees,cat__site_project_id_izmit::remax_exclusiveden_avenue,0.0
extra_trees,cat__site_project_id_izmit::remax_plaj_yolu_deniz_manzarali,0.0
extra_trees,cat__site_project_id_izmit::respark_3,0.0
extra_trees,cat__site_project_id_izmit::listing_portal_havuz_ve_vadi,0.0
extra_trees,cat__site_project_id_izmit::listing_portal_temiz_kullanisli,0.0
extra_trees,cat__site_project_id_izmit::listing_portal_yelkent_tetra,0.0
extra_trees,cat__site_project_id_izmit::sahilkent,0.0
extra_trees,cat__site_project_id_izmit::saray,0.0
extra_trees,cat__site_project_id_izmit::sehir_h_karsisi,0.0
extra_trees,cat__site_project_id_izmit::sehir_hastanesi_karsisi_sarkent,0.0
extra_trees,cat__site_project_id_izmit::sehir_hastanesine_yakin,0.0
extra_trees,cat__site_project_id_izmit::sehr_i_bahce_sitesi_3,0.0
extra_trees,cat__site_project_id_izmit::sehr_i_naz,0.0
extra_trees,cat__site_project_id_izmit::sehri_bahce_3,0.0
extra_trees,cat__site_project_id_izmit::sehrin_yildizi,0.0
extra_trees,cat__site_project_id_izmit::seka,0.0
extra_trees,cat__site_project_id_izmit::seka_akgun,0.0
extra_trees,cat__site_project_id_izmit::seka_memur,0.0
extra_trees,cat__site_project_id_izmit::selale,0.0
extra_trees,cat__site_project_id_izmit::seymen,0.0
extra_trees,cat__site_project_id_izmit::sifir_sirintepe_sea_life,0.0
extra_trees,cat__site_project_id_izmit::sogucak,0.0
extra_trees,cat__site_project_id_izmit::solin_konutlari_1,0.0
extra_trees,cat__site_project_id_izmit::sudeks_bagcesme,0.0
extra_trees,cat__site_project_id_izmit::sunrise_yesilova,0.0
extra_trees,cat__site_project_id_izmit::tanyildiz_izmit_kurucesme_butik,0.0
extra_trees,cat__site_project_id_izmit::tarcanlar_dan_gundogdu_eren_life,0.0
extra_trees,cat__site_project_id_izmit::tarcanlardan_kurucesmede,0.0
extra_trees,cat__site_project_id_izmit::tavsantepe_toki,0.0
extra_trees,cat__site_project_id_izmit::ten_yuvam_akarca,0.0
extra_trees,cat__site_project_id_izmit::tepe,0.0
extra_trees,cat__site_project_id_izmit::tepekoy_de_butik,0.0
extra_trees,cat__site_project_id_izmit::tepekoy_toki_konutlari_191_ada,0.0
extra_trees,cat__site_project_id_izmit::terrace,0.0
extra_trees,cat__site_project_id_izmit::terrace_yahyakaptan_2,0.0
extra_trees,cat__site_project_id_izmit::toki_cedit_mahallesi,0.0
extra_trees,cat__site_project_id_izmit::toki_konutlari_185_ada,0.0
extra_trees,cat__site_project_id_izmit::turkoz,0.0
extra_trees,cat__site_project_id_izmit::turkoz_insaat_plajyolu_bozdag,0.0
extra_trees,cat__site_project_id_izmit::turkuaz_park,0.0
extra_trees,cat__site_project_id_izmit::ufuk,0.0
extra_trees,cat__site_project_id_izmit::ugur,0.0
extra_trees,cat__site_project_id_izmit::umuttepe_yolu_uzeri,0.0
extra_trees,cat__site_project_id_izmit::umuttepe_yolu_uzeri_kaboglu_mevki,0.0
extra_trees,cat__site_project_id_izmit::up_town_evleri_2,0.0
extra_trees,cat__site_project_id_izmit::uygun,0.0
extra_trees,cat__site_project_id_izmit::vadikent,0.0
extra_trees,cat__site_project_id_izmit::vadikent_4,0.0
extra_trees,cat__site_project_id_izmit::vega,0.0
extra_trees,cat__site_project_id_izmit::venedik,0.0
extra_trees,cat__site_project_id_izmit::vista_evleri_1,0.0
extra_trees,cat__site_project_id_izmit::yahyakaptan_armada_kent,0.0
extra_trees,cat__site_project_id_izmit::yasam,0.0
extra_trees,cat__site_project_id_izmit::yelken_park,0.0
extra_trees,cat__site_project_id_izmit::yelkent,0.0
extra_trees,cat__site_project_id_izmit::yeseren,0.0
extra_trees,cat__site_project_id_izmit::yesilova_anaket,0.0
extra_trees,cat__site_project_id_izmit::yesilova_konaklari,0.0
extra_trees,cat__site_project_id_izmit::yesilova_liva_park,0.0
extra_trees,cat__site_project_id_izmit::yesilova_mah,0.0
extra_trees,cat__site_project_id_izmit::yesilova_merkezi_yerde_karpay,0.0
extra_trees,cat__site_project_id_izmit::yesilova_park,0.0
extra_trees,cat__site_project_id_izmit::yuvam_akarca_evleri_1_ada,0.0
extra_trees,cat__site_project_id_izmit::yuvam_akarca_evleri_3_ada,0.0
extra_trees,cat__site_project_id_izmit::yuvam_akarca_evleri_6_ada,0.0
extra_trees,cat__site_project_id_izmit::yuvam_akarca_evleri_7_ada,0.0
extra_trees,cat__site_project_id_izmit::yuvam_garden,0.0
extra_trees,cat__site_project_id_izmit::zafira,0.0
extra_trees,cat__site_project_id_izmit::zenan,0.0
extra_trees,cat__site_project_id_izmit::zorlife,0.0
extra_trees,cat__site_project_id_izmit::zorlu,0.0
extra_trees,cat__site_project_id_karamursel::adres_emlaktan_kent,0.0
extra_trees,cat__site_project_id_karamursel::altinkent,0.0
extra_trees,cat__site_project_id_karamursel::asansorlu,0.0
extra_trees,cat__site_project_id_karamursel::bagdat,0.0
extra_trees,cat__site_project_id_karamursel::bahcelievler,0.0
extra_trees,cat__site_project_id_karamursel::baydar,0.0
extra_trees,cat__site_project_id_karamursel::cam,0.0
extra_trees,cat__site_project_id_karamursel::d_kent,0.0
extra_trees,cat__site_project_id_karamursel::demircan,0.0
extra_trees,cat__site_project_id_karamursel::demtas_koygun_sahil,0.0
extra_trees,cat__site_project_id_karamursel::genc_alp,0.0
extra_trees,cat__site_project_id_karamursel::gizli_bahce,0.0
extra_trees,cat__site_project_id_karamursel::inci,0.0
extra_trees,cat__site_project_id_karamursel::karamursel,0.0
extra_trees,cat__site_project_id_karamursel::karamursel_aydin,0.0
extra_trees,cat__site_project_id_karamursel::karamursel_park,0.0
extra_trees,cat__site_project_id_karamursel::karamursel_pinarbasi,0.0
extra_trees,cat__site_project_id_karamursel::kardelen,0.0
extra_trees,cat__site_project_id_karamursel::kardesten_kayacik_ta,0.0
extra_trees,cat__site_project_id_karamursel::kolayli_1,0.0
extra_trees,cat__site_project_id_karamursel::kolayli_2,0.0
extra_trees,cat__site_project_id_karamursel::kolayli_4,0.0
extra_trees,cat__site_project_id_karamursel::kovuk_cinar,0.0
extra_trees,cat__site_project_id_karamursel::meric,0.0
extra_trees,cat__site_project_id_karamursel::onurkent,0.0
extra_trees,cat__site_project_id_karamursel::remax_kanyon_dan,0.0
extra_trees,cat__site_project_id_karamursel::remax_kanyon_dan_vadi,0.0
extra_trees,cat__site_project_id_karamursel::saka,0.0
extra_trees,cat__site_project_id_karamursel::temmuz_da,0.0
extra_trees,cat__site_project_id_karamursel::ulu_cami_yakininda,0.0
extra_trees,cat__site_project_id_karamursel::yamac,0.0
extra_trees,cat__site_project_id_karamursel::zumrut_2,0.0
extra_trees,cat__site_project_id_kartepe::151_ada,0.0
extra_trees,cat__site_project_id_kartepe::1_69_kredi_icon,0.0
extra_trees,cat__site_project_id_kartepe::1_99_kredi_fsm_de_butik,0.0
extra_trees,cat__site_project_id_kartepe::a_plus,0.0
extra_trees,cat__site_project_id_kartepe::acill_deallife_dan_ataevlerde,0.0
extra_trees,cat__site_project_id_kartepe::adesa,0.0
extra_trees,cat__site_project_id_kartepe::agkoc_evleri_2,0.0
extra_trees,cat__site_project_id_kartepe::anadolu,0.0
extra_trees,cat__site_project_id_kartepe::aras_gayrimenkulden_fsm_de,0.0
extra_trees,cat__site_project_id_kartepe::ars_den_kent_meydaninda,0.0
extra_trees,cat__site_project_id_kartepe::arslanbey_atakent,0.0
extra_trees,cat__site_project_id_kartepe::ataevlerde,0.0
extra_trees,cat__site_project_id_kartepe::atakent_evleri_131_ada,0.0
extra_trees,cat__site_project_id_kartepe::atakent_evleri_132_ada,0.0
extra_trees,cat__site_project_id_kartepe::atakent_evleri_136_ada,0.0
extra_trees,cat__site_project_id_kartepe::atakent_evleri_142_ada,0.0
extra_trees,cat__site_project_id_kartepe::atakoy,0.0
extra_trees,cat__site_project_id_kartepe::aykent,0.0
extra_trees,cat__site_project_id_kartepe::bahcekent_konutlari,0.0
extra_trees,cat__site_project_id_kartepe::bariskent,0.0
extra_trees,cat__site_project_id_kartepe::beykent_konaklari,0.0
extra_trees,cat__site_project_id_kartepe::beykent_konaklari_611,0.0
extra_trees,cat__site_project_id_kartepe::bizim_konaklar,0.0
extra_trees,cat__site_project_id_kartepe::boutique_kartepe,0.0
extra_trees,cat__site_project_id_kartepe::cadde_i_kubra,0.0
extra_trees,cat__site_project_id_kartepe::capediem_kartepe,0.0
extra_trees,cat__site_project_id_kartepe::deallife_dan_hasanpasada_butik,0.0
extra_trees,cat__site_project_id_kartepe::derbent_mh,0.0
extra_trees,cat__site_project_id_kartepe::derin_den_ert_gazi_mah,0.0
extra_trees,cat__site_project_id_kartepe::dosteller,0.0
extra_trees,cat__site_project_id_kartepe::dubleks,0.0
extra_trees,cat__site_project_id_kartepe::dubleks_kent,0.0
extra_trees,cat__site_project_id_kartepe::ekomax_dan_e_gazi_asansrlu_havzlu,0.0
extra_trees,cat__site_project_id_kartepe::ekomax_dan_kartepe,0.0
extra_trees,cat__site_project_id_kartepe::ekomax_dan_kartpe_fsm_mah_havzlu_asanslu,0.0
extra_trees,cat__site_project_id_kartepe::ekomaxdan_sinirsiz_kredi_asansoru,0.0
extra_trees,cat__site_project_id_kartepe::emlakcim41_kent,0.0
extra_trees,cat__site_project_id_kartepe::empire_house,0.0
extra_trees,cat__site_project_id_kartepe::ena_gayrimenkulden_kartepe_s_royal2,0.0
extra_trees,cat__site_project_id_kartepe::ertugrul_gazi_mh,0.0
extra_trees,cat__site_project_id_kartepe::ertugrulgazi_bluepark,0.0
extra_trees,cat__site_project_id_kartepe::ertugrulgazi_de,0.0
extra_trees,cat__site_project_id_kartepe::finans_kuruluslarina_uygun_1_99_kredi_butik,0.0
extra_trees,cat__site_project_id_kartepe::fsm_mahallesi_nde,0.0
extra_trees,cat__site_project_id_kartepe::garden_kartepe_2,0.0
extra_trees,cat__site_project_id_kartepe::gate41_masukiye,0.0
extra_trees,cat__site_project_id_kartepe::gate_41,0.0
extra_trees,cat__site_project_id_kartepe::genis_kulanisli,0.0
extra_trees,cat__site_project_id_kartepe::gokbal_sirius,0.0
extra_trees,cat__site_project_id_kartepe::green_life_1,0.0
extra_trees,cat__site_project_id_kartepe::guckat_life,0.0
extra_trees,cat__site_project_id_kartepe::gulas,0.0
extra_trees,cat__site_project_id_kartepe::guldeste_sitesi_2,0.0
extra_trees,cat__site_project_id_kartepe::guldeste_sitesi_5,0.0
extra_trees,cat__site_project_id_kartepe::guldeste_sitesi_7,0.0
extra_trees,cat__site_project_id_kartepe::hasanpasa_butik,0.0
extra_trees,cat__site_project_id_kartepe::hasanpasa_mahallesinde_butik,0.0
extra_trees,cat__site_project_id_kartepe::hursoy_behcelievler,0.0
extra_trees,cat__site_project_id_kartepe::hursoy_sapphire,0.0
extra_trees,cat__site_project_id_kartepe::hursoy_sitesi_atakent_1,0.0
extra_trees,cat__site_project_id_kartepe::k_h_eksioglu_insaat_limited_sirketi,0.0
extra_trees,cat__site_project_id_kartepe::kafkas_dostluk,0.0
extra_trees,cat__site_project_id_kartepe::karcity,0.0
extra_trees,cat__site_project_id_kartepe::kartele,0.0
extra_trees,cat__site_project_id_kartepe::kartepe,0.0
extra_trees,cat__site_project_id_kartepe::kartepe_aslanbey_vera_life,0.0
extra_trees,cat__site_project_id_kartepe::kartepe_aslanbey_veralife,0.0
extra_trees,cat__site_project_id_kartepe::kartepe_ataevler,0.0
extra_trees,cat__site_project_id_kartepe::kartepe_ataevler_hursoy_city,0.0
extra_trees,cat__site_project_id_kartepe::kartepe_ataevler_mahallesinde,0.0
extra_trees,cat__site_project_id_kartepe::kartepe_atakent,0.0
extra_trees,cat__site_project_id_kartepe::kartepe_cadde_life,0.0
extra_trees,cat__site_project_id_kartepe::kartepe_de,0.0
extra_trees,cat__site_project_id_kartepe::kartepe_de_havuzlu,0.0
extra_trees,cat__site_project_id_kartepe::kartepe_de_manzarali,0.0
extra_trees,cat__site_project_id_kartepe::kartepe_dumlupinar_ritim_naz,0.0
extra_trees,cat__site_project_id_kartepe::kartepe_elizan,0.0
extra_trees,cat__site_project_id_kartepe::kartepe_ertugrulgazi_havz_hmm_saunli,0.0
extra_trees,cat__site_project_id_kartepe::kartepe_fatih_sultan_mehmet_mh_havuzlu,0.0
extra_trees,cat__site_project_id_kartepe::kartepe_fsm_bahcesehir_koleji_yakini_gulas,0.0
extra_trees,cat__site_project_id_kartepe::kartepe_fsm_de,0.0
extra_trees,cat__site_project_id_kartepe::kartepe_fsm_de_havuzlu_guvenlikli,0.0
extra_trees,cat__site_project_id_kartepe::kartepe_fsm_kent,0.0
extra_trees,cat__site_project_id_kartepe::kartepe_fsm_mah,0.0
extra_trees,cat__site_project_id_kartepe::kartepe_ibrikdere_butik,0.0
extra_trees,cat__site_project_id_kartepe::kartepe_kent_merkezinde,0.0
extra_trees,cat__site_project_id_kartepe::kartepe_kosekoy,0.0
extra_trees,cat__site_project_id_kartepe::kartepe_meridyen,0.0
extra_trees,cat__site_project_id_kartepe::kartepe_premium,0.0
extra_trees,cat__site_project_id_kartepe::kartepe_serender_park,0.0
extra_trees,cat__site_project_id_kartepe::kartepe_stone_suite,0.0
extra_trees,cat__site_project_id_kartepe::kaymakamlik_belediye_yani_tower,0.0
extra_trees,cat__site_project_id_kartepe::kent_meydaninda_1_99_krediyle,0.0
extra_trees,cat__site_project_id_kartepe::korhandan_kent,0.0
extra_trees,cat__site_project_id_kartepe::krediye_eminevime_uygun_butik,0.0
extra_trees,cat__site_project_id_kartepe::masal,0.0
extra_trees,cat__site_project_id_kartepe::meltem,0.0
extra_trees,cat__site_project_id_kartepe::mercan,0.0
extra_trees,cat__site_project_id_kartepe::meridyen_elite,0.0
extra_trees,cat__site_project_id_kartepe::merkezi_konum_havuzlu_ve_asansorlu,0.0
extra_trees,cat__site_project_id_kartepe::mk_elegance,0.0
extra_trees,cat__site_project_id_kartepe::mk_konsept_1,0.0
extra_trees,cat__site_project_id_kartepe::mona_vadi,0.0
extra_trees,cat__site_project_id_kartepe::mrs_konaklari,0.0
extra_trees,cat__site_project_id_kartepe::my_world_kartepe,0.0
extra_trees,cat__site_project_id_kartepe::neff_vizyon,0.0
extra_trees,cat__site_project_id_kartepe::new_life_kartepe,0.0
extra_trees,cat__site_project_id_kartepe::on_cephe,0.0
extra_trees,cat__site_project_id_kartepe::onur,0.0
extra_trees,cat__site_project_id_kartepe::ozdilek_atakent,0.0
extra_trees,cat__site_project_id_kartepe::pakmaya_deprem,0.0
extra_trees,cat__site_project_id_kartepe::pasa_park_evleri_13,0.0
extra_trees,cat__site_project_id_kartepe::pasapark_evleri_12,0.0
extra_trees,cat__site_project_id_kartepe::remax_myra_dan_kartepe_fsm_de,0.0
extra_trees,cat__site_project_id_kartepe::ritim_kartepe,0.0
extra_trees,cat__site_project_id_kartepe::rose_garden,0.0
extra_trees,cat__site_project_id_kartepe::sehri_elizan_evleri_2,0.0
extra_trees,cat__site_project_id_kartepe::sifir,0.0
extra_trees,cat__site_project_id_kartepe::son_kartepe_fsm,0.0
extra_trees,cat__site_project_id_kartepe::son_kartepe_fsm_akev,0.0
extra_trees,cat__site_project_id_kartepe::sudeks_buse_kent,0.0
extra_trees,cat__site_project_id_kartepe::sudeks_busekent,0.0
extra_trees,cat__site_project_id_kartepe::sultan_mehmet,0.0
extra_trees,cat__site_project_id_kartepe::tac_yaprak,0.0
extra_trees,cat__site_project_id_kartepe::tuana,0.0
extra_trees,cat__site_project_id_kartepe::vefakent_gulbahce,0.0
extra_trees,cat__site_project_id_kartepe::yagmur_dan,0.0
extra_trees,cat__site_project_id_kartepe::yatirimlik_kiracili,0.0
extra_trees,cat__site_project_id_kartepe::yonca,0.0
extra_trees,cat__site_project_id_kartepe::yuksek_kredili_butik,0.0
extra_trees,cat__site_project_id_kartepe::zeray_esil_kartepe,0.0
extra_trees,cat__site_project_id_kartepe::zeray_forum_anatolia,0.0
extra_trees,cat__site_project_id_county_scoped_basiskele::akademik_elit_park,0.0
extra_trees,cat__site_project_id_county_scoped_basiskele::akasya_modern,0.0
extra_trees,cat__site_project_id_county_scoped_basiskele::akven_armoni_teras,0.0
extra_trees,cat__site_project_id_county_scoped_basiskele::alacati_dan_yaylacik_mh_de_havuzlu,0.0
extra_trees,cat__site_project_id_county_scoped_basiskele::altinkent,0.0
extra_trees,cat__site_project_id_county_scoped_basiskele::altinkent_kalici_konutlari_3_ada,0.0
extra_trees,cat__site_project_id_county_scoped_basiskele::altinkent_kalici_konutlari_5_ada,0.0
extra_trees,cat__site_project_id_county_scoped_basiskele::altinkent_kalici_konutlari_6_ada,0.0
extra_trees,cat__site_project_id_county_scoped_basiskele::altinkent_kalici_konutlari_7_ada,0.0
extra_trees,cat__site_project_id_county_scoped_basiskele::anatolia,0.0
extra_trees,cat__site_project_id_county_scoped_basiskele::ara,0.0
extra_trees,cat__site_project_id_county_scoped_basiskele::armoni_2,0.0
extra_trees,cat__site_project_id_county_scoped_basiskele::asansorlu_butik,0.0
extra_trees,cat__site_project_id_county_scoped_basiskele::asrin,0.0
extra_trees,cat__site_project_id_county_scoped_basiskele::atakent_ustpark,0.0
extra_trees,cat__site_project_id_county_scoped_basiskele::aurapark,0.0
extra_trees,cat__site_project_id_county_scoped_basiskele::aydinkent,0.0
extra_trees,cat__site_project_id_county_scoped_basiskele::aydinkent_kalici,0.0
extra_trees,cat__site_project_id_county_scoped_basiskele::aydinkent_kalici_konutlari_19_ada,0.0
extra_trees,cat__site_project_id_county_scoped_basiskele::aydinkent_kalici_konutlari_20_ada,0.0
extra_trees,cat__site_project_id_county_scoped_basiskele::bahama_insaat,0.0
extra_trees,cat__site_project_id_county_scoped_basiskele::bahcecik_kalici_konutlar,0.0
extra_trees,cat__site_project_id_county_scoped_basiskele::barbaros,0.0
extra_trees,cat__site_project_id_county_scoped_basiskele::barbaros_mah,0.0
extra_trees,cat__site_project_id_county_scoped_basiskele::barbaros_mahallesinde,0.0
extra_trees,cat__site_project_id_county_scoped_basiskele::barbaros_mh,0.0
extra_trees,cat__site_project_id_county_scoped_basiskele::basiskele_de,0.0
extra_trees,cat__site_project_id_county_scoped_basiskele::basiskele_de_asev_muhit,0.0
extra_trees,cat__site_project_id_county_scoped_basiskele::basiskele_de_butik,0.0
extra_trees,cat__site_project_id_county_scoped_basiskele::basiskele_fatih,0.0
extra_trees,cat__site_project_id_county_scoped_basiskele::basiskelede_prejtijli,0.0
extra_trees,cat__site_project_id_county_scoped_basiskele::birikim_gayrimenkulden,0.0
extra_trees,cat__site_project_id_county_scoped_basiskele::bizim_evler,0.0
extra_trees,cat__site_project_id_county_scoped_basiskele::bloklu_butik,0.0
extra_trees,cat__site_project_id_county_scoped_basiskele::boyunegmez_yasam,0.0
extra_trees,cat__site_project_id_county_scoped_basiskele::cadde_53,0.0
extra_trees,cat__site_project_id_county_scoped_basiskele::caglayan_modern_yuvacik,0.0
extra_trees,cat__site_project_id_county_scoped_basiskele::casaba_suite,0.0
extra_trees,cat__site_project_id_county_scoped_basiskele::cati_dubleks_havuzlu,0.0
extra_trees,cat__site_project_id_county_scoped_basiskele::cb_envoy_dan_yesilyurt_mah,0.0
extra_trees,cat__site_project_id_county_scoped_basiskele::cb_mahall_den_pasadag_da,0.0
extra_trees,cat__site_project_id_county_scoped_basiskele::cb_mahall_den_tinaztepede,0.0
extra_trees,cat__site_project_id_county_scoped_basiskele::cb_mark_tan_vadi,0.0
extra_trees,cat__site_project_id_county_scoped_basiskele::cevizli_vadi,0.0
extra_trees,cat__site_project_id_county_scoped_basiskele::clover_premium,0.0
extra_trees,cat__site_project_id_county_scoped_basiskele::derin_den_yatirim_firsati,0.0
extra_trees,cat__site_project_id_county_scoped_basiskele::dlux,0.0
extra_trees,cat__site_project_id_county_scoped_basiskele::dongel_de,0.0
extra_trees,cat__site_project_id_county_scoped_basiskele::dongelde,0.0
extra_trees,cat__site_project_id_county_scoped_basiskele::dream_gardens,0.0
extra_trees,cat__site_project_id_county_scoped_basiskele::duru_park,0.0
extra_trees,cat__site_project_id_county_scoped_basiskele::durupark,0.0
extra_trees,cat__site_project_id_county_scoped_basiskele::elitium_park,0.0
extra_trees,cat__site_project_id_county_scoped_basiskele::erenoglu_gm_den,0.0
extra_trees,cat__site_project_id_county_scoped_basiskele::erguvan_konaklari,0.0
extra_trees,cat__site_project_id_county_scoped_basiskele::erturk,0.0
extra_trees,cat__site_project_id_county_scoped_basiskele::fatih_mah,0.0
extra_trees,cat__site_project_id_county_scoped_basiskele::fatih_mahallesinde,0.0
extra_trees,cat__site_project_id_county_scoped_basiskele::garden,0.0
extra_trees,cat__site_project_id_county_scoped_basiskele::gokce,0.0
extra_trees,cat__site_project_id_county_scoped_basiskele::gun_isigi,0.0
extra_trees,cat__site_project_id_county_scoped_basiskele::hanzade_palace,0.0
extra_trees,cat__site_project_id_county_scoped_basiskele::havuzlu,0.0
extra_trees,cat__site_project_id_county_scoped_basiskele::inci,0.0
extra_trees,cat__site_project_id_county_scoped_basiskele::invest_globalden_zeray_kent,0.0
extra_trees,cat__site_project_id_county_scoped_basiskele::isil,0.0
extra_trees,cat__site_project_id_county_scoped_basiskele::kolayli,0.0
extra_trees,cat__site_project_id_county_scoped_basiskele::kolayli_karsiyaka,0.0
extra_trees,cat__site_project_id_county_scoped_basiskele::kolayli_kullar,0.0
extra_trees,cat__site_project_id_county_scoped_basiskele::kredili_dusuk_faiz_yuksek_konforlu,0.0
extra_trees,cat__site_project_id_county_scoped_basiskele::kuba,0.0
extra_trees,cat__site_project_id_county_scoped_basiskele::kucuk_yali,0.0
extra_trees,cat__site_project_id_county_scoped_basiskele::kullar,0.0
extra_trees,cat__site_project_id_county_scoped_basiskele::kullar_da_prestijli_yasam,0.0
extra_trees,cat__site_project_id_county_scoped_basiskele::kullar_da_ultra_ebeveyn_banyolu,0.0
extra_trees,cat__site_project_id_county_scoped_basiskele::kullar_tepecik_de,0.0
extra_trees,cat__site_project_id_county_scoped_basiskele::kullar_yakacik_ta_kacirilmayacak_butik,0.0
extra_trees,cat__site_project_id_county_scoped_basiskele::kullar_yaylacik_mahallesi,0.0
extra_trees,cat__site_project_id_county_scoped_basiskele::kw_arven_den_ted_kolejine_komsu_havuzlu,0.0
extra_trees,cat__site_project_id_county_scoped_basiskele::loca_torunoglu,0.0
extra_trees,cat__site_project_id_county_scoped_basiskele::lotus,0.0
extra_trees,cat__site_project_id_county_scoped_basiskele::manar_yuvacik,0.0
extra_trees,cat__site_project_id_county_scoped_basiskele::manar_yuvacik_2,0.0
extra_trees,cat__site_project_id_county_scoped_basiskele::manaryuvacik,0.0
extra_trees,cat__site_project_id_county_scoped_basiskele::marmara_elit_yapi_kooperatifi,0.0
extra_trees,cat__site_project_id_county_scoped_basiskele::may_city,0.0
extra_trees,cat__site_project_id_county_scoped_basiskele::mehmet_akif_ersoy,0.0
extra_trees,cat__site_project_id_county_scoped_basiskele::memur_sen,0.0
extra_trees,cat__site_project_id_county_scoped_basiskele::merkezde_essiz_bir,0.0
extra_trees,cat__site_project_id_county_scoped_basiskele::mona_vadi,0.0
extra_trees,cat__site_project_id_county_scoped_basiskele::my_house_yuvacik,0.0
extra_trees,cat__site_project_id_county_scoped_basiskele::naturapark,0.0
extra_trees,cat__site_project_id_county_scoped_basiskele::oluklu_life,0.0
extra_trees,cat__site_project_id_county_scoped_basiskele::ozemsan,0.0
extra_trees,cat__site_project_id_county_scoped_basiskele::panorama_3,0.0
extra_trees,cat__site_project_id_county_scoped_basiskele::panoramakent_2,0.0
extra_trees,cat__site_project_id_county_scoped_basiskele::panoramakent_3,0.0
extra_trees,cat__site_project_id_county_scoped_basiskele::panoramakent_4,0.0
extra_trees,cat__site_project_id_county_scoped_basiskele::parla_100_yil,0.0
extra_trees,cat__site_project_id_county_scoped_basiskele::pasadag_100_yil_parla,0.0
extra_trees,cat__site_project_id_county_scoped_basiskele::pasadag_mah_full_deniz_manzarali,0.0
extra_trees,cat__site_project_id_county_scoped_basiskele::pasadag_mh_de_konsept_talha_park,0.0
extra_trees,cat__site_project_id_county_scoped_basiskele::pasadagi,0.0
extra_trees,cat__site_project_id_county_scoped_basiskele::pera_park,0.0
extra_trees,cat__site_project_id_county_scoped_basiskele::platinium,0.0
extra_trees,cat__site_project_id_county_scoped_basiskele::polen_park,0.0
extra_trees,cat__site_project_id_county_scoped_basiskele::remax_dreamden_fatih_de,0.0
extra_trees,cat__site_project_id_county_scoped_basiskele::reyhan,0.0
extra_trees,cat__site_project_id_county_scoped_basiskele::rose_garden,0.0
extra_trees,cat__site_project_id_county_scoped_basiskele::royal_park,0.0
extra_trees,cat__site_project_id_county_scoped_basiskele::rozna,0.0
extra_trees,cat__site_project_id_county_scoped_basiskele::listing_portal,0.0
extra_trees,cat__site_project_id_county_scoped_basiskele::listing_portal_vadi_yuvacik,0.0
extra_trees,cat__site_project_id_county_scoped_basiskele::selimoglu,0.0
extra_trees,cat__site_project_id_county_scoped_basiskele::semt_bahcecik,0.0
extra_trees,cat__site_project_id_county_scoped_basiskele::seymen,0.0
extra_trees,cat__site_project_id_county_scoped_basiskele::seyr_i_vadi,0.0
extra_trees,cat__site_project_id_county_scoped_basiskele::seyri_vadi,0.0
extra_trees,cat__site_project_id_county_scoped_basiskele::supark_megaron,0.0
extra_trees,cat__site_project_id_county_scoped_basiskele::tanta_emlak_tan,0.0
extra_trees,cat__site_project_id_county_scoped_basiskele::temizel_tepe_loft,0.0
extra_trees,cat__site_project_id_county_scoped_basiskele::terasta_life,0.0
extra_trees,cat__site_project_id_county_scoped_basiskele::terra_nova,0.0
extra_trees,cat__site_project_id_county_scoped_basiskele::tinaztepede,0.0
extra_trees,cat__site_project_id_county_scoped_basiskele::torpidocular,0.0
extra_trees,cat__site_project_id_county_scoped_basiskele::torunogullari_park_2,0.0
extra_trees,cat__site_project_id_county_scoped_basiskele::twinkle_life,0.0
extra_trees,cat__site_project_id_county_scoped_basiskele::ust_deniz_manzarali_asansorlu,0.0
extra_trees,cat__site_project_id_county_scoped_basiskele::ust_park_atakent,0.0
extra_trees,cat__site_project_id_county_scoped_basiskele::vadi,0.0
extra_trees,cat__site_project_id_county_scoped_basiskele::vadi_suit,0.0
extra_trees,cat__site_project_id_county_scoped_basiskele::vadi_yuvacik,0.0
extra_trees,cat__site_project_id_county_scoped_basiskele::venedik,0.0
extra_trees,cat__site_project_id_county_scoped_basiskele::vira,0.0
extra_trees,cat__site_project_id_county_scoped_basiskele::vistapark,0.0
extra_trees,cat__site_project_id_county_scoped_basiskele::vizyon_dan,0.0
extra_trees,cat__site_project_id_county_scoped_basiskele::vizyon_dan_basiskelede,0.0
extra_trees,cat__site_project_id_county_scoped_basiskele::yagmurkent,0.0
extra_trees,cat__site_project_id_county_scoped_basiskele::yaylacik_mh_de_havuzlu,0.0
extra_trees,cat__site_project_id_county_scoped_basiskele::yenikoy_kalici_konutlari_12_ada,0.0
extra_trees,cat__site_project_id_county_scoped_basiskele::yesilkent_kalici,0.0
extra_trees,cat__site_project_id_county_scoped_basiskele::yesilyurt,0.0
extra_trees,cat__site_project_id_county_scoped_basiskele::yesilyurt_mah_durupark,0.0
extra_trees,cat__site_project_id_county_scoped_basiskele::yesilyurt_mahallesin_de,0.0
extra_trees,cat__site_project_id_county_scoped_basiskele::yesilyurtda,0.0
extra_trees,cat__site_project_id_county_scoped_basiskele::yildiz,0.0
extra_trees,cat__site_project_id_county_scoped_basiskele::yonca_evleri_2,0.0
extra_trees,cat__site_project_id_county_scoped_basiskele::yuksek_giris_butik,0.0
extra_trees,cat__site_project_id_county_scoped_basiskele::yusra,0.0
extra_trees,cat__site_project_id_county_scoped_basiskele::yuvacik_doga,0.0
extra_trees,cat__site_project_id_county_scoped_basiskele::yuvacik_eksioglu_metsan,0.0
extra_trees,cat__site_project_id_county_scoped_basiskele::yuvacik_kalici_konutlari_10_ada,0.0
extra_trees,cat__site_project_id_county_scoped_basiskele::yuvacik_kalici_konutlari_1_ada,0.0
extra_trees,cat__site_project_id_county_scoped_basiskele::yuvacik_kalici_konutlari_2_ada,0.0
extra_trees,cat__site_project_id_county_scoped_basiskele::yuvacik_manar,0.0
extra_trees,cat__site_project_id_county_scoped_basiskele::yuvacik_pasadag_yesil_vadi,0.0
extra_trees,cat__site_project_id_county_scoped_basiskele::yuvacik_pasadagi_mh,0.0
extra_trees,cat__site_project_id_county_scoped_basiskele::yuvacik_ta_prestijli,0.0
extra_trees,cat__site_project_id_county_scoped_basiskele::yuvacikta,0.0
extra_trees,cat__site_project_id_county_scoped_basiskele::yuz_yapi_dan_deniz_ve_vadi,0.0
extra_trees,cat__site_project_id_county_scoped_golcuk::1sifir,0.0
extra_trees,cat__site_project_id_county_scoped_golcuk::75_yil,0.0
extra_trees,cat__site_project_id_county_scoped_golcuk::80_ine_kredi_imkamli,0.0
extra_trees,cat__site_project_id_county_scoped_golcuk::akyuz,0.0
extra_trees,cat__site_project_id_county_scoped_golcuk::altinsehir,0.0
extra_trees,cat__site_project_id_county_scoped_golcuk::ara_sifir,0.0
extra_trees,cat__site_project_id_county_scoped_golcuk::armada,0.0
extra_trees,cat__site_project_id_county_scoped_golcuk::asena,0.0
extra_trees,cat__site_project_id_county_scoped_golcuk::aylan_1,0.0
extra_trees,cat__site_project_id_county_scoped_golcuk::ayse_torunogullari,0.0
extra_trees,cat__site_project_id_county_scoped_golcuk::azat_park,0.0
extra_trees,cat__site_project_id_county_scoped_golcuk::bagkur,0.0
extra_trees,cat__site_project_id_county_scoped_golcuk::bahce_dubleks,0.0
extra_trees,cat__site_project_id_county_scoped_golcuk::balaban,0.0
extra_trees,cat__site_project_id_county_scoped_golcuk::balaban_city,0.0
extra_trees,cat__site_project_id_county_scoped_golcuk::baris_vizyon_deluxe,0.0
extra_trees,cat__site_project_id_county_scoped_golcuk::bati_mercan,0.0
extra_trees,cat__site_project_id_county_scoped_golcuk::bayindirlik_kalici_konutlari_539_ada,0.0
extra_trees,cat__site_project_id_county_scoped_golcuk::beyaz_saraylar,0.0
extra_trees,cat__site_project_id_county_scoped_golcuk::beyaz_vadi,0.0
extra_trees,cat__site_project_id_county_scoped_golcuk::bogazici_3,0.0
extra_trees,cat__site_project_id_county_scoped_golcuk::bogazici_ihsaniye_1,0.0
extra_trees,cat__site_project_id_county_scoped_golcuk::cakiroglu_prestij_park,0.0
extra_trees,cat__site_project_id_county_scoped_golcuk::camlik,0.0
extra_trees,cat__site_project_id_county_scoped_golcuk::cati_dubleks_havuzlu,0.0
extra_trees,cat__site_project_id_county_scoped_golcuk::cb_envoy_dan_golcuk_yazlik_ta,0.0
extra_trees,cat__site_project_id_county_scoped_golcuk::cb_envoy_golcuk_mh_faralya,0.0
extra_trees,cat__site_project_id_county_scoped_golcuk::cb_envoy_ihsaniye_de,0.0
extra_trees,cat__site_project_id_county_scoped_golcuk::ciftlik_mahallesi_nde,0.0
extra_trees,cat__site_project_id_county_scoped_golcuk::ciftlik_mahallesinde,0.0
extra_trees,cat__site_project_id_county_scoped_golcuk::civan_park,0.0
extra_trees,cat__site_project_id_county_scoped_golcuk::cumhuriyet,0.0
extra_trees,cat__site_project_id_county_scoped_golcuk::dadaslar,0.0
extra_trees,cat__site_project_id_county_scoped_golcuk::dan,0.0
extra_trees,cat__site_project_id_county_scoped_golcuk::degirmendere_de,0.0
extra_trees,cat__site_project_id_county_scoped_golcuk::degirmendere_de_deniz_manzarali_havuzlu,0.0
extra_trees,cat__site_project_id_county_scoped_golcuk::degirmendere_ervatan,0.0
extra_trees,cat__site_project_id_county_scoped_golcuk::degirmendere_konaklari,0.0
extra_trees,cat__site_project_id_county_scoped_golcuk::degirmendere_merkezi_konum_evim_kent,0.0
extra_trees,cat__site_project_id_county_scoped_golcuk::degirmendere_yuzbasilar_da,0.0
extra_trees,cat__site_project_id_county_scoped_golcuk::demet,0.0
extra_trees,cat__site_project_id_county_scoped_golcuk::doga,0.0
extra_trees,cat__site_project_id_county_scoped_golcuk::dogakent,0.0
extra_trees,cat__site_project_id_county_scoped_golcuk::dogan,0.0
extra_trees,cat__site_project_id_county_scoped_golcuk::donanma_olkar_vadi,0.0
extra_trees,cat__site_project_id_county_scoped_golcuk::ema_emlak_karakopru_mah_vip,0.0
extra_trees,cat__site_project_id_county_scoped_golcuk::ema_emlak_karakopru_vip,0.0
extra_trees,cat__site_project_id_county_scoped_golcuk::emek,0.0
extra_trees,cat__site_project_id_county_scoped_golcuk::firtina,0.0
extra_trees,cat__site_project_id_county_scoped_golcuk::flora,0.0
extra_trees,cat__site_project_id_county_scoped_golcuk::ford,0.0
extra_trees,cat__site_project_id_county_scoped_golcuk::full_deniz_manzarali,0.0
extra_trees,cat__site_project_id_county_scoped_golcuk::full_tadilatli_17000tl_kiracili,0.0
extra_trees,cat__site_project_id_county_scoped_golcuk::golcuk_balaban_mimoza_kent,0.0
extra_trees,cat__site_project_id_county_scoped_golcuk::golcuk_degirmendere_metropolitangreyeffect,0.0
extra_trees,cat__site_project_id_county_scoped_golcuk::golcuk_degirmendere_orcun,0.0
extra_trees,cat__site_project_id_county_scoped_golcuk::golcuk_hisareyn_de,0.0
extra_trees,cat__site_project_id_county_scoped_golcuk::golcuk_ihsaniye_balaban_yasam,0.0
extra_trees,cat__site_project_id_county_scoped_golcuk::golcuk_mah_faralya,0.0
extra_trees,cat__site_project_id_county_scoped_golcuk::goztepe,0.0
extra_trees,cat__site_project_id_county_scoped_golcuk::guler_sabanci,0.0
extra_trees,cat__site_project_id_county_scoped_golcuk::hisar,0.0
extra_trees,cat__site_project_id_county_scoped_golcuk::hisareynde,0.0
extra_trees,cat__site_project_id_county_scoped_golcuk::ihsaniye_de,0.0
extra_trees,cat__site_project_id_county_scoped_golcuk::ilica_evleri_3,0.0
extra_trees,cat__site_project_id_county_scoped_golcuk::kardelen,0.0
extra_trees,cat__site_project_id_county_scoped_golcuk::kurtulus,0.0
extra_trees,cat__site_project_id_county_scoped_golcuk::kw_arven_den_hisareyn_de_havuzlu,0.0
extra_trees,cat__site_project_id_county_scoped_golcuk::luxury_sea_suit,0.0
extra_trees,cat__site_project_id_county_scoped_golcuk::mahallede,0.0
extra_trees,cat__site_project_id_county_scoped_golcuk::manzara,0.0
extra_trees,cat__site_project_id_county_scoped_golcuk::melisa,0.0
extra_trees,cat__site_project_id_county_scoped_golcuk::menekse_park,0.0
extra_trees,cat__site_project_id_county_scoped_golcuk::metropolitan_grey_effect,0.0
extra_trees,cat__site_project_id_county_scoped_golcuk::mimoza,0.0
extra_trees,cat__site_project_id_county_scoped_golcuk::muhammet_ali_torunogullari,0.0
extra_trees,cat__site_project_id_county_scoped_golcuk::nida_torunogullari,0.0
extra_trees,cat__site_project_id_county_scoped_golcuk::ocak,0.0
extra_trees,cat__site_project_id_county_scoped_golcuk::olkar_atasehir,0.0
extra_trees,cat__site_project_id_county_scoped_golcuk::olkar_safir,0.0
extra_trees,cat__site_project_id_county_scoped_golcuk::olkar_sakli_vadi_konagi,0.0
extra_trees,cat__site_project_id_county_scoped_golcuk::olkar_vadi,0.0
extra_trees,cat__site_project_id_county_scoped_golcuk::orcun_manzara,0.0
extra_trees,cat__site_project_id_county_scoped_golcuk::otoparkli,0.0
extra_trees,cat__site_project_id_county_scoped_golcuk::ovunc,0.0
extra_trees,cat__site_project_id_county_scoped_golcuk::oz_mercan,0.0
extra_trees,cat__site_project_id_county_scoped_golcuk::palmiye,0.0
extra_trees,cat__site_project_id_county_scoped_golcuk::piyalepasa_da,0.0
extra_trees,cat__site_project_id_county_scoped_golcuk::rakicioglu,0.0
extra_trees,cat__site_project_id_county_scoped_golcuk::remaxcakra_omer_onayci_dan,0.0
extra_trees,cat__site_project_id_county_scoped_golcuk::revna_life,0.0
extra_trees,cat__site_project_id_county_scoped_golcuk::sahan_torunogullari,0.0
extra_trees,cat__site_project_id_county_scoped_golcuk::sakli_vadi,0.0
extra_trees,cat__site_project_id_county_scoped_golcuk::sarayli,0.0
extra_trees,cat__site_project_id_county_scoped_golcuk::sarayli_kalici_konutlari_181_ada,0.0
extra_trees,cat__site_project_id_county_scoped_golcuk::sarayli_kalici_konutlari_182_ada,0.0
extra_trees,cat__site_project_id_county_scoped_golcuk::sehir,0.0
extra_trees,cat__site_project_id_county_scoped_golcuk::sehitler_mah_vgm,0.0
extra_trees,cat__site_project_id_county_scoped_golcuk::sehri_torunoglu,0.0
extra_trees,cat__site_project_id_county_scoped_golcuk::sengun,0.0
extra_trees,cat__site_project_id_county_scoped_golcuk::seval,0.0
extra_trees,cat__site_project_id_county_scoped_golcuk::sinirsiz_kredi_imkanli,0.0
extra_trees,cat__site_project_id_county_scoped_golcuk::sirinkent_kalici_konutlari_15_ada,0.0
extra_trees,cat__site_project_id_county_scoped_golcuk::sirinkent_kalici_konutlari_19_ada,0.0
extra_trees,cat__site_project_id_county_scoped_golcuk::sirinkoy_kalici_konutlari_4_ada,0.0
extra_trees,cat__site_project_id_county_scoped_golcuk::sirinkoy_toki,0.0
extra_trees,cat__site_project_id_county_scoped_golcuk::sivritepe_denizevler_toki,0.0
extra_trees,cat__site_project_id_county_scoped_golcuk::sokkk_fiyat_ihsaniye_merkez_de,0.0
extra_trees,cat__site_project_id_county_scoped_golcuk::subasi,0.0
extra_trees,cat__site_project_id_county_scoped_golcuk::supark_arcadia,0.0
extra_trees,cat__site_project_id_county_scoped_golcuk::supark_royal,0.0
extra_trees,cat__site_project_id_county_scoped_golcuk::tanyildizdan_golcuk_elit_park,0.0
extra_trees,cat__site_project_id_county_scoped_golcuk::tasdan_premium_city,0.0
extra_trees,cat__site_project_id_county_scoped_golcuk::toki,0.0
extra_trees,cat__site_project_id_county_scoped_golcuk::toksoylu,0.0
extra_trees,cat__site_project_id_county_scoped_golcuk::topcular_da,0.0
extra_trees,cat__site_project_id_county_scoped_golcuk::topcular_mh_ronesans,0.0
extra_trees,cat__site_project_id_county_scoped_golcuk::topcularda_havuzlu,0.0
extra_trees,cat__site_project_id_county_scoped_golcuk::torunogullari,0.0
extra_trees,cat__site_project_id_county_scoped_golcuk::torunogullari_ormania,0.0
extra_trees,cat__site_project_id_county_scoped_golcuk::true_life,0.0
extra_trees,cat__site_project_id_county_scoped_golcuk::turkuaz,0.0
extra_trees,cat__site_project_id_county_scoped_golcuk::ulasli_yesilkent,0.0
extra_trees,cat__site_project_id_county_scoped_golcuk::uplife_topcular,0.0
extra_trees,cat__site_project_id_county_scoped_golcuk::uydu_kent,0.0
extra_trees,cat__site_project_id_county_scoped_golcuk::versay_lilyum_park,0.0
extra_trees,cat__site_project_id_county_scoped_golcuk::versay_yamac_evler,0.0
extra_trees,cat__site_project_id_county_scoped_golcuk::versay_yamacevler,0.0
extra_trees,cat__site_project_id_county_scoped_golcuk::yakamos,0.0
extra_trees,cat__site_project_id_county_scoped_golcuk::yakamoz,0.0
extra_trees,cat__site_project_id_county_scoped_golcuk::yalik_mahallede,0.0
extra_trees,cat__site_project_id_county_scoped_golcuk::yasam,0.0
extra_trees,cat__site_project_id_county_scoped_golcuk::yildirim,0.0
extra_trees,cat__site_project_id_county_scoped_golcuk::yildizevler,0.0
extra_trees,cat__site_project_id_county_scoped_golcuk::zumrut_evler,0.0
extra_trees,cat__site_project_id_county_scoped_izmit::academic_life,0.0
extra_trees,cat__site_project_id_county_scoped_izmit::akar,0.0
extra_trees,cat__site_project_id_county_scoped_izmit::akarca,0.0
extra_trees,cat__site_project_id_county_scoped_izmit::akcakoca_universite,0.0
extra_trees,cat__site_project_id_county_scoped_izmit::akdora,0.0
extra_trees,cat__site_project_id_county_scoped_izmit::akkonak,0.0
extra_trees,cat__site_project_id_county_scoped_izmit::akkus,0.0
extra_trees,cat__site_project_id_county_scoped_izmit::alikahya_kavanium,0.0
extra_trees,cat__site_project_id_county_scoped_izmit::alikahya_ve_dumlupinar_sinirinda,0.0
extra_trees,cat__site_project_id_county_scoped_izmit::almira,0.0
extra_trees,cat__site_project_id_county_scoped_izmit::altinevler,0.0
extra_trees,cat__site_project_id_county_scoped_izmit::anakent,0.0
extra_trees,cat__site_project_id_county_scoped_izmit::ara,0.0
extra_trees,cat__site_project_id_county_scoped_izmit::arizli_toki,0.0
extra_trees,cat__site_project_id_county_scoped_izmit::armada_kent_5,0.0
extra_trees,cat__site_project_id_county_scoped_izmit::armadakent_1,0.0
extra_trees,cat__site_project_id_county_scoped_izmit::armadakent_4,0.0
extra_trees,cat__site_project_id_county_scoped_izmit::armakent_4,0.0
extra_trees,cat__site_project_id_county_scoped_izmit::art_yapi_elit_park,0.0
extra_trees,cat__site_project_id_county_scoped_izmit::asayra_dan_bayindirlik_kalici,0.0
extra_trees,cat__site_project_id_county_scoped_izmit::asayra_dan_yuvam_akarca,0.0
extra_trees,cat__site_project_id_county_scoped_izmit::aslantas_plus,0.0
extra_trees,cat__site_project_id_county_scoped_izmit::asrin,0.0
extra_trees,cat__site_project_id_county_scoped_izmit::ata,0.0
extra_trees,cat__site_project_id_county_scoped_izmit::ates,0.0
extra_trees,cat__site_project_id_county_scoped_izmit::avenue,0.0
extra_trees,cat__site_project_id_county_scoped_izmit::avlu,0.0
extra_trees,cat__site_project_id_county_scoped_izmit::bagcesme_kavanium,0.0
extra_trees,cat__site_project_id_county_scoped_izmit::bagcesme_konaklari,0.0
extra_trees,cat__site_project_id_county_scoped_izmit::bagkale,0.0
extra_trees,cat__site_project_id_county_scoped_izmit::bagtepe,0.0
extra_trees,cat__site_project_id_county_scoped_izmit::balabani,0.0
extra_trees,cat__site_project_id_county_scoped_izmit::baris_sitesi_2,0.0
extra_trees,cat__site_project_id_county_scoped_izmit::bayindirlik,0.0
extra_trees,cat__site_project_id_county_scoped_izmit::bayindirlik_konutlari_11_ada,0.0
extra_trees,cat__site_project_id_county_scoped_izmit::bayindirlik_konutlari_12_ada,0.0
extra_trees,cat__site_project_id_county_scoped_izmit::belediye_memurlar,0.0
extra_trees,cat__site_project_id_county_scoped_izmit::burcin,0.0
extra_trees,cat__site_project_id_county_scoped_izmit::cayirkoy_premiumda,0.0
extra_trees,cat__site_project_id_county_scoped_izmit::cef_city_golpark,0.0
extra_trees,cat__site_project_id_county_scoped_izmit::celik_ay_dan_yesilova_zumra,0.0
extra_trees,cat__site_project_id_county_scoped_izmit::cepni_corner_park,0.0
extra_trees,cat__site_project_id_county_scoped_izmit::cepni_up_town_evleri_2,0.0
extra_trees,cat__site_project_id_county_scoped_izmit::cinar_vadisi_konaklari,0.0
extra_trees,cat__site_project_id_county_scoped_izmit::concept_yahyakaptan,0.0
extra_trees,cat__site_project_id_county_scoped_izmit::cukurbag_mah_guneskent,0.0
extra_trees,cat__site_project_id_county_scoped_izmit::cumhuriyet,0.0
extra_trees,cat__site_project_id_county_scoped_izmit::dan_bayindirlik,0.0
extra_trees,cat__site_project_id_county_scoped_izmit::deniz_manzarali,0.0
extra_trees,cat__site_project_id_county_scoped_izmit::dikkat_emlak_tan_yenisehir_mh,0.0
extra_trees,cat__site_project_id_county_scoped_izmit::doga_park,0.0
extra_trees,cat__site_project_id_county_scoped_izmit::dogus,0.0
extra_trees,cat__site_project_id_county_scoped_izmit::dostluk_6,0.0
extra_trees,cat__site_project_id_county_scoped_izmit::dunya_bankasi,0.0
extra_trees,cat__site_project_id_county_scoped_izmit::dunya_bankasi_konutlari_14_ada,0.0
extra_trees,cat__site_project_id_county_scoped_izmit::dunya_bankasi_konutlari_17_ada,0.0
extra_trees,cat__site_project_id_county_scoped_izmit::dunya_bankasi_konutlari_18_ada,0.0
extra_trees,cat__site_project_id_county_scoped_izmit::dunya_bankasi_konutlari_21_ada,0.0
extra_trees,cat__site_project_id_county_scoped_izmit::dunya_bankasi_konutlari_23_ada,0.0
extra_trees,cat__site_project_id_county_scoped_izmit::dunya_bankasi_konutlari_24_ada,0.0
extra_trees,cat__site_project_id_county_scoped_izmit::dunya_bankasi_konutlari_27_ada,0.0
extra_trees,cat__site_project_id_county_scoped_izmit::dunya_bankasi_konutlari_2_ada,0.0
extra_trees,cat__site_project_id_county_scoped_izmit::dunya_bankasi_konutlari_3_ada,0.0
extra_trees,cat__site_project_id_county_scoped_izmit::dunya_bankasi_konutlari_9_ada,0.0
extra_trees,cat__site_project_id_county_scoped_izmit::dunya_bankasi_sitesi_30_ada,0.0
extra_trees,cat__site_project_id_county_scoped_izmit::ekol_den_karadenizliler_mah_hls_yapi_da,0.0
extra_trees,cat__site_project_id_county_scoped_izmit::elit_kirk_bir,0.0
extra_trees,cat__site_project_id_county_scoped_izmit::erdagi,0.0
extra_trees,cat__site_project_id_county_scoped_izmit::erim,0.0
extra_trees,cat__site_project_id_county_scoped_izmit::eskidjiden_iztop_park,0.0
extra_trees,cat__site_project_id_county_scoped_izmit::evedin_yuvam_akarca_orkide,0.0
extra_trees,cat__site_project_id_county_scoped_izmit::feza,0.0
extra_trees,cat__site_project_id_county_scoped_izmit::flora_park,0.0
extra_trees,cat__site_project_id_county_scoped_izmit::fnd_smart_side,0.0
extra_trees,cat__site_project_id_county_scoped_izmit::fnd_smart_side_2,0.0
extra_trees,cat__site_project_id_county_scoped_izmit::full,0.0
extra_trees,cat__site_project_id_county_scoped_izmit::full_hazir_kiracili_son,0.0
extra_trees,cat__site_project_id_county_scoped_izmit::golkay_star_life,0.0
extra_trees,cat__site_project_id_county_scoped_izmit::gulacti_deniz_konaklari,0.0
extra_trees,cat__site_project_id_county_scoped_izmit::gulacti_deniz_konaklari_2,0.0
extra_trees,cat__site_project_id_county_scoped_izmit::gulen,0.0
extra_trees,cat__site_project_id_county_scoped_izmit::gundogdu_bayindirlik_konutlari_6_ada_huzur,0.0
extra_trees,cat__site_project_id_county_scoped_izmit::gundogdu_dorukkent1,0.0
extra_trees,cat__site_project_id_county_scoped_izmit::gundogdu_eren_life,0.0
extra_trees,cat__site_project_id_county_scoped_izmit::gundogdu_havuzlu_asansorlu,0.0
extra_trees,cat__site_project_id_county_scoped_izmit::gundogdu_kalici,0.0
extra_trees,cat__site_project_id_county_scoped_izmit::gundogduda,0.0
extra_trees,cat__site_project_id_county_scoped_izmit::hanife_sultan,0.0
extra_trees,cat__site_project_id_county_scoped_izmit::hanzade,0.0
extra_trees,cat__site_project_id_county_scoped_izmit::hatipoglu,0.0
extra_trees,cat__site_project_id_county_scoped_izmit::huzur,0.0
extra_trees,cat__site_project_id_county_scoped_izmit::inci,0.0
extra_trees,cat__site_project_id_county_scoped_izmit::invest_global_den_yesilova_alfa,0.0
extra_trees,cat__site_project_id_county_scoped_izmit::iz_tepe,0.0
extra_trees,cat__site_project_id_county_scoped_izmit::izmit_te_akcakent,0.0
extra_trees,cat__site_project_id_county_scoped_izmit::iztop_park_evleri_831_ada,0.0
extra_trees,cat__site_project_id_county_scoped_izmit::jasmin_country,0.0
extra_trees,cat__site_project_id_county_scoped_izmit::kabaoglu,0.0
extra_trees,cat__site_project_id_county_scoped_izmit::kabaoglu_havuzlu,0.0
extra_trees,cat__site_project_id_county_scoped_izmit::kabaoglunda,0.0
extra_trees,cat__site_project_id_county_scoped_izmit::karabas_mah_kent,0.0
extra_trees,cat__site_project_id_county_scoped_izmit::kardelen,0.0
extra_trees,cat__site_project_id_county_scoped_izmit::karpay,0.0
extra_trees,cat__site_project_id_county_scoped_izmit::kartanesi,0.0
extra_trees,cat__site_project_id_county_scoped_izmit::kavan_life,0.0
extra_trees,cat__site_project_id_county_scoped_izmit::kavan_try,0.0
extra_trees,cat__site_project_id_county_scoped_izmit::kavanium_bagcesme,0.0
extra_trees,cat__site_project_id_county_scoped_izmit::kavanium_evleri_815_ada,0.0
extra_trees,cat__site_project_id_county_scoped_izmit::kavanium_evleri_819_ada,0.0
extra_trees,cat__site_project_id_county_scoped_izmit::kavanya_gol,0.0
extra_trees,cat__site_project_id_county_scoped_izmit::kavanyum_bagcesme,0.0
extra_trees,cat__site_project_id_county_scoped_izmit::kore,0.0
extra_trees,cat__site_project_id_county_scoped_izmit::kucukyali,0.0
extra_trees,cat__site_project_id_county_scoped_izmit::kurucesme,0.0
extra_trees,cat__site_project_id_county_scoped_izmit::kurucesme_deniz_manzarali,0.0
extra_trees,cat__site_project_id_county_scoped_izmit::kurucesme_doktorlar,0.0
extra_trees,cat__site_project_id_county_scoped_izmit::kurucesme_fatih_mahallesi,0.0
extra_trees,cat__site_project_id_county_scoped_izmit::kurucesme_oluklu,0.0
extra_trees,cat__site_project_id_county_scoped_izmit::kurucesmede,0.0
extra_trees,cat__site_project_id_county_scoped_izmit::kurucesmenin_ustu,0.0
extra_trees,cat__site_project_id_county_scoped_izmit::kvs_royal,0.0
extra_trees,cat__site_project_id_county_scoped_izmit::la_vida_park,0.0
extra_trees,cat__site_project_id_county_scoped_izmit::lavinya_park,0.0
extra_trees,cat__site_project_id_county_scoped_izmit::lilyum_park_2,0.0
extra_trees,cat__site_project_id_county_scoped_izmit::lilyum_park_3,0.0
extra_trees,cat__site_project_id_county_scoped_izmit::lilyum_park_4,0.0
extra_trees,cat__site_project_id_county_scoped_izmit::liya,0.0
extra_trees,cat__site_project_id_county_scoped_izmit::loca_bagcesme,0.0
extra_trees,cat__site_project_id_county_scoped_izmit::maide,0.0
extra_trees,cat__site_project_id_county_scoped_izmit::mamikler,0.0
extra_trees,cat__site_project_id_county_scoped_izmit::manzara,0.0
extra_trees,cat__site_project_id_county_scoped_izmit::masiva_kozluk,0.0
extra_trees,cat__site_project_id_county_scoped_izmit::menekse_yasamkent,0.0
extra_trees,cat__site_project_id_county_scoped_izmit::merdoglu,0.0
extra_trees,cat__site_project_id_county_scoped_izmit::mihrimah,0.0
extra_trees,cat__site_project_id_county_scoped_izmit::mimkon_yasam,0.0
extra_trees,cat__site_project_id_county_scoped_izmit::mk_teras,0.0
extra_trees,cat__site_project_id_county_scoped_izmit::muasir_kent,0.0
extra_trees,cat__site_project_id_county_scoped_izmit::myra_2,0.0
extra_trees,cat__site_project_id_county_scoped_izmit::myra_3,0.0
extra_trees,cat__site_project_id_county_scoped_izmit::natural,0.0
extra_trees,cat__site_project_id_county_scoped_izmit::nikomedya_can,0.0
extra_trees,cat__site_project_id_county_scoped_izmit::nikomedya_deniz,0.0
extra_trees,cat__site_project_id_county_scoped_izmit::normcity,0.0
extra_trees,cat__site_project_id_county_scoped_izmit::oluklu_ozon,0.0
extra_trees,cat__site_project_id_county_scoped_izmit::onur,0.0
extra_trees,cat__site_project_id_county_scoped_izmit::onur_siteleri,0.0
extra_trees,cat__site_project_id_county_scoped_izmit::osmanli_konaklari,0.0
extra_trees,cat__site_project_id_county_scoped_izmit::ozyapi,0.0
extra_trees,cat__site_project_id_county_scoped_izmit::pinar,0.0
extra_trees,cat__site_project_id_county_scoped_izmit::pirelli,0.0
extra_trees,cat__site_project_id_county_scoped_izmit::plaj_yolu_sea_life,0.0
extra_trees,cat__site_project_id_county_scoped_izmit::plaj_yolunda_sea_life,0.0
extra_trees,cat__site_project_id_county_scoped_izmit::plajyolu,0.0
extra_trees,cat__site_project_id_county_scoped_izmit::plajyolu_avangard,0.0
extra_trees,cat__site_project_id_county_scoped_izmit::plajyolu_bozdag,0.0
extra_trees,cat__site_project_id_county_scoped_izmit::plajyolu_harika_konum_da,0.0
extra_trees,cat__site_project_id_county_scoped_izmit::plajyolu_sea_life,0.0
extra_trees,cat__site_project_id_county_scoped_izmit::plajyolunun_en_prestijli,0.0
extra_trees,cat__site_project_id_county_scoped_izmit::rbs_yasam,0.0
extra_trees,cat__site_project_id_county_scoped_izmit::remax_bagcesme_orhan_mh,0.0
extra_trees,cat__site_project_id_county_scoped_izmit::remax_dream_avenue,0.0
extra_trees,cat__site_project_id_county_scoped_izmit::remax_dream_den_80_kredi_eminevime_uygun,0.0
extra_trees,cat__site_project_id_county_scoped_izmit::remax_dream_den_plaj_yolunda,0.0
extra_trees,cat__site_project_id_county_scoped_izmit::remax_dream_dunya_bankasi,0.0
extra_trees,cat__site_project_id_county_scoped_izmit::remax_exclusiveden_avenue,0.0
extra_trees,cat__site_project_id_county_scoped_izmit::remax_plaj_yolu_deniz_manzarali,0.0
extra_trees,cat__site_project_id_county_scoped_izmit::respark_3,0.0
extra_trees,cat__site_project_id_county_scoped_izmit::listing_portal_havuz_ve_vadi,0.0
extra_trees,cat__site_project_id_county_scoped_izmit::listing_portal_temiz_kullanisli,0.0
extra_trees,cat__site_project_id_county_scoped_izmit::listing_portal_yelkent_tetra,0.0
extra_trees,cat__site_project_id_county_scoped_izmit::sahilkent,0.0
extra_trees,cat__site_project_id_county_scoped_izmit::saray,0.0
extra_trees,cat__site_project_id_county_scoped_izmit::sehir_h_karsisi,0.0
extra_trees,cat__site_project_id_county_scoped_izmit::sehir_hastanesi_karsisi_sarkent,0.0
extra_trees,cat__site_project_id_county_scoped_izmit::sehir_hastanesine_yakin,0.0
extra_trees,cat__site_project_id_county_scoped_izmit::sehr_i_bahce_sitesi_3,0.0
extra_trees,cat__site_project_id_county_scoped_izmit::sehr_i_naz,0.0
extra_trees,cat__site_project_id_county_scoped_izmit::sehri_bahce_3,0.0
extra_trees,cat__site_project_id_county_scoped_izmit::sehrin_yildizi,0.0
extra_trees,cat__site_project_id_county_scoped_izmit::seka,0.0
extra_trees,cat__site_project_id_county_scoped_izmit::seka_akgun,0.0
extra_trees,cat__site_project_id_county_scoped_izmit::seka_memur,0.0
extra_trees,cat__site_project_id_county_scoped_izmit::selale,0.0
extra_trees,cat__site_project_id_county_scoped_izmit::seymen,0.0
extra_trees,cat__site_project_id_county_scoped_izmit::sifir_sirintepe_sea_life,0.0
extra_trees,cat__site_project_id_county_scoped_izmit::sogucak,0.0
extra_trees,cat__site_project_id_county_scoped_izmit::solin,0.0
extra_trees,cat__site_project_id_county_scoped_izmit::solin_konutlari_1,0.0
extra_trees,cat__site_project_id_county_scoped_izmit::sudeks_bagcesme,0.0
extra_trees,cat__site_project_id_county_scoped_izmit::sunrise_yesilova,0.0
extra_trees,cat__site_project_id_county_scoped_izmit::tanyildiz_izmit_kurucesme_butik,0.0
extra_trees,cat__site_project_id_county_scoped_izmit::tarcanlar_dan_gundogdu_eren_life,0.0
extra_trees,cat__site_project_id_county_scoped_izmit::tarcanlardan_kurucesmede,0.0
extra_trees,cat__site_project_id_county_scoped_izmit::tavsantepe_toki,0.0
extra_trees,cat__site_project_id_county_scoped_izmit::ten_yuvam_akarca,0.0
extra_trees,cat__site_project_id_county_scoped_izmit::tepe,0.0
extra_trees,cat__site_project_id_county_scoped_izmit::tepekoy_de_butik,0.0
extra_trees,cat__site_project_id_county_scoped_izmit::tepekoy_toki_konutlari_191_ada,0.0
extra_trees,cat__site_project_id_county_scoped_izmit::terrace,0.0
extra_trees,cat__site_project_id_county_scoped_izmit::terrace_yahyakaptan_2,0.0
extra_trees,cat__site_project_id_county_scoped_izmit::toki_cedit_mahallesi,0.0
extra_trees,cat__site_project_id_county_scoped_izmit::toki_konutlari_185_ada,0.0
extra_trees,cat__site_project_id_county_scoped_izmit::turkoz,0.0
extra_trees,cat__site_project_id_county_scoped_izmit::turkuaz_park,0.0
extra_trees,cat__site_project_id_county_scoped_izmit::ugur,0.0
extra_trees,cat__site_project_id_county_scoped_izmit::umuttepe_yolu_uzeri,0.0
extra_trees,cat__site_project_id_county_scoped_izmit::umuttepe_yolu_uzeri_kaboglu_mevki,0.0
extra_trees,cat__site_project_id_county_scoped_izmit::up_town_evleri_2,0.0
extra_trees,cat__site_project_id_county_scoped_izmit::uygun,0.0
extra_trees,cat__site_project_id_county_scoped_izmit::vadikent,0.0
extra_trees,cat__site_project_id_county_scoped_izmit::vadikent_4,0.0
extra_trees,cat__site_project_id_county_scoped_izmit::vega,0.0
extra_trees,cat__site_project_id_county_scoped_izmit::venedik,0.0
extra_trees,cat__site_project_id_county_scoped_izmit::vista_evleri_1,0.0
extra_trees,cat__site_project_id_county_scoped_izmit::yahyakaptan_armada_kent,0.0
extra_trees,cat__site_project_id_county_scoped_izmit::yasam,0.0
extra_trees,cat__site_project_id_county_scoped_izmit::yelken_park,0.0
extra_trees,cat__site_project_id_county_scoped_izmit::yelkent,0.0
extra_trees,cat__site_project_id_county_scoped_izmit::yeseren,0.0
extra_trees,cat__site_project_id_county_scoped_izmit::yesilova_anaket,0.0
extra_trees,cat__site_project_id_county_scoped_izmit::yesilova_konaklari,0.0
extra_trees,cat__site_project_id_county_scoped_izmit::yesilova_liva_park,0.0
extra_trees,cat__site_project_id_county_scoped_izmit::yesilova_mah,0.0
extra_trees,cat__site_project_id_county_scoped_izmit::yesilova_merkezi_yerde_karpay,0.0
extra_trees,cat__site_project_id_county_scoped_izmit::yesilova_park,0.0
extra_trees,cat__site_project_id_county_scoped_izmit::yuvam_akarca_evleri_1_ada,0.0
extra_trees,cat__site_project_id_county_scoped_izmit::yuvam_akarca_evleri_3_ada,0.0
extra_trees,cat__site_project_id_county_scoped_izmit::yuvam_akarca_evleri_6_ada,0.0
extra_trees,cat__site_project_id_county_scoped_izmit::yuvam_akarca_evleri_7_ada,0.0
extra_trees,cat__site_project_id_county_scoped_izmit::zafira,0.0
extra_trees,cat__site_project_id_county_scoped_izmit::zenan,0.0
extra_trees,cat__site_project_id_county_scoped_izmit::zorlife,0.0
extra_trees,cat__site_project_id_county_scoped_izmit::zorlu,0.0
extra_trees,cat__site_project_id_county_scoped_karamursel::adres_emlaktan_kent,0.0
extra_trees,cat__site_project_id_county_scoped_karamursel::altinkent,0.0
extra_trees,cat__site_project_id_county_scoped_karamursel::asansorlu,0.0
extra_trees,cat__site_project_id_county_scoped_karamursel::bagdat,0.0
extra_trees,cat__site_project_id_county_scoped_karamursel::bahcelievler,0.0
extra_trees,cat__site_project_id_county_scoped_karamursel::baydar,0.0
extra_trees,cat__site_project_id_county_scoped_karamursel::cam,0.0
extra_trees,cat__site_project_id_county_scoped_karamursel::d_kent,0.0
extra_trees,cat__site_project_id_county_scoped_karamursel::demircan,0.0
extra_trees,cat__site_project_id_county_scoped_karamursel::demtas_koygun_sahil,0.0
extra_trees,cat__site_project_id_county_scoped_karamursel::genc_alp,0.0
extra_trees,cat__site_project_id_county_scoped_karamursel::gizli_bahce,0.0
extra_trees,cat__site_project_id_county_scoped_karamursel::inci,0.0
extra_trees,cat__site_project_id_county_scoped_karamursel::karamursel,0.0
extra_trees,cat__site_project_id_county_scoped_karamursel::karamursel_aydin,0.0
extra_trees,cat__site_project_id_county_scoped_karamursel::karamursel_park,0.0
extra_trees,cat__site_project_id_county_scoped_karamursel::karamursel_pinarbasi,0.0
extra_trees,cat__site_project_id_county_scoped_karamursel::kardelen,0.0
extra_trees,cat__site_project_id_county_scoped_karamursel::kardesten_kayacik_ta,0.0
extra_trees,cat__site_project_id_county_scoped_karamursel::kolayli_1,0.0
extra_trees,cat__site_project_id_county_scoped_karamursel::kolayli_2,0.0
extra_trees,cat__site_project_id_county_scoped_karamursel::kolayli_4,0.0
extra_trees,cat__site_project_id_county_scoped_karamursel::kovuk_cinar,0.0
extra_trees,cat__site_project_id_county_scoped_karamursel::meric,0.0
extra_trees,cat__site_project_id_county_scoped_karamursel::onurkent,0.0
extra_trees,cat__site_project_id_county_scoped_karamursel::ozgul_evler,0.0
extra_trees,cat__site_project_id_county_scoped_karamursel::remax_kanyon_dan,0.0
extra_trees,cat__site_project_id_county_scoped_karamursel::remax_kanyon_dan_vadi,0.0
extra_trees,cat__site_project_id_county_scoped_karamursel::saka,0.0
extra_trees,cat__site_project_id_county_scoped_karamursel::temmuz_da,0.0
extra_trees,cat__site_project_id_county_scoped_karamursel::ulu_cami_yakininda,0.0
extra_trees,cat__site_project_id_county_scoped_karamursel::yamac,0.0
extra_trees,cat__site_project_id_county_scoped_karamursel::zumrut_2,0.0
extra_trees,cat__site_project_id_county_scoped_kartepe::151_ada,0.0
extra_trees,cat__site_project_id_county_scoped_kartepe::1_69_kredi_icon,0.0
extra_trees,cat__site_project_id_county_scoped_kartepe::1_99_kredi_fsm_de_butik,0.0
extra_trees,cat__site_project_id_county_scoped_kartepe::a_plus,0.0
extra_trees,cat__site_project_id_county_scoped_kartepe::acill_deallife_dan_ataevlerde,0.0
extra_trees,cat__site_project_id_county_scoped_kartepe::adesa,0.0
extra_trees,cat__site_project_id_county_scoped_kartepe::agkoc_evleri_2,0.0
extra_trees,cat__site_project_id_county_scoped_kartepe::anadolu,0.0
extra_trees,cat__site_project_id_county_scoped_kartepe::aras_gayrimenkulden_fsm_de,0.0
extra_trees,cat__site_project_id_county_scoped_kartepe::ars_den_kent_meydaninda,0.0
extra_trees,cat__site_project_id_county_scoped_kartepe::arslanbey_atakent,0.0
extra_trees,cat__site_project_id_county_scoped_kartepe::ataevlerde,0.0
extra_trees,cat__site_project_id_county_scoped_kartepe::atakent_evleri_131_ada,0.0
extra_trees,cat__site_project_id_county_scoped_kartepe::atakent_evleri_132_ada,0.0
extra_trees,cat__site_project_id_county_scoped_kartepe::atakent_evleri_136_ada,0.0
extra_trees,cat__site_project_id_county_scoped_kartepe::atakent_evleri_142_ada,0.0
extra_trees,cat__site_project_id_county_scoped_kartepe::atakoy,0.0
extra_trees,cat__site_project_id_county_scoped_kartepe::aykent,0.0
extra_trees,cat__site_project_id_county_scoped_kartepe::bahcekent_konutlari,0.0
extra_trees,cat__site_project_id_county_scoped_kartepe::bariskent,0.0
extra_trees,cat__site_project_id_county_scoped_kartepe::beykent_konaklari,0.0
extra_trees,cat__site_project_id_county_scoped_kartepe::beykent_konaklari_611,0.0
extra_trees,cat__site_project_id_county_scoped_kartepe::bizim_konaklar,0.0
extra_trees,cat__site_project_id_county_scoped_kartepe::boutique_kartepe,0.0
extra_trees,cat__site_project_id_county_scoped_kartepe::butik,0.0
extra_trees,cat__site_project_id_county_scoped_kartepe::cadde_i_kubra,0.0
extra_trees,cat__site_project_id_county_scoped_kartepe::capediem_kartepe,0.0
extra_trees,cat__site_project_id_county_scoped_kartepe::deallife_dan_hasanpasada_butik,0.0
extra_trees,cat__site_project_id_county_scoped_kartepe::derbent_mh,0.0
extra_trees,cat__site_project_id_county_scoped_kartepe::derin_den_ert_gazi_mah,0.0
extra_trees,cat__site_project_id_county_scoped_kartepe::doga_kent,0.0
extra_trees,cat__site_project_id_county_scoped_kartepe::dosteller,0.0
extra_trees,cat__site_project_id_county_scoped_kartepe::dubleks,0.0
extra_trees,cat__site_project_id_county_scoped_kartepe::dubleks_kent,0.0
extra_trees,cat__site_project_id_county_scoped_kartepe::ekomax_dan_e_gazi_asansrlu_havzlu,0.0
extra_trees,cat__site_project_id_county_scoped_kartepe::ekomax_dan_kartepe,0.0
extra_trees,cat__site_project_id_county_scoped_kartepe::ekomax_dan_kartpe_fsm_mah_havzlu_asanslu,0.0
extra_trees,cat__site_project_id_county_scoped_kartepe::ekomaxdan_sinirsiz_kredi_asansoru,0.0
extra_trees,cat__site_project_id_county_scoped_kartepe::emlakcim41_kent,0.0
extra_trees,cat__site_project_id_county_scoped_kartepe::empire_house,0.0
extra_trees,cat__site_project_id_county_scoped_kartepe::ena_gayrimenkulden_kartepe_s_royal2,0.0
extra_trees,cat__site_project_id_county_scoped_kartepe::ertugrul_gazi_mh,0.0
extra_trees,cat__site_project_id_county_scoped_kartepe::ertugrulgazi_bluepark,0.0
extra_trees,cat__site_project_id_county_scoped_kartepe::ertugrulgazi_de,0.0
extra_trees,cat__site_project_id_county_scoped_kartepe::finans_kuruluslarina_uygun_1_99_kredi_butik,0.0
extra_trees,cat__site_project_id_county_scoped_kartepe::fsm_mahallesi_nde,0.0
extra_trees,cat__site_project_id_county_scoped_kartepe::garden_kartepe_2,0.0
extra_trees,cat__site_project_id_county_scoped_kartepe::gate41_masukiye,0.0
extra_trees,cat__site_project_id_county_scoped_kartepe::gate_41,0.0
extra_trees,cat__site_project_id_county_scoped_kartepe::genis_kulanisli,0.0
extra_trees,cat__site_project_id_county_scoped_kartepe::gokbal_sirius,0.0
extra_trees,cat__site_project_id_county_scoped_kartepe::green_life_1,0.0
extra_trees,cat__site_project_id_county_scoped_kartepe::guckat_life,0.0
extra_trees,cat__site_project_id_county_scoped_kartepe::gulas,0.0
extra_trees,cat__site_project_id_county_scoped_kartepe::guldeste_sitesi_2,0.0
extra_trees,cat__site_project_id_county_scoped_kartepe::guldeste_sitesi_5,0.0
extra_trees,cat__site_project_id_county_scoped_kartepe::guldeste_sitesi_7,0.0
extra_trees,cat__site_project_id_county_scoped_kartepe::hasanpasa_butik,0.0
extra_trees,cat__site_project_id_county_scoped_kartepe::hasanpasa_mahallesinde_butik,0.0
extra_trees,cat__site_project_id_county_scoped_kartepe::hursoy_behcelievler,0.0
extra_trees,cat__site_project_id_county_scoped_kartepe::hursoy_sapphire,0.0
extra_trees,cat__site_project_id_county_scoped_kartepe::hursoy_sitesi_atakent_1,0.0
extra_trees,cat__site_project_id_county_scoped_kartepe::k_h_eksioglu_insaat_limited_sirketi,0.0
extra_trees,cat__site_project_id_county_scoped_kartepe::kafkas_dostluk,0.0
extra_trees,cat__site_project_id_county_scoped_kartepe::kartele,0.0
extra_trees,cat__site_project_id_county_scoped_kartepe::kartepe,0.0
extra_trees,cat__site_project_id_county_scoped_kartepe::kartepe_aslanbey_vera_life,0.0
extra_trees,cat__site_project_id_county_scoped_kartepe::kartepe_aslanbey_veralife,0.0
extra_trees,cat__site_project_id_county_scoped_kartepe::kartepe_ataevler,0.0
extra_trees,cat__site_project_id_county_scoped_kartepe::kartepe_ataevler_hursoy_city,0.0
extra_trees,cat__site_project_id_county_scoped_kartepe::kartepe_ataevler_mahallesinde,0.0
extra_trees,cat__site_project_id_county_scoped_kartepe::kartepe_atakent,0.0
extra_trees,cat__site_project_id_county_scoped_kartepe::kartepe_cadde_life,0.0
extra_trees,cat__site_project_id_county_scoped_kartepe::kartepe_de,0.0
extra_trees,cat__site_project_id_county_scoped_kartepe::kartepe_de_havuzlu,0.0
extra_trees,cat__site_project_id_county_scoped_kartepe::kartepe_de_manzarali,0.0
extra_trees,cat__site_project_id_county_scoped_kartepe::kartepe_dumlupinar_ritim_naz,0.0
extra_trees,cat__site_project_id_county_scoped_kartepe::kartepe_elizan,0.0
extra_trees,cat__site_project_id_county_scoped_kartepe::kartepe_ertugrulgazi_havz_hmm_saunli,0.0
extra_trees,cat__site_project_id_county_scoped_kartepe::kartepe_fatih_sultan_mehmet_mh_havuzlu,0.0
extra_trees,cat__site_project_id_county_scoped_kartepe::kartepe_fsm_bahcesehir_koleji_yakini_gulas,0.0
extra_trees,cat__site_project_id_county_scoped_kartepe::kartepe_fsm_de_havuzlu_guvenlikli,0.0
extra_trees,cat__site_project_id_county_scoped_kartepe::kartepe_fsm_kent,0.0
extra_trees,cat__site_project_id_county_scoped_kartepe::kartepe_fsm_mah,0.0
extra_trees,cat__site_project_id_county_scoped_kartepe::kartepe_ibrikdere_butik,0.0
extra_trees,cat__site_project_id_county_scoped_kartepe::kartepe_kent,0.0
extra_trees,cat__site_project_id_county_scoped_kartepe::kartepe_kent_merkezinde,0.0
extra_trees,cat__site_project_id_county_scoped_kartepe::kartepe_kent_meydaninda,0.0
extra_trees,cat__site_project_id_county_scoped_kartepe::kartepe_kosekoy,0.0
extra_trees,cat__site_project_id_county_scoped_kartepe::kartepe_meridyen,0.0
extra_trees,cat__site_project_id_county_scoped_kartepe::kartepe_premium,0.0
extra_trees,cat__site_project_id_county_scoped_kartepe::kartepe_serender_park,0.0
extra_trees,cat__site_project_id_county_scoped_kartepe::kartepe_stone_suite,0.0
extra_trees,cat__site_project_id_county_scoped_kartepe::kaymakamlik_belediye_yani_tower,0.0
extra_trees,cat__site_project_id_county_scoped_kartepe::kent_meydaninda_1_99_krediyle,0.0
extra_trees,cat__site_project_id_county_scoped_kartepe::korhandan_kent,0.0
extra_trees,cat__site_project_id_county_scoped_kartepe::krediye_eminevime_uygun_butik,0.0
extra_trees,cat__site_project_id_county_scoped_kartepe::masal,0.0
extra_trees,cat__site_project_id_county_scoped_kartepe::meltem,0.0
extra_trees,cat__site_project_id_county_scoped_kartepe::mercan,0.0
extra_trees,cat__site_project_id_county_scoped_kartepe::meridyen_elite,0.0
extra_trees,cat__site_project_id_county_scoped_kartepe::merkezi_konum_havuzlu_ve_asansorlu,0.0
extra_trees,cat__site_project_id_county_scoped_kartepe::mk_elegance,0.0
extra_trees,cat__site_project_id_county_scoped_kartepe::mk_konsept_1,0.0
extra_trees,cat__site_project_id_county_scoped_kartepe::mrs_konaklari,0.0
extra_trees,cat__site_project_id_county_scoped_kartepe::my_world_kartepe,0.0
extra_trees,cat__site_project_id_county_scoped_kartepe::neff_vizyon,0.0
extra_trees,cat__site_project_id_county_scoped_kartepe::new_life_kartepe,0.0
extra_trees,cat__site_project_id_county_scoped_kartepe::on_cephe,0.0
extra_trees,cat__site_project_id_county_scoped_kartepe::onur,0.0
extra_trees,cat__site_project_id_county_scoped_kartepe::ozdilek_atakent,0.0
extra_trees,cat__site_project_id_county_scoped_kartepe::pakmaya_deprem,0.0
extra_trees,cat__site_project_id_county_scoped_kartepe::pasa_park_evleri_13,0.0
extra_trees,cat__site_project_id_county_scoped_kartepe::pasapark_evleri_12,0.0
extra_trees,cat__site_project_id_county_scoped_kartepe::remax_myra_dan_kartepe_fsm_de,0.0
extra_trees,cat__site_project_id_county_scoped_kartepe::ritim_kartepe,0.0
extra_trees,cat__site_project_id_county_scoped_kartepe::rose_garden,0.0
extra_trees,cat__site_project_id_county_scoped_kartepe::sehri_elizan_evleri_2,0.0
extra_trees,cat__site_project_id_county_scoped_kartepe::sifir,0.0
extra_trees,cat__site_project_id_county_scoped_kartepe::son_kartepe_fsm,0.0
extra_trees,cat__site_project_id_county_scoped_kartepe::sudeks_buse_kent,0.0
extra_trees,cat__site_project_id_county_scoped_kartepe::sudeks_busekent,0.0
extra_trees,cat__site_project_id_county_scoped_kartepe::sultan_mehmet,0.0
extra_trees,cat__site_project_id_county_scoped_kartepe::tac_yaprak,0.0
extra_trees,cat__site_project_id_county_scoped_kartepe::tuana,0.0
extra_trees,cat__site_project_id_county_scoped_kartepe::vefakent_gulbahce,0.0
extra_trees,cat__site_project_id_county_scoped_kartepe::yagmur_dan,0.0
extra_trees,cat__site_project_id_county_scoped_kartepe::yatirimlik_kiracili,0.0
extra_trees,cat__site_project_id_county_scoped_kartepe::yonca,0.0
extra_trees,cat__site_project_id_county_scoped_kartepe::yuksek_kredili_butik,0.0
extra_trees,cat__site_project_id_county_scoped_kartepe::zeray_esil_kartepe,0.0
extra_trees,cat__site_project_id_county_scoped_kartepe::zeray_forum_anatolia,0.0
extra_trees,cat__site_project_x_county_basiskele::akademik_elit_park__basiskele,0.0
extra_trees,cat__site_project_x_county_basiskele::akven_armoni_teras__basiskele,0.0
extra_trees,cat__site_project_x_county_basiskele::alacati_dan_yaylacik_mh_de_havuzlu__basiskele,0.0
extra_trees,cat__site_project_x_county_basiskele::altinkent__basiskele,0.0
extra_trees,cat__site_project_x_county_basiskele::altinkent_kalici_konutlari_3_ada__basiskele,0.0
extra_trees,cat__site_project_x_county_basiskele::altinkent_kalici_konutlari_5_ada__basiskele,0.0
extra_trees,cat__site_project_x_county_basiskele::altinkent_kalici_konutlari_6_ada__basiskele,0.0
extra_trees,cat__site_project_x_county_basiskele::altinkent_kalici_konutlari_7_ada__basiskele,0.0
extra_trees,cat__site_project_x_county_basiskele::anatolia__basiskele,0.0
extra_trees,cat__site_project_x_county_basiskele::ara__basiskele,0.0
extra_trees,cat__site_project_x_county_basiskele::armoni_2__basiskele,0.0
extra_trees,cat__site_project_x_county_basiskele::asansorlu_butik__basiskele,0.0
extra_trees,cat__site_project_x_county_basiskele::asrin__basiskele,0.0
extra_trees,cat__site_project_x_county_basiskele::atakent_ustpark__basiskele,0.0
extra_trees,cat__site_project_x_county_basiskele::aydinkent__basiskele,0.0
extra_trees,cat__site_project_x_county_basiskele::aydinkent_kalici__basiskele,0.0
extra_trees,cat__site_project_x_county_basiskele::aydinkent_kalici_konutlari_19_ada__basiskele,0.0
extra_trees,cat__site_project_x_county_basiskele::aydinkent_kalici_konutlari_20_ada__basiskele,0.0
extra_trees,cat__site_project_x_county_basiskele::bahama_insaat__basiskele,0.0
extra_trees,cat__site_project_x_county_basiskele::bahcecik_kalici_konutlar__basiskele,0.0
extra_trees,cat__site_project_x_county_basiskele::barbaros__basiskele,0.0
extra_trees,cat__site_project_x_county_basiskele::barbaros_mah__basiskele,0.0
extra_trees,cat__site_project_x_county_basiskele::barbaros_mahallesinde__basiskele,0.0
extra_trees,cat__site_project_x_county_basiskele::barbaros_mh__basiskele,0.0
extra_trees,cat__site_project_x_county_basiskele::basiskele_de_asev_muhit__basiskele,0.0
extra_trees,cat__site_project_x_county_basiskele::basiskele_de_butik__basiskele,0.0
extra_trees,cat__site_project_x_county_basiskele::basiskele_fatih__basiskele,0.0
extra_trees,cat__site_project_x_county_basiskele::basiskelede_prejtijli__basiskele,0.0
extra_trees,cat__site_project_x_county_basiskele::birikim_gayrimenkulden__basiskele,0.0
extra_trees,cat__site_project_x_county_basiskele::bizim_evler__basiskele,0.0
extra_trees,cat__site_project_x_county_basiskele::bloklu_butik__basiskele,0.0
extra_trees,cat__site_project_x_county_basiskele::boyunegmez_yasam__basiskele,0.0
extra_trees,cat__site_project_x_county_basiskele::cadde_53__basiskele,0.0
extra_trees,cat__site_project_x_county_basiskele::caglayan_modern_yuvacik__basiskele,0.0
extra_trees,cat__site_project_x_county_basiskele::casaba_suite__basiskele,0.0
extra_trees,cat__site_project_x_county_basiskele::cati_dubleks_havuzlu__basiskele,0.0
extra_trees,cat__site_project_x_county_basiskele::cb_envoy_dan_yesilyurt_mah__basiskele,0.0
extra_trees,cat__site_project_x_county_basiskele::cb_mahall_den_pasadag_da__basiskele,0.0
extra_trees,cat__site_project_x_county_basiskele::cb_mahall_den_tinaztepede__basiskele,0.0
extra_trees,cat__site_project_x_county_basiskele::cb_mark_tan_vadi__basiskele,0.0
extra_trees,cat__site_project_x_county_basiskele::cevizli_vadi__basiskele,0.0
extra_trees,cat__site_project_x_county_basiskele::clover_premium__basiskele,0.0
extra_trees,cat__site_project_x_county_basiskele::derin_den_yatirim_firsati__basiskele,0.0
extra_trees,cat__site_project_x_county_basiskele::dlux__basiskele,0.0
extra_trees,cat__site_project_x_county_basiskele::dongel_de__basiskele,0.0
extra_trees,cat__site_project_x_county_basiskele::dongelde__basiskele,0.0
extra_trees,cat__site_project_x_county_basiskele::dream_gardens__basiskele,0.0
extra_trees,cat__site_project_x_county_basiskele::duru_park__basiskele,0.0
extra_trees,cat__site_project_x_county_basiskele::durupark__basiskele,0.0
extra_trees,cat__site_project_x_county_basiskele::erenoglu_gm_den__basiskele,0.0
extra_trees,cat__site_project_x_county_basiskele::erguvan_konaklari__basiskele,0.0
extra_trees,cat__site_project_x_county_basiskele::erturk__basiskele,0.0
extra_trees,cat__site_project_x_county_basiskele::esila_park__basiskele,0.0
extra_trees,cat__site_project_x_county_basiskele::fatih_mah__basiskele,0.0
extra_trees,cat__site_project_x_county_basiskele::fatih_mahallesinde__basiskele,0.0
extra_trees,cat__site_project_x_county_basiskele::garden__basiskele,0.0
extra_trees,cat__site_project_x_county_basiskele::gokce__basiskele,0.0
extra_trees,cat__site_project_x_county_basiskele::gun_isigi__basiskele,0.0
extra_trees,cat__site_project_x_county_basiskele::hanzade_palace__basiskele,0.0
extra_trees,cat__site_project_x_county_basiskele::havuzlu__basiskele,0.0
extra_trees,cat__site_project_x_county_basiskele::inci__basiskele,0.0
extra_trees,cat__site_project_x_county_basiskele::invest_globalden_zeray_kent__basiskele,0.0
extra_trees,cat__site_project_x_county_basiskele::isil__basiskele,0.0
extra_trees,cat__site_project_x_county_basiskele::iskar_elit_kent__basiskele,0.0
extra_trees,cat__site_project_x_county_basiskele::kardelen__basiskele,0.0
extra_trees,cat__site_project_x_county_basiskele::kolayli__basiskele,0.0
extra_trees,cat__site_project_x_county_basiskele::kolayli_karsiyaka__basiskele,0.0
extra_trees,cat__site_project_x_county_basiskele::kolayli_kullar__basiskele,0.0
extra_trees,cat__site_project_x_county_basiskele::kredili_dusuk_faiz_yuksek_konforlu__basiskele,0.0
extra_trees,cat__site_project_x_county_basiskele::kuba__basiskele,0.0
extra_trees,cat__site_project_x_county_basiskele::kucuk_yali__basiskele,0.0
extra_trees,cat__site_project_x_county_basiskele::kullar__basiskele,0.0
extra_trees,cat__site_project_x_county_basiskele::kullar_da_prestijli_yasam__basiskele,0.0
extra_trees,cat__site_project_x_county_basiskele::kullar_da_ultra_ebeveyn_banyolu__basiskele,0.0
extra_trees,cat__site_project_x_county_basiskele::kullar_tepecik_de__basiskele,0.0
extra_trees,cat__site_project_x_county_basiskele::kullar_yakacik_ta_kacirilmayacak_butik__basiskele,0.0
extra_trees,cat__site_project_x_county_basiskele::kullar_yaylacik_mahallesi__basiskele,0.0
extra_trees,cat__site_project_x_county_basiskele::kw_arven_den_ted_kolejine_komsu_havuzlu__basiskele,0.0
extra_trees,cat__site_project_x_county_basiskele::loca_torunoglu__basiskele,0.0
extra_trees,cat__site_project_x_county_basiskele::lotus__basiskele,0.0
extra_trees,cat__site_project_x_county_basiskele::mamik_life__basiskele,0.0
extra_trees,cat__site_project_x_county_basiskele::manar_yuvacik_2__basiskele,0.0
extra_trees,cat__site_project_x_county_basiskele::manar_yuvacik_3__basiskele,0.0
extra_trees,cat__site_project_x_county_basiskele::manar_yuvacik__basiskele,0.0
extra_trees,cat__site_project_x_county_basiskele::manaryuvacik__basiskele,0.0
extra_trees,cat__site_project_x_county_basiskele::marmara_elit_yapi_kooperatifi__basiskele,0.0
extra_trees,cat__site_project_x_county_basiskele::may_city__basiskele,0.0
extra_trees,cat__site_project_x_county_basiskele::may_kent_2__basiskele,0.0
extra_trees,cat__site_project_x_county_basiskele::mehmet_akif_ersoy__basiskele,0.0
extra_trees,cat__site_project_x_county_basiskele::memur_sen__basiskele,0.0
extra_trees,cat__site_project_x_county_basiskele::merkezde_essiz_bir__basiskele,0.0
extra_trees,cat__site_project_x_county_basiskele::mona_vadi__basiskele,0.0
extra_trees,cat__site_project_x_county_basiskele::naturapark__basiskele,0.0
extra_trees,cat__site_project_x_county_basiskele::oksijen_konaklari__basiskele,0.0
extra_trees,cat__site_project_x_county_basiskele::ozemsan__basiskele,0.0
extra_trees,cat__site_project_x_county_basiskele::panorama_3__basiskele,0.0
extra_trees,cat__site_project_x_county_basiskele::panoramakent_2__basiskele,0.0
extra_trees,cat__site_project_x_county_basiskele::panoramakent_3__basiskele,0.0
extra_trees,cat__site_project_x_county_basiskele::pasadag_100_yil_parla__basiskele,0.0
extra_trees,cat__site_project_x_county_basiskele::pasadag_mah_full_deniz_manzarali__basiskele,0.0
extra_trees,cat__site_project_x_county_basiskele::pasadag_mh_de_konsept_talha_park__basiskele,0.0
extra_trees,cat__site_project_x_county_basiskele::pasadagi__basiskele,0.0
extra_trees,cat__site_project_x_county_basiskele::pera_park__basiskele,0.0
extra_trees,cat__site_project_x_county_basiskele::platinium__basiskele,0.0
extra_trees,cat__site_project_x_county_basiskele::polen_park__basiskele,0.0
extra_trees,cat__site_project_x_county_basiskele::remax_dreamden_fatih_de__basiskele,0.0
extra_trees,cat__site_project_x_county_basiskele::reyhan__basiskele,0.0
extra_trees,cat__site_project_x_county_basiskele::rose_garden__basiskele,0.0
extra_trees,cat__site_project_x_county_basiskele::royal_park__basiskele,0.0
extra_trees,cat__site_project_x_county_basiskele::rozna__basiskele,0.0
extra_trees,cat__site_project_x_county_basiskele::listing_portal__basiskele,0.0
extra_trees,cat__site_project_x_county_basiskele::listing_portal_vadi_yuvacik__basiskele,0.0
extra_trees,cat__site_project_x_county_basiskele::selimoglu__basiskele,0.0
extra_trees,cat__site_project_x_county_basiskele::semt_bahcecik__basiskele,0.0
extra_trees,cat__site_project_x_county_basiskele::seymen__basiskele,0.0
extra_trees,cat__site_project_x_county_basiskele::seyr_i_vadi__basiskele,0.0
extra_trees,cat__site_project_x_county_basiskele::supark_megaron__basiskele,0.0
extra_trees,cat__site_project_x_county_basiskele::tanta_emlak_tan__basiskele,0.0
extra_trees,cat__site_project_x_county_basiskele::temizel_tepe_loft__basiskele,0.0
extra_trees,cat__site_project_x_county_basiskele::terasta_life__basiskele,0.0
extra_trees,cat__site_project_x_county_basiskele::tinaztepede__basiskele,0.0
extra_trees,cat__site_project_x_county_basiskele::torpidocular__basiskele,0.0
extra_trees,cat__site_project_x_county_basiskele::torunogullari_park_2__basiskele,0.0
extra_trees,cat__site_project_x_county_basiskele::twinkle_life__basiskele,0.0
extra_trees,cat__site_project_x_county_basiskele::ust_deniz_manzarali_asansorlu__basiskele,0.0
extra_trees,cat__site_project_x_county_basiskele::ust_park_atakent__basiskele,0.0
extra_trees,cat__site_project_x_county_basiskele::ustpark_yuvacik__basiskele,0.0
extra_trees,cat__site_project_x_county_basiskele::vadi__basiskele,0.0
extra_trees,cat__site_project_x_county_basiskele::vadi_suit__basiskele,0.0
extra_trees,cat__site_project_x_county_basiskele::vadi_yuvacik__basiskele,0.0
extra_trees,cat__site_project_x_county_basiskele::venedik__basiskele,0.0
extra_trees,cat__site_project_x_county_basiskele::vira__basiskele,0.0
extra_trees,cat__site_project_x_county_basiskele::vistapark__basiskele,0.0
extra_trees,cat__site_project_x_county_basiskele::vizyon_dan__basiskele,0.0
extra_trees,cat__site_project_x_county_basiskele::vizyon_dan_basiskelede__basiskele,0.0
extra_trees,cat__site_project_x_county_basiskele::yagmurkent__basiskele,0.0
extra_trees,cat__site_project_x_county_basiskele::yaylacik_mh_de_havuzlu__basiskele,0.0
extra_trees,cat__site_project_x_county_basiskele::yenikoy_kalici_konutlari_12_ada__basiskele,0.0
extra_trees,cat__site_project_x_county_basiskele::yesilkent_kalici__basiskele,0.0
extra_trees,cat__site_project_x_county_basiskele::yesilyurt__basiskele,0.0
extra_trees,cat__site_project_x_county_basiskele::yesilyurt_mah_durupark__basiskele,0.0
extra_trees,cat__site_project_x_county_basiskele::yesilyurt_mahallesin_de__basiskele,0.0
extra_trees,cat__site_project_x_county_basiskele::yesilyurtda__basiskele,0.0
extra_trees,cat__site_project_x_county_basiskele::yildiz__basiskele,0.0
extra_trees,cat__site_project_x_county_basiskele::yonca_evleri_2__basiskele,0.0
extra_trees,cat__site_project_x_county_basiskele::yuksek_giris_butik__basiskele,0.0
extra_trees,cat__site_project_x_county_basiskele::yusra__basiskele,0.0
extra_trees,cat__site_project_x_county_basiskele::yuvacik_doga__basiskele,0.0
extra_trees,cat__site_project_x_county_basiskele::yuvacik_eksioglu_metsan__basiskele,0.0
extra_trees,cat__site_project_x_county_basiskele::yuvacik_kalici_konutlari_10_ada__basiskele,0.0
extra_trees,cat__site_project_x_county_basiskele::yuvacik_kalici_konutlari_1_ada__basiskele,0.0
extra_trees,cat__site_project_x_county_basiskele::yuvacik_manar__basiskele,0.0
extra_trees,cat__site_project_x_county_basiskele::yuvacik_pasadag_yesil_vadi__basiskele,0.0
extra_trees,cat__site_project_x_county_basiskele::yuvacik_pasadagi_mh__basiskele,0.0
extra_trees,cat__site_project_x_county_basiskele::yuvacik_ta_prestijli__basiskele,0.0
extra_trees,cat__site_project_x_county_basiskele::yuvacikta__basiskele,0.0
extra_trees,cat__site_project_x_county_basiskele::yuz_yapi_dan_deniz_ve_vadi__basiskele,0.0
extra_trees,cat__site_project_x_county_golcuk::1sifir__golcuk,0.0
extra_trees,cat__site_project_x_county_golcuk::75_yil__golcuk,0.0
extra_trees,cat__site_project_x_county_golcuk::80_ine_kredi_imkamli__golcuk,0.0
extra_trees,cat__site_project_x_county_golcuk::akyuz__golcuk,0.0
extra_trees,cat__site_project_x_county_golcuk::altinsehir__golcuk,0.0
extra_trees,cat__site_project_x_county_golcuk::ara_sifir__golcuk,0.0
extra_trees,cat__site_project_x_county_golcuk::armada__golcuk,0.0
extra_trees,cat__site_project_x_county_golcuk::asena__golcuk,0.0
extra_trees,cat__site_project_x_county_golcuk::aylan_1__golcuk,0.0
extra_trees,cat__site_project_x_county_golcuk::ayse_torunogullari__golcuk,0.0
extra_trees,cat__site_project_x_county_golcuk::azat_park__golcuk,0.0
extra_trees,cat__site_project_x_county_golcuk::azra_6__golcuk,0.0
extra_trees,cat__site_project_x_county_golcuk::bagkur__golcuk,0.0
extra_trees,cat__site_project_x_county_golcuk::bahce_dubleks__golcuk,0.0
extra_trees,cat__site_project_x_county_golcuk::balaban__golcuk,0.0
extra_trees,cat__site_project_x_county_golcuk::balaban_city__golcuk,0.0
extra_trees,cat__site_project_x_county_golcuk::baris_park_evleri_1__golcuk,0.0
extra_trees,cat__site_project_x_county_golcuk::baris_vizyon_deluxe_3__golcuk,0.0
extra_trees,cat__site_project_x_county_golcuk::baris_vizyon_deluxe__golcuk,0.0
extra_trees,cat__site_project_x_county_golcuk::bati_mercan__golcuk,0.0
extra_trees,cat__site_project_x_county_golcuk::bayindirlik_kalici_konutlari_539_ada__golcuk,0.0
extra_trees,cat__site_project_x_county_golcuk::beyaz_saraylar__golcuk,0.0
extra_trees,cat__site_project_x_county_golcuk::beyaz_vadi__golcuk,0.0
extra_trees,cat__site_project_x_county_golcuk::bogazici_3__golcuk,0.0
extra_trees,cat__site_project_x_county_golcuk::bogazici_ihsaniye_1__golcuk,0.0
extra_trees,cat__site_project_x_county_golcuk::cakiroglu_prestij_park__golcuk,0.0
extra_trees,cat__site_project_x_county_golcuk::camlik__golcuk,0.0
extra_trees,cat__site_project_x_county_golcuk::cati_dubleks_havuzlu__golcuk,0.0
extra_trees,cat__site_project_x_county_golcuk::cb_envoy_dan_golcuk_yazlik_ta__golcuk,0.0
extra_trees,cat__site_project_x_county_golcuk::cb_envoy_golcuk_mh_faralya__golcuk,0.0
extra_trees,cat__site_project_x_county_golcuk::cb_envoy_ihsaniye_de__golcuk,0.0
extra_trees,cat__site_project_x_county_golcuk::ciftlik_mahallesi_nde__golcuk,0.0
extra_trees,cat__site_project_x_county_golcuk::ciftlik_mahallesinde__golcuk,0.0
extra_trees,cat__site_project_x_county_golcuk::civan_park__golcuk,0.0
extra_trees,cat__site_project_x_county_golcuk::cumhuriyet__golcuk,0.0
extra_trees,cat__site_project_x_county_golcuk::dadaslar__golcuk,0.0
extra_trees,cat__site_project_x_county_golcuk::dan__golcuk,0.0
extra_trees,cat__site_project_x_county_golcuk::degirmendere_de__golcuk,0.0
extra_trees,cat__site_project_x_county_golcuk::degirmendere_de_deniz_manzarali_havuzlu__golcuk,0.0
extra_trees,cat__site_project_x_county_golcuk::degirmendere_ervatan__golcuk,0.0
extra_trees,cat__site_project_x_county_golcuk::degirmendere_merkezi_konum_evim_kent__golcuk,0.0
extra_trees,cat__site_project_x_county_golcuk::degirmendere_yuzbasilar_da__golcuk,0.0
extra_trees,cat__site_project_x_county_golcuk::demet__golcuk,0.0
extra_trees,cat__site_project_x_county_golcuk::doga__golcuk,0.0
extra_trees,cat__site_project_x_county_golcuk::dogakent__golcuk,0.0
extra_trees,cat__site_project_x_county_golcuk::dogan__golcuk,0.0
extra_trees,cat__site_project_x_county_golcuk::donanma_olkar_vadi__golcuk,0.0
extra_trees,cat__site_project_x_county_golcuk::ema_emlak_karakopru_mah_vip__golcuk,0.0
extra_trees,cat__site_project_x_county_golcuk::ema_emlak_karakopru_vip__golcuk,0.0
extra_trees,cat__site_project_x_county_golcuk::emek__golcuk,0.0
extra_trees,cat__site_project_x_county_golcuk::firtina__golcuk,0.0
extra_trees,cat__site_project_x_county_golcuk::flora__golcuk,0.0
extra_trees,cat__site_project_x_county_golcuk::ford__golcuk,0.0
extra_trees,cat__site_project_x_county_golcuk::full_deniz_manzarali__golcuk,0.0
extra_trees,cat__site_project_x_county_golcuk::full_tadilatli_17000tl_kiracili__golcuk,0.0
extra_trees,cat__site_project_x_county_golcuk::golcuk_balaban_mimoza_kent__golcuk,0.0
extra_trees,cat__site_project_x_county_golcuk::golcuk_degirmendere_metropolitangreyeffect__golcuk,0.0
extra_trees,cat__site_project_x_county_golcuk::golcuk_degirmendere_orcun__golcuk,0.0
extra_trees,cat__site_project_x_county_golcuk::golcuk_hisareyn_de__golcuk,0.0
extra_trees,cat__site_project_x_county_golcuk::golcuk_ihsaniye_balaban_yasam__golcuk,0.0
extra_trees,cat__site_project_x_county_golcuk::golcuk_mah_faralya__golcuk,0.0
extra_trees,cat__site_project_x_county_golcuk::goztepe__golcuk,0.0
extra_trees,cat__site_project_x_county_golcuk::guler_sabanci__golcuk,0.0
extra_trees,cat__site_project_x_county_golcuk::hisar__golcuk,0.0
extra_trees,cat__site_project_x_county_golcuk::hisareynde__golcuk,0.0
extra_trees,cat__site_project_x_county_golcuk::ihsaniye_de__golcuk,0.0
extra_trees,cat__site_project_x_county_golcuk::kardelen__golcuk,0.0
extra_trees,cat__site_project_x_county_golcuk::kurtulus__golcuk,0.0
extra_trees,cat__site_project_x_county_golcuk::kw_arven_den_hisareyn_de_havuzlu__golcuk,0.0
extra_trees,cat__site_project_x_county_golcuk::luxury_sea_suit__golcuk,0.0
extra_trees,cat__site_project_x_county_golcuk::mahallede__golcuk,0.0
extra_trees,cat__site_project_x_county_golcuk::manzara__golcuk,0.0
extra_trees,cat__site_project_x_county_golcuk::melisa__golcuk,0.0
extra_trees,cat__site_project_x_county_golcuk::menekse_park__golcuk,0.0
extra_trees,cat__site_project_x_county_golcuk::metropolitan_grey_effect__golcuk,0.0
extra_trees,cat__site_project_x_county_golcuk::mimoza__golcuk,0.0
extra_trees,cat__site_project_x_county_golcuk::muhammet_ali_torunogullari__golcuk,0.0
extra_trees,cat__site_project_x_county_golcuk::nida_torunogullari__golcuk,0.0
extra_trees,cat__site_project_x_county_golcuk::ocak__golcuk,0.0
extra_trees,cat__site_project_x_county_golcuk::olkar_safir__golcuk,0.0
extra_trees,cat__site_project_x_county_golcuk::olkar_sakli_vadi_konagi__golcuk,0.0
extra_trees,cat__site_project_x_county_golcuk::olkar_vadi__golcuk,0.0
extra_trees,cat__site_project_x_county_golcuk::orcun_manzara__golcuk,0.0
extra_trees,cat__site_project_x_county_golcuk::otoparkli__golcuk,0.0
extra_trees,cat__site_project_x_county_golcuk::ovunc__golcuk,0.0
extra_trees,cat__site_project_x_county_golcuk::oz_mercan__golcuk,0.0
extra_trees,cat__site_project_x_county_golcuk::palmiye__golcuk,0.0
extra_trees,cat__site_project_x_county_golcuk::piyalepasa_da__golcuk,0.0
extra_trees,cat__site_project_x_county_golcuk::rakicioglu__golcuk,0.0
extra_trees,cat__site_project_x_county_golcuk::remaxcakra_omer_onayci_dan__golcuk,0.0
extra_trees,cat__site_project_x_county_golcuk::revna_life__golcuk,0.0
extra_trees,cat__site_project_x_county_golcuk::sakli_vadi__golcuk,0.0
extra_trees,cat__site_project_x_county_golcuk::sarayli__golcuk,0.0
extra_trees,cat__site_project_x_county_golcuk::sarayli_kalici_konutlari_181_ada__golcuk,0.0
extra_trees,cat__site_project_x_county_golcuk::sarayli_kalici_konutlari_182_ada__golcuk,0.0
extra_trees,cat__site_project_x_county_golcuk::sehir__golcuk,0.0
extra_trees,cat__site_project_x_county_golcuk::sehitler_mah_vgm__golcuk,0.0
extra_trees,cat__site_project_x_county_golcuk::seval__golcuk,0.0
extra_trees,cat__site_project_x_county_golcuk::sinirsiz_kredi_imkanli__golcuk,0.0
extra_trees,cat__site_project_x_county_golcuk::sirinkent_kalici_konutlari_15_ada__golcuk,0.0
extra_trees,cat__site_project_x_county_golcuk::sirinkent_kalici_konutlari_19_ada__golcuk,0.0
extra_trees,cat__site_project_x_county_golcuk::sirinkent_kalici_konutlari_30_ada__golcuk,0.0
extra_trees,cat__site_project_x_county_golcuk::sirinkoy_kalici_konutlari_4_ada__golcuk,0.0
extra_trees,cat__site_project_x_county_golcuk::sirinkoy_toki__golcuk,0.0
extra_trees,cat__site_project_x_county_golcuk::sivritepe_denizevler_toki__golcuk,0.0
extra_trees,cat__site_project_x_county_golcuk::sokkk_fiyat_ihsaniye_merkez_de__golcuk,0.0
extra_trees,cat__site_project_x_county_golcuk::subasi__golcuk,0.0
extra_trees,cat__site_project_x_county_golcuk::supark_arcadia__golcuk,0.0
extra_trees,cat__site_project_x_county_golcuk::supark_royal__golcuk,0.0
extra_trees,cat__site_project_x_county_golcuk::tanyildizdan_golcuk_elit_park__golcuk,0.0
extra_trees,cat__site_project_x_county_golcuk::tasdan_premium_city__golcuk,0.0
extra_trees,cat__site_project_x_county_golcuk::toki__golcuk,0.0
extra_trees,cat__site_project_x_county_golcuk::toksoylu__golcuk,0.0
extra_trees,cat__site_project_x_county_golcuk::tolga__golcuk,0.0
extra_trees,cat__site_project_x_county_golcuk::topcular_da__golcuk,0.0
extra_trees,cat__site_project_x_county_golcuk::topcular_mh_ronesans__golcuk,0.0
extra_trees,cat__site_project_x_county_golcuk::topcularda_havuzlu__golcuk,0.0
extra_trees,cat__site_project_x_county_golcuk::torunogullari__golcuk,0.0
extra_trees,cat__site_project_x_county_golcuk::torunogullari_ormania__golcuk,0.0
extra_trees,cat__site_project_x_county_golcuk::true_life__golcuk,0.0
extra_trees,cat__site_project_x_county_golcuk::turkuaz__golcuk,0.0
extra_trees,cat__site_project_x_county_golcuk::ulasli_yesilkent__golcuk,0.0
extra_trees,cat__site_project_x_county_golcuk::uplife_topcular__golcuk,0.0
extra_trees,cat__site_project_x_county_golcuk::uydu_kent__golcuk,0.0
extra_trees,cat__site_project_x_county_golcuk::versay_lilyum_park__golcuk,0.0
extra_trees,cat__site_project_x_county_golcuk::versay_yamac_evler__golcuk,0.0
extra_trees,cat__site_project_x_county_golcuk::versay_yamacevler__golcuk,0.0
extra_trees,cat__site_project_x_county_golcuk::yakamos__golcuk,0.0
extra_trees,cat__site_project_x_county_golcuk::yakamoz__golcuk,0.0
extra_trees,cat__site_project_x_county_golcuk::yalik_mahallede__golcuk,0.0
extra_trees,cat__site_project_x_county_golcuk::yasam__golcuk,0.0
extra_trees,cat__site_project_x_county_golcuk::yildirim__golcuk,0.0
extra_trees,cat__site_project_x_county_golcuk::yildizevler__golcuk,0.0
extra_trees,cat__site_project_x_county_golcuk::zumrut_evler__golcuk,0.0
extra_trees,cat__site_project_x_county_izmit::academic_life__izmit,0.0
extra_trees,cat__site_project_x_county_izmit::akarca__izmit,0.0
extra_trees,cat__site_project_x_county_izmit::akcakoca_universite__izmit,0.0
extra_trees,cat__site_project_x_county_izmit::akdora__izmit,0.0
extra_trees,cat__site_project_x_county_izmit::akkonak__izmit,0.0
extra_trees,cat__site_project_x_county_izmit::akkus__izmit,0.0
extra_trees,cat__site_project_x_county_izmit::alikahya_kavanium__izmit,0.0
extra_trees,cat__site_project_x_county_izmit::alikahya_ve_dumlupinar_sinirinda__izmit,0.0
extra_trees,cat__site_project_x_county_izmit::almira__izmit,0.0
extra_trees,cat__site_project_x_county_izmit::altinevler__izmit,0.0
extra_trees,cat__site_project_x_county_izmit::anadolu__izmit,0.0
extra_trees,cat__site_project_x_county_izmit::anakent__izmit,0.0
extra_trees,cat__site_project_x_county_izmit::ara__izmit,0.0
extra_trees,cat__site_project_x_county_izmit::arizli_toki__izmit,0.0
extra_trees,cat__site_project_x_county_izmit::armadakent_1__izmit,0.0
extra_trees,cat__site_project_x_county_izmit::armadakent_4__izmit,0.0
extra_trees,cat__site_project_x_county_izmit::armakent_4__izmit,0.0
extra_trees,cat__site_project_x_county_izmit::art_yapi_elit_park__izmit,0.0
extra_trees,cat__site_project_x_county_izmit::asayra_dan_bayindirlik_kalici__izmit,0.0
extra_trees,cat__site_project_x_county_izmit::asayra_dan_yuvam_akarca__izmit,0.0
extra_trees,cat__site_project_x_county_izmit::aslantas_plus__izmit,0.0
extra_trees,cat__site_project_x_county_izmit::asrin__izmit,0.0
extra_trees,cat__site_project_x_county_izmit::ata__izmit,0.0
extra_trees,cat__site_project_x_county_izmit::ates__izmit,0.0
extra_trees,cat__site_project_x_county_izmit::avenue__izmit,0.0
extra_trees,cat__site_project_x_county_izmit::avlu__izmit,0.0
extra_trees,cat__site_project_x_county_izmit::bagcesme_kavanium__izmit,0.0
extra_trees,cat__site_project_x_county_izmit::bagcesme_konaklari__izmit,0.0
extra_trees,cat__site_project_x_county_izmit::bagkale__izmit,0.0
extra_trees,cat__site_project_x_county_izmit::bagtepe__izmit,0.0
extra_trees,cat__site_project_x_county_izmit::balabani__izmit,0.0
extra_trees,cat__site_project_x_county_izmit::baris_sitesi_2__izmit,0.0
extra_trees,cat__site_project_x_county_izmit::bayindirlik__izmit,0.0
extra_trees,cat__site_project_x_county_izmit::bayindirlik_konutlari_11_ada__izmit,0.0
extra_trees,cat__site_project_x_county_izmit::bayindirlik_konutlari_12_ada__izmit,0.0
extra_trees,cat__site_project_x_county_izmit::belediye_memurlar__izmit,0.0
extra_trees,cat__site_project_x_county_izmit::burcin__izmit,0.0
extra_trees,cat__site_project_x_county_izmit::cayirkoy_premiumda__izmit,0.0
extra_trees,cat__site_project_x_county_izmit::cef_city_golpark__izmit,0.0
extra_trees,cat__site_project_x_county_izmit::celik_ay_dan_yesilova_zumra__izmit,0.0
extra_trees,cat__site_project_x_county_izmit::cepni_corner_park__izmit,0.0
extra_trees,cat__site_project_x_county_izmit::cepni_up_town_evleri_2__izmit,0.0
extra_trees,cat__site_project_x_county_izmit::cinar_vadisi_konaklari__izmit,0.0
extra_trees,cat__site_project_x_county_izmit::concept_yahyakaptan__izmit,0.0
extra_trees,cat__site_project_x_county_izmit::cukurbag_mah_guneskent__izmit,0.0
extra_trees,cat__site_project_x_county_izmit::cumhuriyet__izmit,0.0
extra_trees,cat__site_project_x_county_izmit::dan_bayindirlik__izmit,0.0
extra_trees,cat__site_project_x_county_izmit::deniz_manzarali__izmit,0.0
extra_trees,cat__site_project_x_county_izmit::dikkat_emlak_tan_yenisehir_mh__izmit,0.0
extra_trees,cat__site_project_x_county_izmit::dogus__izmit,0.0
extra_trees,cat__site_project_x_county_izmit::dostluk_6__izmit,0.0
extra_trees,cat__site_project_x_county_izmit::dunya_bankasi__izmit,0.0
extra_trees,cat__site_project_x_county_izmit::dunya_bankasi_konutlari_14_ada__izmit,0.0
extra_trees,cat__site_project_x_county_izmit::dunya_bankasi_konutlari_17_ada__izmit,0.0
extra_trees,cat__site_project_x_county_izmit::dunya_bankasi_konutlari_18_ada__izmit,0.0
extra_trees,cat__site_project_x_county_izmit::dunya_bankasi_konutlari_21_ada__izmit,0.0
extra_trees,cat__site_project_x_county_izmit::dunya_bankasi_konutlari_23_ada__izmit,0.0
extra_trees,cat__site_project_x_county_izmit::dunya_bankasi_konutlari_24_ada__izmit,0.0
extra_trees,cat__site_project_x_county_izmit::dunya_bankasi_konutlari_27_ada__izmit,0.0
extra_trees,cat__site_project_x_county_izmit::dunya_bankasi_konutlari_2_ada__izmit,0.0
extra_trees,cat__site_project_x_county_izmit::dunya_bankasi_konutlari_3_ada__izmit,0.0
extra_trees,cat__site_project_x_county_izmit::dunya_bankasi_konutlari_9_ada__izmit,0.0
extra_trees,cat__site_project_x_county_izmit::dunya_bankasi_sitesi_30_ada__izmit,0.0
extra_trees,cat__site_project_x_county_izmit::ekol_den_karadenizliler_mah_hls_yapi_da__izmit,0.0
extra_trees,cat__site_project_x_county_izmit::elit_kirk_bir__izmit,0.0
extra_trees,cat__site_project_x_county_izmit::erdagi__izmit,0.0
extra_trees,cat__site_project_x_county_izmit::erenkaya_park__izmit,0.0
extra_trees,cat__site_project_x_county_izmit::erim__izmit,0.0
extra_trees,cat__site_project_x_county_izmit::eskidjiden_iztop_park__izmit,0.0
extra_trees,cat__site_project_x_county_izmit::evedin_yuvam_akarca_orkide__izmit,0.0
extra_trees,cat__site_project_x_county_izmit::feza__izmit,0.0
extra_trees,cat__site_project_x_county_izmit::flora_park__izmit,0.0
extra_trees,cat__site_project_x_county_izmit::fnd_smart_side_2__izmit,0.0
extra_trees,cat__site_project_x_county_izmit::fnd_smart_side__izmit,0.0
extra_trees,cat__site_project_x_county_izmit::full_hazir_kiracili_son__izmit,0.0
extra_trees,cat__site_project_x_county_izmit::golkay_star_life__izmit,0.0
extra_trees,cat__site_project_x_county_izmit::gulacti_deniz_konaklari_2__izmit,0.0
extra_trees,cat__site_project_x_county_izmit::gulacti_deniz_konaklari__izmit,0.0
extra_trees,cat__site_project_x_county_izmit::gulen__izmit,0.0
extra_trees,cat__site_project_x_county_izmit::gundogdu_bayindirlik_konutlari_6_ada_huzur__izmit,0.0
extra_trees,cat__site_project_x_county_izmit::gundogdu_dorukkent1__izmit,0.0
extra_trees,cat__site_project_x_county_izmit::gundogdu_eren_life__izmit,0.0
extra_trees,cat__site_project_x_county_izmit::gundogdu_havuzlu_asansorlu__izmit,0.0
extra_trees,cat__site_project_x_county_izmit::gundogdu_kalici__izmit,0.0
extra_trees,cat__site_project_x_county_izmit::gundogduda__izmit,0.0
extra_trees,cat__site_project_x_county_izmit::guney_park_cayirkoy__izmit,0.0
extra_trees,cat__site_project_x_county_izmit::hanife_sultan__izmit,0.0
extra_trees,cat__site_project_x_county_izmit::hanzade__izmit,0.0
extra_trees,cat__site_project_x_county_izmit::hatipoglu__izmit,0.0
extra_trees,cat__site_project_x_county_izmit::huzur__izmit,0.0
extra_trees,cat__site_project_x_county_izmit::inci__izmit,0.0
extra_trees,cat__site_project_x_county_izmit::invest_global_den_yesilova_alfa__izmit,0.0
extra_trees,cat__site_project_x_county_izmit::iremkent__izmit,0.0
extra_trees,cat__site_project_x_county_izmit::iz_tepe__izmit,0.0
extra_trees,cat__site_project_x_county_izmit::izmit_te_akcakent__izmit,0.0
extra_trees,cat__site_project_x_county_izmit::jasmin_country__izmit,0.0
extra_trees,cat__site_project_x_county_izmit::kabaoglu__izmit,0.0
extra_trees,cat__site_project_x_county_izmit::kabaoglu_havuzlu__izmit,0.0
extra_trees,cat__site_project_x_county_izmit::kabaoglunda__izmit,0.0
extra_trees,cat__site_project_x_county_izmit::karabas_mah_kent__izmit,0.0
extra_trees,cat__site_project_x_county_izmit::kardelen__izmit,0.0
extra_trees,cat__site_project_x_county_izmit::karpay__izmit,0.0
extra_trees,cat__site_project_x_county_izmit::kartanesi__izmit,0.0
extra_trees,cat__site_project_x_county_izmit::kavan_life__izmit,0.0
extra_trees,cat__site_project_x_county_izmit::kavan_try__izmit,0.0
extra_trees,cat__site_project_x_county_izmit::kavanium_bagcesme__izmit,0.0
extra_trees,cat__site_project_x_county_izmit::kavanium_evleri_815_ada__izmit,0.0
extra_trees,cat__site_project_x_county_izmit::kavanya_gol__izmit,0.0
extra_trees,cat__site_project_x_county_izmit::kavanyum_bagcesme__izmit,0.0
extra_trees,cat__site_project_x_county_izmit::kore__izmit,0.0
extra_trees,cat__site_project_x_county_izmit::kucukyali__izmit,0.0
extra_trees,cat__site_project_x_county_izmit::kurucesme__izmit,0.0
extra_trees,cat__site_project_x_county_izmit::kurucesme_deniz_manzarali__izmit,0.0
extra_trees,cat__site_project_x_county_izmit::kurucesme_doktorlar__izmit,0.0
extra_trees,cat__site_project_x_county_izmit::kurucesme_fatih_mahallesi__izmit,0.0
extra_trees,cat__site_project_x_county_izmit::kurucesme_oluklu__izmit,0.0
extra_trees,cat__site_project_x_county_izmit::kurucesmede__izmit,0.0
extra_trees,cat__site_project_x_county_izmit::kurucesmenin_ustu__izmit,0.0
extra_trees,cat__site_project_x_county_izmit::kvs_royal__izmit,0.0
extra_trees,cat__site_project_x_county_izmit::la_vida_park__izmit,0.0
extra_trees,cat__site_project_x_county_izmit::lavinya_park__izmit,0.0
extra_trees,cat__site_project_x_county_izmit::lilyum_park_2__izmit,0.0
extra_trees,cat__site_project_x_county_izmit::lilyum_park_3__izmit,0.0
extra_trees,cat__site_project_x_county_izmit::lilyum_park_4__izmit,0.0
extra_trees,cat__site_project_x_county_izmit::liya__izmit,0.0
extra_trees,cat__site_project_x_county_izmit::loca_bagcesme__izmit,0.0
extra_trees,cat__site_project_x_county_izmit::maide__izmit,0.0
extra_trees,cat__site_project_x_county_izmit::mamikler__izmit,0.0
extra_trees,cat__site_project_x_county_izmit::manzara__izmit,0.0
extra_trees,cat__site_project_x_county_izmit::menekse_yasamkent__izmit,0.0
extra_trees,cat__site_project_x_county_izmit::merdoglu__izmit,0.0
extra_trees,cat__site_project_x_county_izmit::mihrimah__izmit,0.0
extra_trees,cat__site_project_x_county_izmit::mimkon_yasam__izmit,0.0
extra_trees,cat__site_project_x_county_izmit::mk_teras__izmit,0.0
extra_trees,cat__site_project_x_county_izmit::muasir_kent__izmit,0.0
extra_trees,cat__site_project_x_county_izmit::myra_2__izmit,0.0
extra_trees,cat__site_project_x_county_izmit::myra_3__izmit,0.0
extra_trees,cat__site_project_x_county_izmit::myra_sitesi_3__izmit,0.0
extra_trees,cat__site_project_x_county_izmit::natural__izmit,0.0
extra_trees,cat__site_project_x_county_izmit::nergis__izmit,0.0
extra_trees,cat__site_project_x_county_izmit::nikomedya_can__izmit,0.0
extra_trees,cat__site_project_x_county_izmit::nikomedya_deniz__izmit,0.0
extra_trees,cat__site_project_x_county_izmit::normcity__izmit,0.0
extra_trees,cat__site_project_x_county_izmit::oluklu_ozon__izmit,0.0
extra_trees,cat__site_project_x_county_izmit::onur__izmit,0.0
extra_trees,cat__site_project_x_county_izmit::onur_siteleri__izmit,0.0
extra_trees,cat__site_project_x_county_izmit::osmanli_konaklari__izmit,0.0
extra_trees,cat__site_project_x_county_izmit::ozyapi__izmit,0.0
extra_trees,cat__site_project_x_county_izmit::pinar__izmit,0.0
extra_trees,cat__site_project_x_county_izmit::pirelli__izmit,0.0
extra_trees,cat__site_project_x_county_izmit::plaj_yolu_sea_life__izmit,0.0
extra_trees,cat__site_project_x_county_izmit::plaj_yolunda_sea_life__izmit,0.0
extra_trees,cat__site_project_x_county_izmit::plajyolu__izmit,0.0
extra_trees,cat__site_project_x_county_izmit::plajyolu_avangard__izmit,0.0
extra_trees,cat__site_project_x_county_izmit::plajyolu_bozdag__izmit,0.0
extra_trees,cat__site_project_x_county_izmit::plajyolu_harika_konum_da__izmit,0.0
extra_trees,cat__site_project_x_county_izmit::plajyolu_sea_life__izmit,0.0
extra_trees,cat__site_project_x_county_izmit::plajyolunun_en_prestijli__izmit,0.0
extra_trees,cat__site_project_x_county_izmit::rbs_yasam__izmit,0.0
extra_trees,cat__site_project_x_county_izmit::remax_bagcesme_orhan_mh__izmit,0.0
extra_trees,cat__site_project_x_county_izmit::remax_dream_avenue__izmit,0.0
extra_trees,cat__site_project_x_county_izmit::remax_dream_den_80_kredi_eminevime_uygun__izmit,0.0
extra_trees,cat__site_project_x_county_izmit::remax_dream_den_plaj_yolunda__izmit,0.0
extra_trees,cat__site_project_x_county_izmit::remax_dream_dunya_bankasi__izmit,0.0
extra_trees,cat__site_project_x_county_izmit::remax_exclusiveden_avenue__izmit,0.0
extra_trees,cat__site_project_x_county_izmit::remax_plaj_yolu_deniz_manzarali__izmit,0.0
extra_trees,cat__site_project_x_county_izmit::respark_3__izmit,0.0
extra_trees,cat__site_project_x_county_izmit::listing_portal_havuz_ve_vadi__izmit,0.0
extra_trees,cat__site_project_x_county_izmit::listing_portal_temiz_kullanisli__izmit,0.0
extra_trees,cat__site_project_x_county_izmit::listing_portal_yelkent_tetra__izmit,0.0
extra_trees,cat__site_project_x_county_izmit::sahilkent__izmit,0.0
extra_trees,cat__site_project_x_county_izmit::saray__izmit,0.0
extra_trees,cat__site_project_x_county_izmit::sehir_h_karsisi__izmit,0.0
extra_trees,cat__site_project_x_county_izmit::sehir_hastanesi_karsisi_sarkent__izmit,0.0
extra_trees,cat__site_project_x_county_izmit::sehir_hastanesine_yakin__izmit,0.0
extra_trees,cat__site_project_x_county_izmit::sehr_i_bahce_sitesi_3__izmit,0.0
extra_trees,cat__site_project_x_county_izmit::sehr_i_naz__izmit,0.0
extra_trees,cat__site_project_x_county_izmit::sehri_bahce_3__izmit,0.0
extra_trees,cat__site_project_x_county_izmit::sehrin_yildizi__izmit,0.0
extra_trees,cat__site_project_x_county_izmit::seka__izmit,0.0
extra_trees,cat__site_project_x_county_izmit::seka_akgun__izmit,0.0
extra_trees,cat__site_project_x_county_izmit::seka_memur__izmit,0.0
extra_trees,cat__site_project_x_county_izmit::selale__izmit,0.0
extra_trees,cat__site_project_x_county_izmit::seymen__izmit,0.0
extra_trees,cat__site_project_x_county_izmit::sifir_sirintepe_sea_life__izmit,0.0
extra_trees,cat__site_project_x_county_izmit::sogucak__izmit,0.0
extra_trees,cat__site_project_x_county_izmit::solin_konutlari_1__izmit,0.0
extra_trees,cat__site_project_x_county_izmit::sudeks_bagcesme__izmit,0.0
extra_trees,cat__site_project_x_county_izmit::sunrise_yesilova__izmit,0.0
extra_trees,cat__site_project_x_county_izmit::tanyildiz_izmit_kurucesme_butik__izmit,0.0
extra_trees,cat__site_project_x_county_izmit::tarcanlar_dan_gundogdu_eren_life__izmit,0.0
extra_trees,cat__site_project_x_county_izmit::tarcanlardan_kurucesmede__izmit,0.0
extra_trees,cat__site_project_x_county_izmit::ten_yuvam_akarca__izmit,0.0
extra_trees,cat__site_project_x_county_izmit::tepe__izmit,0.0
extra_trees,cat__site_project_x_county_izmit::tepekoy_de_butik__izmit,0.0
extra_trees,cat__site_project_x_county_izmit::tepekoy_toki_konutlari_191_ada__izmit,0.0
extra_trees,cat__site_project_x_county_izmit::terrace__izmit,0.0
extra_trees,cat__site_project_x_county_izmit::terrace_yahyakaptan_2__izmit,0.0
extra_trees,cat__site_project_x_county_izmit::toki_cedit_mahallesi__izmit,0.0
extra_trees,cat__site_project_x_county_izmit::toki_konutlari_185_ada__izmit,0.0
extra_trees,cat__site_project_x_county_izmit::turkoz__izmit,0.0
extra_trees,cat__site_project_x_county_izmit::turkoz_insaat_plajyolu_bozdag__izmit,0.0
extra_trees,cat__site_project_x_county_izmit::turkuaz_park__izmit,0.0
extra_trees,cat__site_project_x_county_izmit::ugur__izmit,0.0
extra_trees,cat__site_project_x_county_izmit::umuttepe_yolu_uzeri__izmit,0.0
extra_trees,cat__site_project_x_county_izmit::umuttepe_yolu_uzeri_kaboglu_mevki__izmit,0.0
extra_trees,cat__site_project_x_county_izmit::up_town_evleri_2__izmit,0.0
extra_trees,cat__site_project_x_county_izmit::uygun__izmit,0.0
extra_trees,cat__site_project_x_county_izmit::vadikent_4__izmit,0.0
extra_trees,cat__site_project_x_county_izmit::vadikent__izmit,0.0
extra_trees,cat__site_project_x_county_izmit::vega__izmit,0.0
extra_trees,cat__site_project_x_county_izmit::venedik__izmit,0.0
extra_trees,cat__site_project_x_county_izmit::vista_evleri_1__izmit,0.0
extra_trees,cat__site_project_x_county_izmit::yahyakaptan_armada_kent__izmit,0.0
extra_trees,cat__site_project_x_county_izmit::yasam__izmit,0.0
extra_trees,cat__site_project_x_county_izmit::yelken_park__izmit,0.0
extra_trees,cat__site_project_x_county_izmit::yelkent__izmit,0.0
extra_trees,cat__site_project_x_county_izmit::yeseren__izmit,0.0
extra_trees,cat__site_project_x_county_izmit::yesilova_anaket__izmit,0.0
extra_trees,cat__site_project_x_county_izmit::yesilova_konaklari__izmit,0.0
extra_trees,cat__site_project_x_county_izmit::yesilova_liva_park__izmit,0.0
extra_trees,cat__site_project_x_county_izmit::yesilova_mah__izmit,0.0
extra_trees,cat__site_project_x_county_izmit::yesilova_merkezi_yerde_karpay__izmit,0.0
extra_trees,cat__site_project_x_county_izmit::yesilova_park__izmit,0.0
extra_trees,cat__site_project_x_county_izmit::yuvam_akarca_evleri_10_ada__izmit,0.0
extra_trees,cat__site_project_x_county_izmit::yuvam_akarca_evleri_1_ada__izmit,0.0
extra_trees,cat__site_project_x_county_izmit::yuvam_akarca_evleri_3_ada__izmit,0.0
extra_trees,cat__site_project_x_county_izmit::yuvam_akarca_evleri_6_ada__izmit,0.0
extra_trees,cat__site_project_x_county_izmit::yuvam_akarca_evleri_7_ada__izmit,0.0
extra_trees,cat__site_project_x_county_izmit::zafira__izmit,0.0
extra_trees,cat__site_project_x_county_izmit::zenan__izmit,0.0
extra_trees,cat__site_project_x_county_izmit::zorlife__izmit,0.0
extra_trees,cat__site_project_x_county_izmit::zorlu__izmit,0.0
extra_trees,cat__site_project_x_county_karamursel::adres_emlaktan_kent__karamursel,0.0
extra_trees,cat__site_project_x_county_karamursel::altinkent__karamursel,0.0
extra_trees,cat__site_project_x_county_karamursel::asansorlu__karamursel,0.0
extra_trees,cat__site_project_x_county_karamursel::bagdat__karamursel,0.0
extra_trees,cat__site_project_x_county_karamursel::bahcelievler__karamursel,0.0
extra_trees,cat__site_project_x_county_karamursel::baydar__karamursel,0.0
extra_trees,cat__site_project_x_county_karamursel::cam__karamursel,0.0
extra_trees,cat__site_project_x_county_karamursel::d_kent__karamursel,0.0
extra_trees,cat__site_project_x_county_karamursel::demircan__karamursel,0.0
extra_trees,cat__site_project_x_county_karamursel::demtas_koygun_sahil__karamursel,0.0
extra_trees,cat__site_project_x_county_karamursel::genc_alp__karamursel,0.0
extra_trees,cat__site_project_x_county_karamursel::gizli_bahce__karamursel,0.0
extra_trees,cat__site_project_x_county_karamursel::inci__karamursel,0.0
extra_trees,cat__site_project_x_county_karamursel::karamursel__karamursel,0.0
extra_trees,cat__site_project_x_county_karamursel::karamursel_aydin__karamursel,0.0
extra_trees,cat__site_project_x_county_karamursel::karamursel_park__karamursel,0.0
extra_trees,cat__site_project_x_county_karamursel::karamursel_pinarbasi__karamursel,0.0
extra_trees,cat__site_project_x_county_karamursel::kardelen__karamursel,0.0
extra_trees,cat__site_project_x_county_karamursel::kardesten_kayacik_ta__karamursel,0.0
extra_trees,cat__site_project_x_county_karamursel::kolayli_1__karamursel,0.0
extra_trees,cat__site_project_x_county_karamursel::kolayli_2__karamursel,0.0
extra_trees,cat__site_project_x_county_karamursel::kolayli_4__karamursel,0.0
extra_trees,cat__site_project_x_county_karamursel::kovuk_cinar__karamursel,0.0
extra_trees,cat__site_project_x_county_karamursel::meric__karamursel,0.0
extra_trees,cat__site_project_x_county_karamursel::onurkent__karamursel,0.0
extra_trees,cat__site_project_x_county_karamursel::ozgul_evler__karamursel,0.0
extra_trees,cat__site_project_x_county_karamursel::remax_kanyon_dan__karamursel,0.0
extra_trees,cat__site_project_x_county_karamursel::remax_kanyon_dan_vadi__karamursel,0.0
extra_trees,cat__site_project_x_county_karamursel::saka__karamursel,0.0
extra_trees,cat__site_project_x_county_karamursel::temmuz_da__karamursel,0.0
extra_trees,cat__site_project_x_county_karamursel::ulu_cami_yakininda__karamursel,0.0
extra_trees,cat__site_project_x_county_karamursel::yamac__karamursel,0.0
extra_trees,cat__site_project_x_county_karamursel::zumrut_2__karamursel,0.0
extra_trees,cat__site_project_x_county_kartepe::151_ada__kartepe,0.0
extra_trees,cat__site_project_x_county_kartepe::1_69_kredi_icon__kartepe,0.0
extra_trees,cat__site_project_x_county_kartepe::1_99_kredi_fsm_de_butik__kartepe,0.0
extra_trees,cat__site_project_x_county_kartepe::a_plus__kartepe,0.0
extra_trees,cat__site_project_x_county_kartepe::acill_deallife_dan_ataevlerde__kartepe,0.0
extra_trees,cat__site_project_x_county_kartepe::adesa__kartepe,0.0
extra_trees,cat__site_project_x_county_kartepe::agkoc_evleri_2__kartepe,0.0
extra_trees,cat__site_project_x_county_kartepe::anadolu__kartepe,0.0
extra_trees,cat__site_project_x_county_kartepe::aras_gayrimenkulden_fsm_de__kartepe,0.0
extra_trees,cat__site_project_x_county_kartepe::ars_den_kent_meydaninda__kartepe,0.0
extra_trees,cat__site_project_x_county_kartepe::arslanbey_atakent__kartepe,0.0
extra_trees,cat__site_project_x_county_kartepe::ataevlerde__kartepe,0.0
extra_trees,cat__site_project_x_county_kartepe::atakent_evleri_131_ada__kartepe,0.0
extra_trees,cat__site_project_x_county_kartepe::atakent_evleri_132_ada__kartepe,0.0
extra_trees,cat__site_project_x_county_kartepe::atakent_evleri_136_ada__kartepe,0.0
extra_trees,cat__site_project_x_county_kartepe::atakent_evleri_142_ada__kartepe,0.0
extra_trees,cat__site_project_x_county_kartepe::atakoy__kartepe,0.0
extra_trees,cat__site_project_x_county_kartepe::aykent__kartepe,0.0
extra_trees,cat__site_project_x_county_kartepe::bahcekent_konutlari__kartepe,0.0
extra_trees,cat__site_project_x_county_kartepe::bariskent__kartepe,0.0
extra_trees,cat__site_project_x_county_kartepe::beykent_konaklari_611__kartepe,0.0
extra_trees,cat__site_project_x_county_kartepe::beykent_konaklari__kartepe,0.0
extra_trees,cat__site_project_x_county_kartepe::bizim_konaklar__kartepe,0.0
extra_trees,cat__site_project_x_county_kartepe::boutique_kartepe__kartepe,0.0
extra_trees,cat__site_project_x_county_kartepe::butik__kartepe,0.0
extra_trees,cat__site_project_x_county_kartepe::cadde_i_kubra__kartepe,0.0
extra_trees,cat__site_project_x_county_kartepe::capediem_kartepe__kartepe,0.0
extra_trees,cat__site_project_x_county_kartepe::cinar__kartepe,0.0
extra_trees,cat__site_project_x_county_kartepe::deallife_dan_hasanpasada_butik__kartepe,0.0
extra_trees,cat__site_project_x_county_kartepe::derbent_mh__kartepe,0.0
extra_trees,cat__site_project_x_county_kartepe::derin_den_ert_gazi_mah__kartepe,0.0
extra_trees,cat__site_project_x_county_kartepe::doga_kent__kartepe,0.0
extra_trees,cat__site_project_x_county_kartepe::dubleks__kartepe,0.0
extra_trees,cat__site_project_x_county_kartepe::dubleks_kent__kartepe,0.0
extra_trees,cat__site_project_x_county_kartepe::ekomax_dan_e_gazi_asansrlu_havzlu__kartepe,0.0
extra_trees,cat__site_project_x_county_kartepe::ekomax_dan_kartepe__kartepe,0.0
extra_trees,cat__site_project_x_county_kartepe::ekomax_dan_kartpe_fsm_mah_havzlu_asanslu__kartepe,0.0
extra_trees,cat__site_project_x_county_kartepe::ekomaxdan_sinirsiz_kredi_asansoru__kartepe,0.0
extra_trees,cat__site_project_x_county_kartepe::emlakcim41_kent__kartepe,0.0
extra_trees,cat__site_project_x_county_kartepe::empire_house__kartepe,0.0
extra_trees,cat__site_project_x_county_kartepe::ena_gayrimenkulden_kartepe_s_royal2__kartepe,0.0
extra_trees,cat__site_project_x_county_kartepe::ertugrul_gazi_mh__kartepe,0.0
extra_trees,cat__site_project_x_county_kartepe::ertugrulgazi_bluepark__kartepe,0.0
extra_trees,cat__site_project_x_county_kartepe::ertugrulgazi_de__kartepe,0.0
extra_trees,cat__site_project_x_county_kartepe::finans_kuruluslarina_uygun_1_99_kredi_butik__kartepe,0.0
extra_trees,cat__site_project_x_county_kartepe::fsm_mahallesi_nde__kartepe,0.0
extra_trees,cat__site_project_x_county_kartepe::garden_kartepe_2__kartepe,0.0
extra_trees,cat__site_project_x_county_kartepe::gate41_masukiye__kartepe,0.0
extra_trees,cat__site_project_x_county_kartepe::gate_41__kartepe,0.0
extra_trees,cat__site_project_x_county_kartepe::genis_kulanisli__kartepe,0.0
extra_trees,cat__site_project_x_county_kartepe::gokbal_sirius__kartepe,0.0
extra_trees,cat__site_project_x_county_kartepe::green_life_1__kartepe,0.0
extra_trees,cat__site_project_x_county_kartepe::guckat_life__kartepe,0.0
extra_trees,cat__site_project_x_county_kartepe::gulas__kartepe,0.0
extra_trees,cat__site_project_x_county_kartepe::guldeste_sitesi_2__kartepe,0.0
extra_trees,cat__site_project_x_county_kartepe::guldeste_sitesi_5__kartepe,0.0
extra_trees,cat__site_project_x_county_kartepe::guldeste_sitesi_7__kartepe,0.0
extra_trees,cat__site_project_x_county_kartepe::hasanpasa_butik__kartepe,0.0
extra_trees,cat__site_project_x_county_kartepe::hasanpasa_mahallesinde_butik__kartepe,0.0
extra_trees,cat__site_project_x_county_kartepe::hursoy_behcelievler__kartepe,0.0
extra_trees,cat__site_project_x_county_kartepe::hursoy_sapphire__kartepe,0.0
extra_trees,cat__site_project_x_county_kartepe::hursoy_sitesi_atakent_1__kartepe,0.0
extra_trees,cat__site_project_x_county_kartepe::k_h_eksioglu_insaat_limited_sirketi__kartepe,0.0
extra_trees,cat__site_project_x_county_kartepe::kafkas_dostluk__kartepe,0.0
extra_trees,cat__site_project_x_county_kartepe::kamelya__kartepe,0.0
extra_trees,cat__site_project_x_county_kartepe::kartele__kartepe,0.0
extra_trees,cat__site_project_x_county_kartepe::kartepe__kartepe,0.0
extra_trees,cat__site_project_x_county_kartepe::kartepe_aslanbey_vera_life__kartepe,0.0
extra_trees,cat__site_project_x_county_kartepe::kartepe_aslanbey_veralife__kartepe,0.0
extra_trees,cat__site_project_x_county_kartepe::kartepe_ataevler__kartepe,0.0
extra_trees,cat__site_project_x_county_kartepe::kartepe_ataevler_hursoy_city__kartepe,0.0
extra_trees,cat__site_project_x_county_kartepe::kartepe_ataevler_mahallesinde__kartepe,0.0
extra_trees,cat__site_project_x_county_kartepe::kartepe_atakent__kartepe,0.0
extra_trees,cat__site_project_x_county_kartepe::kartepe_cadde_life__kartepe,0.0
extra_trees,cat__site_project_x_county_kartepe::kartepe_de__kartepe,0.0
extra_trees,cat__site_project_x_county_kartepe::kartepe_de_havuzlu__kartepe,0.0
extra_trees,cat__site_project_x_county_kartepe::kartepe_de_manzarali__kartepe,0.0
extra_trees,cat__site_project_x_county_kartepe::kartepe_dumlupinar_ritim_naz__kartepe,0.0
extra_trees,cat__site_project_x_county_kartepe::kartepe_elizan__kartepe,0.0
extra_trees,cat__site_project_x_county_kartepe::kartepe_ertugrulgazi_havz_hmm_saunli__kartepe,0.0
extra_trees,cat__site_project_x_county_kartepe::kartepe_fatih_sultan_mehmet_mh_havuzlu__kartepe,0.0
extra_trees,cat__site_project_x_county_kartepe::kartepe_fsm_bahcesehir_koleji_yakini_gulas__kartepe,0.0
extra_trees,cat__site_project_x_county_kartepe::kartepe_fsm_de_havuzlu_guvenlikli__kartepe,0.0
extra_trees,cat__site_project_x_county_kartepe::kartepe_fsm_kent__kartepe,0.0
extra_trees,cat__site_project_x_county_kartepe::kartepe_fsm_mah__kartepe,0.0
extra_trees,cat__site_project_x_county_kartepe::kartepe_ibrikdere_butik__kartepe,0.0
extra_trees,cat__site_project_x_county_kartepe::kartepe_kent_merkezinde__kartepe,0.0
extra_trees,cat__site_project_x_county_kartepe::kartepe_kent_meydaninda__kartepe,0.0
extra_trees,cat__site_project_x_county_kartepe::kartepe_kosekoy__kartepe,0.0
extra_trees,cat__site_project_x_county_kartepe::kartepe_meridyen__kartepe,0.0
extra_trees,cat__site_project_x_county_kartepe::kartepe_premium__kartepe,0.0
extra_trees,cat__site_project_x_county_kartepe::kartepe_serender_park__kartepe,0.0
extra_trees,cat__site_project_x_county_kartepe::kartepe_stone_suite__kartepe,0.0
extra_trees,cat__site_project_x_county_kartepe::kaymakamlik_belediye_yani_tower__kartepe,0.0
extra_trees,cat__site_project_x_county_kartepe::kent_meydaninda_1_99_krediyle__kartepe,0.0
extra_trees,cat__site_project_x_county_kartepe::korhandan_kent__kartepe,0.0
extra_trees,cat__site_project_x_county_kartepe::krediye_eminevime_uygun_butik__kartepe,0.0
extra_trees,cat__site_project_x_county_kartepe::masal__kartepe,0.0
extra_trees,cat__site_project_x_county_kartepe::meltem__kartepe,0.0
extra_trees,cat__site_project_x_county_kartepe::mercan__kartepe,0.0
extra_trees,cat__site_project_x_county_kartepe::meridyen_elite__kartepe,0.0
extra_trees,cat__site_project_x_county_kartepe::merkezi_konum_havuzlu_ve_asansorlu__kartepe,0.0
extra_trees,cat__site_project_x_county_kartepe::mk_elegance__kartepe,0.0
extra_trees,cat__site_project_x_county_kartepe::mk_konsept_1__kartepe,0.0
extra_trees,cat__site_project_x_county_kartepe::modern_2__kartepe,0.0
extra_trees,cat__site_project_x_county_kartepe::mrs_konaklari__kartepe,0.0
extra_trees,cat__site_project_x_county_kartepe::my_world_kartepe__kartepe,0.0
extra_trees,cat__site_project_x_county_kartepe::neff_vizyon__kartepe,0.0
extra_trees,cat__site_project_x_county_kartepe::new_life_kartepe__kartepe,0.0
extra_trees,cat__site_project_x_county_kartepe::on_cephe__kartepe,0.0
extra_trees,cat__site_project_x_county_kartepe::onur__kartepe,0.0
extra_trees,cat__site_project_x_county_kartepe::ozdilek_atakent__kartepe,0.0
extra_trees,cat__site_project_x_county_kartepe::pakmaya_deprem__kartepe,0.0
extra_trees,cat__site_project_x_county_kartepe::pasa_park_evleri_13__kartepe,0.0
extra_trees,cat__site_project_x_county_kartepe::pasapark_evleri_12__kartepe,0.0
extra_trees,cat__site_project_x_county_kartepe::remax_myra_dan_kartepe_fsm_de__kartepe,0.0
extra_trees,cat__site_project_x_county_kartepe::ritim_kartepe__kartepe,0.0
extra_trees,cat__site_project_x_county_kartepe::rose_garden__kartepe,0.0
extra_trees,cat__site_project_x_county_kartepe::sehri_elizan_evleri_2__kartepe,0.0
extra_trees,cat__site_project_x_county_kartepe::sifir__kartepe,0.0
extra_trees,cat__site_project_x_county_kartepe::son_kartepe_fsm__kartepe,0.0
extra_trees,cat__site_project_x_county_kartepe::sudeks_buse_kent__kartepe,0.0
extra_trees,cat__site_project_x_county_kartepe::sultan_mehmet__kartepe,0.0
extra_trees,cat__site_project_x_county_kartepe::tac_yaprak__kartepe,0.0
extra_trees,cat__site_project_x_county_kartepe::tuana__kartepe,0.0
extra_trees,cat__site_project_x_county_kartepe::tuana_evleri_1__kartepe,0.0
extra_trees,cat__site_project_x_county_kartepe::vefakent_gulbahce__kartepe,0.0
extra_trees,cat__site_project_x_county_kartepe::yagmur_dan__kartepe,0.0
extra_trees,cat__site_project_x_county_kartepe::yatirimlik_kiracili__kartepe,0.0
extra_trees,cat__site_project_x_county_kartepe::yonca__kartepe,0.0
extra_trees,cat__site_project_x_county_kartepe::yuksek_kredili_butik__kartepe,0.0
extra_trees,cat__site_project_x_county_kartepe::zeray_esil_kartepe__kartepe,0.0
extra_trees,cat__site_project_x_county_kartepe::zeray_forum_anatolia__kartepe,0.0
gradient_boosting,num__district_m2_group_target_median,0.13445549653784927
gradient_boosting,num__attr_total_quality_score,0.10315566211616549
gradient_boosting,num__district_room_count_target_median,0.0919009549088916
gradient_boosting,num__attr_effect_building_age_bucket,0.06870672456889561
gradient_boosting,num__attr_m2_per_room,0.03210069499258649
gradient_boosting,num__location_baseline_m2,0.030023555481959847
gradient_boosting,num__location_baseline_log,0.025560792626943118
gradient_boosting,num__trend_sale_m2,0.024002347291564394
gradient_boosting,num__detail_effect_outside_mean,0.02280173104796288
gradient_boosting,num__detail_effect_total_mean,0.019349919956141767
gradient_boosting,num__detail_effect_subtype_sum,0.01798712136004259
gradient_boosting,num__building_age,0.01797235262930831
gradient_boosting,num__site_project_oof_residual_mean,0.015625895451468298
gradient_boosting,num__detail_effect_inside_x_attr_quality,0.015540446916157752
gradient_boosting,num__detail_effect_subtype_mean,0.014924229834946373
gradient_boosting,num__site_project_oof_price_level,0.014329867124149296
gradient_boosting,num__total_floors,0.01401535057311505
gradient_boosting,num__attr_effect_elevator,0.013751910573041513
gradient_boosting,num__attr_building_age_inverse,0.01192560180231902
gradient_boosting,num__estimated_monthly_rent_gross,0.011904596577599813
gradient_boosting,num__demo_old_ratio,0.011343557802108892
gradient_boosting,num__dues,0.010407612534814202
gradient_boosting,num__detail_effect_inside_sum,0.010191681184351703
gradient_boosting,num__demo_age_65_plus,0.009885088981818241
gradient_boosting,cat__usage_status_Mülk Sahibi,0.008224438208520448
gradient_boosting,num__demo_divorced_ratio,0.00786282021638266
gradient_boosting,cat__parking_Açık Otopark,0.007460110291213357
gradient_boosting,num__distance_to_coastline_m,0.00722607054575495
gradient_boosting,num__attr_quality_x_county_income,0.007117181013338567
gradient_boosting,num__detail_effect_outside_sum,0.006760015283143511
gradient_boosting,num__distance_to_coast_x_near_sea_zero,0.006620383095717923
gradient_boosting,num__demo_population_density,0.0066179186622816796
gradient_boosting,num__bathroom_count,0.006468862161416781
gradient_boosting,num__net_m2,0.006325293925894467
gradient_boosting,num__detail_effect_inside_mean,0.005451258382206554
gradient_boosting,num__attr_building_age_score,0.004966430875230453
gradient_boosting,num__attr_quality_x_demo_income,0.004867895721499277
gradient_boosting,num__distance_to_karamursel_center_m,0.004376601828500569
gradient_boosting,num__location_baseline_vs_trend,0.004296895957423182
gradient_boosting,num__detail_effect_outside_x_attr_quality,0.004269559847495948
gradient_boosting,num__is_old_building,0.004063758044867439
gradient_boosting,num__demo_age_65_plus_count,0.004014574548181467
gradient_boosting,num__basiskele_district_premium_bucket_mean,0.0035124625275016396
gradient_boosting,num__detail_effect_front_sum,0.0034637232707924537
gradient_boosting,num__demo_workplace_density,0.0033653920132740676
gradient_boosting,num__attr_effect_total_quality_bucket,0.003291263559355933
gradient_boosting,num__demo_atm_per_10k,0.0031178500992610895
gradient_boosting,num__basiskele_detail_group_bucket_median,0.0028690262215424656
gradient_boosting,num__trend_yield,0.0028071995096544044
gradient_boosting,num__detail_effect_total_sum,0.002590605707887434
gradient_boosting,num__remaining_floors,0.0024673561421479475
gradient_boosting,num__district_room_rent_m2_count,0.002398650241386707
gradient_boosting,num__detail_effect_view_mean,0.00234379697752738
gradient_boosting,num__district_target_mean,0.0022939627223871545
gradient_boosting,num__attr_old_building_x_no_elevator,0.002274147349712169
gradient_boosting,num__gross_m2,0.002264732695924831
gradient_boosting,num__detail_effect_total_abs_sum,0.002142542724666783
gradient_boosting,num__distance_to_district_centroid_m,0.0021175505196831495
gradient_boosting,num__basiskele_premium_score,0.002096754372724532
gradient_boosting,num__distance_to_yuvacik_m,0.0020609633654722547
gradient_boosting,num__detail_effect_front_mean,0.0020088438578784204
gradient_boosting,cat__heating_Kombi (Doğalgaz),0.0019918503914605388
gradient_boosting,num__detail_effect_total_x_attr_quality,0.0019342023033344332
gradient_boosting,num__distance_to_coast_x_site_inside,0.001917072221816916
gradient_boosting,num__detail_effect_county_total_sum,0.0017917063453009676
gradient_boosting,num__trend_price_change_sale,0.001705791437162056
gradient_boosting,num__attr_heating_quality_score,0.0016715019201451733
gradient_boosting,num__trend_count_sale,0.0016344254839198713
gradient_boosting,num__demo_car_per_capita,0.001615444797457795
gradient_boosting,num__attr_compact_home_x_quality,0.0015624484656253505
gradient_boosting,num__lon_centered_county,0.001537384240111021
gradient_boosting,num__bearing_from_district_centroid_sin,0.0015194233871438137
gradient_boosting,num__distance_to_coast_x_large_home,0.0015082680254697414
gradient_boosting,num__detail_effect_transport_mean,0.0014398902208551036
gradient_boosting,num__attr_effect_heating_quality_bucket,0.0013965653488917165
gradient_boosting,num__bearing_from_county_centroid_cos,0.0013878936612023688
gradient_boosting,num__attr_quality_x_location_baseline,0.0013512521999295081
gradient_boosting,num__detail_selected_count,0.001308680190735132
gradient_boosting,num__large_home_quality_x_m2,0.0013021214933450387
gradient_boosting,num__net_gross_ratio,0.0012690003805886927
gradient_boosting,num__distance_to_county_centroid_m,0.00125804958832562
gradient_boosting,num__demo_age_55_64,0.001250359646223198
gradient_boosting,num__county_room_count_target_median,0.0012400167626852208
gradient_boosting,num__demo_vehicle_per_capita,0.0012213489274622601
gradient_boosting,num__district_m2_group_rent_m2_count,0.001216917105052369
gradient_boosting,num__attr_net_gross_ratio,0.0011908368829542035
gradient_boosting,num__distance_to_golcuk_center_m,0.001170580630213419
gradient_boosting,num__lat,0.0011332302716477582
gradient_boosting,num__floor_ratio,0.0010925527317952358
gradient_boosting,num__demo_pharmacy_per_10k,0.0010734251800429695
gradient_boosting,num__distance_to_izmit_center_m,0.0010522892320942807
gradient_boosting,num__distance_to_coast_x_view_sea,0.0010450008187332571
gradient_boosting,num__detail_effect_district_total_sum,0.0010335155789770662
gradient_boosting,cat__demo_dominant_age_group_35-39,0.0010104655949759191
gradient_boosting,num__detail_effect_view_x_location_baseline,0.0010054281413917551
gradient_boosting,num__district_room_rent_m2_median,0.0009942809030023632
gradient_boosting,num__bearing_from_county_centroid_sin,0.0009900302577059844
gradient_boosting,num__demo_workplace_count,0.0009785502264829517
gradient_boosting,num__site_project_oof_count,0.0009545090404459622
gradient_boosting,num__lat_centered_city,0.000949450236645433
gradient_boosting,num__distance_to_bahcecik_m,0.0009434948359063771
gradient_boosting,num__lat_centered_county,0.0009432068089818013
gradient_boosting,num__district_m2_group_rent_m2_median,0.0009078605399334798
gradient_boosting,num__detail_outside_count,0.0009029525771811421
gradient_boosting,num__location_baseline_level_code,0.000902648594405594
gradient_boosting,num__distance_to_basiskele_coast_m,0.0008926040295923022
gradient_boosting,num__demo_atm_count,0.000890015086564732
gradient_boosting,num__demo_household_size,0.0008777627765562811
gradient_boosting,num__basiskele_detail_inside_premium_signal,0.0008452377838273866
gradient_boosting,num__detail_effect_view_sum,0.0008447249253188245
gradient_boosting,num__large_home_log_m2,0.0008161639772757506
gradient_boosting,num__demo_widow_ratio,0.000807400667653612
gradient_boosting,num__detail_effect_used_count,0.000780475848938773
gradient_boosting,num__demo_pharmacy_count,0.0007570117919916035
gradient_boosting,num__trend_rent_m2,0.0007488628832022302
gradient_boosting,num__site_project_listing_count,0.0007116832813875246
gradient_boosting,num__detail_effect_negative_count,0.0007086011131752595
gradient_boosting,num__demo_married_count,0.0006993003222925312
gradient_boosting,num__basiskele_premium_x_location_baseline,0.0006934114694140475
gradient_boosting,num__detail_effect_nearby_mean,0.0006905596418649546
gradient_boosting,num__demo_married_ratio,0.0006633351277880317
gradient_boosting,num__demo_residential_density,0.0006571680059563953
gradient_boosting,num__demo_middle_ratio,0.0006506643501160754
gradient_boosting,num__demo_density_vs_county,0.0006461700241585818
gradient_boosting,num__detail_near_count,0.000643920040319472
gradient_boosting,num__attr_is_old_building,0.0006421068022014844
gradient_boosting,cat__detail_manzara_Deniz,0.0006227365348226182
gradient_boosting,num__basiskele_premium_x_new_building,0.0006097541544084507
gradient_boosting,num__attr_quality_x_district_median,0.0005592417328088995
gradient_boosting,num__demo_ses_ab_diff_county,0.000557163228345281
gradient_boosting,num__demo_ses_a_plus_ratio,0.0005511652045910757
gradient_boosting,num__demo_age_15_24,0.0005441071370236333
gradient_boosting,num__demo_university_diff_county,0.0005377463451433007
gradient_boosting,num__demo_high_school_diff_county,0.0005354354175613829
gradient_boosting,num__demo_divorced_count,0.0005235931275963411
gradient_boosting,num__trend_sale_annual_change,0.000513274729176743
gradient_boosting,num__large_home_detail_premium_x_m2,0.0005028316674353924
gradient_boosting,num__transport_score,0.0004918863089997971
gradient_boosting,cat__building_age_group_31 ve üzeri,0.0004906647355886773
gradient_boosting,num__demo_ses_a_plus_count,0.0004891885859103109
gradient_boosting,num__distance_to_kullar_m,0.0004759511455554463
gradient_boosting,num__demo_age_0_14_count,0.0004639732472406686
gradient_boosting,num__attr_floor_ratio,0.0004608060710613147
gradient_boosting,num__floor_num,0.00044519524650413195
gradient_boosting,num__distance_to_geo_cluster_center_m,0.00044326547951704015
gradient_boosting,num__lon,0.00043713131890148275
gradient_boosting,cat__usage_status_Kiracılı,0.0004342717940207149
gradient_boosting,num__site_project_oof_confidence,0.0004245629489782001
gradient_boosting,num__estimated_rent_m2_gross,0.00041844235246661133
gradient_boosting,num__district_rent_m2_count,0.0004131102922085635
gradient_boosting,num__demo_household_income_try,0.00040464431028614596
gradient_boosting,num__detail_transport_count,0.0003943138678071929
gradient_boosting,num__bearing_from_district_centroid_cos,0.0003906585910036661
gradient_boosting,num__demo_education_graduate_count,0.0003881111068421225
gradient_boosting,cat__detail_konut_tipi_En Üst Kat,0.00038773127153201393
gradient_boosting,num__large_home_room_density,0.00038719505837067777
gradient_boosting,num__demo_summer_house_count,0.0003702121823804065
gradient_boosting,num__attr_effect_site_inside,0.0003679959885687573
gradient_boosting,cat__site_project_match_source_missing,0.00036438771101674356
gradient_boosting,num__demo_young_ratio,0.0003517313603005088
gradient_boosting,num__attr_new_building_x_site_inside,0.0003481148587222523
gradient_boosting,num__demo_female_ratio,0.0003466957235567592
gradient_boosting,num__distance_to_sahil_m,0.0003353102354648299
gradient_boosting,cat__geo_cluster_x_room_count_city_10||3+1,0.00033347700735778717
gradient_boosting,cat__geo_cluster_x_room_count_city_1||3+1,0.0003326277835929064
gradient_boosting,cat__room_count_3+1,0.00031266678498117215
gradient_boosting,num__detail_view_count,0.0003071597459639305
gradient_boosting,cat__furnished_Hayır,0.0003000723024375632
gradient_boosting,cat__geo_cluster_x_room_count_city_2||3+1,0.0002990549478931353
gradient_boosting,cat__m2_group_76-100,0.00028684924928503873
gradient_boosting,num__site_project_county_frequency,0.0002859238082207528
gradient_boosting,num__attr_amenity_score,0.0002824322749020442
gradient_boosting,num__detail_effect_positive_count,0.0002821849139488649
gradient_boosting,num__demo_never_married_count,0.00028106669299726283
gradient_boosting,num__demo_single_ratio,0.00025440548028662376
gradient_boosting,cat__building_age_group_0 (Oturuma Hazır),0.0002486645810432412
gradient_boosting,num__demo_ses_cd_diff_county,0.0002473301034369847
gradient_boosting,num__location_baseline_count,0.00023752739549347962
gradient_boosting,cat__kitchen_Açık (Amerikan),0.00023306498751326515
gradient_boosting,num__site_project_known_premium_flag,0.0002240726632034264
gradient_boosting,num__detail_effect_nearby_sum,0.00022160741113071372
gradient_boosting,num__basiskele_district_premium_bucket_count,0.00021584546578582722
gradient_boosting,num__large_home_m2_excess,0.00021520973390895147
gradient_boosting,num__outside_quality_score,0.00021344117963892833
gradient_boosting,num__basiskele_detail_total_premium_signal,0.00020521954402993834
gradient_boosting,num__accessibility_score,0.0001981155930089816
gradient_boosting,cat__building_age_group_2,0.00019750793902401244
gradient_boosting,cat__geo_cluster_city_city_9,0.0001966041482622201
gradient_boosting,num__demo_vehicle_count,0.0001919953637352323
gradient_boosting,num__district_rent_m2_iqr,0.00019034246244100723
gradient_boosting,num__attr_large_home_x_quality,0.00018678299635848216
gradient_boosting,num__detail_inside_count,0.0001867485341426093
gradient_boosting,num__lon_centered_city,0.00018500475259229573
gradient_boosting,num__demo_ses_d_count,0.0001820482076947096
gradient_boosting,num__demo_education_high_school_ratio,0.00017814791973933707
gradient_boosting,num__demo_young_ratio_diff_county,0.00017664969938073225
gradient_boosting,num__basiskele_detail_outside_premium_signal,0.00017288989622170098
gradient_boosting,cat__basiskele_geo_cluster_x_m2_group_Başiskele_5||151-200,0.0001658403597312848
gradient_boosting,num__district_target_median,0.00016386200091137958
gradient_boosting,num__demo_ses_a_ratio,0.00016099709986223588
gradient_boosting,cat__heating_Merkezi,0.00015847019907248334
gradient_boosting,num__demo_income_vs_county,0.00015775167219468297
gradient_boosting,num__demo_education_middle_school_ratio,0.00015773393422592355
gradient_boosting,num__demo_per_capita_income_try,0.0001548072337930349
gradient_boosting,cat__building_age_group_21-25 arası,0.00015271558068865197
gradient_boosting,num__demo_old_ratio_diff_county,0.0001492228995290041
gradient_boosting,num__basiskele_premium_x_gross_m2,0.0001484582489272677
gradient_boosting,cat__balcony_Yok,0.00014176278877972128
gradient_boosting,num__inside_quality_score,0.00014096685937215175
gradient_boosting,cat__coast_distance_bucket_1000_3000,0.00014072258385821804
gradient_boosting,cat__building_age_group_26-30 arası,0.00013691047956044313
gradient_boosting,cat__detail_konut_tipi_Bahçe Dubleksi,0.00013617799278338048
gradient_boosting,num__basiskele_premium_x_detail_view,0.00013170288394543866
gradient_boosting,num__site_project_freq_bucket,0.00013051570329126327
gradient_boosting,cat__site_project_id_county_scoped_izmit::akcakent_2,0.000126293205241287
gradient_boosting,num__district_rent_m2_cv,0.00012540513546512044
gradient_boosting,num__demo_ses_cd_ratio,0.00011920920828915622
gradient_boosting,cat__balcony_Var,0.00011819743472517747
gradient_boosting,cat__floor_segment_Bahçe,0.00011575875690289215
gradient_boosting,cat__detail_konut_tipi_Ara Kat,0.00011067457515487299
gradient_boosting,cat__geo_cluster_x_room_count_city_8||3+1,0.00010815262867822922
gradient_boosting,cat__geo_cluster_x_room_count_city_5||3+1,0.00010218813580757674
gradient_boosting,num__detail_quality_score,9.894353712163939e-05
gradient_boosting,cat__geo_cluster_x_room_count_city_9||3+1,8.945272897587822e-05
gradient_boosting,cat__parking_missing,8.892842754047195e-05
gradient_boosting,cat__floor_segment_Zemin/Giriş,8.755839574416886e-05
gradient_boosting,num__detail_effect_transport_sum,8.710776540558007e-05
gradient_boosting,num__demo_age_25_34,8.586766979313324e-05
gradient_boosting,num__trend_listing_period_sale,8.57839074015031e-05
gradient_boosting,num__demo_ses_c_ratio,8.516329031488208e-05
gradient_boosting,num__view_score,8.357189309480002e-05
gradient_boosting,num__demo_widow_count,8.326356766499486e-05
gradient_boosting,cat__floor_segment_Ara Kat,7.499627025131632e-05
gradient_boosting,num__demo_education_university_count,7.420704407271576e-05
gradient_boosting,num__attr_floor_quality_score,7.288880269210558e-05
gradient_boosting,num__basiskele_lat_lon_interaction,6.968911064002613e-05
gradient_boosting,num__attr_is_middle_floor,6.500535917914918e-05
gradient_boosting,cat__detail_manzara_Şehir,5.171628386570685e-05
gradient_boosting,num__attr_is_top_floor,4.829205914821933e-05
gradient_boosting,num__attr_compactness_score,4.034238942926619e-05
gradient_boosting,num__large_home_site_x_m2,1.4192316094081578e-05
gradient_boosting,num__open_area_m2,0.0
gradient_boosting,num__has_open_area,0.0
gradient_boosting,num__is_ground_floor,0.0
gradient_boosting,num__is_basement,0.0
gradient_boosting,num__is_top_floor,0.0
gradient_boosting,num__is_middle_floor,0.0
gradient_boosting,num__rooms,0.0
gradient_boosting,num__living_rooms,0.0
gradient_boosting,num__total_room_score,0.0
gradient_boosting,num__is_new_building,0.0
gradient_boosting,num__is_small_flat,0.0
gradient_boosting,num__is_large_flat,0.0
gradient_boosting,num__detail_front_count,0.0
gradient_boosting,num__detail_subtype_count,0.0
gradient_boosting,num__front_score,0.0
gradient_boosting,num__nearby_score,0.0
gradient_boosting,num__site_security_score,0.0
gradient_boosting,num__district_rent_m2_median,0.0
gradient_boosting,num__district_rent_m2_mean,0.0
gradient_boosting,num__county_rent_m2_median,0.0
gradient_boosting,num__county_rent_m2_mean,0.0
gradient_boosting,num__county_rent_m2_count,0.0
gradient_boosting,num__rent_feature_confidence,0.0
gradient_boosting,num__trend_count_rent,0.0
gradient_boosting,num__county_target_median,0.0
gradient_boosting,num__county_target_mean,0.0
gradient_boosting,num__demo_population_total,0.0
gradient_boosting,num__demo_population_male,0.0
gradient_boosting,num__demo_population_female,0.0
gradient_boosting,num__demo_young_count,0.0
gradient_boosting,num__demo_middle_count,0.0
gradient_boosting,num__demo_old_count,0.0
gradient_boosting,num__demo_male_ratio,0.0
gradient_boosting,num__demo_age_0_14,0.0
gradient_boosting,num__demo_age_35_44,0.0
gradient_boosting,num__demo_age_45_54,0.0
gradient_boosting,num__demo_age_15_24_count,0.0
gradient_boosting,num__demo_age_25_34_count,0.0
gradient_boosting,num__demo_age_35_44_count,0.0
gradient_boosting,num__demo_age_45_54_count,0.0
gradient_boosting,num__demo_age_55_64_count,0.0
gradient_boosting,num__demo_education_total,0.0
gradient_boosting,num__demo_education_university_ratio,0.0
gradient_boosting,num__demo_education_high_school_count,0.0
gradient_boosting,num__demo_education_middle_school_count,0.0
gradient_boosting,num__demo_education_primary_school_ratio,0.0
gradient_boosting,num__demo_education_primary_school_count,0.0
gradient_boosting,num__demo_education_primary_education_ratio,0.0
gradient_boosting,num__demo_education_graduate_ratio,0.0
gradient_boosting,num__demo_education_doctorate_ratio,0.0
gradient_boosting,num__demo_education_doctorate_count,0.0
gradient_boosting,num__demo_education_non_literate_ratio,0.0
gradient_boosting,num__demo_education_unknown_ratio,0.0
gradient_boosting,num__demo_ses_a_count,0.0
gradient_boosting,num__demo_ses_b_count,0.0
gradient_boosting,num__demo_ses_c_count,0.0
gradient_boosting,num__demo_ses_b_ratio,0.0
gradient_boosting,num__demo_ses_d_ratio,0.0
gradient_boosting,num__demo_ses_ab_ratio,0.0
gradient_boosting,num__demo_household_count,0.0
gradient_boosting,num__demo_residential_count,0.0
gradient_boosting,num__demo_car_count,0.0
gradient_boosting,num__demo_bank_count,0.0
gradient_boosting,num__county_demo_population_total_sum,0.0
gradient_boosting,num__county_demo_population_density_median,0.0
gradient_boosting,num__county_demo_population_density_mean,0.0
gradient_boosting,num__county_demo_per_capita_income_median,0.0
gradient_boosting,num__county_demo_household_income_median,0.0
gradient_boosting,num__county_demo_household_size_mean,0.0
gradient_boosting,num__county_demo_education_university_ratio_mean,0.0
gradient_boosting,num__county_demo_education_high_school_ratio_mean,0.0
gradient_boosting,num__county_demo_ses_ab_ratio_mean,0.0
gradient_boosting,num__county_demo_ses_cd_ratio_mean,0.0
gradient_boosting,num__county_demo_old_ratio_mean,0.0
gradient_boosting,num__county_demo_young_ratio_mean,0.0
gradient_boosting,num__county_demo_married_ratio_mean,0.0
gradient_boosting,num__county_demo_single_ratio_mean,0.0
gradient_boosting,num__county_demo_residential_count_sum,0.0
gradient_boosting,num__county_demo_workplace_count_sum,0.0
gradient_boosting,num__county_demo_vehicle_count_sum,0.0
gradient_boosting,num__county_demo_car_count_sum,0.0
gradient_boosting,num__county_demo_atm_count_sum,0.0
gradient_boosting,num__county_demo_pharmacy_count_sum,0.0
gradient_boosting,num__county_demo_bank_count_sum,0.0
gradient_boosting,num__demo_household_income_vs_county,0.0
gradient_boosting,num__demo_bank_per_10k,0.0
gradient_boosting,num__demo_has_demographics,0.0
gradient_boosting,num__demo_has_county_demographics,0.0
gradient_boosting,num__demo_age_coverage,0.0
gradient_boosting,num__demo_education_coverage,0.0
gradient_boosting,num__demo_income_available,0.0
gradient_boosting,num__demo_ses_available,0.0
gradient_boosting,num__demo_market_activity_available,0.0
gradient_boosting,num__demo_infrastructure_available,0.0
gradient_boosting,num__demo_coverage_score,0.0
gradient_boosting,num__demo_real_estate_agent_count,0.0
gradient_boosting,num__demo_agent_listing_count,0.0
gradient_boosting,num__demo_owner_listing_count,0.0
gradient_boosting,num__demo_sale_count,0.0
gradient_boosting,num__demo_mortgage_count,0.0
gradient_boosting,num__demo_turnover_ratio,0.0
gradient_boosting,num__demo_computed_turnover_ratio,0.0
gradient_boosting,num__demo_listing_count_2024,0.0
gradient_boosting,num__demo_bb_sale_count_2024,0.0
gradient_boosting,num__demo_bb_mortgaged_sale_count_2024,0.0
gradient_boosting,num__county_demo_sale_count_sum,0.0
gradient_boosting,num__county_demo_turnover_ratio_median,0.0
gradient_boosting,num__demo_turnover_vs_county,0.0
gradient_boosting,num__demo_saving_total,0.0
gradient_boosting,num__demo_expense_total,0.0
gradient_boosting,num__demo_expense_food,0.0
gradient_boosting,num__demo_expense_shelter,0.0
gradient_boosting,num__demo_expense_transportation,0.0
gradient_boosting,num__demo_expense_education,0.0
gradient_boosting,num__demo_ecommerce_count,0.0
gradient_boosting,num__demo_ecommerce_density,0.0
gradient_boosting,num__demo_online_retail,0.0
gradient_boosting,num__attr_is_new_building,0.0
gradient_boosting,num__attr_is_young_building,0.0
gradient_boosting,num__attr_is_mid_age_building,0.0
gradient_boosting,num__attr_is_ground_or_below,0.0
gradient_boosting,num__attr_net_gross_good,0.0
gradient_boosting,num__attr_net_gross_bad,0.0
gradient_boosting,num__attr_has_elevator,0.0
gradient_boosting,num__attr_has_parking,0.0
gradient_boosting,num__attr_has_balcony,0.0
gradient_boosting,num__attr_is_furnished,0.0
gradient_boosting,num__attr_is_site_inside,0.0
gradient_boosting,num__attr_credit_eligible,0.0
gradient_boosting,num__attr_has_natural_gas_heating,0.0
gradient_boosting,num__attr_has_premium_heating,0.0
gradient_boosting,num__attr_has_poor_heating,0.0
gradient_boosting,num__attr_effect_parking,0.0
gradient_boosting,num__attr_county_new_building_premium,0.0
gradient_boosting,num__attr_county_old_building_discount,0.0
gradient_boosting,num__attr_county_elevator_premium,0.0
gradient_boosting,num__attr_county_site_inside_premium,0.0
gradient_boosting,num__attr_county_parking_premium,0.0
gradient_boosting,num__attr_county_good_heating_premium,0.0
gradient_boosting,num__attr_county_high_quality_premium,0.0
gradient_boosting,num__detail_effect_level_code,0.0
gradient_boosting,num__large_home_net_gross_quality,0.0
gradient_boosting,num__large_home_basiskele_premium,0.0
gradient_boosting,num__basiskele_detail_view_premium_signal,0.0
gradient_boosting,num__basiskele_detail_subtype_premium_signal,0.0
gradient_boosting,num__basiskele_has_pool_signal,0.0
gradient_boosting,num__basiskele_has_security_signal,0.0
gradient_boosting,num__basiskele_has_social_luxury_signal,0.0
gradient_boosting,num__basiskele_has_view_signal,0.0
gradient_boosting,num__basiskele_has_inside_luxury_signal,0.0
gradient_boosting,num__basiskele_site_premium_signal,0.0
gradient_boosting,num__basiskele_premium_bucket_low,0.0
gradient_boosting,num__basiskele_premium_bucket_mid,0.0
gradient_boosting,num__basiskele_premium_bucket_high,0.0
gradient_boosting,num__basiskele_premium_x_large_home,0.0
gradient_boosting,num__basiskele_premium_x_site_inside,0.0
gradient_boosting,num__basiskele_premium_x_district_target_median,0.0
gradient_boosting,num__basiskele_premium_x_detail_outside,0.0
gradient_boosting,num__basiskele_district_premium_bucket_median,0.0
gradient_boosting,num__basiskele_premium_bucket_county_median,0.0
gradient_boosting,num__basiskele_premium_bucket_county_mean,0.0
gradient_boosting,num__basiskele_large_home_premium_bucket_median,0.0
gradient_boosting,num__has_lat_lon,0.0
gradient_boosting,num__location_precision_exact,0.0
gradient_boosting,num__location_precision_approx,0.0
gradient_boosting,num__location_precision_district_only,0.0
gradient_boosting,num__location_precision_missing,0.0
gradient_boosting,num__location_source_data_attr_map,0.0
gradient_boosting,num__location_backfill_ok,0.0
gradient_boosting,num__location_backfill_listing_removed,0.0
gradient_boosting,num__location_quality_score,0.0
gradient_boosting,num__is_coastal_500m,0.0
gradient_boosting,num__is_coastal_1000m,0.0
gradient_boosting,num__is_coastal_2000m,0.0
gradient_boosting,num__location_quality_x_detail_effect_total,0.0
gradient_boosting,num__basiskele_distance_to_coast_x_large_home,0.0
gradient_boosting,num__basiskele_distance_to_coast_x_quality,0.0
gradient_boosting,num__geo_context_missing,0.0
gradient_boosting,num__geo_context_has_exact_location,0.0
gradient_boosting,num__geo_context_has_approx_location,0.0
gradient_boosting,num__distance_to_sea_m,0.0
gradient_boosting,num__log_distance_to_sea,0.0
gradient_boosting,num__is_coastal_250m,0.0
gradient_boosting,num__coast_distance_bucket_code,0.0
gradient_boosting,num__coastal_access_score,0.0
gradient_boosting,num__bsk_distance_to_sea_x_view_sea,0.0
gradient_boosting,num__bsk_distance_to_sea_x_near_sea_zero,0.0
gradient_boosting,num__bsk_distance_to_sea_x_large_home,0.0
gradient_boosting,num__bsk_distance_to_sea_x_site_inside,0.0
gradient_boosting,num__bsk_distance_to_sea_x_quality,0.0
gradient_boosting,num__bsk_coastal_x_large_home,0.0
gradient_boosting,num__bsk_coastal_x_geo_cluster,0.0
gradient_boosting,num__bsk_coastal_x_room_4p1,0.0
gradient_boosting,num__has_site_project_id,0.0
gradient_boosting,num__county_site_project_count,0.0
gradient_boosting,cat__real_estate_type_Satılık Daire,0.0
gradient_boosting,cat__real_estate_type_Satılık Müstakil Ev,0.0
gradient_boosting,cat__real_estate_type_Satılık Rezidans,0.0
gradient_boosting,cat__real_estate_type_Satılık Villa,0.0
gradient_boosting,cat__real_estate_type_Satılık Yazlık,0.0
gradient_boosting,cat__room_count_1+1,0.0
gradient_boosting,cat__room_count_1.5+1,0.0
gradient_boosting,cat__room_count_2+0,0.0
gradient_boosting,cat__room_count_2+1,0.0
gradient_boosting,cat__room_count_2+2,0.0
gradient_boosting,cat__room_count_2.5+1,0.0
gradient_boosting,cat__room_count_3+0,0.0
gradient_boosting,cat__room_count_3+2,0.0
gradient_boosting,cat__room_count_3.5+1,0.0
gradient_boosting,cat__room_count_4+1,0.0
gradient_boosting,cat__room_count_4+2,0.0
gradient_boosting,cat__room_count_4.5+1,0.0
gradient_boosting,cat__room_count_4.5+2,0.0
gradient_boosting,cat__room_count_5+1,0.0
gradient_boosting,cat__room_count_5+2,0.0
gradient_boosting,cat__room_count_5.5+1,0.0
gradient_boosting,cat__room_count_6+1,0.0
gradient_boosting,cat__room_count_6+2,0.0
gradient_boosting,cat__room_count_6+3,0.0
gradient_boosting,cat__room_count_7+1,0.0
gradient_boosting,cat__room_count_Stüdyo (1+0),0.0
gradient_boosting,cat__floor_segment_Bodrum,0.0
gradient_boosting,cat__floor_segment_En Üst Kat,0.0
gradient_boosting,cat__floor_segment_missing,0.0
gradient_boosting,cat__floor_segment_Çatı,0.0
gradient_boosting,cat__heating_Doğalgaz Sobası,0.0
gradient_boosting,cat__heating_Kat Kaloriferi,0.0
gradient_boosting,cat__heating_Klima,0.0
gradient_boosting,cat__heating_Kombi (Elektrik),0.0
gradient_boosting,cat__heating_Merkezi (Pay Ölçer),0.0
gradient_boosting,cat__heating_Soba,0.0
gradient_boosting,cat__heating_VRV,0.0
gradient_boosting,cat__heating_Yerden Isıtma,0.0
gradient_boosting,cat__heating_Yok,0.0
gradient_boosting,cat__heating_missing,0.0
gradient_boosting,cat__kitchen_Belirtilmemiş,0.0
gradient_boosting,cat__kitchen_Kapalı,0.0
gradient_boosting,cat__balcony_missing,0.0
gradient_boosting,cat__elevator_Belirtilmemiş,0.0
gradient_boosting,cat__elevator_Var,0.0
gradient_boosting,cat__elevator_Yok,0.0
gradient_boosting,cat__elevator_missing,0.0
gradient_boosting,cat__parking_Açık & Kapalı Otopark,0.0
gradient_boosting,cat__parking_Kapalı Otopark,0.0
gradient_boosting,cat__parking_Yok,0.0
gradient_boosting,cat__furnished_Belirtilmemiş,0.0
gradient_boosting,cat__furnished_Evet,0.0
gradient_boosting,cat__furnished_missing,0.0
gradient_boosting,cat__usage_status_Boş,0.0
gradient_boosting,cat__usage_status_missing,0.0
gradient_boosting,cat__site_inside_Belirtilmemiş,0.0
gradient_boosting,cat__site_inside_Evet,0.0
gradient_boosting,cat__site_inside_Hayır,0.0
gradient_boosting,cat__site_inside_missing,0.0
gradient_boosting,cat__credit_eligible_missing,0.0
gradient_boosting,cat__energy_certificate_missing,0.0
gradient_boosting,cat__deed_status_missing,0.0
gradient_boosting,cat__seller_type_missing,0.0
gradient_boosting,cat__barter_missing,0.0
gradient_boosting,cat__city_Kocaeli,0.0
gradient_boosting,cat__county_Başiskele,0.0
gradient_boosting,cat__county_Gölcük,0.0
gradient_boosting,cat__county_Karamürsel,0.0
gradient_boosting,cat__county_Kartepe,0.0
gradient_boosting,cat__county_İzmit,0.0
gradient_boosting,cat__district_28 Haziran Mah.,0.0
gradient_boosting,cat__district_4 Temmuz Mah.,0.0
gradient_boosting,cat__district_Acısu Mh.,0.0
gradient_boosting,cat__district_Akarca Mah.,0.0
gradient_boosting,cat__district_Akpınar Mh.,0.0
gradient_boosting,cat__district_Akçakoca Mh.,0.0
gradient_boosting,cat__district_Alikahya Atatürk Mh.,0.0
gradient_boosting,cat__district_Alikahya Cumhuriyet Mah.,0.0
gradient_boosting,cat__district_Alikahya Fatih Mah.,0.0
gradient_boosting,cat__district_Alikahya Merkez Mah.,0.0
gradient_boosting,cat__district_Altınkent Mh.,0.0
gradient_boosting,cat__district_Arslanbey Mh.,0.0
gradient_boosting,cat__district_Arızlı Mh.,0.0
gradient_boosting,cat__district_Ataevler Mh.,0.0
gradient_boosting,cat__district_Atakent Mah.,0.0
gradient_boosting,cat__district_Atatürk Mh.,0.0
gradient_boosting,cat__district_Ataşehir Mh.,0.0
gradient_boosting,cat__district_Avcıköy Mh.,0.0
gradient_boosting,cat__district_Ayazma Mah.,0.0
gradient_boosting,cat__district_Aydınkent Mh.,0.0
gradient_boosting,cat__district_Bahçecik Kılıçaslan Mh.,0.0
gradient_boosting,cat__district_Bahçecik Şehitekrem Mh.,0.0
gradient_boosting,cat__district_Barbaros Mah.,0.0
gradient_boosting,cat__district_Bekirdere Mah.,0.0
gradient_boosting,cat__district_Cedit Mah.,0.0
gradient_boosting,cat__district_Cumhuriyet Mah.,0.0
gradient_boosting,cat__district_Damlar Mah.,0.0
gradient_boosting,cat__district_Derbent Mh.,0.0
gradient_boosting,cat__district_Dereköy Mh.,0.0
gradient_boosting,cat__district_Değirmendere Merkez Mh.,0.0
gradient_boosting,cat__district_Değirmendere Yalı Mh.,0.0
gradient_boosting,cat__district_Donanma Mah.,0.0
gradient_boosting,cat__district_Doğan Mh.,0.0
gradient_boosting,cat__district_Dumlupınar Mh.,0.0
gradient_boosting,cat__district_Durhasan Mh.,0.0
gradient_boosting,cat__district_Döngel Mh.,0.0
gradient_boosting,cat__district_Düzağaç Mh.,0.0
gradient_boosting,cat__district_Emekevler Mh.,0.0
gradient_boosting,cat__district_Erenler Mah.,0.0
gradient_boosting,cat__district_Ereğli Mh.,0.0
gradient_boosting,cat__district_Ertuğrul Gazi Mh.,0.0
gradient_boosting,cat__district_Fatih Mah.,0.0
gradient_boosting,cat__district_Fatih Sultan Mehmet Mh.,0.0
gradient_boosting,cat__district_Fevzi Çakmak Mh.,0.0
gradient_boosting,cat__district_Gültepe Mh.,0.0
gradient_boosting,cat__district_Gündoğdu Mh.,0.0
gradient_boosting,cat__district_Hacıhasan Mh.,0.0
gradient_boosting,cat__district_Hacıhızır Mh.,0.0
gradient_boosting,cat__district_Halıdere Yalı Mh.,0.0
gradient_boosting,cat__district_Halıdere Yeni Mh.,0.0
gradient_boosting,cat__district_Hatipköy Mh.,0.0
gradient_boosting,cat__district_Havuzlubahçe Mh.,0.0
gradient_boosting,cat__district_Hisareyn Merkez Mah.,0.0
gradient_boosting,cat__district_Kabaoğlu Mh.,0.0
gradient_boosting,cat__district_Kadıköy Mh.,0.0
gradient_boosting,cat__district_Karabaş Mh.,0.0
gradient_boosting,cat__district_Karadenizliler Mah.,0.0
gradient_boosting,cat__district_Karaköprü Mh.,0.0
gradient_boosting,cat__district_Karşıyaka Mh.,0.0
gradient_boosting,cat__district_Kavaklı Mh.,0.0
gradient_boosting,cat__district_Kayacık Mh.,0.0
gradient_boosting,cat__district_Kemalpaşa Mh.,0.0
gradient_boosting,cat__district_Kocatepe Mah.,0.0
gradient_boosting,cat__district_Kozluk Mah.,0.0
gradient_boosting,cat__district_Kullar Merkez Mh.,0.0
gradient_boosting,cat__district_Kullar Tepecik Mh.,0.0
gradient_boosting,cat__district_Kullar Yakacık Mh.,0.0
gradient_boosting,cat__district_Kuruçeşme Fatih Mh.,0.0
gradient_boosting,cat__district_Körfez Mh.,0.0
gradient_boosting,cat__district_Köseköy Mh.,0.0
gradient_boosting,cat__district_M. Alipaşa Mh.,0.0
gradient_boosting,cat__district_Mahmutpaşa Mh.,0.0
gradient_boosting,cat__district_Malta Mah.,0.0
gradient_boosting,cat__district_Maşukiye Mh.,0.0
gradient_boosting,cat__district_Merkez Mah.,0.0
gradient_boosting,cat__district_Orhan Mah.,0.0
gradient_boosting,cat__district_Paşadağ Mh.,0.0
gradient_boosting,cat__district_Piyalepaşa Mh.,0.0
gradient_boosting,cat__district_Rahmiye Mah.,0.0
gradient_boosting,cat__district_Sahil Mah.,0.0
gradient_boosting,cat__district_Sanayi Mah.,0.0
gradient_boosting,cat__district_Saraylı Mh.,0.0
gradient_boosting,cat__district_Sarımeşe Mh.,0.0
gradient_boosting,cat__district_Sekbanlı Mh.,0.0
gradient_boosting,cat__district_Sepetçi Mh.,0.0
gradient_boosting,cat__district_Serdar Mah.,0.0
gradient_boosting,cat__district_Seymen Mah.,0.0
gradient_boosting,cat__district_Tavşantepe Mh.,0.0
gradient_boosting,cat__district_Tepecik Mah.,0.0
gradient_boosting,cat__district_Tepecik Mh.,0.0
gradient_boosting,cat__district_Tepeköy Mh.,0.0
gradient_boosting,cat__district_Topçular Mh.,0.0
gradient_boosting,cat__district_Turgut Mah.,0.0
gradient_boosting,cat__district_Tüysüzler Mh.,0.0
gradient_boosting,cat__district_Ulaşlı Yalı Mh.,0.0
gradient_boosting,cat__district_Ulaşlı Yavuz Sultan Selim Mh.,0.0
gradient_boosting,cat__district_Uzuntarla Mh.,0.0
gradient_boosting,cat__district_Uzunçiftlik Mh.,0.0
gradient_boosting,cat__district_Veliahmet Mah.,0.0
gradient_boosting,cat__district_Vezirçiftliği Mh.,0.0
gradient_boosting,cat__district_Yahyakaptan Mah.,0.0
gradient_boosting,cat__district_Yalakdere Mh.,0.0
gradient_boosting,cat__district_Yaylacık Mh.,0.0
gradient_boosting,cat__district_Yazlık Merkez Mh.,0.0
gradient_boosting,cat__district_Yazlık Yeni Mh.,0.0
gradient_boosting,cat__district_Yeni Mah.,0.0
gradient_boosting,cat__district_Yenidoğan Mh.,0.0
gradient_boosting,cat__district_Yeniköy Merkez Mh.,0.0
gradient_boosting,cat__district_Yenişehir Mh.,0.0
gradient_boosting,cat__district_Yeşilkent Mh.,0.0
gradient_boosting,cat__district_Yeşilova Mh.,0.0
gradient_boosting,cat__district_Yeşilyurt Mh.,0.0
gradient_boosting,cat__district_Yukarı Mh.,0.0
gradient_boosting,cat__district_Yunus Emre Mah.,0.0
gradient_boosting,cat__district_Yuvacık Yakacık Mh.,0.0
gradient_boosting,cat__district_Yüzbaşılar Mh.,0.0
gradient_boosting,cat__district_Zabıtan Mh.,0.0
gradient_boosting,cat__district_Çayırköy Mh.,0.0
gradient_boosting,cat__district_Çepni Mh.,0.0
gradient_boosting,cat__district_Çiftlik Mh.,0.0
gradient_boosting,cat__district_Çukurbağ Mh.,0.0
gradient_boosting,cat__district_Ömerağa Mh.,0.0
gradient_boosting,cat__district_Örcün Mh.,0.0
gradient_boosting,cat__district_İbrikdere Mh.,0.0
gradient_boosting,cat__district_İhsaniye Merkez Mh.,0.0
gradient_boosting,cat__district_İpek Yolu Mh.,0.0
gradient_boosting,cat__district_İstasyon Mh.,0.0
gradient_boosting,cat__district_Şehitler Mh.,0.0
gradient_boosting,cat__district_Şevkatiye Mh.,0.0
gradient_boosting,cat__district_Şirinköy Mh.,0.0
gradient_boosting,cat__district_Şirintepe Mh.,0.0
gradient_boosting,cat__building_age_group_0 (Yapım Aşamasında),0.0
gradient_boosting,cat__building_age_group_1,0.0
gradient_boosting,cat__building_age_group_11-15 arası,0.0
gradient_boosting,cat__building_age_group_16-20 arası,0.0
gradient_boosting,cat__building_age_group_3,0.0
gradient_boosting,cat__building_age_group_4,0.0
gradient_boosting,cat__building_age_group_5,0.0
gradient_boosting,cat__building_age_group_6-10 arası,0.0
gradient_boosting,cat__building_age_group_missing,0.0
gradient_boosting,cat__m2_group_0-75,0.0
gradient_boosting,cat__m2_group_101-125,0.0
gradient_boosting,cat__m2_group_126-150,0.0
gradient_boosting,cat__m2_group_151-200,0.0
gradient_boosting,cat__m2_group_200+,0.0
gradient_boosting,cat__detail_cephe_Batı,0.0
gradient_boosting,cat__detail_cephe_Batı|Doğu,0.0
gradient_boosting,cat__detail_cephe_Batı|Doğu|Güney,0.0
gradient_boosting,cat__detail_cephe_Batı|Doğu|Güney|Kuzey,0.0
gradient_boosting,cat__detail_cephe_Batı|Doğu|Kuzey,0.0
gradient_boosting,cat__detail_cephe_Batı|Güney,0.0
gradient_boosting,cat__detail_cephe_Batı|Güney|Kuzey,0.0
gradient_boosting,cat__detail_cephe_Batı|Kuzey,0.0
gradient_boosting,cat__detail_cephe_Doğu,0.0
gradient_boosting,cat__detail_cephe_Doğu|Güney,0.0
gradient_boosting,cat__detail_cephe_Doğu|Güney|Kuzey,0.0
gradient_boosting,cat__detail_cephe_Doğu|Kuzey,0.0
gradient_boosting,cat__detail_cephe_Güney,0.0
gradient_boosting,cat__detail_cephe_Güney|Kuzey,0.0
gradient_boosting,cat__detail_cephe_Kuzey,0.0
gradient_boosting,cat__detail_cephe_missing,0.0
gradient_boosting,cat__detail_manzara_Boğaz|Deniz,0.0
gradient_boosting,cat__detail_manzara_Boğaz|Deniz|Doğa,0.0
gradient_boosting,cat__detail_manzara_Boğaz|Deniz|Doğa|Göl|Havuz|Nehir|Park & Yeşil Alan|Şehir,0.0
gradient_boosting,cat__detail_manzara_Boğaz|Deniz|Doğa|Göl|Park & Yeşil Alan|Şehir,0.0
gradient_boosting,cat__detail_manzara_Boğaz|Deniz|Doğa|Havuz|Park & Yeşil Alan|Şehir,0.0
gradient_boosting,cat__detail_manzara_Boğaz|Deniz|Doğa|Park & Yeşil Alan,0.0
gradient_boosting,cat__detail_manzara_Boğaz|Deniz|Doğa|Park & Yeşil Alan|Şehir,0.0
gradient_boosting,cat__detail_manzara_Boğaz|Deniz|Doğa|Şehir,0.0
gradient_boosting,cat__detail_manzara_Boğaz|Deniz|Göl|Park & Yeşil Alan,0.0
gradient_boosting,cat__detail_manzara_Boğaz|Deniz|Park & Yeşil Alan,0.0
gradient_boosting,cat__detail_manzara_Boğaz|Deniz|Park & Yeşil Alan|Şehir,0.0
gradient_boosting,cat__detail_manzara_Boğaz|Deniz|Şehir,0.0
gradient_boosting,cat__detail_manzara_Boğaz|Doğa|Havuz|Park & Yeşil Alan,0.0
gradient_boosting,cat__detail_manzara_Boğaz|Doğa|Park & Yeşil Alan,0.0
gradient_boosting,cat__detail_manzara_Boğaz|Doğa|Park & Yeşil Alan|Şehir,0.0
gradient_boosting,cat__detail_manzara_Deniz|Doğa,0.0
gradient_boosting,cat__detail_manzara_Deniz|Doğa|Göl|Park & Yeşil Alan,0.0
gradient_boosting,cat__detail_manzara_Deniz|Doğa|Göl|Park & Yeşil Alan|Şehir,0.0
gradient_boosting,cat__detail_manzara_Deniz|Doğa|Havuz,0.0
gradient_boosting,cat__detail_manzara_Deniz|Doğa|Havuz|Park & Yeşil Alan,0.0
gradient_boosting,cat__detail_manzara_Deniz|Doğa|Havuz|Park & Yeşil Alan|Şehir,0.0
gradient_boosting,cat__detail_manzara_Deniz|Doğa|Havuz|Şehir,0.0
gradient_boosting,cat__detail_manzara_Deniz|Doğa|Nehir|Park & Yeşil Alan|Şehir,0.0
gradient_boosting,cat__detail_manzara_Deniz|Doğa|Park & Yeşil Alan,0.0
gradient_boosting,cat__detail_manzara_Deniz|Doğa|Park & Yeşil Alan|Şehir,0.0
gradient_boosting,cat__detail_manzara_Deniz|Doğa|Şehir,0.0
gradient_boosting,cat__detail_manzara_Deniz|Göl|Şehir,0.0
gradient_boosting,cat__detail_manzara_Deniz|Havuz,0.0
gradient_boosting,cat__detail_manzara_Deniz|Havuz|Park & Yeşil Alan,0.0
gradient_boosting,cat__detail_manzara_Deniz|Havuz|Park & Yeşil Alan|Şehir,0.0
gradient_boosting,cat__detail_manzara_Deniz|Havuz|Şehir,0.0
gradient_boosting,cat__detail_manzara_Deniz|Nehir|Park & Yeşil Alan,0.0
gradient_boosting,cat__detail_manzara_Deniz|Park & Yeşil Alan,0.0
gradient_boosting,cat__detail_manzara_Deniz|Park & Yeşil Alan|Şehir,0.0
gradient_boosting,cat__detail_manzara_Deniz|Şehir,0.0
gradient_boosting,cat__detail_manzara_Doğa,0.0
gradient_boosting,cat__detail_manzara_Doğa|Göl,0.0
gradient_boosting,cat__detail_manzara_Doğa|Göl|Havuz|Park & Yeşil Alan|Şehir,0.0
gradient_boosting,cat__detail_manzara_Doğa|Göl|Havuz|Şehir,0.0
gradient_boosting,cat__detail_manzara_Doğa|Göl|Park & Yeşil Alan,0.0
gradient_boosting,cat__detail_manzara_Doğa|Göl|Park & Yeşil Alan|Şehir,0.0
gradient_boosting,cat__detail_manzara_Doğa|Göl|Şehir,0.0
gradient_boosting,cat__detail_manzara_Doğa|Havuz,0.0
gradient_boosting,cat__detail_manzara_Doğa|Havuz|Park & Yeşil Alan,0.0
gradient_boosting,cat__detail_manzara_Doğa|Havuz|Park & Yeşil Alan|Şehir,0.0
gradient_boosting,cat__detail_manzara_Doğa|Havuz|Şehir,0.0
gradient_boosting,cat__detail_manzara_Doğa|Nehir|Park & Yeşil Alan,0.0
gradient_boosting,cat__detail_manzara_Doğa|Nehir|Park & Yeşil Alan|Şehir,0.0
gradient_boosting,cat__detail_manzara_Doğa|Park & Yeşil Alan,0.0
gradient_boosting,cat__detail_manzara_Doğa|Park & Yeşil Alan|Şehir,0.0
gradient_boosting,cat__detail_manzara_Doğa|Şehir,0.0
gradient_boosting,cat__detail_manzara_Göl,0.0
gradient_boosting,cat__detail_manzara_Göl|Havuz,0.0
gradient_boosting,cat__detail_manzara_Göl|Havuz|Park & Yeşil Alan,0.0
gradient_boosting,cat__detail_manzara_Göl|Park & Yeşil Alan,0.0
gradient_boosting,cat__detail_manzara_Göl|Park & Yeşil Alan|Şehir,0.0
gradient_boosting,cat__detail_manzara_Göl|Şehir,0.0
gradient_boosting,cat__detail_manzara_Havuz,0.0
gradient_boosting,cat__detail_manzara_Havuz|Park & Yeşil Alan,0.0
gradient_boosting,cat__detail_manzara_Havuz|Park & Yeşil Alan|Şehir,0.0
gradient_boosting,cat__detail_manzara_Havuz|Şehir,0.0
gradient_boosting,cat__detail_manzara_Park & Yeşil Alan,0.0
gradient_boosting,cat__detail_manzara_Park & Yeşil Alan|Şehir,0.0
gradient_boosting,cat__detail_manzara_missing,0.0
gradient_boosting,cat__detail_konut_tipi_Ara Kat Dubleks,0.0
gradient_boosting,cat__detail_konut_tipi_Ara Kat|Ara Kat Dubleks,0.0
gradient_boosting,cat__detail_konut_tipi_Ara Kat|Bahçe Dubleksi,0.0
gradient_boosting,cat__detail_konut_tipi_Ara Kat|Bahçe Dubleksi|Çatı Dubleksi,0.0
gradient_boosting,cat__detail_konut_tipi_Ara Kat|Tripleks,0.0
gradient_boosting,cat__detail_konut_tipi_Ara Kat|Çatı Dubleksi,0.0
gradient_boosting,cat__detail_konut_tipi_Bahçe Dubleksi|Ters Dubleks,0.0
gradient_boosting,cat__detail_konut_tipi_Bahçe Dubleksi|Tripleks,0.0
gradient_boosting,cat__detail_konut_tipi_Bahçe Dubleksi|Çatı Dubleksi,0.0
gradient_boosting,cat__detail_konut_tipi_Dubleks,0.0
gradient_boosting,cat__detail_konut_tipi_Dubleks|Ara Kat,0.0
gradient_boosting,cat__detail_konut_tipi_Dubleks|Ara Kat Dubleks,0.0
gradient_boosting,cat__detail_konut_tipi_Dubleks|Ara Kat Dubleks|Ters Dubleks,0.0
gradient_boosting,cat__detail_konut_tipi_Dubleks|Ara Kat|Ara Kat Dubleks,0.0
gradient_boosting,cat__detail_konut_tipi_Dubleks|Ara Kat|Ara Kat Dubleks|Bahçe Dubleksi,0.0
gradient_boosting,cat__detail_konut_tipi_Dubleks|Ara Kat|Ara Kat Dubleks|Bahçe Dubleksi|Ters Dubleks,0.0
gradient_boosting,cat__detail_konut_tipi_Dubleks|Ara Kat|Ara Kat Dubleks|Ters Dubleks,0.0
gradient_boosting,cat__detail_konut_tipi_Dubleks|Ara Kat|Bahçe Dubleksi,0.0
gradient_boosting,cat__detail_konut_tipi_Dubleks|Ara Kat|Bahçe Dubleksi|Ters Dubleks,0.0
gradient_boosting,cat__detail_konut_tipi_Dubleks|Ara Kat|Bahçe Dubleksi|Çatı Dubleksi|Ters Dubleks,0.0
gradient_boosting,cat__detail_konut_tipi_Dubleks|Ara Kat|Çatı Dubleksi,0.0
gradient_boosting,cat__detail_konut_tipi_Dubleks|Bahçe Dubleksi,0.0
gradient_boosting,cat__detail_konut_tipi_Dubleks|Bahçe Dubleksi|Ters Dubleks,0.0
gradient_boosting,cat__detail_konut_tipi_Dubleks|Bahçe Dubleksi|Çatı Dubleksi,0.0
gradient_boosting,cat__detail_konut_tipi_Dubleks|En Üst Kat,0.0
gradient_boosting,cat__detail_konut_tipi_Dubleks|En Üst Kat|Ara Kat,0.0
gradient_boosting,cat__detail_konut_tipi_Dubleks|En Üst Kat|Ara Kat Dubleks|Bahçe Dubleksi|Çatı Dubleksi|Forleks|Ters Dubleks|Tripleks,0.0
gradient_boosting,cat__detail_konut_tipi_Dubleks|En Üst Kat|Ara Kat Dubleks|Bahçe Dubleksi|Çatı Dubleksi|Ters Dubleks,0.0
gradient_boosting,cat__detail_konut_tipi_Dubleks|En Üst Kat|Ara Kat Dubleks|Çatı Dubleksi|Ters Dubleks,0.0
gradient_boosting,cat__detail_konut_tipi_Dubleks|En Üst Kat|Ara Kat Dubleks|Çatı Dubleksi|Ters Dubleks|Tripleks,0.0
gradient_boosting,cat__detail_konut_tipi_Dubleks|En Üst Kat|Ara Kat|Ara Kat Dubleks|Bahçe Dubleksi|Çatı Dubleksi|Forleks|Ters Dubleks,0.0
gradient_boosting,cat__detail_konut_tipi_Dubleks|En Üst Kat|Ara Kat|Ara Kat Dubleks|Bahçe Dubleksi|Çatı Dubleksi|Forleks|Ters Dubleks|Tripleks,0.0
gradient_boosting,cat__detail_konut_tipi_Dubleks|En Üst Kat|Ara Kat|Ara Kat Dubleks|Bahçe Dubleksi|Çatı Dubleksi|Ters Dubleks,0.0
gradient_boosting,cat__detail_konut_tipi_Dubleks|En Üst Kat|Ara Kat|Ara Kat Dubleks|Bahçe Dubleksi|Çatı Dubleksi|Ters Dubleks|Tripleks,0.0
gradient_boosting,cat__detail_konut_tipi_Dubleks|En Üst Kat|Ara Kat|Ara Kat Dubleks|Çatı Dubleksi,0.0
gradient_boosting,cat__detail_konut_tipi_Dubleks|En Üst Kat|Ara Kat|Ara Kat Dubleks|Çatı Dubleksi|Forleks|Ters Dubleks|Tripleks,0.0
gradient_boosting,cat__detail_konut_tipi_Dubleks|En Üst Kat|Ara Kat|Ara Kat Dubleks|Çatı Dubleksi|Ters Dubleks,0.0
gradient_boosting,cat__detail_konut_tipi_Dubleks|En Üst Kat|Ara Kat|Bahçe Dubleksi,0.0
gradient_boosting,cat__detail_konut_tipi_Dubleks|En Üst Kat|Ara Kat|Bahçe Dubleksi|Çatı Dubleksi,0.0
gradient_boosting,cat__detail_konut_tipi_Dubleks|En Üst Kat|Ara Kat|Çatı Dubleksi,0.0
gradient_boosting,cat__detail_konut_tipi_Dubleks|En Üst Kat|Ara Kat|Çatı Dubleksi|Ters Dubleks,0.0
gradient_boosting,cat__detail_konut_tipi_Dubleks|En Üst Kat|Ters Dubleks,0.0
gradient_boosting,cat__detail_konut_tipi_Dubleks|En Üst Kat|Çatı Dubleksi,0.0
gradient_boosting,cat__detail_konut_tipi_Dubleks|En Üst Kat|Çatı Dubleksi|Ters Dubleks,0.0
gradient_boosting,cat__detail_konut_tipi_Dubleks|Ters Dubleks,0.0
gradient_boosting,cat__detail_konut_tipi_Dubleks|Çatı Dubleksi,0.0
gradient_boosting,cat__detail_konut_tipi_En Üst Kat|Ara Kat,0.0
gradient_boosting,cat__detail_konut_tipi_En Üst Kat|Ara Kat Dubleks|Çatı Dubleksi,0.0
gradient_boosting,cat__detail_konut_tipi_En Üst Kat|Ara Kat|Bahçe Dubleksi,0.0
gradient_boosting,cat__detail_konut_tipi_En Üst Kat|Ara Kat|Çatı Dubleksi,0.0
gradient_boosting,cat__detail_konut_tipi_En Üst Kat|Tripleks,0.0
gradient_boosting,cat__detail_konut_tipi_En Üst Kat|Çatı Dubleksi,0.0
gradient_boosting,cat__detail_konut_tipi_Forleks,0.0
gradient_boosting,cat__detail_konut_tipi_Kat Dubleksi,0.0
gradient_boosting,cat__detail_konut_tipi_Ters Dubleks,0.0
gradient_boosting,cat__detail_konut_tipi_Tripleks,0.0
gradient_boosting,cat__detail_konut_tipi_missing,0.0
gradient_boosting,cat__detail_konut_tipi_Çatı Dubleksi,0.0
gradient_boosting,cat__detail_konut_tipi_Çatı Dubleksi|Ters Dubleks,0.0
gradient_boosting,cat__rent_feature_level_county,0.0
gradient_boosting,cat__rent_feature_level_district,0.0
gradient_boosting,cat__rent_feature_level_district_m2_group,0.0
gradient_boosting,cat__rent_feature_level_district_room,0.0
gradient_boosting,cat__demo_dominant_age_group_10-14,0.0
gradient_boosting,cat__demo_dominant_age_group_20-24,0.0
gradient_boosting,cat__demo_dominant_age_group_25-29,0.0
gradient_boosting,cat__demo_dominant_age_group_30-34,0.0
gradient_boosting,cat__demo_dominant_age_group_40-44,0.0
gradient_boosting,cat__demo_dominant_age_group_45-49,0.0
gradient_boosting,cat__demo_dominant_age_group_5-9,0.0
gradient_boosting,cat__demo_dominant_age_group_50-54,0.0
gradient_boosting,cat__demo_dominant_age_group_65+,0.0
gradient_boosting,cat__demo_dominant_age_group_missing,0.0
gradient_boosting,cat__demo_dominant_marital_status_Bekar,0.0
gradient_boosting,cat__demo_dominant_marital_status_Evli,0.0
gradient_boosting,cat__demo_dominant_marital_status_missing,0.0
gradient_boosting,cat__demo_dominant_education_Lisans,0.0
gradient_boosting,cat__demo_dominant_education_Lise,0.0
gradient_boosting,cat__demo_dominant_education_missing,0.0
gradient_boosting,cat__demo_dominant_education_İlkokul,0.0
gradient_boosting,cat__demo_ses_group_A Grubu,0.0
gradient_boosting,cat__demo_ses_group_B Grubu,0.0
gradient_boosting,cat__demo_ses_group_C Grubu,0.0
gradient_boosting,cat__demo_ses_group_missing,0.0
gradient_boosting,cat__location_precision_district_only,0.0
gradient_boosting,cat__location_precision_exact_map,0.0
gradient_boosting,cat__location_precision_missing,0.0
gradient_boosting,cat__location_source_data_attr_map,0.0
gradient_boosting,cat__location_source_district_text,0.0
gradient_boosting,cat__location_source_missing,0.0
gradient_boosting,cat__geo_cluster_city_city_0,0.0
gradient_boosting,cat__geo_cluster_city_city_1,0.0
gradient_boosting,cat__geo_cluster_city_city_10,0.0
gradient_boosting,cat__geo_cluster_city_city_11,0.0
gradient_boosting,cat__geo_cluster_city_city_2,0.0
gradient_boosting,cat__geo_cluster_city_city_3,0.0
gradient_boosting,cat__geo_cluster_city_city_4,0.0
gradient_boosting,cat__geo_cluster_city_city_5,0.0
gradient_boosting,cat__geo_cluster_city_city_6,0.0
gradient_boosting,cat__geo_cluster_city_city_7,0.0
gradient_boosting,cat__geo_cluster_city_city_8,0.0
gradient_boosting,cat__geo_cluster_city_missing,0.0
gradient_boosting,cat__geo_cluster_county_Başiskele_0,0.0
gradient_boosting,cat__geo_cluster_county_Başiskele_1,0.0
gradient_boosting,cat__geo_cluster_county_Başiskele_2,0.0
gradient_boosting,cat__geo_cluster_county_Başiskele_3,0.0
gradient_boosting,cat__geo_cluster_county_Başiskele_4,0.0
gradient_boosting,cat__geo_cluster_county_Başiskele_5,0.0
gradient_boosting,cat__geo_cluster_county_Gölcük_0,0.0
gradient_boosting,cat__geo_cluster_county_Gölcük_1,0.0
gradient_boosting,cat__geo_cluster_county_Gölcük_2,0.0
gradient_boosting,cat__geo_cluster_county_Gölcük_3,0.0
gradient_boosting,cat__geo_cluster_county_Karamürsel_0,0.0
gradient_boosting,cat__geo_cluster_county_Karamürsel_1,0.0
gradient_boosting,cat__geo_cluster_county_Karamürsel_2,0.0
gradient_boosting,cat__geo_cluster_county_other,0.0
gradient_boosting,cat__geo_cluster_county_İzmit_0,0.0
gradient_boosting,cat__geo_cluster_county_İzmit_1,0.0
gradient_boosting,cat__geo_cluster_county_İzmit_2,0.0
gradient_boosting,cat__geo_cluster_county_İzmit_3,0.0
gradient_boosting,cat__geo_cluster_county_İzmit_4,0.0
gradient_boosting,cat__geo_cluster_county_İzmit_5,0.0
gradient_boosting,cat__basiskele_geo_cluster_Başiskele_0,0.0
gradient_boosting,cat__basiskele_geo_cluster_Başiskele_1,0.0
gradient_boosting,cat__basiskele_geo_cluster_Başiskele_2,0.0
gradient_boosting,cat__basiskele_geo_cluster_Başiskele_3,0.0
gradient_boosting,cat__basiskele_geo_cluster_Başiskele_4,0.0
gradient_boosting,cat__basiskele_geo_cluster_Başiskele_5,0.0
gradient_boosting,cat__basiskele_geo_cluster_other,0.0
gradient_boosting,cat__coast_distance_bucket_0_500,0.0
gradient_boosting,cat__coast_distance_bucket_3000_plus,0.0
gradient_boosting,cat__coast_distance_bucket_500_1000,0.0
gradient_boosting,cat__coast_distance_bucket_missing,0.0
gradient_boosting,cat__basiskele_geo_cluster_x_m2_group_Başiskele_0||0-75,0.0
gradient_boosting,cat__basiskele_geo_cluster_x_m2_group_Başiskele_0||101-125,0.0
gradient_boosting,cat__basiskele_geo_cluster_x_m2_group_Başiskele_0||126-150,0.0
gradient_boosting,cat__basiskele_geo_cluster_x_m2_group_Başiskele_0||151-200,0.0
gradient_boosting,cat__basiskele_geo_cluster_x_m2_group_Başiskele_0||200+,0.0
gradient_boosting,cat__basiskele_geo_cluster_x_m2_group_Başiskele_0||76-100,0.0
gradient_boosting,cat__basiskele_geo_cluster_x_m2_group_Başiskele_1||0-75,0.0
gradient_boosting,cat__basiskele_geo_cluster_x_m2_group_Başiskele_1||101-125,0.0
gradient_boosting,cat__basiskele_geo_cluster_x_m2_group_Başiskele_1||126-150,0.0
gradient_boosting,cat__basiskele_geo_cluster_x_m2_group_Başiskele_1||151-200,0.0
gradient_boosting,cat__basiskele_geo_cluster_x_m2_group_Başiskele_1||200+,0.0
gradient_boosting,cat__basiskele_geo_cluster_x_m2_group_Başiskele_1||76-100,0.0
gradient_boosting,cat__basiskele_geo_cluster_x_m2_group_Başiskele_2||0-75,0.0
gradient_boosting,cat__basiskele_geo_cluster_x_m2_group_Başiskele_2||101-125,0.0
gradient_boosting,cat__basiskele_geo_cluster_x_m2_group_Başiskele_2||126-150,0.0
gradient_boosting,cat__basiskele_geo_cluster_x_m2_group_Başiskele_2||151-200,0.0
gradient_boosting,cat__basiskele_geo_cluster_x_m2_group_Başiskele_2||200+,0.0
gradient_boosting,cat__basiskele_geo_cluster_x_m2_group_Başiskele_2||76-100,0.0
gradient_boosting,cat__basiskele_geo_cluster_x_m2_group_Başiskele_3||0-75,0.0
gradient_boosting,cat__basiskele_geo_cluster_x_m2_group_Başiskele_3||101-125,0.0
gradient_boosting,cat__basiskele_geo_cluster_x_m2_group_Başiskele_3||126-150,0.0
gradient_boosting,cat__basiskele_geo_cluster_x_m2_group_Başiskele_3||151-200,0.0
gradient_boosting,cat__basiskele_geo_cluster_x_m2_group_Başiskele_3||200+,0.0
gradient_boosting,cat__basiskele_geo_cluster_x_m2_group_Başiskele_3||76-100,0.0
gradient_boosting,cat__basiskele_geo_cluster_x_m2_group_Başiskele_4||0-75,0.0
gradient_boosting,cat__basiskele_geo_cluster_x_m2_group_Başiskele_4||101-125,0.0
gradient_boosting,cat__basiskele_geo_cluster_x_m2_group_Başiskele_4||126-150,0.0
gradient_boosting,cat__basiskele_geo_cluster_x_m2_group_Başiskele_4||151-200,0.0
gradient_boosting,cat__basiskele_geo_cluster_x_m2_group_Başiskele_4||200+,0.0
gradient_boosting,cat__basiskele_geo_cluster_x_m2_group_Başiskele_4||76-100,0.0
gradient_boosting,cat__basiskele_geo_cluster_x_m2_group_Başiskele_5||0-75,0.0
gradient_boosting,cat__basiskele_geo_cluster_x_m2_group_Başiskele_5||101-125,0.0
gradient_boosting,cat__basiskele_geo_cluster_x_m2_group_Başiskele_5||126-150,0.0
gradient_boosting,cat__basiskele_geo_cluster_x_m2_group_Başiskele_5||200+,0.0
gradient_boosting,cat__basiskele_geo_cluster_x_m2_group_Başiskele_5||76-100,0.0
gradient_boosting,cat__basiskele_geo_cluster_x_m2_group_other,0.0
gradient_boosting,cat__basiskele_geo_cluster_x_m2_group_other||0-75,0.0
gradient_boosting,cat__basiskele_geo_cluster_x_m2_group_other||101-125,0.0
gradient_boosting,cat__basiskele_geo_cluster_x_m2_group_other||126-150,0.0
gradient_boosting,cat__basiskele_geo_cluster_x_m2_group_other||151-200,0.0
gradient_boosting,cat__basiskele_geo_cluster_x_m2_group_other||200+,0.0
gradient_boosting,cat__basiskele_geo_cluster_x_m2_group_other||76-100,0.0
gradient_boosting,cat__geo_cluster_x_room_count_city_0||1+1,0.0
gradient_boosting,cat__geo_cluster_x_room_count_city_0||1.5+1,0.0
gradient_boosting,cat__geo_cluster_x_room_count_city_0||2+1,0.0
gradient_boosting,cat__geo_cluster_x_room_count_city_0||2.5+1,0.0
gradient_boosting,cat__geo_cluster_x_room_count_city_0||3+1,0.0
gradient_boosting,cat__geo_cluster_x_room_count_city_0||3+2,0.0
gradient_boosting,cat__geo_cluster_x_room_count_city_0||3.5+1,0.0
gradient_boosting,cat__geo_cluster_x_room_count_city_0||4+1,0.0
gradient_boosting,cat__geo_cluster_x_room_count_city_0||4+2,0.0
gradient_boosting,cat__geo_cluster_x_room_count_city_0||4.5+1,0.0
gradient_boosting,cat__geo_cluster_x_room_count_city_0||5+1,0.0
gradient_boosting,cat__geo_cluster_x_room_count_city_0||5+2,0.0
gradient_boosting,cat__geo_cluster_x_room_count_city_0||6+1,0.0
gradient_boosting,cat__geo_cluster_x_room_count_city_10||1+1,0.0
gradient_boosting,cat__geo_cluster_x_room_count_city_10||2+1,0.0
gradient_boosting,cat__geo_cluster_x_room_count_city_10||4+1,0.0
gradient_boosting,cat__geo_cluster_x_room_count_city_10||5+1,0.0
gradient_boosting,cat__geo_cluster_x_room_count_city_10||6+1,0.0
gradient_boosting,cat__geo_cluster_x_room_count_city_10||Stüdyo (1+0),0.0
gradient_boosting,cat__geo_cluster_x_room_count_city_11||2+1,0.0
gradient_boosting,cat__geo_cluster_x_room_count_city_11||3+1,0.0
gradient_boosting,cat__geo_cluster_x_room_count_city_11||4+1,0.0
gradient_boosting,cat__geo_cluster_x_room_count_city_1||1+1,0.0
gradient_boosting,cat__geo_cluster_x_room_count_city_1||1.5+1,0.0
gradient_boosting,cat__geo_cluster_x_room_count_city_1||2+1,0.0
gradient_boosting,cat__geo_cluster_x_room_count_city_1||3.5+1,0.0
gradient_boosting,cat__geo_cluster_x_room_count_city_1||4+1,0.0
gradient_boosting,cat__geo_cluster_x_room_count_city_1||4+2,0.0
gradient_boosting,cat__geo_cluster_x_room_count_city_1||4.5+1,0.0
gradient_boosting,cat__geo_cluster_x_room_count_city_1||5+1,0.0
gradient_boosting,cat__geo_cluster_x_room_count_city_1||5+2,0.0
gradient_boosting,cat__geo_cluster_x_room_count_city_1||5.5+1,0.0
gradient_boosting,cat__geo_cluster_x_room_count_city_2||1+1,0.0
gradient_boosting,cat__geo_cluster_x_room_count_city_2||2+1,0.0
gradient_boosting,cat__geo_cluster_x_room_count_city_2||2+2,0.0
gradient_boosting,cat__geo_cluster_x_room_count_city_2||2.5+1,0.0
gradient_boosting,cat__geo_cluster_x_room_count_city_2||3+2,0.0
gradient_boosting,cat__geo_cluster_x_room_count_city_2||3.5+1,0.0
gradient_boosting,cat__geo_cluster_x_room_count_city_2||4+1,0.0
gradient_boosting,cat__geo_cluster_x_room_count_city_2||4+2,0.0
gradient_boosting,cat__geo_cluster_x_room_count_city_2||4.5+1,0.0
gradient_boosting,cat__geo_cluster_x_room_count_city_2||4.5+2,0.0
gradient_boosting,cat__geo_cluster_x_room_count_city_2||5+1,0.0
gradient_boosting,cat__geo_cluster_x_room_count_city_2||5+2,0.0
gradient_boosting,cat__geo_cluster_x_room_count_city_2||5.5+1,0.0
gradient_boosting,cat__geo_cluster_x_room_count_city_2||6+1,0.0
gradient_boosting,cat__geo_cluster_x_room_count_city_2||6+2,0.0
gradient_boosting,cat__geo_cluster_x_room_count_city_3||1+1,0.0
gradient_boosting,cat__geo_cluster_x_room_count_city_3||2+1,0.0
gradient_boosting,cat__geo_cluster_x_room_count_city_3||2.5+1,0.0
gradient_boosting,cat__geo_cluster_x_room_count_city_3||3+0,0.0
gradient_boosting,cat__geo_cluster_x_room_count_city_3||3+1,0.0
gradient_boosting,cat__geo_cluster_x_room_count_city_3||3+2,0.0
gradient_boosting,cat__geo_cluster_x_room_count_city_3||3.5+1,0.0
gradient_boosting,cat__geo_cluster_x_room_count_city_3||4+1,0.0
gradient_boosting,cat__geo_cluster_x_room_count_city_3||4+2,0.0
gradient_boosting,cat__geo_cluster_x_room_count_city_3||5+1,0.0
gradient_boosting,cat__geo_cluster_x_room_count_city_3||5+2,0.0
gradient_boosting,cat__geo_cluster_x_room_count_city_3||6+1,0.0
gradient_boosting,cat__geo_cluster_x_room_count_city_3||6+3,0.0
gradient_boosting,cat__geo_cluster_x_room_count_city_3||Stüdyo (1+0),0.0
gradient_boosting,cat__geo_cluster_x_room_count_city_4||1+1,0.0
gradient_boosting,cat__geo_cluster_x_room_count_city_4||1.5+1,0.0
gradient_boosting,cat__geo_cluster_x_room_count_city_4||2+1,0.0
gradient_boosting,cat__geo_cluster_x_room_count_city_4||2+2,0.0
gradient_boosting,cat__geo_cluster_x_room_count_city_4||2.5+1,0.0
gradient_boosting,cat__geo_cluster_x_room_count_city_4||3+1,0.0
gradient_boosting,cat__geo_cluster_x_room_count_city_4||3+2,0.0
gradient_boosting,cat__geo_cluster_x_room_count_city_4||3.5+1,0.0
gradient_boosting,cat__geo_cluster_x_room_count_city_4||4+1,0.0
gradient_boosting,cat__geo_cluster_x_room_count_city_4||4+2,0.0
gradient_boosting,cat__geo_cluster_x_room_count_city_4||5+1,0.0
gradient_boosting,cat__geo_cluster_x_room_count_city_4||6+1,0.0
gradient_boosting,cat__geo_cluster_x_room_count_city_5||1+1,0.0
gradient_boosting,cat__geo_cluster_x_room_count_city_5||2+0,0.0
gradient_boosting,cat__geo_cluster_x_room_count_city_5||2+1,0.0
gradient_boosting,cat__geo_cluster_x_room_count_city_5||2.5+1,0.0
gradient_boosting,cat__geo_cluster_x_room_count_city_5||3.5+1,0.0
gradient_boosting,cat__geo_cluster_x_room_count_city_5||4+1,0.0
gradient_boosting,cat__geo_cluster_x_room_count_city_5||4+2,0.0
gradient_boosting,cat__geo_cluster_x_room_count_city_5||5+1,0.0
gradient_boosting,cat__geo_cluster_x_room_count_city_5||5+2,0.0
gradient_boosting,cat__geo_cluster_x_room_count_city_5||5.5+1,0.0
gradient_boosting,cat__geo_cluster_x_room_count_city_5||6+2,0.0
gradient_boosting,cat__geo_cluster_x_room_count_city_5||Stüdyo (1+0),0.0
gradient_boosting,cat__geo_cluster_x_room_count_city_6||1+1,0.0
gradient_boosting,cat__geo_cluster_x_room_count_city_6||2+1,0.0
gradient_boosting,cat__geo_cluster_x_room_count_city_6||2.5+1,0.0
gradient_boosting,cat__geo_cluster_x_room_count_city_6||3+1,0.0
gradient_boosting,cat__geo_cluster_x_room_count_city_6||3.5+1,0.0
gradient_boosting,cat__geo_cluster_x_room_count_city_6||4+1,0.0
gradient_boosting,cat__geo_cluster_x_room_count_city_6||5+1,0.0
gradient_boosting,cat__geo_cluster_x_room_count_city_7||1+1,0.0
gradient_boosting,cat__geo_cluster_x_room_count_city_7||1.5+1,0.0
gradient_boosting,cat__geo_cluster_x_room_count_city_7||2+1,0.0
gradient_boosting,cat__geo_cluster_x_room_count_city_7||2.5+1,0.0
gradient_boosting,cat__geo_cluster_x_room_count_city_7||3+1,0.0
gradient_boosting,cat__geo_cluster_x_room_count_city_7||3+2,0.0
gradient_boosting,cat__geo_cluster_x_room_count_city_7||3.5+1,0.0
gradient_boosting,cat__geo_cluster_x_room_count_city_7||4+1,0.0
gradient_boosting,cat__geo_cluster_x_room_count_city_7||4+2,0.0
gradient_boosting,cat__geo_cluster_x_room_count_city_7||5+1,0.0
gradient_boosting,cat__geo_cluster_x_room_count_city_8||1+1,0.0
gradient_boosting,cat__geo_cluster_x_room_count_city_8||2+1,0.0
gradient_boosting,cat__geo_cluster_x_room_count_city_8||2+2,0.0
gradient_boosting,cat__geo_cluster_x_room_count_city_8||2.5+1,0.0
gradient_boosting,cat__geo_cluster_x_room_count_city_8||4+1,0.0
gradient_boosting,cat__geo_cluster_x_room_count_city_8||4+2,0.0
gradient_boosting,cat__geo_cluster_x_room_count_city_8||4.5+1,0.0
gradient_boosting,cat__geo_cluster_x_room_count_city_8||5+1,0.0
gradient_boosting,cat__geo_cluster_x_room_count_city_8||5+2,0.0
gradient_boosting,cat__geo_cluster_x_room_count_city_8||6+1,0.0
gradient_boosting,cat__geo_cluster_x_room_count_city_9||1+1,0.0
gradient_boosting,cat__geo_cluster_x_room_count_city_9||1.5+1,0.0
gradient_boosting,cat__geo_cluster_x_room_count_city_9||2+1,0.0
gradient_boosting,cat__geo_cluster_x_room_count_city_9||4+1,0.0
gradient_boosting,cat__geo_cluster_x_room_count_city_9||5+1,0.0
gradient_boosting,cat__geo_cluster_x_room_count_city_9||5+2,0.0
gradient_boosting,cat__geo_cluster_x_room_count_city_9||Stüdyo (1+0),0.0
gradient_boosting,cat__geo_cluster_x_room_count_missing||1+1,0.0
gradient_boosting,cat__geo_cluster_x_room_count_missing||2+1,0.0
gradient_boosting,cat__geo_cluster_x_room_count_missing||2+2,0.0
gradient_boosting,cat__geo_cluster_x_room_count_missing||2.5+1,0.0
gradient_boosting,cat__geo_cluster_x_room_count_missing||3+0,0.0
gradient_boosting,cat__geo_cluster_x_room_count_missing||3+1,0.0
gradient_boosting,cat__geo_cluster_x_room_count_missing||3+2,0.0
gradient_boosting,cat__geo_cluster_x_room_count_missing||3.5+1,0.0
gradient_boosting,cat__geo_cluster_x_room_count_missing||4+1,0.0
gradient_boosting,cat__geo_cluster_x_room_count_missing||4+2,0.0
gradient_boosting,cat__geo_cluster_x_room_count_missing||4.5+1,0.0
gradient_boosting,cat__geo_cluster_x_room_count_missing||5+1,0.0
gradient_boosting,cat__geo_cluster_x_room_count_missing||7+1,0.0
gradient_boosting,cat__geo_cluster_x_room_count_missing||Stüdyo (1+0),0.0
gradient_boosting,cat__site_project_id_basiskele::akademik_elit_park,0.0
gradient_boosting,cat__site_project_id_basiskele::akasya_modern,0.0
gradient_boosting,cat__site_project_id_basiskele::akven_armoni_teras,0.0
gradient_boosting,cat__site_project_id_basiskele::alacati_dan_yaylacik_mh_de_havuzlu,0.0
gradient_boosting,cat__site_project_id_basiskele::alizepark_city,0.0
gradient_boosting,cat__site_project_id_basiskele::altin_vadi,0.0
gradient_boosting,cat__site_project_id_basiskele::altinkent,0.0
gradient_boosting,cat__site_project_id_basiskele::altinkent_kalici_konutlari_3_ada,0.0
gradient_boosting,cat__site_project_id_basiskele::altinkent_kalici_konutlari_5_ada,0.0
gradient_boosting,cat__site_project_id_basiskele::altinkent_kalici_konutlari_6_ada,0.0
gradient_boosting,cat__site_project_id_basiskele::altinkent_kalici_konutlari_7_ada,0.0
gradient_boosting,cat__site_project_id_basiskele::anatolia,0.0
gradient_boosting,cat__site_project_id_basiskele::ara,0.0
gradient_boosting,cat__site_project_id_basiskele::armoni_2,0.0
gradient_boosting,cat__site_project_id_basiskele::asansorlu_butik,0.0
gradient_boosting,cat__site_project_id_basiskele::asrin,0.0
gradient_boosting,cat__site_project_id_basiskele::atakent_ustpark,0.0
gradient_boosting,cat__site_project_id_basiskele::aurapark,0.0
gradient_boosting,cat__site_project_id_basiskele::aydinkent,0.0
gradient_boosting,cat__site_project_id_basiskele::aydinkent_kalici,0.0
gradient_boosting,cat__site_project_id_basiskele::aydinkent_kalici_konutlari_19_ada,0.0
gradient_boosting,cat__site_project_id_basiskele::aydinkent_kalici_konutlari_20_ada,0.0
gradient_boosting,cat__site_project_id_basiskele::bahama,0.0
gradient_boosting,cat__site_project_id_basiskele::bahama_insaat,0.0
gradient_boosting,cat__site_project_id_basiskele::bahcecik_kalici_konutlar,0.0
gradient_boosting,cat__site_project_id_basiskele::bahcekent_konutlari,0.0
gradient_boosting,cat__site_project_id_basiskele::barbaros,0.0
gradient_boosting,cat__site_project_id_basiskele::barbaros_mah,0.0
gradient_boosting,cat__site_project_id_basiskele::barbaros_mahallesinde,0.0
gradient_boosting,cat__site_project_id_basiskele::barbaros_mh,0.0
gradient_boosting,cat__site_project_id_basiskele::basiskele_de,0.0
gradient_boosting,cat__site_project_id_basiskele::basiskele_de_asev_muhit,0.0
gradient_boosting,cat__site_project_id_basiskele::basiskele_de_butik,0.0
gradient_boosting,cat__site_project_id_basiskele::basiskele_de_havuzlu,0.0
gradient_boosting,cat__site_project_id_basiskele::basiskele_fatih,0.0
gradient_boosting,cat__site_project_id_basiskele::basiskelede_prejtijli,0.0
gradient_boosting,cat__site_project_id_basiskele::birikim_gayrimenkulden,0.0
gradient_boosting,cat__site_project_id_basiskele::bizim_evler,0.0
gradient_boosting,cat__site_project_id_basiskele::bloklu_butik,0.0
gradient_boosting,cat__site_project_id_basiskele::boyunegmez_yasam,0.0
gradient_boosting,cat__site_project_id_basiskele::bulvar,0.0
gradient_boosting,cat__site_project_id_basiskele::cadde_53,0.0
gradient_boosting,cat__site_project_id_basiskele::caglayan_modern_yuvacik,0.0
gradient_boosting,cat__site_project_id_basiskele::casaba_suite,0.0
gradient_boosting,cat__site_project_id_basiskele::cati_dubleks_havuzlu,0.0
gradient_boosting,cat__site_project_id_basiskele::cb_envoy_dan_yesilyurt_mah,0.0
gradient_boosting,cat__site_project_id_basiskele::cb_mahall_den_pasadag_da,0.0
gradient_boosting,cat__site_project_id_basiskele::cb_mahall_den_tinaztepede,0.0
gradient_boosting,cat__site_project_id_basiskele::cb_mark_tan_vadi,0.0
gradient_boosting,cat__site_project_id_basiskele::ceneviz_adalari,0.0
gradient_boosting,cat__site_project_id_basiskele::cevizli_vadi,0.0
gradient_boosting,cat__site_project_id_basiskele::clover_premium,0.0
gradient_boosting,cat__site_project_id_basiskele::derin_den_yatirim_firsati,0.0
gradient_boosting,cat__site_project_id_basiskele::dlux,0.0
gradient_boosting,cat__site_project_id_basiskele::doga,0.0
gradient_boosting,cat__site_project_id_basiskele::dongel_de,0.0
gradient_boosting,cat__site_project_id_basiskele::dongelde,0.0
gradient_boosting,cat__site_project_id_basiskele::dream_gardens,0.0
gradient_boosting,cat__site_project_id_basiskele::duru_park,0.0
gradient_boosting,cat__site_project_id_basiskele::durupark,0.0
gradient_boosting,cat__site_project_id_basiskele::egimsiz,0.0
gradient_boosting,cat__site_project_id_basiskele::elitium_park,0.0
gradient_boosting,cat__site_project_id_basiskele::elitium_trio,0.0
gradient_boosting,cat__site_project_id_basiskele::emar_delux_yuvacik,0.0
gradient_boosting,cat__site_project_id_basiskele::erenoglu_gm_den,0.0
gradient_boosting,cat__site_project_id_basiskele::erguvan_konaklari,0.0
gradient_boosting,cat__site_project_id_basiskele::erturk,0.0
gradient_boosting,cat__site_project_id_basiskele::esila_park,0.0
gradient_boosting,cat__site_project_id_basiskele::evimiz_kocaeli,0.0
gradient_boosting,cat__site_project_id_basiskele::fatih_mah,0.0
gradient_boosting,cat__site_project_id_basiskele::fatih_mahallesinde,0.0
gradient_boosting,cat__site_project_id_basiskele::garden,0.0
gradient_boosting,cat__site_project_id_basiskele::gokce,0.0
gradient_boosting,cat__site_project_id_basiskele::gun_isigi,0.0
gradient_boosting,cat__site_project_id_basiskele::hanzade_palace,0.0
gradient_boosting,cat__site_project_id_basiskele::havuzlu,0.0
gradient_boosting,cat__site_project_id_basiskele::helin,0.0
gradient_boosting,cat__site_project_id_basiskele::inci,0.0
gradient_boosting,cat__site_project_id_basiskele::invest_globalden_zeray_kent,0.0
gradient_boosting,cat__site_project_id_basiskele::isil,0.0
gradient_boosting,cat__site_project_id_basiskele::iskar_elit_kent,0.0
gradient_boosting,cat__site_project_id_basiskele::kardelen,0.0
gradient_boosting,cat__site_project_id_basiskele::kirazli_kent,0.0
gradient_boosting,cat__site_project_id_basiskele::kolayli,0.0
gradient_boosting,cat__site_project_id_basiskele::kolayli_karsiyaka,0.0
gradient_boosting,cat__site_project_id_basiskele::kolayli_kullar,0.0
gradient_boosting,cat__site_project_id_basiskele::kredili_dusuk_faiz_yuksek_konforlu,0.0
gradient_boosting,cat__site_project_id_basiskele::kuba,0.0
gradient_boosting,cat__site_project_id_basiskele::kucuk_yali,0.0
gradient_boosting,cat__site_project_id_basiskele::kullar,0.0
gradient_boosting,cat__site_project_id_basiskele::kullar_da_prestijli_yasam,0.0
gradient_boosting,cat__site_project_id_basiskele::kullar_da_ultra_ebeveyn_banyolu,0.0
gradient_boosting,cat__site_project_id_basiskele::kullar_tepecik_de,0.0
gradient_boosting,cat__site_project_id_basiskele::kullar_tepecik_mah,0.0
gradient_boosting,cat__site_project_id_basiskele::kullar_yakacik_ta_kacirilmayacak_butik,0.0
gradient_boosting,cat__site_project_id_basiskele::kullar_yaylacik_mahallesi,0.0
gradient_boosting,cat__site_project_id_basiskele::kw_arven_den_ted_kolejine_komsu_havuzlu,0.0
gradient_boosting,cat__site_project_id_basiskele::loca_torunoglu,0.0
gradient_boosting,cat__site_project_id_basiskele::lotus,0.0
gradient_boosting,cat__site_project_id_basiskele::lotus_mahza,0.0
gradient_boosting,cat__site_project_id_basiskele::mahall_yuvacik_2,0.0
gradient_boosting,cat__site_project_id_basiskele::mamik_life,0.0
gradient_boosting,cat__site_project_id_basiskele::mamik_reform,0.0
gradient_boosting,cat__site_project_id_basiskele::manar_terrace,0.0
gradient_boosting,cat__site_project_id_basiskele::manar_yuvacik,0.0
gradient_boosting,cat__site_project_id_basiskele::manar_yuvacik_2,0.0
gradient_boosting,cat__site_project_id_basiskele::manar_yuvacik_3,0.0
gradient_boosting,cat__site_project_id_basiskele::manaryuvacik,0.0
gradient_boosting,cat__site_project_id_basiskele::marmara_elit,0.0
gradient_boosting,cat__site_project_id_basiskele::marmara_elit_yapi_kooperatifi,0.0
gradient_boosting,cat__site_project_id_basiskele::mavi_yesil_park,0.0
gradient_boosting,cat__site_project_id_basiskele::may_city,0.0
gradient_boosting,cat__site_project_id_basiskele::may_kent_2,0.0
gradient_boosting,cat__site_project_id_basiskele::megatron_azize,0.0
gradient_boosting,cat__site_project_id_basiskele::mehmet_akif_ersoy,0.0
gradient_boosting,cat__site_project_id_basiskele::memur_sen,0.0
gradient_boosting,cat__site_project_id_basiskele::merkezde_essiz_bir,0.0
gradient_boosting,cat__site_project_id_basiskele::mona_vadi,0.0
gradient_boosting,cat__site_project_id_basiskele::my_house_yuvacik,0.0
gradient_boosting,cat__site_project_id_basiskele::my_yaka,0.0
gradient_boosting,cat__site_project_id_basiskele::naturapark,0.0
gradient_boosting,cat__site_project_id_basiskele::oksijen_konaklari,0.0
gradient_boosting,cat__site_project_id_basiskele::oluklu_life,0.0
gradient_boosting,cat__site_project_id_basiskele::orka_life,0.0
gradient_boosting,cat__site_project_id_basiskele::orka_life_2,0.0
gradient_boosting,cat__site_project_id_basiskele::ozemsan,0.0
gradient_boosting,cat__site_project_id_basiskele::panorama_3,0.0
gradient_boosting,cat__site_project_id_basiskele::panoramakent_1,0.0
gradient_boosting,cat__site_project_id_basiskele::panoramakent_2,0.0
gradient_boosting,cat__site_project_id_basiskele::panoramakent_3,0.0
gradient_boosting,cat__site_project_id_basiskele::panoramakent_4,0.0
gradient_boosting,cat__site_project_id_basiskele::parla_100_yil,0.0
gradient_boosting,cat__site_project_id_basiskele::pasadag_100_yil_parla,0.0
gradient_boosting,cat__site_project_id_basiskele::pasadag_mah_full_deniz_manzarali,0.0
gradient_boosting,cat__site_project_id_basiskele::pasadag_mh_de_konsept_talha_park,0.0
gradient_boosting,cat__site_project_id_basiskele::pasadagi,0.0
gradient_boosting,cat__site_project_id_basiskele::pera_park,0.0
gradient_boosting,cat__site_project_id_basiskele::platinium,0.0
gradient_boosting,cat__site_project_id_basiskele::polen_park,0.0
gradient_boosting,cat__site_project_id_basiskele::remax_dreamden_fatih_de,0.0
gradient_boosting,cat__site_project_id_basiskele::reyhan,0.0
gradient_boosting,cat__site_project_id_basiskele::ritim_vadi_evleri,0.0
gradient_boosting,cat__site_project_id_basiskele::rose_garden,0.0
gradient_boosting,cat__site_project_id_basiskele::royal_city_akkurt,0.0
gradient_boosting,cat__site_project_id_basiskele::royal_country,0.0
gradient_boosting,cat__site_project_id_basiskele::royal_life,0.0
gradient_boosting,cat__site_project_id_basiskele::royal_park,0.0
gradient_boosting,cat__site_project_id_basiskele::rozna,0.0
gradient_boosting,cat__site_project_id_basiskele::listing_portal,0.0
gradient_boosting,cat__site_project_id_basiskele::listing_portal_vadi_yuvacik,0.0
gradient_boosting,cat__site_project_id_basiskele::secret_garden,0.0
gradient_boosting,cat__site_project_id_basiskele::selimoglu,0.0
gradient_boosting,cat__site_project_id_basiskele::sembol_kent,0.0
gradient_boosting,cat__site_project_id_basiskele::semt_bahcecik,0.0
gradient_boosting,cat__site_project_id_basiskele::seymen,0.0
gradient_boosting,cat__site_project_id_basiskele::seyr_i_vadi,0.0
gradient_boosting,cat__site_project_id_basiskele::seyri_vadi,0.0
gradient_boosting,cat__site_project_id_basiskele::supark_megaron,0.0
gradient_boosting,cat__site_project_id_basiskele::tanta_emlak_tan,0.0
gradient_boosting,cat__site_project_id_basiskele::temizel_tepe_loft,0.0
gradient_boosting,cat__site_project_id_basiskele::teras_marmara,0.0
gradient_boosting,cat__site_project_id_basiskele::terasta_life,0.0
gradient_boosting,cat__site_project_id_basiskele::terra_nova,0.0
gradient_boosting,cat__site_project_id_basiskele::tinaztepede,0.0
gradient_boosting,cat__site_project_id_basiskele::torpidocular,0.0
gradient_boosting,cat__site_project_id_basiskele::torunogullari_park_2,0.0
gradient_boosting,cat__site_project_id_basiskele::twinkle_life,0.0
gradient_boosting,cat__site_project_id_basiskele::ust_deniz_manzarali_asansorlu,0.0
gradient_boosting,cat__site_project_id_basiskele::ust_park_atakent,0.0
gradient_boosting,cat__site_project_id_basiskele::ust_park_yuvacik,0.0
gradient_boosting,cat__site_project_id_basiskele::ustgrup_lifeside,0.0
gradient_boosting,cat__site_project_id_basiskele::ustgrup_mezire,0.0
gradient_boosting,cat__site_project_id_basiskele::ustpark_afraze,0.0
gradient_boosting,cat__site_project_id_basiskele::ustpark_yuvacik,0.0
gradient_boosting,cat__site_project_id_basiskele::vadi,0.0
gradient_boosting,cat__site_project_id_basiskele::vadi_suit,0.0
gradient_boosting,cat__site_project_id_basiskele::vadi_yuvacik,0.0
gradient_boosting,cat__site_project_id_basiskele::venedik,0.0
gradient_boosting,cat__site_project_id_basiskele::villa_liva,0.0
gradient_boosting,cat__site_project_id_basiskele::vira,0.0
gradient_boosting,cat__site_project_id_basiskele::vistapark,0.0
gradient_boosting,cat__site_project_id_basiskele::vizyon_dan,0.0
gradient_boosting,cat__site_project_id_basiskele::vizyon_dan_basiskelede,0.0
gradient_boosting,cat__site_project_id_basiskele::yagmurkent,0.0
gradient_boosting,cat__site_project_id_basiskele::yakamoz_konutlari,0.0
gradient_boosting,cat__site_project_id_basiskele::yakut_konaklari,0.0
gradient_boosting,cat__site_project_id_basiskele::yaylacik_mh_de_havuzlu,0.0
gradient_boosting,cat__site_project_id_basiskele::yenikoy_kalici_konutlari_12_ada,0.0
gradient_boosting,cat__site_project_id_basiskele::yesilkent_kalici,0.0
gradient_boosting,cat__site_project_id_basiskele::yesilyurt,0.0
gradient_boosting,cat__site_project_id_basiskele::yesilyurt_mah_durupark,0.0
gradient_boosting,cat__site_project_id_basiskele::yesilyurt_mahallesin_de,0.0
gradient_boosting,cat__site_project_id_basiskele::yesilyurtda,0.0
gradient_boosting,cat__site_project_id_basiskele::yildiz,0.0
gradient_boosting,cat__site_project_id_basiskele::yonca_evleri_2,0.0
gradient_boosting,cat__site_project_id_basiskele::yuksek_giris_butik,0.0
gradient_boosting,cat__site_project_id_basiskele::yusra,0.0
gradient_boosting,cat__site_project_id_basiskele::yuvacik_doga,0.0
gradient_boosting,cat__site_project_id_basiskele::yuvacik_eksioglu_metsan,0.0
gradient_boosting,cat__site_project_id_basiskele::yuvacik_kalici_konutlari_10_ada,0.0
gradient_boosting,cat__site_project_id_basiskele::yuvacik_kalici_konutlari_1_ada,0.0
gradient_boosting,cat__site_project_id_basiskele::yuvacik_kalici_konutlari_2_ada,0.0
gradient_boosting,cat__site_project_id_basiskele::yuvacik_manar,0.0
gradient_boosting,cat__site_project_id_basiskele::yuvacik_pasadag_yesil_vadi,0.0
gradient_boosting,cat__site_project_id_basiskele::yuvacik_pasadagi_mh,0.0
gradient_boosting,cat__site_project_id_basiskele::yuvacik_ta_prestijli,0.0
gradient_boosting,cat__site_project_id_basiskele::yuvacik_vadi,0.0
gradient_boosting,cat__site_project_id_basiskele::yuvacikta,0.0
gradient_boosting,cat__site_project_id_basiskele::yuvana_evleri,0.0
gradient_boosting,cat__site_project_id_basiskele::yuz_yapi_dan_deniz_ve_vadi,0.0
gradient_boosting,cat__site_project_id_basiskele::zeray_gunesi,0.0
gradient_boosting,cat__site_project_id_basiskele::zeray_kent,0.0
gradient_boosting,cat__site_project_id_basiskele::zeray_korupark,0.0
gradient_boosting,cat__site_project_id_basiskele::zeray_perla,0.0
gradient_boosting,cat__site_project_id_basiskele::zeraykent_yuvacik,0.0
gradient_boosting,cat__site_project_id_golcuk::100_yil_bariser,0.0
gradient_boosting,cat__site_project_id_golcuk::1sifir,0.0
gradient_boosting,cat__site_project_id_golcuk::75_yil,0.0
gradient_boosting,cat__site_project_id_golcuk::80_ine_kredi_imkamli,0.0
gradient_boosting,cat__site_project_id_golcuk::akyuz,0.0
gradient_boosting,cat__site_project_id_golcuk::altinsehir,0.0
gradient_boosting,cat__site_project_id_golcuk::ara_sifir,0.0
gradient_boosting,cat__site_project_id_golcuk::armada,0.0
gradient_boosting,cat__site_project_id_golcuk::asena,0.0
gradient_boosting,cat__site_project_id_golcuk::ata_1,0.0
gradient_boosting,cat__site_project_id_golcuk::aylan_1,0.0
gradient_boosting,cat__site_project_id_golcuk::ayse_torunogullari,0.0
gradient_boosting,cat__site_project_id_golcuk::azat_park,0.0
gradient_boosting,cat__site_project_id_golcuk::azra_6,0.0
gradient_boosting,cat__site_project_id_golcuk::bagkur,0.0
gradient_boosting,cat__site_project_id_golcuk::bahce_dubleks,0.0
gradient_boosting,cat__site_project_id_golcuk::balaban,0.0
gradient_boosting,cat__site_project_id_golcuk::balaban_city,0.0
gradient_boosting,cat__site_project_id_golcuk::baris_park_evleri_1,0.0
gradient_boosting,cat__site_project_id_golcuk::baris_vizyon_deluxe,0.0
gradient_boosting,cat__site_project_id_golcuk::baris_vizyon_deluxe_3,0.0
gradient_boosting,cat__site_project_id_golcuk::bati_mercan,0.0
gradient_boosting,cat__site_project_id_golcuk::bayindirlik_kalici_konutlari_539_ada,0.0
gradient_boosting,cat__site_project_id_golcuk::beyaz_saraylar,0.0
gradient_boosting,cat__site_project_id_golcuk::beyaz_vadi,0.0
gradient_boosting,cat__site_project_id_golcuk::bogazici_3,0.0
gradient_boosting,cat__site_project_id_golcuk::bogazici_ihsaniye_1,0.0
gradient_boosting,cat__site_project_id_golcuk::cakiroglu_prestij_park,0.0
gradient_boosting,cat__site_project_id_golcuk::camlik,0.0
gradient_boosting,cat__site_project_id_golcuk::cati_dubleks_havuzlu,0.0
gradient_boosting,cat__site_project_id_golcuk::cb_envoy_dan_golcuk_yazlik_ta,0.0
gradient_boosting,cat__site_project_id_golcuk::cb_envoy_golcuk_mh_faralya,0.0
gradient_boosting,cat__site_project_id_golcuk::cb_envoy_ihsaniye_de,0.0
gradient_boosting,cat__site_project_id_golcuk::ciftlik_mahallesi_nde,0.0
gradient_boosting,cat__site_project_id_golcuk::ciftlik_mahallesinde,0.0
gradient_boosting,cat__site_project_id_golcuk::civan_park,0.0
gradient_boosting,cat__site_project_id_golcuk::cumhuriyet,0.0
gradient_boosting,cat__site_project_id_golcuk::dadaslar,0.0
gradient_boosting,cat__site_project_id_golcuk::dan,0.0
gradient_boosting,cat__site_project_id_golcuk::degirmendere_de,0.0
gradient_boosting,cat__site_project_id_golcuk::degirmendere_de_deniz_manzarali_havuzlu,0.0
gradient_boosting,cat__site_project_id_golcuk::degirmendere_ervatan,0.0
gradient_boosting,cat__site_project_id_golcuk::degirmendere_konaklari,0.0
gradient_boosting,cat__site_project_id_golcuk::degirmendere_merkezi_konum_evim_kent,0.0
gradient_boosting,cat__site_project_id_golcuk::degirmendere_modern,0.0
gradient_boosting,cat__site_project_id_golcuk::degirmendere_yuzbasilar_da,0.0
gradient_boosting,cat__site_project_id_golcuk::demet,0.0
gradient_boosting,cat__site_project_id_golcuk::demirsoy,0.0
gradient_boosting,cat__site_project_id_golcuk::deniz_as,0.0
gradient_boosting,cat__site_project_id_golcuk::deniz_yildizi,0.0
gradient_boosting,cat__site_project_id_golcuk::doga,0.0
gradient_boosting,cat__site_project_id_golcuk::dogakent,0.0
gradient_boosting,cat__site_project_id_golcuk::dogan,0.0
gradient_boosting,cat__site_project_id_golcuk::donanma_olkar_vadi,0.0
gradient_boosting,cat__site_project_id_golcuk::elit_park,0.0
gradient_boosting,cat__site_project_id_golcuk::ema_emlak_karakopru_mah_vip,0.0
gradient_boosting,cat__site_project_id_golcuk::ema_emlak_karakopru_vip,0.0
gradient_boosting,cat__site_project_id_golcuk::emek,0.0
gradient_boosting,cat__site_project_id_golcuk::erguder,0.0
gradient_boosting,cat__site_project_id_golcuk::ervatan,0.0
gradient_boosting,cat__site_project_id_golcuk::firtina,0.0
gradient_boosting,cat__site_project_id_golcuk::flora,0.0
gradient_boosting,cat__site_project_id_golcuk::ford,0.0
gradient_boosting,cat__site_project_id_golcuk::full_deniz_manzarali,0.0
gradient_boosting,cat__site_project_id_golcuk::full_tadilatli_17000tl_kiracili,0.0
gradient_boosting,cat__site_project_id_golcuk::golcuk_balaban_mimoza_kent,0.0
gradient_boosting,cat__site_project_id_golcuk::golcuk_degirmendere_metropolitangreyeffect,0.0
gradient_boosting,cat__site_project_id_golcuk::golcuk_degirmendere_orcun,0.0
gradient_boosting,cat__site_project_id_golcuk::golcuk_hisareyn_de,0.0
gradient_boosting,cat__site_project_id_golcuk::golcuk_ihsaniye_balaban_yasam,0.0
gradient_boosting,cat__site_project_id_golcuk::golcuk_kavanium_2,0.0
gradient_boosting,cat__site_project_id_golcuk::golcuk_mah_faralya,0.0
gradient_boosting,cat__site_project_id_golcuk::goztepe,0.0
gradient_boosting,cat__site_project_id_golcuk::guler_sabanci,0.0
gradient_boosting,cat__site_project_id_golcuk::hasdayi,0.0
gradient_boosting,cat__site_project_id_golcuk::hisar,0.0
gradient_boosting,cat__site_project_id_golcuk::hisareynde,0.0
gradient_boosting,cat__site_project_id_golcuk::ihsaniye_de,0.0
gradient_boosting,cat__site_project_id_golcuk::ilica_evleri_3,0.0
gradient_boosting,cat__site_project_id_golcuk::kardelen,0.0
gradient_boosting,cat__site_project_id_golcuk::kavanium,0.0
gradient_boosting,cat__site_project_id_golcuk::kavanium_2,0.0
gradient_boosting,cat__site_project_id_golcuk::kurtulus,0.0
gradient_boosting,cat__site_project_id_golcuk::kw_arven_den_hisareyn_de_havuzlu,0.0
gradient_boosting,cat__site_project_id_golcuk::luxury_sea_suit,0.0
gradient_boosting,cat__site_project_id_golcuk::mahallede,0.0
gradient_boosting,cat__site_project_id_golcuk::manzara,0.0
gradient_boosting,cat__site_project_id_golcuk::mavi_sehir,0.0
gradient_boosting,cat__site_project_id_golcuk::melisa,0.0
gradient_boosting,cat__site_project_id_golcuk::menekse_park,0.0
gradient_boosting,cat__site_project_id_golcuk::mercan_bagkent,0.0
gradient_boosting,cat__site_project_id_golcuk::metropolitan_grey_effect,0.0
gradient_boosting,cat__site_project_id_golcuk::mimoza,0.0
gradient_boosting,cat__site_project_id_golcuk::muhammet_ali_torunogullari,0.0
gradient_boosting,cat__site_project_id_golcuk::nida_torunogullari,0.0
gradient_boosting,cat__site_project_id_golcuk::ocak,0.0
gradient_boosting,cat__site_project_id_golcuk::olkar_atasehir,0.0
gradient_boosting,cat__site_project_id_golcuk::olkar_safir,0.0
gradient_boosting,cat__site_project_id_golcuk::olkar_sakli_vadi_konagi,0.0
gradient_boosting,cat__site_project_id_golcuk::olkar_vadi,0.0
gradient_boosting,cat__site_project_id_golcuk::orcun_manzara,0.0
gradient_boosting,cat__site_project_id_golcuk::otoparkli,0.0
gradient_boosting,cat__site_project_id_golcuk::ovunc,0.0
gradient_boosting,cat__site_project_id_golcuk::oz_mercan,0.0
gradient_boosting,cat__site_project_id_golcuk::ozgururkent,0.0
gradient_boosting,cat__site_project_id_golcuk::palmiye,0.0
gradient_boosting,cat__site_project_id_golcuk::piyalepasa_da,0.0
gradient_boosting,cat__site_project_id_golcuk::rakicioglu,0.0
gradient_boosting,cat__site_project_id_golcuk::rakicioglu_sitesi_2,0.0
gradient_boosting,cat__site_project_id_golcuk::remaxcakra_omer_onayci_dan,0.0
gradient_boosting,cat__site_project_id_golcuk::revna_life,0.0
gradient_boosting,cat__site_project_id_golcuk::sahan_torunogullari,0.0
gradient_boosting,cat__site_project_id_golcuk::sakli_vadi,0.0
gradient_boosting,cat__site_project_id_golcuk::sarayli,0.0
gradient_boosting,cat__site_project_id_golcuk::sarayli_kalici_konutlari_181_ada,0.0
gradient_boosting,cat__site_project_id_golcuk::sarayli_kalici_konutlari_182_ada,0.0
gradient_boosting,cat__site_project_id_golcuk::sehir,0.0
gradient_boosting,cat__site_project_id_golcuk::sehitler_mah_vgm,0.0
gradient_boosting,cat__site_project_id_golcuk::sehri_torunoglu,0.0
gradient_boosting,cat__site_project_id_golcuk::sengun,0.0
gradient_boosting,cat__site_project_id_golcuk::seval,0.0
gradient_boosting,cat__site_project_id_golcuk::sinirsiz_kredi_imkanli,0.0
gradient_boosting,cat__site_project_id_golcuk::sirinkent_kalici_konutlari_15_ada,0.0
gradient_boosting,cat__site_project_id_golcuk::sirinkent_kalici_konutlari_19_ada,0.0
gradient_boosting,cat__site_project_id_golcuk::sirinkent_kalici_konutlari_30_ada,0.0
gradient_boosting,cat__site_project_id_golcuk::sirinkoy_kalici_konutlari_4_ada,0.0
gradient_boosting,cat__site_project_id_golcuk::sirinkoy_toki,0.0
gradient_boosting,cat__site_project_id_golcuk::sivritepe_denizevler_toki,0.0
gradient_boosting,cat__site_project_id_golcuk::sokkk_fiyat_ihsaniye_merkez_de,0.0
gradient_boosting,cat__site_project_id_golcuk::subasi,0.0
gradient_boosting,cat__site_project_id_golcuk::supark_arcadia,0.0
gradient_boosting,cat__site_project_id_golcuk::supark_royal,0.0
gradient_boosting,cat__site_project_id_golcuk::tanyildizdan_golcuk_elit_park,0.0
gradient_boosting,cat__site_project_id_golcuk::tasdan_premium_city,0.0
gradient_boosting,cat__site_project_id_golcuk::toki,0.0
gradient_boosting,cat__site_project_id_golcuk::toki_sivritepe,0.0
gradient_boosting,cat__site_project_id_golcuk::toksoylu,0.0
gradient_boosting,cat__site_project_id_golcuk::tolga,0.0
gradient_boosting,cat__site_project_id_golcuk::topcular_da,0.0
gradient_boosting,cat__site_project_id_golcuk::topcular_mh_ronesans,0.0
gradient_boosting,cat__site_project_id_golcuk::topcularda_havuzlu,0.0
gradient_boosting,cat__site_project_id_golcuk::torunogullari,0.0
gradient_boosting,cat__site_project_id_golcuk::torunogullari_ormania,0.0
gradient_boosting,cat__site_project_id_golcuk::true_life,0.0
gradient_boosting,cat__site_project_id_golcuk::turkuaz,0.0
gradient_boosting,cat__site_project_id_golcuk::ulasli_yesilkent,0.0
gradient_boosting,cat__site_project_id_golcuk::uplife_topcular,0.0
gradient_boosting,cat__site_project_id_golcuk::uydu_kent,0.0
gradient_boosting,cat__site_project_id_golcuk::vadi_degirmendere,0.0
gradient_boosting,cat__site_project_id_golcuk::versay_lilyum_park,0.0
gradient_boosting,cat__site_project_id_golcuk::versay_yamac_evler,0.0
gradient_boosting,cat__site_project_id_golcuk::versay_yamacevler,0.0
gradient_boosting,cat__site_project_id_golcuk::yakamos,0.0
gradient_boosting,cat__site_project_id_golcuk::yakamoz,0.0
gradient_boosting,cat__site_project_id_golcuk::yalik_mahallede,0.0
gradient_boosting,cat__site_project_id_golcuk::yasam,0.0
gradient_boosting,cat__site_project_id_golcuk::yildirim,0.0
gradient_boosting,cat__site_project_id_golcuk::yildizevler,0.0
gradient_boosting,cat__site_project_id_golcuk::zumrut_evler,0.0
gradient_boosting,cat__site_project_id_izmit::academic_life,0.0
gradient_boosting,cat__site_project_id_izmit::akademic_life_2,0.0
gradient_boosting,cat__site_project_id_izmit::akar,0.0
gradient_boosting,cat__site_project_id_izmit::akarca,0.0
gradient_boosting,cat__site_project_id_izmit::akcakent_1,0.0
gradient_boosting,cat__site_project_id_izmit::akcakent_2,0.0
gradient_boosting,cat__site_project_id_izmit::akcakoca,0.0
gradient_boosting,cat__site_project_id_izmit::akcakoca_universite,0.0
gradient_boosting,cat__site_project_id_izmit::akdora,0.0
gradient_boosting,cat__site_project_id_izmit::akkonak,0.0
gradient_boosting,cat__site_project_id_izmit::akkus,0.0
gradient_boosting,cat__site_project_id_izmit::alan_park,0.0
gradient_boosting,cat__site_project_id_izmit::alikahya_kavanium,0.0
gradient_boosting,cat__site_project_id_izmit::alikahya_ve_dumlupinar_sinirinda,0.0
gradient_boosting,cat__site_project_id_izmit::almira,0.0
gradient_boosting,cat__site_project_id_izmit::altinevler,0.0
gradient_boosting,cat__site_project_id_izmit::anadolu,0.0
gradient_boosting,cat__site_project_id_izmit::anakent,0.0
gradient_boosting,cat__site_project_id_izmit::ara,0.0
gradient_boosting,cat__site_project_id_izmit::arizli_toki,0.0
gradient_boosting,cat__site_project_id_izmit::armada_kent_5,0.0
gradient_boosting,cat__site_project_id_izmit::armadakent_1,0.0
gradient_boosting,cat__site_project_id_izmit::armadakent_3,0.0
gradient_boosting,cat__site_project_id_izmit::armadakent_4,0.0
gradient_boosting,cat__site_project_id_izmit::armadakent_5,0.0
gradient_boosting,cat__site_project_id_izmit::armakent_4,0.0
gradient_boosting,cat__site_project_id_izmit::armonia,0.0
gradient_boosting,cat__site_project_id_izmit::art_yapi_elit_park,0.0
gradient_boosting,cat__site_project_id_izmit::asayra_dan_bayindirlik_kalici,0.0
gradient_boosting,cat__site_project_id_izmit::asayra_dan_yuvam_akarca,0.0
gradient_boosting,cat__site_project_id_izmit::aslantas_plus,0.0
gradient_boosting,cat__site_project_id_izmit::asrin,0.0
gradient_boosting,cat__site_project_id_izmit::asrin_saraylari_2,0.0
gradient_boosting,cat__site_project_id_izmit::ata,0.0
gradient_boosting,cat__site_project_id_izmit::ates,0.0
gradient_boosting,cat__site_project_id_izmit::avenue,0.0
gradient_boosting,cat__site_project_id_izmit::avlu,0.0
gradient_boosting,cat__site_project_id_izmit::bagcesme_kavanium,0.0
gradient_boosting,cat__site_project_id_izmit::bagcesme_konaklari,0.0
gradient_boosting,cat__site_project_id_izmit::bagcesme_modern,0.0
gradient_boosting,cat__site_project_id_izmit::bagcesmede,0.0
gradient_boosting,cat__site_project_id_izmit::bagkale,0.0
gradient_boosting,cat__site_project_id_izmit::bagtepe,0.0
gradient_boosting,cat__site_project_id_izmit::balaban_yuksel,0.0
gradient_boosting,cat__site_project_id_izmit::balabani,0.0
gradient_boosting,cat__site_project_id_izmit::baris_sitesi_2,0.0
gradient_boosting,cat__site_project_id_izmit::bayindirlik,0.0
gradient_boosting,cat__site_project_id_izmit::bayindirlik_konutlari_11_ada,0.0
gradient_boosting,cat__site_project_id_izmit::bayindirlik_konutlari_12_ada,0.0
gradient_boosting,cat__site_project_id_izmit::belediye_memurlar,0.0
gradient_boosting,cat__site_project_id_izmit::burcin,0.0
gradient_boosting,cat__site_project_id_izmit::campus_istanbul,0.0
gradient_boosting,cat__site_project_id_izmit::cayirkoy_premiumda,0.0
gradient_boosting,cat__site_project_id_izmit::cb_atlas_tan_la_vida_city,0.0
gradient_boosting,cat__site_project_id_izmit::cef_city_golpark,0.0
gradient_boosting,cat__site_project_id_izmit::celik_ay_dan_yesilova_zumra,0.0
gradient_boosting,cat__site_project_id_izmit::cepni_corner_park,0.0
gradient_boosting,cat__site_project_id_izmit::cepni_up_town_evleri_2,0.0
gradient_boosting,cat__site_project_id_izmit::cinar_vadisi_konaklari,0.0
gradient_boosting,cat__site_project_id_izmit::concept_yahyakaptan,0.0
gradient_boosting,cat__site_project_id_izmit::cukurbag_mah_guneskent,0.0
gradient_boosting,cat__site_project_id_izmit::cumhuriyet,0.0
gradient_boosting,cat__site_project_id_izmit::dan_bayindirlik,0.0
gradient_boosting,cat__site_project_id_izmit::deniz_manzarali,0.0
gradient_boosting,cat__site_project_id_izmit::diamond_boutioue,0.0
gradient_boosting,cat__site_project_id_izmit::diamond_prestige_2,0.0
gradient_boosting,cat__site_project_id_izmit::dikkat_emlak_tan_yenisehir_mh,0.0
gradient_boosting,cat__site_project_id_izmit::doga_park,0.0
gradient_boosting,cat__site_project_id_izmit::dogus,0.0
gradient_boosting,cat__site_project_id_izmit::dorukkent,0.0
gradient_boosting,cat__site_project_id_izmit::dostluk_6,0.0
gradient_boosting,cat__site_project_id_izmit::dunya_bankasi,0.0
gradient_boosting,cat__site_project_id_izmit::dunya_bankasi_konutlari_14_ada,0.0
gradient_boosting,cat__site_project_id_izmit::dunya_bankasi_konutlari_17_ada,0.0
gradient_boosting,cat__site_project_id_izmit::dunya_bankasi_konutlari_18_ada,0.0
gradient_boosting,cat__site_project_id_izmit::dunya_bankasi_konutlari_21_ada,0.0
gradient_boosting,cat__site_project_id_izmit::dunya_bankasi_konutlari_23_ada,0.0
gradient_boosting,cat__site_project_id_izmit::dunya_bankasi_konutlari_24_ada,0.0
gradient_boosting,cat__site_project_id_izmit::dunya_bankasi_konutlari_27_ada,0.0
gradient_boosting,cat__site_project_id_izmit::dunya_bankasi_konutlari_2_ada,0.0
gradient_boosting,cat__site_project_id_izmit::dunya_bankasi_konutlari_3_ada,0.0
gradient_boosting,cat__site_project_id_izmit::dunya_bankasi_konutlari_9_ada,0.0
gradient_boosting,cat__site_project_id_izmit::dunya_bankasi_sitesi_30_ada,0.0
gradient_boosting,cat__site_project_id_izmit::efdal_mai,0.0
gradient_boosting,cat__site_project_id_izmit::ekol_den_karadenizliler_mah_hls_yapi_da,0.0
gradient_boosting,cat__site_project_id_izmit::elit_kirk_bir,0.0
gradient_boosting,cat__site_project_id_izmit::emniyetciler,0.0
gradient_boosting,cat__site_project_id_izmit::erdagi,0.0
gradient_boosting,cat__site_project_id_izmit::erenkaya_park,0.0
gradient_boosting,cat__site_project_id_izmit::erenler_cedit,0.0
gradient_boosting,cat__site_project_id_izmit::erim,0.0
gradient_boosting,cat__site_project_id_izmit::eskidjiden_iztop_park,0.0
gradient_boosting,cat__site_project_id_izmit::evedin_yuvam_akarca_orkide,0.0
gradient_boosting,cat__site_project_id_izmit::feza,0.0
gradient_boosting,cat__site_project_id_izmit::flora_park,0.0
gradient_boosting,cat__site_project_id_izmit::fnd_smart_side,0.0
gradient_boosting,cat__site_project_id_izmit::fnd_smart_side_2,0.0
gradient_boosting,cat__site_project_id_izmit::full,0.0
gradient_boosting,cat__site_project_id_izmit::full_hazir_kiracili_son,0.0
gradient_boosting,cat__site_project_id_izmit::gokce,0.0
gradient_boosting,cat__site_project_id_izmit::golden_park,0.0
gradient_boosting,cat__site_project_id_izmit::golkay_star_life,0.0
gradient_boosting,cat__site_project_id_izmit::golkent_turkuaz,0.0
gradient_boosting,cat__site_project_id_izmit::golpark_star_life,0.0
gradient_boosting,cat__site_project_id_izmit::green_hill_city,0.0
gradient_boosting,cat__site_project_id_izmit::gulacti_deniz_konaklari,0.0
gradient_boosting,cat__site_project_id_izmit::gulacti_deniz_konaklari_2,0.0
gradient_boosting,cat__site_project_id_izmit::gulen,0.0
gradient_boosting,cat__site_project_id_izmit::gundogdu_bayindirlik_konutlari_6_ada_huzur,0.0
gradient_boosting,cat__site_project_id_izmit::gundogdu_dorukkent1,0.0
gradient_boosting,cat__site_project_id_izmit::gundogdu_eren_life,0.0
gradient_boosting,cat__site_project_id_izmit::gundogdu_havuzlu_asansorlu,0.0
gradient_boosting,cat__site_project_id_izmit::gundogdu_kalici,0.0
gradient_boosting,cat__site_project_id_izmit::gundogduda,0.0
gradient_boosting,cat__site_project_id_izmit::guney_park_cayirkoy,0.0
gradient_boosting,cat__site_project_id_izmit::hanife_sultan,0.0
gradient_boosting,cat__site_project_id_izmit::hanzade,0.0
gradient_boosting,cat__site_project_id_izmit::hatipoglu,0.0
gradient_boosting,cat__site_project_id_izmit::humeyra_park,0.0
gradient_boosting,cat__site_project_id_izmit::huzur,0.0
gradient_boosting,cat__site_project_id_izmit::inci,0.0
gradient_boosting,cat__site_project_id_izmit::innovia_terrace,0.0
gradient_boosting,cat__site_project_id_izmit::invest_global_den_yesilova_alfa,0.0
gradient_boosting,cat__site_project_id_izmit::iremkent,0.0
gradient_boosting,cat__site_project_id_izmit::iz_tepe,0.0
gradient_boosting,cat__site_project_id_izmit::izmit_te_akcakent,0.0
gradient_boosting,cat__site_project_id_izmit::izmitkent_konutlari_2,0.0
gradient_boosting,cat__site_project_id_izmit::izmitkent_konutlari_3,0.0
gradient_boosting,cat__site_project_id_izmit::izmitkent_konutlari_5,0.0
gradient_boosting,cat__site_project_id_izmit::iztop_park,0.0
gradient_boosting,cat__site_project_id_izmit::iztop_park_evleri_831_ada,0.0
gradient_boosting,cat__site_project_id_izmit::jasmin_country,0.0
gradient_boosting,cat__site_project_id_izmit::jasmine_country,0.0
gradient_boosting,cat__site_project_id_izmit::kabaoglu,0.0
gradient_boosting,cat__site_project_id_izmit::kabaoglu_havuzlu,0.0
gradient_boosting,cat__site_project_id_izmit::kabaoglunda,0.0
gradient_boosting,cat__site_project_id_izmit::karabas_mah_kent,0.0
gradient_boosting,cat__site_project_id_izmit::kardelen,0.0
gradient_boosting,cat__site_project_id_izmit::karpay,0.0
gradient_boosting,cat__site_project_id_izmit::kartanesi,0.0
gradient_boosting,cat__site_project_id_izmit::kavan_life,0.0
gradient_boosting,cat__site_project_id_izmit::kavan_life_gundogdu,0.0
gradient_boosting,cat__site_project_id_izmit::kavan_try,0.0
gradient_boosting,cat__site_project_id_izmit::kavanium,0.0
gradient_boosting,cat__site_project_id_izmit::kavanium_832_ada,0.0
gradient_boosting,cat__site_project_id_izmit::kavanium_833_ada,0.0
gradient_boosting,cat__site_project_id_izmit::kavanium_bagcesme,0.0
gradient_boosting,cat__site_project_id_izmit::kavanium_evleri_815_ada,0.0
gradient_boosting,cat__site_project_id_izmit::kavanium_evleri_819_ada,0.0
gradient_boosting,cat__site_project_id_izmit::kavanya_gol,0.0
gradient_boosting,cat__site_project_id_izmit::kavanya_koru,0.0
gradient_boosting,cat__site_project_id_izmit::kavanyum_bagcesme,0.0
gradient_boosting,cat__site_project_id_izmit::kent,0.0
gradient_boosting,cat__site_project_id_izmit::kent_konutlari_2,0.0
gradient_boosting,cat__site_project_id_izmit::kent_konutlari_3,0.0
gradient_boosting,cat__site_project_id_izmit::kent_tuana,0.0
gradient_boosting,cat__site_project_id_izmit::kentsa,0.0
gradient_boosting,cat__site_project_id_izmit::kiptas_cinar,0.0
gradient_boosting,cat__site_project_id_izmit::kore,0.0
gradient_boosting,cat__site_project_id_izmit::kucukyali,0.0
gradient_boosting,cat__site_project_id_izmit::kurucesme,0.0
gradient_boosting,cat__site_project_id_izmit::kurucesme_deniz_manzarali,0.0
gradient_boosting,cat__site_project_id_izmit::kurucesme_doktorlar,0.0
gradient_boosting,cat__site_project_id_izmit::kurucesme_fatih_mahallesi,0.0
gradient_boosting,cat__site_project_id_izmit::kurucesme_oluklu,0.0
gradient_boosting,cat__site_project_id_izmit::kurucesmede,0.0
gradient_boosting,cat__site_project_id_izmit::kurucesmenin_ustu,0.0
gradient_boosting,cat__site_project_id_izmit::kvs_royal,0.0
gradient_boosting,cat__site_project_id_izmit::la_vida_park,0.0
gradient_boosting,cat__site_project_id_izmit::lavinya_park,0.0
gradient_boosting,cat__site_project_id_izmit::lilyum_park_2,0.0
gradient_boosting,cat__site_project_id_izmit::lilyum_park_3,0.0
gradient_boosting,cat__site_project_id_izmit::lilyum_park_4,0.0
gradient_boosting,cat__site_project_id_izmit::liya,0.0
gradient_boosting,cat__site_project_id_izmit::loca_bagcesme,0.0
gradient_boosting,cat__site_project_id_izmit::maide,0.0
gradient_boosting,cat__site_project_id_izmit::mamikler,0.0
gradient_boosting,cat__site_project_id_izmit::manzara,0.0
gradient_boosting,cat__site_project_id_izmit::masiva_kozluk,0.0
gradient_boosting,cat__site_project_id_izmit::maykon_smart_plus,0.0
gradient_boosting,cat__site_project_id_izmit::mega,0.0
gradient_boosting,cat__site_project_id_izmit::menekse_yasamkent,0.0
gradient_boosting,cat__site_project_id_izmit::merdoglu,0.0
gradient_boosting,cat__site_project_id_izmit::mihrimah,0.0
gradient_boosting,cat__site_project_id_izmit::mimkon_yasam,0.0
gradient_boosting,cat__site_project_id_izmit::mira,0.0
gradient_boosting,cat__site_project_id_izmit::mk_royal,0.0
gradient_boosting,cat__site_project_id_izmit::mk_teras,0.0
gradient_boosting,cat__site_project_id_izmit::muasir_kent,0.0
gradient_boosting,cat__site_project_id_izmit::myra_2,0.0
gradient_boosting,cat__site_project_id_izmit::myra_3,0.0
gradient_boosting,cat__site_project_id_izmit::myra_sitesi_3,0.0
gradient_boosting,cat__site_project_id_izmit::natural,0.0
gradient_boosting,cat__site_project_id_izmit::nergis,0.0
gradient_boosting,cat__site_project_id_izmit::nikomedya_can,0.0
gradient_boosting,cat__site_project_id_izmit::nikomedya_deniz,0.0
gradient_boosting,cat__site_project_id_izmit::normcity,0.0
gradient_boosting,cat__site_project_id_izmit::ogretmenler,0.0
gradient_boosting,cat__site_project_id_izmit::oluklu_bagcesme,0.0
gradient_boosting,cat__site_project_id_izmit::oluklu_ozon,0.0
gradient_boosting,cat__site_project_id_izmit::onur,0.0
gradient_boosting,cat__site_project_id_izmit::onur_siteleri,0.0
gradient_boosting,cat__site_project_id_izmit::osmanli_konaklari,0.0
gradient_boosting,cat__site_project_id_izmit::ozgur,0.0
gradient_boosting,cat__site_project_id_izmit::ozum,0.0
gradient_boosting,cat__site_project_id_izmit::ozyapi,0.0
gradient_boosting,cat__site_project_id_izmit::pinar,0.0
gradient_boosting,cat__site_project_id_izmit::pirelli,0.0
gradient_boosting,cat__site_project_id_izmit::plaj_yolu_sea_life,0.0
gradient_boosting,cat__site_project_id_izmit::plaj_yolunda_sea_life,0.0
gradient_boosting,cat__site_project_id_izmit::plajyolu,0.0
gradient_boosting,cat__site_project_id_izmit::plajyolu_avangard,0.0
gradient_boosting,cat__site_project_id_izmit::plajyolu_bozdag,0.0
gradient_boosting,cat__site_project_id_izmit::plajyolu_harika_konum_da,0.0
gradient_boosting,cat__site_project_id_izmit::plajyolu_sea_life,0.0
gradient_boosting,cat__site_project_id_izmit::plajyolunda,0.0
gradient_boosting,cat__site_project_id_izmit::plajyolunun_en_prestijli,0.0
gradient_boosting,cat__site_project_id_izmit::rbs_yasam,0.0
gradient_boosting,cat__site_project_id_izmit::remax_bagcesme_orhan_mh,0.0
gradient_boosting,cat__site_project_id_izmit::remax_dream_avenue,0.0
gradient_boosting,cat__site_project_id_izmit::remax_dream_den_80_kredi_eminevime_uygun,0.0
gradient_boosting,cat__site_project_id_izmit::remax_dream_den_plaj_yolunda,0.0
gradient_boosting,cat__site_project_id_izmit::remax_dream_dunya_bankasi,0.0
gradient_boosting,cat__site_project_id_izmit::remax_effect_ten_gundogdu_bayindirlik,0.0
gradient_boosting,cat__site_project_id_izmit::remax_exclusiveden_avenue,0.0
gradient_boosting,cat__site_project_id_izmit::remax_plaj_yolu_deniz_manzarali,0.0
gradient_boosting,cat__site_project_id_izmit::respark_3,0.0
gradient_boosting,cat__site_project_id_izmit::listing_portal_havuz_ve_vadi,0.0
gradient_boosting,cat__site_project_id_izmit::listing_portal_temiz_kullanisli,0.0
gradient_boosting,cat__site_project_id_izmit::listing_portal_yelkent_tetra,0.0
gradient_boosting,cat__site_project_id_izmit::sahilkent,0.0
gradient_boosting,cat__site_project_id_izmit::saray,0.0
gradient_boosting,cat__site_project_id_izmit::saray_evleri_anemon,0.0
gradient_boosting,cat__site_project_id_izmit::sea_life,0.0
gradient_boosting,cat__site_project_id_izmit::sea_life_41,0.0
gradient_boosting,cat__site_project_id_izmit::sehir_h_karsisi,0.0
gradient_boosting,cat__site_project_id_izmit::sehir_hastanesi_karsisi_sarkent,0.0
gradient_boosting,cat__site_project_id_izmit::sehir_hastanesine_yakin,0.0
gradient_boosting,cat__site_project_id_izmit::sehr_i_bahce_sitesi_3,0.0
gradient_boosting,cat__site_project_id_izmit::sehr_i_naz,0.0
gradient_boosting,cat__site_project_id_izmit::sehri_bahce_3,0.0
gradient_boosting,cat__site_project_id_izmit::sehrin_yildizi,0.0
gradient_boosting,cat__site_project_id_izmit::seka,0.0
gradient_boosting,cat__site_project_id_izmit::seka_akgun,0.0
gradient_boosting,cat__site_project_id_izmit::seka_memur,0.0
gradient_boosting,cat__site_project_id_izmit::sekbanli_toki,0.0
gradient_boosting,cat__site_project_id_izmit::selale,0.0
gradient_boosting,cat__site_project_id_izmit::semt,0.0
gradient_boosting,cat__site_project_id_izmit::sepetci_toki,0.0
gradient_boosting,cat__site_project_id_izmit::seymen,0.0
gradient_boosting,cat__site_project_id_izmit::sifir_sirintepe_sea_life,0.0
gradient_boosting,cat__site_project_id_izmit::sogucak,0.0
gradient_boosting,cat__site_project_id_izmit::solin,0.0
gradient_boosting,cat__site_project_id_izmit::solin_konutlari_1,0.0
gradient_boosting,cat__site_project_id_izmit::sudeks_bagcesme,0.0
gradient_boosting,cat__site_project_id_izmit::sunrise_yesilova,0.0
gradient_boosting,cat__site_project_id_izmit::tadu_concept,0.0
gradient_boosting,cat__site_project_id_izmit::tam_gun,0.0
gradient_boosting,cat__site_project_id_izmit::tanyildiz_izmit_kurucesme_butik,0.0
gradient_boosting,cat__site_project_id_izmit::tarcanlar_dan_gundogdu_eren_life,0.0
gradient_boosting,cat__site_project_id_izmit::tarcanlardan_gundogdu_eren_life,0.0
gradient_boosting,cat__site_project_id_izmit::tarcanlardan_kurucesmede,0.0
gradient_boosting,cat__site_project_id_izmit::tavsantepe_toki,0.0
gradient_boosting,cat__site_project_id_izmit::ten_yuvam_akarca,0.0
gradient_boosting,cat__site_project_id_izmit::tepe,0.0
gradient_boosting,cat__site_project_id_izmit::tepekoy_de_butik,0.0
gradient_boosting,cat__site_project_id_izmit::tepekoy_toki_konutlari_191_ada,0.0
gradient_boosting,cat__site_project_id_izmit::terrace,0.0
gradient_boosting,cat__site_project_id_izmit::terrace_yahyakaptan,0.0
gradient_boosting,cat__site_project_id_izmit::terrace_yahyakaptan_2,0.0
gradient_boosting,cat__site_project_id_izmit::toki_arizli,0.0
gradient_boosting,cat__site_project_id_izmit::toki_cedit_mahallesi,0.0
gradient_boosting,cat__site_project_id_izmit::toki_konutlari_185_ada,0.0
gradient_boosting,cat__site_project_id_izmit::truva,0.0
gradient_boosting,cat__site_project_id_izmit::tuana,0.0
gradient_boosting,cat__site_project_id_izmit::tuana_evleri_2,0.0
gradient_boosting,cat__site_project_id_izmit::tuana_evleri_3,0.0
gradient_boosting,cat__site_project_id_izmit::turkoz,0.0
gradient_boosting,cat__site_project_id_izmit::turkoz_insaat_plajyolu_bozdag,0.0
gradient_boosting,cat__site_project_id_izmit::turkuaz_park,0.0
gradient_boosting,cat__site_project_id_izmit::ufuk,0.0
gradient_boosting,cat__site_project_id_izmit::ugur,0.0
gradient_boosting,cat__site_project_id_izmit::umutkent,0.0
gradient_boosting,cat__site_project_id_izmit::umuttepe_yolu_uzeri,0.0
gradient_boosting,cat__site_project_id_izmit::umuttepe_yolu_uzeri_kaboglu_mevki,0.0
gradient_boosting,cat__site_project_id_izmit::up_town_evleri_1,0.0
gradient_boosting,cat__site_project_id_izmit::up_town_evleri_2,0.0
gradient_boosting,cat__site_project_id_izmit::uygun,0.0
gradient_boosting,cat__site_project_id_izmit::vadi,0.0
gradient_boosting,cat__site_project_id_izmit::vadikent,0.0
gradient_boosting,cat__site_project_id_izmit::vadikent_4,0.0
gradient_boosting,cat__site_project_id_izmit::vega,0.0
gradient_boosting,cat__site_project_id_izmit::venedik,0.0
gradient_boosting,cat__site_project_id_izmit::vera_house_1,0.0
gradient_boosting,cat__site_project_id_izmit::vesta_park,0.0
gradient_boosting,cat__site_project_id_izmit::visinya,0.0
gradient_boosting,cat__site_project_id_izmit::vista,0.0
gradient_boosting,cat__site_project_id_izmit::vista_evleri_1,0.0
gradient_boosting,cat__site_project_id_izmit::yahya_kaptan,0.0
gradient_boosting,cat__site_project_id_izmit::yahyakaptan_armada_kent,0.0
gradient_boosting,cat__site_project_id_izmit::yasam,0.0
gradient_boosting,cat__site_project_id_izmit::yelken_park,0.0
gradient_boosting,cat__site_project_id_izmit::yelkent,0.0
gradient_boosting,cat__site_project_id_izmit::yelkent_alfa,0.0
gradient_boosting,cat__site_project_id_izmit::yelkent_tetra,0.0
gradient_boosting,cat__site_project_id_izmit::yeseren,0.0
gradient_boosting,cat__site_project_id_izmit::yesilova_anaket,0.0
gradient_boosting,cat__site_project_id_izmit::yesilova_konaklari,0.0
gradient_boosting,cat__site_project_id_izmit::yesilova_liva_park,0.0
gradient_boosting,cat__site_project_id_izmit::yesilova_mah,0.0
gradient_boosting,cat__site_project_id_izmit::yesilova_merkezi_yerde_karpay,0.0
gradient_boosting,cat__site_project_id_izmit::yesilova_park,0.0
gradient_boosting,cat__site_project_id_izmit::yildiz,0.0
gradient_boosting,cat__site_project_id_izmit::yildizlar_tepesi,0.0
gradient_boosting,cat__site_project_id_izmit::yuvam_akarca,0.0
gradient_boosting,cat__site_project_id_izmit::yuvam_akarca_evleri_10_ada,0.0
gradient_boosting,cat__site_project_id_izmit::yuvam_akarca_evleri_1_ada,0.0
gradient_boosting,cat__site_project_id_izmit::yuvam_akarca_evleri_3_ada,0.0
gradient_boosting,cat__site_project_id_izmit::yuvam_akarca_evleri_6_ada,0.0
gradient_boosting,cat__site_project_id_izmit::yuvam_akarca_evleri_7_ada,0.0
gradient_boosting,cat__site_project_id_izmit::yuvam_garden,0.0
gradient_boosting,cat__site_project_id_izmit::yuvam_turgut_toplu,0.0
gradient_boosting,cat__site_project_id_izmit::zafira,0.0
gradient_boosting,cat__site_project_id_izmit::zenan,0.0
gradient_boosting,cat__site_project_id_izmit::zeray_dora_hill,0.0
gradient_boosting,cat__site_project_id_izmit::zorlife,0.0
gradient_boosting,cat__site_project_id_izmit::zorlu,0.0
gradient_boosting,cat__site_project_id_karamursel::adres_emlaktan_kent,0.0
gradient_boosting,cat__site_project_id_karamursel::altinkent,0.0
gradient_boosting,cat__site_project_id_karamursel::asansorlu,0.0
gradient_boosting,cat__site_project_id_karamursel::bagdat,0.0
gradient_boosting,cat__site_project_id_karamursel::bahcelievler,0.0
gradient_boosting,cat__site_project_id_karamursel::baydar,0.0
gradient_boosting,cat__site_project_id_karamursel::cam,0.0
gradient_boosting,cat__site_project_id_karamursel::d_kent,0.0
gradient_boosting,cat__site_project_id_karamursel::demircan,0.0
gradient_boosting,cat__site_project_id_karamursel::demtas_koygun_sahil,0.0
gradient_boosting,cat__site_project_id_karamursel::gazanferkent_konaklari,0.0
gradient_boosting,cat__site_project_id_karamursel::genc_alp,0.0
gradient_boosting,cat__site_project_id_karamursel::gizli_bahce,0.0
gradient_boosting,cat__site_project_id_karamursel::hetas_konaklari,0.0
gradient_boosting,cat__site_project_id_karamursel::inci,0.0
gradient_boosting,cat__site_project_id_karamursel::karamursel,0.0
gradient_boosting,cat__site_project_id_karamursel::karamursel_aydin,0.0
gradient_boosting,cat__site_project_id_karamursel::karamursel_park,0.0
gradient_boosting,cat__site_project_id_karamursel::karamursel_pinarbasi,0.0
gradient_boosting,cat__site_project_id_karamursel::kardelen,0.0
gradient_boosting,cat__site_project_id_karamursel::kardesten_kayacik_ta,0.0
gradient_boosting,cat__site_project_id_karamursel::kolayli_1,0.0
gradient_boosting,cat__site_project_id_karamursel::kolayli_2,0.0
gradient_boosting,cat__site_project_id_karamursel::kolayli_4,0.0
gradient_boosting,cat__site_project_id_karamursel::kovuk_cinar,0.0
gradient_boosting,cat__site_project_id_karamursel::meric,0.0
gradient_boosting,cat__site_project_id_karamursel::merkezkent,0.0
gradient_boosting,cat__site_project_id_karamursel::onurkent,0.0
gradient_boosting,cat__site_project_id_karamursel::ozgul_evler,0.0
gradient_boosting,cat__site_project_id_karamursel::remax_kanyon_dan,0.0
gradient_boosting,cat__site_project_id_karamursel::remax_kanyon_dan_vadi,0.0
gradient_boosting,cat__site_project_id_karamursel::saka,0.0
gradient_boosting,cat__site_project_id_karamursel::temmuz_da,0.0
gradient_boosting,cat__site_project_id_karamursel::ulu_cami_yakininda,0.0
gradient_boosting,cat__site_project_id_karamursel::yamac,0.0
gradient_boosting,cat__site_project_id_karamursel::zumrut_2,0.0
gradient_boosting,cat__site_project_id_kartepe::151_ada,0.0
gradient_boosting,cat__site_project_id_kartepe::1_69_kredi_icon,0.0
gradient_boosting,cat__site_project_id_kartepe::1_99_kredi_fsm_de_butik,0.0
gradient_boosting,cat__site_project_id_kartepe::480,0.0
gradient_boosting,cat__site_project_id_kartepe::a_plus,0.0
gradient_boosting,cat__site_project_id_kartepe::acill_deallife_dan_ataevlerde,0.0
gradient_boosting,cat__site_project_id_kartepe::adesa,0.0
gradient_boosting,cat__site_project_id_kartepe::agkoc_evleri_2,0.0
gradient_boosting,cat__site_project_id_kartepe::anadolu,0.0
gradient_boosting,cat__site_project_id_kartepe::aras_gayrimenkulden_fsm_de,0.0
gradient_boosting,cat__site_project_id_kartepe::ars_den_kent_meydaninda,0.0
gradient_boosting,cat__site_project_id_kartepe::arslanbey_atakent,0.0
gradient_boosting,cat__site_project_id_kartepe::ataevlerde,0.0
gradient_boosting,cat__site_project_id_kartepe::atakent_evleri_131_ada,0.0
gradient_boosting,cat__site_project_id_kartepe::atakent_evleri_132_ada,0.0
gradient_boosting,cat__site_project_id_kartepe::atakent_evleri_136_ada,0.0
gradient_boosting,cat__site_project_id_kartepe::atakent_evleri_142_ada,0.0
gradient_boosting,cat__site_project_id_kartepe::atakent_evleri_152_ada,0.0
gradient_boosting,cat__site_project_id_kartepe::atakoy,0.0
gradient_boosting,cat__site_project_id_kartepe::aykent,0.0
gradient_boosting,cat__site_project_id_kartepe::bahcekent_konutlari,0.0
gradient_boosting,cat__site_project_id_kartepe::bariskent,0.0
gradient_boosting,cat__site_project_id_kartepe::beykent_konaklari,0.0
gradient_boosting,cat__site_project_id_kartepe::beykent_konaklari_611,0.0
gradient_boosting,cat__site_project_id_kartepe::beykoz_evleri_1,0.0
gradient_boosting,cat__site_project_id_kartepe::bizim_konaklar,0.0
gradient_boosting,cat__site_project_id_kartepe::boutique_kartepe,0.0
gradient_boosting,cat__site_project_id_kartepe::butik,0.0
gradient_boosting,cat__site_project_id_kartepe::cadde_i_kubra,0.0
gradient_boosting,cat__site_project_id_kartepe::capediem_kartepe,0.0
gradient_boosting,cat__site_project_id_kartepe::carpediem_kartepe,0.0
gradient_boosting,cat__site_project_id_kartepe::casaba,0.0
gradient_boosting,cat__site_project_id_kartepe::cinar,0.0
gradient_boosting,cat__site_project_id_kartepe::deallife_dan_hasanpasada_butik,0.0
gradient_boosting,cat__site_project_id_kartepe::derbent_mh,0.0
gradient_boosting,cat__site_project_id_kartepe::derin_den_ert_gazi_mah,0.0
gradient_boosting,cat__site_project_id_kartepe::doga_kent,0.0
gradient_boosting,cat__site_project_id_kartepe::dorukpark,0.0
gradient_boosting,cat__site_project_id_kartepe::dosteller,0.0
gradient_boosting,cat__site_project_id_kartepe::dubleks,0.0
gradient_boosting,cat__site_project_id_kartepe::dubleks_kent,0.0
gradient_boosting,cat__site_project_id_kartepe::effect_kartepe,0.0
gradient_boosting,cat__site_project_id_kartepe::ekomax_dan_e_gazi_asansrlu_havzlu,0.0
gradient_boosting,cat__site_project_id_kartepe::ekomax_dan_kartepe,0.0
gradient_boosting,cat__site_project_id_kartepe::ekomax_dan_kartpe_fsm_mah_havzlu_asanslu,0.0
gradient_boosting,cat__site_project_id_kartepe::ekomaxdan_sinirsiz_kredi_asansoru,0.0
gradient_boosting,cat__site_project_id_kartepe::eksioglu_kardelen,0.0
gradient_boosting,cat__site_project_id_kartepe::emar_delux,0.0
gradient_boosting,cat__site_project_id_kartepe::emlakcim41_kent,0.0
gradient_boosting,cat__site_project_id_kartepe::empire_house,0.0
gradient_boosting,cat__site_project_id_kartepe::ena_gayrimenkulden_kartepe_s_royal2,0.0
gradient_boosting,cat__site_project_id_kartepe::ertugrul_gazi_de,0.0
gradient_boosting,cat__site_project_id_kartepe::ertugrul_gazi_mh,0.0
gradient_boosting,cat__site_project_id_kartepe::ertugrulgazi_bluepark,0.0
gradient_boosting,cat__site_project_id_kartepe::ertugrulgazi_de,0.0
gradient_boosting,cat__site_project_id_kartepe::finans_kuruluslarina_uygun_1_99_kredi_butik,0.0
gradient_boosting,cat__site_project_id_kartepe::forum_anatolia,0.0
gradient_boosting,cat__site_project_id_kartepe::fsm_mahallesi_nde,0.0
gradient_boosting,cat__site_project_id_kartepe::garden_kartepe_2,0.0
gradient_boosting,cat__site_project_id_kartepe::gate41_masukiye,0.0
gradient_boosting,cat__site_project_id_kartepe::gate_41,0.0
gradient_boosting,cat__site_project_id_kartepe::gate_41_masukiye,0.0
gradient_boosting,cat__site_project_id_kartepe::genis_kulanisli,0.0
gradient_boosting,cat__site_project_id_kartepe::gokbal_sirius,0.0
gradient_boosting,cat__site_project_id_kartepe::green_life_1,0.0
gradient_boosting,cat__site_project_id_kartepe::guckat_life,0.0
gradient_boosting,cat__site_project_id_kartepe::gulas,0.0
gradient_boosting,cat__site_project_id_kartepe::guldeste_sitesi_2,0.0
gradient_boosting,cat__site_project_id_kartepe::guldeste_sitesi_5,0.0
gradient_boosting,cat__site_project_id_kartepe::guldeste_sitesi_7,0.0
gradient_boosting,cat__site_project_id_kartepe::hasanpasa_butik,0.0
gradient_boosting,cat__site_project_id_kartepe::hasanpasa_mahallesinde_butik,0.0
gradient_boosting,cat__site_project_id_kartepe::hursoy_behcelievler,0.0
gradient_boosting,cat__site_project_id_kartepe::hursoy_nefes_kartepe,0.0
gradient_boosting,cat__site_project_id_kartepe::hursoy_sapphire,0.0
gradient_boosting,cat__site_project_id_kartepe::hursoy_sitesi_atakent_1,0.0
gradient_boosting,cat__site_project_id_kartepe::k_h_eksioglu_insaat_limited_sirketi,0.0
gradient_boosting,cat__site_project_id_kartepe::kafkas_dostluk,0.0
gradient_boosting,cat__site_project_id_kartepe::kamelya,0.0
gradient_boosting,cat__site_project_id_kartepe::karcity,0.0
gradient_boosting,cat__site_project_id_kartepe::kartele,0.0
gradient_boosting,cat__site_project_id_kartepe::kartepe,0.0
gradient_boosting,cat__site_project_id_kartepe::kartepe_aslanbey_vera_life,0.0
gradient_boosting,cat__site_project_id_kartepe::kartepe_aslanbey_veralife,0.0
gradient_boosting,cat__site_project_id_kartepe::kartepe_ataevler,0.0
gradient_boosting,cat__site_project_id_kartepe::kartepe_ataevler_hursoy_city,0.0
gradient_boosting,cat__site_project_id_kartepe::kartepe_ataevler_mahallesinde,0.0
gradient_boosting,cat__site_project_id_kartepe::kartepe_atakent,0.0
gradient_boosting,cat__site_project_id_kartepe::kartepe_cadde_life,0.0
gradient_boosting,cat__site_project_id_kartepe::kartepe_de,0.0
gradient_boosting,cat__site_project_id_kartepe::kartepe_de_havuzlu,0.0
gradient_boosting,cat__site_project_id_kartepe::kartepe_de_manzarali,0.0
gradient_boosting,cat__site_project_id_kartepe::kartepe_dumlupinar_ritim_naz,0.0
gradient_boosting,cat__site_project_id_kartepe::kartepe_elizan,0.0
gradient_boosting,cat__site_project_id_kartepe::kartepe_ertugrulgazi_havz_hmm_saunli,0.0
gradient_boosting,cat__site_project_id_kartepe::kartepe_fatih_sultan_mehmet_mh_havuzlu,0.0
gradient_boosting,cat__site_project_id_kartepe::kartepe_fsm_bahcesehir_koleji_yakini_gulas,0.0
gradient_boosting,cat__site_project_id_kartepe::kartepe_fsm_de,0.0
gradient_boosting,cat__site_project_id_kartepe::kartepe_fsm_de_havuzlu_guvenlikli,0.0
gradient_boosting,cat__site_project_id_kartepe::kartepe_fsm_kent,0.0
gradient_boosting,cat__site_project_id_kartepe::kartepe_fsm_mah,0.0
gradient_boosting,cat__site_project_id_kartepe::kartepe_ibrikdere_butik,0.0
gradient_boosting,cat__site_project_id_kartepe::kartepe_kent,0.0
gradient_boosting,cat__site_project_id_kartepe::kartepe_kent_merkezinde,0.0
gradient_boosting,cat__site_project_id_kartepe::kartepe_kent_meydaninda,0.0
gradient_boosting,cat__site_project_id_kartepe::kartepe_konaklari,0.0
gradient_boosting,cat__site_project_id_kartepe::kartepe_konutlari_2,0.0
gradient_boosting,cat__site_project_id_kartepe::kartepe_kosekoy,0.0
gradient_boosting,cat__site_project_id_kartepe::kartepe_meridyen,0.0
gradient_boosting,cat__site_project_id_kartepe::kartepe_premium,0.0
gradient_boosting,cat__site_project_id_kartepe::kartepe_serender_park,0.0
gradient_boosting,cat__site_project_id_kartepe::kartepe_stone_suite,0.0
gradient_boosting,cat__site_project_id_kartepe::kaymakamlik_belediye_yani_tower,0.0
gradient_boosting,cat__site_project_id_kartepe::kent_meydaninda_1_99_krediyle,0.0
gradient_boosting,cat__site_project_id_kartepe::konak,0.0
gradient_boosting,cat__site_project_id_kartepe::korhandan_kent,0.0
gradient_boosting,cat__site_project_id_kartepe::krediye_eminevime_uygun_butik,0.0
gradient_boosting,cat__site_project_id_kartepe::mahal_kartepe,0.0
gradient_boosting,cat__site_project_id_kartepe::marmara_34,0.0
gradient_boosting,cat__site_project_id_kartepe::masal,0.0
gradient_boosting,cat__site_project_id_kartepe::meltem,0.0
gradient_boosting,cat__site_project_id_kartepe::mercan,0.0
gradient_boosting,cat__site_project_id_kartepe::meridyen_elite,0.0
gradient_boosting,cat__site_project_id_kartepe::merkezi_konum_havuzlu_ve_asansorlu,0.0
gradient_boosting,cat__site_project_id_kartepe::mk_elegance,0.0
gradient_boosting,cat__site_project_id_kartepe::mk_konsept_1,0.0
gradient_boosting,cat__site_project_id_kartepe::modern_2,0.0
gradient_boosting,cat__site_project_id_kartepe::mona_vadi,0.0
gradient_boosting,cat__site_project_id_kartepe::mrs_konaklari,0.0
gradient_boosting,cat__site_project_id_kartepe::my_life_kartepe,0.0
gradient_boosting,cat__site_project_id_kartepe::my_world_kartepe,0.0
gradient_boosting,cat__site_project_id_kartepe::neff_vizyon,0.0
gradient_boosting,cat__site_project_id_kartepe::new_life_kartepe,0.0
gradient_boosting,cat__site_project_id_kartepe::on_cephe,0.0
gradient_boosting,cat__site_project_id_kartepe::onur,0.0
gradient_boosting,cat__site_project_id_kartepe::ozdilek_atakent,0.0
gradient_boosting,cat__site_project_id_kartepe::pakmaya_deprem,0.0
gradient_boosting,cat__site_project_id_kartepe::pasa_park_evleri_12,0.0
gradient_boosting,cat__site_project_id_kartepe::pasa_park_evleri_13,0.0
gradient_boosting,cat__site_project_id_kartepe::pasapark_evleri_12,0.0
gradient_boosting,cat__site_project_id_kartepe::remax_myra_dan_kartepe_fsm_de,0.0
gradient_boosting,cat__site_project_id_kartepe::ritim_kartepe,0.0
gradient_boosting,cat__site_project_id_kartepe::rose_garden,0.0
gradient_boosting,cat__site_project_id_kartepe::saglik_kent,0.0
gradient_boosting,cat__site_project_id_kartepe::sarimese_konaklari,0.0
gradient_boosting,cat__site_project_id_kartepe::sehri_elizan_evleri_2,0.0
gradient_boosting,cat__site_project_id_kartepe::sifir,0.0
gradient_boosting,cat__site_project_id_kartepe::son_kartepe_fsm,0.0
gradient_boosting,cat__site_project_id_kartepe::son_kartepe_fsm_akev,0.0
gradient_boosting,cat__site_project_id_kartepe::sudeks_buse_kent,0.0
gradient_boosting,cat__site_project_id_kartepe::sudeks_busekent,0.0
gradient_boosting,cat__site_project_id_kartepe::sudeks_dorukkent_sitesi_1,0.0
gradient_boosting,cat__site_project_id_kartepe::sudeks_dorukkent_sitesi_2,0.0
gradient_boosting,cat__site_project_id_kartepe::sultan_mehmet,0.0
gradient_boosting,cat__site_project_id_kartepe::tac_yaprak,0.0
gradient_boosting,cat__site_project_id_kartepe::tuana,0.0
gradient_boosting,cat__site_project_id_kartepe::tuana_evleri_1,0.0
gradient_boosting,cat__site_project_id_kartepe::vefakent_gulbahce,0.0
gradient_boosting,cat__site_project_id_kartepe::vefakent_saklibahce,0.0
gradient_boosting,cat__site_project_id_kartepe::yagmur_dan,0.0
gradient_boosting,cat__site_project_id_kartepe::yatirimlik_kiracili,0.0
gradient_boosting,cat__site_project_id_kartepe::yelkent_vaha,0.0
gradient_boosting,cat__site_project_id_kartepe::yonca,0.0
gradient_boosting,cat__site_project_id_kartepe::yuksek_kredili_butik,0.0
gradient_boosting,cat__site_project_id_kartepe::zaferan,0.0
gradient_boosting,cat__site_project_id_kartepe::zeray_effect_kartepe,0.0
gradient_boosting,cat__site_project_id_kartepe::zeray_esil,0.0
gradient_boosting,cat__site_project_id_kartepe::zeray_esil_kartepe,0.0
gradient_boosting,cat__site_project_id_kartepe::zeray_forum_anatolia,0.0
gradient_boosting,cat__site_project_id_kartepe::zeray_mahal_kartepe,0.0
gradient_boosting,cat__site_project_id_missing,0.0
gradient_boosting,cat__site_project_id_county_scoped_basiskele::akademik_elit_park,0.0
gradient_boosting,cat__site_project_id_county_scoped_basiskele::akasya_modern,0.0
gradient_boosting,cat__site_project_id_county_scoped_basiskele::akven_armoni_teras,0.0
gradient_boosting,cat__site_project_id_county_scoped_basiskele::alacati_dan_yaylacik_mh_de_havuzlu,0.0
gradient_boosting,cat__site_project_id_county_scoped_basiskele::alizepark_city,0.0
gradient_boosting,cat__site_project_id_county_scoped_basiskele::altin_vadi,0.0
gradient_boosting,cat__site_project_id_county_scoped_basiskele::altinkent,0.0
gradient_boosting,cat__site_project_id_county_scoped_basiskele::altinkent_kalici_konutlari_3_ada,0.0
gradient_boosting,cat__site_project_id_county_scoped_basiskele::altinkent_kalici_konutlari_5_ada,0.0
gradient_boosting,cat__site_project_id_county_scoped_basiskele::altinkent_kalici_konutlari_6_ada,0.0
gradient_boosting,cat__site_project_id_county_scoped_basiskele::altinkent_kalici_konutlari_7_ada,0.0
gradient_boosting,cat__site_project_id_county_scoped_basiskele::anatolia,0.0
gradient_boosting,cat__site_project_id_county_scoped_basiskele::ara,0.0
gradient_boosting,cat__site_project_id_county_scoped_basiskele::armoni_2,0.0
gradient_boosting,cat__site_project_id_county_scoped_basiskele::asansorlu_butik,0.0
gradient_boosting,cat__site_project_id_county_scoped_basiskele::asrin,0.0
gradient_boosting,cat__site_project_id_county_scoped_basiskele::atakent_ustpark,0.0
gradient_boosting,cat__site_project_id_county_scoped_basiskele::aurapark,0.0
gradient_boosting,cat__site_project_id_county_scoped_basiskele::aydinkent,0.0
gradient_boosting,cat__site_project_id_county_scoped_basiskele::aydinkent_kalici,0.0
gradient_boosting,cat__site_project_id_county_scoped_basiskele::aydinkent_kalici_konutlari_19_ada,0.0
gradient_boosting,cat__site_project_id_county_scoped_basiskele::aydinkent_kalici_konutlari_20_ada,0.0
gradient_boosting,cat__site_project_id_county_scoped_basiskele::bahama,0.0
gradient_boosting,cat__site_project_id_county_scoped_basiskele::bahama_insaat,0.0
gradient_boosting,cat__site_project_id_county_scoped_basiskele::bahcecik_kalici_konutlar,0.0
gradient_boosting,cat__site_project_id_county_scoped_basiskele::bahcekent_konutlari,0.0
gradient_boosting,cat__site_project_id_county_scoped_basiskele::barbaros,0.0
gradient_boosting,cat__site_project_id_county_scoped_basiskele::barbaros_mah,0.0
gradient_boosting,cat__site_project_id_county_scoped_basiskele::barbaros_mahallesinde,0.0
gradient_boosting,cat__site_project_id_county_scoped_basiskele::barbaros_mh,0.0
gradient_boosting,cat__site_project_id_county_scoped_basiskele::basiskele_de,0.0
gradient_boosting,cat__site_project_id_county_scoped_basiskele::basiskele_de_asev_muhit,0.0
gradient_boosting,cat__site_project_id_county_scoped_basiskele::basiskele_de_butik,0.0
gradient_boosting,cat__site_project_id_county_scoped_basiskele::basiskele_de_havuzlu,0.0
gradient_boosting,cat__site_project_id_county_scoped_basiskele::basiskele_fatih,0.0
gradient_boosting,cat__site_project_id_county_scoped_basiskele::basiskelede_prejtijli,0.0
gradient_boosting,cat__site_project_id_county_scoped_basiskele::birikim_gayrimenkulden,0.0
gradient_boosting,cat__site_project_id_county_scoped_basiskele::bizim_evler,0.0
gradient_boosting,cat__site_project_id_county_scoped_basiskele::bloklu_butik,0.0
gradient_boosting,cat__site_project_id_county_scoped_basiskele::boyunegmez_yasam,0.0
gradient_boosting,cat__site_project_id_county_scoped_basiskele::bulvar,0.0
gradient_boosting,cat__site_project_id_county_scoped_basiskele::cadde_53,0.0
gradient_boosting,cat__site_project_id_county_scoped_basiskele::caglayan_modern_yuvacik,0.0
gradient_boosting,cat__site_project_id_county_scoped_basiskele::casaba_suite,0.0
gradient_boosting,cat__site_project_id_county_scoped_basiskele::cati_dubleks_havuzlu,0.0
gradient_boosting,cat__site_project_id_county_scoped_basiskele::cb_envoy_dan_yesilyurt_mah,0.0
gradient_boosting,cat__site_project_id_county_scoped_basiskele::cb_mahall_den_pasadag_da,0.0
gradient_boosting,cat__site_project_id_county_scoped_basiskele::cb_mahall_den_tinaztepede,0.0
gradient_boosting,cat__site_project_id_county_scoped_basiskele::cb_mark_tan_vadi,0.0
gradient_boosting,cat__site_project_id_county_scoped_basiskele::ceneviz_adalari,0.0
gradient_boosting,cat__site_project_id_county_scoped_basiskele::cevizli_vadi,0.0
gradient_boosting,cat__site_project_id_county_scoped_basiskele::clover_premium,0.0
gradient_boosting,cat__site_project_id_county_scoped_basiskele::derin_den_yatirim_firsati,0.0
gradient_boosting,cat__site_project_id_county_scoped_basiskele::dlux,0.0
gradient_boosting,cat__site_project_id_county_scoped_basiskele::doga,0.0
gradient_boosting,cat__site_project_id_county_scoped_basiskele::dongel_de,0.0
gradient_boosting,cat__site_project_id_county_scoped_basiskele::dongelde,0.0
gradient_boosting,cat__site_project_id_county_scoped_basiskele::dream_gardens,0.0
gradient_boosting,cat__site_project_id_county_scoped_basiskele::duru_park,0.0
gradient_boosting,cat__site_project_id_county_scoped_basiskele::durupark,0.0
gradient_boosting,cat__site_project_id_county_scoped_basiskele::egimsiz,0.0
gradient_boosting,cat__site_project_id_county_scoped_basiskele::elitium_park,0.0
gradient_boosting,cat__site_project_id_county_scoped_basiskele::elitium_trio,0.0
gradient_boosting,cat__site_project_id_county_scoped_basiskele::emar_delux_yuvacik,0.0
gradient_boosting,cat__site_project_id_county_scoped_basiskele::erenoglu_gm_den,0.0
gradient_boosting,cat__site_project_id_county_scoped_basiskele::erguvan_konaklari,0.0
gradient_boosting,cat__site_project_id_county_scoped_basiskele::erturk,0.0
gradient_boosting,cat__site_project_id_county_scoped_basiskele::esila_park,0.0
gradient_boosting,cat__site_project_id_county_scoped_basiskele::evimiz_kocaeli,0.0
gradient_boosting,cat__site_project_id_county_scoped_basiskele::fatih_mah,0.0
gradient_boosting,cat__site_project_id_county_scoped_basiskele::fatih_mahallesinde,0.0
gradient_boosting,cat__site_project_id_county_scoped_basiskele::garden,0.0
gradient_boosting,cat__site_project_id_county_scoped_basiskele::gokce,0.0
gradient_boosting,cat__site_project_id_county_scoped_basiskele::gun_isigi,0.0
gradient_boosting,cat__site_project_id_county_scoped_basiskele::hanzade_palace,0.0
gradient_boosting,cat__site_project_id_county_scoped_basiskele::havuzlu,0.0
gradient_boosting,cat__site_project_id_county_scoped_basiskele::helin,0.0
gradient_boosting,cat__site_project_id_county_scoped_basiskele::inci,0.0
gradient_boosting,cat__site_project_id_county_scoped_basiskele::invest_globalden_zeray_kent,0.0
gradient_boosting,cat__site_project_id_county_scoped_basiskele::isil,0.0
gradient_boosting,cat__site_project_id_county_scoped_basiskele::iskar_elit_kent,0.0
gradient_boosting,cat__site_project_id_county_scoped_basiskele::kardelen,0.0
gradient_boosting,cat__site_project_id_county_scoped_basiskele::kirazli_kent,0.0
gradient_boosting,cat__site_project_id_county_scoped_basiskele::kolayli,0.0
gradient_boosting,cat__site_project_id_county_scoped_basiskele::kolayli_karsiyaka,0.0
gradient_boosting,cat__site_project_id_county_scoped_basiskele::kolayli_kullar,0.0
gradient_boosting,cat__site_project_id_county_scoped_basiskele::kredili_dusuk_faiz_yuksek_konforlu,0.0
gradient_boosting,cat__site_project_id_county_scoped_basiskele::kuba,0.0
gradient_boosting,cat__site_project_id_county_scoped_basiskele::kucuk_yali,0.0
gradient_boosting,cat__site_project_id_county_scoped_basiskele::kullar,0.0
gradient_boosting,cat__site_project_id_county_scoped_basiskele::kullar_da_prestijli_yasam,0.0
gradient_boosting,cat__site_project_id_county_scoped_basiskele::kullar_da_ultra_ebeveyn_banyolu,0.0
gradient_boosting,cat__site_project_id_county_scoped_basiskele::kullar_tepecik_de,0.0
gradient_boosting,cat__site_project_id_county_scoped_basiskele::kullar_tepecik_mah,0.0
gradient_boosting,cat__site_project_id_county_scoped_basiskele::kullar_yakacik_ta_kacirilmayacak_butik,0.0
gradient_boosting,cat__site_project_id_county_scoped_basiskele::kullar_yaylacik_mahallesi,0.0
gradient_boosting,cat__site_project_id_county_scoped_basiskele::kw_arven_den_ted_kolejine_komsu_havuzlu,0.0
gradient_boosting,cat__site_project_id_county_scoped_basiskele::loca_torunoglu,0.0
gradient_boosting,cat__site_project_id_county_scoped_basiskele::lotus,0.0
gradient_boosting,cat__site_project_id_county_scoped_basiskele::lotus_mahza,0.0
gradient_boosting,cat__site_project_id_county_scoped_basiskele::mahall_yuvacik_2,0.0
gradient_boosting,cat__site_project_id_county_scoped_basiskele::mamik_life,0.0
gradient_boosting,cat__site_project_id_county_scoped_basiskele::mamik_reform,0.0
gradient_boosting,cat__site_project_id_county_scoped_basiskele::manar_terrace,0.0
gradient_boosting,cat__site_project_id_county_scoped_basiskele::manar_yuvacik,0.0
gradient_boosting,cat__site_project_id_county_scoped_basiskele::manar_yuvacik_2,0.0
gradient_boosting,cat__site_project_id_county_scoped_basiskele::manar_yuvacik_3,0.0
gradient_boosting,cat__site_project_id_county_scoped_basiskele::manaryuvacik,0.0
gradient_boosting,cat__site_project_id_county_scoped_basiskele::marmara_elit,0.0
gradient_boosting,cat__site_project_id_county_scoped_basiskele::marmara_elit_yapi_kooperatifi,0.0
gradient_boosting,cat__site_project_id_county_scoped_basiskele::mavi_yesil_park,0.0
gradient_boosting,cat__site_project_id_county_scoped_basiskele::may_city,0.0
gradient_boosting,cat__site_project_id_county_scoped_basiskele::may_kent_2,0.0
gradient_boosting,cat__site_project_id_county_scoped_basiskele::megatron_azize,0.0
gradient_boosting,cat__site_project_id_county_scoped_basiskele::mehmet_akif_ersoy,0.0
gradient_boosting,cat__site_project_id_county_scoped_basiskele::memur_sen,0.0
gradient_boosting,cat__site_project_id_county_scoped_basiskele::merkezde_essiz_bir,0.0
gradient_boosting,cat__site_project_id_county_scoped_basiskele::mona_vadi,0.0
gradient_boosting,cat__site_project_id_county_scoped_basiskele::my_house_yuvacik,0.0
gradient_boosting,cat__site_project_id_county_scoped_basiskele::my_yaka,0.0
gradient_boosting,cat__site_project_id_county_scoped_basiskele::naturapark,0.0
gradient_boosting,cat__site_project_id_county_scoped_basiskele::oksijen_konaklari,0.0
gradient_boosting,cat__site_project_id_county_scoped_basiskele::oluklu_life,0.0
gradient_boosting,cat__site_project_id_county_scoped_basiskele::orka_life,0.0
gradient_boosting,cat__site_project_id_county_scoped_basiskele::orka_life_2,0.0
gradient_boosting,cat__site_project_id_county_scoped_basiskele::ozemsan,0.0
gradient_boosting,cat__site_project_id_county_scoped_basiskele::panorama_3,0.0
gradient_boosting,cat__site_project_id_county_scoped_basiskele::panoramakent_1,0.0
gradient_boosting,cat__site_project_id_county_scoped_basiskele::panoramakent_2,0.0
gradient_boosting,cat__site_project_id_county_scoped_basiskele::panoramakent_3,0.0
gradient_boosting,cat__site_project_id_county_scoped_basiskele::panoramakent_4,0.0
gradient_boosting,cat__site_project_id_county_scoped_basiskele::parla_100_yil,0.0
gradient_boosting,cat__site_project_id_county_scoped_basiskele::pasadag_100_yil_parla,0.0
gradient_boosting,cat__site_project_id_county_scoped_basiskele::pasadag_mah_full_deniz_manzarali,0.0
gradient_boosting,cat__site_project_id_county_scoped_basiskele::pasadag_mh_de_konsept_talha_park,0.0
gradient_boosting,cat__site_project_id_county_scoped_basiskele::pasadagi,0.0
gradient_boosting,cat__site_project_id_county_scoped_basiskele::pera_park,0.0
gradient_boosting,cat__site_project_id_county_scoped_basiskele::platinium,0.0
gradient_boosting,cat__site_project_id_county_scoped_basiskele::polen_park,0.0
gradient_boosting,cat__site_project_id_county_scoped_basiskele::remax_dreamden_fatih_de,0.0
gradient_boosting,cat__site_project_id_county_scoped_basiskele::reyhan,0.0
gradient_boosting,cat__site_project_id_county_scoped_basiskele::ritim_vadi_evleri,0.0
gradient_boosting,cat__site_project_id_county_scoped_basiskele::rose_garden,0.0
gradient_boosting,cat__site_project_id_county_scoped_basiskele::royal_city_akkurt,0.0
gradient_boosting,cat__site_project_id_county_scoped_basiskele::royal_country,0.0
gradient_boosting,cat__site_project_id_county_scoped_basiskele::royal_life,0.0
gradient_boosting,cat__site_project_id_county_scoped_basiskele::royal_park,0.0
gradient_boosting,cat__site_project_id_county_scoped_basiskele::rozna,0.0
gradient_boosting,cat__site_project_id_county_scoped_basiskele::listing_portal,0.0
gradient_boosting,cat__site_project_id_county_scoped_basiskele::listing_portal_vadi_yuvacik,0.0
gradient_boosting,cat__site_project_id_county_scoped_basiskele::secret_garden,0.0
gradient_boosting,cat__site_project_id_county_scoped_basiskele::selimoglu,0.0
gradient_boosting,cat__site_project_id_county_scoped_basiskele::sembol_kent,0.0
gradient_boosting,cat__site_project_id_county_scoped_basiskele::semt_bahcecik,0.0
gradient_boosting,cat__site_project_id_county_scoped_basiskele::seymen,0.0
gradient_boosting,cat__site_project_id_county_scoped_basiskele::seyr_i_vadi,0.0
gradient_boosting,cat__site_project_id_county_scoped_basiskele::seyri_vadi,0.0
gradient_boosting,cat__site_project_id_county_scoped_basiskele::supark_megaron,0.0
gradient_boosting,cat__site_project_id_county_scoped_basiskele::tanta_emlak_tan,0.0
gradient_boosting,cat__site_project_id_county_scoped_basiskele::temizel_tepe_loft,0.0
gradient_boosting,cat__site_project_id_county_scoped_basiskele::teras_marmara,0.0
gradient_boosting,cat__site_project_id_county_scoped_basiskele::terasta_life,0.0
gradient_boosting,cat__site_project_id_county_scoped_basiskele::terra_nova,0.0
gradient_boosting,cat__site_project_id_county_scoped_basiskele::tinaztepede,0.0
gradient_boosting,cat__site_project_id_county_scoped_basiskele::torpidocular,0.0
gradient_boosting,cat__site_project_id_county_scoped_basiskele::torunogullari_park_2,0.0
gradient_boosting,cat__site_project_id_county_scoped_basiskele::twinkle_life,0.0
gradient_boosting,cat__site_project_id_county_scoped_basiskele::ust_deniz_manzarali_asansorlu,0.0
gradient_boosting,cat__site_project_id_county_scoped_basiskele::ust_park_atakent,0.0
gradient_boosting,cat__site_project_id_county_scoped_basiskele::ust_park_yuvacik,0.0
gradient_boosting,cat__site_project_id_county_scoped_basiskele::ustgrup_lifeside,0.0
gradient_boosting,cat__site_project_id_county_scoped_basiskele::ustgrup_mezire,0.0
gradient_boosting,cat__site_project_id_county_scoped_basiskele::ustpark_afraze,0.0
gradient_boosting,cat__site_project_id_county_scoped_basiskele::ustpark_yuvacik,0.0
gradient_boosting,cat__site_project_id_county_scoped_basiskele::vadi,0.0
gradient_boosting,cat__site_project_id_county_scoped_basiskele::vadi_suit,0.0
gradient_boosting,cat__site_project_id_county_scoped_basiskele::vadi_yuvacik,0.0
gradient_boosting,cat__site_project_id_county_scoped_basiskele::venedik,0.0
gradient_boosting,cat__site_project_id_county_scoped_basiskele::villa_liva,0.0
gradient_boosting,cat__site_project_id_county_scoped_basiskele::vira,0.0
gradient_boosting,cat__site_project_id_county_scoped_basiskele::vistapark,0.0
gradient_boosting,cat__site_project_id_county_scoped_basiskele::vizyon_dan,0.0
gradient_boosting,cat__site_project_id_county_scoped_basiskele::vizyon_dan_basiskelede,0.0
gradient_boosting,cat__site_project_id_county_scoped_basiskele::yagmurkent,0.0
gradient_boosting,cat__site_project_id_county_scoped_basiskele::yakamoz_konutlari,0.0
gradient_boosting,cat__site_project_id_county_scoped_basiskele::yakut_konaklari,0.0
gradient_boosting,cat__site_project_id_county_scoped_basiskele::yaylacik_mh_de_havuzlu,0.0
gradient_boosting,cat__site_project_id_county_scoped_basiskele::yenikoy_kalici_konutlari_12_ada,0.0
gradient_boosting,cat__site_project_id_county_scoped_basiskele::yesilkent_kalici,0.0
gradient_boosting,cat__site_project_id_county_scoped_basiskele::yesilyurt,0.0
gradient_boosting,cat__site_project_id_county_scoped_basiskele::yesilyurt_mah_durupark,0.0
gradient_boosting,cat__site_project_id_county_scoped_basiskele::yesilyurt_mahallesin_de,0.0
gradient_boosting,cat__site_project_id_county_scoped_basiskele::yesilyurtda,0.0
gradient_boosting,cat__site_project_id_county_scoped_basiskele::yildiz,0.0
gradient_boosting,cat__site_project_id_county_scoped_basiskele::yonca_evleri_2,0.0
gradient_boosting,cat__site_project_id_county_scoped_basiskele::yuksek_giris_butik,0.0
gradient_boosting,cat__site_project_id_county_scoped_basiskele::yusra,0.0
gradient_boosting,cat__site_project_id_county_scoped_basiskele::yuvacik_doga,0.0
gradient_boosting,cat__site_project_id_county_scoped_basiskele::yuvacik_eksioglu_metsan,0.0
gradient_boosting,cat__site_project_id_county_scoped_basiskele::yuvacik_kalici_konutlari_10_ada,0.0
gradient_boosting,cat__site_project_id_county_scoped_basiskele::yuvacik_kalici_konutlari_1_ada,0.0
gradient_boosting,cat__site_project_id_county_scoped_basiskele::yuvacik_kalici_konutlari_2_ada,0.0
gradient_boosting,cat__site_project_id_county_scoped_basiskele::yuvacik_manar,0.0
gradient_boosting,cat__site_project_id_county_scoped_basiskele::yuvacik_pasadag_yesil_vadi,0.0
gradient_boosting,cat__site_project_id_county_scoped_basiskele::yuvacik_pasadagi_mh,0.0
gradient_boosting,cat__site_project_id_county_scoped_basiskele::yuvacik_ta_prestijli,0.0
gradient_boosting,cat__site_project_id_county_scoped_basiskele::yuvacik_vadi,0.0
gradient_boosting,cat__site_project_id_county_scoped_basiskele::yuvacikta,0.0
gradient_boosting,cat__site_project_id_county_scoped_basiskele::yuvana_evleri,0.0
gradient_boosting,cat__site_project_id_county_scoped_basiskele::yuz_yapi_dan_deniz_ve_vadi,0.0
gradient_boosting,cat__site_project_id_county_scoped_basiskele::zeray_gunesi,0.0
gradient_boosting,cat__site_project_id_county_scoped_basiskele::zeray_kent,0.0
gradient_boosting,cat__site_project_id_county_scoped_basiskele::zeray_korupark,0.0
gradient_boosting,cat__site_project_id_county_scoped_basiskele::zeray_perla,0.0
gradient_boosting,cat__site_project_id_county_scoped_basiskele::zeraykent_yuvacik,0.0
gradient_boosting,cat__site_project_id_county_scoped_golcuk::100_yil_bariser,0.0
gradient_boosting,cat__site_project_id_county_scoped_golcuk::1sifir,0.0
gradient_boosting,cat__site_project_id_county_scoped_golcuk::75_yil,0.0
gradient_boosting,cat__site_project_id_county_scoped_golcuk::80_ine_kredi_imkamli,0.0
gradient_boosting,cat__site_project_id_county_scoped_golcuk::akyuz,0.0
gradient_boosting,cat__site_project_id_county_scoped_golcuk::altinsehir,0.0
gradient_boosting,cat__site_project_id_county_scoped_golcuk::ara_sifir,0.0
gradient_boosting,cat__site_project_id_county_scoped_golcuk::armada,0.0
gradient_boosting,cat__site_project_id_county_scoped_golcuk::asena,0.0
gradient_boosting,cat__site_project_id_county_scoped_golcuk::ata_1,0.0
gradient_boosting,cat__site_project_id_county_scoped_golcuk::aylan_1,0.0
gradient_boosting,cat__site_project_id_county_scoped_golcuk::ayse_torunogullari,0.0
gradient_boosting,cat__site_project_id_county_scoped_golcuk::azat_park,0.0
gradient_boosting,cat__site_project_id_county_scoped_golcuk::azra_6,0.0
gradient_boosting,cat__site_project_id_county_scoped_golcuk::bagkur,0.0
gradient_boosting,cat__site_project_id_county_scoped_golcuk::bahce_dubleks,0.0
gradient_boosting,cat__site_project_id_county_scoped_golcuk::balaban,0.0
gradient_boosting,cat__site_project_id_county_scoped_golcuk::balaban_city,0.0
gradient_boosting,cat__site_project_id_county_scoped_golcuk::baris_park_evleri_1,0.0
gradient_boosting,cat__site_project_id_county_scoped_golcuk::baris_vizyon_deluxe,0.0
gradient_boosting,cat__site_project_id_county_scoped_golcuk::baris_vizyon_deluxe_3,0.0
gradient_boosting,cat__site_project_id_county_scoped_golcuk::bati_mercan,0.0
gradient_boosting,cat__site_project_id_county_scoped_golcuk::bayindirlik_kalici_konutlari_539_ada,0.0
gradient_boosting,cat__site_project_id_county_scoped_golcuk::beyaz_saraylar,0.0
gradient_boosting,cat__site_project_id_county_scoped_golcuk::beyaz_vadi,0.0
gradient_boosting,cat__site_project_id_county_scoped_golcuk::bogazici_3,0.0
gradient_boosting,cat__site_project_id_county_scoped_golcuk::bogazici_ihsaniye_1,0.0
gradient_boosting,cat__site_project_id_county_scoped_golcuk::cakiroglu_prestij_park,0.0
gradient_boosting,cat__site_project_id_county_scoped_golcuk::camlik,0.0
gradient_boosting,cat__site_project_id_county_scoped_golcuk::cati_dubleks_havuzlu,0.0
gradient_boosting,cat__site_project_id_county_scoped_golcuk::cb_envoy_dan_golcuk_yazlik_ta,0.0
gradient_boosting,cat__site_project_id_county_scoped_golcuk::cb_envoy_golcuk_mh_faralya,0.0
gradient_boosting,cat__site_project_id_county_scoped_golcuk::cb_envoy_ihsaniye_de,0.0
gradient_boosting,cat__site_project_id_county_scoped_golcuk::ciftlik_mahallesi_nde,0.0
gradient_boosting,cat__site_project_id_county_scoped_golcuk::ciftlik_mahallesinde,0.0
gradient_boosting,cat__site_project_id_county_scoped_golcuk::civan_park,0.0
gradient_boosting,cat__site_project_id_county_scoped_golcuk::cumhuriyet,0.0
gradient_boosting,cat__site_project_id_county_scoped_golcuk::dadaslar,0.0
gradient_boosting,cat__site_project_id_county_scoped_golcuk::dan,0.0
gradient_boosting,cat__site_project_id_county_scoped_golcuk::degirmendere_de,0.0
gradient_boosting,cat__site_project_id_county_scoped_golcuk::degirmendere_de_deniz_manzarali_havuzlu,0.0
gradient_boosting,cat__site_project_id_county_scoped_golcuk::degirmendere_ervatan,0.0
gradient_boosting,cat__site_project_id_county_scoped_golcuk::degirmendere_konaklari,0.0
gradient_boosting,cat__site_project_id_county_scoped_golcuk::degirmendere_merkezi_konum_evim_kent,0.0
gradient_boosting,cat__site_project_id_county_scoped_golcuk::degirmendere_modern,0.0
gradient_boosting,cat__site_project_id_county_scoped_golcuk::degirmendere_yuzbasilar_da,0.0
gradient_boosting,cat__site_project_id_county_scoped_golcuk::demet,0.0
gradient_boosting,cat__site_project_id_county_scoped_golcuk::demirsoy,0.0
gradient_boosting,cat__site_project_id_county_scoped_golcuk::deniz_as,0.0
gradient_boosting,cat__site_project_id_county_scoped_golcuk::deniz_yildizi,0.0
gradient_boosting,cat__site_project_id_county_scoped_golcuk::doga,0.0
gradient_boosting,cat__site_project_id_county_scoped_golcuk::dogakent,0.0
gradient_boosting,cat__site_project_id_county_scoped_golcuk::dogan,0.0
gradient_boosting,cat__site_project_id_county_scoped_golcuk::donanma_olkar_vadi,0.0
gradient_boosting,cat__site_project_id_county_scoped_golcuk::elit_park,0.0
gradient_boosting,cat__site_project_id_county_scoped_golcuk::ema_emlak_karakopru_mah_vip,0.0
gradient_boosting,cat__site_project_id_county_scoped_golcuk::ema_emlak_karakopru_vip,0.0
gradient_boosting,cat__site_project_id_county_scoped_golcuk::emek,0.0
gradient_boosting,cat__site_project_id_county_scoped_golcuk::erguder,0.0
gradient_boosting,cat__site_project_id_county_scoped_golcuk::ervatan,0.0
gradient_boosting,cat__site_project_id_county_scoped_golcuk::firtina,0.0
gradient_boosting,cat__site_project_id_county_scoped_golcuk::flora,0.0
gradient_boosting,cat__site_project_id_county_scoped_golcuk::ford,0.0
gradient_boosting,cat__site_project_id_county_scoped_golcuk::full_deniz_manzarali,0.0
gradient_boosting,cat__site_project_id_county_scoped_golcuk::full_tadilatli_17000tl_kiracili,0.0
gradient_boosting,cat__site_project_id_county_scoped_golcuk::golcuk_balaban_mimoza_kent,0.0
gradient_boosting,cat__site_project_id_county_scoped_golcuk::golcuk_degirmendere_metropolitangreyeffect,0.0
gradient_boosting,cat__site_project_id_county_scoped_golcuk::golcuk_degirmendere_orcun,0.0
gradient_boosting,cat__site_project_id_county_scoped_golcuk::golcuk_hisareyn_de,0.0
gradient_boosting,cat__site_project_id_county_scoped_golcuk::golcuk_ihsaniye_balaban_yasam,0.0
gradient_boosting,cat__site_project_id_county_scoped_golcuk::golcuk_kavanium_2,0.0
gradient_boosting,cat__site_project_id_county_scoped_golcuk::golcuk_mah_faralya,0.0
gradient_boosting,cat__site_project_id_county_scoped_golcuk::goztepe,0.0
gradient_boosting,cat__site_project_id_county_scoped_golcuk::guler_sabanci,0.0
gradient_boosting,cat__site_project_id_county_scoped_golcuk::hasdayi,0.0
gradient_boosting,cat__site_project_id_county_scoped_golcuk::hisar,0.0
gradient_boosting,cat__site_project_id_county_scoped_golcuk::hisareynde,0.0
gradient_boosting,cat__site_project_id_county_scoped_golcuk::ihsaniye_de,0.0
gradient_boosting,cat__site_project_id_county_scoped_golcuk::ilica_evleri_3,0.0
gradient_boosting,cat__site_project_id_county_scoped_golcuk::kardelen,0.0
gradient_boosting,cat__site_project_id_county_scoped_golcuk::kavanium,0.0
gradient_boosting,cat__site_project_id_county_scoped_golcuk::kavanium_2,0.0
gradient_boosting,cat__site_project_id_county_scoped_golcuk::kurtulus,0.0
gradient_boosting,cat__site_project_id_county_scoped_golcuk::kw_arven_den_hisareyn_de_havuzlu,0.0
gradient_boosting,cat__site_project_id_county_scoped_golcuk::luxury_sea_suit,0.0
gradient_boosting,cat__site_project_id_county_scoped_golcuk::mahallede,0.0
gradient_boosting,cat__site_project_id_county_scoped_golcuk::manzara,0.0
gradient_boosting,cat__site_project_id_county_scoped_golcuk::mavi_sehir,0.0
gradient_boosting,cat__site_project_id_county_scoped_golcuk::melisa,0.0
gradient_boosting,cat__site_project_id_county_scoped_golcuk::menekse_park,0.0
gradient_boosting,cat__site_project_id_county_scoped_golcuk::mercan_bagkent,0.0
gradient_boosting,cat__site_project_id_county_scoped_golcuk::metropolitan_grey_effect,0.0
gradient_boosting,cat__site_project_id_county_scoped_golcuk::mimoza,0.0
gradient_boosting,cat__site_project_id_county_scoped_golcuk::muhammet_ali_torunogullari,0.0
gradient_boosting,cat__site_project_id_county_scoped_golcuk::nida_torunogullari,0.0
gradient_boosting,cat__site_project_id_county_scoped_golcuk::ocak,0.0
gradient_boosting,cat__site_project_id_county_scoped_golcuk::olkar_atasehir,0.0
gradient_boosting,cat__site_project_id_county_scoped_golcuk::olkar_safir,0.0
gradient_boosting,cat__site_project_id_county_scoped_golcuk::olkar_sakli_vadi_konagi,0.0
gradient_boosting,cat__site_project_id_county_scoped_golcuk::olkar_vadi,0.0
gradient_boosting,cat__site_project_id_county_scoped_golcuk::orcun_manzara,0.0
gradient_boosting,cat__site_project_id_county_scoped_golcuk::otoparkli,0.0
gradient_boosting,cat__site_project_id_county_scoped_golcuk::ovunc,0.0
gradient_boosting,cat__site_project_id_county_scoped_golcuk::oz_mercan,0.0
gradient_boosting,cat__site_project_id_county_scoped_golcuk::ozgururkent,0.0
gradient_boosting,cat__site_project_id_county_scoped_golcuk::palmiye,0.0
gradient_boosting,cat__site_project_id_county_scoped_golcuk::piyalepasa_da,0.0
gradient_boosting,cat__site_project_id_county_scoped_golcuk::rakicioglu,0.0
gradient_boosting,cat__site_project_id_county_scoped_golcuk::rakicioglu_sitesi_2,0.0
gradient_boosting,cat__site_project_id_county_scoped_golcuk::remaxcakra_omer_onayci_dan,0.0
gradient_boosting,cat__site_project_id_county_scoped_golcuk::revna_life,0.0
gradient_boosting,cat__site_project_id_county_scoped_golcuk::sahan_torunogullari,0.0
gradient_boosting,cat__site_project_id_county_scoped_golcuk::sakli_vadi,0.0
gradient_boosting,cat__site_project_id_county_scoped_golcuk::sarayli,0.0
gradient_boosting,cat__site_project_id_county_scoped_golcuk::sarayli_kalici_konutlari_181_ada,0.0
gradient_boosting,cat__site_project_id_county_scoped_golcuk::sarayli_kalici_konutlari_182_ada,0.0
gradient_boosting,cat__site_project_id_county_scoped_golcuk::sehir,0.0
gradient_boosting,cat__site_project_id_county_scoped_golcuk::sehitler_mah_vgm,0.0
gradient_boosting,cat__site_project_id_county_scoped_golcuk::sehri_torunoglu,0.0
gradient_boosting,cat__site_project_id_county_scoped_golcuk::sengun,0.0
gradient_boosting,cat__site_project_id_county_scoped_golcuk::seval,0.0
gradient_boosting,cat__site_project_id_county_scoped_golcuk::sinirsiz_kredi_imkanli,0.0
gradient_boosting,cat__site_project_id_county_scoped_golcuk::sirinkent_kalici_konutlari_15_ada,0.0
gradient_boosting,cat__site_project_id_county_scoped_golcuk::sirinkent_kalici_konutlari_19_ada,0.0
gradient_boosting,cat__site_project_id_county_scoped_golcuk::sirinkent_kalici_konutlari_30_ada,0.0
gradient_boosting,cat__site_project_id_county_scoped_golcuk::sirinkoy_kalici_konutlari_4_ada,0.0
gradient_boosting,cat__site_project_id_county_scoped_golcuk::sirinkoy_toki,0.0
gradient_boosting,cat__site_project_id_county_scoped_golcuk::sivritepe_denizevler_toki,0.0
gradient_boosting,cat__site_project_id_county_scoped_golcuk::sokkk_fiyat_ihsaniye_merkez_de,0.0
gradient_boosting,cat__site_project_id_county_scoped_golcuk::subasi,0.0
gradient_boosting,cat__site_project_id_county_scoped_golcuk::supark_arcadia,0.0
gradient_boosting,cat__site_project_id_county_scoped_golcuk::supark_royal,0.0
gradient_boosting,cat__site_project_id_county_scoped_golcuk::tanyildizdan_golcuk_elit_park,0.0
gradient_boosting,cat__site_project_id_county_scoped_golcuk::tasdan_premium_city,0.0
gradient_boosting,cat__site_project_id_county_scoped_golcuk::toki,0.0
gradient_boosting,cat__site_project_id_county_scoped_golcuk::toki_sivritepe,0.0
gradient_boosting,cat__site_project_id_county_scoped_golcuk::toksoylu,0.0
gradient_boosting,cat__site_project_id_county_scoped_golcuk::tolga,0.0
gradient_boosting,cat__site_project_id_county_scoped_golcuk::topcular_da,0.0
gradient_boosting,cat__site_project_id_county_scoped_golcuk::topcular_mh_ronesans,0.0
gradient_boosting,cat__site_project_id_county_scoped_golcuk::topcularda_havuzlu,0.0
gradient_boosting,cat__site_project_id_county_scoped_golcuk::torunogullari,0.0
gradient_boosting,cat__site_project_id_county_scoped_golcuk::torunogullari_ormania,0.0
gradient_boosting,cat__site_project_id_county_scoped_golcuk::true_life,0.0
gradient_boosting,cat__site_project_id_county_scoped_golcuk::turkuaz,0.0
gradient_boosting,cat__site_project_id_county_scoped_golcuk::ulasli_yesilkent,0.0
gradient_boosting,cat__site_project_id_county_scoped_golcuk::uplife_topcular,0.0
gradient_boosting,cat__site_project_id_county_scoped_golcuk::uydu_kent,0.0
gradient_boosting,cat__site_project_id_county_scoped_golcuk::vadi_degirmendere,0.0
gradient_boosting,cat__site_project_id_county_scoped_golcuk::versay_lilyum_park,0.0
gradient_boosting,cat__site_project_id_county_scoped_golcuk::versay_yamac_evler,0.0
gradient_boosting,cat__site_project_id_county_scoped_golcuk::versay_yamacevler,0.0
gradient_boosting,cat__site_project_id_county_scoped_golcuk::yakamos,0.0
gradient_boosting,cat__site_project_id_county_scoped_golcuk::yakamoz,0.0
gradient_boosting,cat__site_project_id_county_scoped_golcuk::yalik_mahallede,0.0
gradient_boosting,cat__site_project_id_county_scoped_golcuk::yasam,0.0
gradient_boosting,cat__site_project_id_county_scoped_golcuk::yildirim,0.0
gradient_boosting,cat__site_project_id_county_scoped_golcuk::yildizevler,0.0
gradient_boosting,cat__site_project_id_county_scoped_golcuk::zumrut_evler,0.0
gradient_boosting,cat__site_project_id_county_scoped_izmit::academic_life,0.0
gradient_boosting,cat__site_project_id_county_scoped_izmit::akademic_life_2,0.0
gradient_boosting,cat__site_project_id_county_scoped_izmit::akar,0.0
gradient_boosting,cat__site_project_id_county_scoped_izmit::akarca,0.0
gradient_boosting,cat__site_project_id_county_scoped_izmit::akcakent_1,0.0
gradient_boosting,cat__site_project_id_county_scoped_izmit::akcakoca,0.0
gradient_boosting,cat__site_project_id_county_scoped_izmit::akcakoca_universite,0.0
gradient_boosting,cat__site_project_id_county_scoped_izmit::akdora,0.0
gradient_boosting,cat__site_project_id_county_scoped_izmit::akkonak,0.0
gradient_boosting,cat__site_project_id_county_scoped_izmit::akkus,0.0
gradient_boosting,cat__site_project_id_county_scoped_izmit::alan_park,0.0
gradient_boosting,cat__site_project_id_county_scoped_izmit::alikahya_kavanium,0.0
gradient_boosting,cat__site_project_id_county_scoped_izmit::alikahya_ve_dumlupinar_sinirinda,0.0
gradient_boosting,cat__site_project_id_county_scoped_izmit::almira,0.0
gradient_boosting,cat__site_project_id_county_scoped_izmit::altinevler,0.0
gradient_boosting,cat__site_project_id_county_scoped_izmit::anadolu,0.0
gradient_boosting,cat__site_project_id_county_scoped_izmit::anakent,0.0
gradient_boosting,cat__site_project_id_county_scoped_izmit::ara,0.0
gradient_boosting,cat__site_project_id_county_scoped_izmit::arizli_toki,0.0
gradient_boosting,cat__site_project_id_county_scoped_izmit::armada_kent_5,0.0
gradient_boosting,cat__site_project_id_county_scoped_izmit::armadakent_1,0.0
gradient_boosting,cat__site_project_id_county_scoped_izmit::armadakent_3,0.0
gradient_boosting,cat__site_project_id_county_scoped_izmit::armadakent_4,0.0
gradient_boosting,cat__site_project_id_county_scoped_izmit::armadakent_5,0.0
gradient_boosting,cat__site_project_id_county_scoped_izmit::armakent_4,0.0
gradient_boosting,cat__site_project_id_county_scoped_izmit::armonia,0.0
gradient_boosting,cat__site_project_id_county_scoped_izmit::art_yapi_elit_park,0.0
gradient_boosting,cat__site_project_id_county_scoped_izmit::asayra_dan_bayindirlik_kalici,0.0
gradient_boosting,cat__site_project_id_county_scoped_izmit::asayra_dan_yuvam_akarca,0.0
gradient_boosting,cat__site_project_id_county_scoped_izmit::aslantas_plus,0.0
gradient_boosting,cat__site_project_id_county_scoped_izmit::asrin,0.0
gradient_boosting,cat__site_project_id_county_scoped_izmit::asrin_saraylari_2,0.0
gradient_boosting,cat__site_project_id_county_scoped_izmit::ata,0.0
gradient_boosting,cat__site_project_id_county_scoped_izmit::ates,0.0
gradient_boosting,cat__site_project_id_county_scoped_izmit::avenue,0.0
gradient_boosting,cat__site_project_id_county_scoped_izmit::avlu,0.0
gradient_boosting,cat__site_project_id_county_scoped_izmit::bagcesme_kavanium,0.0
gradient_boosting,cat__site_project_id_county_scoped_izmit::bagcesme_konaklari,0.0
gradient_boosting,cat__site_project_id_county_scoped_izmit::bagcesme_modern,0.0
gradient_boosting,cat__site_project_id_county_scoped_izmit::bagcesmede,0.0
gradient_boosting,cat__site_project_id_county_scoped_izmit::bagkale,0.0
gradient_boosting,cat__site_project_id_county_scoped_izmit::bagtepe,0.0
gradient_boosting,cat__site_project_id_county_scoped_izmit::balaban_yuksel,0.0
gradient_boosting,cat__site_project_id_county_scoped_izmit::balabani,0.0
gradient_boosting,cat__site_project_id_county_scoped_izmit::baris_sitesi_2,0.0
gradient_boosting,cat__site_project_id_county_scoped_izmit::bayindirlik,0.0
gradient_boosting,cat__site_project_id_county_scoped_izmit::bayindirlik_konutlari_11_ada,0.0
gradient_boosting,cat__site_project_id_county_scoped_izmit::bayindirlik_konutlari_12_ada,0.0
gradient_boosting,cat__site_project_id_county_scoped_izmit::belediye_memurlar,0.0
gradient_boosting,cat__site_project_id_county_scoped_izmit::burcin,0.0
gradient_boosting,cat__site_project_id_county_scoped_izmit::campus_istanbul,0.0
gradient_boosting,cat__site_project_id_county_scoped_izmit::cayirkoy_premiumda,0.0
gradient_boosting,cat__site_project_id_county_scoped_izmit::cb_atlas_tan_la_vida_city,0.0
gradient_boosting,cat__site_project_id_county_scoped_izmit::cef_city_golpark,0.0
gradient_boosting,cat__site_project_id_county_scoped_izmit::celik_ay_dan_yesilova_zumra,0.0
gradient_boosting,cat__site_project_id_county_scoped_izmit::cepni_corner_park,0.0
gradient_boosting,cat__site_project_id_county_scoped_izmit::cepni_up_town_evleri_2,0.0
gradient_boosting,cat__site_project_id_county_scoped_izmit::cinar_vadisi_konaklari,0.0
gradient_boosting,cat__site_project_id_county_scoped_izmit::concept_yahyakaptan,0.0
gradient_boosting,cat__site_project_id_county_scoped_izmit::cukurbag_mah_guneskent,0.0
gradient_boosting,cat__site_project_id_county_scoped_izmit::cumhuriyet,0.0
gradient_boosting,cat__site_project_id_county_scoped_izmit::dan_bayindirlik,0.0
gradient_boosting,cat__site_project_id_county_scoped_izmit::deniz_manzarali,0.0
gradient_boosting,cat__site_project_id_county_scoped_izmit::diamond_boutioue,0.0
gradient_boosting,cat__site_project_id_county_scoped_izmit::diamond_prestige_2,0.0
gradient_boosting,cat__site_project_id_county_scoped_izmit::dikkat_emlak_tan_yenisehir_mh,0.0
gradient_boosting,cat__site_project_id_county_scoped_izmit::doga_park,0.0
gradient_boosting,cat__site_project_id_county_scoped_izmit::dogus,0.0
gradient_boosting,cat__site_project_id_county_scoped_izmit::dorukkent,0.0
gradient_boosting,cat__site_project_id_county_scoped_izmit::dostluk_6,0.0
gradient_boosting,cat__site_project_id_county_scoped_izmit::dunya_bankasi,0.0
gradient_boosting,cat__site_project_id_county_scoped_izmit::dunya_bankasi_konutlari_14_ada,0.0
gradient_boosting,cat__site_project_id_county_scoped_izmit::dunya_bankasi_konutlari_17_ada,0.0
gradient_boosting,cat__site_project_id_county_scoped_izmit::dunya_bankasi_konutlari_18_ada,0.0
gradient_boosting,cat__site_project_id_county_scoped_izmit::dunya_bankasi_konutlari_21_ada,0.0
gradient_boosting,cat__site_project_id_county_scoped_izmit::dunya_bankasi_konutlari_23_ada,0.0
gradient_boosting,cat__site_project_id_county_scoped_izmit::dunya_bankasi_konutlari_24_ada,0.0
gradient_boosting,cat__site_project_id_county_scoped_izmit::dunya_bankasi_konutlari_27_ada,0.0
gradient_boosting,cat__site_project_id_county_scoped_izmit::dunya_bankasi_konutlari_2_ada,0.0
gradient_boosting,cat__site_project_id_county_scoped_izmit::dunya_bankasi_konutlari_3_ada,0.0
gradient_boosting,cat__site_project_id_county_scoped_izmit::dunya_bankasi_konutlari_9_ada,0.0
gradient_boosting,cat__site_project_id_county_scoped_izmit::dunya_bankasi_sitesi_30_ada,0.0
gradient_boosting,cat__site_project_id_county_scoped_izmit::efdal_mai,0.0
gradient_boosting,cat__site_project_id_county_scoped_izmit::ekol_den_karadenizliler_mah_hls_yapi_da,0.0
gradient_boosting,cat__site_project_id_county_scoped_izmit::elit_kirk_bir,0.0
gradient_boosting,cat__site_project_id_county_scoped_izmit::emniyetciler,0.0
gradient_boosting,cat__site_project_id_county_scoped_izmit::erdagi,0.0
gradient_boosting,cat__site_project_id_county_scoped_izmit::erenkaya_park,0.0
gradient_boosting,cat__site_project_id_county_scoped_izmit::erenler_cedit,0.0
gradient_boosting,cat__site_project_id_county_scoped_izmit::erim,0.0
gradient_boosting,cat__site_project_id_county_scoped_izmit::eskidjiden_iztop_park,0.0
gradient_boosting,cat__site_project_id_county_scoped_izmit::evedin_yuvam_akarca_orkide,0.0
gradient_boosting,cat__site_project_id_county_scoped_izmit::feza,0.0
gradient_boosting,cat__site_project_id_county_scoped_izmit::flora_park,0.0
gradient_boosting,cat__site_project_id_county_scoped_izmit::fnd_smart_side,0.0
gradient_boosting,cat__site_project_id_county_scoped_izmit::fnd_smart_side_2,0.0
gradient_boosting,cat__site_project_id_county_scoped_izmit::full,0.0
gradient_boosting,cat__site_project_id_county_scoped_izmit::full_hazir_kiracili_son,0.0
gradient_boosting,cat__site_project_id_county_scoped_izmit::gokce,0.0
gradient_boosting,cat__site_project_id_county_scoped_izmit::golden_park,0.0
gradient_boosting,cat__site_project_id_county_scoped_izmit::golkay_star_life,0.0
gradient_boosting,cat__site_project_id_county_scoped_izmit::golkent_turkuaz,0.0
gradient_boosting,cat__site_project_id_county_scoped_izmit::golpark_star_life,0.0
gradient_boosting,cat__site_project_id_county_scoped_izmit::green_hill_city,0.0
gradient_boosting,cat__site_project_id_county_scoped_izmit::gulacti_deniz_konaklari,0.0
gradient_boosting,cat__site_project_id_county_scoped_izmit::gulacti_deniz_konaklari_2,0.0
gradient_boosting,cat__site_project_id_county_scoped_izmit::gulen,0.0
gradient_boosting,cat__site_project_id_county_scoped_izmit::gundogdu_bayindirlik_konutlari_6_ada_huzur,0.0
gradient_boosting,cat__site_project_id_county_scoped_izmit::gundogdu_dorukkent1,0.0
gradient_boosting,cat__site_project_id_county_scoped_izmit::gundogdu_eren_life,0.0
gradient_boosting,cat__site_project_id_county_scoped_izmit::gundogdu_havuzlu_asansorlu,0.0
gradient_boosting,cat__site_project_id_county_scoped_izmit::gundogdu_kalici,0.0
gradient_boosting,cat__site_project_id_county_scoped_izmit::gundogduda,0.0
gradient_boosting,cat__site_project_id_county_scoped_izmit::guney_park_cayirkoy,0.0
gradient_boosting,cat__site_project_id_county_scoped_izmit::hanife_sultan,0.0
gradient_boosting,cat__site_project_id_county_scoped_izmit::hanzade,0.0
gradient_boosting,cat__site_project_id_county_scoped_izmit::hatipoglu,0.0
gradient_boosting,cat__site_project_id_county_scoped_izmit::humeyra_park,0.0
gradient_boosting,cat__site_project_id_county_scoped_izmit::huzur,0.0
gradient_boosting,cat__site_project_id_county_scoped_izmit::inci,0.0
gradient_boosting,cat__site_project_id_county_scoped_izmit::innovia_terrace,0.0
gradient_boosting,cat__site_project_id_county_scoped_izmit::invest_global_den_yesilova_alfa,0.0
gradient_boosting,cat__site_project_id_county_scoped_izmit::iremkent,0.0
gradient_boosting,cat__site_project_id_county_scoped_izmit::iz_tepe,0.0
gradient_boosting,cat__site_project_id_county_scoped_izmit::izmit_te_akcakent,0.0
gradient_boosting,cat__site_project_id_county_scoped_izmit::izmitkent_konutlari_2,0.0
gradient_boosting,cat__site_project_id_county_scoped_izmit::izmitkent_konutlari_3,0.0
gradient_boosting,cat__site_project_id_county_scoped_izmit::izmitkent_konutlari_5,0.0
gradient_boosting,cat__site_project_id_county_scoped_izmit::iztop_park,0.0
gradient_boosting,cat__site_project_id_county_scoped_izmit::iztop_park_evleri_831_ada,0.0
gradient_boosting,cat__site_project_id_county_scoped_izmit::jasmin_country,0.0
gradient_boosting,cat__site_project_id_county_scoped_izmit::jasmine_country,0.0
gradient_boosting,cat__site_project_id_county_scoped_izmit::kabaoglu,0.0
gradient_boosting,cat__site_project_id_county_scoped_izmit::kabaoglu_havuzlu,0.0
gradient_boosting,cat__site_project_id_county_scoped_izmit::kabaoglunda,0.0
gradient_boosting,cat__site_project_id_county_scoped_izmit::karabas_mah_kent,0.0
gradient_boosting,cat__site_project_id_county_scoped_izmit::kardelen,0.0
gradient_boosting,cat__site_project_id_county_scoped_izmit::karpay,0.0
gradient_boosting,cat__site_project_id_county_scoped_izmit::kartanesi,0.0
gradient_boosting,cat__site_project_id_county_scoped_izmit::kavan_life,0.0
gradient_boosting,cat__site_project_id_county_scoped_izmit::kavan_life_gundogdu,0.0
gradient_boosting,cat__site_project_id_county_scoped_izmit::kavan_try,0.0
gradient_boosting,cat__site_project_id_county_scoped_izmit::kavanium,0.0
gradient_boosting,cat__site_project_id_county_scoped_izmit::kavanium_832_ada,0.0
gradient_boosting,cat__site_project_id_county_scoped_izmit::kavanium_833_ada,0.0
gradient_boosting,cat__site_project_id_county_scoped_izmit::kavanium_bagcesme,0.0
gradient_boosting,cat__site_project_id_county_scoped_izmit::kavanium_evleri_815_ada,0.0
gradient_boosting,cat__site_project_id_county_scoped_izmit::kavanium_evleri_819_ada,0.0
gradient_boosting,cat__site_project_id_county_scoped_izmit::kavanya_gol,0.0
gradient_boosting,cat__site_project_id_county_scoped_izmit::kavanya_koru,0.0
gradient_boosting,cat__site_project_id_county_scoped_izmit::kavanyum_bagcesme,0.0
gradient_boosting,cat__site_project_id_county_scoped_izmit::kent,0.0
gradient_boosting,cat__site_project_id_county_scoped_izmit::kent_konutlari_2,0.0
gradient_boosting,cat__site_project_id_county_scoped_izmit::kent_konutlari_3,0.0
gradient_boosting,cat__site_project_id_county_scoped_izmit::kent_tuana,0.0
gradient_boosting,cat__site_project_id_county_scoped_izmit::kentsa,0.0
gradient_boosting,cat__site_project_id_county_scoped_izmit::kiptas_cinar,0.0
gradient_boosting,cat__site_project_id_county_scoped_izmit::kore,0.0
gradient_boosting,cat__site_project_id_county_scoped_izmit::kucukyali,0.0
gradient_boosting,cat__site_project_id_county_scoped_izmit::kurucesme,0.0
gradient_boosting,cat__site_project_id_county_scoped_izmit::kurucesme_deniz_manzarali,0.0
gradient_boosting,cat__site_project_id_county_scoped_izmit::kurucesme_doktorlar,0.0
gradient_boosting,cat__site_project_id_county_scoped_izmit::kurucesme_fatih_mahallesi,0.0
gradient_boosting,cat__site_project_id_county_scoped_izmit::kurucesme_oluklu,0.0
gradient_boosting,cat__site_project_id_county_scoped_izmit::kurucesmede,0.0
gradient_boosting,cat__site_project_id_county_scoped_izmit::kurucesmenin_ustu,0.0
gradient_boosting,cat__site_project_id_county_scoped_izmit::kvs_royal,0.0
gradient_boosting,cat__site_project_id_county_scoped_izmit::la_vida_park,0.0
gradient_boosting,cat__site_project_id_county_scoped_izmit::lavinya_park,0.0
gradient_boosting,cat__site_project_id_county_scoped_izmit::lilyum_park_2,0.0
gradient_boosting,cat__site_project_id_county_scoped_izmit::lilyum_park_3,0.0
gradient_boosting,cat__site_project_id_county_scoped_izmit::lilyum_park_4,0.0
gradient_boosting,cat__site_project_id_county_scoped_izmit::liya,0.0
gradient_boosting,cat__site_project_id_county_scoped_izmit::loca_bagcesme,0.0
gradient_boosting,cat__site_project_id_county_scoped_izmit::maide,0.0
gradient_boosting,cat__site_project_id_county_scoped_izmit::mamikler,0.0
gradient_boosting,cat__site_project_id_county_scoped_izmit::manzara,0.0
gradient_boosting,cat__site_project_id_county_scoped_izmit::masiva_kozluk,0.0
gradient_boosting,cat__site_project_id_county_scoped_izmit::maykon_smart_plus,0.0
gradient_boosting,cat__site_project_id_county_scoped_izmit::mega,0.0
gradient_boosting,cat__site_project_id_county_scoped_izmit::menekse_yasamkent,0.0
gradient_boosting,cat__site_project_id_county_scoped_izmit::merdoglu,0.0
gradient_boosting,cat__site_project_id_county_scoped_izmit::mihrimah,0.0
gradient_boosting,cat__site_project_id_county_scoped_izmit::mimkon_yasam,0.0
gradient_boosting,cat__site_project_id_county_scoped_izmit::mira,0.0
gradient_boosting,cat__site_project_id_county_scoped_izmit::mk_royal,0.0
gradient_boosting,cat__site_project_id_county_scoped_izmit::mk_teras,0.0
gradient_boosting,cat__site_project_id_county_scoped_izmit::muasir_kent,0.0
gradient_boosting,cat__site_project_id_county_scoped_izmit::myra_2,0.0
gradient_boosting,cat__site_project_id_county_scoped_izmit::myra_3,0.0
gradient_boosting,cat__site_project_id_county_scoped_izmit::myra_sitesi_3,0.0
gradient_boosting,cat__site_project_id_county_scoped_izmit::natural,0.0
gradient_boosting,cat__site_project_id_county_scoped_izmit::nergis,0.0
gradient_boosting,cat__site_project_id_county_scoped_izmit::nikomedya_can,0.0
gradient_boosting,cat__site_project_id_county_scoped_izmit::nikomedya_deniz,0.0
gradient_boosting,cat__site_project_id_county_scoped_izmit::normcity,0.0
gradient_boosting,cat__site_project_id_county_scoped_izmit::ogretmenler,0.0
gradient_boosting,cat__site_project_id_county_scoped_izmit::oluklu_bagcesme,0.0
gradient_boosting,cat__site_project_id_county_scoped_izmit::oluklu_ozon,0.0
gradient_boosting,cat__site_project_id_county_scoped_izmit::onur,0.0
gradient_boosting,cat__site_project_id_county_scoped_izmit::onur_siteleri,0.0
gradient_boosting,cat__site_project_id_county_scoped_izmit::osmanli_konaklari,0.0
gradient_boosting,cat__site_project_id_county_scoped_izmit::ozgur,0.0
gradient_boosting,cat__site_project_id_county_scoped_izmit::ozum,0.0
gradient_boosting,cat__site_project_id_county_scoped_izmit::ozyapi,0.0
gradient_boosting,cat__site_project_id_county_scoped_izmit::pinar,0.0
gradient_boosting,cat__site_project_id_county_scoped_izmit::pirelli,0.0
gradient_boosting,cat__site_project_id_county_scoped_izmit::plaj_yolu_sea_life,0.0
gradient_boosting,cat__site_project_id_county_scoped_izmit::plaj_yolunda_sea_life,0.0
gradient_boosting,cat__site_project_id_county_scoped_izmit::plajyolu,0.0
gradient_boosting,cat__site_project_id_county_scoped_izmit::plajyolu_avangard,0.0
gradient_boosting,cat__site_project_id_county_scoped_izmit::plajyolu_bozdag,0.0
gradient_boosting,cat__site_project_id_county_scoped_izmit::plajyolu_harika_konum_da,0.0
gradient_boosting,cat__site_project_id_county_scoped_izmit::plajyolu_sea_life,0.0
gradient_boosting,cat__site_project_id_county_scoped_izmit::plajyolunda,0.0
gradient_boosting,cat__site_project_id_county_scoped_izmit::plajyolunun_en_prestijli,0.0
gradient_boosting,cat__site_project_id_county_scoped_izmit::rbs_yasam,0.0
gradient_boosting,cat__site_project_id_county_scoped_izmit::remax_bagcesme_orhan_mh,0.0
gradient_boosting,cat__site_project_id_county_scoped_izmit::remax_dream_avenue,0.0
gradient_boosting,cat__site_project_id_county_scoped_izmit::remax_dream_den_80_kredi_eminevime_uygun,0.0
gradient_boosting,cat__site_project_id_county_scoped_izmit::remax_dream_den_plaj_yolunda,0.0
gradient_boosting,cat__site_project_id_county_scoped_izmit::remax_dream_dunya_bankasi,0.0
gradient_boosting,cat__site_project_id_county_scoped_izmit::remax_effect_ten_gundogdu_bayindirlik,0.0
gradient_boosting,cat__site_project_id_county_scoped_izmit::remax_exclusiveden_avenue,0.0
gradient_boosting,cat__site_project_id_county_scoped_izmit::remax_plaj_yolu_deniz_manzarali,0.0
gradient_boosting,cat__site_project_id_county_scoped_izmit::respark_3,0.0
gradient_boosting,cat__site_project_id_county_scoped_izmit::listing_portal_havuz_ve_vadi,0.0
gradient_boosting,cat__site_project_id_county_scoped_izmit::listing_portal_temiz_kullanisli,0.0
gradient_boosting,cat__site_project_id_county_scoped_izmit::listing_portal_yelkent_tetra,0.0
gradient_boosting,cat__site_project_id_county_scoped_izmit::sahilkent,0.0
gradient_boosting,cat__site_project_id_county_scoped_izmit::saray,0.0
gradient_boosting,cat__site_project_id_county_scoped_izmit::saray_evleri_anemon,0.0
gradient_boosting,cat__site_project_id_county_scoped_izmit::sea_life,0.0
gradient_boosting,cat__site_project_id_county_scoped_izmit::sea_life_41,0.0
gradient_boosting,cat__site_project_id_county_scoped_izmit::sehir_h_karsisi,0.0
gradient_boosting,cat__site_project_id_county_scoped_izmit::sehir_hastanesi_karsisi_sarkent,0.0
gradient_boosting,cat__site_project_id_county_scoped_izmit::sehir_hastanesine_yakin,0.0
gradient_boosting,cat__site_project_id_county_scoped_izmit::sehr_i_bahce_sitesi_3,0.0
gradient_boosting,cat__site_project_id_county_scoped_izmit::sehr_i_naz,0.0
gradient_boosting,cat__site_project_id_county_scoped_izmit::sehri_bahce_3,0.0
gradient_boosting,cat__site_project_id_county_scoped_izmit::sehrin_yildizi,0.0
gradient_boosting,cat__site_project_id_county_scoped_izmit::seka,0.0
gradient_boosting,cat__site_project_id_county_scoped_izmit::seka_akgun,0.0
gradient_boosting,cat__site_project_id_county_scoped_izmit::seka_memur,0.0
gradient_boosting,cat__site_project_id_county_scoped_izmit::sekbanli_toki,0.0
gradient_boosting,cat__site_project_id_county_scoped_izmit::selale,0.0
gradient_boosting,cat__site_project_id_county_scoped_izmit::semt,0.0
gradient_boosting,cat__site_project_id_county_scoped_izmit::sepetci_toki,0.0
gradient_boosting,cat__site_project_id_county_scoped_izmit::seymen,0.0
gradient_boosting,cat__site_project_id_county_scoped_izmit::sifir_sirintepe_sea_life,0.0
gradient_boosting,cat__site_project_id_county_scoped_izmit::sogucak,0.0
gradient_boosting,cat__site_project_id_county_scoped_izmit::solin,0.0
gradient_boosting,cat__site_project_id_county_scoped_izmit::solin_konutlari_1,0.0
gradient_boosting,cat__site_project_id_county_scoped_izmit::sudeks_bagcesme,0.0
gradient_boosting,cat__site_project_id_county_scoped_izmit::sunrise_yesilova,0.0
gradient_boosting,cat__site_project_id_county_scoped_izmit::tadu_concept,0.0
gradient_boosting,cat__site_project_id_county_scoped_izmit::tam_gun,0.0
gradient_boosting,cat__site_project_id_county_scoped_izmit::tanyildiz_izmit_kurucesme_butik,0.0
gradient_boosting,cat__site_project_id_county_scoped_izmit::tarcanlar_dan_gundogdu_eren_life,0.0
gradient_boosting,cat__site_project_id_county_scoped_izmit::tarcanlardan_gundogdu_eren_life,0.0
gradient_boosting,cat__site_project_id_county_scoped_izmit::tarcanlardan_kurucesmede,0.0
gradient_boosting,cat__site_project_id_county_scoped_izmit::tavsantepe_toki,0.0
gradient_boosting,cat__site_project_id_county_scoped_izmit::ten_yuvam_akarca,0.0
gradient_boosting,cat__site_project_id_county_scoped_izmit::tepe,0.0
gradient_boosting,cat__site_project_id_county_scoped_izmit::tepekoy_de_butik,0.0
gradient_boosting,cat__site_project_id_county_scoped_izmit::tepekoy_toki_konutlari_191_ada,0.0
gradient_boosting,cat__site_project_id_county_scoped_izmit::terrace,0.0
gradient_boosting,cat__site_project_id_county_scoped_izmit::terrace_yahyakaptan,0.0
gradient_boosting,cat__site_project_id_county_scoped_izmit::terrace_yahyakaptan_2,0.0
gradient_boosting,cat__site_project_id_county_scoped_izmit::toki_arizli,0.0
gradient_boosting,cat__site_project_id_county_scoped_izmit::toki_cedit_mahallesi,0.0
gradient_boosting,cat__site_project_id_county_scoped_izmit::toki_konutlari_185_ada,0.0
gradient_boosting,cat__site_project_id_county_scoped_izmit::truva,0.0
gradient_boosting,cat__site_project_id_county_scoped_izmit::tuana,0.0
gradient_boosting,cat__site_project_id_county_scoped_izmit::tuana_evleri_2,0.0
gradient_boosting,cat__site_project_id_county_scoped_izmit::tuana_evleri_3,0.0
gradient_boosting,cat__site_project_id_county_scoped_izmit::turkoz,0.0
gradient_boosting,cat__site_project_id_county_scoped_izmit::turkoz_insaat_plajyolu_bozdag,0.0
gradient_boosting,cat__site_project_id_county_scoped_izmit::turkuaz_park,0.0
gradient_boosting,cat__site_project_id_county_scoped_izmit::ufuk,0.0
gradient_boosting,cat__site_project_id_county_scoped_izmit::ugur,0.0
gradient_boosting,cat__site_project_id_county_scoped_izmit::umutkent,0.0
gradient_boosting,cat__site_project_id_county_scoped_izmit::umuttepe_yolu_uzeri,0.0
gradient_boosting,cat__site_project_id_county_scoped_izmit::umuttepe_yolu_uzeri_kaboglu_mevki,0.0
gradient_boosting,cat__site_project_id_county_scoped_izmit::up_town_evleri_1,0.0
gradient_boosting,cat__site_project_id_county_scoped_izmit::up_town_evleri_2,0.0
gradient_boosting,cat__site_project_id_county_scoped_izmit::uygun,0.0
gradient_boosting,cat__site_project_id_county_scoped_izmit::vadi,0.0
gradient_boosting,cat__site_project_id_county_scoped_izmit::vadikent,0.0
gradient_boosting,cat__site_project_id_county_scoped_izmit::vadikent_4,0.0
gradient_boosting,cat__site_project_id_county_scoped_izmit::vega,0.0
gradient_boosting,cat__site_project_id_county_scoped_izmit::venedik,0.0
gradient_boosting,cat__site_project_id_county_scoped_izmit::vera_house_1,0.0
gradient_boosting,cat__site_project_id_county_scoped_izmit::vesta_park,0.0
gradient_boosting,cat__site_project_id_county_scoped_izmit::visinya,0.0
gradient_boosting,cat__site_project_id_county_scoped_izmit::vista,0.0
gradient_boosting,cat__site_project_id_county_scoped_izmit::vista_evleri_1,0.0
gradient_boosting,cat__site_project_id_county_scoped_izmit::yahya_kaptan,0.0
gradient_boosting,cat__site_project_id_county_scoped_izmit::yahyakaptan_armada_kent,0.0
gradient_boosting,cat__site_project_id_county_scoped_izmit::yasam,0.0
gradient_boosting,cat__site_project_id_county_scoped_izmit::yelken_park,0.0
gradient_boosting,cat__site_project_id_county_scoped_izmit::yelkent,0.0
gradient_boosting,cat__site_project_id_county_scoped_izmit::yelkent_alfa,0.0
gradient_boosting,cat__site_project_id_county_scoped_izmit::yelkent_tetra,0.0
gradient_boosting,cat__site_project_id_county_scoped_izmit::yeseren,0.0
gradient_boosting,cat__site_project_id_county_scoped_izmit::yesilova_anaket,0.0
gradient_boosting,cat__site_project_id_county_scoped_izmit::yesilova_konaklari,0.0
gradient_boosting,cat__site_project_id_county_scoped_izmit::yesilova_liva_park,0.0
gradient_boosting,cat__site_project_id_county_scoped_izmit::yesilova_mah,0.0
gradient_boosting,cat__site_project_id_county_scoped_izmit::yesilova_merkezi_yerde_karpay,0.0
gradient_boosting,cat__site_project_id_county_scoped_izmit::yesilova_park,0.0
gradient_boosting,cat__site_project_id_county_scoped_izmit::yildiz,0.0
gradient_boosting,cat__site_project_id_county_scoped_izmit::yildizlar_tepesi,0.0
gradient_boosting,cat__site_project_id_county_scoped_izmit::yuvam_akarca,0.0
gradient_boosting,cat__site_project_id_county_scoped_izmit::yuvam_akarca_evleri_10_ada,0.0
gradient_boosting,cat__site_project_id_county_scoped_izmit::yuvam_akarca_evleri_1_ada,0.0
gradient_boosting,cat__site_project_id_county_scoped_izmit::yuvam_akarca_evleri_3_ada,0.0
gradient_boosting,cat__site_project_id_county_scoped_izmit::yuvam_akarca_evleri_6_ada,0.0
gradient_boosting,cat__site_project_id_county_scoped_izmit::yuvam_akarca_evleri_7_ada,0.0
gradient_boosting,cat__site_project_id_county_scoped_izmit::yuvam_garden,0.0
gradient_boosting,cat__site_project_id_county_scoped_izmit::yuvam_turgut_toplu,0.0
gradient_boosting,cat__site_project_id_county_scoped_izmit::zafira,0.0
gradient_boosting,cat__site_project_id_county_scoped_izmit::zenan,0.0
gradient_boosting,cat__site_project_id_county_scoped_izmit::zeray_dora_hill,0.0
gradient_boosting,cat__site_project_id_county_scoped_izmit::zorlife,0.0
gradient_boosting,cat__site_project_id_county_scoped_izmit::zorlu,0.0
gradient_boosting,cat__site_project_id_county_scoped_karamursel::adres_emlaktan_kent,0.0
gradient_boosting,cat__site_project_id_county_scoped_karamursel::altinkent,0.0
gradient_boosting,cat__site_project_id_county_scoped_karamursel::asansorlu,0.0
gradient_boosting,cat__site_project_id_county_scoped_karamursel::bagdat,0.0
gradient_boosting,cat__site_project_id_county_scoped_karamursel::bahcelievler,0.0
gradient_boosting,cat__site_project_id_county_scoped_karamursel::baydar,0.0
gradient_boosting,cat__site_project_id_county_scoped_karamursel::cam,0.0
gradient_boosting,cat__site_project_id_county_scoped_karamursel::d_kent,0.0
gradient_boosting,cat__site_project_id_county_scoped_karamursel::demircan,0.0
gradient_boosting,cat__site_project_id_county_scoped_karamursel::demtas_koygun_sahil,0.0
gradient_boosting,cat__site_project_id_county_scoped_karamursel::gazanferkent_konaklari,0.0
gradient_boosting,cat__site_project_id_county_scoped_karamursel::genc_alp,0.0
gradient_boosting,cat__site_project_id_county_scoped_karamursel::gizli_bahce,0.0
gradient_boosting,cat__site_project_id_county_scoped_karamursel::hetas_konaklari,0.0
gradient_boosting,cat__site_project_id_county_scoped_karamursel::inci,0.0
gradient_boosting,cat__site_project_id_county_scoped_karamursel::karamursel,0.0
gradient_boosting,cat__site_project_id_county_scoped_karamursel::karamursel_aydin,0.0
gradient_boosting,cat__site_project_id_county_scoped_karamursel::karamursel_park,0.0
gradient_boosting,cat__site_project_id_county_scoped_karamursel::karamursel_pinarbasi,0.0
gradient_boosting,cat__site_project_id_county_scoped_karamursel::kardelen,0.0
gradient_boosting,cat__site_project_id_county_scoped_karamursel::kardesten_kayacik_ta,0.0
gradient_boosting,cat__site_project_id_county_scoped_karamursel::kolayli_1,0.0
gradient_boosting,cat__site_project_id_county_scoped_karamursel::kolayli_2,0.0
gradient_boosting,cat__site_project_id_county_scoped_karamursel::kolayli_4,0.0
gradient_boosting,cat__site_project_id_county_scoped_karamursel::kovuk_cinar,0.0
gradient_boosting,cat__site_project_id_county_scoped_karamursel::meric,0.0
gradient_boosting,cat__site_project_id_county_scoped_karamursel::merkezkent,0.0
gradient_boosting,cat__site_project_id_county_scoped_karamursel::onurkent,0.0
gradient_boosting,cat__site_project_id_county_scoped_karamursel::ozgul_evler,0.0
gradient_boosting,cat__site_project_id_county_scoped_karamursel::remax_kanyon_dan,0.0
gradient_boosting,cat__site_project_id_county_scoped_karamursel::remax_kanyon_dan_vadi,0.0
gradient_boosting,cat__site_project_id_county_scoped_karamursel::saka,0.0
gradient_boosting,cat__site_project_id_county_scoped_karamursel::temmuz_da,0.0
gradient_boosting,cat__site_project_id_county_scoped_karamursel::ulu_cami_yakininda,0.0
gradient_boosting,cat__site_project_id_county_scoped_karamursel::yamac,0.0
gradient_boosting,cat__site_project_id_county_scoped_karamursel::zumrut_2,0.0
gradient_boosting,cat__site_project_id_county_scoped_kartepe::151_ada,0.0
gradient_boosting,cat__site_project_id_county_scoped_kartepe::1_69_kredi_icon,0.0
gradient_boosting,cat__site_project_id_county_scoped_kartepe::1_99_kredi_fsm_de_butik,0.0
gradient_boosting,cat__site_project_id_county_scoped_kartepe::480,0.0
gradient_boosting,cat__site_project_id_county_scoped_kartepe::a_plus,0.0
gradient_boosting,cat__site_project_id_county_scoped_kartepe::acill_deallife_dan_ataevlerde,0.0
gradient_boosting,cat__site_project_id_county_scoped_kartepe::adesa,0.0
gradient_boosting,cat__site_project_id_county_scoped_kartepe::agkoc_evleri_2,0.0
gradient_boosting,cat__site_project_id_county_scoped_kartepe::anadolu,0.0
gradient_boosting,cat__site_project_id_county_scoped_kartepe::aras_gayrimenkulden_fsm_de,0.0
gradient_boosting,cat__site_project_id_county_scoped_kartepe::ars_den_kent_meydaninda,0.0
gradient_boosting,cat__site_project_id_county_scoped_kartepe::arslanbey_atakent,0.0
gradient_boosting,cat__site_project_id_county_scoped_kartepe::ataevlerde,0.0
gradient_boosting,cat__site_project_id_county_scoped_kartepe::atakent_evleri_131_ada,0.0
gradient_boosting,cat__site_project_id_county_scoped_kartepe::atakent_evleri_132_ada,0.0
gradient_boosting,cat__site_project_id_county_scoped_kartepe::atakent_evleri_136_ada,0.0
gradient_boosting,cat__site_project_id_county_scoped_kartepe::atakent_evleri_142_ada,0.0
gradient_boosting,cat__site_project_id_county_scoped_kartepe::atakent_evleri_152_ada,0.0
gradient_boosting,cat__site_project_id_county_scoped_kartepe::atakoy,0.0
gradient_boosting,cat__site_project_id_county_scoped_kartepe::aykent,0.0
gradient_boosting,cat__site_project_id_county_scoped_kartepe::bahcekent_konutlari,0.0
gradient_boosting,cat__site_project_id_county_scoped_kartepe::bariskent,0.0
gradient_boosting,cat__site_project_id_county_scoped_kartepe::beykent_konaklari,0.0
gradient_boosting,cat__site_project_id_county_scoped_kartepe::beykent_konaklari_611,0.0
gradient_boosting,cat__site_project_id_county_scoped_kartepe::beykoz_evleri_1,0.0
gradient_boosting,cat__site_project_id_county_scoped_kartepe::bizim_konaklar,0.0
gradient_boosting,cat__site_project_id_county_scoped_kartepe::boutique_kartepe,0.0
gradient_boosting,cat__site_project_id_county_scoped_kartepe::butik,0.0
gradient_boosting,cat__site_project_id_county_scoped_kartepe::cadde_i_kubra,0.0
gradient_boosting,cat__site_project_id_county_scoped_kartepe::capediem_kartepe,0.0
gradient_boosting,cat__site_project_id_county_scoped_kartepe::carpediem_kartepe,0.0
gradient_boosting,cat__site_project_id_county_scoped_kartepe::casaba,0.0
gradient_boosting,cat__site_project_id_county_scoped_kartepe::cinar,0.0
gradient_boosting,cat__site_project_id_county_scoped_kartepe::deallife_dan_hasanpasada_butik,0.0
gradient_boosting,cat__site_project_id_county_scoped_kartepe::derbent_mh,0.0
gradient_boosting,cat__site_project_id_county_scoped_kartepe::derin_den_ert_gazi_mah,0.0
gradient_boosting,cat__site_project_id_county_scoped_kartepe::doga_kent,0.0
gradient_boosting,cat__site_project_id_county_scoped_kartepe::dorukpark,0.0
gradient_boosting,cat__site_project_id_county_scoped_kartepe::dosteller,0.0
gradient_boosting,cat__site_project_id_county_scoped_kartepe::dubleks,0.0
gradient_boosting,cat__site_project_id_county_scoped_kartepe::dubleks_kent,0.0
gradient_boosting,cat__site_project_id_county_scoped_kartepe::effect_kartepe,0.0
gradient_boosting,cat__site_project_id_county_scoped_kartepe::ekomax_dan_e_gazi_asansrlu_havzlu,0.0
gradient_boosting,cat__site_project_id_county_scoped_kartepe::ekomax_dan_kartepe,0.0
gradient_boosting,cat__site_project_id_county_scoped_kartepe::ekomax_dan_kartpe_fsm_mah_havzlu_asanslu,0.0
gradient_boosting,cat__site_project_id_county_scoped_kartepe::ekomaxdan_sinirsiz_kredi_asansoru,0.0
gradient_boosting,cat__site_project_id_county_scoped_kartepe::eksioglu_kardelen,0.0
gradient_boosting,cat__site_project_id_county_scoped_kartepe::emar_delux,0.0
gradient_boosting,cat__site_project_id_county_scoped_kartepe::emlakcim41_kent,0.0
gradient_boosting,cat__site_project_id_county_scoped_kartepe::empire_house,0.0
gradient_boosting,cat__site_project_id_county_scoped_kartepe::ena_gayrimenkulden_kartepe_s_royal2,0.0
gradient_boosting,cat__site_project_id_county_scoped_kartepe::ertugrul_gazi_de,0.0
gradient_boosting,cat__site_project_id_county_scoped_kartepe::ertugrul_gazi_mh,0.0
gradient_boosting,cat__site_project_id_county_scoped_kartepe::ertugrulgazi_bluepark,0.0
gradient_boosting,cat__site_project_id_county_scoped_kartepe::ertugrulgazi_de,0.0
gradient_boosting,cat__site_project_id_county_scoped_kartepe::finans_kuruluslarina_uygun_1_99_kredi_butik,0.0
gradient_boosting,cat__site_project_id_county_scoped_kartepe::forum_anatolia,0.0
gradient_boosting,cat__site_project_id_county_scoped_kartepe::fsm_mahallesi_nde,0.0
gradient_boosting,cat__site_project_id_county_scoped_kartepe::garden_kartepe_2,0.0
gradient_boosting,cat__site_project_id_county_scoped_kartepe::gate41_masukiye,0.0
gradient_boosting,cat__site_project_id_county_scoped_kartepe::gate_41,0.0
gradient_boosting,cat__site_project_id_county_scoped_kartepe::gate_41_masukiye,0.0
gradient_boosting,cat__site_project_id_county_scoped_kartepe::genis_kulanisli,0.0
gradient_boosting,cat__site_project_id_county_scoped_kartepe::gokbal_sirius,0.0
gradient_boosting,cat__site_project_id_county_scoped_kartepe::green_life_1,0.0
gradient_boosting,cat__site_project_id_county_scoped_kartepe::guckat_life,0.0
gradient_boosting,cat__site_project_id_county_scoped_kartepe::gulas,0.0
gradient_boosting,cat__site_project_id_county_scoped_kartepe::guldeste_sitesi_2,0.0
gradient_boosting,cat__site_project_id_county_scoped_kartepe::guldeste_sitesi_5,0.0
gradient_boosting,cat__site_project_id_county_scoped_kartepe::guldeste_sitesi_7,0.0
gradient_boosting,cat__site_project_id_county_scoped_kartepe::hasanpasa_butik,0.0
gradient_boosting,cat__site_project_id_county_scoped_kartepe::hasanpasa_mahallesinde_butik,0.0
gradient_boosting,cat__site_project_id_county_scoped_kartepe::hursoy_behcelievler,0.0
gradient_boosting,cat__site_project_id_county_scoped_kartepe::hursoy_nefes_kartepe,0.0
gradient_boosting,cat__site_project_id_county_scoped_kartepe::hursoy_sapphire,0.0
gradient_boosting,cat__site_project_id_county_scoped_kartepe::hursoy_sitesi_atakent_1,0.0
gradient_boosting,cat__site_project_id_county_scoped_kartepe::k_h_eksioglu_insaat_limited_sirketi,0.0
gradient_boosting,cat__site_project_id_county_scoped_kartepe::kafkas_dostluk,0.0
gradient_boosting,cat__site_project_id_county_scoped_kartepe::kamelya,0.0
gradient_boosting,cat__site_project_id_county_scoped_kartepe::karcity,0.0
gradient_boosting,cat__site_project_id_county_scoped_kartepe::kartele,0.0
gradient_boosting,cat__site_project_id_county_scoped_kartepe::kartepe,0.0
gradient_boosting,cat__site_project_id_county_scoped_kartepe::kartepe_aslanbey_vera_life,0.0
gradient_boosting,cat__site_project_id_county_scoped_kartepe::kartepe_aslanbey_veralife,0.0
gradient_boosting,cat__site_project_id_county_scoped_kartepe::kartepe_ataevler,0.0
gradient_boosting,cat__site_project_id_county_scoped_kartepe::kartepe_ataevler_hursoy_city,0.0
gradient_boosting,cat__site_project_id_county_scoped_kartepe::kartepe_ataevler_mahallesinde,0.0
gradient_boosting,cat__site_project_id_county_scoped_kartepe::kartepe_atakent,0.0
gradient_boosting,cat__site_project_id_county_scoped_kartepe::kartepe_cadde_life,0.0
gradient_boosting,cat__site_project_id_county_scoped_kartepe::kartepe_de,0.0
gradient_boosting,cat__site_project_id_county_scoped_kartepe::kartepe_de_havuzlu,0.0
gradient_boosting,cat__site_project_id_county_scoped_kartepe::kartepe_de_manzarali,0.0
gradient_boosting,cat__site_project_id_county_scoped_kartepe::kartepe_dumlupinar_ritim_naz,0.0
gradient_boosting,cat__site_project_id_county_scoped_kartepe::kartepe_elizan,0.0
gradient_boosting,cat__site_project_id_county_scoped_kartepe::kartepe_ertugrulgazi_havz_hmm_saunli,0.0
gradient_boosting,cat__site_project_id_county_scoped_kartepe::kartepe_fatih_sultan_mehmet_mh_havuzlu,0.0
gradient_boosting,cat__site_project_id_county_scoped_kartepe::kartepe_fsm_bahcesehir_koleji_yakini_gulas,0.0
gradient_boosting,cat__site_project_id_county_scoped_kartepe::kartepe_fsm_de,0.0
gradient_boosting,cat__site_project_id_county_scoped_kartepe::kartepe_fsm_de_havuzlu_guvenlikli,0.0
gradient_boosting,cat__site_project_id_county_scoped_kartepe::kartepe_fsm_kent,0.0
gradient_boosting,cat__site_project_id_county_scoped_kartepe::kartepe_fsm_mah,0.0
gradient_boosting,cat__site_project_id_county_scoped_kartepe::kartepe_ibrikdere_butik,0.0
gradient_boosting,cat__site_project_id_county_scoped_kartepe::kartepe_kent,0.0
gradient_boosting,cat__site_project_id_county_scoped_kartepe::kartepe_kent_merkezinde,0.0
gradient_boosting,cat__site_project_id_county_scoped_kartepe::kartepe_kent_meydaninda,0.0
gradient_boosting,cat__site_project_id_county_scoped_kartepe::kartepe_konaklari,0.0
gradient_boosting,cat__site_project_id_county_scoped_kartepe::kartepe_konutlari_2,0.0
gradient_boosting,cat__site_project_id_county_scoped_kartepe::kartepe_kosekoy,0.0
gradient_boosting,cat__site_project_id_county_scoped_kartepe::kartepe_meridyen,0.0
gradient_boosting,cat__site_project_id_county_scoped_kartepe::kartepe_premium,0.0
gradient_boosting,cat__site_project_id_county_scoped_kartepe::kartepe_serender_park,0.0
gradient_boosting,cat__site_project_id_county_scoped_kartepe::kartepe_stone_suite,0.0
gradient_boosting,cat__site_project_id_county_scoped_kartepe::kaymakamlik_belediye_yani_tower,0.0
gradient_boosting,cat__site_project_id_county_scoped_kartepe::kent_meydaninda_1_99_krediyle,0.0
gradient_boosting,cat__site_project_id_county_scoped_kartepe::konak,0.0
gradient_boosting,cat__site_project_id_county_scoped_kartepe::korhandan_kent,0.0
gradient_boosting,cat__site_project_id_county_scoped_kartepe::krediye_eminevime_uygun_butik,0.0
gradient_boosting,cat__site_project_id_county_scoped_kartepe::mahal_kartepe,0.0
gradient_boosting,cat__site_project_id_county_scoped_kartepe::marmara_34,0.0
gradient_boosting,cat__site_project_id_county_scoped_kartepe::masal,0.0
gradient_boosting,cat__site_project_id_county_scoped_kartepe::meltem,0.0
gradient_boosting,cat__site_project_id_county_scoped_kartepe::mercan,0.0
gradient_boosting,cat__site_project_id_county_scoped_kartepe::meridyen_elite,0.0
gradient_boosting,cat__site_project_id_county_scoped_kartepe::merkezi_konum_havuzlu_ve_asansorlu,0.0
gradient_boosting,cat__site_project_id_county_scoped_kartepe::mk_elegance,0.0
gradient_boosting,cat__site_project_id_county_scoped_kartepe::mk_konsept_1,0.0
gradient_boosting,cat__site_project_id_county_scoped_kartepe::modern_2,0.0
gradient_boosting,cat__site_project_id_county_scoped_kartepe::mona_vadi,0.0
gradient_boosting,cat__site_project_id_county_scoped_kartepe::mrs_konaklari,0.0
gradient_boosting,cat__site_project_id_county_scoped_kartepe::my_life_kartepe,0.0
gradient_boosting,cat__site_project_id_county_scoped_kartepe::my_world_kartepe,0.0
gradient_boosting,cat__site_project_id_county_scoped_kartepe::neff_vizyon,0.0
gradient_boosting,cat__site_project_id_county_scoped_kartepe::new_life_kartepe,0.0
gradient_boosting,cat__site_project_id_county_scoped_kartepe::on_cephe,0.0
gradient_boosting,cat__site_project_id_county_scoped_kartepe::onur,0.0
gradient_boosting,cat__site_project_id_county_scoped_kartepe::ozdilek_atakent,0.0
gradient_boosting,cat__site_project_id_county_scoped_kartepe::pakmaya_deprem,0.0
gradient_boosting,cat__site_project_id_county_scoped_kartepe::pasa_park_evleri_12,0.0
gradient_boosting,cat__site_project_id_county_scoped_kartepe::pasa_park_evleri_13,0.0
gradient_boosting,cat__site_project_id_county_scoped_kartepe::pasapark_evleri_12,0.0
gradient_boosting,cat__site_project_id_county_scoped_kartepe::remax_myra_dan_kartepe_fsm_de,0.0
gradient_boosting,cat__site_project_id_county_scoped_kartepe::ritim_kartepe,0.0
gradient_boosting,cat__site_project_id_county_scoped_kartepe::rose_garden,0.0
gradient_boosting,cat__site_project_id_county_scoped_kartepe::saglik_kent,0.0
gradient_boosting,cat__site_project_id_county_scoped_kartepe::sarimese_konaklari,0.0
gradient_boosting,cat__site_project_id_county_scoped_kartepe::sehri_elizan_evleri_2,0.0
gradient_boosting,cat__site_project_id_county_scoped_kartepe::sifir,0.0
gradient_boosting,cat__site_project_id_county_scoped_kartepe::son_kartepe_fsm,0.0
gradient_boosting,cat__site_project_id_county_scoped_kartepe::son_kartepe_fsm_akev,0.0
gradient_boosting,cat__site_project_id_county_scoped_kartepe::sudeks_buse_kent,0.0
gradient_boosting,cat__site_project_id_county_scoped_kartepe::sudeks_busekent,0.0
gradient_boosting,cat__site_project_id_county_scoped_kartepe::sudeks_dorukkent_sitesi_1,0.0
gradient_boosting,cat__site_project_id_county_scoped_kartepe::sudeks_dorukkent_sitesi_2,0.0
gradient_boosting,cat__site_project_id_county_scoped_kartepe::sultan_mehmet,0.0
gradient_boosting,cat__site_project_id_county_scoped_kartepe::tac_yaprak,0.0
gradient_boosting,cat__site_project_id_county_scoped_kartepe::tuana,0.0
gradient_boosting,cat__site_project_id_county_scoped_kartepe::tuana_evleri_1,0.0
gradient_boosting,cat__site_project_id_county_scoped_kartepe::vefakent_gulbahce,0.0
gradient_boosting,cat__site_project_id_county_scoped_kartepe::vefakent_saklibahce,0.0
gradient_boosting,cat__site_project_id_county_scoped_kartepe::yagmur_dan,0.0
gradient_boosting,cat__site_project_id_county_scoped_kartepe::yatirimlik_kiracili,0.0
gradient_boosting,cat__site_project_id_county_scoped_kartepe::yelkent_vaha,0.0
gradient_boosting,cat__site_project_id_county_scoped_kartepe::yonca,0.0
gradient_boosting,cat__site_project_id_county_scoped_kartepe::yuksek_kredili_butik,0.0
gradient_boosting,cat__site_project_id_county_scoped_kartepe::zaferan,0.0
gradient_boosting,cat__site_project_id_county_scoped_kartepe::zeray_effect_kartepe,0.0
gradient_boosting,cat__site_project_id_county_scoped_kartepe::zeray_esil,0.0
gradient_boosting,cat__site_project_id_county_scoped_kartepe::zeray_esil_kartepe,0.0
gradient_boosting,cat__site_project_id_county_scoped_kartepe::zeray_forum_anatolia,0.0
gradient_boosting,cat__site_project_id_county_scoped_kartepe::zeray_mahal_kartepe,0.0
gradient_boosting,cat__site_project_id_county_scoped_missing,0.0
gradient_boosting,cat__site_project_match_source_site_name,0.0
gradient_boosting,cat__site_project_match_source_title,0.0
gradient_boosting,cat__site_project_x_county_basiskele::akademik_elit_park__basiskele,0.0
gradient_boosting,cat__site_project_x_county_basiskele::akasya_modern__basiskele,0.0
gradient_boosting,cat__site_project_x_county_basiskele::akven_armoni_teras__basiskele,0.0
gradient_boosting,cat__site_project_x_county_basiskele::alacati_dan_yaylacik_mh_de_havuzlu__basiskele,0.0
gradient_boosting,cat__site_project_x_county_basiskele::alizepark_city__basiskele,0.0
gradient_boosting,cat__site_project_x_county_basiskele::altin_vadi__basiskele,0.0
gradient_boosting,cat__site_project_x_county_basiskele::altinkent__basiskele,0.0
gradient_boosting,cat__site_project_x_county_basiskele::altinkent_kalici_konutlari_3_ada__basiskele,0.0
gradient_boosting,cat__site_project_x_county_basiskele::altinkent_kalici_konutlari_5_ada__basiskele,0.0
gradient_boosting,cat__site_project_x_county_basiskele::altinkent_kalici_konutlari_6_ada__basiskele,0.0
gradient_boosting,cat__site_project_x_county_basiskele::altinkent_kalici_konutlari_7_ada__basiskele,0.0
gradient_boosting,cat__site_project_x_county_basiskele::anatolia__basiskele,0.0
gradient_boosting,cat__site_project_x_county_basiskele::ara__basiskele,0.0
gradient_boosting,cat__site_project_x_county_basiskele::armoni_2__basiskele,0.0
gradient_boosting,cat__site_project_x_county_basiskele::asansorlu_butik__basiskele,0.0
gradient_boosting,cat__site_project_x_county_basiskele::asrin__basiskele,0.0
gradient_boosting,cat__site_project_x_county_basiskele::atakent_ustpark__basiskele,0.0
gradient_boosting,cat__site_project_x_county_basiskele::aurapark__basiskele,0.0
gradient_boosting,cat__site_project_x_county_basiskele::aydinkent__basiskele,0.0
gradient_boosting,cat__site_project_x_county_basiskele::aydinkent_kalici__basiskele,0.0
gradient_boosting,cat__site_project_x_county_basiskele::aydinkent_kalici_konutlari_19_ada__basiskele,0.0
gradient_boosting,cat__site_project_x_county_basiskele::aydinkent_kalici_konutlari_20_ada__basiskele,0.0
gradient_boosting,cat__site_project_x_county_basiskele::bahama__basiskele,0.0
gradient_boosting,cat__site_project_x_county_basiskele::bahama_insaat__basiskele,0.0
gradient_boosting,cat__site_project_x_county_basiskele::bahcecik_kalici_konutlar__basiskele,0.0
gradient_boosting,cat__site_project_x_county_basiskele::bahcekent_konutlari__basiskele,0.0
gradient_boosting,cat__site_project_x_county_basiskele::barbaros__basiskele,0.0
gradient_boosting,cat__site_project_x_county_basiskele::barbaros_mah__basiskele,0.0
gradient_boosting,cat__site_project_x_county_basiskele::barbaros_mahallesinde__basiskele,0.0
gradient_boosting,cat__site_project_x_county_basiskele::barbaros_mh__basiskele,0.0
gradient_boosting,cat__site_project_x_county_basiskele::basiskele_de__basiskele,0.0
gradient_boosting,cat__site_project_x_county_basiskele::basiskele_de_asev_muhit__basiskele,0.0
gradient_boosting,cat__site_project_x_county_basiskele::basiskele_de_butik__basiskele,0.0
gradient_boosting,cat__site_project_x_county_basiskele::basiskele_de_havuzlu__basiskele,0.0
gradient_boosting,cat__site_project_x_county_basiskele::basiskele_fatih__basiskele,0.0
gradient_boosting,cat__site_project_x_county_basiskele::basiskelede_prejtijli__basiskele,0.0
gradient_boosting,cat__site_project_x_county_basiskele::birikim_gayrimenkulden__basiskele,0.0
gradient_boosting,cat__site_project_x_county_basiskele::bizim_evler__basiskele,0.0
gradient_boosting,cat__site_project_x_county_basiskele::bloklu_butik__basiskele,0.0
gradient_boosting,cat__site_project_x_county_basiskele::boyunegmez_yasam__basiskele,0.0
gradient_boosting,cat__site_project_x_county_basiskele::bulvar__basiskele,0.0
gradient_boosting,cat__site_project_x_county_basiskele::cadde_53__basiskele,0.0
gradient_boosting,cat__site_project_x_county_basiskele::caglayan_modern_yuvacik__basiskele,0.0
gradient_boosting,cat__site_project_x_county_basiskele::casaba_suite__basiskele,0.0
gradient_boosting,cat__site_project_x_county_basiskele::cati_dubleks_havuzlu__basiskele,0.0
gradient_boosting,cat__site_project_x_county_basiskele::cb_envoy_dan_yesilyurt_mah__basiskele,0.0
gradient_boosting,cat__site_project_x_county_basiskele::cb_mahall_den_pasadag_da__basiskele,0.0
gradient_boosting,cat__site_project_x_county_basiskele::cb_mahall_den_tinaztepede__basiskele,0.0
gradient_boosting,cat__site_project_x_county_basiskele::cb_mark_tan_vadi__basiskele,0.0
gradient_boosting,cat__site_project_x_county_basiskele::ceneviz_adalari__basiskele,0.0
gradient_boosting,cat__site_project_x_county_basiskele::cevizli_vadi__basiskele,0.0
gradient_boosting,cat__site_project_x_county_basiskele::clover_premium__basiskele,0.0
gradient_boosting,cat__site_project_x_county_basiskele::derin_den_yatirim_firsati__basiskele,0.0
gradient_boosting,cat__site_project_x_county_basiskele::dlux__basiskele,0.0
gradient_boosting,cat__site_project_x_county_basiskele::doga__basiskele,0.0
gradient_boosting,cat__site_project_x_county_basiskele::dongel_de__basiskele,0.0
gradient_boosting,cat__site_project_x_county_basiskele::dongelde__basiskele,0.0
gradient_boosting,cat__site_project_x_county_basiskele::dream_gardens__basiskele,0.0
gradient_boosting,cat__site_project_x_county_basiskele::duru_park__basiskele,0.0
gradient_boosting,cat__site_project_x_county_basiskele::durupark__basiskele,0.0
gradient_boosting,cat__site_project_x_county_basiskele::egimsiz__basiskele,0.0
gradient_boosting,cat__site_project_x_county_basiskele::elitium_park__basiskele,0.0
gradient_boosting,cat__site_project_x_county_basiskele::elitium_trio__basiskele,0.0
gradient_boosting,cat__site_project_x_county_basiskele::emar_delux_yuvacik__basiskele,0.0
gradient_boosting,cat__site_project_x_county_basiskele::erenoglu_gm_den__basiskele,0.0
gradient_boosting,cat__site_project_x_county_basiskele::erguvan_konaklari__basiskele,0.0
gradient_boosting,cat__site_project_x_county_basiskele::erturk__basiskele,0.0
gradient_boosting,cat__site_project_x_county_basiskele::esila_park__basiskele,0.0
gradient_boosting,cat__site_project_x_county_basiskele::evimiz_kocaeli__basiskele,0.0
gradient_boosting,cat__site_project_x_county_basiskele::fatih_mah__basiskele,0.0
gradient_boosting,cat__site_project_x_county_basiskele::fatih_mahallesinde__basiskele,0.0
gradient_boosting,cat__site_project_x_county_basiskele::garden__basiskele,0.0
gradient_boosting,cat__site_project_x_county_basiskele::gokce__basiskele,0.0
gradient_boosting,cat__site_project_x_county_basiskele::gun_isigi__basiskele,0.0
gradient_boosting,cat__site_project_x_county_basiskele::hanzade_palace__basiskele,0.0
gradient_boosting,cat__site_project_x_county_basiskele::havuzlu__basiskele,0.0
gradient_boosting,cat__site_project_x_county_basiskele::helin__basiskele,0.0
gradient_boosting,cat__site_project_x_county_basiskele::inci__basiskele,0.0
gradient_boosting,cat__site_project_x_county_basiskele::invest_globalden_zeray_kent__basiskele,0.0
gradient_boosting,cat__site_project_x_county_basiskele::isil__basiskele,0.0
gradient_boosting,cat__site_project_x_county_basiskele::iskar_elit_kent__basiskele,0.0
gradient_boosting,cat__site_project_x_county_basiskele::kardelen__basiskele,0.0
gradient_boosting,cat__site_project_x_county_basiskele::kirazli_kent__basiskele,0.0
gradient_boosting,cat__site_project_x_county_basiskele::kolayli__basiskele,0.0
gradient_boosting,cat__site_project_x_county_basiskele::kolayli_karsiyaka__basiskele,0.0
gradient_boosting,cat__site_project_x_county_basiskele::kolayli_kullar__basiskele,0.0
gradient_boosting,cat__site_project_x_county_basiskele::kredili_dusuk_faiz_yuksek_konforlu__basiskele,0.0
gradient_boosting,cat__site_project_x_county_basiskele::kuba__basiskele,0.0
gradient_boosting,cat__site_project_x_county_basiskele::kucuk_yali__basiskele,0.0
gradient_boosting,cat__site_project_x_county_basiskele::kullar__basiskele,0.0
gradient_boosting,cat__site_project_x_county_basiskele::kullar_da_prestijli_yasam__basiskele,0.0
gradient_boosting,cat__site_project_x_county_basiskele::kullar_da_ultra_ebeveyn_banyolu__basiskele,0.0
gradient_boosting,cat__site_project_x_county_basiskele::kullar_tepecik_de__basiskele,0.0
gradient_boosting,cat__site_project_x_county_basiskele::kullar_tepecik_mah__basiskele,0.0
gradient_boosting,cat__site_project_x_county_basiskele::kullar_yakacik_ta_kacirilmayacak_butik__basiskele,0.0
gradient_boosting,cat__site_project_x_county_basiskele::kullar_yaylacik_mahallesi__basiskele,0.0
gradient_boosting,cat__site_project_x_county_basiskele::kw_arven_den_ted_kolejine_komsu_havuzlu__basiskele,0.0
gradient_boosting,cat__site_project_x_county_basiskele::loca_torunoglu__basiskele,0.0
gradient_boosting,cat__site_project_x_county_basiskele::lotus__basiskele,0.0
gradient_boosting,cat__site_project_x_county_basiskele::lotus_mahza__basiskele,0.0
gradient_boosting,cat__site_project_x_county_basiskele::mahall_yuvacik_2__basiskele,0.0
gradient_boosting,cat__site_project_x_county_basiskele::mamik_life__basiskele,0.0
gradient_boosting,cat__site_project_x_county_basiskele::mamik_reform__basiskele,0.0
gradient_boosting,cat__site_project_x_county_basiskele::manar_terrace__basiskele,0.0
gradient_boosting,cat__site_project_x_county_basiskele::manar_yuvacik_2__basiskele,0.0
gradient_boosting,cat__site_project_x_county_basiskele::manar_yuvacik_3__basiskele,0.0
gradient_boosting,cat__site_project_x_county_basiskele::manar_yuvacik__basiskele,0.0
gradient_boosting,cat__site_project_x_county_basiskele::manaryuvacik__basiskele,0.0
gradient_boosting,cat__site_project_x_county_basiskele::marmara_elit__basiskele,0.0
gradient_boosting,cat__site_project_x_county_basiskele::marmara_elit_yapi_kooperatifi__basiskele,0.0
gradient_boosting,cat__site_project_x_county_basiskele::mavi_yesil_park__basiskele,0.0
gradient_boosting,cat__site_project_x_county_basiskele::may_city__basiskele,0.0
gradient_boosting,cat__site_project_x_county_basiskele::may_kent_2__basiskele,0.0
gradient_boosting,cat__site_project_x_county_basiskele::megatron_azize__basiskele,0.0
gradient_boosting,cat__site_project_x_county_basiskele::mehmet_akif_ersoy__basiskele,0.0
gradient_boosting,cat__site_project_x_county_basiskele::memur_sen__basiskele,0.0
gradient_boosting,cat__site_project_x_county_basiskele::merkezde_essiz_bir__basiskele,0.0
gradient_boosting,cat__site_project_x_county_basiskele::mona_vadi__basiskele,0.0
gradient_boosting,cat__site_project_x_county_basiskele::my_house_yuvacik__basiskele,0.0
gradient_boosting,cat__site_project_x_county_basiskele::my_yaka__basiskele,0.0
gradient_boosting,cat__site_project_x_county_basiskele::naturapark__basiskele,0.0
gradient_boosting,cat__site_project_x_county_basiskele::oksijen_konaklari__basiskele,0.0
gradient_boosting,cat__site_project_x_county_basiskele::oluklu_life__basiskele,0.0
gradient_boosting,cat__site_project_x_county_basiskele::orka_life_2__basiskele,0.0
gradient_boosting,cat__site_project_x_county_basiskele::orka_life__basiskele,0.0
gradient_boosting,cat__site_project_x_county_basiskele::ozemsan__basiskele,0.0
gradient_boosting,cat__site_project_x_county_basiskele::panorama_3__basiskele,0.0
gradient_boosting,cat__site_project_x_county_basiskele::panoramakent_1__basiskele,0.0
gradient_boosting,cat__site_project_x_county_basiskele::panoramakent_2__basiskele,0.0
gradient_boosting,cat__site_project_x_county_basiskele::panoramakent_3__basiskele,0.0
gradient_boosting,cat__site_project_x_county_basiskele::panoramakent_4__basiskele,0.0
gradient_boosting,cat__site_project_x_county_basiskele::parla_100_yil__basiskele,0.0
gradient_boosting,cat__site_project_x_county_basiskele::pasadag_100_yil_parla__basiskele,0.0
gradient_boosting,cat__site_project_x_county_basiskele::pasadag_mah_full_deniz_manzarali__basiskele,0.0
gradient_boosting,cat__site_project_x_county_basiskele::pasadag_mh_de_konsept_talha_park__basiskele,0.0
gradient_boosting,cat__site_project_x_county_basiskele::pasadagi__basiskele,0.0
gradient_boosting,cat__site_project_x_county_basiskele::pera_park__basiskele,0.0
gradient_boosting,cat__site_project_x_county_basiskele::platinium__basiskele,0.0
gradient_boosting,cat__site_project_x_county_basiskele::polen_park__basiskele,0.0
gradient_boosting,cat__site_project_x_county_basiskele::remax_dreamden_fatih_de__basiskele,0.0
gradient_boosting,cat__site_project_x_county_basiskele::reyhan__basiskele,0.0
gradient_boosting,cat__site_project_x_county_basiskele::ritim_vadi_evleri__basiskele,0.0
gradient_boosting,cat__site_project_x_county_basiskele::rose_garden__basiskele,0.0
gradient_boosting,cat__site_project_x_county_basiskele::royal_city_akkurt__basiskele,0.0
gradient_boosting,cat__site_project_x_county_basiskele::royal_country__basiskele,0.0
gradient_boosting,cat__site_project_x_county_basiskele::royal_life__basiskele,0.0
gradient_boosting,cat__site_project_x_county_basiskele::royal_park__basiskele,0.0
gradient_boosting,cat__site_project_x_county_basiskele::rozna__basiskele,0.0
gradient_boosting,cat__site_project_x_county_basiskele::listing_portal__basiskele,0.0
gradient_boosting,cat__site_project_x_county_basiskele::listing_portal_vadi_yuvacik__basiskele,0.0
gradient_boosting,cat__site_project_x_county_basiskele::secret_garden__basiskele,0.0
gradient_boosting,cat__site_project_x_county_basiskele::selimoglu__basiskele,0.0
gradient_boosting,cat__site_project_x_county_basiskele::sembol_kent__basiskele,0.0
gradient_boosting,cat__site_project_x_county_basiskele::semt_bahcecik__basiskele,0.0
gradient_boosting,cat__site_project_x_county_basiskele::seymen__basiskele,0.0
gradient_boosting,cat__site_project_x_county_basiskele::seyr_i_vadi__basiskele,0.0
gradient_boosting,cat__site_project_x_county_basiskele::seyri_vadi__basiskele,0.0
gradient_boosting,cat__site_project_x_county_basiskele::supark_megaron__basiskele,0.0
gradient_boosting,cat__site_project_x_county_basiskele::tanta_emlak_tan__basiskele,0.0
gradient_boosting,cat__site_project_x_county_basiskele::temizel_tepe_loft__basiskele,0.0
gradient_boosting,cat__site_project_x_county_basiskele::teras_marmara__basiskele,0.0
gradient_boosting,cat__site_project_x_county_basiskele::terasta_life__basiskele,0.0
gradient_boosting,cat__site_project_x_county_basiskele::terra_nova__basiskele,0.0
gradient_boosting,cat__site_project_x_county_basiskele::tinaztepede__basiskele,0.0
gradient_boosting,cat__site_project_x_county_basiskele::torpidocular__basiskele,0.0
gradient_boosting,cat__site_project_x_county_basiskele::torunogullari_park_2__basiskele,0.0
gradient_boosting,cat__site_project_x_county_basiskele::twinkle_life__basiskele,0.0
gradient_boosting,cat__site_project_x_county_basiskele::ust_deniz_manzarali_asansorlu__basiskele,0.0
gradient_boosting,cat__site_project_x_county_basiskele::ust_park_atakent__basiskele,0.0
gradient_boosting,cat__site_project_x_county_basiskele::ust_park_yuvacik__basiskele,0.0
gradient_boosting,cat__site_project_x_county_basiskele::ustgrup_lifeside__basiskele,0.0
gradient_boosting,cat__site_project_x_county_basiskele::ustgrup_mezire__basiskele,0.0
gradient_boosting,cat__site_project_x_county_basiskele::ustpark_afraze__basiskele,0.0
gradient_boosting,cat__site_project_x_county_basiskele::ustpark_yuvacik__basiskele,0.0
gradient_boosting,cat__site_project_x_county_basiskele::vadi__basiskele,0.0
gradient_boosting,cat__site_project_x_county_basiskele::vadi_suit__basiskele,0.0
gradient_boosting,cat__site_project_x_county_basiskele::vadi_yuvacik__basiskele,0.0
gradient_boosting,cat__site_project_x_county_basiskele::venedik__basiskele,0.0
gradient_boosting,cat__site_project_x_county_basiskele::villa_liva__basiskele,0.0
gradient_boosting,cat__site_project_x_county_basiskele::vira__basiskele,0.0
gradient_boosting,cat__site_project_x_county_basiskele::vistapark__basiskele,0.0
gradient_boosting,cat__site_project_x_county_basiskele::vizyon_dan__basiskele,0.0
gradient_boosting,cat__site_project_x_county_basiskele::vizyon_dan_basiskelede__basiskele,0.0
gradient_boosting,cat__site_project_x_county_basiskele::yagmurkent__basiskele,0.0
gradient_boosting,cat__site_project_x_county_basiskele::yakamoz_konutlari__basiskele,0.0
gradient_boosting,cat__site_project_x_county_basiskele::yakut_konaklari__basiskele,0.0
gradient_boosting,cat__site_project_x_county_basiskele::yaylacik_mh_de_havuzlu__basiskele,0.0
gradient_boosting,cat__site_project_x_county_basiskele::yenikoy_kalici_konutlari_12_ada__basiskele,0.0
gradient_boosting,cat__site_project_x_county_basiskele::yesilkent_kalici__basiskele,0.0
gradient_boosting,cat__site_project_x_county_basiskele::yesilyurt__basiskele,0.0
gradient_boosting,cat__site_project_x_county_basiskele::yesilyurt_mah_durupark__basiskele,0.0
gradient_boosting,cat__site_project_x_county_basiskele::yesilyurt_mahallesin_de__basiskele,0.0
gradient_boosting,cat__site_project_x_county_basiskele::yesilyurtda__basiskele,0.0
gradient_boosting,cat__site_project_x_county_basiskele::yildiz__basiskele,0.0
gradient_boosting,cat__site_project_x_county_basiskele::yonca_evleri_2__basiskele,0.0
gradient_boosting,cat__site_project_x_county_basiskele::yuksek_giris_butik__basiskele,0.0
gradient_boosting,cat__site_project_x_county_basiskele::yusra__basiskele,0.0
gradient_boosting,cat__site_project_x_county_basiskele::yuvacik_doga__basiskele,0.0
gradient_boosting,cat__site_project_x_county_basiskele::yuvacik_eksioglu_metsan__basiskele,0.0
gradient_boosting,cat__site_project_x_county_basiskele::yuvacik_kalici_konutlari_10_ada__basiskele,0.0
gradient_boosting,cat__site_project_x_county_basiskele::yuvacik_kalici_konutlari_1_ada__basiskele,0.0
gradient_boosting,cat__site_project_x_county_basiskele::yuvacik_kalici_konutlari_2_ada__basiskele,0.0
gradient_boosting,cat__site_project_x_county_basiskele::yuvacik_manar__basiskele,0.0
gradient_boosting,cat__site_project_x_county_basiskele::yuvacik_pasadag_yesil_vadi__basiskele,0.0
gradient_boosting,cat__site_project_x_county_basiskele::yuvacik_pasadagi_mh__basiskele,0.0
gradient_boosting,cat__site_project_x_county_basiskele::yuvacik_ta_prestijli__basiskele,0.0
gradient_boosting,cat__site_project_x_county_basiskele::yuvacik_vadi__basiskele,0.0
gradient_boosting,cat__site_project_x_county_basiskele::yuvacikta__basiskele,0.0
gradient_boosting,cat__site_project_x_county_basiskele::yuvana_evleri__basiskele,0.0
gradient_boosting,cat__site_project_x_county_basiskele::yuz_yapi_dan_deniz_ve_vadi__basiskele,0.0
gradient_boosting,cat__site_project_x_county_basiskele::zeray_gunesi__basiskele,0.0
gradient_boosting,cat__site_project_x_county_basiskele::zeray_kent__basiskele,0.0
gradient_boosting,cat__site_project_x_county_basiskele::zeray_korupark__basiskele,0.0
gradient_boosting,cat__site_project_x_county_basiskele::zeray_perla__basiskele,0.0
gradient_boosting,cat__site_project_x_county_basiskele::zeraykent_yuvacik__basiskele,0.0
gradient_boosting,cat__site_project_x_county_golcuk::100_yil_bariser__golcuk,0.0
gradient_boosting,cat__site_project_x_county_golcuk::1sifir__golcuk,0.0
gradient_boosting,cat__site_project_x_county_golcuk::75_yil__golcuk,0.0
gradient_boosting,cat__site_project_x_county_golcuk::80_ine_kredi_imkamli__golcuk,0.0
gradient_boosting,cat__site_project_x_county_golcuk::akyuz__golcuk,0.0
gradient_boosting,cat__site_project_x_county_golcuk::altinsehir__golcuk,0.0
gradient_boosting,cat__site_project_x_county_golcuk::ara_sifir__golcuk,0.0
gradient_boosting,cat__site_project_x_county_golcuk::armada__golcuk,0.0
gradient_boosting,cat__site_project_x_county_golcuk::asena__golcuk,0.0
gradient_boosting,cat__site_project_x_county_golcuk::ata_1__golcuk,0.0
gradient_boosting,cat__site_project_x_county_golcuk::aylan_1__golcuk,0.0
gradient_boosting,cat__site_project_x_county_golcuk::ayse_torunogullari__golcuk,0.0
gradient_boosting,cat__site_project_x_county_golcuk::azat_park__golcuk,0.0
gradient_boosting,cat__site_project_x_county_golcuk::azra_6__golcuk,0.0
gradient_boosting,cat__site_project_x_county_golcuk::bagkur__golcuk,0.0
gradient_boosting,cat__site_project_x_county_golcuk::bahce_dubleks__golcuk,0.0
gradient_boosting,cat__site_project_x_county_golcuk::balaban__golcuk,0.0
gradient_boosting,cat__site_project_x_county_golcuk::balaban_city__golcuk,0.0
gradient_boosting,cat__site_project_x_county_golcuk::baris_park_evleri_1__golcuk,0.0
gradient_boosting,cat__site_project_x_county_golcuk::baris_vizyon_deluxe_3__golcuk,0.0
gradient_boosting,cat__site_project_x_county_golcuk::baris_vizyon_deluxe__golcuk,0.0
gradient_boosting,cat__site_project_x_county_golcuk::bati_mercan__golcuk,0.0
gradient_boosting,cat__site_project_x_county_golcuk::bayindirlik_kalici_konutlari_539_ada__golcuk,0.0
gradient_boosting,cat__site_project_x_county_golcuk::beyaz_saraylar__golcuk,0.0
gradient_boosting,cat__site_project_x_county_golcuk::beyaz_vadi__golcuk,0.0
gradient_boosting,cat__site_project_x_county_golcuk::bogazici_3__golcuk,0.0
gradient_boosting,cat__site_project_x_county_golcuk::bogazici_ihsaniye_1__golcuk,0.0
gradient_boosting,cat__site_project_x_county_golcuk::cakiroglu_prestij_park__golcuk,0.0
gradient_boosting,cat__site_project_x_county_golcuk::camlik__golcuk,0.0
gradient_boosting,cat__site_project_x_county_golcuk::cati_dubleks_havuzlu__golcuk,0.0
gradient_boosting,cat__site_project_x_county_golcuk::cb_envoy_dan_golcuk_yazlik_ta__golcuk,0.0
gradient_boosting,cat__site_project_x_county_golcuk::cb_envoy_golcuk_mh_faralya__golcuk,0.0
gradient_boosting,cat__site_project_x_county_golcuk::cb_envoy_ihsaniye_de__golcuk,0.0
gradient_boosting,cat__site_project_x_county_golcuk::ciftlik_mahallesi_nde__golcuk,0.0
gradient_boosting,cat__site_project_x_county_golcuk::ciftlik_mahallesinde__golcuk,0.0
gradient_boosting,cat__site_project_x_county_golcuk::civan_park__golcuk,0.0
gradient_boosting,cat__site_project_x_county_golcuk::cumhuriyet__golcuk,0.0
gradient_boosting,cat__site_project_x_county_golcuk::dadaslar__golcuk,0.0
gradient_boosting,cat__site_project_x_county_golcuk::dan__golcuk,0.0
gradient_boosting,cat__site_project_x_county_golcuk::degirmendere_de__golcuk,0.0
gradient_boosting,cat__site_project_x_county_golcuk::degirmendere_de_deniz_manzarali_havuzlu__golcuk,0.0
gradient_boosting,cat__site_project_x_county_golcuk::degirmendere_ervatan__golcuk,0.0
gradient_boosting,cat__site_project_x_county_golcuk::degirmendere_konaklari__golcuk,0.0
gradient_boosting,cat__site_project_x_county_golcuk::degirmendere_merkezi_konum_evim_kent__golcuk,0.0
gradient_boosting,cat__site_project_x_county_golcuk::degirmendere_modern__golcuk,0.0
gradient_boosting,cat__site_project_x_county_golcuk::degirmendere_yuzbasilar_da__golcuk,0.0
gradient_boosting,cat__site_project_x_county_golcuk::demet__golcuk,0.0
gradient_boosting,cat__site_project_x_county_golcuk::demirsoy__golcuk,0.0
gradient_boosting,cat__site_project_x_county_golcuk::deniz_as__golcuk,0.0
gradient_boosting,cat__site_project_x_county_golcuk::deniz_yildizi__golcuk,0.0
gradient_boosting,cat__site_project_x_county_golcuk::doga__golcuk,0.0
gradient_boosting,cat__site_project_x_county_golcuk::dogakent__golcuk,0.0
gradient_boosting,cat__site_project_x_county_golcuk::dogan__golcuk,0.0
gradient_boosting,cat__site_project_x_county_golcuk::donanma_olkar_vadi__golcuk,0.0
gradient_boosting,cat__site_project_x_county_golcuk::elit_park__golcuk,0.0
gradient_boosting,cat__site_project_x_county_golcuk::ema_emlak_karakopru_mah_vip__golcuk,0.0
gradient_boosting,cat__site_project_x_county_golcuk::ema_emlak_karakopru_vip__golcuk,0.0
gradient_boosting,cat__site_project_x_county_golcuk::emek__golcuk,0.0
gradient_boosting,cat__site_project_x_county_golcuk::erguder__golcuk,0.0
gradient_boosting,cat__site_project_x_county_golcuk::ervatan__golcuk,0.0
gradient_boosting,cat__site_project_x_county_golcuk::firtina__golcuk,0.0
gradient_boosting,cat__site_project_x_county_golcuk::flora__golcuk,0.0
gradient_boosting,cat__site_project_x_county_golcuk::ford__golcuk,0.0
gradient_boosting,cat__site_project_x_county_golcuk::full_deniz_manzarali__golcuk,0.0
gradient_boosting,cat__site_project_x_county_golcuk::full_tadilatli_17000tl_kiracili__golcuk,0.0
gradient_boosting,cat__site_project_x_county_golcuk::golcuk_balaban_mimoza_kent__golcuk,0.0
gradient_boosting,cat__site_project_x_county_golcuk::golcuk_degirmendere_metropolitangreyeffect__golcuk,0.0
gradient_boosting,cat__site_project_x_county_golcuk::golcuk_degirmendere_orcun__golcuk,0.0
gradient_boosting,cat__site_project_x_county_golcuk::golcuk_hisareyn_de__golcuk,0.0
gradient_boosting,cat__site_project_x_county_golcuk::golcuk_ihsaniye_balaban_yasam__golcuk,0.0
gradient_boosting,cat__site_project_x_county_golcuk::golcuk_kavanium_2__golcuk,0.0
gradient_boosting,cat__site_project_x_county_golcuk::golcuk_mah_faralya__golcuk,0.0
gradient_boosting,cat__site_project_x_county_golcuk::goztepe__golcuk,0.0
gradient_boosting,cat__site_project_x_county_golcuk::guler_sabanci__golcuk,0.0
gradient_boosting,cat__site_project_x_county_golcuk::hasdayi__golcuk,0.0
gradient_boosting,cat__site_project_x_county_golcuk::hisar__golcuk,0.0
gradient_boosting,cat__site_project_x_county_golcuk::hisareynde__golcuk,0.0
gradient_boosting,cat__site_project_x_county_golcuk::ihsaniye_de__golcuk,0.0
gradient_boosting,cat__site_project_x_county_golcuk::ilica_evleri_3__golcuk,0.0
gradient_boosting,cat__site_project_x_county_golcuk::kardelen__golcuk,0.0
gradient_boosting,cat__site_project_x_county_golcuk::kavanium_2__golcuk,0.0
gradient_boosting,cat__site_project_x_county_golcuk::kavanium__golcuk,0.0
gradient_boosting,cat__site_project_x_county_golcuk::kurtulus__golcuk,0.0
gradient_boosting,cat__site_project_x_county_golcuk::kw_arven_den_hisareyn_de_havuzlu__golcuk,0.0
gradient_boosting,cat__site_project_x_county_golcuk::luxury_sea_suit__golcuk,0.0
gradient_boosting,cat__site_project_x_county_golcuk::mahallede__golcuk,0.0
gradient_boosting,cat__site_project_x_county_golcuk::manzara__golcuk,0.0
gradient_boosting,cat__site_project_x_county_golcuk::mavi_sehir__golcuk,0.0
gradient_boosting,cat__site_project_x_county_golcuk::melisa__golcuk,0.0
gradient_boosting,cat__site_project_x_county_golcuk::menekse_park__golcuk,0.0
gradient_boosting,cat__site_project_x_county_golcuk::mercan_bagkent__golcuk,0.0
gradient_boosting,cat__site_project_x_county_golcuk::metropolitan_grey_effect__golcuk,0.0
gradient_boosting,cat__site_project_x_county_golcuk::mimoza__golcuk,0.0
gradient_boosting,cat__site_project_x_county_golcuk::muhammet_ali_torunogullari__golcuk,0.0
gradient_boosting,cat__site_project_x_county_golcuk::nida_torunogullari__golcuk,0.0
gradient_boosting,cat__site_project_x_county_golcuk::ocak__golcuk,0.0
gradient_boosting,cat__site_project_x_county_golcuk::olkar_atasehir__golcuk,0.0
gradient_boosting,cat__site_project_x_county_golcuk::olkar_safir__golcuk,0.0
gradient_boosting,cat__site_project_x_county_golcuk::olkar_sakli_vadi_konagi__golcuk,0.0
gradient_boosting,cat__site_project_x_county_golcuk::olkar_vadi__golcuk,0.0
gradient_boosting,cat__site_project_x_county_golcuk::orcun_manzara__golcuk,0.0
gradient_boosting,cat__site_project_x_county_golcuk::otoparkli__golcuk,0.0
gradient_boosting,cat__site_project_x_county_golcuk::ovunc__golcuk,0.0
gradient_boosting,cat__site_project_x_county_golcuk::oz_mercan__golcuk,0.0
gradient_boosting,cat__site_project_x_county_golcuk::ozgururkent__golcuk,0.0
gradient_boosting,cat__site_project_x_county_golcuk::palmiye__golcuk,0.0
gradient_boosting,cat__site_project_x_county_golcuk::piyalepasa_da__golcuk,0.0
gradient_boosting,cat__site_project_x_county_golcuk::rakicioglu__golcuk,0.0
gradient_boosting,cat__site_project_x_county_golcuk::rakicioglu_sitesi_2__golcuk,0.0
gradient_boosting,cat__site_project_x_county_golcuk::remaxcakra_omer_onayci_dan__golcuk,0.0
gradient_boosting,cat__site_project_x_county_golcuk::revna_life__golcuk,0.0
gradient_boosting,cat__site_project_x_county_golcuk::sahan_torunogullari__golcuk,0.0
gradient_boosting,cat__site_project_x_county_golcuk::sakli_vadi__golcuk,0.0
gradient_boosting,cat__site_project_x_county_golcuk::sarayli__golcuk,0.0
gradient_boosting,cat__site_project_x_county_golcuk::sarayli_kalici_konutlari_181_ada__golcuk,0.0
gradient_boosting,cat__site_project_x_county_golcuk::sarayli_kalici_konutlari_182_ada__golcuk,0.0
gradient_boosting,cat__site_project_x_county_golcuk::sehir__golcuk,0.0
gradient_boosting,cat__site_project_x_county_golcuk::sehitler_mah_vgm__golcuk,0.0
gradient_boosting,cat__site_project_x_county_golcuk::sehri_torunoglu__golcuk,0.0
gradient_boosting,cat__site_project_x_county_golcuk::sengun__golcuk,0.0
gradient_boosting,cat__site_project_x_county_golcuk::seval__golcuk,0.0
gradient_boosting,cat__site_project_x_county_golcuk::sinirsiz_kredi_imkanli__golcuk,0.0
gradient_boosting,cat__site_project_x_county_golcuk::sirinkent_kalici_konutlari_15_ada__golcuk,0.0
gradient_boosting,cat__site_project_x_county_golcuk::sirinkent_kalici_konutlari_19_ada__golcuk,0.0
gradient_boosting,cat__site_project_x_county_golcuk::sirinkent_kalici_konutlari_30_ada__golcuk,0.0
gradient_boosting,cat__site_project_x_county_golcuk::sirinkoy_kalici_konutlari_4_ada__golcuk,0.0
gradient_boosting,cat__site_project_x_county_golcuk::sirinkoy_toki__golcuk,0.0
gradient_boosting,cat__site_project_x_county_golcuk::sivritepe_denizevler_toki__golcuk,0.0
gradient_boosting,cat__site_project_x_county_golcuk::sokkk_fiyat_ihsaniye_merkez_de__golcuk,0.0
gradient_boosting,cat__site_project_x_county_golcuk::subasi__golcuk,0.0
gradient_boosting,cat__site_project_x_county_golcuk::supark_arcadia__golcuk,0.0
gradient_boosting,cat__site_project_x_county_golcuk::supark_royal__golcuk,0.0
gradient_boosting,cat__site_project_x_county_golcuk::tanyildizdan_golcuk_elit_park__golcuk,0.0
gradient_boosting,cat__site_project_x_county_golcuk::tasdan_premium_city__golcuk,0.0
gradient_boosting,cat__site_project_x_county_golcuk::toki__golcuk,0.0
gradient_boosting,cat__site_project_x_county_golcuk::toki_sivritepe__golcuk,0.0
gradient_boosting,cat__site_project_x_county_golcuk::toksoylu__golcuk,0.0
gradient_boosting,cat__site_project_x_county_golcuk::tolga__golcuk,0.0
gradient_boosting,cat__site_project_x_county_golcuk::topcular_da__golcuk,0.0
gradient_boosting,cat__site_project_x_county_golcuk::topcular_mh_ronesans__golcuk,0.0
gradient_boosting,cat__site_project_x_county_golcuk::topcularda_havuzlu__golcuk,0.0
gradient_boosting,cat__site_project_x_county_golcuk::torunogullari__golcuk,0.0
gradient_boosting,cat__site_project_x_county_golcuk::torunogullari_ormania__golcuk,0.0
gradient_boosting,cat__site_project_x_county_golcuk::true_life__golcuk,0.0
gradient_boosting,cat__site_project_x_county_golcuk::turkuaz__golcuk,0.0
gradient_boosting,cat__site_project_x_county_golcuk::ulasli_yesilkent__golcuk,0.0
gradient_boosting,cat__site_project_x_county_golcuk::uplife_topcular__golcuk,0.0
gradient_boosting,cat__site_project_x_county_golcuk::uydu_kent__golcuk,0.0
gradient_boosting,cat__site_project_x_county_golcuk::vadi_degirmendere__golcuk,0.0
gradient_boosting,cat__site_project_x_county_golcuk::versay_lilyum_park__golcuk,0.0
gradient_boosting,cat__site_project_x_county_golcuk::versay_yamac_evler__golcuk,0.0
gradient_boosting,cat__site_project_x_county_golcuk::versay_yamacevler__golcuk,0.0
gradient_boosting,cat__site_project_x_county_golcuk::yakamos__golcuk,0.0
gradient_boosting,cat__site_project_x_county_golcuk::yakamoz__golcuk,0.0
gradient_boosting,cat__site_project_x_county_golcuk::yalik_mahallede__golcuk,0.0
gradient_boosting,cat__site_project_x_county_golcuk::yasam__golcuk,0.0
gradient_boosting,cat__site_project_x_county_golcuk::yildirim__golcuk,0.0
gradient_boosting,cat__site_project_x_county_golcuk::yildizevler__golcuk,0.0
gradient_boosting,cat__site_project_x_county_golcuk::zumrut_evler__golcuk,0.0
gradient_boosting,cat__site_project_x_county_izmit::academic_life__izmit,0.0
gradient_boosting,cat__site_project_x_county_izmit::akademic_life_2__izmit,0.0
gradient_boosting,cat__site_project_x_county_izmit::akar__izmit,0.0
gradient_boosting,cat__site_project_x_county_izmit::akarca__izmit,0.0
gradient_boosting,cat__site_project_x_county_izmit::akcakent_1__izmit,0.0
gradient_boosting,cat__site_project_x_county_izmit::akcakent_2__izmit,0.0
gradient_boosting,cat__site_project_x_county_izmit::akcakoca__izmit,0.0
gradient_boosting,cat__site_project_x_county_izmit::akcakoca_universite__izmit,0.0
gradient_boosting,cat__site_project_x_county_izmit::akdora__izmit,0.0
gradient_boosting,cat__site_project_x_county_izmit::akkonak__izmit,0.0
gradient_boosting,cat__site_project_x_county_izmit::akkus__izmit,0.0
gradient_boosting,cat__site_project_x_county_izmit::alan_park__izmit,0.0
gradient_boosting,cat__site_project_x_county_izmit::alikahya_kavanium__izmit,0.0
gradient_boosting,cat__site_project_x_county_izmit::alikahya_ve_dumlupinar_sinirinda__izmit,0.0
gradient_boosting,cat__site_project_x_county_izmit::almira__izmit,0.0
gradient_boosting,cat__site_project_x_county_izmit::altinevler__izmit,0.0
gradient_boosting,cat__site_project_x_county_izmit::anadolu__izmit,0.0
gradient_boosting,cat__site_project_x_county_izmit::anakent__izmit,0.0
gradient_boosting,cat__site_project_x_county_izmit::ara__izmit,0.0
gradient_boosting,cat__site_project_x_county_izmit::arizli_toki__izmit,0.0
gradient_boosting,cat__site_project_x_county_izmit::armada_kent_5__izmit,0.0
gradient_boosting,cat__site_project_x_county_izmit::armadakent_1__izmit,0.0
gradient_boosting,cat__site_project_x_county_izmit::armadakent_3__izmit,0.0
gradient_boosting,cat__site_project_x_county_izmit::armadakent_4__izmit,0.0
gradient_boosting,cat__site_project_x_county_izmit::armadakent_5__izmit,0.0
gradient_boosting,cat__site_project_x_county_izmit::armakent_4__izmit,0.0
gradient_boosting,cat__site_project_x_county_izmit::armonia__izmit,0.0
gradient_boosting,cat__site_project_x_county_izmit::art_yapi_elit_park__izmit,0.0
gradient_boosting,cat__site_project_x_county_izmit::asayra_dan_bayindirlik_kalici__izmit,0.0
gradient_boosting,cat__site_project_x_county_izmit::asayra_dan_yuvam_akarca__izmit,0.0
gradient_boosting,cat__site_project_x_county_izmit::aslantas_plus__izmit,0.0
gradient_boosting,cat__site_project_x_county_izmit::asrin__izmit,0.0
gradient_boosting,cat__site_project_x_county_izmit::asrin_saraylari_2__izmit,0.0
gradient_boosting,cat__site_project_x_county_izmit::ata__izmit,0.0
gradient_boosting,cat__site_project_x_county_izmit::ates__izmit,0.0
gradient_boosting,cat__site_project_x_county_izmit::avenue__izmit,0.0
gradient_boosting,cat__site_project_x_county_izmit::avlu__izmit,0.0
gradient_boosting,cat__site_project_x_county_izmit::bagcesme_kavanium__izmit,0.0
gradient_boosting,cat__site_project_x_county_izmit::bagcesme_konaklari__izmit,0.0
gradient_boosting,cat__site_project_x_county_izmit::bagcesme_modern__izmit,0.0
gradient_boosting,cat__site_project_x_county_izmit::bagcesmede__izmit,0.0
gradient_boosting,cat__site_project_x_county_izmit::bagkale__izmit,0.0
gradient_boosting,cat__site_project_x_county_izmit::bagtepe__izmit,0.0
gradient_boosting,cat__site_project_x_county_izmit::balaban_yuksel__izmit,0.0
gradient_boosting,cat__site_project_x_county_izmit::balabani__izmit,0.0
gradient_boosting,cat__site_project_x_county_izmit::baris_sitesi_2__izmit,0.0
gradient_boosting,cat__site_project_x_county_izmit::bayindirlik__izmit,0.0
gradient_boosting,cat__site_project_x_county_izmit::bayindirlik_konutlari_11_ada__izmit,0.0
gradient_boosting,cat__site_project_x_county_izmit::bayindirlik_konutlari_12_ada__izmit,0.0
gradient_boosting,cat__site_project_x_county_izmit::belediye_memurlar__izmit,0.0
gradient_boosting,cat__site_project_x_county_izmit::burcin__izmit,0.0
gradient_boosting,cat__site_project_x_county_izmit::campus_istanbul__izmit,0.0
gradient_boosting,cat__site_project_x_county_izmit::cayirkoy_premiumda__izmit,0.0
gradient_boosting,cat__site_project_x_county_izmit::cb_atlas_tan_la_vida_city__izmit,0.0
gradient_boosting,cat__site_project_x_county_izmit::cef_city_golpark__izmit,0.0
gradient_boosting,cat__site_project_x_county_izmit::celik_ay_dan_yesilova_zumra__izmit,0.0
gradient_boosting,cat__site_project_x_county_izmit::cepni_corner_park__izmit,0.0
gradient_boosting,cat__site_project_x_county_izmit::cepni_up_town_evleri_2__izmit,0.0
gradient_boosting,cat__site_project_x_county_izmit::cinar_vadisi_konaklari__izmit,0.0
gradient_boosting,cat__site_project_x_county_izmit::concept_yahyakaptan__izmit,0.0
gradient_boosting,cat__site_project_x_county_izmit::cukurbag_mah_guneskent__izmit,0.0
gradient_boosting,cat__site_project_x_county_izmit::cumhuriyet__izmit,0.0
gradient_boosting,cat__site_project_x_county_izmit::dan_bayindirlik__izmit,0.0
gradient_boosting,cat__site_project_x_county_izmit::deniz_manzarali__izmit,0.0
gradient_boosting,cat__site_project_x_county_izmit::diamond_boutioue__izmit,0.0
gradient_boosting,cat__site_project_x_county_izmit::diamond_prestige_2__izmit,0.0
gradient_boosting,cat__site_project_x_county_izmit::dikkat_emlak_tan_yenisehir_mh__izmit,0.0
gradient_boosting,cat__site_project_x_county_izmit::doga_park__izmit,0.0
gradient_boosting,cat__site_project_x_county_izmit::dogus__izmit,0.0
gradient_boosting,cat__site_project_x_county_izmit::dorukkent__izmit,0.0
gradient_boosting,cat__site_project_x_county_izmit::dostluk_6__izmit,0.0
gradient_boosting,cat__site_project_x_county_izmit::dunya_bankasi__izmit,0.0
gradient_boosting,cat__site_project_x_county_izmit::dunya_bankasi_konutlari_14_ada__izmit,0.0
gradient_boosting,cat__site_project_x_county_izmit::dunya_bankasi_konutlari_17_ada__izmit,0.0
gradient_boosting,cat__site_project_x_county_izmit::dunya_bankasi_konutlari_18_ada__izmit,0.0
gradient_boosting,cat__site_project_x_county_izmit::dunya_bankasi_konutlari_21_ada__izmit,0.0
gradient_boosting,cat__site_project_x_county_izmit::dunya_bankasi_konutlari_23_ada__izmit,0.0
gradient_boosting,cat__site_project_x_county_izmit::dunya_bankasi_konutlari_24_ada__izmit,0.0
gradient_boosting,cat__site_project_x_county_izmit::dunya_bankasi_konutlari_27_ada__izmit,0.0
gradient_boosting,cat__site_project_x_county_izmit::dunya_bankasi_konutlari_2_ada__izmit,0.0
gradient_boosting,cat__site_project_x_county_izmit::dunya_bankasi_konutlari_3_ada__izmit,0.0
gradient_boosting,cat__site_project_x_county_izmit::dunya_bankasi_konutlari_9_ada__izmit,0.0
gradient_boosting,cat__site_project_x_county_izmit::dunya_bankasi_sitesi_30_ada__izmit,0.0
gradient_boosting,cat__site_project_x_county_izmit::efdal_mai__izmit,0.0
gradient_boosting,cat__site_project_x_county_izmit::ekol_den_karadenizliler_mah_hls_yapi_da__izmit,0.0
gradient_boosting,cat__site_project_x_county_izmit::elit_kirk_bir__izmit,0.0
gradient_boosting,cat__site_project_x_county_izmit::emniyetciler__izmit,0.0
gradient_boosting,cat__site_project_x_county_izmit::erdagi__izmit,0.0
gradient_boosting,cat__site_project_x_county_izmit::erenkaya_park__izmit,0.0
gradient_boosting,cat__site_project_x_county_izmit::erenler_cedit__izmit,0.0
gradient_boosting,cat__site_project_x_county_izmit::erim__izmit,0.0
gradient_boosting,cat__site_project_x_county_izmit::eskidjiden_iztop_park__izmit,0.0
gradient_boosting,cat__site_project_x_county_izmit::evedin_yuvam_akarca_orkide__izmit,0.0
gradient_boosting,cat__site_project_x_county_izmit::feza__izmit,0.0
gradient_boosting,cat__site_project_x_county_izmit::flora_park__izmit,0.0
gradient_boosting,cat__site_project_x_county_izmit::fnd_smart_side_2__izmit,0.0
gradient_boosting,cat__site_project_x_county_izmit::fnd_smart_side__izmit,0.0
gradient_boosting,cat__site_project_x_county_izmit::full__izmit,0.0
gradient_boosting,cat__site_project_x_county_izmit::full_hazir_kiracili_son__izmit,0.0
gradient_boosting,cat__site_project_x_county_izmit::gokce__izmit,0.0
gradient_boosting,cat__site_project_x_county_izmit::golden_park__izmit,0.0
gradient_boosting,cat__site_project_x_county_izmit::golkay_star_life__izmit,0.0
gradient_boosting,cat__site_project_x_county_izmit::golkent_turkuaz__izmit,0.0
gradient_boosting,cat__site_project_x_county_izmit::golpark_star_life__izmit,0.0
gradient_boosting,cat__site_project_x_county_izmit::green_hill_city__izmit,0.0
gradient_boosting,cat__site_project_x_county_izmit::gulacti_deniz_konaklari_2__izmit,0.0
gradient_boosting,cat__site_project_x_county_izmit::gulacti_deniz_konaklari__izmit,0.0
gradient_boosting,cat__site_project_x_county_izmit::gulen__izmit,0.0
gradient_boosting,cat__site_project_x_county_izmit::gundogdu_bayindirlik_konutlari_6_ada_huzur__izmit,0.0
gradient_boosting,cat__site_project_x_county_izmit::gundogdu_dorukkent1__izmit,0.0
gradient_boosting,cat__site_project_x_county_izmit::gundogdu_eren_life__izmit,0.0
gradient_boosting,cat__site_project_x_county_izmit::gundogdu_havuzlu_asansorlu__izmit,0.0
gradient_boosting,cat__site_project_x_county_izmit::gundogdu_kalici__izmit,0.0
gradient_boosting,cat__site_project_x_county_izmit::gundogduda__izmit,0.0
gradient_boosting,cat__site_project_x_county_izmit::guney_park_cayirkoy__izmit,0.0
gradient_boosting,cat__site_project_x_county_izmit::hanife_sultan__izmit,0.0
gradient_boosting,cat__site_project_x_county_izmit::hanzade__izmit,0.0
gradient_boosting,cat__site_project_x_county_izmit::hatipoglu__izmit,0.0
gradient_boosting,cat__site_project_x_county_izmit::humeyra_park__izmit,0.0
gradient_boosting,cat__site_project_x_county_izmit::huzur__izmit,0.0
gradient_boosting,cat__site_project_x_county_izmit::inci__izmit,0.0
gradient_boosting,cat__site_project_x_county_izmit::innovia_terrace__izmit,0.0
gradient_boosting,cat__site_project_x_county_izmit::invest_global_den_yesilova_alfa__izmit,0.0
gradient_boosting,cat__site_project_x_county_izmit::iremkent__izmit,0.0
gradient_boosting,cat__site_project_x_county_izmit::iz_tepe__izmit,0.0
gradient_boosting,cat__site_project_x_county_izmit::izmit_te_akcakent__izmit,0.0
gradient_boosting,cat__site_project_x_county_izmit::izmitkent_konutlari_2__izmit,0.0
gradient_boosting,cat__site_project_x_county_izmit::izmitkent_konutlari_3__izmit,0.0
gradient_boosting,cat__site_project_x_county_izmit::izmitkent_konutlari_5__izmit,0.0
gradient_boosting,cat__site_project_x_county_izmit::iztop_park__izmit,0.0
gradient_boosting,cat__site_project_x_county_izmit::iztop_park_evleri_831_ada__izmit,0.0
gradient_boosting,cat__site_project_x_county_izmit::jasmin_country__izmit,0.0
gradient_boosting,cat__site_project_x_county_izmit::jasmine_country__izmit,0.0
gradient_boosting,cat__site_project_x_county_izmit::kabaoglu__izmit,0.0
gradient_boosting,cat__site_project_x_county_izmit::kabaoglu_havuzlu__izmit,0.0
gradient_boosting,cat__site_project_x_county_izmit::kabaoglunda__izmit,0.0
gradient_boosting,cat__site_project_x_county_izmit::karabas_mah_kent__izmit,0.0
gradient_boosting,cat__site_project_x_county_izmit::kardelen__izmit,0.0
gradient_boosting,cat__site_project_x_county_izmit::karpay__izmit,0.0
gradient_boosting,cat__site_project_x_county_izmit::kartanesi__izmit,0.0
gradient_boosting,cat__site_project_x_county_izmit::kavan_life__izmit,0.0
gradient_boosting,cat__site_project_x_county_izmit::kavan_life_gundogdu__izmit,0.0
gradient_boosting,cat__site_project_x_county_izmit::kavan_try__izmit,0.0
gradient_boosting,cat__site_project_x_county_izmit::kavanium_832_ada__izmit,0.0
gradient_boosting,cat__site_project_x_county_izmit::kavanium_833_ada__izmit,0.0
gradient_boosting,cat__site_project_x_county_izmit::kavanium__izmit,0.0
gradient_boosting,cat__site_project_x_county_izmit::kavanium_bagcesme__izmit,0.0
gradient_boosting,cat__site_project_x_county_izmit::kavanium_evleri_815_ada__izmit,0.0
gradient_boosting,cat__site_project_x_county_izmit::kavanium_evleri_819_ada__izmit,0.0
gradient_boosting,cat__site_project_x_county_izmit::kavanya_gol__izmit,0.0
gradient_boosting,cat__site_project_x_county_izmit::kavanya_koru__izmit,0.0
gradient_boosting,cat__site_project_x_county_izmit::kavanyum_bagcesme__izmit,0.0
gradient_boosting,cat__site_project_x_county_izmit::kent__izmit,0.0
gradient_boosting,cat__site_project_x_county_izmit::kent_konutlari_2__izmit,0.0
gradient_boosting,cat__site_project_x_county_izmit::kent_konutlari_3__izmit,0.0
gradient_boosting,cat__site_project_x_county_izmit::kent_tuana__izmit,0.0
gradient_boosting,cat__site_project_x_county_izmit::kentsa__izmit,0.0
gradient_boosting,cat__site_project_x_county_izmit::kiptas_cinar__izmit,0.0
gradient_boosting,cat__site_project_x_county_izmit::kore__izmit,0.0
gradient_boosting,cat__site_project_x_county_izmit::kucukyali__izmit,0.0
gradient_boosting,cat__site_project_x_county_izmit::kurucesme__izmit,0.0
gradient_boosting,cat__site_project_x_county_izmit::kurucesme_deniz_manzarali__izmit,0.0
gradient_boosting,cat__site_project_x_county_izmit::kurucesme_doktorlar__izmit,0.0
gradient_boosting,cat__site_project_x_county_izmit::kurucesme_fatih_mahallesi__izmit,0.0
gradient_boosting,cat__site_project_x_county_izmit::kurucesme_oluklu__izmit,0.0
gradient_boosting,cat__site_project_x_county_izmit::kurucesmede__izmit,0.0
gradient_boosting,cat__site_project_x_county_izmit::kurucesmenin_ustu__izmit,0.0
gradient_boosting,cat__site_project_x_county_izmit::kvs_royal__izmit,0.0
gradient_boosting,cat__site_project_x_county_izmit::la_vida_park__izmit,0.0
gradient_boosting,cat__site_project_x_county_izmit::lavinya_park__izmit,0.0
gradient_boosting,cat__site_project_x_county_izmit::lilyum_park_2__izmit,0.0
gradient_boosting,cat__site_project_x_county_izmit::lilyum_park_3__izmit,0.0
gradient_boosting,cat__site_project_x_county_izmit::lilyum_park_4__izmit,0.0
gradient_boosting,cat__site_project_x_county_izmit::liya__izmit,0.0
gradient_boosting,cat__site_project_x_county_izmit::loca_bagcesme__izmit,0.0
gradient_boosting,cat__site_project_x_county_izmit::maide__izmit,0.0
gradient_boosting,cat__site_project_x_county_izmit::mamikler__izmit,0.0
gradient_boosting,cat__site_project_x_county_izmit::manzara__izmit,0.0
gradient_boosting,cat__site_project_x_county_izmit::masiva_kozluk__izmit,0.0
gradient_boosting,cat__site_project_x_county_izmit::maykon_smart_plus__izmit,0.0
gradient_boosting,cat__site_project_x_county_izmit::mega__izmit,0.0
gradient_boosting,cat__site_project_x_county_izmit::menekse_yasamkent__izmit,0.0
gradient_boosting,cat__site_project_x_county_izmit::merdoglu__izmit,0.0
gradient_boosting,cat__site_project_x_county_izmit::mihrimah__izmit,0.0
gradient_boosting,cat__site_project_x_county_izmit::mimkon_yasam__izmit,0.0
gradient_boosting,cat__site_project_x_county_izmit::mira__izmit,0.0
gradient_boosting,cat__site_project_x_county_izmit::mk_royal__izmit,0.0
gradient_boosting,cat__site_project_x_county_izmit::mk_teras__izmit,0.0
gradient_boosting,cat__site_project_x_county_izmit::muasir_kent__izmit,0.0
gradient_boosting,cat__site_project_x_county_izmit::myra_2__izmit,0.0
gradient_boosting,cat__site_project_x_county_izmit::myra_3__izmit,0.0
gradient_boosting,cat__site_project_x_county_izmit::myra_sitesi_3__izmit,0.0
gradient_boosting,cat__site_project_x_county_izmit::natural__izmit,0.0
gradient_boosting,cat__site_project_x_county_izmit::nergis__izmit,0.0
gradient_boosting,cat__site_project_x_county_izmit::nikomedya_can__izmit,0.0
gradient_boosting,cat__site_project_x_county_izmit::nikomedya_deniz__izmit,0.0
gradient_boosting,cat__site_project_x_county_izmit::normcity__izmit,0.0
gradient_boosting,cat__site_project_x_county_izmit::ogretmenler__izmit,0.0
gradient_boosting,cat__site_project_x_county_izmit::oluklu_bagcesme__izmit,0.0
gradient_boosting,cat__site_project_x_county_izmit::oluklu_ozon__izmit,0.0
gradient_boosting,cat__site_project_x_county_izmit::onur__izmit,0.0
gradient_boosting,cat__site_project_x_county_izmit::onur_siteleri__izmit,0.0
gradient_boosting,cat__site_project_x_county_izmit::osmanli_konaklari__izmit,0.0
gradient_boosting,cat__site_project_x_county_izmit::ozgur__izmit,0.0
gradient_boosting,cat__site_project_x_county_izmit::ozum__izmit,0.0
gradient_boosting,cat__site_project_x_county_izmit::ozyapi__izmit,0.0
gradient_boosting,cat__site_project_x_county_izmit::pinar__izmit,0.0
gradient_boosting,cat__site_project_x_county_izmit::pirelli__izmit,0.0
gradient_boosting,cat__site_project_x_county_izmit::plaj_yolu_sea_life__izmit,0.0
gradient_boosting,cat__site_project_x_county_izmit::plaj_yolunda_sea_life__izmit,0.0
gradient_boosting,cat__site_project_x_county_izmit::plajyolu__izmit,0.0
gradient_boosting,cat__site_project_x_county_izmit::plajyolu_avangard__izmit,0.0
gradient_boosting,cat__site_project_x_county_izmit::plajyolu_bozdag__izmit,0.0
gradient_boosting,cat__site_project_x_county_izmit::plajyolu_harika_konum_da__izmit,0.0
gradient_boosting,cat__site_project_x_county_izmit::plajyolu_sea_life__izmit,0.0
gradient_boosting,cat__site_project_x_county_izmit::plajyolunda__izmit,0.0
gradient_boosting,cat__site_project_x_county_izmit::plajyolunun_en_prestijli__izmit,0.0
gradient_boosting,cat__site_project_x_county_izmit::rbs_yasam__izmit,0.0
gradient_boosting,cat__site_project_x_county_izmit::remax_bagcesme_orhan_mh__izmit,0.0
gradient_boosting,cat__site_project_x_county_izmit::remax_dream_avenue__izmit,0.0
gradient_boosting,cat__site_project_x_county_izmit::remax_dream_den_80_kredi_eminevime_uygun__izmit,0.0
gradient_boosting,cat__site_project_x_county_izmit::remax_dream_den_plaj_yolunda__izmit,0.0
gradient_boosting,cat__site_project_x_county_izmit::remax_dream_dunya_bankasi__izmit,0.0
gradient_boosting,cat__site_project_x_county_izmit::remax_effect_ten_gundogdu_bayindirlik__izmit,0.0
gradient_boosting,cat__site_project_x_county_izmit::remax_exclusiveden_avenue__izmit,0.0
gradient_boosting,cat__site_project_x_county_izmit::remax_plaj_yolu_deniz_manzarali__izmit,0.0
gradient_boosting,cat__site_project_x_county_izmit::respark_3__izmit,0.0
gradient_boosting,cat__site_project_x_county_izmit::listing_portal_havuz_ve_vadi__izmit,0.0
gradient_boosting,cat__site_project_x_county_izmit::listing_portal_temiz_kullanisli__izmit,0.0
gradient_boosting,cat__site_project_x_county_izmit::listing_portal_yelkent_tetra__izmit,0.0
gradient_boosting,cat__site_project_x_county_izmit::sahilkent__izmit,0.0
gradient_boosting,cat__site_project_x_county_izmit::saray__izmit,0.0
gradient_boosting,cat__site_project_x_county_izmit::saray_evleri_anemon__izmit,0.0
gradient_boosting,cat__site_project_x_county_izmit::sea_life_41__izmit,0.0
gradient_boosting,cat__site_project_x_county_izmit::sea_life__izmit,0.0
gradient_boosting,cat__site_project_x_county_izmit::sehir_h_karsisi__izmit,0.0
gradient_boosting,cat__site_project_x_county_izmit::sehir_hastanesi_karsisi_sarkent__izmit,0.0
gradient_boosting,cat__site_project_x_county_izmit::sehir_hastanesine_yakin__izmit,0.0
gradient_boosting,cat__site_project_x_county_izmit::sehr_i_bahce_sitesi_3__izmit,0.0
gradient_boosting,cat__site_project_x_county_izmit::sehr_i_naz__izmit,0.0
gradient_boosting,cat__site_project_x_county_izmit::sehri_bahce_3__izmit,0.0
gradient_boosting,cat__site_project_x_county_izmit::sehrin_yildizi__izmit,0.0
gradient_boosting,cat__site_project_x_county_izmit::seka__izmit,0.0
gradient_boosting,cat__site_project_x_county_izmit::seka_akgun__izmit,0.0
gradient_boosting,cat__site_project_x_county_izmit::seka_memur__izmit,0.0
gradient_boosting,cat__site_project_x_county_izmit::sekbanli_toki__izmit,0.0
gradient_boosting,cat__site_project_x_county_izmit::selale__izmit,0.0
gradient_boosting,cat__site_project_x_county_izmit::semt__izmit,0.0
gradient_boosting,cat__site_project_x_county_izmit::sepetci_toki__izmit,0.0
gradient_boosting,cat__site_project_x_county_izmit::seymen__izmit,0.0
gradient_boosting,cat__site_project_x_county_izmit::sifir_sirintepe_sea_life__izmit,0.0
gradient_boosting,cat__site_project_x_county_izmit::sogucak__izmit,0.0
gradient_boosting,cat__site_project_x_county_izmit::solin__izmit,0.0
gradient_boosting,cat__site_project_x_county_izmit::solin_konutlari_1__izmit,0.0
gradient_boosting,cat__site_project_x_county_izmit::sudeks_bagcesme__izmit,0.0
gradient_boosting,cat__site_project_x_county_izmit::sunrise_yesilova__izmit,0.0
gradient_boosting,cat__site_project_x_county_izmit::tadu_concept__izmit,0.0
gradient_boosting,cat__site_project_x_county_izmit::tam_gun__izmit,0.0
gradient_boosting,cat__site_project_x_county_izmit::tanyildiz_izmit_kurucesme_butik__izmit,0.0
gradient_boosting,cat__site_project_x_county_izmit::tarcanlar_dan_gundogdu_eren_life__izmit,0.0
gradient_boosting,cat__site_project_x_county_izmit::tarcanlardan_gundogdu_eren_life__izmit,0.0
gradient_boosting,cat__site_project_x_county_izmit::tarcanlardan_kurucesmede__izmit,0.0
gradient_boosting,cat__site_project_x_county_izmit::tavsantepe_toki__izmit,0.0
gradient_boosting,cat__site_project_x_county_izmit::ten_yuvam_akarca__izmit,0.0
gradient_boosting,cat__site_project_x_county_izmit::tepe__izmit,0.0
gradient_boosting,cat__site_project_x_county_izmit::tepekoy_de_butik__izmit,0.0
gradient_boosting,cat__site_project_x_county_izmit::tepekoy_toki_konutlari_191_ada__izmit,0.0
gradient_boosting,cat__site_project_x_county_izmit::terrace__izmit,0.0
gradient_boosting,cat__site_project_x_county_izmit::terrace_yahyakaptan_2__izmit,0.0
gradient_boosting,cat__site_project_x_county_izmit::terrace_yahyakaptan__izmit,0.0
gradient_boosting,cat__site_project_x_county_izmit::toki_arizli__izmit,0.0
gradient_boosting,cat__site_project_x_county_izmit::toki_cedit_mahallesi__izmit,0.0
gradient_boosting,cat__site_project_x_county_izmit::toki_konutlari_185_ada__izmit,0.0
gradient_boosting,cat__site_project_x_county_izmit::truva__izmit,0.0
gradient_boosting,cat__site_project_x_county_izmit::tuana__izmit,0.0
gradient_boosting,cat__site_project_x_county_izmit::tuana_evleri_2__izmit,0.0
gradient_boosting,cat__site_project_x_county_izmit::tuana_evleri_3__izmit,0.0
gradient_boosting,cat__site_project_x_county_izmit::turkoz__izmit,0.0
gradient_boosting,cat__site_project_x_county_izmit::turkoz_insaat_plajyolu_bozdag__izmit,0.0
gradient_boosting,cat__site_project_x_county_izmit::turkuaz_park__izmit,0.0
gradient_boosting,cat__site_project_x_county_izmit::ufuk__izmit,0.0
gradient_boosting,cat__site_project_x_county_izmit::ugur__izmit,0.0
gradient_boosting,cat__site_project_x_county_izmit::umutkent__izmit,0.0
gradient_boosting,cat__site_project_x_county_izmit::umuttepe_yolu_uzeri__izmit,0.0
gradient_boosting,cat__site_project_x_county_izmit::umuttepe_yolu_uzeri_kaboglu_mevki__izmit,0.0
gradient_boosting,cat__site_project_x_county_izmit::up_town_evleri_1__izmit,0.0
gradient_boosting,cat__site_project_x_county_izmit::up_town_evleri_2__izmit,0.0
gradient_boosting,cat__site_project_x_county_izmit::uygun__izmit,0.0
gradient_boosting,cat__site_project_x_county_izmit::vadi__izmit,0.0
gradient_boosting,cat__site_project_x_county_izmit::vadikent_4__izmit,0.0
gradient_boosting,cat__site_project_x_county_izmit::vadikent__izmit,0.0
gradient_boosting,cat__site_project_x_county_izmit::vega__izmit,0.0
gradient_boosting,cat__site_project_x_county_izmit::venedik__izmit,0.0
gradient_boosting,cat__site_project_x_county_izmit::vera_house_1__izmit,0.0
gradient_boosting,cat__site_project_x_county_izmit::vesta_park__izmit,0.0
gradient_boosting,cat__site_project_x_county_izmit::visinya__izmit,0.0
gradient_boosting,cat__site_project_x_county_izmit::vista__izmit,0.0
gradient_boosting,cat__site_project_x_county_izmit::vista_evleri_1__izmit,0.0
gradient_boosting,cat__site_project_x_county_izmit::yahya_kaptan__izmit,0.0
gradient_boosting,cat__site_project_x_county_izmit::yahyakaptan_armada_kent__izmit,0.0
gradient_boosting,cat__site_project_x_county_izmit::yasam__izmit,0.0
gradient_boosting,cat__site_project_x_county_izmit::yelken_park__izmit,0.0
gradient_boosting,cat__site_project_x_county_izmit::yelkent__izmit,0.0
gradient_boosting,cat__site_project_x_county_izmit::yelkent_alfa__izmit,0.0
gradient_boosting,cat__site_project_x_county_izmit::yelkent_tetra__izmit,0.0
gradient_boosting,cat__site_project_x_county_izmit::yeseren__izmit,0.0
gradient_boosting,cat__site_project_x_county_izmit::yesilova_anaket__izmit,0.0
gradient_boosting,cat__site_project_x_county_izmit::yesilova_konaklari__izmit,0.0
gradient_boosting,cat__site_project_x_county_izmit::yesilova_liva_park__izmit,0.0
gradient_boosting,cat__site_project_x_county_izmit::yesilova_mah__izmit,0.0
gradient_boosting,cat__site_project_x_county_izmit::yesilova_merkezi_yerde_karpay__izmit,0.0
gradient_boosting,cat__site_project_x_county_izmit::yesilova_park__izmit,0.0
gradient_boosting,cat__site_project_x_county_izmit::yildiz__izmit,0.0
gradient_boosting,cat__site_project_x_county_izmit::yildizlar_tepesi__izmit,0.0
gradient_boosting,cat__site_project_x_county_izmit::yuvam_akarca__izmit,0.0
gradient_boosting,cat__site_project_x_county_izmit::yuvam_akarca_evleri_10_ada__izmit,0.0
gradient_boosting,cat__site_project_x_county_izmit::yuvam_akarca_evleri_1_ada__izmit,0.0
gradient_boosting,cat__site_project_x_county_izmit::yuvam_akarca_evleri_3_ada__izmit,0.0
gradient_boosting,cat__site_project_x_county_izmit::yuvam_akarca_evleri_6_ada__izmit,0.0
gradient_boosting,cat__site_project_x_county_izmit::yuvam_akarca_evleri_7_ada__izmit,0.0
gradient_boosting,cat__site_project_x_county_izmit::yuvam_garden__izmit,0.0
gradient_boosting,cat__site_project_x_county_izmit::yuvam_turgut_toplu__izmit,0.0
gradient_boosting,cat__site_project_x_county_izmit::zafira__izmit,0.0
gradient_boosting,cat__site_project_x_county_izmit::zenan__izmit,0.0
gradient_boosting,cat__site_project_x_county_izmit::zeray_dora_hill__izmit,0.0
gradient_boosting,cat__site_project_x_county_izmit::zorlife__izmit,0.0
gradient_boosting,cat__site_project_x_county_izmit::zorlu__izmit,0.0
gradient_boosting,cat__site_project_x_county_karamursel::adres_emlaktan_kent__karamursel,0.0
gradient_boosting,cat__site_project_x_county_karamursel::altinkent__karamursel,0.0
gradient_boosting,cat__site_project_x_county_karamursel::asansorlu__karamursel,0.0
gradient_boosting,cat__site_project_x_county_karamursel::bagdat__karamursel,0.0
gradient_boosting,cat__site_project_x_county_karamursel::bahcelievler__karamursel,0.0
gradient_boosting,cat__site_project_x_county_karamursel::baydar__karamursel,0.0
gradient_boosting,cat__site_project_x_county_karamursel::cam__karamursel,0.0
gradient_boosting,cat__site_project_x_county_karamursel::d_kent__karamursel,0.0
gradient_boosting,cat__site_project_x_county_karamursel::demircan__karamursel,0.0
gradient_boosting,cat__site_project_x_county_karamursel::demtas_koygun_sahil__karamursel,0.0
gradient_boosting,cat__site_project_x_county_karamursel::gazanferkent_konaklari__karamursel,0.0
gradient_boosting,cat__site_project_x_county_karamursel::genc_alp__karamursel,0.0
gradient_boosting,cat__site_project_x_county_karamursel::gizli_bahce__karamursel,0.0
gradient_boosting,cat__site_project_x_county_karamursel::hetas_konaklari__karamursel,0.0
gradient_boosting,cat__site_project_x_county_karamursel::inci__karamursel,0.0
gradient_boosting,cat__site_project_x_county_karamursel::karamursel__karamursel,0.0
gradient_boosting,cat__site_project_x_county_karamursel::karamursel_aydin__karamursel,0.0
gradient_boosting,cat__site_project_x_county_karamursel::karamursel_park__karamursel,0.0
gradient_boosting,cat__site_project_x_county_karamursel::karamursel_pinarbasi__karamursel,0.0
gradient_boosting,cat__site_project_x_county_karamursel::kardelen__karamursel,0.0
gradient_boosting,cat__site_project_x_county_karamursel::kardesten_kayacik_ta__karamursel,0.0
gradient_boosting,cat__site_project_x_county_karamursel::kolayli_1__karamursel,0.0
gradient_boosting,cat__site_project_x_county_karamursel::kolayli_2__karamursel,0.0
gradient_boosting,cat__site_project_x_county_karamursel::kolayli_4__karamursel,0.0
gradient_boosting,cat__site_project_x_county_karamursel::kovuk_cinar__karamursel,0.0
gradient_boosting,cat__site_project_x_county_karamursel::meric__karamursel,0.0
gradient_boosting,cat__site_project_x_county_karamursel::merkezkent__karamursel,0.0
gradient_boosting,cat__site_project_x_county_karamursel::onurkent__karamursel,0.0
gradient_boosting,cat__site_project_x_county_karamursel::ozgul_evler__karamursel,0.0
gradient_boosting,cat__site_project_x_county_karamursel::remax_kanyon_dan__karamursel,0.0
gradient_boosting,cat__site_project_x_county_karamursel::remax_kanyon_dan_vadi__karamursel,0.0
gradient_boosting,cat__site_project_x_county_karamursel::saka__karamursel,0.0
gradient_boosting,cat__site_project_x_county_karamursel::temmuz_da__karamursel,0.0
gradient_boosting,cat__site_project_x_county_karamursel::ulu_cami_yakininda__karamursel,0.0
gradient_boosting,cat__site_project_x_county_karamursel::yamac__karamursel,0.0
gradient_boosting,cat__site_project_x_county_karamursel::zumrut_2__karamursel,0.0
gradient_boosting,cat__site_project_x_county_kartepe::151_ada__kartepe,0.0
gradient_boosting,cat__site_project_x_county_kartepe::1_69_kredi_icon__kartepe,0.0
gradient_boosting,cat__site_project_x_county_kartepe::1_99_kredi_fsm_de_butik__kartepe,0.0
gradient_boosting,cat__site_project_x_county_kartepe::480__kartepe,0.0
gradient_boosting,cat__site_project_x_county_kartepe::a_plus__kartepe,0.0
gradient_boosting,cat__site_project_x_county_kartepe::acill_deallife_dan_ataevlerde__kartepe,0.0
gradient_boosting,cat__site_project_x_county_kartepe::adesa__kartepe,0.0
gradient_boosting,cat__site_project_x_county_kartepe::agkoc_evleri_2__kartepe,0.0
gradient_boosting,cat__site_project_x_county_kartepe::anadolu__kartepe,0.0
gradient_boosting,cat__site_project_x_county_kartepe::aras_gayrimenkulden_fsm_de__kartepe,0.0
gradient_boosting,cat__site_project_x_county_kartepe::ars_den_kent_meydaninda__kartepe,0.0
gradient_boosting,cat__site_project_x_county_kartepe::arslanbey_atakent__kartepe,0.0
gradient_boosting,cat__site_project_x_county_kartepe::ataevlerde__kartepe,0.0
gradient_boosting,cat__site_project_x_county_kartepe::atakent_evleri_131_ada__kartepe,0.0
gradient_boosting,cat__site_project_x_county_kartepe::atakent_evleri_132_ada__kartepe,0.0
gradient_boosting,cat__site_project_x_county_kartepe::atakent_evleri_136_ada__kartepe,0.0
gradient_boosting,cat__site_project_x_county_kartepe::atakent_evleri_142_ada__kartepe,0.0
gradient_boosting,cat__site_project_x_county_kartepe::atakent_evleri_152_ada__kartepe,0.0
gradient_boosting,cat__site_project_x_county_kartepe::atakoy__kartepe,0.0
gradient_boosting,cat__site_project_x_county_kartepe::aykent__kartepe,0.0
gradient_boosting,cat__site_project_x_county_kartepe::bahcekent_konutlari__kartepe,0.0
gradient_boosting,cat__site_project_x_county_kartepe::bariskent__kartepe,0.0
gradient_boosting,cat__site_project_x_county_kartepe::beykent_konaklari_611__kartepe,0.0
gradient_boosting,cat__site_project_x_county_kartepe::beykent_konaklari__kartepe,0.0
gradient_boosting,cat__site_project_x_county_kartepe::beykoz_evleri_1__kartepe,0.0
gradient_boosting,cat__site_project_x_county_kartepe::bizim_konaklar__kartepe,0.0
gradient_boosting,cat__site_project_x_county_kartepe::boutique_kartepe__kartepe,0.0
gradient_boosting,cat__site_project_x_county_kartepe::butik__kartepe,0.0
gradient_boosting,cat__site_project_x_county_kartepe::cadde_i_kubra__kartepe,0.0
gradient_boosting,cat__site_project_x_county_kartepe::capediem_kartepe__kartepe,0.0
gradient_boosting,cat__site_project_x_county_kartepe::carpediem_kartepe__kartepe,0.0
gradient_boosting,cat__site_project_x_county_kartepe::casaba__kartepe,0.0
gradient_boosting,cat__site_project_x_county_kartepe::cinar__kartepe,0.0
gradient_boosting,cat__site_project_x_county_kartepe::deallife_dan_hasanpasada_butik__kartepe,0.0
gradient_boosting,cat__site_project_x_county_kartepe::derbent_mh__kartepe,0.0
gradient_boosting,cat__site_project_x_county_kartepe::derin_den_ert_gazi_mah__kartepe,0.0
gradient_boosting,cat__site_project_x_county_kartepe::doga_kent__kartepe,0.0
gradient_boosting,cat__site_project_x_county_kartepe::dorukpark__kartepe,0.0
gradient_boosting,cat__site_project_x_county_kartepe::dosteller__kartepe,0.0
gradient_boosting,cat__site_project_x_county_kartepe::dubleks__kartepe,0.0
gradient_boosting,cat__site_project_x_county_kartepe::dubleks_kent__kartepe,0.0
gradient_boosting,cat__site_project_x_county_kartepe::effect_kartepe__kartepe,0.0
gradient_boosting,cat__site_project_x_county_kartepe::ekomax_dan_e_gazi_asansrlu_havzlu__kartepe,0.0
gradient_boosting,cat__site_project_x_county_kartepe::ekomax_dan_kartepe__kartepe,0.0
gradient_boosting,cat__site_project_x_county_kartepe::ekomax_dan_kartpe_fsm_mah_havzlu_asanslu__kartepe,0.0
gradient_boosting,cat__site_project_x_county_kartepe::ekomaxdan_sinirsiz_kredi_asansoru__kartepe,0.0
gradient_boosting,cat__site_project_x_county_kartepe::eksioglu_kardelen__kartepe,0.0
gradient_boosting,cat__site_project_x_county_kartepe::emar_delux__kartepe,0.0
gradient_boosting,cat__site_project_x_county_kartepe::emlakcim41_kent__kartepe,0.0
gradient_boosting,cat__site_project_x_county_kartepe::empire_house__kartepe,0.0
gradient_boosting,cat__site_project_x_county_kartepe::ena_gayrimenkulden_kartepe_s_royal2__kartepe,0.0
gradient_boosting,cat__site_project_x_county_kartepe::ertugrul_gazi_de__kartepe,0.0
gradient_boosting,cat__site_project_x_county_kartepe::ertugrul_gazi_mh__kartepe,0.0
gradient_boosting,cat__site_project_x_county_kartepe::ertugrulgazi_bluepark__kartepe,0.0
gradient_boosting,cat__site_project_x_county_kartepe::ertugrulgazi_de__kartepe,0.0
gradient_boosting,cat__site_project_x_county_kartepe::finans_kuruluslarina_uygun_1_99_kredi_butik__kartepe,0.0
gradient_boosting,cat__site_project_x_county_kartepe::forum_anatolia__kartepe,0.0
gradient_boosting,cat__site_project_x_county_kartepe::fsm_mahallesi_nde__kartepe,0.0
gradient_boosting,cat__site_project_x_county_kartepe::garden_kartepe_2__kartepe,0.0
gradient_boosting,cat__site_project_x_county_kartepe::gate41_masukiye__kartepe,0.0
gradient_boosting,cat__site_project_x_county_kartepe::gate_41__kartepe,0.0
gradient_boosting,cat__site_project_x_county_kartepe::gate_41_masukiye__kartepe,0.0
gradient_boosting,cat__site_project_x_county_kartepe::genis_kulanisli__kartepe,0.0
gradient_boosting,cat__site_project_x_county_kartepe::gokbal_sirius__kartepe,0.0
gradient_boosting,cat__site_project_x_county_kartepe::green_life_1__kartepe,0.0
gradient_boosting,cat__site_project_x_county_kartepe::guckat_life__kartepe,0.0
gradient_boosting,cat__site_project_x_county_kartepe::gulas__kartepe,0.0
gradient_boosting,cat__site_project_x_county_kartepe::guldeste_sitesi_2__kartepe,0.0
gradient_boosting,cat__site_project_x_county_kartepe::guldeste_sitesi_5__kartepe,0.0
gradient_boosting,cat__site_project_x_county_kartepe::guldeste_sitesi_7__kartepe,0.0
gradient_boosting,cat__site_project_x_county_kartepe::hasanpasa_butik__kartepe,0.0
gradient_boosting,cat__site_project_x_county_kartepe::hasanpasa_mahallesinde_butik__kartepe,0.0
gradient_boosting,cat__site_project_x_county_kartepe::hursoy_behcelievler__kartepe,0.0
gradient_boosting,cat__site_project_x_county_kartepe::hursoy_nefes_kartepe__kartepe,0.0
gradient_boosting,cat__site_project_x_county_kartepe::hursoy_sapphire__kartepe,0.0
gradient_boosting,cat__site_project_x_county_kartepe::hursoy_sitesi_atakent_1__kartepe,0.0
gradient_boosting,cat__site_project_x_county_kartepe::k_h_eksioglu_insaat_limited_sirketi__kartepe,0.0
gradient_boosting,cat__site_project_x_county_kartepe::kafkas_dostluk__kartepe,0.0
gradient_boosting,cat__site_project_x_county_kartepe::kamelya__kartepe,0.0
gradient_boosting,cat__site_project_x_county_kartepe::karcity__kartepe,0.0
gradient_boosting,cat__site_project_x_county_kartepe::kartele__kartepe,0.0
gradient_boosting,cat__site_project_x_county_kartepe::kartepe__kartepe,0.0
gradient_boosting,cat__site_project_x_county_kartepe::kartepe_aslanbey_vera_life__kartepe,0.0
gradient_boosting,cat__site_project_x_county_kartepe::kartepe_aslanbey_veralife__kartepe,0.0
gradient_boosting,cat__site_project_x_county_kartepe::kartepe_ataevler__kartepe,0.0
gradient_boosting,cat__site_project_x_county_kartepe::kartepe_ataevler_hursoy_city__kartepe,0.0
gradient_boosting,cat__site_project_x_county_kartepe::kartepe_ataevler_mahallesinde__kartepe,0.0
gradient_boosting,cat__site_project_x_county_kartepe::kartepe_atakent__kartepe,0.0
gradient_boosting,cat__site_project_x_county_kartepe::kartepe_cadde_life__kartepe,0.0
gradient_boosting,cat__site_project_x_county_kartepe::kartepe_de__kartepe,0.0
gradient_boosting,cat__site_project_x_county_kartepe::kartepe_de_havuzlu__kartepe,0.0
gradient_boosting,cat__site_project_x_county_kartepe::kartepe_de_manzarali__kartepe,0.0
gradient_boosting,cat__site_project_x_county_kartepe::kartepe_dumlupinar_ritim_naz__kartepe,0.0
gradient_boosting,cat__site_project_x_county_kartepe::kartepe_elizan__kartepe,0.0
gradient_boosting,cat__site_project_x_county_kartepe::kartepe_ertugrulgazi_havz_hmm_saunli__kartepe,0.0
gradient_boosting,cat__site_project_x_county_kartepe::kartepe_fatih_sultan_mehmet_mh_havuzlu__kartepe,0.0
gradient_boosting,cat__site_project_x_county_kartepe::kartepe_fsm_bahcesehir_koleji_yakini_gulas__kartepe,0.0
gradient_boosting,cat__site_project_x_county_kartepe::kartepe_fsm_de__kartepe,0.0
gradient_boosting,cat__site_project_x_county_kartepe::kartepe_fsm_de_havuzlu_guvenlikli__kartepe,0.0
gradient_boosting,cat__site_project_x_county_kartepe::kartepe_fsm_kent__kartepe,0.0
gradient_boosting,cat__site_project_x_county_kartepe::kartepe_fsm_mah__kartepe,0.0
gradient_boosting,cat__site_project_x_county_kartepe::kartepe_ibrikdere_butik__kartepe,0.0
gradient_boosting,cat__site_project_x_county_kartepe::kartepe_kent__kartepe,0.0
gradient_boosting,cat__site_project_x_county_kartepe::kartepe_kent_merkezinde__kartepe,0.0
gradient_boosting,cat__site_project_x_county_kartepe::kartepe_kent_meydaninda__kartepe,0.0
gradient_boosting,cat__site_project_x_county_kartepe::kartepe_konaklari__kartepe,0.0
gradient_boosting,cat__site_project_x_county_kartepe::kartepe_konutlari_2__kartepe,0.0
gradient_boosting,cat__site_project_x_county_kartepe::kartepe_kosekoy__kartepe,0.0
gradient_boosting,cat__site_project_x_county_kartepe::kartepe_meridyen__kartepe,0.0
gradient_boosting,cat__site_project_x_county_kartepe::kartepe_premium__kartepe,0.0
gradient_boosting,cat__site_project_x_county_kartepe::kartepe_serender_park__kartepe,0.0
gradient_boosting,cat__site_project_x_county_kartepe::kartepe_stone_suite__kartepe,0.0
gradient_boosting,cat__site_project_x_county_kartepe::kaymakamlik_belediye_yani_tower__kartepe,0.0
gradient_boosting,cat__site_project_x_county_kartepe::kent_meydaninda_1_99_krediyle__kartepe,0.0
gradient_boosting,cat__site_project_x_county_kartepe::konak__kartepe,0.0
gradient_boosting,cat__site_project_x_county_kartepe::korhandan_kent__kartepe,0.0
gradient_boosting,cat__site_project_x_county_kartepe::krediye_eminevime_uygun_butik__kartepe,0.0
gradient_boosting,cat__site_project_x_county_kartepe::mahal_kartepe__kartepe,0.0
gradient_boosting,cat__site_project_x_county_kartepe::marmara_34__kartepe,0.0
gradient_boosting,cat__site_project_x_county_kartepe::masal__kartepe,0.0
gradient_boosting,cat__site_project_x_county_kartepe::meltem__kartepe,0.0
gradient_boosting,cat__site_project_x_county_kartepe::mercan__kartepe,0.0
gradient_boosting,cat__site_project_x_county_kartepe::meridyen_elite__kartepe,0.0
gradient_boosting,cat__site_project_x_county_kartepe::merkezi_konum_havuzlu_ve_asansorlu__kartepe,0.0
gradient_boosting,cat__site_project_x_county_kartepe::mk_elegance__kartepe,0.0
gradient_boosting,cat__site_project_x_county_kartepe::mk_konsept_1__kartepe,0.0
gradient_boosting,cat__site_project_x_county_kartepe::modern_2__kartepe,0.0
gradient_boosting,cat__site_project_x_county_kartepe::mona_vadi__kartepe,0.0
gradient_boosting,cat__site_project_x_county_kartepe::mrs_konaklari__kartepe,0.0
gradient_boosting,cat__site_project_x_county_kartepe::my_life_kartepe__kartepe,0.0
gradient_boosting,cat__site_project_x_county_kartepe::my_world_kartepe__kartepe,0.0
gradient_boosting,cat__site_project_x_county_kartepe::neff_vizyon__kartepe,0.0
gradient_boosting,cat__site_project_x_county_kartepe::new_life_kartepe__kartepe,0.0
gradient_boosting,cat__site_project_x_county_kartepe::on_cephe__kartepe,0.0
gradient_boosting,cat__site_project_x_county_kartepe::onur__kartepe,0.0
gradient_boosting,cat__site_project_x_county_kartepe::ozdilek_atakent__kartepe,0.0
gradient_boosting,cat__site_project_x_county_kartepe::pakmaya_deprem__kartepe,0.0
gradient_boosting,cat__site_project_x_county_kartepe::pasa_park_evleri_12__kartepe,0.0
gradient_boosting,cat__site_project_x_county_kartepe::pasa_park_evleri_13__kartepe,0.0
gradient_boosting,cat__site_project_x_county_kartepe::pasapark_evleri_12__kartepe,0.0
gradient_boosting,cat__site_project_x_county_kartepe::remax_myra_dan_kartepe_fsm_de__kartepe,0.0
gradient_boosting,cat__site_project_x_county_kartepe::ritim_kartepe__kartepe,0.0
gradient_boosting,cat__site_project_x_county_kartepe::rose_garden__kartepe,0.0
gradient_boosting,cat__site_project_x_county_kartepe::saglik_kent__kartepe,0.0
gradient_boosting,cat__site_project_x_county_kartepe::sarimese_konaklari__kartepe,0.0
gradient_boosting,cat__site_project_x_county_kartepe::sehri_elizan_evleri_2__kartepe,0.0
gradient_boosting,cat__site_project_x_county_kartepe::sifir__kartepe,0.0
gradient_boosting,cat__site_project_x_county_kartepe::son_kartepe_fsm__kartepe,0.0
gradient_boosting,cat__site_project_x_county_kartepe::son_kartepe_fsm_akev__kartepe,0.0
gradient_boosting,cat__site_project_x_county_kartepe::sudeks_buse_kent__kartepe,0.0
gradient_boosting,cat__site_project_x_county_kartepe::sudeks_busekent__kartepe,0.0
gradient_boosting,cat__site_project_x_county_kartepe::sudeks_dorukkent_sitesi_1__kartepe,0.0
gradient_boosting,cat__site_project_x_county_kartepe::sudeks_dorukkent_sitesi_2__kartepe,0.0
gradient_boosting,cat__site_project_x_county_kartepe::sultan_mehmet__kartepe,0.0
gradient_boosting,cat__site_project_x_county_kartepe::tac_yaprak__kartepe,0.0
gradient_boosting,cat__site_project_x_county_kartepe::tuana__kartepe,0.0
gradient_boosting,cat__site_project_x_county_kartepe::tuana_evleri_1__kartepe,0.0
gradient_boosting,cat__site_project_x_county_kartepe::vefakent_gulbahce__kartepe,0.0
gradient_boosting,cat__site_project_x_county_kartepe::vefakent_saklibahce__kartepe,0.0
gradient_boosting,cat__site_project_x_county_kartepe::yagmur_dan__kartepe,0.0
gradient_boosting,cat__site_project_x_county_kartepe::yatirimlik_kiracili__kartepe,0.0
gradient_boosting,cat__site_project_x_county_kartepe::yelkent_vaha__kartepe,0.0
gradient_boosting,cat__site_project_x_county_kartepe::yonca__kartepe,0.0
gradient_boosting,cat__site_project_x_county_kartepe::yuksek_kredili_butik__kartepe,0.0
gradient_boosting,cat__site_project_x_county_kartepe::zaferan__kartepe,0.0
gradient_boosting,cat__site_project_x_county_kartepe::zeray_effect_kartepe__kartepe,0.0
gradient_boosting,cat__site_project_x_county_kartepe::zeray_esil__kartepe,0.0
gradient_boosting,cat__site_project_x_county_kartepe::zeray_esil_kartepe__kartepe,0.0
gradient_boosting,cat__site_project_x_county_kartepe::zeray_forum_anatolia__kartepe,0.0
gradient_boosting,cat__site_project_x_county_kartepe::zeray_mahal_kartepe__kartepe,0.0
gradient_boosting,cat__site_project_x_county_missing__basiskele,0.0
gradient_boosting,cat__site_project_x_county_missing__golcuk,0.0
gradient_boosting,cat__site_project_x_county_missing__izmit,0.0
gradient_boosting,cat__site_project_x_county_missing__karamursel,0.0
gradient_boosting,cat__site_project_x_county_missing__kartepe,0.0
