county,n,mape,mae,mean_bias,r2
Başiskele,919,0.10757159863861498,4430.468840784763,-443.95296653648063,0.491109284737446
