district,sale_pred_old,sale_pred_new,sale_diff_tl_m2,sale_diff_pct,warning
missing,25936.799896040426,33773.59576472618,7836.795868685756,0.3021496830795283,
