county,n,mape,mae,mean_bias,r2
Başiskele,919,0.11365886505317788,4694.834532894347,-428.3857343868999,0.43964980422120603
