county,n,mape,mae,mean_bias,r2
Başiskele,919,0.11058232849855693,4555.447227955811,-421.4551295521759,0.4639455619857922
