district,sale_pred_old,sale_pred_new,sale_diff_tl_m2,sale_diff_pct,warning
missing,26462.06454719504,34684.9451001043,8222.880552909257,0.3107422150771254,
