county,n,mape,mae,mean_bias,r2
Başiskele,919,0.11009354581006575,4540.509988253899,-428.185833107409,0.4675555260152189
