model,feature,importance
extra_trees,num__district_m2_group_target_median,0.06042982297870547
extra_trees,num__is_old_building,0.045206855139552124
extra_trees,num__district_room_count_target_median,0.03797847088717297
extra_trees,cat__elevator_Var,0.015325307590854483
extra_trees,num__attr_is_old_building,0.013710818619245595
extra_trees,num__attr_effect_building_age_bucket,0.012349994648331176
extra_trees,num__attr_has_elevator,0.012257663776553598
extra_trees,num__location_baseline_log,0.011854370812781062
extra_trees,cat__detail_konut_tipi_Ara Kat,0.011681066410702658
extra_trees,num__location_baseline_m2,0.011632703572191462
extra_trees,num__detail_effect_subtype_mean,0.009879988799893902
extra_trees,num__attr_building_age_score,0.009829526276892925
extra_trees,num__attr_m2_per_room,0.009664252934373202
extra_trees,num__detail_effect_subtype_sum,0.009341142615124228
extra_trees,num__building_age,0.009158260545840511
extra_trees,cat__usage_status_Mülk Sahibi,0.008868877189919107
extra_trees,num__attr_total_quality_score,0.0088471278053663
extra_trees,num__estimated_monthly_rent_gross,0.00831366274721841
extra_trees,num__attr_compactness_score,0.008028392433672952
extra_trees,num__trend_sale_m2,0.007246928635341109
extra_trees,num__dues,0.006750037011818438
extra_trees,num__detail_effect_total_mean,0.00626794996248096
extra_trees,cat__demo_dominant_age_group_65+,0.006194543065193218
extra_trees,num__trend_yield,0.005908059841904533
extra_trees,num__distance_to_coast_x_near_sea_zero,0.005679315372995142
extra_trees,num__detail_effect_outside_x_attr_quality,0.005619003793673003
extra_trees,num__detail_effect_total_x_attr_quality,0.005238513602876706
extra_trees,num__gross_m2,0.005191500490830463
extra_trees,num__attr_effect_elevator,0.005057049589105276
extra_trees,num__detail_effect_outside_sum,0.004807848081281165
extra_trees,num__district_target_mean,0.004782230437762761
extra_trees,cat__heating_Kombi (Doğalgaz),0.004685893712348401
extra_trees,num__location_baseline_vs_trend,0.0046260808105256
extra_trees,num__total_floors,0.004507226843922302
extra_trees,num__detail_effect_inside_x_attr_quality,0.004441061963733845
extra_trees,num__attr_effect_total_quality_bucket,0.0044224789516445545
extra_trees,num__detail_effect_outside_mean,0.004419456602804772
extra_trees,num__net_m2,0.004379866614693858
extra_trees,num__demo_age_65_plus,0.004370583082702123
extra_trees,cat__parking_Açık Otopark,0.004223543768610755
extra_trees,num__detail_effect_total_sum,0.004217741290168536
extra_trees,num__detail_effect_inside_sum,0.004180111320826332
extra_trees,num__bearing_from_district_centroid_cos,0.00411335297679033
extra_trees,num__bearing_from_district_centroid_sin,0.0041122819637869025
extra_trees,num__bathroom_count,0.004082840832784718
extra_trees,num__detail_effect_inside_mean,0.00406475241010064
extra_trees,num__demo_divorced_ratio,0.0040423375181868546
extra_trees,num__attr_is_mid_age_building,0.004001505310285877
extra_trees,num__distance_to_coast_x_large_home,0.003997238489208179
extra_trees,num__detail_effect_county_total_sum,0.003948405993256677
extra_trees,num__demo_old_ratio,0.0039266487365877565
extra_trees,num__attr_compact_home_x_quality,0.003855680331638497
extra_trees,num__location_baseline_level_code,0.0038473836064066903
extra_trees,num__detail_effect_district_total_sum,0.0037452602639102945
extra_trees,num__attr_net_gross_ratio,0.003588960383074274
extra_trees,cat__usage_status_Boş,0.003567094300899657
extra_trees,num__attr_building_age_inverse,0.003567028432249546
extra_trees,num__attr_quality_x_location_baseline,0.0035085868506430323
extra_trees,num__net_gross_ratio,0.003495175488375147
extra_trees,num__attr_quality_x_county_income,0.0034267039625937015
extra_trees,num__remaining_floors,0.0032627290073097767
extra_trees,num__district_room_rent_m2_count,0.0030482294625029595
extra_trees,cat__elevator_Yok,0.0029706369920329367
extra_trees,num__floor_num,0.0029525038524852863
extra_trees,num__location_baseline_count,0.0029306802429288313
extra_trees,num__attr_quality_x_demo_income,0.002920941690589416
extra_trees,num__detail_effect_front_sum,0.002794966065916035
extra_trees,num__basiskele_detail_group_bucket_median,0.002785825013754606
extra_trees,num__detail_effect_front_mean,0.0027799877515758877
extra_trees,num__district_m2_group_rent_m2_median,0.0027512713663215655
extra_trees,num__district_m2_group_rent_m2_count,0.0027511915330200353
extra_trees,cat__m2_group_126-150,0.0027475615105774665
extra_trees,num__large_home_m2_excess,0.0027408447725044346
extra_trees,num__detail_inside_count,0.0027357727500222574
extra_trees,num__distance_to_district_centroid_m,0.002725579342824802
extra_trees,num__detail_near_count,0.0027231227968097715
extra_trees,num__detail_front_count,0.0026964176467313087
extra_trees,num__distance_to_coast_x_view_sea,0.002684396236945225
extra_trees,num__detail_effect_view_mean,0.0026719613504575064
extra_trees,cat__usage_status_Kiracılı,0.002655643044512486
extra_trees,num__bearing_from_county_centroid_cos,0.0026538438411668618
extra_trees,num__detail_transport_count,0.0026465172601138906
extra_trees,cat__m2_group_101-125,0.0026417831997325556
extra_trees,num__attr_floor_ratio,0.002610515163307512
extra_trees,num__detail_effect_view_x_location_baseline,0.002604795592879345
extra_trees,num__floor_ratio,0.002596899825486033
extra_trees,cat__room_count_3+1,0.0025929875743047563
extra_trees,num__detail_effect_negative_count,0.0025770898104758642
extra_trees,num__nearby_score,0.0025580808763359356
extra_trees,num__detail_effect_view_sum,0.002534449216250186
extra_trees,num__detail_effect_total_abs_sum,0.0024380882731662996
extra_trees,cat__kitchen_Açık (Amerikan),0.002401061365550744
extra_trees,cat__coast_distance_bucket_500_1000,0.002393760583750446
extra_trees,cat__kitchen_Kapalı,0.0023685013903521034
extra_trees,num__inside_quality_score,0.002341010742434223
extra_trees,cat__building_age_group_21-25 arası,0.002338198295131557
extra_trees,cat__floor_segment_Zemin/Giriş,0.002334780587014459
extra_trees,num__lat_centered_county,0.0023114263015653774
extra_trees,cat__building_age_group_0 (Oturuma Hazır),0.0023083238035447465
extra_trees,num__attr_amenity_score,0.0022964471154997396
extra_trees,num__distance_to_geo_cluster_center_m,0.0022934742684541276
extra_trees,num__front_score,0.0022908495904022633
extra_trees,num__detail_effect_level_code,0.002275983272515827
extra_trees,num__demo_widow_ratio,0.0022548202041958007
extra_trees,num__transport_score,0.002251230736909496
extra_trees,num__demo_population_density,0.002235905267770702
extra_trees,num__attr_quality_x_district_median,0.0022027011062179754
extra_trees,num__location_quality_x_detail_effect_total,0.0021784800955761577
extra_trees,num__estimated_rent_m2_gross,0.0021722675877050156
extra_trees,num__distance_to_county_centroid_m,0.0021716059935215854
extra_trees,num__detail_outside_count,0.002120465091306874
extra_trees,num__accessibility_score,0.0021190193383676245
extra_trees,num__attr_is_new_building,0.0021081407741246664
extra_trees,num__outside_quality_score,0.002095269231265831
extra_trees,num__detail_view_count,0.00209320155982495
extra_trees,num__attr_is_middle_floor,0.0020930403676921107
extra_trees,num__bearing_from_county_centroid_sin,0.002080105056548677
extra_trees,num__detail_effect_positive_count,0.002027661001781366
extra_trees,num__detail_effect_nearby_mean,0.002023654846352954
extra_trees,num__attr_net_gross_good,0.0020116820380431826
extra_trees,num__county_room_count_target_median,0.0020052304486089774
extra_trees,num__detail_selected_count,0.0020000708120850863
extra_trees,num__detail_effect_nearby_sum,0.0019852072620200494
extra_trees,num__site_security_score,0.0019830348691367338
extra_trees,num__district_room_rent_m2_median,0.001981250326863544
extra_trees,num__view_score,0.0019803893932086474
extra_trees,cat__detail_konut_tipi_missing,0.001969859706363531
extra_trees,num__detail_quality_score,0.0019550244501245887
extra_trees,num__large_home_log_m2,0.0019468323198727478
extra_trees,num__district_target_median,0.0019448914405020144
extra_trees,cat__detail_cephe_missing,0.0019444912544777464
extra_trees,cat__parking_Kapalı Otopark,0.0019203826524107548
extra_trees,num__detail_effect_transport_sum,0.0019098712356756282
extra_trees,num__detail_effect_transport_mean,0.0018804697021449742
extra_trees,num__distance_to_coastline_m,0.001880208251552415
extra_trees,cat__m2_group_76-100,0.0018630593802021905
extra_trees,num__attr_effect_site_inside,0.0018597045472976803
extra_trees,cat__detail_manzara_Şehir,0.0018558120274732735
extra_trees,num__demo_household_size,0.0018486415410972708
extra_trees,cat__heating_Yerden Isıtma,0.0018251576193215394
extra_trees,num__detail_effect_used_count,0.0018223069920186106
extra_trees,num__demo_old_ratio_diff_county,0.0018156562805704938
extra_trees,cat__detail_cephe_Doğu|Güney,0.0017743150293969509
extra_trees,cat__district_Cumhuriyet Mah.,0.0017670506744333879
extra_trees,num__attr_old_building_x_no_elevator,0.0017643851821827405
extra_trees,cat__parking_Açık & Kapalı Otopark,0.0017422107662039077
extra_trees,cat__m2_group_200+,0.0017415006815683699
extra_trees,num__lat,0.0017378723428915616
extra_trees,num__demo_age_65_plus_count,0.0017165553870263505
extra_trees,cat__coast_distance_bucket_1000_3000,0.0017093705232493674
extra_trees,num__lon_centered_county,0.0016918187663810095
extra_trees,cat__building_age_group_6-10 arası,0.0016904066964119053
extra_trees,num__lat_centered_city,0.0016819262066846835
extra_trees,cat__floor_segment_Ara Kat,0.0016673868011391035
extra_trees,cat__detail_cephe_Batı|Güney,0.0016587590489541917
extra_trees,num__attr_heating_quality_score,0.0016549855176755932
extra_trees,num__large_home_quality_x_m2,0.0016501239561244176
extra_trees,num__demo_age_0_14,0.0016434820521247836
extra_trees,num__large_home_room_density,0.0016408888895238585
extra_trees,cat__room_count_2+1,0.0016335856234174235
extra_trees,num__large_home_net_gross_quality,0.0016301997685885944
extra_trees,num__attr_floor_quality_score,0.0016129248944969402
extra_trees,num__large_home_detail_premium_x_m2,0.001611339131208091
extra_trees,cat__site_project_match_source_site_name,0.001590147163427855
extra_trees,num__is_middle_floor,0.001584194364581718
extra_trees,num__attr_large_home_x_quality,0.0015779345033994881
extra_trees,num__demo_ses_d_ratio,0.001574294820677753
extra_trees,num__attr_new_building_x_site_inside,0.0015621744795449144
extra_trees,num__attr_is_ground_or_below,0.0015480624995694036
extra_trees,num__trend_sale_annual_change,0.0015409826705308268
extra_trees,num__demo_age_55_64,0.0015298765547180784
extra_trees,num__demo_pharmacy_count,0.0014902772694825202
extra_trees,num__is_new_building,0.0014742065832248855
extra_trees,cat__furnished_Hayır,0.0014668041784374568
extra_trees,num__attr_net_gross_bad,0.0014611590890790587
extra_trees,num__demo_pharmacy_per_10k,0.0014407844232436412
extra_trees,cat__demo_dominant_age_group_35-39,0.0014226468943487015
extra_trees,num__basiskele_district_premium_bucket_mean,0.0014218202373817673
extra_trees,num__distance_to_kullar_m,0.0014139149806016618
extra_trees,num__district_rent_m2_median,0.0014125362763752773
extra_trees,num__distance_to_golcuk_center_m,0.001404007327677537
extra_trees,num__district_rent_m2_mean,0.0013983799529913004
extra_trees,cat__coast_distance_bucket_3000_plus,0.0013969756891884556
extra_trees,num__demo_married_count,0.0013924915236493154
extra_trees,num__attr_is_young_building,0.0013535947998085636
extra_trees,num__distance_to_basiskele_coast_m,0.0013418467140343454
extra_trees,num__distance_to_izmit_center_m,0.001341240802798066
extra_trees,num__demo_car_per_capita,0.0013409608723734371
extra_trees,cat__detail_cephe_Batı|Doğu|Güney|Kuzey,0.0013359557311959653
extra_trees,cat__site_project_x_county_missing__izmit,0.001333995000122519
extra_trees,cat__detail_manzara_Park & Yeşil Alan|Şehir,0.001328349996595722
extra_trees,num__demo_residential_density,0.0013283466027083344
extra_trees,num__distance_to_sahil_m,0.001327177957801349
extra_trees,cat__geo_cluster_county_Karamürsel_0,0.0013236910523915638
extra_trees,cat__detail_cephe_Batı|Doğu|Güney,0.0013159982181407727
extra_trees,num__distance_to_bahcecik_m,0.0013144504957929783
extra_trees,num__demo_age_45_54,0.0013133229449208202
extra_trees,num__demo_married_ratio,0.0013048980744825838
extra_trees,cat__detail_cephe_Güney,0.0013005261061383247
extra_trees,num__demo_vehicle_per_capita,0.00129902961872656
extra_trees,num__trend_rent_m2,0.001289212321664546
extra_trees,cat__detail_manzara_Deniz,0.0012832188211529196
extra_trees,num__demo_middle_ratio,0.0012777628887873371
extra_trees,num__district_rent_m2_count,0.001274924069947232
extra_trees,num__demo_education_high_school_ratio,0.0012689638895383906
extra_trees,num__distance_to_yuvacik_m,0.0012620803985679374
extra_trees,cat__detail_konut_tipi_En Üst Kat,0.0012577375374770875
extra_trees,cat__detail_manzara_missing,0.001256101055943786
extra_trees,num__distance_to_karamursel_center_m,0.001243095259014756
extra_trees,num__demo_old_count,0.001234095185141473
extra_trees,cat__detail_manzara_Doğa|Park & Yeşil Alan|Şehir,0.0012279606290135042
extra_trees,num__trend_price_change_sale,0.0012246871120059786
extra_trees,num__lon,0.0012193887479855043
extra_trees,num__is_large_flat,0.0012169834348173731
extra_trees,cat__coast_distance_bucket_0_500,0.00121378140807113
extra_trees,cat__detail_konut_tipi_Çatı Dubleksi,0.0012057355542625856
extra_trees,num__trend_count_sale,0.0012035605527502794
extra_trees,num__trend_listing_period_sale,0.0012031405529326373
extra_trees,cat__m2_group_151-200,0.0011949592887455034
extra_trees,cat__basiskele_geo_cluster_x_m2_group_Başiskele_5||200+,0.0011945962331273402
extra_trees,cat__building_age_group_11-15 arası,0.0011911569277129562
extra_trees,num__lon_centered_city,0.0011907290280832618
extra_trees,num__rooms,0.0011699737397803298
extra_trees,num__demo_age_35_44_count,0.0011693238044407552
extra_trees,cat__geo_cluster_x_room_count_city_5||3+1,0.0011690903596930605
extra_trees,num__demo_divorced_count,0.0011660940395342673
extra_trees,num__district_rent_m2_cv,0.001165604356197369
extra_trees,num__demo_atm_count,0.0011547927006719115
extra_trees,num__is_ground_floor,0.001151507576867691
extra_trees,num__demo_middle_count,0.0011484469794551247
extra_trees,num__demo_age_35_44,0.0011422211135401728
extra_trees,num__demo_education_non_literate_ratio,0.0011292371642619213
extra_trees,num__demo_workplace_density,0.0011275201526052127
extra_trees,cat__detail_manzara_Deniz|Doğa|Park & Yeşil Alan|Şehir,0.0011199809579980097
extra_trees,cat__heating_Merkezi,0.001115189983357323
extra_trees,num__demo_widow_count,0.0011145072548038757
extra_trees,num__demo_education_primary_school_ratio,0.0011029798065954883
extra_trees,num__demo_male_ratio,0.0011025892449498457
extra_trees,num__demo_density_vs_county,0.0010943146803152918
extra_trees,num__demo_young_ratio_diff_county,0.001085562581794307
extra_trees,cat__detail_konut_tipi_Bahçe Dubleksi,0.0010796794111756966
extra_trees,cat__detail_manzara_Park & Yeşil Alan,0.0010715306733339858
extra_trees,num__total_room_score,0.0010692446686987912
extra_trees,num__demo_population_female,0.001066848129197656
extra_trees,num__demo_young_ratio,0.0010629936993714866
extra_trees,cat__geo_cluster_x_room_count_city_8||3+1,0.0010617720234573271
extra_trees,num__demo_income_vs_county,0.0010575891768285584
extra_trees,cat__detail_cephe_Batı|Doğu,0.001056530579961573
extra_trees,num__attr_effect_parking,0.0010537831287779865
extra_trees,num__district_rent_m2_iqr,0.00105341205143946
extra_trees,num__basiskele_district_premium_bucket_median,0.0010515156187566313
extra_trees,num__demo_atm_per_10k,0.0010473298523677268
extra_trees,cat__site_inside_Hayır,0.0010441169191051424
extra_trees,num__demo_age_0_14_count,0.0010434387825628269
extra_trees,num__demo_age_25_34,0.0010379353725355703
extra_trees,num__demo_female_ratio,0.0010378725289433136
extra_trees,cat__geo_cluster_county_İzmit_0,0.0010354675834325178
extra_trees,num__demo_education_doctorate_count,0.0010306822701230285
extra_trees,num__demo_ses_b_ratio,0.0010206988218338438
extra_trees,num__distance_to_coast_x_site_inside,0.0010112696919205501
extra_trees,num__is_top_floor,0.0009997691501504018
extra_trees,cat__floor_segment_En Üst Kat,0.0009985733013687507
extra_trees,num__demo_education_primary_education_ratio,0.0009915250942427788
extra_trees,num__demo_workplace_count,0.0009835070864200237
extra_trees,num__demo_age_15_24,0.000978944375715404
extra_trees,num__attr_is_top_floor,0.0009654036849919231
extra_trees,num__demo_education_total,0.0009564464926502153
extra_trees,num__demo_age_45_54_count,0.0009557028883082505
extra_trees,num__demo_ses_cd_diff_county,0.0009519589064083639
extra_trees,num__attr_effect_heating_quality_bucket,0.0009359293358081046
extra_trees,cat__parking_Yok,0.0009237486468913561
extra_trees,num__site_project_known_premium_flag,0.000923095968066481
extra_trees,num__demo_ses_d_count,0.0009215055918084407
extra_trees,num__demo_ses_a_ratio,0.0009139398054850681
extra_trees,cat__floor_segment_Çatı,0.0009129641271969208
extra_trees,num__basiskele_detail_inside_premium_signal,0.0009121989610519259
extra_trees,cat__floor_segment_Bahçe,0.0009076068003048726
extra_trees,num__demo_education_primary_school_count,0.0008970137364453596
extra_trees,num__demo_single_ratio,0.0008946977570337502
extra_trees,num__demo_household_count,0.0008893540986501095
extra_trees,num__demo_household_income_vs_county,0.000881580183931002
extra_trees,cat__building_age_group_1,0.0008799252720437308
extra_trees,cat__building_age_group_16-20 arası,0.000878416707446077
extra_trees,num__is_small_flat,0.0008764561407026939
extra_trees,num__demo_ses_cd_ratio,0.0008752244915707937
extra_trees,num__demo_population_total,0.0008724699176253837
extra_trees,num__attr_has_parking,0.0008711883561252947
extra_trees,num__demo_education_unknown_ratio,0.000870889192700331
extra_trees,num__demo_ses_ab_ratio,0.0008707953049657912
extra_trees,cat__geo_cluster_x_room_count_city_8||2+1,0.00086780373635037
extra_trees,num__demo_university_diff_county,0.000866281009748194
extra_trees,cat__detail_cephe_Batı|Kuzey,0.0008644079331947486
extra_trees,num__demo_high_school_diff_county,0.0008622031319489734
extra_trees,num__demo_ses_ab_diff_county,0.0008582928824931776
extra_trees,cat__geo_cluster_x_room_count_missing||3+1,0.0008546991853020981
extra_trees,num__demo_per_capita_income_try,0.000854365548635403
extra_trees,num__demo_ses_c_ratio,0.0008472693865791124
extra_trees,num__demo_education_university_ratio,0.0008464845024231442
extra_trees,cat__m2_group_0-75,0.0008432752861224622
extra_trees,num__demo_household_income_try,0.0008380776636872251
extra_trees,cat__detail_manzara_Doğa|Park & Yeşil Alan,0.0008338202076288243
extra_trees,num__demo_ses_a_plus_ratio,0.0008307972812579218
extra_trees,cat__district_Alikahya Fatih Mah.,0.0008097228474441006
extra_trees,cat__detail_manzara_Deniz|Park & Yeşil Alan|Şehir,0.0008090463755844038
extra_trees,cat__site_project_id_missing,0.0008066682523132512
extra_trees,num__demo_education_graduate_ratio,0.0007998658806994011
extra_trees,cat__building_age_group_5,0.0007973997945397849
extra_trees,cat__site_project_match_source_missing,0.0007960019171171559
extra_trees,cat__room_count_4+1,0.0007918243949515068
extra_trees,num__trend_count_rent,0.000791672893336232
extra_trees,num__large_home_site_x_m2,0.0007908817434823596
extra_trees,cat__site_project_id_county_scoped_missing,0.0007898717096557327
extra_trees,num__demo_age_55_64_count,0.0007888064517325674
extra_trees,num__demo_ses_a_plus_count,0.0007849522172315713
extra_trees,num__demo_education_high_school_count,0.0007731483540387469
extra_trees,cat__detail_cephe_Güney|Kuzey,0.0007695217851120102
extra_trees,cat__detail_cephe_Batı|Doğu|Kuzey,0.0007666167312264055
extra_trees,num__detail_subtype_count,0.0007652236491075865
extra_trees,cat__geo_cluster_city_city_5,0.000763659808697378
extra_trees,cat__detail_cephe_Doğu|Kuzey,0.0007600928086802072
extra_trees,cat__detail_konut_tipi_Dubleks,0.0007586704271328627
extra_trees,cat__geo_cluster_x_room_count_city_7||3+1,0.0007584621826857553
extra_trees,cat__geo_cluster_county_İzmit_1,0.0007579617375765272
extra_trees,cat__site_project_x_county_missing__golcuk,0.0007519957702457986
extra_trees,num__demo_education_university_count,0.0007449998269369641
extra_trees,cat__furnished_Evet,0.0007447371598744877
extra_trees,cat__heating_Merkezi (Pay Ölçer),0.0007433226407371814
extra_trees,cat__detail_cephe_Batı,0.0007394372301449586
extra_trees,cat__geo_cluster_city_city_8,0.000735005561983924
extra_trees,cat__geo_cluster_x_room_count_city_10||3+1,0.0007347726076344633
extra_trees,cat__rent_feature_level_district_room,0.0007273285687368256
extra_trees,cat__site_project_match_source_title,0.0007194994225641225
extra_trees,num__demo_education_graduate_count,0.0007194878545814697
extra_trees,num__basiskele_detail_subtype_premium_signal,0.0007191827236281974
extra_trees,num__demo_education_doctorate_ratio,0.0007183307413831878
extra_trees,num__demo_population_male,0.00071780254147506
extra_trees,num__demo_ses_a_count,0.0007110602117980393
extra_trees,num__demo_ses_b_count,0.0007106796839295648
extra_trees,num__demo_age_25_34_count,0.0007060127162248633
extra_trees,cat__demo_dominant_age_group_40-44,0.0007035208400782961
extra_trees,num__demo_education_middle_school_ratio,0.0007019512247786071
extra_trees,cat__geo_cluster_x_room_count_city_1||3+1,0.0006965255661119728
extra_trees,num__demo_car_count,0.0006909298654032127
extra_trees,cat__detail_cephe_Doğu,0.0006887870039141103
extra_trees,cat__site_inside_Evet,0.0006844442373301371
extra_trees,num__attr_is_furnished,0.0006832399258083522
extra_trees,cat__geo_cluster_x_room_count_missing||2+1,0.0006807771893067212
extra_trees,cat__geo_cluster_county_other,0.0006798820602593307
extra_trees,num__attr_is_site_inside,0.0006793751598344333
extra_trees,num__demo_ses_c_count,0.0006574933488843503
extra_trees,num__basiskele_has_inside_luxury_signal,0.0006540571754539568
extra_trees,num__demo_education_middle_school_count,0.0006519373758629607
extra_trees,num__basiskele_detail_total_premium_signal,0.0006494039472587708
extra_trees,num__demo_vehicle_count,0.0006461765656066827
extra_trees,num__demo_bank_per_10k,0.0006410833596450606
extra_trees,cat__detail_manzara_Deniz|Şehir,0.0006307037888813679
extra_trees,num__demo_young_count,0.0006049232555183956
extra_trees,cat__detail_manzara_Doğa|Şehir,0.0006021522701744565
extra_trees,cat__geo_cluster_x_room_count_city_7||2+1,0.0006016837621392989
extra_trees,cat__building_age_group_3,0.0005975276940159129
extra_trees,num__demo_bank_count,0.0005956879992368413
extra_trees,cat__geo_cluster_x_room_count_city_2||3+1,0.0005956057093761913
extra_trees,cat__demo_dominant_age_group_30-34,0.0005953032210747587
extra_trees,cat__geo_cluster_x_room_count_city_3||3+1,0.0005928543555833547
extra_trees,cat__geo_cluster_city_city_3,0.0005844148813768529
extra_trees,num__demo_summer_house_count,0.0005747904746948762
extra_trees,cat__building_age_group_2,0.0005720565927614157
extra_trees,cat__geo_cluster_county_İzmit_2,0.0005713268332071892
extra_trees,cat__site_project_x_county_missing__kartepe,0.0005696335771971742
extra_trees,num__basiskele_premium_bucket_mid,0.0005653002218422201
extra_trees,cat__district_Değirmendere Yalı Mh.,0.0005617558601411591
extra_trees,num__demo_residential_count,0.0005593294079019179
extra_trees,cat__geo_cluster_county_Gölcük_3,0.0005589195533494492
extra_trees,cat__furnished_Belirtilmemiş,0.000546890580035242
extra_trees,cat__site_project_x_county_izmit::other__izmit,0.000540295297822369
extra_trees,cat__detail_cephe_Doğu|Güney|Kuzey,0.0005377156474507052
extra_trees,cat__geo_cluster_county_İzmit_3,0.0005361218647804735
extra_trees,num__demo_age_15_24_count,0.0005264332257470892
extra_trees,cat__geo_cluster_city_city_10,0.0005248934305583202
extra_trees,cat__building_age_group_0 (Yapım Aşamasında),0.000519890596213919
extra_trees,num__basiskele_has_pool_signal,0.000517131940453496
extra_trees,cat__geo_cluster_county_İzmit_4,0.000515510875488383
extra_trees,cat__site_project_id_izmit::other,0.0005126897993272582
extra_trees,cat__site_project_id_county_scoped_izmit::other,0.0005085690341415606
extra_trees,num__demo_never_married_count,0.0004969820163444264
extra_trees,num__basiskele_lat_lon_interaction,0.0004924114821244423
extra_trees,cat__district_Piyalepaşa Mh.,0.0004922466447437371
extra_trees,cat__geo_cluster_x_room_count_city_4||2+1,0.00048819410241607086
extra_trees,cat__demo_dominant_education_Lisans,0.00048299072881958897
extra_trees,cat__building_age_group_4,0.00047633768542688286
extra_trees,cat__district_Kavaklı Mh.,0.0004675733479798022
extra_trees,cat__geo_cluster_x_room_count_city_1||2+1,0.00045786389641924214
extra_trees,cat__detail_manzara_Doğa,0.0004574740869800949
extra_trees,num__basiskele_premium_x_new_building,0.00045381562057537965
extra_trees,cat__basiskele_geo_cluster_x_m2_group_Başiskele_4||126-150,0.00045361990067534344
extra_trees,num__attr_has_premium_heating,0.00045193825915714885
extra_trees,cat__district_Körfez Mh.,0.00044947741572754136
extra_trees,num__basiskele_detail_view_premium_signal,0.0004481856508383064
extra_trees,cat__district_Kadıköy Mh.,0.00044580821838987813
extra_trees,cat__rent_feature_level_district_m2_group,0.00044174455379988674
extra_trees,cat__district_Alikahya Atatürk Mh.,0.0004402186894049039
extra_trees,cat__building_age_group_26-30 arası,0.0004350121884536184
extra_trees,num__basiskele_premium_x_detail_view,0.0004319925033395426
extra_trees,cat__geo_cluster_county_İzmit_5,0.00043116920537479743
extra_trees,cat__balcony_Var,0.0004265278255683308
extra_trees,cat__geo_cluster_x_room_count_city_2||2+1,0.00042552181082437205
extra_trees,num__basiskele_premium_x_detail_outside,0.0004178187540231058
extra_trees,cat__demo_dominant_education_Lise,0.0004177719577244577
extra_trees,cat__geo_cluster_x_room_count_city_4||3+1,0.0004115352371150349
extra_trees,cat__balcony_Yok,0.0004090994955309175
extra_trees,num__attr_has_balcony,0.00040767745941093443
extra_trees,cat__site_project_x_county_missing__basiskele,0.00040633118446257066
extra_trees,cat__rent_feature_level_district,0.0004039908173047236
extra_trees,num__basiskele_premium_x_site_inside,0.0004038322718591953
extra_trees,cat__geo_cluster_x_room_count_city_3||2+1,0.00040034129665315015
extra_trees,num__basiskele_district_premium_bucket_count,0.000399529693741427
extra_trees,num__basiskele_detail_outside_premium_signal,0.0003951286570530234
extra_trees,cat__geo_cluster_x_room_count_city_0||3+1,0.00039477208348342394
extra_trees,num__large_home_basiskele_premium,0.00039437253789437345
extra_trees,cat__district_Donanma Mah.,0.0003934227730324643
extra_trees,num__basiskele_site_premium_signal,0.0003882042055391483
extra_trees,cat__detail_cephe_Batı|Güney|Kuzey,0.0003871480962367067
extra_trees,cat__demo_ses_group_B Grubu,0.00038499170485809014
extra_trees,cat__geo_cluster_x_room_count_city_6||3+1,0.0003845341195141719
extra_trees,num__basiskele_premium_x_gross_m2,0.0003838821690648207
extra_trees,cat__district_Yeni Mah.,0.00038338282806027013
extra_trees,num__basiskele_distance_to_coast_x_large_home,0.0003808825876055943
extra_trees,cat__district_Çayırköy Mh.,0.0003796248910830115
extra_trees,cat__building_age_group_31 ve üzeri,0.0003729168155980423
extra_trees,cat__detail_manzara_Deniz|Doğa|Şehir,0.00037223024011006197
extra_trees,cat__room_count_1+1,0.0003626925204201839
extra_trees,cat__geo_cluster_city_city_7,0.0003624203937269442
extra_trees,cat__detail_cephe_Kuzey,0.0003610415092787609
extra_trees,num__basiskele_premium_x_location_baseline,0.0003608683734761297
extra_trees,cat__geo_cluster_x_room_count_city_5||2+1,0.00035072871220624355
extra_trees,cat__geo_cluster_x_room_count_city_0||4+1,0.0003457351852169823
extra_trees,num__basiskele_premium_x_large_home,0.0003440628873572431
extra_trees,cat__geo_cluster_city_city_1,0.00033871042229591535
extra_trees,cat__site_project_id_basiskele::other,0.00033866079886111714
extra_trees,num__basiskele_premium_x_district_target_median,0.0003365291720252891
extra_trees,cat__geo_cluster_x_room_count_city_4||4+1,0.0003326847210256231
extra_trees,cat__basiskele_geo_cluster_Başiskele_4,0.00033262453202673387
extra_trees,cat__site_project_x_county_basiskele::other__basiskele,0.00032736629604849485
extra_trees,num__basiskele_premium_score,0.00032404367256224595
extra_trees,num__attr_county_elevator_premium,0.0003203909879960743
extra_trees,cat__district_Kocatepe Mah.,0.0003187870308914615
extra_trees,num__basiskele_has_view_signal,0.00031596895768462303
extra_trees,cat__site_project_id_kartepe::other,0.0003096527739195693
extra_trees,cat__detail_manzara_Deniz|Doğa,0.00030553288782653024
extra_trees,cat__site_project_id_county_scoped_kartepe::other,0.0002960047220792397
extra_trees,cat__basiskele_geo_cluster_x_m2_group_Başiskele_5||126-150,0.00029361579020912204
extra_trees,cat__site_project_id_county_scoped_basiskele::other,0.000293003346140381
extra_trees,cat__site_project_x_county_kartepe::other__kartepe,0.0002914121214605741
extra_trees,cat__district_Gündoğdu Mh.,0.00029065557147016054
extra_trees,cat__basiskele_geo_cluster_Başiskele_2,0.0002901208570416669
extra_trees,cat__geo_cluster_county_Başiskele_2,0.0002895335366153572
extra_trees,num__county_rent_m2_median,0.0002891777157251052
extra_trees,cat__heating_Doğalgaz Sobası,0.000286950126670324
extra_trees,cat__demo_dominant_age_group_25-29,0.0002857167003779455
extra_trees,num__attr_county_good_heating_premium,0.00028245351490826793
extra_trees,cat__geo_cluster_x_room_count_city_5||4+1,0.000276621886389216
extra_trees,num__basiskele_has_social_luxury_signal,0.00027522926594344076
extra_trees,cat__demo_dominant_age_group_45-49,0.00027456903917475275
extra_trees,num__attr_county_parking_premium,0.0002742358351819336
extra_trees,cat__site_project_x_county_missing__karamursel,0.00027391330024634984
extra_trees,cat__detail_manzara_Boğaz|Deniz|Doğa|Park & Yeşil Alan|Şehir,0.0002717121920844555
extra_trees,num__basiskele_has_security_signal,0.00026731047819356194
extra_trees,num__county_rent_m2_mean,0.00026685912686650503
extra_trees,cat__detail_konut_tipi_Dubleks|Bahçe Dubleksi,0.0002667239302012618
extra_trees,cat__geo_cluster_county_Başiskele_4,0.00026636899280751335
extra_trees,cat__site_project_x_county_golcuk::other__golcuk,0.0002624543498023648
extra_trees,cat__district_Hacıhızır Mh.,0.00025484321169733803
extra_trees,num__county_demo_population_density_median,0.0002511436514140361
extra_trees,cat__geo_cluster_city_city_6,0.0002489759670987517
extra_trees,num__county_demo_old_ratio_mean,0.00024771188331268923
extra_trees,cat__district_Şirintepe Mh.,0.00024714892742344635
extra_trees,cat__basiskele_geo_cluster_Başiskele_5,0.00024624334167053615
extra_trees,cat__geo_cluster_county_Başiskele_5,0.00024611809024891194
extra_trees,cat__site_project_id_golcuk::other,0.00024451085256060266
extra_trees,cat__geo_cluster_county_Başiskele_3,0.00024447439742918093
extra_trees,cat__basiskele_geo_cluster_x_m2_group_Başiskele_0||151-200,0.00024267661352325604
extra_trees,num__basiskele_distance_to_coast_x_quality,0.00024059526997961185
extra_trees,cat__geo_cluster_x_room_count_city_8||4+1,0.00024004826394180578
extra_trees,cat__district_Ataevler Mh.,0.0002395274735810118
extra_trees,cat__geo_cluster_county_Gölcük_1,0.00023945568896257776
extra_trees,num__basiskele_premium_bucket_county_median,0.00023552191806109753
extra_trees,cat__basiskele_geo_cluster_Başiskele_3,0.00023509842442553453
extra_trees,num__county_site_project_count,0.00023229320997426202
extra_trees,num__county_target_mean,0.00023112303161843494
extra_trees,num__basiskele_premium_bucket_low,0.00022958553887632082
extra_trees,num__basiskele_premium_bucket_county_mean,0.0002277668302168803
extra_trees,num__county_demo_pharmacy_count_sum,0.00022559498253778079
extra_trees,num__basiskele_premium_bucket_high,0.00022174526482745087
extra_trees,cat__site_project_id_county_scoped_golcuk::other,0.000218071960317209
extra_trees,cat__district_Döngel Mh.,0.00021313818240724795
extra_trees,cat__district_Turgut Mah.,0.00021248793768515766
extra_trees,cat__geo_cluster_x_room_count_city_0||2+1,0.00021200202569906541
extra_trees,num__attr_has_natural_gas_heating,0.00021120970547605213
extra_trees,cat__district_Topçular Mh.,0.00020900891965896064
extra_trees,cat__detail_konut_tipi_Dubleks|Çatı Dubleksi,0.00020878246869591256
extra_trees,cat__detail_manzara_Deniz|Doğa|Park & Yeşil Alan,0.00020604174416370542
extra_trees,cat__geo_cluster_x_room_count_city_3||4+1,0.0002039987627710162
extra_trees,num__county_demo_ses_ab_ratio_mean,0.0002033042982437629
extra_trees,num__county_demo_vehicle_count_sum,0.00020223741828889259
extra_trees,num__county_demo_workplace_count_sum,0.00020215970443764124
extra_trees,num__county_target_median,0.0001954012055935966
extra_trees,num__county_demo_population_density_mean,0.0001892723903693892
extra_trees,cat__basiskele_geo_cluster_x_m2_group_other||101-125,0.000187124664385459
extra_trees,cat__demo_ses_group_C Grubu,0.00018539456507663072
extra_trees,cat__geo_cluster_x_room_count_city_10||2+1,0.00018534682752247082
extra_trees,cat__geo_cluster_x_room_count_city_6||2+1,0.00018259879137939492
extra_trees,cat__demo_dominant_age_group_5-9,0.00018258724717753357
extra_trees,cat__geo_cluster_x_room_count_city_10||1+1,0.00018182155184178072
extra_trees,cat__basiskele_geo_cluster_x_m2_group_Başiskele_2||101-125,0.00018179993346365074
extra_trees,num__attr_county_new_building_premium,0.00018019872158129324
extra_trees,cat__site_project_id_karamursel::other,0.00017990265087930245
extra_trees,num__county_demo_education_high_school_ratio_mean,0.00017678933567045064
extra_trees,num__county_demo_ses_cd_ratio_mean,0.00017261398837205364
extra_trees,cat__site_project_id_county_scoped_karamursel::other,0.00017170226687845684
extra_trees,cat__site_project_x_county_karamursel::other__karamursel,0.00017117132788072777
extra_trees,cat__district_Yeşilyurt Mh.,0.00017046494233611116
extra_trees,cat__basiskele_geo_cluster_x_m2_group_Başiskele_2||126-150,0.00016973879899817527
extra_trees,num__county_demo_car_count_sum,0.00016959482804506051
extra_trees,num__county_demo_residential_count_sum,0.00016878326323891243
extra_trees,cat__geo_cluster_city_city_0,0.00016355674028073832
extra_trees,num__has_site_project_id,0.00016299044936656103
extra_trees,cat__geo_cluster_county_Karamürsel_1,0.00016212902064352916
extra_trees,cat__geo_cluster_x_room_count_missing||1+1,0.00015931926080549056
extra_trees,cat__location_precision_exact_map,0.0001518126736293819
extra_trees,cat__district_Paşadağ Mh.,0.00014959932880737175
extra_trees,cat__detail_manzara_Havuz|Park & Yeşil Alan|Şehir,0.0001488003897860149
extra_trees,cat__basiskele_geo_cluster_x_m2_group_Başiskele_2||151-200,0.0001473966178382592
extra_trees,num__attr_county_high_quality_premium,0.00014684862925195687
extra_trees,num__county_demo_married_ratio_mean,0.0001464453876107035
extra_trees,num__county_rent_m2_count,0.00014566633452142865
extra_trees,cat__basiskele_geo_cluster_x_m2_group_Başiskele_5||151-200,0.00014530187240138675
extra_trees,num__county_demo_education_university_ratio_mean,0.0001445743703762107
extra_trees,cat__district_Yahyakaptan Mah.,0.0001441355298152052
extra_trees,num__county_demo_single_ratio_mean,0.00014383261133750505
extra_trees,num__county_demo_population_total_sum,0.0001431773950398103
extra_trees,cat__basiskele_geo_cluster_x_m2_group_Başiskele_2||76-100,0.00014275518966073986
extra_trees,num__county_demo_household_size_mean,0.00014272589324225117
extra_trees,cat__geo_cluster_x_room_count_city_10||4+1,0.00014227324170566714
extra_trees,cat__geo_cluster_city_missing,0.00014203615507584453
extra_trees,cat__site_project_id_county_scoped_basiskele::yuvana_evleri,0.0001411032073258336
extra_trees,cat__geo_cluster_city_city_9,0.00014105200504182578
extra_trees,cat__basiskele_geo_cluster_x_m2_group_Başiskele_3||101-125,0.0001409705558660965
extra_trees,cat__district_Fatih Mah.,0.00014054276271768893
extra_trees,num__geo_context_has_approx_location,0.0001370599411126188
extra_trees,cat__basiskele_geo_cluster_other,0.00013661783929738662
extra_trees,num__coast_distance_bucket_code,0.0001365113247682075
extra_trees,cat__basiskele_geo_cluster_Başiskele_0,0.00013623960888457052
extra_trees,cat__geo_cluster_city_city_4,0.00013502831352252308
extra_trees,cat__demo_ses_group_A Grubu,0.00013445512941653035
extra_trees,num__attr_county_site_inside_premium,0.00013375599439704577
extra_trees,cat__district_Akpınar Mh.,0.00013173261595170258
extra_trees,num__has_lat_lon,0.0001317042156846909
extra_trees,cat__county_Kartepe,0.00013165654659237416
extra_trees,cat__geo_cluster_x_room_count_city_5||1+1,0.0001308218348108837
extra_trees,cat__geo_cluster_county_Başiskele_0,0.00013029526799572153
extra_trees,cat__location_precision_missing,0.00012843212086209867
extra_trees,num__county_demo_bank_count_sum,0.00012842835706082184
extra_trees,num__living_rooms,0.00012742876791779973
extra_trees,num__geo_context_missing,0.000127183573795525
extra_trees,cat__demo_dominant_age_group_20-24,0.00012641209103749702
extra_trees,num__location_precision_missing,0.0001258097414714162
extra_trees,num__location_quality_score,0.0001227883440824027
extra_trees,num__attr_has_poor_heating,0.00012083223595401479
extra_trees,num__location_backfill_ok,0.00012074101472751397
extra_trees,num__location_backfill_listing_removed,0.00012035185982327161
extra_trees,num__county_demo_atm_count_sum,0.00011963113665511574
extra_trees,cat__site_project_x_county_basiskele::yuvana_evleri__basiskele,0.00011951407206056006
extra_trees,cat__location_source_data_attr_map,0.000119216561114769
extra_trees,cat__county_İzmit,0.00011789617881552876
extra_trees,cat__coast_distance_bucket_missing,0.00011754141244992079
extra_trees,num__location_precision_exact,0.00011683685781145824
extra_trees,cat__geo_cluster_x_room_count_city_6||4+1,0.00011472489737762617
extra_trees,cat__basiskele_geo_cluster_x_m2_group_Başiskele_4||200+,0.00011450637630265244
extra_trees,cat__basiskele_geo_cluster_x_m2_group_Başiskele_3||126-150,0.00011335023291718823
extra_trees,cat__demo_dominant_age_group_50-54,0.00011235458198094663
extra_trees,cat__location_source_missing,0.00011159406882313824
extra_trees,cat__basiskele_geo_cluster_x_m2_group_other||76-100,0.0001099424673949548
extra_trees,cat__district_Serdar Mah.,0.00010981383371532897
extra_trees,cat__heating_Yok,0.00010914342585287419
extra_trees,num__county_demo_young_ratio_mean,0.00010857898798671554
extra_trees,num__attr_county_old_building_discount,0.0001080317310542367
extra_trees,num__location_source_data_attr_map,0.00010614964095103896
extra_trees,cat__site_project_id_basiskele::yuvana_evleri,0.00010442410566583681
extra_trees,cat__district_Kayacık Mh.,0.00010373790507338202
extra_trees,cat__district_Dumlupınar Mh.,0.00010241354948798654
extra_trees,cat__detail_konut_tipi_Ters Dubleks,0.00010063009181422043
extra_trees,cat__detail_manzara_Deniz|Park & Yeşil Alan,9.966330315013952e-05
extra_trees,cat__county_Gölcük,9.829011097284006e-05
extra_trees,cat__basiskele_geo_cluster_x_m2_group_Başiskele_3||151-200,9.794019615109603e-05
extra_trees,cat__district_M. Alipaşa Mh.,9.65455002116628e-05
extra_trees,cat__district_Sarımeşe Mh.,9.585570195392039e-05
extra_trees,cat__site_project_x_county_basiskele::zeray_perla__basiskele,9.526510042640455e-05
extra_trees,cat__basiskele_geo_cluster_x_m2_group_Başiskele_3||76-100,9.074200165616744e-05
extra_trees,cat__geo_cluster_county_Gölcük_0,9.064858323865482e-05
extra_trees,cat__district_4 Temmuz Mah.,8.993629122220271e-05
extra_trees,num__geo_context_has_exact_location,8.992363261895432e-05
extra_trees,cat__district_Karadenizliler Mah.,8.951272481677627e-05
extra_trees,cat__geo_cluster_x_room_count_city_9||3+1,8.911294112626821e-05
extra_trees,cat__detail_konut_tipi_Dubleks|En Üst Kat|Çatı Dubleksi,8.829992609783488e-05
extra_trees,cat__detail_manzara_Havuz|Park & Yeşil Alan,8.784749450791033e-05
extra_trees,cat__district_Çukurbağ Mh.,8.64472523707263e-05
extra_trees,cat__basiskele_geo_cluster_x_m2_group_Başiskele_4||101-125,8.626530652422152e-05
extra_trees,cat__detail_manzara_Deniz|Doğa|Havuz|Park & Yeşil Alan|Şehir,8.61009337663468e-05
extra_trees,cat__basiskele_geo_cluster_x_m2_group_Başiskele_4||151-200,8.59561246321783e-05
extra_trees,cat__site_project_id_basiskele::zeray_korupark,8.457704928306226e-05
extra_trees,cat__geo_cluster_x_room_count_city_3||1+1,8.401665107766627e-05
extra_trees,cat__basiskele_geo_cluster_x_m2_group_Başiskele_0||76-100,8.238866765456153e-05
extra_trees,cat__site_project_id_county_scoped_basiskele::zeray_korupark,8.134312451843732e-05
extra_trees,cat__district_Rahmiye Mah.,8.092920566619818e-05
extra_trees,cat__district_Yüzbaşılar Mh.,7.890167314659273e-05
extra_trees,cat__district_Çepni Mh.,7.704961044242769e-05
extra_trees,cat__basiskele_geo_cluster_x_m2_group_other,7.667441439298921e-05
extra_trees,cat__room_count_5+1,7.63213022263054e-05
extra_trees,cat__geo_cluster_city_city_2,7.543106969554735e-05
extra_trees,cat__site_project_id_county_scoped_basiskele::zeray_perla,7.498295364663908e-05
extra_trees,cat__district_Cedit Mah.,7.492590011838118e-05
extra_trees,cat__district_Çiftlik Mh.,7.031517215144405e-05
extra_trees,cat__district_Barbaros Mah.,7.003031528342176e-05
extra_trees,cat__site_project_x_county_basiskele::zeray_korupark__basiskele,6.971466111754083e-05
extra_trees,cat__district_Akçakoca Mh.,6.897735682552427e-05
extra_trees,cat__detail_manzara_Doğa|Havuz|Park & Yeşil Alan,6.894060685791201e-05
extra_trees,cat__geo_cluster_x_room_count_city_9||2+1,6.857772689440838e-05
extra_trees,cat__district_Tepeköy Mh.,6.833144409875487e-05
extra_trees,cat__geo_cluster_x_room_count_city_2||4+1,6.759836513038971e-05
extra_trees,cat__detail_manzara_Havuz,6.75449637737098e-05
extra_trees,cat__district_Yazlık Yeni Mh.,6.707241427791992e-05
extra_trees,cat__site_project_id_basiskele::zeray_perla,6.518351324308879e-05
extra_trees,cat__district_Emekevler Mh.,6.415664767223458e-05
extra_trees,cat__basiskele_geo_cluster_x_m2_group_other||126-150,6.352871866166346e-05
extra_trees,cat__district_Kozluk Mah.,6.275742750627903e-05
extra_trees,cat__geo_cluster_county_Gölcük_2,6.261192546507133e-05
extra_trees,cat__county_Başiskele,6.140384250380531e-05
extra_trees,cat__district_Halıdere Yalı Mh.,6.060412877100845e-05
extra_trees,cat__district_Merkez Mah.,5.903412238480899e-05
extra_trees,cat__district_Ertuğrul Gazi Mh.,5.7973806730953594e-05
extra_trees,cat__district_Fatih Sultan Mehmet Mh.,5.697637686939463e-05
extra_trees,cat__district_28 Haziran Mah.,5.6597538105331975e-05
extra_trees,cat__basiskele_geo_cluster_x_m2_group_Başiskele_0||101-125,5.482479789089242e-05
extra_trees,cat__basiskele_geo_cluster_x_m2_group_Başiskele_5||101-125,5.4520397229136946e-05
extra_trees,cat__district_Yenişehir Mh.,5.244034592100178e-05
extra_trees,cat__site_project_id_basiskele::bahcekent_konutlari,5.148786010424387e-05
extra_trees,cat__district_Şehitler Mh.,5.147076881782608e-05
extra_trees,cat__detail_manzara_Doğa|Havuz|Park & Yeşil Alan|Şehir,5.137414145282335e-05
extra_trees,cat__district_Karabaş Mh.,4.932744013632741e-05
extra_trees,cat__district_Altınkent Mh.,4.84890304576923e-05
extra_trees,num__basiskele_large_home_premium_bucket_median,4.7230459858808835e-05
extra_trees,cat__geo_cluster_x_room_count_city_4||1+1,4.701472819811635e-05
extra_trees,cat__site_project_x_county_basiskele::ritim_vadi_evleri__basiskele,4.6728272191966846e-05
extra_trees,cat__basiskele_geo_cluster_x_m2_group_other||151-200,4.6674557963418226e-05
extra_trees,cat__district_Atakent Mah.,4.636661256958666e-05
extra_trees,cat__district_Değirmendere Merkez Mh.,4.587290036024265e-05
extra_trees,cat__basiskele_geo_cluster_x_m2_group_Başiskele_0||200+,4.550187229933742e-05
extra_trees,cat__district_Seymen Mah.,4.522343709966196e-05
extra_trees,cat__basiskele_geo_cluster_Başiskele_1,4.5037515712907325e-05
extra_trees,cat__basiskele_geo_cluster_x_m2_group_Başiskele_5||76-100,4.4522073914367314e-05
extra_trees,cat__site_project_id_county_scoped_basiskele::bahcekent_konutlari,4.422420609967974e-05
extra_trees,cat__site_project_id_basiskele::ritim_vadi_evleri,4.34746709536805e-05
extra_trees,cat__district_Karaköprü Mh.,4.2818298820979634e-05
extra_trees,cat__district_Mahmutpaşa Mh.,4.270734545914372e-05
extra_trees,cat__room_count_3.5+1,4.13334099235822e-05
extra_trees,cat__site_project_id_county_scoped_basiskele::ritim_vadi_evleri,3.956287136391018e-05
extra_trees,cat__district_Orhan Mah.,3.8838588393169e-05
extra_trees,cat__room_count_Stüdyo (1+0),3.868160910726228e-05
extra_trees,cat__district_Erenler Mah.,3.845194792378411e-05
extra_trees,cat__district_Şirinköy Mh.,3.7660566368289014e-05
extra_trees,cat__district_Ereğli Mh.,3.751181924529842e-05
extra_trees,cat__district_Hacıhasan Mh.,3.5897599239154444e-05
extra_trees,cat__basiskele_geo_cluster_x_m2_group_Başiskele_0||0-75,3.5194812441602386e-05
extra_trees,cat__geo_cluster_x_room_count_missing||4+1,3.3287920805715234e-05
extra_trees,cat__district_Atatürk Mh.,3.314386065065541e-05
extra_trees,cat__county_Karamürsel,3.258857427999116e-05
extra_trees,cat__geo_cluster_county_Başiskele_1,3.2436778287298045e-05
extra_trees,cat__geo_cluster_x_room_count_city_1||4+1,3.217687725871156e-05
extra_trees,cat__district_Yukarı Mh.,3.198056065823751e-05
extra_trees,cat__district_İhsaniye Merkez Mh.,3.156387959930447e-05
extra_trees,cat__detail_konut_tipi_En Üst Kat|Çatı Dubleksi,3.138129829157402e-05
extra_trees,cat__basiskele_geo_cluster_x_m2_group_Başiskele_0||126-150,3.126176381330579e-05
extra_trees,cat__district_Ömerağa Mh.,3.104330352580174e-05
extra_trees,cat__detail_manzara_Doğa|Havuz,2.912401079984029e-05
extra_trees,cat__detail_konut_tipi_Ara Kat|Çatı Dubleksi,2.883042130777567e-05
extra_trees,cat__district_Gültepe Mh.,2.7992402490831e-05
extra_trees,cat__site_project_x_county_basiskele::bahcekent_konutlari__basiskele,2.770199237849827e-05
extra_trees,cat__geo_cluster_x_room_count_city_9||4+1,2.7667650245409662e-05
extra_trees,cat__heating_Klima,2.7619237847752565e-05
extra_trees,cat__site_project_id_basiskele::zeray_gunesi,2.6873860561949586e-05
extra_trees,cat__basiskele_geo_cluster_x_m2_group_Başiskele_1||126-150,2.6409294008857015e-05
extra_trees,cat__district_Tavşantepe Mh.,2.5451225969531878e-05
extra_trees,cat__detail_manzara_Doğa|Göl|Park & Yeşil Alan|Şehir,2.5216027129538884e-05
extra_trees,cat__district_Alikahya Cumhuriyet Mah.,2.5159226371957303e-05
extra_trees,cat__district_Yenidoğan Mh.,2.4222432276373147e-05
extra_trees,cat__district_Veliahmet Mah.,2.3676913454613688e-05
extra_trees,cat__district_Kuruçeşme Fatih Mh.,2.362660329389321e-05
extra_trees,cat__site_project_id_county_scoped_basiskele::zeray_gunesi,2.3488597980500294e-05
extra_trees,cat__basiskele_geo_cluster_x_m2_group_Başiskele_3||200+,2.3189312976099485e-05
extra_trees,cat__detail_manzara_Göl|Park & Yeşil Alan|Şehir,2.311719109100794e-05
extra_trees,cat__site_project_x_county_basiskele::zeray_gunesi__basiskele,2.206496195298671e-05
extra_trees,cat__room_count_4+2,2.1951193934318613e-05
extra_trees,cat__geo_cluster_city_city_11,2.1769761838193775e-05
extra_trees,cat__district_Yazlık Merkez Mh.,2.0693036501451574e-05
extra_trees,cat__detail_manzara_Doğa|Göl|Park & Yeşil Alan,2.0477126507091157e-05
extra_trees,cat__district_Hatipköy Mh.,2.0185824797966963e-05
extra_trees,cat__site_project_x_county_basiskele::orka_life__basiskele,1.9418506144276006e-05
extra_trees,cat__district_Tepecik Mah.,1.9362561063302225e-05
extra_trees,cat__district_Derbent Mh.,1.8644330586475922e-05
extra_trees,cat__site_inside_missing,1.850800429329119e-05
extra_trees,cat__geo_cluster_x_room_count_city_7||5+1,1.8163607727686428e-05
extra_trees,cat__district_Uzunçiftlik Mh.,1.793445176636164e-05
extra_trees,cat__district_Yaylacık Mh.,1.775952742940247e-05
extra_trees,cat__usage_status_missing,1.7652364174658826e-05
extra_trees,cat__basiskele_geo_cluster_x_m2_group_Başiskele_4||76-100,1.6792345361136388e-05
extra_trees,cat__geo_cluster_x_room_count_city_11||2+1,1.636151104238235e-05
extra_trees,cat__site_project_x_county_basiskele::orka_life_2__basiskele,1.5938566067198397e-05
extra_trees,cat__building_age_group_missing,1.5753250266185962e-05
extra_trees,cat__site_project_id_basiskele::orka_life,1.5200263562843474e-05
extra_trees,cat__site_project_id_county_scoped_basiskele::orka_life_2,1.503636560403672e-05
extra_trees,cat__room_count_4.5+1,1.4802445840863693e-05
extra_trees,cat__district_Doğan Mh.,1.4797064967205434e-05
extra_trees,cat__district_Kullar Yakacık Mh.,1.4497337289811783e-05
extra_trees,cat__geo_cluster_x_room_count_city_5||Stüdyo (1+0),1.4363325438731163e-05
extra_trees,cat__basiskele_geo_cluster_x_m2_group_Başiskele_1||151-200,1.4279024107664161e-05
extra_trees,cat__demo_dominant_marital_status_Evli,1.3972830694161982e-05
extra_trees,cat__basiskele_geo_cluster_x_m2_group_Başiskele_3||0-75,1.3915590670862492e-05
extra_trees,cat__district_Ulaşlı Yavuz Sultan Selim Mh.,1.3516045468713608e-05
extra_trees,cat__district_İpek Yolu Mh.,1.2949390333718785e-05
extra_trees,cat__district_Yeşilova Mh.,1.2845800438556746e-05
extra_trees,cat__geo_cluster_x_room_count_city_9||1+1,1.280089260567178e-05
extra_trees,cat__district_Maşukiye Mh.,1.2792975268817393e-05
extra_trees,cat__geo_cluster_x_room_count_city_1||4.5+1,1.2782722481133087e-05
extra_trees,cat__demo_dominant_education_İlkokul,1.258529310992934e-05
extra_trees,cat__geo_cluster_x_room_count_city_2||4+2,1.2458617259744936e-05
extra_trees,cat__site_project_id_basiskele::royal_country,1.1857641019729098e-05
extra_trees,cat__geo_cluster_x_room_count_city_3||5+1,1.18514673659592e-05
extra_trees,cat__district_Kabaoğlu Mh.,1.1837953477245023e-05
extra_trees,cat__district_Yunus Emre Mah.,1.1215620768659722e-05
extra_trees,cat__geo_cluster_x_room_count_city_7||4+1,1.1193715419394913e-05
extra_trees,cat__basiskele_geo_cluster_x_m2_group_Başiskele_1||101-125,1.0834718543830101e-05
extra_trees,cat__elevator_missing,1.0749157610997353e-05
extra_trees,cat__district_Hisareyn Merkez Mah.,9.804645784655372e-06
extra_trees,cat__district_İstasyon Mh.,9.483875330615563e-06
extra_trees,cat__site_project_id_county_scoped_basiskele::orka_life,9.381331990562098e-06
extra_trees,cat__district_Yeniköy Merkez Mh.,9.283263249460143e-06
extra_trees,cat__heating_missing,9.044991933625357e-06
extra_trees,cat__geo_cluster_x_room_count_city_0||1+1,9.039417995304889e-06
extra_trees,cat__detail_konut_tipi_Dubleks|Ters Dubleks,8.984140467083317e-06
extra_trees,cat__district_Aydınkent Mh.,8.443852063598685e-06
extra_trees,cat__site_project_x_county_basiskele::evimiz_kocaeli__basiskele,8.366767621959116e-06
extra_trees,cat__detail_manzara_Boğaz|Deniz,8.362916993541435e-06
extra_trees,cat__geo_cluster_x_room_count_city_6||1+1,8.277158231707997e-06
extra_trees,cat__geo_cluster_county_Karamürsel_2,8.185814590170952e-06
extra_trees,cat__geo_cluster_x_room_count_city_2||1+1,7.73563462225936e-06
extra_trees,cat__heating_Kat Kaloriferi,7.326868425714694e-06
extra_trees,cat__district_Fevzi Çakmak Mh.,7.250141418687709e-06
extra_trees,cat__site_project_id_county_scoped_basiskele::evimiz_kocaeli,7.218590435244553e-06
extra_trees,cat__district_Tüysüzler Mh.,6.943260016984018e-06
extra_trees,cat__district_Malta Mah.,6.7387080828491605e-06
extra_trees,cat__detail_konut_tipi_Ara Kat Dubleks,6.686074091499034e-06
extra_trees,cat__district_Köseköy Mh.,6.519853501923003e-06
extra_trees,cat__geo_cluster_x_room_count_city_11||3+1,6.44372595967565e-06
extra_trees,cat__room_count_2.5+1,6.400767923920496e-06
extra_trees,cat__site_project_id_basiskele::evimiz_kocaeli,6.37543270890744e-06
extra_trees,cat__furnished_missing,6.08407911793921e-06
extra_trees,cat__site_project_id_basiskele::orka_life_2,5.907212827812265e-06
extra_trees,cat__site_project_x_county_basiskele::royal_country__basiskele,5.604934146578019e-06
extra_trees,cat__basiskele_geo_cluster_x_m2_group_Başiskele_4||0-75,4.901428863672067e-06
extra_trees,cat__district_Ataşehir Mh.,4.8506477418852825e-06
extra_trees,cat__floor_segment_missing,4.80366584838393e-06
extra_trees,cat__parking_missing,4.785508533176946e-06
extra_trees,cat__site_project_id_county_scoped_basiskele::yakamoz_konutlari,4.725789642789809e-06
extra_trees,cat__detail_konut_tipi_En Üst Kat|Ara Kat,4.700402061978204e-06
extra_trees,cat__real_estate_type_Satılık Daire,4.50789291910402e-06
extra_trees,cat__heating_Kombi (Elektrik),4.4966519871178715e-06
extra_trees,cat__basiskele_geo_cluster_x_m2_group_Başiskele_1||0-75,4.335278689467738e-06
extra_trees,cat__district_Örcün Mh.,4.174454152429376e-06
extra_trees,cat__detail_konut_tipi_Dubleks|En Üst Kat|Ara Kat|Çatı Dubleksi,4.146690583883026e-06
extra_trees,cat__detail_manzara_Deniz|Havuz,4.107103173766536e-06
extra_trees,cat__site_project_x_county_basiskele::zeraykent_yuvacik__basiskele,4.06382378952635e-06
extra_trees,cat__district_Bekirdere Mah.,3.933198087266953e-06
extra_trees,cat__detail_konut_tipi_Dubleks|Ara Kat|Ara Kat Dubleks,3.815382484744375e-06
extra_trees,cat__site_project_id_basiskele::alizepark_city,3.784452986008648e-06
extra_trees,cat__balcony_missing,3.783227447400976e-06
extra_trees,cat__room_count_1.5+1,3.780016689852857e-06
extra_trees,cat__room_count_6+1,3.6726742681533467e-06
extra_trees,cat__site_project_id_basiskele::zeraykent_yuvacik,3.618797855525427e-06
extra_trees,cat__site_project_id_county_scoped_basiskele::zeraykent_yuvacik,3.5462041814263217e-06
extra_trees,cat__district_Arslanbey Mh.,3.5199023424454184e-06
extra_trees,cat__district_Ayazma Mah.,3.3890746997710466e-06
extra_trees,cat__site_project_id_county_scoped_basiskele::alizepark_city,3.374270290480466e-06
extra_trees,cat__room_count_3+2,3.370230134569394e-06
extra_trees,cat__site_project_x_county_basiskele::yakamoz_konutlari__basiskele,3.3111007244713912e-06
extra_trees,cat__demo_dominant_marital_status_Bekar,3.124345885330386e-06
extra_trees,cat__detail_konut_tipi_Dubleks|En Üst Kat|Ara Kat|Ara Kat Dubleks|Bahçe Dubleksi|Çatı Dubleksi|Forleks|Ters Dubleks|Tripleks,3.119797885331517e-06
extra_trees,cat__detail_konut_tipi_Kat Dubleksi,3.056128283106789e-06
extra_trees,cat__site_project_id_county_scoped_basiskele::royal_country,3.0213185150745475e-06
extra_trees,cat__detail_manzara_Göl,2.998569079489781e-06
extra_trees,cat__basiskele_geo_cluster_x_m2_group_Başiskele_5||0-75,2.8885762826715615e-06
extra_trees,cat__detail_konut_tipi_Ara Kat|Tripleks,2.831252350678028e-06
extra_trees,cat__real_estate_type_Satılık Rezidans,2.581233756526127e-06
extra_trees,cat__district_Kullar Tepecik Mh.,2.5274485135453302e-06
extra_trees,cat__geo_cluster_x_room_count_city_10||5+1,2.5085913624267155e-06
extra_trees,cat__geo_cluster_x_room_count_city_4||5+1,2.48797574891591e-06
extra_trees,cat__geo_cluster_x_room_count_city_1||1+1,2.4843206909304123e-06
extra_trees,cat__detail_manzara_Deniz|Havuz|Park & Yeşil Alan,2.475175833555936e-06
extra_trees,cat__district_Kemalpaşa Mh.,2.448294024110537e-06
extra_trees,cat__district_Sepetçi Mh.,2.432799752180265e-06
extra_trees,cat__district_Damlar Mah.,2.428152385396962e-06
extra_trees,cat__site_project_id_basiskele::mamik_reform,2.4137447681881324e-06
extra_trees,cat__site_project_id_basiskele::ustpark_afraze,2.299800863866724e-06
extra_trees,cat__geo_cluster_x_room_count_city_7||3+2,2.289837419317681e-06
extra_trees,cat__geo_cluster_x_room_count_city_2||3.5+1,2.2139103550344853e-06
extra_trees,cat__detail_konut_tipi_Dubleks|En Üst Kat,2.208760876824675e-06
extra_trees,cat__site_project_id_basiskele::yakamoz_konutlari,2.140414659740076e-06
extra_trees,cat__basiskele_geo_cluster_x_m2_group_Başiskele_2||200+,2.0834183753406344e-06
extra_trees,cat__real_estate_type_Satılık Villa,1.9891747184061454e-06
extra_trees,cat__geo_cluster_x_room_count_city_0||4.5+1,1.9338365135884073e-06
extra_trees,cat__district_Sekbanlı Mh.,1.8990341843161348e-06
extra_trees,cat__district_İbrikdere Mh.,1.8864660439106574e-06
extra_trees,cat__geo_cluster_x_room_count_city_8||1+1,1.8276439097249548e-06
extra_trees,cat__district_Dereköy Mh.,1.822014119823646e-06
extra_trees,cat__geo_cluster_x_room_count_city_2||5+1,1.8107996884076668e-06
extra_trees,cat__detail_konut_tipi_Bahçe Dubleksi|Ters Dubleks,1.69421220946103e-06
extra_trees,cat__room_count_5+2,1.65432212136767e-06
extra_trees,cat__geo_cluster_x_room_count_city_4||2.5+1,1.615958292620756e-06
extra_trees,cat__district_Sanayi Mah.,1.565369974733978e-06
extra_trees,cat__site_project_id_basiskele::royal_life,1.535314784017165e-06
extra_trees,cat__detail_konut_tipi_Dubleks|Ara Kat,1.4681981472501565e-06
extra_trees,cat__detail_konut_tipi_Dubleks|En Üst Kat|Ara Kat|Ara Kat Dubleks|Çatı Dubleksi,1.4151442400294153e-06
extra_trees,cat__geo_cluster_x_room_count_city_4||1.5+1,1.3965493124456884e-06
extra_trees,cat__site_project_x_county_basiskele::alizepark_city__basiskele,1.3804189277816768e-06
extra_trees,cat__site_project_id_county_scoped_basiskele::royal_life,1.3067228707913804e-06
extra_trees,cat__geo_cluster_x_room_count_missing||Stüdyo (1+0),1.2357063935489202e-06
extra_trees,cat__detail_konut_tipi_Ara Kat|Bahçe Dubleksi|Çatı Dubleksi,1.2302085878749181e-06
extra_trees,cat__site_project_x_county_basiskele::royal_life__basiskele,1.1482290313892561e-06
extra_trees,cat__site_project_x_county_basiskele::mamik_reform__basiskele,1.1199748350469605e-06
extra_trees,cat__site_project_id_county_scoped_basiskele::mamik_reform,1.10260153080283e-06
extra_trees,cat__district_Akarca Mah.,1.0897927794440074e-06
extra_trees,cat__site_project_id_basiskele::mamik_life,1.0707410717871416e-06
extra_trees,cat__site_inside_Belirtilmemiş,8.235180652662113e-07
extra_trees,cat__elevator_Belirtilmemiş,8.033028760552212e-07
extra_trees,cat__district_Düzağaç Mh.,7.837669739162613e-07
extra_trees,cat__basiskele_geo_cluster_x_m2_group_Başiskele_1||200+,7.151001074815131e-07
extra_trees,cat__demo_dominant_age_group_missing,6.657995540997079e-07
extra_trees,cat__demo_dominant_marital_status_missing,6.265251289328322e-07
extra_trees,cat__district_Kullar Merkez Mh.,6.240679200148192e-07
extra_trees,cat__basiskele_geo_cluster_x_m2_group_Başiskele_1||76-100,5.9737782502911e-07
extra_trees,cat__detail_manzara_Doğa|Göl,5.386770723318887e-07
extra_trees,cat__site_project_id_county_scoped_basiskele::ustgrup_mezire,5.199299935294105e-07
extra_trees,cat__kitchen_Belirtilmemiş,5.086109592694662e-07
extra_trees,cat__detail_konut_tipi_Ara Kat|Ara Kat Dubleks,4.661796807402806e-07
extra_trees,cat__geo_cluster_x_room_count_city_6||5+1,4.298044396920038e-07
extra_trees,cat__district_Uzuntarla Mh.,4.242317242911035e-07
extra_trees,num__demo_has_county_demographics,3.6407093607131627e-07
extra_trees,num__is_basement,3.6146458205624374e-07
extra_trees,cat__rent_feature_level_county,3.603463852189962e-07
extra_trees,cat__demo_ses_group_missing,3.378501680506862e-07
extra_trees,num__demo_coverage_score,3.2823200193458135e-07
extra_trees,cat__district_Bahçecik Kılıçaslan Mh.,2.948944673279357e-07
extra_trees,cat__site_project_x_county_basiskele::ustpark_afraze__basiskele,2.7597295134146054e-07
extra_trees,cat__detail_manzara_Doğa|Göl|Şehir,2.555364356983627e-07
extra_trees,cat__site_project_id_basiskele::kirazli_kent,2.29324987179421e-07
extra_trees,cat__detail_manzara_Havuz|Şehir,2.0760696056082478e-07
extra_trees,cat__site_project_id_basiskele::royal_city_akkurt,1.963006657814091e-07
extra_trees,cat__site_project_id_basiskele::ustgrup_mezire,1.4610566040209767e-07
extra_trees,cat__site_project_id_county_scoped_basiskele::royal_city_akkurt,1.4509186325140813e-07
extra_trees,cat__detail_manzara_Deniz|Doğa|Havuz|Park & Yeşil Alan,1.3634642479341489e-07
extra_trees,cat__demo_dominant_education_missing,1.3271727806570764e-07
extra_trees,cat__geo_cluster_x_room_count_city_0||5+1,1.31423840321869e-07
extra_trees,cat__basiskele_geo_cluster_x_m2_group_other||200+,1.1708377432416253e-07
extra_trees,cat__geo_cluster_x_room_count_city_7||1+1,8.97915999920102e-08
extra_trees,cat__district_Havuzlubahçe Mh.,8.697228411059998e-08
extra_trees,cat__district_Sahil Mah.,7.830229489133396e-08
extra_trees,cat__site_project_x_county_basiskele::kirazli_kent__basiskele,6.954854759038122e-08
extra_trees,cat__geo_cluster_x_room_count_missing||5+1,6.214988308671367e-08
extra_trees,cat__site_project_x_county_basiskele::royal_city_akkurt__basiskele,6.046304822442723e-08
extra_trees,cat__district_Yeşilkent Mh.,4.474029654755028e-08
extra_trees,cat__district_Karşıyaka Mh.,2.1625259303669775e-08
extra_trees,cat__detail_manzara_Boğaz|Deniz|Doğa|Şehir,9.23187195443191e-09
extra_trees,num__open_area_m2,0.0
extra_trees,num__has_open_area,0.0
extra_trees,num__rent_feature_confidence,0.0
extra_trees,num__county_demo_per_capita_income_median,0.0
extra_trees,num__county_demo_household_income_median,0.0
extra_trees,num__demo_has_demographics,0.0
extra_trees,num__demo_age_coverage,0.0
extra_trees,num__demo_education_coverage,0.0
extra_trees,num__demo_income_available,0.0
extra_trees,num__demo_ses_available,0.0
extra_trees,num__demo_market_activity_available,0.0
extra_trees,num__demo_infrastructure_available,0.0
extra_trees,num__demo_real_estate_agent_count,0.0
extra_trees,num__demo_agent_listing_count,0.0
extra_trees,num__demo_owner_listing_count,0.0
extra_trees,num__demo_sale_count,0.0
extra_trees,num__demo_mortgage_count,0.0
extra_trees,num__demo_turnover_ratio,0.0
extra_trees,num__demo_computed_turnover_ratio,0.0
extra_trees,num__demo_listing_count_2024,0.0
extra_trees,num__demo_bb_sale_count_2024,0.0
extra_trees,num__demo_bb_mortgaged_sale_count_2024,0.0
extra_trees,num__county_demo_sale_count_sum,0.0
extra_trees,num__county_demo_turnover_ratio_median,0.0
extra_trees,num__demo_turnover_vs_county,0.0
extra_trees,num__demo_saving_total,0.0
extra_trees,num__demo_expense_total,0.0
extra_trees,num__demo_expense_food,0.0
extra_trees,num__demo_expense_shelter,0.0
extra_trees,num__demo_expense_transportation,0.0
extra_trees,num__demo_expense_education,0.0
extra_trees,num__demo_ecommerce_count,0.0
extra_trees,num__demo_ecommerce_density,0.0
extra_trees,num__demo_online_retail,0.0
extra_trees,num__attr_credit_eligible,0.0
extra_trees,num__location_precision_approx,0.0
extra_trees,num__location_precision_district_only,0.0
extra_trees,num__is_coastal_500m,0.0
extra_trees,num__is_coastal_1000m,0.0
extra_trees,num__is_coastal_2000m,0.0
extra_trees,num__distance_to_sea_m,0.0
extra_trees,num__log_distance_to_sea,0.0
extra_trees,num__is_coastal_250m,0.0
extra_trees,num__coastal_access_score,0.0
extra_trees,num__bsk_distance_to_sea_x_view_sea,0.0
extra_trees,num__bsk_distance_to_sea_x_near_sea_zero,0.0
extra_trees,num__bsk_distance_to_sea_x_large_home,0.0
extra_trees,num__bsk_distance_to_sea_x_site_inside,0.0
extra_trees,num__bsk_distance_to_sea_x_quality,0.0
extra_trees,num__bsk_coastal_x_large_home,0.0
extra_trees,num__bsk_coastal_x_geo_cluster,0.0
extra_trees,num__bsk_coastal_x_room_4p1,0.0
extra_trees,num__site_project_listing_count,0.0
extra_trees,num__site_project_freq_bucket,0.0
extra_trees,num__site_project_county_frequency,0.0
extra_trees,cat__real_estate_type_Satılık Müstakil Ev,0.0
extra_trees,cat__real_estate_type_Satılık Yazlık,0.0
extra_trees,cat__room_count_2+0,0.0
extra_trees,cat__room_count_2+2,0.0
extra_trees,cat__room_count_3+0,0.0
extra_trees,cat__room_count_4.5+2,0.0
extra_trees,cat__room_count_5.5+1,0.0
extra_trees,cat__room_count_6+2,0.0
extra_trees,cat__room_count_6+3,0.0
extra_trees,cat__room_count_7+1,0.0
extra_trees,cat__floor_segment_Bodrum,0.0
extra_trees,cat__heating_Soba,0.0
extra_trees,cat__heating_VRV,0.0
extra_trees,cat__credit_eligible_missing,0.0
extra_trees,cat__energy_certificate_missing,0.0
extra_trees,cat__deed_status_missing,0.0
extra_trees,cat__seller_type_missing,0.0
extra_trees,cat__barter_missing,0.0
extra_trees,cat__city_Kocaeli,0.0
extra_trees,cat__district_Acısu Mh.,0.0
extra_trees,cat__district_Alikahya Merkez Mah.,0.0
extra_trees,cat__district_Arızlı Mh.,0.0
extra_trees,cat__district_Avcıköy Mh.,0.0
extra_trees,cat__district_Bahçecik Şehitekrem Mh.,0.0
extra_trees,cat__district_Durhasan Mh.,0.0
extra_trees,cat__district_Halıdere Yeni Mh.,0.0
extra_trees,cat__district_Saraylı Mh.,0.0
extra_trees,cat__district_Tepecik Mh.,0.0
extra_trees,cat__district_Ulaşlı Yalı Mh.,0.0
extra_trees,cat__district_Vezirçiftliği Mh.,0.0
extra_trees,cat__district_Yalakdere Mh.,0.0
extra_trees,cat__district_Yuvacık Yakacık Mh.,0.0
extra_trees,cat__district_Zabıtan Mh.,0.0
extra_trees,cat__district_Şevkatiye Mh.,0.0
extra_trees,cat__detail_manzara_Boğaz|Deniz|Doğa,0.0
extra_trees,cat__detail_manzara_Boğaz|Deniz|Doğa|Göl|Havuz|Nehir|Park & Yeşil Alan|Şehir,0.0
extra_trees,cat__detail_manzara_Boğaz|Deniz|Doğa|Göl|Park & Yeşil Alan|Şehir,0.0
extra_trees,cat__detail_manzara_Boğaz|Deniz|Doğa|Havuz|Park & Yeşil Alan|Şehir,0.0
extra_trees,cat__detail_manzara_Boğaz|Deniz|Doğa|Park & Yeşil Alan,0.0
extra_trees,cat__detail_manzara_Boğaz|Deniz|Göl|Park & Yeşil Alan,0.0
extra_trees,cat__detail_manzara_Boğaz|Deniz|Park & Yeşil Alan,0.0
extra_trees,cat__detail_manzara_Boğaz|Deniz|Park & Yeşil Alan|Şehir,0.0
extra_trees,cat__detail_manzara_Boğaz|Deniz|Şehir,0.0
extra_trees,cat__detail_manzara_Boğaz|Doğa|Havuz|Park & Yeşil Alan,0.0
extra_trees,cat__detail_manzara_Boğaz|Doğa|Park & Yeşil Alan,0.0
extra_trees,cat__detail_manzara_Boğaz|Doğa|Park & Yeşil Alan|Şehir,0.0
extra_trees,cat__detail_manzara_Deniz|Doğa|Göl|Park & Yeşil Alan,0.0
extra_trees,cat__detail_manzara_Deniz|Doğa|Göl|Park & Yeşil Alan|Şehir,0.0
extra_trees,cat__detail_manzara_Deniz|Doğa|Havuz,0.0
extra_trees,cat__detail_manzara_Deniz|Doğa|Havuz|Şehir,0.0
extra_trees,cat__detail_manzara_Deniz|Doğa|Nehir|Park & Yeşil Alan|Şehir,0.0
extra_trees,cat__detail_manzara_Deniz|Göl|Şehir,0.0
extra_trees,cat__detail_manzara_Deniz|Havuz|Park & Yeşil Alan|Şehir,0.0
extra_trees,cat__detail_manzara_Deniz|Havuz|Şehir,0.0
extra_trees,cat__detail_manzara_Deniz|Nehir|Park & Yeşil Alan,0.0
extra_trees,cat__detail_manzara_Doğa|Göl|Havuz|Park & Yeşil Alan|Şehir,0.0
extra_trees,cat__detail_manzara_Doğa|Göl|Havuz|Şehir,0.0
extra_trees,cat__detail_manzara_Doğa|Havuz|Şehir,0.0
extra_trees,cat__detail_manzara_Doğa|Nehir|Park & Yeşil Alan,0.0
extra_trees,cat__detail_manzara_Doğa|Nehir|Park & Yeşil Alan|Şehir,0.0
extra_trees,cat__detail_manzara_Göl|Havuz,0.0
extra_trees,cat__detail_manzara_Göl|Havuz|Park & Yeşil Alan,0.0
extra_trees,cat__detail_manzara_Göl|Park & Yeşil Alan,0.0
extra_trees,cat__detail_manzara_Göl|Şehir,0.0
extra_trees,cat__detail_konut_tipi_Ara Kat|Bahçe Dubleksi,0.0
extra_trees,cat__detail_konut_tipi_Bahçe Dubleksi|Tripleks,0.0
extra_trees,cat__detail_konut_tipi_Bahçe Dubleksi|Çatı Dubleksi,0.0
extra_trees,cat__detail_konut_tipi_Dubleks|Ara Kat Dubleks,0.0
extra_trees,cat__detail_konut_tipi_Dubleks|Ara Kat Dubleks|Ters Dubleks,0.0
extra_trees,cat__detail_konut_tipi_Dubleks|Ara Kat|Ara Kat Dubleks|Bahçe Dubleksi,0.0
extra_trees,cat__detail_konut_tipi_Dubleks|Ara Kat|Ara Kat Dubleks|Bahçe Dubleksi|Ters Dubleks,0.0
extra_trees,cat__detail_konut_tipi_Dubleks|Ara Kat|Ara Kat Dubleks|Ters Dubleks,0.0
extra_trees,cat__detail_konut_tipi_Dubleks|Ara Kat|Bahçe Dubleksi,0.0
extra_trees,cat__detail_konut_tipi_Dubleks|Ara Kat|Bahçe Dubleksi|Ters Dubleks,0.0
extra_trees,cat__detail_konut_tipi_Dubleks|Ara Kat|Bahçe Dubleksi|Çatı Dubleksi|Ters Dubleks,0.0
extra_trees,cat__detail_konut_tipi_Dubleks|Ara Kat|Çatı Dubleksi,0.0
extra_trees,cat__detail_konut_tipi_Dubleks|Bahçe Dubleksi|Ters Dubleks,0.0
extra_trees,cat__detail_konut_tipi_Dubleks|Bahçe Dubleksi|Çatı Dubleksi,0.0
extra_trees,cat__detail_konut_tipi_Dubleks|En Üst Kat|Ara Kat,0.0
extra_trees,cat__detail_konut_tipi_Dubleks|En Üst Kat|Ara Kat Dubleks|Bahçe Dubleksi|Çatı Dubleksi|Forleks|Ters Dubleks|Tripleks,0.0
extra_trees,cat__detail_konut_tipi_Dubleks|En Üst Kat|Ara Kat Dubleks|Bahçe Dubleksi|Çatı Dubleksi|Ters Dubleks,0.0
extra_trees,cat__detail_konut_tipi_Dubleks|En Üst Kat|Ara Kat Dubleks|Çatı Dubleksi|Ters Dubleks,0.0
extra_trees,cat__detail_konut_tipi_Dubleks|En Üst Kat|Ara Kat Dubleks|Çatı Dubleksi|Ters Dubleks|Tripleks,0.0
extra_trees,cat__detail_konut_tipi_Dubleks|En Üst Kat|Ara Kat|Ara Kat Dubleks|Bahçe Dubleksi|Çatı Dubleksi|Forleks|Ters Dubleks,0.0
extra_trees,cat__detail_konut_tipi_Dubleks|En Üst Kat|Ara Kat|Ara Kat Dubleks|Bahçe Dubleksi|Çatı Dubleksi|Ters Dubleks,0.0
extra_trees,cat__detail_konut_tipi_Dubleks|En Üst Kat|Ara Kat|Ara Kat Dubleks|Bahçe Dubleksi|Çatı Dubleksi|Ters Dubleks|Tripleks,0.0
extra_trees,cat__detail_konut_tipi_Dubleks|En Üst Kat|Ara Kat|Ara Kat Dubleks|Çatı Dubleksi|Forleks|Ters Dubleks|Tripleks,0.0
extra_trees,cat__detail_konut_tipi_Dubleks|En Üst Kat|Ara Kat|Ara Kat Dubleks|Çatı Dubleksi|Ters Dubleks,0.0
extra_trees,cat__detail_konut_tipi_Dubleks|En Üst Kat|Ara Kat|Bahçe Dubleksi,0.0
extra_trees,cat__detail_konut_tipi_Dubleks|En Üst Kat|Ara Kat|Bahçe Dubleksi|Çatı Dubleksi,0.0
extra_trees,cat__detail_konut_tipi_Dubleks|En Üst Kat|Ara Kat|Çatı Dubleksi|Ters Dubleks,0.0
extra_trees,cat__detail_konut_tipi_Dubleks|En Üst Kat|Ters Dubleks,0.0
extra_trees,cat__detail_konut_tipi_Dubleks|En Üst Kat|Çatı Dubleksi|Ters Dubleks,0.0
extra_trees,cat__detail_konut_tipi_En Üst Kat|Ara Kat Dubleks|Çatı Dubleksi,0.0
extra_trees,cat__detail_konut_tipi_En Üst Kat|Ara Kat|Bahçe Dubleksi,0.0
extra_trees,cat__detail_konut_tipi_En Üst Kat|Ara Kat|Çatı Dubleksi,0.0
extra_trees,cat__detail_konut_tipi_En Üst Kat|Tripleks,0.0
extra_trees,cat__detail_konut_tipi_Forleks,0.0
extra_trees,cat__detail_konut_tipi_Tripleks,0.0
extra_trees,cat__detail_konut_tipi_Çatı Dubleksi|Ters Dubleks,0.0
extra_trees,cat__demo_dominant_age_group_10-14,0.0
extra_trees,cat__location_precision_district_only,0.0
extra_trees,cat__location_source_district_text,0.0
extra_trees,cat__basiskele_geo_cluster_x_m2_group_Başiskele_2||0-75,0.0
extra_trees,cat__basiskele_geo_cluster_x_m2_group_other||0-75,0.0
extra_trees,cat__geo_cluster_x_room_count_city_0||1.5+1,0.0
extra_trees,cat__geo_cluster_x_room_count_city_0||2.5+1,0.0
extra_trees,cat__geo_cluster_x_room_count_city_0||3+2,0.0
extra_trees,cat__geo_cluster_x_room_count_city_0||3.5+1,0.0
extra_trees,cat__geo_cluster_x_room_count_city_0||4+2,0.0
extra_trees,cat__geo_cluster_x_room_count_city_0||5+2,0.0
extra_trees,cat__geo_cluster_x_room_count_city_0||6+1,0.0
extra_trees,cat__geo_cluster_x_room_count_city_10||6+1,0.0
extra_trees,cat__geo_cluster_x_room_count_city_10||Stüdyo (1+0),0.0
extra_trees,cat__geo_cluster_x_room_count_city_11||4+1,0.0
extra_trees,cat__geo_cluster_x_room_count_city_1||1.5+1,0.0
extra_trees,cat__geo_cluster_x_room_count_city_1||3.5+1,0.0
extra_trees,cat__geo_cluster_x_room_count_city_1||4+2,0.0
extra_trees,cat__geo_cluster_x_room_count_city_1||5+1,0.0
extra_trees,cat__geo_cluster_x_room_count_city_1||5+2,0.0
extra_trees,cat__geo_cluster_x_room_count_city_1||5.5+1,0.0
extra_trees,cat__geo_cluster_x_room_count_city_2||2+2,0.0
extra_trees,cat__geo_cluster_x_room_count_city_2||2.5+1,0.0
extra_trees,cat__geo_cluster_x_room_count_city_2||3+2,0.0
extra_trees,cat__geo_cluster_x_room_count_city_2||4.5+1,0.0
extra_trees,cat__geo_cluster_x_room_count_city_2||4.5+2,0.0
extra_trees,cat__geo_cluster_x_room_count_city_2||5+2,0.0
extra_trees,cat__geo_cluster_x_room_count_city_2||5.5+1,0.0
extra_trees,cat__geo_cluster_x_room_count_city_2||6+1,0.0
extra_trees,cat__geo_cluster_x_room_count_city_2||6+2,0.0
extra_trees,cat__geo_cluster_x_room_count_city_3||2.5+1,0.0
extra_trees,cat__geo_cluster_x_room_count_city_3||3+0,0.0
extra_trees,cat__geo_cluster_x_room_count_city_3||3+2,0.0
extra_trees,cat__geo_cluster_x_room_count_city_3||3.5+1,0.0
extra_trees,cat__geo_cluster_x_room_count_city_3||4+2,0.0
extra_trees,cat__geo_cluster_x_room_count_city_3||5+2,0.0
extra_trees,cat__geo_cluster_x_room_count_city_3||6+1,0.0
extra_trees,cat__geo_cluster_x_room_count_city_3||6+3,0.0
extra_trees,cat__geo_cluster_x_room_count_city_3||Stüdyo (1+0),0.0
extra_trees,cat__geo_cluster_x_room_count_city_4||2+2,0.0
extra_trees,cat__geo_cluster_x_room_count_city_4||3+2,0.0
extra_trees,cat__geo_cluster_x_room_count_city_4||3.5+1,0.0
extra_trees,cat__geo_cluster_x_room_count_city_4||4+2,0.0
extra_trees,cat__geo_cluster_x_room_count_city_4||6+1,0.0
extra_trees,cat__geo_cluster_x_room_count_city_5||2+0,0.0
extra_trees,cat__geo_cluster_x_room_count_city_5||2.5+1,0.0
extra_trees,cat__geo_cluster_x_room_count_city_5||3.5+1,0.0
extra_trees,cat__geo_cluster_x_room_count_city_5||4+2,0.0
extra_trees,cat__geo_cluster_x_room_count_city_5||5+1,0.0
extra_trees,cat__geo_cluster_x_room_count_city_5||5+2,0.0
extra_trees,cat__geo_cluster_x_room_count_city_5||5.5+1,0.0
extra_trees,cat__geo_cluster_x_room_count_city_5||6+2,0.0
extra_trees,cat__geo_cluster_x_room_count_city_6||2.5+1,0.0
extra_trees,cat__geo_cluster_x_room_count_city_6||3.5+1,0.0
extra_trees,cat__geo_cluster_x_room_count_city_7||1.5+1,0.0
extra_trees,cat__geo_cluster_x_room_count_city_7||2.5+1,0.0
extra_trees,cat__geo_cluster_x_room_count_city_7||3.5+1,0.0
extra_trees,cat__geo_cluster_x_room_count_city_7||4+2,0.0
extra_trees,cat__geo_cluster_x_room_count_city_8||2+2,0.0
extra_trees,cat__geo_cluster_x_room_count_city_8||2.5+1,0.0
extra_trees,cat__geo_cluster_x_room_count_city_8||4+2,0.0
extra_trees,cat__geo_cluster_x_room_count_city_8||4.5+1,0.0
extra_trees,cat__geo_cluster_x_room_count_city_8||5+1,0.0
extra_trees,cat__geo_cluster_x_room_count_city_8||5+2,0.0
extra_trees,cat__geo_cluster_x_room_count_city_8||6+1,0.0
extra_trees,cat__geo_cluster_x_room_count_city_9||1.5+1,0.0
extra_trees,cat__geo_cluster_x_room_count_city_9||5+1,0.0
extra_trees,cat__geo_cluster_x_room_count_city_9||5+2,0.0
extra_trees,cat__geo_cluster_x_room_count_city_9||Stüdyo (1+0),0.0
extra_trees,cat__geo_cluster_x_room_count_missing||2+2,0.0
extra_trees,cat__geo_cluster_x_room_count_missing||2.5+1,0.0
extra_trees,cat__geo_cluster_x_room_count_missing||3+0,0.0
extra_trees,cat__geo_cluster_x_room_count_missing||3+2,0.0
extra_trees,cat__geo_cluster_x_room_count_missing||3.5+1,0.0
extra_trees,cat__geo_cluster_x_room_count_missing||4+2,0.0
extra_trees,cat__geo_cluster_x_room_count_missing||4.5+1,0.0
extra_trees,cat__geo_cluster_x_room_count_missing||7+1,0.0
extra_trees,cat__site_project_id_golcuk::yakamoz_konutlari,0.0
extra_trees,cat__site_project_id_kartepe::bahcekent_konutlari,0.0
extra_trees,cat__site_project_id_county_scoped_basiskele::kirazli_kent,0.0
extra_trees,cat__site_project_id_county_scoped_basiskele::mamik_life,0.0
extra_trees,cat__site_project_id_county_scoped_basiskele::ustpark_afraze,0.0
extra_trees,cat__site_project_id_county_scoped_golcuk::yakamoz_konutlari,0.0
extra_trees,cat__site_project_id_county_scoped_kartepe::bahcekent_konutlari,0.0
extra_trees,cat__site_project_x_county_basiskele::mamik_life__basiskele,0.0
extra_trees,cat__site_project_x_county_basiskele::ustgrup_mezire__basiskele,0.0
extra_trees,cat__site_project_x_county_golcuk::yakamoz_konutlari__golcuk,0.0
extra_trees,cat__site_project_x_county_kartepe::bahcekent_konutlari__kartepe,0.0
gradient_boosting,num__district_m2_group_target_median,0.13554276313934013
gradient_boosting,num__attr_total_quality_score,0.10325713014612345
gradient_boosting,num__district_room_count_target_median,0.09229386573198235
gradient_boosting,num__attr_effect_building_age_bucket,0.07212136028857376
gradient_boosting,num__attr_m2_per_room,0.031557143713626876
gradient_boosting,num__location_baseline_log,0.031013769916385214
gradient_boosting,num__trend_sale_m2,0.02435206546570785
gradient_boosting,num__detail_effect_outside_mean,0.023537750764761042
gradient_boosting,num__detail_effect_total_mean,0.02194939997672761
gradient_boosting,num__attr_building_age_inverse,0.019663300794652942
gradient_boosting,num__location_baseline_m2,0.018864227466713634
gradient_boosting,num__detail_effect_subtype_sum,0.018533479326892265
gradient_boosting,num__attr_effect_elevator,0.016158610378797008
gradient_boosting,num__detail_effect_subtype_mean,0.01587319926227991
gradient_boosting,num__total_floors,0.014962249262980456
gradient_boosting,num__building_age,0.014309195515690681
gradient_boosting,num__estimated_monthly_rent_gross,0.013687180172672307
gradient_boosting,num__detail_effect_inside_sum,0.012483032453881732
gradient_boosting,num__demo_old_ratio,0.012238358613081283
gradient_boosting,num__detail_effect_inside_x_attr_quality,0.011324661473937198
gradient_boosting,num__detail_effect_outside_sum,0.010893746098644566
gradient_boosting,num__dues,0.010696569594259854
gradient_boosting,num__attr_quality_x_county_income,0.009610399510133424
gradient_boosting,num__attr_building_age_score,0.00937227175660425
gradient_boosting,cat__parking_Açık Otopark,0.009331682621104757
gradient_boosting,cat__usage_status_Mülk Sahibi,0.009075350081754335
gradient_boosting,num__demo_divorced_ratio,0.008439559102894437
gradient_boosting,num__demo_age_65_plus,0.008268721773631752
gradient_boosting,num__demo_population_density,0.007557591976625126
gradient_boosting,num__bathroom_count,0.007067095280903272
gradient_boosting,num__net_m2,0.006931988631282631
gradient_boosting,num__distance_to_coast_x_near_sea_zero,0.006461578284720714
gradient_boosting,num__detail_effect_inside_mean,0.006129508573722571
gradient_boosting,num__distance_to_coastline_m,0.0054323316498323775
gradient_boosting,num__detail_effect_outside_x_attr_quality,0.005250495016781668
gradient_boosting,num__attr_quality_x_demo_income,0.005013148309900749
gradient_boosting,num__demo_age_65_plus_count,0.004566842088262956
gradient_boosting,num__detail_effect_view_mean,0.004536762228379808
gradient_boosting,num__location_baseline_vs_trend,0.004479089189963611
gradient_boosting,num__distance_to_karamursel_center_m,0.004110433118872888
gradient_boosting,num__distance_to_district_centroid_m,0.003476052292564737
gradient_boosting,num__demo_atm_per_10k,0.00324903023504984
gradient_boosting,num__distance_to_coast_x_site_inside,0.003136220320497035
gradient_boosting,num__detail_effect_front_sum,0.0031000209288647535
gradient_boosting,num__basiskele_district_premium_bucket_mean,0.0029970086528917157
gradient_boosting,num__gross_m2,0.002910765048142712
gradient_boosting,num__detail_effect_total_x_attr_quality,0.0028933499889087586
gradient_boosting,num__trend_yield,0.002885267588869535
gradient_boosting,num__demo_workplace_density,0.002842643173379651
gradient_boosting,num__large_home_quality_x_m2,0.002607332020850297
gradient_boosting,num__site_project_known_premium_flag,0.0025423951902874354
gradient_boosting,num__attr_old_building_x_no_elevator,0.0025241067237641904
gradient_boosting,num__attr_effect_total_quality_bucket,0.002381211301397386
gradient_boosting,num__district_room_rent_m2_count,0.0023485359400695943
gradient_boosting,num__basiskele_detail_group_bucket_median,0.0023020906543811856
gradient_boosting,num__district_target_mean,0.0021927773147871056
gradient_boosting,num__detail_effect_county_total_sum,0.0021492547096596424
gradient_boosting,num__lon_centered_county,0.0019607968845034665
gradient_boosting,num__detail_effect_front_mean,0.0019471620119889156
gradient_boosting,num__attr_amenity_score,0.0019382859907213946
gradient_boosting,num__basiskele_premium_score,0.0019205630640863128
gradient_boosting,num__district_m2_group_rent_m2_count,0.0018995519315005522
gradient_boosting,num__distance_to_golcuk_center_m,0.0017482199675273025
gradient_boosting,cat__heating_Kombi (Doğalgaz),0.0017234779052110014
gradient_boosting,num__trend_count_sale,0.0017135266014343703
gradient_boosting,num__demo_car_per_capita,0.0017122127389954944
gradient_boosting,num__attr_quality_x_location_baseline,0.0016759747384131512
gradient_boosting,num__distance_to_yuvacik_m,0.0016578986485628723
gradient_boosting,num__bearing_from_district_centroid_sin,0.0016392329965706056
gradient_boosting,num__distance_to_county_centroid_m,0.0016298839171109056
gradient_boosting,num__net_gross_ratio,0.0015725054549326986
gradient_boosting,num__attr_heating_quality_score,0.0015465214376688043
gradient_boosting,num__detail_effect_negative_count,0.0015435543769989908
gradient_boosting,num__bearing_from_county_centroid_sin,0.0015416964898412287
gradient_boosting,num__distance_to_izmit_center_m,0.0014606069742618597
gradient_boosting,num__demo_age_55_64,0.001441182784763455
gradient_boosting,num__attr_compact_home_x_quality,0.0014396706069548899
gradient_boosting,num__detail_effect_total_sum,0.0013561357538174898
gradient_boosting,num__distance_to_coast_x_view_sea,0.0013511365424171901
gradient_boosting,num__bearing_from_county_centroid_cos,0.0013438927495447504
gradient_boosting,num__distance_to_basiskele_coast_m,0.0013295185659816704
gradient_boosting,num__detail_effect_used_count,0.0013201669835705592
gradient_boosting,num__lon,0.0012817865277415243
gradient_boosting,num__attr_net_gross_ratio,0.0012736892064482094
gradient_boosting,num__transport_score,0.0012658961993033864
gradient_boosting,num__attr_floor_ratio,0.0012459782139171557
gradient_boosting,num__detail_effect_total_abs_sum,0.0012403066225482207
gradient_boosting,num__remaining_floors,0.001221306900468773
gradient_boosting,num__distance_to_coast_x_large_home,0.0011699546276070123
gradient_boosting,num__detail_effect_nearby_mean,0.0011692974679078873
gradient_boosting,num__attr_effect_heating_quality_bucket,0.001165934337719861
gradient_boosting,num__location_baseline_level_code,0.0011645644396084502
gradient_boosting,num__detail_effect_transport_mean,0.0011440739748683505
gradient_boosting,num__distance_to_bahcecik_m,0.0011392663923136032
gradient_boosting,num__lat_centered_city,0.0011137274001386697
gradient_boosting,num__district_m2_group_rent_m2_median,0.0010760641749460549
gradient_boosting,num__detail_selected_count,0.0010610373550483147
gradient_boosting,num__detail_near_count,0.0010383493735751752
gradient_boosting,num__detail_outside_count,0.0009972319255524605
gradient_boosting,num__demo_ses_a_plus_count,0.0009639325314231915
gradient_boosting,num__district_room_rent_m2_median,0.0009581877519249648
gradient_boosting,num__is_old_building,0.0009441457185645917
gradient_boosting,num__detail_effect_view_x_location_baseline,0.0008917169495957201
gradient_boosting,num__demo_density_vs_county,0.000881180651984265
gradient_boosting,num__demo_ses_cd_diff_county,0.000849874774045501
gradient_boosting,num__distance_to_sahil_m,0.0008112363526980319
gradient_boosting,num__large_home_room_density,0.0007921099181881982
gradient_boosting,num__floor_ratio,0.0007509169464230451
gradient_boosting,num__lat_centered_county,0.0007265980887626942
gradient_boosting,num__demo_middle_ratio,0.0007181288971941377
gradient_boosting,num__basiskele_premium_x_new_building,0.0007171877117076974
gradient_boosting,num__basiskele_premium_x_location_baseline,0.0007072739307860233
gradient_boosting,num__detail_effect_view_sum,0.0007040778691402768
gradient_boosting,num__demo_age_0_14,0.0006986506228721104
gradient_boosting,num__lat,0.0006958937936352719
gradient_boosting,num__demo_young_ratio,0.0006610310230583707
gradient_boosting,num__attr_quality_x_district_median,0.0006599339623362763
gradient_boosting,num__attr_new_building_x_site_inside,0.0006487590443160924
gradient_boosting,num__distance_to_kullar_m,0.0006458606913106303
gradient_boosting,num__demo_ses_a_ratio,0.0006367195551183474
gradient_boosting,num__county_room_count_target_median,0.0006226085182180743
gradient_boosting,num__demo_household_size,0.0006210322289315043
gradient_boosting,num__large_home_detail_premium_x_m2,0.0006150642591738986
gradient_boosting,num__trend_sale_annual_change,0.0005984819597078495
gradient_boosting,num__demo_residential_density,0.0005904906051801138
gradient_boosting,num__attr_is_old_building,0.00057885978904163
gradient_boosting,num__demo_atm_count,0.000569185899206993
gradient_boosting,cat__site_project_id_county_scoped_missing,0.0005655457314128062
gradient_boosting,num__detail_effect_district_total_sum,0.0005648966083702275
gradient_boosting,num__demo_education_high_school_count,0.0005538368319189488
gradient_boosting,num__bearing_from_district_centroid_cos,0.0005339785788678399
gradient_boosting,num__estimated_rent_m2_gross,0.00053118708113424
gradient_boosting,num__demo_vehicle_per_capita,0.0005278547180047725
gradient_boosting,num__district_rent_m2_iqr,0.0005222802733042731
gradient_boosting,num__basiskele_district_premium_bucket_median,0.0005099361307131823
gradient_boosting,num__demo_widow_ratio,0.0005004196095557029
gradient_boosting,cat__detail_manzara_Deniz,0.0004859982365902272
gradient_boosting,num__demo_ses_a_plus_ratio,0.00046440423005921486
gradient_boosting,num__large_home_m2_excess,0.0004637975715095377
gradient_boosting,num__demo_young_ratio_diff_county,0.0004561878724474507
gradient_boosting,num__demo_household_income_vs_county,0.0004548766199274235
gradient_boosting,num__detail_transport_count,0.00044921226363205135
gradient_boosting,num__lon_centered_city,0.0004478008910182862
gradient_boosting,num__demo_age_15_24,0.0004435404798342393
gradient_boosting,num__distance_to_geo_cluster_center_m,0.0004426955824729543
gradient_boosting,num__district_rent_m2_median,0.00043177499299769693
gradient_boosting,num__demo_pharmacy_per_10k,0.00042393716142935143
gradient_boosting,num__demo_education_graduate_count,0.00041372684532952903
gradient_boosting,num__district_rent_m2_count,0.0003943351194034791
gradient_boosting,num__demo_per_capita_income_try,0.0003821899915809276
gradient_boosting,cat__geo_cluster_x_room_count_city_2||3+1,0.0003783109397202125
gradient_boosting,num__district_target_median,0.0003741708927074602
gradient_boosting,num__detail_inside_count,0.0003631477496589075
gradient_boosting,num__detail_effect_level_code,0.000359810164411527
gradient_boosting,num__demo_workplace_count,0.0003456776149989033
gradient_boosting,cat__heating_Merkezi,0.00034124832557094596
gradient_boosting,cat__furnished_Hayır,0.00033390828260341853
gradient_boosting,num__county_demo_vehicle_count_sum,0.0003279020206177467
gradient_boosting,num__demo_high_school_diff_county,0.00032086600563522704
gradient_boosting,num__demo_widow_count,0.0003200232028146956
gradient_boosting,num__large_home_log_m2,0.00031842534980324063
gradient_boosting,num__large_home_net_gross_quality,0.000315663085393407
gradient_boosting,cat__building_age_group_0 (Oturuma Hazır),0.00031525562017470696
gradient_boosting,num__demo_pharmacy_count,0.0003145894831700266
gradient_boosting,cat__m2_group_76-100,0.00028983056369091587
gradient_boosting,num__district_rent_m2_cv,0.00028865883420419494
gradient_boosting,num__demo_divorced_count,0.00028104597089043565
gradient_boosting,num__location_quality_x_detail_effect_total,0.00027852237077818643
gradient_boosting,num__basiskele_detail_inside_premium_signal,0.00027685909928896996
gradient_boosting,num__trend_price_change_sale,0.00026730888618391483
gradient_boosting,num__basiskele_detail_total_premium_signal,0.00026657692663319485
gradient_boosting,num__floor_num,0.00026593599105558853
gradient_boosting,cat__geo_cluster_county_Karamürsel_0,0.00026090212342401247
gradient_boosting,num__demo_population_female,0.00024429426123183417
gradient_boosting,cat__geo_cluster_x_room_count_city_1||3+1,0.00022744652611502033
gradient_boosting,num__attr_large_home_x_quality,0.0002270112650469832
gradient_boosting,cat__detail_konut_tipi_En Üst Kat,0.00022552583001039453
gradient_boosting,cat__district_Alikahya Fatih Mah.,0.00022190036028820186
gradient_boosting,num__detail_view_count,0.00020912631601246697
gradient_boosting,cat__site_project_id_basiskele::yuvana_evleri,0.00020874243697406277
gradient_boosting,num__demo_ses_d_count,0.00020470132434429372
gradient_boosting,cat__geo_cluster_county_İzmit_1,0.00020366774962198768
gradient_boosting,num__basiskele_premium_x_detail_outside,0.0002034660295835294
gradient_boosting,num__demo_age_25_34_count,0.0001967019895726412
gradient_boosting,num__location_baseline_count,0.0001964490487998869
gradient_boosting,cat__demo_dominant_age_group_35-39,0.0001773656205100781
gradient_boosting,cat__usage_status_Kiracılı,0.00017403555657108884
gradient_boosting,cat__site_project_match_source_site_name,0.00017371362358686607
gradient_boosting,cat__detail_manzara_Boğaz|Deniz|Doğa|Park & Yeşil Alan|Şehir,0.00017041017763795457
gradient_boosting,num__attr_net_gross_bad,0.0001648511333832118
gradient_boosting,num__detail_effect_positive_count,0.00016430232297449644
gradient_boosting,num__basiskele_premium_x_district_target_median,0.0001623338161245065
gradient_boosting,cat__building_age_group_21-25 arası,0.00016153177585010407
gradient_boosting,cat__building_age_group_31 ve üzeri,0.00015722153380556223
gradient_boosting,cat__building_age_group_26-30 arası,0.00015348329479752577
gradient_boosting,num__demo_bank_count,0.0001517192772765076
gradient_boosting,cat__district_Alikahya Atatürk Mh.,0.00015083181288901563
gradient_boosting,cat__demo_dominant_age_group_30-34,0.0001507309589797887
gradient_boosting,num__basiskele_premium_x_detail_view,0.00015027572636067485
gradient_boosting,num__view_score,0.0001418517946927144
gradient_boosting,num__inside_quality_score,0.00013944232791480928
gradient_boosting,num__trend_rent_m2,0.00013143007623835635
gradient_boosting,num__demo_ses_ab_ratio,0.00012576340328743365
gradient_boosting,num__demo_old_ratio_diff_county,0.0001253827645298108
gradient_boosting,num__trend_listing_period_sale,0.00012144054927849479
gradient_boosting,num__demo_female_ratio,0.00012109376696179204
gradient_boosting,num__attr_effect_site_inside,0.00011946764791890675
gradient_boosting,cat__site_project_x_county_basiskele::zeray_gunesi__basiskele,0.00011805038240481674
gradient_boosting,cat__balcony_Var,0.00011683099706614633
gradient_boosting,num__demo_ses_c_ratio,0.00011419535835748178
gradient_boosting,num__basiskele_lat_lon_interaction,0.00011390146757889454
gradient_boosting,cat__detail_konut_tipi_Ara Kat,0.00011118716069921303
gradient_boosting,cat__floor_segment_Ara Kat,0.00010998174428328559
gradient_boosting,cat__floor_segment_Bahçe,0.00010970945680150246
gradient_boosting,num__large_home_site_x_m2,0.00010932214808115335
gradient_boosting,num__demo_ses_cd_ratio,0.0001057443396758134
gradient_boosting,cat__geo_cluster_x_room_count_city_5||3+1,0.000104590819658611
gradient_boosting,num__demo_male_ratio,0.00010359924018083324
gradient_boosting,cat__kitchen_Kapalı,0.00010335835087672993
gradient_boosting,num__detail_quality_score,9.878849014805547e-05
gradient_boosting,num__attr_compactness_score,9.352497216098937e-05
gradient_boosting,num__detail_effect_nearby_sum,8.727767634325362e-05
gradient_boosting,num__accessibility_score,7.319895460665242e-05
gradient_boosting,cat__detail_cephe_Güney,6.044772927194706e-05
gradient_boosting,cat__usage_status_Boş,5.9904319076588455e-05
gradient_boosting,num__demo_education_doctorate_count,5.933833840056574e-05
gradient_boosting,num__attr_floor_quality_score,5.903912392648279e-05
gradient_boosting,num__attr_is_middle_floor,5.038550161922295e-05
gradient_boosting,cat__m2_group_126-150,4.817980421132703e-05
gradient_boosting,cat__site_inside_Evet,2.2038694451397376e-05
gradient_boosting,cat__heating_Yerden Isıtma,1.368776691628885e-05
gradient_boosting,num__open_area_m2,0.0
gradient_boosting,num__has_open_area,0.0
gradient_boosting,num__is_ground_floor,0.0
gradient_boosting,num__is_basement,0.0
gradient_boosting,num__is_top_floor,0.0
gradient_boosting,num__is_middle_floor,0.0
gradient_boosting,num__rooms,0.0
gradient_boosting,num__living_rooms,0.0
gradient_boosting,num__total_room_score,0.0
gradient_boosting,num__is_new_building,0.0
gradient_boosting,num__is_small_flat,0.0
gradient_boosting,num__is_large_flat,0.0
gradient_boosting,num__detail_front_count,0.0
gradient_boosting,num__detail_subtype_count,0.0
gradient_boosting,num__front_score,0.0
gradient_boosting,num__nearby_score,0.0
gradient_boosting,num__outside_quality_score,0.0
gradient_boosting,num__site_security_score,0.0
gradient_boosting,num__district_rent_m2_mean,0.0
gradient_boosting,num__county_rent_m2_median,0.0
gradient_boosting,num__county_rent_m2_mean,0.0
gradient_boosting,num__county_rent_m2_count,0.0
gradient_boosting,num__rent_feature_confidence,0.0
gradient_boosting,num__trend_count_rent,0.0
gradient_boosting,num__county_target_median,0.0
gradient_boosting,num__county_target_mean,0.0
gradient_boosting,num__demo_population_total,0.0
gradient_boosting,num__demo_population_male,0.0
gradient_boosting,num__demo_young_count,0.0
gradient_boosting,num__demo_middle_count,0.0
gradient_boosting,num__demo_old_count,0.0
gradient_boosting,num__demo_married_ratio,0.0
gradient_boosting,num__demo_single_ratio,0.0
gradient_boosting,num__demo_never_married_count,0.0
gradient_boosting,num__demo_married_count,0.0
gradient_boosting,num__demo_age_25_34,0.0
gradient_boosting,num__demo_age_35_44,0.0
gradient_boosting,num__demo_age_45_54,0.0
gradient_boosting,num__demo_age_0_14_count,0.0
gradient_boosting,num__demo_age_15_24_count,0.0
gradient_boosting,num__demo_age_35_44_count,0.0
gradient_boosting,num__demo_age_45_54_count,0.0
gradient_boosting,num__demo_age_55_64_count,0.0
gradient_boosting,num__demo_education_total,0.0
gradient_boosting,num__demo_education_university_ratio,0.0
gradient_boosting,num__demo_education_university_count,0.0
gradient_boosting,num__demo_education_high_school_ratio,0.0
gradient_boosting,num__demo_education_middle_school_ratio,0.0
gradient_boosting,num__demo_education_middle_school_count,0.0
gradient_boosting,num__demo_education_primary_school_ratio,0.0
gradient_boosting,num__demo_education_primary_school_count,0.0
gradient_boosting,num__demo_education_primary_education_ratio,0.0
gradient_boosting,num__demo_education_graduate_ratio,0.0
gradient_boosting,num__demo_education_doctorate_ratio,0.0
gradient_boosting,num__demo_education_non_literate_ratio,0.0
gradient_boosting,num__demo_education_unknown_ratio,0.0
gradient_boosting,num__demo_ses_a_count,0.0
gradient_boosting,num__demo_ses_b_count,0.0
gradient_boosting,num__demo_ses_c_count,0.0
gradient_boosting,num__demo_ses_b_ratio,0.0
gradient_boosting,num__demo_ses_d_ratio,0.0
gradient_boosting,num__demo_household_count,0.0
gradient_boosting,num__demo_household_income_try,0.0
gradient_boosting,num__demo_residential_count,0.0
gradient_boosting,num__demo_summer_house_count,0.0
gradient_boosting,num__demo_vehicle_count,0.0
gradient_boosting,num__demo_car_count,0.0
gradient_boosting,num__county_demo_population_total_sum,0.0
gradient_boosting,num__county_demo_population_density_median,0.0
gradient_boosting,num__county_demo_population_density_mean,0.0
gradient_boosting,num__county_demo_per_capita_income_median,0.0
gradient_boosting,num__county_demo_household_income_median,0.0
gradient_boosting,num__county_demo_household_size_mean,0.0
gradient_boosting,num__county_demo_education_university_ratio_mean,0.0
gradient_boosting,num__county_demo_education_high_school_ratio_mean,0.0
gradient_boosting,num__county_demo_ses_ab_ratio_mean,0.0
gradient_boosting,num__county_demo_ses_cd_ratio_mean,0.0
gradient_boosting,num__county_demo_old_ratio_mean,0.0
gradient_boosting,num__county_demo_young_ratio_mean,0.0
gradient_boosting,num__county_demo_married_ratio_mean,0.0
gradient_boosting,num__county_demo_single_ratio_mean,0.0
gradient_boosting,num__county_demo_residential_count_sum,0.0
gradient_boosting,num__county_demo_workplace_count_sum,0.0
gradient_boosting,num__county_demo_car_count_sum,0.0
gradient_boosting,num__county_demo_atm_count_sum,0.0
gradient_boosting,num__county_demo_pharmacy_count_sum,0.0
gradient_boosting,num__county_demo_bank_count_sum,0.0
gradient_boosting,num__demo_income_vs_county,0.0
gradient_boosting,num__demo_university_diff_county,0.0
gradient_boosting,num__demo_ses_ab_diff_county,0.0
gradient_boosting,num__demo_bank_per_10k,0.0
gradient_boosting,num__demo_has_demographics,0.0
gradient_boosting,num__demo_has_county_demographics,0.0
gradient_boosting,num__demo_age_coverage,0.0
gradient_boosting,num__demo_education_coverage,0.0
gradient_boosting,num__demo_income_available,0.0
gradient_boosting,num__demo_ses_available,0.0
gradient_boosting,num__demo_market_activity_available,0.0
gradient_boosting,num__demo_infrastructure_available,0.0
gradient_boosting,num__demo_coverage_score,0.0
gradient_boosting,num__demo_real_estate_agent_count,0.0
gradient_boosting,num__demo_agent_listing_count,0.0
gradient_boosting,num__demo_owner_listing_count,0.0
gradient_boosting,num__demo_sale_count,0.0
gradient_boosting,num__demo_mortgage_count,0.0
gradient_boosting,num__demo_turnover_ratio,0.0
gradient_boosting,num__demo_computed_turnover_ratio,0.0
gradient_boosting,num__demo_listing_count_2024,0.0
gradient_boosting,num__demo_bb_sale_count_2024,0.0
gradient_boosting,num__demo_bb_mortgaged_sale_count_2024,0.0
gradient_boosting,num__county_demo_sale_count_sum,0.0
gradient_boosting,num__county_demo_turnover_ratio_median,0.0
gradient_boosting,num__demo_turnover_vs_county,0.0
gradient_boosting,num__demo_saving_total,0.0
gradient_boosting,num__demo_expense_total,0.0
gradient_boosting,num__demo_expense_food,0.0
gradient_boosting,num__demo_expense_shelter,0.0
gradient_boosting,num__demo_expense_transportation,0.0
gradient_boosting,num__demo_expense_education,0.0
gradient_boosting,num__demo_ecommerce_count,0.0
gradient_boosting,num__demo_ecommerce_density,0.0
gradient_boosting,num__demo_online_retail,0.0
gradient_boosting,num__attr_is_new_building,0.0
gradient_boosting,num__attr_is_young_building,0.0
gradient_boosting,num__attr_is_mid_age_building,0.0
gradient_boosting,num__attr_is_ground_or_below,0.0
gradient_boosting,num__attr_is_top_floor,0.0
gradient_boosting,num__attr_net_gross_good,0.0
gradient_boosting,num__attr_has_elevator,0.0
gradient_boosting,num__attr_has_parking,0.0
gradient_boosting,num__attr_has_balcony,0.0
gradient_boosting,num__attr_is_furnished,0.0
gradient_boosting,num__attr_is_site_inside,0.0
gradient_boosting,num__attr_credit_eligible,0.0
gradient_boosting,num__attr_has_natural_gas_heating,0.0
gradient_boosting,num__attr_has_premium_heating,0.0
gradient_boosting,num__attr_has_poor_heating,0.0
gradient_boosting,num__attr_effect_parking,0.0
gradient_boosting,num__attr_county_new_building_premium,0.0
gradient_boosting,num__attr_county_old_building_discount,0.0
gradient_boosting,num__attr_county_elevator_premium,0.0
gradient_boosting,num__attr_county_site_inside_premium,0.0
gradient_boosting,num__attr_county_parking_premium,0.0
gradient_boosting,num__attr_county_good_heating_premium,0.0
gradient_boosting,num__attr_county_high_quality_premium,0.0
gradient_boosting,num__detail_effect_transport_sum,0.0
gradient_boosting,num__large_home_basiskele_premium,0.0
gradient_boosting,num__basiskele_detail_outside_premium_signal,0.0
gradient_boosting,num__basiskele_detail_view_premium_signal,0.0
gradient_boosting,num__basiskele_detail_subtype_premium_signal,0.0
gradient_boosting,num__basiskele_has_pool_signal,0.0
gradient_boosting,num__basiskele_has_security_signal,0.0
gradient_boosting,num__basiskele_has_social_luxury_signal,0.0
gradient_boosting,num__basiskele_has_view_signal,0.0
gradient_boosting,num__basiskele_has_inside_luxury_signal,0.0
gradient_boosting,num__basiskele_site_premium_signal,0.0
gradient_boosting,num__basiskele_premium_bucket_low,0.0
gradient_boosting,num__basiskele_premium_bucket_mid,0.0
gradient_boosting,num__basiskele_premium_bucket_high,0.0
gradient_boosting,num__basiskele_premium_x_gross_m2,0.0
gradient_boosting,num__basiskele_premium_x_large_home,0.0
gradient_boosting,num__basiskele_premium_x_site_inside,0.0
gradient_boosting,num__basiskele_district_premium_bucket_count,0.0
gradient_boosting,num__basiskele_premium_bucket_county_median,0.0
gradient_boosting,num__basiskele_premium_bucket_county_mean,0.0
gradient_boosting,num__basiskele_large_home_premium_bucket_median,0.0
gradient_boosting,num__has_lat_lon,0.0
gradient_boosting,num__location_precision_exact,0.0
gradient_boosting,num__location_precision_approx,0.0
gradient_boosting,num__location_precision_district_only,0.0
gradient_boosting,num__location_precision_missing,0.0
gradient_boosting,num__location_source_data_attr_map,0.0
gradient_boosting,num__location_backfill_ok,0.0
gradient_boosting,num__location_backfill_listing_removed,0.0
gradient_boosting,num__location_quality_score,0.0
gradient_boosting,num__is_coastal_500m,0.0
gradient_boosting,num__is_coastal_1000m,0.0
gradient_boosting,num__is_coastal_2000m,0.0
gradient_boosting,num__basiskele_distance_to_coast_x_large_home,0.0
gradient_boosting,num__basiskele_distance_to_coast_x_quality,0.0
gradient_boosting,num__geo_context_missing,0.0
gradient_boosting,num__geo_context_has_exact_location,0.0
gradient_boosting,num__geo_context_has_approx_location,0.0
gradient_boosting,num__distance_to_sea_m,0.0
gradient_boosting,num__log_distance_to_sea,0.0
gradient_boosting,num__is_coastal_250m,0.0
gradient_boosting,num__coast_distance_bucket_code,0.0
gradient_boosting,num__coastal_access_score,0.0
gradient_boosting,num__bsk_distance_to_sea_x_view_sea,0.0
gradient_boosting,num__bsk_distance_to_sea_x_near_sea_zero,0.0
gradient_boosting,num__bsk_distance_to_sea_x_large_home,0.0
gradient_boosting,num__bsk_distance_to_sea_x_site_inside,0.0
gradient_boosting,num__bsk_distance_to_sea_x_quality,0.0
gradient_boosting,num__bsk_coastal_x_large_home,0.0
gradient_boosting,num__bsk_coastal_x_geo_cluster,0.0
gradient_boosting,num__bsk_coastal_x_room_4p1,0.0
gradient_boosting,num__has_site_project_id,0.0
gradient_boosting,num__site_project_listing_count,0.0
gradient_boosting,num__site_project_freq_bucket,0.0
gradient_boosting,num__site_project_county_frequency,0.0
gradient_boosting,num__county_site_project_count,0.0
gradient_boosting,cat__real_estate_type_Satılık Daire,0.0
gradient_boosting,cat__real_estate_type_Satılık Müstakil Ev,0.0
gradient_boosting,cat__real_estate_type_Satılık Rezidans,0.0
gradient_boosting,cat__real_estate_type_Satılık Villa,0.0
gradient_boosting,cat__real_estate_type_Satılık Yazlık,0.0
gradient_boosting,cat__room_count_1+1,0.0
gradient_boosting,cat__room_count_1.5+1,0.0
gradient_boosting,cat__room_count_2+0,0.0
gradient_boosting,cat__room_count_2+1,0.0
gradient_boosting,cat__room_count_2+2,0.0
gradient_boosting,cat__room_count_2.5+1,0.0
gradient_boosting,cat__room_count_3+0,0.0
gradient_boosting,cat__room_count_3+1,0.0
gradient_boosting,cat__room_count_3+2,0.0
gradient_boosting,cat__room_count_3.5+1,0.0
gradient_boosting,cat__room_count_4+1,0.0
gradient_boosting,cat__room_count_4+2,0.0
gradient_boosting,cat__room_count_4.5+1,0.0
gradient_boosting,cat__room_count_4.5+2,0.0
gradient_boosting,cat__room_count_5+1,0.0
gradient_boosting,cat__room_count_5+2,0.0
gradient_boosting,cat__room_count_5.5+1,0.0
gradient_boosting,cat__room_count_6+1,0.0
gradient_boosting,cat__room_count_6+2,0.0
gradient_boosting,cat__room_count_6+3,0.0
gradient_boosting,cat__room_count_7+1,0.0
gradient_boosting,cat__room_count_Stüdyo (1+0),0.0
gradient_boosting,cat__floor_segment_Bodrum,0.0
gradient_boosting,cat__floor_segment_En Üst Kat,0.0
gradient_boosting,cat__floor_segment_Zemin/Giriş,0.0
gradient_boosting,cat__floor_segment_missing,0.0
gradient_boosting,cat__floor_segment_Çatı,0.0
gradient_boosting,cat__heating_Doğalgaz Sobası,0.0
gradient_boosting,cat__heating_Kat Kaloriferi,0.0
gradient_boosting,cat__heating_Klima,0.0
gradient_boosting,cat__heating_Kombi (Elektrik),0.0
gradient_boosting,cat__heating_Merkezi (Pay Ölçer),0.0
gradient_boosting,cat__heating_Soba,0.0
gradient_boosting,cat__heating_VRV,0.0
gradient_boosting,cat__heating_Yok,0.0
gradient_boosting,cat__heating_missing,0.0
gradient_boosting,cat__kitchen_Açık (Amerikan),0.0
gradient_boosting,cat__kitchen_Belirtilmemiş,0.0
gradient_boosting,cat__balcony_Yok,0.0
gradient_boosting,cat__balcony_missing,0.0
gradient_boosting,cat__elevator_Belirtilmemiş,0.0
gradient_boosting,cat__elevator_Var,0.0
gradient_boosting,cat__elevator_Yok,0.0
gradient_boosting,cat__elevator_missing,0.0
gradient_boosting,cat__parking_Açık & Kapalı Otopark,0.0
gradient_boosting,cat__parking_Kapalı Otopark,0.0
gradient_boosting,cat__parking_Yok,0.0
gradient_boosting,cat__parking_missing,0.0
gradient_boosting,cat__furnished_Belirtilmemiş,0.0
gradient_boosting,cat__furnished_Evet,0.0
gradient_boosting,cat__furnished_missing,0.0
gradient_boosting,cat__usage_status_missing,0.0
gradient_boosting,cat__site_inside_Belirtilmemiş,0.0
gradient_boosting,cat__site_inside_Hayır,0.0
gradient_boosting,cat__site_inside_missing,0.0
gradient_boosting,cat__credit_eligible_missing,0.0
gradient_boosting,cat__energy_certificate_missing,0.0
gradient_boosting,cat__deed_status_missing,0.0
gradient_boosting,cat__seller_type_missing,0.0
gradient_boosting,cat__barter_missing,0.0
gradient_boosting,cat__city_Kocaeli,0.0
gradient_boosting,cat__county_Başiskele,0.0
gradient_boosting,cat__county_Gölcük,0.0
gradient_boosting,cat__county_Karamürsel,0.0
gradient_boosting,cat__county_Kartepe,0.0
gradient_boosting,cat__county_İzmit,0.0
gradient_boosting,cat__district_28 Haziran Mah.,0.0
gradient_boosting,cat__district_4 Temmuz Mah.,0.0
gradient_boosting,cat__district_Acısu Mh.,0.0
gradient_boosting,cat__district_Akarca Mah.,0.0
gradient_boosting,cat__district_Akpınar Mh.,0.0
gradient_boosting,cat__district_Akçakoca Mh.,0.0
gradient_boosting,cat__district_Alikahya Cumhuriyet Mah.,0.0
gradient_boosting,cat__district_Alikahya Merkez Mah.,0.0
gradient_boosting,cat__district_Altınkent Mh.,0.0
gradient_boosting,cat__district_Arslanbey Mh.,0.0
gradient_boosting,cat__district_Arızlı Mh.,0.0
gradient_boosting,cat__district_Ataevler Mh.,0.0
gradient_boosting,cat__district_Atakent Mah.,0.0
gradient_boosting,cat__district_Atatürk Mh.,0.0
gradient_boosting,cat__district_Ataşehir Mh.,0.0
gradient_boosting,cat__district_Avcıköy Mh.,0.0
gradient_boosting,cat__district_Ayazma Mah.,0.0
gradient_boosting,cat__district_Aydınkent Mh.,0.0
gradient_boosting,cat__district_Bahçecik Kılıçaslan Mh.,0.0
gradient_boosting,cat__district_Bahçecik Şehitekrem Mh.,0.0
gradient_boosting,cat__district_Barbaros Mah.,0.0
gradient_boosting,cat__district_Bekirdere Mah.,0.0
gradient_boosting,cat__district_Cedit Mah.,0.0
gradient_boosting,cat__district_Cumhuriyet Mah.,0.0
gradient_boosting,cat__district_Damlar Mah.,0.0
gradient_boosting,cat__district_Derbent Mh.,0.0
gradient_boosting,cat__district_Dereköy Mh.,0.0
gradient_boosting,cat__district_Değirmendere Merkez Mh.,0.0
gradient_boosting,cat__district_Değirmendere Yalı Mh.,0.0
gradient_boosting,cat__district_Donanma Mah.,0.0
gradient_boosting,cat__district_Doğan Mh.,0.0
gradient_boosting,cat__district_Dumlupınar Mh.,0.0
gradient_boosting,cat__district_Durhasan Mh.,0.0
gradient_boosting,cat__district_Döngel Mh.,0.0
gradient_boosting,cat__district_Düzağaç Mh.,0.0
gradient_boosting,cat__district_Emekevler Mh.,0.0
gradient_boosting,cat__district_Erenler Mah.,0.0
gradient_boosting,cat__district_Ereğli Mh.,0.0
gradient_boosting,cat__district_Ertuğrul Gazi Mh.,0.0
gradient_boosting,cat__district_Fatih Mah.,0.0
gradient_boosting,cat__district_Fatih Sultan Mehmet Mh.,0.0
gradient_boosting,cat__district_Fevzi Çakmak Mh.,0.0
gradient_boosting,cat__district_Gültepe Mh.,0.0
gradient_boosting,cat__district_Gündoğdu Mh.,0.0
gradient_boosting,cat__district_Hacıhasan Mh.,0.0
gradient_boosting,cat__district_Hacıhızır Mh.,0.0
gradient_boosting,cat__district_Halıdere Yalı Mh.,0.0
gradient_boosting,cat__district_Halıdere Yeni Mh.,0.0
gradient_boosting,cat__district_Hatipköy Mh.,0.0
gradient_boosting,cat__district_Havuzlubahçe Mh.,0.0
gradient_boosting,cat__district_Hisareyn Merkez Mah.,0.0
gradient_boosting,cat__district_Kabaoğlu Mh.,0.0
gradient_boosting,cat__district_Kadıköy Mh.,0.0
gradient_boosting,cat__district_Karabaş Mh.,0.0
gradient_boosting,cat__district_Karadenizliler Mah.,0.0
gradient_boosting,cat__district_Karaköprü Mh.,0.0
gradient_boosting,cat__district_Karşıyaka Mh.,0.0
gradient_boosting,cat__district_Kavaklı Mh.,0.0
gradient_boosting,cat__district_Kayacık Mh.,0.0
gradient_boosting,cat__district_Kemalpaşa Mh.,0.0
gradient_boosting,cat__district_Kocatepe Mah.,0.0
gradient_boosting,cat__district_Kozluk Mah.,0.0
gradient_boosting,cat__district_Kullar Merkez Mh.,0.0
gradient_boosting,cat__district_Kullar Tepecik Mh.,0.0
gradient_boosting,cat__district_Kullar Yakacık Mh.,0.0
gradient_boosting,cat__district_Kuruçeşme Fatih Mh.,0.0
gradient_boosting,cat__district_Körfez Mh.,0.0
gradient_boosting,cat__district_Köseköy Mh.,0.0
gradient_boosting,cat__district_M. Alipaşa Mh.,0.0
gradient_boosting,cat__district_Mahmutpaşa Mh.,0.0
gradient_boosting,cat__district_Malta Mah.,0.0
gradient_boosting,cat__district_Maşukiye Mh.,0.0
gradient_boosting,cat__district_Merkez Mah.,0.0
gradient_boosting,cat__district_Orhan Mah.,0.0
gradient_boosting,cat__district_Paşadağ Mh.,0.0
gradient_boosting,cat__district_Piyalepaşa Mh.,0.0
gradient_boosting,cat__district_Rahmiye Mah.,0.0
gradient_boosting,cat__district_Sahil Mah.,0.0
gradient_boosting,cat__district_Sanayi Mah.,0.0
gradient_boosting,cat__district_Saraylı Mh.,0.0
gradient_boosting,cat__district_Sarımeşe Mh.,0.0
gradient_boosting,cat__district_Sekbanlı Mh.,0.0
gradient_boosting,cat__district_Sepetçi Mh.,0.0
gradient_boosting,cat__district_Serdar Mah.,0.0
gradient_boosting,cat__district_Seymen Mah.,0.0
gradient_boosting,cat__district_Tavşantepe Mh.,0.0
gradient_boosting,cat__district_Tepecik Mah.,0.0
gradient_boosting,cat__district_Tepecik Mh.,0.0
gradient_boosting,cat__district_Tepeköy Mh.,0.0
gradient_boosting,cat__district_Topçular Mh.,0.0
gradient_boosting,cat__district_Turgut Mah.,0.0
gradient_boosting,cat__district_Tüysüzler Mh.,0.0
gradient_boosting,cat__district_Ulaşlı Yalı Mh.,0.0
gradient_boosting,cat__district_Ulaşlı Yavuz Sultan Selim Mh.,0.0
gradient_boosting,cat__district_Uzuntarla Mh.,0.0
gradient_boosting,cat__district_Uzunçiftlik Mh.,0.0
gradient_boosting,cat__district_Veliahmet Mah.,0.0
gradient_boosting,cat__district_Vezirçiftliği Mh.,0.0
gradient_boosting,cat__district_Yahyakaptan Mah.,0.0
gradient_boosting,cat__district_Yalakdere Mh.,0.0
gradient_boosting,cat__district_Yaylacık Mh.,0.0
gradient_boosting,cat__district_Yazlık Merkez Mh.,0.0
gradient_boosting,cat__district_Yazlık Yeni Mh.,0.0
gradient_boosting,cat__district_Yeni Mah.,0.0
gradient_boosting,cat__district_Yenidoğan Mh.,0.0
gradient_boosting,cat__district_Yeniköy Merkez Mh.,0.0
gradient_boosting,cat__district_Yenişehir Mh.,0.0
gradient_boosting,cat__district_Yeşilkent Mh.,0.0
gradient_boosting,cat__district_Yeşilova Mh.,0.0
gradient_boosting,cat__district_Yeşilyurt Mh.,0.0
gradient_boosting,cat__district_Yukarı Mh.,0.0
gradient_boosting,cat__district_Yunus Emre Mah.,0.0
gradient_boosting,cat__district_Yuvacık Yakacık Mh.,0.0
gradient_boosting,cat__district_Yüzbaşılar Mh.,0.0
gradient_boosting,cat__district_Zabıtan Mh.,0.0
gradient_boosting,cat__district_Çayırköy Mh.,0.0
gradient_boosting,cat__district_Çepni Mh.,0.0
gradient_boosting,cat__district_Çiftlik Mh.,0.0
gradient_boosting,cat__district_Çukurbağ Mh.,0.0
gradient_boosting,cat__district_Ömerağa Mh.,0.0
gradient_boosting,cat__district_Örcün Mh.,0.0
gradient_boosting,cat__district_İbrikdere Mh.,0.0
gradient_boosting,cat__district_İhsaniye Merkez Mh.,0.0
gradient_boosting,cat__district_İpek Yolu Mh.,0.0
gradient_boosting,cat__district_İstasyon Mh.,0.0
gradient_boosting,cat__district_Şehitler Mh.,0.0
gradient_boosting,cat__district_Şevkatiye Mh.,0.0
gradient_boosting,cat__district_Şirinköy Mh.,0.0
gradient_boosting,cat__district_Şirintepe Mh.,0.0
gradient_boosting,cat__building_age_group_0 (Yapım Aşamasında),0.0
gradient_boosting,cat__building_age_group_1,0.0
gradient_boosting,cat__building_age_group_11-15 arası,0.0
gradient_boosting,cat__building_age_group_16-20 arası,0.0
gradient_boosting,cat__building_age_group_2,0.0
gradient_boosting,cat__building_age_group_3,0.0
gradient_boosting,cat__building_age_group_4,0.0
gradient_boosting,cat__building_age_group_5,0.0
gradient_boosting,cat__building_age_group_6-10 arası,0.0
gradient_boosting,cat__building_age_group_missing,0.0
gradient_boosting,cat__m2_group_0-75,0.0
gradient_boosting,cat__m2_group_101-125,0.0
gradient_boosting,cat__m2_group_151-200,0.0
gradient_boosting,cat__m2_group_200+,0.0
gradient_boosting,cat__detail_cephe_Batı,0.0
gradient_boosting,cat__detail_cephe_Batı|Doğu,0.0
gradient_boosting,cat__detail_cephe_Batı|Doğu|Güney,0.0
gradient_boosting,cat__detail_cephe_Batı|Doğu|Güney|Kuzey,0.0
gradient_boosting,cat__detail_cephe_Batı|Doğu|Kuzey,0.0
gradient_boosting,cat__detail_cephe_Batı|Güney,0.0
gradient_boosting,cat__detail_cephe_Batı|Güney|Kuzey,0.0
gradient_boosting,cat__detail_cephe_Batı|Kuzey,0.0
gradient_boosting,cat__detail_cephe_Doğu,0.0
gradient_boosting,cat__detail_cephe_Doğu|Güney,0.0
gradient_boosting,cat__detail_cephe_Doğu|Güney|Kuzey,0.0
gradient_boosting,cat__detail_cephe_Doğu|Kuzey,0.0
gradient_boosting,cat__detail_cephe_Güney|Kuzey,0.0
gradient_boosting,cat__detail_cephe_Kuzey,0.0
gradient_boosting,cat__detail_cephe_missing,0.0
gradient_boosting,cat__detail_manzara_Boğaz|Deniz,0.0
gradient_boosting,cat__detail_manzara_Boğaz|Deniz|Doğa,0.0
gradient_boosting,cat__detail_manzara_Boğaz|Deniz|Doğa|Göl|Havuz|Nehir|Park & Yeşil Alan|Şehir,0.0
gradient_boosting,cat__detail_manzara_Boğaz|Deniz|Doğa|Göl|Park & Yeşil Alan|Şehir,0.0
gradient_boosting,cat__detail_manzara_Boğaz|Deniz|Doğa|Havuz|Park & Yeşil Alan|Şehir,0.0
gradient_boosting,cat__detail_manzara_Boğaz|Deniz|Doğa|Park & Yeşil Alan,0.0
gradient_boosting,cat__detail_manzara_Boğaz|Deniz|Doğa|Şehir,0.0
gradient_boosting,cat__detail_manzara_Boğaz|Deniz|Göl|Park & Yeşil Alan,0.0
gradient_boosting,cat__detail_manzara_Boğaz|Deniz|Park & Yeşil Alan,0.0
gradient_boosting,cat__detail_manzara_Boğaz|Deniz|Park & Yeşil Alan|Şehir,0.0
gradient_boosting,cat__detail_manzara_Boğaz|Deniz|Şehir,0.0
gradient_boosting,cat__detail_manzara_Boğaz|Doğa|Havuz|Park & Yeşil Alan,0.0
gradient_boosting,cat__detail_manzara_Boğaz|Doğa|Park & Yeşil Alan,0.0
gradient_boosting,cat__detail_manzara_Boğaz|Doğa|Park & Yeşil Alan|Şehir,0.0
gradient_boosting,cat__detail_manzara_Deniz|Doğa,0.0
gradient_boosting,cat__detail_manzara_Deniz|Doğa|Göl|Park & Yeşil Alan,0.0
gradient_boosting,cat__detail_manzara_Deniz|Doğa|Göl|Park & Yeşil Alan|Şehir,0.0
gradient_boosting,cat__detail_manzara_Deniz|Doğa|Havuz,0.0
gradient_boosting,cat__detail_manzara_Deniz|Doğa|Havuz|Park & Yeşil Alan,0.0
gradient_boosting,cat__detail_manzara_Deniz|Doğa|Havuz|Park & Yeşil Alan|Şehir,0.0
gradient_boosting,cat__detail_manzara_Deniz|Doğa|Havuz|Şehir,0.0
gradient_boosting,cat__detail_manzara_Deniz|Doğa|Nehir|Park & Yeşil Alan|Şehir,0.0
gradient_boosting,cat__detail_manzara_Deniz|Doğa|Park & Yeşil Alan,0.0
gradient_boosting,cat__detail_manzara_Deniz|Doğa|Park & Yeşil Alan|Şehir,0.0
gradient_boosting,cat__detail_manzara_Deniz|Doğa|Şehir,0.0
gradient_boosting,cat__detail_manzara_Deniz|Göl|Şehir,0.0
gradient_boosting,cat__detail_manzara_Deniz|Havuz,0.0
gradient_boosting,cat__detail_manzara_Deniz|Havuz|Park & Yeşil Alan,0.0
gradient_boosting,cat__detail_manzara_Deniz|Havuz|Park & Yeşil Alan|Şehir,0.0
gradient_boosting,cat__detail_manzara_Deniz|Havuz|Şehir,0.0
gradient_boosting,cat__detail_manzara_Deniz|Nehir|Park & Yeşil Alan,0.0
gradient_boosting,cat__detail_manzara_Deniz|Park & Yeşil Alan,0.0
gradient_boosting,cat__detail_manzara_Deniz|Park & Yeşil Alan|Şehir,0.0
gradient_boosting,cat__detail_manzara_Deniz|Şehir,0.0
gradient_boosting,cat__detail_manzara_Doğa,0.0
gradient_boosting,cat__detail_manzara_Doğa|Göl,0.0
gradient_boosting,cat__detail_manzara_Doğa|Göl|Havuz|Park & Yeşil Alan|Şehir,0.0
gradient_boosting,cat__detail_manzara_Doğa|Göl|Havuz|Şehir,0.0
gradient_boosting,cat__detail_manzara_Doğa|Göl|Park & Yeşil Alan,0.0
gradient_boosting,cat__detail_manzara_Doğa|Göl|Park & Yeşil Alan|Şehir,0.0
gradient_boosting,cat__detail_manzara_Doğa|Göl|Şehir,0.0
gradient_boosting,cat__detail_manzara_Doğa|Havuz,0.0
gradient_boosting,cat__detail_manzara_Doğa|Havuz|Park & Yeşil Alan,0.0
gradient_boosting,cat__detail_manzara_Doğa|Havuz|Park & Yeşil Alan|Şehir,0.0
gradient_boosting,cat__detail_manzara_Doğa|Havuz|Şehir,0.0
gradient_boosting,cat__detail_manzara_Doğa|Nehir|Park & Yeşil Alan,0.0
gradient_boosting,cat__detail_manzara_Doğa|Nehir|Park & Yeşil Alan|Şehir,0.0
gradient_boosting,cat__detail_manzara_Doğa|Park & Yeşil Alan,0.0
gradient_boosting,cat__detail_manzara_Doğa|Park & Yeşil Alan|Şehir,0.0
gradient_boosting,cat__detail_manzara_Doğa|Şehir,0.0
gradient_boosting,cat__detail_manzara_Göl,0.0
gradient_boosting,cat__detail_manzara_Göl|Havuz,0.0
gradient_boosting,cat__detail_manzara_Göl|Havuz|Park & Yeşil Alan,0.0
gradient_boosting,cat__detail_manzara_Göl|Park & Yeşil Alan,0.0
gradient_boosting,cat__detail_manzara_Göl|Park & Yeşil Alan|Şehir,0.0
gradient_boosting,cat__detail_manzara_Göl|Şehir,0.0
gradient_boosting,cat__detail_manzara_Havuz,0.0
gradient_boosting,cat__detail_manzara_Havuz|Park & Yeşil Alan,0.0
gradient_boosting,cat__detail_manzara_Havuz|Park & Yeşil Alan|Şehir,0.0
gradient_boosting,cat__detail_manzara_Havuz|Şehir,0.0
gradient_boosting,cat__detail_manzara_Park & Yeşil Alan,0.0
gradient_boosting,cat__detail_manzara_Park & Yeşil Alan|Şehir,0.0
gradient_boosting,cat__detail_manzara_missing,0.0
gradient_boosting,cat__detail_manzara_Şehir,0.0
gradient_boosting,cat__detail_konut_tipi_Ara Kat Dubleks,0.0
gradient_boosting,cat__detail_konut_tipi_Ara Kat|Ara Kat Dubleks,0.0
gradient_boosting,cat__detail_konut_tipi_Ara Kat|Bahçe Dubleksi,0.0
gradient_boosting,cat__detail_konut_tipi_Ara Kat|Bahçe Dubleksi|Çatı Dubleksi,0.0
gradient_boosting,cat__detail_konut_tipi_Ara Kat|Tripleks,0.0
gradient_boosting,cat__detail_konut_tipi_Ara Kat|Çatı Dubleksi,0.0
gradient_boosting,cat__detail_konut_tipi_Bahçe Dubleksi,0.0
gradient_boosting,cat__detail_konut_tipi_Bahçe Dubleksi|Ters Dubleks,0.0
gradient_boosting,cat__detail_konut_tipi_Bahçe Dubleksi|Tripleks,0.0
gradient_boosting,cat__detail_konut_tipi_Bahçe Dubleksi|Çatı Dubleksi,0.0
gradient_boosting,cat__detail_konut_tipi_Dubleks,0.0
gradient_boosting,cat__detail_konut_tipi_Dubleks|Ara Kat,0.0
gradient_boosting,cat__detail_konut_tipi_Dubleks|Ara Kat Dubleks,0.0
gradient_boosting,cat__detail_konut_tipi_Dubleks|Ara Kat Dubleks|Ters Dubleks,0.0
gradient_boosting,cat__detail_konut_tipi_Dubleks|Ara Kat|Ara Kat Dubleks,0.0
gradient_boosting,cat__detail_konut_tipi_Dubleks|Ara Kat|Ara Kat Dubleks|Bahçe Dubleksi,0.0
gradient_boosting,cat__detail_konut_tipi_Dubleks|Ara Kat|Ara Kat Dubleks|Bahçe Dubleksi|Ters Dubleks,0.0
gradient_boosting,cat__detail_konut_tipi_Dubleks|Ara Kat|Ara Kat Dubleks|Ters Dubleks,0.0
gradient_boosting,cat__detail_konut_tipi_Dubleks|Ara Kat|Bahçe Dubleksi,0.0
gradient_boosting,cat__detail_konut_tipi_Dubleks|Ara Kat|Bahçe Dubleksi|Ters Dubleks,0.0
gradient_boosting,cat__detail_konut_tipi_Dubleks|Ara Kat|Bahçe Dubleksi|Çatı Dubleksi|Ters Dubleks,0.0
gradient_boosting,cat__detail_konut_tipi_Dubleks|Ara Kat|Çatı Dubleksi,0.0
gradient_boosting,cat__detail_konut_tipi_Dubleks|Bahçe Dubleksi,0.0
gradient_boosting,cat__detail_konut_tipi_Dubleks|Bahçe Dubleksi|Ters Dubleks,0.0
gradient_boosting,cat__detail_konut_tipi_Dubleks|Bahçe Dubleksi|Çatı Dubleksi,0.0
gradient_boosting,cat__detail_konut_tipi_Dubleks|En Üst Kat,0.0
gradient_boosting,cat__detail_konut_tipi_Dubleks|En Üst Kat|Ara Kat,0.0
gradient_boosting,cat__detail_konut_tipi_Dubleks|En Üst Kat|Ara Kat Dubleks|Bahçe Dubleksi|Çatı Dubleksi|Forleks|Ters Dubleks|Tripleks,0.0
gradient_boosting,cat__detail_konut_tipi_Dubleks|En Üst Kat|Ara Kat Dubleks|Bahçe Dubleksi|Çatı Dubleksi|Ters Dubleks,0.0
gradient_boosting,cat__detail_konut_tipi_Dubleks|En Üst Kat|Ara Kat Dubleks|Çatı Dubleksi|Ters Dubleks,0.0
gradient_boosting,cat__detail_konut_tipi_Dubleks|En Üst Kat|Ara Kat Dubleks|Çatı Dubleksi|Ters Dubleks|Tripleks,0.0
gradient_boosting,cat__detail_konut_tipi_Dubleks|En Üst Kat|Ara Kat|Ara Kat Dubleks|Bahçe Dubleksi|Çatı Dubleksi|Forleks|Ters Dubleks,0.0
gradient_boosting,cat__detail_konut_tipi_Dubleks|En Üst Kat|Ara Kat|Ara Kat Dubleks|Bahçe Dubleksi|Çatı Dubleksi|Forleks|Ters Dubleks|Tripleks,0.0
gradient_boosting,cat__detail_konut_tipi_Dubleks|En Üst Kat|Ara Kat|Ara Kat Dubleks|Bahçe Dubleksi|Çatı Dubleksi|Ters Dubleks,0.0
gradient_boosting,cat__detail_konut_tipi_Dubleks|En Üst Kat|Ara Kat|Ara Kat Dubleks|Bahçe Dubleksi|Çatı Dubleksi|Ters Dubleks|Tripleks,0.0
gradient_boosting,cat__detail_konut_tipi_Dubleks|En Üst Kat|Ara Kat|Ara Kat Dubleks|Çatı Dubleksi,0.0
gradient_boosting,cat__detail_konut_tipi_Dubleks|En Üst Kat|Ara Kat|Ara Kat Dubleks|Çatı Dubleksi|Forleks|Ters Dubleks|Tripleks,0.0
gradient_boosting,cat__detail_konut_tipi_Dubleks|En Üst Kat|Ara Kat|Ara Kat Dubleks|Çatı Dubleksi|Ters Dubleks,0.0
gradient_boosting,cat__detail_konut_tipi_Dubleks|En Üst Kat|Ara Kat|Bahçe Dubleksi,0.0
gradient_boosting,cat__detail_konut_tipi_Dubleks|En Üst Kat|Ara Kat|Bahçe Dubleksi|Çatı Dubleksi,0.0
gradient_boosting,cat__detail_konut_tipi_Dubleks|En Üst Kat|Ara Kat|Çatı Dubleksi,0.0
gradient_boosting,cat__detail_konut_tipi_Dubleks|En Üst Kat|Ara Kat|Çatı Dubleksi|Ters Dubleks,0.0
gradient_boosting,cat__detail_konut_tipi_Dubleks|En Üst Kat|Ters Dubleks,0.0
gradient_boosting,cat__detail_konut_tipi_Dubleks|En Üst Kat|Çatı Dubleksi,0.0
gradient_boosting,cat__detail_konut_tipi_Dubleks|En Üst Kat|Çatı Dubleksi|Ters Dubleks,0.0
gradient_boosting,cat__detail_konut_tipi_Dubleks|Ters Dubleks,0.0
gradient_boosting,cat__detail_konut_tipi_Dubleks|Çatı Dubleksi,0.0
gradient_boosting,cat__detail_konut_tipi_En Üst Kat|Ara Kat,0.0
gradient_boosting,cat__detail_konut_tipi_En Üst Kat|Ara Kat Dubleks|Çatı Dubleksi,0.0
gradient_boosting,cat__detail_konut_tipi_En Üst Kat|Ara Kat|Bahçe Dubleksi,0.0
gradient_boosting,cat__detail_konut_tipi_En Üst Kat|Ara Kat|Çatı Dubleksi,0.0
gradient_boosting,cat__detail_konut_tipi_En Üst Kat|Tripleks,0.0
gradient_boosting,cat__detail_konut_tipi_En Üst Kat|Çatı Dubleksi,0.0
gradient_boosting,cat__detail_konut_tipi_Forleks,0.0
gradient_boosting,cat__detail_konut_tipi_Kat Dubleksi,0.0
gradient_boosting,cat__detail_konut_tipi_Ters Dubleks,0.0
gradient_boosting,cat__detail_konut_tipi_Tripleks,0.0
gradient_boosting,cat__detail_konut_tipi_missing,0.0
gradient_boosting,cat__detail_konut_tipi_Çatı Dubleksi,0.0
gradient_boosting,cat__detail_konut_tipi_Çatı Dubleksi|Ters Dubleks,0.0
gradient_boosting,cat__rent_feature_level_county,0.0
gradient_boosting,cat__rent_feature_level_district,0.0
gradient_boosting,cat__rent_feature_level_district_m2_group,0.0
gradient_boosting,cat__rent_feature_level_district_room,0.0
gradient_boosting,cat__demo_dominant_age_group_10-14,0.0
gradient_boosting,cat__demo_dominant_age_group_20-24,0.0
gradient_boosting,cat__demo_dominant_age_group_25-29,0.0
gradient_boosting,cat__demo_dominant_age_group_40-44,0.0
gradient_boosting,cat__demo_dominant_age_group_45-49,0.0
gradient_boosting,cat__demo_dominant_age_group_5-9,0.0
gradient_boosting,cat__demo_dominant_age_group_50-54,0.0
gradient_boosting,cat__demo_dominant_age_group_65+,0.0
gradient_boosting,cat__demo_dominant_age_group_missing,0.0
gradient_boosting,cat__demo_dominant_marital_status_Bekar,0.0
gradient_boosting,cat__demo_dominant_marital_status_Evli,0.0
gradient_boosting,cat__demo_dominant_marital_status_missing,0.0
gradient_boosting,cat__demo_dominant_education_Lisans,0.0
gradient_boosting,cat__demo_dominant_education_Lise,0.0
gradient_boosting,cat__demo_dominant_education_missing,0.0
gradient_boosting,cat__demo_dominant_education_İlkokul,0.0
gradient_boosting,cat__demo_ses_group_A Grubu,0.0
gradient_boosting,cat__demo_ses_group_B Grubu,0.0
gradient_boosting,cat__demo_ses_group_C Grubu,0.0
gradient_boosting,cat__demo_ses_group_missing,0.0
gradient_boosting,cat__location_precision_district_only,0.0
gradient_boosting,cat__location_precision_exact_map,0.0
gradient_boosting,cat__location_precision_missing,0.0
gradient_boosting,cat__location_source_data_attr_map,0.0
gradient_boosting,cat__location_source_district_text,0.0
gradient_boosting,cat__location_source_missing,0.0
gradient_boosting,cat__geo_cluster_city_city_0,0.0
gradient_boosting,cat__geo_cluster_city_city_1,0.0
gradient_boosting,cat__geo_cluster_city_city_10,0.0
gradient_boosting,cat__geo_cluster_city_city_11,0.0
gradient_boosting,cat__geo_cluster_city_city_2,0.0
gradient_boosting,cat__geo_cluster_city_city_3,0.0
gradient_boosting,cat__geo_cluster_city_city_4,0.0
gradient_boosting,cat__geo_cluster_city_city_5,0.0
gradient_boosting,cat__geo_cluster_city_city_6,0.0
gradient_boosting,cat__geo_cluster_city_city_7,0.0
gradient_boosting,cat__geo_cluster_city_city_8,0.0
gradient_boosting,cat__geo_cluster_city_city_9,0.0
gradient_boosting,cat__geo_cluster_city_missing,0.0
gradient_boosting,cat__geo_cluster_county_Başiskele_0,0.0
gradient_boosting,cat__geo_cluster_county_Başiskele_1,0.0
gradient_boosting,cat__geo_cluster_county_Başiskele_2,0.0
gradient_boosting,cat__geo_cluster_county_Başiskele_3,0.0
gradient_boosting,cat__geo_cluster_county_Başiskele_4,0.0
gradient_boosting,cat__geo_cluster_county_Başiskele_5,0.0
gradient_boosting,cat__geo_cluster_county_Gölcük_0,0.0
gradient_boosting,cat__geo_cluster_county_Gölcük_1,0.0
gradient_boosting,cat__geo_cluster_county_Gölcük_2,0.0
gradient_boosting,cat__geo_cluster_county_Gölcük_3,0.0
gradient_boosting,cat__geo_cluster_county_Karamürsel_1,0.0
gradient_boosting,cat__geo_cluster_county_Karamürsel_2,0.0
gradient_boosting,cat__geo_cluster_county_other,0.0
gradient_boosting,cat__geo_cluster_county_İzmit_0,0.0
gradient_boosting,cat__geo_cluster_county_İzmit_2,0.0
gradient_boosting,cat__geo_cluster_county_İzmit_3,0.0
gradient_boosting,cat__geo_cluster_county_İzmit_4,0.0
gradient_boosting,cat__geo_cluster_county_İzmit_5,0.0
gradient_boosting,cat__basiskele_geo_cluster_Başiskele_0,0.0
gradient_boosting,cat__basiskele_geo_cluster_Başiskele_1,0.0
gradient_boosting,cat__basiskele_geo_cluster_Başiskele_2,0.0
gradient_boosting,cat__basiskele_geo_cluster_Başiskele_3,0.0
gradient_boosting,cat__basiskele_geo_cluster_Başiskele_4,0.0
gradient_boosting,cat__basiskele_geo_cluster_Başiskele_5,0.0
gradient_boosting,cat__basiskele_geo_cluster_other,0.0
gradient_boosting,cat__coast_distance_bucket_0_500,0.0
gradient_boosting,cat__coast_distance_bucket_1000_3000,0.0
gradient_boosting,cat__coast_distance_bucket_3000_plus,0.0
gradient_boosting,cat__coast_distance_bucket_500_1000,0.0
gradient_boosting,cat__coast_distance_bucket_missing,0.0
gradient_boosting,cat__basiskele_geo_cluster_x_m2_group_Başiskele_0||0-75,0.0
gradient_boosting,cat__basiskele_geo_cluster_x_m2_group_Başiskele_0||101-125,0.0
gradient_boosting,cat__basiskele_geo_cluster_x_m2_group_Başiskele_0||126-150,0.0
gradient_boosting,cat__basiskele_geo_cluster_x_m2_group_Başiskele_0||151-200,0.0
gradient_boosting,cat__basiskele_geo_cluster_x_m2_group_Başiskele_0||200+,0.0
gradient_boosting,cat__basiskele_geo_cluster_x_m2_group_Başiskele_0||76-100,0.0
gradient_boosting,cat__basiskele_geo_cluster_x_m2_group_Başiskele_1||0-75,0.0
gradient_boosting,cat__basiskele_geo_cluster_x_m2_group_Başiskele_1||101-125,0.0
gradient_boosting,cat__basiskele_geo_cluster_x_m2_group_Başiskele_1||126-150,0.0
gradient_boosting,cat__basiskele_geo_cluster_x_m2_group_Başiskele_1||151-200,0.0
gradient_boosting,cat__basiskele_geo_cluster_x_m2_group_Başiskele_1||200+,0.0
gradient_boosting,cat__basiskele_geo_cluster_x_m2_group_Başiskele_1||76-100,0.0
gradient_boosting,cat__basiskele_geo_cluster_x_m2_group_Başiskele_2||0-75,0.0
gradient_boosting,cat__basiskele_geo_cluster_x_m2_group_Başiskele_2||101-125,0.0
gradient_boosting,cat__basiskele_geo_cluster_x_m2_group_Başiskele_2||126-150,0.0
gradient_boosting,cat__basiskele_geo_cluster_x_m2_group_Başiskele_2||151-200,0.0
gradient_boosting,cat__basiskele_geo_cluster_x_m2_group_Başiskele_2||200+,0.0
gradient_boosting,cat__basiskele_geo_cluster_x_m2_group_Başiskele_2||76-100,0.0
gradient_boosting,cat__basiskele_geo_cluster_x_m2_group_Başiskele_3||0-75,0.0
gradient_boosting,cat__basiskele_geo_cluster_x_m2_group_Başiskele_3||101-125,0.0
gradient_boosting,cat__basiskele_geo_cluster_x_m2_group_Başiskele_3||126-150,0.0
gradient_boosting,cat__basiskele_geo_cluster_x_m2_group_Başiskele_3||151-200,0.0
gradient_boosting,cat__basiskele_geo_cluster_x_m2_group_Başiskele_3||200+,0.0
gradient_boosting,cat__basiskele_geo_cluster_x_m2_group_Başiskele_3||76-100,0.0
gradient_boosting,cat__basiskele_geo_cluster_x_m2_group_Başiskele_4||0-75,0.0
gradient_boosting,cat__basiskele_geo_cluster_x_m2_group_Başiskele_4||101-125,0.0
gradient_boosting,cat__basiskele_geo_cluster_x_m2_group_Başiskele_4||126-150,0.0
gradient_boosting,cat__basiskele_geo_cluster_x_m2_group_Başiskele_4||151-200,0.0
gradient_boosting,cat__basiskele_geo_cluster_x_m2_group_Başiskele_4||200+,0.0
gradient_boosting,cat__basiskele_geo_cluster_x_m2_group_Başiskele_4||76-100,0.0
gradient_boosting,cat__basiskele_geo_cluster_x_m2_group_Başiskele_5||0-75,0.0
gradient_boosting,cat__basiskele_geo_cluster_x_m2_group_Başiskele_5||101-125,0.0
gradient_boosting,cat__basiskele_geo_cluster_x_m2_group_Başiskele_5||126-150,0.0
gradient_boosting,cat__basiskele_geo_cluster_x_m2_group_Başiskele_5||151-200,0.0
gradient_boosting,cat__basiskele_geo_cluster_x_m2_group_Başiskele_5||200+,0.0
gradient_boosting,cat__basiskele_geo_cluster_x_m2_group_Başiskele_5||76-100,0.0
gradient_boosting,cat__basiskele_geo_cluster_x_m2_group_other,0.0
gradient_boosting,cat__basiskele_geo_cluster_x_m2_group_other||0-75,0.0
gradient_boosting,cat__basiskele_geo_cluster_x_m2_group_other||101-125,0.0
gradient_boosting,cat__basiskele_geo_cluster_x_m2_group_other||126-150,0.0
gradient_boosting,cat__basiskele_geo_cluster_x_m2_group_other||151-200,0.0
gradient_boosting,cat__basiskele_geo_cluster_x_m2_group_other||200+,0.0
gradient_boosting,cat__basiskele_geo_cluster_x_m2_group_other||76-100,0.0
gradient_boosting,cat__geo_cluster_x_room_count_city_0||1+1,0.0
gradient_boosting,cat__geo_cluster_x_room_count_city_0||1.5+1,0.0
gradient_boosting,cat__geo_cluster_x_room_count_city_0||2+1,0.0
gradient_boosting,cat__geo_cluster_x_room_count_city_0||2.5+1,0.0
gradient_boosting,cat__geo_cluster_x_room_count_city_0||3+1,0.0
gradient_boosting,cat__geo_cluster_x_room_count_city_0||3+2,0.0
gradient_boosting,cat__geo_cluster_x_room_count_city_0||3.5+1,0.0
gradient_boosting,cat__geo_cluster_x_room_count_city_0||4+1,0.0
gradient_boosting,cat__geo_cluster_x_room_count_city_0||4+2,0.0
gradient_boosting,cat__geo_cluster_x_room_count_city_0||4.5+1,0.0
gradient_boosting,cat__geo_cluster_x_room_count_city_0||5+1,0.0
gradient_boosting,cat__geo_cluster_x_room_count_city_0||5+2,0.0
gradient_boosting,cat__geo_cluster_x_room_count_city_0||6+1,0.0
gradient_boosting,cat__geo_cluster_x_room_count_city_10||1+1,0.0
gradient_boosting,cat__geo_cluster_x_room_count_city_10||2+1,0.0
gradient_boosting,cat__geo_cluster_x_room_count_city_10||3+1,0.0
gradient_boosting,cat__geo_cluster_x_room_count_city_10||4+1,0.0
gradient_boosting,cat__geo_cluster_x_room_count_city_10||5+1,0.0
gradient_boosting,cat__geo_cluster_x_room_count_city_10||6+1,0.0
gradient_boosting,cat__geo_cluster_x_room_count_city_10||Stüdyo (1+0),0.0
gradient_boosting,cat__geo_cluster_x_room_count_city_11||2+1,0.0
gradient_boosting,cat__geo_cluster_x_room_count_city_11||3+1,0.0
gradient_boosting,cat__geo_cluster_x_room_count_city_11||4+1,0.0
gradient_boosting,cat__geo_cluster_x_room_count_city_1||1+1,0.0
gradient_boosting,cat__geo_cluster_x_room_count_city_1||1.5+1,0.0
gradient_boosting,cat__geo_cluster_x_room_count_city_1||2+1,0.0
gradient_boosting,cat__geo_cluster_x_room_count_city_1||3.5+1,0.0
gradient_boosting,cat__geo_cluster_x_room_count_city_1||4+1,0.0
gradient_boosting,cat__geo_cluster_x_room_count_city_1||4+2,0.0
gradient_boosting,cat__geo_cluster_x_room_count_city_1||4.5+1,0.0
gradient_boosting,cat__geo_cluster_x_room_count_city_1||5+1,0.0
gradient_boosting,cat__geo_cluster_x_room_count_city_1||5+2,0.0
gradient_boosting,cat__geo_cluster_x_room_count_city_1||5.5+1,0.0
gradient_boosting,cat__geo_cluster_x_room_count_city_2||1+1,0.0
gradient_boosting,cat__geo_cluster_x_room_count_city_2||2+1,0.0
gradient_boosting,cat__geo_cluster_x_room_count_city_2||2+2,0.0
gradient_boosting,cat__geo_cluster_x_room_count_city_2||2.5+1,0.0
gradient_boosting,cat__geo_cluster_x_room_count_city_2||3+2,0.0
gradient_boosting,cat__geo_cluster_x_room_count_city_2||3.5+1,0.0
gradient_boosting,cat__geo_cluster_x_room_count_city_2||4+1,0.0
gradient_boosting,cat__geo_cluster_x_room_count_city_2||4+2,0.0
gradient_boosting,cat__geo_cluster_x_room_count_city_2||4.5+1,0.0
gradient_boosting,cat__geo_cluster_x_room_count_city_2||4.5+2,0.0
gradient_boosting,cat__geo_cluster_x_room_count_city_2||5+1,0.0
gradient_boosting,cat__geo_cluster_x_room_count_city_2||5+2,0.0
gradient_boosting,cat__geo_cluster_x_room_count_city_2||5.5+1,0.0
gradient_boosting,cat__geo_cluster_x_room_count_city_2||6+1,0.0
gradient_boosting,cat__geo_cluster_x_room_count_city_2||6+2,0.0
gradient_boosting,cat__geo_cluster_x_room_count_city_3||1+1,0.0
gradient_boosting,cat__geo_cluster_x_room_count_city_3||2+1,0.0
gradient_boosting,cat__geo_cluster_x_room_count_city_3||2.5+1,0.0
gradient_boosting,cat__geo_cluster_x_room_count_city_3||3+0,0.0
gradient_boosting,cat__geo_cluster_x_room_count_city_3||3+1,0.0
gradient_boosting,cat__geo_cluster_x_room_count_city_3||3+2,0.0
gradient_boosting,cat__geo_cluster_x_room_count_city_3||3.5+1,0.0
gradient_boosting,cat__geo_cluster_x_room_count_city_3||4+1,0.0
gradient_boosting,cat__geo_cluster_x_room_count_city_3||4+2,0.0
gradient_boosting,cat__geo_cluster_x_room_count_city_3||5+1,0.0
gradient_boosting,cat__geo_cluster_x_room_count_city_3||5+2,0.0
gradient_boosting,cat__geo_cluster_x_room_count_city_3||6+1,0.0
gradient_boosting,cat__geo_cluster_x_room_count_city_3||6+3,0.0
gradient_boosting,cat__geo_cluster_x_room_count_city_3||Stüdyo (1+0),0.0
gradient_boosting,cat__geo_cluster_x_room_count_city_4||1+1,0.0
gradient_boosting,cat__geo_cluster_x_room_count_city_4||1.5+1,0.0
gradient_boosting,cat__geo_cluster_x_room_count_city_4||2+1,0.0
gradient_boosting,cat__geo_cluster_x_room_count_city_4||2+2,0.0
gradient_boosting,cat__geo_cluster_x_room_count_city_4||2.5+1,0.0
gradient_boosting,cat__geo_cluster_x_room_count_city_4||3+1,0.0
gradient_boosting,cat__geo_cluster_x_room_count_city_4||3+2,0.0
gradient_boosting,cat__geo_cluster_x_room_count_city_4||3.5+1,0.0
gradient_boosting,cat__geo_cluster_x_room_count_city_4||4+1,0.0
gradient_boosting,cat__geo_cluster_x_room_count_city_4||4+2,0.0
gradient_boosting,cat__geo_cluster_x_room_count_city_4||5+1,0.0
gradient_boosting,cat__geo_cluster_x_room_count_city_4||6+1,0.0
gradient_boosting,cat__geo_cluster_x_room_count_city_5||1+1,0.0
gradient_boosting,cat__geo_cluster_x_room_count_city_5||2+0,0.0
gradient_boosting,cat__geo_cluster_x_room_count_city_5||2+1,0.0
gradient_boosting,cat__geo_cluster_x_room_count_city_5||2.5+1,0.0
gradient_boosting,cat__geo_cluster_x_room_count_city_5||3.5+1,0.0
gradient_boosting,cat__geo_cluster_x_room_count_city_5||4+1,0.0
gradient_boosting,cat__geo_cluster_x_room_count_city_5||4+2,0.0
gradient_boosting,cat__geo_cluster_x_room_count_city_5||5+1,0.0
gradient_boosting,cat__geo_cluster_x_room_count_city_5||5+2,0.0
gradient_boosting,cat__geo_cluster_x_room_count_city_5||5.5+1,0.0
gradient_boosting,cat__geo_cluster_x_room_count_city_5||6+2,0.0
gradient_boosting,cat__geo_cluster_x_room_count_city_5||Stüdyo (1+0),0.0
gradient_boosting,cat__geo_cluster_x_room_count_city_6||1+1,0.0
gradient_boosting,cat__geo_cluster_x_room_count_city_6||2+1,0.0
gradient_boosting,cat__geo_cluster_x_room_count_city_6||2.5+1,0.0
gradient_boosting,cat__geo_cluster_x_room_count_city_6||3+1,0.0
gradient_boosting,cat__geo_cluster_x_room_count_city_6||3.5+1,0.0
gradient_boosting,cat__geo_cluster_x_room_count_city_6||4+1,0.0
gradient_boosting,cat__geo_cluster_x_room_count_city_6||5+1,0.0
gradient_boosting,cat__geo_cluster_x_room_count_city_7||1+1,0.0
gradient_boosting,cat__geo_cluster_x_room_count_city_7||1.5+1,0.0
gradient_boosting,cat__geo_cluster_x_room_count_city_7||2+1,0.0
gradient_boosting,cat__geo_cluster_x_room_count_city_7||2.5+1,0.0
gradient_boosting,cat__geo_cluster_x_room_count_city_7||3+1,0.0
gradient_boosting,cat__geo_cluster_x_room_count_city_7||3+2,0.0
gradient_boosting,cat__geo_cluster_x_room_count_city_7||3.5+1,0.0
gradient_boosting,cat__geo_cluster_x_room_count_city_7||4+1,0.0
gradient_boosting,cat__geo_cluster_x_room_count_city_7||4+2,0.0
gradient_boosting,cat__geo_cluster_x_room_count_city_7||5+1,0.0
gradient_boosting,cat__geo_cluster_x_room_count_city_8||1+1,0.0
gradient_boosting,cat__geo_cluster_x_room_count_city_8||2+1,0.0
gradient_boosting,cat__geo_cluster_x_room_count_city_8||2+2,0.0
gradient_boosting,cat__geo_cluster_x_room_count_city_8||2.5+1,0.0
gradient_boosting,cat__geo_cluster_x_room_count_city_8||3+1,0.0
gradient_boosting,cat__geo_cluster_x_room_count_city_8||4+1,0.0
gradient_boosting,cat__geo_cluster_x_room_count_city_8||4+2,0.0
gradient_boosting,cat__geo_cluster_x_room_count_city_8||4.5+1,0.0
gradient_boosting,cat__geo_cluster_x_room_count_city_8||5+1,0.0
gradient_boosting,cat__geo_cluster_x_room_count_city_8||5+2,0.0
gradient_boosting,cat__geo_cluster_x_room_count_city_8||6+1,0.0
gradient_boosting,cat__geo_cluster_x_room_count_city_9||1+1,0.0
gradient_boosting,cat__geo_cluster_x_room_count_city_9||1.5+1,0.0
gradient_boosting,cat__geo_cluster_x_room_count_city_9||2+1,0.0
gradient_boosting,cat__geo_cluster_x_room_count_city_9||3+1,0.0
gradient_boosting,cat__geo_cluster_x_room_count_city_9||4+1,0.0
gradient_boosting,cat__geo_cluster_x_room_count_city_9||5+1,0.0
gradient_boosting,cat__geo_cluster_x_room_count_city_9||5+2,0.0
gradient_boosting,cat__geo_cluster_x_room_count_city_9||Stüdyo (1+0),0.0
gradient_boosting,cat__geo_cluster_x_room_count_missing||1+1,0.0
gradient_boosting,cat__geo_cluster_x_room_count_missing||2+1,0.0
gradient_boosting,cat__geo_cluster_x_room_count_missing||2+2,0.0
gradient_boosting,cat__geo_cluster_x_room_count_missing||2.5+1,0.0
gradient_boosting,cat__geo_cluster_x_room_count_missing||3+0,0.0
gradient_boosting,cat__geo_cluster_x_room_count_missing||3+1,0.0
gradient_boosting,cat__geo_cluster_x_room_count_missing||3+2,0.0
gradient_boosting,cat__geo_cluster_x_room_count_missing||3.5+1,0.0
gradient_boosting,cat__geo_cluster_x_room_count_missing||4+1,0.0
gradient_boosting,cat__geo_cluster_x_room_count_missing||4+2,0.0
gradient_boosting,cat__geo_cluster_x_room_count_missing||4.5+1,0.0
gradient_boosting,cat__geo_cluster_x_room_count_missing||5+1,0.0
gradient_boosting,cat__geo_cluster_x_room_count_missing||7+1,0.0
gradient_boosting,cat__geo_cluster_x_room_count_missing||Stüdyo (1+0),0.0
gradient_boosting,cat__site_project_id_basiskele::alizepark_city,0.0
gradient_boosting,cat__site_project_id_basiskele::bahcekent_konutlari,0.0
gradient_boosting,cat__site_project_id_basiskele::evimiz_kocaeli,0.0
gradient_boosting,cat__site_project_id_basiskele::kirazli_kent,0.0
gradient_boosting,cat__site_project_id_basiskele::mamik_life,0.0
gradient_boosting,cat__site_project_id_basiskele::mamik_reform,0.0
gradient_boosting,cat__site_project_id_basiskele::orka_life,0.0
gradient_boosting,cat__site_project_id_basiskele::orka_life_2,0.0
gradient_boosting,cat__site_project_id_basiskele::other,0.0
gradient_boosting,cat__site_project_id_basiskele::ritim_vadi_evleri,0.0
gradient_boosting,cat__site_project_id_basiskele::royal_city_akkurt,0.0
gradient_boosting,cat__site_project_id_basiskele::royal_country,0.0
gradient_boosting,cat__site_project_id_basiskele::royal_life,0.0
gradient_boosting,cat__site_project_id_basiskele::ustgrup_mezire,0.0
gradient_boosting,cat__site_project_id_basiskele::ustpark_afraze,0.0
gradient_boosting,cat__site_project_id_basiskele::yakamoz_konutlari,0.0
gradient_boosting,cat__site_project_id_basiskele::zeray_gunesi,0.0
gradient_boosting,cat__site_project_id_basiskele::zeray_korupark,0.0
gradient_boosting,cat__site_project_id_basiskele::zeray_perla,0.0
gradient_boosting,cat__site_project_id_basiskele::zeraykent_yuvacik,0.0
gradient_boosting,cat__site_project_id_golcuk::other,0.0
gradient_boosting,cat__site_project_id_golcuk::yakamoz_konutlari,0.0
gradient_boosting,cat__site_project_id_izmit::other,0.0
gradient_boosting,cat__site_project_id_karamursel::other,0.0
gradient_boosting,cat__site_project_id_kartepe::bahcekent_konutlari,0.0
gradient_boosting,cat__site_project_id_kartepe::other,0.0
gradient_boosting,cat__site_project_id_missing,0.0
gradient_boosting,cat__site_project_id_county_scoped_basiskele::alizepark_city,0.0
gradient_boosting,cat__site_project_id_county_scoped_basiskele::bahcekent_konutlari,0.0
gradient_boosting,cat__site_project_id_county_scoped_basiskele::evimiz_kocaeli,0.0
gradient_boosting,cat__site_project_id_county_scoped_basiskele::kirazli_kent,0.0
gradient_boosting,cat__site_project_id_county_scoped_basiskele::mamik_life,0.0
gradient_boosting,cat__site_project_id_county_scoped_basiskele::mamik_reform,0.0
gradient_boosting,cat__site_project_id_county_scoped_basiskele::orka_life,0.0
gradient_boosting,cat__site_project_id_county_scoped_basiskele::orka_life_2,0.0
gradient_boosting,cat__site_project_id_county_scoped_basiskele::other,0.0
gradient_boosting,cat__site_project_id_county_scoped_basiskele::ritim_vadi_evleri,0.0
gradient_boosting,cat__site_project_id_county_scoped_basiskele::royal_city_akkurt,0.0
gradient_boosting,cat__site_project_id_county_scoped_basiskele::royal_country,0.0
gradient_boosting,cat__site_project_id_county_scoped_basiskele::royal_life,0.0
gradient_boosting,cat__site_project_id_county_scoped_basiskele::ustgrup_mezire,0.0
gradient_boosting,cat__site_project_id_county_scoped_basiskele::ustpark_afraze,0.0
gradient_boosting,cat__site_project_id_county_scoped_basiskele::yakamoz_konutlari,0.0
gradient_boosting,cat__site_project_id_county_scoped_basiskele::yuvana_evleri,0.0
gradient_boosting,cat__site_project_id_county_scoped_basiskele::zeray_gunesi,0.0
gradient_boosting,cat__site_project_id_county_scoped_basiskele::zeray_korupark,0.0
gradient_boosting,cat__site_project_id_county_scoped_basiskele::zeray_perla,0.0
gradient_boosting,cat__site_project_id_county_scoped_basiskele::zeraykent_yuvacik,0.0
gradient_boosting,cat__site_project_id_county_scoped_golcuk::other,0.0
gradient_boosting,cat__site_project_id_county_scoped_golcuk::yakamoz_konutlari,0.0
gradient_boosting,cat__site_project_id_county_scoped_izmit::other,0.0
gradient_boosting,cat__site_project_id_county_scoped_karamursel::other,0.0
gradient_boosting,cat__site_project_id_county_scoped_kartepe::bahcekent_konutlari,0.0
gradient_boosting,cat__site_project_id_county_scoped_kartepe::other,0.0
gradient_boosting,cat__site_project_match_source_missing,0.0
gradient_boosting,cat__site_project_match_source_title,0.0
gradient_boosting,cat__site_project_x_county_basiskele::alizepark_city__basiskele,0.0
gradient_boosting,cat__site_project_x_county_basiskele::bahcekent_konutlari__basiskele,0.0
gradient_boosting,cat__site_project_x_county_basiskele::evimiz_kocaeli__basiskele,0.0
gradient_boosting,cat__site_project_x_county_basiskele::kirazli_kent__basiskele,0.0
gradient_boosting,cat__site_project_x_county_basiskele::mamik_life__basiskele,0.0
gradient_boosting,cat__site_project_x_county_basiskele::mamik_reform__basiskele,0.0
gradient_boosting,cat__site_project_x_county_basiskele::orka_life_2__basiskele,0.0
gradient_boosting,cat__site_project_x_county_basiskele::orka_life__basiskele,0.0
gradient_boosting,cat__site_project_x_county_basiskele::other__basiskele,0.0
gradient_boosting,cat__site_project_x_county_basiskele::ritim_vadi_evleri__basiskele,0.0
gradient_boosting,cat__site_project_x_county_basiskele::royal_city_akkurt__basiskele,0.0
gradient_boosting,cat__site_project_x_county_basiskele::royal_country__basiskele,0.0
gradient_boosting,cat__site_project_x_county_basiskele::royal_life__basiskele,0.0
gradient_boosting,cat__site_project_x_county_basiskele::ustgrup_mezire__basiskele,0.0
gradient_boosting,cat__site_project_x_county_basiskele::ustpark_afraze__basiskele,0.0
gradient_boosting,cat__site_project_x_county_basiskele::yakamoz_konutlari__basiskele,0.0
gradient_boosting,cat__site_project_x_county_basiskele::yuvana_evleri__basiskele,0.0
gradient_boosting,cat__site_project_x_county_basiskele::zeray_korupark__basiskele,0.0
gradient_boosting,cat__site_project_x_county_basiskele::zeray_perla__basiskele,0.0
gradient_boosting,cat__site_project_x_county_basiskele::zeraykent_yuvacik__basiskele,0.0
gradient_boosting,cat__site_project_x_county_golcuk::other__golcuk,0.0
gradient_boosting,cat__site_project_x_county_golcuk::yakamoz_konutlari__golcuk,0.0
gradient_boosting,cat__site_project_x_county_izmit::other__izmit,0.0
gradient_boosting,cat__site_project_x_county_karamursel::other__karamursel,0.0
gradient_boosting,cat__site_project_x_county_kartepe::bahcekent_konutlari__kartepe,0.0
gradient_boosting,cat__site_project_x_county_kartepe::other__kartepe,0.0
gradient_boosting,cat__site_project_x_county_missing__basiskele,0.0
gradient_boosting,cat__site_project_x_county_missing__golcuk,0.0
gradient_boosting,cat__site_project_x_county_missing__izmit,0.0
gradient_boosting,cat__site_project_x_county_missing__karamursel,0.0
gradient_boosting,cat__site_project_x_county_missing__kartepe,0.0
