county,n,mape,mae,mean_bias,r2
Başiskele,919,0.1091394056296129,4504.507943892303,-444.5935851214474,0.47626473128376867
