district,sale_pred_old,sale_pred_new,sale_diff_tl_m2,sale_diff_pct,warning
missing,26207.97805885508,34579.37823602247,8371.400177167394,0.31942182484920423,
