county,n,mape,mae,mean_bias,r2
Başiskele,944,0.10836418748871617,4423.711172597294,-479.6104995426226,0.48128079891944286
