district,sale_pred_old,sale_pred_new,sale_diff_tl_m2,sale_diff_pct,warning
missing,719828.6483401427,463510.3972832394,-256318.25105690327,-0.356082314378497,
