county,n,mape,mae,mean_bias,r2
Başiskele,919,0.10600344051217299,4366.477721911196,-400.99608125944883,0.5007619335854092
