district,sale_pred_old,sale_pred_new,sale_diff_tl_m2,sale_diff_pct,warning
4 Temmuz Mah.,26502.1110065344,39692.87403190049,13190.763025366086,0.49772499338312154,
