rows,r2,log_r2,mape,median_ape,mae_tl_per_m2,median_ae_tl_per_m2,slice
283,0.2776143658539677,0.2973341504411553,0.12817142572913812,0.10745526609441072,5323.407357022051,4312.886568996284,all_rows
282,0.2735976533307257,0.2931635475219516,0.12764675086845514,0.1071817261479247,5315.112346989299,4298.822710614273,score_lt_25
283,0.2776143658539677,0.2973341504411553,0.12817142572913812,0.10745526609441072,5323.407357022051,4312.886568996284,score_lt_45
