is_large_home,n,mape,mae,mean_actual,mean_pred
0,205,0.12248065098340875,5277.504429929937,42328.824,41515.657022243286
1,78,0.14312794909932428,5444.049665405168,38712.0582051282,40160.601255648085
