county,n,mape,mae,mean_bias,r2
Başiskele,283,0.12817142572913812,5323.407357022051,-189.79813604090444,0.2776143658539677
