county,rows,r2,log_r2,mape,median_ape,mae_tl_per_m2,median_ae_tl_per_m2
Başiskele,283,0.2776143658539677,0.2973341504411553,0.12817142572913812,0.10745526609441072,5323.407357022051,4312.886568996284
