county,n_tests,mean_abs_diff_tl_m2,mean_abs_diff_pct,pass_rate
Başiskele,8,1393.5531828682779,0.03672000781085765,0.875
Gölcük,8,1414.2653834403436,0.036852890250561085,0.875
Karamürsel,8,1414.2653834403436,0.036852890250561085,0.875
İzmit,8,1414.2653834403436,0.036852890250561085,0.875
