district,sale_pred_old,sale_pred_new,sale_diff_tl_m2,sale_diff_pct,warning
missing,38797.0113783566,41744.58508545197,2947.573707095369,0.07597424653022913,
