rows,r2,log_r2,mape,median_ape,mae_tl_per_m2,median_ae_tl_per_m2,model
283,0.2541681927566859,0.2736046173731458,0.12931781822513283,0.10743069413543264,5376.490981321685,4258.24871491165,extra_trees
283,0.24425892404740168,0.25887479782277145,0.13175736517140169,0.10690012826905615,5482.294313997164,4517.226675105987,gradient_boosting
283,0.23127911730402195,0.2420085442571439,0.13376050746343393,0.1103650403884642,5530.803305197301,4309.469359698916,random_forest
283,0.20372602170186815,0.21741074106138558,0.13492780588194628,0.11108888630721403,5615.82980081311,4445.451863271854,ridge
