segment,rows,r2,log_r2,mape,median_ape,mae_tl_per_m2,median_ae_tl_per_m2,model
mainstream_home,185,0.1582420297303463,0.19947947872169813,0.12305529792700629,0.09811276142625718,5207.123197741909,3839.4177820267505,gradient_boosting
mainstream_home,185,0.12145492481045883,0.16256962763417837,0.12574011579311725,0.10648815756897317,5307.578897133571,4140.362073140823,random_forest
mainstream_home,185,0.11553356489634337,0.15582118831399483,0.12722071877216784,0.10589311444538624,5364.773486548802,4082.9031272619395,extra_trees
mainstream_home,185,0.053002936416537305,0.11049480419592939,0.13062734167055465,0.10518486883146246,5472.755340483406,4277.182954390315,ridge
