district,sale_pred_old,sale_pred_new,sale_diff_tl_m2,sale_diff_pct,warning
4 Temmuz Mah.,29136.0025146958,39544.49534362285,10408.492828927054,0.3572381909178225,
