rows,r2,log_r2,mape,median_ape,mae_tl_per_m2,median_ae_tl_per_m2,slice
379,0.5197833849355997,0.5947532074618916,0.15015977154451243,0.12139517094999462,5467.137268164475,4041.2218939343365,all_rows
379,0.5197833849355997,0.5947532074618916,0.15015977154451243,0.12139517094999462,5467.137268164475,4041.2218939343365,score_lt_25
379,0.5197833849355997,0.5947532074618916,0.15015977154451243,0.12139517094999462,5467.137268164475,4041.2218939343365,score_lt_45
