county,rows,r2,log_r2,mape,median_ape,mae_tl_per_m2,median_ae_tl_per_m2
Gölcük,246,0.6242549636592766,0.653910163322169,0.1380222978552325,0.11126161100646037,4449.86283375391,3544.36328654104
Başiskele,91,-0.07058171130882096,-0.02888777524202779,0.16465120486910517,0.1100616162941486,7026.393367768489,4896.5766101211775
Karamürsel,42,0.2984183900034817,0.31582293240932224,0.18985258333082042,0.16276241118853949,8047.070739617661,6950.409579282237
