county,n_tests,mean_abs_diff_tl_m2,mean_abs_diff_pct,pass_rate
Başiskele,8,1452.1502450001544,0.03851026049040071,0.625
Gölcük,8,2308.510047740691,0.08584179021171609,0.75
Karamürsel,8,2541.244255206827,0.06415891840168153,0.75
İzmit,8,1363.974019739709,0.04435214547581835,0.625
