district,sale_pred_old,sale_pred_new,sale_diff_tl_m2,sale_diff_pct,warning
Kayacık Mh.,39788.57881350539,49032.89127560044,9244.312462095055,0.23233582947067385,
