building_age_group,n,mape,mae
6-10 arası,3,0.24791174363756366,14970.08104547654
31 ve üzeri,8,0.21820793655037468,7151.014656421565
21-25 arası,5,0.2032989664414905,7177.632362559644
26-30 arası,8,0.19717861182067586,7544.934414213894
11-15 arası,5,0.19103570805673314,8833.846936136248
16-20 arası,3,0.18886120039385293,8188.008837062106
1,4,0.16014483478777242,8165.881626915994
0 (Oturuma Hazır),6,0.12135742819826595,6369.030975016452
