district,n,mape,mae
4 Temmuz Mah.,14,0.3019918753596236,11361.103112576717
Yalakdere Mh.,1,0.21065559887961355,11777.562836764213
Avcıköy Mh.,1,0.15664978333046736,8006.544307279684
Kayacık Mh.,17,0.15056733174714032,7324.3538845652765
Ereğli Mh.,7,0.09465425302596811,4269.280636064576
Dereköy Mh.,2,0.07819622588324249,2369.2199268810473
