rows,r2,log_r2,mape,median_ape,mae_tl_per_m2,median_ae_tl_per_m2,model
379,0.475080767758299,0.5245616712271186,0.16306766240423748,0.1310970145442099,5888.362059409462,4574.137432334828,extra_trees
379,0.3545879115386872,0.4673376795680264,0.16765994205734613,0.1246310226167181,6171.478292930399,4312.464526017306,ridge
379,0.43909670131231926,0.4909209463641554,0.16980832729882775,0.1470698099320199,6105.607954696258,4738.812899582088,gradient_boosting
379,0.4123737606189112,0.4488951840620464,0.1760735490188039,0.14338029339292951,6271.975436248883,5015.350464977448,random_forest
