county,n,mape,mae,mean_bias,r2
Başiskele,944,0.10858129093925756,4430.466171639269,-480.71171744728207,0.4829073791578248
