district,sale_pred_old,sale_pred_new,sale_diff_tl_m2,sale_diff_pct,warning
missing,387018.65758723504,253396.66215890984,-133621.9954283252,-0.3452598287156387,
