county,n,mape,mae,mean_bias,r2
Başiskele,919,0.10955466510553404,4522.663967283679,-478.51959395683366,0.4689752145946946
