county,n,mape,mae,mean_bias,r2
Başiskele,919,0.11284165796599148,4671.55868897045,-557.1138179275148,0.43585110313307307
