district,sale_pred_old,sale_pred_new,sale_diff_tl_m2,sale_diff_pct,warning
missing,39792.20891928147,43710.168717469205,3917.9597981877378,0.09846047516827534,
