district,sale_pred_old,sale_pred_new,sale_diff_tl_m2,sale_diff_pct,warning
4 Temmuz Mah.,30109.04674370722,38641.47737559954,8532.430631892323,0.2833842832860724,
