detail_konut_tipi_raw,title_raw,duplex_type,is_duplex,is_roof_duplex,is_garden_duplex,is_middle_floor_duplex,is_standard_duplex,duplex_match_source,duplex_source_conflict,extraction_notes,classified_id
Ara Kat,İZMİT YILDIZ KONUTLARINDA PANORAMİK KÖRFEZ MANZARALI 3+1 DAİRE,none,0,0,0,0,0,none,0,,1270468942
Ara Kat,FIRSAT ALİKAHYA YENİ TRAMVAY GÜZERGAHI ÜZERİNDE 100M2SIFIR DAİRE,none,0,0,0,0,0,none,0,,1298190480
,SATILIK FIRSAT DAİRE GÜLTEPE BEYHAN SOKAKTA,none,0,0,0,0,0,none,0,,1313283432
,İzmit Yuvam Akarca Manzaralı 3+1 Satılık Daire,none,0,0,0,0,0,none,0,,1307358043
,YUVAM AKARCADA TRAMWAY DURAĞINA 50 M MESAFEDE SATILIK 3+1 DAİRE,none,0,0,0,0,0,none,0,,1304792359
Ara Kat,İZMİT YILDIZ KONUTLARINDA ARAKAT SATILIK 2+1,none,0,0,0,0,0,none,0,,1304343046
,ALTIN EMLAK'TAN YILDIZ KONUTLARI'NDA 3+1 BÜYÜK TİP SATILIK DAİRE,none,0,0,0,0,0,none,0,,1301116822
Ara Kat,ALİKAHYA MERKEZ ARAKAT 85M2 ÖNÜAÇIK TRAMVAYA YAKIN SATILIK DAİRE,none,0,0,0,0,0,none,0,,1281141938
Dubleks|En Üst Kat|Ara Kat Dubleks|Bahçe Dubleksi|Çatı Dubleksi|Ters Dubleks,İZMİT YENİ PROJE ÜNİVERSİTE YOLU ÜZERİ SATILIK 2+1 ARA KAT DAİRE,roof,1,1,0,0,0,detail,0,,1313103217
,İZMİT ALİKAHYA KAVANİUM SİTE 833 ADA SATILIK 3+1 GİRİŞ KAT DAİRE,none,0,0,0,0,0,none,0,,1306720569
Dubleks,Merkezi konumda tramvay duragına 50 m mesafede ferah 3+1 daire,standard,1,0,0,0,1,detail,0,,1312997093
,REMAX EFFECT KENTSA SİTESİNDE MÜKEMMEL KONUMDA SATILIK 3+1 DAİRE,none,0,0,0,0,0,none,0,,1311723440
,ANA CADDE ÜSTÜNDE,none,0,0,0,0,0,none,0,,1219924161
Ara Kat,İZMİT ALİKAHYA KAVANİUM 815. ADA DA 3+1 SATILIK ARA KAT DAİRE,none,0,0,0,0,0,none,0,,1318546770
,Turyap'tan Yıldız Konutlarında 4+1 190 m2 Bahçe Kat Daire,none,0,0,0,0,0,none,0,,1277886296
Ara Kat,ALİKAHYA KAVANİUM 3+1 SATILIK DAİRE,none,0,0,0,0,0,none,0,,1312814767
Ara Kat,YUVAM AKARCADASATILIK 3+1 ARAKAT krediye uygun,none,0,0,0,0,0,none,0,,1309836534
Ara Kat,ESKİDJİDEN İZMİT İZTOP PARK EVLERİNDE SATILIK 3+1 DAİRE,none,0,0,0,0,0,none,0,,1318454073
Çatı Dubleksi,İZMİT ALİKAHYA FATİH MH.TRAMVAY DURAĞI YANINDA SATILIK 3+1 DAİRE,roof,1,1,0,0,0,detail,0,,1306652082
,KAVANIUM SATILIK 3+1 FIRSAT FIYAT,none,0,0,0,0,0,none,0,,1315631410
,AMG EMLAKTAN ALİKAHYA FATİH MAHALLESİNDE 2+1 DAİRE,none,0,0,0,0,0,none,0,,1306718350
Ara Kat,ALİKAHYA VE DUMLUPINAR %50 PEŞİNAT SIFIR FAİZ SATILIK 2+1,none,0,0,0,0,0,none,0,,1318411377
Dubleks|Çatı Dubleksi,"CMG YAPIDAN BAYRAMA ÖZEL: SIFIR RİSK, MAKSİMUM KONFOR!",roof,1,1,0,0,0,detail,0,,1306024683
Ara Kat,VADİ İZMİT EVLERİ ARAKAT SATILIK 2+1 DAİRE,none,0,0,0,0,0,none,0,,1318511254
,"Kavanium 819.ada'da,yüzme havuzlu 1+1 eşyalı satılık daire",none,0,0,0,0,0,none,0,,1301346948
Ara Kat,KAVANİUM ALİKAHYA 832ADA İÇİ FUL YAPILI SATILIK 3+1 ARAKAT DAİRE,none,0,0,0,0,0,none,0,,1298614641
En Üst Kat,AMG EMLAKTAN İZTOPPARKTA SATILIK 3+1 DAİRE,none,0,0,0,0,0,none,0,,1318340162
,SİTE İÇİ İZMİT YAHYAKAPTN ALİKAHYA KAFELER BÖL.3+1 YÜKSEK GİRİŞ,none,0,0,0,0,0,none,0,,1312327867
Dubleks,REMAX M. MÜMTAZ CAD. YÜKSEK KREDİLİ SATILIK 2+1 BAHÇELİ DAİRE,standard,1,0,0,0,1,detail,0,,1312555427
En Üst Kat,İçi yapılı manzaralı daire,none,0,0,0,0,0,none,0,,1318281069
Ara Kat,İZMİT MERKEZ MARS AVM YANI HAVUZLU SİTE İÇİ 3+1 ARA KAT,none,0,0,0,0,0,none,0,,1318219964
,YUVAM 2.ETAP FULL DENİZ MANZARALI 3+1 SATILIK ARAKAT DAİRE,none,0,0,0,0,0,none,0,,1301300271
Bahçe Dubleksi,CMG YAPIDAN BAYRAMA ÖZEL: ALİKAHYANIN KALBİNDE AYRICALIKLI YAŞ,garden,1,0,1,0,0,detail,0,,1306010670
,İLK SAHİBİNDEN içi ful yapılı yüksek giriş 2+1 daire,none,0,0,0,0,0,none,0,,1301130866
,ALİKAHYA DA STADA VE TRAMVAY YÜRÜME MESAFESİ SATILIK DAİRE,none,0,0,0,0,0,none,0,,1305439861
Ara Kat,İZMİT YUVAM AKARCA KONUTLARINDA SATILIK 3+1,none,0,0,0,0,0,none,0,,1318146083
,YUVAM AKARCA 3 ETAP TA İÇİ YAPILI 3+1 SATILIK DAİRE.,none,0,0,0,0,0,none,0,,1293931580
Ara Kat,ARAÇ TAKASI DÜŞÜNÜLÜR SAHİBNDN ARAKAT GÜNEYCEPHESİ ORMANMANZARAL,none,0,0,0,0,0,none,0,,1312298351
,FİYAT DÜŞTÜ!!!İZMİT KAVANİUM DA SATILIK 3+1 YÜKSEK GİRİŞ DAİRE,none,0,0,0,0,0,none,0,,1318083561
,Kiracısız | Tramvay & Metro Yakını | Bahçeli | Katta Tek Daire,none,0,0,0,0,0,none,0,,1318007471
Ara Kat,FIRSAT EVEDİN İZMİT YUVAM TAMAMI 3+1 YENİ PROJE MAİ,none,0,0,0,0,0,none,0,,1317975038
En Üst Kat,"FIRSAT FİYATTA Emsalsiz Kayaken'te Eşsiz Deniz,Şehir ManzaraLı",none,0,0,0,0,0,none,0,,1295303696
Ara Kat,END'DEN İZMİT Y.AKARCA KONUTLARINDA SATILIK 3+1 DAİRE,none,0,0,0,0,0,none,0,,1295065556
Ara Kat,ListingPortal eşyalı manzaralı köşe arakat 3 cepheli 2+1 daire,none,0,0,0,0,0,none,0,,1311968314
,LEXUS PRİME DAN SATILIK 1+1 DAİRE,none,0,0,0,0,0,none,0,,1305667406
Ara Kat,İzmit Yıldız Konutları Sitesi'nde 3+1 Arakat Satılık Daire!,none,0,0,0,0,0,none,0,,1309124233
Ara Kat,FULL MANZARALI 3+1 MASRAFSIZ ARAKAT C BLOK,none,0,0,0,0,0,none,0,,1289948370
Ara Kat,İzmit Satılık 1+1 Daire - Myra-3 Sitesi Otogar Yakını,none,0,0,0,0,0,none,0,,1303405939
Ara Kat,İZMİT ALİKAHYA FATİH MAHALLESİ'NDE SATILIK 3+1 ARAKAT DAİRE,none,0,0,0,0,0,none,0,,1314957159
Ara Kat,Kocaeli Alikahya Fatih Mahallesinde Satılık Eşyalı 2+1 Daire,none,0,0,0,0,0,none,0,,1276208814
Ara Kat,JASMİN COUNTRY SİTESİNDE 3+1 ARA KAT İSKAN ALINMIŞTIR.,none,0,0,0,0,0,none,0,,1199172811
,YUVAM AKARCA 1.ETAP B1 LERDE 3+1 95M2 SATILIK YÜKSEK GİRİŞ DAİRE,none,0,0,0,0,0,none,0,,1317984217
Ara Kat,EVEDİN MAİ YUVAM YAHYA KAPTAN TAMAMI 3+1 YENİ PROJE,none,0,0,0,0,0,none,0,,1317975887
Ara Kat,"HGM'den YAHYAKAPTANA KOMŞU,SİTE İÇERİSİN'de SATILIK LÜKS DAİRE",none,0,0,0,0,0,none,0,,1317713313
Ara Kat,ALTIN EMLAK'tan Deniz Manzaralı Ara Kat Geniş 2+1 Daire,none,0,0,0,0,0,none,0,,1300527561
Ara Kat,"Jasmin Country'de 3+1,Ebeveyn Banyolu, Yerden Isıtmalı Daire",none,0,0,0,0,0,none,0,,1300506506
,AÇIKLAMAYI OKU!!!KENTKONUT AKARCA EVLERİ'NDE ARA KAT DAİRE,none,0,0,0,0,0,none,0,,1314821294
Ara Kat,M.R'den Yıldız Konutları'nda 2+1 128m2 Ara Kat Full Manzaralı,none,0,0,0,0,0,none,0,,1312444430
Ara Kat,KOCAELİ İZMİT JASMİNE COUNTRY SİTESI SATILIK 3+1 ARA KAT DAİRE,none,0,0,0,0,0,none,0,,1317622024
Ara Kat,ŞANLI GAYRİMENKULDEN YILDIZ KONUTLARINDA ARA KAT GENİŞ 2+1 DAİRE,none,0,0,0,0,0,none,0,,1311235130
En Üst Kat,İZMİT YUVAM AKARCA'DA ORMAN MANZARALI 3+1 SATILIK DAİRE,none,0,0,0,0,0,none,0,,1290676348
,HEMEN TAŞINMAYA HAZIR FERAH VE MODERN DAİRE SAHİBİNDEN.,none,0,0,0,0,0,none,0,,1317503768
Ara Kat,İZMİT YUVAM AKARCADA İÇİ KOMPLE YENİLENMİŞ 3+1 ARA KAT SATILIK,none,0,0,0,0,0,none,0,,1306038971
En Üst Kat,"Alikahya Atatürk mahallesi Geniş Balkonlu,modern ferah 3+1Daire",none,0,0,0,0,0,none,0,,1317420712
Ara Kat,ALİKAHYA VE DUMLUPINAR SINIRINDA SİTE İÇİ SATILIK 2+1,none,0,0,0,0,0,none,0,,1317583133
Ara Kat,AMG EMLAKTAN STADYUM YANI 2+1 ARA KAT SIFIR DAİRE,none,0,0,0,0,0,none,0,,1283188603
Ara Kat,YUVAM AKARCA'DA BÜYÜK TİP 3+1 SATILIK DENİZ MANZARALI DAİRE,none,0,0,0,0,0,none,0,,1308298556
,KAVANİUM 832. ADADA HAVUZ MANZARALI 70 m2 1+1 SATILIK DAİRE,none,0,0,0,0,0,none,0,,1311213690
En Üst Kat,YUVAM AKARCA TEMİZ 3+1 SATILIK DAİRE,none,0,0,0,0,0,none,0,,1305720102
,İZMİT ALİKAHYA KAVANİUM 4+1 LÜKS SATILIK DAİRE (815 / ADA),none,0,0,0,0,0,none,0,,1310060807
Dubleks|En Üst Kat|Çatı Dubleksi,SİTE İÇERİSİNDE 2+1 SATILIK DAİRE KOMBİ ANKASTRE HEDİYELİ,roof,1,1,0,0,0,detail,0,,1311300153
,20 BIN KİRA GETİRİLİ TAKAS UYGUN ACİL SATILIK GENİŞ DAİRE,none,0,0,0,0,0,none,0,,1317231158
,KOCAELİ ALİKAHYA MAHALLESİNDE SATILIK FIRSAT DAİRE,none,0,0,0,0,0,none,0,,1311251642
,Alikahya Fatih mah. 2+1 Arakat Satılık Daire,none,0,0,0,0,0,none,0,,1317316340
Ara Kat,4+1 PRESTİJ DAİRE | İZTOP PARK KAVANİUM SATALIK DAIRE,none,0,0,0,0,0,none,0,,1299845310
En Üst Kat,DİKKAT EMLAK'tan Kavanium İztoppark 830 Ada Satılık 4+1 Daire,none,0,0,0,0,0,none,0,,1288053943
Ara Kat,ALİKAHYA'DA OTURUMA HAZIR 2+1 ARA KAT SATILIK DAİRE,none,0,0,0,0,0,none,0,,1314159189
,TANYILDIZ'DAN TERRACE YAHYAKAPTAN SİTESİNDE 3+1 ARAKAT DAİRE,none,0,0,0,0,0,none,0,,1311192742
Ara Kat,"İzmit İztop Park Sitesinde Arakat, Güney Cepheli 3+1 Satılık..",none,0,0,0,0,0,none,0,,1304868805
En Üst Kat,İZMİT MERKEZİ KONUM YUVAM AKARCA KONUTLARINDA 3+1 SATILIK DAİRE,none,0,0,0,0,0,none,0,,1316855503
Ara Kat,İZMİT YAHYAKAPTAN GRİŞİ MARS AVM YANI SİTE İÇİ 3+1 ARAKAT DAİRE,none,0,0,0,0,0,none,0,,1314113418
Ara Kat,OTOGAR CİVARI 3+1 İÇİ YAPILI ARA KAT SATILIK DAİRE.,none,0,0,0,0,0,none,0,,1310827886
,YUVAM AKARCA A2 BLOKLARDA SATILIK DAİRE,none,0,0,0,0,0,none,0,,1305429064
Ara Kat,MUHTEŞEM KONUMLU EBEVEYN BANYOLU ARA KAT SATILIK DAİRE,none,0,0,0,0,0,none,0,,1299331652
,İZMİT YUVAMDA MERKEZİ KONUMDA İÇİ YAPILI SATILIK 2+1 DAİRE,none,0,0,0,0,0,none,0,,1307888621
,İzmit Alikahya'da Satılık 2+1 Daire (100m²),none,0,0,0,0,0,none,0,,1304327135
Ara Kat,CADDE41 den YUVAM AKARCADA İÇİ YAPILI SATILIK DAİRE,none,0,0,0,0,0,none,0,,1316750210
,YATIRIM FIRSATI.HÜMEYRA PARKTA 1+1 TERTEMİZ BOYALI SATILIK DAİRE,none,0,0,0,0,0,none,0,,1310814675
,İZMİT YILDIZ KONUTLARINDA 190m2 SATILIK 4+1 DAİRE,none,0,0,0,0,0,none,0,,1305189277
,REMAX ALİKAHYA CUMHURİYET MAH SİTE İÇİ 3+1 SATILIK DAİRE,none,0,0,0,0,0,none,0,,1310695045
Ara Kat,KOCAELİ İZMİT KARADENİZLİLER MAH SATILIK 2+1 ARAKAT DAİRE,none,0,0,0,0,0,none,0,,1313634476
,İZMİT ALİKAHYA TRAMVAY DURAĞINA 100 MT SATILIK 2+1 SIFIR DAİRE,none,0,0,0,0,0,none,0,,1310819055
,MERKEZ EMLAKDAN JASMIN COUNTRY SATILIK 3+1 ARAKAT DAİRE,none,0,0,0,0,0,none,0,,1296805145
En Üst Kat,RE/MAX DREAM'DEN HAVUZLU FULL EŞYALI 1+1 SATILIK,none,0,0,0,0,0,none,0,,1316517563
Ara Kat,TURYAP KÖRFEZ TEMSİLCİLİĞİ'NDEN JASMİNCOUNTRY SİTESİNDE SATILIK,none,0,0,0,0,0,none,0,,1289595966
,KOCAELİ İZMİT KENTSA SİTESİ 3+1 MASRAFSIZ FULL YAPILI SATILIK,none,0,0,0,0,0,none,0,,1316872907
Çatı Dubleksi,YÜKSEK KİRACILI SATILIK 1+1 EŞYALI DAİRE,roof,1,1,0,0,0,detail,0,,1111296943
,ÇEPNİ UP TOWN SİTESİ KAPALI OTOPARKLI BAHÇELİ DAİRE,none,0,0,0,0,0,none,0,,1309992850
Ara Kat,ALIKAHYA FATİH 3+1 ARAKAT KISA SÜREDE TESLİM,none,0,0,0,0,0,none,0,,1316976889
Ara Kat,RE/MAX Effectten Yuvam Akarcada Tramvay Durağı Yanında 3+1,none,0,0,0,0,0,none,0,,1305011889
,ALİKAHYA FATİH MH 2+1 YÜKSEK GİRİŞ SATILIK DAİRE,none,0,0,0,0,0,none,0,,1284897909
Dubleks|Çatı Dubleksi,CB MAHALL'DAN VADİ İZMİTTE EŞSİZ FULL DENİZ MANZARALI 4+1,roof,1,1,0,0,0,detail,0,,1307772949
Ara Kat,Yuvam Akarca sitesinde içi yapılı dış cephe yenilenmiş 3+1 daire,none,0,0,0,0,0,none,0,,1316272651
Ara Kat,REMAX EFFECT ' TEN YUVAM AKARCA KONUTLARI'NDA BAKIMLI 3+1 DAİRE,none,0,0,0,0,0,none,0,,1310447375
Ara Kat,izmit kavanium 833 adada arakat yapılı 2+1 satılık daire.,none,0,0,0,0,0,none,0,,1304967624
Ara Kat,NEŞE EMLAKTAN SATILIK SİTE İÇİNDE 3+1 ARA KAT DAİRE,none,0,0,0,0,0,none,0,,1299371402
,İZMİT YUVAM AKARCA SATILIK 3+1 DAİRE,none,0,0,0,0,0,none,0,,1316156254
Ara Kat,KAVANIUM 833 ADA ARA KAT 4+1 ACİL KISA SÜRE FIRSAT FİYAT...,none,0,0,0,0,0,none,0,,1302243054
Dubleks,İzmit Yahyakaptan Muasır Kent Sitesi 3+1 -3. Kat Satılık Daire,standard,1,0,0,0,1,detail,0,,1316073282
Dubleks,"Kocaeli, İzmit Yuvam Garden Sitesinde SATILIK 3+1 DAİRE",standard,1,0,0,0,1,detail,0,,1279635220
,Alikahya İzmit Kavanıum Satılık 3+1 Havuz Cepheli Daire,none,0,0,0,0,0,none,0,,1315916422
Ara Kat,ALİKAHYADA YENİ BİNADA 3+1 | SINIRLI SÜRE FİYATI,none,0,0,0,0,0,none,0,,1304461531
Ara Kat,ListingPortal Satılık 4+1 Daire,none,0,0,0,0,0,none,0,,1315805679
Ara Kat,REMAX EFFECT DEN İZMİT YILDIZ KONUTLARINDA SATILIK 4+1 DAİRE,none,0,0,0,0,0,none,0,,1304110086
Ara Kat,SAHİBİNDEN SATILIK 3+1 ARA KAT DAİRE,none,0,0,0,0,0,none,0,,1315626182
,ALİKAHYA FATİH MH. TRAMVAY DURAĞININ ARKASINDA 2+1 SATILIK DAİRE,none,0,0,0,0,0,none,0,,1298699310
Ara Kat,İZMİT KAVANİUM SİTESİN DE ARA KAT 1+1 SATILIK DAİRE.,none,0,0,0,0,0,none,0,,1315618694
,KAVANYUM EVLERİNDE FUL EŞYALI 1+1 SATILIK DAİRE,none,0,0,0,0,0,none,0,,1309608607
Ara Kat,EMLAKÇIM41'DEN ALİ KÂHYA MH.DE %60 PEŞİNATLA 2+1 ARA KAT DAİRE,none,0,0,0,0,0,none,0,,1315920936
Ara Kat,ASAYRA EMLAKTAN JASMİNE COUNTRY SİTEDE 3+1 SATILIK ARAKATU,none,0,0,0,0,0,none,0,,1309513749
,İZMİT ALİKAHYA KAVANİUM 3+1 SATILIK DAİRE ADA 833,none,0,0,0,0,0,none,0,,1314285218
,İZMİT ALİKAHYADA MERKEZİ KONUM SATILIK GENİŞ 3+1 ARAKAT,none,0,0,0,0,0,none,0,,1287732351
,ALIKAHYA ATATÜRK 2+1 YÜKSEK GİRİŞ DAİRE,none,0,0,0,0,0,none,0,,1315827718
,YUVAM AKARCA 2 ETAP SATILIK ARA KAT DAİRE,none,0,0,0,0,0,none,0,,1315395457
Bahçe Dubleksi,İZMİT KAVANIUM'DA 833 ADA 2+1 100M2 SATILIK YÜKSEK GİRİŞ DAİRE..,garden,1,0,1,0,0,detail,0,,1309423927
,İZMİT TE SİTE İÇİNDE 2+1 SATILIK DAİRE EBEVEYN BANYOLU HAVUZLU,none,0,0,0,0,0,none,0,,1303888476
,ALİKAHYA FATİH MAHALLESiNDE SIFIR 2+1 ARA KAT DAİRE,none,0,0,0,0,0,none,0,,1236521980
Ara Kat,ListingPortal 2+1 Full Manzaralı Daire,none,0,0,0,0,0,none,0,,1297070383
,ALİKAHYA FATİH MAHALLESİ 2+1 SATILIK DAİRE,none,0,0,0,0,0,none,0,,1309498271
,ALİKAHYA KAVANİUM 833 İSKANLI BOŞ İÇİ SIFIR SATILIK 3+1 DAİRE,none,0,0,0,0,0,none,0,,1303904914
,Myra 3 Sitesinde Eşyalı Satılık Havuz Cepheli Daire,none,0,0,0,0,0,none,0,,1301783555
,satılık daire,none,0,0,0,0,0,none,0,,1315028248
Ara Kat,İZMİT KAVANİUM SİT. ( Eşyaları ile ) ARA KAT 1+1 SATILIK DAİRE.,none,0,0,0,0,0,none,0,,1315204857
,REMAX EXCELLENCE'DAN ALİKAHYA STADYUMA YAKIN 2+1 DAİRE,none,0,0,0,0,0,none,0,,1272608541
Ara Kat,AMG EMLAKTAN ALİKAHYA KAVANIUM YAKININDA 2+1 ARA KAT DAİRE,none,0,0,0,0,0,none,0,,1303925825
Ara Kat,FIRSAT 2ETAP C1/8 BLOK KISA SÜRELİĞİNE BÖLGENİN ENUYGUN DAİRESİ,none,0,0,0,0,0,none,0,,1308846100
Ara Kat,YUVAM AKARCA 2.ETAP C-BLOK 3+1 DAİRE,none,0,0,0,0,0,none,0,,1314672924
Ara Kat,ALİKAHYA MERKEZ'DE 3+1 (Masrafsız daire),none,0,0,0,0,0,none,0,,1308895708
,YUVAM AKARCADA SATILIK 3+1 YÜKSEK GİRİŞ İÇİ YAPILI,none,0,0,0,0,0,none,0,,1303405229
Çatı Dubleksi,Kocaeli İzmit Alikahya Fatih Mah. 2+1 Satılık Daire,roof,1,1,0,0,0,detail,0,,1309340376
Çatı Dubleksi,Turyap'tan Projeden Satılık %50 peşin Kalanı Taksit İmkanı,roof,1,1,0,0,0,detail,0,,1309162217
,YUVAM AKARCA 1.ETAP C2 LERDE 3+1 110M2 SATILIK BAHÇE KATI,none,0,0,0,0,0,none,0,,1314607377
En Üst Kat,FIRSAT EVEDİN MAİ YUVAM YAHYA KAPTAN TAMAMI 3+1 YENİ PROJE,none,0,0,0,0,0,none,0,,1315540436
En Üst Kat,ListingPortal Satılık 4+1,none,0,0,0,0,0,none,0,,1271186159
En Üst Kat,KENTSA SİTESİNDE MÜKEMMEL KONUMDA SAHİBİNDEN SATILIK 3/1 DAİRE,none,0,0,0,0,0,none,0,,1314366973
En Üst Kat,Son İndirim B2-2A YUVAM AKARCA TRAMVAY DURAĞINA ÇOK YAKIN,none,0,0,0,0,0,none,0,,1308443635
Ara Kat,SAHİBİNDEN KİRACISIZ GİRİŞ KAT İÇİ YAPILI 3+1 DAİRE,none,0,0,0,0,0,none,0,,1262703661
Ara Kat,"Yıldız Konutlarında En Özel Konumda , En İyi Manzaralı 4+1 Daire",none,0,0,0,0,0,none,0,,1314343795
Ara Kat,CB AKADEMİ MYRA 3 SİTESİ SATILIK HAVUZ CEPHE LÜKS 3+1 ARA KAT,none,0,0,0,0,0,none,0,,1308744084
,SATILIK 3+1 İZMİT ALİKAHYA MERKEZDE TRANVAY DURAĞININ YANINDA,none,0,0,0,0,0,none,0,,1314289387
,MÜLK SAHİBİNDEN SATILIK 2+1 DAİRE,none,0,0,0,0,0,none,0,,1314265537
Ara Kat,REMAX DREAM'DEN VADİ İZMİT'TE SATILIK 2+1 ARAKAT DAİRE,none,0,0,0,0,0,none,0,,1314240702
,İZMİT ALİKAHYA DA SATILIK FIRSAT ARAKAT,none,0,0,0,0,0,none,0,,1315373762
Ara Kat,İZMİT ALİKAHYA ATATÜRK MAH. ARA KAT 3+1 DAİRE,none,0,0,0,0,0,none,0,,1314156095
En Üst Kat,İzmit Kavanium 819. Adada Satılık 1+1 | Kiraya Vermeye Hazır,none,0,0,0,0,0,none,0,,1308719952
Ara Kat,ASAYRADAN İZMİT YILDIZ KONUTLARINDA GENİŞ 3+1 SATILIK DAİRE,none,0,0,0,0,0,none,0,,1314099986
,830 ada iztop Park evleri 3+1 satılık daire,none,0,0,0,0,0,none,0,,1314287750
Ara Kat,YUVAM AKARCA B1 BLOKLARDA ARA KAT SATILIK DAİRE.,none,0,0,0,0,0,none,0,,1308076883
,Yuvam Akarca'da geniş 3+1 zemin kat daire,none,0,0,0,0,0,none,0,,1308103915
En Üst Kat,İZMİT YUVAM AKARCA SATILIK DENİZ MANZARALI 3+1 DAİRE,none,0,0,0,0,0,none,0,,1302426415
,YILDIZ KONUTLARINDA SAHİBİNDEN SATILIK 3+1 DAİRE,none,0,0,0,0,0,none,0,,1313875286
Ara Kat,KOCAELİ İZMİT 2+1 DAİRE BAHÇE KULLANIMLI,none,0,0,0,0,0,none,0,,1252412730
Ara Kat,Alikahya Atatürk''te Muhtesem Konum Satilik 3+1 Daire,none,0,0,0,0,0,none,0,,1297065708
,İzmit kavaniumda 3+1 satılık daire,none,0,0,0,0,0,none,0,,1308463408
Ara Kat,"EKOL'den Karadenizliler Mah./HLS YAPI' da Site İçi , 2+1 ARAKAT",none,0,0,0,0,0,none,0,,1313626725
En Üst Kat,İzmit kavanium 832 ada'da 1+1 satılık daire,none,0,0,0,0,0,none,0,,1308489006
Ara Kat,ALİKAHYA FATİH MH. DE SATILIK ARAKAT SIFIR DAİRE,none,0,0,0,0,0,none,0,,1307035812
Ara Kat,EVEDİN YENİ PROJE TERRACE SUITE 2+1 120 M2 DÜZ DAİRE,none,0,0,0,0,0,none,0,,1314569957
,ALİKAHYA MERKEZİ LOKASYON 2+1 YÜKSEK GİRİŞ DAİRE,none,0,0,0,0,0,none,0,,1314260904
Ara Kat,İzmit iztoppark sitesinde satılık 2+1 arakat fırsat daire..,none,0,0,0,0,0,none,0,,1301279974
Ara Kat,Acil Satılık !!!,none,0,0,0,0,0,none,0,,1295606699
Dubleks|Çatı Dubleksi,"SATILIK 4+1 DUBLEKS DAİRE MERKEZİ KONUMDA, BAHÇELİ VE TERASLI",roof,1,1,0,0,0,detail_and_title,0,title_generic_confirms_detail_subtype,1289116988
Ara Kat,LISTING_PORTAL Yildiz Konutlari Kısa Bloklarda/ Büyük Tip 2+1,none,0,0,0,0,0,none,0,,1288006624
Çatı Dubleksi,Kocaeli İzmit Şehir Hastanesi Bölgesi Satılık Daire,roof,1,1,0,0,0,detail,0,,1298263150
Dubleks|Ara Kat|Bahçe Dubleksi,İZMİT ŞEHİR HASTANESİ KARŞISI SARKENT EVLERİ 110M2 KREDİYE UYGUN,garden,1,0,1,0,0,detail,0,,1318839238
Ara Kat,ARAKAT 2+1 GÜZEL KONUM,none,0,0,0,0,0,none,0,,1301957789
Ara Kat,REMAX DREAM İZMİT GÜNDOĞDU'DA ASANSÖRLÜ 3+1 SATILIK DAİRE,none,0,0,0,0,0,none,0,,1295165190
Dubleks|En Üst Kat,YEŞİLOVA BÖLGESİNİN EN AVANTAJLI 4+1 TAKAS FIRSATLI DAİRESİ !!!!,standard,1,0,0,0,1,detail,0,,1294860145
Ara Kat,Kocaeli İzmit Yeşilova'da Arakat 3+1 Satılık Daire,none,0,0,0,0,0,none,0,,1306659775
,FIRSATI KAÇIRMAYIN! ŞEHİR HASTANESİ YAKININDA GENİŞ 3+1 SATILIK,none,0,0,0,0,0,none,0,,1306022393
Ara Kat,REMAX DREAM'DEN %80 KREDİ EMİNEVİME UYGUN SİTE İÇİ 2+1 ARAKAT,none,0,0,0,0,0,none,0,,1306893362
Ara Kat,ListingPortal Satılık Asansörlü Ara Kat 2+1 Daire,none,0,0,0,0,0,none,0,,1318192263
Ara Kat,BOĞAZOVA ARMONİA REZİDANS'TA SATILIK 1+0 ARA KAT DAİRE,none,0,0,0,0,0,none,0,,1303704692
Ara Kat,REMAX EXCLUSİVE'DEN BOĞAZOVA'DA 1+1 ARMONİA REZİDANS,none,0,0,0,0,0,none,0,,1257390937
Ara Kat,Yeşilova Mahallesinde Modern ve Yatırımlık 2+1 Satılık Daire,none,0,0,0,0,0,none,0,,1318010831
,İZMİT YEŞİLOVA MAH. MÜSTAKİL GİRİŞ VE BAHÇESİ OLAN SIFIR DAİRE,none,0,0,0,0,0,none,0,,1298273021
Ara Kat,"ASAYRA EMLAK'TAN GÜNDOĞDU, YESİLOVADA 3+1 SATILIK ARAKAT",none,0,0,0,0,0,none,0,,1299869337
Ara Kat,BOĞAZOVA DA 1+1 FIRSAT ARMONIA RESIDENCE,none,0,0,0,0,0,none,0,,1318224866
Ara Kat,BOĞAZOVA CADDESİNE ÇOK YAKIN KONUMDA SATILIK 3+1 ARAKAT DAİRE,none,0,0,0,0,0,none,0,,1317524420
Dubleks,YEŞİLOVA ŞEHİR HASTANEYİNE YAKIN 3+1 TERAS KAT SATILIK DAİRE,standard,1,0,0,0,1,detail,0,,1304383740
,REMAX EFFECT TEN KOCAELİ GÜNDOĞDU BAYINDIRLIK KONUTLARI NDA 3+1,none,0,0,0,0,0,none,0,,1317730958
Ara Kat,İZMİT YEŞİLOVA MAHALESİNDE ARAKAT SATILIK 2+1 DAİRE,none,0,0,0,0,0,none,0,,1313623343
Ara Kat,KOCAELİ ŞEHİR HASTANESİ KARŞISI 1+1 SATILIK ARAKAT DAİRE,none,0,0,0,0,0,none,0,,1314616671
Ara Kat,GÜNDOĞDU MAHALLESİ'NDE SATILIK 3+1 ARAKAT DAİRE,none,0,0,0,0,0,none,0,,1291798786
,ACİL SATILIK 2+1 ARAKAT,none,0,0,0,0,0,none,0,,1285753533
Ara Kat,YEŞİLOVA MEKTEBİM KOLEJİNİN YANINDA BÜYÜK 2+1 ARAKAT DAİRE,none,0,0,0,0,0,none,0,,1260839391
Ara Kat,"GÜNDOĞDU HAVUZLU, ASANSÖRLÜ, SİTE İÇİ SATILIK 3+1 ARA KAT DAİRE",none,0,0,0,0,0,none,0,,1305984330
Ara Kat,İZMİT YEŞİLOVA KOLEJ YANI SICAK TERAS ÖZELLİKLİ 2+1 ARAKAT DAİRE,none,0,0,0,0,0,none,0,,1209245054
En Üst Kat,GÖLCÜK YAZLIK'DA 1+1 DUBLEKS SIFIR YERDEN ISITMA SATILIK DAİRE.,standard,1,0,0,0,1,title,0,,1311586595
Ara Kat,BOĞAZOVA CADDESİ'NDE 2+1 82 M2 DAİRE,none,0,0,0,0,0,none,0,,1289162270
Ara Kat|Çatı Dubleksi,"Şehir Hast. karşısı, Boğazova Cad., ŞOK Market Çaprazı",roof,1,1,0,0,0,detail,0,,1316848510
Ara Kat,YEŞİLOVADA SATILIK ARA KAT DAİRELER,none,0,0,0,0,0,none,0,,1249028339
Ara Kat,İZMİT GÜNDOĞDU MAHALLESİNDE SATILIK ARAKAT DAİRE,none,0,0,0,0,0,none,0,,1316699568
,İZMİT YENİŞEHİR HASTANESİ YAKINI 1+0 SATILIK REZİDANS DAİRE,none,0,0,0,0,0,none,0,,1287126171
,GÜNDOĞDUDA SATILIK OTURAMA HAZIR 2+1 ARAKAT,none,0,0,0,0,0,none,0,,1263593682
Ara Kat,ListingPortal Boğazova Caddesinde Site İçi 3+1,none,0,0,0,0,0,none,0,,1304493621
,SON FIRSAT REMAX MYRA'DAN BOĞAZOVADA 2+1 SIFIR ARAKAT DAİRE,none,0,0,0,0,0,none,0,,1310414222
,Boğazova caddesi satılık1+1 Migros üstü,none,0,0,0,0,0,none,0,,1315940054
Ara Kat,Tarcanlardan Gündoğdu Eren Life'da Satılık Ara Kat 3+1 Daire,none,0,0,0,0,0,none,0,,1298829497
Ara Kat,REMAX DREAM'DEN BOĞAZOVA'DA SATILIK 2+1 FIRSAT DAIRE,none,0,0,0,0,0,none,0,,1308892607
Bahçe Dubleksi,SATILIK BAHÇE DUBLEKS | GENİŞ VE KULLANIŞLI 2+1,garden,1,0,1,0,0,detail_and_title,0,,1309724595
,YENİ ŞEHİR HASTANESİNİN KARŞINDA SİTE İÇERİSİNDE SATILIK DAİRE,none,0,0,0,0,0,none,0,,1309738929
Ara Kat,SAHİBİNDEN VOGUE YEŞİLOVA SİTESİNDE 2+1 HAVUZLU SİTEİÇİ ARA KAT,none,0,0,0,0,0,none,0,,1308076537
Ara Kat,Şehir hastanesine yakın 2+1 yerden ısıtma,none,0,0,0,0,0,none,0,,1315512982
Ara Kat,İZMİT GÜNDOĞDU'DA 2+1 80 m2 ARAKAT SATILIK DAİRE,none,0,0,0,0,0,none,0,,1315316166
Çatı Dubleksi,YEŞİLOVA ARMONİ REZİDANSTA 1+1 SATILIK EŞYALI DAİRE,roof,1,1,0,0,0,detail,0,,1298092855
Ara Kat,KOCAELİ BOĞAZOVA 'DA 2+1 SATILIK DAİRE,none,0,0,0,0,0,none,0,,1314942515
Ara Kat,ÇAKAR HOME'S GÜNDOĞDU SATILIK SIFIR ARA KAT 2+1 DAİRE,none,0,0,0,0,0,none,0,,1308510645
,YEŞILOVA BOĞAZOVADA ASANSÖRLÜ 3+1 ARAKAT,none,0,0,0,0,0,none,0,,1314420319
Ara Kat,BERKPLUS EMLAK OFİSİNDEN YEŞİLOVADA SIFIR SATILIK ARA KAT DAİRE,none,0,0,0,0,0,none,0,,1239582883
Ara Kat|Ara Kat Dubleks,"Tarcanlardan,Şehir hastane karşısı Boğazova cadFırsat 2+1 Arakat",middle_floor,1,0,0,1,0,detail,0,,1307741296
Ara Kat,İZMİT YEŞİLOVA LİVA PARK'TA %35 PEŞİNAT İLE 1+1 ARA KAT DAİRE,none,0,0,0,0,0,none,0,,1313981545
,%80 KREDİYE UYGUN KAVAN LİFE TA HİÇ OTURULMAMIŞ 2+1 ARAKAT,none,0,0,0,0,0,none,0,,1295304344
,Tarcanlar'dan Gündoğdu Eren Life Sitesinde 2+0 Satılık Boş Daire,none,0,0,0,0,0,none,0,,1302358670
Ara Kat,INVEST GLOBAL'DEN 2+1 SATILIK EBEVEYN BANYO VE ÇAMAŞIR ODALI,none,0,0,0,0,0,none,0,,1298834345
Dubleks,İZMİT KABAOĞLU SATILIK HAVUZLU SİTE İÇİNDE 3+1 SATILIK DAİRE,standard,1,0,0,0,1,detail,0,,1318227838
Bahçe Dubleksi,Kavanya Koru Sitesinin En İyi Daire,garden,1,0,1,0,0,detail,0,,1318879644
En Üst Kat,GÜNEYPARK SİTESi ÖNÜ KAPANMAZ 4+1,none,0,0,0,0,0,none,0,,1318869848
,İzmit Boulevard Kabaoğlu 1+0 Satılık Daire,none,0,0,0,0,0,none,0,,1301103392
Ara Kat,REMAX ÇARŞI'DAN KOCAELİ İZMİT TAM MERKEZDE SATILIK 2+1 DAİRE,none,0,0,0,0,0,none,0,,1307100798
Ara Kat,TOKİ'DE SATILIK 2+1 ASANSÖRLÜ ARAKAT DAİRE,none,0,0,0,0,0,none,0,,1318800612
Ara Kat,İzmit Merkezde Yenilenmiş 2+1 Satılık Daire,none,0,0,0,0,0,none,0,,1304361373
Ara Kat,Kocaeli İzmit Yıldızlar Tepesi'nde Deniz Manzaralı Satılık 3+1,none,0,0,0,0,0,none,0,,1318788764
Bahçe Dubleksi,REMAX DREAM'DEN KABAOĞLU'NDA MUHTEŞEM FIRSAT 1+1 DAİRE,garden,1,0,1,0,0,detail,0,,1249234735
Ara Kat,İZMİT TÜYSÜZLER ACADEMIC LİFE 2 SİTESİ SATILIK 2+1 DAİRE,none,0,0,0,0,0,none,0,,1288502403
En Üst Kat,İzmit TOKİ'de Manzaralı Satılık 2+1 Daire (Kiracılı),none,0,0,0,0,0,none,0,,1298255247
Ara Kat,İzmit Kiptaş Çınar Evleri'nde Satılık 2+1 Daire,none,0,0,0,0,0,none,0,,1313045095
Ara Kat,Kavanya Koru Projesi 2+1 Satılık Daire,none,0,0,0,0,0,none,0,,1312911153
Ara Kat,AKPINAR TOKİDE SAHİBİNDEN SATILIK 2+1 DAİRE,none,0,0,0,0,0,none,0,,1318662474
,ASAYRA EMLAK ÇARŞI MERKEZDE 3+1 FUL YAPILI GİRİS KAT,none,0,0,0,0,0,none,0,,1306949476
Ara Kat,KAÇMAZ EMLAK ÇAĞRI KOÇ'tan PROJENİN FIRSAT DAİRESİ,none,0,0,0,0,0,none,0,,1301992291
,SEPETÇİ TOKİ ARA KAT 2+1 Daire BORÇSUZ Satılacak Son Fiyat.,none,0,0,0,0,0,none,0,,1284921905
,Tarcanlardan Sepetçiler Tokide Arakat Satılık 2+1 Daire,none,0,0,0,0,0,none,0,,1312884522
Ara Kat,satilik daire,none,0,0,0,0,0,none,0,,1318582905
Ara Kat,TANYILDIZ-İZMİT SEPETÇİ TOKİ SATILIK 2+1 ARA KAT DAİRE,none,0,0,0,0,0,none,0,,1300612431
,KOCAELİ İZMİT AKPINAR KONUTLARINDA SATILIK 1+1 DAİRE,none,0,0,0,0,0,none,0,,1312037726
Ara Kat,IZMIT KABAOĞLU MAH.AKADEMI LIFE SITESI SATILIK 2+1 ARA KAT,none,0,0,0,0,0,none,0,,1313050651
Ara Kat,TANYILDIZ-İZMİT ÇAYIRKÖY KAVANYA KORU SİTESİ SATILIK 3+1 DAİRE,none,0,0,0,0,0,none,0,,1318526563
Ara Kat,Fırsat Daire Akpınar TOKİ 2+1,none,0,0,0,0,0,none,0,,1317102283
,ListingPortal satılık arakat güney cephe,none,0,0,0,0,0,none,0,,1312809777
Ara Kat,ÇAYIRKÖY CEF CITY GÖL MANZARALI 2+1 SATILIK DAİRE,none,0,0,0,0,0,none,0,,1194531282
,EMLAXO'DAN SEKBANLI SATILIK BORÇSUZ 2+1 ARAKAT DAİRE,none,0,0,0,0,0,none,0,,1312636547
En Üst Kat,Sekbanlı TOKİ de doğayla iç içe,none,0,0,0,0,0,none,0,,1318360640
,İzmit'te Muhteşem Manzaralı 3+1,none,0,0,0,0,0,none,0,,1273595083
En Üst Kat,İZMİT SEKBANLI TOKİDE MUHTEŞEM DOĞA MANZARALI 2+1 SIFIR DAİRE,none,0,0,0,0,0,none,0,,1318273374
Ara Kat Dubleks,SEPETÇI TOKİ KONUTLARI'NDA 2 + 1 GÖL MANZARALI SATILIK DAİRE,middle_floor,1,0,0,1,0,detail,0,,1309509711
Ara Kat,SEPETÇİ TOKİ MAHALLESİNDE 2+1 İÇİ YAPILI TEK KURUŞ MASRAFSIZ,none,0,0,0,0,0,none,0,,1309463445
Ters Dubleks,CASH'TEN İZMİT BOULEVARD KABAOĞLU'NDA 1+1 SATILIK DAİRE,standard,1,0,0,0,1,detail,0,,1315376552
Ara Kat,YEŞİLOVADA SATILIK 2+1 ARAKAT,none,0,0,0,0,0,none,0,,1318213614
Ara Kat,SATILIK! LÜKS SİTEDE MUHTEŞEM DAİRE,none,0,0,0,0,0,none,0,,1312099802
Ara Kat|Bahçe Dubleksi|Çatı Dubleksi,İZMİT ÇAYIRKÖYDE SATILIK LANSMANA ÖZEL SINIRLI SAYIDA DAİRE,roof,1,1,0,0,0,detail,0,,1312799388
,KARLIKAYA'DAN TURKUAZ'DA MANZARALI KİRACILI SÜPER FIRSAT DAİRE,none,0,0,0,0,0,none,0,,1290141910
Dubleks|En Üst Kat|Ara Kat,İZMİT KİPTAŞ ÇINAR EVLERİNDE KÖŞE BAHÇE KATI DAİRE FIRSATI,standard,1,0,0,0,1,detail,0,,1318136597
Ara Kat,MK TERAS SİTESİ SATILIK 1+1 ARAKAT BÜYÜK m2 ÇİFT CEPHELİ DAİRE,none,0,0,0,0,0,none,0,,1255878462
,Bayraktar Emlak'tan satılık manzaralı güzel Ara kat daire,none,0,0,0,0,0,none,0,,1318101417
Ara Kat,KAVANYA KORU DA GÖL MANZARALI EN GÜZEL KONUMDA SATILIK 3+1 DAİRE,none,0,0,0,0,0,none,0,,1266236385
,Yapıcılar Emlaktan Satılık 3+1 Yatırımlık Daire,none,0,0,0,0,0,none,0,,1318001807
Ara Kat,DENİZ VE ŞEHİR MANZARALI GÜNEY CEPHE EBEVEYN BANYOLU 2+1 ARAKAT,none,0,0,0,0,0,none,0,,1291728888
,MBK BİRİKİM GAYRİMENKULDEN SATILIK 4+1 DAİRE,none,0,0,0,0,0,none,0,,1317951742
,Yeşilova mahallesi boğazova caddesinde listing_portal satılık daire,none,0,0,0,0,0,none,0,,1317917033
,İZMİT KABAOĞLU MAHALLESİ SATILIK 2+1 TERAS KULLANIMLI DAİRE,none,0,0,0,0,0,none,0,,1308358660
Ara Kat,İZMİT ARIZLI TOKİ KONUTLARI'NDA SATILIK 1+1 ARAKAT DAİRE,none,0,0,0,0,0,none,0,,1314954087
Ara Kat,KOCAELİ İZMİT ÇAYIRKÖY GÖLKENT ARAÇ TAKASLI SATILIK DAİRE,none,0,0,0,0,0,none,0,,1311934066
Ara Kat,İzmit Sepetçi TOKİ'de Satılık 2+1 Daire - 66m² Net,none,0,0,0,0,0,none,0,,1317763219
Bahçe Dubleksi,ALTIN EMLAK'tan KAVANYA KORU DA LUX KONFOR DOĞA HEPSİ BURADA,garden,1,0,1,0,0,detail,0,,1297026172
,İZMİT ÇAYIRKÖY GÖLKENT 2+1 80 m2 YENİ BİNA,none,0,0,0,0,0,none,0,,1244636173
Ara Kat,REMAX DREAM %80 KREDİ İMKANI TOKİ 185.ADA SATILIK 3+1 ARAKAT,none,0,0,0,0,0,none,0,,1309016236
,AÇIKLAMAYA DİKKAT!! SAHİBİNDEN-ENİYİ KONUM-ARAKAT-2+1 DAİRE,none,0,0,0,0,0,none,0,,1283200237
Dubleks|Çatı Dubleksi,GEBMASTER'DAN ALİKAHYA KERİMOĞLU SİTESİNDE SATILIK 3+1 ACİL.,roof,1,1,0,0,0,detail,0,,1308900270
,Yıldızlar Tepesinde Hayatın tam Zirvesinde satılık 2+1,none,0,0,0,0,0,none,0,,1317500717
,KABAOĞLU MH ACADEMİC LİFE 2 De PAZARLIKSIZ ACİL FİYAT,none,0,0,0,0,0,none,0,,1262299346
,UYGUNFİYATLI İZMİT BAYINDIRLIKKALICI KONUTLARINDA 3+1GENİŞ DAİRE,none,0,0,0,0,0,none,0,,1308122026
En Üst Kat,İZMİT ÇARŞI MERKEZ MANZARALI - TERASLI SATILIK 3+1 DAİRE,none,0,0,0,0,0,none,0,,1267533848
En Üst Kat,KOCAELİ İZMİT AKPINAR TOKİ'DE SATILIK 2+1 80M2 İÇİ YAPILI DAİRE,none,0,0,0,0,0,none,0,,1314538826
Ara Kat,İZMİT BAYINDIRLIK KALICI KONUTLARINDA 3+1 ARAKAT DAİRE,none,0,0,0,0,0,none,0,,1294622513
,İzmit Akpınar TOKİde Yatırımlık Fırsat 2+1 Daire,none,0,0,0,0,0,none,0,,1314425147
,SADIK EMLAK'TAN SEKBANLI TOKİ KONUTLARINDA SATILIK 2+1 GİRİŞ KAT,none,0,0,0,0,0,none,0,,1304595795
,İZMİT HACI HASAN MAHALLESİNDE SATILIK 2+1 DAİRE,none,0,0,0,0,0,none,0,,1290047614
Ara Kat,"Tepeköy'de Satılık 3+1 Daire, 110m², Merkezi Konumda",none,0,0,0,0,0,none,0,,1311192932
Ara Kat,YILDIZLAR TEPESİNDE FUL DENİZ MANZARALI LÜX SATILIK 1+1 ARA KAT,none,0,0,0,0,0,none,0,,1317104617
En Üst Kat|Ara Kat,İZMİT SEPETÇİ TOKİ KONUTLARI 3+1 KISMEN GÖL MAN. SATILIK DAİRE,none,0,0,0,0,0,none,0,,1317086399
Ara Kat,SAHİBİNDEN KAVANYA KORU HAVUZ VE GÖL MANZARALI 3+1 ARAKAT DAİRE,none,0,0,0,0,0,none,0,,1305632822
Ara Kat,KOCAELİ İZMİT ÇAYIRKÖY GÖLKENT YATIRIMLIK TAKASLI SATILIK DAİRE,none,0,0,0,0,0,none,0,,1314578330
Ara Kat,DÜZGÜN BABADAN İZMİT CARPE DİEM TERRERACE'DE DENİZ MANZARALI 2+1,none,0,0,0,0,0,none,0,,1000088559
,FIRSAT DAİRE-SEPETÇİDE KİRACILI 3+1 GİRİŞ KAT DAİRE-KAÇIRMAYIN,none,0,0,0,0,0,none,0,,1302791669
Ara Kat,INVEST GLOBAL'DEN KABAOĞLU'DA SATILIK EŞYALI 1+0 REZİDANS,none,0,0,0,0,0,none,0,,1273419801
,bozdemir'DEN SEMT KOCAELİ SİTESİNDE KİRACISIZ SATILIK 2+1 DAİRE,none,0,0,0,0,0,none,0,,1311036498
,MED EMLAKTAN TÜYSÜZLERDE SATILIK 1+1 DAİRE,none,0,0,0,0,0,none,0,,1254428678
En Üst Kat,SEPETÇI TOKİ KONUTLARI 2+1 100m2 GÖL MANZARALI SATILIK DAIRE,none,0,0,0,0,0,none,0,,1308399519
Ara Kat,İZMİT MERKEZ İNÖNÜ CADDESİ'NDE SATILIK 3+1 DAİRE,none,0,0,0,0,0,none,0,,1311062864
Ara Kat,Sekbanlı Toki 2+1 87m2 Resmi Banka Devirli Daire,none,0,0,0,0,0,none,0,,1316953092
Ara Kat,YILDIZLAR TEPESİ FULL SOSYAL AKTİVİTE ARAKAT 3+1 FIRSAT DAİRE,none,0,0,0,0,0,none,0,,1316954993
Çatı Dubleksi,İZMİT TEPE REZIDENCE'DA ÜNİVERSİTE YANI EŞYALI SATILIK 2+1 DAİRE,roof,1,1,0,0,0,detail,0,,1227995646
Dubleks,REMAX 'DEN KABAOĞLUNDA SATILIK FIRSAT 4+1 DAİRE,standard,1,0,0,0,1,detail,0,,1311459485
,Kuruçeşme TOKİ konutlarında eşyalı satılık 2+1 daire,none,0,0,0,0,0,none,0,,1310844745
Ara Kat,ListingPortal Anakent Sitesinde Satılık 3+1 Arakat Daire,none,0,0,0,0,0,none,0,,1295269259
Ara Kat,Arızlı Toki Konutlarında deniz manzaralı satılık 2+1,none,0,0,0,0,0,none,0,,1316805325
En Üst Kat,ASAYRA EMLAK'TAN AKPINAR TOKİ KONUTLARI 2+1 SATILIK DAİRE,none,0,0,0,0,0,none,0,,1299465096
,İZMIT MERKEZDE GIRIŞ KAT SATILIK 3+1 DAIRE,none,0,0,0,0,0,none,0,,1299817037
En Üst Kat,GÖL KENT SATILIK DAİRE,none,0,0,0,0,0,none,0,,1316711355
,KOCAELİ İZMİT AKPINAR TOKİ SATILIK 2+1 ARA KAT DAİRE,none,0,0,0,0,0,none,0,,1290267807
Ara Kat,Sepetçi TOKİ Konutlarında 3+1 Satılık Daire | Tapusu Hazır,none,0,0,0,0,0,none,0,,1305183233
,SAHİBİNDEN İZMİT KABAOĞLUNDA UYGUN FİYATLI 1+1HAZIR OFİS/DAİRE,none,0,0,0,0,0,none,0,,1316585456
,KOCAELİ İZMİT SATILIK EŞYALI REZİDANS DAİRE,none,0,0,0,0,0,none,0,,1302591625
Ara Kat,REMAX MYRADAN KAVANYA KORU SİTESİ ARAKAT MANZARALI 3+1 DAİRE,none,0,0,0,0,0,none,0,,1313539305
Ara Kat,KOCAELİ İZMİT KAVANYA KORU SİTESİ'NDE SATILIK 3+1 ARAKAT DAİRE,none,0,0,0,0,0,none,0,,1313726661
Ara Kat,MANZARA İZMİT'TE SATILIK 2+1 DAĞ VE DENİZ MANZARALI ARAKAT,none,0,0,0,0,0,none,0,,1182151300
Ara Kat,AKPINAR MAH. TOKİ KONUTLARINDA 2+1 ASANSÖRLÜ ARAKAT DAİRE,none,0,0,0,0,0,none,0,,1316431126
En Üst Kat,RE/MAX DREAMDEN AKPINAR TOKİ'DE SATILIK 2+1 DAİRE.,none,0,0,0,0,0,none,0,,1257010993
Bahçe Dubleksi,TUANA EMLAK TAN KABAOĞLU KAVANTRY SİTESİ MÜSTAKİL TADINDA 3+1,garden,1,0,1,0,0,detail,0,,1316353812
En Üst Kat,"Tepeköy'de Manzaralı, Konforlu 2+1 Daire",none,0,0,0,0,0,none,0,,1310663983
Çatı Dubleksi,İZMİT KAVANYA KORU SİTESİNDE GÖL VE DOĞA MANZARALI 3+1 DAİRE,roof,1,1,0,0,0,detail,0,,1304801529
Ara Kat,Arızlı TOKİ'de 2+1-HARİKA -Manzaralı-ARAKAT-Krediye Uygun-daire,none,0,0,0,0,0,none,0,,1293716080
Ara Kat,ALTIN EMLAK'tan Panoramik Göl Manzaralı 4+1 Arakat Daire,none,0,0,0,0,0,none,0,,1285384023
En Üst Kat,ASAYRA DAN BAYINDIRLIK KALICI KONUTLARI 3+1 SATILIK DAİRE,none,0,0,0,0,0,none,0,,1281351818
Ara Kat,ASAYRA EMLAKTAN TOKİ AKPINAR DA 2+1. SATILIK ARAKAT,none,0,0,0,0,0,none,0,,1305029085
Ara Kat,SATILIK MÜKEMMEL DENİZ MANZARALI 3+1 DAİRE SİTE İÇİNDE,none,0,0,0,0,0,none,0,,1249863303
,İZMİT MERKEZİ KONUMDA SATILIK 3+1 DAİRE,none,0,0,0,0,0,none,0,,1299404124
Çatı Dubleksi,İZMİT YEŞİLOVA BOĞAZOVA CADDESİNE CEPHE SATILIK5+1 EĞİMSİZ DAİRE,roof,1,1,0,0,0,detail,0,,1299307765
,TUANA EMLAK TAN ÇARŞI MERKEZDE 2+1 ARAKAT DAİRE,none,0,0,0,0,0,none,0,,1298890998
Ara Kat,İZMİT SEPETÇİ TOKİ KONUTLARI 3+1 ARAKAT DAİRE,none,0,0,0,0,0,none,0,,1304815647
Bahçe Dubleksi,İzmit Çayırköy Satılık Site İçi 2+1 Daire,garden,1,0,1,0,0,detail,0,,1310062907
Ara Kat,İzmit Akpınar Toki Konutlarında 2+1 ARAKAT Daire,none,0,0,0,0,0,none,0,,1315949491
Ara Kat,ListingPortal Kavanya Koru Göl manzaralı 4+1 Arakat daire,none,0,0,0,0,0,none,0,,1315940286
,3+1 ListingPortal Satılık,none,0,0,0,0,0,none,0,,1304385961
Dubleks|Ara Kat|Ara Kat Dubleks|Bahçe Dubleksi,KABAOĞLUNDA LÜKS 1+1 REZİDANS DAİRE,garden,1,0,1,0,0,detail,0,,1315937370
,EMLAXO'dan İZMİT SEKBANLI'DA SATILIK 3+1 DAİRE,none,0,0,0,0,0,none,0,,1310251764
Ara Kat,Kocaeli'de Çayırköyde Yatırımlık 3+1 Daire!,none,0,0,0,0,0,none,0,,1134048514
Ara Kat|Çatı Dubleksi,İZMİT KABAOĞLU DOĞA MANZARALI 3+1 ARAKAT DAİRE,roof,1,1,0,0,0,detail,0,,1311067771
Ara Kat,ASAYRA DAN AKPINAR TOKİ KONUTLARINDA 2+1 SATILIK ARAKAT,none,0,0,0,0,0,none,0,,1261743496
,LOCATION'DAN SEKBANLI TOKİ KONUTLARINDA SATILIK 2+1 FIRSAT DAİRE,none,0,0,0,0,0,none,0,,1315766088
Dubleks|Bahçe Dubleksi,KABAOĞLUNUN KALBİNDE LÜKSÜN ZİRVESİ,garden,1,0,1,0,0,detail,0,,1315929179
En Üst Kat,İZMİT ÇAYIRKÖY SEMT KOCAELİ SİTESİNDE SATILIK 2+1 BOŞ DAİRE,none,0,0,0,0,0,none,0,,1304067066
,SEPETÇİ TOKİ KONUTLARI SAHİBİNDEN SATILIK 2+1 GÖL MANZARALI,none,0,0,0,0,0,none,0,,1315671040
,sekbanlı tokide oturuma hazır arakat sitenin en güzel lokasyonu,none,0,0,0,0,0,none,0,,1315656907
Çatı Dubleksi,INVEST GLOBAL'DEN KİRACILI EŞYALI KABAOĞLU'NDA SATILIK DAİRE,roof,1,1,0,0,0,detail,0,,1304002132
,İZMİT ÇARŞI İÇİNDE HACIHASAN MAH. 2+1 95 M2 SATILIK DAİRE,none,0,0,0,0,0,none,0,,1315162668
,KREDİYE UYGUN TOKİ'DE GÜZEL KONUMDA 2+1 YÜKSEK GİRİŞ KATI DAİRE,none,0,0,0,0,0,none,0,,1309564547
Ara Kat,KAVANYA KORU'DA YAŞAM BAŞLIYOR ARA KAT 4+1 OTOPARKLI DAİRE,none,0,0,0,0,0,none,0,,1303132755
,SAHİBİNDEN !!! DOĞAPARKTA FULL MANZARALI GENİŞ BALKONLU 1+1,none,0,0,0,0,0,none,0,,1308852470
En Üst Kat,FIRSAT! Liva Grup'tan İzmit Sekbanlı'da SATILIK 2+1 DAİRE,none,0,0,0,0,0,none,0,,1303316716
Ara Kat,KAVAN KORUDA SATILIK MANZARALI ARAKAT 4+1 DAİRE NEŞE EMLAK,none,0,0,0,0,0,none,0,,1303477046
Ara Kat,INVEST GLOBAL'DEN ZERAY DORA HILL PROJESİNDE 3+1 SATILIK DAİRE,none,0,0,0,0,0,none,0,,1314905024
,KURUÇEŞME KİPTAŞ ÇINAR EVLERİNDE SATILIK DAİRE,none,0,0,0,0,0,none,0,,1303470938
,Full deniz manzaralı ve teraslı 1+1,none,0,0,0,0,0,none,0,,1309014108
,"KARLIKAYA'DAN ""TURKUAZ'DA 2+1 KELEPİR"" ACİL SATILIK DAİRE",none,0,0,0,0,0,none,0,,1294178662
Ara Kat,INVEST GLOBAL'DEN KAVANYA KORU'DA FIRSAT DAİRE 2+1 DAİRE,none,0,0,0,0,0,none,0,,1298867936
Dubleks|Ara Kat|Çatı Dubleksi,***FIRSAT***TERRACE ÇAYIRKÖY 2+1 120m2 DAİRE,roof,1,1,0,0,0,detail,0,,1249549337
En Üst Kat,NETA GAYRİMENKUL'DEN İZMİT MERKEZE YÜRÜME MESAFESİNDE 1+1,none,0,0,0,0,0,none,0,,1314666105
Ara Kat,İZMİT ÇAYIRKÖY KAVAN KORU SİTESİ SATILIK 2+1 ARA KAT DAİRE,none,0,0,0,0,0,none,0,,1291117419
,TOKİ sekbanlı konutları içi yapılı 2+1 borçsuz devirli satılık,none,0,0,0,0,0,none,0,,1314539818
,"İZMİT HACIHASAN'DA SATILIK, MÜSTAKİL BAHÇELİ, 2+1 DAİRE",none,0,0,0,0,0,none,0,,1308699921
,İZMİT AKPINAR TOKİ'DE 1+1 YATIRIMA UYGUN KISMİ EŞYALI SATILIK,none,0,0,0,0,0,none,0,,1308104176
,CB ATLAS'TAN LA VİDA CİTY'DE PANORAMİK MANZARALI 3+1 SATILIK,none,0,0,0,0,0,none,0,,1308516129
Ara Kat,INVEST GLOBAL'DEN KAVANYA KORU'DA ARA KAT 4+1 ÖZEL KAPALI OTOPAR,none,0,0,0,0,0,none,0,,1298826127
Bahçe Dubleksi,İZMİT ÇAYIRKÖY KAVAN KORU SİTESİ SATILIK 3-1 DAİRE,garden,1,0,1,0,0,detail,0,,1291158393
Bahçe Dubleksi,Kocaeli İzmit Çayırköy Satılık 4+1 Daire,garden,1,0,1,0,0,detail,0,,1314553837
Ara Kat,INVEST GLOBAL'DEN KAVANYA KORU'DA 3+1 ARA KAT DAİRE,none,0,0,0,0,0,none,0,,1298873052
Ara Kat,GÖL MANZARALI 4+1 ARAKAT SATILIK DAİRE EŞYALI SİTE İÇİ,none,0,0,0,0,0,none,0,,1285678976
Ara Kat,Arızlı TOKİ Konutlarında satılık 1+1 içi temiz kiracılı daire,none,0,0,0,0,0,none,0,,1302702338
Çatı Dubleksi,YILDIZLAR TEPE SİTESİNDE SATILK DENİZ MANZARALI 3+1,roof,1,1,0,0,0,detail,0,,1274038714
,TERRACE ÇAYIRKÖY 2+1 SATILIK DAİRE,none,0,0,0,0,0,none,0,,1303272618
Ara Kat,INVEST GLOBAL'DEN KAVANYA KORU'DAN 3+1 SATILIK DAİRE,none,0,0,0,0,0,none,0,,1305008240
Ara Kat,İZMİT MERKEZDE SATILIK İÇİ YAPILI 2+1 ARAKAT DAİRE,none,0,0,0,0,0,none,0,,1314124835
,doǧa ve göl manzaralı,none,0,0,0,0,0,none,0,,1302616190
Ara Kat,SEMT KOCAELİ DENİZ VE ŞEHİR MANZARALI GÜNEY BÜYÜK 3+1 ARAKAT,none,0,0,0,0,0,none,0,,1081715161
Ara Kat,korhandan sekbanlıda devirli arakat 2+1,none,0,0,0,0,0,none,0,,1259579305
,KAVANYA KORU SİTESİNDE DENİZ MANZARALI 3+1 SATILIK DAİRE,none,0,0,0,0,0,none,0,,1314285335
,Muhteşem manzara,none,0,0,0,0,0,none,0,,1286131691
Ara Kat,INVEST GLOBAL'DEN KAVANYA KORU'DAN 3+1 SATILIK DAİRE,none,0,0,0,0,0,none,0,,1305156627
Ara Kat,Remax Arminadan Satılık Daire,none,0,0,0,0,0,none,0,,1307845026
,KORHANDAN SEKBANLI TOKİDE DEVİRLİ 3+1 SIFIR DAİRE,none,0,0,0,0,0,none,0,,1280339316
Ara Kat,"KARLIKAYA'DAN TURKUAZ'DA "" B O Ş "" KUPON 2+1 "" ARA KAT DAİRE",none,0,0,0,0,0,none,0,,1314245523
,EMLAXO'DAN SEKBANLI SATILIK 2+1 ARAKAT DAİRE,none,0,0,0,0,0,none,0,,1314149234
En Üst Kat,ATLAS EMLAK SATILIK 4+1 MUHTEŞEM MANZARA YÜZME HAVUZU SİTE İÇİ,none,0,0,0,0,0,none,0,,1313735909
Ara Kat,INVEST GLOBAL'DEN KAVANYA KORU'DAN 3+1 SATILIK DAİRE,none,0,0,0,0,0,none,0,,1305165416
Ara Kat,İZMİT SEKBANLI TOKİDE DEVİRLİ SATILIK 2+1 ARAKAT DAİRE,none,0,0,0,0,0,none,0,,1314522516
Ara Kat,SEPETÇİ TOKİ KONUTLARINDA SATILIK 2+1 DAİRE,none,0,0,0,0,0,none,0,,1302159117
,REMAX DREANDEN KAVANYA GÖL DE SATILIK 2+1 ARA KAT DAİRE,none,0,0,0,0,0,none,0,,1308136641
,Göl Manzaralı 4+1,none,0,0,0,0,0,none,0,,1302581731
,BAYRAKTAR EMLAK ' dan SATILIK YENİ DAÎRE ..YATIRIMCIYA,none,0,0,0,0,0,none,0,,1240992682
Ara Kat,CB ATLAS'TAN AKPINAR TOKİDE MUHTEŞEM MANZARALI 2+1 SATILIK DAİRE,none,0,0,0,0,0,none,0,,1296534687
En Üst Kat,BAYINDIRLIK KALICI KONUTLARINDA İÇİ YAPILI 3+1 SATILIK DAİRE,none,0,0,0,0,0,none,0,,1307500434
Ara Kat,İzmit Çayırköy Mah. Arakat Ebeveyn Banyolu 3+1 Satılık Daire,none,0,0,0,0,0,none,0,,1300822994
En Üst Kat,ARIZLI TOKİDE 2+1 SATILIK FIRSAT DAİRE,none,0,0,0,0,0,none,0,,1313473037
Ara Kat,SAHİBİNDEN KAVANYA KORUDA GÖL VE HAVUZ MANZARALI 3+1 ARA KAT,none,0,0,0,0,0,none,0,,1312063555
,BOULEVARD KABAOĞLU TERASLI DAİRE,none,0,0,0,0,0,none,0,,1214798013
Ara Kat,KAVANYA KORU'DA YAŞAM BAŞLIYOR (2+1 Ebeveyn Banyo+Çamaşır Odası),none,0,0,0,0,0,none,0,,1297346478
En Üst Kat,korhandan sekbanlı tokide 2+1 yatırımcıya,none,0,0,0,0,0,none,0,,1306104633
,REMAX DREAM'DEN KABAOĞLU LEDACİTY'DE SATILIK 3+1 DAİRE,none,0,0,0,0,0,none,0,,1289363480
Ara Kat,İZMİT SEPETÇİ TOKİ KONUTLARI 3+1 ARAKAT DAİRE,none,0,0,0,0,0,none,0,,1307372743
Ara Kat,"ASAYRA EMLAK TOKİ AKPINAR MASRAFSIZ ,YAPILI 2+1 SATILIK ARAKAT",none,0,0,0,0,0,none,0,,1290672521
,BOULEVARD SATILIK 1+1 HAVUZ CEPHELİ,none,0,0,0,0,0,none,0,,1293880411
Ara Kat,KİPTAŞ ÇINAR EVLERİ'NDE SAHİBİNDEN SATILIK 2+1 ARAKAT ŞEREFİYELİ,none,0,0,0,0,0,none,0,,1309939163
,"ListingPortal GK8 Daire 2 | 86m² Sıfır, Masrafsız, Hemen Taşın",none,0,0,0,0,0,none,0,,1266570068
,KURUÇEŞME AKPINAR TOKİ'DE TAMAMEN YENİLENMİŞ SAHİBİNDEN 2+1,none,0,0,0,0,0,none,0,,1291957451
Ara Kat,KOCAELİ İZMİT ÇAYIRKÖY PREMİUMDA SİTE'DE 150 m2 3+1 ARAKAT,none,0,0,0,0,0,none,0,,1134224834
Ara Kat,İZMİT ÇAYIRKÖY PREMİUMDA 3+1 ARAKAT KAPALI OTOPARKLI SİTEDE,none,0,0,0,0,0,none,0,,1134897094
,ListingPortal Semt Kocaeli Sitesi Muhteşem Manzaralı Daire,none,0,0,0,0,0,none,0,,1255585007
Ara Kat,İZMİT ŞİRİNTEPE ÖĞRETMENLER SİTESİN DE,none,0,0,0,0,0,none,0,,1301406333
Ara Kat,RE/MAX MİR'DEN KURUÇEŞME'DE 2+1 ARAKAT DAİRE,none,0,0,0,0,0,none,0,,1301493332
Ara Kat,İZMİT Kuruçeşme Merkezde Sıfır 2+1 ARAKAT & Lüks Daire,none,0,0,0,0,0,none,0,,1313187554
Bahçe Dubleksi,İZMİT YENİ MAHALLE RARAR'DA 4+1 GENİŞ AİLE DAİRESİ TAKASA AÇIK,garden,1,0,1,0,0,detail,0,,1301986686
En Üst Kat,"Plajyolu, Cumhuriyet Mahallesi Satılık 3+1 Daire",none,0,0,0,0,0,none,0,,1304251895
Ara Kat,İZMİT YENİ MH. PANAROMİK DENİZ VE ŞEHİR MANZARALI SATILIK ARAKAT,none,0,0,0,0,0,none,0,,1270098471
Bahçe Dubleksi,REALCENTER KÖRFEZ'DEN KURUÇEŞME YENİ MAH.SATILIK 3+1 135M2 DAİRE,garden,1,0,1,0,0,detail,0,,1313055402
Çatı Dubleksi,RE/MAX NEPTÜN'DEN PLAJ YOLU BOZDAĞ SİTESİNDE 2+1 SATILIK DAİRE,roof,1,1,0,0,0,detail,0,,1316025844
Ara Kat,BEYTKUM GM 2+1 ARAKAT DENİZ VE ŞEHİR MNZRALI FLAT APARTMENT,none,0,0,0,0,0,none,0,,1158755964
Dubleks|En Üst Kat|Çatı Dubleksi,KOCAELİ İZMİT KURUÇESME 2+1 SATILIK YAPILI DENİZ MANZARLI DAİRE,roof,1,1,0,0,0,detail,0,,1313092691
Dubleks|Çatı Dubleksi,ACİL ! İZMİT KURUÇEŞMEDE EŞSİZ DENİZ MANZARALI 3+1 LÜKS DAİRE,roof,1,1,0,0,0,detail,0,,1318684652
Ara Kat,ŞİRİNTEPE MERKEZ'DE TÜRKKABLO SİT.SATILIK DAİRE...,none,0,0,0,0,0,none,0,,1301768029
Ara Kat,İZMİT SEA LİFE 41 SİTESİ'NDE SATILIK DENİZ MANZARALI ARAKAT,none,0,0,0,0,0,none,0,,1313035574
En Üst Kat,ASAYRA DAN ŞİRİNTEPE DE DENİZ MANZARALI 2 +1 SATILIK DAİRE,none,0,0,0,0,0,none,0,,1277542720
,KOCAELİ İZMİT ŞİRİNTEPE MAHALLESİ SATILIK DAİRE,none,0,0,0,0,0,none,0,,1311387866
,İzmit Şirintepe Mh. Plajyolu Sk. 3+1 Satılık Daire,none,0,0,0,0,0,none,0,,1318065358
,Akbulut Gayrimenkul'den Şirintepe'de Satılık Daire,none,0,0,0,0,0,none,0,,1316683393
Ara Kat,KURUÇEŞME İREM KENT SİTESİ SATILIK 3+1 SİTE İÇİ ARAKAT DAİRE,none,0,0,0,0,0,none,0,,1299124078
Ara Kat,REMAX DREAM'DEN PLAJ YOLUNDA SİTE İÇİ 2+1 ARA KAT SATILIK DAİRE,none,0,0,0,0,0,none,0,,1312834609
Çatı Dubleksi,İZMİT PLAJYOLU MASRAFSIZ SATILIK 3+1 DAİRE,roof,1,1,0,0,0,detail,0,,1312638718
,AKBULUT Gayrimenkul'den Şirintepe'de 2+1 Daire,none,0,0,0,0,0,none,0,,1316668213
Ara Kat,şirintepede deniz man.3+1 satilik daire,none,0,0,0,0,0,none,0,,1318345941
,KULLANIMA HAZIR BAHÇELİ YÜKSEK GİRİŞ SATILIK 3+1 DAİRE,none,0,0,0,0,0,none,0,,1318323874
Ara Kat,Tarcanlardan Kuruçeşmede Ara Kat 3+1 Satılık Daire,none,0,0,0,0,0,none,0,,1318314576
,İZMİT KURUÇEŞME YENİMAHALLE 3+1 MANZARALI SATILIK DAİRE,none,0,0,0,0,0,none,0,,1310782638
Çatı Dubleksi,KURUÇEŞME FATİH MAHALLESİ SİTE İÇİ 3+1 FIRSAT SATILIK DAİRE,roof,1,1,0,0,0,detail,0,,1298371258
Ara Kat,ŞİRİNTEPE MAH. SATILIK İÇİ YAPILI MASRAFSIZ 3+1 DAİRE,none,0,0,0,0,0,none,0,,1318218325
Ara Kat,MR DEN KURUÇEŞME HATİPKÖYDE SİTE İÇERİSİNDE SATILIK 2+1 DAİRE,none,0,0,0,0,0,none,0,,1312437030
,PLAJYOLU PREMİUM SİTESİNDE 2+1 75 M2 ZEMİN KAT DAİRE,none,0,0,0,0,0,none,0,,1318381422
Ara Kat,İZMİT KURUÇEŞMENİN ÜSTÜ SİTE İÇİNDE MANZARALI SIFIR 3+1 ARAKAT,none,0,0,0,0,0,none,0,,1294836925
Ara Kat,İZMİT PLAJYOLU MEVKİNDE SATILIK FIRSAT 3+1 ARA KAT DAİRE,none,0,0,0,0,0,none,0,,1304007020
Ara Kat,2+1 Yeni Daire.,none,0,0,0,0,0,none,0,,1307155252
Ara Kat,TURYAP'TAN 2+1 ARAKAT ASANSÖRLÜ DAİRE,none,0,0,0,0,0,none,0,,1318125369
,YOLDAŞ EMLAKTAN HATİPKÖY MAHALLESİNDE SATILIK SIFIR 2+1 DAİRE,none,0,0,0,0,0,none,0,,1308534722
,TUANA EMLAK TAN KURUÇEŞME DE 3+1 SATILIK DAİRE,none,0,0,0,0,0,none,0,,1296727422
,İzmit Kocatepe Yeni Binada KISA SÜRELİ FIRSAT Satılık 2+1 Daire,none,0,0,0,0,0,none,0,,1318101594
Ara Kat,"Merkezi Konumda, Site İçerisinde Konforlu Yaşam Fırsatı!",none,0,0,0,0,0,none,0,,1316578255
,ŞİRİNTEPE ÖĞRETMENLER ST 2+1 ARAKAT BOŞ MANZARALI SATILIK DAİRE,none,0,0,0,0,0,none,0,,1300994863
,İZMİT KOCATEPEDE SATILIK 2+1 ARA KAT SIFIR DAİRE,none,0,0,0,0,0,none,0,,1303491590
Ara Kat,Plajyolu Avangard Projesinde 2+1 Lüks Daire,none,0,0,0,0,0,none,0,,1318025518
,KURUÇEŞME RADARDA SATILIK DAİRE,none,0,0,0,0,0,none,0,,1318018008
Ara Kat,İZMİT PLAJYOLUNDA DENİZ MANZARALI 3+1 DAİRE,none,0,0,0,0,0,none,0,,1283265879
,END'DEN KURUÇEŞME HATİPKÖY MAH.SATILIK 3+1 DENİZ MANZARALI DAİRE,none,0,0,0,0,0,none,0,,1281290480
Ara Kat,KURUÇEŞME'DE 2+1 100m² 4 BALKONLU (TRAMVAY'A 50 M) SATILIK DAİRE,none,0,0,0,0,0,none,0,,1316563505
Ara Kat,İZMİTİN EN PRESTİJLİ LOKASYONU PLAJ YOLUNDA FIRSAT ARAKAT DAİRE,none,0,0,0,0,0,none,0,,1308917709
Ara Kat,Plajyolu Avangard Projesi'nde 3+1 Lüks Daire,none,0,0,0,0,0,none,0,,1318022570
,ListingPortal izmit kuruçeşme merkezde 2+1 satilik Daire,none,0,0,0,0,0,none,0,,1185478277
,HATİPKÖY VİSTA EVLERİNDE SATILIK 3+1 DARE,none,0,0,0,0,0,none,0,,1317798865
,İZMİT KURUÇEŞME DOĞANTEPE KAPALI PAZAR YANI SATILIK 2+1,none,0,0,0,0,0,none,0,,1288323207
Ara Kat,İzmit Yeni Mh. Deniz Manzaralı Satılık 3+1 Daire,none,0,0,0,0,0,none,0,,1314902082
Ara Kat,"KURUÇEŞME'DE FULL DENİZ MANZARALI,ASANSÖRLÜ,YERDEN ISITMA",none,0,0,0,0,0,none,0,,1302470023
Dubleks,REMAX PLAJ YOLU DENİZ MANZARALI SİTE İÇİNDE GENİŞ 2+1 DAİRE,standard,1,0,0,0,1,detail,0,,1317744278
Ara Kat,PLAJYOLU SEALİFE 41 ARAKAT(2+1) SAHİBİNDEN !!!,none,0,0,0,0,0,none,0,,1317683378
Ara Kat,KURUÇEŞME'DE 2+1 ARAKAT FIRSAT DAİRE,none,0,0,0,0,0,none,0,,1317656167
,Tarcanlardan Vera House'da Müstakil Konforunda Satılık 3+1 Daire,none,0,0,0,0,0,none,0,,1305745063
Ara Kat,PLAJYOLU MABEYN AVANGARD PROJESİNDE 2+1 ARAKAT DAİRE,none,0,0,0,0,0,none,0,,1297841235
,İzmit Yenimahalle radar yelken park Sitesinde 2+1 Satılık Daire,none,0,0,0,0,0,none,0,,1144932731
Ara Kat,PLAJYOLU SEALIFE 41 SİTESİNDE ARAKAT LÜKS 2+1 AKILLI DAİRE,none,0,0,0,0,0,none,0,,1314713874
,ŞİRİNTEPEDE SİTE İÇERİSİNDE SATILIK 2+1 DAİRE,none,0,0,0,0,0,none,0,,1317085635
Ara Kat,İZMİT PLAJYOLU ŞİRİNTEPE MH SATILIK 3+1 ARAKAT DAİRE,none,0,0,0,0,0,none,0,,1227515598
Ara Kat,TANYILDIZ-İZMİT/KURUÇEŞME BUTİK SİTE İÇİ SATILIK GENİŞ 2+1 DAİRE,none,0,0,0,0,0,none,0,,1311649363
,ÇAKIR GAYRİMENKUL DEN KURUÇEŞME RADAR CD. DE 4+1 SATILIK DAİRE,none,0,0,0,0,0,none,0,,1314507838
,Kuruçeşme Fatih Eşyalı 3+1,none,0,0,0,0,0,none,0,,1311545055
Ara Kat,KURUÇEŞME YENİ MAHALLE DE SATILIK 3+1 ARA KAT DAİRE,none,0,0,0,0,0,none,0,,1310765796
Çatı Dubleksi,KULLANIŞLI VE GENİŞ YAŞAM ALANI DENİZ MANZARALI 5+1,roof,1,1,0,0,0,detail,0,,1275895948
,POZİTİF EMLAK'tan KURUÇEŞMEDE 2+1 ARAKAT... SINIRSIZ KREDİ...,none,0,0,0,0,0,none,0,,1310042229
Dubleks|Çatı Dubleksi,Yüksek Kredi/Evim Finansmanına Uygun Kuruçeşme 2+1 Satılık Daire,roof,1,1,0,0,0,detail,0,,1305383817
Ara Kat,PLAJYOLU'NDA SATILIK ARAKAR DENİZ MANZARALI SIFIR DAİRE,none,0,0,0,0,0,none,0,,1295338305
,Kuruçeşme'de Tertemiz ve Kullanışlı 3+1 Daire,none,0,0,0,0,0,none,0,,1317156384
Ara Kat,İZMİT KURUÇEŞME RADARDA SATILIK DENİZ MANZARALI 3+1 ARAKAT,none,0,0,0,0,0,none,0,,1314483718
Ara Kat,KURUÇEŞME'de DENİZ MANZARALI %50 PEŞİN 12 AY TAKSİT / 3+1 ARAKAT,none,0,0,0,0,0,none,0,,1308011841
En Üst Kat,Tarcanlar'dan Plajyolu'nda Deniz Manzaralı Satılık 3+1 Daire,none,0,0,0,0,0,none,0,,1311260343
,İzmit Kuruçeşme'de Satılık 2+1 Giriş Kat Daire,none,0,0,0,0,0,none,0,,1311197388
Ara Kat,"PLAJYOLUNDA, SİTE İÇİNDE, GÜVENLİKLİ, ASANSÖRLÜ 3+1 SIFIR ARAKAT",none,0,0,0,0,0,none,0,,1317612381
,"RE/MAX NEPTÜN'DEN PLAJ YOLU BOZDAĞ SİTESİNDE 4+1,5 SATILIK DAİRE",none,0,0,0,0,0,none,0,,1317425635
Ara Kat,YOLDAŞ EMLAKTAN HATİPKÖY MAH 2+1 SATILIK SIFIR ARAKAT DAİRE,none,0,0,0,0,0,none,0,,1308519864
,YOLDAŞ EMLAKTAN KOCATEPE MAH 3+1 SATILIK DAİRE,none,0,0,0,0,0,none,0,,1314158453
Ara Kat,İZMİT PLAJYOLU'NDA SATILIK ARAKAT DAİRE,none,0,0,0,0,0,none,0,,1310039007
En Üst Kat|Çatı Dubleksi,END'DEN KURUÇEŞME KOCATEPE MAH.SATILIK 200 M2 4+1 DENİZ M.DAİRE,roof,1,1,0,0,0,detail,0,,1259093432
Ara Kat,"İzmit Plajyolu Sahile Yakın, Masrafsız 2+1 Daire",none,0,0,0,0,0,none,0,,1308058512
Ara Kat,PLAJYOLU MABEYN AVANGARD PROJESİNDE 3+1 ARAKAT DAİRE,none,0,0,0,0,0,none,0,,1298301522
Ara Kat,İZMİT PLAJYOLU'NDA ÖZENLE YENİLENMİŞ ARA KAT 3+1 SATILIK DAİRE,none,0,0,0,0,0,none,0,,1316857005
,İZMİT KURUÇEŞMEDE 3+1 MÜKEMMEL DAİRE,none,0,0,0,0,0,none,0,,1310971242
,KURUÇEŞME MERKEZ DE SATILIK 1+1 Büyük m2 GİRİŞ KAT DAİRE,none,0,0,0,0,0,none,0,,1313958934
Ara Kat,İzmit Yeni Mh.de Krediye Uygun Deniz Manzaralı Satılık 2+1 Daire,none,0,0,0,0,0,none,0,,1305096200
Ara Kat,KOCAELİ KURUÇEŞME İÇİ YENİLENMİŞ SATILIK 3+1 DAİRE,none,0,0,0,0,0,none,0,,1316693618
Ara Kat,PROJE GALERİ'den PLAJYOLUNDA SİTE İÇİ DENİZ MANZARALI ARAKAT 3+1,none,0,0,0,0,0,none,0,,1288483647
,TANYILDIZDAN KURUÇEŞME MERKEZDE İSKANLI 2+1 DAİRE,none,0,0,0,0,0,none,0,,1316712480
Ara Kat,PLAJYOLU SITE 3+1 KOMBİLİ ARAKAT BOŞ SATILIK DAIRE,none,0,0,0,0,0,none,0,,1311023833
,ListingPortal arakat daire plajyolunda amerikan mutfaklı,none,0,0,0,0,0,none,0,,1316610101
Ara Kat,İZMİT HATİPKÖY DE YÜZME HAVUZLU SİTE İÇİNDE 3+1 SATILIK DAİRE,none,0,0,0,0,0,none,0,,1316479693
Ara Kat,Kuruçeşme Merkezde 2+1 Bakımlı Daire Okula ve Merkeze Yakın,none,0,0,0,0,0,none,0,,1293355744
Ara Kat,EVİM'DEN SATILIK DENİZ MANZARALI 3+1 120m2 ARAKAT DAİRE,none,0,0,0,0,0,none,0,,1309428882
Ara Kat,İZMİT PLAJYOLUNDA SİTE İÇİNDE PREMİUM PROJEDE 2+1 85M2 ARAKAT,none,0,0,0,0,0,none,0,,1317214576
,RE/MAX NEPTÜN'DEN PLAJ YOLU BOZDAĞ SİTESİNDE 3+1 SATILIK DAİRE,none,0,0,0,0,0,none,0,,1314091631
,Kuruçeşme Merkez de Asansörlü Satılık 3+1 Lüks Daire,none,0,0,0,0,0,none,0,,1316757213
Dubleks,İzmit Kuruçeşme Merkezde 3+1 | 3 Yıllık Yeni Binada Geniş Daire,standard,1,0,0,0,1,detail,0,,1310466207
Ara Kat,PLAJYOLUNDA SAHİLDE 145 METREKARE 3+1,none,0,0,0,0,0,none,0,,1211267203
,Kuruçesme merkez de deniz manzaralı 4-1,none,0,0,0,0,0,none,0,,1299424162
Ara Kat,KURUÇEŞME KOCATEPE MAH. 2+1 SATILIK DAİRE...,none,0,0,0,0,0,none,0,,1304818112
,bozdemir'DEN ŞİRİNTEPE ÖĞRETMENLER SİTESİNDE SATILIK 2+1 DAİRE,none,0,0,0,0,0,none,0,,1310323572
En Üst Kat,İzmit Kuruçeşme mevkiinde tapu listing_portal satılık 3+1,none,0,0,0,0,0,none,0,,1316078697
Ara Kat,İZMİT PLAJ YOLUNDA SATILIK 3+1 YAPILI ARA KAT 145 m2 DAİRE,none,0,0,0,0,0,none,0,,1288079309
,İZMİT KURUÇEŞMEDE DENİZ MANZARALI DAİRE,none,0,0,0,0,0,none,0,,1304765708
Ara Kat,HATİPKÖY MAH.SATILIK 2+1 DAİRE,none,0,0,0,0,0,none,0,,1282161790
Çatı Dubleksi,Kuruçeşme Hatipköyde Deniz Manzaralı 140 m² Ultra Lüks Sıfır,roof,1,1,0,0,0,detail,0,,1316361380
Ara Kat,ONUR SİTESİ | TRAMVAY CEPHELİ | 3+1 | 130 m² | ASANSÖRLÜ,none,0,0,0,0,0,none,0,,1298779423
Ara Kat,"KURUÇEŞME YENİ MAHALLE'DE TRAMVAYA ÇOK YAKIN, BAKIMLI 3+1 DAİRE!",none,0,0,0,0,0,none,0,,1303386484
Ara Kat,KURUÇEŞME OLUKLU SİTESİ SATILIK 2+1 ARAKAT BÜYÜK m2 DARİE,none,0,0,0,0,0,none,0,,1305354079
Çatı Dubleksi,Plajyolu satılık,roof,1,1,0,0,0,detail,0,,1315922253
Ara Kat,KURUÇEŞMEDE DENİZ MANZARALI ARA KAT DAİRE,none,0,0,0,0,0,none,0,,1310276331
Çatı Dubleksi,Kuruçeşme Hatipköyde Deniz Manzaralı 125 m² Eğimsiz Ultra Lüks,roof,1,1,0,0,0,detail,0,,1316357736
Ara Kat,KURUÇEŞMEDE MERKEZİ KONUMDA MANZARALI AYDINLIK 3+1 DAİRE,none,0,0,0,0,0,none,0,,1315712821
Ara Kat,SAHİBİNDEN ACİL 2+1 SIFIR SATILIK İZMİT ŞİRİNTEPE SEA LİFE 41,none,0,0,0,0,0,none,0,,1308282165
Ara Kat,PLAJYOLUNUN EN GÜZEL SİTESİNDE,none,0,0,0,0,0,none,0,,1309780795
Bahçe Dubleksi,Tarcanlardan Kuruçeşmede Site İçi Full Yapılı 2+1 Satılık Daire,garden,1,0,1,0,0,detail,0,,1315659884
Ara Kat,ŞİRİNTEPE MAHALLESİNDE TEMİZ BAHÇELİ ARAKAT DAİRE,none,0,0,0,0,0,none,0,,1304066537
Ara Kat,HATİPKÖY MAHALLESİ'NDE 2+1 TEMİZ DAİRE.,none,0,0,0,0,0,none,0,,1315831875
Çatı Dubleksi,"İZMİT KURUÇEŞME'DE HAVUZLU, OTOPARKLI,SİTE İÇİ,SATILIK 4+1 DAİRE",roof,1,1,0,0,0,detail,0,,1298645522
,KOCAELİ ŞİRİNTEPE MAH.ÇINAR VADİ KONUTLARI SATILIK 3+1 DAİRE!!,none,0,0,0,0,0,none,0,,1309608595
Ara Kat,İZMİT Kuruçeşme Merkezde Sıfır 2+1 Amerikan Mutfak & Lüks Daire,none,0,0,0,0,0,none,0,,1313496793
,"PROJE GALERİ'den TRAMVAYA, D-100E ve İZMİT MERKEZE ÇOK YAKIN 3+1",none,0,0,0,0,0,none,0,,1315503764
,KOZLUK MAH. KIZ MESLEK LİSESİ YANI CADDE ÜZERİ SATILIK 2+1 DAİRE,none,0,0,0,0,0,none,0,,1304027107
Bahçe Dubleksi,Kuruçeşme Hatipköyde 146 m² Ultra Lüks 4+1 Sıfır Daire,garden,1,0,1,0,0,detail,0,,1316342530
,Şirintepe Feza Sitesi - ListingPortal Satılık - Bakımlı 3+1 Daire,none,0,0,0,0,0,none,0,,1283112395
Ara Kat,İzmit Yenimahallede Deniz Manzaralı masrafsız 2+1 daire,none,0,0,0,0,0,none,0,,1272375440
Ara Kat,KURUÇEŞMEDE SATILIK 2+1 ARAKAT FIRSAT DAİRE,none,0,0,0,0,0,none,0,,1315315520
,ŞİRİNTEPE MAHALLESİNDE SATILIK 3+1 TEMİZ DAİRE.,none,0,0,0,0,0,none,0,,1309147979
En Üst Kat,ListingPortal 3+1,none,0,0,0,0,0,none,0,,1309295388
Dubleks|En Üst Kat,Plajyolu'nda Satılık 3+1 Full Daire,standard,1,0,0,0,1,detail,0,,1315131520
Dubleks|Çatı Dubleksi,KURUÇEŞME YENİ MAHALLE RADAR CADDESİNDE 2+1 100 m² SATILIK DAİRE,roof,1,1,0,0,0,detail,0,,1309444120
Ara Kat,DOLİDO EMLAKTAN PLAJYOLUNDA SATILIK 3+1 ARA KAT DAİRE,none,0,0,0,0,0,none,0,,1315148795
Ara Kat,KURUÇEŞME KOCATEPEDE SATILIK ARA KAT DAİRE,none,0,0,0,0,0,none,0,,1309024252
Dubleks|En Üst Kat|Ara Kat|Ara Kat Dubleks|Bahçe Dubleksi|Çatı Dubleksi|Forleks|Ters Dubleks|Tripleks,PLAJYOLUNUN EN PRESTIJLI SİTESİ DENİZ MANZARALI 2+1 SATILIK,roof,1,1,0,0,0,detail,0,,1281100116
Ara Kat,TANYILDIZ-İZMİT/ŞİRİNTEPE DENİZ MANZARA SATILIK 3+1 YAPILI DAİRE,none,0,0,0,0,0,none,0,,1263108294
Ara Kat,PROJE GALERİ'den DENİZ MANZARALI ASANSÖRLÜ ARAKAT FIRSATI!,none,0,0,0,0,0,none,0,,1314743718
Ara Kat,ŞİRİNTEPE HİSAR SITESI MANZARALI 2+1 ARAKAT DAİRE,none,0,0,0,0,0,none,0,,1315143979
Ara Kat,KOCAELİ İZMİT HATİPKÖY'DE SATILIK ÇATI PİYESLİ MESKEN (306832),none,0,0,0,0,0,none,0,,1315068468
,KURUÇEŞME KOCATEPE KAVŞUT SİTESİNDE SATILIK EŞYALI 2+1 DAİRE,none,0,0,0,0,0,none,0,,1302265308
Ara Kat,"Kuruçeşmenin Merkezinde, Kullanışlı 2+1 Fırsatı!",none,0,0,0,0,0,none,0,,1314300873
Ara Kat,ESKİDJİden PLAJYOLUNDA ASANSÖRLÜ OTOPARKLI ARA KAT FIRSAT DAİRE,none,0,0,0,0,0,none,0,,1290305393
,SAHİLDE - MERKEZİ KONUM - SAHİBİNDEN,none,0,0,0,0,0,none,0,,1308286311
Ara Kat,İZMİT KURUÇEŞME DENİZ MANZARALI SATILIK ARA KAT 3+1 DAİRE,none,0,0,0,0,0,none,0,,1302846583
Ara Kat,kocaeli plaj yolunda 3+1 daire,none,0,0,0,0,0,none,0,,1314074186
,İZMİT / PLAJ YOLU HARİKA 4+1 DAİRE,none,0,0,0,0,0,none,0,,1308175026
Çatı Dubleksi,Kuruçeşme 3+1 Deniz Manzaralı Site İçi,roof,1,1,0,0,0,detail,0,,1314033720
,Tarcanlardan Kuruçeşmede Arakat 2+1 Satılık Daire,none,0,0,0,0,0,none,0,,1308044212
,KURUÇEŞME DENİZ MANZARALI SİTE İÇİ DUBLEKS 3+1 SATILIK DAİRE,standard,1,0,0,0,1,title,0,,1284226596
Ara Kat,PLAJ YOLU'NDA 3+1 ARA KAT ASANSÖRLÜ DAİRE...,none,0,0,0,0,0,none,0,,1308102527
,İZMİT PLAJYOLU SİTE İÇİ KOMBİLİ 155M2 SATILIK DAİRE,none,0,0,0,0,0,none,0,,1259288047
,Tarcanlardan Şirintepede Arakat 3+1 Satılık daire,none,0,0,0,0,0,none,0,,1297217810
,korhandan kuruçeşme merkezde 2+1 daire yeni bina,none,0,0,0,0,0,none,0,,1302639157
,ListingPortal Aileler İçin İdeal | Kuruçeşme 2+1 Daire,none,0,0,0,0,0,none,0,,1313739897
Çatı Dubleksi,ASANSÖRLÜ 4+1 GENİŞ DAİRE | YENİ PROJE |,roof,1,1,0,0,0,detail,0,,1314981540
Ara Kat,PLAJYOLU SİTE İÇİNDE ÇOK GÜZEL KONUMDA ARAKAT SATILIK 3+1 DAİRE,none,0,0,0,0,0,none,0,,1307111273
En Üst Kat,Manzarasıyla Öne Çıkan | Full Eşyalı 3+1 Geniş Ferah Satılık,none,0,0,0,0,0,none,0,,1313920934
En Üst Kat,İZMİT PLAJYOLU CUMHURİYET MAHALLESİNDE 3+1 SATILIK DAİRE,none,0,0,0,0,0,none,0,,1307783624
,kuruçeşme yeni mahde satılık 2+1 giriş kat daire,none,0,0,0,0,0,none,0,,1280830800
,Plajyolunda listing_portal Satılık 3+1 Daire,none,0,0,0,0,0,none,0,,1313632956
Ara Kat,Tarcanlardan Kuruçeşme Yeni Mah. 3+1 Masrafsız Satılık Daire,none,0,0,0,0,0,none,0,,1307934612
,ŞİRİNTEPE FEZA SİTELERİNDE 3+1 DAİRE,none,0,0,0,0,0,none,0,,1306709181
Ara Kat,SINIRSIZ KREDLİ MERKEZİ KONUMDAKİ 3+1 ARAKAT DAİREMİZ SATIŞTA,none,0,0,0,0,0,none,0,,1307601514
,Satılık ara kat 3+1 daire.,none,0,0,0,0,0,none,0,,1277607593
,Satılık daire,none,0,0,0,0,0,none,0,,1311581916
En Üst Kat,Merkezi konumda listing_portal 3+1,none,0,0,0,0,0,none,0,,1309304736
Çatı Dubleksi,Plajyolu Bozdağ Sitesi,roof,1,1,0,0,0,detail,0,,1261679327
,SAHİBİNDEN SATILIK PANAROMİK DENİZ MANZARALI DAİRE,none,0,0,0,0,0,none,0,,1210717718
En Üst Kat,SAHİBİNDEN Plajyolu'nda Kapanmaz Deniz Manzaralı 3+1,none,0,0,0,0,0,none,0,,1254781182
Ara Kat,ListingPortal 3+1 Deniz Manzaralı Daire,none,0,0,0,0,0,none,0,,1246821103
Ara Kat,TÜRKÖZ İNŞAAT PLAJYOLU BOZDAĞ SİTESİ 2+1,none,0,0,0,0,0,none,0,,1287155835
Ara Kat,KENT KONUT 1 ETAPTA 2+1 GENİŞ TİP 115 m² ARA KAT CAM BALKONLU,none,0,0,0,0,0,none,0,,1318763173
Ara Kat,İZMİT 28 HAZİRAN MAHALLESİNDE ACİL SATILIK ARA KAT 3+1 DAİRE,none,0,0,0,0,0,none,0,,1309096755
Ara Kat,FIRSAT İZMİT BAYINDIRLIK ARAKAT DENİZ MANZARALI KREDİYE UYGUN,none,0,0,0,0,0,none,0,,1309133215
Çatı Dubleksi,İZMİT BAĞÇEŞMEDE 3+1 YÜKSEK KREDİYE UYGUN SATILIK DAİRE,roof,1,1,0,0,0,detail,0,,1316230877
Ara Kat,BAGCESMEDE SATILIK AYRI MUTFAKLI KONUT,none,0,0,0,0,0,none,0,,1296433462
Ara Kat,İZMİT ERENLER'DE SATILIK DENİZ MANZARILI 2+1 3 YILLIK ARAKAT,none,0,0,0,0,0,none,0,,1289746055
,GOLDEN PARK EVLERİNDE 3+1 SATILIK DAİRE,none,0,0,0,0,0,none,0,,1313270225
En Üst Kat,DÜNYA BANKASI KONUTLARINDA SATILIK 2+1 DAİRE 23.ADA-E18,none,0,0,0,0,0,none,0,,1318842414
,kent konut 2 de listing_portal satılık ve araç takaslı 2+1 daire,none,0,0,0,0,0,none,0,,1306726179
Ara Kat,YEŞİLOVA MERKEZİ YERDE KARPAY REZİDANS 1+1 SATILIK EŞYALI DAİRE,none,0,0,0,0,0,none,0,,1318790886
Ara Kat,İZMİT AKÇAKOCA KONUT. GÖZDE BLOĞU DENİZ MAZARALI B-5 3+1 DAİRE!,none,0,0,0,0,0,none,0,,1312437656
,İzmit Kadıköyde Merkezi Konumda 2+1 110M2 Satılık Arakat Daire,none,0,0,0,0,0,none,0,,1267548085
Çatı Dubleksi,CB Envoy'dan Erenler Mahallesinde Manzaralı 4+1 Satılık Daire,roof,1,1,0,0,0,detail,0,,1316034790
En Üst Kat,İZMİT KENT KONUT 3 SİTESİ TEMİZ EŞYALI GÜNEY CEPHE 1+1 DAİRE,none,0,0,0,0,0,none,0,,1312937425
Ara Kat,İZMİT MERKEZDE 18 BIN TL KİRA GETİRİLİ 1+1 SATILIK DAİRE,none,0,0,0,0,0,none,0,,1160589085
,BAĞÇEŞME'DE DENİZ MANZARALI BAHÇELİ EŞYALI 1+1 SATILIK DAİRE,none,0,0,0,0,0,none,0,,1318732983
Ara Kat,RE/MAX'DEN BAĞÇEŞMEDE YÜKSEK KREDİLİ 3+1 SATILIK DAİRE,none,0,0,0,0,0,none,0,,1285613174
,REMAX DREAM'DEN ACİL SATILIK TAVŞANTEPE DE 3+1 DAİRE,none,0,0,0,0,0,none,0,,1315990324
En Üst Kat,Tarcanlardan Akçakoca K. Yenilenmiş Satılık 3+1 Daire,none,0,0,0,0,0,none,0,,1307043736
,MODERN BAĞÇEŞME SİTESİNDE SATILIK ARAKAT 2+1DAİRE,none,0,0,0,0,0,none,0,,1256976028
Ara Kat,SON HAFTA ! İZMİT MERKEZDE 2+1 SATILIK FIRSAT!!! ARAKAT DAİRE,none,0,0,0,0,0,none,0,,1315913126
Ara Kat,"ÜST GRUP'TAN, İZMİT YEŞİLOVA'DA, 1+1, FULL EŞYALI REZİDANS DAİRE",none,0,0,0,0,0,none,0,,1314900652
Ara Kat,İZMİT DÜNYA BANKASINDA ÖNÜ AÇIK MANZARALI 2+1 DAİRE,none,0,0,0,0,0,none,0,,1318651185
,TANYILDIZDAN BAĞÇEŞMEDE 1+1 ARAKAT EŞYALI SATILIK DAİRE,none,0,0,0,0,0,none,0,,1306870253
,DÜNYA BANKASI 18.ADA 2+1 SATILIK DAİRE (Pazarlık yapılır),none,0,0,0,0,0,none,0,,1308264722
Ara Kat,NİCOMEDİA'DAN İZMİT KENTKONUT 5.ETAP MANZARALI BOŞ ARAKAT DAİRE,none,0,0,0,0,0,none,0,,1246528096
,BAĞÇEŞME ORHAN MAHALLESİNDE KİRACILI YATIRIMLIK SATILIK 1+1DAİRE,none,0,0,0,0,0,none,0,,1277977632
Ara Kat,FIRSAT! İZMİT ORHAN MAHALLESİ SATILIK ARAKAT 3+1 DAİRE,none,0,0,0,0,0,none,0,,1316773580
Ara Kat,İZMİT BAĞÇEŞME KAVANİUM SİTESİNDE EŞYALI SATILIK 1+1 DAİRE,none,0,0,0,0,0,none,0,,1292557302
Ara Kat,"ERENLER CEDİT B3 BLOKTA, ARAKAT, FERAH,GÜVENLİKLİ SİTE 3+1 DAİRE",none,0,0,0,0,0,none,0,,1305875808
Ara Kat,İZMİT BAĞÇEŞME DE SİTE İÇERSİNDE 3+1 ARA KAT DAİRE,none,0,0,0,0,0,none,0,,1309660063
,TURYAPTAN YEŞİLOVA MERKEZDE SATILIK 3+1 ARAKAT,none,0,0,0,0,0,none,0,,1312811187
,KALEDEN AYAZMA BAYINDIRLIK TA 2+1-70M2 KELEPİR SATILIK DAİRE,none,0,0,0,0,0,none,0,,1318519422
,YELKENT ALFA SİTESİNDE SATILIK 1+0 HAVUZ MANZARALI HAZIR EŞYALI,none,0,0,0,0,0,none,0,,1315182825
Çatı Dubleksi,İzmit Yeşilovada 4+1 Geniş Daire | Uygun Fiyat [FIRSAT!],roof,1,1,0,0,0,detail,0,,1309389096
Ara Kat,Ş. Gündoğdu Ayazma'da Dorukkent Sitesi'nde 3+1 Satılık Daire,none,0,0,0,0,0,none,0,,1300912521
Ara Kat,İZMİT KENT KONUT 2 SİTESİNDE TEMİZ BOŞ KREDİYE UYGUN 2+1 DAİRE,none,0,0,0,0,0,none,0,,1117949508
En Üst Kat,REMAX DREAM DÜNYA BANKASI KONUTLARI FULL EŞYALI SATILIK DAİRE,none,0,0,0,0,0,none,0,,1318358290
,EMAY'DAN İZMİT BAĞÇEŞME DE DURAK YANI SATILIK EŞYALI 1+1 DAİRE!,none,0,0,0,0,0,none,0,,1286390381
Ara Kat,KENT KONUT SİTESİ 2. ETAP 77 m2 SATILIK DAİRE,none,0,0,0,0,0,none,0,,1315551696
Ara Kat,KENT KONUT 5.ETAPTA SATILIK 2+1 ARA KAT OTURUMA HAZIR DAİRE,none,0,0,0,0,0,none,0,,1306600582
Ara Kat,"Taşınmaya Hazır, Önü Açık, Satılık, 2+1 Daire",none,0,0,0,0,0,none,0,,1304143082
,RESİDENCE 1+1 OTOMOBİL TAKASLI,none,0,0,0,0,0,none,0,,1315486349
Ara Kat,REMAX EXCLUSİVEDEN TRUVA REZİDANS 1+1 SATILIK DAİRE,none,0,0,0,0,0,none,0,,1250551153
Ara Kat,İZMİT AKÇAKOCA KONUTLARI FULL YAPILI MASRAFSIZ 3+1 SATILIK DAİRE,none,0,0,0,0,0,none,0,,1309425800
Ara Kat,MASTER REALTOR'DEN KENT KONUT 3'TE SATILIK ARAKAT DAİRE.,none,0,0,0,0,0,none,0,,1315397947
Ara Kat,GÜNDOĞDU DORUKKENT1 SİTESİ SATILIK FULL YAPILI 3+1 ARAKAT DAİRE,none,0,0,0,0,0,none,0,,1302575986
En Üst Kat,Dünya Bankası Konutlarında Masrafsız 2+1 Oturuma Hazır Daire,none,0,0,0,0,0,none,0,,1311862994
,AkBulut Gayrimenkul'den Yeşilovada 1+0 Satılık Rezidance,none,0,0,0,0,0,none,0,,1316690868
,AKÇAKOCA TOKİ KIRMIZI C BLOKTA İÇİ FULL YAPILI 3+1 SATILIK DAİRE,none,0,0,0,0,0,none,0,,1318176362
,İZMİT TRUVA REZİDANS 2+1 UYGUN FİYATA DAİREMIZ SATILIKTIR,none,0,0,0,0,0,none,0,,1318784267
Ara Kat,KENT KONUT 3.ETAPTA 2+1 SATILIK DAİRE,none,0,0,0,0,0,none,0,,1318124888
Ara Kat,Kent Konut 2 Satılık 2+1 Ara Kat Yatırıma Uygun Daire,none,0,0,0,0,0,none,0,,1298072872
Ara Kat,TAMAMI KREDİYE UYGUN KENT KONUT 5.ETAP SATILIK 2+1 ARA KAT DAİRE,none,0,0,0,0,0,none,0,,1303707032
,Yeşilova Merkezde 3+1 Temiz Satılık BOŞ Daire .,none,0,0,0,0,0,none,0,,1295281113
Ara Kat,Turyap Palas'tan İzmit Tavşantepe Mah.1+1 Satılık Daire,none,0,0,0,0,0,none,0,,1317999744
Ara Kat,KOCAELİ İZMİT YEŞİLOVA'DA MERKEZİ KONUMDA 3+1 DAİRE,none,0,0,0,0,0,none,0,,1318167839
Ters Dubleks,KOCAELİ YEŞİLOVA ŞEHİR HAST.KARŞISINDA 2+1 SATILIK DAİRE,standard,1,0,0,0,1,detail,0,,1274860299
Ara Kat,REMAX MİR ' DEN YEŞİLOVA KAV KONUT ' DA 2+1 FIRSAT DAİRE,none,0,0,0,0,0,none,0,,1315105085
En Üst Kat,DÜNYA BANKASI KONUTLARINDA UYGUN FİYATA KAÇIRILMAYACAK FIRSAT,none,0,0,0,0,0,none,0,,1318349887
Ara Kat,ARAKAT 3+1 DAİRE KISA SÜRELİ VADELİ FİYAT,none,0,0,0,0,0,none,0,,1317928770
Ara Kat,Dünya Bankası Satılık,none,0,0,0,0,0,none,0,,1317871209
,İZMİT YEŞİLOVA MAH SATILIK 2+1 YÜKSEK GİRİŞ KAPALI PAZAR YANI,none,0,0,0,0,0,none,0,,1303580438
Ara Kat,FEDERAL'DEN TAVŞANTEPE TOKİ KONT 3+1 125m2 ARA KAT SATILIK DAİRE,none,0,0,0,0,0,none,0,,1317879642
Ara Kat,İzmit Kent Konutları'nda Satılık 2+1 Yapılı Daire,none,0,0,0,0,0,none,0,,1307700093
,ÜÇYOL MERKEZİNDE SATILIK FIRSAT DAİRE,none,0,0,0,0,0,none,0,,1317828365
,İZMİT KENT KONUT 2 DE YATIRIMLIK BÜYÜK TİP 2+1 SATILIK DAİRE,none,0,0,0,0,0,none,0,,1306139281
,İZMİT MERKEZ TURAN GÜNEŞ CAD. 3+1 SATILIK DAİRE,none,0,0,0,0,0,none,0,,1299859381
,REMAX MYRA GÜVENCESİYLE FIRSAT DAİRE,none,0,0,0,0,0,none,0,,1317686190
En Üst Kat,"Yatırımlık, Full eşyalı, Manzaralı 3+1 Açıklamayı oku!",none,0,0,0,0,0,none,0,,1317649889
,ListingPortal satılık komple yapılı masrafsız daire,none,0,0,0,0,0,none,0,,1317641381
Ara Kat,İZMİT ÜÇYOL ANA CADDE'DE BÖLGENİN EN UYGUNU GENİŞ ARA KAT DAİRE,none,0,0,0,0,0,none,0,,1314885392
Ara Kat,YEŞİLOVA MERKEZDE SATILIK 3+1 ARA KAT DAİRE!,none,0,0,0,0,0,none,0,,1317702955
Ara Kat,DÜNYA BANKASI 3.ADA 2 KATLILARDA ÖNÜ AÇIK MANZARALI 2+1,none,0,0,0,0,0,none,0,,1247995443
En Üst Kat,BAĞÇEŞME BAĞTEPE SİTESİ DENİZ&DOĞA MANZARALI 3+1 SATILIK DAİRE,none,0,0,0,0,0,none,0,,1303280915
,İZMİT DÜNYA BANKASI KONUTLARINDA SATILIK 2+1 DAİRE,none,0,0,0,0,0,none,0,,1286930224
,KOCAELİ İZMİT 28 HAZİRAN MH 2+1 75m2,none,0,0,0,0,0,none,0,,1297686425
Ara Kat,YEŞİLOVA TADU CONCEPT RESIDENCE EŞYALI 1+0,none,0,0,0,0,0,none,0,,1265866571
Dubleks,Emsalsiz 3+1 satılık iskanlı 145m2,standard,1,0,0,0,1,detail,0,,1317602592
Ara Kat,İZMİT DÜNYA BANKASÍ KONUTLARÍ SATÍLÍK ARA KAT 2+1 DAİRE,none,0,0,0,0,0,none,0,,1317320538
Ara Kat,İZMİT BAĞÇEŞME ORHAN'DA ARAKAT ASANSÖRLÜ SATILIK 3+1 DAİRE,none,0,0,0,0,0,none,0,,1315618112
,İZMİT MERKEDE 2+1 ŞEHİR MANZARALI SATILIK BOŞ DAİRE,none,0,0,0,0,0,none,0,,1314406021
Ara Kat,"İzmit Erenler'de Satılık 2+1 Daire, Şehir Manzaralı, 82m²",none,0,0,0,0,0,none,0,,1311427336
,ÇELİK-AY'DAN YEŞİLOVA ZÜMRA SİT. SATILIK ARA KAT DAİRE,none,0,0,0,0,0,none,0,,1305767612
,BAĞÇEŞME ORHANDA 7/24 GÜVENLİKLİ SİTEDE 3+1 SATILIK LÜKS DAİRE,none,0,0,0,0,0,none,0,,1317276541
En Üst Kat,ESKİ İSTANBUL CAD.ÜZERİ ARAÇ TAKASLI KAPALI MUTFAK KÖŞE 1+1DAİRE,none,0,0,0,0,0,none,0,,1317390934
Dubleks,BAŞARAN CADDESİNDE 4+1,standard,1,0,0,0,1,detail,0,,1309919007
Ara Kat,"SON FIRSAT, BOŞ DAIRE,GENİŞ TİP, ÇİFT ASANSÖR 4. KAT,3+1,150 M2",none,0,0,0,0,0,none,0,,1314288391
Ara Kat,KENT KONUT 5.ETAP ARAKAT DAİRE,none,0,0,0,0,0,none,0,,1317171704
,EKOL'den ORHAN Mah./BAĞÇEŞME KAÇIRILMAYACAK ( FIRSAT 2+1 DAİRE ),none,0,0,0,0,0,none,0,,1317172827
Ara Kat,İZMİT BAĞÇEŞME PRESTİGE 2 SİTESİNDE SATILIK 2+1 DAİRE,none,0,0,0,0,0,none,0,,1308405883
Ara Kat,İZMİT AYAZMA SATILIK 3+1 KAÇMAZ FIRSAT DAİRE,none,0,0,0,0,0,none,0,,1317162052
En Üst Kat,"İzmit Maltada Manzaralı, Merkezi, Yapılı 2+1 Daire",none,0,0,0,0,0,none,0,,1281727435
Ara Kat,İZMİT AKÇAKOCA KONUTLARI DENİZ MANZARALI ARAKAT 3+1 DAİRE,none,0,0,0,0,0,none,0,,1302772655
,İZMİT ERENLERDE SATILIK YÜKSEK GİRİŞ KAT,none,0,0,0,0,0,none,0,,1305691089
,YEŞİLOVA TADU LİYA REZİDANS'TA 1+1 FUL EŞYALI SATILIK DAİRE,none,0,0,0,0,0,none,0,,1305603024
Ara Kat,RE/MAX MİR'DEN HAZIR KİRACILI 1+1 FIRSAT DAİRE,none,0,0,0,0,0,none,0,,1302351638
,İZMİT 28 HAZİRAN MAH.'DE İÇİ KOMPLE YENİLENMİŞ SATILIK 2+1 DAİRE,none,0,0,0,0,0,none,0,,1317069916
Ara Kat,TADU LİYA Full Eşyalı HAZIR Kiracılı SON SATILIK REZİDANS,none,0,0,0,0,0,none,0,,1290999380
Ara Kat,İZMİT MEHMET ALİ PAŞADA YATIRIMLIK 2+1 FIRSAT DAİRE,none,0,0,0,0,0,none,0,,1308255605
Dubleks|Ara Kat|Çatı Dubleksi,YEŞİLOVADA SAKİN HUZURLU ORTAMDA SATILIK DAİRE,roof,1,1,0,0,0,detail,0,,1317039271
Ara Kat,ASAYRADAN KENT KONUT 3.ETAPTA 2+1 SATILIK ARAKAT,none,0,0,0,0,0,none,0,,1317196327
Ara Kat,İZMİT TAVŞANTEPE TOKİ KONUTLARINDA SATILIK 3+1 ARAKAT,none,0,0,0,0,0,none,0,,1302591185
Ara Kat,"EKOL'den Bağçeşme 'nin Sıfır Noktası , SATILIK / ARAKAT 3+1",none,0,0,0,0,0,none,0,,1317166131
Ara Kat,İZMİT DEVLET HASTANESİNİN YAKININDA 2+1 SATILIK ARAKAT DAİRE,none,0,0,0,0,0,none,0,,1311045476
Dubleks|Çatı Dubleksi,ÖNÜ KAPANMAZ 4+1,roof,1,1,0,0,0,detail,0,,1314057616
Ara Kat,İZMİT ORHAN MAHALLESİN DE SATILIK 3+1 ARAKAT DAİRE,none,0,0,0,0,0,none,0,,1304730909
Ara Kat,24 BİN TL KİRA GETİRİLİ EŞYALI İZMİT MERKEZDE 2+1 SATILIK DAİRE,none,0,0,0,0,0,none,0,,1288931990
Ara Kat,İZMİT AKÇAKOCA ÖNÜ KAPANMAZ MANZARALI ARA KAT SATILIK 3+1 DAİRE,none,0,0,0,0,0,none,0,,1314143675
Ara Kat,KENT 2 DE BÜYÜK TİP SATILIK 105 M2 EŞYALI SATILIK 2+1 ARAKAT,none,0,0,0,0,0,none,0,,1317077570
Ara Kat,DIAMOND PRESTIGEII DE AVANTAJLI DAİRELER İÇİN SON FIRSATLAR !,none,0,0,0,0,0,none,0,,1310979653
En Üst Kat,ARKUN GAYRİMENKUL'DEN YEŞİLOVA MERKEZDE SATILIK EŞYALI 3+1 DAİRE,none,0,0,0,0,0,none,0,,1288342582
En Üst Kat,CB AKADEMİ BAYINDIRLIK 2.ADA SİTE İÇİ SATILIK 3+1 DAİRE,none,0,0,0,0,0,none,0,,1316861554
,Yatırımlık Diamond prestij 2 sitesinde ara kat 2+1,none,0,0,0,0,0,none,0,,1308412388
,İZMİT KENT KONUT 4.ETAP SİTESİ İÇİ FULL YENİLENMİŞ 2+1 DAİRE,none,0,0,0,0,0,none,0,,1317038720
,İzmit Erenler Mahallesi'nde Şelaleye yakın 1+1 satılık daire,none,0,0,0,0,0,none,0,,1275852406
Ara Kat,İZMİT YEŞİLOVA MAHALLESİ 2+1 ARAKAT SATILIK DAİRE,none,0,0,0,0,0,none,0,,1305527931
Ara Kat,CMG YAPI'DAN YEŞİLOVA'DA BAYRAMA ÖZEL DEV YATIRIM FIRSATI,none,0,0,0,0,0,none,0,,1305369780
Ara Kat,İZMİT AKÇAKOCA ÜNİVERSİTE EVLERİ AKASYA APT.SATILIK 3+1 ARAKAT,none,0,0,0,0,0,none,0,,1316724953
Ara Kat,İZMİT DÜNYA BANKASI KONUTLARI SATILIK 2+1 ARAKAT DAİRE,none,0,0,0,0,0,none,0,,1299860733
,TAVŞANTEPE TOKİ DE SATILIK 3+1 DAİRE,none,0,0,0,0,0,none,0,,1290913379
Dubleks|Çatı Dubleksi,"ŞEHİR HASTANESİ'NE KOMŞU, KAPALI OTOPARKLI, TAŞINMAYA HAZIR 2+1",roof,1,1,0,0,0,detail,0,,1302588753
Çatı Dubleksi,KOCAELİ İZMİT YEŞİLOVA MAHALLESİ SATILIK DAİRE,roof,1,1,0,0,0,detail,0,,1307792918
,"Yuvam Turgut Konutlarında 3+1 Geniş,Satılık Daire",none,0,0,0,0,0,none,0,,1302808548
Ara Kat,Satılık 2+1 Daire,none,0,0,0,0,0,none,0,,1316569438
Ara Kat,Yelkent Alfa Rezidansta Modern Satılık Daire,none,0,0,0,0,0,none,0,,1271498727
,İZMİT DÜNYA BANKASI İÇİ YENİLENMİŞ SATILIK 2+1 OTURUMA HAZIR,none,0,0,0,0,0,none,0,,1305172452
Ara Kat,REMAX'DEN YEŞILOVA MAH 18.000₺ KİRACILI SATILIK DAİRE,none,0,0,0,0,0,none,0,,1313790506
Ara Kat,HD GAYRİMENKUL'DEN KENT KONUT 3. ETAPTA SATILIK ARAKAT DAİRE,none,0,0,0,0,0,none,0,,1316483270
Ara Kat,ALTIN EMLAK'tan DÜNYA BANKASI EVLERİ 14.ADA SATILIK 2+1,none,0,0,0,0,0,none,0,,1295620231
,MK BİRİKİM GAYRİMENKULDEN BAĞÇEŞMEDE FIRSAT,none,0,0,0,0,0,none,0,,1279496355
Ara Kat,RE/MAX MİR'DEN TRAMVAYA YÜRÜME MESAFESİNDE 2+1 DAİRE!,none,0,0,0,0,0,none,0,,1316471679
,İÇİ SIFIR YAPILMIŞ ÇARŞI MERKEZDE 3 + 1 OTURMAZDIR,none,0,0,0,0,0,none,0,,1316465939
,KOCAELİ İZMİT DÜNYA BANKASI MALTA MAHALLESİ SATILIK 2+1 DAİRE,none,0,0,0,0,0,none,0,,1307691904
Ara Kat,KOCAELİ BAĞÇEŞME MAYKON SMART PLUS EVLERİNDE SATILIK 1+1 DAİRE,none,0,0,0,0,0,none,0,,1273833042
Çatı Dubleksi,İZMİT YEŞİLOVA MERKEZDE ANA CADDEYE CEPE SATILIK 1+1 DAİRE,roof,1,1,0,0,0,detail,0,,1310696467
Ara Kat,SAHİBİNDEN SATILIK EŞYALI 1+1 DENİZ MANZARALI İSKANLİDAİRE DAİRE,none,0,0,0,0,0,none,0,,1310519740
Ara Kat,Satilik 1+1 Deniz manzaralı,none,0,0,0,0,0,none,0,,1162639210
,KAÇIRILMAYACAK FIRSAT (Kira getirili) Mükemmel konum,none,0,0,0,0,0,none,0,,1316338854
,BEKİRDERE MAH SATILIK 3+1 GİRİŞ KAT DAİRE,none,0,0,0,0,0,none,0,,1310443974
Ara Kat,MEGA RESIDENCE SATILIK 1+1 EŞYALI RESIDENCE DAİRE *EN İYİ KONUM*,none,0,0,0,0,0,none,0,,1276179558
,ListingPortal satılık İzmit Kent Konut 5.Etap 1.Blok ara kat daire,none,0,0,0,0,0,none,0,,1316135787
,REMAX DREAM'DEN CADDE ÜZERİ MERKEZ'DE 2+1 SATILIK DAİRE,none,0,0,0,0,0,none,0,,1304327272
Ara Kat,PROJECT GAYRİMENKUL'DEN K.KONUT 3.ETAP 1+1 SATILIK DAİRE,none,0,0,0,0,0,none,0,,1316639080
,BAĞÇEŞME'DE ISTER YATIRIMLIK ISTER OTURMA HAZIR GÜVENLIKLI SITE,none,0,0,0,0,0,none,0,,1314067038
,REMAX DREAM'DEN ACİL SATILIK BAĞÇEŞME ORHAN MAH . 1+1 DAİRE,none,0,0,0,0,0,none,0,,1316789398
,İZMİT KENT KONUT 3.ETAPTA MANZARALI 2+1 DAİRE,none,0,0,0,0,0,none,0,,1316156169
Ara Kat,İzmit Kent Konut 1.Etapta Full Yapılı 3+1 Satılık Daire,none,0,0,0,0,0,none,0,,1310302131
,Bekir derece başaran cad satılık 2+1 yeni daire,none,0,0,0,0,0,none,0,,1302789273
Ara Kat,ESKİ İSTANBUL YOLU CADDE ÜZERİNDE ARAÇ TAKASLI 2+1 SATILIK DAİRE,none,0,0,0,0,0,none,0,,1313588487
Ara Kat|Çatı Dubleksi,İZMİT'TE AKÇAKENT SİTESİ'NE KOMŞU 4+1 NET 170 M2 5 YILLIK DAİRE,roof,1,1,0,0,0,detail,0,,1299116148
Ara Kat,VADİ RESİDENCE 2+1 ACİL SATILIK,none,0,0,0,0,0,none,0,,1087627167
,KENT KONUT 1.ETAPTA YATIRIM FIRSATI SATILIK 1+1 DAİRE,none,0,0,0,0,0,none,0,,1316490384
Ara Kat,KOCAELi İZMiT 28 HAZIRAN MAHALLESiNDE SATILIK 2+1 ÖN CEPHE DAİRE,none,0,0,0,0,0,none,0,,1303096493
Çatı Dubleksi,IZMIT ERENLER MAHALLESINDE SATILIK 3+1 DAIRE,roof,1,1,0,0,0,detail,0,,1304829417
Ara Kat,İZMİT 28 HAZİRAN MAH YATIRIMLIK MERKEZİ KONUMDA 1+1 SATLIK DAİRE,none,0,0,0,0,0,none,0,,1310068627
,korhandan merkezde masrafsız 3+1 arakat,none,0,0,0,0,0,none,0,,1310173097
,İZMİTTE TRAMVAY DURAĞINA 2DK YÜKSEK KREDİLİ 3+1 SATILIK DAİRE,none,0,0,0,0,0,none,0,,1310115986
Dubleks,Bekirdere'de Panoramik Deniz Manzarali 4+1 Daire,standard,1,0,0,0,1,detail,0,,1316005710
Ara Kat,korhandan üniversite yolu üzeri arakat asansörlü kapalı otopark,none,0,0,0,0,0,none,0,,1304599070
,İZMİT MERKEZDE 2+1 SATILIK DAİRE,none,0,0,0,0,0,none,0,,1287597741
Ara Kat,CB AKADEMİ BAĞÇEŞME PRESTİGE2 SATILIK 2+1 ARAKAT MANZARALI DAİRE,none,0,0,0,0,0,none,0,,1310048850
,HGM'den DÜNYA BANKASI KONUTLARIN'da SATILIK MANZARALI DAİRE.,none,0,0,0,0,0,none,0,,1315923323
,BAĞÇEŞME'DE SIFIR SITEDE GÜVENLIKLI HAVUZLU FERAH ARA KAT,none,0,0,0,0,0,none,0,,1302673506
Dubleks|En Üst Kat|Çatı Dubleksi,ŞEHİR HAST. KARŞISI SİTE İÇİ 149M2 GENİŞ SATILIK 4+1 DAİRE,roof,1,1,0,0,0,detail,0,,1308608832
,İZMİT BAĞÇEŞMEDE SATILIK 2+1 DENİZ MANZARALI BAHÇE KAT DÜZ DAİRE,none,0,0,0,0,0,none,0,,1315796271
,ENA GAYRİMENKULDEN KENT KONUT 2.ETAP GÜNEY CEPHE ASANSÖRLÜ 2+1,none,0,0,0,0,0,none,0,,1309823704
Ara Kat,INVEST GLOBAL'DEN YEŞİLOVA ALFA REZİDANS'DA EŞYALI SATILIK 1+1,none,0,0,0,0,0,none,0,,1272418514
,SATILIK DAİRE İZMİT AYAZMA MAH. TOKİ KON. 3+1 ODA 120m2 KOMBİLİ,none,0,0,0,0,0,none,0,,1315731242
Ara Kat,30. ADA F2 BLOK ARA KAT ÖNÜ KAPANMAZ DOĞA MANZARALI,none,0,0,0,0,0,none,0,,1307545045
Ara Kat,İZMİT BAĞÇEŞME'DE DOĞA DENİZ MANZARALI SATILIK 3+1 ARAKAT,none,0,0,0,0,0,none,0,,1315792235
,bozdemir'DEN ALANPARK SİTESİNDE SATILIK 3+1 ARAKAT DAİRE,none,0,0,0,0,0,none,0,,1304095214
,Halk Bankası'ndan Kocaeli İzmit Satılık Konut,none,0,0,0,0,0,none,0,,1310138937
Ara Kat,YEŞİLOVA MAH. SİTE İÇERİSİNDE 2+1 100M2 SATILIK DAİRE,none,0,0,0,0,0,none,0,,1315364888
Ara Kat,VEGA RESİDENCEDE SATILIK 1+1 DAİRE,none,0,0,0,0,0,none,0,,1309463393
Ara Kat,EMİNEVİME UYGUN 21BİNTL KİRACILI EŞYALI 1+1 ARAKAT SATILIK DAİRE,none,0,0,0,0,0,none,0,,1287710980
Dubleks|Bahçe Dubleksi,TUANA EVLERİ KARŞISI SATILIK FIRSAT SİTE İÇİ FULL EŞYALI,garden,1,0,1,0,0,detail,0,,1315359118
,INVEST GLOBAL'DEN İNTAÇ START OFİCE PROJ. YEŞİLOVA 2+1 DAİRE,none,0,0,0,0,0,none,0,,1315298359
,konumu tercih edilen,none,0,0,0,0,0,none,0,,1314697550
,İzmit Dünya Bankası Doğa Manzaralı 2+1 Satılık Daire,none,0,0,0,0,0,none,0,,1315254331
Bahçe Dubleksi,İZMİT MERKEZDE BU FİYATA KREDİYE UYGUN KAT MÜLKİYETLİ DAİRE YOK,garden,1,0,1,0,0,detail,0,,1313847031
,YATIRIM FIRSATI 1+1 OLUKLU ÖZÖN SİTESİ,none,0,0,0,0,0,none,0,,1315218456
Ara Kat,Izmit Bekirdere Basaran 'da 2+1 cati dubleks Daire,roof,1,1,0,0,0,title,0,,1315353973
En Üst Kat,FIRSAT!!! KISA SÜRELİ FİYAT AKÇAKOCA TOKİ 3+1 SATILIK DAİRE,none,0,0,0,0,0,none,0,,1315305154
Ara Kat,"EKOL'den ORHAN Mah.-Bağçeşme / EMSALSİZ , EŞYALI , ARAKAT 1+1...",none,0,0,0,0,0,none,0,,1309565779
Ara Kat,"Kent Konut 2.Etap Büyük, Yapılı, Arakat Daire",none,0,0,0,0,0,none,0,,1314969739
Ara Kat,Liva Grup'tan İzmit Kent Konut 2 de Satılık 2+1 Daire,none,0,0,0,0,0,none,0,,1314989614
Ara Kat,ENA GAYRİMENKULDEN Ş.HAST.KARŞ.DORUKKENT-1 SİTESİNDE ARAKAT 3+1,none,0,0,0,0,0,none,0,,1298114488
Ara Kat,İNTAÇ GROUP'TAN YEŞİLOVA'DA SATILIK ÖZEL TASARIM 1+1 DAİRE,none,0,0,0,0,0,none,0,,1315192759
Çatı Dubleksi,KOCAELİ FEDERALDEN İZMİT AKÇAKOCA KONT. FUL YAPILI SATILIK DAİRE,roof,1,1,0,0,0,detail,0,,1265188030
,TURYAP'TAN İZMİT MERKEZDE DENİZ MANZARALI 2+1,none,0,0,0,0,0,none,0,,1314847599
Ara Kat,ÜNİVERSİTEYE ÇOK YAKIN DOĞA MANZARALI ARA KAT DAİREMİZ,none,0,0,0,0,0,none,0,,1314859362
Ara Kat,İzmit Erenler Cedit Sitesinde 2+1 Arakat Satılık Ferah Daire,none,0,0,0,0,0,none,0,,1274559262
,İzmit Dünya bankası yüksek giriş kat 2+1 satılık daire,none,0,0,0,0,0,none,0,,1302631466
Ara Kat,YEŞİL OVA ACİL SATILIK 2+1 LÜKS DAİRE,none,0,0,0,0,0,none,0,,1314724974
Ara Kat,EMLAK KLASÖRÜ'NDEN KENT KONUT ERENLER CEDİT SİTESİNDE 2+1 DAİRE,none,0,0,0,0,0,none,0,,1308725590
,9847 Kocaeli İzmit'te Daire,none,0,0,0,0,0,none,0,,1308464278
,SATILIK3+1 DAİREAra kat,none,0,0,0,0,0,none,0,,1308076816
Ara Kat,BAĞÇEŞMEDE HAVUZLU BUTİK SİTEDE SATILIK FERAH 3+1 DAİRE,none,0,0,0,0,0,none,0,,1297606299
,SAHİBİNDEN YENİLENMİŞ EŞYALI SATILIK DAİRE,none,0,0,0,0,0,none,0,,1314474722
Ara Kat,EMİNEVİME UYGUN İZMİT KENT 5 SATILIK KİRACILI 2+1 ARAKAT DAİRE,none,0,0,0,0,0,none,0,,1314786729
Ara Kat,CB AKADEMİ İZMİT AKÇAKOCA KONUTLARI SATILIK 3+1 ARA KAT DAİRE,none,0,0,0,0,0,none,0,,1314422264
,İZMIT ERENLER MH. DEVLET HAS. 150M MES. BOŞ SATILIK 2+1 DAIRE,none,0,0,0,0,0,none,0,,1303048862
,ListingPortal 3+1 Arakat Daire,none,0,0,0,0,0,none,0,,1302967545
,İzmit Yeşilova 2 + 1 asansörlü Dairemiz Home & Ofis Kupon Yer,none,0,0,0,0,0,none,0,,1308443528
Bahçe Dubleksi,BEKAHAN GROUP PRESTİGE 2 SİTESİ SATILIK BAHÇELİ SIFIR 2+1 DAİRE,garden,1,0,1,0,0,detail,0,,1307681941
Dubleks|En Üst Kat,ATLAS EMLAK HAZIR KİRACILI SATILIK 1+1 LOFT LÜKS EŞYALI,standard,1,0,0,0,1,detail,0,,1302373566
,Yüksek giriş kiracılı daire,none,0,0,0,0,0,none,0,,1314157038
Ara Kat,BAĞÇEŞME DIAMOND PRESTIGE II SATILIK ARA KAT 3+1 SIFIR DAİRE,none,0,0,0,0,0,none,0,,1314881919
Çatı Dubleksi,INVEST GLOBAL'DEN İZMİT BAĞÇEŞME' DE SATILIK 2+1 DAİRE,roof,1,1,0,0,0,detail,0,,1291221974
Ara Kat,İZMİT BAĞÇEŞMEDE DENİZ VE DOĞA MANZARALI ARAKAT FUL YAPILI DAİRE,none,0,0,0,0,0,none,0,,1314069182
Ara Kat,ENA GAYRİMENKULDEN Ş.HAST.KARŞ.DORUKKENT SİT.GÜNEY CP ARAKAT 3+1,none,0,0,0,0,0,none,0,,1302942560
,EKOL'den İZMİT-Dünya Bankası KELEPİR / FIRSAT 2+1 DAİRE...,none,0,0,0,0,0,none,0,,1302750002
,TAVŞANTEPE TOKİ KONUTLARINDA 3+1 110M2 SATILIK ARAKAT DAİRE,none,0,0,0,0,0,none,0,,1313983447
,BAĞÇEŞME FND SMARTSİDE 1 SİTESİ SATILIK 1+1 DAİRE,none,0,0,0,0,0,none,0,,1313968251
,KORHANDAN KENT 2 DE BÜYÜK TİP FUL EŞYALI 2+1,none,0,0,0,0,0,none,0,,1274232695
,"İzmitin Kalbinde, Akçakoca Konutlarında Masrafsız Avantajlı.",none,0,0,0,0,0,none,0,,1306125920
,SİTENİN TARTIŞMASIZ EN İYİ DAİRELERİNDEN BİRİ ARAKAT,none,0,0,0,0,0,none,0,,1191461673
Dubleks|En Üst Kat|Ara Kat|Ara Kat Dubleks|Bahçe Dubleksi|Çatı Dubleksi|Forleks|Ters Dubleks|Tripleks,EMINEVIM FUZULEVİM VE KATILIM EVİME UYGUN 4+1 SATILIK,roof,1,1,0,0,0,detail,0,,1279607907
Çatı Dubleksi,Kocaeli Erenler'de Deniz & Şehir Manzaralı 3+1,roof,1,1,0,0,0,detail,0,,1295736468
,ENA GAYRİMENKULDEN Ş.HST.KRŞ.DORUKKENT SİT.DENZ MANZ GÜNEY C.3+1,none,0,0,0,0,0,none,0,,1313981933
Ara Kat,İZMİT YEŞİLOVA MEGA RESIDENCE SATILIK 1+1 EŞYALI ARA KAT,none,0,0,0,0,0,none,0,,1313751656
Ara Kat,ListingPortal satılık 3+1 ara kat daire,none,0,0,0,0,0,none,0,,1308031660
En Üst Kat,ASAYRA EMLAK'TAN TAVŞANTEPE DE 2 +1 SATILIK DAİRE,none,0,0,0,0,0,none,0,,1290736250
Ara Kat,İZMİT YEŞİLOVA MERKEZİ KONUMDA SIFIR ARAKAT SATILIK 1+1 DAİRE,none,0,0,0,0,0,none,0,,1313673627
Ara Kat,EKOL'den Orhan Mah.-Bağçeşme FIRSAT !!! ARAKAT 3+1,none,0,0,0,0,0,none,0,,1314040855
Ara Kat,İZMİT DÜNYA BANKASINDA ULTRA LÜX YAPILI SATILIK 2+1 DAİRE,none,0,0,0,0,0,none,0,,1313587818
Ara Kat,İZMİT YEŞİLOVA MEGA RESIDENCE SATILIK 1+1 EŞYALI DAİRE,none,0,0,0,0,0,none,0,,1284080526
Ara Kat,İZMİT BAĞÇEŞME MAYKON SİTESİNDE 1+1 EŞYALI SATILIK ARAKAT DAİRE,none,0,0,0,0,0,none,0,,1313464797
,LİYA RESİDENCE 1+1 LÜKS EŞYALI SATILIK DAİRE,none,0,0,0,0,0,none,0,,1291001442
,Yeşilova da 2+1 fırsat daire,none,0,0,0,0,0,none,0,,1313617577
Ara Kat,RE/MAX DREAM'DEN İZMİT BAĞÇEŞME'DE 2+1 ARA KAT SATILIK DAİRE,none,0,0,0,0,0,none,0,,1300692401
,YAHYAKAPTAN YAKINI YEŞİLOVA'DA FULL EŞYALI 1+0 RESIDENCE DAİRE,none,0,0,0,0,0,none,0,,1302373385
Ara Kat,BAĞÇEŞME'DE SIFIR 2 ODA 1 SALON ARAKAT DAİRE,none,0,0,0,0,0,none,0,,1276849727
Ara Kat,SAHİBİNDEN BAĞÇEŞME HAVUZLU SİTEDE 3+1 ARA KAT DAİRE,none,0,0,0,0,0,none,0,,1311637068
Ara Kat,DÜNYA BANKASI 21.ADA'DA İÇİ YAPILI 2+1 ARA KAT SATILIK DAİRE,none,0,0,0,0,0,none,0,,1272212136
Ara Kat,SAHİBİNDEN İZMİT KENT KONUT 3. ETAP'DA 2+1 ARAKAT SATILIK DAİRE,none,0,0,0,0,0,none,0,,1211467100
,SAHİBNDEN SATILIK 3+1 DAİRE,none,0,0,0,0,0,none,0,,1292633701
,İZMİT DORUKKENT 2 SİTESİ 3+1 DAİRE FULL MANZARALI,none,0,0,0,0,0,none,0,,1270791378
Ara Kat,BAĞÇEŞME'DE PANAROMİK MANZARALI LÜKS 3+1 ARA KAT DAİRE,none,0,0,0,0,0,none,0,,1291698906
Ara Kat,Gündoğdu Mahallesi ListingPortal Satılık Daire,none,0,0,0,0,0,none,0,,1291315170
Ara Kat,İZMİT KENT 5.ETAP 2+1,none,0,0,0,0,0,none,0,,1222066295
Ara Kat,İZMİT MERKEZ KARABAŞ MAHALLESİNDE 2+1 80 M2 SATILIK DAİRE,none,0,0,0,0,0,none,0,,1306679001
En Üst Kat,"İzmit Turgut'ta Deniz Manzaralı, 2+1, 100m² Satılık Daire",none,0,0,0,0,0,none,0,,1309401113
,PALAST'TAN İZMİT TURGUT MAH. 3+1 SATILIK DAİRE,none,0,0,0,0,0,none,0,,1299760047
Ara Kat,ORDU EVİ DURAGINDA 2+1 SATILIK ASANSÖRLÜ ARAKAT,none,0,0,0,0,0,none,0,,1284470127
Ara Kat,İzmit Karabaş'ta Satılık 2+1 Daire (İstiklal Cad.),none,0,0,0,0,0,none,0,,1296312971
Ara Kat,ALTIN EMLAK tan TOPÇULAR MAH. LOCA BAĞÇEŞME SİTESİ SATILIK 2+1,none,0,0,0,0,0,none,0,,1318843160
Ara Kat,İZMİT MERKEZ DE FULL DENİZ MANZARALI 2+1 SATILIK DAİRE,none,0,0,0,0,0,none,0,,1317631699
Ara Kat,İZMİT KANDIRA SAPAĞI SATILIK DAİRE,none,0,0,0,0,0,none,0,,1310066797
,REMAX DREAM AVENUE REZİDANS ÖN CEPHE EŞYALI SATILIK,none,0,0,0,0,0,none,0,,1318963575
Ara Kat,VADİ RESIDENCE'TA FULL EŞYALI LÜKS 1+1 SATILIK DAİRE,none,0,0,0,0,0,none,0,,1316269312
Ara Kat,CAMPÜS İSTANBUL'DA SATILIK 1+1 EŞYALI DAİRE,none,0,0,0,0,0,none,0,,1318952786
En Üst Kat,DÜNYA BANKASI KONUTLARI 19. ADA SATILIK FUL MANZARALI DAİRE,none,0,0,0,0,0,none,0,,1318938299
Ara Kat,İZMİT YEŞİLOVA YATIRIMLIK SIFIR TRUVA REZİDANSTA 1+1 SATILIK,none,0,0,0,0,0,none,0,,1310024081
Ara Kat,İZMİT AVENUE RESİDENCE 1+1 HAZIR FULL EŞYALI SATILIK DAİRE..,none,0,0,0,0,0,none,0,,1313253308
Ara Kat,İZMİT YEŞİLOVA TRUVA REZIDANS'TA GÜNEY CEPHE SATILIK 1+1 DAIRE,none,0,0,0,0,0,none,0,,1307158136
,CAMPUS İSTANBUL SATILIK EŞYALI 1+1,none,0,0,0,0,0,none,0,,1316081015
,TUANA EMLAK TAN 1+1 LOFT KVS ROYAL RESİDENCE,none,0,0,0,0,0,none,0,,1306973063
Ara Kat,İNALTAY GAYRİMENKUL CAMPUS İSTANBUL 30M2 1+1 EŞYALI SATILIK,none,0,0,0,0,0,none,0,,1313062691
Ara Kat,"ÜST GRUP'TAN, İZMİT YEŞİLOVA'DA, 1+1, FULL EŞYALI REZİDANS DAİRE",none,0,0,0,0,0,none,0,,1314905942
Ara Kat,YELKENT ALFA RESİDENCEDE SATILIK 1+1 DAİRE,none,0,0,0,0,0,none,0,,1265739904
Ara Kat,Diamond Q rezidans eşyalı 1+1 4300000,none,0,0,0,0,0,none,0,,1318584655
,AVENUE REZİDANSTA SATILIK 1+1,none,0,0,0,0,0,none,0,,1312843616
,BAĞCEŞMEDE FULL MANZARALI ELİT SİTEDE 5+1 VİLLA,none,0,0,0,0,0,none,0,,1297471057
Ara Kat,DIAMOND Q REZİDANS SATILIK YOLA CEPHE SIFIR EŞYALI1+1 LÜKS DAİRE,none,0,0,0,0,0,none,0,,1306665779
,Akbulut Emlak'tan Eminevim'e uygun Diamond Q da 1+1 Satılık,none,0,0,0,0,0,none,0,,1316557415
Ara Kat,İZMİT MEGA RESIDENCE EŞYALI SATILIK 1+1 ARA KAT RESIDENCE,none,0,0,0,0,0,none,0,,1312473421
Ara Kat,İZMİT KARPAY REZİDANS'TA 1+1 EŞYALI SATILIK DAİRE,none,0,0,0,0,0,none,0,,1318380867
Ara Kat,YELKENT ALFA REZİDANSTA 1+1 FULL EŞYALI ACİL SATILIK DAİRE !,none,0,0,0,0,0,none,0,,1318365379
En Üst Kat,REMAX EXCLUSİVEDEN AVENUE REZİDANS 1+1 SATILIK DAİRE,none,0,0,0,0,0,none,0,,1232340362
Ara Kat,İZMİT ÇARŞI MERKEZ'DE ARA KAT 3+1 İÇİ YAPILI SATILIK DAİRE,none,0,0,0,0,0,none,0,,1319011494
,İZMTİ AKÇAKENT KONUTLAR 2.ETAP SATILIK 2+1 DAİRE,none,0,0,0,0,0,none,0,,1319009087
Ara Kat,KOCAELİ FEDERALDEN İZMİT LEYLAATAKAN CADDESİ ÜZERİ SATILIK DAİRE,none,0,0,0,0,0,none,0,,1299726699
Ara Kat,KOCAELİ FEDERALDEN İZMİT TURGUT MAH.de ARAKAT 2+1 SATILIK DAİRE,none,0,0,0,0,0,none,0,,1294734285
,ÇARŞIDA YATIRIMA VE OTURUMA UYGUN 1+1 SATILIK DAİRE,none,0,0,0,0,0,none,0,,1293094998
,İZMİT İKİZLİ ÇEŞME YANI SATILIK DAİRE,none,0,0,0,0,0,none,0,,1310475727
,KOCAELİ İZMİT Trawy ve MERKEZ BANKASI KARŞI BİNA 2+1 DAİRE UYGUN,none,0,0,0,0,0,none,0,,1310472096
Ara Kat,İZMİT BAĞÇEŞME TUANA EVLERİ ARAKAT SATILIK 2+1 DAİRE,none,0,0,0,0,0,none,0,,1294313048
Ara Kat,İZMİT TUANA EVLERİ 2. ETAP 2+1 SATILIK BOŞ DAİRE,none,0,0,0,0,0,none,0,,1261404366
Ara Kat,ALTIN EMLAK'tan ORDUEVİ ARKASINDA DENİZ MANZARALI SATILIK 3+1,none,0,0,0,0,0,none,0,,1313053357
Ara Kat,BAĞÇEŞME'DE 2+1 DENİZ MANZARALI SİTE İÇİ SATILIK ARA KAT DAİRE,none,0,0,0,0,0,none,0,,1241685093
En Üst Kat,İZMİT ŞEHİR MEKEZİ YÜRÜYÜŞ YOLU 3+1 YATIRIMLIK SATILIK DAİRE,none,0,0,0,0,0,none,0,,1312997001
Ara Kat,İZMİT TUANA 1.ETAP FULL DOĞA MANZARALI 2+1 SATILIK DAİRE,none,0,0,0,0,0,none,0,,1318689645
Dubleks,GUNDOGDU MAHALLESI 5+1 LUKS VILLA,standard,1,0,0,0,1,detail,0,,1313060280
Ara Kat,İzmit Akçakoca Mahallesinde Merkezi Konumda 2+1,none,0,0,0,0,0,none,0,,1313037168
En Üst Kat,SAHİBİNDEN Tuysuzler Vesta parkta 1+1 önü kapanmaz ici yapili,none,0,0,0,0,0,none,0,,1313024415
Ara Kat,AKÇAKENT 1 SİTESİNDE 4.KAT DENİZ MANZARALI 3+1 SATILIK DAİRE,none,0,0,0,0,0,none,0,,1310048451
Ara Kat,İZMİT KENT MEYDANINDA SATILIK 3+1 ARA KAT DAİRE,none,0,0,0,0,0,none,0,,1315894479
Ara Kat,BAĞÇEŞME- ELİT41-FUL DENİZ-ARA KAT,none,0,0,0,0,0,none,0,,1247441736
,KARABAŞ MAH RAUF ORBAY SOKAK CAFELER CADDESİNDE SATILIK 3+1,none,0,0,0,0,0,none,0,,1306762752
,REMAX'DEN TÜYSÜZLER MAH. 1+1 EŞYALI SATILIK DAİRE,none,0,0,0,0,0,none,0,,1315860194
Ara Kat,İzmit Cedid Mah. 1+1 Daire 45m² Ara Kat - Yatırım Fırsatı,none,0,0,0,0,0,none,0,,1284499298
En Üst Kat,"İzmit Merkez'de Deniz Manzaralı, 2+1 Satılık Daire",none,0,0,0,0,0,none,0,,1315771368
Bahçe Dubleksi,PUSULA GAYRİMENKULDEN DENİZ MANZARALI 3+1 SATILIK FIRSAT DAİRE,garden,1,0,1,0,0,detail,0,,1287659106
Bahçe Dubleksi,DERİN'DEN İZMİT TURGUT MAH GENİŞ AİLELERE ÖZEL 4+1,garden,1,0,1,0,0,detail,0,,1309813808
,İZMİT ÇARŞININ KALBİNDE YÜRÜYÜŞ YOLUNDA KİRACILI 2+1 DAİRE,none,0,0,0,0,0,none,0,,1309495486
,REMAX DREAM'DEN BAĞÇEŞME'DE YATIRIM FIRSATI SATILIK 2+1 DAİRE,none,0,0,0,0,0,none,0,,1304281327
,İZMİT MERKEZDE 3+1 DAİRE,none,0,0,0,0,0,none,0,,1318463487
,İZMİT MERKEZDE DENİZ MANZARALI SATILIK 3+1ARAKAT DAİRE,none,0,0,0,0,0,none,0,,1315626392
Ara Kat,"TUANA EVLERİ 3. ETAPTA SATILIK 4+1, ARA KAT DAİRE",none,0,0,0,0,0,none,0,,1312699371
,VİZYON'DAN İZMİT ÇARŞI ASANSÖRLÜ 2 DAİRE İSTER OTUR İSTER KİRA,none,0,0,0,0,0,none,0,,1247031916
En Üst Kat,AKÇAKOCADA PANORAMİK DENİZ MANZARALI 4+2 SAHİBİNDEN SATILIK,none,0,0,0,0,0,none,0,,1318412799
,Bahçe kullanımlı 2+1 satılık daire,none,0,0,0,0,0,none,0,,1294972949
Ara Kat,İZMİT MERKEZDE 4+1 ARAKAT SATILIK DAİRE,none,0,0,0,0,0,none,0,,1233882564
,KOCAELİ İZMİT ÇARŞI İÇİNDE 85M2 SATILIK DAİRE,none,0,0,0,0,0,none,0,,1275379456
Ara Kat,İNALTAY GAYRİMENKUL İZMİT KOLORDU 120 M2 3+1 SATILIK DAİRE,none,0,0,0,0,0,none,0,,1318369978
Ara Kat,İZMİT CEDİT MAHALLESİ ÇINARLI CAMİİ KARŞISI 3+1 SATILIK DAİRE,none,0,0,0,0,0,none,0,,1299603199
Ara Kat,ALTIN EMLAK'tan İZMİT YÜRÜYÜŞ YOLUNDA SATILIK 3+1 DAİRE,none,0,0,0,0,0,none,0,,1213568454
,REMAX'DEN İZMİT MERKEZDE YATIRIM FIRSATI 2+1 FIRSAT DAİRE,none,0,0,0,0,0,none,0,,1318513691
Bahçe Dubleksi,BAGCESMEDE HAVUZLU SITE ICERISINDE SATILIK KONUT,garden,1,0,1,0,0,detail,0,,1301256158
En Üst Kat,TUANA 3'ÜN YILDIZ DAİRESİ SİZİN OLSUN İSTER MİSİNİZ ?,none,0,0,0,0,0,none,0,,1302688813
,İzmit Merkez'de Satılık 3+1 Daire,none,0,0,0,0,0,none,0,,1318430586
Ara Kat,"İzmit Merkez Satılık 2+1 Daire (8 Yıllık Bina, 115m² Net)",none,0,0,0,0,0,none,0,,1247808534
Ara Kat,İZMİT MERKEZDE SATILIK ARAKAT 3+1 DAİRE,none,0,0,0,0,0,none,0,,1294387309
,listing_portal satılık daire,none,0,0,0,0,0,none,0,,1305632025
En Üst Kat,SEHIR MERKEZINDE SATILIK KONUT,none,0,0,0,0,0,none,0,,1318195414
,KOCAELİ İZMİT YÜRÜYÜŞ YOLU 'NDA 3+1 SATILIK DAİRE,none,0,0,0,0,0,none,0,,1318176068
Ara Kat,İZMİT TUANA EVLERİ DENİZ MANZARALI ARAKAT SATILIK 2+1 DAİRE,none,0,0,0,0,0,none,0,,1281790483
Ara Kat,Kocaeli İzmit Cedit Mahallesi 73m² 1+1 Satılık Çatı Katlı Mesken,none,0,0,0,0,0,none,0,,1290428433
Ara Kat,İZMİT TURGUT'DA CADDEYE YAKIN SATILIK 2+1 ARAKAT DAİRE,none,0,0,0,0,0,none,0,,1192279460
,İzmit Tuana Evleri 1. Etap 2+1 düz giriş Satılık daire.,none,0,0,0,0,0,none,0,,1318131409
Ara Kat,İZMİT VELİAHMET GENİŞ 1+1 SATILIK DAİRE,none,0,0,0,0,0,none,0,,1318085305
En Üst Kat,İNÖNÜ CADDESİ ÇINARLI MEVKİİNDE SATILIK 3+1 ASANSÖRLÜ DAİRE,none,0,0,0,0,0,none,0,,1271629595
Ara Kat,REMAX'DEN TUANA 2. ETAP DA 31.000₺ KİRACILI SATILIK 1+1 DAİRE,none,0,0,0,0,0,none,0,,1318053137
,REMAX MİR 'DEN AKÇAKOCA MERKEZİ KONUMDA 3+1 SATILIK DAİRE,none,0,0,0,0,0,none,0,,1315179538
Ara Kat,İzmit Karabaş'ta Satılık 3+1 Daire - Merkezi Konum,none,0,0,0,0,0,none,0,,1292432332
Ara Kat,İZMİT ÖMERAĞA MAH. 1.KAT DAİRE ( OFİS ),none,0,0,0,0,0,none,0,,1257472468
Ara Kat,İZMİT MERKEZ LEYLA ATAKAN CADDESİ 3+1 ARAKAT SATILIK DAİRE,none,0,0,0,0,0,none,0,,1298156859
En Üst Kat,İZMİT YÜRÜYÜŞYOLU KARABAŞ MAHALLESİ GENİŞ 3+1 110M2 DAİRE,none,0,0,0,0,0,none,0,,1318170779
Ara Kat,AKÇAKENT-1 SİTESİNDE SATILIK 3+1 KULLANIMA HAZIR BOŞ DAİRE.,none,0,0,0,0,0,none,0,,1268337181
Ara Kat,VELİAHMET MAH DENİZ MANZARALI ARAKAT 2+1 OTOPARKLI LÜX DAİRE,none,0,0,0,0,0,none,0,,1298217190
En Üst Kat,AKÇACAMİ CADDESİNDE SATILIK 2+1 BAKIMLI MASRAFSIZ KÖŞE DAİRE,none,0,0,0,0,0,none,0,,1259707226
Ara Kat,İZMİT AKÇAKENT 2 SİTESİNDE 2+1 SATILIK DAİRE,none,0,0,0,0,0,none,0,,1317918130
En Üst Kat,listing_portal net 110 metrekare 3+1 4 katlı bina 4 cü kat,none,0,0,0,0,0,none,0,,1256444872
Ara Kat,YALÇIN KARAÇETİN' den YÜRÜYÜŞ YOLUNDA SATILIK 3+1 YAPILI DAİRE,none,0,0,0,0,0,none,0,,1224490587
Ara Kat,TEKİN EMLAK'TAN İzmit Cumhuriyet Parkı Üstü 2+1 Satılık Daire,none,0,0,0,0,0,none,0,,1296896277
Çatı Dubleksi,İZMİT MERKEZ YÜRÜYÜŞ YOLU ASANSÖRLÜ SATILIK DAİRE,roof,1,1,0,0,0,detail,0,,1303686028
Ara Kat,İZMİT TOPÇULAR'DA TUANA EVLERİ 2.ETAP SATILIK ARAKAT 3+1 DAİRE,none,0,0,0,0,0,none,0,,1314418119
Ara Kat,TURGUT MAH. 1+1 ARAKAT SATILIK DAİRE !,none,0,0,0,0,0,none,0,,1314982481
Ara Kat,Kocaeli İzmit Akçakoca mahalesinde 2+1 Satılık Daire,none,0,0,0,0,0,none,0,,1301884631
Ara Kat,FIRSAT YERİ İZMİT MERKEZ DE 100M2 2+1SATILIK DAİRE,none,0,0,0,0,0,none,0,,1317748328
Ara Kat,REMAX DREAM'DEN 42 EVLERDE 41 AVM YAKINI 2+1 ARAKAT SATILIK DAİR,none,0,0,0,0,0,none,0,,1309006597
Ara Kat,"İZMİT'TE DENİZ,ŞEHİR MANZARALI,K.OTOPARK,ASANSÖR,İSKANLI 0 DAİRE",none,0,0,0,0,0,none,0,,1315846601
,ACİLL İZMİT ÇARŞIYA YÜRÜME MESAFEDE 3 YILLIK 3+1 SATILIK DAİRE,none,0,0,0,0,0,none,0,,1300572678
Ara Kat,TUANA 3. ETAP A BLOKTA SATILIK 3+1 ARA KAT DAİRE,none,0,0,0,0,0,none,0,,1271750061
,MODERN BAĞÇEŞME EVLERİNDE SATILIK 3+1 DAİRE,none,0,0,0,0,0,none,0,,1309115651
,REMAX DREAM'DEN TUANA EVLERİNDE BOŞ 2+1 ARA KAT DAİRE,none,0,0,0,0,0,none,0,,1309152824
Ara Kat,CB MAHALL'DEN BAĞÇEŞME MODERN 2 PROJESİNDEN SATILIK 3+1 ARA KAT,none,0,0,0,0,0,none,0,,1305874399
Ara Kat,İZMİT ÇARŞI MERKEZ'DE DENİZ MANZARALI 2+1 ARAKAT SATILIK DAİRE,none,0,0,0,0,0,none,0,,1308898772
En Üst Kat,Şok Fiyata İzmit Merkezde Metro Yanı 3+1 Satılık Daire (Eşyalı),none,0,0,0,0,0,none,0,,1270094297
Ara Kat,REMAX DREAM'DEN İZMİT MERKEZ'DE SATILIK 2+1 FIRSAT DAİRE,none,0,0,0,0,0,none,0,,1310737104
,"YENİ BİNA ! 2+1 Devlet Hastanesi,E.M.L. Arkası.",none,0,0,0,0,0,none,0,,1317635565
En Üst Kat,ÇARŞI İÇİNDE DENİZ MANZARALI ŞÖMİNELİ YENİLENMİŞ 4+1 FERAH DAİRE,none,0,0,0,0,0,none,0,,1303106038
En Üst Kat,İNALTAY GAYRİMENKUL YUVAM TURGUT K.K. 2+1 NET85M2 SATILIK DAİRE,none,0,0,0,0,0,none,0,,1317611640
Ara Kat,UĞUR ŞAHİN'DEN İZMİT MERKEZDE SATILIK ARAKAT 3+1 14OM² DAİRE,none,0,0,0,0,0,none,0,,1313762302
,İZMİT HACI HIZIR MAH YENİ METRO İST YANI SATILIK 3+1 KOT DAİRE,none,0,0,0,0,0,none,0,,1314726892
Ara Kat,Neşe Emlaktan Turgut Mah Özyapı sitesinde 3+1 arakat daire,none,0,0,0,0,0,none,0,,1317765842
Ara Kat,KUŞAK GAYRİMENKUL'DEN ÇARŞI MERKEZDE ASANSÖRLÜ 3+1 DAİRE,none,0,0,0,0,0,none,0,,1292783301
Ara Kat,ZAFER EMLAKTAN SATILIK AKÇAKENT 2,none,0,0,0,0,0,none,0,,1306131338
Çatı Dubleksi,İZMİT TURGUT MAHALLESİ'NDE DENİZ MANZARALI OTOPARKLI SATILIK.,roof,1,1,0,0,0,detail,0,,1306032324
Ara Kat,İZMİT MERKEZDE YATIRIM FIRSATI 2+1 ARAKAT FIRSAT DAİRE,none,0,0,0,0,0,none,0,,1293022247
Bahçe Dubleksi,TUANA EVLERİ KARŞISI BAĞÇEŞME,garden,1,0,1,0,0,detail,0,,1317409354
Ara Kat,END'DEN İZMİT ÇARŞI MERKEZDE SATILIK ARAKAT YAPILI 2+1 DAİRE,none,0,0,0,0,0,none,0,,1271023185
Dubleks|En Üst Kat,İzmit Karabaş Mahallesinde 5+2 Satılık Daire,standard,1,0,0,0,1,detail,0,,1314441108
,REMAX DREAM'DEN BAĞÇEŞME YUVAM TURGUT EVLERİ 3+1 SATILIK DAİRE,none,0,0,0,0,0,none,0,,1302783494
,ESKİDJİDEN TUANA 2. ETAP MÜSTAKİL BAHÇELİ 2+1 SATILIK DAİRE,none,0,0,0,0,0,none,0,,1305859118
,İZMİT ÇARŞIDA İŞ YERİNE UYGUN 1.KAT 160 M2+70 M2 TERASLI DAİRE,none,0,0,0,0,0,none,0,,1266161980
En Üst Kat,KISA SÜRELİ İNDİRİMLİ 2+1 120 m2 SATILIK DAİRE,none,0,0,0,0,0,none,0,,1317279517
,İZMİT HACI HIZIR'DA SATILIK BAHÇELİ 2+1 GİRİŞ KATI DAİRE,none,0,0,0,0,0,none,0,,1317281056
Ara Kat,İzmit Merkezde Satılık 3+1 Daire - Tramvay Yakını,none,0,0,0,0,0,none,0,,1308529500
,İZMİT CEDİT MAHALLESİ SATILIK 2+1 GENİŞ DAİRE,none,0,0,0,0,0,none,0,,1310638585
,"Tarcanlardan Çarşı Merkezde Otoparklı,Teraslı, Klimalı 3+1 Daire",none,0,0,0,0,0,none,0,,1311194342
Ara Kat,"Tuana Evlerinde Ara Kat, Temiz Kullanılmış 2+1 Daire",none,0,0,0,0,0,none,0,,1317115406
En Üst Kat,İZMİT TUANA EVLERİNDE GENİŞ TERASLI BOŞ SATILIK 2+1 DAİRE,none,0,0,0,0,0,none,0,,1298626474
Ara Kat,İZMİT KARABAŞ MAHALLESİ İÇİ YENİLENMİŞ 3+1 ARAKAT SATILIK DAİRE,none,0,0,0,0,0,none,0,,1314154113
Ara Kat,"İZMİT,ULUGAZİ SOKAĞINDA - SATILIK - 3+1 BAKIMLI DAİRE..",none,0,0,0,0,0,none,0,,1258104894
,SOR TÜRKİYE'DEN İZMİT MERKEZDE KOMPLE YENİLENMİŞ 3+1 DAİRE,none,0,0,0,0,0,none,0,,1287797114
Ara Kat,İzmit Merkez Ömerağa Mah. Satılık 3+1 Daire,none,0,0,0,0,0,none,0,,1274517603
Ara Kat,ALTIN EMLAK'tan FETHİYE CADDESİNE YAKIN SATILIK 2+1 DAİRE,none,0,0,0,0,0,none,0,,1314125256
Ara Kat,KOCAELİ İZMİT TUANA EVLERİ 2.ETAP SİTE İÇİ HAVUZA BAKAN 2+1,none,0,0,0,0,0,none,0,,1317214490
,TUANA 3. ETAP'TA 3+1|ŞÖMİNELİ PANORAMİK DENİZ MANZARALI SATILIK,none,0,0,0,0,0,none,0,,1311184448
Ara Kat,Tarcanlardan İzmit 42 Evlerde 3+1 Ara Kat Satılık Daire,none,0,0,0,0,0,none,0,,1311131420
En Üst Kat,İZMİT MERKEZ İÇİ YENİLENMİŞ GENİŞ 2+1 SATILIK DAİRE,none,0,0,0,0,0,none,0,,1317183886
Ara Kat,İZMİT MERKEZDE CUMHURİYET PARKINDA SATILIK 2+1 ARA KAT DAİRE,none,0,0,0,0,0,none,0,,1305229916
Ara Kat,İzmit Karabaş Mah. Kent Meydanında Ara Kat Satılık 3+1,none,0,0,0,0,0,none,0,,1300022359
Ara Kat,İZMİT MERKEZ DE BAKIMLI MASRAFSIZ BU FİYATA KAÇMAZ 2+1 DAİRE,none,0,0,0,0,0,none,0,,1311059060
Ara Kat,KOCAELİ İZMİT KÖRFEZ 42 EVLER MAH SATILIK ARAKAT 3+1 DAİRE,none,0,0,0,0,0,none,0,,1316931090
Ara Kat,YALÇIN KARAÇETİN' den ADLİYE YAKINI FİBABANK YANI E-5 ÜSTÜ 3+1,none,0,0,0,0,0,none,0,,1316924977
,BAĞÇEŞME'DE DENIZ MANZARALI ELIT SITEDE GENIŞ ARAKAT,none,0,0,0,0,0,none,0,,1302670718
,ASİES GLOBAL'den TURGUT MAHALLESİNDE 3+1 SATILIK DAİRE,none,0,0,0,0,0,none,0,,1313579530
Ara Kat,İZMİT TOPÇULAR MAH. AKÇAKENT 2 SİTESİ SATILIK 2+1 ARA KAT DAİRE,none,0,0,0,0,0,none,0,,1307846564
Ara Kat,İZMİT MERKEZDE 215m² İÇİ YAPILI 3+1 EBEVEYN BANYOLU + TERASLI,none,0,0,0,0,0,none,0,,1241094348
Ara Kat,İZMİT TURGUT MAHALLESİ DENİZ VE ŞEHİR MANZARALI SATILIK DAİRE,none,0,0,0,0,0,none,0,,1313947415
Ara Kat,İZMİT MERKEZ CUMHURİYET APARTMANINDA SATILIK 1+1 ARA KAT DAİRE,none,0,0,0,0,0,none,0,,1299806534
Ara Kat,İZMİT ÇARŞI CUMHURİYET PARKI ARKASINDA YENİ BİNADA SATILIK DAİRE,none,0,0,0,0,0,none,0,,1249287353
Ara Kat,İzmit Merkezde Satılık 3+1 Daire 85m²,none,0,0,0,0,0,none,0,,1316682838
Ara Kat,TUANA EVLERİNDE HAVUZ MANZARALI SATILIK 2+1 AYRI MUTFAKLI DAİRE,none,0,0,0,0,0,none,0,,1299798651
Ara Kat,İzmit Dolphin AVM Karşısı Satılık 3+1 Daire 140m²,none,0,0,0,0,0,none,0,,1245398936
Ara Kat,ALAÇATI GM'den ŞEHİR HASTANESİ KARŞISINDA ARAKAT 1+1 DAİRE,none,0,0,0,0,0,none,0,,1308009807
,SAHİBİNDEN - 3+1 SİTE İÇİ - 150 M2,none,0,0,0,0,0,none,0,,1316571933
En Üst Kat,Tarcanlardan Tüysüzler Mah.Vestapark Sitesinde 1+1 Satılık Daire,none,0,0,0,0,0,none,0,,1316544705
Ara Kat,İZMİT MERKEZ DE TRAMVAYA YÜRÜME MESAFESİNDE 3+1 SATILIK DAİRE.,none,0,0,0,0,0,none,0,,1316528481
Ara Kat,İzmit Turgut' Mh. Deniz Manzaralı 2+1 Arakat,none,0,0,0,0,0,none,0,,1270733665
,REMAX DREAM İZMİT TUANA EVLERİ 3.ETAP GENİŞ TİP3+1 SATILIK DAİRE,none,0,0,0,0,0,none,0,,1273785136
Ara Kat,Tarcanlar'dan Kandıra Sapağı'nda Ara Kat Asansörlü 3+1 Daire,none,0,0,0,0,0,none,0,,1316724200
Ara Kat,ÇARŞI YÜRÜYÜŞ YOLUNDA SATILIK 2+1 ASANSÖRLÜ DAİRE,none,0,0,0,0,0,none,0,,1316527131
Ara Kat,ŞEHIR MERKEZLI SATILIK 2+1 DAIRE,none,0,0,0,0,0,none,0,,1313592139
Çatı Dubleksi,İzmit Çarşı Anadolu Evlerinde Muhteşem Bir Satılık Daire,roof,1,1,0,0,0,detail,0,,1310542969
Ara Kat,KARABAŞ MH.150 m² KULLANIM ALANLI SATILIK 3+1 DAİRE,none,0,0,0,0,0,none,0,,1316343904
Ara Kat,İZMİT MERKEZ SATILIK ARAKAT DAİRE,none,0,0,0,0,0,none,0,,1299867912
Ara Kat,İzmit merkez hacıhızır mahallesi 2+1 satılık daire,none,0,0,0,0,0,none,0,,1316301402
,İZMİT KENT MEYDANINDA SATILIK 3+1 FIIRSAT DAİRE,none,0,0,0,0,0,none,0,,1295885254
Ara Kat,ANADOLU EVLERİNDE SATILIK LÜKS DAİRE NEŞE EMLAK,none,0,0,0,0,0,none,0,,1206557200
Ara Kat,Turyap'tan İzmit Çarşı Merkez'de Tamamen Yenilenmiş 3+1 Arakat,none,0,0,0,0,0,none,0,,1316468596
,REMAX DREAM'DEN VESTA PARK SITESI'NDE SATILIK 2+1 DAIRE,none,0,0,0,0,0,none,0,,1299067365
Çatı Dubleksi,İZMİT MERKEZDE DENİZ MANZARALI 260M2 ASANSÖRLÜ TERASLI 3+2 DAİRE,roof,1,1,0,0,0,detail,0,,1310398439
Dubleks,İZMİT GÜNDOĞDU SATILIK MÜSTAKİL BAHÇELİ OTOPARKLI 4+1 LÜKS DAİRE,standard,1,0,0,0,1,detail,0,,1293866313
Çatı Dubleksi,SAHİBİNDEN SATILIK DAİRE TAKAS OLUR,roof,1,1,0,0,0,detail,0,,1315496189
,KOCAELİ İZMİT AKÇAKOCA MAHALLESİ'NDE SATILIK 2+1 DAİRE,none,0,0,0,0,0,none,0,,1315999814
Ara Kat,İZMİT MERKEZDE DEVLET HASTAHANESİNE YAKIN 2 ADET 1+1 DAİRE,none,0,0,0,0,0,none,0,,1288088898
,TUANA EMLAK TAN ÇARŞI MERKEZDE SATILIK 2+1 ARAKAT DAİRE,none,0,0,0,0,0,none,0,,1287897205
En Üst Kat|Ara Kat,İzmit Veliahmet'te Tek Tapu 2 Daire 240m²,none,0,0,0,0,0,none,0,,1300829950
Ara Kat,İMZA GM'DEN İZMİT ÇINARLI 3+1 SATILIK YAPILI DAİRE ASANSÖRLÜ,none,0,0,0,0,0,none,0,,1315923421
,ARSLAN EMLAKTAN İZMİT MERKEZ DE FULL EŞYALI 1+1 SATILIK DAİRE,none,0,0,0,0,0,none,0,,1309906966
Ara Kat,İZMİT MERKEZ KOZLUK 1.YOLDA ASANSÖRLÜ 3+1 165M2 SIFIR KÖŞEARAKAT,none,0,0,0,0,0,none,0,,1269190470
Ara Kat,Tarcanlar'dan Turgut Mah.'de Ara Kat 2+1 Deniz Manzaralı Daire,none,0,0,0,0,0,none,0,,1315815294
Ara Kat,Panaromik Deniz Manzaralı Arakat Daire,none,0,0,0,0,0,none,0,,1308649878
En Üst Kat,İZMİT MERKEZDE VELİ AHMET MAH.ALEMDAR CAD. SATILIK 2+1 DAİRE,none,0,0,0,0,0,none,0,,1315561916
Ara Kat,İZMİT MERKEZ SATILIK 2+1 DAİRE - OTURUMA HAZIR,none,0,0,0,0,0,none,0,,1304413376
,REMAX DREAMDEN İZMİT BAĞÇEŞME ŞEHRİYAR SİTESİNDE SATILIK 3+1,none,0,0,0,0,0,none,0,,1304080042
En Üst Kat,DENİZ MANZARALI 2+1 DAİRE - TEÇ,none,0,0,0,0,0,none,0,,1315721331
Ara Kat,Emlaxo'dan 42evler'de 3+1 130m2 içi yapılı krediye uygun Arakat,none,0,0,0,0,0,none,0,,1309798381
Ara Kat,İZMİT MERKEZ KENT MEYDANINA CEPHE SATILIK 240 m2 4+1 DAİRE,none,0,0,0,0,0,none,0,,1287281741
Ara Kat,TOPÇULAR MAHALLESİ TUANA 2. Etap SATILIK ARAKAT DAİRE,none,0,0,0,0,0,none,0,,1312270019
Ara Kat,İZMİT ŞEHRİ NAZ SİTESİNDE DENİZ MANZARALI GENİŞ 3+1 DAİRE,none,0,0,0,0,0,none,0,,1292730440
,ASAYRA EMLAK TAN YUVAM TURGUT KONUTLARINDA 3+1 SATILIK DAİRE,none,0,0,0,0,0,none,0,,1303877308
,Şehir hastanesine yürüme mesafesinde Çatı Eğimsiz,none,0,0,0,0,0,none,0,,1315635610
Ara Kat,İZMİT BAĞÇEŞME'DE TUANA EVLERİNDE SATILIK 2+1 DAİRE,none,0,0,0,0,0,none,0,,1315345964
,İZMİT MERKEZ 1+1 EŞYALI SATILIK YATIRIMLIK YENİ DAİRE,none,0,0,0,0,0,none,0,,1315408268
,Bulvar Lokasyonunda 140m² satılık 3+1 Daire,none,0,0,0,0,0,none,0,,1315809241
,REMAX'DEN İZMİT TURGUT MAHALLESİNDE DENİZ MANZARALI 2+1 SATILIK,none,0,0,0,0,0,none,0,,1303284975
,VakıfBank'tan Satılık 2+1 Daire,none,0,0,0,0,0,none,0,,1293045422
Ara Kat,ACİL.... GARANTİ GAYRİMENKUL'den İZMİT ÇARŞI da KREDİYE UYGUN !,none,0,0,0,0,0,none,0,,1315193194
,VakıfBank'tan Satılık 1+1 Daire,none,0,0,0,0,0,none,0,,1293030895
,İZMİT MERKEZDE DENİZ MANZARALI 3+1 YENİLENMİŞ ARA KAT DAİRE,none,0,0,0,0,0,none,0,,1315149304
,Tuana Evleri 3. Etap | 3+1 Ebeveyn Banyolu | ListingPortal,none,0,0,0,0,0,none,0,,1315138130
,ENKA'DAN İZMİT KOZLUK AKÇAKOCADA SATILIK 2+1 DAİRE,none,0,0,0,0,0,none,0,,1303553694
Ara Kat,ESKİDJİDEN ŞEHRİNAZ SİTESİNDE PANAROMİK MANZARALI ULTRALÜX DAİRE,none,0,0,0,0,0,none,0,,1298072515
Ara Kat,SAHİBİNDEN ÇARŞI ÇINARLI MEVKİHİSAR APT.DA BOŞ 3+1 SATILIK DAİRE,none,0,0,0,0,0,none,0,,1314939107
Ara Kat,İzmit merkezde satılık daire,none,0,0,0,0,0,none,0,,1286550683
,ListingPortal Şehir Merkezinde 3+1 Net 140m2 Daire,none,0,0,0,0,0,none,0,,1302643811
Ara Kat,İZMİT MERKEZ ÇINARLI CAMİ KARŞISI ARA KAT SATILIK 2+1 DAİRE,none,0,0,0,0,0,none,0,,1314553005
,İZMİT MERKEZ'DE SATILIK 2+1 DAİRE,none,0,0,0,0,0,none,0,,1300765255
Ara Kat,İZMİT MERKEZDE SATILIK ARA KAT DAİRE,none,0,0,0,0,0,none,0,,1303276365
,ARSLAN EMLAKTAN İZMİT MERKEZ DE 1+1 MASRAFSIZ SATILIK DAİRE,none,0,0,0,0,0,none,0,,1309067417
,ÇARŞI İÇİ YÜRÜYÜŞ YOLUNDA KOMPLE YENİLENMİŞ 2.5+1 SATILIK,none,0,0,0,0,0,none,0,,1308982958
Ara Kat,INVEST GLOBAL'DEN ÇARŞI MERKEZ YÜRÜYÜŞ YOLUNDA ÖNÜ AÇIK DAİRE,none,0,0,0,0,0,none,0,,1306599731
Ters Dubleks,Tarcanlardan İzmit Tüysüzlerde 1+1 Satılık Daire,standard,1,0,0,0,1,detail,0,,1308995179
,YAPICILAR EMLAK'TAN CEDIT MAHALLESİNDE SATILIK 2+1 DAİRE,none,0,0,0,0,0,none,0,,1303205390
Ara Kat,İZMİT KARABAŞ MAHALLESİ ARAKAT ASANSÖRLÜ 150 M2 SATILIK DAİRE,none,0,0,0,0,0,none,0,,1314552470
Ara Kat,İZMİT ÇARŞIDA EMİNEVİM E UYGUN ARA KAT SATILIK 3+1 DAİRE,none,0,0,0,0,0,none,0,,1219766040
,REMAX DREAM'DEN 42 EVLER'DE SATILIK 4+1 DAİRE,none,0,0,0,0,0,none,0,,1303000648
Ara Kat,İZMİT MERKEZDE DENİZ MANZARALI SATILIK 2+1 DAİRE,none,0,0,0,0,0,none,0,,1284195450
Ara Kat,FEDERAL'DEN İZMİT MERKEZDE 1+1 100m2 ARA KAT SATILIK DAİRE,none,0,0,0,0,0,none,0,,1314400645
Ara Kat,İZMİT MERKEZ E 5 KARAYOLU ÜZERİ 3 CEPHELİ EŞYALI 3+1SATILIK OFİS,none,0,0,0,0,0,none,0,,1314204297
Ara Kat,İZMİT UMUT KENT SİTESİNDE SATILIK 3+1 DAİRE,none,0,0,0,0,0,none,0,,1278993894
Ara Kat,İZMİT TOPÇULAR MAH. AKÇAKENT2 SİTESİ SATILIK 2+1 ARA KAT DAİRE..,none,0,0,0,0,0,none,0,,1308273907
,Gel gör al,none,0,0,0,0,0,none,0,,1314086975
Ara Kat,DİKKAT EMLAK'tan Körfez mh.Satılık Arakat 3+1 Daire,none,0,0,0,0,0,none,0,,1291830819
Ara Kat,İZMİT MERKEZDE FIRSAT 2+1 ARA KAT DAİRE,none,0,0,0,0,0,none,0,,1314021869
En Üst Kat,KOCAELİ İZMİT KARABAŞ MAH SATILIK 2+1 DAİRE,none,0,0,0,0,0,none,0,,1300900915
Ara Kat,KOCAELİ İZMİT BAĞÇEŞME DENİZ MANZARALI 3+1 ARAKAT,none,0,0,0,0,0,none,0,,1200207602
Ara Kat,İZMİT AKÇAKOCA SADETTİN YALIM CADDESİ SATILIK 3+1 DAİRE,none,0,0,0,0,0,none,0,,1313926297
Ara Kat,SATILIK KONUT&İŞYERİ İZMİT MERKEZ SABRİ ERKMEN SOK. 3+1 ARA KAT,none,0,0,0,0,0,none,0,,1200007042
Çatı Dubleksi,REMAX'DEN UMUTKENT'DE LEBİDERYA DENİZ MANZARALI 5+1SATILIK DAİRE,roof,1,1,0,0,0,detail,0,,1313870149
En Üst Kat,ACİL SATILIK 3+1 ÇARŞIDA DAİRE,none,0,0,0,0,0,none,0,,1313792161
Ara Kat,İZMİT AKÇAKENT SİTESİ SATILIK 3+1 ARA KAT BOŞ DAİRE,none,0,0,0,0,0,none,0,,1307320796
Ara Kat,ENKA'DAN İZMİT KOZLUK AKÇAKOCADA SATILIK 2+1 DAİRE,none,0,0,0,0,0,none,0,,1307805586
Ara Kat,EKOL EMLAK İzmit-Merkez Cumhuriyet Parkı Mevki ARAKAT 2+1 ...,none,0,0,0,0,0,none,0,,1313623090
En Üst Kat,İzmit Turgut mah. Satılık daire,none,0,0,0,0,0,none,0,,1313615385
Ara Kat,Tarcanlardan İzmit Akçakent 2 Sitesinde Acil Satılık 2+1 Daire,none,0,0,0,0,0,none,0,,1284555350
,Merkezi Konumda 2+1 Sıfır Daire,none,0,0,0,0,0,none,0,,1312040702
,TUANA 2 SATILIK DENIZ MAN. LÜKS 2+1 YENİLENMİŞ & ŞIK TASARIM,none,0,0,0,0,0,none,0,,1249776487
,ListingPortal Akçakent1 Sitesinde 2+1 Daire,none,0,0,0,0,0,none,0,,1288868447
,İZMİT BAĞÇEŞME MODERN SİTESİ 3+1 ORMAN MANZARALI 135 M2,none,0,0,0,0,0,none,0,,1294233744
,İzmit Merkezde Geniş 2+1 Daire ListingPortal Satılık,none,0,0,0,0,0,none,0,,1301501331
,Tuanna 3. Etap ta Panaromik şehir -deniz manzaralı 3+1,none,0,0,0,0,0,none,0,,1261143052
Ara Kat,KOCAELİ FEDERALDEN İZMİT KOZLUKTA SATILIK DENİZ MANZARALI DAİRE,none,0,0,0,0,0,none,0,,1300815730
Ara Kat,ListingPortal Cumhuriyet Parkında Otoparklı Asansörlü 3+1 Daire,none,0,0,0,0,0,none,0,,1277977324
,Kozluk Mah. 2+1 Arakat Deniz Manzaralı Satılık Daire,none,0,0,0,0,0,none,0,,1310420296
Ara Kat,PROJECT'TEN İZMİT TEPECİK MAH.DE SATILIK 2+1 ARAKAT DAİRE,none,0,0,0,0,0,none,0,,1296320733
En Üst Kat,Gültepe Mah.de 2+1 Deniz Manzaralı Satılık Daire,none,0,0,0,0,0,none,0,,1312228315
Ara Kat,İZMİT PORTAKAL HAFIZ KONAĞI KARŞISI 3+1 SATILIK ARAKAT DAİRE,none,0,0,0,0,0,none,0,,1313192466
,E-5'e YAKIN KOZLUKTA GİRİŞ KAT SATILIK DAİRE,none,0,0,0,0,0,none,0,,1289702864
En Üst Kat,GÜLTEPE MAHALLESİ 3+1 FULL YAPILI SATILIK DAİRE,none,0,0,0,0,0,none,0,,1316050884
Ara Kat,"İzmit Çukurbağ'da Satılık 2+1 Daire, 105m², Merkezi Konum",none,0,0,0,0,0,none,0,,1277476076
,satılık daire,none,0,0,0,0,0,none,0,,1318694830
En Üst Kat,İZMİT KOZLUK MAHALLESİNDE SATILIK 3+1 DAİRE,none,0,0,0,0,0,none,0,,1304366885
Ara Kat,İzmit Kozluk Mh. Masrafsız Yapılı 2+1 Satılık Arakat Daire,none,0,0,0,0,0,none,0,,1315791014
Ara Kat,ORDUEVİNDE SAHİBİNDEN SATILIK ARA KAT 2+1,none,0,0,0,0,0,none,0,,1312701684
Ara Kat,SY GAYRİMENKULDEN İZMİT KOZLUK MAH 3 + 1 ARAKAT SATILIK DAİRE,none,0,0,0,0,0,none,0,,1279582995
En Üst Kat,Orduevi E-5 Güzergahı'nda Satılık 3+1 155M² En Üst Kat Düz Daire,none,0,0,0,0,0,none,0,,1306147790
,İZMİT KOZLUK MAHALLESİ SATILIK 2+1 YÜKSEK GİRİŞ DAİRE,none,0,0,0,0,0,none,0,,1215305507
Ara Kat,İZMİT MERKEZDE EŞYALI SATILIK 3+1 ARA KAT DAİRE 10 YILDA AMORTİ,none,0,0,0,0,0,none,0,,1306807665
Ara Kat,Kocaeli İzmit Çarşı Merkez Asansörlü Bina Arakat Satılık Daire,none,0,0,0,0,0,none,0,,1308412575
Ara Kat,FIRSAT.. İZMİT KOZLU 4.YOLDA SATILIK ASANSÖRLÜ 3+1 ARAKAT DAİRE,none,0,0,0,0,0,none,0,,1303833458
,İZMİT MERKEZE YÜRÜME MESAFESİNDE SATILIK 2+1 DAİRE,none,0,0,0,0,0,none,0,,1304524662
,MERKEZİ KONUMDA FERAH 2+1 SATILIK DAİRE,none,0,0,0,0,0,none,0,,1318237925
Dubleks,İZMİT ÇARŞI MERKEZ'DE DENİZ MANZARALI SATILIK 3+1 DAİRE,standard,1,0,0,0,1,detail,0,,1275035939
Ara Kat,İZMİT TEPECİK MAHALLESİNDE SATILIK ARA KAT DAİRE,none,0,0,0,0,0,none,0,,1318167476
Ara Kat,"İZMİT'İN TAM MERKEZİNDE, İÇİ YAPILI FIRSAT 2+1 DAİRE!",none,0,0,0,0,0,none,0,,1318118152
En Üst Kat,İZMİT ÇARŞI MERKEZ'DE KISMI DENİZ MANZARALI YATIRIMLIK 2+1 DAİRE,none,0,0,0,0,0,none,0,,1275048189
Ara Kat,FIRSAT İZMİT ORDUEVİ MERKEZİ KONUM2+1ARAKAT 100M2 SATILIK DAİRE,none,0,0,0,0,0,none,0,,1311835233
,İzmit Merkez Satılık 2+1 Yola Cepheli Daire FIRSAT!!,none,0,0,0,0,0,none,0,,1317820426
,ERENOĞLU GM'DEN İZMİT MERKEZDE SATILIK DENİZ MANZARALI 2+1 DAİRE,none,0,0,0,0,0,none,0,,1308841972
,İZMİT MERKEZ 'DE 2+1 SATILIK FIRSAT FERAH DAİRE,none,0,0,0,0,0,none,0,,1294510362
En Üst Kat,TURYAP'TAN YÜRÜYÜŞ YOLU DİBİNDE TERASLI 1+1 FIRSAT,none,0,0,0,0,0,none,0,,1317693342
,ListingPortal İzmit Gültepede Merkezi Konumda Ferah 2+1 Satılık,none,0,0,0,0,0,none,0,,1317673919
Ara Kat,İzmit Merkez Arakat Satılık Daire,none,0,0,0,0,0,none,0,,1247982529
,FIRSAT İZMİT ORDUEVİNDE MERKEZİ KONUM 3+1 SATILIK DAİRE,none,0,0,0,0,0,none,0,,1316497736
Ara Kat,REMAX DREAM'DEN GÜLTEPE'DE DENİZ MANZARALI SATILIK DAİRE,none,0,0,0,0,0,none,0,,1311808867
Ara Kat,ŞANLI GAYRİMENKUL'DEN İZMİT MERKEZ ÇINARLIDA 3+1 ARA KAT DAİRE,none,0,0,0,0,0,none,0,,1291647949
,İzmit Merkez 2+1,none,0,0,0,0,0,none,0,,1311704035
Ara Kat,İZMİT ÇARŞI YENİ TURAN'DA SATILIK 3+1 ARA KAT DAİRE,none,0,0,0,0,0,none,0,,1314345156
Ara Kat,İZMİT MERKEZ DENİZ MANZARALI SATILIK 3+1 DAİRE,none,0,0,0,0,0,none,0,,1267381455
,ESKİDJİ İZMİT MERKEZDE 17.000 TL KİRA GETİRİLİ EŞYALI 1+1 DAİRE,none,0,0,0,0,0,none,0,,1300169377
Ara Kat,İZMİT KOZLUK MAH. BOŞ 2+1 DENİZ MANZARALI SATILIK DAİRE,none,0,0,0,0,0,none,0,,1271336019
Ara Kat,KREDİYE UYGUN ORDUEVİNDE SATILIK 2+1 ARAKAT DAİRE,none,0,0,0,0,0,none,0,,1311296963
Ara Kat,Yeni Turan anaokulu karşısı satılık daire,none,0,0,0,0,0,none,0,,1274931644
,İZMİT MERKEZDE SATILIK GENİŞ 3+1 DAİRE,none,0,0,0,0,0,none,0,,1317112320
Ara Kat,KOCAELİ FEDERALDEN İZMİT ORDUEVİNDE 2+1 SATILIK ARAKAT DAİRE,none,0,0,0,0,0,none,0,,1231324302
Ara Kat,İzmit Kozlukta Pazar Pazarı Yanı 2+1 Ara Kat Asansörlü,none,0,0,0,0,0,none,0,,1311415693
Ara Kat,İzmit Orduevinde deniz manzaralı satılık daire,none,0,0,0,0,0,none,0,,1308463630
,İZMİT GÜLTEPE MAHALLESİNDE 2+1 SATILIK DAİRE,none,0,0,0,0,0,none,0,,1316980226
Ara Kat,İzmit Kemalpaşada Ful Deniz Manzaralı 3+1 Satılık Daire,none,0,0,0,0,0,none,0,,1310880583
Ara Kat,İZMİT MERKEZ 2+1 FIRSAT KONUMDA SATILIK DAİRE,none,0,0,0,0,0,none,0,,1299948306
Ara Kat,Kozluk'ta Deniz Manzaralı Satılık 2+1 Daire,none,0,0,0,0,0,none,0,,1299148198
,İzmit Çarşı'da Satılık 3+1 Daire (Merkezi Konum),none,0,0,0,0,0,none,0,,1305181563
Ara Kat,REMAX MYRA İZMİT TEPECİK MAHALLESİNDE 2+1 FIRSAT DAİRE,none,0,0,0,0,0,none,0,,1316523316
Ara Kat,İZMİT MERKEZE YAKIN ASANSÖRLÜ ARAKAT 2+1 SATIK DAİRE,none,0,0,0,0,0,none,0,,1292281961
,Tarcanlardan Cumhuriyet Parkında Satılık 2+1 Daire,none,0,0,0,0,0,none,0,,1304960445
En Üst Kat,İKONX'TEN İZMİT ÇUKURBAĞ MAH. 3+1 SATILIK DAİRE,none,0,0,0,0,0,none,0,,1310074653
,izmit pazar sokagında satılık 3+1 deniz manzaralı daire,none,0,0,0,0,0,none,0,,1316306809
,REMAX DREAMDEN ÇARŞIDA 3+1 SATILIK DAİRE,none,0,0,0,0,0,none,0,,1316288697
,İZMİT MERKEZDE MANZARALI +YAPILI 2+1 VEREM SAVAŞ SOKAĞINDA,none,0,0,0,0,0,none,0,,1290347973
Dubleks,FULL DENİZ MANZARALI ASANSÖRLÜ BİNADA SATILIK 3+2 LOFT DAİRE,standard,1,0,0,0,1,detail,0,,1316478711
,Kozluk Çarşıda E-5 Cepheli Ofis veya Daire Kullanımlı 2+1,none,0,0,0,0,0,none,0,,1304967057
En Üst Kat,İZMİT MERKEZ SATILIK 3+1 DAİRE,none,0,0,0,0,0,none,0,,1310232740
,ÇINARLI CAMII ARKASINDA MÜSTAKİL GİEİŞ KATI 2+1 SATILIK DAİRE,none,0,0,0,0,0,none,0,,1280721346
Ara Kat,OTTO KOCAELİ'DEN ORDUEVİNDE YÜKSEK KİRA GETİRİLİ YATIRIM FIRSATI,none,0,0,0,0,0,none,0,,1309663265
,TUANA EMLAK TAN KOZLUK 1.YOLDA DENİZ MNZ 2+1,none,0,0,0,0,0,none,0,,1309782797
Ara Kat,KOZLUK 4. YOLDA YENİ BİNADA ASANSÖRLÜ 2+1 ARAKAT DAİRE,none,0,0,0,0,0,none,0,,1288087461
Ara Kat,Tarcanlardan İzmit Orduevinde Eşyali Satılık 2+1 Daire,none,0,0,0,0,0,none,0,,1310199040
Ara Kat,GOCCE GAYRİMENKUL KOZLUK MAH.ACİL SATILIK 2+1 ARAKAT DAİRE,none,0,0,0,0,0,none,0,,1298760552
Ara Kat,KOZLUK 4. YOLDA YENİ BİNADA ASANSÖRLÜ 1+1 ARAKAT DAİRE,none,0,0,0,0,0,none,0,,1288092325
En Üst Kat,KOZLUK MAHALLESİNDE BAKIMLI VE HAZIR DAİRE FIRSATI!,none,0,0,0,0,0,none,0,,1278689081
Ara Kat,FIRSAT!!! KOCAELİ KOZLUK MAHALLESİNDE SATILIK 3+1 DAİRE,none,0,0,0,0,0,none,0,,1292835963
Ara Kat,LOCATİONDAN KOZLUKDA DENİZ MANZARALI 3+1 ARAKAT SİTE İÇİ DAİRE,none,0,0,0,0,0,none,0,,1292997244
Ara Kat,Satılık daire,none,0,0,0,0,0,none,0,,1315837002
,İZMİT ÇARŞI MERKEZDE BULUNAN 140m2 3+1 SATILIK DAİRE,none,0,0,0,0,0,none,0,,1244387428
,İZMİT MERKEZ YENİTURAN MEVKİ CADDE ÜSTÜ SATILIK DAİRE,none,0,0,0,0,0,none,0,,1240993656
Ara Kat,SİZE ... Sadece Bu Güzel Evin Keyfini Sürmek Kalıyor ...,none,0,0,0,0,0,none,0,,1286093912
En Üst Kat,ELİZLER EMLAK'TAN TURGUT MH 3+1 DAİREMİZ SATILIKTIR,none,0,0,0,0,0,none,0,,1262922095
En Üst Kat,İZMİT KOZLUK'TA SATILIK 2+1 HAZIR KİRACILI DAİRE,none,0,0,0,0,0,none,0,,1308309014
Ara Kat,ilk listing_portal 3+1 klimalı daire,none,0,0,0,0,0,none,0,,1314499223
Ara Kat,İZMİT MERKEZ KOZLUK 2. YOL SATILIK ARA KAT LÜKS DAİRE,none,0,0,0,0,0,none,0,,1314478845
Ara Kat,İZMİT KEMALPAŞA MAHALLESİNDE SATILIK 2+1 ARAKAT DAİRE,none,0,0,0,0,0,none,0,,1278033899
Ara Kat,Bayramdan sonra fiyat değişicektir 3+1 Satılık ara kat,none,0,0,0,0,0,none,0,,1274607970
,Kozluk mah satılık içi yapılı deniz manzaralı 2+1 daire,none,0,0,0,0,0,none,0,,1308205560
Ara Kat,İzmit Merkezde Satılık daire,none,0,0,0,0,0,none,0,,1197234529
Ara Kat,İZMİT KOZLUKDA KİRACILI HAZIR GELİRLİ YATIRIMLIK DAİRE,none,0,0,0,0,0,none,0,,1307955907
,izmit pazar sokağında satılık 3+1ara kat daire,none,0,0,0,0,0,none,0,,1313745141
,izmit 50. yıl okulu karşısı 3+1 satılık ful deniz manzarlı daire,none,0,0,0,0,0,none,0,,1313651904
Ara Kat,Ev alicagim icin bu haftalik bu fiyata düstüm pazarliksiz,none,0,0,0,0,0,none,0,,1288294851
,Üste para verecek şekilde takas olabilir ListingPortal satılık 2+1,none,0,0,0,0,0,none,0,,1175193410
Dubleks,MEHMET ALİ PAŞA'DA 4+1 KAPALI TERASLI SATILIK FIRSAT DAİRE!,standard,1,0,0,0,1,detail,0,,1293008562
,FIRSAT YENİŞEHİRDE 2+1 BAHÇELİ SATILIK DAİRE DAİRE,none,0,0,0,0,0,none,0,,1315532342
Ara Kat,YAHYAKAPTAN EMLAK BANKASI KONUTLARINDA SATILIK ARA KAT DAİRE,none,0,0,0,0,0,none,0,,1319048973
Ara Kat,Yahyakaptan Armadakent 4 Satılık 3+1 Ara Kat Daire,none,0,0,0,0,0,none,0,,1313357817
Ara Kat,İZMİT YENİŞEHİR DE SATILIK 1+1 CADDE ÜSTÜ BÜYÜK m2 ARAKAT DAİRE,none,0,0,0,0,0,none,0,,1316483200
Ara Kat,Yahyakaptan Mahallesi Satılık 3+1 Daire,none,0,0,0,0,0,none,0,,1313527778
En Üst Kat|Ara Kat,Sanayi Mahallesi'nde 3+1 Satılık Daire - Vergı Dairesi yakını,none,0,0,0,0,0,none,0,,1310512111
,ACİL (FİYAT DÜŞTÜ) ! 4+1 / 185 M2 GENİŞ VE HARİKA MANZARA !,none,0,0,0,0,0,none,0,,1307531724
Ara Kat,İZMİT YENİŞEHİR'de SATILIK 1+1 EŞYALI FIRSAT DAİRE,none,0,0,0,0,0,none,0,,1316397671
En Üst Kat,İZMİT YAHYA KAPTAN KONUTLARINDA SATILIK DAİRE,none,0,0,0,0,0,none,0,,1291025961
Ara Kat,İzmit Zabıtan Mah.2+1 Arakat Daire,none,0,0,0,0,0,none,0,,1307615139
Ara Kat,CB-MARK'TAN İZMİT MEHMET ALİ PAŞA'DA 3+1 FIRSAT DAİRE,none,0,0,0,0,0,none,0,,1310353154
,İZMİT M.ALİ PAŞA MAH DE SATILIK 2+1 SINIRSIZ KREDİ İMKANI,none,0,0,0,0,0,none,0,,1299338688
Ara Kat,YAHYAKAPTAN SARAY EVLERİ ANEMON SİTESİ 140m2 SATILIK 3+1 DAİRE,none,0,0,0,0,0,none,0,,1246131977
Dubleks|Ara Kat|Ara Kat Dubleks|Bahçe Dubleksi|Ters Dubleks,FIRSAT KREDİYE UYGUN YENİŞEHİR CİHAN HASTANESİ YANI 170 M2 DAİRE,garden,1,0,1,0,0,detail,0,,1303504923
,bozdemir'DEN YAHYAKAPTANDA F BLOKLARDA SATILIK 3+1 DAİRE,none,0,0,0,0,0,none,0,,1301978699
,M. ALİPAŞA MAH 2+1 EŞYALI SATILIK DAİRE,none,0,0,0,0,0,none,0,,1293698241
Çatı Dubleksi,İZMİT YENİŞEHİRDE 4+1 SIFIR EBEBEYN BANYOLU SATILIK DAİRE,roof,1,1,0,0,0,detail,0,,1317760954
,YAHYAKAPTAN KONAK/ÇAĞIN HASTANE YAKINI İÇİ YAPILI SATILIK DAİRE,none,0,0,0,0,0,none,0,,1312270988
,YAHYAKAPTAN B BLOKLARDA SATILIK İÇİ YAPILI 3+1 DAİRE,none,0,0,0,0,0,none,0,,1313231789
Ara Kat,İZMİT ÜÇYOL ÇARŞI ASANSÖRLÜ KAT MÜLKİYETLİ YENİ BİNA 2+1 ARAKAT,none,0,0,0,0,0,none,0,,1318844970
,YALÇIN KARAÇETİN' den SARAY ANEMON SİTESİ 3+1 BOŞ DAİRE,none,0,0,0,0,0,none,0,,1237211331
Ara Kat,ÜZÜMCÜ GAYRİMENKULDEN İZMİT YENİŞEHİRDE SATILIK 2+1 ARAKAT DAİRE,none,0,0,0,0,0,none,0,,1307300270
,Yapıcılar Emlaktan Kadıköy Mahallesinde Satılık 4+1 Arakat,none,0,0,0,0,0,none,0,,1313167467
Ara Kat,NEBİOĞLU EMLAKTAN YAHYAKAPTAN MAH.C BLOKLARDA 3+1 ARAKAT DAİRE,none,0,0,0,0,0,none,0,,1312479627
Ara Kat,SAHİBİNDEN SATILIK,none,0,0,0,0,0,none,0,,1318764353
,İZMİT SERDAR MAHALLESİ'NDE SATILIK DAİRE (R-1673),none,0,0,0,0,0,none,0,,1271790484
Ara Kat,SEKA MEMUR EVLERİ SATILIK DAİRE,none,0,0,0,0,0,none,0,,1310543141
,Yahyakaptan Saray Evleri Anemon Sitesinde Geniş 3+1 Bahçe Daire,none,0,0,0,0,0,none,0,,1278769208
,İŞ DÜNYASININ YENİ ADRESİ TİCARİ POTANSİYELLİ 1+1,none,0,0,0,0,0,none,0,,1307174178
Çatı Dubleksi,ENA GAYRİMENKULDEN YENİŞEHİR KAYMAKAMLIK YANI YAPILI GÜNEY CEPHE,roof,1,1,0,0,0,detail,0,,1231167911
Ara Kat,HARİKA KONUMDA DENİZ MANZARALI ARAKAT C3,none,0,0,0,0,0,none,0,,1313150465
Ara Kat,İZMİT YENİŞEHİRDE TRAMVAY DURAĞINA YAKIN 2+1 95 M2 SATILIK DAİRE,none,0,0,0,0,0,none,0,,1306044299
Ara Kat,İZMİT YENİŞEHİR MAH. SATILIK 2+1 ARA KAT DAİRE YERDEN ISITMA,none,0,0,0,0,0,none,0,,1292924414
,KOCAELİ İZMİT MEHMET ALİPAŞA MH,none,0,0,0,0,0,none,0,,1315839532
,İzmit Merkez Kanlıbağ'da Ana Caddeye Yakın Satılık 1+1 Daire,none,0,0,0,0,0,none,0,,1281851959
Dubleks|En Üst Kat|Ara Kat|Çatı Dubleksi,İZMİTİN EN ÇOK TERCİH EDİLEN BÖLGESİ YENİŞEHİRDE 2+1 SATILIK,roof,1,1,0,0,0,detail,0,,1318350638
Ara Kat,REMAX DREAM İZMİT DENİZ MANZARALI 3+1 BOŞ SATILIK DAİRE,none,0,0,0,0,0,none,0,,1227223631
En Üst Kat,CB ENVOY'dan İzmit Kadıköy Mahallesi'nde Satılık 2+1 Daire,none,0,0,0,0,0,none,0,,1287598498
,İZMİT MEHMETALİPAŞA SATILIK 2+1 DAİRE,none,0,0,0,0,0,none,0,,1312597857
,İzmit Mehmet Ali Paşa- Kadıköy M.- Doğukışlada Satılık 2+1 Daire,none,0,0,0,0,0,none,0,,1312731103
,KOCAELİ İZMİT MEHMET ALİPAŞA MH 2+1 80m2 SATILIK DAİRE,none,0,0,0,0,0,none,0,,1315830432
Ara Kat,CB MAHALL'DEN VADİ İZMİT TE SATILIK 42 M2 TERASLI EŞYALI 3+1,none,0,0,0,0,0,none,0,,1272345978
Dubleks,CMG YAPI'DAN İZMİT'İN KALBİNDE DEV BAYRAM KAMPANYASI,standard,1,0,0,0,1,detail,0,,1310952633
Ara Kat,Körfez ve Kartepe Manzaralı 1+1 Satılık Daireler 24 Ay Faizsiz,none,0,0,0,0,0,none,0,,1318370954
Ara Kat,"Osmanlı Konakları'nda Site İçi 3+1 Daire, Mars AVM Karşısı",none,0,0,0,0,0,none,0,,1297250895
,VADI İZMIT EVLERI'NDE EN GÜZEL 2 + 1 ARA KAT,none,0,0,0,0,0,none,0,,1315687344
,SAHİBİNDEN İZMİT YENİŞEHİRDE MERKEZİ KONUMDA 1+1 DAİRE,none,0,0,0,0,0,none,0,,1318271118
Bahçe Dubleksi,CB-MARK'TAN İZMİT SERDAR MAH. SATILIK 3+1 DAİRE,garden,1,0,1,0,0,detail,0,,1318205186
,M.Ali Paşa'da Cadde Üstü Ara Kat 1+0 Ofis,none,0,0,0,0,0,none,0,,1248895401
,YAHYAKAPTAN TRAMVAY DURAĞI YANI İÇİ FULL YAPILI SATILIK DAİRE,none,0,0,0,0,0,none,0,,1312294817
,RE/MAX DELUXE TEN CADDE ÜSTÜ 3+1 DENİZ MANZARALI DAIRE.,none,0,0,0,0,0,none,0,,1240026043
Ara Kat,İZMİT SERDAR MAH.'DE ANA YOLA YAKIN PIRILPIRIL SATILIK 2+1 DAİRE,none,0,0,0,0,0,none,0,,1318018425
,SAHİBİNDEN YAHYA KAPTANDA 2+1 SATILIK (KİRACILI/KİRACISIZ),none,0,0,0,0,0,none,0,,1306286542
Ara Kat,IZMIT KADIKÖY MAHALLESI BAĞDAT CADDESINDE 2+1 SATILIK DAIRE,none,0,0,0,0,0,none,0,,1305649054
En Üst Kat,ZABITAN MAH NAMIK KEMAL CAD ÜZERİNDE 6 KATLININ 6. KATI DENİZ,none,0,0,0,0,0,none,0,,1312175400
Ara Kat,İzmit Cihan Hastanesinin Yakınında Satılık 2+1 Daire: 85m²,none,0,0,0,0,0,none,0,,1298082423
Ara Kat,Kocaeli izmit turan güneş cadde üzeri satılık ara kat daire,none,0,0,0,0,0,none,0,,1317910912
Ara Kat,DENiZ & DOGA BiR ARADA MANZARA BURADA 3+1 B 6 ASANSÖLÜ!!!,none,0,0,0,0,0,none,0,,1318448601
En Üst Kat,KOCAELİ İZMİT YENİ ŞEHİR MAHALLESİ EN ÜST KAT SATILIK DAİRE.,none,0,0,0,0,0,none,0,,1309003174
Ara Kat,ATATÜRK BULV.DOĞUKIŞLA DÜNYA GÖZ HAST MESAFESİNDE 3+1 FIRSAT,none,0,0,0,0,0,none,0,,1289903487
Ara Kat,KADIKÖY BULVAR MEVKİİNDE SATILIK 2+1 ARAKAT DAİRE,none,0,0,0,0,0,none,0,,1307562646
Ara Kat,İZMİT MERKEZDE 3 + 1 SATILIK DAIRE,none,0,0,0,0,0,none,0,,1303483945
,İzmit Yenidoğan 2+1 Satılık Daire | Re/Max Maximum,none,0,0,0,0,0,none,0,,1317717915
,ListingPortal satılık,none,0,0,0,0,0,none,0,,1228095624
,TANYILDIZDAN ARMADAKENT 5.ETAPTA SATILIK 4+1 DAİRE,none,0,0,0,0,0,none,0,,1311939070
,Tarcanlardan Merkezi Konumda Satılık 3+1 Daire,none,0,0,0,0,0,none,0,,1299316953
Çatı Dubleksi,İZMİT TURAN GÜNEŞ CADDESİ ÜZERİ 4+1 UYGUN FİYATLI SATILIK DAİRE,roof,1,1,0,0,0,detail,0,,1308313013
Ara Kat,ARAÇ TAKASLI SATILIK FUL EŞYALI 1+1 DAİRE 22 BİN KİRA GELİRLİ,none,0,0,0,0,0,none,0,,1283543569
,Acil satılık 3+1 daire,none,0,0,0,0,0,none,0,,1317602129
,4+1 İKİ GİRİŞE SAHİP 230 M2 BAHÇELİ MÜTHİŞ LOKASYONLU DAİREMİZ,none,0,0,0,0,0,none,0,,1282900262
,CB - MARK'TAN İZMİT KADIKÖY'DE 2+1 İÇİ FULL YENİ YAPILI DAİRE,none,0,0,0,0,0,none,0,,1317300818
Ara Kat,REMAX EXCELLENCE/YAHYA KAPTAN KONUTLARINDA SATILIK 3+1 DAİRE,none,0,0,0,0,0,none,0,,1317339455
,İZMİT'DE KAPANMAZ FUL DENİZ MANZARALI 4+1 DAİRE,none,0,0,0,0,0,none,0,,1302686091
Ara Kat,İZMİT YENİŞEHİR'DE MERKEZİ KONUMDA Krediye Uygun 2+1 SATILIK,none,0,0,0,0,0,none,0,,1310735132
,DENİZ MANZARALI YATIRIMLIK FIRSAT DAİRE,none,0,0,0,0,0,none,0,,1317528103
Ara Kat,İzmit ODTÜ Koleji Yakını Deniz Manzaralı Kiralık 3+1 Daire,none,0,0,0,0,0,none,0,,1314285035
Ara Kat,EKOL'den SERDAR Mah.E-5 KARAYOLU-SEKA DEV.HAST. Mevki 2+1 ARAKAT,none,0,0,0,0,0,none,0,,1293612286
,İZMİT MERKEZ YENİDOĞAN MEHMETÇİK OKULU ARKASI SATILIK 2+1 DAİRE,none,0,0,0,0,0,none,0,,1202913031
Ara Kat,TANYILDIZ-İZMİT/SEKA-E5 DENİZ MANZARALI SATILIK 2+1 BOŞ DAİRE,none,0,0,0,0,0,none,0,,1317100699
En Üst Kat,TURAN GÜNEŞ CADDESİNDE MERKEZİ KONUM FIRSAT DAİRE,none,0,0,0,0,0,none,0,,1308476775
Dubleks|Çatı Dubleksi,YAHYA KAPTAN FLORA PARK SİTESİNDE 4+1 SATILIK DAİRE,roof,1,1,0,0,0,detail,0,,1263300339
Ara Kat,CB MAHALL'DEN VADİ İZMİT TE SATILIK BÜYÜK TERASLI MANZARALI 2+1,none,0,0,0,0,0,none,0,,1249129296
,YENIŞEHIR MAHALLESİ KAYMAKAMLIK ARKASI GENİŞ DÜZ DAIRE,none,0,0,0,0,0,none,0,,1303010920
Ara Kat,90 M2 ENGELLİYE UYUMLU 2+1 MENEKŞE KONAKLARI (Yenişehir),none,0,0,0,0,0,none,0,,1299031412
Çatı Dubleksi,KISA SÜRELİ SATIŞTA ÖZEL MİMARİ DİZAYN EDİLMİŞ 3+1 200 M2 DAİRE,roof,1,1,0,0,0,detail,0,,1305575679
Ara Kat,ListingPortal İzmit Merkez Konumda 3+1,none,0,0,0,0,0,none,0,,1116901984
Ara Kat,"İZMİT M.ALİ PAŞA MH SATILIK 3,5+1 KONUM HARİKASI LÜKS DAİRE",none,0,0,0,0,0,none,0,,1317032726
Ara Kat,CMG YAPIDAN BAYRAMA ÖZEL YATIRIM FIRSATI!,none,0,0,0,0,0,none,0,,1305807324
Ara Kat,İzmit Kadıköy'de Merkezi Konumda 2+1 Daire,none,0,0,0,0,0,none,0,,1304987583
,bozdemir'DEN KADIKÖY MAHALLESİNDE CADDE ÜZERİNDE SATILIK 3+1,none,0,0,0,0,0,none,0,,1270491294
,Giriş katı ilan fiyatı YATIRIMLIK İZMİT MERKEZDE 1+1 KİRACILI,none,0,0,0,0,0,none,0,,1243320162
Ara Kat,SERDAR MAH. 1+1 ARA KAT SATILIK DAİRE,none,0,0,0,0,0,none,0,,1305039947
,İZMİT MERKEZ 3+1 SATILIK YENİLENMİŞ DAİRE,none,0,0,0,0,0,none,0,,1316934104
,Yahyakaptan Armada Kent 3'te Satılık 3+1 Ebeveyn Banyolu Daire,none,0,0,0,0,0,none,0,,1310865912
,REMAX DREAM'DEN İZMİT MERKEZ KADIKÖY MAH.2+1 SATILI,none,0,0,0,0,0,none,0,,1317073260
,Vadi İzmit'te Büyük Tip 2+1 Daire,none,0,0,0,0,0,none,0,,1313956916
En Üst Kat,"arastapark'a yürüme mesafesinde, mükemmel konumda 3+1 daire",none,0,0,0,0,0,none,0,,1305485237
,ZABITAN HACI ARİF CADDESİ'NDE SATILIK 2+1 DÜZ GİRİŞ DAİRE,none,0,0,0,0,0,none,0,,1293049184
Ara Kat,Yahyakaptan Saray Evleri Anemon Sitesinde 3+1 Kullanışlı Daire,none,0,0,0,0,0,none,0,,1314272402
Ara Kat,YAPICILAR EMLAKTAN KADIKÖY MAHALLESİNDE SATILIK 3+1 DAİRE,none,0,0,0,0,0,none,0,,1311101301
Ara Kat,İZMİT ASRIN SARAYLARI 2 SİTESİ DENİZ MANZARALI 3+1 ARAKAT,none,0,0,0,0,0,none,0,,1275062134
,YAHYA KAPTAN MERKEZİ KONUMDA 2+1 SATILIK AVANTAJ DAİRE,none,0,0,0,0,0,none,0,,1305345784
En Üst Kat,YAHYA KAPTAN ARASTA PARK AVM KARŞISI SATILIK 3+1 MASRAFSIZ DAİRE,none,0,0,0,0,0,none,0,,1299226853
Ara Kat,İzmit Serdar Mahallesi 3+1 Satılık Daire Deniz Manzaralı,none,0,0,0,0,0,none,0,,1316649433
Ara Kat,İZMİT SERDAR MAH.'DE 3+1 DAİRE,none,0,0,0,0,0,none,0,,1309901598
Dubleks|Çatı Dubleksi,Yenişehir Mah. Yüksek Kredi/Evim Finansa Uygun 3+1 Dubleks Daire,roof,1,1,0,0,0,detail_and_title,0,title_generic_confirms_detail_subtype,1316602352
,bozdemir'DEN YAHYAKAPTANDA A BLOKLARDA 2.5+1 SATILIK DAİRE,none,0,0,0,0,0,none,0,,1310600609
Ara Kat,ListingPortal Satılık 3+1 Ara Kat Daire,none,0,0,0,0,0,none,0,,1316333633
Ara Kat,ACİL!!KAPTAN B3 BLOKTA SATILIK 3+1 BOŞ HAZIR ARAKAT DAİRE,none,0,0,0,0,0,none,0,,1305052089
En Üst Kat,İZMİT ORDUEVİNDE HARİKA KONUMDA DENİZ MANZARALI FIRSAT 2+1DAİRE,none,0,0,0,0,0,none,0,,1299430087
,RE/MAX DELUXE'DEN İZMİT YENİDOĞANDA MERKEZİ KONUMDA SATILIK 2+1,none,0,0,0,0,0,none,0,,1302533985
,FIRSAT KREDİYE UYGUN YENİŞEHİR KONAK HASTANESİ YANI 2+1 DAİRE,none,0,0,0,0,0,none,0,,1314205678
Ara Kat,MEHMET ALİ PAŞA'DA PTT KARŞISI 4+1 DAİREMİZ SATILIKTIR,none,0,0,0,0,0,none,0,,1310442874
,İZMİT SANAYİ MAHALLESİ 41 AVM YE KOMŞU SATILIK DAİRE,none,0,0,0,0,0,none,0,,1304555289
Ara Kat,TÜM FİNANSMAN KREDİLERİNE UYGUN (22.500 TL KİRACILI),none,0,0,0,0,0,none,0,,1316204377
,REMAX İZMİT YENİŞEHİR 2+1 SATILIK TEMİZ YENİ DAİRE,none,0,0,0,0,0,none,0,,1316410939
,REMAX DREAMDEN YENİŞEHİR DE SATILIK GENİŞ 1+1 FIRSAT DAİRE,none,0,0,0,0,0,none,0,,1299276501
Çatı Dubleksi,ŞEHİR MERKEZİNDE HEM OFİS HEM KONUT,roof,1,1,0,0,0,detail,0,,1309501293
Ara Kat,ASAYRA EMLAKTAN SERDAR MAH 3+1 SATILIK ARAKAT,none,0,0,0,0,0,none,0,,1304853972
Ara Kat,İZMİT YENİŞEHİR'İN EN İYİ LOKASYONUNDA SATILIK 3+1 ARA KAT DAİRE,none,0,0,0,0,0,none,0,,1316144703
,bozdemir'DEN 8.BÖLGEDE C BLOKLARDA SATILIK 3+1 DAİRE,none,0,0,0,0,0,none,0,,1316540084
,"İZMİT , YENİŞEHİR. MH.DE İÇİ YAPILI,BAKIMLI ,SATILIK 2+1 DAİRE",none,0,0,0,0,0,none,0,,1304784380
,KOCAELİ İZMİT YENİŞEHİR MAH.MERKEZİ KONUMDA 3+1 SATILIK DAİRE,none,0,0,0,0,0,none,0,,1304760050
,İZMİT YENİSEHİR'DE SATILIK 2+1 GENİŞ YUKSEK GİRİŞ KAT DAİREMİZ,none,0,0,0,0,0,none,0,,1316245525
,E&G EMLAK'TAN İZMİT MERKEZDE 2+1 FIRSAT !,none,0,0,0,0,0,none,0,,1309890962
,korhandan m.alipaşada tramvaya yakın 2+1 giriş kat,none,0,0,0,0,0,none,0,,1304629922
Ara Kat,Kocaeli İzmit Yenişehir'de Satılık 60m² Stüdyo Daire/Ofis,none,0,0,0,0,0,none,0,,1298871359
Ara Kat,EBEVEYN BANY. 3+ 1 / 145 M2 EFTEL MAİ'DE (KREDİYE AÇIK!),none,0,0,0,0,0,none,0,,1316088264
Ara Kat,İzmit Serdar Mahallesi 2+1 Satılık Daire,none,0,0,0,0,0,none,0,,1309597141
,BY MACİT EMLAK TAN YENİŞEHİR KAYMAKAMLIK ARKASI1+1 EŞYALI,none,0,0,0,0,0,none,0,,1236068692
,YAPICILAR EMLAKTAN ZABITANDA SATILIK 2+1 DAİRE,none,0,0,0,0,0,none,0,,1304339005
En Üst Kat,YENİŞEHİR MAH CİHAN HASTANESİ MEVKİ 125 M2 3+1 SATILIK DAİRE,none,0,0,0,0,0,none,0,,1302851877
,İZMİT SERDAR MAH SEKA DEVLET KARŞISI E-5 KENARI 3+1 YÜKSEK GİRİŞ,none,0,0,0,0,0,none,0,,1309809178
,YAHYA KAPTAN ARMADA 4 SİTESİ 3+1 SATILIK DAİRE,none,0,0,0,0,0,none,0,,1287349839
Ara Kat,Yahyakaptan'da Satılık 3+1 Daire,none,0,0,0,0,0,none,0,,1309958683
Ara Kat,Kocaeli İzmit Serdar Mah. ListingPortal Deniz Manzaralı Satılık 2+1,none,0,0,0,0,0,none,0,,1315592098
,Yenişehir Mahallesinde Satılık 1+0 Balkonlu Stüdyo Eşyalı Daire,none,0,0,0,0,0,none,0,,1304370060
Ara Kat,ASRIN SARAYLARINDA DENİZ MANZARALI ARA KAT DAİRE.,none,0,0,0,0,0,none,0,,1315686343
Ara Kat,VADİ İZMİT HAVUZ CEPHE 2+1 BÜYÜK TİP SATILIK DAİRE,none,0,0,0,0,0,none,0,,1307201521
Ara Kat,REMAX İZMİT MERKEZ ARA KAT 3+1 ASANSÖRLÜ SATILIK DAİRE,none,0,0,0,0,0,none,0,,1315458155
Ara Kat,GÜLAÇTI DENİZ KONAKLARINDA SATILIK DENİZ MANZARALI 2+1 DAİRE,none,0,0,0,0,0,none,0,,1304071803
Ara Kat,YAHYA KAPTAN C BLOKLARDA SATILIK 3+1 DAİRE,none,0,0,0,0,0,none,0,,1298162907
,SERDAR MH.GÜLAÇTI SİTESİNDE YÜKSEK GİRİŞ KAT SATILIK 1+1 DAİRE,none,0,0,0,0,0,none,0,,1309501388
,"YAHYAKAPTAN EN GÖZDE BÖLGESİNDE 4, bölgede FULL YAPILI SATILIK",none,0,0,0,0,0,none,0,,1229932571
,YENİŞEHİR MAH. OSMANLI KONAKLARINDA SATILIK 2+1 DAİRE,none,0,0,0,0,0,none,0,,1309382858
Ara Kat,YAHYAKAPTAN C BLOKLARINDA ARAKAT 3+1 SATILIK DAİRE,none,0,0,0,0,0,none,0,,1308737737
,İzmit Yenidoğan Mehmetçik İ.Ö.O Yanı Satılık 3+1 Daire,none,0,0,0,0,0,none,0,,1287181227
En Üst Kat,ALSAM EMLAK'TAN TRAMVAY'A YAKIN SİTE İÇİ SATILIK 3+1 DAİRE,none,0,0,0,0,0,none,0,,1297520059
,İzmit Mehmet Ali Paşa'da Satılık 2+1 Yüksek Giriş Daire,none,0,0,0,0,0,none,0,,1315047136
,Halk Bankası'ndan Kocaeli İzmit Satılık İşyeri,none,0,0,0,0,0,none,0,,1309736031
Ara Kat,korhandan turangüneşte arakat 3+1 kadıköy mh.,none,0,0,0,0,0,none,0,,1314972866
Ara Kat,KOCAELİ İZMİT YENİŞEHİR'DE SATILIK SIFIR ARA KAT DAİRE,none,0,0,0,0,0,none,0,,1314945069
En Üst Kat,"KUPON DAİRE! SEKA HASTANESİ KARŞINDA, MASRAFSIZ, FULL MANZARALI",none,0,0,0,0,0,none,0,,1303609859
Ara Kat,Tarcanlardan İzmit Yeşilova Merkezde 2+1 Giriş Kat Satılık Daire,none,0,0,0,0,0,none,0,,1303765828
,İSU KARŞISINDA OKULLAR BÖLGESİNDE SATILIK 2+1 DAİRE,none,0,0,0,0,0,none,0,,1292339964
En Üst Kat,Mükemmel Lokasyonda Oturmaya Hazır Satılık Daire,none,0,0,0,0,0,none,0,,1270975984
Ara Kat,SAHİBİNDEN ARAKAT BÜYÜK TİP 3+1 185m2,none,0,0,0,0,0,none,0,,1308766121
Ara Kat,YAHYA KAPTAN MENEKŞE YAŞAM KENT SİTESİ 3+1 SATILIK DAİRE,none,0,0,0,0,0,none,0,,1297773655
Ara Kat,İZMİT YENİDOĞAN'DA 2+1 SATILIK DAİRE,none,0,0,0,0,0,none,0,,1303139809
Dubleks,M.A.PAŞA'NIN MERKEZİNDE4+1 SAHİBİNDEN,standard,1,0,0,0,1,detail,0,,1314337906
,satılık daire,none,0,0,0,0,0,none,0,,1302920829
En Üst Kat,M. ALİ PAŞA CAMİİ KARŞISI GENİŞ FERAH SATILIK 3+1 DAİRE,none,0,0,0,0,0,none,0,,1308508669
En Üst Kat,İZMİT MEHMET ALİ PAŞA MAHALLESİNDE 3+1 KAT MÜLKİYETLİ DAİRE,none,0,0,0,0,0,none,0,,1308412675
,CADDE ÜZERİNDE EŞYALI VE KİRACILI 1+1 SATILIK DAİRE,none,0,0,0,0,0,none,0,,1297311200
,bozdemir'DEN YAHYAKAPTANDA B BLOKLARDA SATILIK 3+1 DAİRE,none,0,0,0,0,0,none,0,,1297961987
,DİKKAT EMLAK'tan Yenişehir mh. Site İçinde Satılık 2+1 Daire,none,0,0,0,0,0,none,0,,1314209295
Ara Kat,Yenişehir mahallesi satılık ara kat daire,none,0,0,0,0,0,none,0,,1267450812
,KW ARVEN'den YENİŞEHİR MAHALLESİ 3+1 YÜKSEK GİRİŞ DAİRE,none,0,0,0,0,0,none,0,,1308234660
,EKOL'den Yahya Kaptan / FLORA PARK EVLERİ ( FIRSAT 3+1 ) ... !!!,none,0,0,0,0,0,none,0,,1295280733
,satılık ev,none,0,0,0,0,0,none,0,,1314039156
,YAHYA KAPTAN A BLOKTA SATILIK 3+1 GİRİŞ KAT DAİRE,none,0,0,0,0,0,none,0,,1314158456
,"ANAYOLA YAKIN,GENİŞ 2+1 DAİRE",none,0,0,0,0,0,none,0,,1307903437
En Üst Kat,MERKEZİ KONUMDA MASRAFSIZ SATILIK DAİRE,none,0,0,0,0,0,none,0,,1313873419
,Yenişehirde 3+1 fırsat daire,none,0,0,0,0,0,none,0,,1313867683
,PAZARLIKSIZ İZMİT ÇARŞI MERKEZDE KİRACILI 1+1 ara kat,none,0,0,0,0,0,none,0,,1290235850
Ara Kat,EMLAK PROPERTY'den FIRSAT İZMİT KADIKÖY SATILIK 2+1,none,0,0,0,0,0,none,0,,1301333067
,DİKKAT EMLAK'tan Armadapark 4.Etap Evleri'nde Satılık 3+1 Daire,none,0,0,0,0,0,none,0,,1291507192
Ara Kat,korhandan cihan hastanesi yanı 2 adet 3+1 daire daire,none,0,0,0,0,0,none,0,,1292547249
,YAHYAKAPTAN C BLOK'TA SATILIK 3+1 DAİRE,none,0,0,0,0,0,none,0,,1313774260
Ara Kat,ASAYRA EMLAKTAN ZABITAN MAH. 2+1 SATILIK ARAKAT,none,0,0,0,0,0,none,0,,1307836440
Ara Kat,"VADİ İZMİTTE DENİZ MANZARALI, KAPALI TERASLI, SATILIK 2+1 DAİRE",none,0,0,0,0,0,none,0,,1296505230
Ara Kat,GÜLAÇTI DENİZ KONAKLARINDA SATILIK DENİZ MANZARALI 3+1 DAİRE,none,0,0,0,0,0,none,0,,1307291133
Ara Kat,EN UYGUN FİYAT! VADİ MANZARALI SATILIK 1+1 ARAKAT DAİRE EŞYALI,none,0,0,0,0,0,none,0,,1262299077
Ara Kat,DENİZ MANZARALI ARAKAT ASANSÖRLÜ 3+1 SÜPER DAİRE A5,none,0,0,0,0,0,none,0,,1313834637
,ListingPortal havuz ve vadi manzaralı yüksek kira getirili Fırsat,none,0,0,0,0,0,none,0,,1311751788
,Mükemmel Lokasyonda Eşyalı satılık,none,0,0,0,0,0,none,0,,1298054702
Ara Kat,Valilik Karşısında tramvay yolu üstü ara kat daire,none,0,0,0,0,0,none,0,,1295022018
Ara Kat,SAHİBİNDEN YAHYA KAPTAN ARMADAKENT 1. ETAPTA SATILIK 3+1 DAİRE,none,0,0,0,0,0,none,0,,1286102939
Ara Kat,Remax Kanyon'dan Merkezi Konum Satılık Ara Kat 2+1 Daire,none,0,0,0,0,0,none,0,,1323425460
En Üst Kat,KÖPRÜBAŞI EMLAK TAN MERKEZDE SATILIK DAİRE,none,0,0,0,0,0,none,0,,1318012176
,Karamürsel sahil listing_portal daire,none,0,0,0,0,0,none,0,,1298064525
,2+1 Deniz manzaralı,none,0,0,0,0,0,none,0,,1303939203
,REMAX KANYONDAN KAYACIKTA 2+1 ARAKAT DAİRE,none,0,0,0,0,0,none,0,,1323343090
,ADRES EMLAKTAN DENİZ MANZARALI SIFIR DAİRE,none,0,0,0,0,0,none,0,,1320191670
,ADRES EMLAKTAN SARIKUMDA ARAKAT MASRAFSIZ DAİRE,none,0,0,0,0,0,none,0,,1315003988
,Sahile Yakın Satılık 2+1 Daire,none,0,0,0,0,0,none,0,,1320133315
,ROTA'DAN ÇARŞI VE SAHİLE YÜRÜME MESAFESİNDE SATILIK 2+1 DAİRE!,none,0,0,0,0,0,none,0,,1259265118
Ara Kat,KARDEŞTEN KARAMÜRSEL MERKEZDE MASRAFSIZ VE İSKANLI 3+1 SATILIK,none,0,0,0,0,0,none,0,,1319870901
Ara Kat,KARAMÜRSEL KAYACIK'DA SAHİLE YAKIN 3+1 95M2 SATILIK DAİRE,none,0,0,0,0,0,none,0,,1319662879
,"Karamürsel'de Sıfır 2+1 Daire Ana Yol Üzeri, Yatırım Fırsatı",none,0,0,0,0,0,none,0,,1296761350
En Üst Kat,KÖPRÜBAŞI EMLAK TAN KAYACIK SAHİL BANDINDA SATILIK DAİRE,none,0,0,0,0,0,none,0,,1301998217
Bahçe Dubleksi,Karamürsel Konakları,garden,1,0,1,0,0,detail,0,,1277741330
Ara Kat,SAHİBİNDEN KARAMÜRSEL MERKEZKENT KİRACISIZ ARAKAT 3+1 DAİRE,none,0,0,0,0,0,none,0,,1286855460
Ara Kat,KARDEŞ GAYRİMENKUL 'DEN HAVUZLU SİTEDE FIRSAT 3+1 ARAKAT DAİRE,none,0,0,0,0,0,none,0,,1316243533
,ROTA'DAN 4 TEMMUZ'DA MÜKEMMEL KONUMDA DENİZE SIFIR DAİRE!,none,0,0,0,0,0,none,0,,1276569559
,OPSİYON EMLAKTAN ŞEHİR MERKEZİNDE 10 YILLIK BİNADA SATILIK DAİRE,none,0,0,0,0,0,none,0,,1314646049
Ara Kat,Remax Kanyon'dan Deniz Manzaralı Eşyalı Ara Kat 3+1 Daire.,none,0,0,0,0,0,none,0,,1326076049
,FURKAN DEMİR'DEN KARAMÜRSEL 4 TEMMUZ 3+1 TERASLI SATILIK DAİRE,none,0,0,0,0,0,none,0,,1313022511
Ara Kat,KOCAELİ KARAMÜRSEL 4 TEMMUZ CUMHURİYET CADDESİ SATILIK 2+1 DAİRE,none,0,0,0,0,0,none,0,,1305384375
,Kocaeli Karamürsel Ara Kat 2+1 Satılık Daire,none,0,0,0,0,0,none,0,,1314756505
,Kocaeli Karamürsel'de Deniz Manzaralı 2+1 90 m2 Satılık Daire,none,0,0,0,0,0,none,0,,1319677682
Ara Kat,Merkezi Konumda Masrafsız 2+1 Daire Boş Daire,none,0,0,0,0,0,none,0,,1297583802
Ara Kat,ListingPortal Satılık Deniz Manzaralı Ev,none,0,0,0,0,0,none,0,,1325749101
En Üst Kat,ListingPortal Satılık Daire,none,0,0,0,0,0,none,0,,1325749246
En Üst Kat,KÖPRÜBAŞI EMLAK TAN SATILIK 3+1 DENİZ MANZARALI DAİRE,none,0,0,0,0,0,none,0,,1319622302
,ADRES EMLAKTAN İZNİK YOLUNDA 3+1 ARA KAT,none,0,0,0,0,0,none,0,,1325909840
Ara Kat,DERİN'DEN KARAMÜRSEL'DE 120m² 3+1 ASANSÖRLÜ SATILIK DAİRE!!,none,0,0,0,0,0,none,0,,1292772695
Ara Kat,Remax Kanyon'dan İznik Yolu Satılık 3+1 Eşyalı Ara Kat Daire.,none,0,0,0,0,0,none,0,,1308998101
Ara Kat,"NEMA'dan Kısmi Deniz Manzaralı, 2+1 Satılık Daire",none,0,0,0,0,0,none,0,,1318415782
,FURKAN DEMİR'DEN KARAMÜRSEL 4 TEMMUZ'DA FIRSAT 3+1 SATILIK DAİRE,none,0,0,0,0,0,none,0,,1319745259
En Üst Kat,DERİN GAYRİMENKUL'DEN AMERİKAN MAHALLESİNDE KONFORLU 3+1 DAİRE,none,0,0,0,0,0,none,0,,1251699698
Ara Kat,PARK CADDESİNDE SATILIK DAİRE,none,0,0,0,0,0,none,0,,1216020354
En Üst Kat|Ara Kat,MUHTEŞEM DENİZ VE KÖPRÜ MANZARALI FIRSAT DAİRE KARAMÜRSEL EREĞLİ,none,0,0,0,0,0,none,0,,1322508527
Ara Kat,"Karamürsel Merkezde, Amiral Caddesi'nde Fırsat 3+1 Daire",none,0,0,0,0,0,none,0,,1325510247
Ara Kat,ÖN CEPHE DENİZ MANZARALI 2+1 SATILIK DAİRE | KARDEŞ GAYRİMENKUL,none,0,0,0,0,0,none,0,,1306846974
,KARAMÜRSEL MERKEZDE 124 M² 3+1 SATILIK DAİRE KREDİYE UYGUN,none,0,0,0,0,0,none,0,,1271878307
En Üst Kat,KARAMÜRSEL'DE DENİZ VE DOĞA MANZARALI 3+1 160M2 SATILIK DAİRE,none,0,0,0,0,0,none,0,,1280815463
Ara Kat,KOCAELİ KARAMÜRSEL İSKANI ALINMIŞ DENİZE NAZIR SATILIK 2+1 DAİRE,none,0,0,0,0,0,none,0,,1281445054
,MERKEZİ KONUMDA 4 TEMMUZ MAHALLESİNDE DENİZ MANZARALI 3+1 DAİRE,none,0,0,0,0,0,none,0,,1325351622
,ACİL SATILIK 2+1,none,0,0,0,0,0,none,0,,1314015596
Ara Kat,UZMANLAR'DAN 4 TEMMUZ MAH. SATILIK 3+1 MASRAFSIZ EŞYALI DAİRE,none,0,0,0,0,0,none,0,,1325322267
,ListingPortal Karamürsel Merkezde,none,0,0,0,0,0,none,0,,1325286114
Bahçe Dubleksi,DENİZ GAYRİMENKUL'DEN SATILIK 3+1 DAİRE,garden,1,0,1,0,0,detail,0,,1325508777
Ara Kat,Ceyhun Emlaktan Satılık Merkezi Konumda 3+1 Daire,none,0,0,0,0,0,none,0,,1325508078
Ara Kat,Karamürsel E-5 Cephe 2+1 Satılık Daire,none,0,0,0,0,0,none,0,,1296478429
Ara Kat,REMAX KANYON'DAN SATILIK 3+1 MASRAFSIZ GENİŞ DAİRE,none,0,0,0,0,0,none,0,,1303395478
Ara Kat,ListingPortal Site içi ara kat 2+1 daire,none,0,0,0,0,0,none,0,,1325222814
Ara Kat,ASAL GAYRİMENKULDEN ÇİFTLİK CADDESİNDE 2+1 SATILIK DAİRE,none,0,0,0,0,0,none,0,,1325209986
Ara Kat,Havuzlu Site içinde 3+1 Deniz ve Köprü Manzaralı Geniş Daire,none,0,0,0,0,0,none,0,,1325138012
Ara Kat,"Karamürsel'de Satılık 3+1 Daire, Ara Kat",none,0,0,0,0,0,none,0,,1313779311
Ters Dubleks,BU EVİ GÖRMEDEN KARAR VERMEYİN!!!,standard,1,0,0,0,1,detail,0,,1325063191
,DERİN'DEN ÇOK ACİL 4 TEMMUZ MAH. ÇARŞI IÇINDE SATILIK DAIRE,none,0,0,0,0,0,none,0,,1308004802
Ara Kat,KÖPRÜBAŞI EMLAK'TAN SATILIK 3+1 DOĞA DENİZ MANZARALI DAİRE,none,0,0,0,0,0,none,0,,1322001416
Ara Kat,ListingPortal Satılık 3+1 Sıfır Daire,none,0,0,0,0,0,none,0,,1301632988
,ADRES EMLAKTAN AMERİKAN MAHALLESİNDE 2+1 DAİRE,none,0,0,0,0,0,none,0,,1317965097
,ADRES EMLAKTAN SAHİLE YAKIN ARA KAT DAİRE,none,0,0,0,0,0,none,0,,1308271436
Ara Kat,Ceyhun Emlak''tan Prestijli Konumda Satılık 3+1 Daire,none,0,0,0,0,0,none,0,,1308105212
Ara Kat,Satılık Daire,none,0,0,0,0,0,none,0,,1324864154
Ara Kat,KARDEŞ 'TEN SALI PAZARINDA YENİLENMİŞ 3+1 SATILIK KONUT,none,0,0,0,0,0,none,0,,1322219798
Ara Kat,"SALI PAZARI, HESAPLI MARKET ÜSTÜ DAİRE",none,0,0,0,0,0,none,0,,1225887279
En Üst Kat,REMAX KANYON DAN KAYACIK DA DENİZ MANZARALI SATILIK DAİRE,none,0,0,0,0,0,none,0,,1295364960
Ara Kat,ADRES EMLAKTAN ÇARŞI İÇİNDE SATILIK ARA KAT DAİRE,none,0,0,0,0,0,none,0,,1308266618
Ara Kat,KARAMÜRSEL 4 TEMMUZ MAHALLESi ÇARSI içi 1+1 SATILIK DAiRE,none,0,0,0,0,0,none,0,,1324738910
Ara Kat,RE/MAX KANYON'DAN KARAMÜRSEL MERKEZDE SIFIR AYARINDA 3+1 DAİRE,none,0,0,0,0,0,none,0,,1313155593
En Üst Kat,DERİN'DEN SALI PAZARI MEVKİİNDE 3+1 SATILIK DAİRE!!,none,0,0,0,0,0,none,0,,1316937399
,ADRES EMLAKTAN İZNİK YOLUNDA SIFIR BİNADA DAİRE,none,0,0,0,0,0,none,0,,1325168291
Ara Kat,KARAMÜRSEL 4 TEMMUZ MAHALLESİ | SAHİLE YAKIN ARAKAT 3+1 SATILIK,none,0,0,0,0,0,none,0,,1305219877
,ARSLAN EMLAKTAN KARAMÜRSEL DE DENİZE SIFIR 2+1 SATILIK DAİRE,none,0,0,0,0,0,none,0,,1324499304
,ADRES EMLAKTAN MERKEZE YAKIN 3+1 DAİRE,none,0,0,0,0,0,none,0,,1307387533
Ara Kat,KARDEŞTEN KAYACIK'TA SİTE İÇERİSİNDE 140 M² | 3+1 SATILIK DAİRE,none,0,0,0,0,0,none,0,,1324799333
Ara Kat,"MERKEZDE, ULAŞIMA YAKIN, MODERN TASARIMLI 2+1 DAİRE FIRSATI",none,0,0,0,0,0,none,0,,1316220853
,Acilll 3+1 Lokasyonu güzel Deniz ve Doğa Manzaralı,none,0,0,0,0,0,none,0,,1324347293
Bahçe Dubleksi,KARAMÜRSEL EREĞLİ'DE PLAJA YÜRÜME MESAFESİNDE 2+1 SATILIK DAİRE,garden,1,0,1,0,0,detail,0,,1316059157
Ara Kat,Deniz Manzaralı Kapalı Mutfak Arakat 2+1 Satılık Daire,none,0,0,0,0,0,none,0,,1317271352
Ara Kat,CB CLASS KOCAELİ/ KARAMÜRSEL SATILIK 3.5+1 DAİRE,none,0,0,0,0,0,none,0,,1263247877
En Üst Kat,Karamürsel Sahilde 3+1 Deniz Manzaralı 130 m² Satılık Daire,none,0,0,0,0,0,none,0,,1324253568
,ListingPortal! Çarşıda Denize Sadece 200m 1 Yaşında Balkonlu 2+1,none,0,0,0,0,0,none,0,,1324196018
En Üst Kat,KARAMÜRSEL KAYACIK İZNİK YOLU ÜZERİ SATILIK 3+1 DAİRE,none,0,0,0,0,0,none,0,,1307143943
,KARAMÜRSEL'DE GENİŞ VE KULLANIŞLI MANZARALI 2+1 DAİRE,none,0,0,0,0,0,none,0,,1313991987
,MSM YATIRIM GAZANFER KONAKLARI 3+1 FULL MANZARA EŞYALI,none,0,0,0,0,0,none,0,,1321073343
,ADRES EMLAKTAN ÇARŞI İÇERİSİNDE 3+1 ARAKAT DAİRE,none,0,0,0,0,0,none,0,,1325127593
En Üst Kat,DERİN'DEN 4 TEMMUZ MAHALLESİNDE SATILIK DAİRE!!!,none,0,0,0,0,0,none,0,,1274345270
Ara Kat,SIFIR YAPILI 3+1 3 CEPHE,none,0,0,0,0,0,none,0,,1307014554
Ara Kat,DENIZE YURUME MESAFESINDE 3+1 ASANSORLU DAIRE,none,0,0,0,0,0,none,0,,1321002840
Dubleks|Ara Kat|Bahçe Dubleksi,KARAMÜRSEL KAYACIK MASRAFSIZ FIRSAT KIŞIN KOMBİ DERDİNE SON,garden,1,0,1,0,0,detail,0,,1306834064
,Deniz Manzaralı Karamürsel Ereğli Kullanışlı 2+1 Satılık Daire,none,0,0,0,0,0,none,0,,1307264953
Bahçe Dubleksi,Satılık Daire Panoramik Manzaralı,garden,1,0,1,0,0,detail,0,,1323932016
Ara Kat,KÖŞK GAYRİMENKUL KAYACIK MH. SATILIK 2+1 DAİRE,none,0,0,0,0,0,none,0,,1312349732
,DERİN'DEN KAYACIK MAHALLESİ'NDE SATILIK 3+1 DAİRE,none,0,0,0,0,0,none,0,,1318406568
,KAYACIKTA DENİZ MANZARALI SATILIK 3+1 İSKANLI DAİRE | SİTE İÇİ,none,0,0,0,0,0,none,0,,1298667543
,DERİN'DEN KISA SÜRE FİYAT DÜŞTÜ ÜÇ YAŞINDA SATILIK 2+1 DAİRE,none,0,0,0,0,0,none,0,,1324798863
Ara Kat,KARAMÜRSEL PARK CADDESİ SATILIK 2+1 GENİŞ DAİRE,none,0,0,0,0,0,none,0,,1323919110
En Üst Kat,FURKAN DEMİR'DEN KARAMÜRSEL 4 TEMMUZ'DA 2+1 SATILIK DAİRE,none,0,0,0,0,0,none,0,,1324363337
,SAHİBİNDEN SATILIK Son 1 hafta,none,0,0,0,0,0,none,0,,1322858369
,KARAMÜRSEL PINARBAŞI SİT. E BLOK 3+1 SATILIK GENİŞ DAİRE,none,0,0,0,0,0,none,0,,1312514255
Ara Kat,NEMA'dan YATIRIM FIRSATI ! 2+1 Satılık Daire (70m²),none,0,0,0,0,0,none,0,,1321347545
Ara Kat,Kocaeli Karamürsel 2+1 Ara Kat Satılık Daire,none,0,0,0,0,0,none,0,,1323883321
En Üst Kat,"OSMANGAZİ KÖPRÜVE DENİZ MANZARALI, DENİZE SIFIR 3+1 3 BALKONLU!",none,0,0,0,0,0,none,0,,1316064182
Ara Kat,"Karamürsel'de Sahile Yakın, Asansörlü ARA Kat 3+1 Satılık Daire",none,0,0,0,0,0,none,0,,1320492519
Ara Kat,KARDEŞ'TEN ŞEHİR MERKEZİNDE YÜKSEK ARSA PAYLI | 2+1 FIRSAT DAİRE,none,0,0,0,0,0,none,0,,1310245331
,DERİN'DEN PAŞA KONAKLARI'NDA 3+1! KISA SÜRELİĞİNE FİYAT DÜŞTÜ!,none,0,0,0,0,0,none,0,,1309677591
,KAÇIRILMAYACAK 2 + 1 FIRSAT DAIRE,none,0,0,0,0,0,none,0,,1317272430
,FURKAN DEMİR'DEN KARAMÜRSEL KAYACIK'TA 3+1 SATILIK DAİRE,none,0,0,0,0,0,none,0,,1324241816
Ara Kat,KOCAELİ KARAMÜRSEL 4 TEMMUZ MAHALLESİNDE SATILIK 2+1 DAİRE,none,0,0,0,0,0,none,0,,1320587933
,KARAMÜRSEL MERKEZDE DENİZ MANZARALI SATILIK DAİRE,none,0,0,0,0,0,none,0,,1323239487
,OPSİYON EMLAKTAN AMERİKAN MAH SATILIK ARA KAT 2+1 DAİRE,none,0,0,0,0,0,none,0,,1301359992
Ara Kat,İZNİK YOLUNDA OTOPARKLI 2+1 ARAKAT SIFIR SATILIK DAİRE,none,0,0,0,0,0,none,0,,1318787740
Ara Kat,Deniz Manzaralı Karamürsel Ereğli 3 Cephe 2+1 Satılık Daire,none,0,0,0,0,0,none,0,,1312431570
,ADRES EMLAKTAN ARAKAT DAİRE,none,0,0,0,0,0,none,0,,1309169390
En Üst Kat,ŞEHİR MERKEZİNDE 2+1 MASRAFSIZ FERAH DAİRE | 4 TEMMUZ MAHALLESİ,none,0,0,0,0,0,none,0,,1309668964
,DERİN'DEN KARAMÜRSEL 2+1 100m² OTOPARKLI DENİZ MANZARALI DAİRE,none,0,0,0,0,0,none,0,,1321094835
Ara Kat,FURKAN DEMİR'DEN KARAMÜRSEL 4 TEMMUZ'DA 2+1 SATILIK 0 DAİRE,none,0,0,0,0,0,none,0,,1301091584
Ara Kat,DERİN'DEN ÇARŞININ MERKEZİNDE YATIRIMLIK VE İŞYERİNE UYGUN DAİRE,none,0,0,0,0,0,none,0,,1318508695
Ara Kat,KARAMÜRSEL 4 TEMMUZ MAH. CADDE ÜZERİ 130 m² 3+1 OFİSE UYGUN,none,0,0,0,0,0,none,0,,1309688193
Ara Kat,UZMANLAR'DAN KARAMÜRSEL 4 TEMMUZ MAH. 3+1 SATILIK DAİRE,none,0,0,0,0,0,none,0,,1300891611
Ara Kat,DERİN'DEN KAYACIK MAHALLESİ'NDE SATILIK 3+1 110m² DAİRE!!,none,0,0,0,0,0,none,0,,1271087682
,Yüksek maliyetle baştan aşağı renove edilmiş fırsat daire.,none,0,0,0,0,0,none,0,,1166669360
,ADRES EMLAKTAN PLAJ YOLUNDA SATILIK DAİRE,none,0,0,0,0,0,none,0,,1324016884
Ara Kat,EREĞLİ | ARAKAT | KAPALI MUTFAK 2+1 SATILIK DAİRE,none,0,0,0,0,0,none,0,,1317767907
Ara Kat,listing_portal satılık,none,0,0,0,0,0,none,0,,1317209223
En Üst Kat,Denizi Evinizin İçine Getiren Köprü Manzaralı 2+1 Satılık Daire,none,0,0,0,0,0,none,0,,1311567297
Ara Kat,DERİN'DEN AMERİKAN MAHALLESİ'NDE ARAKAT 3+1 169m² SATILIK DAİRE!,none,0,0,0,0,0,none,0,,1315780044
Ara Kat,KARAMÜRSEL ÇARŞI İÇİ SATILIK 2+1 105 m² ARAKAT DAİRE,none,0,0,0,0,0,none,0,,1277126640
En Üst Kat,FURKAN DEMİR'DEN KARAMÜRSEL SALI PAZARI 3+1 FERAH SATILIK DAİRE,none,0,0,0,0,0,none,0,,1312282014
En Üst Kat,MERKEZ'DE DENİZ & KÖPRÜ MANZARASIYLA SATILIK 3+1 DAİRE!,none,0,0,0,0,0,none,0,,1318214977
Ara Kat,KARAMÜRSEL ÇİFTLİK CADDESİ'NDE SATILIK ARA KAT 2+1 DAİRE,none,0,0,0,0,0,none,0,,1310664922
Ara Kat,KARAMÜRSEL 4 TEMMUZ MAH. MERKEZE YAKIN SATILIK 2+1 FIRSAT DAİRE,none,0,0,0,0,0,none,0,,1304977935
Ara Kat,FURKAN DEMİR'DEN KARAMÜRSEL EREĞLİ'DE 3+1 ARA KAT SATILIK DAİRE,none,0,0,0,0,0,none,0,,1322096852
Ara Kat,FURKAN DEMİR'DEN KARAMÜRSEL KAYACIK FULL DENİZ 2+1 SATILIK DAİRE,none,0,0,0,0,0,none,0,,1305384369
,FURKAN DEMİR KARAMÜRSEL 4 TEMMUZ'DA 2+1 EŞYALI SATILIK DAİRE,none,0,0,0,0,0,none,0,,1306371439
En Üst Kat,KARAMÜRSEL MERKEZ'DE ÇİFT CEPHELİ 130m2 3+1 SATILIK DAİRE!,none,0,0,0,0,0,none,0,,1318189661
Ara Kat,REMAX KANYON'DAN ÇARŞI MERKEZİNDE 2+1 ARAKAT DAİRE,none,0,0,0,0,0,none,0,,1299704285
Ara Kat,KARAMÜRSEL EREĞLİDE SATILIK 2+1 SIFIR DAİRE,none,0,0,0,0,0,none,0,,1277876464
Ara Kat,KARAMÜRSEL'DE ARAKAT YERDEN ISITMALI 2+1 SIFIR DAİRE,none,0,0,0,0,0,none,0,,1311442933
Ara Kat,Merkezde satılık 3+1 Daire,none,0,0,0,0,0,none,0,,1321658131
Ara Kat,Bakımlı ve masrafsız daire,none,0,0,0,0,0,none,0,,1321653704
Ara Kat,KARAMÜRSEL MERKEZ DE GENİŞ 3+1 DAİRE,none,0,0,0,0,0,none,0,,1272637148
Ara Kat,K.MÜRSEL KAYACIK SAHİLDE 3+1 DAİRE,none,0,0,0,0,0,none,0,,1260059275
Çatı Dubleksi,İZNİK YOLU MEVKİİ KÖPRÜ MANZARALI KAPALI MUTFAK 2+1 GENİŞ DAİRE,roof,1,1,0,0,0,detail,0,,1322141325
,KARAMÜRSEL KAYACIK MAH. DENİZE SIFIR SATILIK YALI DAİRESİ,none,0,0,0,0,0,none,0,,1304854666
,FURKAN DEMİR'DEN 4 TEMMUZ MERKEZ'DE 2+1 EŞYALI SATILIK DAİRE,none,0,0,0,0,0,none,0,,1309647849
Çatı Dubleksi,DENİZ GAYRİMENKUL'DEN ZEYTİNLİ KORUDA SATILIK 3+1 DAİRE,roof,1,1,0,0,0,detail,0,,1282202118
Ara Kat,"Karamürsel Şehir Merkezinde Satılık Daire 2+1, Ara Kat",none,0,0,0,0,0,none,0,,1281029505
,ADRES EMLAKTAN İZNİK YOLUNDA SATILIK DAİRE,none,0,0,0,0,0,none,0,,1316925254
Ara Kat,CB CLASS KARAMÜRSEL / DEREKÖY SATILIK 3.5+1 DAİRE,none,0,0,0,0,0,none,0,,1263263136
Ara Kat,UZMANLAR'DAN PLAJ YOLUNDA SATILIK 2+1 YENİ DAİRE,none,0,0,0,0,0,none,0,,1315534736
Ara Kat,REMAX KANYON KARAMÜRSEL İZNİKYOLU MEVKİİ SATILIK ARAKAT DAİRE,none,0,0,0,0,0,none,0,,1312533359
Dubleks|Ara Kat,Karamürselin Yeni İmzası Ekşioğlu Konaklarında Yaşam Başlıyor,standard,1,0,0,0,1,detail,0,,1315775601
Ara Kat,acil satılık,none,0,0,0,0,0,none,0,,1320816124
Ara Kat,REMAX KANYON'DAN KARAMÜRSEL MERKEZDE SATILIK 2+1 MASRAFSIZ DAİRE,none,0,0,0,0,0,none,0,,1321849736
Ara Kat,Karamürsel Merkezkent'te Satılık 2+1 Daire (86m² Net),none,0,0,0,0,0,none,0,,1304237437
,DERİN'DEN KAYACIK'TA 169m² OTOPARKLI TERASLI SATILIK YENİ DAİRE,none,0,0,0,0,0,none,0,,1315579081
Ara Kat,REMAX KANYON İZNİK YOLU ÜSTÜ SATILIK 3+1 EBEVEYN BANYOLU DAİRE,none,0,0,0,0,0,none,0,,1309008766
Ara Kat,3 DAİRELİ BİNADA | DENİZ MANZARALI AVANTAJLI 2+1 ORTA KAT DAİRE,none,0,0,0,0,0,none,0,,1315895144
,Sahile Yakın Çarşı İçinde 2+1 Satılık Daire,none,0,0,0,0,0,none,0,,1315370462
Ara Kat,Satılık Daire,none,0,0,0,0,0,none,0,,1320370305
Ara Kat,EŞSİZ KONUM ARA KAT YENİ FIRSAT DAİRE,none,0,0,0,0,0,none,0,,1315251632
,İskanlı Karamürsel Sahilde 3+1 Satılık Daire,none,0,0,0,0,0,none,0,,1310138719
,ADRES EMLAKTAN ÇİFTLİK CADDESİNE YAKIN YENİ BİNADA DAİRE,none,0,0,0,0,0,none,0,,1310672589
Ara Kat,Remax Kanyon'dan Sahile Yakın Asansörlü Ara Kat 3+1 Daire,none,0,0,0,0,0,none,0,,1324174510
Ara Kat,İZNİK YOLUNDA ARAKAT 3+1 SATILIK DAİRE,none,0,0,0,0,0,none,0,,1316237466
En Üst Kat,DENİZ GAYRIMENKUL'DEN ŞEHİR MERKEZİNDE 3+1 SATILIK DAİRE,none,0,0,0,0,0,none,0,,1274558681
,ADRES EMLAKTAN SATILIK 2+1 DAİRE,none,0,0,0,0,0,none,0,,1320490734
Ara Kat,ListingPortal Betonyol İznik Yolu Sıfır Daire,none,0,0,0,0,0,none,0,,1314088368
,Sahile Merkeze Yakın Satılık,none,0,0,0,0,0,none,0,,1275382386
Ara Kat,BAŞİSKELE MERKEZ DE 2+1 ARA KAT DAİRE,none,0,0,0,0,0,none,0,,1324811712
,"EVİM,den BAŞİSKELE PERA SİTESİNDE KÖŞE BAŞI 3+1&135 M2 SATLIK",none,0,0,0,0,0,none,0,,1320360191
,BAŞİSKELE YEŞİLKENT KALICI KONUTLARI 3. KAT SATILIK DAİRE,none,0,0,0,0,0,none,0,,1319581083
Ara Kat,BAŞİSKELE ALTINKENT MARMARA ELİT EVLERİ'NDE 3+1 SATILIK DAİRE,none,0,0,0,0,0,none,0,,1321506087
Ara Kat,Başiskele Kullar Tepecik de Site İçi 2+1 Arakat Oturuma Hazır,none,0,0,0,0,0,none,0,,1287326980
,ARKUN GAYRİMENKUL'DEN MERKEZİ LOKAYONDA 2+1 KULLANIŞLI DAİRE,none,0,0,0,0,0,none,0,,1323434579
,ASİES GLOBAL EVİMİZ KOCAELİ SİTE 3+1 KAPALI OTOPARKLI KÖŞE DAİRE,none,0,0,0,0,0,none,0,,1272318225
,TANTA EMLAK'TAN BAHÇECİK'TE SATILIK DENİZ MANZARALI 3+1 DAİRE,none,0,0,0,0,0,none,0,,1320037824
,ÖZEL SPOR ALANI BAHÇESİ MÜSTAKİL YAŞAM ALANI SUNAN BİR 3+1 DAİRE,none,0,0,0,0,0,none,0,,1320248517
En Üst Kat,"Başiskele Barbaros'ta Deniz Manzaralı, Havuzlu lüks 3+1 Daire",none,0,0,0,0,0,none,0,,1326307042
Ara Kat,BAŞİSKELE BARBAROS MH SİTE İÇERSİNDE 3+1 EBEVEYN B. ARAKAT DAİRE,none,0,0,0,0,0,none,0,,1306034029
Ara Kat,BAŞİSKELE YAYLACIK MAH. HAVUZLU SİTEDE SATILIK 2+1 DAİRE,none,0,0,0,0,0,none,0,,1314623728
Çatı Dubleksi,BARBAROS MAHALLESİ MERKEZİ KONUMDA İÇİ YAPILI 3+1 SATILIK DAİRE,roof,1,1,0,0,0,detail,0,,1314952711
,MBK BİRİKİM GAYRMENKUL 2+1 ARAKAT SATILIK,none,0,0,0,0,0,none,0,,1322252435
Ara Kat,BAŞİSKELE KARŞIYAKA MAH.İÇİ YAPILI SATILIK 3+1 ARAKAT DAİRE,none,0,0,0,0,0,none,0,,1303195164
,Merkezi konumda 2+1 Müstakil tadında,none,0,0,0,0,0,none,0,,1326214681
Ara Kat,BAŞİSKELE BARBAROS SİTE İÇİ EBEVEYN BANYOLU 2+1 ARA KAT SATILIK,none,0,0,0,0,0,none,0,,1292984172
,BAŞİSKELE YAKACIKTA CADDE ÜSTÜ 1+1,none,0,0,0,0,0,none,0,,1313633705
,BAŞİSKELE BARBAROS MAH.DE GENİŞ 3+1,none,0,0,0,0,0,none,0,,1317833280
Ara Kat,3+1 ARAKAT DAİRE ASANSÖR + KAPALI OTOPARKLI,none,0,0,0,0,0,none,0,,1313565867
Ara Kat,BARBAROS MAHALLESİNDE SATILIK LÜKS 3+1 DAİRE,none,0,0,0,0,0,none,0,,1273361410
Çatı Dubleksi,CENEVİZ ADALARI Projesi 2+1 98m2 Balkonlu Satılık Daire,roof,1,1,0,0,0,detail,0,,1285317448
Dubleks,Kolaylı Kullar Sitesinde SAHİBİNDEN SATILIK,standard,1,0,0,0,1,detail,0,,1308930710
,KW ARVEN'DEN PEKDEMİR EVİMİZ KOCAELİ SİTE'SİNDE SATILIK 3+1,none,0,0,0,0,0,none,0,,1301434420
En Üst Kat|Çatı Dubleksi,Fotoğraflar Güncellendi Satılık 2+1 100 M² Ebeveyn Banyolu,roof,1,1,0,0,0,detail,0,,1322471550
Ara Kat,BAŞİSKELE KULLAR YAKACIK MAH.2+1 ARAKAT FIRSAT DAİRE,none,0,0,0,0,0,none,0,,1316607685
Dubleks,TANTA EMLAK'tan CADDE Üzerinde 1+1 Daire YATIRIM FIRSATI,standard,1,0,0,0,1,detail,0,,1319819010
Çatı Dubleksi,Başiskele barboros mahallesinde en işlek caddesi üzerinde,roof,1,1,0,0,0,detail,0,,1306143160
,DOĞA & DENİZ MANZARALI! 417 m² ARSA İÇİNDE 155 m² SATILIK DAİRE,none,0,0,0,0,0,none,0,,1314548647
Dubleks|En Üst Kat|Çatı Dubleksi,EMLAK YATIRIM'DAN LOTUS YAPI'DA SATILIK LÜKS DAİRE,roof,1,1,0,0,0,detail,0,,1314902324
Çatı Dubleksi,Başiskele'de Site İçi Havuzlu Doğa Manzaralı Satılık 3+1,roof,1,1,0,0,0,detail,0,,1314675555
Ara Kat,ALTIN EMLAK'tan EVİMİZ KOCAELİ SİTESİNDE GENİŞ TİP 2+1 DAİRE BOŞ,none,0,0,0,0,0,none,0,,1308949221
,REMAX MYRADAN SATILIK FIRSAT 3+1 DÜZ DAİRE DAİRE,none,0,0,0,0,0,none,0,,1317601518
Çatı Dubleksi,CENEVİZ ADALARI Projesi 2+1 91m2 Satılık Daire,roof,1,1,0,0,0,detail,0,,1285316340
,YATIRIMCIYA VE OTURUMA UYGUN FIRSAT DAİRE ACİL SATILIK !!!!!!!,none,0,0,0,0,0,none,0,,1317612850
Ara Kat,BAŞISKELE BARBAROS MH DE 3+1 ARA KAT SATILIK DAİREMİZ,none,0,0,0,0,0,none,0,,1291975637
Ara Kat,Başiskele'de Yüksek Kredili Satılık 2+1 Birinci Kat,none,0,0,0,0,0,none,0,,1313891151
,BAŞİSKELE BARBAROS'DA ELİTİUM SİTESİNDE EŞYALI 1+1 SATILIK DAİRE,none,0,0,0,0,0,none,0,,1319850750
,Bahçecikte Arakat Deniz Manzaralı 2+1 Satılık Daire,none,0,0,0,0,0,none,0,,1313838244
,ARABA UNUTTURAN KONUM...,none,0,0,0,0,0,none,0,,1316517261
Ara Kat,BAŞİSKELE'nin TAM MERKEZİNDE GENİŞ 3+1 SATILIK DAİRE,none,0,0,0,0,0,none,0,,1322924381
,"ARAÇ TAKASINA UYGUN, MERKEZİ LOKASYON, MASRAFSIZ 3+1 DAİRE",none,0,0,0,0,0,none,0,,1298646796
,PINAR CADDESİNDE SATILIK SIFIR 2+1 DAİRE,none,0,0,0,0,0,none,0,,1326202720
Ara Kat,BAŞİSKELE BARBAROS MAHALLESİNDE 2+1 ARA KAT SATILIK DAİRE,none,0,0,0,0,0,none,0,,1319682112
Ara Kat,BAŞİSKELE MERKEZ Barbaros DA 3+1 SİTE İÇİ SATILIK ARA KAT DAİRE,none,0,0,0,0,0,none,0,,1317049933
Ara Kat,AtticHouse'tan Satılık OTURUMA HAZIR MASRAFSIZ 2+1 daire,none,0,0,0,0,0,none,0,,1314568430
,Tarcanlar'dan Başiskele Karşıyaka'da Ferah 3+1 Satılık Daire,none,0,0,0,0,0,none,0,,1279892191
Ara Kat,CEPHESİ AÇIK DENİZ MANZARALI İSKANLI SATILIK 3+1 ARAKAT,none,0,0,0,0,0,none,0,,1318583778
,BAŞİSKELE YAYLACIK MAH. 2+1 ARAKAT DAiRE AMERİKAN MUTFAKLI,none,0,0,0,0,0,none,0,,1319471572
Ara Kat,AKBULUT EMLAKTAN | PEKDEMİR evlerinde | BAŞİSKELE | 3+1,none,0,0,0,0,0,none,0,,1314142380
Bahçe Dubleksi,HAVUZLU SİTENİN EN GÜZEL DAİRESİ HER ŞEY DAHİL FİYAT,garden,1,0,1,0,0,detail,0,,1300451534
Ara Kat,DERİN'DEN BAŞİSKELE DE SİTE İÇİ 3+1 ARAKAT SATILIK DAİRE,none,0,0,0,0,0,none,0,,1296134611
En Üst Kat,BAŞİSKELEDE KAÇIRILMAYACAK DENİZ MANZARALI 1+1 SIFIR DAİRE,none,0,0,0,0,0,none,0,,1273141467
,ŞENSEL EMLAKTAN SATILIK BAŞİSKELE BARBAROS MAH 3+1 LÜX DAİRE,none,0,0,0,0,0,none,0,,1262840721
,BAŞİSKELE BARBAROS MAHALLESİNDE 2+1 FERAH KALİTELİ SATILIK DAİRE,none,0,0,0,0,0,none,0,,1322697259
Ara Kat,YAPI EMLAK GAYRİMENKULDEN SATILIK ARAKAT GENİŞ 2+1 DAİRE,none,0,0,0,0,0,none,0,,1317368051
,Fırsat Daire! Başiskele Barbaros 1+1 78m² Temelden Satılık,none,0,0,0,0,0,none,0,,1314470506
,BU CADDE AVM'YE KOMŞU BAHÇE KULLANIMLI 2+1 YÜKSEK GİRİŞ,none,0,0,0,0,0,none,0,,1300245673
Ara Kat,Başiskele Kullar'da satılık sıfır daire,none,0,0,0,0,0,none,0,,1325610776
Ara Kat,BAŞİSKELE BARBAROS MAHALLESİNDE SATILIK 2+1 ARA KAT DAİRE,none,0,0,0,0,0,none,0,,1314570866
,ListingPortal satilik.Kullar Kapalı pazar yakininda.,none,0,0,0,0,0,none,0,,1325565176
Ara Kat,Başiskele Barbaros'ta Sıfır 3+1 Daire | 115m² | İskanlı,none,0,0,0,0,0,none,0,,1322572865
,BAŞİSKELE KULLAR YAYLACIK MAHALLESİ 2+1 SİTE İÇİ SIFIR DAİRE,none,0,0,0,0,0,none,0,,1322553716
,BAŞİSKELE BARBAROS'DA ELİTİUM TRİO SİTESİNDE 3+1 SATILIK DAİRE,none,0,0,0,0,0,none,0,,1314365578
Çatı Dubleksi,SAHİBİNDEN SATILIK للبيع من المالك مباشرة.,roof,1,1,0,0,0,detail,0,,1291146932
,KOCAELİ BAŞİSKELE SEYRİ VADİ SİTESİ SATILIK 3+1 ARA KAT DAİRE,none,0,0,0,0,0,none,0,,1298548815
Ara Kat,BAŞİSKELE BARBAROS 2+1 CADDE ÜZERİ DAİRE,none,0,0,0,0,0,none,0,,1270680867
,Merkezi konum,none,0,0,0,0,0,none,0,,1316519235
Ara Kat,CB MAHALL'DEN KULLAR'DA SATILIK 3+1 ARA KAT DAİRE,none,0,0,0,0,0,none,0,,1314237879
Ara Kat,"BAŞİSKELE'NİN MERKEZİNDE 2+1, 100 M2 SIFIR DAİRE/OFİS",none,0,0,0,0,0,none,0,,1325444340
,Ful Manzaralı Önü Kapanmaz,none,0,0,0,0,0,none,0,,1318050826
,ASİES GLOBAL'DEN FIRSAT 1.KALİTE EBEVEYN BANYO 3+1 YÜKSEK GİRİŞ.,none,0,0,0,0,0,none,0,,1311543382
Ara Kat,ROSE GARDEN SİTESİNDE SATILIK 2+1 EŞYALI ARA KAT DAİRE,none,0,0,0,0,0,none,0,,1260291665
Ara Kat,ÜST GRUP'TAN MEZİRE BAHÇECİK DENİZ MANZARALI 3+1 DAİRE,none,0,0,0,0,0,none,0,,1312433168
,BARBAROS MAHALLESİNDE KUPON DAİRE,none,0,0,0,0,0,none,0,,1325525624
,BARBAROS MAHALLESİ SATILIK YÜKSEK GİRİŞ KAT DAİRE,none,0,0,0,0,0,none,0,,1290874633
Ara Kat,ListingPortal moda pazarı karşısı geniş 2+1 arakat daire,none,0,0,0,0,0,none,0,,1314066473
Ara Kat,BAŞİSKELE ALTINKENT DÖNGEL MEVKİ'İNDE 3+1 SATILIK ARAKAT DAİRE,none,0,0,0,0,0,none,0,,1314073415
Dubleks|En Üst Kat|Ara Kat|Çatı Dubleksi,END'DEN BAŞİSKELE ALTINKENT MAH.SATILIK MANZARALI 3+1 DAİRE,roof,1,1,0,0,0,detail,0,,1249325376
Ara Kat,Başiskele Mezire Bahçecik 2+1 Ara Kat Satılık Daire,none,0,0,0,0,0,none,0,,1308397408
,Süper 4+1 Arayanlara...,none,0,0,0,0,0,none,0,,1325478345
Ara Kat,Tarcanlardan Başiskele Mahmutpaşa Mah.Satılık Arakat 3+1 Daire,none,0,0,0,0,0,none,0,,1312915485
Ara Kat,Acil Satılık!! Sıfır Ayarında 2+1 Daire | Barbaros Mah.,none,0,0,0,0,0,none,0,,1079246104
Ara Kat,REMAX'DAN SULTAN OKULLARINA KOMŞU 2+1 ARA KAT KÖŞE DAİRE,none,0,0,0,0,0,none,0,,1325149227
Ara Kat,MERKEZİ KONUM CADDE ÜSTÜ GENİŞ 3+1 ARAKAT DAİRE,none,0,0,0,0,0,none,0,,1311460942
,"MERKEZİ KONUMDA, MODERN MİMARİLİ 2+1 ARA KAT DAİRE!",none,0,0,0,0,0,none,0,,1319582613
,Cb Mahall'den Başiskele Sahilde Satılık Lüks 1+1,none,0,0,0,0,0,none,0,,1285308427
,REMAX MYRADAN SATILIK LÜX GENİŞ VE KULLANIŞLI 4+1 DAİRE,none,0,0,0,0,0,none,0,,1322280566
Ara Kat|Bahçe Dubleksi|Çatı Dubleksi,BAŞİSKELE YUVACIK DÖNGEL ALTINKENT MH3+1 134 M2 SATILIK DAİRELER,roof,1,1,0,0,0,detail,0,,1295080552
Ara Kat,BAŞİSKELE BARBAROS MAHALLESİNDE GENİŞ VE FERAH 3+1,none,0,0,0,0,0,none,0,,1321979067
Ara Kat,BAŞİSKELE YAYLACIK MAHALLESİ 2+1 LÜKS ARAKAT,none,0,0,0,0,0,none,0,,1316510739
Ara Kat,Başiskele Sahil'de Eşsiz Lokasyonda Satılık 2+1 Yüksek Giriş,none,0,0,0,0,0,none,0,,1299531863
Bahçe Dubleksi,ÇAKIR GAYRİMENKUL DEN 3+1 SATILIK DAİRE,garden,1,0,1,0,0,detail,0,,1313509387
Ara Kat,İMZA GM'DEN SINIRSIZ KREDİLİ BARBAROS MAH. GENİŞ 3+1 ARA KAT,none,0,0,0,0,0,none,0,,1301828064
Ara Kat,Başiskele körfez mah. denize 2 dk satılık daire,none,0,0,0,0,0,none,0,,1289657331
,Mezire bahçecik sitesinde satılık 2+1 arakat daire,none,0,0,0,0,0,none,0,,1324840036
Ara Kat,BAŞİSKELE MERKEZ DE 3+1 ARAKAT ASANSÖRLÜ DAİRE,none,0,0,0,0,0,none,0,,1324980580
Ara Kat,ASİES GLOBAL FIRSAT 1.KALİTE EBEVEYN BANYO 3+1 ARAKAT PANORAMİK!,none,0,0,0,0,0,none,0,,1311219329
,ŞANLI GAYRİMENKULDEN PEKDEMİR EVİMİZ KOCAELİ 4+1 BAHÇE DAİRE,none,0,0,0,0,0,none,0,,1298652975
,TANTA EMLAK'TAN YEŞİLKENT KALICI KONUTLARINDA SATILIK 3+1 DAİRE,none,0,0,0,0,0,none,0,,1321722468
,Sınırsız Kredi İmkanı Geniş Arakat,none,0,0,0,0,0,none,0,,1302216724
,Halk Bankası'ndan Kocaeli Başiskele Satılık Konut,none,0,0,0,0,0,none,0,,1325261633
Ara Kat,Tanta Emlak'tan Barbaros Mah. 3+1 Ara Kat Daire,none,0,0,0,0,0,none,0,,1321832561
Ara Kat,BAŞİSKELE KULLAR YAYLACIK MAHALLESİ SİTE İÇİ SATILIK 2+1 ARAKAT,none,0,0,0,0,0,none,0,,1324834728
,Evimiz Kocaeli Sitesinde Satılık 3+1 Daire!,none,0,0,0,0,0,none,0,,1310435636
Dubleks|Çatı Dubleksi,BAŞISKELE BARBOROS KONUMUYLA DEĞER KATAN ŞIK VE KULLANIŞLI 2+1,roof,1,1,0,0,0,detail,0,,1316089380
,REMAX EFFECT KULLAR YAKACIK MAH. SIFIR SATILIK 2+1 DAİRE,none,0,0,0,0,0,none,0,,1307348644
Ara Kat,Kullar Yakacık Mahallesinde Kaçırılmayacak 2+1 Satılık Ara Kat,none,0,0,0,0,0,none,0,,1321515007
Ara Kat,Kardelen sitesinde arakat 3+1 içi yapılı satılık daire,none,0,0,0,0,0,none,0,,1318942001
,Müstakil Tadında,none,0,0,0,0,0,none,0,,1043298236
,ALTIN EMLAK' tan KULLAR' da 2+1 SATILIK DAİRE,none,0,0,0,0,0,none,0,,1321505288
,TANTA EMLAK'TAN SATILIK 3+1 BAHÇELİ MÜSTAKİL TADINDA DAİRE,none,0,0,0,0,0,none,0,,1321504227
,YÜKSEK KREDİ İMKANLI 3+1 SIFIR ARA KAT OTURUMA HAZIR GENİŞ TERAS,none,0,0,0,0,0,none,0,,1316111042
,Halk Bankası'ndan Kocaeli Başiskele Satılık Konut,none,0,0,0,0,0,none,0,,1263720103
Dubleks,PAŞADAG MH DE TALHA PARKTA PROJEMİZDEN 2+1 GENİŞ FERAH DAİREMİZ,standard,1,0,0,0,1,detail,0,,1310283177
Çatı Dubleksi,MERKEZİ KONUM GENİŞ TERASLI 3+1 SATILIK DAİRE,roof,1,1,0,0,0,detail,0,,1313644364
Ara Kat,TURYAP'TAN KULLAR TEPECIK 3+1 ARAKAT EBEVEYN BANYOLU,none,0,0,0,0,0,none,0,,1324696628
,TANYILDIZ- BAŞİSKELE - KARŞIYAKA MH. 1+1 DENİZE SIFIR DAİRELER,none,0,0,0,0,0,none,0,,1324469239
Çatı Dubleksi,KAYA İNŞAATTAN SATILIK LÜKS 3+1 ASANSÖRLÜ DAİRE,roof,1,1,0,0,0,detail,0,,1303517927
Bahçe Dubleksi,ÜST GRUP'TAN MEZİRE BAHÇECİK'TE DENİZ MANZARALI 4+1 DAİRE,garden,1,0,1,0,0,detail,0,,1320478194
Ara Kat,PEKİN EMLAK'tan satılık daireler,none,0,0,0,0,0,none,0,,1303623790
,Ziraat Bankası'ndan Altınkent Mahallesi'nde Daire,none,0,0,0,0,0,none,0,,1307495237
Çatı Dubleksi,TURYAP'TAN BAŞİSKELE'DE DENİZ MANZARALI 4+1 FIRSAT,roof,1,1,0,0,0,detail,0,,1313144557
Ara Kat,SATILIK 2+1 DAİRE BAŞİSKELE,none,0,0,0,0,0,none,0,,1296313852
,Başiskele Seymende Doğa ile içiçe bir yaşam,none,0,0,0,0,0,none,0,,1289076697
Ara Kat,Altınkent Kalıcı Konutlarında acil satılık boş ara kat daire,none,0,0,0,0,0,none,0,,1324259267
Ara Kat,3+1 | ARA KAT EBEVEYN BANYOLU YERDEN ISITMALI | DENİZ MANZARALI,none,0,0,0,0,0,none,0,,1302676413
Ara Kat,BARBAROS MH'DE SAHİLE D130'A KOLEJLERE YAKIN KONUMDA ARA KAT 2+1,none,0,0,0,0,0,none,0,,1321123114
Ara Kat,BAŞİSKELE ALTINKENT MERKEZİ KONUMDA 110 M² 3+1 ARAKAT,none,0,0,0,0,0,none,0,,1317802615
Ara Kat,BAŞİSKELE YAYLACIK MAH.YATIRIMLIK ÖN CEPHELİ 2+1 ARAKAT DAİRE,none,0,0,0,0,0,none,0,,1316609473
,Erenoğlu Gayrimenkul'den Barbaros Mahallesinde Fırsat 2+1 Daire,none,0,0,0,0,0,none,0,,1310285846
Ara Kat,ÜST GRUP'TAN MEZİRE BAHÇECİK'TE DENİZ MANZARALI 2+1 DAİRE,none,0,0,0,0,0,none,0,,1289931971
,BAŞİSKELE BARBAROS MAH SATILIK ZEMİN KAT 3+1 DAİRE,none,0,0,0,0,0,none,0,,1324144829
Ara Kat,"BAŞİSKELE BAHÇECİKTE DOĞA İLE İÇ İÇE, MODERN VE DONANIMLI 3+1",none,0,0,0,0,0,none,0,,1312918014
,BAŞISKELE KULLAR'DA SATILIK 2 + 1 DAIRE,none,0,0,0,0,0,none,0,,1310047773
Ara Kat,BAŞİSKELE DENİZ MANZARALI SAHİL YAKINI 3+1 SATILIK DAİRE,none,0,0,0,0,0,none,0,,1263664821
,Barbaros Mh Düzayak 3+1 Satılık Ferah Daire,none,0,0,0,0,0,none,0,,1324089087
Dubleks|Bahçe Dubleksi,KOCAELİ BAŞİSKELE SİTE İÇİ BAHÇELİ 3+1 HAVUZLU SATILIK DAİRE,garden,1,0,1,0,0,detail,0,,1312946245
,BAŞİSKELE KÖRFEZ MAH. BAHÇE KULLANIMLI 2+1 SATILIK DAİRE,none,0,0,0,0,0,none,0,,1324033372
,KW 'DEN PEKDEMİR EVİMİZ KOCAELİ SİTE'SİNDE SATILIK 2+1 DAİRE,none,0,0,0,0,0,none,0,,1278586777
,TURYAP PALAS EVİMİZ KOCAELİ SİTESİ BAHÇEKATI YAPILI AYRI MUTFAK,none,0,0,0,0,0,none,0,,1323954402
En Üst Kat,"Başiskele Evimiz Kocaeli Satılık 2+1 Daire, 75m² Net",none,0,0,0,0,0,none,0,,1320893051
Ara Kat,AtticHouse'tan Satılık Merkezi Konumlu 2+1 Daire,none,0,0,0,0,0,none,0,,1307050577
Çatı Dubleksi,Bahama Proje 1 Projesi 3+1 175m2 Balkonlu Satılık Daire,roof,1,1,0,0,0,detail,0,,1324151113
,XXL bu m2 de bu fiyata bulmak zor,none,0,0,0,0,0,none,0,,1291101474
Ara Kat,BAŞİSKELE YAKACIK MH.DE LÜKS YAPILI SATILIK 2+1 ARAKAT DAİRE,none,0,0,0,0,0,none,0,,1318271904
,BAŞİSKELE BARBAROS'DA 3+1 110 m2 DAİRE,none,0,0,0,0,0,none,0,,1312666359
,Yaylacık mahallesi manzaralı geniş balkonlu 2+1,none,0,0,0,0,0,none,0,,1323824202
,SAHİBİNDEN BAŞİSKELE KULLAR'DA CADDE ÜZERİNDE 3+1 SIFIR DAİRE,none,0,0,0,0,0,none,0,,1323820919
Dubleks|En Üst Kat|Ara Kat|Bahçe Dubleksi|Çatı Dubleksi,BAŞİSKELE KULLAR'DA PRESTİJLİ YAŞAM PROJESİ SINIRLI SAYIDA DAİRE,roof,1,1,0,0,0,detail,0,,1306758060
Ara Kat,ESKİDJİDEN BAŞİSKELEDE SİTE İÇERİSİNDE AYRI MUTFAKLI ARAKAT 1+1,none,0,0,0,0,0,none,0,,1305234753
Ara Kat,Başiskele Altınkent Mah. Altın Vadi Evleri'nde Satılık 3+1 Daire,none,0,0,0,0,0,none,0,,1318362891
Ters Dubleks,Başiskele Kullar Tepecik Mah. Site İçerisinde Satılık 3+1,standard,1,0,0,0,1,detail,0,,1318370905
Ara Kat,BAŞİSKELE KULLARDA 2+1 ARA KAT FIRSAT DAİREMİZ,none,0,0,0,0,0,none,0,,1309819020
,Altın Vadi Sitesi Satılık,none,0,0,0,0,0,none,0,,1312409285
,BAŞİSKELE YAYLACIKTA 2+1 SATILIK GİRİŞ KAT DAİRE,none,0,0,0,0,0,none,0,,1323766198
Çatı Dubleksi,BAŞİSKELE DE YARISI PEŞİN YARISI DA DAİRE TESLİMİNDE SATILIK,roof,1,1,0,0,0,detail,0,,1304609704
Ara Kat,Başiskele'de 2+1 Deniz Manzaralı Arakat Amerikan Mutfak,none,0,0,0,0,0,none,0,,1318526663
,SATILIK YAYLACIK CADDE ÜZERİNDE 2+1 ARA KAT DAİRE,none,0,0,0,0,0,none,0,,1312476827
Çatı Dubleksi,BAŞİSKELE'DE BARBAROS MAH'DE SATILIK DENİZ MANZARALI 3+1 DAİRE,roof,1,1,0,0,0,detail,0,,1301391493
Ara Kat,BU GENİŞLİKTE YOK ! 2+1 ARA KAT DAİRE KULLAR YAKACIK,none,0,0,0,0,0,none,0,,1308755900
Dubleks|Ara Kat Dubleks|Ters Dubleks,Armağan Evler Sitesinde-Asansörlü-Otoparklı-Ebeveyn Banyolu-4+1,middle_floor,1,0,0,1,0,detail,0,,1284605717
Çatı Dubleksi,BAŞİSKELE BAHÇECİK'TE FUL DENİZ MANZARALI 4+1 LÜKS SATILIK DAİRE,roof,1,1,0,0,0,detail,0,,1318169288
En Üst Kat,SATILIK 3+1 DAİRE ALTINKENT KALICI KONUTLARI,none,0,0,0,0,0,none,0,,1323579353
,KOCAELİ BAŞİSKELE BARBAROS MAHALLESİ'NDE 2+1 SATILIK BAHÇE DAİRE,none,0,0,0,0,0,none,0,,1312618804
Ara Kat,KOCAELİ BAŞİSKELE BARBOROS MAH.SATILIK 2+1 ASANSÖRLÜ DAİRE,none,0,0,0,0,0,none,0,,1320724585
,Başiskele Kullar da Fırsat 2+1 yüksek giriş,none,0,0,0,0,0,none,0,,1320726005
Çatı Dubleksi,BAŞİSKELE DİVAN DELUXE PLAZA MERKEZİN İÇİNDE 2+1,roof,1,1,0,0,0,detail,0,,1274037916
,DOĞA İÇERİSİNDE,none,0,0,0,0,0,none,0,,1314277307
,Ful Deniz ve Doğa Manzaralı,none,0,0,0,0,0,none,0,,1315754408
,Başiskelede Satılık 3+1 Daire Fiyat 1 Haftalığına Geçerli !,none,0,0,0,0,0,none,0,,1318307334
Ara Kat,BAŞİSKELE BARBAROS MAH SATILIK 2+1 ARA KAT DAİRE,none,0,0,0,0,0,none,0,,1323434535
,elitum park 3+1 ebeveyn banyolu satılık daire,none,0,0,0,0,0,none,0,,1323406483
,BAŞİSKELE BARBAROS MAHALLESİ'NDE SATILIK DAİRE,none,0,0,0,0,0,none,0,,1310534840
Dubleks|Bahçe Dubleksi,BAŞİSKELE BARBAROS'DA ELİTİUM TRİO SİTESİNDE 3+1 SATILIK DAİRE..,garden,1,0,1,0,0,detail,0,,1306146962
,Başiskelenin Gözde Bölgesinde 83 m² Ara Kat Fırsatı,none,0,0,0,0,0,none,0,,1323504934
Çatı Dubleksi,RE/MAX MYRA'DAN BAŞİSKELE BARBAROSTA SATILIK 2+1 DAİRE,roof,1,1,0,0,0,detail,0,,1306685368
Ara Kat,Başiskele Barbaros Mah. Pınar Caddesinde Satılık 2+1 Daireler,none,0,0,0,0,0,none,0,,1304759317
En Üst Kat,ALTINKENT KONUTLARI 3+1 SİTE İÇİ SATILIK DAİRE,none,0,0,0,0,0,none,0,,1323426146
Ara Kat,Başiskelenin Gözde Konumunda Boş ve Hemen Teslim 3+1 Daire,none,0,0,0,0,0,none,0,,1323207805
Ara Kat,BAŞİSKLE TAM MRKEZİ 3+1(10 güne emlakçıya vereceğim),none,0,0,0,0,0,none,0,,1271310638
Ara Kat,2.500 KREDİ BAŞİSKELE BARBAROS MHL SİNDE KULANIŞLI 2+1 ARAKAT,none,0,0,0,0,0,none,0,,1323152902
Bahçe Dubleksi,listing_portal satılık,garden,1,0,1,0,0,detail,0,,1323134676
Ara Kat,BAŞİSKELE MERKEZİ KONUMDA 2+1 ARAKAT SATILIK DAİRE,none,0,0,0,0,0,none,0,,1323180523
En Üst Kat,"SİTEDE GİRİŞE YAKIN, FERAH ÖNÜ AÇIK DENİZ GÖREN BOŞ 3+1",none,0,0,0,0,0,none,0,,1322839452
,Başiskele'de 204m² Arsa Paylı Müstakil Bahçeli Satılık 3+1 Daire,none,0,0,0,0,0,none,0,,1322790074
Ara Kat,MAHMUTPAŞA MAH. SATILIK 2+1 ARAKAT DAİRE,none,0,0,0,0,0,none,0,,1323017284
,RİBANKTAN YAKACIKTA CADDE ÜZERİNDE SATILIK 1+1 65M2 FIRSAT DAİRE,none,0,0,0,0,0,none,0,,1322573903
,BAŞİSKELE KULLARDA SATILIK SIFIR GENİŞ 2+1 LÜKS DAİRE,none,0,0,0,0,0,none,0,,1306133493
,Başiskele Mahmutpaşa Mah. Karamürsel Cad. Satılık Giriş2+1 Daire,none,0,0,0,0,0,none,0,,1322982154
,ASAYRA EMLAKTAN BASİSKELE BARBOROZ DA 3+1 SATILIK DAİRE,none,0,0,0,0,0,none,0,,1305797875
Çatı Dubleksi,BAŞİSKELE MAHMUTPAŞA MAH. DENİZ MANZARALI SATILIK 3+1 DAİRE,roof,1,1,0,0,0,detail,0,,1322500970
,Remax Dream'den Pekdemir Evimiz Kocaeli'de 2+1 Satılık Daire,none,0,0,0,0,0,none,0,,1322490757
Ara Kat,BAŞİSKELE SEYMEN MAH.DENİZ MAZARALI 4+1SATILIK DAİRE,none,0,0,0,0,0,none,0,,1295373713
Ara Kat,BAŞİSKELE BARBAROS MH. DENİZ MANZARALI 3+1 SATILIK DAİRE,none,0,0,0,0,0,none,0,,1317157442
Dubleks|Ters Dubleks,BAŞİSKELENİN EN GÖZDE VE EN DEĞERLİ BÖLGESİNDE SATILIK 3+1 DAİRE,standard,1,0,0,0,1,detail,0,,1311049828
Ara Kat,ASİL GROUPTAN KULLARDA GENİŞ 2+1 ARAKAT,none,0,0,0,0,0,none,0,,1322333294
Ara Kat,BAŞİSKELE KULLAR'DA SATILIK 3+1 ZEMİN KAT SATILIK DAİRE,none,0,0,0,0,0,none,0,,1316997420
,BASİSKELE ZİRVE 77 DE SATILIK DAİRE,none,0,0,0,0,0,none,0,,1322511457
En Üst Kat,Başiskele Evimiz Kocaeli Sitesinde Satılık 3+1 Daire (Boş),none,0,0,0,0,0,none,0,,1316862629
,BAŞİSKELE KÖRFEZ MAH. 3+1 SATILIK YÜKSEK GİRİŞ,none,0,0,0,0,0,none,0,,1286719266
Dubleks,Kocaeli Başiskele seymen mh,standard,1,0,0,0,1,detail,0,,1288491307
,İMZA GM'DEN ALTINKENT 3+1 GİRİŞ KAT GENİŞ DAİRE KREDİYE UYGUN,none,0,0,0,0,0,none,0,,1322044350
,FIRSAT 4+1 SIFIR DAİRE,none,0,0,0,0,0,none,0,,1287204094
,BAŞİSKELE KULLAR'DA ULTRA LÜKS EBEVEYN BANYOLU SİTE İÇİNDE 3+1,none,0,0,0,0,0,none,0,,1316376230
Ara Kat,FIRSAT ARAYANLARA BAŞİSKELEDE ARA KAT 3+1 DAİRE KREDİYE UYGUN,none,0,0,0,0,0,none,0,,1321869915
Ara Kat,RİBANKTAN MERKEZİ KONUMDA SATILIK ARAKAT 3+1 140 M2 SIFIR DAİRE,none,0,0,0,0,0,none,0,,1316548436
,TANYILDIZ-BAŞİSKELE KÖRFEZ MH. 392 M2 İÇİNDE 3 KATLI BİNA,none,0,0,0,0,0,none,0,,1321857196
Ara Kat,Başiskele'de 3+1 iskanlı sıfır ara kat daire,none,0,0,0,0,0,none,0,,1321847925
,BAŞİSKELE DE SATILIK ARAKAT 3+1 DAİRE,none,0,0,0,0,0,none,0,,1321821650
Ara Kat,BAŞİSKELE YEŞİLYURT YA 3+1 SATILIK ARAKAT DAİRE,none,0,0,0,0,0,none,0,,1316464907
,BAŞİSKELE MERKEZDE 3+1 SATILIK GİRİŞ DAİRE,none,0,0,0,0,0,none,0,,1305868313
Ara Kat,DENİZ MANZARALI SAHİLE 100 m mesafe SAHİBİNDEN,none,0,0,0,0,0,none,0,,1321357328
Çatı Dubleksi,Başiskele Kullar'da Hazır Kiracılı Eşyalı Yatırımlık Daire!,roof,1,1,0,0,0,detail,0,,1309821712
Dubleks|Bahçe Dubleksi,"Site İçerisinde Havuzlu, Asansörlü, Bahçe Kullanımlı Lüx Daire",garden,1,0,1,0,0,detail,0,,1304607432
En Üst Kat,BAŞİSKELE SAHİLDE 3+1 SATILIK DAİRE,none,0,0,0,0,0,none,0,,1316212525
En Üst Kat,EVİMİZ KOCAELİ sitesinde,none,0,0,0,0,0,none,0,,1314892694
,BAŞİSKELE YAYLACIKTA HAVUZLU OTOPARKLI SİTEDE 2+1 REZİDANS,none,0,0,0,0,0,none,0,,1316116653
En Üst Kat,BAŞİSKELE SEYMEN SAHİL'DE DENİZ MANZARALI 3+1 ÇATI KATI DAİRE,none,0,0,0,0,0,none,0,,1315827031
Dubleks|Bahçe Dubleksi,BAŞİSKELE ALTINKENT SİTE İÇİNDE HAVUZLU SATILIK SIFIR DAİRELER,garden,1,0,1,0,0,detail,0,,1321310998
,TANYILDIZDAN KULLAR YAKACIK MAHALLESİ FIRSAT 4+1 SATILIK DAİRE,none,0,0,0,0,0,none,0,,1315695775
En Üst Kat,KALICI KONUTLARDA SİTE İÇİNDE ÖNÜ AÇIK 3+1 SATILIK DAİRE,none,0,0,0,0,0,none,0,,1316248790
Çatı Dubleksi,MİLLET CADDESİ 2+1 SAHİBİNDEN,roof,1,1,0,0,0,detail,0,,1255572123
,Ziraat Bankası'ndan Kullar Merkez Mahallesinde Mesken,none,0,0,0,0,0,none,0,,1321774875
Ara Kat,1+1 DENİZ MANZARALI SAHİLE 100 metre SIFIR DAİRE,none,0,0,0,0,0,none,0,,1285797175
,Halk Bankası'ndan Kocaeli Başiskele Satılık Konut,none,0,0,0,0,0,none,0,,1291769173
,BAŞİSKELE BARBAROS MH4+1 DAİRE,none,0,0,0,0,0,none,0,,1269434077
Çatı Dubleksi,başiskele sahilde satilik daire,roof,1,1,0,0,0,detail,0,,1320954889
Ara Kat,BARBAROS MAH PINAR CADDESİNE YAKIN 2+1 ARA KAT DAİRE,none,0,0,0,0,0,none,0,,1322536652
,BAŞİSKELE/KULLAR SATILIK 3+1 140M2 GENİŞ ARAKAT TERASLI DAİRE,none,0,0,0,0,0,none,0,,1320776792
Dubleks|En Üst Kat|Çatı Dubleksi,ListingPortal Başiskele Merkezde,roof,1,1,0,0,0,detail,0,,1263605700
Ara Kat,"LÜKS GENİŞ 2+1 ARAKAT ,3+1 FERAHLIĞINDA,KULLANIŞLI",none,0,0,0,0,0,none,0,,1321108613
,POYRAZDAN ARAKAT 2+1,none,0,0,0,0,0,none,0,,1284814876
,REMAX DREAMDEN SEYMENSAHİLE YÜRÜME MESAFESİNDE SATILIK 3+1 DAİRE,none,0,0,0,0,0,none,0,,1309529401
En Üst Kat,BAŞİSKELE EVİMİZ KOCAELİ SİTESİ'NDE SATILIK 2+1 DAİRE,none,0,0,0,0,0,none,0,,1320639899
Ara Kat,BAŞİSKELE MARMARA ELİT SİTESİ DOĞA MANZARALI HARİKA DAİRE,none,0,0,0,0,0,none,0,,1294259025
Ara Kat,"ARAKAT 2+1 DAİRE , FERAH ,KULLANIŞLI",none,0,0,0,0,0,none,0,,1321105030
,ASİL GROUPTAN KULLARDA 2+1 YÜKSEK GİRİŞ,none,0,0,0,0,0,none,0,,1310789944
,"2+1 GİRİŞ KATI DAİRE, FERAH, KULLANIŞLI",none,0,0,0,0,0,none,0,,1321084275
,SAHİBİNDEN SATILIK,none,0,0,0,0,0,none,0,,1320314496
Ara Kat,ALTINKENT KALICI KONUTLARDA 3+1 ARA KAT SATILIK TEMİZ DAİRE,none,0,0,0,0,0,none,0,,1320691749
Bahçe Dubleksi,CB ATLAS'TAN BAŞİSKELE BARBAROS'TA 3+1 SATILIK DAİRE,garden,1,0,1,0,0,detail,0,,1315514403
,ÖRS İNŞAAT TAN SERDARDA ARAKAT SATILIK 2+1 LÜKS DAİRE 85 M2,none,0,0,0,0,0,none,0,,1288130543
Ara Kat,ÖRS İNŞAAT'TAN CADDE ÜZERİNDE SATILIK 2+1 ARAKAT 90M2,none,0,0,0,0,0,none,0,,1288134897
Ara Kat,Acil SATILIK! ListingPortal Başiskelenin göbeğinde 2+1 cam balkonlu,none,0,0,0,0,0,none,0,,1318240003
,ÖRS İNŞAAT'TAN SATILIK 2+1 ARAKAT DENİZ MANZARALI CADDE ÜZERİNDE,none,0,0,0,0,0,none,0,,1312585156
,BAŞİSKELE YAYLACIKTA HAVUZLU OTOPARKLI SİTEDE 2+1 REZİDANS,none,0,0,0,0,0,none,0,,1315983359
,BAŞİSKELE YAYLACIK TA HAVUZLU OTOPARKLI SİTEDE 2+1 REZİDANS,none,0,0,0,0,0,none,0,,1315989599
,BAŞİSKELE YAYLACIK TA HAVUZLU OTOPARKLI SİTEDE 2+1 REZİDANS,none,0,0,0,0,0,none,0,,1315964267
Ara Kat,Başiskele Sıfır 3+1 Ara Kat ASANSÖRLÜ | D-130 Karayoluna 150 m,none,0,0,0,0,0,none,0,,1322753199
,Evimiz Kocaeli Sitesinde Strada AVM Yanında Prestijli Yaşam,none,0,0,0,0,0,none,0,,1279089788
,Elitkent sitesinde iskanlı geniş ful eşyalı 3+1 ara kat daire,none,0,0,0,0,0,none,0,,1321780418
Çatı Dubleksi,BAŞİSKELE DAMLAR DENİZ MANZARALI MÜSTAKİL GİRİŞ SATILIK4+1 DAİRE,roof,1,1,0,0,0,detail,0,,1324199147
Ara Kat,Yeniköy Kirazlıkent Konutlarında Satılık Ferah 2+1 Daire!,none,0,0,0,0,0,none,0,,1322973242
,ACİL KOCAELİ BAŞİSKELE DÖNGELDE ASANSÖRLÜ TERASLI 3+1 DAİRE,none,0,0,0,0,0,none,0,,1308703690
Bahçe Dubleksi,BAŞİSKELE DÖNGEL MAHALLESİ DENİZ MANZARALI SATILIK DAİRE,garden,1,0,1,0,0,detail,0,,1305987130
,ÇAKIR GAYRİMENKUL DEN BAŞİSKELE DÖNGEL MH.DE SATILIK DAİRE,none,0,0,0,0,0,none,0,,1322671222
Ara Kat,BAŞİSKELE DÖNGEL'DE 3+1 ARA KAT SATILIK DAİRE,none,0,0,0,0,0,none,0,,1325633845
Ara Kat,BAŞİSKELE SEMBOLKENT SİTESİ 3+1 HİÇ KULLANILMAMIŞ ARAKAT DAİRE,none,0,0,0,0,0,none,0,,1325832684
Ara Kat,TANTA EMLAKTAN BAŞİSKELE MERKEZDE SATILIK 3+1 ARA KAT DAİRE,none,0,0,0,0,0,none,0,,1297567444
Ara Kat,YBM Emlak'tan BAŞİSKELE KİRAZLIKENT SİTESİNDE SATILIK DAİRE,none,0,0,0,0,0,none,0,,1322582146
Ara Kat,"Başiskele Döngel'de Asansörlü, Havuzlu, 2+1 Satılık Daire",none,0,0,0,0,0,none,0,,1313971689
Ara Kat,Başiskele Sembolkent Sitesinde 2+1 Satılık Daire,none,0,0,0,0,0,none,0,,1325350914
En Üst Kat,"ListingPortal, Loft (yüksek tavanlı) eşyalı lüks daire",none,0,0,0,0,0,none,0,,1325278781
,BAŞİSKELE SEMBOLKENT SİTESİ 3+1 HİÇ KULLANILMAMIŞ SATILIK DAİRE,none,0,0,0,0,0,none,0,,1325648141
,4+1 XXL ARAYANLAR İÇİN İDEAL,none,0,0,0,0,0,none,0,,1294303408
En Üst Kat|Ara Kat,BAŞİSKELE SEMBOLKENT SİTESİ 2+1 HİÇ KULLANILMAMIŞ SATILIK DAİRE,none,0,0,0,0,0,none,0,,1325643986
,BAŞİSKELE DREAM GARDENS SİTESİNDE SATILIK DAİRE,none,0,0,0,0,0,none,0,,1324933199
,GK PRİME..BAŞİSKELE SAHİLDE MUHTEŞEM 3+1 100M2 SATILIK DAİRE,none,0,0,0,0,0,none,0,,1313515494
,Sıfır 3+1 Yerden ısıtmalı Asansörlü Önü Açık Kapanmaz Manzaralı,none,0,0,0,0,0,none,0,,1318686634
Ara Kat,BAŞİSKELE'DE DENİZ MANZARALI SATILIK ARAKAT,none,0,0,0,0,0,none,0,,1324557469
Ara Kat,TANTA EMLAK'TAN SİTE İÇERİSİNDE SATILIK 3+1 ARAKAT DAİRE,none,0,0,0,0,0,none,0,,1324766146
Dubleks|En Üst Kat|Ara Kat|Çatı Dubleksi,BAŞİSKELE'NİN EN DEĞERLİ KONUMUNDAN 4+1 SATILIK DAİRE,roof,1,1,0,0,0,detail,0,,1304577407
,Başiskele'de satılık lüks 2 + 1 ara kat daire site içerisinde,none,0,0,0,0,0,none,0,,1324469378
Ara Kat,REMAX MYRADAN KİRAZLIKENT KONUTLARI YATIRIMLIK 2+1 DAİRE,none,0,0,0,0,0,none,0,,1324600531
,GÖKKUR'DAN ENFES DENİZ MAZARALI 3+1 SATILIK DAİRE,none,0,0,0,0,0,none,0,,1310245708
,FEDERAL'DEN ACİL! KİRAZLIKENT 2+1 77m2 SATILIK DAİRE,none,0,0,0,0,0,none,0,,1318788468
,Harika konumda 2 + 1 yüksek giriş daire,none,0,0,0,0,0,none,0,,1324352583
,OLUKLU LİFE HAVUZLU SİTE İÇİ BOŞ OTURUMA HAZIR 3+1 SATILIK DAİRE,none,0,0,0,0,0,none,0,,1307082471
Ara Kat,CB MAHALL'DEN TERASLI DÖNGEL'DE 2+1 SATILIK ARA KAT DAİRE,none,0,0,0,0,0,none,0,,1318853225
Ara Kat,EMLAK PROPERTY'DEN KİRAZLI KENT KONUTLARINDA SATILIK 2+1 DAİRE,none,0,0,0,0,0,none,0,,1290502877
Çatı Dubleksi,"TAMAMI KREDİYE UYGUN DÖNGELDE, SİTEDE 3+1 DENİZ MAN 170M2 ÇATI D",roof,1,1,0,0,0,detail,0,,1307077526
Ara Kat,BAŞİSKELE DÖNGEL ÖNÜ TAMAMEN AÇIK DENİZ MANZARALI 3+1 ARAKAT,none,0,0,0,0,0,none,0,,1324275825
,Kirazlikent bakımlı yapılı daire,none,0,0,0,0,0,none,0,,1324054816
Ara Kat,BAŞİSKELE KARŞIYAKA KOLAYLI SİTESİ SATILIK,none,0,0,0,0,0,none,0,,1241144629
,DAMLAR OKSİJEN KONAKLAR 4+1 SATILIK EVİM SİSTEMİNE KREDİYE UYGUN,none,0,0,0,0,0,none,0,,1320789231
Bahçe Dubleksi,GÖKKUR'DAN 3+1 SIFIR DAİRE BAŞİSKELE Ş. DÖNGEL MAHALLESİ,garden,1,0,1,0,0,detail,0,,1309814559
Bahçe Dubleksi,GÖKKUR'DAN HOBİ BAHÇELİ (50 m2 ) 3+1 SATILIK DAİRE,garden,1,0,1,0,0,detail,0,,1309837450
Ara Kat,BAŞISKELE DÖNGEL MAH. 3+1 ARA KAT DAİRE ASANSÖRLÜ,none,0,0,0,0,0,none,0,,1278882859
Ara Kat,SAHİBİNDEN SİTE İÇİ ARA KAT 2+1,none,0,0,0,0,0,none,0,,1300512565
,Başiskele Kirazlıkent'te Bahçe katı 2+1 77 m2,none,0,0,0,0,0,none,0,,1317203265
,KOCAELİ BAŞİSKELE OLUKLU LİFE SİTESİ SATILIK 4+1 ARAKAT DAİRE,none,0,0,0,0,0,none,0,,1297978860
,KİRAZLIKENT SİTESİNDE SATILIK 2+1 DAİRE,none,0,0,0,0,0,none,0,,1322120851
En Üst Kat,BAŞİSKELE KARŞIYAKA KOLAYLI SİTESİNDE SATILIK 3+1 DAİRE,none,0,0,0,0,0,none,0,,1258621373
En Üst Kat,3+1 ÜST KAT DENİZ MANZARALI ASANSÖRLÜ SİTE İÇİ DAİRE,none,0,0,0,0,0,none,0,,1321393778
,SATILIK DAİRE,none,0,0,0,0,0,none,0,,1316152859
,ASİL GROUPTAN SEMBOLKENT SİTESİNDE YÜKSEK GİRİŞ 2+1,none,0,0,0,0,0,none,0,,1233595382
,Başiskelede 3+1 Lüks 125+85m2 Müstakil Bahçe Manzaralı Daire,none,0,0,0,0,0,none,0,,1292589838
Ara Kat,BAŞİSKELE KİRAZLIKENT SİTESİNDE SATILIK 2+1 ARAKAT DAİRE,none,0,0,0,0,0,none,0,,1309525376
,FULL DENİZ MANZARALI SIFIR LÜKS 2+1 110 M2 YERDEN ISITMABALKONLU,none,0,0,0,0,0,none,0,,1313216407
Ters Dubleks,Satılık 3+1 Daire,standard,1,0,0,0,1,detail,0,,1303420945
,"YENİKÖY'DE DENİZ MANZARALI, KONUT İMARLI ARSA PAYI İLE 3+1 DAİRE",none,0,0,0,0,0,none,0,,1325788946
,ListingPortal Deniz manzaralı Doğa ile iç içe 3+1,none,0,0,0,0,0,none,0,,1325203559
Çatı Dubleksi,Üst Grup'tan Başiskele Üstpark Afraze'de deniz manzaralı 2+1,roof,1,1,0,0,0,detail,0,,1258303848
Çatı Dubleksi,TANYILDIZ-BAŞİSKELE\YENİKÖY 150M2 GENİŞ KULLANIMLI SATILIK 4+1,roof,1,1,0,0,0,detail,0,,1317913802
Bahçe Dubleksi,REMAX EFFECT'TEN BAŞİSKELE ÜSTPARK AFRAZE SATILIK 3+1 DAİRE,garden,1,0,1,0,0,detail,0,,1322671971
Ara Kat,RE/MAX DREAM'den Yeniköy Kalıcı Konutlar Satılık 3+1 Ara Kat,none,0,0,0,0,0,none,0,,1317217431
,"Bahçeli, Mini Villa Havasında LÜKS 1+1 DAİRE",none,0,0,0,0,0,none,0,,1320985250
Bahçe Dubleksi,ÜST PARK SİTESİNDE ÖZEL BAHÇE KULLANIM ALANLI 3+1 SATILIK DAİRE,garden,1,0,1,0,0,detail,0,,1315632824
Ara Kat,BAŞİSKELE PAŞADAĞ'DA DOĞA MANZARALI SATILIK 3+1 ARAKAT DAİRE,none,0,0,0,0,0,none,0,,1322239422
Dubleks|Ara Kat,BAŞİSKELE PAŞADAĞ'DA SOSYAL DONATILI 2+1 SATILIK ARAKAT DAİRE,standard,1,0,0,0,1,detail,0,,1321999292
,BAHÇE KEYFİ BAŞLASIN,none,0,0,0,0,0,none,0,,1245321842
Ara Kat,"KAÇIRILMAYACAK FIRSAT! KİRACILI, GENİŞ 2+1 ARA KAT DAİRE",none,0,0,0,0,0,none,0,,1326386731
,YUVACIK PAŞADAĞINDA ARAKAT 2+1 SATILIK DAİRE,none,0,0,0,0,0,none,0,,1320254164
,BAŞİSKELE FATİH MAH.DE SATILIK 3+1 ARA KAT DAİRE,none,0,0,0,0,0,none,0,,1326377144
Bahçe Dubleksi,Attichouse'tan Satılık Bahçeli 4+1 Daire Manar 4 Sitesi Doğa Man,garden,1,0,1,0,0,detail,0,,1193538339
,BAŞİSKELE FATİH DE SATILIK MUHTEŞEM ARAKAT DAİRE,none,0,0,0,0,0,none,0,,1315045699
Bahçe Dubleksi,Zeray Korupark Bahçe Katında Satılık 4+1 Daire,garden,1,0,1,0,0,detail,0,,1286092985
Çatı Dubleksi,BAŞİSKELE PAŞADAĞ MH. YUVANA SİT. HAVUZ MANZARALI 4+1 SATILIK,roof,1,1,0,0,0,detail,0,,1326225998
Ara Kat,BAŞİSKELE FATİH MAHALLESİ FERAH 3+1 SATILIK ARAKAT DAİRE,none,0,0,0,0,0,none,0,,1314174188
,Başiskele Fatih Mahallesinde Site Satılık sıfır 3+1 Ara Kat,none,0,0,0,0,0,none,0,,1320259972
,ZERAY KENT SATILIK İÇİ YAPILDI 4+1,none,0,0,0,0,0,none,0,,1314269065
Ara Kat,BAŞİSKELE MAHALLESİ'NDE SATILIK ARA KAT 2+1 DAİRE,none,0,0,0,0,0,none,0,,1323161576
Ara Kat,BAŞİSKELE MY HOUSE HAVUZLU SİTE İÇİNDE SATILIK 2+1 ARA KAT DAİRE,none,0,0,0,0,0,none,0,,1295916259
Çatı Dubleksi,SY GAYRİMENKULDAN FATIH MAHALLESI'NDE BÜYÜK TERASLI 3 + 1 DAIRE,roof,1,1,0,0,0,detail,0,,1326043182
En Üst Kat,SY GAYRİMENKULDAN ORKA LIFE 2 MANZARALI İÇİ LÜKS 1 + 1 DAİRE,none,0,0,0,0,0,none,0,,1326035055
Dubleks|Çatı Dubleksi,BAŞİSKELE PAŞADAĞ MAHALLESİ'NDE FERAH VE KULLANIŞLI 4+1 DAİRE,roof,1,1,0,0,0,detail,0,,1319925096
,ROYAL COUNTRY SİTESİNDE SATILIK ARA KAT DAİRE,none,0,0,0,0,0,none,0,,1229378785
Ara Kat,Manar Cityde Kaçırılmayacak Fırsat,none,0,0,0,0,0,none,0,,1267544442
,BAŞİSKELE FATİH MAH.TINAZTEPE 2+1 ARKA ARA KAT KUPON DAİRE,none,0,0,0,0,0,none,0,,1319698340
Ara Kat,LOFT GROUP GM'DEN BAŞİSKELE FATİH'TE FIRSAT 3+1 ARA KAT,none,0,0,0,0,0,none,0,,1325980635
Ara Kat,FATİH MAH EŞSİZ DOĞA MANZARALI EBEVEYN B. 3+1 ARAKAT 172M2 DAİRE,none,0,0,0,0,0,none,0,,1314599610
Ara Kat,Yuvacık Armoni 2'de Deniz Manzaralı 2+1 Arakat Daire,none,0,0,0,0,0,none,0,,1314706740
,3+1 arakat daire,none,0,0,0,0,0,none,0,,1314504687
Dubleks,KOCAELİ BAŞİSKELE FATİH MAHALLESİ SATILIK DAİRE,standard,1,0,0,0,1,detail,0,,1325938204
,YUVACIKTA DOĞA MANZARALI 2+1 BAHÇELİ GİRİŞ KAT DAİRE,none,0,0,0,0,0,none,0,,1275931801
Dubleks,PAŞADAGINDA 3+1 VADİ MANZARALI SATILIK DAİRE,standard,1,0,0,0,1,detail,0,,1322475396
Ara Kat,BAŞİSKELE AKKURT ROYAL SİTESİNDE ARAÇ TAKASINA AÇIK 3+1 DAİRE,none,0,0,0,0,0,none,0,,1248859960
Çatı Dubleksi,BAŞİSKELE FATİH MAHALLESİN'DE SATILIK 4+1 182M2 TERASLI DAİRE,roof,1,1,0,0,0,detail,0,,1325798734
Ara Kat,EKSİOĞLU LİFECİTY'DE SATILIK DENİZ MANZARALI 3+1 ARAKAT DAİRE,none,0,0,0,0,0,none,0,,1292034727
,C&G GÜLŞEN EMLAK GAYRİMENKULDEN SATILIK 2+1 DAİRE,none,0,0,0,0,0,none,0,,1322873632
Ara Kat,BAŞİSKELE YUVACIK BAHÇEKENT KONUTLARI SATILIK 2+1 DAİRE,none,0,0,0,0,0,none,0,,1319745470
,KW ARVEN'den AKKURT ROYAL'de 3+1 GENİŞ BAHÇELİ KÖŞE DAİRE,none,0,0,0,0,0,none,0,,1202207928
,VakıfBank'tan Satılık 3+1 Daire,none,0,0,0,0,0,none,0,,1287137323
Ara Kat Dubleks,BAŞİSKELE'DE LÜKS SİTE İÇERİSİNDE SATILIK 3+1 DAİRE...,middle_floor,1,0,0,1,0,detail,0,,1233550656
,ASAF EMLAKtan Başiskelede Manzaralı 4+1 Satılık Daire,none,0,0,0,0,0,none,0,,1284596249
,"3+1 YÜKSEK KREDİLİ, İSKANLI ARAKAT BAŞİSKELE Paşadağ'da 137m²",none,0,0,0,0,0,none,0,,1314996803
En Üst Kat,Acil satılık,none,0,0,0,0,0,none,0,,1305191817
,TURYAP PALASTAN BAŞİSKELE ZERAY PERLA MÜSTAKİL BAHÇELİ 3+1 DAİRE,none,0,0,0,0,0,none,0,,1255583064
Ara Kat,SALMİYE SİTESİNDE 2+1 BOŞ DAİRE,none,0,0,0,0,0,none,0,,1319640235
Ara Kat,TED Koleji Yanı Zeray Güneşi Sitesi'nde Satılık Eşyalı 3+1,none,0,0,0,0,0,none,0,,1319604740
Ara Kat,REMAX MYRA'DAN ZERAY GÜNEŞİNDE SATILIK 3+1 ARAKAT DAİRE,none,0,0,0,0,0,none,0,,1308295898
Ara Kat,YUVACIK YAKAMOZ ASANSÖRLÜ ARA KAT KAPALI MUTFAK SATILIK 2+1,none,0,0,0,0,0,none,0,,1280845591
Bahçe Dubleksi,Royal Country Sitesinde Fırsat Daire,garden,1,0,1,0,0,detail,0,,1259369085
,HEM OTURUMLUK HEM YATIRIMLIK...,none,0,0,0,0,0,none,0,,1318524716
En Üst Kat|Çatı Dubleksi,ASİL GROUPTAN BAŞİSKELE FATİH MAH DE 3+1 FERAH DAİRE,roof,1,1,0,0,0,detail,0,,1289723075
En Üst Kat,YUVACIK MERKEZ'DE KAÇIRILMAYACAK FIRSAT DAİRE,none,0,0,0,0,0,none,0,,1281862211
,REMAX' PAŞADAĞ YAKAMOZ KONUTLARI 18.000₺ KİRACILI 2+1 DAİRE,none,0,0,0,0,0,none,0,,1319424900
Çatı Dubleksi,BAŞİSKELE ORKA BOUTIQUE TE FULL DOĞA MANZARALI SATILIK 3+1 DAİRE,roof,1,1,0,0,0,detail,0,,1319146766
Ara Kat,KW ARVEN'DEN FATİH MAH. SATILIK 3+1 DAİRE,none,0,0,0,0,0,none,0,,1325653814
Ara Kat,PAŞADAĞ MH 2+1 ARAKAT DAİREMİZ SATILIKTIR,none,0,0,0,0,0,none,0,,1313894943
,YATIRIMLIK KİRACI GARANTİLİ KUPON DAİRE,none,0,0,0,0,0,none,0,,1265556362
,SATIŞ OFİSİNDEN BAŞİSKELEDE 3+1 ARA KAT DAİRE,none,0,0,0,0,0,none,0,,1313799627
Çatı Dubleksi,Kocaeli Başiskele Fatih Mah Doğa ve Deniz Manzaralı 4+1 Daire,roof,1,1,0,0,0,detail,0,,1325543501
Ara Kat,BAŞİSKELE YUVACIK FATİH MAHALLESİ GENİŞ 2+1 ARAKAT DAİREMİZ,none,0,0,0,0,0,none,0,,1316953611
Ara Kat,REMAX MYRA'DAN ASANSÖRLÜ SATILIK 2+1 ARAKAT SIFIR DAİRE,none,0,0,0,0,0,none,0,,1308723468
Ara Kat,DERİN'DEN SİTE İÇİ YENİLENMİŞ 2+1 ACİL SATILIK DAİRE,none,0,0,0,0,0,none,0,,1325706019
Ara Kat,BAŞİSKELE FATİH MAH ÜSTPARK SİTESİ SATILIK 2+1 ARAKAT DAİRE,none,0,0,0,0,0,none,0,,1314265636
,VİZYON'DAN MUHTEŞEM KONUM TERAS-ASANSÖR,none,0,0,0,0,0,none,0,,1325469492
Ara Kat,ZERAY PERLA SİTESİNDE SATILIK ARAKAT 3+1,none,0,0,0,0,0,none,0,,1298829312
Ara Kat,Doku Gayrimenkul'den Tınaztepe Cad. Satılık 2+1 Arakat daire,none,0,0,0,0,0,none,0,,1319990729
Ara Kat,BAŞİSKELE YUVANA EVLERİNDE SATILIK 2+1 ARAKAT DAİRE SON 3 GÜN!,none,0,0,0,0,0,none,0,,1324037217
,Başiskele Yuvacık ta Manar 3 Sitesinde Düz Geniş Bahçeli Daire,none,0,0,0,0,0,none,0,,1317300321
,"Başiskele'de Bahçeli 3+1 Daire, Yüksek Giriş, 141m²",none,0,0,0,0,0,none,0,,1317129226
,DERİN'DEN FIRSAT!BAŞİSKELE AURAPARK SİTESİ'NDE SATILIK 2+1 DAİRE,none,0,0,0,0,0,none,0,,1316925913
Ara Kat,FIRSAT!! 2+1 ARA KAT DAİRE,none,0,0,0,0,0,none,0,,1313928639
,BAŞİSKELE FATİH MAH. TINAZTEPE 2+1 ÖN ARAKAT SATILIK DAİRE,none,0,0,0,0,0,none,0,,1319689531
,BAŞİSKELE FATİH MAH. SİTE İÇERİSİNDE SATILIK DAİRE,none,0,0,0,0,0,none,0,,1325339539
,ListingPortal Satılık arakat 3+1,none,0,0,0,0,0,none,0,,1325310403
,BAŞİSKELE FATİH MAHALLESİNDE SATILIK 2+1 GİRİŞ KAT DAİRE,none,0,0,0,0,0,none,0,,1325299030
Ara Kat,DENİZ MANZARALI ROYAL COUNTRY DE SATILIK 3+1 ARAKAT DAİRE,none,0,0,0,0,0,none,0,,1285269499
Ara Kat,YUVANA SİTESİNDE SATILIK 3+1 ARAKAT GENİŞ DAİRE,none,0,0,0,0,0,none,0,,1274177943
Ara Kat,BAŞİSKELE FATİH .MH LOKASYONU HARİKA FIRSAT 2+1 ARAKAT DAiRE,none,0,0,0,0,0,none,0,,1299525537
Çatı Dubleksi,LOFT GROUP GM'DEN BAŞİSKELE FATİH'TE ACİL SATILIK 4+1 ÇATI KATI,roof,1,1,0,0,0,detail,0,,1309915628
,Erenoğlu Gayrimenkulden Acil Satılık Fırsat Daire,none,0,0,0,0,0,none,0,,1325315089
,KELEPİR 2+1 YÜKSEK GİRİŞ EBEVEYN BANYOLU,none,0,0,0,0,0,none,0,,1325275246
,listing_portal satılık,none,0,0,0,0,0,none,0,,1325045089
Ara Kat,BAŞİSKELE YUVACIK ZERAY GÜNEŞİ 1+1 ARA KAT SATILIK DAİRE,none,0,0,0,0,0,none,0,,1322591225
,Başiskele havuzlu Satılık sitede 2+1,none,0,0,0,0,0,none,0,,1316510416
Ara Kat,ADAHAN GAYRİMENKUL'DEN BAŞİSKELE PAŞADAĞ MAH.SATILIK 2+1 ARA KAT,none,0,0,0,0,0,none,0,,1280146582
Ara Kat,PAŞADAĞ MAHALLESİNDE YATIRIMLIK SATILIK YÜKSEK GİRİŞ 2+1 DAİRE,none,0,0,0,0,0,none,0,,1296317272
Ara Kat,BAŞİSKELE FATİH MAH. E. BANYO 3+1 ARAKAT YERDEN ISITMALI,none,0,0,0,0,0,none,0,,1246570573
,Vadi Yuvacık Sitesi SINIRSIZ KREDİ İMKANI,none,0,0,0,0,0,none,0,,1317113920
En Üst Kat,YUVACIK YAKAMOZ EVLERİNDE SATILIK ASANSÖRLÜ 2+1 TEMİZ DAİRE,none,0,0,0,0,0,none,0,,1302420583
Ara Kat,BAŞİSKELE PAŞADAĞDA 2+1 KULLANIŞLI ARAKAT SIFIR DAİRE,none,0,0,0,0,0,none,0,,1307956109
,Aydınkent 20.Ada 1.kat 3+1,none,0,0,0,0,0,none,0,,1321832021
,FULL DENİZ MANZARALI 220 M2 3 BANYOLU 3+1 DAİRE (SİTEDE),none,0,0,0,0,0,none,0,,1322220367
,SATILIK YÜKSEK GİRİŞ 2+1 DAİRE,none,0,0,0,0,0,none,0,,1307987084
Ara Kat,ADAHAN GAYRİMENKUL'DEN BAŞİSKELE PAŞADAĞ MAH.SATILIK 2+1 ARA KAT,none,0,0,0,0,0,none,0,,1289538184
Ara Kat,CB Mahall'den Geniş 2+1 Ara Kat Daire,none,0,0,0,0,0,none,0,,1325293357
,FIRSAT DAİRE! BAŞİSKELE FATİH MH 2+1 ARA KAT,none,0,0,0,0,0,none,0,,1325277730
Bahçe Dubleksi,Attichouse'tan Satılık Villa Konseptli 4+1 Daire Manar 4 Sitesi,garden,1,0,1,0,0,detail,0,,1316297981
Ara Kat,BAŞİSKELE FATİH MAHALLESİN'DE 3+1 SATILIK ARA KAT DAİRE,none,0,0,0,0,0,none,0,,1305229294
Ara Kat,BAŞİSKELE' DE DENİZ MANZARALI ARAKAT 3+1 ( LİMİTSİZ KREDİ ),none,0,0,0,0,0,none,0,,1313033092
,KOCAELİ DİŞ HASTANESİNE KOMŞU FIRSAT 2+1 ARAKAT,none,0,0,0,0,0,none,0,,1321866817
Ara Kat,BAŞİSKELE FATİH MAHALLESİNDE 2+1 ARA KAT DAİRE,none,0,0,0,0,0,none,0,,1321865382
Ara Kat,BAŞİSKELE FATİH MAHALLESİ PROJEDEN 125 M2 SATILIK 3+1 ARAKAT,none,0,0,0,0,0,none,0,,1310823795
,SATIŞ OFİSİNDEN ASANSÖRLÜ 2+1 ARA KAT DAİRE,none,0,0,0,0,0,none,0,,1317326811
Çatı Dubleksi,RİBANKTAN SİTE İÇİ SATILIK 3+1 FIRSAT DAİRE,roof,1,1,0,0,0,detail,0,,1307688741
Ara Kat,DERİN'DEN FIRSAT! ZERAY PERLA2' DE SATILIK 2+1 ARA KAT DAİRE,none,0,0,0,0,0,none,0,,1316720831
Ara Kat,"Manar Terrace'ta Ebeveyn Banyolu, Kış Bahçeli 3+1 Daire",none,0,0,0,0,0,none,0,,1307633330
Ara Kat,Yuvacık Paşadağı MH. Site İçinde Satılık 3+1 Ara Kat,none,0,0,0,0,0,none,0,,1303484502
,PAŞADAĞ MAHHALESİ 4+1 FIRSAT DAİRE,none,0,0,0,0,0,none,0,,1322181739
,REMAX DREAMDEN AKKURT ROYAL CİTY DE GENİŞ 2+1 SATILIK DAİRE,none,0,0,0,0,0,none,0,,1255108973
Ara Kat,"CB Mahall""den Tınaztepede 2+1 Geniş Ara Kat",none,0,0,0,0,0,none,0,,1325315288
Ara Kat,BAŞISKELE YUVACIK 3+1 ASANSÖRLÜ DÜZ DAİRE,none,0,0,0,0,0,none,0,,1324773589
Ara Kat,Zeray Korupark'ta Satılık Eşyalı 2+1 Doğa Manzaralı Daire,none,0,0,0,0,0,none,0,,1324572415
Dubleks,AKKURT ROYAL CİTY YUVACIK 3+1 GENİŞ TERASLI FERAH DAİRE,standard,1,0,0,0,1,detail,0,,1311445862
Çatı Dubleksi,BAŞİSKELE ÜSTPARK YUVACIK SİTESİNDE KUSURSUZ 4+1 SATILIK DAİRE,roof,1,1,0,0,0,detail,0,,1283421763
,KOCAELİ/ BAŞİSKELE GEYLAN İNŞAAT PROJESİN'DEN SATILIK 2+1 DAİRE,none,0,0,0,0,0,none,0,,1310041365
Ara Kat,BAŞİSKELE PANORAMA 4 SİTESİNDE SATILIK SIFIR 4+1 ARA KAT,none,0,0,0,0,0,none,0,,1273312692
,1.69 KREDİ AVNATAJI BAŞLADI YUVACIKTA HEM YATIRIMLIK HEM OTURMLK,none,0,0,0,0,0,none,0,,1324511182
Dubleks|En Üst Kat|Çatı Dubleksi,GÜLŞEN EMLAKTAN PAŞADAĞ EVLERİNDE KACIRILMAYACAK FIRSAT,roof,1,1,0,0,0,detail,0,,1290628664
Ara Kat,"Başiskele Zeray Güneş'te 2+1 Lüks Daire, Muhteşem Manzaralı!",none,0,0,0,0,0,none,0,,1122171211
Ara Kat,ERENOĞLU GM'DEN SATILIK 2+1 ASANSÖRLÜ ARAKAT DAİRE,none,0,0,0,0,0,none,0,,1310965979
En Üst Kat,İMZA GY'DEN BAHÇEKENT KONUTLARINDA TEMİZ YAPILI 2+1 DAİRE,none,0,0,0,0,0,none,0,,1307066762
Ara Kat,REMAX EFFECT PAŞADAĞ MH. ASANSÖRLÜ GENİŞ 1+1 SATILIK DAİRE,none,0,0,0,0,0,none,0,,1307323672
,BAHÇEKENT SİTESİNDE GİRİŞ KAT SATILIK DAİRE,none,0,0,0,0,0,none,0,,1316270347
Ara Kat,ERENOĞLU GM'DEN PAŞADAĞ MAH ARA KAT 3+1 SATILIK DAİRE,none,0,0,0,0,0,none,0,,1322158435
Ara Kat,"Manar 3'te Eşyalı, Ara Kat 3+1 Satılık Daire",none,0,0,0,0,0,none,0,,1227858641
Ara Kat,"ACİL SATILIK , YATIRIMLIK DAİRE ! 1 Yaşında Bina, 1+1",none,0,0,0,0,0,none,0,,1324252252
Ara Kat,BAŞİSKELE YUVACIK'IN GÖZDE BÖLGESİNDE 1.69 KREDİ DESTEKLİ 3+1,none,0,0,0,0,0,none,0,,1324507330
Ara Kat,BAŞİSKELE FATİH MAHALLESİNDE SİTE İÇİ 3+1 119M2 SATILIK ARAKAT..,none,0,0,0,0,0,none,0,,1262484159
Ara Kat,ACİL Başiskele'Fatih Mah Site İçinde Manzaralı Lüks 3+1 Arakat,none,0,0,0,0,0,none,0,,1257298330
,"BAŞİSKELE AYDINKENT'TE ÖNÜ AÇIK, YATIRIMLIK MASRAFSIZ 3+1 DAİRE",none,0,0,0,0,0,none,0,,1324257390
Ara Kat,BAŞİSKELE FATİH MAH'DE SİTE İÇERİSİNDE FERAH 3+1 SATILIK DAİRE,none,0,0,0,0,0,none,0,,1316904142
,ilk gelen nasibini alır son bir hafta,none,0,0,0,0,0,none,0,,1324211723
Dubleks,HALİÇCİTY EMLAKTAN BAŞİSKELE FATİH MAH 3+1 // DENİZ MANZARALI //,standard,1,0,0,0,1,detail,0,,1321732893
Ara Kat,LİFESİDE SİTESİNDE MUHTEŞEM KONUMDA SATILIK 3+1 DAİRE,none,0,0,0,0,0,none,0,,1309590081
Ara Kat,REMAX MYRADAN BAŞİSKELEDE ASANSÖRLÜ 2 BANYOLU ARAKAT 3+1 DAİRE,none,0,0,0,0,0,none,0,,1324769117
Ara Kat,TINAZTEPE CAD. PANORAMİK DENİZ MANZARALI 3+1 ARAKAT DAİRE,none,0,0,0,0,0,none,0,,1226260812
,BAŞİSKELE FATİH MH. MANZARALI 2+1 ARA KAT SATILIK DAİRE,none,0,0,0,0,0,none,0,,1324048905
Ara Kat,SATIŞ OFİSİNDEN BAŞİSKELE FATİH MAH. ASANSÖRLÜ 3+1 ARA KAT DAİRE,none,0,0,0,0,0,none,0,,1271283064
En Üst Kat,TED Koleji Yanı Zeray Güneşin de köşe konumlu Satılık Eşyalı3+1,none,0,0,0,0,0,none,0,,1318620928
,Zeray Perla lüks geniş sıfır bahçeli 3+1 daire acil satılık,none,0,0,0,0,0,none,0,,1315776595
Ara Kat,Lotus Evleri 2/Site İçi Satılık 2+1 105 M² Arakat,none,0,0,0,0,0,none,0,,1322227566
,Orkalife2 Fırsat Satılık 4+1 daire,none,0,0,0,0,0,none,0,,1324434034
Ara Kat,Başiskele Vadi Prestij'de Manzaralı 4+1 Lüks Arakat Daire,none,0,0,0,0,0,none,0,,1293568460
Çatı Dubleksi,BAŞİSKELE ORKA BOUTIQUE TE SATILIK 3+1 ARAKATDÜZ DAİRE,roof,1,1,0,0,0,detail,0,,1204339281
Ara Kat,ListingPortal Yuvacık Doğa Evleri Bakımlı 3+1,none,0,0,0,0,0,none,0,,1312605184
Ara Kat,SATILIK 3+1 GENİŞ ARAKAT | ÖNÜ KAPANMAZ FULL DOĞA MANZARALI,none,0,0,0,0,0,none,0,,1296009672
Çatı Dubleksi,KOCAELİ BAŞİSKELE YUVACIK YUVANA EVLERİ'NDE 5+1 DAİRE,roof,1,1,0,0,0,detail,0,,1309684246
Bahçe Dubleksi,Kocaeli Başiskele Yuvacık Hayalinizdeki Bahçeli Aile Yaşamı,garden,1,0,1,0,0,detail,0,,1318418470
,ORKA LIFE 2 SİTESİ DÜZ 4+1 BAHÇE KATI ŞAHSİ ALANLI,none,0,0,0,0,0,none,0,,1320837800
Ara Kat,Başiskele Paşadağ Mah.de Arakat Asansörlü 2+1 Satılık Daire,none,0,0,0,0,0,none,0,,1318429077
Dubleks,"//Fırsat!// 3+1 daire, en lüks sitede satılık",standard,1,0,0,0,1,detail,0,,1318599810
,BAŞİSKELE - FATİH MAH - 3+1 - ARA KAT - MANAR YUVACIK SİTESİ,none,0,0,0,0,0,none,0,,1283594862
Bahçe Dubleksi,Kocaeli Başiskele Yuvacık EN GÖZDE LOKASYONUNDA LÜKS YAŞAM,garden,1,0,1,0,0,detail,0,,1318464114
Ara Kat Dubleks,TAMAMI KREDİLİ AKASYA MODERN SİTE SATILIK 4+1 (SİTENİN EN İYİSİ),middle_floor,1,0,0,1,0,detail,0,,1306996113
Ara Kat,Nicomedia'dan Paşadağ Yakamoz Sitesinde Boş 2+1 80m²Arakat Daire,none,0,0,0,0,0,none,0,,1323676115
Ara Kat,YUVACIK FATİH MAH ESILA PARK SİTESİNDE GENİŞ ARA KAT DAİRE,none,0,0,0,0,0,none,0,,1320608332
,Erenoğlu Gayrimenkul'den Akkurt Royal City de Arakat Daire,none,0,0,0,0,0,none,0,,1290460718
,Zeray Kentte 95 M2 2+1 Satılık Ara Kat Daire,none,0,0,0,0,0,none,0,,1293573938
Ara Kat,SOR TÜRKİYE'DEN PAŞADAĞ'DA GENİŞ AYRI MUTFAKLI 2+1 ARAKAT DAİRE,none,0,0,0,0,0,none,0,,1295142094
Ara Kat,Başiskele Fatih Mah. 2+1 Ara Kat Satılık Daire,none,0,0,0,0,0,none,0,,1323354871
,REYYAN KONAKLARINDA FULL DENİZ MANZARALI PRESTİJLİ 2+1 DAİRE,none,0,0,0,0,0,none,0,,1318016270
,ACİLSATILIK| Elegant Gardenda HavuzveDoğa Manzaralı 3+1AraKat,none,0,0,0,0,0,none,0,,1324098535
,Zeray Güneşinde Satılık 2+1 Deniz ve Şehir Man. Ara Kat Daire,none,0,0,0,0,0,none,0,,1318208382
Bahçe Dubleksi,ZerayGüneşi'nin EnPrestijli Bloğunda،Geniş Geniş Özel Bahçeli3+1,garden,1,0,1,0,0,detail,0,,1324473167
Çatı Dubleksi,24 AY TAKSİT SEÇENEKLERİMİZ İÇİN BİZİMLE İLETİŞİME GEÇİN,roof,1,1,0,0,0,detail,0,,1252581845
Ara Kat,"BAŞİSKELE PAŞADAĞDA MODERN TASARIMLI, FERAH 3+1 ARA KAT DAİRE!",none,0,0,0,0,0,none,0,,1295420816
Ara Kat|Çatı Dubleksi,BAŞİSKELE'DE 140 M² EMSALSİZ GENİŞLİKTE EBEVEYN BANYOLU DAİRE,roof,1,1,0,0,0,detail,0,,1315563218
En Üst Kat,DERİN'DEN YATIRIM FIRSATI! SİTE İÇERİSİNDE GENİŞ 3+1 DÜZ DAİRE,none,0,0,0,0,0,none,0,,1320757778
Ara Kat,REMAX MYRADAN ZERAY GÜNEŞİNDE SATILIK 2+1 ARAKAT 2 BANYO DAİRE,none,0,0,0,0,0,none,0,,1324426252
Ara Kat,BAŞİSKELEDE HAVUZLU SİTEDE EBVYN BANYOLU SATILIK DAİRE,none,0,0,0,0,0,none,0,,1318020124
,Havuzlu korunaklı daire arayanlar...,none,0,0,0,0,0,none,0,,1323416095
Dubleks|En Üst Kat|Çatı Dubleksi,INVEST GLOBALDEN ZERAY KENT SİTESİNDE SATILIK 3+1 SİTE İÇİ DAİRE,roof,1,1,0,0,0,detail,0,,1317804916
En Üst Kat,AYDINKENT KONUTLARI 3+1 100M² DENİZ MANZARALI DAİRE SATILIKTIR,none,0,0,0,0,0,none,0,,1312206600
Ters Dubleks,BAŞİSKELE YUVACIK SECRET GARDEN SİTESİ 3+1 SATILIK DAİRE,standard,1,0,0,0,1,detail,0,,1292711672
Ara Kat,SATILIK ARA KAT DAİRE 3+1 / 137 M²,none,0,0,0,0,0,none,0,,1300870949
Ara Kat,"Başiskele Yuvacık Satılık 2+1, Asansörlü, Sıfır Daire",none,0,0,0,0,0,none,0,,1309680631
,Halk Bankası'ndan Kocaeli Başiskele Satılık Konut,none,0,0,0,0,0,none,0,,1316413867
Ara Kat,BAŞİSKELE FATİH MAHALLESİNDE HAVUZLU SİTEDE 1+1 SATILIK DAİRE,none,0,0,0,0,0,none,0,,1312332609
Ara Kat,Başiskele Paşadağda Prestijli Yaşam Sunan Lüks 2+1 Daire,none,0,0,0,0,0,none,0,,1320636347
,BAŞISKELE YUVACIK SİTEİÇİ DENİZ MANZARALI 2+1,none,0,0,0,0,0,none,0,,1312447093
Ara Kat,Akademik Elit Park Sitesi'nde 3+1 Ferah Daire,none,0,0,0,0,0,none,0,,1299874731
Bahçe Dubleksi,Neşe Emlaktan Başiskele ritim vadi evlerinde muhteşem daire,garden,1,0,1,0,0,detail,0,,1278689409
Ara Kat,FIRSAT 2+1 ARAKAT DAİRE OTURUMA HAZIR GENİŞ METRE KARE,none,0,0,0,0,0,none,0,,1323129892
Dubleks|Bahçe Dubleksi,ZERAY KORUPARK VİLLA TADINDA MÜSTAKİL BAHÇELİ SATILIK 4+1,garden,1,0,1,0,0,detail,0,,1317663075
Ara Kat,PAŞADAĞ MAH ORKA BOUTIQUE SİTESİNDE FULL MANZARALI 2+1 DAİRE,none,0,0,0,0,0,none,0,,1266294877
Ara Kat,REMAX MYRADAN BAŞİSKELE ÜSTPARK YUVACIK SİTESİ ARAKAT 2+1 DAİRE,none,0,0,0,0,0,none,0,,1316020608
,"Sıfır Geniş Ferah 2+1 Arakat , Asansörlü , Ön Cephe",none,0,0,0,0,0,none,0,,1317297880
Ara Kat,EMLAKÇIM41'DE BAŞİSKELE/ FATİH MH.DE MANZARALI GENİŞ 3+1 ARA KAT,none,0,0,0,0,0,none,0,,1322777146
Ara Kat,BAŞİSKELE YUVACIK FATİH MAH.SATILIK 2+1 ARA KAT DAİRE,none,0,0,0,0,0,none,0,,1323999469
Ara Kat,BAŞİSKELE ROYAL COUNTRY SİTESİNDE SATILIK ARA KAT DAİRE,none,0,0,0,0,0,none,0,,1310286046
Ara Kat,BAŞİŞKELE PAŞADAĞ'DA FIRSAT SATILIK 2+1 ARAKAT DAİRE,none,0,0,0,0,0,none,0,,1322884021
Ara Kat,2+1 Site içinde Ara kat daire,none,0,0,0,0,0,none,0,,1322649921
,Ziraat Bankası'ndan Fatih Mahallesinde Çatı Piyesli Mesken,none,0,0,0,0,0,none,0,,1300567076
Ara Kat,Erenoğlu Gayrimenkulden Doğanın İçinde 3+1 Arakat Daire,none,0,0,0,0,0,none,0,,1312464826
,Halk Bankası'ndan Kocaeli Başiskele Satılık Konut,none,0,0,0,0,0,none,0,,1306002993
Ara Kat,Başiskele Paşadağ mahallesi yakamoz Sitesi satılık daire,none,0,0,0,0,0,none,0,,1322511520
Ara Kat,BAŞİSKELE ZERAYKENT SİTESİ SATILIK 1+1 ARA KAT DAİRE,none,0,0,0,0,0,none,0,,1322743664
,TAMAMI KREDİYE/EVİM FİNANSMANA UYGUN SATILIK KÖŞE BAHÇELİ 3+1,none,0,0,0,0,0,none,0,,1309521588
Ara Kat,SAHİBİNDEN HAVUZLU SİTEDE ARAKAT 2+ 1 DENİZ&DOĞA MANZARALI,none,0,0,0,0,0,none,0,,1322399279
,ERENOĞLU GM'DEN PAŞADAĞ MAH YÜKSEK GİRİŞ 3+1 SATILIK DAİRE,none,0,0,0,0,0,none,0,,1314914292
Ara Kat,Zeray Güneşi'nde Manzaralı Lüks 3+1 Daire - Yatırım Fırsatı,none,0,0,0,0,0,none,0,,1188417203
Çatı Dubleksi,Erenoğlu Gayrimenkulden Yuvacık ta Deniz Manzaralı Lüks Daire,roof,1,1,0,0,0,detail,0,,1312779446
,INVEST GLOBAL'DEN BAŞİSKELE YUVACIKTA SATILIK 2+1 DAİRE,none,0,0,0,0,0,none,0,,1322477546
Ara Kat,Başiskele Fatih Mah. Satılık 3+1 Arakat Manzaralı Daire,none,0,0,0,0,0,none,0,,1323349528
Dubleks,%10 İNDİRİM!!AKKURT ROYAL CİTY YUVACIK 270 M2 SATILIK 4+1 DAİRE,standard,1,0,0,0,1,detail,0,,1303245440
Çatı Dubleksi,REMAX MYRADAN ZERAY GÜNEŞİNDE 2+1 UYGUN FİYATLI YATIRIMLIK DAİRE,roof,1,1,0,0,0,detail,0,,1306786677
,ASAYRA EMLAKTAN BAŞISKELE FATİH MAH. 2+1 SATILIK DAİRE,none,0,0,0,0,0,none,0,,1316901672
Ara Kat,YATIRIMCILARA ÖZEL GENİŞ 2+1 ARA KAT,none,0,0,0,0,0,none,0,,1296498573
,Tarcanlardan Bahçekent Konaklarında Satılık 2+1 Daire,none,0,0,0,0,0,none,0,,1316896492
Ara Kat,Kocaeli Başiskele Zeray Perla Sitesi Satılık 1+1 Daire,none,0,0,0,0,0,none,0,,1325137125
,ZERAY PERLA 1 de önü açık sıfır arakat daire,none,0,0,0,0,0,none,0,,1322547125
Ara Kat,BAŞİSKELE YUVACIK'TA SATILIK 3+1 ARAKAT DAİRE,none,0,0,0,0,0,none,0,,1316956232
Bahçe Dubleksi,BAŞİSKELE FATİH MAHALLESİ'NDE SATILIK 3+1 LÜKS DAİRE,garden,1,0,1,0,0,detail,0,,1316532636
Ara Kat,BAŞİSKELE ZERAYKENT'TE SATILIK 2+1 ARAKAT GENİŞ BALKONLU DAİRE,none,0,0,0,0,0,none,0,,1322381863
Ara Kat,"Tınaztepe Cad. Satılık 3+1 Daire (0 Yaş, 110m² Net)",none,0,0,0,0,0,none,0,,1323024452
,BAŞİSKELE YUVACIK PAŞADAĞ'DA FIRSAT ARA KAT DAİRE,none,0,0,0,0,0,none,0,,1321939813
Ara Kat,BAŞİSKELE FATİH MAHALLESİ MASRAFSIZ ARAKAT 2+1 SATILIK DAİRE,none,0,0,0,0,0,none,0,,1316680051
Dubleks,BAŞİSKELE DE 4+1 GENİŞ EBEVEYİN BANYOLU 2500 MİLYNA KADAR KREDİ,standard,1,0,0,0,1,detail,0,,1311059351
Ara Kat,INVEST GLOBALDEN YUVACIKTA SİTE İÇİNDE HAVUZLU SATILIK 3+1 DAİRE,none,0,0,0,0,0,none,0,,1317056153
,BAŞİSKELE YUVACIK'TA SATILIK 2+1 DAİRE,none,0,0,0,0,0,none,0,,1316967376
Çatı Dubleksi,BAŞİSKELE PARLA 100.YIL HAVUZLU GÜVENLİKLİ SİTEDE SATILIK DAİRE,roof,1,1,0,0,0,detail,0,,1317002987
Dubleks|Bahçe Dubleksi,KW ARVEN'den TED KOLEJİNE KOMŞU HAVUZLU SİTE 3+1 4 MİLYON KREDİ,garden,1,0,1,0,0,detail,0,,1311135115
Ara Kat,ZERAY GÜNEŞİ SİTESİNDE ÖNÜ AÇIK 2+1 ARAKAT DAİRE,none,0,0,0,0,0,none,0,,1313669789
Ara Kat,BAŞİSKELE DE SATILIK ARAKAT 2+1 DAİRE,none,0,0,0,0,0,none,0,,1305241526
,BAŞİSKELE TINAZTEPEDE SATILIK 2+1DAİRE,none,0,0,0,0,0,none,0,,1322061605
Ara Kat,RİBANKTAN SATILIK 2+1 ARAKAT E.BANYOLU SIFIR DAİRE,none,0,0,0,0,0,none,0,,1316543252
,BAŞİSKELE ARAKAT 2+1 DAİREDE KAMPANYA,none,0,0,0,0,0,none,0,,1309031171
Ara Kat,CB MAHAL'DEN BAŞİSKELE FATİH MAHALLESİ 3+1 SATILIK DAİRE,none,0,0,0,0,0,none,0,,1324828399
Ara Kat|Çatı Dubleksi,CB MAHALL'DEN BAŞİSKELE FATİH MAH'DE 3+1 DOĞA MANZARALI,roof,1,1,0,0,0,detail,0,,1307534485
,BAŞİSKELE YUVACIKDA MERKEZİ KONUM SATILIK 3-1 SIFIR DAİRE,none,0,0,0,0,0,none,0,,1310464947
,YUVACIK PAŞADAŞ 2+1 DİŞ HASTANESİ YANİ YATIRIMLIK,none,0,0,0,0,0,none,0,,1304533284
Ara Kat,BAŞİSKELE PAŞADAĞ MAHALLESİGÜVENLİKLİ SİTE İÇİNDE SATILIK 2+1,none,0,0,0,0,0,none,0,,1321825892
,VİZYON'DAN SİTE İÇİ BAŞİSKELE 1+1 ARAKAT ASANSÖR OTOPARK,none,0,0,0,0,0,none,0,,1302091183
Ara Kat,BAŞİSKELE GÜNEŞ SİTESİNDE 3+1ARA KAT,none,0,0,0,0,0,none,0,,1259744391
,PARLA 100. YIL SİTESİ 1+1 GÜVENLİKLİ VE HAVUZLU SINIRSIZ KREDİ,none,0,0,0,0,0,none,0,,1317676853
,Deniz ve Orman Manzaralı 3+1 Büyük Teraslı Daire,none,0,0,0,0,0,none,0,,1314104765
,EKOMAXTAN BAŞISKELE F MAH 3+1 ARAKAT,none,0,0,0,0,0,none,0,,1313842985
,KREDİYE UYGUN MANAR SİTESİNDE 3+1 GENİŞ KULANIŞLI DÜZ DAİRE,none,0,0,0,0,0,none,0,,1308509684
En Üst Kat|Çatı Dubleksi,BAŞİSKELE YUVACIK MANAR CİTY DENİZ MANZARALI 3+1 SATILIK DAİRE,roof,1,1,0,0,0,detail,0,,1318026352
Bahçe Dubleksi,"Zeray Korupark'ta Yüksek Mahremiyetli,Özel Bahçeli Lüks 3+1Daire",garden,1,0,1,0,0,detail,0,,1325527002
,PARLA 100. YIL SiTESİ 2+1 DAİRE SINIRSIZ KREDİ İMKANI,none,0,0,0,0,0,none,0,,1313952196
Dubleks|En Üst Kat|Çatı Dubleksi,PAŞADAĞ MH'de KONSEPT TALHA PARK PROJEMİZDE YAŞAM BAŞLIYOR,roof,1,1,0,0,0,detail,0,,1268284948
Çatı Dubleksi,Erenoğlu Gayrimenkul den Yuvacık ta Fırsat Teraslı 4+1 Daire,roof,1,1,0,0,0,detail,0,,1313920495
Ara Kat,YUVACIK DOĞA EVLERİ SATILIK 3+1 ARAKAT DAİRE Full Eşyalı,none,0,0,0,0,0,none,0,,1254301917
Ara Kat,"BAŞİSKELE KULLAR'DA, FERAH VE AYDINLIK 2+1 ARA KAT DAİRE!",none,0,0,0,0,0,none,0,,1323511715
Ara Kat,DENİZ MANZARALI TINAZ TEPEDE 3+1 SATILIK 137 M² ARA KAT DAİRE,none,0,0,0,0,0,none,0,,1309667740
,TED KOLLEJİNE YAKIN ROYAL COUNTRY'DE SATILIK 2+1 GENİŞ DAİRE,none,0,0,0,0,0,none,0,,1281222274
Ara Kat,Başiskele Tınaztepede site içerisinde 3+1 asansörlü arakat Dair,none,0,0,0,0,0,none,0,,1310339326
,BAŞİSKELE PAŞADAĞDA SATILIK 2+1 GENİŞ VE KULLANIŞLI DAİRE,none,0,0,0,0,0,none,0,,1310281600
Dubleks,SÜPER SİTE İÇİ FULL MANZARALI GENİŞ 4+1 DAİRE,standard,1,0,0,0,1,detail,0,,1321346705
Çatı Dubleksi,BAŞİSKELE AURA PARK SİTESİ SATILIK 3+1 TERASLI DAİRE,roof,1,1,0,0,0,detail,0,,1321567251
,TINAZTEPE CAD.EMİNEVİM FUZULEV 2.5 milyon kredi 2+1 ARAKAT,none,0,0,0,0,0,none,0,,1322000619
Ara Kat,Yuvacık'ta Ara kat Asansörlü Geniş 3+1 Satılık Daire,none,0,0,0,0,0,none,0,,1321322190
Ara Kat,BAŞİSKELE FATİH MAH. ESİLA PARK SİTESİ SATILIK ARAKAT 2+1 DAİRE,none,0,0,0,0,0,none,0,,1308223438
Ara Kat,YUVACIK GENİŞ 3+1 ARAKAT LÜX YAPILI ASANSÖRLÜ KÖŞE PARSEL DAİRE,none,0,0,0,0,0,none,0,,1321303811
Ara Kat,BAŞİSKELE FATİHTE SATILIK 3+1 ARAKAT DAİRE,none,0,0,0,0,0,none,0,,1278274791
,BAŞİSKELE PARLA 100. YIL SİTESİ EN GENİŞ 1+1 SATILIK DAİRE,none,0,0,0,0,0,none,0,,1321504113
,SON FIRSAT 2+1 krediye uygun,none,0,0,0,0,0,none,0,,1321237078
En Üst Kat,Paşadağ Bahçekent konutlarında 2+1 satılık daire,none,0,0,0,0,0,none,0,,1321231150
Çatı Dubleksi,KOCAELİ BAŞİSKELE - MEGATRON PARLA'DA 1+1 SATILIK DAİRE,roof,1,1,0,0,0,detail,0,,1310655729
,Paşadağ Mah.de 180 m² Giriş Kat Satılık Daire İşletmeye Uygun,none,0,0,0,0,0,none,0,,1304790645
Ara Kat,BAHÇEKENT KONTULARINDA SATILIK ARA KAT DAİRE,none,0,0,0,0,0,none,0,,1315742326
Ara Kat,BAŞİSKELE YUVACIK'TA SATILIK DENİZ VE DOĞA MANZARALI 2+1 DAİRE.,none,0,0,0,0,0,none,0,,1315606803
,Remax Effect'ten Fatih Mah. Bahçe Kullanımlı 2+1 Sıfır Lüx Daire,none,0,0,0,0,0,none,0,,1241549293
Ara Kat,SAHİBİNDEN SATILIK SİTE İÇERİSİNDE ARAKAT DAİRE,none,0,0,0,0,0,none,0,,1312033086
Ara Kat,ORHAN KARAYEL DEN BAŞİSKELE PAŞADAĞ MAH.SATILIK 2+1 ARA KAT,none,0,0,0,0,0,none,0,,1316572537
,BAŞİSKELE TINAZTEPEDE SATILIK 3+1 DAİRE,none,0,0,0,0,0,none,0,,1232342685
Dubleks|Bahçe Dubleksi,RİTİM VADİ SİTESİ SATILIK SERAMİK ZEMİN BAHÇELİ 3+1 DAİRE,garden,1,0,1,0,0,detail,0,,1270568462
Ara Kat,REMAX DREAMDEN AKKURT ROYAL CİTY DE GENİŞ 2+1 SATILIK DAİRE,none,0,0,0,0,0,none,0,,1269185119
Ara Kat,BAŞİSKELE YUVACIK ZERAY GÜNEŞİNDE 3+1 ARA KAT,none,0,0,0,0,0,none,0,,1312625229
Dubleks|Bahçe Dubleksi,KW ARVEN'den BAŞİSKELE'de TEK 6+1 SATILIK EŞYALI SİTE İÇİ DAİRE,garden,1,0,1,0,0,detail,0,,1321210570
Ara Kat,YUVACIK EKŞİOĞLU METSAN EVLERİ SATILIK 2+1 DAİRE,none,0,0,0,0,0,none,0,,1321427665
Ara Kat,SAHİBİNDEN 160 M2 BİR EVDE ARADIĞIN HERŞEY !!!,none,0,0,0,0,0,none,0,,1315515134
,GÜNDEM GAYRİMENKUL'DEN BAHÇEKENT'TE 2+1 SATILIK DAİRE,none,0,0,0,0,0,none,0,,1321154667
,1.69 ŞOK KREDİ ORANI BU AYA ÖZEL UYGUN 3+1 ARAKAT,none,0,0,0,0,0,none,0,,1321156489
Ara Kat,BAŞİSKELE ORKA LİFE 2 SİTESİN DE ARA KAT 2+1 SATILIK DAİRE,none,0,0,0,0,0,none,0,,1320446179
Ara Kat,BAŞİSKELE PAŞADAĞ YAKAMOZ KONUTLARI'NDA SATILIK 2+1 DAİRE,none,0,0,0,0,0,none,0,,1320738213
Ara Kat,GK PRİME..KOCAELİ BAŞİSKELE'DE SİTE İÇİ 3+1 155M2 ARAKAT DAİRE..,none,0,0,0,0,0,none,0,,1298085957
Ara Kat,ROYAL COUNTRY SİTESİNDE SATILIK 2+1 DAİRE,none,0,0,0,0,0,none,0,,1310575046
Ara Kat,"Yuvacık Manar Sitesi'nde Satılık 3+1, 120m² Ara Kat Daire",none,0,0,0,0,0,none,0,,1320683802
En Üst Kat,BAŞİSKELE ROYAL COUNTRY SİTESİNDE SATILIK 151 M2 DÜZ DAİRE,none,0,0,0,0,0,none,0,,1087041361
Çatı Dubleksi,"ERENOĞLU Gayrimenkul,den Eşsiz Doğa Manzaralı Lüks 4+1 Daire",roof,1,1,0,0,0,detail,0,,1308541160
,YUVACIK FATİH MAHALLESİ SATILIK 3 + 1 ARAKAT,none,0,0,0,0,0,none,0,,1320576167
Ara Kat,BAŞİSKELE YUVACIK PANORAMA 4 SİTESİNDE DAĞ MANZARALI 2+1,none,0,0,0,0,0,none,0,,1282500325
En Üst Kat,BAŞISKELE FATIH MAH. GENIŞ DOĞA MANZARALI SATILIK 1+1 DAİRE,none,0,0,0,0,0,none,0,,1321112587
,Başiskele Yuvacıkta Site İçinde 186 m² 3+1 Satılık Bahçe Daire,none,0,0,0,0,0,none,0,,1292826926
,BAŞİSKELE YUVACIK AYDINKENT KONUTLARDA SATILIK FIRSAT 3+1!,none,0,0,0,0,0,none,0,,1282932350
Ara Kat,BAŞİSKELEDE SATILIK 3+1 ARA KAT DAİRE SİTE İÇİ HAVUZLU,none,0,0,0,0,0,none,0,,1320455146
,Zeraykentte satılık geniş tip 4+1 havuz mazaralı,none,0,0,0,0,0,none,0,,1315794797
,%10 İNDİRİM AKKURT ROYAL CİTY YUVACIK 3+1 BAHÇELİ DÜZ DAİRE,none,0,0,0,0,0,none,0,,1303301788
,Başiskele yuvacık ted kolejine yakın teraslı 3+1 satılık daire,none,0,0,0,0,0,none,0,,1318714635
,1.69 KONUT KREDİLİ DÜŞÜK FAİZ YÜKSEK KONFORLU SİTE İÇİ,none,0,0,0,0,0,none,0,,1321147921
Ara Kat,Akademik Elit Park/Site içi Satılık Asansörlü 3+1 140 m² Arakat,none,0,0,0,0,0,none,0,,1321107018
Ara Kat,Başiskele Yuvacık Ted Kolejine Yakın 2+1 Ara Kat Satılık Daire,none,0,0,0,0,0,none,0,,1315774217
Ara Kat,Yuvacık'ta Merkezi Konumda Satılık 2+1 95 M² Arakat Daire,none,0,0,0,0,0,none,0,,1324154595
Ara Kat,Remax Effect'ten Fatih Mah. Ara Kat 2+1 Sıfır Lüx Daire,none,0,0,0,0,0,none,0,,1241595162
Çatı Dubleksi,RİTİM VADİ SİTESİ SATILIK 3+1 DAİRE,roof,1,1,0,0,0,detail,0,,1268588104
Dubleks,AKKURT ROYAL CİTY YUVACIK 3+1 GENİŞ TERASLI DAİRE %10 İNDİRİM,standard,1,0,0,0,1,detail,0,,1303247407
En Üst Kat|Ara Kat,Manar 4 Sitesinde Satılık 4+1 Daire,none,0,0,0,0,0,none,0,,1281798338
,Yuvacık Paşadağda Manar Terraceta 3+1 155 m² Lüks Daire,none,0,0,0,0,0,none,0,,1292757058
Ara Kat,AKKURT ROYAL CİTY YUVACIK 3+1 ARA KAT DAİRE %10 İNDİRİM,none,0,0,0,0,0,none,0,,1303451399
En Üst Kat,Bahçekent Sitesi 2+1 Son Kat,none,0,0,0,0,0,none,0,,1170066341
,AKBULUT EMLAKTAN | BAHÇE KATI | BAŞİSKELE | 3+1 SATILIK,none,0,0,0,0,0,none,0,,1325524366
,YEŞİLYURTTA BU FİYATA SON ŞANS! GENİŞ 3+1 YÜKSEK GİRİŞ,none,0,0,0,0,0,none,0,,1263961625
Bahçe Dubleksi|Ters Dubleks,BAŞİSKELE 4+1 SİTE İÇİ HAVUZLU 4 MİLYON KREDİ İMKANI BAHÇELİ,garden,1,0,1,0,0,detail,0,,1269661762
,KOCAELİ BAŞİSKELE YUVACIK MAHALLESİ SATILIK DAİRE,none,0,0,0,0,0,none,0,,1320306978
,AKBULUT EMLAKTAN | BAHÇE KATI | BAŞİSKELE | 3+1 SATILIK,none,0,0,0,0,0,none,0,,1315625539
,YÜKSEK KREDİ'Lİ YEŞİLYURT MH'DE 2+1 110 M2 YÜKSEK GİRİŞ DAİRE..!,none,0,0,0,0,0,none,0,,1311462234
Ara Kat,BAŞİSKELE YEŞİLYURT MAH.DURUPARK EVLERİ SATILIK 3+1 ARAKAT DAIRE,none,0,0,0,0,0,none,0,,1326415507
,RİBANKTAN SATILIK 2+1 ZEMİN KAT SIFIR DAİRE KREDİYE UYGUN,none,0,0,0,0,0,none,0,,1279650997
Çatı Dubleksi,Başiskele Yeşilyurt Mahallesi Satılık 3+1 Daire,roof,1,1,0,0,0,detail,0,,1326326428
,Teras Marmara Projesinde Dağ Manzaralı Temiz Daire,none,0,0,0,0,0,none,0,,1260193285
Ara Kat,BAŞİSKELE'DE 2 BLOKLU BUTİK SİTE İÇERİSİNDE 2+1 ARA KAT DAİRE,none,0,0,0,0,0,none,0,,1314585499
Ara Kat,BAŞİSKELE YEŞİLYURT'TA 2+1 ARAKAT DAİRE,none,0,0,0,0,0,none,0,,1317604898
Ara Kat,Başiskele Yeşilyurtta Satılık 3+1 Ara Kat,none,0,0,0,0,0,none,0,,1314978487
,OKKA AVM ARKASI ÇOK GENİŞ BAHÇELİ 2+1 GİRİŞ,none,0,0,0,0,0,none,0,,1323196853
Dubleks,BAŞİSKELE YEŞİLYURT'UN GÖZDE LOKASYONUNDA SATILIK 3+1 DAİRE,standard,1,0,0,0,1,detail,0,,1319563495
Çatı Dubleksi,YEŞİLYURT MAHALLESİ PAZARYERİ KARŞISINDA SATILIK DAİRE 3+1,roof,1,1,0,0,0,detail,0,,1203072515
,"BAŞİSKELE YEŞİLYURT MAH. SATILIK 3+1 DAİRE (100m², Giriş Kat)",none,0,0,0,0,0,none,0,,1317937864
,SATILIK ARA KAT DAİRE 121 M²,none,0,0,0,0,0,none,0,,1250288491
En Üst Kat,KW.ARVEN GY. DEN BAŞİSKELE SERDAR DA SATILIK 3+1 DAİRE,none,0,0,0,0,0,none,0,,1314850413
,KW ARVEN'DEN SIĞINAKLI PANJURLU BAHÇELİ GENİŞ DÜZ 2+1 DAİRE,none,0,0,0,0,0,none,0,,1284535939
Dubleks,REMAX 'DEN SERDAR MAH. BAHÇE KULLANIMLI SATILIK 3+1 DAİRE,standard,1,0,0,0,1,detail,0,,1326066898
,BAŞİSKELE YEŞİLYURT MAH 2+1 SATILIK SIFIR ARAKAT DAİRE,none,0,0,0,0,0,none,0,,1325969771
Çatı Dubleksi,BAŞİSKELE YEŞİLYURTTA PANORAMİK DENİZ MANZARALI 3+1 ÖZEL DAİRE!,roof,1,1,0,0,0,detail,0,,1314796487
,EMİN EVİME UYGUN SİTE İÇİ 3+1 ARAKAT SATILIK DAİRE.!!!,none,0,0,0,0,0,none,0,,1326169807
Çatı Dubleksi,YEŞİLYURT'TA MERKEZİ KONUM EMSALSİZ FİYAT EBEVEYN BANYOLU DAİRE,roof,1,1,0,0,0,detail,0,,1314892862
Ara Kat,ÇELİK-AY GAYRİMENKUL'DEN SERDAR MAHALLESİNDE SATILIK 2+1 ARAKAT,none,0,0,0,0,0,none,0,,1325932074
Ara Kat,BAŞİSKELE YEŞİLYURT MAH. SATILIK GENİŞ 1+1 ARA KAT,none,0,0,0,0,0,none,0,,1291903467
Ara Kat,Başiskele Royal Lıfe Sitesi Satılık 2+1 Arakat Daire,none,0,0,0,0,0,none,0,,1322940149
Çatı Dubleksi,TANTA EMLAK'tan Başiskele Merkez'de 1+1 Daireler,roof,1,1,0,0,0,detail,0,,1257432241
,REMAX DREAM BAŞİSKELE MAMİKLER REFORM 2 SİTESİ 2+1 DAİRE,none,0,0,0,0,0,none,0,,1326036605
,GENİŞ KULLANIŞLI 2+1 BAHÇELİ,none,0,0,0,0,0,none,0,,1322755506
Bahçe Dubleksi,EMİNEVİME UYGUN BAŞİSKELE SERDAR MH ODALARI GENİŞ SIFIR 2+1,garden,1,0,1,0,0,detail,0,,1308708600
Çatı Dubleksi,BAŞİSKELE'DE MERKEZİ LOKASYONDA SATILIK 3+1 DAİRE,roof,1,1,0,0,0,detail,0,,1313918856
Dubleks,YUVACIK'TA PRESTİJLİ SİTE YAŞAMI SİZİ BEKLİYOR,standard,1,0,0,0,1,detail,0,,1326159005
Çatı Dubleksi,ÇELİK-AY GAYRİMENKUL'DEN SERDAR MAHALLESİNDE SATILIK 2+1 DAİRE,roof,1,1,0,0,0,detail,0,,1325927797
Bahçe Dubleksi,BAŞISKELE YEŞİLYURT MAHALLESİ GENİŞ BAHÇE KATI 1+1 DAİRE,garden,1,0,1,0,0,detail,0,,1317122018
,TERAS MARMARADA GENİŞ ARAKAT,none,0,0,0,0,0,none,0,,1255801708
Bahçe Dubleksi,KREDİYE UYGUN | 3+1 175 M2 | 100M2 BAHÇE KULLNMLI | MERKEZİ KONM,garden,1,0,1,0,0,detail,0,,1318210434
Ara Kat,BAŞİSKELE SERDAR MAHALLESİNDE SATILIK 2+1 ARA KAT DAİRE,none,0,0,0,0,0,none,0,,1303092457
En Üst Kat,ALİZEPARKCITY'DE DENİZ MANZARALI DAİRE,none,0,0,0,0,0,none,0,,1325875332
Ara Kat,ListingPortal Satılık2+1 Satılık Ferah Daire Tınaztepe 103m2,none,0,0,0,0,0,none,0,,1310550856
Ara Kat,ListingPortal Ara kat Serdar mah. Satılık 2+1,none,0,0,0,0,0,none,0,,1325604472
,SERDAR MAH KALICI KONUTLARINDA 3+1 İÇİ FUL YAPILI SINIRSIZ KREDİ,none,0,0,0,0,0,none,0,,1314344916
,SERDAR MAH 2+1 DÜZ GİRİŞ UYGUN FİYAT DAİRE SATILIK,none,0,0,0,0,0,none,0,,1325411476
,"ALİZEPARKCITY'DE BAHÇELİ ÜÇ CEPHELİ,DENİZ MANZARALI KÖŞE DAİRE",none,0,0,0,0,0,none,0,,1305676992
Ara Kat,BAŞİSKELE'DE BUTİK SİTE İÇİ SIFIR 3+1 ARAKAT DAİRE,none,0,0,0,0,0,none,0,,1324208658
Bahçe Dubleksi,"BAŞİSKELE YEŞİLYURT'TA,4+1 BAHÇE KATI, SÜPER LÜKS SIFIR DAİRE",garden,1,0,1,0,0,detail,0,,1273094442
,3+1 ebeveyn banyolu kullanışlı,none,0,0,0,0,0,none,0,,1325227050
Çatı Dubleksi,BAŞİSKELE YEŞİLYURT MAH'DE DENİZ MANZARALI FIRSAT 3+1 DAİRE,roof,1,1,0,0,0,detail,0,,1310467799
,KOCAELİ BAŞİSKELEDE PANORAMA 3 SİTESİNDE SATILIK 2+1 BAHÇE KATI,none,0,0,0,0,0,none,0,,1314541857
Ara Kat,BAŞİSKELE YUVACIK'TA DENİZ MANZARALI SATILIK ARA KAT GENİŞ DAİRE,none,0,0,0,0,0,none,0,,1321124300
,CB MAHALL'DEN BAŞİSKELE YEŞİLYURT'TA 3+1 GİRİŞ KAT SATILIK DAİRE,none,0,0,0,0,0,none,0,,1322514300
,TURYAP'TAN BAŞİSKELE SERDAR'DA FIRSAT 3+1 DAİRE,none,0,0,0,0,0,none,0,,1325103210
Dubleks|Çatı Dubleksi,BAŞİSKELE YEŞİLYURT DA SATILIK DAİRE,roof,1,1,0,0,0,detail,0,,1314090539
Çatı Dubleksi,TINAZTEPE CAD. SAHİBİNDEN SATILIK 0 DAİRE,roof,1,1,0,0,0,detail,0,,1325040843
En Üst Kat,BAŞİSKELE MAMİK REFORM SİTESİ SATILIK 3+1 EN ÜST KAT DAİRE 140 M,none,0,0,0,0,0,none,0,,1218323243
En Üst Kat,EMİN EVİME UYGUN SİTE İÇİ YEŞİLYURT MH'SİN DE SATILIK 2+1 DAİRE,none,0,0,0,0,0,none,0,,1313685018
,YEŞİLYURT MAHALLESİ OKKA AVM YAKINI 2+1 ARAKAT,none,0,0,0,0,0,none,0,,1285437518
Dubleks,CB MAHAL'DEN BAŞİSKELE YEŞİLYURT 3+1 SATILIK DAİRE,standard,1,0,0,0,1,detail,0,,1321679632
,ListingPortal satılık,none,0,0,0,0,0,none,0,,1324914466
,Yuvacık Sapağı'nda Sıfır 2+1 Daire,none,0,0,0,0,0,none,0,,1307968724
Çatı Dubleksi,BAŞİSKELE YEŞİLYURT MAHALLESİN'DE SİTE İÇİ SATILIK 5+1 DAİRE,roof,1,1,0,0,0,detail,0,,1313509836
,ACİLLL..YUVACIK AYDINKENT TE CADDE ÜZERİNDE,none,0,0,0,0,0,none,0,,1314062341
,Bulvar Başiskele Sitesi'nde Satılık 3+1 Daire,none,0,0,0,0,0,none,0,,1324908430
Ara Kat,İSKANI ALINMIŞ MERKEZİ KONUM SATILIK 2+1 ARA KAT,none,0,0,0,0,0,none,0,,1311021714
,FIRSAT TAPU DA 4 MİLYONA KADAR GÖSTREBİLECEĞİZ DAİRE,none,0,0,0,0,0,none,0,,1318198400
,SERDAR MH 2+1 90M² DAİREMİZ SATILIKTIR,none,0,0,0,0,0,none,0,,1324825838
Dubleks|En Üst Kat|Ara Kat,BAŞİSKELE YEŞİLYURT DA HAVUZLU SİTEDE LÜKS 4+1 SATILIK DAİRE,standard,1,0,0,0,1,detail,0,,1324615292
En Üst Kat,BAŞİSKELE BELEDİYE BİNASINA YAKIN CEPHESİ AÇIK EŞYALI SATILIK,none,0,0,0,0,0,none,0,,1274885838
,LOFT GROUP GM DEN YEŞİLYURT MAHALLESİNDE 2+1 GİRİŞ KAT DAİRE,none,0,0,0,0,0,none,0,,1302014340
Ara Kat,BAŞİSKELEDE KULANIŞLI ASANSÖRLÜ 2+1 ARAKAT DAİRE,none,0,0,0,0,0,none,0,,1324570534
,Merkezi Konum 2+1 Arakat Asansörlü,none,0,0,0,0,0,none,0,,1297092277
Çatı Dubleksi,HEMEN TAŞINMAYA HAZIR FERAH VE MODERN DAİRE SAHİBİNDEN.,roof,1,1,0,0,0,detail,0,,1137617568
,"ACİL Serdar'da 2+1 Daire 2,5Milyon Kredi,Eminevim,Fuzuleve Uygun",none,0,0,0,0,0,none,0,,1316366370
Ara Kat,BAŞİSKELE SERDAR MAH.BELEDİYE YANI SATILIK ARAKAT DAİRE 2+1,none,0,0,0,0,0,none,0,,1324471594
Ara Kat,Yeşilyurt'un Yükselen Değerinde Modern 2+1 Satılık Daire!,none,0,0,0,0,0,none,0,,1312882560
,BAŞİSKELE SERDAR KALICI KONUT İÇİ FULL YAPILI KREDİYE UYGUN 3+1,none,0,0,0,0,0,none,0,,1324388944
Ara Kat,BAŞİSKELE YEŞİLYURT'TA SATILIK ASANSÖRLÜ 2+1 ARAKAT DAİRE,none,0,0,0,0,0,none,0,,1316060922
Ara Kat,CB Mahall'den Yeşilyurtta Satılık 2+1 Ara Kat,none,0,0,0,0,0,none,0,,1325283001
,ListingPortal Erenkaya Anatolia da,none,0,0,0,0,0,none,0,,1312851475
Çatı Dubleksi,"Başiskele Yuvacık Panorama1 Deniz ve Şehir Manzaralı, Havuzlu",roof,1,1,0,0,0,detail,0,,1317008452
,Belediye Binası Üstü 3+1,none,0,0,0,0,0,none,0,,1315730293
Dubleks,TANTA EMLAK'TAN SATILIK SIFIR 2+1 DAİRE YUVACIK YEŞİLYURT MAH.,standard,1,0,0,0,1,detail,0,,1297499786
En Üst Kat,YEŞİLYURT MAHALLESİ SATILIK GENİŞ 3+1 DAİRE,none,0,0,0,0,0,none,0,,1293593840
,Attichouse'tan Panorama 3 Sitesi'nde Satılık 3+1 Lüks Daire,none,0,0,0,0,0,none,0,,1307158806
Ara Kat,BAŞİSKELE MAMİK LIFE SİT. ÖZEL TASARLANMIŞ SATILIK 3+1 ARAKAT,none,0,0,0,0,0,none,0,,1307589340
Ara Kat,BAŞİSKELE YEŞİLYURT MAHALLESİNDE SATILIK 2+1 DAİRE,none,0,0,0,0,0,none,0,,1324244437
Ara Kat,1 Haftaya Özel 3.650.000 TL | Yeşilyurt'ta 3+1 Ara Kat Satılık,none,0,0,0,0,0,none,0,,1321587802
,BAŞİSKELE YEŞİLYURT'TA SATILIK 3+1 ARAKAT DAİRE,none,0,0,0,0,0,none,0,,1316063221
Ara Kat,ERENOĞLU GM'DEN SATILIK SİTE İÇİ 2+1 ARAKAT DAİRE,none,0,0,0,0,0,none,0,,1325030630
,BAŞİSKELE ALİZEPARK CİTY'DE 3+1 DENİZ MANZARALI SATILIK DAİRE,none,0,0,0,0,0,none,0,,1309655087
En Üst Kat,DERİN'DEN BAŞİSKELE SERDAR MAH'DE 5+1 ÇATI EĞİMSİZ SATILIK DAİRE,none,0,0,0,0,0,none,0,,1304041341
Ara Kat,ÖZEL YAPIM SİTE İÇİ FIRSAT EN UYGUN FİYAT GARANTİSİ !!!!,none,0,0,0,0,0,none,0,,1297067451
,BAŞİSKELE YEŞİLYURT'TA CADDE ÜZERİ ASANSÖRLÜ SATILIK 3+1 DAİRE,none,0,0,0,0,0,none,0,,1293954474
,Liva Grup'tan ORKA LİFE 1 DE SATILIK 4+1 BAHÇE KATI,none,0,0,0,0,0,none,0,,1323886424
Ara Kat,REMAX MYRADAN BAŞİSKELE YEŞİLYURT MH. ARAKAT SATILIK 1+1 DAİRE,none,0,0,0,0,0,none,0,,1316279199
Bahçe Dubleksi,BAŞİSKELE PLATİNUM SİTESİNDE SATILIK 3+1 DENİZ MANZARALI DAİRE,garden,1,0,1,0,0,detail,0,,1170750036
,Cb Mahall'den Başiskele Yeşilyurt'ta 2+1 Yüksek Giriş Daire,none,0,0,0,0,0,none,0,,1307083669
Ara Kat,DERİN'DEN MAMİK LİFE'TA DENİZ MANZARALI SATILIK 4.5+1 DAİRE,none,0,0,0,0,0,none,0,,1298450799
Ara Kat,Bulvar Başiskele Sitesi'nde Satılık 2+1 Arakat Daire,none,0,0,0,0,0,none,0,,1324145617
Ara Kat,BAŞİSKELE 2+1 ARAKAT KULANIŞLI DAİRE E 5'e YÜRÜME MESAFESİNDE,none,0,0,0,0,0,none,0,,1312452304
,REMAX MAXİMUM'DAN BAŞİSKELEDE YEŞİLYURT DA SATILIK 3+1 DAİRE,none,0,0,0,0,0,none,0,,1310979560
,Serdar Mah. 4+1 Satılık Daire,none,0,0,0,0,0,none,0,,1323694030
,ÇAKIR GAYRİMENKUL DEN SATILIK DAİRE,none,0,0,0,0,0,none,0,,1315464599
Ara Kat,ACİLLL REMAX MYRA SERDAR MAH 3+1 DAİRE,none,0,0,0,0,0,none,0,,1318601048
Ara Kat,AYDINKENT KALICI KONUTLARI SATILIK 3+1 ARA KAT DAİRE,none,0,0,0,0,0,none,0,,1323583659
Ara Kat,REMAX 'DEN YEŞİLYURT MAH. İSKANLI 3+1ARA KAT DAİRE,none,0,0,0,0,0,none,0,,1318190109
Çatı Dubleksi,EŞSİZ DENİZ MANZARALI 4+1 EKSTRALI,roof,1,1,0,0,0,detail,0,,1310592590
Dubleks|Bahçe Dubleksi,REMAX MYRADAN BAŞİSKELE YEŞİLYURT MAHALLESİ SATILIK 1+1 DAİRE,garden,1,0,1,0,0,detail,0,,1316267649
,KW ARVEN'den YEŞİLYURT'da FERAH YÜKSEK GİRİŞ KREDİYE UYGUN DAİRE,none,0,0,0,0,0,none,0,,1302219767
Ara Kat,BAŞİSKELE YEŞİLYURT MAH FİLE MARKET YANI SATILIK DAİRE,none,0,0,0,0,0,none,0,,1310423785
,YEŞİLYURT SATILIK FULL YAPILI ASANSÖRLÜ ARAKAT,none,0,0,0,0,0,none,0,,1323723397
Ara Kat,4+1SIFIR EBEVEYN BANYOLU ARAKAT EMSALSİZ LÜKS DAİRE!!!,none,0,0,0,0,0,none,0,,1315565378
Ara Kat,BAŞİSKELE'DE ASEV MUHİT SİTESİ'NDE SATILIK LÜKS 2+1 ARAKAT DAİRE,none,0,0,0,0,0,none,0,,1311850151
,KALİTELİ YAŞAM İÇİN 3+1 DAİRELERİMİZ,none,0,0,0,0,0,none,0,,1323520693
,ARAÇ TAKASINA UYGUN YEŞİLYURT'TA SATILIK 1+1 DAİRE,none,0,0,0,0,0,none,0,,1264203970
,fırsat panoramalık deniz +şehir +dağ manzaralı asansörlu havuzlu,none,0,0,0,0,0,none,0,,1312542565
,DERİN'DEN YEŞİLYURT'UN EN AVANTAJLI KONUMUNDA SATILIK 2+1 DAİRE,none,0,0,0,0,0,none,0,,1318345483
Dubleks|Ara Kat|Bahçe Dubleksi|Çatı Dubleksi|Ters Dubleks,Tarcanlardan Başiskele Yeşilyurt Mahallesinde 3+1 Lüks Daireler,roof,1,1,0,0,0,detail,0,,1317971294
,BAŞISKELE MAHMUT PAŞADA FIRSAT 2 + 1 ARAKAT,none,0,0,0,0,0,none,0,,1323735231
,ALİZEPARK CİTY'DE BAHÇELİ ÖNÜ AÇIK 3+1 DAİRE,none,0,0,0,0,0,none,0,,1290617112
,ELİZLER EMLAK'TAN SERDAR MH 3+1 100M² DAİREMİZ SATILIKTIR,none,0,0,0,0,0,none,0,,1271260159
En Üst Kat,BAŞİSKELE MAMİK REFORM SİTESİ 2+1 SATILIK DAİRE,none,0,0,0,0,0,none,0,,1323747278
Bahçe Dubleksi,BAŞISKELE YEŞILYURT'TA MERKEZI YERDE SATILIK 3+1 DAIRE,garden,1,0,1,0,0,detail,0,,1308555597
Ara Kat,BAŞİSKELE YEŞİLYURT MAH. ASANSÖRLÜ İSKANLI 3+1 ARAKAT DAİRE,none,0,0,0,0,0,none,0,,1291971830
Ara Kat,Yeşilyurt Mah. Krediye Uygun 3+1 Arakat Daire,none,0,0,0,0,0,none,0,,1295238538
Ara Kat,YEŞİLYURT'TA 2+1 ARAKAT GENİŞ KULLANIM YERDEN ISITMA,none,0,0,0,0,0,none,0,,1268351672
,YUVACIK MERKEZİ KONUM SATILIK ARAKAT,none,0,0,0,0,0,none,0,,1317937062
Ara Kat,"ÖNÜ KAPANMAZ 2+1 GENİŞ ARAKAT DAİRE, İYİ KONUM, FERAH MANZARA",none,0,0,0,0,0,none,0,,1307535808
,Yesilyurt Mahallesi'nde Anahtar Teslim 2+1 Ferah Yuksek Giris,none,0,0,0,0,0,none,0,,1293384270
Ara Kat,REMAX EXCELLENCE BAŞİSKELE YEŞİLYURT 2+1 ARA KAT SIFIR DAİRE,none,0,0,0,0,0,none,0,,1322927037
,BAŞİSKELE TERAS MARMARA SİTESİ SATILIK DÜZ BAHÇELİ GENİŞ 3+1,none,0,0,0,0,0,none,0,,1321035680
Ara Kat,BAŞİSKELE YEŞİLYURT MAHALLESİNDE SATILIK GENİŞ 2+1 ARAKAT DAİRE,none,0,0,0,0,0,none,0,,1324259058
Çatı Dubleksi,BAŞİSKELE YEŞİLYURT FİYAT DÜŞTÜ!ARAÇ TAKASINA UYGUN FIRSAT DAİRE,roof,1,1,0,0,0,detail,0,,1322825399
,İMZA GM'DEN YEŞİLYURT'TA 2+1 BAHÇELİ GRİŞ DÜZ DAİRE (50m2) BAHÇE,none,0,0,0,0,0,none,0,,1322816299
Ara Kat,YEŞİLYURT MAHALLESİ'NDE DENİZ MANZARALI FIRSAT 3+1 ARAKAT,none,0,0,0,0,0,none,0,,1321470890
Dubleks,BAŞISKELE YEŞİLYURT MÜSTAKİL BAHÇELİ 2+1,standard,1,0,0,0,1,detail,0,,1312604362
Bahçe Dubleksi,BAŞİSKELE MAMİKLER REFORM 2'de 4+1 BAHÇE KULLANIMI HAVUZLU DAİRE,garden,1,0,1,0,0,detail,0,,1317750053
,KW ARVEN'DEN YEŞİLYURT MAH. SATILIK GİRİŞ KAT 3+1 DAİRE,none,0,0,0,0,0,none,0,,1324195573
Ara Kat,BAŞİSKELEDE YEŞİLYURTA 2+1 ARAKAT ASANSÖRLÜ GENİŞ DAİRE,none,0,0,0,0,0,none,0,,1317792947
Çatı Dubleksi,BAŞİSKELE YEŞİLYURT'TA DENİZ MANZARALI FIRSAT SATILIK 2+1 DAİRE,roof,1,1,0,0,0,detail,0,,1317587682
,BAŞİSKELE YEŞİLYURT MAH.MERKEZİ KONUMDA SATILIK ARAKAT 2+1 DAİRE,none,0,0,0,0,0,none,0,,1322912942
Ara Kat,BAŞİSKELE YEŞİLYURT MAHALLESİNDE SATILIK GENİŞ ODALI DAİRE,none,0,0,0,0,0,none,0,,1309601506
Ara Kat,KW ARVEN'den YEŞİLYURT MERKEZİ KONUM 3+1 ARA KAT DAİRE,none,0,0,0,0,0,none,0,,1324109253
Ara Kat|Çatı Dubleksi,MERKEZİ KONUMDA DENİZ MANZARALI 5+1 SATILIK DAİRE,roof,1,1,0,0,0,detail,0,,1316750988
,ALİZEPARK CİTY'DE 3+1 BAHÇELİ DÜZ DAİRE,none,0,0,0,0,0,none,0,,1305683753
Çatı Dubleksi,REMAX 'DEN YEŞİLYURT MAH SINIRSINIZ KREDİ İLE SATILIK DAİRE,roof,1,1,0,0,0,detail,0,,1311199676
,DEALLİFE GAYRİMENKUL SATILIK 2++1 YÜKSEK GİRİŞ ZEMİN KAT DAİRE,none,0,0,0,0,0,none,0,,1316854160
Ara Kat,Mamik Reform Sitesinde 2+1 Arakat Daire ListingPortal,none,0,0,0,0,0,none,0,,1322014665
Ara Kat,"YEŞİLYURT MH'DE, GENİŞ, YERDEN ISITMALI, ASANSÖRLÜ 3+1 DAİRE",none,0,0,0,0,0,none,0,,1321745224
Ara Kat,YUVACIK MAMİK REFORMDA SATILIK HAVUZ MANZARALI 2+1 ARA KAT DAİRE,none,0,0,0,0,0,none,0,,1321877401
Ara Kat,Terasta Life Sitesi Belirli Süreliğine Fırsat Fiyat!,none,0,0,0,0,0,none,0,,1316579227
,BAŞİSKELE YEŞİLYURT DA SATILIK ASANSÖRLÜ ARAKAT,none,0,0,0,0,0,none,0,,1311064203
,Başiskele Yeşilyurt'ta 17 Ağustos Bulvarı Üstü 2+1 Giriş Kat,none,0,0,0,0,0,none,0,,1315603893
Ara Kat,BAŞİSKELE YEŞİLYURT MAH DURU PARK SİTESİNDE 3+1 SATILIK DAİRE,none,0,0,0,0,0,none,0,,1309804411
,SAHİBİNDEN SATILIK LÜKS DAİRE YRDEN ISITMALI %80 KREDİ İMKANI,none,0,0,0,0,0,none,0,,1282607419
Ara Kat,BAŞİSKELEDE ÖNÜ AÇIK ASANSÖRLÜ 3+1 ARAKAT DAİRE,none,0,0,0,0,0,none,0,,1322733718
Dubleks|Ara Kat|Çatı Dubleksi,MERKEZİ KONUMDA DENİZ MANZARALI 4+1 SATILIK DAİRE,roof,1,1,0,0,0,detail,0,,1310481004
Dubleks|Çatı Dubleksi,CB Mahalleden Yeşilyurt Merkezi Lokasyon Deniz Manzaralı Daire,roof,1,1,0,0,0,detail,0,,1310355379
,Kocaeli Başiskele Yeşilyurt Mah. Satılık Daire,none,0,0,0,0,0,none,0,,1259283687
,Tınaztepe CD SATILIK EMSALSİZ 4+1 225 m2 FUL DENİZ MANZARALI,none,0,0,0,0,0,none,0,,1317131353
Çatı Dubleksi,BAŞİSKELE SERDAR MAHALLESİNDEKİ 4+1 DAİRE SATILIKTIR.,roof,1,1,0,0,0,detail,0,,1321377246
Çatı Dubleksi,"BAŞİSKELE YEŞİLYURT'TA,HARİKA DENİZ MANZARALI,4+1 LÜKS DAİRE",roof,1,1,0,0,0,detail,0,,1280652976
Ara Kat,RİBANKTAN BULVARA KOMŞU BİNADA SATILIK ARAKAT 2+1 TEMİZ DAİRE,none,0,0,0,0,0,none,0,,1317576343
En Üst Kat|Ara Kat,BAŞISKELE MAMİKLER REFORM SİTESİNDE MUHTEŞEM MANZARALI 3+1,none,0,0,0,0,0,none,0,,1287536259
En Üst Kat,BAŞİSKELE BELEDİYE KARŞISINDA TİCARİ RUHSATLI 2+1 SATILIK DAİRE,none,0,0,0,0,0,none,0,,1321068359
,BAŞİSKELEDE 1.99 KREDİYLE TAKASA AÇIK KİRA GETİRİLİ FIRSAT 2+1,none,0,0,0,0,0,none,0,,1310136102
Ara Kat,FIRSAT DAİRE 3+1 ARA KAT MERKEZİ KONUMDA,none,0,0,0,0,0,none,0,,1312851311
,YUVACIK KALICI KONUTLARI 1.ADA BAHÇE KATI 3+1 SATILIK DAIRE,none,0,0,0,0,0,none,0,,1309900628
,KW ARVEN'DEN MERKEZİ KONUMDA 1+1 GİRİŞ KAT DAİRE,none,0,0,0,0,0,none,0,,1324093808
Ara Kat,BAŞİSKELE YEŞİLYURTTA CADDEYE YAKIN ARAKAT 2+1,none,0,0,0,0,0,none,0,,1321223912
,BAŞİSKELE YEŞİLYURT SINIRSIZ KREDİLİ HAZIR 3+1 ARAKAT,none,0,0,0,0,0,none,0,,1306847058
,CB ÖMER ÜNSAL'DAN SIFIR LÜX ARAKAT 1+1 65 m2 DAİRE,none,0,0,0,0,0,none,0,,1320851098
Ara Kat,Kocaeli Başiskele Yeşilyurt Mahallesin'de Sıfır Arakat Daire,none,0,0,0,0,0,none,0,,1321306332
Bahçe Dubleksi,BAŞİSKELE DE 4+1 SİTE İÇİ HAVUZLU 4 MİLYONA KADAR KREDİ İMKANI,garden,1,0,1,0,0,detail,0,,1310975052
,ALİZEPARK CİTY SİTESİNDE 3+1 DÜZ KÖŞE BAHÇELİ,none,0,0,0,0,0,none,0,,1285850391
En Üst Kat,"YEŞİLYURT MH'DE, YERDEN ISITMALI, ASANSÖRLÜ, FERAH 2+1 DAİRE",none,0,0,0,0,0,none,0,,1298072995
,BAŞISKELE ORKA LİFE l DE 4+1 NORMAL BAHÇE KATI SATILIK,none,0,0,0,0,0,none,0,,1320863229
Dubleks|Çatı Dubleksi,YUVACIK'TA DENİZ MANZARALI 3+1 SATILIK DAİRE,roof,1,1,0,0,0,detail,0,,1299142335
,YEŞİLYURT MAHALLESİ CADDEYE CEPHE FIRSAT 3+1 ARAKAT DAİRE,none,0,0,0,0,0,none,0,,1300185398
Çatı Dubleksi,BAŞİSKELE YEŞİLYURT TA KUPON 2+1 SATILIK DAİRE,roof,1,1,0,0,0,detail,0,,1323813036
,YEŞİLYURT MAH. AYIN ÖZEL DAİRESİ YÜKSEK KREDİLİ UYGUN ARA KAT,none,0,0,0,0,0,none,0,,1321179271
Dubleks,GENİŞ TERASLI EBEVEYN BANYOLU 3+1 FERAH DAİRE,standard,1,0,0,0,1,detail,0,,1302378752
,YEŞİLYURT'TA 2+1 YÜKSEK GİRİŞ DAİRE MERKEZİ KONUM,none,0,0,0,0,0,none,0,,1310750524
,YEŞİLYURT HÜRLER CADDESİ ÜZERİ SIFIR 2+1 DAİRE,none,0,0,0,0,0,none,0,,1312620494
Dubleks|Ters Dubleks,"BAŞİSKELENİN TAM MERKEZİNDE, DENİZ, DOĞA, ŞEHİR MANZARALI 3+1",standard,1,0,0,0,1,detail,0,,1315318931
,YEŞİLYURT MH MERKEZİ KONUMDA YÜKSEK KREDİYE UYGUN 2+1 ARAKAT,none,0,0,0,0,0,none,0,,1321176286
Ara Kat,MERKEZİ KONUMDA 2+1 GENİŞ ARAKAT OTURMAYA HAZIR DAİRE,none,0,0,0,0,0,none,0,,1315348410
,BAŞİSKELE YEŞİLYURT 2+1 YÜKSEK GİRİŞ GENİŞ DAİRE,none,0,0,0,0,0,none,0,,1320518531
,BAŞİSKELE YEŞİLYURT MAHELLESİ'NDE 150M² 3+1 SATILIK DAİRE,none,0,0,0,0,0,none,0,,1308733305
Ara Kat,"YEŞİLYURT MAHALLESİNDE, TED KOLEJiNE KOMŞU İSKANLI 2+1 ARAKAT",none,0,0,0,0,0,none,0,,1315268928
,ASANSÖRLÜ 3+1 SIFIR ARAKAT DAİRE SINIRSIZ KREDİ İMKANLI,none,0,0,0,0,0,none,0,,1320626484
Çatı Dubleksi,BAŞİSKELE YEŞİLYURT'TA VİLLA KONSEPTLİ 4+1 SATILIK DAİRE,roof,1,1,0,0,0,detail,0,,1322010849
En Üst Kat,REMAX'DEN SERDAR MAH. 31.000₺ KİRACILI 3+1 DAİRE,none,0,0,0,0,0,none,0,,1315275259
Ara Kat,REMAX 'DEN YEŞİLYURT MAH. İSKANLI 21.000₺ KİRACILI DAİRE,none,0,0,0,0,0,none,0,,1320816608
,BAŞİSKELE YEŞİLYURTTA ASANSÖRLÜ DENİZ MANZARALI SATILIK 4+1DAİRE,none,0,0,0,0,0,none,0,,1316645980
Ara Kat,Yeşilyurt'ta Arakat 3+1 Satılık Daire,none,0,0,0,0,0,none,0,,1320795031
Ara Kat,BAŞİSKELEDE 3+1 ARAKAT ASANSÖRLÜ BUTİK SİTE İÇERİSİNDE,none,0,0,0,0,0,none,0,,1316296610
Dubleks,REMAX ' DEN YEŞİLYURT MAH OTURUMA HAZIR 3+1 DAİRE,standard,1,0,0,0,1,detail,0,,1298751283
Ara Kat,BAŞİKELE YEŞİLYURT MAHALLESİNDE 100 M2 2+1 ARAKAT,none,0,0,0,0,0,none,0,,1316285069
En Üst Kat,BAŞİSKELE YEŞİLYURT MAH. SATILIK 2+1 DÜZ DAİRE,none,0,0,0,0,0,none,0,,1315580218
Ara Kat,BAŞİSKELE PANORAMA 2'DE 3+1 DÜZ DAİRE,none,0,0,0,0,0,none,0,,1315453831
,BAŞİSKELE YEŞİLYURT MH. 2+1 YÜKSEK GİRİŞ,none,0,0,0,0,0,none,0,,1292149528
,KW ARVEN'den YEŞİLYURT'ta 2+1 DENİZ MANZARA EBEVEYN BANYO ARAKAT,none,0,0,0,0,0,none,0,,1322179544
Ara Kat,BAŞİSKELE YEŞİLYURT MAH. 2+1 ARAKAT DAiRE YERDEN ISITMALI,none,0,0,0,0,0,none,0,,1300096860
,BAŞİSKELE YEŞİLYURT MAH.2+1 YÜKSEK GİRİŞ DAİRE,none,0,0,0,0,0,none,0,,1315871462
,Başiskele Yeşilyurt'ta Satılık 2+1 Yüksek Giriş Daire (95m² Net),none,0,0,0,0,0,none,0,,1292796487
,BAŞİSKELE YEŞİLYURT'DA ACİL SATILIK 3+1 DAİRE FIRSAT FİYATINA,none,0,0,0,0,0,none,0,,1321533273
Çatı Dubleksi,YEŞİLYURT'TA DENİZ MANZARALI 3+1 EĞİMSİZ ÇATI,roof,1,1,0,0,0,detail,0,,1298992293
Ara Kat,SİTE İÇİ KREDİ VE EMİN EVİME UYGUN SATILIK 2+1 ARAKAT DAİRE,none,0,0,0,0,0,none,0,,1315898024
,BAŞİSKELEDE FİLE MARKETİN ARKASINDA 2+1 YÜKSEK GİRİŞ BUTİK SİTE,none,0,0,0,0,0,none,0,,1315530982
Ara Kat,YEŞİLYURTTA MERKEZİ KONUM SATILIK 2+1 ARAKAT 110 M2 SIFIR DAİRE,none,0,0,0,0,0,none,0,,1315492266
,FİLE MARKET YANI SATILIK 2+1 SATILIK 100 M2 ZEMİN KAT DAİRE,none,0,0,0,0,0,none,0,,1315501312
En Üst Kat|Çatı Dubleksi,DENİZ MAN.TAMAMI KREDİYE UYGUN SATILIK SIFIR 3+1 185 M2 DAİRE,roof,1,1,0,0,0,detail,0,,1315418000
Ara Kat,KW ARVEN'DEN SINIRSIZ KREDİ İMKANLI 3+1 ARA KAT DAİRE,none,0,0,0,0,0,none,0,,1304885422
Ara Kat,KW ARVEN'DEN | MERKEZİ KONUM | KREDİ/EMİNEVİM UYGUN | 2+1 ARAKAT,none,0,0,0,0,0,none,0,,1320982568
,Yeşilyurt Mah. 2+1 Yüksek Giriş Daire Yüksek Kredi İmkanı,none,0,0,0,0,0,none,0,,1315737011
Dubleks,Kocaeli Gölcük Değirmendere Mh. Deniz Manzaralı Satılık Daire,standard,1,0,0,0,1,detail,0,,1322242881
Ara Kat,GÖLCÜK DEĞİRMENDERE TOPÇULAR'DA SATILIK 3+1 SATILIK DAİRE,none,0,0,0,0,0,none,0,,1322203556
,"Değirmendere TOPÇULAR'DA Düz Daire, Çok iyi KONUMDA",none,0,0,0,0,0,none,0,,1280943167
Ara Kat,REMAX NATURAL DEN ATATÜRK MAH. D-130 YOLU ÜZERİNDE 3+1 SATILIK,none,0,0,0,0,0,none,0,,1268773360
Ara Kat,DEĞİRMENDERE TOPÇULAR ERGÜDER SİTESİNDE YÜKSEK GİRİŞ,none,0,0,0,0,0,none,0,,1169958332
Dubleks,Değirmendere cumhuriyet mah. Ayışığı sitesinde satılık daire,standard,1,0,0,0,1,detail,0,,1313356429
Ara Kat,"Deniz Manzaralı, Full Yapılı, Site İçinde Özel Ara Kat Daire",none,0,0,0,0,0,none,0,,1316323772
En Üst Kat,"Düz Ağaç'ta Bakımlı 2+1 Daire, 85m², Merkezi Konumda",none,0,0,0,0,0,none,0,,1317946604
Ara Kat,"Atatürk Mahallesi'nde , Asansörlü İçi Tadilatlı Fırsat Daire",none,0,0,0,0,0,none,0,,1317966726
Ara Kat,RemaxÇakra Ömer ONAYCI'dan Atatürk Mah. Site İçinde Fırsat Daire,none,0,0,0,0,0,none,0,,1326456090
,GÖLCÜK ŞİRİNKÖY KALICI KONUTLARINDA 36. ADADA SATILIK 2+1 ARAKAT,none,0,0,0,0,0,none,0,,1323480638
Ara Kat,CB ENVOY |Değirmendere'de Anayol Üzeri 3+1 Deniz Manzaralı Daire,none,0,0,0,0,0,none,0,,1320297364
En Üst Kat,DEĞİRMENDERE ERVATAN SİTESİ 3+1 DENİZ MANZARALI SATILIK DAİRE.,none,0,0,0,0,0,none,0,,1323426758
Ara Kat,DEĞİRMENDERE MERKEZ 3+1 FERAH MASRAFSIZ SATILIK DAİRE,none,0,0,0,0,0,none,0,,1303856492
Ara Kat,YÜZBAŞILAR'DA DENİZE SIFIR KAPANMAZ MANZARALI 3+1 SATILIK DAİRE,none,0,0,0,0,0,none,0,,1326230377
Ara Kat,KİM BU MANZARA EŞLİĞİNDE GÜNE UYANMAK İSTEMEZKİ,none,0,0,0,0,0,none,0,,1277995966
Ara Kat,MERKEZİ KONUMDA YATIRIM FIRSATI,none,0,0,0,0,0,none,0,,1320279024
En Üst Kat,ListingPortal Satılık,none,0,0,0,0,0,none,0,,1247340250
Ara Kat,SAHİLE YÜRÜME MESAFESİNDE İÇİ FULL YAPILI 2+1,none,0,0,0,0,0,none,0,,1309120314
Ara Kat,"Yenimahalle'de Satılık 3+1 Daire, 115m², Merkezi Konumda",none,0,0,0,0,0,none,0,,1323379652
,GÖLCÜK YENİ MAH. 2 BLOKLU SİTEDE AYRI MUTFAKLI 1+1 SATILIK DAİRE,none,0,0,0,0,0,none,0,,1292284087
Ara Kat,"Değirmendere'de Deniz Manzaralı, Sahile Yakın 3+1 Satılık Daire",none,0,0,0,0,0,none,0,,1297165258
,DEĞİRMENDERE MERKEZDE FIRSAT 2+1 SATILIK DAİRE,none,0,0,0,0,0,none,0,,1326178061
,Gizem Emlak'tan Ervatan Sitesinde Yapılı 3+1 Daire,none,0,0,0,0,0,none,0,,1326154787
,GÖLCÜK TOPÇULARDA SATILIK FIRSAT DAİRE,none,0,0,0,0,0,none,0,,1314920592
,SAHİLE 100 METRE MESAFEDE BULUNAN ARAKAT DAİRE.,none,0,0,0,0,0,none,0,,1320055659
Ara Kat,Değirmendere'de Merkeze Okula-Durağa Yakın 3+1 Arakat,none,0,0,0,0,0,none,0,,1314882055
Ara Kat,Topçular Mah.de ListingPortal Satılık,none,0,0,0,0,0,none,0,,1325883491
Ara Kat,DEĞİRMENDERE TOPÇULAR MAH. ÇAKABEY KONAKLARI SATILIK 2+1 DAİRE,none,0,0,0,0,0,none,0,,1317227977
Çatı Dubleksi,EMİNEVİME UYGUN SIFIR ÇATI DUBLEKS EĞİMSİZ DAİRE,roof,1,1,0,0,0,detail_and_title,0,,1319892534
,"Gölcük Değirmendere Manzaralı, Bahçeli 3+1 Satılık Daire",none,0,0,0,0,0,none,0,,1311851245
Ara Kat,SAHİBİNDEN EŞYALI SATILIK DAİRE,none,0,0,0,0,0,none,0,,1326038010
,DEĞİRMENDERE GÜZEL KONUMDA SİTE İÇİ 3+1 SATILIK DAİRE,none,0,0,0,0,0,none,0,,1326047888
Ara Kat,REMAX NATURAL'DEN YÜZBAŞILARDA SATILIK 2+1,none,0,0,0,0,0,none,0,,1326009962
,DEĞİRMENDERE ÖRCÜN YOLU ÜZERİNDE 3+1 DENİZ MANZ. (CADDE SUİT ),none,0,0,0,0,0,none,0,,1326007799
,Gölcük değirmendere topçular mahallesinde düz 3+1 düz daire,none,0,0,0,0,0,none,0,,1317579860
,Değirmendere Atatürk mah de en güzel konumda geniş satılık daire,none,0,0,0,0,0,none,0,,1319596967
Ara Kat,GÖLCÜK E5 KARA YOLU ÜZERİNDE SATILIK 2+1 ARAKAT,none,0,0,0,0,0,none,0,,1319875659
,TOPÇULARDA HUZURLU YAŞAM SUNAN SIFIR 3+1 YERDEN ISITMALI DAİRE,none,0,0,0,0,0,none,0,,1322895227
,Uydu kent sitesinde 3+1 geniş kullanıldı daire,none,0,0,0,0,0,none,0,,1325819815
Ara Kat,Remax Çakra'dan Gölcük Su Park Evleri'nde Havuzlu 3+1 Düz Daire,none,0,0,0,0,0,none,0,,1325847697
Bahçe Dubleksi,"Vadi Değirmendere, Bahçenizden Denizi İzleyin 4+1 Lüks Daire",garden,1,0,1,0,0,detail,0,,1303052947
Ara Kat,DEĞİRMENDERE SAHİLDE DENİZ MANZARALI 3+1 SATILIK FIRSAT DAİRE,none,0,0,0,0,0,none,0,,1291821522
Ara Kat,TOPÇULAR'DA 3+1 GENİŞ TEMMUZ AYI GEÇERLİ FİYAT,none,0,0,0,0,0,none,0,,1314590750
,ADİL EMLAKTAN DEĞİRMENDERE MERKEZDE SATILIK DAİRE,none,0,0,0,0,0,none,0,,1308553986
,MERCAN BAĞKENT İÇİ YAPILI DENİZ MANZARALI DAİRE,none,0,0,0,0,0,none,0,,1325765113
Ara Kat,YÜZBAŞILARDA ASKERİ KAPI VE YENİ HASTANEYE ÇOK YAKIN BOŞ DAİRE,none,0,0,0,0,0,none,0,,1216939793
Çatı Dubleksi,E&G EMLAK'TAN TOPÇULARDA FIRSAT!,roof,1,1,0,0,0,detail,0,,1225594677
,ŞENSEL 'DEN SATILIK YÜZBAŞILARDA ARAKAT 3+1 MASRAFSIZ DAİRE,none,0,0,0,0,0,none,0,,1313657198
,ÇAKIR GAYRİMENKUL'DEN 3+1 SATILIK DAİRE,none,0,0,0,0,0,none,0,,1308645644
Ara Kat,KURA GAYRİMENKULDEN DEĞİRMENDERE DE ARAKAT FIRSATI,none,0,0,0,0,0,none,0,,1314318548
Dubleks,GÖLCÜK DEĞİRMENDERE DE LUX DAİRE,standard,1,0,0,0,1,detail,0,,1266473883
En Üst Kat,CENNET EMLAK'TAN DEĞİRMENDERE MERKEZ DENİZ MANZARALI KUPON DAİRE,none,0,0,0,0,0,none,0,,1281694868
Çatı Dubleksi,Vadi Değirmendere'de Geniş Teraslı Ferah 4+1 Daire,roof,1,1,0,0,0,detail,0,,1304999228
En Üst Kat,DEĞİRMENDERE HASDAYI SİTESİNDE DENİZ MANZARALI 3+1 SATILIK DAİRE,none,0,0,0,0,0,none,0,,1300454561
Ara Kat,DEĞİRMENDERE MERKEZDE SATILIK 3+1 ARA KAT,none,0,0,0,0,0,none,0,,1319640855
,GÖLCÜK MERKEZDE GENİŞ BAKIMLI ARAKAT DAİRE,none,0,0,0,0,0,none,0,,1325514421
Ara Kat,Değirmendere Merkezde Satılık 2+1 Lüks Sıfır Daire (Sahile 100m),none,0,0,0,0,0,none,0,,1303082720
,KURA GAYRİMENKULDEN DEĞİRMENDERE DE ZEMİN KAT FIRSATI,none,0,0,0,0,0,none,0,,1314421332
Ara Kat,Değirmendere Sahil Deniz Manzaralı 2+1 Satılık Daire,none,0,0,0,0,0,none,0,,1325346171
,KAPTAN EMLAK'TAN DENİZE SIFIR FULL MANZARALI 3+1 EBEVEYN BANYOLU,none,0,0,0,0,0,none,0,,1307914042
Ara Kat,GÖLCÜK'TE MERKEZİ KONUMDA TERTEMİZ ARAKAT 2+1 DAİRE,none,0,0,0,0,0,none,0,,1325331903
Ara Kat,MONID | Gölcük Değirmendere | 3+1 Satılık Deniz Manzaralı Daire,none,0,0,0,0,0,none,0,,1264387452
,TRUE LIFE'DAN YÜZBAŞILARDA EKİM SİTESİNDE 3+1 SATILIK,none,0,0,0,0,0,none,0,,1273067072
Ara Kat,FIRSAT YÜZBAŞILAR BARIŞ S. GARAJLI EBEBEYN BANYOLU SATILIK DAİRE,none,0,0,0,0,0,none,0,,1265381136
,"MÜSTAKİL TADINDA ATATÜRK MAHALLESİ 3+1 DAİRE ""PAPAĞAN'ım EMLAK""",none,0,0,0,0,0,none,0,,1319236315
En Üst Kat,"DEĞİRMENDERE'DE SAHİLE YAKIN, DOĞA VE DENİZ MANZARALI 3+1 DAİRE",none,0,0,0,0,0,none,0,,1325093911
,DEĞIRMENDERE YALI MAH.ŞİRİN 2+1,none,0,0,0,0,0,none,0,,1265742547
En Üst Kat,ACİLLL ERVATANDA 3+1 30000tl KIRACILI FUL EŞYALI DAİRE,none,0,0,0,0,0,none,0,,1310128062
,Elit Park Sitesi Havuzlu Harika Daire,none,0,0,0,0,0,none,0,,1313947624
Ara Kat,DEĞİRMENDERE SAHİL DE OLKAR-5 ARA KAT DAİRE İÇİ FULL YAPILI,none,0,0,0,0,0,none,0,,1219076125
Ara Kat,DEĞİRMENDERE GÜZEL KONUMDA SATILIK DAİRE 3+1,none,0,0,0,0,0,none,0,,1322148548
,Değirmendere,none,0,0,0,0,0,none,0,,1280611837
Ara Kat,GÖLCÜK YENI MAH. SATILIK ARAKAT 3+1 DAIRE,none,0,0,0,0,0,none,0,,1296754749
Ara Kat,TRUE LIFE'DAN SATILIK 2+1 DAİRE,none,0,0,0,0,0,none,0,,1277647094
,EMLAK YATIRIM'DAN YENİ MAHALLE'DE SATILIK 2+1 DAİRE,none,0,0,0,0,0,none,0,,1319243309
,DEĞİRMENDERE YÜZBAŞILARDA 3+1 DAİRE,none,0,0,0,0,0,none,0,,1324912921
Ara Kat,PAZARLIK YOK FIRSAT DAİRE Çarşı Merkezde Sıfırlanmış Lüks 2+1,none,0,0,0,0,0,none,0,,1313267471
,Topçular Merkezi Konum Satılık Daire,none,0,0,0,0,0,none,0,,1324841228
En Üst Kat|Çatı Dubleksi,FIRSAT GENİŞ AİLE İÇİN EMSALSİZ BİR EV FERAH 4+1,roof,1,1,0,0,0,detail,0,,1279730867
,CB ENVOY|Değirmendere Yüzbaşılar Sahil'de Satılık Manzaralı 3+1,none,0,0,0,0,0,none,0,,1319035430
,DEĞİRMENDERE SAHİLDE SATILIK DAİRE,none,0,0,0,0,0,none,0,,1306902745
Ara Kat,"Değirmendere'de Satılık , Site İçinde, Merkezi Konum",none,0,0,0,0,0,none,0,,1130854028
,YÜZBAŞILARDA MERKEZİ KONUMDA 2+1 ARA KAT SATILIK DAİRE,none,0,0,0,0,0,none,0,,1321695890
,"Değirmendere'de Özenle Yapılmış, Geniş 2+1 Satılık Daire",none,0,0,0,0,0,none,0,,1313386261
,DEĞİRMENDERE SAHİLDE DENİZE SIFIR 3+1 EŞYALI FIRSAT DAİRE,none,0,0,0,0,0,none,0,,1311378552
Ara Kat,GÖLCÜK MERKEZ 2+1 ARA KAT SATILIK İÇİ YAPILI DAİRE.,none,0,0,0,0,0,none,0,,1324723935
,KURA GAYRİMENKUL ATATÜRK MAHALLESİNDE DENİZ MANZARALI DÜZ DAİRE,none,0,0,0,0,0,none,0,,1313782524
En Üst Kat,DEĞİRMENDERE SATILIK 3+1 YAPILI DAİRE,none,0,0,0,0,0,none,0,,1324865141
,CUMHURİYET MAHALLESİNDE KAÇIRILMAYACAK 3+1 FIRSAT DAİRE!,none,0,0,0,0,0,none,0,,1321647403
Bahçe Dubleksi,E&G EMLAK'TAN DEĞİRMENDEREDE LÜX FIRSAT!,garden,1,0,1,0,0,detail,0,,1308570937
Ara Kat,"DEVLET HASTANESI KARŞISI, SATILIK 3+1 ARA KAT DAIRE",none,0,0,0,0,0,none,0,,1296468997
Bahçe Dubleksi,Topçular Çakabey Konakları'nda Bahçe Kullanımlı 3+1 Daire,garden,1,0,1,0,0,detail,0,,1321503860
Ara Kat,"YÜZBAŞILAR ARAKAT DÜZ DAİRE,HASTANE YANINDA,TAKASLI 4+1 DAİRE",none,0,0,0,0,0,none,0,,1293407697
Ara Kat,NDS GAYRİMENKUL' DEN 2+1 KAÇIRILMAYACAK FIRSAT !!!,none,0,0,0,0,0,none,0,,1237154048
En Üst Kat,DEĞİRMENDERE DENİZ MANZARALI 3+1 SATILIK DAİRE,none,0,0,0,0,0,none,0,,1324863619
Ara Kat,"Değirmendere Atatürk Mah. Sıfır Lüks 2+1 Daire, Sahile yakın",none,0,0,0,0,0,none,0,,1307528757
Çatı Dubleksi,GÖZLEMENTEPE'DE EBEVEYN BANYOLU 4+1 GENİŞ TERASLI SATILIK DAİRE,roof,1,1,0,0,0,detail,0,,1324432003
Çatı Dubleksi,Topçular Mahallesinin Merkezinde Turgut Özal İlkokulu Yanıbaşı,roof,1,1,0,0,0,detail,0,,1324386650
Ara Kat,Körfez manzaralı 3+1 satılık arakat daire,none,0,0,0,0,0,none,0,,1283352999
Ara Kat,E&G EMLAK'TAN DEĞİRMENDERE MERKEZDE FIRSAT!,none,0,0,0,0,0,none,0,,1318940473
,YÜZBAŞILARDA 3 + 1 KIRACILI FULL EŞYALI SATILIK YATIRIM FIRSATI,none,0,0,0,0,0,none,0,,1321333516
,"ASKERİ KAPI, SAHİLE VE HASTANEYE ÇOK YAKIN KONUMDA 3+1 DAİRE",none,0,0,0,0,0,none,0,,1318719761
En Üst Kat,3+1 FERAH DAİRE - HASTANE - OKUL - SAHİLE YAKIN,none,0,0,0,0,0,none,0,,1324275788
,NİL GAYRİMENKUL'DEN 3+1 ASANSÖRLÜ ARAKAT,none,0,0,0,0,0,none,0,,1239247631
,DEĞİRMENDERE'DE DENİZ MANZARALI SATILIK 3+1 DAİRE (YÜKSEK KREDİ),none,0,0,0,0,0,none,0,,1324202310
Ara Kat,ULTRA LÜKS DENİZ MANZARALI SIFIR ARAKAT DAİRE,none,0,0,0,0,0,none,0,,1321358354
Ara Kat,Değirmendere Topçular'da Satılık 3+1 Arakat Daire,none,0,0,0,0,0,none,0,,1318834544
,Denize Sıfır 2+1 Kupon daire,none,0,0,0,0,0,none,0,,1294250148
,Ana Yola Yakın Manzaralı Değerli Yatırım 4+1 Satılık Düz Daire,none,0,0,0,0,0,none,0,,1324361683
En Üst Kat,DEĞİRMENDERE YALI MH EŞYALARI İLE BİRLİKTE SATILIK DAİRE,none,0,0,0,0,0,none,0,,1324116349
,KAPTAN EMLAK'TAN YALI TADINDA 3+1 İÇERİSİ SIFIR DAİRE,none,0,0,0,0,0,none,0,,1317736063
,KAPTAN EMLAK'TAN DENİZE SIFIR 3+1 KELEPİR DAİRE,none,0,0,0,0,0,none,0,,1317735757
,ATATÜRK MAHALLESİ KALICI KONUTLARDA GENİŞ ARSA PAYLI 3+1 DAİRE,none,0,0,0,0,0,none,0,,1320599194
Ara Kat,ANAYOL KENARI ARAKAT SATILIK DAİRE,none,0,0,0,0,0,none,0,,1316387160
Ara Kat,Değirmendere Cumhuriyet Mah.de Önü Kapanmaz Deniz Manzaralı 3+1,none,0,0,0,0,0,none,0,,1318553643
Bahçe Dubleksi,"Vadi Değirmendere'de Satılık, Deniz Manzaralı Lüks 3+1 Daire",garden,1,0,1,0,0,detail,0,,1302009761
Ara Kat,"FULL KREDİ/FİNANS! GENİŞ,ARA KAT,DENİZ MANZ. MASRAFSIZ DÜZ DAİRE",none,0,0,0,0,0,none,0,,1318841377
,SAHİBİNDEN arakat 3+1 daire,none,0,0,0,0,0,none,0,,1301588498
Ara Kat,DEĞİRMENDERE TOPÇULAR MAH. 3+1 SATILIK DAİRE,none,0,0,0,0,0,none,0,,1310997964
Ara Kat,"LİDYA'DAN Özel Tasarım,Ebeveyn Banyolu,Otoparklı 4+1 Lüks Arakat",none,0,0,0,0,0,none,0,,1323918004
Ara Kat,MERKEZ CADDE ÜSTÜ ASANSÖRLÜ KİRACILI YATIRIMLIK DAİRE,none,0,0,0,0,0,none,0,,1272758893
Ara Kat,Değirmendere'de Hastane Karşısı 3+1 Yapılı Daire,none,0,0,0,0,0,none,0,,1315496743
Ara Kat,Vadi Değirmendere'de 3 cepheyi gören en gözde ara kat! 3+1,none,0,0,0,0,0,none,0,,1323827472
,E&G EMLAK'TAN REVNA LİFE'DA KAÇIRILMAZ FIRSAT!,none,0,0,0,0,0,none,0,,1295648224
Ara Kat,KALICI KONUTLAR 2+1 ARAKAT İÇİ YAPILI SATILIK DAİRE,none,0,0,0,0,0,none,0,,1323773830
,İÇİ YAPILI MASRAFSIZ DENİZ MANZARALI,none,0,0,0,0,0,none,0,,1170274104
Ara Kat,DEĞİRMENDERE TOPÇULAR MAH. KUPON 3+1 SİTE İÇİNDE SATILIK DAİRE,none,0,0,0,0,0,none,0,,1267920042
En Üst Kat,MERKEZİ KONUM | KREDİYE UYGUN | ASANSÖRLÜ | DENİZ MANZARALI 3+1,none,0,0,0,0,0,none,0,,1323601604
Ara Kat,PROJE GALERİ'den DEĞİRMENDERE'de DENİZE CEPHE ARAKAT FIRSATI,none,0,0,0,0,0,none,0,,1323592674
Ara Kat,DEĞİRMENDERE MERKEZİ KONUM EVİM KENT 3+1 SATILIK,none,0,0,0,0,0,none,0,,1310765712
Ara Kat,Yeni Mahalle'de Bahçe Konforlu 'KREDİYE UYGUN' 3+1 Düz Daire,none,0,0,0,0,0,none,0,,1301251642
Ara Kat,CAN EMLAK - YÜZBAŞILARDA '' GENİŞ YAPI '' 3+1 135 M2 ARA DAİRE,none,0,0,0,0,0,none,0,,1299547943
Ara Kat,DEĞİRMENDERENİN GÖBEĞİNDE FIRSAT FİYATLI 3+1 SATILIK DAİRE,none,0,0,0,0,0,none,0,,1318042431
,GÖLCÜK MERKEZDE SATILIK 2+1 DAİRE,none,0,0,0,0,0,none,0,,1318145142
,DEĞİRMENDERE'DE DENİZ MANZARALI HAVUZLU SİTE İÇİ 3+1 SIFIR DAİRE,none,0,0,0,0,0,none,0,,1317965115
Bahçe Dubleksi,"Deniz Manzaralı, Özel Bahçeli 3+1 Villa Tipi Daire",garden,1,0,1,0,0,detail,0,,1315387039
Ara Kat,REMAX NATURAL'DEN YÜZBAŞILARDA SATILIK 3+1 DAİRE,none,0,0,0,0,0,none,0,,1323586554
Ara Kat,Önü kapanmaz deniz manzaralı 3+1,none,0,0,0,0,0,none,0,,1305493243
Ara Kat,Yüzbaşılar Yeni Devlet Hastahanesi Alt Sokağında Kelepir 3+1,none,0,0,0,0,0,none,0,,1271843078
Ara Kat,DEĞİRMENDERE MERKEZ ASANSÖRLÜ 3+1 ARA KAT,none,0,0,0,0,0,none,0,,1296708428
,"LİDYA'DAN Değirmendere Sahilde, Denize Sıfır, Ultra Lüks Fırsat",none,0,0,0,0,0,none,0,,1323258757
Ara Kat,DEĞİRMENDERE TOPÇULAR MAHALLESİNDE 3+1 ARA KAT SATILIK DAİRE,none,0,0,0,0,0,none,0,,1317714367
Ara Kat,Yüzbaşılar Mahallesi 75. Yıl Sitesi 3+1 Dilek Ercan REMAX ÇAKRA,none,0,0,0,0,0,none,0,,1311448460
En Üst Kat,"Deniz Manzaralı, Merkezi Konumda 3+1 Daire",none,0,0,0,0,0,none,0,,1296510493
,MERKEZ EMLAKTAN SATILIK 3+1 YÜKSEK GİRİŞ DAİRE,none,0,0,0,0,0,none,0,,1317674828
Ara Kat,"Son derece sessiz, Sakin, Huzurlu, Geniş, Körfez Manzaralı Daire",none,0,0,0,0,0,none,0,,1323018988
Ara Kat,E&G EMLAK'TAN DENİZE SIFIR 3+1 FIRSATI!!!,none,0,0,0,0,0,none,0,,1318015246
Ara Kat,ACİL SAHİBİNDEN 3+1DAİRE DENİZ MANZARALI İÇİ YENİ YAPILI BAKIMLI,none,0,0,0,0,0,none,0,,1252253422
Ara Kat,DEĞİRMENDERE NECATİ ÇELİK DEVLET HASTANESİ KARŞISI SATILIK DAİRE,none,0,0,0,0,0,none,0,,1310744729
Ara Kat,GÖLCÜK YÜZBAŞILAR EŞYALI SATILIK 3+1 ARAKAT DAİRE,none,0,0,0,0,0,none,0,,1322875805
Ara Kat,FİYAT 1 HAFTA GEÇERLİ FIRSAT DAİRE,none,0,0,0,0,0,none,0,,1317686201
Çatı Dubleksi,DEĞİRMENDERE TOPÇULAR BEYAZ SARAYLAR 3+1 SATILIK DAİRE,roof,1,1,0,0,0,detail,0,,1322998015
En Üst Kat,GÖLCÜK YÜZBAŞILARDA DENİZ VE KÖPRÜ MANZARALI SATILIK DAİRE,none,0,0,0,0,0,none,0,,1265416520
Dubleks,Değirmendere Yalı mahahellesi 2+1 Re/Max Çakra,standard,1,0,0,0,1,detail,0,,1305423754
Ara Kat,FIRSAT DEĞİRMENDERE SAHİLDE DENİZ MANZARALI SATILIK 3+1,none,0,0,0,0,0,none,0,,1300374816
En Üst Kat,GÖLCÜK YÜZBAŞILARDA DENİZ VE KÖPRÜ MANZARALI 3+1 SATILIK DAİRE,none,0,0,0,0,0,none,0,,1265399662
Çatı Dubleksi,"GÖLCÜK TOPÇULAR'DA,DENİZ MANZARALI, SİTE İÇİNDE SÜPER LÜKS DAİRE",roof,1,1,0,0,0,detail,0,,1322782824
Ara Kat,ListingPortal Satılık Deniz Manzaralı,none,0,0,0,0,0,none,0,,1322325630
,E&G EMLAK'TAN HASDAYI'DA 3+1!!!!!!!!!!!,none,0,0,0,0,0,none,0,,1322949000
Ara Kat,Değirmendere Sahil'de 2+1 ListingPortal ListingPortal Satılık Daire,none,0,0,0,0,0,none,0,,1322307344
,Kocaeli Değirmendere satılık daire,none,0,0,0,0,0,none,0,,1146969532
,Gölcük Yeni Mahallede Yatırıma Uygun Satılık Daire,none,0,0,0,0,0,none,0,,1322191805
Ara Kat,Yüzbaşılar Deniz Manzaralı Hazır Kiracılı İçi Yapılı 3+1 Daire,none,0,0,0,0,0,none,0,,1317114899
Ara Kat,CAN EMLAK - YALI MAH '' ARA KAT '' 130 M2 3+1 DAİRE,none,0,0,0,0,0,none,0,,1322326376
En Üst Kat,DEĞİRMENDERE SAHİLDE SATILIK DENİZ MANZARALI TERASLI 2+1,none,0,0,0,0,0,none,0,,1322077077
En Üst Kat,"Merkezde/100m2 teraslı,1 ve çeyrek daire 130m2 4,5+1 daire",none,0,0,0,0,0,none,0,,1243153652
Ara Kat,Değirmendere'de 3+1 satılık daire,none,0,0,0,0,0,none,0,,1321672696
Ara Kat,Kat Mülkiyeti Deniz manzaralı krediye uygun daire,none,0,0,0,0,0,none,0,,1321526514
,YÜZBAŞILAR İSU KARŞISI DENİZ MANZARALI DAİRE,none,0,0,0,0,0,none,0,,1308428824
Ara Kat,DEĞİRMENDERE YÜZBAŞILAR MAH SAHİLDE SATILIK DAİRE,none,0,0,0,0,0,none,0,,1321813334
,CB'ELEXUS'DAN MERKEZİN KALBİNDE KİRA GELİRİ HAZIR DAİRE,none,0,0,0,0,0,none,0,,1322554945
Ara Kat,DEĞİRMENDERE MERKEZDE 0 BİNADA SATILIK 2+1 GİRİŞ VE ARA KAT,none,0,0,0,0,0,none,0,,1316309405
,Gizem Emlak'tan Atatürk Mahallesinde 4+1 Kupon Daire,none,0,0,0,0,0,none,0,,1321883839
,Yuzbasilarda daire,none,0,0,0,0,0,none,0,,1321611290
Bahçe Dubleksi,KOCAELİ GÖLCÜK YENİ MAH. 3+1 SATILIK DENİZ MANZARALI BAHÇE DBLKS,garden,1,0,1,0,0,detail,0,,1312026943
Ara Kat,EMLAK YATIRIM'DAN DEĞİRMENDERE Y. MAH .ARA KAT 3+1 SATILIK DAİRE,none,0,0,0,0,0,none,0,,1321566903
,Denize Yürüme Mesafesinde | Değirmendere Yalıda Satılık 3+1,none,0,0,0,0,0,none,0,,1293507765
Ara Kat,ARIK GAYRİMENKUL'DEN TOPÇULAR DA 3+1 DENİZ MANZARALI ASANSÖRLÜ,none,0,0,0,0,0,none,0,,1298701090
Ara Kat,DEĞİRMENDERE ATATÜRK MH. SİTE İÇERSİNDE SATILIK ARA KAT,none,0,0,0,0,0,none,0,,1284350018
Ara Kat,TERTEMİZ SATILIK EV,none,0,0,0,0,0,none,0,,1321115416
Ara Kat,DEĞİRMENDERENİN KALBİNDE FIRSAT 3+1 - 3 CEPHE SATILIK DAİRE,none,0,0,0,0,0,none,0,,1321544825
En Üst Kat,YALI MİSALİ BİR MEKANDA OTURMAK İSTEYENLERE,none,0,0,0,0,0,none,0,,1321162118
,ASAYRA EMLAK TAN YÜZBAŞILAR DA 3+1SATILIK DAİRE,none,0,0,0,0,0,none,0,,1316049889
Ara Kat,TOPÇULAR Mh.lesi 3+1 ARA KAT SATILIK PAZARLIKLI,none,0,0,0,0,0,none,0,,1321237495
,ACİL SATILIK YENİ MAHALLEDE SATILIK 2+1,none,0,0,0,0,0,none,0,,1293110757
Ara Kat,SAHİBİNDEN YÜZBAŞILAR SATILIK DAİRE,none,0,0,0,0,0,none,0,,1321195236
Ara Kat,EMİNEVİME Uygun Değirmendere Sahilde Denizle İç İçe Yalı Keyfi,none,0,0,0,0,0,none,0,,1302434968
Ara Kat,Değirmendere de deniz manzaralı hastane okul pazar toplu taşıma,none,0,0,0,0,0,none,0,,1241475795
En Üst Kat,CAN EMLAK-TOPÇULARDA 3+1 145 M2 '' İSKANLI '' TAMAMLANMIŞ DAİRE,none,0,0,0,0,0,none,0,,1219027103
,DENİZE AÇILAN PENCERELERİNİZ OLSUN İSTER MİSİNİZ?,none,0,0,0,0,0,none,0,,1321090047
En Üst Kat,ADİL EMLAKTAN DEĞİRMENDERE YALI MAH 3+1 SATILIK DAİRE,none,0,0,0,0,0,none,0,,1209064111
Ara Kat|Tripleks,D130 KARA YOLU VE ÇARŞI MERKEZE YAKIN KONUMDA 2+1 DAİRE,none,0,0,0,0,0,none,0,,1315902935
Ara Kat,Yüzbaşılarda Merkezi Lokasyon'da Tertemiz Masrafsız 3+1 Satılık,none,0,0,0,0,0,none,0,,1309986392
Ara Kat,REMAX NATURAL DEN TOPÇULARDA SATILIK 3+1,none,0,0,0,0,0,none,0,,1299246840
Ara Kat,GÖLCÜK YENİ MAH. EŞYALI 2+1 SATILIK 22000 KİRACILI ARAKAT DAİRE,none,0,0,0,0,0,none,0,,1321158354
Ara Kat,OSMAN GAZİ KÖPRÜ VE DENİZ MANZARALI İÇİ FULL YAPILI DAİRE,none,0,0,0,0,0,none,0,,1320936466
En Üst Kat,DENİZ MANZARALI 3+1 DAİRE,none,0,0,0,0,0,none,0,,1320873707
Ara Kat,ADİL EMLAKTAN DEĞİRMENDERE ÇARŞI MERKEZDE 2+1 SATILIK DAİRE,none,0,0,0,0,0,none,0,,1288952660
Ara Kat,YÜZBAŞILARDA HASTANE KARŞISINDA 3+1 ARA KAT DAİRE,none,0,0,0,0,0,none,0,,1315727287
,Lidya Gayrimenkul'den Yüzbaşılar Demirsoy Sitesi'nde FIRSAT 3+1!,none,0,0,0,0,0,none,0,,1305725990
Ara Kat,SATILIK DAİRE MERKEZDE,none,0,0,0,0,0,none,0,,1313995023
Ara Kat,DEĞİRMENDERE REMAX NATURAL DEN YÜZBAŞILAR SATILIK GENİŞ 2+1,none,0,0,0,0,0,none,0,,1309900734
,DEĞİRMENDERE İÇİ FULL SIFIR YAPILI 3+1 SATILIK DAİRE,none,0,0,0,0,0,none,0,,1320795220
Ters Dubleks,SAHİBİNDEN TOPÇULARDA DENİZ MANZARALI AKILLI SİSTEM DAİRE,standard,1,0,0,0,1,detail,0,,1320531796
Çatı Dubleksi,Yüzbaşılar Mah. Merkezi Konumda ListingPortal Satılık Dairem,roof,1,1,0,0,0,detail,0,,1185498926
Çatı Dubleksi,YATIRIMLIK (eşyalı) Donanma B kapıya 10 dk mesafede,roof,1,1,0,0,0,detail,0,,1266170357
Ara Kat,GÖLCÜK YAZLIK SATILIK 3+1 ARA KAT 126 M2,none,0,0,0,0,0,none,0,,1323389583
Ara Kat,GÖLCÜK KAVANİUM 1. ETAP SATILIK 3+1 DAİRE,none,0,0,0,0,0,none,0,,1275056912
Ara Kat,TORUNOĞULLARI SİTESİNDE ARAKAT 2+1 SATILIK DAİRE,none,0,0,0,0,0,none,0,,1320534274
En Üst Kat,"DONANMA MAHALLESİ'NDE, FERAH VE MERKEZÎ LOKASYONDA SATILIK DAİRE",none,0,0,0,0,0,none,0,,1323286404
Ara Kat,Hisareyin'de Arakat 2+1 Satılık Daire,none,0,0,0,0,0,none,0,,1320517947
Ara Kat,Gölcük Merkezde Satılık 3+1 Eşyalı Daire (Kiracılı),none,0,0,0,0,0,none,0,,1323587331
Ara Kat,GÖLCÜK DUMLUPINAR ORTAOKULU KARŞISI ARAKAT DAİRE,none,0,0,0,0,0,none,0,,1214112549
,"Gölcük'te Deniz Manzaralı, Oturuma Hazır 3+1 ve 2+1 Daire",none,0,0,0,0,0,none,0,,1323578467
Ara Kat,"Gölcük Kavaklı'da Ara kat , 2+1, 90m² Satılık Daire",none,0,0,0,0,0,none,0,,1312044771
,"Düz Ağaç'ta Bakımlı 2+1 Bahçeli Daire, 85m² Net",none,0,0,0,0,0,none,0,,1323561444
En Üst Kat|Ara Kat,Gölcük Deniz As Sitesi'nde Satılık 2+1 Daire,none,0,0,0,0,0,none,0,,1323550923
,FORD KONUTLARINDA 2+1 SİTE İÇERİSİNDE SATILIK DAİRE,none,0,0,0,0,0,none,0,,1317891729
Ara Kat,GÖLCÜK PİYALEPAŞADA MÜKEMMEL KONUMDA SATILIK 3+1 ARA KAT DAİRE,none,0,0,0,0,0,none,0,,1298394511
Ara Kat,Site içinde 2+1 daire,none,0,0,0,0,0,none,0,,1326433292
Çatı Dubleksi,"Çatı Eğimsiz, Kullanışlı Daire.",roof,1,1,0,0,0,detail,0,,1320435073
Ara Kat,İMZA GM'DEN YAZLIK'TA 2+1 GENİŞ BALKON+ÇAMAŞIR ODASI ARA KAT,none,0,0,0,0,0,none,0,,1301788563
En Üst Kat,ŞİRİNKÖY KALICI KONUTLARDA MÜSTAKİL TADINDA 9. ADADA 2+1,none,0,0,0,0,0,none,0,,1315191622
Ara Kat,GÖLCÜK YAZLIK'TA SATILIK 2+1 FERAH DAİRE,none,0,0,0,0,0,none,0,,1320343049
Ara Kat,CB ELEXUS | YAZLIK 2+1 SATILIK DAİRE KREDİYE UYGUN,none,0,0,0,0,0,none,0,,1320346786
Ara Kat,GÖLCÜK ÇARŞI MERKEZDE SATILIK DAİRE,none,0,0,0,0,0,none,0,,1326368339
,"SAHiBİNDEN DONANMA,YENİ DEVLET HASTANESİ YAKINI SATILIK ARAKAT",none,0,0,0,0,0,none,0,,1320287106
,MERKEZ EMLAKTAN ÇARŞI İÇİ SATILIK 2+1 DAİRE,none,0,0,0,0,0,none,0,,1290774697
,GÖLCÜK DONANMA MAHALLESİNDE GENİŞ 2+1 YÜKSEK GİRİŞ TAM TADİLATLI,none,0,0,0,0,0,none,0,,1315043585
,"Düzağaç Kalıcı Konutlarında, Okullara ve Pazara Yakın 1. Kat 2+1",none,0,0,0,0,0,none,0,,1326276109
En Üst Kat,"KAVANİUM'DA SERVİS GÜZERGAHINDA HAVUZLU, FERAH 3+1 DAİRE.",none,0,0,0,0,0,none,0,,1271933262
,GÖLCÜK KARAKÖPRÜ'DE SATILIK 3+1 ARAKAT DAİRE,none,0,0,0,0,0,none,0,,1278820007
Dubleks|Bahçe Dubleksi,Yeniköy Yazlık Ilıca Evlerinde SATILIK 4+1 Geniş Daire,garden,1,0,1,0,0,detail,0,,1311185711
Ara Kat,CB ENVOY'DAN GÖLCÜK ŞEHİTLER'DE DENİZ MANZARALI 2+1 GENİŞ DAİRE,none,0,0,0,0,0,none,0,,1317783982
,MERKEZ EMLAKTAN SATILIK TOKİ SİVRİTEPE KONUTLARDA 2+1 ARAKAT,none,0,0,0,0,0,none,0,,1320040936
Dubleks,ÇİFTLİKTE ANAYOLA 100 METRE SIFIR 4+1 DAİRE!,standard,1,0,0,0,1,detail,0,,1295691395
En Üst Kat,"Saraylı Konutları'nda Satılık 3+1 Daire, 100m², Doğa Manzaralı",none,0,0,0,0,0,none,0,,1323250810
Ara Kat,YC GROUP'tan MUHTEŞEM KONUMDA BÜYÜK METREKARELİ DAİRE,none,0,0,0,0,0,none,0,,1326194288
Ara Kat,ACİLLLL SATILIK 3+1 ARA KAT,none,0,0,0,0,0,none,0,,1326208247
En Üst Kat,DUMLUPINAR ORTAOKULU KARŞISI GENİŞ TERASLI 2+1,none,0,0,0,0,0,none,0,,1323228298
,GÖLCÜK MERKEZ'DE 3+1 EŞYALI SATILIK DAİRE,none,0,0,0,0,0,none,0,,1314960608
,CB ELEXUS | FIRSAT YAZLIK'TA KULLANIŞLI 1+1 SATILIK DAİRE,none,0,0,0,0,0,none,0,,1320317301
,RE/MAX ÇAKRA'dan Merkez Mahallesinde 2+1 Satılık Daire,none,0,0,0,0,0,none,0,,1297333734
Ara Kat,CB ENVOY Gölcük Karaköprü'de Satılık 2+1 Özel Yapım Daire 147m²,none,0,0,0,0,0,none,0,,1326186645
En Üst Kat,EN ÜST KAT MANZARALI 2+1 KALICI KONUT,none,0,0,0,0,0,none,0,,1320085539
,EMA EMLAK ÇİFTLİK MAH.FSM LİSESİ ARKASI 1+1 YÜKSEK GİRİŞ DAİRE,none,0,0,0,0,0,none,0,,1326186153
,DİKKAT EMLAK'tan Gölcük Kavanium 2.Etap Satılık 1+1 Daire,none,0,0,0,0,0,none,0,,1326170510
Dubleks|Ters Dubleks,AKBULUT EMLAKTAN | GENİŞ 4+1 | GÖLCÜK | 3+1 SATILIK,standard,1,0,0,0,1,detail,0,,1326159959
,AKKOYUN DAN ŞOK ŞOK ŞOK FİYAT DÜŞTÜ HALIDEREDE SATILIK DAIRE,none,0,0,0,0,0,none,0,,1319721576
,GÖLCÜK ŞİRİNKÖY 31. ADA KALICI KONUTLARIN DA 2+1 3.KAT DAİRE,none,0,0,0,0,0,none,0,,1326160169
Ara Kat,REMAX NATURAL' DEN MÜSTAKİL KONFORUNDA SATILIK DAİRE,none,0,0,0,0,0,none,0,,1314876209
,GÖLCÜK PİYALEPAŞA'DA DENİZ AS SİTESİNDE SATILIK 2+1 DAİRE,none,0,0,0,0,0,none,0,,1310843883
,GÖLCÜK YAZLIK MERKEZ'DE SATILIK SIFIR 2+1 DAİRE,none,0,0,0,0,0,none,0,,1304971516
En Üst Kat,YOLA YÜRÜME MESAFESİ! 3+1 FIRSAT KİRACILI YATIRIMLIK DAİRE,none,0,0,0,0,0,none,0,,1286659849
En Üst Kat,Anayol Kenarı Merkezi Konumlu Asansörlü 3+1 Satılık,none,0,0,0,0,0,none,0,,1319954790
Ara Kat,"GÖLCÜK KAVAKLIDA 3+1 NET 150 m2 YÜKSEK GİRİŞ ""PAPAĞAN'ım EMLAK""",none,0,0,0,0,0,none,0,,1326084869
Ara Kat,"Çiftlik Mahallesi'nde Satılık 2+1 Daire, 80m², Site İçinde",none,0,0,0,0,0,none,0,,1314941307
Dubleks,GÖLCÜK HİSAREYN'DE 4+1 ULTRA DENİZ MANZARALI SIFIR SATILIK DAİRE,standard,1,0,0,0,1,detail,0,,1278640378
Ara Kat,YAZLIK MERKEZDE GENİŞ VE FERAH 3+1 ARA KAT SATILIK FIRSAT DAİRE,none,0,0,0,0,0,none,0,,1296348567
Bahçe Dubleksi,K-YAPI MAVİŞEHİR'DE ÖZEL DİZAYN VE YERDEN ISITMA ULTRALÜKS DAİRE,garden,1,0,1,0,0,detail,0,,1323076354
Ara Kat,()ŞİRİNKÖY MERKEZİ KONUMDA 3+1,none,0,0,0,0,0,none,0,,1324699058
,İhsaniye'de Site İçi 2+1 90 m2 Giriş Kat Daire,none,0,0,0,0,0,none,0,,1326050105
En Üst Kat,ADİL EMLAKTAN KALICI KONUTLARI ŞİRİNKOY MAH SATILIK DAİRE,none,0,0,0,0,0,none,0,,1303466783
,HALIDERE'DE TEMİZ 1+1 DAİRE,none,0,0,0,0,0,none,0,,1299827759
Ara Kat,"ListingPortal Masrafsız, Bakımlı 2+1 Daire, Yeni Otogar Yanı",none,0,0,0,0,0,none,0,,1326021847
,3+1 GENİŞ ARAKAT DAİRE,none,0,0,0,0,0,none,0,,1326225606
Ara Kat,"Gölcük'te Deniz Manzaralı, Sıfır, 3+1 Lüks Daire",none,0,0,0,0,0,none,0,,1326222128
Ara Kat,Kocaeli Gölcük Şehitler Mahallesi Acil Satılık 126 m² 3+1Daire,none,0,0,0,0,0,none,0,,1313043903
Ara Kat,Gölcük Belediyesine Yakın Deniz Manzaralı Yatırımlık,none,0,0,0,0,0,none,0,,1314985137
,GÖLCÜK BAĞDAT CAMII ÜSTÜNDE YÜKSEK GİRİŞ FERAH KULLANIŞLI DAİRE,none,0,0,0,0,0,none,0,,1313800641
,HALIDERE DE 3+1 MÜSTAKİL TADINDA GİRİŞ KAT,none,0,0,0,0,0,none,0,,1179999665
En Üst Kat,"Donanma Mah. 2 Aileye Uygun, 220m², Teraslı Satılık Daire",none,0,0,0,0,0,none,0,,1323005804
En Üst Kat,Gölcük Merkez de içi yapılı daire,none,0,0,0,0,0,none,0,,1314596408
,GÖLCÜK ŞEHİTLERDE 11 YILLIK ARAKAT 2+1 110 m²,none,0,0,0,0,0,none,0,,1310995883
,YAMAN EMLAK'tan SATILIK A-5ARAKAT DAİRE 3+1 MAVİŞEHİR SİT'DE,none,0,0,0,0,0,none,0,,1294003870
,YAMAN EMLAK'tan 31.ADA'da SATILIK DAİRE(2+1),none,0,0,0,0,0,none,0,,1308050860
,YAMAN EMLAK FORD KONUTLARI'nda SATILIK DAİRE 2+1 YÜKSEK GİRİŞ,none,0,0,0,0,0,none,0,,1240557410
Ara Kat,"RemaxÇakra Ömer ONAYCI'dan Site İçinde Sıfır 3+1, Ekstralı Daire",none,0,0,0,0,0,none,0,,1319780406
,GÖLCÜK DONANMADA KENTSEL DÖNÜŞÜMDE 3+1 DAİRE,none,0,0,0,0,0,none,0,,1325931255
,PROJE GALERİ'den GÖLCÜK KARAYOLUNA YAKIN SIFIR 3+1,none,0,0,0,0,0,none,0,,1274985739
,Gölcük Donanma Mah.'de 2+1 Satılık Kiracılı Daire,none,0,0,0,0,0,none,0,,1322860782
,ACİL KELEPİR DAİRE,none,0,0,0,0,0,none,0,,1325843725
,"OTURUMA HAZIR, 3+1 ARA KAT SIFIR SİTE İÇERİSİNDE DÜZ DAİRE",none,0,0,0,0,0,none,0,,1322818815
En Üst Kat,GÖLCÜK MERKEZ MANZARALI GENİŞ 3+1 TERASLI DAİRE 160 m2,none,0,0,0,0,0,none,0,,1323041548
Ara Kat,3+1 İÇİ SIFIR YAPILI SINIRSIZ KREDİLİ ARA KAT LÜKS GENİŞ DAİRE,none,0,0,0,0,0,none,0,,1317574342
En Üst Kat,"Piyale Paşa'da Merkezi Konumda, Geniş ve Ferah 2+1",none,0,0,0,0,0,none,0,,1308775359
,DUMLUPINAR ORTAOKULU KARŞISI 3+1 ARAKAT FIRSAT DAİRE,none,0,0,0,0,0,none,0,,1310092824
Ara Kat,SAHİBİNDEN SATILIK 2+1 ARAKAT GENİŞ PLAN DAİRE,none,0,0,0,0,0,none,0,,1314290981
Ara Kat,GÖLCÜK ŞEHİTLER MAHALLESİNDE MERKEZİ KONUMDA 3+1 FIRSATI!,none,0,0,0,0,0,none,0,,1322978487
Dubleks|En Üst Kat|Çatı Dubleksi,REMAX DREAMDEN HALIDEREDE 3+1 150 METREKARE SATILIK DAİRE,roof,1,1,0,0,0,detail,0,,1308112323
Ara Kat,PİYALEPAŞA MAHALLESİNDE 3+1 ARAKAT SATILIK DAİRE,none,0,0,0,0,0,none,0,,1320080621
En Üst Kat,GÖLCÜK ÇARŞI MERKEZDE GENİŞ 3+1 DAİRE,none,0,0,0,0,0,none,0,,1322756209
Çatı Dubleksi,GÖLCÜK KARAKÖPRÜ MH. VURALLAR ELİTE SİTESİNDE 3+1 SATILIK DAİRE,roof,1,1,0,0,0,detail,0,,1308412627
En Üst Kat|Ara Kat Dubleks|Çatı Dubleksi,EMLAK YATIRIM'DAN İHSANİYE MAH.'DE EŞYALI SATILIK 3+1 DAİRE,roof,1,1,0,0,0,detail,0,,1308084310
,EMLAK YATIRIM'DAN DÜZAĞAÇ MAH .KALICI KONUT 2+1 SATILIK DAİRE,none,0,0,0,0,0,none,0,,1325665201
,SAHİBİNDEN SİTE İÇİNDE HAVUZLU OTOPARKLI DAİRE,none,0,0,0,0,0,none,0,,1325657536
Ara Kat|Bahçe Dubleksi,Gölcük sahil'e sıfır 3+1,garden,1,0,1,0,0,detail,0,,1300387040
Ara Kat,GÖLCÜK DUMLUPINARDA EMSALLERİNE GÖRE ÇOK BAKIMLI DAİRE,none,0,0,0,0,0,none,0,,1314478575
Ara Kat,GÖLCÜK TOKİ'DE 2+1 90M2 SATILIK ARAKAT DAİRE,none,0,0,0,0,0,none,0,,1294616795
,HALIDERE SAHİLDE SATILIK 2+1 DAİRE,none,0,0,0,0,0,none,0,,1263369777
,ListingPortal Satılık Temiz ve Masrafsız Daire,none,0,0,0,0,0,none,0,,1324826659
,AKKOYUN DAN acil acil fiyat düştü full deniz manzaralı ilk gel,none,0,0,0,0,0,none,0,,1323071591
Ara Kat,Kocaeli Gölcük Çiftlik Mahallesi Satılık 127 m² 3+1 Arakat Daire,none,0,0,0,0,0,none,0,,1290853902
Ara Kat,listing_portal satılık 3+1,none,0,0,0,0,0,none,0,,1316292150
Ara Kat,LİDYA'DAN HALIDERE AYLA SİTESİNDE İÇİ YAPILI SATILIK ARAKAT,none,0,0,0,0,0,none,0,,1296826162
Ara Kat,Gölcük Piyalepaşa Mah.D130 Üzerinde Yenilenmiş 3+1 Ara Kat Daire,none,0,0,0,0,0,none,0,,1325599929
Ara Kat,"Donanma'da Ana Yola Cephe, Kentsel Dönüşüm Fırsatı !!!",none,0,0,0,0,0,none,0,,1314354568
Ara Kat,İHSANİYE MERKEZ SATILIK SIFIR 3+1 ARA KAT DAİRE FIRSATI !!,none,0,0,0,0,0,none,0,,1290658534
,YALIK YENİ MAHALLEDE SİTE İÇERİSİNDE 2+1 YÜKSEK GİRİŞ,none,0,0,0,0,0,none,0,,1313957999
Ara Kat,GÖLCÜK PİYALEPAŞA MAHALLESİNDE 2+1 ARA KAT DAİRE,none,0,0,0,0,0,none,0,,1298637527
En Üst Kat,Acil satılık,none,0,0,0,0,0,none,0,,1325448746
En Üst Kat,KAVAKLI'DA SATILIK 2+1 MÜKEMMEL KONUMLU DAİRE!,none,0,0,0,0,0,none,0,,1305736394
Çatı Dubleksi,ERENOĞLU GAYRİMENKULDEN LÜKS VE GENİŞ 3+1 SATILIK DAİRE,roof,1,1,0,0,0,detail,0,,1313922040
,AKKOYUN DAN ULL DENİZ MANZARALI EŞYALİ SATİLİK,none,0,0,0,0,0,none,0,,1326034125
,SINIRSIZ KREDİ İMKANLI SİTE İÇİ ASANSÖRLÜ 3+1 ARAKAT DAİRE,none,0,0,0,0,0,none,0,,1308319462
Ara Kat,GÖLCÜK MERKEZDE 3+1 TEMİZ VE BAKIMLI ARA KAT DAİRE,none,0,0,0,0,0,none,0,,1297088754
Ara Kat,YC GROUPTAN DENİZ MANZARALI ARA KAT GENİŞ SÜPER KONUM,none,0,0,0,0,0,none,0,,1325372457
Ara Kat,CB ELEXUS| Çarşı Merkez'de 2+1 Arakat Satılık Daire,none,0,0,0,0,0,none,0,,1325371708
,PİYALEPAŞA'DA LÜKS AMERİKAN MUTFAKLI YATIRIM FIRSATI 2+1 DAİRE,none,0,0,0,0,0,none,0,,1325343354
Çatı Dubleksi,HARİKA LOKASYONDA SAHİBİNDEN SATILIK 4+1 GENİŞ AİLE DAİRESİ,roof,1,1,0,0,0,detail,0,,1312118260
En Üst Kat,Acill Masrafsız Temiz Satılık Daire Son Fırsat ListingPortal,none,0,0,0,0,0,none,0,,1290038351
Ara Kat,KOCAELİ HALIDEREDE ÖNÜ KAPANMAZ DENİZ MANZARALI SATILIK 2+1DAİRE,none,0,0,0,0,0,none,0,,1325329472
Ara Kat,EMAEMLAK ÇİFTLİK MAH FİDANLIK CAD 1+1 REZİDANS DAİRE ASANSÖRLÜ,none,0,0,0,0,0,none,0,,1295790703
Ara Kat,SAHİBİNDEN ACİL SATILIK,none,0,0,0,0,0,none,0,,1325300810
Ara Kat,Gölcük Merkezde Bakımlı & Geniş 3+1 Arakat Daire,none,0,0,0,0,0,none,0,,1304733355
,ÇAKIR GAYRİMENKUL DEN GÖLCÜK PİYALEPAŞA MAH.3+1 SATILIK DAİRE,none,0,0,0,0,0,none,0,,1289376090
,DENİZ MANZARALI 2 MUTFAKLI GENİŞ TERASLI3+1 ULTRA LÜKS DAİRE,none,0,0,0,0,0,none,0,,1294169512
Ara Kat,GÖLCÜK KAVAKLI MAHALLESİNDE 3+1 ARAKAT SATILIK DAİRE,none,0,0,0,0,0,none,0,,1317101078
Ara Kat,CB Envoy'dan Şirinköy mah.Oturuma Hazır 2+1 Arakat Daire,none,0,0,0,0,0,none,0,,1325114902
Çatı Dubleksi,EMAY'DAN GÖLCÜK ÇİFTLİK MAH. SİTE İÇİ 2+1 SATILIK FIRSAT DAİRE !,roof,1,1,0,0,0,detail,0,,1322240549
,GÖLCÜK YAZLIK YENİ MAHALLEDE SATILIK FIRSAT 1+1 DAİRE,none,0,0,0,0,0,none,0,,1325174901
Ara Kat,Asansörlü arakat daire.,none,0,0,0,0,0,none,0,,1325168754
,Gölcük Çarşı'da Satılık 2+1 Daire - Merkezi Konum,none,0,0,0,0,0,none,0,,1307970295
Ara Kat,PTT'NİN KARŞISINDA MERKEZİ KONUMDA SATILIK DAİRE,none,0,0,0,0,0,none,0,,1325349358
Ara Kat,ListingPortal 2+1 Ara kat,none,0,0,0,0,0,none,0,,1325119509
Çatı Dubleksi,Sessiz ve Önü Kapanmaz Konumda Ferah 3+1 Satılık Daire,roof,1,1,0,0,0,detail,0,,1325110533
,GÖLCÜK SİVRİTEPE TOKİ KONUTLARI SATILIK 3+1 DAİRE,none,0,0,0,0,0,none,0,,1304198334
,Gölcük Sivritepe TOKİ'de Satılık 2+1 Daire %80 KREDİ KULLANIMI,none,0,0,0,0,0,none,0,,1296484169
En Üst Kat,Gözlementepe Ford Konutlarında Satılık İçi Yapılı 2+1 Daire,none,0,0,0,0,0,none,0,,1317040057
,MERKEZ EMLAKTAN SATILIK ÇARŞI İÇİ 2+1 DAİRE,none,0,0,0,0,0,none,0,,1325262047
Ara Kat,Gölcük Piyalepaşa Mahallesinde Satılık Ara Kat Daire,none,0,0,0,0,0,none,0,,1307901831
,DOĞA İLE İÇ İÇE,none,0,0,0,0,0,none,0,,1191377961
Ara Kat,"Gölcük Merkez'de Satılık 3+1 Daire, 145m², Askeriye Karşısı",none,0,0,0,0,0,none,0,,1307348203
Bahçe Dubleksi,Şirinköy'de Geniş Bahçeli 3+1 Bahçe Dubleksi,garden,1,0,1,0,0,detail_and_title,0,,1300079180
Ara Kat,Kocaeli Gölcük İhsaniye Merkez Mah. Satılık 195 m² 3+1 Daire,none,0,0,0,0,0,none,0,,1316680677
,2+1 ARAKAT DAİRE (1 AY ANAHTAR TESLİM!),none,0,0,0,0,0,none,0,,1317146703
Çatı Dubleksi,GÖLCÜK ÇİFTLİK'TE SATILIK 2+1 LÜKS REZİDANS DAİRE.,roof,1,1,0,0,0,detail,0,,1278485349
Ara Kat,GÖLCÜK MERKEZDE SATILIK,none,0,0,0,0,0,none,0,,1313471124
,PİYALE PAŞADA 3+1 FULLL YAPILI LÜKS GİRİŞ KAT DAİRE,none,0,0,0,0,0,none,0,,1324973207
Dubleks|Çatı Dubleksi,4+1 230 METRE KARE SON FİYAT İLK GELEN ALIR .,roof,1,1,0,0,0,detail,0,,1286469012
Ara Kat,DENİZ MANZARALI 3+1 ARAKAT FIRSAT DAİRE!!!!!!!!,none,0,0,0,0,0,none,0,,1321985042
Ara Kat,Şehitler Mahallesinde Geniş 2+1 Arakat,none,0,0,0,0,0,none,0,,1319197104
,SARAYLI KALICI KONUTLARINDA HEM YAŞAM HEM YATIRIM İÇİN 3+1,none,0,0,0,0,0,none,0,,1324945962
En Üst Kat,Kavanium Gölcük 2.Etapta Satılık 2+1 Daire,none,0,0,0,0,0,none,0,,1296209139
,MÜKEMMEL KONUMDA GENİŞ FERAH TERTEMİZ FIRSAT 3+1,none,0,0,0,0,0,none,0,,1324932401
Çatı Dubleksi,Gölcük Tepe mahallede satılık Ferah 4+1 Daire,roof,1,1,0,0,0,detail,0,,1321909145
Ters Dubleks,ARKUN GAYRİMENKUL'DEN DENİZ MANZARALI SIFIR EŞYALI 3+1 DAİRE,standard,1,0,0,0,1,detail,0,,1296774609
,Yenilenmiş İç Mimarisiyle Masraf Gerektirmeyen Lüks Daire,none,0,0,0,0,0,none,0,,1243094812
Çatı Dubleksi,KOCAELİ GÖLCÜK YAZLIK'TA HARİKA KONUMLU 2+1 SATILIK DAİRE,roof,1,1,0,0,0,detail,0,,1309682822
,ListingPortal Gölcük Kavanium 1.Etap Satılık,none,0,0,0,0,0,none,0,,1284170430
,KOCAELİ GÖLCÜK YAZLIK YENİ MAHALLEDE SATILIK 1+1 DAİRE,none,0,0,0,0,0,none,0,,1314789642
,ARAKAT 3+1 ARSA PAYI YÜKSEK MÜSTAKİL BİNA,none,0,0,0,0,0,none,0,,1324831830
,D100 ÜZERİNDE 2+1 ASANSÖRLÜ MASRAFSIZ ARA KAT DAİRE,none,0,0,0,0,0,none,0,,1294515924
,SAHİBİNDEN SIFIR OTURUMA HAZIR 3+1 ARAKAT EKSTRALI DAİRE,none,0,0,0,0,0,none,0,,1310854729
En Üst Kat,TURYAP DONANMA' DAN KAVAKLI MAH.SATILIK DAİRE,none,0,0,0,0,0,none,0,,1299765903
,olkar safir evleri,none,0,0,0,0,0,none,0,,1324360611
,GÖLCÜK YAZLIK'TA SIFIR 1+1 DÜZ DAİRE,none,0,0,0,0,0,none,0,,1313616598
,KALICI KONUTLARIN EN GÜZEL MERKEZİ 12 ADA YÜKSEK GİRİŞ 2.975.000,none,0,0,0,0,0,none,0,,1294098263
Ara Kat,İHSANİYE'DE FORD M.Y.O. ÇOK YAKIN SIFIR ARA KAT FIRSAT DAİRE!!!,none,0,0,0,0,0,none,0,,1316313922
Ara Kat,GÖLCÜK HALIDEREDE DENİZ & DOĞA MANZARALI 2+1 DAİRE,none,0,0,0,0,0,none,0,,1307448819
,"""""ACİİL"""" SATILIK DAİRE """"FIRSAT""""",none,0,0,0,0,0,none,0,,1287243632
Ara Kat,"KAVAKLI SAHİLDE DENİZE SIFIR, FULL DENİZ MANZARALI 3+1 DAİRE...",none,0,0,0,0,0,none,0,,1315910492
,140 m2 FULL DONANIMLI ARSA PAYI YÜKSEK 3+1 Müstakil Bina,none,0,0,0,0,0,none,0,,1324817382
En Üst Kat,Deniz As Sitesi 2+1 Manzaralı Ferah Daire,none,0,0,0,0,0,none,0,,1307957716
Ara Kat,ULAŞLI MERKEZDE 3+1 DENİZ VE DOĞA MANZARALI DAİRE,none,0,0,0,0,0,none,0,,1299315020
Ara Kat,DUHAN EMLAK'tan KÖRFEZ MH FULL DENİZ MANZARALI ARA KAT 3+1 150m2,none,0,0,0,0,0,none,0,,1264239447
Ara Kat,FİYAT DÜŞTÜÜ! BU FİYATA FULL DENİZ MANZARALI DAİRE BULUNMAZZ...,none,0,0,0,0,0,none,0,,1292201881
,%80 İNE KREDİ İMKAMLI SİTE İÇİ 2+1 YÜKSEK GİRİŞ,none,0,0,0,0,0,none,0,,1296502339
En Üst Kat,ŞİRİNKÖY 20.ADADA DENİZ MANZARALI FERAH FIRSAT KALICI KONUT,none,0,0,0,0,0,none,0,,1315908690
,ListingPortal Acill Satılık,none,0,0,0,0,0,none,0,,1324453350
,2+1 ARAKAT SIFIR DAİRE,none,0,0,0,0,0,none,0,,1296708131
Ara Kat,"""DENİZ MANZARALI HAYAT SİZİ BEKLİYOR..!""",none,0,0,0,0,0,none,0,,1290883417
,GÖLCÜK KAVAKLI MAHALLESİN'DE ARAKAT 3+1 SATILIK DAİRE,none,0,0,0,0,0,none,0,,1324456606
En Üst Kat,REMAX NATURAL DEN DÜZAĞAÇ KALICI KONUTLARINDA 2+1 SATILIK,none,0,0,0,0,0,none,0,,1302032008
Tripleks,G.C.Gayrimenkulden Gölcük Ulaslıda Satilik Trıplex,none,0,0,0,0,0,none,0,,1311963359
,G.C gayrimenkulden Gölcük Dumlupınar mah satilik 3+1 Daire,none,0,0,0,0,0,none,0,,1318245337
,ŞİRİNKÖY KALICI KONUT KILIÇ EMLAK'TAN,none,0,0,0,0,0,none,0,,1324422809
Ara Kat,İKONX'TEN GÖLCÜK HALIDERE SAHİLDE SATILIK DAİRE,none,0,0,0,0,0,none,0,,1324418641
Ara Kat,GÖLCÜK MERKEZ MAHALLESİNDE 3+1 SATILIK ARAKAT DAİRE,none,0,0,0,0,0,none,0,,1313374087
Ara Kat,REMAX NATURAL'DAN DENİZ MANZARALI SATILIK 3+1 DAİRE,none,0,0,0,0,0,none,0,,1301969924
Ara Kat,FIRSAT FORD FABRİKASINA YAKIN SATILIK STÜDYO DAİRE,none,0,0,0,0,0,none,0,,1321274441
En Üst Kat,GÖLCÜK KAVAKLI MAH 2+1 SATILIK DAİRE 3. KAT,none,0,0,0,0,0,none,0,,1313056392
Ara Kat,Sahilde ListingPortal Satılık Daire,none,0,0,0,0,0,none,0,,1293559033
Ara Kat,*%80 KREDİLİ! ŞİRİNKÖY'DE SIĞINAK ÜSTÜ 2+1 BAKIMLI KALICI KONUT*,none,0,0,0,0,0,none,0,,1304983022
En Üst Kat,MERALLER EMLAKTAN GÖLCÜK DUMLUPİNARDA ACİL SATILIK 3+1 DAİRE,none,0,0,0,0,0,none,0,,1293876569
Ara Kat,"Dumlupınar'da Eşyalı, 3+1, Merkezi Konumda Satılık Daire Fırsatı",none,0,0,0,0,0,none,0,,1306882409
,MÜSTAKİL TADINDA TEMİZ 2+1,none,0,0,0,0,0,none,0,,1324287234
Ara Kat,MASRAFSIZ YÜKSEK KİRA GETİRİ POTANSİYELLİ 3+1 ÇARŞI MERKEZ,none,0,0,0,0,0,none,0,,1318462793
,HİSAREYİN SUPARK EVLERİNDE HAVUZ KENARI BAHÇE KULLANIM ALANLI3+1,none,0,0,0,0,0,none,0,,1318429974
Ara Kat,ANA CADDE ÜZERİ SATILIK 3+1 KREDİYE UYGUN ARAKAT MASRAFSIZ DAİRE,none,0,0,0,0,0,none,0,,1324283535
Dubleks|En Üst Kat|Ara Kat|Ara Kat Dubleks|Çatı Dubleksi|Ters Dubleks,HALIDERE YALI EVLERiNDE DENİZE SIFIR 250 m2 4+1 SATILIK DAİRE,roof,1,1,0,0,0,detail,0,,1316136199
,GÖLCÜK MERKEZDE DENİZ MANZARALI GENİŞ TERASLI 3+1 FIRSAT DAİRE,none,0,0,0,0,0,none,0,,1315652139
,ŞENSEL EMLATAN FIRSAT 3+1 ARAKAT MERKEZİ KONUMDA,none,0,0,0,0,0,none,0,,1324199635
Ara Kat,"YC GROUP'tan HİSAREYN'de SIFIR, HAVUZLU ARAKAT DAİRE",none,0,0,0,0,0,none,0,,1321114202
,Oturuma hazır Arakat,none,0,0,0,0,0,none,0,,1324393418
Ara Kat,CB ELEXUS | Şirinköy Mahallesi 1+1 Ara Kat Sıfır Daire,none,0,0,0,0,0,none,0,,1313187653
Ara Kat,HALIDERE LEB-İ DERYA FUL DENİZ MANZARALI ARAKAT SATILIK DAİRE,none,0,0,0,0,0,none,0,,1291825192
Ara Kat,ŞİRİNKÖY KALICI KONUTLARINDA ARAKAT DAİRE,none,0,0,0,0,0,none,0,,1304490865
Ara Kat,REMAX ÇARŞI'DAN ŞİRİNKÖY KALICI KONUTLARDA ARA KAT SATILIK DAİRE,none,0,0,0,0,0,none,0,,1300499692
,ACİL SATILIK !!! 2+1 GİRİŞ KAT KAT MÜLKİYETLİ FIRSAT DÜZ DAİRE,none,0,0,0,0,0,none,0,,1324123649
,MERKEZ EMLAK'TAN SATILIK 3+1 DENİZ MANZARALI DAİRE,none,0,0,0,0,0,none,0,,1306566312
En Üst Kat,GÖLCÜK TOKİ KONUTLARINDA SATILIK 120M² DAİRE,none,0,0,0,0,0,none,0,,1324093417
Ara Kat,TANYILDIZ-GÖLCÜK KARAKÖPRÜ FIRSAT SATILIK SIFIR 2+1 ARAKAT DAİRE,none,0,0,0,0,0,none,0,,1306852421
Ara Kat,SATILIK 3+1 DAİRE GÖLCÜK İPEKYOLU MAHALLESİ,none,0,0,0,0,0,none,0,,1324031911
,ESKİDJİ GÖLCÜK YAZLIK SATILIK YERDEN ISITMALI 2+1 DAİRE,none,0,0,0,0,0,none,0,,1317961096
,GÖLCÜK KAVAKLI MAH. DENİZ MANZARALI ARAKAT 3+1 SATILIK DAİRE,none,0,0,0,0,0,none,0,,1324021030
,Gölcük Çiftlik Mah. Önü Ferah Manzaralı Satılık 2+1 Daire,none,0,0,0,0,0,none,0,,1322596565
Ara Kat,GÖLCÜK ŞİRİNKÖY 'DE 2+1 ARAKAT FIRSAT KALICI KONUT,none,0,0,0,0,0,none,0,,1320937548
Tripleks,FUL EŞYALI MUHTEŞEM DENİZ MANZARALI GENİŞ 5+1,none,0,0,0,0,0,none,0,,1310463084
,ListingPortal satılık,none,0,0,0,0,0,none,0,,1283366409
,GÖLCÜK ÇARŞIDA 24.000₺ EŞYALI KİRACILI SATILIK DAİRE,none,0,0,0,0,0,none,0,,1300020295
Ara Kat,SATILIK YATIRIMA VE KİRALAMAYA UYGUN FIRSAT 2+1 DAİRE,none,0,0,0,0,0,none,0,,1290301759
,Otoparklı site içerisinde ferah daire,none,0,0,0,0,0,none,0,,1248303750
,GÖLCÜK MERKEZ'DE KELEPİR 2+1,none,0,0,0,0,0,none,0,,1315786359
Çatı Dubleksi,ARKUN GAYRİMENKUL'DEN SATILIK GENİŞ FERAH 4+1 DAİRE,roof,1,1,0,0,0,detail,0,,1309925860
,RE/MAX DREAM GÜVENCESİİLE SATILIK 3+1 DAİRE,none,0,0,0,0,0,none,0,,1312335631
Tripleks,DENİZ MANZARALI MUSTAKİL 4+2 DAİRE,none,0,0,0,0,0,none,0,,1293360736
,listing_portal satilik daire 2+1,none,0,0,0,0,0,none,0,,1323817671
Ara Kat,CB ENVOY'DAN GÖLCÜK YAZLIK'TA SİTE İÇİ 2+1 GENİŞ DAİRE,none,0,0,0,0,0,none,0,,1315605326
,KAVAKLI'DA TERTEMİZ 2+1 DAİRE...,none,0,0,0,0,0,none,0,,1324037367
,FULL KREDİ İMKANLI ÇİFTLİK MAHALLESİNDE SATILIK 1+1 ARAKAT DAİRE,none,0,0,0,0,0,none,0,,1313410336
En Üst Kat,Krediye Uygun! Merkezi Konum Tadilatlı 2+1 Satılık Kalıcı Konut,none,0,0,0,0,0,none,0,,1318685543
Ara Kat,OLKAR VADİ EVLERİ'NDE 4+1 ARAKAT DAİREMİZ SATILIKTIR,none,0,0,0,0,0,none,0,,1318401433
Ara Kat,SATILIK 2+1 GÖLCÜK KARAKÖPRÜ'DE KİRACILI ARA KAT DAİRE,none,0,0,0,0,0,none,0,,1303041031
En Üst Kat,Merkezi konum 3+1 içi fuul yapılı daire,none,0,0,0,0,0,none,0,,1268401309
,GÖLCÜK MERKEZDE FULLL YAPILI MASRAFSIZ 1. KAT DAİRE,none,0,0,0,0,0,none,0,,1323758908
,GÖLCÜK MERKEZ DE ÇOK KULLANIŞLI ''4+1'' SATILIK DAİRE,none,0,0,0,0,0,none,0,,1105219395
Çatı Dubleksi,İSKELE YOLUNDA E5'E YAKIN TAMAMI KREDİYE UYGUN SATILIK DAİRE,roof,1,1,0,0,0,detail,0,,1324139289
Ara Kat,"CB'ELEXUS'DAN KONUMUYLA KAZANDIRAN, İÇİYLE HAYRAN BIRAKAN DAİRE",none,0,0,0,0,0,none,0,,1323880166
,HALIDERE'DE SAHİLİN DİBİNDE KURUŞ MASRAFSIZ 2+1 DAİRE FIRSATI...,none,0,0,0,0,0,none,0,,1320668798
Ara Kat,GÖLCÜK KALICI KONUTLARINDA ARSA PAYI YÜKSEK,none,0,0,0,0,0,none,0,,1286354013
En Üst Kat,EMA EMLAK KARAKÖPRÜ MAH. VİP SİT. 2+1 ÖNÜ AÇIK 3.KAT KİLERLİ.,none,0,0,0,0,0,none,0,,1323650556
Ara Kat,KAVAKLI SAHİLDE DENİZE SIFIR TADİLATI YAPILMIŞ 3+1 DAİRE,none,0,0,0,0,0,none,0,,1312399345
Dubleks|Çatı Dubleksi,PİYALEPAŞA MAHALLESİ MERKEZİ KONUMLU 3+1 DAİREMİZ SATILIKTIR.,roof,1,1,0,0,0,detail,0,,1323632536
Ara Kat,GÖLCÜK ŞİRİNKÖY YENİ BİNA ARA KAT DAİRE,none,0,0,0,0,0,none,0,,1298696014
Ara Kat,ÇİFTLİK MAH. CADDE ÜSTÜ ŞIK TASARIMI VE 1. SINIF İŞÇİLİĞİYLE 3+1,none,0,0,0,0,0,none,0,,1318387781
,"GÖLCÜK SARAYLI' DA SIFIRDAN YENİLENMİŞ, MASRAFSIZ 3+1 DAİRE",none,0,0,0,0,0,none,0,,1323597558
Ara Kat,EMLAK YATIRIM'dan Gölcük piyalepaşa Mahallesi'nde 2+1 Arakat,none,0,0,0,0,0,none,0,,1323597011
Ara Kat,"& ""MAVİ ŞEHİRİN EN GÜZEL DAİRESİ"" &",none,0,0,0,0,0,none,0,,1320746323
Ara Kat,CAN EMLAK - DONANMA MAH '' İÇİ SIFIR YAPILMIŞ '' 3+1 145 M2,none,0,0,0,0,0,none,0,,1317668593
Bahçe Dubleksi,YAZLIK ILICA YANINDA TATİL KONFORUNDA BAHÇELİ 3+1 YAŞAM FIRSATI,garden,1,0,1,0,0,detail,0,,1318152503
Ara Kat,GÖLCÜK ŞEHİTLER MAH. CADDE ÜZERİNDE SIFIR AYARINDA SATILIKDAİRE,none,0,0,0,0,0,none,0,,1323570138
Ara Kat,"CB ENVOY Gölcük Hisareyin'de Ara Kat 2+1, Yerden Isıtmalı Daire",none,0,0,0,0,0,none,0,,1315397886
,DENİZE SIFIR 2+1 KAÇIRILMAZ FIRSAT!!!,none,0,0,0,0,0,none,0,,1309955790
,YAMAN EMLAK'tan SATILIK C-6 ARAKAT DAİRE 3+1 MAVİŞEHİR SİTESİNDE,none,0,0,0,0,0,none,0,,1311812282
,DENİZE SIFIR | EŞSİZ KÖRFEZ MANZARALI 2+1 DAİRE,none,0,0,0,0,0,none,0,,1323469677
,GÖLCÜK HALIDERE'DE FIRSAT DAIRE,none,0,0,0,0,0,none,0,,1323470157
Ara Kat,Gölcük Şirinköy'de Satılık 2+1 Sıfır Arakat Daire,none,0,0,0,0,0,none,0,,1315610097
Ara Kat,TRUE LIFE GAYRİMENKUL'DEN SATILIK 2+1 ARAKAT DAİRE,none,0,0,0,0,0,none,0,,1320592165
,"Çiftlik Mahallesinde Site İçinde, Merkezi Konumda 3+1 Düz Daire",none,0,0,0,0,0,none,0,,1318928873
,ŞENSEL EMLAKTAN HİSAREYN'DE SATILIK 2+1,none,0,0,0,0,0,none,0,,1317982492
,S İ V R İ T E P E T O Kİ 'DE S A H I B I N D E N 3+1daire,none,0,0,0,0,0,none,0,,1241132368
Ara Kat,ÇİFTLİK MAH. HASTANE KARŞISI 3+1 DAİREMİZ SATILIKTIR....!!,none,0,0,0,0,0,none,0,,1318378906
Ara Kat,"BARIŞ VİZYON 3 ///TAŞINMAYA HAZIR ///ARAKAT DÜZ DAİRE 4,5+1",none,0,0,0,0,0,none,0,,1317826530
,İHSANİYE MERKEZDA LÜKS 2+1 SATILIK DAİRE,none,0,0,0,0,0,none,0,,1312179902
,GÖLCÜK ÇARŞI MERKEZDE YENİLENMİŞ 2+1 SATILIK DAİRE,none,0,0,0,0,0,none,0,,1321078033
Ara Kat,GÖLCÜK HALIDEREDE LEBİ DERYA DENİZ MANZARALI 3+1,none,0,0,0,0,0,none,0,,1149066439
,2 Katlı Binada 2+1 Toki,none,0,0,0,0,0,none,0,,1315411435
,PİYALEPAŞA MAHALLEN'DE SATILIK 2+1 GİRİŞ KAT DAİRE,none,0,0,0,0,0,none,0,,1324631106
,Kocaeli Gölcük merkez satılık daire,none,0,0,0,0,0,none,0,,1187784720
Ara Kat|Çatı Dubleksi,GÖLCÜK PİYALEPAŞA MAH SATILIK 4+1 DAİRE,roof,1,1,0,0,0,detail,0,,1323368375
,ListingPortal satılık merkezi konumda 1+1,none,0,0,0,0,0,none,0,,1312284425
,Deniz manzaralı SuPark Arcadia sitesinde listing_portal 3+1,none,0,0,0,0,0,none,0,,1072027709
En Üst Kat,GÖLCÜK ÇİFTLİK MAHALLESİNDE 3+1 DAİRE,none,0,0,0,0,0,none,0,,1317077908
,Binadan bağımsız giriş üstelik bahçeli...,none,0,0,0,0,0,none,0,,1323662038
Ara Kat,ŞÖMİNELİ LÜKS İŞÇİLİKLİ 3+1 DENİZ MANZARALI ULAŞLIDA ÖZEL YAPI,none,0,0,0,0,0,none,0,,1306197646
En Üst Kat,EMLAK YATIRIM'DAN GÖLCÜK PIYALEPAŞA'DA 3+1 SATILIK DAIRE,none,0,0,0,0,0,none,0,,1323264458
En Üst Kat,"MERKEZİ KONUMDA,İÇİ YAPILI 2+1 80M² DAİREMİZ SATILIKTIR",none,0,0,0,0,0,none,0,,1294607280
Çatı Dubleksi,BU FIRSAT KAÇMAZ ULTRA LÜKS DAİRE VİLLA KONFORUNDA...,roof,1,1,0,0,0,detail,0,,1323033592
,MERKEZ EMLAKTAN SATILIK 3+1 ARAKAT DAİRE,none,0,0,0,0,0,none,0,,1279715212
En Üst Kat,GÖLCÜK MERKEZDE DENİZ MANZARALI DAİRE,none,0,0,0,0,0,none,0,,1323164743
,"YATIRIM VE OTURUMA UYGUN, MERKEZİ KONUMDA MASRAFSIZ, GENİŞ 3+1",none,0,0,0,0,0,none,0,,1300618591
,GÖLCÜK İPEKYOLU MAH 4.ADA İÇİ YAPILI SATILIK KALICI KONUT,none,0,0,0,0,0,none,0,,1322960050
,İHSANİYE MERKEZ BAHÇE KULLANIMLI 2+1 DÜZ DAİRE,none,0,0,0,0,0,none,0,,1317490575
,HİSAREYN KARAKÖPRÜ MH. 3+1 DÜZ DAİRE,none,0,0,0,0,0,none,0,,1322943229
,YAMAN EMLAK'tan SATILIK EŞYALI DAİRE 3+1,none,0,0,0,0,0,none,0,,1323353104
,ŞİRİNKÖY 24. ADADA 2+1 KALICI KONUT - DAİREMİZ BOŞTUR,none,0,0,0,0,0,none,0,,1288254861
En Üst Kat,ŞİRİNKÖY MAHALLESİ 3+1 ÖNÜ AÇIK SATILIK,none,0,0,0,0,0,none,0,,1248883643
,MERKEZ EMLAKTAN ÇARŞI İÇİNDE SATILIK 3+1 DAİRE,none,0,0,0,0,0,none,0,,1317917642
,Deniz ve Doğa manzaralı,none,0,0,0,0,0,none,0,,1322856767
En Üst Kat,GÖLCÜK ÇİFTLİK MH. ŞEHRİ TORUNOĞLU SİTESİ SATILIK 3+1 LÜKS DAİRE,none,0,0,0,0,0,none,0,,1311705282
Ara Kat,GÖLCÜK MERKEZ'DE FERAH 130 m² 2+1 ARA KAT SATILIK ARAKAT DAİRE,none,0,0,0,0,0,none,0,,1322777054
,DÜZ AGAÇ MAH. 34.Ada Temiz bakımlı 2+1 kalıcı konut,none,0,0,0,0,0,none,0,,1322835841
Çatı Dubleksi,YÜKSEK KREDİ İMKANLI İSKANLI PANORAMİK DENİZ MANZARALI 4+1 DAİRE,roof,1,1,0,0,0,detail,0,,1262514037
Ara Kat,KAVANİUM 2 SİTESİNDE SAHİBİNDEN 2+1 SATILIK DAİRE,none,0,0,0,0,0,none,0,,1304462378
,KAÇIRILMAZ FİYAT AVANTAJIYLA,none,0,0,0,0,0,none,0,,1323179218
Ara Kat,YAZLIK'TA 3+1 SATILIK ARA KAT DAİRE,none,0,0,0,0,0,none,0,,1322766959
Ara Kat,GÖLCÜK KÖRFEZ MAHALLESİ DENİZ MANZARALI ARAKAT 3+1 SATILIK DAİRE,none,0,0,0,0,0,none,0,,1322764921
,SAHİBİNDEN YAZLIK YENİ MAH. 3+1 YÜKSEK GİRİŞ KAT GENİŞ DAİRE,none,0,0,0,0,0,none,0,,1322720966
Ara Kat,ÇİFTLİK MAHALLESİ'NDE SİTE İÇERİSİNDE SATILIK LÜKS 2+1 DAİRE,none,0,0,0,0,0,none,0,,1323304071
,Gölcük Şehitler 2+1 Asansörlü Daire,none,0,0,0,0,0,none,0,,1306933812
,Merkeze yakın Uygun daire,none,0,0,0,0,0,none,0,,1199518134
,GOLCUK PİYALEPASA MH 2+1 DAİRE,none,0,0,0,0,0,none,0,,1316740536
Ara Kat,listing_portal 181. ada saraylı kalıcı konut.,none,0,0,0,0,0,none,0,,1311104288
,Donanma mahallesinde 3+1,none,0,0,0,0,0,none,0,,1300279315
Dubleks,COLDWELL BANKER ELEXUSTAN MÜTHİŞ FULL MANZARALI 3+1,standard,1,0,0,0,1,detail,0,,1312154162
,"EVİM,den GÖLCÜK KAVAKLI,DA SAHİLİNE 50M MESAFEDE 3+1&150M2 DAİRE",none,0,0,0,0,0,none,0,,1275318173
Çatı Dubleksi,MİLLET BAHÇESİNE YÜRÜME MESAFESİ KAÇIRILMAZ FIRSAT...,roof,1,1,0,0,0,detail,0,,1323090551
Ara Kat,GÖLCÜK ŞİRİNKÖY 3+1 SATILIK DAİRE (TOKİ KONUTLARI),none,0,0,0,0,0,none,0,,1321359435
Ara Kat,"Donanma Mahallesinde Masrafsız, Merkezi Konumlu 2+1 Daire!",none,0,0,0,0,0,none,0,,1311120131
Ara Kat,Gölcük Kavaklı Mahallesi Satılık 3+1 Ara Kat Re\Max Çakra,none,0,0,0,0,0,none,0,,1322345949
En Üst Kat,ListingPortal 539. Ada Kalıcı konut,none,0,0,0,0,0,none,0,,1310229140
,GÖLCÜK ÇİFTLİK MAH.ŞEHRİ TORUNOĞLU SİT. 2+1 LÜKS SATILIK DAİRE,none,0,0,0,0,0,none,0,,1305682370
,Gölcük Piyale Paşada 2+1 Satılık Daire,none,0,0,0,0,0,none,0,,1322524471
,KAVANIUM 2 LÜKS ESYALI FIRSAT DAİRE,none,0,0,0,0,0,none,0,,1323116488
,listing_portal satılık 2+1 gölcük piyepaşada,none,0,0,0,0,0,none,0,,1311081729
,MUHTEŞEM YATIRIM FIRSATI..GİRİŞİ MÜSTAKİL,none,0,0,0,0,0,none,0,,1323078776
,KOCAELİ GÖLCÜK ULAŞLI'DA DENİZ MANZARALI 3+1 SATILIK DAİRE,none,0,0,0,0,0,none,0,,1293367625
Ara Kat,Şirinköy Mahallesinde Satılık 3+1 Lüks Ara Kat Daire,none,0,0,0,0,0,none,0,,1143606889
En Üst Kat,2+1 DENİZ MANZARALI SIFIR YAPILI,none,0,0,0,0,0,none,0,,1322305142
,ŞERİT GAYRIMENKUL'DEN ŞEHITLER MAHALLESİNDE SATILIK 3+1 DAİRE,none,0,0,0,0,0,none,0,,1322142493
En Üst Kat,ıhtıyac sahıbıne,none,0,0,0,0,0,none,0,,1322033708
En Üst Kat,E&G EMLAK'TAN HALIDERE SAHİLDE FIRSAT!,none,0,0,0,0,0,none,0,,1257660586
Dubleks,REMAX 'DEN D130 CEPHE ACİLL SATILIK 1+1 DAİRE,standard,1,0,0,0,1,detail,0,,1316609389
,RE/MAX'DEN SINIRSIZ KREDİ SATILIK Y GİRİŞ 2+1 DAİRE,none,0,0,0,0,0,none,0,,1317483449
,MERKEZ EMLAKTAN GÖLCÜK ÇARŞI İÇİ SATILIK 2+1 DAİRE,none,0,0,0,0,0,none,0,,1316599927
Ara Kat,GÖLCÜK ŞEHİTLERDE SIFIR 2+1 SATILIK ARAKAT DAİRE,none,0,0,0,0,0,none,0,,1251372898
,MERKEZ EMLAKTAN SATILIK 3+1 ARAKAT DAİRE,none,0,0,0,0,0,none,0,,1299566892
,DAİRE BOŞTUR,none,0,0,0,0,0,none,0,,1321848563
,YAMAN EMLAK'tan GÖLCÜK KAVANİUM 1 SİTESİ'nde SATILIK DAİRE 3+1,none,0,0,0,0,0,none,0,,1321860983
Ara Kat,HALIDERE'DE DENİZE SIFIR SATILIK DAİRE,none,0,0,0,0,0,none,0,,1304573100
,EMLAK YATIRIM'DAN ÇİFTLİK MAHALLESİN'DE SATILIK 2+1 DAİRE,none,0,0,0,0,0,none,0,,1299643097
Ara Kat,RemaxÇakra Ömer ONAYCI'dan Donanma Mah. Yatırımlık 2+1 Daire,none,0,0,0,0,0,none,0,,1316399264
Ara Kat|Tripleks,KOCAELİ GÖLCÜK DONANMA'DA SATILIK 4+1 TRİPLEKS,none,0,0,0,0,0,none,0,,1310104968
,KALYON KAPIDA SATILIK 2+1 GİRİŞ KATI,none,0,0,0,0,0,none,0,,1316267612
,DENİZ VE YEŞİLİN İÇİNDE FIRSAT YAŞAM ALANI,none,0,0,0,0,0,none,0,,1321578591
Bahçe Dubleksi,"HEM DOĞADA, HEM DE MERKEZE YAKIN DAİREM OLSUN İSTEYENLER İÇİN!..",garden,1,0,1,0,0,detail,0,,1310779754
,ÇİFLİK MH DOĞA İLE İÇ İÇE DENİZ MANZARALI 3+1 YAŞAM ALANI,none,0,0,0,0,0,none,0,,1321545335
,HALIDERE YALI MH. SATILIK 2+1 DAİRE,none,0,0,0,0,0,none,0,,1321738688
Ara Kat,SİVRİTEPE TOKİ KONUTLARINDA 2+1 DAİRE I SATILIK I,none,0,0,0,0,0,none,0,,1300757268
,ARIK GAYRİMENKUL'DEN HİSAREYN MERKEZ DE 2+1 SİTE İÇİ DAİRE,none,0,0,0,0,0,none,0,,1297569234
Ara Kat,GÖLCÜK ÇİFTLİK MAH.ŞEHRİ TORUNOĞLU SİT. 2+1 LÜKS SATILIK ARAKAT,none,0,0,0,0,0,none,0,,1310483412
,Şensel emlak'tan Kalıcı konutlarda satılık Lokasyon fırsatı,none,0,0,0,0,0,none,0,,1315685582
Ara Kat,EMLAK YATIRIM'DAN İHSANİYE'DE 3+1 LÜX ARAKAT DAİRE,none,0,0,0,0,0,none,0,,1310607602
,Halk Bankası'ndan Kocaeli Gölcük Satılık Konut,none,0,0,0,0,0,none,0,,1262151198
,FIRSAT 3+1 ARAKAT ACİLLLLL,none,0,0,0,0,0,none,0,,1321205330
,HALIDERE'DE SIFIR EŞYALI SATILIK 3+1 DAİRE,none,0,0,0,0,0,none,0,,1281435948
Dubleks,REMAX'DEN YAZLIK ILICA EVLERİNDE ACİLL SATILIK 4+1 BOŞ DAİRE,standard,1,0,0,0,1,detail,0,,1315867037
,Şehitler Mah. 3+1 Tadilatlı Müstakil Bahçeli Daire,none,0,0,0,0,0,none,0,,1310068106
Ara Kat,Gölcük Çarşı Merkez 'de Eşyalı Satılık Fırsat Daire,none,0,0,0,0,0,none,0,,1321562794
,TANYILDIZ- Gölcük piyalepaşa mh. 1+1 FIRSAT DAİRE,none,0,0,0,0,0,none,0,,1310028716
Ara Kat,BARIŞ DELUXE2 |SINIRSIZ KREDİ|KAPALI OTOPARK|SIĞINAK|ARA KAT 3+1,none,0,0,0,0,0,none,0,,1304773707
,3+1 YÜKSEK GİRİŞ DAİRE,none,0,0,0,0,0,none,0,,1324079465
Ara Kat,ARThome - İHSANİYE MERKEZDE OTURUMA HAZIR 2+1 ARAKAT SIFIR DAİRE,none,0,0,0,0,0,none,0,,1315175486
,Her mevkii ye yakın kullanışlı daire,none,0,0,0,0,0,none,0,,1320958528
En Üst Kat,Kocaeli Gölcük Şirinköy 1. Ada 2+1 Satılık Kalıcı Konut,none,0,0,0,0,0,none,0,,1315758283
,EMA EMLAK YAZLIK YENİMAH. 3+1 YÜKSEKGİRİŞ YENİ BİNA ANAYOL YANI,none,0,0,0,0,0,none,0,,1320953674
En Üst Kat,SARAYLI KALICI KONUTLARINDA SATILIK 3+1 DAİRE,none,0,0,0,0,0,none,0,,1275359210
Ara Kat,MERKEZİ KONUMDA 3+1 FERAH DAİRE,none,0,0,0,0,0,none,0,,1276218036
Ara Kat,RemaxÇakra Ömer ONAYCI'dan Gölcük Çarşı İçinde Satılık Daire,none,0,0,0,0,0,none,0,,1321045001
,GÖLCÜK ÇARŞI YA YAKIN DUMLUPINAR MAHALLESİ ÇARŞAMBA PAZARI YANı,none,0,0,0,0,0,none,0,,1320760824
Ara Kat,"GÖLCÜK HALIDEREDE DENİZE YAKIN, FERAH 3+1 SATILIK DAİRE",none,0,0,0,0,0,none,0,,1315275312
,ŞENSEL EMLAK'TAN DENIZ MANZARALI ARA KAT DAIRE,none,0,0,0,0,0,none,0,,1315516646
Dubleks|En Üst Kat|Ara Kat|Bahçe Dubleksi,"ListingPortal Bahçeli, Otoparklı, Boş, Takasa Uygun",garden,1,0,1,0,0,detail,0,,1309498848
En Üst Kat,Tarcanlardan Satılık Krediye Uygun Masrafsız 3+1 Daire,none,0,0,0,0,0,none,0,,1315528216
En Üst Kat,"Ekspertiz Değeriyle Uyumlu, Sürdürülebilir Yatırım Avantajı",none,0,0,0,0,0,none,0,,1297700307
,GÖLCÜK YAZLIK MAH BAHÇE KULLANIMLI 3+1 SATILIK DAİRE,none,0,0,0,0,0,none,0,,1309156552
Çatı Dubleksi,EMAEMLAK HİSAREYN ESENTEPE DE 3+1 FULL DENİZ MANZARALI SİTE İÇİ,roof,1,1,0,0,0,detail,0,,1292661930
Ara Kat,DENİZ MANZARALI 3+1 ARAKAT SATILIK GENİŞ FERAH DAİRE,none,0,0,0,0,0,none,0,,1304055755
Ara Kat,GÖLCÜK KARAKÖPRÜ'DE MERKEZİ KONUMDA 3+1 ARA KAT DAİRE,none,0,0,0,0,0,none,0,,1320574117
Ara Kat,CB ELEXUS | 2+1 DENİZ MANZARALI ARAKAT SATILIK DAİRE,none,0,0,0,0,0,none,0,,1315704791
,MERKEZ EMLAKTAN SATILIK ŞİRİNKÖY KALICI KONUTLARDA 2+1 DAİRE,none,0,0,0,0,0,none,0,,1315497588
,listing_portal satılık,none,0,0,0,0,0,none,0,,1316118640
,3+1 130 M2 SİTE İÇİ YÜKSEK GİRİŞ,none,0,0,0,0,0,none,0,,1321417369
Ara Kat,NEMA'dan Karamürsel Ereğli'de Yatırımlık 2+1 Sıfır Daire,none,0,0,0,0,0,none,0,,1321761251
,Sinan inşaat son kalan daire,none,0,0,0,0,0,none,0,,1326695328
Ara Kat,CB MARK'TAN KARAMÜRSEL KOLAYLI 1 SİTESİNDE SATILIK DAİRE,none,0,0,0,0,0,none,0,,1326680028
,DERİN'DEN KARAMÜRSEL SAHİLE YAKIN SATILIK 100m² 3+1 DAİRE!,none,0,0,0,0,0,none,0,,1308962350
,ListingPortal havuzlu sitede,none,0,0,0,0,0,none,0,,1319042515
Forleks,REMAX KANYON DAN KAYACIK TA DENİZ MANZARALI VİLLA,none,0,0,0,0,0,none,0,,1298236717
Ara Kat,ROTA'DAN KARAMÜRSEL MERKEZ'DE SATILIK ARAKAT DAİRE!,none,0,0,0,0,0,none,0,,1281616683
Ara Kat,NEMA'dan Karamürsel Ereğlide Sahile Yakın net80m² 2+1 çift banyo,none,0,0,0,0,0,none,0,,1307309622
Ara Kat,ADRES EMLAKTAN ARA KAT PLAJ YOLUNDA SAHİLE 50 METRE MESAFEDE,none,0,0,0,0,0,none,0,,1271864457
Bahçe Dubleksi,EREĞLİDE SATILIK DENİZE SIFIR HAVUZLU MÜSTAKİL VİLLA,garden,1,0,1,0,0,detail,0,,1265282201
Ara Kat,Karamürsel'de Denize Sıfır Eşyalı 2+1 Yazlık Daire,none,0,0,0,0,0,none,0,,1326265451
Ara Kat,Remax Kanyon Merkezi Konum Otoparklı Asansörlü Ara Kat 3+1 Daire,none,0,0,0,0,0,none,0,,1326400031
,REMAX KANYONDAN AVCIKÖYDE 396M2 BAHÇE İÇİNDE EV,none,0,0,0,0,0,none,0,,1323298200
,Karamürsel Kayacıkda Doğanın İçinde 2+1 Sıfır Satılık Daire,none,0,0,0,0,0,none,0,,1326187790
Ara Kat,KARAMÜRSEL'DE DENİZ VE DOĞA MANZARALI 1+1 SATILIK DAİRE.,none,0,0,0,0,0,none,0,,1326172251
,Satılık Daire,none,0,0,0,0,0,none,0,,1325956088
Forleks,ÇAMÇUKUR DOĞAKENT DENİZ VE OSMANGAZİ KÖPRÜ MANZARALI EŞYALI5+2,none,0,0,0,0,0,none,0,,1319592302
Bahçe Dubleksi,KOCAELİ KARAMÜRSEL EREĞLİ'DE SATILIK VİLLA,garden,1,0,1,0,0,detail,0,,1322816485
Dubleks,REMAX KANYON'DAN DENİZ MANZARALI SATILIK VİLLA,standard,1,0,0,0,1,detail,0,,1270340962
,YENİ'DEN 2+1 KOCELİ KARAMÜRSEL YALAKDERE MAH SATILIK.TAKASA AÇIK,none,0,0,0,0,0,none,0,,1324616913
,Uğur emlaktan satılık,none,0,0,0,0,0,none,0,,1312926257
,DERİN'DEN DENİZ MANZARALI 136m² 3+1 TERASLI DAİRE!!,none,0,0,0,0,0,none,0,,1300203698
Ara Kat,SALI PAZ. AKILLI EV SİSTEMLİ LÜKS 3+1 SIFIR DAİRE,none,0,0,0,0,0,none,0,,1218092267
,"EMSALSİZ! Orman Manzaralı, Masrafsız, Kiracısız",none,0,0,0,0,0,none,0,,1299885022
,DERİN'DEN PAŞA KONAKLARI'NDA HAVUZLU 3+1 SATILIK DAİRE!,none,0,0,0,0,0,none,0,,1315789325
Dubleks,KARAMÜRSEL DEREKÖYDE DENİZ MANZARALI BAHÇELİ VE PRESTİJ DOLU,standard,1,0,0,0,1,detail,0,,1309563677
Ara Kat,Remax Kanyon'dan Merkezi Konum Satılık Ara Kat 3+1 Daire,none,0,0,0,0,0,none,0,,1327507218
,4 Temmuz mah ara kat satılık,none,0,0,0,0,0,none,0,,1264012959
,KARAMÜRSEL KAYACIK MAH. 3+1 GENİŞ DAİRE,none,0,0,0,0,0,none,0,,1327541918
Ara Kat,KARAMÜRSEL EREĞLİ 3+1 SAHİLE 100 METRE UZAKLIKTA LÜKS DAİRE,none,0,0,0,0,0,none,0,,1267197450
,KARAMÜRSEL'DE 2002 YAPIMI 3+1 MASRAFSIZ SATILIK DAİRE,none,0,0,0,0,0,none,0,,1327153846
En Üst Kat|Ara Kat,Karamürsel Sahiline 1 Dakika | Kat Mülkiyetli 3+1 Satılık Daire,none,0,0,0,0,0,none,0,,1327101545
,KARDEŞ'TEN SARIKUM'DA MERKEZE YAKIN FERAH 3+1 SATILIK DAİRE,none,0,0,0,0,0,none,0,,1327728918
,ADRES EMLAKTAN YÜZME HAVUZUNA YAKIN ARAKAT DAİRE,none,0,0,0,0,0,none,0,,1327394581
Ara Kat,Karamürsel'de 2+1 Satılık Daire,none,0,0,0,0,0,none,0,,1326902543
Ara Kat,Karamürsel kayacık mahallesi satılık 2 + 1 daire,none,0,0,0,0,0,none,0,,1326738561
Ara Kat,REMAX KANYON'DAN DENİZ MANZARALI 130 M2 SATILIK 3+1 DAİRE,none,0,0,0,0,0,none,0,,1306011830
Ara Kat,ListingPortal Karamürsel Kayacık Mah. Ara Kat Daire,none,0,0,0,0,0,none,0,,1326448174
En Üst Kat,Kolaylı 2 Sitesinde Masrafsız Eşyalı daire,none,0,0,0,0,0,none,0,,1261205190
Ara Kat,SAHİBİNDEN SATILIK HER CEPHEDEN DENİZ MANZARALI DAİRE,none,0,0,0,0,0,none,0,,1322584064
Ara Kat,FURKAN DEMİR'DEN KARAMÜRSEL KAYACIK'DA 2+1 FIRSAT SATILIK DAİRE,none,0,0,0,0,0,none,0,,1314785052
,REMAX KANYON'DAN HETAŞ KONAKLARINDA SATILIK 2+1 DAİRE,none,0,0,0,0,0,none,0,,1327820379
En Üst Kat,KOCAELİ KARAMÜRSEL 4TEMMUZ MAH.DENİZ MANZARALI SATILIK 3+1DAİRE,none,0,0,0,0,0,none,0,,1313327511
,ZİRVE EMLAKTAN KAYACIK MAHALLESİNDE SATILIK DAİRE,none,0,0,0,0,0,none,0,,1327769980
Ara Kat,CB Mahall'den Merkezi Konum da 2+1 Ara kat Satılık Daire,none,0,0,0,0,0,none,0,,1327883020
Ara Kat,BAŞİSKELE SAHİLE YAKIN 3+1 SATILIK DAİRE,none,0,0,0,0,0,none,0,,1327882296
Ara Kat,ListingPortal Doğa ve Deniz Manzaralı Arakat 2+1 Daire,none,0,0,0,0,0,none,0,,1327877385
Ara Kat,Barbaros Mahallesi'nde kullanışlı ara kat daire,none,0,0,0,0,0,none,0,,1327871319
Ara Kat,BAŞİSKELE DE KULLAR MERKEZDE 2+1 ARAKAT GENİŞ KULANIŞLI,none,0,0,0,0,0,none,0,,1320271134
Bahçe Dubleksi,BELİRLİ SÜRELİĞİNE FIRSAT FİYAT! DETAYLI BİLGİ İÇİN ARAYINIZ!,garden,1,0,1,0,0,detail,0,,1316583136
Dubleks,BAŞİSKELE FATİH MH DE 4+1 SATILIK DAİRE,standard,1,0,0,0,1,detail,0,,1327815715
Çatı Dubleksi,BAŞİSKELE ZERAYKENT SİTESİNDE DENİZ MANZARALI ÖNÜ AÇIK 4+1,roof,1,1,0,0,0,detail,0,,1327821850
,SATILIK LÜKS DAİRE,none,0,0,0,0,0,none,0,,1327806609
,Satılık Merkezi Konum 1+1 Daire,none,0,0,0,0,0,none,0,,1327771838
Ara Kat,BAŞİSKELE ARA KAT KÖŞE LÜX DAİRE,none,0,0,0,0,0,none,0,,1327763261
En Üst Kat,3 KENT GAYRİMENKUL'DEN EVİMİZ KOCAELİ 2+1 SATILIK DAİRE,none,0,0,0,0,0,none,0,,1327759349
,Satılık Merkezi Konum 1+1 Daire,none,0,0,0,0,0,none,0,,1327767417
,T DEMİR GAYRİMENKULDEN HAVUZLU SİTEDE FIRSAT 3+1 DAİRE,none,0,0,0,0,0,none,0,,1308892054
Ara Kat,ZERAY PERLA'DA SATILIK 3+1 ARA KAT DAİRE,none,0,0,0,0,0,none,0,,1327603455
Ara Kat,ATTİCHOUSEtan Clover Premiumda Satılık 3+1 Lüks Daire,none,0,0,0,0,0,none,0,,1327606278
Çatı Dubleksi,RE/MAX MYRA SATILIK 4+1 DENİZ & DOĞA MANZARALI KREDİYE UYGUN,roof,1,1,0,0,0,detail,0,,1327582027
,Başiskelede süper konum da kullanışlı daire,none,0,0,0,0,0,none,0,,1327561678
Ara Kat,Satılık Merkezi Konum 1+1 Daire,none,0,0,0,0,0,none,0,,1327560502
Ara Kat,KW ARVEN'DEN SIĞINAKLI ASANSÖRLÜ AYRI MUTFAKLI 2+1 ARA KAT DAİRE,none,0,0,0,0,0,none,0,,1327540320
Ara Kat,Satılık 3+1 Full Eşyalı Daire Site İçinde - Ara Kat,none,0,0,0,0,0,none,0,,1327508842
Bahçe Dubleksi|Ters Dubleks,Tarcanlardan Başiskelede Deniz Manzaralı 3+1 Satılık Daire,garden,1,0,1,0,0,detail,0,,1327497951
,STAR CENTER BAŞİSKELE CEVİZLİ VADİ EVLERİ SATILIK ÖZEL DAİRE,none,0,0,0,0,0,none,0,,1321488557
Ara Kat,MY YAKA Sitesi'nde Satılık 3+1 Arakat Daire,none,0,0,0,0,0,none,0,,1327480288
Dubleks,BAŞISKELE YUVACIK TAMAMI KREDİYE UYGUN 3+1 ASANSÖRLÜ DAİRE,standard,1,0,0,0,1,detail,0,,1327462365
Bahçe Dubleksi,TEMİZEL İNŞAAT GÜVENCESİYLE 4+1 210 m2 ULTRA LÜKS DAİREMİZ,garden,1,0,1,0,0,detail,0,,1327461085
Ara Kat,YEŞİLYURT MH ARA KAT MERKEZİ LOKASYONDA 3+1 120 M2 DAİRE ...,none,0,0,0,0,0,none,0,,1327456881
En Üst Kat,önü kapanmaz manzaralı gün boyu ışık alan aydınlık yuva 3+1,none,0,0,0,0,0,none,0,,1314605680
,Basiskele Yesilyurt Mahallesin 2+1 Yuksek Giris Daire,none,0,0,0,0,0,none,0,,1327427642
,SANCAKTUTAN GM'DEN PAŞADAĞ MAH. ORKA LİFE 2'DE 2+1 SATILIK DAİRE,none,0,0,0,0,0,none,0,,1311885158
Ara Kat,"Sıfır Ayarında Masrafsız, Ferah, Taşınmaya Hazır 2+1 Daire",none,0,0,0,0,0,none,0,,1327229434
Bahçe Dubleksi,ÜstGrup'tan Üstpark Afraze:Doğanın Kalbinde Deniz Manzaralı 4+1,garden,1,0,1,0,0,detail,0,,1258294774
Ara Kat,BAŞİSKELE FATİH MAHALLESİ'NDE 2+1 98 M2 SATILIK DAİRE,none,0,0,0,0,0,none,0,,1327333617
Ara Kat,BAŞİSKELE YEŞİLYURT MAHALLESİNDE SATILIK 2+1 ARAKAT DAİRE,none,0,0,0,0,0,none,0,,1327339436
Ara Kat,BAŞİSKELE BARBAROSTA EŞSİZ DENİZ MANZARALI 3+1 DAİRE,none,0,0,0,0,0,none,0,,1327288872
,BAŞİSKELE YAYLACIK MH.'de HAVUZLU SİTE 2+1 YÜKSEK GİRİŞ DAİRE,none,0,0,0,0,0,none,0,,1306030512
,ÇELİK-AY GAYRİMENKUL'DEN SATILIK 3+1 GİRİŞ KAT DAİRE,none,0,0,0,0,0,none,0,,1327325926
Ara Kat,BAŞİSKELE BARBOROS MAH. 2+1 ARAKAT DAiRE,none,0,0,0,0,0,none,0,,1314855304
Ara Kat,Başiskele Kullar Yakacık'ta Kaçırılmayacak Butik Site Dairesi!,none,0,0,0,0,0,none,0,,1327310928
Ara Kat,BAŞİSKELE PAŞADAĞ MAH.3+1 ARAKAT DAiRE DOĞA MANZARALI,none,0,0,0,0,0,none,0,,1327247245
Ara Kat,BAŞİSKELE FATİH MAH.3+1 ARAKAT DAİRE,none,0,0,0,0,0,none,0,,1327236125
Ara Kat,BAŞİSKELE KÜBA SİTESİ 3+1 135 m2 ARAKAT SATILIK DAİRE,none,0,0,0,0,0,none,0,,1327228778
Ara Kat,BARBAROS MAH. SATILIK GENİŞ 2+1 DÜZ ARAKAT DAİRE (YÜKSEK KREDİ),none,0,0,0,0,0,none,0,,1327210424
Ara Kat,LÜKS ARAKAT ASANSÖRLÜ 4+1 GENİŞ DAİRE,none,0,0,0,0,0,none,0,,1320130348
,Satılık Başiskle Kullarda 2+1 Daire,none,0,0,0,0,0,none,0,,1327168014
Çatı Dubleksi,TANYILDIZ-BAŞİSKELE\YENİKÖY 150M2 GENİŞ KULLANIMLI SATILIK 4+1,roof,1,1,0,0,0,detail,0,,1327162337
,PANOROMA 4 FULL İÇİ YAPILI 2+1 ACİLL!,none,0,0,0,0,0,none,0,,1327055286
Ara Kat,DERİNDEN TERRA NOVA EVLERİNDE SATILIK 3+1 ARA KAT DAİRE,none,0,0,0,0,0,none,0,,1327138226
En Üst Kat,AYDINKENT KONUTLARI 3+1 100M² DAİREMİZ SATILIKTIR,none,0,0,0,0,0,none,0,,1327141975
Ara Kat,BAŞİKELE SEYMEN SAHİL'DE 3+1 ARAKAT SATILIK DAİRE,none,0,0,0,0,0,none,0,,1327132630
,ULTRA LÜKS 3+1 DAİRE,none,0,0,0,0,0,none,0,,1320976422
,LOFT GROUP GM'DEN BAŞİSKELE FATİH'TE FIRSAT 3+1 ÇATI KATI,none,0,0,0,0,0,none,0,,1327076419
Bahçe Dubleksi,BAŞİSKELE BARBAROS MAH. SİTE İÇİ LÜKS 4+1 SATILIK 239 M2 DAİRE !,garden,1,0,1,0,0,detail,0,,1324100916
,Süper 2+1 Arayan Bakmadan Geçmesin...,none,0,0,0,0,0,none,0,,1327013365
Ara Kat,Dongel'de Anahtar Teslim 3+1 Arakat Daire,none,0,0,0,0,0,none,0,,1327004934
Ara Kat,Her Penceresi Doğaya Açılan Özel arakat daire,none,0,0,0,0,0,none,0,,1326977218
,ARKUN GAYRİMENKUL'DEN EBEVEYN BANYOLU SATILIK 2+1 DAİRE,none,0,0,0,0,0,none,0,,1326937285
Ara Kat,YOLDAŞ EMLAKTAN BAŞİSKELE YAYLACIK MAH 2+1 SATILIK ARAKAT DAİRE,none,0,0,0,0,0,none,0,,1326933471
Çatı Dubleksi,BAŞİSKELE YEŞİLYURTTA FİLE MARKETİN HEMEN ARKASINDA SATILIK 4+1,roof,1,1,0,0,0,detail,0,,1326938346
En Üst Kat|Çatı Dubleksi,YEŞİLYURTTA VİLLA KONFORUNDA 250 M² ULTRA LÜKS 4+1,roof,1,1,0,0,0,detail,0,,1326882400
,Satılık daire,none,0,0,0,0,0,none,0,,1326859826
,KAYMAKAMLIK ve BELEDİYE BİNASINA YÜRÜME MESAFESİNDE,none,0,0,0,0,0,none,0,,1314051184
Ara Kat,4 MİLYON KREDİ İMKANLI 3+1 ARAKAT PAŞADAĞ MAH. CADDE ÜSTÜ,none,0,0,0,0,0,none,0,,1314766176
Ara Kat,BAŞİSKELE PAŞADAĞ'DA ULTRA LÜKS 3+1 SIFIR DAİRE,none,0,0,0,0,0,none,0,,1326814327
Bahçe Dubleksi,BAŞİSKELE SİTEİÇİ TINAZTEPE'DE LÜKS GENİŞ 2+1 DAİRE,garden,1,0,1,0,0,detail,0,,1326753194
Ara Kat,Başiskele Site içinde 2+1 Satılık Daire,none,0,0,0,0,0,none,0,,1297959362
,TINAZTEPE SATILIK 2+1 ARAKAT MERKEZİ KONUM İSKANI ALINMIŞ,none,0,0,0,0,0,none,0,,1326728464
Ara Kat,BAŞİSKELENİN TAM MERKEZİNDE CADDE ÜZERİ 3+1 ARAKAT (SİTE İÇİ),none,0,0,0,0,0,none,0,,1325526124
Çatı Dubleksi,REMAX MYRA EMİNEVİM UYGUN GENİŞ 4+1 KÖŞE DAİRE (AKADEMİK ELİT),roof,1,1,0,0,0,detail,0,,1326720496
En Üst Kat,Moda pazarı karşısı ferah ve aydınlık dairemiz satılıktır.,none,0,0,0,0,0,none,0,,1326692897
,INVEST GLOBAL'DEN BAŞİSKELE YEŞİLYURT'TA 2+1 YÜKSEK GİRİŞ DAİRE,none,0,0,0,0,0,none,0,,1298623538
,BAŞİSKELE YUVACIKTA SİTE İÇİ 2+1 ARAKAT EBEVEYN BANYOLU LÜKS,none,0,0,0,0,0,none,0,,1326684295
,Marmara Elit Evleri/Site İçi Satılık 2+1 100 M² Ebeveyn Banyolu,none,0,0,0,0,0,none,0,,1326655400
Ara Kat,Tanta Emlak'tan Başiskele Merkezde 2+1 Giyinme Odalı Ara Kat,none,0,0,0,0,0,none,0,,1326645689
,KİRAZLIKENT ARAKAT 2+1 KiRACISIZ,none,0,0,0,0,0,none,0,,1320088526
Çatı Dubleksi,BAŞİSKELE YEŞİLYURT MAH 1+1 Deniz Manzaralı Sıfır daire,roof,1,1,0,0,0,detail,0,,1320253902
Ara Kat,ListingPortal Satılık 3+1 Arakat Daire,none,0,0,0,0,0,none,0,,1326575719
Çatı Dubleksi,ÜST GRUP'TAN DENİZ MANZARALI BAŞİSKELE ÜSTPARK AFRAZE'DE 2+1,roof,1,1,0,0,0,detail,0,,1288474341
,"BAŞİSKELE YEŞİLKENT MAH, SATILIK DENİZ MANZARALI 3+1 DAİRE",none,0,0,0,0,0,none,0,,1326550100
,MK BİRİKİM GAYRİMENKULDEN SON FİYAT,none,0,0,0,0,0,none,0,,1314391441
Ara Kat,"İLAN SAHİBİNDEN 3+1 ARA KAT, ÖN CEPHE, KREDİYE UYGUN",none,0,0,0,0,0,none,0,,1291271233
Bahçe Dubleksi,CB Mahall'den Tınaztepede Site içi Geniş 4+1 Daire,garden,1,0,1,0,0,detail,0,,1315068550
Ara Kat,REMAX 'DEN YEŞİLYURT MAH DE İSKANLI 2+1 SATILIK DAİRE,none,0,0,0,0,0,none,0,,1326465333
Ara Kat,YEŞİLYURT MERKEZDE 170M2 3+1 TEK BLOK ARAKAT SATILIK DAİRE,none,0,0,0,0,0,none,0,,1294948017
,MERKEZDE EŞSİZ BİR PROJE FUL DENİZ MANZARALI ARA KAT 3+1,none,0,0,0,0,0,none,0,,1320076260
Ara Kat,BAŞİSKELE PAŞADAĞ 100. YIL PARLA SİT ARAKAT SATILIK 1+1 85 M2,none,0,0,0,0,0,none,0,,1314993103
,RE/MAX ÇAKRA'dan Kavaklı Mahallesi 2+1 SATILIK Daire,none,0,0,0,0,0,none,0,,1327920126
Çatı Dubleksi,Değirmendere Cumhuriyet Mahallesi 3+1 Satılık Daire Re\max Çakra,roof,1,1,0,0,0,detail,0,,1327913278
,MUHTEŞEM LOKASYON,none,0,0,0,0,0,none,0,,1325009377
Ara Kat,Gölcük Yazlık'ta Satılık 4+1 Daire-%80 Kredi İmkanı ASANSÖRLÜ,none,0,0,0,0,0,none,0,,1327887123
Ara Kat,Gölcük Yazlık'ta Satılık 2+1 Daire - %80 Kredi İmkanı ASANSÖRLÜ,none,0,0,0,0,0,none,0,,1327877469
,FIRSAT 3+1 ARAKAT,none,0,0,0,0,0,none,0,,1299795057
,Gölcük donanma mahallesi,none,0,0,0,0,0,none,0,,1297555233
Ara Kat,Gölcük İhsaniye Balaban Yaşam Sitesi 3+1 Satılık Daire,none,0,0,0,0,0,none,0,,1327842986
,ÖZGURURKENT SİTESİ SAHİBİNDEN,none,0,0,0,0,0,none,0,,1327837702
Bahçe Dubleksi,"Deniz Manzaralı,Asansörlü ve Kapalı Otoparklı Daire",garden,1,0,1,0,0,detail,0,,1308995302
Ara Kat,"Deniz manzaralı ,Asansörlü ,Kapalı otoparklı, Arakat Daire",none,0,0,0,0,0,none,0,,1327834658
Ara Kat,Gölcük'te Kaçırılmayacak 2+1 Daire Fırsatı,none,0,0,0,0,0,none,0,,1325415008
Çatı Dubleksi,"Kocaeli, Gölcük, Piyalepaşa mah.satılık daire",roof,1,1,0,0,0,detail,0,,1327804195
,DEĞİRMENDERE YÜZBAŞILARDA SİTE İÇİ SATILIK 3+1 DAİRE,none,0,0,0,0,0,none,0,,1327803765
,ULAŞLI YALI MAHALLESİ'NDE MASRAFSIZ SATILIK 3+1 GENİŞ DAİRE,none,0,0,0,0,0,none,0,,1327795717
,DEĞİRMENDERE MERKEZDE SATILIK 3+1 DAİRE,none,0,0,0,0,0,none,0,,1327773641
Ara Kat,GÖLCÜK - ŞİRİNKÖY/ BAHÇE KULLANIM ALANLI 3+1 DAİREMİZ SATILIKTIR,none,0,0,0,0,0,none,0,,1327768938
,GÖLCÜK KAVAKLIDA 3+1 3. Kat SAHİLE OKULA 50 mt MESAFEDE DAİRE,none,0,0,0,0,0,none,0,,1295715368
,YALI MAHALLESİ SAHİLDE SAHİBİNDEN SATILIK SIFIR 2+1 LÜX DAİRE,none,0,0,0,0,0,none,0,,1327732852
Ara Kat,ListingPortal Satılık 3+1 Daire | Geniş Kullanım Alanı,none,0,0,0,0,0,none,0,,1327717789
,ŞİRİNKÖY 29. ADA SATILIK 2+1 KALICI KONUT,none,0,0,0,0,0,none,0,,1313922620
Ara Kat,CAN EMLAK - YÜZBAŞILAR 3+1 - 120 M2 '' HAZIR KİRACILI '',none,0,0,0,0,0,none,0,,1319641148
Çatı Dubleksi,EMİNEVİME UYGUN DEĞİRMENDERE CENGİZ TOPEL OKULUNUN YANI,roof,1,1,0,0,0,detail,0,,1308048070
,Gölcük Şirinköy'de Kaçırılmayacak 2+1 | Araç Takas İmkanıyla,none,0,0,0,0,0,none,0,,1327642274
,GÖLCÜK MERKEZDE 3+1 FULL EŞYALI SATILIK ARAKAT DAİRE,none,0,0,0,0,0,none,0,,1327634228
,KAVAKLIDA MERKEZİ KONUMDA 2+1 SATILIK DAİRE,none,0,0,0,0,0,none,0,,1327605301
,EŞSİZ PANORAMİK DENİZ MANZARALI 3+1 Daire,none,0,0,0,0,0,none,0,,1318798228
Ara Kat,DONANMA KALICI KONUTLARDA 3+1 ÇOK BAKIMLI FIRSAT DAİREEEE,none,0,0,0,0,0,none,0,,1193255244
Ara Kat,ŞEHİTLERDE 3+1 FULL TADİLATLI 17000TL KİRACILI SİTE İÇİ DAİRE,none,0,0,0,0,0,none,0,,1249163708
Ara Kat,GÖLCÜK UYDUKENT SİTELERİNDE SATILIK 3+1 ARA KAT DAİRE,none,0,0,0,0,0,none,0,,1327512969
,KAVAKLI DA SATILIK 3+1 FIRSAT DAİRE!,none,0,0,0,0,0,none,0,,1313516624
Ara Kat,ÇARŞAMBA PAZARI YANI EMEK SİTRSİNDE 3+1 ARAKAT DAİRE,none,0,0,0,0,0,none,0,,1327461541
Dubleks,Eşsiz manzara güzel yaşam alani,standard,1,0,0,0,1,detail,0,,1327344346
Ara Kat,Modern rahatlığın adresi,none,0,0,0,0,0,none,0,,1327393745
Ara Kat,ŞİRİNKÖY İPEKYOLU MAH.FEN LİSESİ KARŞISI ARA KAT İÇİ BOŞ 2+1,none,0,0,0,0,0,none,0,,1297865584
,HİSAREYN'DE FIRSAT 2+1 SATILIK DAİRE,none,0,0,0,0,0,none,0,,1327337307
,OCAK SİTESİ SATILIK DAİRE,none,0,0,0,0,0,none,0,,1292365085
Ara Kat,Gölcük Yazlık Ilıca Yakını Deniz Manzaralı 3+1 Arakat Daire,none,0,0,0,0,0,none,0,,1327320549
,ARIK GAYRİMENKUL'DEN DONANMA DA 3+1 GENİŞ DAİRE,none,0,0,0,0,0,none,0,,1327296295
Ara Kat,"Deniz ve Doğa Manzaralı , Lüks Geniş Ara Kat",none,0,0,0,0,0,none,0,,1327243297
Ara Kat,LUXORA'DAN GÖLCÜK KARAKÖPRÜ MAH'DE SATILIK 2+1 ARA KAT DAİRE,none,0,0,0,0,0,none,0,,1320342153
Ara Kat,GÖLCÜK ULAŞLI DENİZ MANZARALI DAİRE,none,0,0,0,0,0,none,0,,1327223946
Çatı Dubleksi,ListingPortal Sıfır Daire !!,roof,1,1,0,0,0,detail,0,,1327194118
En Üst Kat,HALIDERE YALI MAHALLESİ'NDE HEM MERKEZİ HEM DENİZ MANZARALI 3+1,none,0,0,0,0,0,none,0,,1299198022
Dubleks|En Üst Kat|Çatı Dubleksi,Altınyıldız emlak site içersinde fırsat daire 3+1,roof,1,1,0,0,0,detail,0,,1327178834
En Üst Kat,Kavaklı'da Merkezi Konumda Yapılı 2+1 Daire,none,0,0,0,0,0,none,0,,1327169053
,MERKEZİ KONUMDA HAZIR KİRACILI İÇİ KOMPLE YAPILI YATIRIM FIRSATI,none,0,0,0,0,0,none,0,,1323254488
,YAZLIK MERKEZİ KONUMDA 3+1 SİTE İÇERİSİNDE SATILIK DAİRE,none,0,0,0,0,0,none,0,,1327113840
Ara Kat Dubleks,KAVANİUM 2 DE 3+1 FERAH | HAVUZLU SİTE | FIRSAT DAİRE,middle_floor,1,0,0,1,0,detail,0,,1314277037
En Üst Kat|Çatı Dubleksi,İhsaniye nin En GÜZEL Yerinde En Güzel yapılardan biri,roof,1,1,0,0,0,detail,0,,1327101256
Ara Kat,YAZLIK MEVKİİ SİTE İÇERİSİNDE 3+1 ARA KAT DAİRE,none,0,0,0,0,0,none,0,,1327069296
,FIRSAT 2 + 1 ARA KAT,none,0,0,0,0,0,none,0,,1314917811
Ara Kat,İhsaniye Merkezde 3+1 Ara Kat Satılık Daire,none,0,0,0,0,0,none,0,,1326995919
,2+1SIFIR GENİŞ TERASLI ÖNCEPHE %80 KREDİ İMKANIYLA FIRSAT DAİREE,none,0,0,0,0,0,none,0,,1326954905
,İçi Komple Yapılı 2+1 TOKİ,none,0,0,0,0,0,none,0,,1296657559
,HALIDERE DE 3 + 1 SATILIK DAİRE,none,0,0,0,0,0,none,0,,1326942928
Ara Kat,RemaxÇakra Ömer ONAYCI'dan Devlet Hastanesi Yakını Satılık Daire,none,0,0,0,0,0,none,0,,1326934469
Ara Kat,ListingPortal 3+1 Merkezde,none,0,0,0,0,0,none,0,,1326931090
,DERİNDEN GÖLCÜK SARAYLI KALICI KONUTLAR'DA SATILIK 3+1 DAİRE,none,0,0,0,0,0,none,0,,1320547435
,MERKEZ EMLAKTAN SATILIK 2+1 DAİRE,none,0,0,0,0,0,none,0,,1326920122
Ara Kat,ListingPortal Sıfır Ankastre Set Takılı 2+1 Ara Kat Sıfır Daire,none,0,0,0,0,0,none,0,,1296147501
En Üst Kat,KAVAKLIDA 2+1 100m2 TEMİZ FERAH KAÇMAZ DAİRE,none,0,0,0,0,0,none,0,,1326907853
Ara Kat,BAŞAK GAYRİMENKULDEN DOĞA MANZARALI 2+1 SATILIK DAİRE,none,0,0,0,0,0,none,0,,1326899624
,LİDYA GAYRİMENKUL YÜZBAŞILAR DENİZE SIFIR AYDINLIK BAKIMLI DAİRE,none,0,0,0,0,0,none,0,,1326890376
Ara Kat,FUL DENİZ MANZARALI HARİKA DAİRE,none,0,0,0,0,0,none,0,,1316993897
,DEĞİRMENDERE MERKEZDE LOKASYONU GÜZEL 3+1,none,0,0,0,0,0,none,0,,1245749133
Ara Kat,Gölcük Karaköprü Mahallesinde Merkezi Konumda 2+1 Arakat Daire,none,0,0,0,0,0,none,0,,1319646256
Ara Kat,SİVRİTEPE TOKİ DE SAHİBİNDEN 2+1,none,0,0,0,0,0,none,0,,1326846649
En Üst Kat,Değirmenderede Mükemmel Merkezi Konumda 3+1 Daire,none,0,0,0,0,0,none,0,,1326797258
Ara Kat,NECATİ ÇELİK HASTANESİ KARŞISI 1+1 DAİRE,none,0,0,0,0,0,none,0,,1315525636
Ara Kat,20 TEMMUZA KADR GEÇERLİ FİYAT! GÖLCÜK ÇARŞIDA SATILK DAİRE&OFİS,none,0,0,0,0,0,none,0,,1310678811
Dubleks,GÖLCÜK HİSAREYN'DE SATILIK 2+1 DAİRE,standard,1,0,0,0,1,detail,0,,1326793489
,SATILIK GOLCUK FORT SAPAGINDA 3+1 ARAKAT DAIRE,none,0,0,0,0,0,none,0,,1326795161
,ListingPortal 3+1 satılık,none,0,0,0,0,0,none,0,,1291910735
Ara Kat,Kocaeli Gölcük İpekyolu Mah. Satılık 2+1 Arakat Kalıcı konut,none,0,0,0,0,0,none,0,,1326784140
,GÖLCÜK ÇİFTLİK MAH.ŞEHRİ TORUNOĞLU SİTESİ SATILIK 2+1 LÜKS DAİRE,none,0,0,0,0,0,none,0,,1326772873
,KAVAKLI MAHALLESİNDE 140 M2 3+1 DENİZ MANZARALI DAİRE,none,0,0,0,0,0,none,0,,1326775538
,GÖLCÜK E-5'E 2 DK 150M² DENİZ MANZARALI 4+1 TAKASLI DAİRE,none,0,0,0,0,0,none,0,,1326772085
Ara Kat,HALIDERE YALI MH. YENİ BİNADA 2+1 ARA KAT DAİRE,none,0,0,0,0,0,none,0,,1326762354
,ListingPortal Satılık Kalıcı Konutlarda 2+1 tadilatlı daire,none,0,0,0,0,0,none,0,,1326743604
,GÖLCÜK DEVLET HASTANE KARŞISI SATILIK 1+1 DAİRE,none,0,0,0,0,0,none,0,,1326694615
,Yüzbaşılarda Denize sıfır ara kat muhteşem manzara 120 m2.lüks,none,0,0,0,0,0,none,0,,1326686274
Ara Kat,EMA EMLAK ÇİFTLİK MAH.1+1 ARAKAT TORUNOĞLU PRİME FSM LİSESİ ARKA,none,0,0,0,0,0,none,0,,1326682849
,FUL DENİZ MANZARALI 2 MUTFAKLI 2+1 GENİŞ TERASLI KİLERLİ DAİRE!!,none,0,0,0,0,0,none,0,,1320558706
,ListingPortal 3+1 Ara Kat Geniş Daire,none,0,0,0,0,0,none,0,,1326548668
,Gölcük Merkez'de 15.000 TL Kira Getirili Satılık 2+1 Daire,none,0,0,0,0,0,none,0,,1320557134
,2+1 arakat,none,0,0,0,0,0,none,0,,1314830243
,KARTEPE DUMLUPINAR MAH. YÜKSEK KREDİ FIRSAT SATILIK 2+1 DAİRE,none,0,0,0,0,0,none,0,,1317649269
Ara Kat,KARCİTY EWLERİNDE 2+1 FULL EŞYALI HAWUZ CEPHESİ SATILIK DAİRE,none,0,0,0,0,0,none,0,,1317947158
En Üst Kat,KARTEPE'nin EN PRESTİJLİ PROJESİ HÜRSOY NEFES/3+1 SATILIK DAİRE,none,0,0,0,0,0,none,0,,1317153572
,AG YAPI'DAN KARTEPE TERRACE 3+1 HAWUZ CEPHESİ SATILIK DAİRE,none,0,0,0,0,0,none,0,,1196624199
,SATILIK | ERTUĞRULGAZİDE GENİŞ 2+1 LÜX ARAKAT,none,0,0,0,0,0,none,0,,1316509636
Dubleks|En Üst Kat|Ara Kat Dubleks|Çatı Dubleksi|Ters Dubleks,SON FIRSAT SATILIK KARTEPE FSM MAH 2+1 120M2 EBEVN BANYOLU DAİRE,roof,1,1,0,0,0,detail,0,,1302281983
Ara Kat,KARTEPE F.S.M DE 3+1 SIFIR DAİRE,none,0,0,0,0,0,none,0,,1302328333
Dubleks,KARTEPE KÖSEKÖY MAHALLESİNDE 3+1 FULL KREDİYE UYGUN 135M2SATILIK,standard,1,0,0,0,1,detail,0,,1316500201
Dubleks|En Üst Kat|Ara Kat Dubleks|Bahçe Dubleksi|Çatı Dubleksi|Forleks|Ters Dubleks|Tripleks,KARTEPE FSM DE HAVUZLU GÜVENLİKLİ SİTE İÇİNDE 140 M2 3+1 DAİRE,roof,1,1,0,0,0,detail,0,,1327705647
Ara Kat,KARTEPE ERTUĞRULGAZİDE 1+1 ARAKAT AYRI MUTFAKLI DAİRE,none,0,0,0,0,0,none,0,,1327572423
Ara Kat,KARTEPE SUDEKS DORUKKENT 1'DE SATILIK 1+1 ARA KAT DAİRE,none,0,0,0,0,0,none,0,,1250077968
Çatı Dubleksi,KARTEPE'DE 155 M2 EĞİMSİZ KÖŞE 4+1 SATILIK DAİRE,roof,1,1,0,0,0,detail,0,,1301816596
Ara Kat,FSM de MERKEZİ KONUMDA ARAKAT 2+1 SATILIK DAİRE,none,0,0,0,0,0,none,0,,1316756155
Dubleks|Çatı Dubleksi,Zeray Mahal'de Satılık 4+1 Lüks Daire Kartepe Sarımeşe Fırsatı!,roof,1,1,0,0,0,detail,0,,1313760499
Ara Kat,KENT MEYDANI KARTEPE KONAKLARI 3+1 150M2 ARAKAT SATILIK DAİRE,none,0,0,0,0,0,none,0,,1282185628
,KARTEPE FSM MAH DE SATILIK 3+1 SİTE İÇERİSİNDE KREDİYE UYGUN,none,0,0,0,0,0,none,0,,1313749071
Çatı Dubleksi,CB MAHALL'DEN KARTEPE FSM'DE GENİŞ METRAJLI 4+1 DAİRE,roof,1,1,0,0,0,detail,0,,1325023171
Ara Kat,Kartepe Ataevler'de Satılık Sıfır 3+1 Arakat Daire,none,0,0,0,0,0,none,0,,1324991347
Ara Kat,KÖSEKÖY'DE SATILIK 2+1 ARAKAT DAİRE,none,0,0,0,0,0,none,0,,1327879106
,FORUM ANATOLIA 2+1 ARAKAT AMERİKAN MUTFAK SATILIK DÜZ DAİRE,none,0,0,0,0,0,none,0,,1321977689
,Satılık daire,none,0,0,0,0,0,none,0,,1327910939
,1.99 LİMİTSİZ KREDİYLE FİNANS KUR. UYGUN 3+1 SİTE İÇİ HAVUZLU,none,0,0,0,0,0,none,0,,1321948530
,SATILIK 2+1 sıfır daire kombisi takılmıştır kiraya hazırdır,none,0,0,0,0,0,none,0,,1282295891
Ara Kat,Mona Vadi den Kartepe / 2+1/Kredi Limit sorunu olmayan/Satılık,none,0,0,0,0,0,none,0,,1297863852
Ara Kat,ATAKENT GAYRİMENKULDEN ATAKENT AVM'NİN KARŞISINDA SATILIK DAİRE,none,0,0,0,0,0,none,0,,1321984122
,SINIRSIZ KREDİLİ BAHÇE KULLANIMLI SATILIK DAİRE GENİŞ 2+1,none,0,0,0,0,0,none,0,,1321939810
,KARTEPE ERTUĞRULGAZİ MAH SATILIK FIRSAT ARAKAT,none,0,0,0,0,0,none,0,,1327867041
Ara Kat,listing_portal satılık 2+1 arakat eşyalı daire Kartepe Uzunçiftlikte,none,0,0,0,0,0,none,0,,1327864875
,KARTEPE ATAEVLER 3+1 SATILIK DAİRE,none,0,0,0,0,0,none,0,,1309531297
,"Kartepe Ataevler'de Satılık 3+1 Daire: 135m², Yüksek Giriş",none,0,0,0,0,0,none,0,,1303660767
,Palas Dan Hürsoy Green Life Da Satılık 3+1 Giriş Kat,none,0,0,0,0,0,none,0,,1324936409
,Zeray effect 3+1 Arakat,none,0,0,0,0,0,none,0,,1327849086
Ara Kat,ENKA G.Y.O'DAN MERCAN KONUTLARINDA 1+1 SATILIK DAİRE,none,0,0,0,0,0,none,0,,1321109538
Ara Kat,KARTEPEDE 2+1 SATILIK DAİRE,none,0,0,0,0,0,none,0,,1324904848
,KARTEPE FSM MAH DE SİTE İÇERİSİNDE SATILIK 2+1 DAİRE,none,0,0,0,0,0,none,0,,1285827687
,YÜKSEK KREDI 3+1 YÜKSEK GIRIŞ DAIREMIZ SATILIKTIR,none,0,0,0,0,0,none,0,,1327814481
,ERTUĞRUL GAZİ'DE 3+1 YERDEN ISITMA SIFIR SATILIK DAiRE,none,0,0,0,0,0,none,0,,1310272201
Ara Kat,ALTIN EMLAK'tan KARTEPE UZUNÇİFTLİK'te 2+1 SATILIK DAİRE,none,0,0,0,0,0,none,0,,1324852463
,GENİŞ SİTE SAĞLAM DAIRE,none,0,0,0,0,0,none,0,,1327760373
Ara Kat,Kartepe'de Kiracılı Satılık 1+1 Daire (Sudeks Dorukkent),none,0,0,0,0,0,none,0,,1323623822
,YÜKSEK KREDİ İMKANI 3+1 ARA KAT OTURUMA HAZIR SIFIR LÜKS DAİRE,none,0,0,0,0,0,none,0,,1316109544
Çatı Dubleksi,SON 1 HAFTALIK ACİL SATILIK,roof,1,1,0,0,0,detail,0,,1321706705
,ListingPortal satılık ultra lüks daire,none,0,0,0,0,0,none,0,,1327744358
,Kartepe dosteller sitesi 3+1 arakat,none,0,0,0,0,0,none,0,,1314499295
,KARTEPE BAHÇELİEVLER ACİLL YÜKSEK KREDİYE UYGUN FIRSAT 3+1 DAİRE,none,0,0,0,0,0,none,0,,1321732430
En Üst Kat,Kartepe Uzunçiftlik'te Acil Satılık 1+1 Daire Yatırımlık Fırsat,none,0,0,0,0,0,none,0,,1313561727
En Üst Kat,Palas'tan Kartepe Dumlupınar Mah.3+1 Satılık Daire,none,0,0,0,0,0,none,0,,1301084793
,EĞİMSİZ 3+1 SATILIK DAİRE 145m2 HASANPAŞA MAH,none,0,0,0,0,0,none,0,,1310153422
,SON FIRSAT ! KARTEPE ATAEVLER MAHALLESİ SATILIK 2+1 YÜKSEK GİRİŞ,none,0,0,0,0,0,none,0,,1300733033
,KARTEPE ATAEVLERDE GENİŞ AYRI MUTFAK KAT MÜLKİYETLİ 1+1 DAİRE,none,0,0,0,0,0,none,0,,1327694939
Ara Kat,KARTEPE ÖZDİLEK KARŞISI SİTE İÇİ SATILIK ARAKAT 3+1 DAİRE,none,0,0,0,0,0,none,0,,1300550399
,KARTEPE KÖSEKÖY İSTASYON MAH 3+1 DAİRE,none,0,0,0,0,0,none,0,,1274896345
,SAHİBİNDEN FULL ARTI FULL EŞYALI DAİRE,none,0,0,0,0,0,none,0,,1327657758
,KARTEPE İBRİKDERE SATILIK BUTİK SİTE İÇİ 2+1 DAİRE,none,0,0,0,0,0,none,0,,1321573749
,KARTEPE FSM MAHALLESİNDE GENİŞ VE KULLANIŞLI 2+1 FIRSAT ARAKAT,none,0,0,0,0,0,none,0,,1310497514
,KW ARVENden ATAEVLERde VEFAKENT SAKLIBAHÇE SİTESİ 2+1 DAİRE,none,0,0,0,0,0,none,0,,1288377255
,KREDİYE EMİNEVİME UYGUN BUTİK SİTE İÇİNDE KULLANIŞLI 2+1,none,0,0,0,0,0,none,0,,1327622002
,RW Nova'dan Sarımeş Konakları Sitesi Satılık 3+1 Daire,none,0,0,0,0,0,none,0,,1321618952
Ara Kat,"F,SULTAN MEHMET MAH,SİTE İÇİNDE,YÜKSEK KREDİLİ , 2+1 LÜKS DAİRE",none,0,0,0,0,0,none,0,,1304095784
,EKOMAX'DAN ATAEVLER MAH. SINIRSZ KRDİ İÇİ GENİŞ KULLANIŞLI 3+1,none,0,0,0,0,0,none,0,,1304667911
,KARTEPE ATAEVLER 2+1 SATILIK FIRSAT SON DAİRE,none,0,0,0,0,0,none,0,,1299217410
,DUMLUPINAR MAHALLESİ MERKEZİ KONUMDA 1+1 DAİRE,none,0,0,0,0,0,none,0,,1327575230
Çatı Dubleksi,"EŞYALI 4+1 SATILIK DAİRE, KARTEPE FORUM ANATOLIA YAŞAM KOMPLEKSİ",roof,1,1,0,0,0,detail,0,,1289149643
,Kocaeli kartepe Ataevler site içi 3 + 1 satılık ara kat,none,0,0,0,0,0,none,0,,1327572495
Ara Kat,KARTEPE FSM HAVUZLU SİTE İÇİ FIRSAT ARAKAT DAİRE,none,0,0,0,0,0,none,0,,1327574249
Dubleks|Bahçe Dubleksi|Ters Dubleks,"KENT MEYDANI SİTEDE HAVUZLU,KAPALI OTOPARKLI BAHÇELİ 3+1-170M2",garden,1,0,1,0,0,detail,0,,1303084152
En Üst Kat,KARTEPE DUMLUPINAR MAHALLESİ CASABA RESİDENCE 3+1 SATILIK DAİRE,none,0,0,0,0,0,none,0,,1313346357
,SAHİBİNDEN 2+1 ARAKAT DAİRE,none,0,0,0,0,0,none,0,,1327537082
En Üst Kat,ALTIN EMLAK'tan ATAEVLER AYKENT SİTESİ SATILIK YENİ YAPILI 3+1,none,0,0,0,0,0,none,0,,1319928913
,ERTUĞRUL GAZİ MAHALLESİNDE 3+1 FERAH VE YAŞAMA HAZIR DAİRE,none,0,0,0,0,0,none,0,,1327537139
,UZUNTARLA KARTEPE 2+1 ARA KAT SATILIK DAİRE,none,0,0,0,0,0,none,0,,1320997562
,KARTEPE UZUNÇİFTLİKTE KÖŞE KAPALI BALKON SATILIK 2+1 DAİRE,none,0,0,0,0,0,none,0,,1327527492
,ARS'DEN KENT MEYDANINDA SİTE İÇİNDE ARAKAT 2+1,none,0,0,0,0,0,none,0,,1293456382
,KARTEPE ATAEVLER HÜRSOY CITY 3 SİTESİNDE SATILIK BOŞ 3+1 DAİRE,none,0,0,0,0,0,none,0,,1026120011
,KARTEPE MEVKİİ 4+1 135 m2 MASRAFSIZ CAD MEVKİSİNDE KUPON DAİRE,none,0,0,0,0,0,none,0,,1327513276
,MERKEZİ KONUM HAVUZLU VE ASANSÖRLÜ SİTE İÇİ KULLANIŞLI DAİRE,none,0,0,0,0,0,none,0,,1273196822
,2+1 Ara kat,none,0,0,0,0,0,none,0,,1315538256
Ara Kat,Suadiye Çepni mah 3+1 arakat,none,0,0,0,0,0,none,0,,1310388909
Ara Kat,ARAS GAYRİMENKUL'den 3+1 ARAKAT HAVUZLU SİTEDE SATILIK DAİRE,none,0,0,0,0,0,none,0,,1327486544
,REMAX'DAN KARTEPE VİLLAM 3 SİTESİNE KOMŞU 3+1 YÜKSEK GİRİŞ DAİRE,none,0,0,0,0,0,none,0,,1321649148
En Üst Kat,KARTEPE ATAŞEHİR MH DE TOPLU KONUTLAR 137.ADA SATILIK 2+1 DAİRE,none,0,0,0,0,0,none,0,,1309693706
,KARTEPE UZUNBEYDE SUDEKS SİTESİNDE 1+1 SATILIK DAİRE,none,0,0,0,0,0,none,0,,1324483323
En Üst Kat,KARTEPE DERBENT DE 4. KAT 120 M² SATILIK MANZARALI DAİRE,none,0,0,0,0,0,none,0,,1273896033
,EMLAKÇIM41'DEN DUMLUPINAR MH.'DE 3+1 YÜKSEK GİRİŞ LÜKS DAİRE,none,0,0,0,0,0,none,0,,1327408688
,KARTEPE FATİH SULTAN MEHMET MH HAVUZLU SİTE İÇİ 3+1 ARAKAT DAİRE,none,0,0,0,0,0,none,0,,1321371171
,KAYMAKAMLIK BELEDİYE YANİ TOWER RESIDENCE'DE 1+1 SATILIK DAİRE,none,0,0,0,0,0,none,0,,1321386281
,KOCAELİ KARTEPE SATILIK 2+1 YERDEN ISITMALI ARAKAT,none,0,0,0,0,0,none,0,,1327595570
Ara Kat,DERYA ÇAKICIDAN KARTEPE ATAEVLERDE SATILIK ARAKAT DAİRE,none,0,0,0,0,0,none,0,,1314731841
Ara Kat,AKBULUT EMLAKTAN | CASABA residance | KARTEPE | 3+1,none,0,0,0,0,0,none,0,,1315616317
,Kocaeli kartepe Ertuğrul gazi 2 + 1 satılık ara kat,none,0,0,0,0,0,none,0,,1327364815
,YAĞMURDAN DUMLUPINARDA 1+1 SATILIK REZİDANS OFİS,none,0,0,0,0,0,none,0,,1327318434
,SİTE İÇİNDE TUANA 1 EVLERİ SATILIK DAİRE,none,0,0,0,0,0,none,0,,1327746364
,KARTEPE EMEKEVLER MAHALLESİNDE 2+1 YÜKSEK GİRİŞ SATILIK DAİRE,none,0,0,0,0,0,none,0,,1321288536
Ara Kat,KARTEPE ATAEVLER DE 3+1 YERDEN ISITMA ARA KAT SATILIK DAİRE,none,0,0,0,0,0,none,0,,1309739971
,ARAS'dan ERTUĞRULGAZİ SATILIK DAİRE AÇIKLAMAYI OKUYUN!!!!!!,none,0,0,0,0,0,none,0,,1316094826
Ara Kat,KARTEPE UZUNÇİFTLİKTE SATILIK EŞYALI 1+1 ARAKAT DAİRE,none,0,0,0,0,0,none,0,,1312155835
,KARTEPE DUMLUPINAR MAH SATILIK LÜKS DAİRE,none,0,0,0,0,0,none,0,,1324403370
,Merkez konumda ara kat 2+1,none,0,0,0,0,0,none,0,,1236313850
,ASANSÖRLÜ HAVUZLU GÜVENLİKLİ SPOR SALONU 3+1 170M2 SATILIK DAİRE,none,0,0,0,0,0,none,0,,1327737298
Dubleks|En Üst Kat|Ara Kat|Çatı Dubleksi|Ters Dubleks,KARTEPE FSM DE LÜX SİTEDE HARİKA 3+1 DAİRE,roof,1,1,0,0,0,detail,0,,1289785118
,KENT MEYDANI SATILIK 2+1 HAVUZLU SATILIK DAİRE,none,0,0,0,0,0,none,0,,1321039937
,SINIRSIZ KREDİLİ EMİN EVİME UYGUN FSM MAHDESATILIK 2+1 DAİRE,none,0,0,0,0,0,none,0,,1321309035
,HASANPAŞA MAHALLESI YÜKSEK GIRIŞ 2 + 1 DAIREMIZ SATILIK,none,0,0,0,0,0,none,0,,1321297609
Ara Kat,MERKEZİ KONUMDA İSTASYONDA 2+1 ARAKAT DAİRE,none,0,0,0,0,0,none,0,,1321262581
Ara Kat,KOCAELİ KARTEPE CADDE ÜZERİ ARA KAT 3+1 SATILIK DAİRE,none,0,0,0,0,0,none,0,,1321281779
,"DEALLİFE'DEN,FSM MAH'DE 2+1 100 M2 ARAKAT DAİRE",none,0,0,0,0,0,none,0,,1327310534
Ara Kat,KARTEPE DUMLUPINARDA MERKEZİ KONUMDA SATILIK TERASLI 1+1 DAİRE,none,0,0,0,0,0,none,0,,1304355518
,KARTEPE ERTUĞRUL GAZİ MAHALLESİ SİTE İÇERİSİNDE GENİŞ 2+1 DAİRE,none,0,0,0,0,0,none,0,,1321499066
,REMAX EXCELLENCE/KARTEPE FSM'DE SATILIK 3+1 DAİRE,none,0,0,0,0,0,none,0,,1321362386
Dubleks|En Üst Kat|Çatı Dubleksi|Ters Dubleks,END'DEN 480 RESİDENCE SİTESİNDE SATILIK 3+1 240 M2 SIFIR DAİRE,roof,1,1,0,0,0,detail,0,,1304534677
,KARTEPE ATAEVLER MAH. 2+1 SATILIK ARA KAT DAİRE,none,0,0,0,0,0,none,0,,1321438842
Ara Kat,KARTEPE KÖSEKÖY DUMLUPINAR MERKEZİ KONUM SATILIK 1+1 REZİDANS,none,0,0,0,0,0,none,0,,1314649175
,KARTEPE FSM MAH. GENİŞ 165 M² 3+1 ARA KAT SATILIK DAİRE,none,0,0,0,0,0,none,0,,1324251963
Ara Kat,SAHİBİNDEN ATAŞEHİR MAHALLESİ 151. ADA 3+1 ARA KAT SATILIK DAİRE,none,0,0,0,0,0,none,0,,1327237978
Dubleks,KREDİYE UYGUN | İSTASYON MAH | MERKEZİ KONUM | SATILIK 2+1,standard,1,0,0,0,1,detail,0,,1321211627
Çatı Dubleksi,NEWORES DENİZ-UZUNÇİFTLİK HASANPAŞA'DA SATILIK 3+1 FIRSAT DAİRE,roof,1,1,0,0,0,detail,0,,1321200100
Ara Kat,KARTEPE CARPEDİEM SİTESİNDE 2+1 ARA KAT SATILIK DAİRE,none,0,0,0,0,0,none,0,,1287602235
,ERTUĞRUL GAZİ MAH. MERKEZİ KONUMDA 2+1 85m2 ARAKAT,none,0,0,0,0,0,none,0,,1327207089
Çatı Dubleksi,KARTEPE FSM BU FİYATTA SON 3 GÜN FIRSAT SATILIK DAİRE,roof,1,1,0,0,0,detail,0,,1315487399
,KARTEPE KENT MEYDANI EMAR DELUXE SİTESİNDE SATILIK 2+1 ZEMİN KAT,none,0,0,0,0,0,none,0,,1327794286
Ara Kat,Kartepe Arslanbey'de site içi 3+1 ara kat daire,none,0,0,0,0,0,none,0,,1327192053
Ara Kat,Kartepenin merkezinde büyük ve yatırımlık daire,none,0,0,0,0,0,none,0,,1325914013
,KARTEPE EMEKEVLER MAH SATILIK SINIRSIZ KREDİLİ DAİRE,none,0,0,0,0,0,none,0,,1327179882
Çatı Dubleksi,Kartepe kentmeydanı Satılık 1+1 daire çatı eğimsiz FIRSAT,roof,1,1,0,0,0,detail,0,,1327173635
,SINIRSIZ KREDİLİ 2+1 ARAKAT SATILIK DAİRE KAÇMAZ FIRSAT,none,0,0,0,0,0,none,0,,1327168174
,Kocaeli kartepe Emekevler 2 + 1 geniş satılık daire,none,0,0,0,0,0,none,0,,1327168049
,Kartepe FSM de Site içi Merkezi Konumda Satılık 2+1 Daire,none,0,0,0,0,0,none,0,,1313051899
,"Emekevler'de Çift Balkonlu, Oturuma Hazır 2+1 Fırsat Daire",none,0,0,0,0,0,none,0,,1321127686
,KARTEPE DUMLUPINAR MAH DE SATILIK 3+1 DAİRE,none,0,0,0,0,0,none,0,,1314631782
,GÖZEL GAYRİMENKULDEN KARTEPE F.S.MEHMET MH.130 M2 3+1 GİRİŞ KAT,none,0,0,0,0,0,none,0,,1306031365
,"Kartepe Uzunçiftlik""te Özel Bahçeli Bir Daire. Kaçmaz fırsat",none,0,0,0,0,0,none,0,,1307646095
,REMAX MAVİ'DEN KARTEPE KÖSEKÖY'DE SATILIK SİTE İÇİ 3+1 DAİRE,none,0,0,0,0,0,none,0,,1303249030
,Özdilek Karşısı Güvenlikli Sudeks Busekent Sit.Satılık 2+1 daire,none,0,0,0,0,0,none,0,,1320929424
,2+1 SAHİBİNDEN SATILIK DAİRE,none,0,0,0,0,0,none,0,,1327108463
,KOCAELİ KARTEPE İSTASYON MAH SATILIK 2+1 DAİRE,none,0,0,0,0,0,none,0,,1324173351
,1.99 kıredeyle çift çepheli geniş balkonlu satılık daire,none,0,0,0,0,0,none,0,,1327310314
Ara Kat,ATAKENT GAYRİMENKULDEN ARA KAT SATILIK 3+1 DAİRE,none,0,0,0,0,0,none,0,,1302034922
,KARTEPE İSTASYON MAHALLESİNDE OTURUMA HAZIR 2+1 SATILIK DAİRE,none,0,0,0,0,0,none,0,,1325723730
,ST GAYRİMENKUL'den UZUNÇİFTLİK MAH.de SIFIR SATILIK LÜKS DAİRE,none,0,0,0,0,0,none,0,,1300826841
En Üst Kat,KARTEPE ATAKENT SIFIR YAPILI 3+1 SATILIK DAİRE,none,0,0,0,0,0,none,0,,1327099509
,KARTEPE FSM MAH. 3+1 SIFIR SİTE İÇİ YERDEN ISITMALI KUPON DAİRE,none,0,0,0,0,0,none,0,,1320114665
,Kartepe Ataevler Mahallesinde Site İçinde Satılık 3+1 Daire,none,0,0,0,0,0,none,0,,1298465589
Ara Kat,KARTEPE ATAEVLER MH'DE 2+1 SATILIK DAİRE,none,0,0,0,0,0,none,0,,1327070935
,Kocaeli Kartepe'de 3+1 100 m2 Satılık Daire,none,0,0,0,0,0,none,0,,1309891640
,EKOMAX'DAN KARTEPE SİTE İÇİ KULLANIŞLI 3+1 GENİS BALKONLU DAİRE,none,0,0,0,0,0,none,0,,1320884779
,KARTEPE ERTUĞRUL GAZİ MAH'DE ASANSÖRLÜ ARA KAT SATILIK 2+1 DAİRE,none,0,0,0,0,0,none,0,,1318551509
Ara Kat,ARSLANBEY MAHALLESİ 2+1 SATILIK.... 2 MİLYON KREDİ İMKANI....,none,0,0,0,0,0,none,0,,1310572040
Dubleks|Çatı Dubleksi,ATAEVLER BÜYÜK TERASLI EBEVEYN BANYOLU MRKEZİ KONMLU 3+1 SATILIK,roof,1,1,0,0,0,detail,0,,1327447363
Ara Kat,"EMİN EVİM,FUZUL,SİNPAŞ UYUMLU DAİREMİZ SATIŞTA",none,0,0,0,0,0,none,0,,1327018638
,KARTEPE EMEKEVLER MH. 3+1 SATILIK GİRİŞ KAT DAİRE,none,0,0,0,0,0,none,0,,1310149635
Ara Kat,KARTEPE FSM DE SATILIK DAİRE 3+1 SİTEİÇİ HAVUZLU GÜVENLİKLİ,none,0,0,0,0,0,none,0,,1320981288
Ara Kat,Tarcanlardan Kartepe Uzunçiftlik 2+1 Satılık Ara Kat Daire,none,0,0,0,0,0,none,0,,1326987697
Ara Kat,KARTEPE ERTUĞRUL GAZİ'de MERKEZİ KONUMDA ARAKAT SATILIK DAİRE,none,0,0,0,0,0,none,0,,1327195098
,KARTEPE ZERAY ESİL'DE BAHÇELİ 1+1 SATILIK DAİRE,none,0,0,0,0,0,none,0,,1318544640
Ara Kat,KARTEPE F.S.M. SATILIK 2+1 ARAKAT AYRI MUTFAKLI DAİRE,none,0,0,0,0,0,none,0,,1312888921
Ara Kat,Arslanbey Doğakent Sitesinde Satılık 3+1 Arakat Full Yenilenmiş,none,0,0,0,0,0,none,0,,1325572273
,İKONX' TEN İZMİT KÖSEKÖYDE SATILIK 2+1 DAİRE,none,0,0,0,0,0,none,0,,1326935527
,KARTEPE DUMLUPINAR MAH DE SATILIK 3+1 FIRSAT DAİRE,none,0,0,0,0,0,none,0,,1298225819
Dubleks,FSM de 3+1 LÜX DAİRE ASANSÖRLÜ İSKAN ALINMIŞ KREDİ LİMİTİ YÜKSEK,standard,1,0,0,0,1,detail,0,,1321043192
Ara Kat,KARTEPE PREMİUM SİTESİ HAVUZLU SATILIK ARAKAT DAİRE,none,0,0,0,0,0,none,0,,1315710390
,KARTEPE BEŞEVLER DE SATILIK 2+1 100 M2 DAİRE,none,0,0,0,0,0,none,0,,1309603003
,KARTEPE İSTASYON MAHALLESİNDE OTURUMA HAZIR 2+1 SATILIK DAİRE,none,0,0,0,0,0,none,0,,1325713648
,ARS'DEN BAHÇEŞEHİR KOLEJ ARKASI 4+1,none,0,0,0,0,0,none,0,,1315691976
Ara Kat,KOCAELİ KARTEPE FATİH SULTAN MEHMET MAHALLESİ SATILIK DAİRE,none,0,0,0,0,0,none,0,,1322483343
,FIRSAT 2+1 MERKEZDE,none,0,0,0,0,0,none,0,,1326862665
Ara Kat,Ertuğrulgazi'de krediye uygun 3+1 Arakat Satılık Daire,none,0,0,0,0,0,none,0,,1311722304
,KİRA GETİRİLİ YATIRIM FIRSATI 1+1 DAİRE,none,0,0,0,0,0,none,0,,1326847610
Çatı Dubleksi,VAKIF KATILIM BANKASINDAN KOCAELİ KARTEPE' DE SATILIK DAİRE,roof,1,1,0,0,0,detail,0,,1315764923
,KAPLAN GAYRİMENKUL'DEN 3+1 GİRİŞ KAT DAİRE,none,0,0,0,0,0,none,0,,1326825443
,YÜKSEK KREDİLİ BUTİK SİTE İÇERİSİNDE ARAKAT ÖN CEPHE 2+1 SATILIK,none,0,0,0,0,0,none,0,,1327453723
,KARTEPE RAHMİYE EĞİMSİZ 2+1 CADDE MEVKİSİ KUPON DAİRE,none,0,0,0,0,0,none,0,,1326829956
,KARTEPE ATAEVLERDE SON KALAN FIRSAT SATILIK 3+1 ARA KAT DAİRE,none,0,0,0,0,0,none,0,,1310161529
,Kartepe Sağlık Kent Konutları Ayrı Mutfaklı 2+1 Satılık Daire,none,0,0,0,0,0,none,0,,1297755323
Ara Kat,Fsm Mahallesinde 2+1 Ara Kat Satılık Daire,none,0,0,0,0,0,none,0,,1287681043
,KARTEPE'DE ACİL İHTİYAÇTAN 4 + 1 SATILIK DAIRE,none,0,0,0,0,0,none,0,,1314981819
,3+1-YÜKSEK GİRİŞ- 135M2- GENİŞ ODALI- SIFIR DAİRE,none,0,0,0,0,0,none,0,,1326774342
,KENT MEYDANI SİTE İÇİNDE DAİRE 3+1 145 M2 ARAÇ TAKASLI,none,0,0,0,0,0,none,0,,1281595611
,KARTEPE ATAEVLER MAH DE SATILIK 2+1 ARAKAT KREDİYE UGUN,none,0,0,0,0,0,none,0,,1324004028
En Üst Kat,KARTEPE FSM BAHÇEŞEHİR KOLEJİ YAKINI GÜLAŞ SİTESİ SATILIK DAİRE,none,0,0,0,0,0,none,0,,1323978689
Ara Kat,TURYAPKÖRFEZ TEMSİLCİLİĞİNDEN ATAKENT KONUTLARINDA SATILIK DAİRE,none,0,0,0,0,0,none,0,,1312228337
Çatı Dubleksi,KARTEPE FATİH SULTAN MEHMET MAHALLESİ SATILIK SİTEİÇİ 4+1 DAİRE,roof,1,1,0,0,0,detail,0,,1315598031
Çatı Dubleksi,SATILIK GENİŞ DAİRE,roof,1,1,0,0,0,detail,0,,1326578729
En Üst Kat,ERTUĞRULGAZİDE HAYALİNİZDEKİ 2+1 SATIŞTA!,none,0,0,0,0,0,none,0,,1316992001
Ara Kat,Konutix'ten My Life Kartepe'de 2+1 Satılık Daire,none,0,0,0,0,0,none,0,,1326709191
Ara Kat,END'DEN KARTEPE FSM'DE SATILIK 2+1 ARAKAT YAPILI YENİ DAİRE,none,0,0,0,0,0,none,0,,1315128613
Ara Kat,TURYAP'dan Bağdat Caddesin'de 3+1 Ara Kat,none,0,0,0,0,0,none,0,,1315919385
En Üst Kat,ATAKENT GAYRİMENKULDEN FULL YAPILI 3+1 SATILIK DAİRE,none,0,0,0,0,0,none,0,,1327100364
,ListingPortal eşyalı 2+1 daire,none,0,0,0,0,0,none,0,,1326678474
En Üst Kat|Ara Kat,ZERAY EFFECT PROJESİ'NDE 3+1 SATILIK DAİRE,none,0,0,0,0,0,none,0,,1323723785
,Kartepe'de Fsm Satılık 2+1 Daire | 80m² Net | İskanlı,none,0,0,0,0,0,none,0,,1323903579
Ara Kat,EVEDİN KARTEPE CARPEDIEM SİTESİ 2+1 ARAKAT BÜYÜK TİP DAİRE,none,0,0,0,0,0,none,0,,1315124313
Ara Kat,KARTEPE'DE SİTE İÇİNDE ASANSÖR'LÜ 2+1 SATILIK DAİRE,none,0,0,0,0,0,none,0,,1308971502
Ara Kat,KARTEPE DUMLUPINARDA ARA KAT 4+1 SATILIK DAİRE,none,0,0,0,0,0,none,0,,1318329809
En Üst Kat,Taç Yaprak İçi Full Yapılı,none,0,0,0,0,0,none,0,,1326618813
Ara Kat,KOCAELI KARTEPE NEFF VIZYON 3+1 LÜKS DAIRE,none,0,0,0,0,0,none,0,,1320514556
,YOLDAŞ EMLAKTAN FSM MAH 2+1 ARAKAT DAİRE,none,0,0,0,0,0,none,0,,1303893623
,Kocaeli Kartepe Ertuğrul gazi 3 + 1 satılık daire,none,0,0,0,0,0,none,0,,1326824031
,KARTEPE ATAEVLER SATILIK 3+1 SATILIK GİRİŞ KAT,none,0,0,0,0,0,none,0,,1310123515
,Acil acil ....,none,0,0,0,0,0,none,0,,1326550514
,KARTEPE ATAEVLER ULTRA GENİŞ 1+1 FIRSAT ÖZEL DAİRE,none,0,0,0,0,0,none,0,,1320705133
Ara Kat,KARTEPE ZERAY EFFECT SATILIK 3+1 BÜYÜK TİP DAİRE,none,0,0,0,0,0,none,0,,1278079321
,EKOMAX'DAN KARTEPE FSM MAH. LÜKS KULLANIŞLI ARAKAT,none,0,0,0,0,0,none,0,,1327360779
,DERİN'DEN ERT. GAZİ MAH. SİTE İÇERİSİNDE SATILIK 2+1 DÜZ DAİRE,none,0,0,0,0,0,none,0,,1323608940
,Forum anatolia sitesinde düz bahçeli satılık 3+1 kısa süreli,none,0,0,0,0,0,none,0,,1326539956
Ara Kat,Kartepe Eşkioğlu Kardelen sitesi Satılık 2+1 Arakat,none,0,0,0,0,0,none,0,,1318208902
Ara Kat,SAHİBİNDEN Kartepe Maşukiye 2+1 Geniş Satılık Daire,none,0,0,0,0,0,none,0,,1325853600
Ara Kat,"KENT MEYDANIN'DA YERDEN ISITMALI, ÇİFT BANYOLU SATILIK ARA KAT",none,0,0,0,0,0,none,0,,1313670719
,KARTEPE EMEKEVLER MAHALLESİ'NDE SATILIK 3+1 YENİLENMİŞ DAİRE,none,0,0,0,0,0,none,0,,1326503721
Ara Kat,"Kartepe'de Satılık 2+1 Daire: Yatırım Fırsatı, Kiracılı, 80m²",none,0,0,0,0,0,none,0,,1267192434
,KARTEPE UZUNÇİFTLİKTE ÖZEL BAHÇELİ KÖŞE SATILIK 2+1 SIFIR DAİRE,none,0,0,0,0,0,none,0,,1313531842
Dubleks,KÖSEKÖY 2+1 ULTRA LÜX ÖZEL TASARIM DAİRE,standard,1,0,0,0,1,detail,0,,1323423803
,FSM'de 3+1 GİRİŞ KAT KREDİYE UYGUN DAİRE,none,0,0,0,0,0,none,0,,1326853522
Ara Kat,SATILIK SIFIR 3+1 | ARA KAT | MERKEZİ KONUM | KARTEPE,none,0,0,0,0,0,none,0,,1323710431
Ara Kat,KARTEPE'DE HAVUZLU SİTE İÇİ ARA KAT GENİŞ 1+1 SATILIK DAİRE,none,0,0,0,0,0,none,0,,1325256444
En Üst Kat,Kartepe Uzunçiftlik de site içi 1+1 satılık daire,none,0,0,0,0,0,none,0,,1320468851
,Forum Anatolia geniş Bahçeli ful eşyalı 2+1 acil satılık,none,0,0,0,0,0,none,0,,1326460959
,Kocaeli kartepe Ertuğrul gazi 3 + 1 ara kat satılık daire,none,0,0,0,0,0,none,0,,1326823034
,Kocaeli kartepe istasyon 2 + 1 ara kat satılık daire,none,0,0,0,0,0,none,0,,1323689307
,KARTEPE İSTASYON ANACADDE ÜZERİNDE FIRSAT GENİŞ FERAH DAİRE,none,0,0,0,0,0,none,0,,1315183565
,TANYILDIZ- KARTEPE 3+1 ARA KAT 130m2 MERKEZDE LÜKS DAİRE,none,0,0,0,0,0,none,0,,1320400674
,DUMLUPINAR MAH. MERKEZ BÖLGESİNDE ARAKAT KULLANIŞLI&BÜYÜK DAİRE,none,0,0,0,0,0,none,0,,1301185038
Ara Kat,EMLAKÇIM41'DEN FSM'DE HARİKA KONUMDA FIRSAT FİYATLI 2+1 ARA KAT,none,0,0,0,0,0,none,0,,1327428063
,KARTEPE İSTASYON MAH DE SATILIK 2+1 DAİRE YÜKSEK KREDİ İMKANI,none,0,0,0,0,0,none,0,,1323490981
,SİTE İÇİ ASANSÖR GÜVENLIK HAVUZ KAPALI OTOPARK YÜKSEK KREDI,none,0,0,0,0,0,none,0,,1303117021
,KARTEPE UZUNÇİFTLİK MAH SATILIK 2+1 ARAKAT FIRSAT,none,0,0,0,0,0,none,0,,1326426190
,SARIMEŞE KONAKLARI 130 m2 3+1 ARAKAT DAİRE ! EBEVEYN BANYOLU.,none,0,0,0,0,0,none,0,,1315209440
,ListingPortal yüksek kira getirili sıfır bina,none,0,0,0,0,0,none,0,,1326407811
Ara Kat,BAHÇEŞEHİR KOLEJİ YANI 2+1 |TAKSİT İMKANI,none,0,0,0,0,0,none,0,,1293350331
Dubleks,Kocaeli'nin En Prestijli Projesinde Geniş ve Ferah Yaşam Alanı,standard,1,0,0,0,1,detail,0,,1326351488
,Kocaeli kartepe FSM 3 + 1 satılık daire,none,0,0,0,0,0,none,0,,1327159275
,FSM'DE SINIRSIZ KREDI 3 + 1 ARA KAT,none,0,0,0,0,0,none,0,,1327357867
,MERKEZ EMLAKDAN 480 RESİDANCEDE 2+1ARAKAT SATILIK DAİRE BOŞ,none,0,0,0,0,0,none,0,,1272658665
,KARTEPE UZUNÇİFTLİK MERKEZİ KONUMDA 2+1 ARAKAT,none,0,0,0,0,0,none,0,,1320188379
,KARTEPE ATAEVLER GÜLDESTE 7 SİTESİNDE SATILIK 3+1 DAİRE,none,0,0,0,0,0,none,0,,1324386308
Ara Kat,KARTEPE FSM'DE YERDEN ISITMALI SATILIK 125 M2 3+1 ARAKAT DAİRE,none,0,0,0,0,0,none,0,,1318358935
,Kartepe Aslanbey Ekşioğlu Kardelen Sitesinde 3+1 Giriş kat,none,0,0,0,0,0,none,0,,1297594297
Ara Kat,ROTA REALTY'DEN KARTEPE ATAEVLER SATILIK 2+1 ARA KAT DAİRE,none,0,0,0,0,0,none,0,,1323379216
,TAMAMINA YAKIN KREDİYE VE EMİNEVİME UYGUN!İSKANLI GENİŞ BALKONLU,none,0,0,0,0,0,none,0,,1320305888
,EMAR DELUX ' TE FIRSAT 2+1 BAHÇE KULLANIMLI DAİRE,none,0,0,0,0,0,none,0,,1320301946
Ara Kat,ERTUĞRULGAZİ BLUEPARK EVLERİ 2+1 SATILIK ARAKAT DAİRE-SON FİYAT-,none,0,0,0,0,0,none,0,,1306271334
,SATILIK SİTE İÇİNDE DAİRE,none,0,0,0,0,0,none,0,,1323347952
Ara Kat,Ertuğrulgazi'de Site İçinde Satılık 2+1 Daire,none,0,0,0,0,0,none,0,,1309724778
Çatı Dubleksi,KOCAELİ KARTEPE ATAEVLER MAHALLESİ SATILIK 3+1 DAİRE,roof,1,1,0,0,0,detail,0,,1326633600
,Turyap Palas'tan | Çınar Sitesi 3+1 Satılık Daire,none,0,0,0,0,0,none,0,,1241629052
,KARTEPENİN MERKEZİ DUMLUPINAR MAH. ANA CADDE YANI GENİŞ DAİRE,none,0,0,0,0,0,none,0,,1301180820
Ara Kat,ST GAYRİMENKUL'den ATAEVLER MAH.de 1+1 SATILIK SIFIR DAİRE,none,0,0,0,0,0,none,0,,1320424567
,KARTEPE FORUM ANATOLİA 3+1 ÖZEL BAHÇE KULLANIMLI SATILIK DAİRE,none,0,0,0,0,0,none,0,,1323256128
Dubleks,LEXUS PRİME DAN EMEKEVLERDE ÖZDİLEĞE YÜRÜME MESAFE,standard,1,0,0,0,1,detail,0,,1319949496
Ara Kat,Arslanbey atakent konutları 3+1 satılık daire,none,0,0,0,0,0,none,0,,1326222149
Ara Kat,KARTEPE KENT MEYDANI H SİTE İÇİNDE SATILIK 3+1 120 M2,none,0,0,0,0,0,none,0,,1320558244
,KARTEPE FSM DE OTURUMA HAZIR YÜKSEK KREDİLİ 3+1,none,0,0,0,0,0,none,0,,1326747189
,ATAEVLER MAH 2+1 GENİŞ KULANIŞLI SİTE İÇERİSİNE FIRSAT DAİRE,none,0,0,0,0,0,none,0,,1326740233
Ara Kat,ALTIN EMLAK'tan KARTEPE ATAEVLER'DE SATILIK 3+1 DAİRE,none,0,0,0,0,0,none,0,,1323430831
Dubleks,ARAS GAYRİMENKUL'den 3+1 SATILIK DAİRE,standard,1,0,0,0,1,detail,0,,1326945086
,KARTEPE ATAEVLER SATILIK 3+1 DAIRE - LISTING_PORTAL,none,0,0,0,0,0,none,0,,1314822402
,ERTUĞRUL GAZİ'DE SİTE İÇERİSİNDE SATILIK 3+1 LÜKS ARA KAT,none,0,0,0,0,0,none,0,,1323189714
Ara Kat,GÖZEL GAYRİMENKULDEN KARTEPE ATAEVLER MH.2+1 2. KAT DAİRE,none,0,0,0,0,0,none,0,,1323401670
,Kartepe Elizan Evleri'nde Satılık 2+1 Daire (80m² Net),none,0,0,0,0,0,none,0,,1281267059
,ALDIN ALDIN YÜKSEK KREDİLİ 2+1 LÜX DAİRE,none,0,0,0,0,0,none,0,,1326883262
Ara Kat,Kocaeli Kartepe Satılık Daire MY Life Kartepe Sitesi Arakat,none,0,0,0,0,0,none,0,,1326129906
Ara Kat,KARTEPE FSM SAĞLIK KENT SİTESİ | 1+1 ARAKAT | YATIRIMLIK,none,0,0,0,0,0,none,0,,1314734644
Bahçe Dubleksi,Kartepe Konakları 1. Etap'ın Yıldız Dairesi Satılık,garden,1,0,1,0,0,detail,0,,1320458878
En Üst Kat,ARSLANBEY ATAKENT KONUTLARI SATILIK 2+1 DAİRE,none,0,0,0,0,0,none,0,,1308965329
Ara Kat,KARTEPE İBRİKDERE'DE ARA KAT 100M2 2+1 SATILIK DAİRE,none,0,0,0,0,0,none,0,,1325983700
,KARTEPE CARPEDİEM SİTESİNDE SATILIK 3+1 BAHÇELİ DAİRE,none,0,0,0,0,0,none,0,,1319847594
,ARSLANBEY KARDELEN SİTESİNDE 2+1 HAZIR KİRACİLİ DAİRE...,none,0,0,0,0,0,none,0,,1319947932
Ara Kat,KARTEPE DUMLUPINAR MAHALLESİ'NDE MERKEZİ KONUM 4+1 SATILIK DAİRE,none,0,0,0,0,0,none,0,,1286718636
,İNALTAY GAYRİMENKUL DEN KARTEPE KARCİTY DE FUL EŞYALI SATILIK DA,none,0,0,0,0,0,none,0,,1314706806
,FSM'de EŞYALI YÜKSEK KREDİ İMKANI/YÜKSEK GİRİŞ DAİRE,none,0,0,0,0,0,none,0,,1326415143
Ara Kat,Kartepe Ertuğrul Gazi'de Satılık 2+1 Arakat Daire - 85m²,none,0,0,0,0,0,none,0,,1319870446
,"KARCİTY SİTESİ HAVUZLU, BAHÇE KULLANMILI GENİŞ 1+1 SATILIK DAİRE",none,0,0,0,0,0,none,0,,1326220403
,Kocaeli kartepe Ertuğrul Gazi 3 + 1 satılık ara kat,none,0,0,0,0,0,none,0,,1323612897
En Üst Kat|Çatı Dubleksi,END'DEN 480 RESİDENCE SATILIK 5+1 15 HAZİRAN BOŞ 310 M2 DAİRE,roof,1,1,0,0,0,detail,0,,1250193972
,Dumlupınarda LÜKS 2+1 MERKEZİ KONUMDA KAÇIRILMAZ!,none,0,0,0,0,0,none,0,,1308811483
Ara Kat,KARTEPE CADDE LİFE SİTESİ'NDE 3+1 C BLOK'DA ARAKAT SATILIK DAİRE,none,0,0,0,0,0,none,0,,1326357592
,Kartepe'de Sembol AVM ye yakın (2+1) Geniş Daire,none,0,0,0,0,0,none,0,,1325956120
Ara Kat,Kartepe Dumlupınarda 2+1 Arakat Daire (SIFIR DAİRE),none,0,0,0,0,0,none,0,,1325951598
,DEALLİFE'DAN HASANPAŞADA BUTİK SİTE İÇİ YÜKSEK GİRİŞ 2+1 DAİRE,none,0,0,0,0,0,none,0,,1325941706
,VİZYON'DAN KULLANIŞLI ARA KAT,none,0,0,0,0,0,none,0,,1314845664
,Kocaeli kartepe Köseköy merkez 2 + 1 satılık daire,none,0,0,0,0,0,none,0,,1326313434
Çatı Dubleksi,FIRSAT 2+1 DAİRE UYGUN FİYAT,roof,1,1,0,0,0,detail,0,,1325907767
,%80 KREDIYE UYGUN 2 + 1 OTURMA HAZIR,none,0,0,0,0,0,none,0,,1298505327
,KARTEPE FATİH SULTAN MAHALLESİNDE 2+1 LÜKS DAİRE,none,0,0,0,0,0,none,0,,1279463408
,Ataevler de geniş güzel daire,none,0,0,0,0,0,none,0,,1325773752
,FİNANS KURULUŞLARINA UYGUN 1.99 KREDİ BUTİK SİTE İÇİ 4+1 DAİRE,none,0,0,0,0,0,none,0,,1326263065
,KARTEPE ATAEVLERDE SATILIK 2+1 ARAKAT !YÜKSEK KREDİYE UYGUN!,none,0,0,0,0,0,none,0,,1323262309
,KARTEPE ERTUĞRULGAZİ HAVZ HMM SAUNLI SİTE İÇİ SATILIK 3+1 DAİRE,none,0,0,0,0,0,none,0,,1314217931
,EKŞİOĞLU KARDELEN SİTESİ'NDE FULL EŞYALI 2+1 ARA KAT DAİRE,none,0,0,0,0,0,none,0,,1325816376
Ara Kat,KARTEPE KÖSEKÖY TEPECİK MAH. 2+1 SATILIK ARA KAT DAİRE,none,0,0,0,0,0,none,0,,1314435857
Ara Kat,KARTEPE ATAEVLER MAHALLESİ SATILIK ARA KAT 3+1 DAİRE!,none,0,0,0,0,0,none,0,,1299660517
,KARTEPE HASANPAŞADA SATILIK 2+1,none,0,0,0,0,0,none,0,,1325803348
,SATILIK DAİRE,none,0,0,0,0,0,none,0,,1326006104
,FSM'DE ASANSÖRLÜ 2+1 GENİŞ SATILIK DAİRE,none,0,0,0,0,0,none,0,,1320548229
,BUTİK SİTE İÇİ 2+1 GENİŞ BALKONLU KAÇIRILMAZ FIRSAT,none,0,0,0,0,0,none,0,,1326546087
,Satılık site içi daire,none,0,0,0,0,0,none,0,,1303045153
Ara Kat,BAKİ EMLAK'TAN GENİŞ SIFIR 2+1 SATILIK DAİRE,none,0,0,0,0,0,none,0,,1307116844
,YILKAR' dan 3+1 ARAKAT DAİRE,none,0,0,0,0,0,none,0,,1325773053
Çatı Dubleksi,STAR CENTER KARTEPE PARVEEN KONAKLARI 5 YILDIZLI YAŞAM SİZLERLE,roof,1,1,0,0,0,detail,0,,1325747278
Ara Kat,KARTEPE İSTASYON MAHALLESİNDE E-5 YAKIN SATILIK 3+1 120m² DAİRE,none,0,0,0,0,0,none,0,,1319643618
,Turyap Palas'tan Ataevler Mah. 1+1 Satılık Daire,none,0,0,0,0,0,none,0,,1325735460
Ara Kat,EVEDiN KARTEPE VİLLAM YANI 480 RESIDENCE 3+1 ÖNÜ AÇIK ARA KAT,none,0,0,0,0,0,none,0,,1325727522
,Mona Vadi'den Kartepe/3+1 Yüksek Giriş /3 Balkonlu/ 120m2 Daire,none,0,0,0,0,0,none,0,,1308323604
,ARAKAT 3+1,none,0,0,0,0,0,none,0,,1319588625
,KARTEPE ASLANBEY VERA LİFE SİTESİ SATILIK 2+1 GİRİŞ KAT DAİRE,none,0,0,0,0,0,none,0,,1312992266
Dubleks,KARTEPE FATIHSULTANMEHMET MAH`DE MODERN MİMARİ ADRESİ 3+1 DAİRE,standard,1,0,0,0,1,detail,0,,1312861737
Ara Kat,DERYA ÇAKICIDAN FSM 'DE SATILIK ARAKAT 3+1 140 M2 ŞAHANE DAİRE,none,0,0,0,0,0,none,0,,1309266104
,KOCAELİ KARTEPE SATILIK YERDEN ISITMALI SIFIR 3+1 ARAKAT,none,0,0,0,0,0,none,0,,1323132814
,KARTEPE UZUNÇİFTLİK ÖZDİLEK KARŞISINDA 2+1 GİRİŞ SATILIK DAİRE,none,0,0,0,0,0,none,0,,1305881872
,RE/MAX NATURAL'DEN EŞYALI 1+1 DAİRE,none,0,0,0,0,0,none,0,,1308271254
Dubleks|Çatı Dubleksi,KOCAELİ KARTELE SİTE İÇİ SATILIK 3+1 DAİRE,roof,1,1,0,0,0,detail,0,,1325877869
,REMAX DREAMDEN KARTEPEDE SİTE İÇİ SATILIK 2+1 DAİRE,none,0,0,0,0,0,none,0,,1294695751
,ATAEVLERDE YÜKSEK KİRA GETİRİLİ DAİRE ARA KAT,none,0,0,0,0,0,none,0,,1177710639
,KOCAELİ KARTEPE SARIMEŞE İLKÖĞRETİM OKULU YAKINI 2+1 DAİRE,none,0,0,0,0,0,none,0,,1314434087
,ATAEVLERDE SİTE İÇERİSİNDE 2+1 EBEVEYN BANYOYLU ARAKAT DAİRE,none,0,0,0,0,0,none,0,,1326542671
Ara Kat,KARTEPE KENT MEYDANI ZERAY EFECT 3+1 ARAKAT SATILIK DAİRE,none,0,0,0,0,0,none,0,,1309608318
,KARTEPE FSM.MAH SİTE İÇİ SATILIK 3+1 PAZARLIK PAYI VARDIR,none,0,0,0,0,0,none,0,,1325562334
Ara Kat,TURYAP'TAN KARTEPE İSTASYONDA 3+1 ARAKAT DAİRE,none,0,0,0,0,0,none,0,,1314357415
,KOCAELİ KARTEPE UZUNÇİFTLİK MAHALLESİ SATILIK DAİRE,none,0,0,0,0,0,none,0,,1311187440
Ara Kat,ListingPortal Sitede 2+1 Arakat Daire,none,0,0,0,0,0,none,0,,1251166667
,listing_portal,none,0,0,0,0,0,none,0,,1225948034
Dubleks,KARTEPE MANZARALI ÖNÜ KAPANMAZ OLDUKÇA BÜYÜK TERASLI 4+1,standard,1,0,0,0,1,detail,0,,1325937644
,KARTEPE İSTASYON MAHALLESİNDE E-5 YAKIN SATILIK 2+1 100m² DAİRE,none,0,0,0,0,0,none,0,,1319607878
,KARTEPE ATAEVLER YÜKSEK GİRİŞ KAT BAHCELÌ DAİRE,none,0,0,0,0,0,none,0,,1318821364
,KARTEPE EMEKEVLER'de SATILIK İÇİ YAPILI HARİKA Y.GİRİŞ 2+1 DAİRE,none,0,0,0,0,0,none,0,,1317046250
,KARTEPE UZUNÇİFTLİK MAH SATILIK FIRSAT ARAKAT,none,0,0,0,0,0,none,0,,1322748066
,1.99 KREDİ FSM DE BUTİK SİTE İÇİ İSKANİ ALINMIŞ SATILIK 4+1 DAİR,none,0,0,0,0,0,none,0,,1315261513
,"Kartepe'de Havuzlu, Metro Yakını Satılık 2+1 Daire (İskanlı)",none,0,0,0,0,0,none,0,,1314033028
Ara Kat,FSM MAH. MERKEZİ KONUMDA SATILIK 3+1 ARAKAT,none,0,0,0,0,0,none,0,,1313037197
,DEALLİFE GAYRİMENKUL'DEN ERTUĞRULGAZİ'DE SATILIK 3+1 DAİRE,none,0,0,0,0,0,none,0,,1308328978
Ara Kat,KARTEPE ASLANBEY VERALİFE SİTESİ SATILIK 2+1 ARA KAT DAİRE,none,0,0,0,0,0,none,0,,1312986270
En Üst Kat,KARTEPE F.S.M MAHALLESİNDE 2+1 ÜSKAT SATILIK DAİRE,none,0,0,0,0,0,none,0,,1218876680
Ara Kat,Kartepe Ertuğrulgazi'de Sıfır 2+1 Daire,none,0,0,0,0,0,none,0,,1317367421
,FORUM ANATOLİA SİTEDİNDE SATILIK LOFT 3+1,none,0,0,0,0,0,none,0,,1287631582
Dubleks|En Üst Kat|Çatı Dubleksi,KARTEPE İBRİKDERE MH. 2.14 KREDİ İMKANI SATILIK 3+1 DAİRE,roof,1,1,0,0,0,detail,0,,1316958095
,KOCAELİ KARTEPE SATILIK ULTRA LÜKS 3+1 DAİRE,none,0,0,0,0,0,none,0,,1322873442
,MAŞUKİYE GATE 41 YAŞAM MERKEZİ 2+1 SATILIK DAİRE,none,0,0,0,0,0,none,0,,1308113190
En Üst Kat,Son indirim. ListingPortal Ataşehir Mahallesi 132. Ada Satılık Boş,none,0,0,0,0,0,none,0,,1323743711
Ara Kat,RW Nova'dan Ataevler Mah Bahçekent sitesi Satılık 3+1Arakat,none,0,0,0,0,0,none,0,,1325402657
,Halk Bankası'ndan Kocaeli Kartepe Satılık Konut,none,0,0,0,0,0,none,0,,1305988646
Ara Kat,EVEDİN KARTEPE DUMLUPINAR 3+1 ARAKAT,none,0,0,0,0,0,none,0,,1325587163
En Üst Kat,DOĞAKENT SİTESİNDE 3+1 135 M² ÇİFT CEPHELİ EBEVEYN BANYOLU DAİRE,none,0,0,0,0,0,none,0,,1325379553
Ara Kat,ATAEVLER 2+1 ARAKAT YÜKSEK KREDİ A KALİTE,none,0,0,0,0,0,none,0,,1325374787
,KARTEPE ARSLANBEY'DE KREDİYE UYGUN SATILIK 3+1 GİRİŞ KAT DAİRE,none,0,0,0,0,0,none,0,,1305505494
,ATAEVLER MAH SATILIK 3+1 YÜKSEK GİRİŞ DAİRE,none,0,0,0,0,0,none,0,,1314026854
Ara Kat,SINIRSIZ KREDİLİ 2+1 ARAKAT | KARTEPE ATAEVLER | MERKEZİ KONUM,none,0,0,0,0,0,none,0,,1316992390
Bahçe Dubleksi,TURYAP'TAN ZERAY ESİLDE 25m2 BAHÇELİ 1+1 FIRSAT,garden,1,0,1,0,0,detail,0,,1314328403
Ara Kat,KARTEPE DERBENT'DE SATILIK 2+1 DAİRE,none,0,0,0,0,0,none,0,,1325250864
,ListingPortal Satılık Atakent Konutlarında 3+1 İçi Yapılı Daire,none,0,0,0,0,0,none,0,,1325215562
,EŞYALI SATILIK SİTE İÇİ ARA KAT ÖN CEPHE GENİŞ DAİRE,none,0,0,0,0,0,none,0,,1245526695
,RW Nova F.S.M Mah Paşa Park Evleri Sitesi Satılık 2+1 Daire,none,0,0,0,0,0,none,0,,1325408434
,ERTUĞRUL GAZİ MAHALLESİ 2+1 LÜX GİRİŞ KAT,none,0,0,0,0,0,none,0,,1308151138
Ara Kat,KOCAELİ KARTEPE DERBENT SATILIK BAHÇELİ KREDİYE UYGUN DAİRE,none,0,0,0,0,0,none,0,,1322233375
Çatı Dubleksi,ZERAY ESİL'DE EN BÜYÜK TİP 1+1 | GÜNEY CEPHE,roof,1,1,0,0,0,detail,0,,1325372744
,ATAEVLER 3+1 YÜKSEK GİRİŞ YÜKSEK KREDİ A KALİTE,none,0,0,0,0,0,none,0,,1325368945
En Üst Kat,GÖZEL GAYRİMENKULDEN KARTEPE İSTASYON MH.GENİŞ FERAH 3+1 DAİRE,none,0,0,0,0,0,none,0,,1322215010
,daha büyük bir ev alağım için satılık,none,0,0,0,0,0,none,0,,1325146052
Dubleks|En Üst Kat|Ara Kat|Ara Kat Dubleks|Bahçe Dubleksi|Çatı Dubleksi|Forleks|Ters Dubleks|Tripleks,Kartepe Ataevler 2 + 1 site içi yüksek giriş satılık,roof,1,1,0,0,0,detail,0,,1314131308
Ara Kat,LUXORA`DAN ERTUĞRUL GAZİ'DE SATILIK 3+1 120 M² ARA KAT DAİRE,none,0,0,0,0,0,none,0,,1316662532
,EMEKEVLER MAH'DE 125 m² FERAH 2+1 TÜM KATILIM SİSTEMLERİNE UYGUN,none,0,0,0,0,0,none,0,,1325119084
,Kocaeli Kartepe Fsm 3+1 satılık daire,none,0,0,0,0,0,none,0,,1323749684
Ara Kat,PRY DEN KARTEPE DE YÜKSEK KREDİ İMKANI.EMLAK KOMİSYONU YOK,none,0,0,0,0,0,none,0,,1325275963
Bahçe Dubleksi,NEWORES YATIRIM ZERAY DORA HİLL SATILIK (1+1)BAHÇE DUBLEX DAİRE,garden,1,0,1,0,0,detail_and_title,0,,1294549530
,İZMİT GÜNDOĞDU KALICI KONUTLARI MANZARALI 3+1 SATILIK DAİRE,none,0,0,0,0,0,none,0,,1325292548
,GÜNDOĞDU MÜKEMMEL LOKASYONDA,none,0,0,0,0,0,none,0,,1328656606
,ListingPortal Satılık,none,0,0,0,0,0,none,0,,1328264517
,YATIRIMLIK 2+1 KİRACILI DAİRE,none,0,0,0,0,0,none,0,,1328646961
,SAHİBİNDEN SATILIK BOŞ DAİRE,none,0,0,0,0,0,none,0,,1328645157
,İZMİT GÜNDOĞDU SATILIK MÜSTAKİL BAHÇELİ OTOPARKLI 3+1 LÜKS DAİRE,none,0,0,0,0,0,none,0,,1293850610
En Üst Kat|Ara Kat|Bahçe Dubleksi,İZMİT GÜNDOĞDU'DA 1+1 YATIRIMLIK DAİRE FIRSATI,garden,1,0,1,0,0,detail,0,,1328632202
,SATILIK 2+1 95m2 ÇOK İYİ KONUMLU ARA KAT SIFIR DAİRE İZMİT,none,0,0,0,0,0,none,0,,1328623817
Çatı Dubleksi,ALİKAHYA FATİH MAH. SATILIK 3+1 EĞİMSİZ ÇATI DUBLEKS,roof,1,1,0,0,0,detail_and_title,0,,1325660156
Ara Kat,ASAYRA EMLAKTAN TOKİ AKPINAR DA YAPILI 2+1 SATILIK ARAKAT,none,0,0,0,0,0,none,0,,1322437324
,2+1 SATILIK DAİRE YENİ TURAN DURAĞI İZMİT/KOCAELİ,none,0,0,0,0,0,none,0,,1328608527
,Vadi İzmitte ListingPortal Satılık Geniş 2+1 Daire,none,0,0,0,0,0,none,0,,1328603623
Ara Kat,25 BİN KİRA GETİRİLİ HÜMEYRA PARK EVLERİ EŞYALI 1+1 SATILIK,none,0,0,0,0,0,none,0,,1326024877
Bahçe Dubleksi,İZMİT ÜNİVERSİTE YOLU ÜZERİ 2+1 SATILIK BAHÇELİ DUBLEKS,garden,1,0,1,0,0,detail_and_title,0,,1321862710
Dubleks,FIRSAT BOĞAZOVA CADDESİ 2+1 ÖNÜ AÇIK MANZARALI DUBLEKS DAİRE,standard,1,0,0,0,1,detail_and_title,0,,1315345701
Bahçe Dubleksi,Kuruçeşmenin Gözde Noktasında Sıfır Bahçe Dubleks,garden,1,0,1,0,0,detail_and_title,0,,1325994144
Çatı Dubleksi,İZMİT KABAOĞLU SİTE İÇİ HAVUZLU SATILIK 3+1 BAHÇE DUBLEKS DAİRE,roof,1,1,0,0,0,conflict_detail_wins,1,conflict detail=roof title=garden,1303255884
En Üst Kat,İZMİT YUVAM AKARCA İÇİ YAPILI SATILIK ÜST KAT 3+1 DAİRE,none,0,0,0,0,0,none,0,,1320348523
Bahçe Dubleksi,İZMİT TEPEKÖY'DE BUTİK SİTE İÇİ 2+1 BAHÇE DUBLEKS DAİRE,garden,1,0,1,0,0,detail_and_title,0,,1320270416
,İZMİT YILDIZ KONUTLARIN'DA SATILIK 1+1 MASRAFSIZ DAİRE,none,0,0,0,0,0,none,0,,1319931947
,İZMİT ÜNİVERSİTE YOLUN'DA 0 OTURUMA HAZIR GENİŞ 2+1SATILIK DAİRE,none,0,0,0,0,0,none,0,,1325768430
Ara Kat,FIRSAT İZMİT YUVAM AKARCA DOĞA MANZARALI ÖNÜ AÇIK ARAKAT 2+1,none,0,0,0,0,0,none,0,,1325694496
Bahçe Dubleksi|Ters Dubleks,İZMİT ALİKAHYA SİTE İÇERİSİ 2+1 BAHÇE DUBLEKS SATILIK DAİRE,garden,1,0,1,0,0,detail_and_title,0,,1317124258
Ara Kat,Yuvam Akarca'da Krediye Uygun Satılık 3+1 Daire,none,0,0,0,0,0,none,0,,1325445259
,İZMİT GÜNDOĞDU'DA BUTİK SİTE İÇİ 2+1 SATILIK DUBLEKS DAİRE,standard,1,0,0,0,1,title,0,,1328522354
Ara Kat,İZMİT HACIHASANDA YENİTURAN ANAOKULU ARKASINDA TEMİZ 2+1 ARAKAT,none,0,0,0,0,0,none,0,,1328276842
Ara Kat,SATILIK İZMİT YUVAM AKARCA DA 140 M2 3+1 ARA KAT DAİRE.,none,0,0,0,0,0,none,0,,1328087418
Dubleks|Ara Kat|Ara Kat Dubleks|Bahçe Dubleksi,İZMİT PLAJYOLU SEA LİFE YENİ TESLİM 170M2 OTURUMA HAZIR ÖZEL 3+1,garden,1,0,1,0,0,detail,0,,1321978623
,İZMİT ÇARŞI MERKEZ İNÖNÜ CADDESİNDE SATILIK GENİŞ 2+1 DAİRE,none,0,0,0,0,0,none,0,,1323368161
,GÜNDOĞDU'DA SATILIK BAHÇE DUBLEKS | 115 m2 | 2+1 FIRSAT DAİRE,garden,1,0,1,0,0,title,0,,1326492462
Ara Kat,PLAJYOLU MABEYN AVANGARD SİTESİNDE SATILIK 2+1 DAİRELER,none,0,0,0,0,0,none,0,,1329379439
Dubleks|En Üst Kat|Çatı Dubleksi,İZMİT PLAJYOLU PREMİUMDA SIFIR 3+1 EĞİMSİZ ÇATI DUBLEKS DAİRE,roof,1,1,0,0,0,detail_and_title,0,,1318014998
Çatı Dubleksi,İzmit Gündoğdu Mahallesinde Sıfır Teraslı 3+1 Çatı Dubleks Daire,roof,1,1,0,0,0,detail_and_title,0,,1310991104
Bahçe Dubleksi,İZMİT GÜNDOĞDU MAH. SATILIK 3+1 SIFIR BAHÇE DUBLEKS DAİRE,garden,1,0,1,0,0,detail_and_title,0,,1310992115
Ara Kat,ListingPortal Yuvam Akarca C-blok 3+1 Daire Ara Kat,none,0,0,0,0,0,none,0,,1329351960
Ara Kat,Full Deniz ve Doğa Manzaralı | Eşyalı | 3+1 Ara Kat Lüks Daire,none,0,0,0,0,0,none,0,,1323205337
,KOCAELİ İZMİT AKPINAR ARIZLI TOKİ'DE 2+1 SATILIK FIRSAT DAİRE,none,0,0,0,0,0,none,0,,1329346346
,İZMİT ALİKAHYA 2+1 FIRSAT ARAKAT DAİRE,none,0,0,0,0,0,none,0,,1329407391
Bahçe Dubleksi,ŞEHRİN İÇİNDE MÜSTAKİL ÖZEL BAHÇELİ LÜKS DAİRE,garden,1,0,1,0,0,detail,0,,1321307779
Bahçe Dubleksi,ZERAY DORA HİLL 'DE SATILIK SIFIR 1+1 BAHÇE DUBLEKS DAİRE,garden,1,0,1,0,0,detail_and_title,0,,1312406292
,İzmit Kuruçeşme merkezde fırsat daire,none,0,0,0,0,0,none,0,,1329394136
Ara Kat,ACİL SON 1 HAFTA İZMİT ÇAYIRKÖY DOĞAPARK SİTESİ 1+1 DAIRE,none,0,0,0,0,0,none,0,,1323456300
Dubleks,ListingPortal satılık Yelkent Tetra evleri geniş bahçe dublex,standard,1,0,0,0,1,conflict_detail_wins,1,conflict detail=standard title=garden,1287604543
En Üst Kat,ÇAKIR GAYRİMENKUL DEN SATILIK DAİRE,none,0,0,0,0,0,none,0,,1328886408
Çatı Dubleksi,İzmit Kabaoğlu MK Teras Sit. Çift Teraslı 1+1 Çatı Dubleks,roof,1,1,0,0,0,detail_and_title,0,,1329099360
Ara Kat,"İzmit Alikahya Atatürk Mahallesi'nde 2+1, 90m² Lüks Daire",none,0,0,0,0,0,none,0,,1323233419
Dubleks|Ters Dubleks,ACİL SATILIK MİRALAY MÜMTAZ CADDESİ FATİH MAHALLESİ,standard,1,0,0,0,1,detail,0,,1329308473
Ara Kat,ListingPortal satılık,none,0,0,0,0,0,none,0,,1329300299
Ara Kat,D2 GAYRİMENKUL'DEN BOĞAZOVA CADDESİNDE SATILIK 2+1 SIFIR DAİRE,none,0,0,0,0,0,none,0,,1323373652
,Tarcanlardan Gündoğduda Satılık 3+1 Daire,none,0,0,0,0,0,none,0,,1323438748
,İZMİT DİAMOND BOUTİQUE 1+1 SATILIK DUBLEKS DAİRE,standard,1,0,0,0,1,title,0,,1329229498
,SINIRSIZ KREDİ İMKANLI 2+1 120 M2 TERS DUBLEKS,standard,1,0,0,0,1,title,0,,1286569662
Bahçe Dubleksi,Turyap'tan Boğazova Caddesi'nin Üzerinde 4+1 Bahçe Dublex,garden,1,0,1,0,0,detail_and_title,0,,1323364319
En Üst Kat,kocaeli sepetçi toki gölkay manzaralı 2+1,none,0,0,0,0,0,none,0,,1329167913
Ara Kat,FIRSAT!! EVEDİN İZMİT YAHYAKAPTAN TERRACE 1 80 m2 1+1,none,0,0,0,0,0,none,0,,1288928207
Dubleks|Bahçe Dubleksi,Attichouse'tan İzmit'te Deniz Manzaralı Bahçe Dubleksi 3+1,garden,1,0,1,0,0,detail_and_title,0,,1240874243
Ara Kat,SEPETÇİ TOKİ SATILIK 2+1 DAİRE GÖLKAY MANZARALI,none,0,0,0,0,0,none,0,,1326305509
Ara Kat,İZMİT ÇAYIRKÖY KAVANYA GÖL SATILIK MANZARALI 2+1 DUBLEKS DAİRE,standard,1,0,0,0,1,title,0,,1326120266
Ara Kat,İZMİT OTOGARINA YAKIN HAVUZLU SİTEDE SATILIK 3+1 ARA KAT,none,0,0,0,0,0,none,0,,1329193831
,ŞEHİR HASTANESİ KARŞISI MEKTEBİM KOLEJİ ÜSTÜ 3+1,none,0,0,0,0,0,none,0,,1329192474
En Üst Kat,Kuruçeşme'de Sağlık Ocağı Yanı 3+1 Satılık Daire,none,0,0,0,0,0,none,0,,1320217960
,FEDERAL'DEN AKPINAR TOKİ KONUTLARI 2+1 80m2 SATILIK DAİRE,none,0,0,0,0,0,none,0,,1329184983
Ara Kat,SATILIK 2+1 DAİRE,none,0,0,0,0,0,none,0,,1329148632
Dubleks|En Üst Kat|Ara Kat|Çatı Dubleksi|Ters Dubleks,SON FIRSAT İZMİT PLAJYOLU 3+1 190 M2 EBEVEYN BANYOLU DUBLEKS,roof,1,1,0,0,0,detail_and_title,0,title_generic_confirms_detail_subtype,1269649471
,Yeşilova Park Evlerinde Satılık 2+1 Bahçe Dubleks,garden,1,0,1,0,0,title,0,,1317370337
En Üst Kat,Kuruçeşme de deniz manzaralı yenilenmiş daire,none,0,0,0,0,0,none,0,,1329161585
En Üst Kat,ASAYRADAN AKPINAR TOKİDE 1+1 SATILIK DAİRE,none,0,0,0,0,0,none,0,,1323317635
Dubleks|Çatı Dubleksi,İZMİT GÜNDOĞDU BOĞAZOVA CADDE ÜZERİNDE SATILIK 3+1 ÇATI DUBLEKS,roof,1,1,0,0,0,detail_and_title,0,,1329150108
Ara Kat,SAHİBİNDEN,none,0,0,0,0,0,none,0,,1322855332
Ara Kat,ASAYRADAN HÜMEYRAPARK SİTESİNDE EŞYALI 1+1 SATILIK ARAKAT,none,0,0,0,0,0,none,0,,1329137305
,Dublex 3+1,standard,1,0,0,0,1,title,0,,1329138260
Bahçe Dubleksi,İZMİT KURUÇEŞME'DE SATILIK 3+1 FIRSAT DUBLEKS DAİRE,garden,1,0,1,0,0,detail_and_title,0,title_generic_confirms_detail_subtype,1316581831
Dubleks|Ara Kat,İZMİT ÇAYIRKÖY FULL EŞYALI 3+1 165m2 DUBLEKS DAİRE,standard,1,0,0,0,1,detail_and_title,0,,1254201334
Ara Kat,KOCAELİ İZMİT KAVANYA KORU SİTESİ'NDE SATILIK 2+1 ARAKAT DAİRE,none,0,0,0,0,0,none,0,,1326200761
Çatı Dubleksi,3 KENT GAYRİMENKUL BOĞAZOVA CADDESİ'NDE SATILIK 3+1 ÇATI DUBLEKS,roof,1,1,0,0,0,detail_and_title,0,,1329108876
Ara Kat,PLAJ YOLUNDA SEA LİFE SİTESİNDE 2+1 110 M2 ARAKAT SATILIK DAİRE,none,0,0,0,0,0,none,0,,1321991283
Çatı Dubleksi,SAHİBİNDEN KLİMALI BAKIMLI SATILIK FERAH ÇATI DUBLEKS DAİRE,roof,1,1,0,0,0,detail_and_title,0,,1322947915
,Bayraktar Emlak'tan çayırköy bölgesinde satılık dubleks daire,standard,1,0,0,0,1,title,0,,1284088178
Çatı Dubleksi,"BOGAZOVA'DA YÜKSEK KİRA POTANSİYELLİ, SATILIK BOŞ DAİRE",roof,1,1,0,0,0,detail,0,,1326168737
Çatı Dubleksi,KAVAN TRY3 SİTESİNDE MUHTEŞEM MANZARALI SATILIK 4+1 LÜKS DAİRE,roof,1,1,0,0,0,detail,0,,1329066412
Bahçe Dubleksi,KABAOĞLU MEKA ROYAL'DE EŞYALI 1+1 | KİRACISIZ - İSKANLI,garden,1,0,1,0,0,detail,0,,1326167062
Çatı Dubleksi,ALİKAHYA FATİH MAH. 3+1 SATILIK ÇATI DUBLEKS,roof,1,1,0,0,0,detail_and_title,0,,1308914874
En Üst Kat,İZMİT PLAJYOLU'NDA DENİZ MANZARALI FIRSAT 3+1 SATILIK DAİRE,none,0,0,0,0,0,none,0,,1329066489
,DENIZ MANZARALI RADARDA DUBLEXS SATILIK DAIRE,none,0,0,0,0,0,none,0,,1313844547
Ara Kat,Kiptaş Çınar Evleri'nde Satılık 2+1 Orman Manzaralı Daire,none,0,0,0,0,0,none,0,,1320055633
,4+1 ÇATI D. MERKEZİ KONUM GENİŞ FERAH YAŞAM ALANI,none,0,0,0,0,0,none,0,,1270311892
Çatı Dubleksi,KOCAELİ GÜNDOĞDU EŞSİZ MANZARA SATILIK ASANSÖRLÜ 4+1 DUBLEKS,roof,1,1,0,0,0,detail_and_title,0,title_generic_confirms_detail_subtype,1293874802
Ara Kat Dubleks,İZMİT PLAJ YOLU YILDIZLAR HAVUZU YANI 3+1 160 M2 ARAKAT DUBLEKSİ,middle_floor,1,0,0,1,0,detail_and_title,0,,1313926467
Bahçe Dubleksi,İZMİT GÜNDOĞDU MAH ŞEHRİ BAHÇE 3 SİTESİ DUBLEKS SATILIK DAİRE,garden,1,0,1,0,0,detail_and_title,0,title_generic_confirms_detail_subtype,1317699691
Çatı Dubleksi,İZMİT KURUÇEŞMEDE ASANSÖRLÜ 3+1 SIFIR EĞİMSİZ DUBLEKS DAİRE,roof,1,1,0,0,0,detail_and_title,0,title_generic_confirms_detail_subtype,1254144739
Dubleks|En Üst Kat|Ara Kat|Ara Kat Dubleks|Çatı Dubleksi,İZMİT KURUÇEŞME DENİZ MANZARALI SİTE İÇİ SATILIK 3+1 DUBLEKS,roof,1,1,0,0,0,detail_and_title,0,title_generic_confirms_detail_subtype,1328988180
Ara Kat,Kuruçeşme İremkent Sitesinde Satılık 3+1 Daire | 135 m²,none,0,0,0,0,0,none,0,,1323061111
,TARCANLARDAN İZMİT ACADEMIC LIFE 1'DE SATILIK 1+1 DAİRE,none,0,0,0,0,0,none,0,,1328835625
Ara Kat,İZMİT YUVAM MAİ ÖZEL PROJESİNDE SATILIK 3+1 ARA KAT,none,0,0,0,0,0,none,0,,1323029775
,ACİL SATILIK AKPINAR TOKİ KONUTLARINDA MANZARALI 2+1 ARAKAT,none,0,0,0,0,0,none,0,,1303387502
Ara Kat,SEKBANLI TOKİ KONUTLARI'NDA 2+1 100m2 SATILIK DAİRE,none,0,0,0,0,0,none,0,,1328974658
Ara Kat,3+1 ARAKAT EBEVEYİN BANY. YAPILI MANZ. (EŞYALI) MASRAFSIZ..,none,0,0,0,0,0,none,0,,1328681810
,VOGUE YEŞİLOVA SİTESİNDE SATILIK 2+1 BAHÇE DUBLEKS,garden,1,0,1,0,0,title,0,,1323034804
Bahçe Dubleksi,YENİ MAHALLEDE GENİŞ KULLANIMLI BAHÇE DUBLEKSİ,garden,1,0,1,0,0,detail_and_title,0,,1317638383
Ara Kat,YAPILI 2+1 FERAH DAİRE,none,0,0,0,0,0,none,0,,1328935943
Çatı Dubleksi,ALİKAHYA MERKEZİ KONUM 4+1 FERAH GENİŞ SATILIK DAİRE,roof,1,1,0,0,0,detail,0,,1323016529
Bahçe Dubleksi,ŞEHRİN MERKEZİNDE BAHÇELİ DUBLEKS YAŞAMI,garden,1,0,1,0,0,detail_and_title,0,,1328930784
Çatı Dubleksi,Tarcanlardan İZMİT'te Deniz Manzaralı Satılık 3+1 Daire,roof,1,1,0,0,0,detail,0,,1322989726
Çatı Dubleksi,CB AKADEMİ JASMINE COUNTRY SATILIK 1+1 ÇATI DUBLEKS DAİRE,roof,1,1,0,0,0,detail_and_title,0,,1300620659
Çatı Dubleksi,TÜM FİNANSMAN KREDİLERİNE UYGUN,roof,1,1,0,0,0,detail,0,,1322982934
Ara Kat,KOCAELİ İZMİT ÇAYIRKÖY KAVANYA KORU'DA SATILIK 2+1 ARAKAT DAİRE,none,0,0,0,0,0,none,0,,1326194841
Bahçe Dubleksi,TURYAP'TAN GÜNDOĞDU'DA BAHÇELİ GENİŞ 3+1 DUBLEKS,garden,1,0,1,0,0,detail_and_title,0,title_generic_confirms_detail_subtype,1317688727
En Üst Kat|Tripleks,İZMİT KURUÇEŞME SİTE İÇİ 3+1 DUBLEKS SATILIK DAİRE,standard,1,0,0,0,1,title,0,,1325874898
Ara Kat,ADDRESS'DEN İZMİT ŞİRİNTEPE MH 'DE 3+1 SATILIK ARAKAT DAİRE,none,0,0,0,0,0,none,0,,1309654469
,OTOGARA ŞEHİR HASTANESİNE YAKIN MASRAFSIZ DAİRE,none,0,0,0,0,0,none,0,,1297678200
,KURUŞÇEŞME YENİ MAHALLEDE YELKEN TETRA EVLERİ 2+1 SATILIK DAİRE,none,0,0,0,0,0,none,0,,1261913558
Dubleks|Çatı Dubleksi,CASH'TEN İZMİT BOULEVARD KABAOĞLU'NDA 2+1 SATILIK ÇATI DUBLEKS,roof,1,1,0,0,0,detail_and_title,0,,1325901660
Bahçe Dubleksi,İZMİT BOĞAZOVA CADDESİN 'DE SATILIK 3+1 BAHÇE DUBLEKS,garden,1,0,1,0,0,detail_and_title,0,,1317186165
Ara Kat,KURUÇEŞMEDE SİTE İÇERİSİNDE SATILIK ARA KAT DAİRE,none,0,0,0,0,0,none,0,,1322483757
Çatı Dubleksi,"PLAJYOLU'NDA SİTE İÇİNDE EĞİMSİZ, KULLANIŞLI 5+1 DUBLEKS",roof,1,1,0,0,0,detail_and_title,0,title_generic_confirms_detail_subtype,1322882018
,KURUÇEŞME FATİH MAHALLESİ 3+1 FIRSAT SATILIK DAİRE,none,0,0,0,0,0,none,0,,1319685531
Ters Dubleks,KABAOĞLUNDA 24.000 TL KİRACILI EŞYALI İSKANLI 1+1 DUBLEKS DAİRE,standard,1,0,0,0,1,detail_and_title,0,,1322860052
,İzmit Şirintepede Merkezi Konumda Yüksek Giriş Satılık Daire,none,0,0,0,0,0,none,0,,1322650262
Dubleks,İZMİT'İN YÜKSELEN BÖLGESİ BOĞAZOVA CADDESİ SATILIK DUBLEKS,standard,1,0,0,0,1,detail_and_title,0,,1319720259
Ara Kat|Çatı Dubleksi,Tarcanlardan İzmit Gündoğdu'da Satılık 3+1 Dubleks Daire,roof,1,1,0,0,0,detail_and_title,0,title_generic_confirms_detail_subtype,1323033966
Ara Kat,"İzmit Akpınar'da Satılık 2+1 Daire, 75m² Net, 2016 Yapım",none,0,0,0,0,0,none,0,,1328722953
,SEPETÇİ TOKİ DE FULL GÖL MANZARALI 2+1 SATILIK DAİRE,none,0,0,0,0,0,none,0,,1322473085
Çatı Dubleksi,İzmit Kocaeli Stadyumu Karşısı Sıfır 2+1 Çatı Dubleks Daire,roof,1,1,0,0,0,detail_and_title,0,,1328710302
Çatı Dubleksi,İZMİT KURUÇEŞME YENİ MAH.SATILIK EBEVEYN BANYOLU 4+1 ÇATİDUBLEX,roof,1,1,0,0,0,detail_and_title,0,,1314489572
Ters Dubleks,ŞEHİR HASTANESİNE YAKIN SATILIK SİTE İÇİ 3+1 DUBLEKS DAİRE,standard,1,0,0,0,1,detail_and_title,0,,1281262754
Dubleks|En Üst Kat|Çatı Dubleksi,ALİKAHYA ATATÜRK 3+1 DUBLEKS DAİRE,roof,1,1,0,0,0,detail_and_title,0,title_generic_confirms_detail_subtype,1315826135
Dubleks|Bahçe Dubleksi,ALİKAHYA FATİH 3+1 BAHÇE DUBLEKS KISA SÜREDE TESLİM,garden,1,0,1,0,0,detail_and_title,0,,1316974670
,İZMİT GÜNDOĞDU MAHALLESİ'NDE SATILIK DUBLEKS DAİRE (101685718),standard,1,0,0,0,1,title,0,,1311261103
,Kuruçeşme Merkez'de Satılık 130 M2 3+1 Daire,none,0,0,0,0,0,none,0,,1328699767
Ara Kat,KOCAELİ İZMİT YAHYAKAPTAN MYRA 3 ARAKAT 1+1 BOŞ SATILIK DAİRE,none,0,0,0,0,0,none,0,,1328693779
Ara Kat,KOCAELİ İZMİT GÜNDOĞDU YEŞİLOVA MAH SATILIK 2+1 ARAKAT DAİRE,none,0,0,0,0,0,none,0,,1322591173
Ara Kat,DERİNDEN ALİKAHYA ATATÜRK MAHALLESİNDE SATILIK 2+1 DAİRE,none,0,0,0,0,0,none,0,,1325723131
Ara Kat,İMZA GM'DEN YATIRIMLIK İZMİT HACIHASAN MAH. 2+1 ARAKAT BAKIMLI,none,0,0,0,0,0,none,0,,1328574173
,ListingPortal Satılık Daire,none,0,0,0,0,0,none,0,,1328552635
,Deniz manzaralı bahçeli daire,none,0,0,0,0,0,none,0,,1328553341
Ara Kat,İZMİT KURUÇEŞME MERKEZDE 3+1 SATILIK FIRSAT DAİRE,none,0,0,0,0,0,none,0,,1325606311
En Üst Kat,YUVAM AKARCA KONUTLARI 3+1 SATILIK DAİRE,none,0,0,0,0,0,none,0,,1325543998
Ara Kat,ALSAM EMLAK'TAN İZMİT MERKEZDE ASANSÖRLÜ KUPON DAİRE,none,0,0,0,0,0,none,0,,1113768685
Çatı Dubleksi,İzmit Kuruçeşme'de Deniz Manzaralı 2+1 Çatı Dubleksi,roof,1,1,0,0,0,detail_and_title,0,,1324195753
Ara Kat,İZMİT PLAJYOLU'NDA SİTE İÇERİSİNDE SATILIK 2+1 GENİŞ DAİRE,none,0,0,0,0,0,none,0,,1328517202
En Üst Kat,ASİL GROUPTAN SEKBANLI TOKİDE 2+1 SATILIK,none,0,0,0,0,0,none,0,,1322532077
Ara Kat,İZMİT NEZİH SİTE İÇİ 3+1 SATILIK DAİRE,none,0,0,0,0,0,none,0,,1309310621
Bahçe Dubleksi,TAMAMI KREDİYE UYGUN DENİZ MANZARALI 3+1 BAHÇE DUBLEKS DAİRE,garden,1,0,1,0,0,detail_and_title,0,,1322467353
,ÇAKIR GAYRİMENKUL DEN 4+1 SATILIK DUBLEKS DAİRE,standard,1,0,0,0,1,title,0,,1314506548
Bahçe Dubleksi,İZMİT GÜNDOĞDU SATILIK MÜSTAKİL BAHÇE DUBLEKS 4+1 LÜKS DAİRE,garden,1,0,1,0,0,detail_and_title,0,,1293878321
Ara Kat,İzmit Yuvam Akarca'da Satılık 3+1 Arakat Daire,none,0,0,0,0,0,none,0,,1325454159
Çatı Dubleksi,Alikahya Fatih mahallesinde 6+1 satılık dubleks,roof,1,1,0,0,0,detail_and_title,0,title_generic_confirms_detail_subtype,1156295676
Ara Kat,SAHİBİNDEN TEPEKÖY TOKİ KONUTLARINDA GENİŞ FERAH ARAKAT 3+1,none,0,0,0,0,0,none,0,,1328343932
,İZMİT YUVAM AKARCA EVLERİ SATILIK 3+1 DAİRE,none,0,0,0,0,0,none,0,,1327341154
,Bayraktar Emlak'tan satılık temiz daire,none,0,0,0,0,0,none,0,,1328037932
En Üst Kat,Toki Sekbanli 2+1 Daire,none,0,0,0,0,0,none,0,,1328308259
,Tepeköy Anakent Sitesinde Geniş Satılık Bahçe Dubleks,garden,1,0,1,0,0,title,0,,1316908881
En Üst Kat,CB MARK'TAN YUVAM AKARCA'DA SATILIK 3+1 DAİRE,none,0,0,0,0,0,none,0,,1325336739
Ters Dubleks,YOLDAŞ EMLAKTAN HATİPKÖY MAH 3+1 SATILIK SIFIR DUBLEKS DAİRE,standard,1,0,0,0,1,detail_and_title,0,,1308531885
Dubleks|Bahçe Dubleksi,KOCAELİ İZMİT KABAOĞLU'NDA SATILIK 1+1 BAHÇE DUBLEKS DAİRE,garden,1,0,1,0,0,detail_and_title,0,,1328309007
Dubleks|Çatı Dubleksi,ListingPortal Plajyolunda deniz manzaralı havuzlu dubleks daire,roof,1,1,0,0,0,detail_and_title,0,title_generic_confirms_detail_subtype,1288413360
,ÇAYIRKÖY DE 3+1 DUBLEKS FULL GÖL MANZARALI TERASLI SATILIK DAİRE,standard,1,0,0,0,1,title,0,,1317261459
Dubleks|En Üst Kat|Ara Kat Dubleks|Çatı Dubleksi|Ters Dubleks|Tripleks,İZMİT PLAJYOLUN DA LÜKS 3+1 200 M2 EBEVEYN BANYOLU DUBLEKS DAİRE,roof,1,1,0,0,0,detail_and_title,0,title_generic_confirms_detail_subtype,1324157572
Çatı Dubleksi,İZMİT HATİPKÖY SOLİN KONUTLARI SİT.DE GENİŞ 4+1 ÇATI DUBLEKS,roof,1,1,0,0,0,detail_and_title,0,,1325311254
Bahçe Dubleksi,ZERAY DORA HİLL SATILIK BAHÇE DUBLEKS 2+1 SİTE İÇİ HAVUZ CEPHELİ,garden,1,0,1,0,0,detail_and_title,0,,1322227206
,İZMİT TOKİ ARIZLI SATILIK 2+1 DENİZ MANZARALI YÜKSEK GİRİŞ DAİRE,none,0,0,0,0,0,none,0,,1328250618
Bahçe Dubleksi,SEA LİFE 41 DE SATILIK BAHÇE DUBLEKSİ,garden,1,0,1,0,0,detail_and_title,0,,1317706954
Çatı Dubleksi,doga ve denız manzaralı ev,roof,1,1,0,0,0,detail,0,,1328250923
,SATILIK 3+1 DAİRE,none,0,0,0,0,0,none,0,,1322437882
,INVEST GLOBAL'DEN KURUÇEŞME'DE SİTE İÇERİSİNDE 3+1 SATILIK DAİRE,none,0,0,0,0,0,none,0,,1322159104
,İZMİT GÜNDOĞDU SATILIK MÜSTAKİL KAPALI OTOPARKLI 3+1 LÜKS DAİRE,none,0,0,0,0,0,none,0,,1293862779
,ASAYRADAN YEŞİLOVADA 2+1 SATILIK ARAKAT DAİRE,none,0,0,0,0,0,none,0,,1328222099
,Akpınar TOKİ konutlarında satılık 1+1 içi temiz daire,none,0,0,0,0,0,none,0,,1321799015
Dubleks|Ara Kat|Ara Kat Dubleks|Ters Dubleks,ÇEPNİ UPTOWN 2 SİTESİNDE 145 m2 3+1 SATILIK DAİRE,middle_floor,1,0,0,1,0,detail,0,,1283990435
,KOCAELİ İZMİT ÇAKIRKÖY KAVANYA KORU 'DA 2+1 SATILIK ARAKAT DAİRE,none,0,0,0,0,0,none,0,,1328216808
Bahçe Dubleksi,BOĞAZOVA'DA CADDE ÜZERİ SIFIR BAHÇE DUBLEKS FIRSATI,garden,1,0,1,0,0,detail_and_title,0,,1315390169
Bahçe Dubleksi,Kavanlar Boutiqe Yatırımlık Üniversiteye Yakın 1+1 Dubleks,garden,1,0,1,0,0,detail_and_title,0,title_generic_confirms_detail_subtype,1328104599
Çatı Dubleksi,İzmit Şehir Hastanesi Karşısı Satılık 4+1 Dubleks Daire,roof,1,1,0,0,0,detail_and_title,0,title_generic_confirms_detail_subtype,1310870534
Ara Kat,İZMİT ŞİRİNTEPE'DE SATILIK 3+1 DAİRE,none,0,0,0,0,0,none,0,,1322105778
Çatı Dubleksi,"İzmit Kuruçeşme'de Deniz Manzaralı, 2+1 Dubleks Daire",roof,1,1,0,0,0,detail_and_title,0,title_generic_confirms_detail_subtype,1319214151
Ara Kat,İZMİT YENİMAHALLEDE MUAZZAM MANZARALI 90M2 SATILIK 2+1 DAİRE,none,0,0,0,0,0,none,0,,1325121993
,İZMİT PLAJYOLUNDA 2+1 KOMBILİ SATILIK DAIRE,none,0,0,0,0,0,none,0,,1322173734
Bahçe Dubleksi,EVİM'DEN SATILIK 2+1 105m² BAHÇE DUBLEKS,garden,1,0,1,0,0,detail_and_title,0,,1309433692
Dubleks,İZMİT KAVANYA GÖL PROJESİ GÖL VE DOĞA MANZARALI 2+1DUBLEKS DAİRE,standard,1,0,0,0,1,detail,0,,1304438450
,3 Günlük Geçerli Fiyat,none,0,0,0,0,0,none,0,,1322158598
,Jasmine Country 2+1 Büyük Tip Çatı Dubleks Satılık Daire,roof,1,1,0,0,0,title,0,,1322435664
Ara Kat,Bu Fiyata Bu Özellikte Daire Yok. Arızlıda- 2+1 -ARAKAT-Güney c.,none,0,0,0,0,0,none,0,,1322148267
,REMAX EFFECT BOULEVARD KABAOĞLU 'NDA 1+0 SATILIK DAİRE,none,0,0,0,0,0,none,0,,1328032662
Ara Kat,İZMİT TEPEKÖY MAHALLESİ MAMİKLER SİTESİ 2+1 SATILIK ARAKAT DAİRE,none,0,0,0,0,0,none,0,,1324983703
Dubleks|Bahçe Dubleksi,SEA LİFE 41 SİTESİ 'NDE SATILIK BAHÇE DUBLEKSİ,garden,1,0,1,0,0,detail_and_title,0,,1317711434
Ara Kat,AKPINAR TOKİ'DE SATILIK 2+1 SİTE İÇİ ARAKAT DAİRE,none,0,0,0,0,0,none,0,,1325098817
,Tarcanlardan Kocatepede Satılık 2+1 Ç.Dubleks,standard,1,0,0,0,1,title,0,,1328004602
Çatı Dubleksi,ERBAŞ GAYRİMENKUL'DEN PLAJYOLUN'DA 4+1 DUBLEKS SATILIK DAİRE,roof,1,1,0,0,0,detail_and_title,0,title_generic_confirms_detail_subtype,1328014940
En Üst Kat,TURYAP'TAN ÇAYIRKÖY'DE ÖNÜ KAPANMAZ MANZARALI FIRSAT 2+1,none,0,0,0,0,0,none,0,,1322055651
,Sahıbınden 2+1 dubleks daıre,standard,1,0,0,0,1,title,0,,1327956235
,İZMİT PLAJ YOLU GÖKÇE SİTESİNDE SATILIK BOŞ 1+1 EŞYALI DAİRE,none,0,0,0,0,0,none,0,,1327955166
Ara Kat,ASAYRA DAN AKPINAR TOKİ'DE EŞYALI 2 + 1 SATILIK ARAKAT,none,0,0,0,0,0,none,0,,1322414397
,MERKEZ EMLAKDAN JASMIN COUNTRY DE SATILIK 2+1 ÇATI DUBLEKS,roof,1,1,0,0,0,title,0,,1296803016
Dubleks|Bahçe Dubleksi,TEPEKÖY MAHALLESİ ANAKENT SİTESİ'NDE SATILIK 3+1 BAHÇE DUBLEKS,garden,1,0,1,0,0,detail_and_title,0,,1327933335
En Üst Kat,SAHİBİNDEN SATILIK 3+1 DAİRE TRAMVAY DURAĞINA ÇOK YAKIN,none,0,0,0,0,0,none,0,,1327923426
Çatı Dubleksi,REMAX DREAM'DEN %80 KREDİ İMKANI DENİZ MANZARAL 3+1 ÇATI DUBLEKS,roof,1,1,0,0,0,detail_and_title,0,,1316604981
Çatı Dubleksi,ACİL SATILIK !!! GENİŞ AİLELER İÇİN ÇATI DUBLEKS,roof,1,1,0,0,0,detail_and_title,0,,1316460646
Ara Kat,İZMİT UMUTTEPE YOLU ÜZERİ SİTE İÇİNDE SATILIK ARA KAT 1+1 DAİRE,none,0,0,0,0,0,none,0,,1321763183
Dubleks,ListingPortal İskefiye caddesi üzerinde 3+1 dubleks daire,standard,1,0,0,0,1,detail_and_title,0,,1328711131
Bahçe Dubleksi,İzmitte Bozovada Dubleks Mesken Satılık,garden,1,0,1,0,0,detail_and_title,0,title_generic_confirms_detail_subtype,1310055634
Çatı Dubleksi,BOĞAZOVA CADDESİNDE EĞİMSİZ ÇATI DUBLEKS,roof,1,1,0,0,0,detail_and_title,0,,1295199895
Ara Kat,KOCAELİ İZMİT KAVANYA GÖL'DE 2+1 SATILIK GENİŞ M2 ARAKAT DAİRE,none,0,0,0,0,0,none,0,,1328522662
Ara Kat,Yeni Mah'de Körfez Manzaralı Ferah Balkonlu Satılık 2+1 Daire,none,0,0,0,0,0,none,0,,1321960741
Çatı Dubleksi,RE/MAX RAGNAS'TAN SATILIK 3+1 DENİZ MANZARALI ÇATI DUBLEKS,roof,1,1,0,0,0,detail_and_title,0,,1319111252
Ara Kat,DENİZ MANZARALI HAVUZLU ASANSÖRLÜ OTOPARKLI ARA DUBLEKS DAİRE,standard,1,0,0,0,1,title,0,,1288151323
En Üst Kat,ALİKAHYA KAVANİUMDA FULL EŞYALI SATILIK 2+1 DAİRE,none,0,0,0,0,0,none,0,,1321932672
,REMAX MAXİMUM'DAN ÇARŞI MERKEZDE DENİZ MANZARALI SATILIK 3+1,none,0,0,0,0,0,none,0,,1324931320
,ASAYRADAN AKPINAR TOKİ DE EŞYALI 2+1 SATILIK GİRİŞ KAT,none,0,0,0,0,0,none,0,,1322431239
,Hatipköy'de Kiracılı 3+1 Bahçe Dubleks Yatırımlık Fırsat,garden,1,0,1,0,0,title,0,,1321850058
,İZMİT YENİMAHALLE RADAR BÖLGESİ SATILIK 3+1 BAHÇE DUBLEKS DAİRE,garden,1,0,1,0,0,title,0,,1293810930
Çatı Dubleksi,ACİL SATILIK CADDE ÜZERİNDE 3+1 SATILIK ÇATI DUBLEKS,roof,1,1,0,0,0,detail_and_title,0,,1278019406
,İZMİT ALİKAHYADA SATILIK 2+1 ARAKAT ULTRA LÜKS DAİRE,none,0,0,0,0,0,none,0,,1328181723
Ara Kat,İZMİT YUVAM AKARCA SATILIK ARAKAT YATRIMLIK ASANSÖRLÜ DAİRE,none,0,0,0,0,0,none,0,,1321852130
Çatı Dubleksi,İZMİT'İN EN PRESTİJLİ LOKASYONUNDA 4+1 ÇATI DUBLEKS,roof,1,1,0,0,0,detail_and_title,0,,1266913080
Ara Kat,TURKUAZ GRUP'TAN FEVZİ ÇAKMAK MAH.DE SATILIK 3+1 YAPILI DAİRE,none,0,0,0,0,0,none,0,,1327783972
Çatı Dubleksi,ZERAY DORA HİLL SATILIK 4+1 ÇATI DUBLEKS KÖŞE DAİRE,roof,1,1,0,0,0,detail_and_title,0,,1322198330
Çatı Dubleksi,YEŞİLOVA 5+2 MANZARALI ASANSÖRLÜ DUBLEKS,roof,1,1,0,0,0,detail_and_title,0,title_generic_confirms_detail_subtype,1285850012
Ara Kat,"GENİŞ TERASLI, ÖZEL İÇ MİMAR TASARIMLI 3+1 ÇATI DUBLEKSİ",roof,1,1,0,0,0,title,0,,1313520683
Ara Kat,İZMİT UMUTTEPE YOLU ÜZERİ KABOĞLU MEVKİ SİTE 1+1 ARAKAT DAİRE,none,0,0,0,0,0,none,0,,1321324413
,İZMİT YEŞILOVADA SATILIK LÜKS 2+1ÇATI DÜBLEKS,roof,1,1,0,0,0,title,0,,1321773694
,YUVAM AKARCA EVLERİ DENİZ MANZARALI 3+1 BOŞ DAİRE,none,0,0,0,0,0,none,0,,1321763023
Çatı Dubleksi,İZMİT PLAJYOLU SATILIK 3+1 LÜKS DUBLEKS DAİRE,roof,1,1,0,0,0,detail_and_title,0,title_generic_confirms_detail_subtype,1324798561
Bahçe Dubleksi,Boğazpva Çad.üzerinde 3+1 bahçe dublex,garden,1,0,1,0,0,detail_and_title,0,,1327706018
Ara Kat,DERİN'DEN İZMİT YENİ MAHALLE'DE SATILIK 3+1 GENİŞ ARA KAT DAİRE,none,0,0,0,0,0,none,0,,1324547795
Ara Kat,SAHİBİNDEN YILDIZ KONUTLARI DENİZ MANZARALI 3+1,none,0,0,0,0,0,none,0,,1294948905
Çatı Dubleksi,ASİL GROUPTAN ALİKAHYADA LÜX 3+1 DUBLEKS,roof,1,1,0,0,0,detail_and_title,0,title_generic_confirms_detail_subtype,1321507707
,ASAYRA 'DAN BAYINDIRLIK KONUTLARI FUL YAPILI 3+1 YÜKSEK GİRİŞ,none,0,0,0,0,0,none,0,,1321778827
Çatı Dubleksi,RE/MAX MİR ALİKAHYA'DA 4+1 SIFIR ÇARI DUBLEKS!!!,roof,1,1,0,0,0,detail_and_title,0,title_generic_confirms_detail_subtype,1291800813
Bahçe Dubleksi,BOĞAZOVADA 2+1 MEKTEBİM KOLEJİ KARŞISINDA SATILIK DUBLEKS DAİRE,garden,1,0,1,0,0,detail_and_title,0,title_generic_confirms_detail_subtype,1318983772
,SATILIK TERS DUBLEX,standard,1,0,0,0,1,title,0,,1320882331
,KOCAELİ İZMİT BÜYÜK ŞEHİR HASTANESİ YANINDA 3+1 ÇATI DUBLEKS,roof,1,1,0,0,0,title,0,,1266298220
,ÜNİVERSİTE VE ŞEHİR HASTANESİNE YAKIN YATIRIMLIK SATILIK 1+1,none,0,0,0,0,0,none,0,,1327573968
En Üst Kat,TOKİ'DE SATILIK EŞYALI 1+1 DAİRE,none,0,0,0,0,0,none,0,,1327557136
Ara Kat,BERKPLUS EMLAK OFİSİNDEN GÜNDOĞDUDA SATILIK ARA KAT DAİRE,none,0,0,0,0,0,none,0,,1327580628
Dubleks|En Üst Kat|Ara Kat|Ara Kat Dubleks|Bahçe Dubleksi|Çatı Dubleksi|Ters Dubleks|Tripleks,FULL MANZARALI ÇATI DUBLEKS EĞİMSİZ 2+1 BÜYÜK TİP SATILIK DAİRE,roof,1,1,0,0,0,detail_and_title,0,,1321491250
Çatı Dubleksi,İZMİT GÜNDOĞDU BOĞAZOVA'DA SATILIK 3+1 ÇATI DUBLEKS DAİRE,roof,1,1,0,0,0,detail_and_title,0,,1321551102
,REMAX DREAM'DEN PLAJYOLUNDA SİTE İÇİ 2+1 SATILIK DAİRE,none,0,0,0,0,0,none,0,,1327548249
Çatı Dubleksi,İZMİT Hümeyrapark Evleri Geniş ve Konforlu 4+1 Dubleks Daire,roof,1,1,0,0,0,detail_and_title,0,title_generic_confirms_detail_subtype,1321552618
,SATILIK 3+1 BAHÇE DUBLEKS KONUMU ÇOK İYİ SIFIR DAİRE İZMİT,garden,1,0,1,0,0,title,0,,1327734181
En Üst Kat,"ListingPortal Krediye Uygun, Plajyolu'nda Deniz Manzaralı 3+1",none,0,0,0,0,0,none,0,,1327528822
Ara Kat,D2 GAYRİMENKUL'DEN BOĞAZOVA CADDESİNDE SATILIK 2+1 SIFIR DAİRE,none,0,0,0,0,0,none,0,,1324786418
Çatı Dubleksi,"DENİZ, DOĞA VE ŞEHİR MANZARALI SATILIK 3+1 DUBLEKS DAİRE",roof,1,1,0,0,0,detail_and_title,0,title_generic_confirms_detail_subtype,1318319838
Ara Kat,Muhteşem Göl Manzaralı 4+1 Lüks Daire!,none,0,0,0,0,0,none,0,,1248693474
Ara Kat,"Orman Manzaralı, Sosyal Tesisli, Yatay Mimari, Ebeveyn Banyolu",none,0,0,0,0,0,none,0,,1321510171
Ara Kat,ŞEHİR MERKEZİNDE MÜSTAKİL BAHÇELİ DAİREDE YAŞAMA FIRSATI,none,0,0,0,0,0,none,0,,1321562896
,ALİKAHYA STADYUM YANI SATILIK 3+1 145M2 GÜZEL KONUM DAİRE,none,0,0,0,0,0,none,0,,1327480856
Ters Dubleks,Tarcanlardan Kuruçeşmede MüstakilTadında Sıfır 3+1 Bahçe Dubleks,standard,1,0,0,0,1,conflict_detail_wins,1,conflict detail=standard title=garden,1321144991
Ters Dubleks,GÜNDOĞDUDA SATILIK İSKANLI 27.000 TL KİRACILI EŞYALI 2+1 DAİRE,standard,1,0,0,0,1,detail,0,,1321472298
Çatı Dubleksi,ALİKAHYADA SATILIK İSKANLI 25.000 TL KİRACILI EŞYALI 1+1 DAİRE,roof,1,1,0,0,0,detail,0,,1321467614
,LİON GAYRİMENKUL'DEN 5+1 deniz manzaralı satılık çatı dubleks,roof,1,1,0,0,0,title,0,,1321430288
Çatı Dubleksi,KURUÇEŞME HATİPKÖY'DE SIFIR 2+1 ÇATI DUBLEKS 105M2 SATILIK DAİRE,roof,1,1,0,0,0,detail_and_title,0,,1320942803
Dubleks|Ters Dubleks,YEŞİLOVA MAH.BOĞAZOVA CAD.CEPHE SATILIK 3+1 EĞİMSİZ ÇATI DUBLEKS,standard,1,0,0,0,1,conflict_detail_wins,1,conflict detail=standard title=roof,1321301391
,YUVAM AKARCA KONUTLARINDA 3+1 İÇİ YAPILI KREDİ & EMİNEVİM UYGUN,none,0,0,0,0,0,none,0,,1321675351
,ŞEHİR HASTANESİ KARŞISI SATILIK 2+1 ARAKAT DAİRE,none,0,0,0,0,0,none,0,,1321335940
Bahçe Dubleksi,İZMİT YEŞİLOVA GÜNDOĞDU'DA SATILIK 2+1 BAHÇE DUBLEX DAİRE,garden,1,0,1,0,0,detail_and_title,0,,1324509087
Çatı Dubleksi,İzmit Yenimahalle'de Satılık 3+1 Çatı Dubleks Daire,roof,1,1,0,0,0,detail_and_title,0,,1304128148
Ara Kat,CB ATLAS'TAN LA VİDA CİTY'DE ULTRA LÜSK SATILIK 3+1 DAİRE,none,0,0,0,0,0,none,0,,1321265827
Ara Kat,ASAYRA DAN İZMIT YUVAM AKARCA KONUTLARI 3 + 1 SATILIK ARA KAT,none,0,0,0,0,0,none,0,,1327426300
,Merkez Boğazova da Rezidance Daire,none,0,0,0,0,0,none,0,,1327298518
Dubleks,Acil Satılık !! Şehir Hastanesine Çok Yakın 2+1 Fırsat Daire,standard,1,0,0,0,1,detail,0,,1320275592
Ara Kat,Kavanyum Havuzlu Sitede İçi Yapılı 3+1,none,0,0,0,0,0,none,0,,1327418620
,bahçe dublex 85 m2 acil satılık,garden,1,0,1,0,0,title,0,,1327390588
,TANYILDIZDAN PLAJYOLU SEALİFE SİTESİNDE 2+1 ARAKAT DAİRE,none,0,0,0,0,0,none,0,,1327398389
En Üst Kat,İZMİT GÜNDOĞDU BAYINDIRLIK SATILIK DAİRE,none,0,0,0,0,0,none,0,,1327387951
Bahçe Dubleksi,AYDAN EMLAK TAN ŞİRİNTEPE DE LÜX BAHÇE DUBLEX 3+1 DAİRE,garden,1,0,1,0,0,detail_and_title,0,,1327360718
Ara Kat|Çatı Dubleksi,FIRSAT İZMİT GÜNDOĞDU 2+1 ÇATI DUBLEKS SATILIK DAİRE,roof,1,1,0,0,0,detail_and_title,0,,1327580055
Bahçe Dubleksi,DOĞUŞ YAPIDAN HATİPKÖYDE 3+1 LÜX VE FERAH BAHÇE DUBLEX,garden,1,0,1,0,0,detail_and_title,0,,1307676339
Bahçe Dubleksi,ZERAY DORA HİLL 'DE SATILIK SIFIR 1+1 BAHÇE DUBLEKS DAİRE,garden,1,0,1,0,0,detail_and_title,0,,1321328821
Çatı Dubleksi,CB ATLAS'DAN PLAYJYOLU'NDA SİTE İÇERİSİNDE 4+2 SATILIK DAİRE,roof,1,1,0,0,0,detail,0,,1327324115
,KOCAELİ İZMİT ŞİRİNTEPE MAHALLESİ SATILIK DAİRE,none,0,0,0,0,0,none,0,,1324166264
,AMG EMLAKTAN ALİKAHYA ATATÜRK MAHALLESİ ACİL SATILIK DAİRE,none,0,0,0,0,0,none,0,,1321508725
,CB ÖMER ÜNSAL'DAN ACİL SATILIK 2+1 75 m2 SIFIR LÜX ARAKAT DAİRE,none,0,0,0,0,0,none,0,,1327266777
Çatı Dubleksi,STAR CENTER İZMİT ŞİRİNTEPE MH DENİZ MANZARALI 4+1 220 M2 Ç.D,roof,1,1,0,0,0,detail,0,,1327256195
Çatı Dubleksi,RE/MAX MİR 4+1 SIFIR ÇATI DUBLEKS DAİRE!!!,roof,1,1,0,0,0,detail_and_title,0,,1304675300
Ara Kat,YEŞİLOVA MAH.BOĞAZOVA CAD. SATILIK 2+1 ARA KAT DAİRE SİTE İÇİNDE,none,0,0,0,0,0,none,0,,1321684122
Ara Kat,Y.AKARCA 2+1 SATILIK DAİRE,none,0,0,0,0,0,none,0,,1320365168
Çatı Dubleksi,İZMİTTE DENİZ MANZARALI ÇATI DUBLEKS 4+1 SIFIR AYARINDA,roof,1,1,0,0,0,detail_and_title,0,,1327211817
,SAHİBİNDEN AÇIK FERAH DAİRE,none,0,0,0,0,0,none,0,,1327195961
,YEŞİLOVA'DA SATILIK 2+1 SIFIR BAHÇE DUBLEKS,garden,1,0,1,0,0,title,0,,1324508945
Dubleks,D2 GAYRİMENKUL'DEN BOĞAZOVA CADDESİNDE SATILIK 4+1 SIFIR DAİRE,standard,1,0,0,0,1,detail,0,,1324649977
Çatı Dubleksi,İZMİT Kuruçeşme Merkezde Sıfır 2+1 Çatı Dubleks & Lüks Daire,roof,1,1,0,0,0,detail_and_title,0,,1313180301
,DEALLİFE'dan SATILIK ZEMİN KAT TRAMVAYA YÜRÜME MESAFESİ,none,0,0,0,0,0,none,0,,1327349214
Bahçe Dubleksi,PLAJYOLUNDA 4+1 BAHÇE DUBLEKS 200 m2-BAHÇE ALANI-BOŞ DAİRE,garden,1,0,1,0,0,detail_and_title,0,,1321118186
En Üst Kat,YUVAM AKARCA'DA EVİM FİN. VE KREDİYE UYGUN FIRSAT 2+1 DAİRE,none,0,0,0,0,0,none,0,,1327135005
Ara Kat,"YUVAM AKARCA 1. ETAPTA FIRSAT FİYATLI, FULL MANZARALI BOŞ 3+1",none,0,0,0,0,0,none,0,,1327123764
Bahçe Dubleksi,İZMİT GÜNDOĞDU BOĞAZOVA'DA 3+1 BAHÇE DUBLEKS,garden,1,0,1,0,0,detail_and_title,0,,1310043868
Bahçe Dubleksi,PLAJYOLU SEALIFE SİTESİNDE SATILIK 3+1 BAHÇE DUBLEKS DAİRE,garden,1,0,1,0,0,detail_and_title,0,,1313033515
Çatı Dubleksi,Tarcanlardan İzmit Boğazova Caddesinde 3+1 Satılık Daire,roof,1,1,0,0,0,detail,0,,1327510768
Çatı Dubleksi,"Deniz Manzaralı, Havuzlu, 3+1 Çatı Dubleks Satılık Daire",roof,1,1,0,0,0,detail_and_title,0,,1319737092
Ara Kat,Hem Şehirde Hem Doğada: Çayırköy Turkuaz Evleri'nde Satılık 2+1,none,0,0,0,0,0,none,0,,1320750724
Ara Kat,KOCAELİ İZMİT YENİ MAH DE HAVUZLU SİTEDE 3+165 M2 SATILIK DAİRE,none,0,0,0,0,0,none,0,,1309844896
Ara Kat,ASİES GLOBAL YUVAM 2. ETAP 3+1 MUHTEŞEM KONUMDA MANZARALI DAİRE.,none,0,0,0,0,0,none,0,,1320503658
,İZMİT ALİKAHYA'DA GÜZEL KONUMDA FERAH 3+1 SATILIK DAİRE,none,0,0,0,0,0,none,0,,1324113886
,YEŞILOVA'DA SATILIK SIFIR 2+1 DUBLEKS,standard,1,0,0,0,1,title,0,,1324505229
Ara Kat,GÜNDOĞDU'DA KREDİYE UYGUN KULLANIŞLI 7 YAŞINDA ARAKAT 2+1 DAİRE,none,0,0,0,0,0,none,0,,1327022732
Ters Dubleks,KURUÇEŞME YENİ MAHALLEDE SATILIK TERS DUBLEX DAİRE,standard,1,0,0,0,1,detail_and_title,0,,1315507726
Dubleks|En Üst Kat|Çatı Dubleksi,lüks Daire 2+1 üst dubleks,roof,1,1,0,0,0,detail_and_title,0,title_generic_confirms_detail_subtype,1327016412
,ALİKAHYA ATATÜRK MH 3+1 EĞİMSİZ ÇATI DUBLEKS,roof,1,1,0,0,0,title,0,,1312627255
Dubleks|Çatı Dubleksi,SON FIRSAT İZMİT ÇAYIRKÖY GÖLKENT SİTESİ 4+1 200m2 DAİRE,roof,1,1,0,0,0,detail,0,,1320809298
,REMAX EFFECT TEN GÜNDOĞDU BAYINDIRLIK KONUTLARI 3+1 FIRSAT DAİRE,none,0,0,0,0,0,none,0,,1320840392
Çatı Dubleksi,İzmit Alikahya'da Lüks 4+1 Çatı Dubleks Daire,roof,1,1,0,0,0,detail_and_title,0,,1326947155
,Yapıcılar Emlak'tan Kuruçeşmede Satılık 2+1 Arakat Daire,none,0,0,0,0,0,none,0,,1320916637
Ara Kat,AKPINAR TOKİ'DE SATILIK 2+1 SİTE İÇİ ARAKAT DAİRE,none,0,0,0,0,0,none,0,,1324419055
Ara Kat,KOCAELİ İZMİT AKPINAR TOKİ DE SATILIK 75 m² DAİRE,none,0,0,0,0,0,none,0,,1323968687
Çatı Dubleksi,İZMİT JASMİN COUNTRY HAVUZ MANZARALI SATILIK 2+1 ÇATI DUBLEKSİ,roof,1,1,0,0,0,detail_and_title,0,,1260114491
Çatı Dubleksi,İZMİT KURUÇEŞME KOCATEPE MAH. SATILIK 3+1 ÇATI DUBLEKS,roof,1,1,0,0,0,detail_and_title,0,,1309871200
,İZMİT ALİKAHYA MAHALLESİ SATILIK 2+1 DAİRE,none,0,0,0,0,0,none,0,,1201578875
Bahçe Dubleksi,Reliance G.D. Şehir Hastanesine Yakın Konumda 2+1 Lüks Konut,garden,1,0,1,0,0,detail,0,,1326925174
,TEPEKÖY MAHALLESİNDE MÜKEMMEL KONUMDA SATILIK DAİRE,none,0,0,0,0,0,none,0,,1326899397
Ara Kat,İZMİT AKPINAR TOKİ DE YAPILI DENİZ MANZARALI SATILIK 2+1 DAİRE,none,0,0,0,0,0,none,0,,1326892000
,LOCATION'DAN AKPINAR TOKİ KONUTLARINDA SATILIK 2+1 BAKIMLI DAİRE,none,0,0,0,0,0,none,0,,1252825754
,SAHİBİNDEN SATILIK 2+1 DAİRE,none,0,0,0,0,0,none,0,,1326903487
Dubleks|Çatı Dubleksi,EVEDİN YUVAM AKARCA ORKİDE EVLERİ 6+2 320 M2 DAİRE,roof,1,1,0,0,0,detail,0,,1290263059
Dubleks|Çatı Dubleksi,KABAOĞLUNDA PRESTİJLİ SİTEDE 1+1 DUBLEKS KÖŞE DAİRE,roof,1,1,0,0,0,detail_and_title,0,title_generic_confirms_detail_subtype,1315553198
Çatı Dubleksi,CB-MARK'TAN JASMINE COUNTRY'DE SATILIK 2+1 ÇATI DUBLEKS DAİRE,roof,1,1,0,0,0,detail_and_title,0,,1306922326
,İzmit Boğazova'da Home-Office Kullanıma Uygun Satılık 1+1 Daire,none,0,0,0,0,0,none,0,,1326872165
Ara Kat,DİKKAT EMLAK'tan Kuruçeşme Radar Yolu Üzeri Site İçi Arakat 2+1,none,0,0,0,0,0,none,0,,1326889710
Ara Kat|Çatı Dubleksi,İZMİT PLAJYOLU'NDA DENİZ MANZARALI 230 m² LÜKS 4+1 ÇATI DUBLEKS!,roof,1,1,0,0,0,detail_and_title,0,,1323918431
Çatı Dubleksi,TÜM FİNANSMAN KREDİLERİNE UYGUN,roof,1,1,0,0,0,detail,0,,1320874095
Ara Kat,KURUÇEŞME ARIZLI TOKİ KONUTLARINDA 2+1 ARAKAT SATILIK DAİRE,none,0,0,0,0,0,none,0,,1326166512
Bahçe Dubleksi|Ters Dubleks,SATILIK - ARAÇ TAKASLI - 3+1 BAHÇE DUBLEX,garden,1,0,1,0,0,detail_and_title,0,,1326865350
,ListingPortal Mektebim koleji yani büyük balkon 3+1 dubleks daire,standard,1,0,0,0,1,title,0,,1326862061
,SAHİBİNDEN SATILIK EŞYALI 2+1 DAİRE,none,0,0,0,0,0,none,0,,1314966997
En Üst Kat|Çatı Dubleksi,Tarcanlardan Gündoğdu Eren Life'da Satılık 1+1 Boş Daire,roof,1,1,0,0,0,detail,0,,1321124432
Bahçe Dubleksi,İZMİT KURUÇEŞME YENİMAHALLE DE SATILIK 2+1 BAHÇE DUBLEKS,garden,1,0,1,0,0,detail_and_title,0,,1320641482
,KABAOĞLU KAVAN BOUTİQE BÜYÜK TİP 1+1 KUPON DAİREMİZ SATILIKTIR,none,0,0,0,0,0,none,0,,1289843123
Dubleks|En Üst Kat,İZMİT PLAJ YOLU SEA LİFE 41 DENİZ MANZARALI 4+1 SATILIK DUBLEKS,standard,1,0,0,0,1,detail_and_title,0,,1302834172
Ara Kat,Green Hill Sitesi'nde Ayrıcalıklı Bir Yaşam Sizi Bekliyor...,none,0,0,0,0,0,none,0,,1326799038
,İzmit alikahya'Yahya kaptanın hemen üstünde satılık 3 +1 ara kat,none,0,0,0,0,0,none,0,,1326796077
Ara Kat,SATILIK 3+1; LÜKS SİTEDE DENİZ MANZARALI,none,0,0,0,0,0,none,0,,1323812940
Ara Kat,ÇARŞI YENİ TURAN'DA 3+1 ÇİFT BALKONLU SATILIK HASARSIZ DAİRE,none,0,0,0,0,0,none,0,,1326723872
Ara Kat,YUVAM AKARCA DOĞA MANZARALI ÖNÜ AÇIK SATILIK 3+1 ARAKAT DAİRE,none,0,0,0,0,0,none,0,,1326956955
Ara Kat,KURUÇEŞME YÜKSEK KİRA GETİRİLİ YATIRIMLIK 2+1 SATILIK DAİRE,none,0,0,0,0,0,none,0,,1326744995
Ara Kat,YUVAM AKARCA'DA BÜYÜK TİP 3+1 SATILIK DENİZ MANZARALI DAİRE,none,0,0,0,0,0,none,0,,1323723820
Ara Kat|Tripleks,KOCAELİ İZMİT KURUÇEŞMEDE DENİZ MANZA.. 210 M² 3+1 SATILIK DAİRE,none,0,0,0,0,0,none,0,,1318986449
,İZMİT ALİKAHYA ATATÜRKMAH SATILIK 2+1 AMERİKAN MUTFAK DAİRE,none,0,0,0,0,0,none,0,,1320729100
Ara Kat,İZMİT KAVANİUM SİTESİ YANI SATILIK SIFIR DAİRE,none,0,0,0,0,0,none,0,,1320679308
Ara Kat,ALİKAHYA FATİH MAH TRAMVAY'A 2 DK MESAFEDE 3+1 ARAKAT DAİRE,none,0,0,0,0,0,none,0,,1326669116
Çatı Dubleksi,İzmit Gündoğdu Boğazova Caddesi Satılık 3+1 Çatı Dubleks,roof,1,1,0,0,0,detail_and_title,0,,1306902267
,İZMİT PLAJYOLU HARİKA KONUM'DA SİTE İÇİ SATILIK 3+1 ARAKAT,none,0,0,0,0,0,none,0,,1202226582
Ara Kat,KOCAELİ İZMİT YENİ MAH DE HAVUZLU 3+165 M2 SATILIK FIRSAT DAİRE,none,0,0,0,0,0,none,0,,1326877543
Çatı Dubleksi,İZMİT Kuruçeşme Merkezde Sıfır 3+1 Çatı Dubleks & Lüks Daire,roof,1,1,0,0,0,detail_and_title,0,,1313169517
,PLAJYOLU'NDA SATILIK 4+1 ÇATI DUBLEKS DAİRE.,roof,1,1,0,0,0,title,0,,1320808312
,kuruçeşme yeni mah satılık ful deniz man 2+1 geniş satılık daire,none,0,0,0,0,0,none,0,,1280840762
Çatı Dubleksi,İZMİT KABAOĞLU SATILIK DUBLEKS DAİRE,roof,1,1,0,0,0,detail_and_title,0,title_generic_confirms_detail_subtype,1287536367
,LİON GAYRİMENKUL'DEN 2+1 fırsat çatı dubleks satılık daire,roof,1,1,0,0,0,title,0,,1320652122
Bahçe Dubleksi|Ters Dubleks,İZMİT GÜNDOĞDU MAH. ÖZEL BAHÇELİ SATILIK 2+1 DUBLEKS DAİRE,garden,1,0,1,0,0,detail_and_title,0,title_generic_confirms_detail_subtype,1327245669
En Üst Kat,İZMİT BAYINDIRLIK KALICI KONUTLARINDA SATILIK 3+1 DAİRE,none,0,0,0,0,0,none,0,,1326604046
Dubleks|En Üst Kat|Ara Kat|Ara Kat Dubleks|Bahçe Dubleksi|Çatı Dubleksi|Forleks|Ters Dubleks|Tripleks,Asansörlü 3+1 geniş ferah satılık daıre,roof,1,1,0,0,0,detail,0,,1320599286
Ara Kat,EMLAKÇIM41'DEN ALİKAHYA ATATÜRK MH. FIRSAT 2+1 ARA KAT DAİRE,none,0,0,0,0,0,none,0,,1327432884
Dubleks|Çatı Dubleksi,Vadi İzmit'te Eşyalı Doğa Manzaralı 4+1 Lüks Dubleks Daire!,roof,1,1,0,0,0,detail_and_title,0,title_generic_confirms_detail_subtype,1306893256
Çatı Dubleksi,"EKOL'den KABAOĞLU - BOULEVARD SATILIK ,Havuz Cepheli 1+1 Çatı D.",roof,1,1,0,0,0,detail,0,,1326575603
,ARAS GAYRİMENKUL'den 2+1 SATILIK DAİRE,none,0,0,0,0,0,none,0,,1326572158
Dubleks,İZMİT YENİ MAHALLEDE 3+1 DUBLEX MANZARALI DAİRE,standard,1,0,0,0,1,detail_and_title,0,,1276787735
,Sekbanlı TOKİ'de Satılık 2+1 Full Yapılı Daire - Doğa Manzaralı,none,0,0,0,0,0,none,0,,1323601700
,Satılık 2 + 1 daire,none,0,0,0,0,0,none,0,,1326522551
Çatı Dubleksi,İZMİT KAVANİUM SİTESİ BİTİŞİĞİNDE SATILIK SIFIR DAİRE,roof,1,1,0,0,0,detail,0,,1320686044
Ara Kat,HAVUZ ÖNÜ 1+1 EŞYALI ARAKAT SATILIK DAİRE,none,0,0,0,0,0,none,0,,1326675208
Ara Kat,ÖNÜ KAPANMAZ DENİZ MANZARALI 3+1 ARA KAT!,none,0,0,0,0,0,none,0,,1320448689
Çatı Dubleksi,SOR TÜRKİYE'DEN ÇAYIRKÖY'DE HAVUZLU ASANSÖRLÜ 3+1 ÇATI DUBLEKS,roof,1,1,0,0,0,detail_and_title,0,,1326492222
Çatı Dubleksi,TURKUAZ PARK'TA SATILIK DENİZ MANZARALI FULL YAPILI LÜKS DAİRE,roof,1,1,0,0,0,detail,0,,1320439096
,Tarcanlar'dan Gündoğdu Mah. Satılık Full Eşyalı 1+1 Çatı Dublex,roof,1,1,0,0,0,title,0,,1320819043
Dubleks|En Üst Kat|Çatı Dubleksi,KOCAELİ İZMİT KAVANYA KORU SİTESİ'NDE SATILIK 3+1 DUBLEKS DAİRE,roof,1,1,0,0,0,detail_and_title,0,title_generic_confirms_detail_subtype,1324345611
,LİON GAYRİMENKUL'DEN 1+1 fırsat çatı dubleks satılık daire,roof,1,1,0,0,0,title,0,,1320650491
Dubleks|En Üst Kat|Çatı Dubleksi,EMLAKÇIM41'DEN ALİKAHYA ATATÜRK MH. HARİKA KONUMDA 2+1 DUBLEKS,roof,1,1,0,0,0,detail_and_title,0,title_generic_confirms_detail_subtype,1327430593
Bahçe Dubleksi,GÜNDOĞDU ŞEHRİ BAHÇE SİTESİNDE SATILIK BAHÇE DUBLEKS DAİRE,garden,1,0,1,0,0,detail_and_title,0,,1256627928
Ara Kat,TURYAP'TAN ZERAY DORA HiLL'DE LÜKS YAŞAM,none,0,0,0,0,0,none,0,,1320597644
Bahçe Dubleksi,SEA LİFE 41DE 3+1 SATILIK BAHÇE DUBLEKS DAİRE,garden,1,0,1,0,0,detail_and_title,0,,1326416827
,ÇAYIRKÖY DOĞA PARK EVLERİNDE EŞYALI GENİŞ DOĞA MAN.1+1 SATILIK,none,0,0,0,0,0,none,0,,1320308908
Dubleks|En Üst Kat|Çatı Dubleksi,İZMİT KURUÇEŞME BUTİK SİTEDE ASANSÖRLÜ SATILIK 2+1 DUBLEKS DAİRE,roof,1,1,0,0,0,detail_and_title,0,title_generic_confirms_detail_subtype,1297839837
Ara Kat,"İzmit Akpınar TOKİ'de Tam Merkezde, Masrafsız Fırsat Daire",none,0,0,0,0,0,none,0,,1320346526
Ters Dubleks,İZMİT MERKEZİ KONUM SATILIK 2+1 BAHÇE DUBLEKS DAİRE,standard,1,0,0,0,1,conflict_detail_wins,1,conflict detail=standard title=garden,1323768349
Ara Kat,"CB ATLAS'TAN TOKİ'DE MANZARALI, MASTAFSIZ ARA KAT 2+1 SATILIK",none,0,0,0,0,0,none,0,,1320554675
Çatı Dubleksi,BOĞAZOVA'DA 3+1 ÇATI DUBLEKS MANZARALI ÇİFT CEPHELİ DAİRE,roof,1,1,0,0,0,detail_and_title,0,,1300433564
Ara Kat,YUVAM AKARCA KONUTLARINDA 3+1 SATILIK ARAKAT DAİRE,none,0,0,0,0,0,none,0,,1326360948
,ALİKAHYA KAVANİUM EVLERİ 2+1 SATILIK DAİRE,none,0,0,0,0,0,none,0,,1326675097
Ara Kat,TURYAP'TAN AKPINAR TOKİ'DE DENİZ MANZARALI 2+1 SATILIK,none,0,0,0,0,0,none,0,,1326331875
Çatı Dubleksi,YAHYA KAPTAN CİVARI 4+1 SATILIK ÇATI DUBLEKS DAİRE.,roof,1,1,0,0,0,detail_and_title,0,,1320327522
Bahçe Dubleksi,İzmit Çayırköy Satılık 4+1 Daire,garden,1,0,1,0,0,detail,0,,1320487463
Çatı Dubleksi,İZMİT GÜNDOĞDU EREN LİFE SİTESİNDE 1+1 ÇATI DUBLEKS DAİRE,roof,1,1,0,0,0,detail_and_title,0,,1319903056
Ara Kat,Kuruçeşme Yeni Mah. Tramvay Durağına Yakın 3+1 Satılık Daire,none,0,0,0,0,0,none,0,,1326241925
,satılık daire,none,0,0,0,0,0,none,0,,1326224778
Çatı Dubleksi,Tarcanlar'dan Şirintepe'de Satılık Sıfır 3+1 Çatı Dublex Daire,roof,1,1,0,0,0,detail_and_title,0,,1286600853
Bahçe Dubleksi,KOCAELİ İZMİT KAVANYA GÖL'DE SATILIK 2+1 BAHÇE DUBLEKS DAİRE,garden,1,0,1,0,0,detail_and_title,0,,1315225589
Bahçe Dubleksi,JASMİNE COUNTRY SATILIK 2+1 YENİ YAPILI BAHÇELİ DUBLEKS DAİRE,garden,1,0,1,0,0,detail_and_title,0,,1256973303
Ara Kat,LOCATİON'DAN YENİ TURAN ANAOKUL YANI SATILIK 2+1 ARAKAT DAİRE,none,0,0,0,0,0,none,0,,1326190005
Dubleks,"ListingPortal Deniz Manzaralı, Havuzlu Müstakil Girişli Dubleks",standard,1,0,0,0,1,detail_and_title,0,,1245579697
,İzmit Yuvam Akarca Konutları B1-B3 Blokları 3+1 Satılık Daire,none,0,0,0,0,0,none,0,,1326172130
,EMLAXO'DAN İZMİT SEKBANLI TOKİ'DE SATILIK 2+1 ARAKAT DAİRE,none,0,0,0,0,0,none,0,,1320283876
Dubleks|Çatı Dubleksi,ZERAY DOĞA HİLL SİTESİ 1+1 105 M² LÜKS ÖNÜ AÇIK ÇATI DUBLEKS,roof,1,1,0,0,0,detail_and_title,0,,1320091287
Ara Kat,INVEST GLOBAL'DEN ŞİRİNTEPE'DE İÇİ YAPILI ARA KAT 3+1 DAİRE,none,0,0,0,0,0,none,0,,1326129831
Ara Kat|Çatı Dubleksi,BOĞAZOVA CAD. GIRIŞINDE ASANSÖRLÜ 3+1 ÇATI DUBLEKS,roof,1,1,0,0,0,detail_and_title,0,,1308785722
,Yuvam Akarca İçi Komple Yapılı 2+1 Satılık,none,0,0,0,0,0,none,0,,1325047398
,"Kuruçeşme'de Fırsat! Bahçe Kullanımlı, Masrafsız 2+1 Daire",none,0,0,0,0,0,none,0,,1326043208
En Üst Kat,TOKİ'DE SATILIK 2+1 KİRACILI SATILIK YATIRIMLIK DAİRE,none,0,0,0,0,0,none,0,,1319979905
Ara Kat,YAHYA KAPTANDA SATILIK 1+1 EŞYALI DAİRE,none,0,0,0,0,0,none,0,,1319936040
,TURKUAZ PARK SİTESİNDE SATILIK DENİZ MANZARALI DAİRE,none,0,0,0,0,0,none,0,,1319937194
Dubleks,İZMİT GÜNDOĞDUDA SATILIK SİTE İÇİ 3+1 EĞİMSİZ DUBLEKS LÜKS DAİRE,standard,1,0,0,0,1,detail_and_title,0,,1319915316
Ara Kat,SHBNDEN NEZİH BÖLGEDE YAHYA KAPTAN KOMŞU 3+1 TEMİZ DAİRE KAT MÜL,none,0,0,0,0,0,none,0,,1265727244
,Alikahya cumhuriyette SATILIK 2+1 DAİRE,none,0,0,0,0,0,none,0,,1319925034
Bahçe Dubleksi,İZMİT KAVANYA KORU SİTESİ'NDE 4+1 ÇİFT CEPHE BAHÇE DUBLEKS DAİRE,garden,1,0,1,0,0,detail_and_title,0,,1325993089
Ara Kat,Merkezi konumda 2+1 yatırımlık daire,none,0,0,0,0,0,none,0,,1312042300
,Bayraktar Emlak'tan satılık 1+1 güzel daire,none,0,0,0,0,0,none,0,,1326373492
Bahçe Dubleksi,ASAYRA EMLAK'TAN JASMİN COUTRY 2+1 SATILIK BAHÇE DUBLEX,garden,1,0,1,0,0,detail_and_title,0,,1295091915
Bahçe Dubleksi|Ters Dubleks,ŞEHİR H. KARŞISI SATILIK SİTE İÇİ 3+1 BAHÇE DUBLEKS DAİRE,garden,1,0,1,0,0,detail_and_title,0,,1252573987
,DİKKAT EMLAK'tan Kavanium 819 Ada Satılık 1+1,none,0,0,0,0,0,none,0,,1326174325
Ara Kat,CB ATLAS'TAN ARIZLI TOKİ'DE FIRSAT 2+1 SATILIK ARA KAT DAİRE,none,0,0,0,0,0,none,0,,1320287372
Dubleks,REMAX ŞEHİR 2'DEN GENİŞ KULLANIM ALANLI 4+2 SATILIK DUBLEKS,standard,1,0,0,0,1,detail_and_title,0,,1325900999
Ara Kat,ESKİDJİden JASMİNE COUNTRY'DE 2+1 EĞİMSİZ ÇATI DUBLEKS DAİRE,roof,1,1,0,0,0,title,0,,1320041498
Ara Kat,YILDIZLAR SİTESİ 3+1 DENİZ MANZARALI LÜKS DAİRE FOR SALE,none,0,0,0,0,0,none,0,,1326159549
,YELKENT TETRA SİTESİ 2+1 SATILIK DUBLEX DAİRE,standard,1,0,0,0,1,title,0,,1297373902
,Gündoğdu Mahallesinde Ferah 2+1 Çatı Dubleksi Satılık,roof,1,1,0,0,0,title,0,,1326000298
En Üst Kat,İZTOP KAVANİUM SİTESİNDE FULL YAPILI 3+1 SATILIK DAİRE,none,0,0,0,0,0,none,0,,1325924389
,satılık daire,none,0,0,0,0,0,none,0,,1325889968
Ara Kat,"Masrafsız, Deniz-Orman Manzaralı Lüks 1+1 eşyalı Daire",none,0,0,0,0,0,none,0,,1325870575
,korhandan Kuruçeşme merkezde 2+1 yeni bina,none,0,0,0,0,0,none,0,,1319821891
En Üst Kat|Ara Kat,Turan Ali Şafak Farkıyla Satılık Manzaralı Dublex Daire,standard,1,0,0,0,1,title,0,,1319591202
En Üst Kat,TOKİ'DE SATILIK 1+1 DAİRE,none,0,0,0,0,0,none,0,,1326246913
Bahçe Dubleksi,İZMİT BOĞAZOVA CAD. SATILIK 2+1 DUBLEKS DAİRE,garden,1,0,1,0,0,detail_and_title,0,title_generic_confirms_detail_subtype,1308946924
En Üst Kat,ListingPortal Semt Kocaeli'de Büyük 2+1 Daire,none,0,0,0,0,0,none,0,,1325844871
Çatı Dubleksi,MYRA SİTESİNDE 3+1 İÇİ YAPILI ÇATI DUBLEKS SATILIK DAİRE.,roof,1,1,0,0,0,detail_and_title,0,,1303255645
Çatı Dubleksi,SİTEDE DENİZ MANZARASI 3+1 GENİŞ DAİRE,roof,1,1,0,0,0,detail,0,,1326017425
Ters Dubleks,İZMİT KABAOĞLUNDA SATILIK İSKANLI GENİŞ 1+1 DUBLEKS DAİRE,standard,1,0,0,0,1,detail_and_title,0,,1314784497
Ara Kat,REMAX DREAM'DEN İZMİT MERKEZDE ARA KAT 2+1 SATILIK DAİRE,none,0,0,0,0,0,none,0,,1325791270
Çatı Dubleksi,REMAX DREAM'DEN KURUÇEŞMEDE DENİZ MANZARALI 5+1 ÇATI DUBLEKS!,roof,1,1,0,0,0,detail_and_title,0,,1288174768
Dubleks|Çatı Dubleksi,SAHİBİNDEN 3+1 DUBLEKS Son 10 gün,roof,1,1,0,0,0,detail_and_title,0,title_generic_confirms_detail_subtype,1313669029
Bahçe Dubleksi,Satılık 3+1 Bahçe Dubleks Daire İzmit Gündoğdu Mahallesi,garden,1,0,1,0,0,detail_and_title,0,,1326010608
,KAVANYA GÖL PROJESİNDE SATILIK 2+1 HOME-OFİS - TEÇ,none,0,0,0,0,0,none,0,,1325700109
Ara Kat,INVEST GLOBAL'DEN İZMİT KAVANYA KORU'DA SATILIK 2+1 DAİRE,none,0,0,0,0,0,none,0,,1305728529
,SEPETÇİ TOKİ KONUTLARINDA 2+1 SATILIK DAİRE,none,0,0,0,0,0,none,0,,1325718769
Ara Kat,"YUVAM AKARCA DENİZ MANZARALI 2.ETAP, C1 TİP, 3+1 ARA KAT DAİRE",none,0,0,0,0,0,none,0,,1271558119
Ara Kat,İzmit Tepeköy Bayındırlık Konutları Lux 120m FULL YAPILI,none,0,0,0,0,0,none,0,,1325668502
En Üst Kat,KOCAELİ KURUÇEŞME MERKEZ FULL YAPILI ÇATI DUBLEKS,roof,1,1,0,0,0,title,0,,1325693476
,SATILIK MANZARALI 2+1 DUBLEKS DAİRE,standard,1,0,0,0,1,title,0,,1314503446
,BAYINDIRLIK KONUTLARI'NDA ARSA PAYI BÜYÜK 3+1 SATILIK DAİRE,none,0,0,0,0,0,none,0,,1325649684
Ara Kat,"KARLIKAYA'DAN GÖLKENT'TE "" 1+1 ARA KAT HAZIR KİRACILI "" FIRSAT",none,0,0,0,0,0,none,0,,1280198430
Ara Kat,KURUÇEŞME MERKEZDE SATILIK LÜKS ARA KAT DAİRE,none,0,0,0,0,0,none,0,,1319448555
,VakıfBank'tan Satılık 3+1 Dubleks Daire,standard,1,0,0,0,1,title,0,,1287000875
Ara Kat,ListingPortal merkezi lokasyonda geniş 3+1,none,0,0,0,0,0,none,0,,1290718523
Ara Kat|Çatı Dubleksi,İNVEST GLOBAL'DEN DENİZ MANZARALI KOCATEPE'DE 4+1 SATILIK DAİRE,roof,1,1,0,0,0,detail,0,,1325601281
,SAFİR'den ŞİRİNTEPE'de GENİŞ 3+1 BAHÇE DUBLEKS SATILIK DAİRE,garden,1,0,1,0,0,title,0,,1325588086
Ara Kat,ALİKAHYA ATATÜRK MAHALLESİ 2+1 ARAKAT SATILIK DAİRE,none,0,0,0,0,0,none,0,,1325539160
Ara Kat,ZERAY DORAHİLL SATILIK ORMAN VE HAVUZ MANZARALI 3+1 KÖŞE DAİRE,none,0,0,0,0,0,none,0,,1323753101
Ara Kat,PLAJYOLUNDA TRAMVAYA YAKIN SATILIK OTOPARKLI 3+1 ARAKAT DAİRE,none,0,0,0,0,0,none,0,,1325525489
Bahçe Dubleksi,İZMİT HATİPKÖY'DE | 140 m² BAHÇE DUBLEKS | SIFIR |,garden,1,0,1,0,0,detail_and_title,0,,1314617914
Ara Kat,ALİKAHYA ATATÜRK MAHALLESİ'NDE ARAKAT SATILIK LÜKS 2+1 DAİRE,none,0,0,0,0,0,none,0,,1325496672
,İZMİT ALİKAHYA DA SATILIK 2+1 DAİRE,none,0,0,0,0,0,none,0,,1320036809
,"Mutfağına önem verenlere, manzaralı listing_portal",none,0,0,0,0,0,none,0,,1325473120
,SEPETÇİ TOKİ KONUTLARINDA FULL GÖL MANZARALI 3+1 ARAKAT DAİRE,none,0,0,0,0,0,none,0,,1319322029
Ara Kat,CB ATLAS'TAN LA VİDA CİTY'DE 3+1 SATILIK DAİRE,none,0,0,0,0,0,none,0,,1299351777
,ŞEHİR HASTANESİ KARŞISI KREDİYE UYGUN2+1 DUBLEKS DAİRE,standard,1,0,0,0,1,title,0,,1307781041
Bahçe Dubleksi,KOCAELİ İZMİT KURUÇEŞME DENİZ MANZARALI BAHÇE DUBLEKS,garden,1,0,1,0,0,detail_and_title,0,,1325810770
,TOKİ DE 1+1 SATILIK YÜKSEK GİRİŞ KAT DAİRE,none,0,0,0,0,0,none,0,,1325985485
Dubleks,LÜKS VE KONFORU BİR ARADA SUNAN 3+1 DENİZ MANZARALI DAİRE!,standard,1,0,0,0,1,detail,0,,1307445608
Dubleks|En Üst Kat,DENİZ MANZARALI DUBLEX DAİRE,standard,1,0,0,0,1,detail_and_title,0,,1314023382
Ara Kat,ZERAY DORA HİLL PARK MANZARALI SATILIK 1+1,none,0,0,0,0,0,none,0,,1323747127
Çatı Dubleksi,ÇAKAR HOME'S GÜNDOĞDU SATILIK ÖNÜ AÇIK ÇATI DUBLEKS 2+1 DAİRE,roof,1,1,0,0,0,detail_and_title,0,,1308513437
Çatı Dubleksi,FIRSAT Liva Gruptan Kuruçeşme'de Satılık 4+1 Deniz Manzaralı,roof,1,1,0,0,0,detail,0,,1307374050
Çatı Dubleksi,İZMİT HATİPKÖY'DE SATILIK 130 m² ÇATI DUBLEKS | SIFIR EĞİMSİZ,roof,1,1,0,0,0,detail_and_title,0,,1314621937
Ara Kat,INVEST GLOBAL'DEN KAVANYA KORU'DA GÖL MANZARALI 2+1 DAİRE,none,0,0,0,0,0,none,0,,1325957660
Ters Dubleks,SATILIK 2+1BAHCE DUBLEXS,standard,1,0,0,0,1,conflict_detail_wins,1,conflict detail=standard title=garden,1279482409
Dubleks|Çatı Dubleksi,FIRSAT FİYAT / BOĞAZOVA CAD. 3+1 SATILIK DUBLEKS DAİRE,roof,1,1,0,0,0,detail_and_title,0,title_generic_confirms_detail_subtype,1307976469
En Üst Kat,KOCAELİ İZMİT YENİ MAHALLE DE DENİZ MANZARALI 3+1 SATILIK DAİRE,none,0,0,0,0,0,none,0,,1325280573
Ara Kat,listing_portal satilık daire,none,0,0,0,0,0,none,0,,1319159253
,TANYILDIZ- 180 m2. 3+1 ÇATI DUBLEKS HATİPKÖY MEVKİNDE FIRSAT,roof,1,1,0,0,0,title,0,,1308154917
Ara Kat,Çepni Uptown 2.Etapta 145 m2 Modern Yapılı ListingPortal Satılık,none,0,0,0,0,0,none,0,,1325098474
,SAHİBİNDEN SATILIK DAİRE,none,0,0,0,0,0,none,0,,1325160399
Bahçe Dubleksi,SEMT KOCAELİ 5+1 BAHÇE DUBLEX,garden,1,0,1,0,0,detail_and_title,0,,1307624792
,RADAR CADDESİN DE SATILIK 2+1 ARAKAT DAİRE,none,0,0,0,0,0,none,0,,1325139501
Ara Kat,INVEST GLOBAL'DEN KAVANYA KORU'DA FIRSAT DAİRE 2+1 DAİRE,none,0,0,0,0,0,none,0,,1325953847
Dubleks,YEŞİLOVA ANAKET SİTESİ,standard,1,0,0,0,1,detail,0,,1324860275
Ara Kat,Tarcanlardan İzmit Şirintepe Deniz Manzaralı Satılık3+1 Daire,none,0,0,0,0,0,none,0,,1319399801
,SAFİR'den KOCATEPE'de DENİZ MANZARALI 3+1 DUBLEKS DAİRE,standard,1,0,0,0,1,title,0,,1300624529
,ListingPortal Satılık,none,0,0,0,0,0,none,0,,1325066644
Ara Kat,İZMİT KURUÇEŞME MERKEZDE SATILIK FIRSAT ARAKAT,none,0,0,0,0,0,none,0,,1325037160
,Kocaeli İzmit Yuvam Akarca 3+1 satılık daire,none,0,0,0,0,0,none,0,,1325034083
,SOLİN KONUTLARINDA SATILIK DAİRE,none,0,0,0,0,0,none,0,,1301291657
Ara Kat,END GAYRİMENKUL DEN ÇARŞI MERKEZDE UYGUN FİYATLI DAİRE,none,0,0,0,0,0,none,0,,1319101893
Bahçe Dubleksi,ŞEHİR HASTANESİ KARŞISINDA 120m2BAHÇELİ ÖNÜ KAPANMAZ TEK DUBLEKS,garden,1,0,1,0,0,detail_and_title,0,title_generic_confirms_detail_subtype,1324981362
Bahçe Dubleksi,İZMİT HATİPKÖYDE SIFIR 2+1 BAHÇE DUBLEKS | ASANSÖRLÜ |,garden,1,0,1,0,0,detail_and_title,0,,1314624520
Ara Kat,INVEST GLOBAL'DEN KAVANYA KORU'DA FIRSAT DAİRE 2+1 DAİRE,none,0,0,0,0,0,none,0,,1325952562
,"DENİZ MANZARALI, FERAH ÇATI DUBLEKS.",roof,1,1,0,0,0,title,0,,1307811750
,REMAX DREAM'DEN GÜNDOĞDU BOĞAZOVA CAD.GENİŞ 3+1 BAHÇE DUBLEX,garden,1,0,1,0,0,title,0,,1325109103
,EŞŞİZ MANZARALI 3+1 ÇATI DUBLEKS,roof,1,1,0,0,0,title,0,,1314504558
Dubleks|En Üst Kat|Çatı Dubleksi,dairemiz ultra lüks yapılmış alıcısına hayırlı olsun dileklerimi,roof,1,1,0,0,0,detail,0,,1324885097
,YILDIZ KONUTLARINDA GENİS 2+1 DAİRE,none,0,0,0,0,0,none,0,,1325084058
Çatı Dubleksi,İZMİT YENİMAHALLE KURUÇEŞME DE SATILIK 2+1 DUBLEKS,roof,1,1,0,0,0,detail_and_title,0,title_generic_confirms_detail_subtype,1325089591
Ara Kat,SAHİBİNDEN Alikahya'da SATILIK FERAH VE AYDINLIK 1+1 daire,none,0,0,0,0,0,none,0,,1324875565
,Yuvam akarca konutları C2 blokları 3+1 Satılık Daire,none,0,0,0,0,0,none,0,,1324878989
Ara Kat,İZMİT KURUÇEŞME FİNAL OKULLARI KARŞISI SİTE İÇİ SATILIK DAİRE,none,0,0,0,0,0,none,0,,1324871217
,ACİL KURUCESME HATIPKOYDE SATILIK SIFIR DENİZ MANZARALI DAİRE,none,0,0,0,0,0,none,0,,1272544185
Çatı Dubleksi,KURUÇEŞME RADAR DENİZ MANZARALI ASANSÖRLÜ TERAS DUBLEKS 3+1,roof,1,1,0,0,0,detail_and_title,0,,1325408906
,KILIÇ GRUPTAN SAĞLAM ZEMİN FERAH ORTAM 3+1 BAHÇE DUBLEKS,garden,1,0,1,0,0,title,0,,1242569313
Ara Kat,TAPU SAHİBİNDEN SATILIK,none,0,0,0,0,0,none,0,,1324726643
,İZMIT ALIKAHYA'DA SATILIK GENIŞ 2 + 1 ULTRA LÜKS DAIRE,none,0,0,0,0,0,none,0,,1325596302
,Fatih mahallesin de 3-1 deniz manzaralı daire,none,0,0,0,0,0,none,0,,1325014676
,"MERKEZİ KONUMDA, BAHÇE KULLANIMLI 2+1 FIRSAT DAİRE",none,0,0,0,0,0,none,0,,1324842558
Çatı Dubleksi,KOCATEPE MH. 4+1 DUBLEX DAİRE SATILIK...,roof,1,1,0,0,0,detail_and_title,0,title_generic_confirms_detail_subtype,1324984893
Çatı Dubleksi,İZMİT BOĞAZOVA CADDESİNDE SATILIK 3+1 ÇATI DUBLEX DAİRE,roof,1,1,0,0,0,detail_and_title,0,,1296478804
Ara Kat,INVEST GLOBAL'DEN KAVANYA KORU'DAN 2+1 SATILIK DAİRE,none,0,0,0,0,0,none,0,,1325950266
Ara Kat Dubleks,ÇAKAR HOME'S GÜNDOĞDU SİTE İÇİNDE SATILIK 1+1 ARA DUBLEKS DAİRE,middle_floor,1,0,0,1,0,detail_and_title,0,title_generic_confirms_detail_subtype,1313865352
,ALİKAHYA ATATÜRK MAH. 3+1 MERKEZİ KONM UYGUN FYT EBEVEYN BANYOLU,none,0,0,0,0,0,none,0,,1324756950
Çatı Dubleksi,ENKA'DAN İZMİT GÜNDOĞDUDA SATILIK 1+1 KİRACILI FIRSAT DAİRE,roof,1,1,0,0,0,detail,0,,1324730100
,ListingPortal temiz sıfır daire,none,0,0,0,0,0,none,0,,1324707365
Çatı Dubleksi,KW ARVEN'DEN ALİKAHYA MAHALLESİ'NDE SATILIK 1+1 DAİRE,roof,1,1,0,0,0,detail,0,,1324693721
Dubleks,"ŞEHİR HASTANESİ KARŞISI, BOĞAZOVA CADDESİNDE FIRSAT 3+1",standard,1,0,0,0,1,detail,0,,1325453580
Çatı Dubleksi,İzmit Alikahyada 2+1 çatı dubleks satılık daire.,roof,1,1,0,0,0,detail_and_title,0,,1306590985
Ara Kat Dubleks,Remax Arminadan satılık arakat dubleks daire,middle_floor,1,0,0,1,0,detail_and_title,0,,1307651846
,İZMİT KURUÇEŞME HATİPKÖYDE DENİZ MANZARALI DUBLEKS DAİRE,standard,1,0,0,0,1,title,0,,1324843131
Ara Kat,KOCAELİ İZMİT KURUÇEŞME 'DE DENİZ MANZARALI 3+1 SATILIK DAİRE,none,0,0,0,0,0,none,0,,1324650040
Çatı Dubleksi,İZMİT KURUÇEŞME İNKİLAP CADDESİ'NDE SATILIK 2+1 DUBLEKS DAİRE,roof,1,1,0,0,0,detail_and_title,0,title_generic_confirms_detail_subtype,1324655246
Ara Kat,MUHTEŞEM MANZARALI 2+1 ARAKAT DAİRE APARTMENT FOR SALE,none,0,0,0,0,0,none,0,,1325315431
,KİRACILI 60mt2,none,0,0,0,0,0,none,0,,1318947924
Dubleks|En Üst Kat|Ara Kat|Ara Kat Dubleks|Bahçe Dubleksi|Çatı Dubleksi|Forleks|Ters Dubleks|Tripleks,REMAX ARMİNADAN BOĞAZOVADA KOCAELİ ŞEHİR HASTANESİ KARŞISI 2+1,roof,1,1,0,0,0,detail,0,,1324085824
Dubleks,ŞEHİR HASTANESİ KARŞISINDA FERAH MANZARALI 2+1 ÇATI DUBLEKS,standard,1,0,0,0,1,conflict_detail_wins,1,conflict detail=standard title=roof,1313261396
Ara Kat,İZMİT KAVANYA KORU SİTESİ'NDE FIRSAT 3+1 ARAKAT DAİRE,none,0,0,0,0,0,none,0,,1325078144
Ara Kat,Doğan mahallesi Kuruçeşme,none,0,0,0,0,0,none,0,,1325178888
Çatı Dubleksi,TARCANLAR'DAN KURUÇEŞMEDE SATILIK 3+1 FIRSAT FİYATA,roof,1,1,0,0,0,detail,0,,1324857004
En Üst Kat,LOCATION'DAN AKPINAR TOKİDE ACİL SATILIK 2+1 MANZARALI DAİRE,none,0,0,0,0,0,none,0,,1324635367
,İKONX'TEN İZMİT PLAJ YOLUNDA 135M2 3+1 SATILIK DAİRE,none,0,0,0,0,0,none,0,,1324398375
,REAL GAYRİMENKUL İZMİT SEKBANLI TOKİ DE 2+1 SATILIK BORÇSUZ,none,0,0,0,0,0,none,0,,1324396442
Çatı Dubleksi,İZMİT ALİKAHYA TRAMVAYA 30 METRE 3+1 ÇATI DUBLEKS,roof,1,1,0,0,0,detail_and_title,0,,1324375068
En Üst Kat,İZMİT SEPETÇİ TOKİ KONUTLARINDA GÖL MANZARALI 3+1 SATILIK DAİRE,none,0,0,0,0,0,none,0,,1324585505
Çatı Dubleksi,ListingPortal I AliKahya | 155m² 3+1 Çatı Dubleks | Tramvay Önünde,roof,1,1,0,0,0,detail_and_title,0,,1324270825
,Bogazova Caddesinde Satılık3+1 Bahçe dubleks,garden,1,0,1,0,0,title,0,,1317371470
Bahçe Dubleksi,İZMİT PLAJYOLUNDA SATILIK LÜKS 3+1 BAHÇE DUBLEKS DAİRE,garden,1,0,1,0,0,detail_and_title,0,,1324264863
Ara Kat,AKPINAR ARIZLI TOKİ 2+1 SATILIK DAİRE,none,0,0,0,0,0,none,0,,1324255777
Ara Kat,ASAYRADAN YILDIZ KONUTLARI'NDA 2 +1 GENİŞ TIP SATILIK DAIRE,none,0,0,0,0,0,none,0,,1324247898
Ara Kat,CB AKADEMİ İZMİT YAHYAKAPTAN TERRACE 1 SATILIK ARA KAT 1+1 DAİRE,none,0,0,0,0,0,none,0,,1325044920
Bahçe Dubleksi,ASAYRA EMLAKTAN YENİMAHALEDE 2+1 SATILIK GİRİS DUBLEKS,garden,1,0,1,0,0,detail_and_title,0,title_generic_confirms_detail_subtype,1312718812
Ara Kat,İZMİTİN MARKA KONUTLARINDA KAVANIUM 815 ADADA SATILIK GENİŞ 3+1,none,0,0,0,0,0,none,0,,1324184449
Ara Kat,İZMİT ŞİRİNTEPE MAHALLESİNDE ARAKAT 2+1 SATILIK DAİRE,none,0,0,0,0,0,none,0,,1324186751
,LOCATION'DAN AKPINAR TOKİ KONUTLARI SATILIK 1+1 EŞYALI DAİRE,none,0,0,0,0,0,none,0,,1324622263
,Yıldızlar tepesi sitesinde satılık deniz manzaralı 3+1,none,0,0,0,0,0,none,0,,1324184772
Çatı Dubleksi,"Kuruçeşme'de Satılık Lüx ,Full Deniz Manzaralı, Büyük Dubleks",roof,1,1,0,0,0,detail_and_title,0,title_generic_confirms_detail_subtype,1324576911
Ara Kat,BOĞAZOVA CADDESİNDE SAHİBİNDEN 3+1 ARA KAT DAİRE SATILIK,none,0,0,0,0,0,none,0,,1324006732
En Üst Kat,KOCAELİ İZMİT YAHYAKAPTAN KENTSA SİTESİ SATILIK 3+1 DİARE,none,0,0,0,0,0,none,0,,1324320993
,RADAR CADDESİN DE 4+1 DENİZ MANZARALI SATILIK DUBLEKS DAİRE,standard,1,0,0,0,1,title,0,,1324334457
Dubleks|En Üst Kat|Ara Kat|Çatı Dubleksi,100Favori-ListingPortal Manzaralı Kullanışlı Yerden Isıtma Çatı Dub,roof,1,1,0,0,0,detail,0,,1304570184
Çatı Dubleksi,ŞİRİNTEPE SAHİLE YAKIN 4+1 YENİ 220 M2 ÇİFT GİRİŞLİ DUBLEKS,roof,1,1,0,0,0,detail_and_title,0,title_generic_confirms_detail_subtype,1285048118
,KOCAELİ İZMİT ALİ KAHYA MANZARALI 3+1 ÇATI DUBLEKS SATILIK DAİRE,roof,1,1,0,0,0,title,0,,1318574945
,Alikahya Atatürk Mahallesi'nde 3+1 Daire,none,0,0,0,0,0,none,0,,1323995259
Ara Kat,Kiptaş İzmit Çınar Evler Satılık Daire,none,0,0,0,0,0,none,0,,1323978606
En Üst Kat,İZMİT PLAJYOLU SATILIK 3+1 DAİRE,none,0,0,0,0,0,none,0,,1306672399
Ara Kat,CADDE41 den KURUÇEŞME HATİPKÖYDE DENİZ MANZARALI DAİRE,none,0,0,0,0,0,none,0,,1323665864
,ŞİRİNTEPEDE 2+1 DUBLEKS 155M2 TERASLI MANZARALI SATILIK DAİRE !,standard,1,0,0,0,1,title,0,,1312240596
Ara Kat|Çatı Dubleksi,Kocaeli İzmit Plajyolu Mevkii Satılık Dubleks Daire,roof,1,1,0,0,0,detail_and_title,0,title_generic_confirms_detail_subtype,1311656765
Çatı Dubleksi,TÜRKÖZ İNŞAAT PLAJYOLU BOZDAĞ SİTESİ 2+1 ÇATI DUBLEKS,roof,1,1,0,0,0,detail_and_title,0,,1287157557
Ara Kat,REMAX 'DEN YUVAM 2. ETAPDA SATILIK 3+1 MASRAFSIZ DAİRE,none,0,0,0,0,0,none,0,,1323850639
Çatı Dubleksi,ASAYRA EMLAKTAN KURUCESMEDE 2+1 SATILIK ÇATI DUBLEKS,roof,1,1,0,0,0,detail_and_title,0,,1312608297
Bahçe Dubleksi,END'DEN BOĞAZOVA LALEZAR SİTESİNDE 3+1 FIRSAT BAHÇE DUBLEKS,garden,1,0,1,0,0,detail_and_title,0,,1323763576
Bahçe Dubleksi,ASAYRADAN VENEDİK EVLERİNDE EŞYALI 1+1 BAHÇE DUBLEK,garden,1,0,1,0,0,detail,0,,1324067804
,Kocaeli. sekbanlı mh. Gk1. padrom1.no2,none,0,0,0,0,0,none,0,,1324595186
Çatı Dubleksi,SATILIK 2+1 FULL DENİZ MANZARALI DAİRE SİTE İÇİ,roof,1,1,0,0,0,detail,0,,1226078354
Dubleks|En Üst Kat,Acil ListingPortal Satilik Havuzlu Site ici Iskanli Cati Dubleks,standard,1,0,0,0,1,conflict_detail_wins,1,conflict detail=standard title=roof,1290061575
,VAKIF KATILIM BANKASINDAN İZMİT' TE SATILIK DUBLEKS DAİRE,standard,1,0,0,0,1,title,0,,1303239746
,EVEDİN İZMİT ALİKAHYA KAYA HOME'S 3+1 DUBLEKS SIFIR DAİRE,standard,1,0,0,0,1,title,0,,1315310359
,ListingPortal temiz kullanışlı site içi,none,0,0,0,0,0,none,0,,1323708229
,KURUÇEŞME DOKTORLAR SİTESİ MEVKİ,none,0,0,0,0,0,none,0,,1323707672
Ara Kat,ALİKAHYA ATATÜRK MAH.SIFIR BİNADA 2+1 ARA KAT DAİRE SATILIK,none,0,0,0,0,0,none,0,,1323833368
Ara Kat,SEPETÇİ TOKİDE SAHİBİNDEN SATILIK DAİRE ( ÖN ANLAŞMA YAPILDI),none,0,0,0,0,0,none,0,,1323618611
Ara Kat|Çatı Dubleksi,ACİL ZERAY DORA HILLDE DENİZ MANZARALI SATILIK 2+1 ÇATI DUBLEKS,roof,1,1,0,0,0,detail_and_title,0,,1318058969
Bahçe Dubleksi,İZMİT PLAJ YOLUNDA SATILIK 2 AYRI GİRİŞLİ 4+1 GENİŞ BAHÇE DUBLEX,garden,1,0,1,0,0,detail_and_title,0,,1311409391
Ara Kat,İZMİT GÜNDOĞDU MAHALLESİ SATILIK 2+1 ARA KAT ASANSÖRLÜ DAİRE,none,0,0,0,0,0,none,0,,1323875358
Ara Kat,INVEST GLOBAL'DEN KAVANYA KORU'DA FIRSAT DAİRE 2+1 DAİRE,none,0,0,0,0,0,none,0,,1324816288
Ara Kat,İzmit kavanium 833 ada'da arakat satılık 1+1 daire.,none,0,0,0,0,0,none,0,,1324216422
Bahçe Dubleksi,SİTEDE DENİZ MANZARALI ÖZEL BAHÇELİ 3+1 BEYAZ EŞYALI DUBLEKS,garden,1,0,1,0,0,detail_and_title,0,title_generic_confirms_detail_subtype,1324219638
Dubleks,YEŞİLOVA GÜNDOĞDU MAHALLESİ'NDE SATILIK 3+1 DUBLEKS DAİRE,standard,1,0,0,0,1,detail_and_title,0,,1323995319
,AMG EMLAKTAN ALİKAHYADA 2+1 SATILIK ARA KAT,none,0,0,0,0,0,none,0,,1324005433
Dubleks|Ters Dubleks,KABAOĞLUNDA SİTE İÇİNDE GÜVENLİ 88M2 1+1 ÖNÜAÇIK SIFIR Ç.DUBLEKS,standard,1,0,0,0,1,detail_and_title,0,,1323598137
Ara Kat,İZMİT SİTEDE ARAKAT DENİZ ve DOĞA MANZARALI MÜKEMMEL DAİRE,none,0,0,0,0,0,none,0,,1324181277
Ara Kat,INVEST GLOBAL'DEN KAVANYA KORU'DAN 3+1 SATILIK DAİRE,none,0,0,0,0,0,none,0,,1324811526
,INVEST GLOBAL'DEN KAVANYA KORU'DAN 4+1 BAHÇE KATI DAİRE,none,0,0,0,0,0,none,0,,1324813697
Ara Kat,INVEST GLOBAL'DEN KAVANYA KORU'DAN 3+1 SATILIK DAİRE,none,0,0,0,0,0,none,0,,1324798090
Ara Kat,INVEST GLOBAL'DEN KAVANYA KORU'DAN 3+1 SATILIK DAİRE,none,0,0,0,0,0,none,0,,1324806738
Dubleks|Çatı Dubleksi,KOCAELİ-İZMİT FULL EŞYALI SATILIK 6+1 DUBLEKS DAİRE,roof,1,1,0,0,0,detail_and_title,0,title_generic_confirms_detail_subtype,1317417213
Bahçe Dubleksi,KAVANYA KORU İZMİT BAHÇE DUBLEKS 3+1 SATILIK DAİRE,garden,1,0,1,0,0,detail_and_title,0,,1323982802
,Çatı dubleks 3+1,roof,1,1,0,0,0,title,0,,1253596120
Çatı Dubleksi,İZMİT BAĞÇEŞME DE 1+1 SATILIK DUBLEKS DAİRE,roof,1,1,0,0,0,detail_and_title,0,title_generic_confirms_detail_subtype,1328944972
Dubleks,İzmit Merkezde Oturuma Hazır 1+1,standard,1,0,0,0,1,detail,0,,1322510682
Ara Kat,İZMİT YUVAM TURGUT KONUTLARI SATILIK 3+1 OTURUMA HAZIR DAİRE,none,0,0,0,0,0,none,0,,1325430945
,İZMİT TÜYSÜZLER'DE SATILIK DENİZ MANZARALI LÜKS 4+1 ÇATI DUBLEKS,roof,1,1,0,0,0,title,0,,1325169267
,Komple Yenilenmiş Site İçerisinde Daire,none,0,0,0,0,0,none,0,,1325064673
,İZMİT TUANA SİTESİ 3.ETAP GENİŞ TİP 3+1EBEVEYN BANYOLU BOŞ DAİRE,none,0,0,0,0,0,none,0,,1327926286
Ara Kat,FIRSAT İZMİT ÇARŞI CADDE ÜZERİ 160M2ARAKAT3+1İÇİ FULL YENİLENMİŞ,none,0,0,0,0,0,none,0,,1319665888
,TUANA EVLERİNDE DENİZ MANZARALI VE EKSTRALI 2+1 SATILIK DAİRE,none,0,0,0,0,0,none,0,,1325903225
Çatı Dubleksi,İZMİT MERKEZ'DE DENİZ MANZARALI SATILIK 2+1 DUBLEKS DAİRE,roof,1,1,0,0,0,detail_and_title,0,title_generic_confirms_detail_subtype,1328301052
En Üst Kat,41 AVM Arkasında | 140 m² Net | Ferah 3+1 | Masrafsız,none,0,0,0,0,0,none,0,,1328174207
Ara Kat,İZMİT MERKEZ KADIKÖY MAHALLESİ SATILIK 3+1 DAİRE,none,0,0,0,0,0,none,0,,1327539574
Ara Kat,İZMİT MERKEZİ KONUM 2+1ARAKAT 120M2 BAKIMLI SATILIK DAİRE,none,0,0,0,0,0,none,0,,1322218672
Çatı Dubleksi,İzmit Yahyakaptanda 5+1 Çatı Dubleksi Anemon Sitesi'nde Satılık,roof,1,1,0,0,0,detail_and_title,0,,1264041526
Dubleks|En Üst Kat|Ara Kat|Çatı Dubleksi|Ters Dubleks,İZMİT ORDUEVİ MERKEZİ KONUMDA EBEVEYN BANYOLU 4+1 DUBLEKS DAİRE,roof,1,1,0,0,0,detail_and_title,0,title_generic_confirms_detail_subtype,1321764784
Ara Kat,"SATILIK DAİRE,4+2, İZMİT MERKEZ,200 M2,FETHİYE CADDESİNE 25 MT",none,0,0,0,0,0,none,0,,1323557896
En Üst Kat,İZMİT YENİŞEHİR MAHALLESİ CİHAN HAS. MEVKİ 3+1 SATILIK DAİRE,none,0,0,0,0,0,none,0,,1322513432
,İzmit Tüysüzler'de Merkezi konum Bahçeli 2+1 Satılık daire,none,0,0,0,0,0,none,0,,1329361899
Ara Kat,ACİK SATILIK İZMİT MEHMET ALİ PAŞA MAHALLESİNDE 3+1 daire,none,0,0,0,0,0,none,0,,1320275086
Çatı Dubleksi,SATILIK DUBLEKS DAİRE,roof,1,1,0,0,0,detail_and_title,0,title_generic_confirms_detail_subtype,1280265955
,YAHYAKAPTAN 1. BÖLGEDE İÇİ FULL YAPILI ARA KAT 3+1 SATILIK DAİRE,none,0,0,0,0,0,none,0,,1326480057
Ara Kat,Son Fiyat...BÜYÜK 1+1 85 M2 ARAKAT İZMİT ASKERLİK ŞB KARŞISI,none,0,0,0,0,0,none,0,,1291723654
,İzmit çarşıda 3+1 145 m2 satılık daire,none,0,0,0,0,0,none,0,,1329335878
Ara Kat,REMAX EXCELLENCEDEN KENT KONUT 3.ETAPTA ARA KAT 1+1 DAİRE,none,0,0,0,0,0,none,0,,1323485218
En Üst Kat,BEĞÇEŞME DE MERKEZİ KONUMDA KULLANIŞLI 2+1 NET 85 MT2 DAİRE,none,0,0,0,0,0,none,0,,1323214898
,BAĞCEŞMEDE BAHCE DUBLEKS 4+1,garden,1,0,1,0,0,title,0,,1320418374
Çatı Dubleksi,Tarcanlardan Yenişehir Mükemmel Konumda 3+1 Satılık Çatı Dubleks,roof,1,1,0,0,0,detail_and_title,0,,1311635711
Ters Dubleks,İzmit Tüysüzler Satılık 2+1 Daire,standard,1,0,0,0,1,detail,0,,1323320589
En Üst Kat,TARCANLARDAN TUANA EVLERİ 2. ETAP'TA DENİZ MANZARALI SATILIK 1+1,none,0,0,0,0,0,none,0,,1327935289
Ara Kat,Kocaeli İzmit Orhan Mh. Site içi Havuzlu Satılık Ara Kat Daire,none,0,0,0,0,0,none,0,,1322038893
Bahçe Dubleksi,CB-MARK'TAN KOCAELİ YENİŞEHİRDE SATILIK 3+1 BAHÇE DUBLEKSİ,garden,1,0,1,0,0,detail_and_title,0,,1318545621
Ara Kat,izmitte merkezi konumda cumhuriyet parkı yakını 2012 yapımı 1+1,none,0,0,0,0,0,none,0,,1329273979
,İzmit Merkez Saat Kulesi yani 2+1 Satilik Daire,none,0,0,0,0,0,none,0,,1329276336
,MK BİRKİM GAYRİMENKULDEN SATILIK DAİRE,none,0,0,0,0,0,none,0,,1265491002
Ara Kat,İZMİT TURGUT MAHALLESİ YUVAM TURGUT KONUTLARI SATILIK 3+1,none,0,0,0,0,0,none,0,,1323093323
Dubleks|Çatı Dubleksi,ListingPortal İzmit Çarşıda 3+1 Çatı Dubleks,roof,1,1,0,0,0,detail_and_title,0,,1329220553
,İZMİT AKÇAKOCA DA SATILIK 1+1 DAİRE,none,0,0,0,0,0,none,0,,1231272061
Ara Kat,Kent Konut 3 ListingPortal Boş Daire,none,0,0,0,0,0,none,0,,1329207846
Çatı Dubleksi,TARCANLARDAN İZMİT BAĞÇEŞME KAVANiYUM 2+1 ÖZEL Bİ DAİRE,roof,1,1,0,0,0,detail,0,,1329178945
Ara Kat,İZMİT GÜLTEPE DENİZ MANZARALI ARAKAT 2+1 SATILIK DAİRE,none,0,0,0,0,0,none,0,,1329165316
Çatı Dubleksi,UĞUR ŞAHİN'DEN BAĞÇEŞMEDE SATILIK DENİZ MANZARALI 6+1 DUBLEKS,roof,1,1,0,0,0,detail_and_title,0,title_generic_confirms_detail_subtype,1247795549
,BAĞCEŞMEDE DİAMOND PRESTİG 2 de bahceli BAHCE DUBLEKS,garden,1,0,1,0,0,title,0,,1320250776
Çatı Dubleksi,KOCAELİ İZMİT YAHYAKAPTAN KAFELER CADDESİNDE SATILIK 5+1 DAİRE,roof,1,1,0,0,0,detail,0,,1329155841
,İZMİT KOZLUK'TA 2+1 SATILIK FIRSAT DAİRE,none,0,0,0,0,0,none,0,,1329124427
Ara Kat,İzmit Merkezde Prestijli Site İçerisinde Kaçırılmayacak Fırsat,none,0,0,0,0,0,none,0,,1322947005
En Üst Kat,CİHAN HASTANESİ'NE YÜRÜME MESAFESİNDE SATILIK 3+1 DAİRE,none,0,0,0,0,0,none,0,,1329129219
Ara Kat,İZMİT MERKEZ DE TRAMVAYA YÜRÜME MESAFESİNDE 3+1 SATILIK DAİRE,none,0,0,0,0,0,none,0,,1329116821
Ara Kat,İzmit Merkezde Yatırımlık 3+1 Satılık Fırsat Daire,none,0,0,0,0,0,none,0,,1326036083
Ara Kat,İzmit Tepecik'te Satılık 3+1 Daire - Merkezi Konum,none,0,0,0,0,0,none,0,,1323221914
Ara Kat,TURGUT MAHALLESİ ORDUEVİ SATILIK 2+1 ARAKAT DAİRE,none,0,0,0,0,0,none,0,,1321350252
Ara Kat,İZMİT MEHMET ALİ PAŞA ' DA 2+1 İÇİ YENİLENMİŞ DAİRE,none,0,0,0,0,0,none,0,,1322751623
Ara Kat,İZMİT KANDIRA SAPAĞI MERKEZİ KONUMDA ASANSÖRLÜ SATILIK 2+1DAİRE,none,0,0,0,0,0,none,0,,1326125458
Ara Kat,İZMİT MERKEZDE | DEVLET HASTANESİNE 100 METRE | 2+1 DAİRE,none,0,0,0,0,0,none,0,,1329069138
,Yahya kaptan Mahallesi'nde bulunan 3+1 dairemiz satılıktır,none,0,0,0,0,0,none,0,,1329051536
Ara Kat,CB-MARK'TAN İZMİT MERKEZDE 1. KAT SATILIK EV,none,0,0,0,0,0,none,0,,1323019368
Çatı Dubleksi,İZMİT TOPÇULAR MAH. SATILIK 3+1 DUBLEKS DAİRE CB TOWER,roof,1,1,0,0,0,detail_and_title,0,title_generic_confirms_detail_subtype,1316829704
,İzmit Orduevi Arkası Deniz Manzaralı 3+1 Satılık Daire,none,0,0,0,0,0,none,0,,1323080642
Çatı Dubleksi,İZMİT BAĞÇEŞME MODERN EVLERİNDE SATILIK DAİRE,roof,1,1,0,0,0,detail,0,,1323011538
Ara Kat,İZMİT ÇARŞI MERKEZİNDE YATIRIMA UYGUN 3+1 SATILIK DAİRE,none,0,0,0,0,0,none,0,,1321674685
En Üst Kat,KOCAELİ İZMİT MERKEZ SATILIK 2+1 DUBLEKS DAİRE.,standard,1,0,0,0,1,title,0,,1323035820
Bahçe Dubleksi,KOCAELİ İZMİT TOPÇULAR MAH SATILIK 2+1 BAHÇE DUBLEKS DAİRE,garden,1,0,1,0,0,detail_and_title,0,,1314540794
Bahçe Dubleksi,Alanpark Sitesi'nde Villa Konforunda 5+1 Bahçe Dubleksi Daire,garden,1,0,1,0,0,detail_and_title,0,,1326056514
Ara Kat,İZMİT MERKEZDE 2+1 FIRSAT DAİRE ACİL SATILIK,none,0,0,0,0,0,none,0,,1328963381
,Kadıköy Mah satılık ev ilanı,none,0,0,0,0,0,none,0,,1328946543
Ara Kat,Tarcanlardan İzmit Bağçeşme Norm City1+1 Arakat Satılık Daire,none,0,0,0,0,0,none,0,,1323056736
Çatı Dubleksi,İZMİT YENİŞEHİR MAH. SATILIK 3+1 ÇATI DULEX DAİRE,roof,1,1,0,0,0,detail,0,,1276734134
Bahçe Dubleksi,BAĞÇEŞME SATILIK 1+1 B.DUBLEKS 14.000 TL KİRA GETİRİLİ,garden,1,0,1,0,0,detail_and_title,0,title_generic_confirms_detail_subtype,1317600382
,REMAX DREAM'DEN TUANA EVLERİ 2.ETAP GENİŞ 2+1 ARA KAT DAİRE,none,0,0,0,0,0,none,0,,1322805767
Çatı Dubleksi,İZMİT TÜYSÜZLER MAHALLESİ'NDE DENİZ MANZARALI 2+1 SATILIK DAİRE,roof,1,1,0,0,0,detail,0,,1328844446
,FULL KREDİYE UYGUN FULL DENİZ MANZARALI ÇATI DUBLEKS DAİRE,roof,1,1,0,0,0,title,0,,1289335528
Ara Kat,İZMİT ÇARŞI CAFELER CADDESİNDE ARAKAT,none,0,0,0,0,0,none,0,,1328878866
,İzmit Kozluk Mahallesi'nde 3+1 satılık Daire,none,0,0,0,0,0,none,0,,1319774748
Ara Kat,İZMİT YENİŞEHİR MAHALLESİ 2+1 ARAKAT DAİRE,none,0,0,0,0,0,none,0,,1325934413
Ara Kat,İZMİT MERKEZDE FULL DENİZ MANZARALI ACİL SATILIK 2+1 DAİRE,none,0,0,0,0,0,none,0,,1274244550
Ara Kat,YENİŞEHİRDE CİHAN HASTANESİ YANI ARA KAT KAPALI MUTFAK 1+1 DAİRE,none,0,0,0,0,0,none,0,,1328842699
,İZMİT TÜYSÜZLER MAHALLESİ NDE SATILIK ALT DUBLEKS DAİRE,standard,1,0,0,0,1,title,0,,1326088173
Ara Kat,İZMİT MAP NAMIK KEMAL LİSESİ YANI 2+1 ARAKAT SATILIK DAİRE,none,0,0,0,0,0,none,0,,1328809932
,İZMİT VELİAHMETTE 3+1 | 125 M² BRÜT | KAT MÜLKİYETLİ FIRSAT,none,0,0,0,0,0,none,0,,1328801601
,İZMİT KENT KONUT 4. ETAP | 2+1 YENİLENMİŞ DAİRE,none,0,0,0,0,0,none,0,,1328795610
En Üst Kat,KARABAŞ MAHALLESİ İSTİKLAL CADDESİ SATILIK GENİŞ 3+1DAİRE,none,0,0,0,0,0,none,0,,1328776929
,YAHYA KAPTAN SATILIK AYDINLIK GİRİŞ KATI 3+1 DAİRE,none,0,0,0,0,0,none,0,,1322835862
,KOCAELİ İZMİT TÜYSÜZLERDE GENİŞ BAHÇE DUBLEKS,garden,1,0,1,0,0,title,0,,1328765213
En Üst Kat,Tarcanlardan Şehir Merkezinde 2+1 Geniş Daire Satılık,none,0,0,0,0,0,none,0,,1328752403
,İZMİT YENİŞEHİR MAH 3+1 GENİŞ FERAH ÇATI DUBLEKS,roof,1,1,0,0,0,title,0,,1307753636
Ara Kat,ÖNÜ KAPANMAZ DENİZ MANZARALI | MERKEZE 5 DK | SATILIK 3+1,none,0,0,0,0,0,none,0,,1328740242
,Bekir dere başaran cad satılık 2+1 daire,none,0,0,0,0,0,none,0,,1302542552
Ara Kat,İZMİT MERKEZDE İÇİ KOMPLE YAPILI DAİREMİZ,none,0,0,0,0,0,none,0,,1322706734
Dubleks|En Üst Kat,ÇUKURBAĞDA SATILIK DUBLEX DAİRE,standard,1,0,0,0,1,detail_and_title,0,,1316643064
Çatı Dubleksi,BAĞÇEŞME ORHAN MAH.DE SATILIK İÇİ YAPILI 3+1 ÇATI DUBLEKS DAİRE,roof,1,1,0,0,0,detail_and_title,0,,1304780436
Ara Kat,İZMİT KENT KONUT 3 SİTESİNDE KREDİYE UYGUN 2+1 BOŞ ARAKAT DAİRE,none,0,0,0,0,0,none,0,,1328725929
Ara Kat,ADLİYE KARŞISI SATILIK 2+1 ARAKAT DAİRE,none,0,0,0,0,0,none,0,,1328723992
Ara Kat,REMAX ARMİNADAN KENT KONUT 3. ETAPTA MANZARALI ARA KAT 2+1 DAİRE,none,0,0,0,0,0,none,0,,1321318910
Çatı Dubleksi,RW Nova'dan 28 Haziran Mah. Satılık Asansörlü Dubleks 3+1 Daire,roof,1,1,0,0,0,detail_and_title,0,title_generic_confirms_detail_subtype,1081133111
Ara Kat,İzmit Kanlıbağ'da Satılık Bakımlı 2.5+1 Daire,none,0,0,0,0,0,none,0,,1322777313
,ARAÇ TAKASI OLUR ORDUEVİNDE ÖN CEPHE 3+1,none,0,0,0,0,0,none,0,,1328701096
,KOCAELİ IZMIT KOZLUK MAHALLESINDE 3+1 DAIRE,none,0,0,0,0,0,none,0,,1319880036
Ara Kat,REMAX NATURAL'DAN İZMİT'TE MERKEZİ KONUMDA SATILIK 3+1 DAİRE,none,0,0,0,0,0,none,0,,1328694228
,İZMİT BAĞÇEŞME'DE SATILIK 100 m² EŞYALI 2+1 ÇATI DUBLEKS DAIRE,roof,1,1,0,0,0,title,0,,1318401378
Ara Kat,Yapıcılar Emlak'tan Kozluk Mahallesinde Satılık 3+1 Daire,none,0,0,0,0,0,none,0,,1322744057
Ara Kat,KÖRFEZ MAH. SATILIK 3+1 ARA KAT DAİRE,none,0,0,0,0,0,none,0,,1328667207
Ara Kat,CEDİT TOKİ'DE SATILIK 2+1 DENİZ MANZARALI ASANSÖRLÜ DAİRE,none,0,0,0,0,0,none,0,,1328667025
Ara Kat,İZMİT KENT KONUT 3 SATILIK 1+1 EŞYALI ARAKAT DAİRE,none,0,0,0,0,0,none,0,,1328663674
Çatı Dubleksi,28 Haziran Mh'de Satılık 5.5+1 Teraslı Dubleks ÇiftCepheli daire,roof,1,1,0,0,0,detail_and_title,0,title_generic_confirms_detail_subtype,1328641461
Dubleks,İZMİT KARABAŞ MAH. YÜKSEK KİRA GETİRİLİ SATILIK DUBLEKS DAİRE,standard,1,0,0,0,1,detail_and_title,0,,1286899322
,HD GAYRİMENKUL'DEN YENİŞEHİR MAHALLESİNDE SATILIK DAİRE,none,0,0,0,0,0,none,0,,1285726301
Ara Kat,ListingPortal İzmit Kadıköy'de Asansörlü Binada 3+1 Fırsat Daire,none,0,0,0,0,0,none,0,,1328591514
,BAĞÇEŞME 3+1 ARAKAT YAPILI DAİRE,none,0,0,0,0,0,none,0,,1328592742
Ara Kat,GÜNDEM GAYRİMENKUL'DEN İZMİT BAĞÇEŞME'DE 1+1 SATILIK DAİRE,none,0,0,0,0,0,none,0,,1328600756
,Tarcanlardan Ceditte Satılık 2+1 Daire,none,0,0,0,0,0,none,0,,1328800821
,İZMİT İN MERKEZİNDE SATILIK 3+1 KELEPİR DAİRE.,none,0,0,0,0,0,none,0,,1328588075
,REMAX DREAM 'DEN BAĞÇEŞME KAVANİUM ST. 2+1 DUBLEX DAİRE,standard,1,0,0,0,1,title,0,,1328580382
,REMAX DREAM 'DEN YENİŞEHİR MAH. 1+1 ARA KAT DAİRE,none,0,0,0,0,0,none,0,,1328571132
Çatı Dubleksi,BAGCESMEDE HAVUZLU SITEDE 4+1 SATILIK KONUT,roof,1,1,0,0,0,detail,0,,1234302540
Dubleks,REMAX'DEN BAĞÇEŞME DE SATILIK 3+1 DUBLEKS DAİRE,standard,1,0,0,0,1,detail_and_title,0,,1328546227
,ARSLAN EMLAKTAN İZMİT 28 HAZİRAN MAH.DE 4+1 GENİŞ DUBLEKS DAİRE,standard,1,0,0,0,1,title,0,,1316719900
,Bağçeşme de 2+1 Çatı Dubleks Sıfır Daire,roof,1,1,0,0,0,title,0,,1319421045
Dubleks|En Üst Kat|Çatı Dubleksi,Yenişehir'de Satılık 2+1 Geniş Eğimsiz Kullanışlı Çatı Dubleks,roof,1,1,0,0,0,detail_and_title,0,,1291687547
Ara Kat,"İZMİT MERKEZ, KOZLUKTA, İÇİ YAPILI, MASRAFSIZ 2+1",none,0,0,0,0,0,none,0,,1325519201
Ara Kat,TUANA EVLERİ 3 ETAP 3+1 SATILIK DAİRE,none,0,0,0,0,0,none,0,,1322491868
Ara Kat,YAHYAKAPTAN ACİL SATILIK F-30 YÜKSEK GİRİŞ,none,0,0,0,0,0,none,0,,1328501819
Bahçe Dubleksi,BAĞÇEŞME TUANA EVLER KARŞISI LÜKS BAHÇE DUBLEKS..,garden,1,0,1,0,0,detail_and_title,0,,1328503843
Çatı Dubleksi,KOCAELİ TURGUT MAHALLESİN'DE SATILIK 3+1 DENİZ MANZARALI DAİRE,roof,1,1,0,0,0,detail,0,,1328463887
,KOZLUK 4. YOLDA ASANSÖRLÜ ARAKAT DAİRE,none,0,0,0,0,0,none,0,,1322438946
Ara Kat,İZMİT MERKEZ KARABAŞ MH SATILIK 3+1 100M² ARAKAT,none,0,0,0,0,0,none,0,,1322528164
,YAHYAKAPTAN ARMADAKENT 5. ETAP SATILIK DÜZ DAİRE,none,0,0,0,0,0,none,0,,1328366481
Ara Kat,CB MAHALL'DEN BAĞÇEŞME MODERN II SATILIK 3+1 ARAKAT DAİRE,none,0,0,0,0,0,none,0,,1325506509
Ara Kat,KİRACISIZ BOŞ İZMİT KENT 2. ETAP'TA SAHİBİNDEN SATILIK 2+1 DAİRE,none,0,0,0,0,0,none,0,,1328460903
Çatı Dubleksi,CB MAHAL'DEN DİAMOND PRESTİGE II 1.ETAP 3+1SATILIK ÇATI DUBLEKS,roof,1,1,0,0,0,detail_and_title,0,,1325489696
,ACİLLLL İZMİT TURGUT MAH 1+1 FULL EŞYALI SATILIK DAİRE,none,0,0,0,0,0,none,0,,1319421051
,İZMİT'İN KALBİ KENTSEL DÖNÜŞÜM BÖLGESİ FETHİYE CAD. 2+1 DAİRE!,none,0,0,0,0,0,none,0,,1328433485
,SAHİBİNDEN SATILIK 3+1 DAİRE,none,0,0,0,0,0,none,0,,1328419669
,Bağçeşme'de yatırımlık full deniz manzaralı ara dubleks,standard,1,0,0,0,1,title,0,,1315653677
Ara Kat,İZMİT KENT KONUT 2 SİTESİNDE 2+1 ARA KAT SATILIK DAİRE,none,0,0,0,0,0,none,0,,1321590442
Ara Kat|Çatı Dubleksi,EMİNEVİME KAT MÜLKİYETLİ EBEVEYN BANYOLU 4+1 ÇATI DUBLEKSİ,roof,1,1,0,0,0,detail_and_title,0,,1328403389
Ara Kat,EKOL'den GÜLTEPE Mah.Askerlik Şb.Yanı CADDE ÜZERİ 3+1 ÇATI DUBEX,none,0,0,0,0,0,none,0,,1321629429
En Üst Kat|Çatı Dubleksi,İZMİT KADIKÖY'DE SATILIK 4+1 ÇATIDUBLEKS DAİRE,roof,1,1,0,0,0,detail_and_title,0,,1322384782
Dubleks,6 ODALI DENİZ MANZARALI,standard,1,0,0,0,1,detail,0,,1328363105
,İzmit Merkez de Satılık 1+1,none,0,0,0,0,0,none,0,,1298016446
Ara Kat,KONUMU ÇOK GÜZEL,none,0,0,0,0,0,none,0,,1328355368
,ŞEHRİN MERKEZİNDE EŞYALI 2+1 ACİL SATILIK DAİRE SON FİYAT,none,0,0,0,0,0,none,0,,1328337817
,İZMİT KADIKÖY MAH. 2+1 SATILIK DAİRE,none,0,0,0,0,0,none,0,,1328325246
Çatı Dubleksi,İZMİT ERENLER DENİZ MANZARALI SATILIK 2+1 DUBLEKS DAİRE,roof,1,1,0,0,0,detail_and_title,0,title_generic_confirms_detail_subtype,1287107709
Ara Kat,KENT KONUT 3.ETAP SİTESİ SATILIK 2+1 DAİRE KİRA GETİRİLİ,none,0,0,0,0,0,none,0,,1328306209
Ara Kat,28 Haziran Mahallesinde Bahçeli Müstakil Satılık Bina,none,0,0,0,0,0,none,0,,1317048661
En Üst Kat,İKONX'TEN İZMİT ÇUKURBAĞ MAH. 3+1 SATILIK DAİRE,none,0,0,0,0,0,none,0,,1328297759
Çatı Dubleksi,NEŞE EMLAK İZMİT RASATHANE YOKUŞUNDA 2+1 ÇATI DUBLEX DAİRE,roof,1,1,0,0,0,detail_and_title,0,,1321719886
,Yuvam Turgut Konutlarında Masrafsız 2+1 Daire,none,0,0,0,0,0,none,0,,1328275272
Çatı Dubleksi,BAĞÇEŞME TAMGÜN EVLERİNDE SATILIK 2+1 DUBLEKS DAİRE,roof,1,1,0,0,0,detail_and_title,0,title_generic_confirms_detail_subtype,1279470956
En Üst Kat,İzmit Merkez Fethiye Cd. 20 m Mesafede 2+1 Satılık Daire,none,0,0,0,0,0,none,0,,1328254899
,SATILIK 3+1 SEHIR MERKEZLI DAIRE,none,0,0,0,0,0,none,0,,1328270057
Çatı Dubleksi,ARMADAKENT 3. ETAP 3072 ( KÜÇÜK ) ADA 4+1 ÇATI DEBLEX DAİRE,roof,1,1,0,0,0,detail,0,,1328266954
,İZMİT'TE DENİZ MANZARALI 3+1 GİRİŞ KAT SATILIK DAİRE,none,0,0,0,0,0,none,0,,1328229087
,İZMİT BAĞÇEŞME İNNOVİA DENİZ MANZARALI 3+1 DUBLEX LÜX DAİRE,standard,1,0,0,0,1,title,0,,1293764062
Çatı Dubleksi,CB-MARK'TAN LİLYUM PARK3 SİTESİ SATILIK HAVUZLU 4+1CATI DUBLEKSİ,roof,1,1,0,0,0,detail_and_title,0,,1322094842
Çatı Dubleksi,ASAYRA EMLAKTAN 28HAZİRAN MAH.2+1 SATILIK CATI DUBLEKS,roof,1,1,0,0,0,detail_and_title,0,,1307517366
,İZMİT TÜYSÜZLERDE SATILIK 4+1 TERASLI DUBLEKS,standard,1,0,0,0,1,title,0,,1328198631
Ara Kat,CADDE41 den YAHYA KAPTANDA C BLOKLARDA SATILIK DAİRE,none,0,0,0,0,0,none,0,,1328181208
Çatı Dubleksi,İzmit Bağçeşme Modern Evleri | Teraslı | 3+1 Manzaralı Dubleks,roof,1,1,0,0,0,detail_and_title,0,title_generic_confirms_detail_subtype,1276841256
Ara Kat,FEDERAL'DEN AKÇAKENT 2 DE 2+1 110m2 ARA KAT SATILIK DAİRE,none,0,0,0,0,0,none,0,,1322251428
Dubleks|Bahçe Dubleksi,İZMİT YAHYAKAPTAN ARMADA5 SATILIK 4+1 B.DUBLEKS,garden,1,0,1,0,0,detail_and_title,0,title_generic_confirms_detail_subtype,1322347482
Ara Kat,İZMİT MERKEZDE HAZIR KİRA GETİRİLİ SATILIK DAİRE ACİL,none,0,0,0,0,0,none,0,,1321383320
Ara Kat,KOCAELİ İZMİT KÖRFEZ 42 EVLER MAH SATILIK ARAKAT 3+1 DAİRE,none,0,0,0,0,0,none,0,,1322239979
Bahçe Dubleksi,ASKERLİK ŞB. KARŞI SOKAĞI YENİ BİNADA BAHÇE DUBLEKS DAİRE,garden,1,0,1,0,0,detail_and_title,0,,1300002358
Ara Kat,F&E GAYRİMENKULDEN İZMİT ÇARŞI DA SATILIK DAIRE,none,0,0,0,0,0,none,0,,1328136297
Ara Kat,Tarcanlardan İzmit Yeni Cedit Projesinde Satılık 2+1 Daire,none,0,0,0,0,0,none,0,,1322809873
,SATILIK DAİRE,none,0,0,0,0,0,none,0,,1322195350
,MERKEZ EMLAKTAN KENTKONUT 5ETAPTA SATILIK DAİRE,none,0,0,0,0,0,none,0,,1319225180
Ara Kat,3 KENT GAYRİMENKUL'DEN İZMİT ÇARŞIDA SATILIK GENİŞ 3+1 DAİRE,none,0,0,0,0,0,none,0,,1293927941
En Üst Kat|Çatı Dubleksi,AKÇAKENT 2 SİTESİNDE SATILIK 4+1 DENİZ MANZARALI ÇATI DUBLEKS,roof,1,1,0,0,0,detail_and_title,0,,1277072948
,YUVAM TURGUT KONUTLARI C BLOKTA İÇİ FULL YAPILI 3+1 FIRSAT DAİRE,none,0,0,0,0,0,none,0,,1328092237
Ara Kat,Konutix'ten İzmit Bulvar'da Satılık 3+1 Daire,none,0,0,0,0,0,none,0,,1328054088
Ara Kat,İZMİT Merkez Akçakoca Mahallesi Satılık Fırsat 2+1 Daire,none,0,0,0,0,0,none,0,,1328061381
En Üst Kat,ListingPortal Mükemmel Konumda İçi Yenilenmiş Tramvaya Yakın 2+1,none,0,0,0,0,0,none,0,,1328045654
,izmit 50 ci yıl okul karşısı 3+1 satılık daire,none,0,0,0,0,0,none,0,,1328045447
Ara Kat,İZMİT MERKEZDE GAZİ LİSESİ'NİN ARKASINDA SATILIK 3+1 DAİRE,none,0,0,0,0,0,none,0,,1294416991
Bahçe Dubleksi,ASAYRA DAN BAĞÇEŞME'DE 2+1 DENİZ MANZ.BAHÇE DUBLEKS,garden,1,0,1,0,0,detail_and_title,0,,1282192949
,YENIŞEHIR'DE 3+1 SATILIK SIFIR DUBLEKS DAIRE,standard,1,0,0,0,1,title,0,,1319840489
Çatı Dubleksi,Turyap'tan M.Ali Paşa Merkezde 4+1 Eğimsiz Çatı Dublex,roof,1,1,0,0,0,detail_and_title,0,,1328008339
Dubleks|Bahçe Dubleksi|Ters Dubleks,İNNOVİA TERRACE EVLERİ SATILIK 3+1 EXTRABAHÇELİ BAHÇE DUBLEX,garden,1,0,1,0,0,detail_and_title,0,,1250441611
Ara Kat,KOCAELİ İZMİT ÇUKURBAĞ'DA SATILIK 2+1 ARAKAT DAİRE,none,0,0,0,0,0,none,0,,1327996082
Çatı Dubleksi,İZMİT KADIKÖY MAHALLESİ DOĞU KIŞLA PARKINDA SATILIK 2+1 DAİRE,roof,1,1,0,0,0,detail,0,,1321796876
Ara Kat,YENİŞEHİR ARAKAT (1+1 )SATILIK DAİRE,none,0,0,0,0,0,none,0,,1322019038
,SAHİBİNDEN SATILIK TUANA 2. ETAP 2+1,none,0,0,0,0,0,none,0,,1327975368
Ara Kat,KOCAELİ TOPÇULAR DA TUANA 3 DE SATILIK MANZARALI 4+1 ARAKAT,none,0,0,0,0,0,none,0,,1321888386
Dubleks,SAHİBİNDEN SATILIK DUBLEKS EV,standard,1,0,0,0,1,detail_and_title,0,,1327943798
,İzmit Merkezde Satılık 3+1 Dubleks Daire,standard,1,0,0,0,1,title,0,,1327934326
,Yahyakaptan Mahallesi ara kat satılık 2+1 daire,none,0,0,0,0,0,none,0,,1328132731
Ara Kat,İzmit Yürüyüş Yolu Cepheli Satılık Lüks Daire,none,0,0,0,0,0,none,0,,1325039302
Bahçe Dubleksi,CB AKADEMİ BAĞÇEŞME MUHTEŞEM BAHÇE KULLANIMLI 3+1 SATILIK DAİRE,garden,1,0,1,0,0,detail,0,,1321961070
Çatı Dubleksi,KANDIRA SAPAĞI'NDA ASANSÖRLÜ BİNADA 135m² FERAH 2+1 ÇATI DUBLEKS,roof,1,1,0,0,0,detail_and_title,0,,1322038410
Dubleks,Yahyakaptan Myra 2 Satılık 5+1 Çatı Dubleks Daire,standard,1,0,0,0,1,conflict_detail_wins,1,conflict detail=standard title=roof,1324977406
,YAPICILAR EMLAK'TAN ZÜMRÜT SOKAKTA SATILIK 3+1 DAİRE,none,0,0,0,0,0,none,0,,1328078740
,BAHÇELİ - ÇARŞI İÇİ 2+1 (KİRACISIZ) ! YAPILI .,none,0,0,0,0,0,none,0,,1327887907
,Yahya Kaptan C-18 Blok 3+1 Satılık Daire,none,0,0,0,0,0,none,0,,1321252651
,İZMİT MEHMETALİPAŞAMAH. NAMIK KEMAL LİSESİ ARKASI SATILIK DAİRE.,none,0,0,0,0,0,none,0,,1321940971
Ara Kat,İZMİT BAĞÇEŞME KONAKLARINDA SATILIK 2+1 HAVUZLU DAİRE,none,0,0,0,0,0,none,0,,1324954155
Ara Kat,İZMİT MEHMET ALİ PAŞA MAH'DE MERKEZİ KONUMDA SATILIK DAİRE,none,0,0,0,0,0,none,0,,1321896756
Ara Kat,İzmit Kent Konutları'nda Satılık 2+1 ARA KAT DAİRE,none,0,0,0,0,0,none,0,,1319190784
Çatı Dubleksi,GENİŞ TERASLI SATILIK 4+1 EĞİMSİZ ÇATI DUBLEKS,roof,1,1,0,0,0,detail_and_title,0,,1324909369
Ara Kat,Tarcanlar'dan Deniz Manzaralı Asansörlü Ara Kat 2+1 Boş Daire,none,0,0,0,0,0,none,0,,1327822785
,İZMİT MERKEZDE SATILIK 2+1 FIRSAT DAİRE,none,0,0,0,0,0,none,0,,1325992694
Dubleks|En Üst Kat|Çatı Dubleksi,Kredili Alıma Uygun - Yenişehir'de 4+1 160 m² Çatı Dubleks,roof,1,1,0,0,0,detail_and_title,0,,1316489027
Ara Kat,İZMİT KENT KONUT 1. ETAP SATILIK ARAKAT 2+1 DAİRE,none,0,0,0,0,0,none,0,,1320041902
,İzmit Üçyolda Bahçeli 2 katlı Ev,none,0,0,0,0,0,none,0,,1233012200
,TÜYSÜZLER MAHALLESİ'NDE VESTA PARK YATIRIMLIK 1+1 SATILIK DAİRE,none,0,0,0,0,0,none,0,,1321763997
Çatı Dubleksi,TEK TAPU 2 DAİRE ! İZMİT MERKEZ DE SATILIK 2+1 ve 1+1 DAİRE,roof,1,1,0,0,0,detail,0,,1324807784
,"Merkezi Konumda Satılık 3+1 Daire, Yüksek Giriş, 100m²",none,0,0,0,0,0,none,0,,1327740412
,Yahyakaptan otogar bölgesi 4+1 Çatı dubleks Villa tadında,roof,1,1,0,0,0,title,0,,1316329912
Ara Kat,YUVAM TURGUT KONUTLARINDA EV SAHİBİNDEN SATILIK 3+1 DAİRE,none,0,0,0,0,0,none,0,,1301915305
Ara Kat,LİON GAYRİMENKUL'DEN 2+1 fırsat satılık daire,none,0,0,0,0,0,none,0,,1327690850
Ara Kat,Orhan Mah | Katta Tek | Ferah | Boş | 2.Katta | Satılık 2+1,none,0,0,0,0,0,none,0,,1325693967
En Üst Kat,"Y.KAPTAN GROSS KARŞISI SATILIK 3+1 İÇİ YAPILI (BOŞ, KİRACISIZ)",none,0,0,0,0,0,none,0,,1321893213
Ara Kat Dubleks,İzmit merkezde eğimsiz 3+1 Ara dubleks,middle_floor,1,0,0,1,0,detail_and_title,0,title_generic_confirms_detail_subtype,1327658136
,TURGUT MAHALLESİNDE 2+1 SATILIK DAİRE,none,0,0,0,0,0,none,0,,1291567873
Ara Kat,TURYAP'TAN KOZLUK MAHALLESİNDE DENİZ MANZARALI 2+1 SATILIK DAİRE,none,0,0,0,0,0,none,0,,1327643272
,YAHYAKAPTANDA İÇİ YAPILI DAİRE EŞYALI AÇIKLAMAYI OKUYUN,none,0,0,0,0,0,none,0,,1327604791
Ara Kat,İZMİT MERKEZ CUMHURİYET PARKI KARŞISI SATILIK DAİRE,none,0,0,0,0,0,none,0,,1264934153
En Üst Kat,İzmit Cedit Mah Merkezi Konum'da Satılık 3+1 Daire,none,0,0,0,0,0,none,0,,1327578889
Ara Kat,İZMİT YAHYAKAPTAN F23 BLOKTA EŞYALI ARAKAT 3+1 SATILIK DAİRE,none,0,0,0,0,0,none,0,,1321565933
Ara Kat,EMAY'DAN İZMİT'TE CADDE ÜZERİ 140 M2 3+1 SATILIK LÜKS DAİRE !,none,0,0,0,0,0,none,0,,1327546177
Ara Kat,MEHMET ALİ PAŞA MAH CADDE ÜZERİ ARA KAT SATILIK 1+1 DAİRE,none,0,0,0,0,0,none,0,,1321563676
,SAHİBİNDEN İZMİT'TE MERKEZDE SATILIK EV,none,0,0,0,0,0,none,0,,1327507342
Ara Kat,Bağçeşme Orhan Mh Satılık 3+1 Bu Haftaya Özel Fırsat Fiyat,none,0,0,0,0,0,none,0,,1324807483
Ara Kat,Yeni Tadilatlı 3+1 Daire Taşınmaya Hazır | Asansörlü Bina,none,0,0,0,0,0,none,0,,1327543785
Bahçe Dubleksi,BAĞÇEŞMEDE 2+1 BAHÇE DUBLEKS DAİRE,garden,1,0,1,0,0,detail_and_title,0,,1268206555
Bahçe Dubleksi,REMAX EFFECT KOCAELİ TURGUT MAHALLE SATILIK 2+1 BAHÇE DUBLEKS,garden,1,0,1,0,0,detail_and_title,0,,1310079847
Ara Kat,HGM'den İZMİT KENT KONUT 2.ETAPTA SATILIK ARA KAT MANZARALI.,none,0,0,0,0,0,none,0,,1327531045
Ara Kat,İZMİT MERKEZ SATILIK 3+1 GENİŞ ASANSÖRLÜ ARA KAT BOŞ DAİRE,none,0,0,0,0,0,none,0,,1321301035
Ara Kat,KOCAELİ İZMİT KENT KONUT 5. ETAP'TA SATILIK 2+1 ARAKAT DAİRE,none,0,0,0,0,0,none,0,,1327506075
Ara Kat,Tarcanlardan Şehir Merkezinde Ara Kat 2+1 Satılık Daire,none,0,0,0,0,0,none,0,,1327484353
Ters Dubleks,MERKEZ DE İZMİT HACI HIZIR Mah SATILIK 2+1 TERS DUBLEKS,standard,1,0,0,0,1,detail_and_title,0,,1327484576
Ara Kat,ESKİDJİDEN KENT KONUT 2DE SATILIK 2+1 EŞYALI DAİRE,none,0,0,0,0,0,none,0,,1327469653
Ara Kat,Karabaş MH. Hürriyet Caddesi'nde Satılık 2+1 Ofis/Daire,none,0,0,0,0,0,none,0,,1321366781
,LİON GAYRİMENKUL'DEN 1+1 fırsat satılık daire,none,0,0,0,0,0,none,0,,1321437914
Çatı Dubleksi,TÜYSÜZLERDE EŞYALI 30.000 TL MEMUR KİRACILI 1+1 DAİRE,roof,1,1,0,0,0,detail,0,,1315280929
Çatı Dubleksi,İZMİT ÇARŞIDA DENİZ VE ŞEHİR MANZARALI 3+1SATILIK DUBLEKS DAİRE,roof,1,1,0,0,0,detail_and_title,0,title_generic_confirms_detail_subtype,1314563936
Ara Kat,"Bağçeşme'de Eşyalı, Balkonlu, 1+1 Daire - Yatırım Fırsatı!",none,0,0,0,0,0,none,0,,1327419856
,ARSLAN EMLAKTAN MERKEZDE İNÖNÜ CAD DE YATIRIMLIK ARAKAT DAİRE,none,0,0,0,0,0,none,0,,1327423148
Ara Kat,İzmit 28 Haziran Mah. Satılık 2+1 Daire,none,0,0,0,0,0,none,0,,1321416953
Dubleks|Çatı Dubleksi,"PANORAMİK DENİZ MANZARASI, DEV TERAS VE AYRICALIKLI 4+2 DUBLEKS",roof,1,1,0,0,0,detail_and_title,0,title_generic_confirms_detail_subtype,1321406770
Ara Kat,İZMİT BAĞÇEŞME ORHAN'DA ARAKAT SATILIK 2+1 DAİRE,none,0,0,0,0,0,none,0,,1292232163
Ara Kat,İZMİT YAHYAKAPTAN B-15 'TE ARAKAT 3+1 SATILIK DAİRE,none,0,0,0,0,0,none,0,,1327379338
Ara Kat,İZMİT KENT KONUT 2.ETAP'DA SATILIK ARAKAT 2+1 DAİRE,none,0,0,0,0,0,none,0,,1323983691
Bahçe Dubleksi,INVEST GLOBAL'DEN INNOVIA TERRACE MANZARALI BAHÇELİ DUBLEKS,garden,1,0,1,0,0,detail_and_title,0,,1314975278
Ara Kat,KOCAELİ MEHMETALİPAŞA 1+1 SATILIK DAİRE,none,0,0,0,0,0,none,0,,1324397838
Çatı Dubleksi,Yenişehir'de Satılık 3+1 Dubleks Daire - Hastane Yakını,roof,1,1,0,0,0,detail_and_title,0,title_generic_confirms_detail_subtype,1327325314
En Üst Kat,İZMİT ÇARŞI 2+1 KREDİYE UYGUN FERAH MANZARALI DAİRE (SAHİBİNDEN),none,0,0,0,0,0,none,0,,1321110240
Çatı Dubleksi,"SAHİBİNDEN PANOROMİK DOĞA & DENİZ MANZALI, ÇATI DUBLEKS",roof,1,1,0,0,0,detail_and_title,0,,1257325856
Dubleks|En Üst Kat|Çatı Dubleksi,SAHİBİNDEN YENİŞEHİR TRAMVAY DURAĞI YAKINI 3+1 DUBLEKS DAİRE,roof,1,1,0,0,0,detail_and_title,0,title_generic_confirms_detail_subtype,1327317603
Ara Kat,Tarcanlardan Yenişehir'de 3+1 Dubleks Daire Satılık,standard,1,0,0,0,1,title,0,,1327442009
,Yapıcılar Emlak'tan Ordu Evi Mevkiinde Fırsat Kelepir 2+1 Daire,none,0,0,0,0,0,none,0,,1327520630
Bahçe Dubleksi,İzmit Bağçeşme Lilyum Park Evleri 4 Satılık Bahçe Dubleks,garden,1,0,1,0,0,detail_and_title,0,,1288929936
Ara Kat,İZMİT MERKEZ 3+1 SATILIK DAİRE,none,0,0,0,0,0,none,0,,1327290675
,UYGUN FİYATLI DUBLEKS FIRSAT DAİRE,standard,1,0,0,0,1,title,0,,1327293538
Dubleks|Çatı Dubleksi,ACİL! KISA SÜRELİĞİNE BU FİYAT 3+1 ÇATI DUBLEKS,roof,1,1,0,0,0,detail_and_title,0,,1315933731
Ara Kat,İZMİT BAĞÇEŞME MAYKON SİTESİNDE 1+1 EŞYALI SATILIK ARAKAT DAİRE,none,0,0,0,0,0,none,0,,1321504713
,YAHYA KAPTAN'DA TRAMVAY DURAĞINA 2 DK MESAFEDE SATILIK 2+1 DAİRE,none,0,0,0,0,0,none,0,,1324322499
Çatı Dubleksi,Tarcanlardan İzmit Çarşıda Lüks 3+1 Satılık Daire,roof,1,1,0,0,0,detail,0,,1321287739
Ara Kat,İZMİT ÇARŞI MERKEZDE SATILIK 3+1 DAİRE,none,0,0,0,0,0,none,0,,1321197929
Çatı Dubleksi,CB-MARK'TAN 41 BURDA AVM'YE YAKIN SATILIK ÇATI DUBLEKSİ,roof,1,1,0,0,0,detail_and_title,0,,1307072387
,LİON GAYRİMENKUL'DEN panorama evlerinde satılık çatı dubleksi,roof,1,1,0,0,0,title,0,,1321408411
Ara Kat,CB AKADEMİ PRESTIGE 2 SİTESİ SATILIK 2+1 ARA KAT SIFIR DAİRE,none,0,0,0,0,0,none,0,,1321452882
,SAHİBİNDEN ÇOK AVANTAJLI 2+1 DUBLEX,standard,1,0,0,0,1,title,0,,1327198523
,SAHİBİNDEN MERKEZİ KONUMDA,none,0,0,0,0,0,none,0,,1327195575
Ara Kat,İzmit merkez satılık 3+1 daire,none,0,0,0,0,0,none,0,,1324236335
Çatı Dubleksi,İzmit merkezde satılık geniş dubleks daire,roof,1,1,0,0,0,detail_and_title,0,title_generic_confirms_detail_subtype,1312106852
Çatı Dubleksi,BAĞÇEŞME MANZARALI 2+1 ÇATI DUBLEKS LÜX DAİRE,roof,1,1,0,0,0,detail_and_title,0,,1310057894
Ara Kat|Çatı Dubleksi,HATİPOĞLU SİTESİNDE SATILIK 2+1 DUBLEKS DAİRE,roof,1,1,0,0,0,detail_and_title,0,title_generic_confirms_detail_subtype,1321133014
Dubleks,İZMİT KADIKÖY MAH BAĞDAT CADDESİNE YAKIN 180M2 4+1 DUBLEKS,standard,1,0,0,0,1,detail_and_title,0,,1237881060
Ara Kat,İZMİT/KARABAŞ MAHALESİ YÜRÜYÜŞ YOLUNDA 3+1 SATILIK DAİRE,none,0,0,0,0,0,none,0,,1290842688
,Tarcanlardan İzmit Ceditte 1+1 Satılık Daire,none,0,0,0,0,0,none,0,,1321711615
Çatı Dubleksi,!SATILIK!ARMADAKENT 3.ETAPTA KÜÇÜK ADADA 4+1 200M2 DUBLEKS DAİRE,roof,1,1,0,0,0,detail_and_title,0,title_generic_confirms_detail_subtype,1284226736
Dubleks,M.A.PAŞA'DA KAPALI PAZARYERİ YANI KUPON TEMİZ DAİRE,standard,1,0,0,0,1,detail,0,,1327111515
Ara Kat,Panoramik Deniz ve Şehir Manzaralı 3+1 7. Kat (İçi Yeni Yapıldı),none,0,0,0,0,0,none,0,,1290626403
Çatı Dubleksi,"Full Deniz Manzaralı, Eşsiz Tasarım 3+2 Loft Daire",roof,1,1,0,0,0,detail,0,,1324176439
Bahçe Dubleksi,Bahçedublex,garden,1,0,1,0,0,detail_and_title,0,,1315852816
Ara Kat,İZMİT MERKEZ KOZLUK 3. YOL SATILIK ARAKAT DAİRE,none,0,0,0,0,0,none,0,,1320719267
Ters Dubleks,İzmit Turgut Mah. Manzaralı 3+1 Dubleks Daire,standard,1,0,0,0,1,detail_and_title,0,,1298959278
Ara Kat,İZMİT MERKEZ / SATILIK 2+1 DAİRE,none,0,0,0,0,0,none,0,,1327091488
En Üst Kat,İLTER&AKYÜZ'DEN İZMİT KOZLUK'DA İÇİ MÜKEMMEL 2+1 SATILIK DAİRE,none,0,0,0,0,0,none,0,,1321026656
Çatı Dubleksi,BAĞÇEŞME ORHAN MAHALLESİ SİTE İÇİNDE ÇATI DUBLEKS 2+1 DAİRE,roof,1,1,0,0,0,detail_and_title,0,,1327098244
Çatı Dubleksi,KONFORLU GENİŞ İZMİT ÇARŞI SATILIK 4+2 DUBLEKS İNÖNÜ CADDESİ,roof,1,1,0,0,0,detail_and_title,0,title_generic_confirms_detail_subtype,1327069306
,TUANA EMLAK TAN KOZLUK 1.YOL SATILIK 2+1 DAİRE,none,0,0,0,0,0,none,0,,1320879380
Dubleks|Çatı Dubleksi,MUHTEŞEM DENİZ MANZARALI FIRSAT DUBLEKS DAİRE VE 2 ADET OTOPARK,roof,1,1,0,0,0,detail_and_title,0,title_generic_confirms_detail_subtype,1309851975
Çatı Dubleksi,RE/MAX DREAM DEN İZMİT TOPÇULAR MAH. SATILIK 2+1 ÇATI DUBLEKS,roof,1,1,0,0,0,detail_and_title,0,,1309167876
Ters Dubleks,İzmit Tüysüzler'de 2+1 90 m² Ters Dubleks Daire I Topuz Emlak,standard,1,0,0,0,1,detail_and_title,0,,1326989118
Ara Kat,İzmit Çarşı Merkezde Satılık 3+1 Daire,none,0,0,0,0,0,none,0,,1326515175
Dubleks,MERKEZİ KONUMDA SAHİBİNDEN SATILIK 2+1 DUBLEKS DAİRE,standard,1,0,0,0,1,detail_and_title,0,,1326973170
,LOCATİON'DAN YAHYA KAPTAN MAHALLESİNDE 3+1 100m2 SATILIK DAİRE,none,0,0,0,0,0,none,0,,1326954601
,İZMİT MERKEZ SATILIK EŞYALI 1+1 YATIRIMLIK YENİ DAİRE,none,0,0,0,0,0,none,0,,1326941124
Çatı Dubleksi,İZMİT YENİŞEHİR CİHAN HASTANESİ MEVKİ SATILIK 4+1 DAİRE,roof,1,1,0,0,0,detail,0,,1327147242
,ZMİT CEDİT'TE MUHTEŞEM KÖRFEZ MANZARALI DUBLEKS DAİRE,standard,1,0,0,0,1,title,0,,1320805304
Ara Kat,İZMİT KENTKONUT 3 TE 6.KAT 2+1 GÜNEY CEPHE SATILIK BOŞ DAİRE,none,0,0,0,0,0,none,0,,1326930306
Ara Kat,YAHYA KAPTAN C BLOKLARDA ARA KAT 3+1 SATILIK DAİRE,none,0,0,0,0,0,none,0,,1323961651
,REMAX DREAM İZMİT TUANA EVLERİ 3.ETAP GENİŞ TİP 3+1 SATILIK,none,0,0,0,0,0,none,0,,1326851583
Ara Kat,D2 GAYRİMENKUL'DEN SIFIR SATILIK 2+1 ARAKAT DAİRE,none,0,0,0,0,0,none,0,,1324158001
Bahçe Dubleksi,BAĞÇEŞME ORHAN MAHALLESİ SİTE İÇİNDE HAVUZ MANZARALI 2+1 DAİRE,garden,1,0,1,0,0,detail,0,,1327091902
,İzmit Çarşı'da İçi Full Yapılı 3+1 Geniş Daire,none,0,0,0,0,0,none,0,,1326882057
Dubleks|Çatı Dubleksi,İzmit M.Alipaşa Yüksek Kredi/Evim Finansa Uygun 2+1 Satılık Dair,roof,1,1,0,0,0,detail,0,,1326874051
,KAVANİUM BAĞÇEŞME SİTESİNDE 1+1 DAİRE,none,0,0,0,0,0,none,0,,1326866299
Bahçe Dubleksi,BAĞÇEŞMEDE ÇOK İYİ KONUMDA 2+1 BAHÇE DUBLEKS DAİRE,garden,1,0,1,0,0,detail_and_title,0,,1314310522
,İZMİT KENT KONUT 2 SATILIK 2+1 DAİRE,none,0,0,0,0,0,none,0,,1272902947
Dubleks,İZMİT YENİŞEHİR SATILIK 4+1 160M2 DUBLEKS DAİRE,standard,1,0,0,0,1,detail_and_title,0,,1326792597
,İZMİT MERKEZ KANLIBAĞ'DA ANA CADDEYE YAKIN SATILIK 1+1 DAİRE,none,0,0,0,0,0,none,0,,1324042075
Çatı Dubleksi,SATILIK 4-1 DÜBLEX DAİRE KAPALI GARAJLI M.PAŞA MERKEZ İZMİT,roof,1,1,0,0,0,detail_and_title,0,title_generic_confirms_detail_subtype,1230653571
En Üst Kat,İZMİT MERKEZ HARİKA KONUM CUMHURİYET PARKINDA 2+1 SATILIK DAİRE,none,0,0,0,0,0,none,0,,1326784314
Ters Dubleks,İzmit Tüysüzler'de 3+1 160 m² Ters Dubleks I Topuz Emlak,standard,1,0,0,0,1,detail_and_title,0,,1326974874
,REMAX DREAM'DEN KENT KONUT 2.ETAP 2+1 BOŞ DAİRE,none,0,0,0,0,0,none,0,,1326947163
Çatı Dubleksi,!ROYAL!'DEN SATILIK ANEMON SİTESİNDE 5+1 230 M2 ÇATI DUBLEKS,roof,1,1,0,0,0,detail_and_title,0,,1323959712
En Üst Kat,KOCAELİ İZMİT YENİŞEHİR TRAMVAYA YAKIN YÜKSEK KREDİLİ,none,0,0,0,0,0,none,0,,1323750780
En Üst Kat,YAHYA KAPTAN E BLOKLARDA 3 CEPHELİ 3+1 SATILIK DAİRE,none,0,0,0,0,0,none,0,,1323952248
Ara Kat,M.ALİ PAŞADA BAHÇELİ APARTMANDA 2+1 SATILIK DAİRE,none,0,0,0,0,0,none,0,,1324358467
,İZMİT YENİŞEHİR GENİŞ TERAS KULLANIMLI 4+1 SATILIK ÇATI DUBLEKS,roof,1,1,0,0,0,title,0,,1320545698
Dubleks,İZMİT MERKEZDE KAPALI OTOPARK VE ASANSÖRLÜ SATILIK 2+1 DAİRE,standard,1,0,0,0,1,detail,0,,1326654272
Bahçe Dubleksi,İZMİT ORHAN MAHALLESİ SATILIK BAHÇE DUBLEKS 2+1 DAİRE,garden,1,0,1,0,0,detail_and_title,0,,1282204582
Çatı Dubleksi,KOCAELİ İZMİT ORDUEVİNDE ASKERLİK ŞUBE KARŞISI SATILIK 2+1 DAİRE,roof,1,1,0,0,0,detail,0,,1320599332
Çatı Dubleksi,ASAYRA EMLAKTAN MEKEZDE 1+1 SATILIK ÇATI DUBLEKS,roof,1,1,0,0,0,detail_and_title,0,,1309604113
,SAHİBİNDEN YAHYAKAPTANDA SÜPER KONUMDA 3+1 SATILIK DAİRE,none,0,0,0,0,0,none,0,,1326613237
,TUANA EVLERİNDE SAHİBİNDEN 2+1 AYRI MUTFAKLI DAİRE,none,0,0,0,0,0,none,0,,1326613317
En Üst Kat,İZMİT ÇARŞI İÇİ 3+1 SATILIK DAİRE,none,0,0,0,0,0,none,0,,1326601364
,KOCAELİ İZMİT KOZLUK MAHALLESİ'NDE SATILIK 3+1 DAİRE,none,0,0,0,0,0,none,0,,1320631039
,AKKOYUN DAN İZMİT KADIKÖY MAH ÇATI DUBLEKS ACIL SATILIK,roof,1,1,0,0,0,title,0,,1309174668
,"Çarşının Merkezinde, Metro Hattı Yanıbaşında 3+1 Arakat",none,0,0,0,0,0,none,0,,1320564253
Bahçe Dubleksi,BAĞÇEŞMEDE SİTE İÇERİSİNDE 142 M2 3+1 SIFIR BAHÇE DUBLEKS E.BANY,garden,1,0,1,0,0,detail_and_title,0,,1153210698
,İZMİT MERKEZDE 2+1 SATILIK DAİRE,none,0,0,0,0,0,none,0,,1326560581
Bahçe Dubleksi,OSMANLILAR EMLAK'TAN ERENKAYA PARK S. SATILIK BAHÇE DUBLEX DAİRE,garden,1,0,1,0,0,detail_and_title,0,,1309233397
,Yahyakaptan Satılık 3+1 Daire,none,0,0,0,0,0,none,0,,1326941280
,İzmit kent konut 3 de Eşyalı Satılık 2+1 Daire Hastaneye Yakın!,none,0,0,0,0,0,none,0,,1320911479
Ara Kat,DOĞUKIŞLA HAMAMI ÜSTÜ 3+1 163m2 Arakat Daire,none,0,0,0,0,0,none,0,,1326555986
Ara Kat,İZMİT MERKEZ'DE SATILIK 1+1 ARAKAT DAİRE,none,0,0,0,0,0,none,0,,1318213862
En Üst Kat,"CB MAHALL,DEN AKÇAKENT 2'DE DENİZ MANZARALI SATILIK DAİRE",none,0,0,0,0,0,none,0,,1326698272
En Üst Kat,Yahya Kaptan Tramvay yolu üzerinde 3+ 1 Kaptanın en ucuz evi.,none,0,0,0,0,0,none,0,,1280726397
Ara Kat,İZMİT MERKEZ TEPECİK MAHALLESİNDE İÇİ FULL YAPILI 3+1 DAİRE,none,0,0,0,0,0,none,0,,1059986461
,REMAX DREAM'DEN BAĞÇEŞME 'DE 1+1 BAKIMLI BAHÇE DUBLEX DAİRE,garden,1,0,1,0,0,title,0,,1303766440
Ara Kat,İZMİT TÜYSÜZLER MAH. SATILIK 3+1 ARA KAT 150 M2 DAİRE,none,0,0,0,0,0,none,0,,1320226637
Çatı Dubleksi,İZMİT KADIKÖY MAH SIFIR SATILIK GENİŞ 3+1 ÇATI DUBLEKS DAİRE,roof,1,1,0,0,0,detail_and_title,0,,1315303298
Çatı Dubleksi,"Full Körfez Manzaralı,Kaçıranın Üzüleceği Süper İndirimli!",roof,1,1,0,0,0,detail,0,,1323854018
,Turyap'tan İzmit Merkez Adliye Karşısı Eşyalı 2+1 Satılık Daire,none,0,0,0,0,0,none,0,,1296171787
Ara Kat,İZMİT ŞEHİR MERKEZİNDE SATILIK OTOPARKLI YENİ 2+1 DAİRE,none,0,0,0,0,0,none,0,,1268051561
Dubleks|En Üst Kat|Ara Kat|Çatı Dubleksi,FIRSAT İZMİT YENİŞEHİR MERKEZİ KONUM SIFIR 110 M2 SATILIK DAİRE,roof,1,1,0,0,0,detail,0,,1320350978
,Tarcanlardan İzmit Yeni Cedit Konutlarında Satılık 3+1 Daire,none,0,0,0,0,0,none,0,,1327531502
Çatı Dubleksi,Yenişehir 3+1 dublex daire,roof,1,1,0,0,0,detail_and_title,0,title_generic_confirms_detail_subtype,1283258925
En Üst Kat|Ara Kat,Tarcanlar'dan İzmit Üçyol'da 2+1 110M2 Satılık Boş Daire,none,0,0,0,0,0,none,0,,1301921509
,VakıfBank'tan Satılık 1+1 Dubleks Daire,standard,1,0,0,0,1,title,0,,1292968611
Bahçe Dubleksi,Rw Nova'dan Bağçeşme Bağkule Sitesi 6+1 Bahçe Dubleks Daire,garden,1,0,1,0,0,detail_and_title,0,,1268365195
Ara Kat,CUMHURİYET PARKINA YÜRÜME MESAFESİNDE SATILIK 3+1 ARAKAT DAİRE,none,0,0,0,0,0,none,0,,1320116288
Ara Kat,Yahyakaptan Mahallesi'nde Satılık Daire Tramvay'a Çok Yakın,none,0,0,0,0,0,none,0,,1320296373
Ara Kat,Çukurbağ Mah. Güneşkent Sitesi,none,0,0,0,0,0,none,0,,1205433932
En Üst Kat,2. kat daire,none,0,0,0,0,0,none,0,,1326287525
Ara Kat,İZMİT TEPECIK MH. ACİL SATILIK ARA KAT 2+1 DAİRE,none,0,0,0,0,0,none,0,,1320207931
,Yapıcılar Emlak'tan Satılık 3+1 Daire,none,0,0,0,0,0,none,0,,1320193037
Ara Kat,KOZLUK MAHALLESİ'NDE SATILIK 2+1 DAİRE,none,0,0,0,0,0,none,0,,1326440434
,BAĞÇEŞME'DE GENIŞ ARA KAT DENİZ MANZARALI,none,0,0,0,0,0,none,0,,1326993604
,İZMİT MERKEZ KARABAŞ MAH. 2+1 SATILIK DAİRE.,none,0,0,0,0,0,none,0,,1320106862
,Konutix'ten İzmit Yenişehir'de Birlikte satılık 2 Adet 3+1 Daire,none,0,0,0,0,0,none,0,,1326221012
,İzmit Orhan mahallesinde satılık 2+1 dubleks,standard,1,0,0,0,1,title,0,,1272395634
Bahçe Dubleksi,FULL DENİZ MANZARALI LİLYUM 4 SİTESİ'NDE ÖZEL BAHÇELİ DUBLEKS,garden,1,0,1,0,0,detail_and_title,0,,1326209268
,REMAX DREAMDEN YAHYA KAPTAN ARMADA 5. ETAP SATILIK 4+1 DAİRE,none,0,0,0,0,0,none,0,,1326210043
Dubleks|Çatı Dubleksi,KOCAELİ FEDERALDEN İZMİT BAĞÇEŞMEDE SATILIK DUBLEX DAİRE,roof,1,1,0,0,0,detail_and_title,0,title_generic_confirms_detail_subtype,1314228321
Ara Kat,İZMİT MERKEZ KADIKÖY MAH. 3+1SATILIK DAİRE,none,0,0,0,0,0,none,0,,1326170615
Ara Kat,TANYILDIZ-İZMİT İNÖNÜ CADDESİ SATILIK 2+1 ASANSÖRLÜ FIRSAT DAİRE,none,0,0,0,0,0,none,0,,1320070847
Ara Kat,İzmitte Dünya göz hastanesi yanımda 3+1 ara kat içi yapılı,none,0,0,0,0,0,none,0,,1312685309
,ListingPortal Satılık,none,0,0,0,0,0,none,0,,1320032193
,HANİFE SULTAN SİT.1+1 (Dairenin içindeki Eşyaları fiyata dahil ),none,0,0,0,0,0,none,0,,1320093318
,"2+1 Ön Cephe, Geniş Daire",none,0,0,0,0,0,none,0,,1319898797
En Üst Kat,"İZMIT KARABAŞ MAHALLESINDE, İSTIKLAL CADDESİNDE SATILIK OFİS",none,0,0,0,0,0,none,0,,1308832626
Dubleks,Yenişehir mahallesi satılık lüks dublex,standard,1,0,0,0,1,detail_and_title,0,,1316444349
Çatı Dubleksi,REMAX EFFECT ' TEN KOZLUK MAH. 1. YOLDA 4+1 ÇATI DUBLEKS,roof,1,1,0,0,0,detail_and_title,0,,1326148592
Ters Dubleks,İZMİT TÜYSÜZLER'DE SATILIK 2+1 DUBLEX DAİRE,standard,1,0,0,0,1,detail_and_title,0,,1319731986
Bahçe Dubleksi|Ters Dubleks,SON DAİRE VİSİNYA Turgut 3+1 BAHÇE DUBLEKS Brüt 194m2,garden,1,0,1,0,0,detail_and_title,0,,1326143773
Ara Kat,EMLAK YATIRIM YENİŞEHİR MAH. 1+1 SATILIK DAİRE,none,0,0,0,0,0,none,0,,1326112714
En Üst Kat,Kiracili Izmit Merkez Satilik Yatirimlik Daire,none,0,0,0,0,0,none,0,,1319706066
Ara Kat,CADDE 41 DEN YAHYAKAPTAN 3.BÖLGE A BLOK 3+1 SATILIK ARAKAT DAİRE,none,0,0,0,0,0,none,0,,1320228599
Ara Kat,İZMİT/KADIKÖY CADDE ÜZERİ ARA KAT 2+1 SATILIK DAİRE,none,0,0,0,0,0,none,0,,1319985490
Çatı Dubleksi,İzmit Topçular da Deniz Manzaralı 2+1 Satılık Daire,roof,1,1,0,0,0,detail,0,,1263369779
Ara Kat,BAGCESMEDE SATILIK 1+1 KONUT,none,0,0,0,0,0,none,0,,1319904224
Ara Kat,İZMİT MERKEZ İNÖNÜ CADDESİ'NDE SATILIK 3+1 DAİRE,none,0,0,0,0,0,none,0,,1319946074
,KUMSAL EMLAKTAN YAHYA KAPTAN MİGROS MEVKİ SATILIK 2+1 DAİRE,none,0,0,0,0,0,none,0,,1326034761
Ara Kat,SAHİBİNDEN SATILIK | KENT KONUT 5. ETAP 2+1 DAİRE,none,0,0,0,0,0,none,0,,1319468703
,İZMİT SARAY EVLERİ ANEMON SİTESİNDE 3+1 SATILIK DAİRE,none,0,0,0,0,0,none,0,,1319954080
Çatı Dubleksi,SAHİBİNDEN PANORAMİK DUBLEKS,roof,1,1,0,0,0,detail_and_title,0,title_generic_confirms_detail_subtype,1277739471
Ara Kat,İZMİT MERKEZDE SATILIK ASANSÖRLÜ 5+1 DAİRE,none,0,0,0,0,0,none,0,,1319847381
Ara Kat,KOCAELİ İZMİT DEVLET HASTENESİ YANI SATILIK 2+1 DAİRE,none,0,0,0,0,0,none,0,,1325972214
En Üst Kat,İzmit Tepecik Mh İnönü Caddesi Üzerinde Satılık Deniz Manzaralı,none,0,0,0,0,0,none,0,,1304245691
Ara Kat,Yenişehir'de tranvay ve okul karşısı satılık daire,none,0,0,0,0,0,none,0,,1325948216
,Gel gör al,none,0,0,0,0,0,none,0,,1325864690
,ARSLAN EMLAKTAN İZMİT MERKEZ DE GENİŞ 4+1 DUBLEKS DAİRE,standard,1,0,0,0,1,title,0,,1319881270
,İZMİT KENT KONUT 5 ETAP 2+1 SATILIK DAİRE,none,0,0,0,0,0,none,0,,1325837508
Çatı Dubleksi,İZMİT ÇARŞI MERKEZ KOZLUK DA 1+1 ÇATI DUBLEKS,roof,1,1,0,0,0,detail_and_title,0,,1314032220
,RE/MAX DREAM DEN İZMİT KOZLUKTA SATILIK 3+1 DUBLEKS DAİRE,standard,1,0,0,0,1,title,0,,1302125791
,İZMİT BAĞÇEŞME MERKEZİ KONUMDA SATILIK 3+1 DAİRE,none,0,0,0,0,0,none,0,,1325775171
Ara Kat,SAHİBİNDEN İZMİT TUANA 2. ETAP DENİZ MANZARALI 2+1 SATILIK DAİRE,none,0,0,0,0,0,none,0,,1325757103
Dubleks|Bahçe Dubleksi,İzmit Orhan Mahallesi Bağçeşme 2+1 Bahçe Dubleks Satılık Daire,garden,1,0,1,0,0,detail_and_title,0,,1297288064
,DENİZ MANZARALİ KAPALİ OTOPARKLİ DAİRE,none,0,0,0,0,0,none,0,,1227493840
Dubleks,Tam İzmit Merkezde Dubleks,standard,1,0,0,0,1,detail_and_title,0,,1319537630
Ara Kat,İZMİT TEPECİK MAHALLESİ CADDE CEPHELİ SATILIK 2+1 MASRAFSIZ,none,0,0,0,0,0,none,0,,1304508297
Çatı Dubleksi,İZMİT'İN GÖZDE BÖLGESİ BAĞÇEŞME'DE MANZARALI 4+1 ÇATI DUBLEX,roof,1,1,0,0,0,detail_and_title,0,,1314136096
Ara Kat,İZMİT MERKEZ İÇİ YENİLENMİŞ D.MANZARALI SATILIK 2+1 BOŞ DAİRE,none,0,0,0,0,0,none,0,,1325928314
Ara Kat,İZMİT MERKEZ YENİTURAN CADDE ÜSTÜ SATILIK DAİRE,none,0,0,0,0,0,none,0,,1288010526
Dubleks,3+1 yeni dubleks daire,standard,1,0,0,0,1,detail_and_title,0,,1304407240
Ara Kat,İzmit Merkez de Satılık 3+1,none,0,0,0,0,0,none,0,,1325657235
,İZMİT ÇARŞI MERKEZDE OTOPARKLI 5+1 ÇATI DUBLEKSİ SATILIK DAİRE,roof,1,1,0,0,0,title,0,,1313818131
Çatı Dubleksi,TURAN GUNES CADDESI UZERINDE SATILIK 3+1 DUBLEKS DAIRE,roof,1,1,0,0,0,detail_and_title,0,title_generic_confirms_detail_subtype,1302727899
,listing_portal satılık 2+ 1 dubleks daire 155 mtr kare,standard,1,0,0,0,1,title,0,,1325613106
,İZMİT YENİŞEHİR DE SATILIK 2+1 DAİRE AKILLI EV SİSTEMLİ,none,0,0,0,0,0,none,0,,1301110348
,BAĞÇEŞME ALANPARK 4+1 SATILIK ÇATI DUBLEKS DAİRE,roof,1,1,0,0,0,title,0,,1325589086
,İZMİT KADIKÖY MAHALLESİ ÖN CEPHE 1.KAT 2+1 SATILIK DAİRE,none,0,0,0,0,0,none,0,,1325528110
,Remax Deluxeden Bağdat Caddesi Üzerinde 2+1 Satılık Daire,none,0,0,0,0,0,none,0,,1325529024
En Üst Kat,SATILIK DAİRE 4+2 İZMİT MERKEZ AKÇAKOCA MAH.,none,0,0,0,0,0,none,0,,1325524010
Ara Kat,INVEST GLOBAL'DEN KENTKONUT 3'DE ARAKAT EŞYALI SATILIK 2+1DAİRE,none,0,0,0,0,0,none,0,,1325521070
Dubleks|Çatı Dubleksi,REMAX'BAĞÇEŞME ORHAN MH SİTE İÇİ 2+1 SATILIK DUBLEKS DAİRE,roof,1,1,0,0,0,detail_and_title,0,title_generic_confirms_detail_subtype,1311370724
Ara Kat,İZMİT ÜÇYOL DOĞUKIŞLA TRAMVAY PERŞEMBE PAZARI YAKINI OTOPARKLI,none,0,0,0,0,0,none,0,,1325458627
,Kocaeli izmit Tuysuzler 3+1 satılık daire,none,0,0,0,0,0,none,0,,1319713971
Ara Kat,KENT KONUT 3 DE SAHİBİNDEN SATILIK DAİRE,none,0,0,0,0,0,none,0,,1325443103
Dubleks|Çatı Dubleksi,FIRSAT 4+1 CADDE ÜZERİ İZMİT MERKEZ,roof,1,1,0,0,0,detail,0,,1295403808
En Üst Kat,korhandan devlet hastanesine yakın içi yapılı 2+1,none,0,0,0,0,0,none,0,,1319485579
Dubleks,Yahya Kaptanda! 40 m2 Teraslı Kaçırılmayacak Fırsat!,standard,1,0,0,0,1,detail,0,,1285641503
,ARSLAN EMLAKTAN İZMİT MERKEZ DE GENİŞ 1+1 KAPALI BALKONLU DAİRE,none,0,0,0,0,0,none,0,,1325498526
Çatı Dubleksi,İZMİT CUMHURİYET PARKINA YÜRÜME MESAFESİNDE LÜKS 3+1 DUBLEKS,roof,1,1,0,0,0,detail_and_title,0,title_generic_confirms_detail_subtype,1270452807
Ara Kat,''VELİAHMET'' / İZMİT MERKEZİ KONUMLU 3+1 DAİREMİZ SATILIKTIR.,none,0,0,0,0,0,none,0,,1325258538
,İzmit Bağçeşme 4+1 dubleks daire,standard,1,0,0,0,1,title,0,,1254332326
Ara Kat,İZMİT AKÇAKOCA MAHALLESİNDE MERKEZİ KONUMDA SATILIK 2+1 DAİRE,none,0,0,0,0,0,none,0,,1325196558
,"Tramvaya yürüme iki dk mesafe ,yerden ısıtma ara kat daire",none,0,0,0,0,0,none,0,,1325225596
,YAHYA KAPTAN EVLERİ F BLOK 3+1 ARAKAT SATILIK DAİRE,none,0,0,0,0,0,none,0,,1325198146
Çatı Dubleksi,3+1 DAHA UCUZU YOK İZMİT MERKEZ,roof,1,1,0,0,0,detail,0,,1325153038
Çatı Dubleksi,İZMİT KADIKÖY MAHALLESİNDE 4+1 210 M2 DUBLEKS DAİRE 2009 YILI YP,roof,1,1,0,0,0,detail_and_title,0,title_generic_confirms_detail_subtype,1325160474
Bahçe Dubleksi,İZMİT BAĞÇEŞME'DE SATILIK 3+1 BAHÇE DUBLEKS 142 M2 SIFIR DAİRE,garden,1,0,1,0,0,detail_and_title,0,,1313939102
Ara Kat,3+1 ARA KAT,none,0,0,0,0,0,none,0,,1310433737
Kat Dubleksi,MERKEZDE KAPALI OTOPARK ASANSÖRLÜ 3+1 İSKANLI SIFIR DUBLEKS,standard,1,0,0,0,1,detail_and_title,0,,1307698129
Ara Kat,Turyap'tan İzmit Çarşı Merkez'de Satılık 3+1 Arakat Daire,none,0,0,0,0,0,none,0,,1302238244
En Üst Kat,TURYAPTAN 22 BİN TL KİRACILI EŞYALI SATILIK 1+1 DAİRE,none,0,0,0,0,0,none,0,,1325108586
,Yenişehir mahallesi Şirinevler de listing_portal satılık 3+1 dubleks,standard,1,0,0,0,1,title,0,,1325050443
Çatı Dubleksi,İZMİT KOZLUK 2.YOL'DA FULL DENİZ MANZARALI 5+1 SATILIK DAİRE,roof,1,1,0,0,0,detail,0,,1313459169
Dubleks,YAHYAKAPTAN ARMADA 5 SATILIK 3+1 DUBLEKS DAİRE,standard,1,0,0,0,1,detail_and_title,0,,1297207970
,KORHAN'DAN ÜÇYOLDA SATILIK 2+1 DAİRE,none,0,0,0,0,0,none,0,,1325320672
Dubleks|Ara Kat|Ara Kat Dubleks,BAĞÇEŞME SİTE İÇİ SATILIK ASANSÖRLÜ HAVUZLU 2+1 DUBLEKS DAİRE,middle_floor,1,0,0,1,0,detail_and_title,0,title_generic_confirms_detail_subtype,1308490584
Ara Kat,"EMLAK PROPERTYDEN BAĞÇEŞMEDE MANZARALI, KATTA TEK 3+1 140 M2",none,0,0,0,0,0,none,0,,1300494440
Ara Kat,REMAX' DEN TUANA 2. ETAP SATILIK 3+1 ARA KAT DAİRE,none,0,0,0,0,0,none,0,,1325213278
,TÜYSÜZLER VESTAPARK SİTESİNDE SATILIK 1+1,none,0,0,0,0,0,none,0,,1270505243
,YAPICILAR EMLAK'TAN KARABAŞ MAH. 3+1 ARAKAT DAİRE,none,0,0,0,0,0,none,0,,1248429647
Bahçe Dubleksi,İZMİT ORHAN MAH. SATILIK 4+1 GENİŞ BAHÇE DUBLEKS DAİRE,garden,1,0,1,0,0,detail_and_title,0,,1278076155
,İLK SAHİBİNDEN TURGUT MAHALLESİ 2+1 ARA KAT DAİRE,none,0,0,0,0,0,none,0,,1302185763
Çatı Dubleksi,SAHİBİNDEN MERKEZİ 2+1 ÇATI DUBLEKS DAİRE,roof,1,1,0,0,0,detail_and_title,0,,1187011838
,TÜM FİNANSMAN KREDİLERİNE UYGUN,none,0,0,0,0,0,none,0,,1324772012
Dubleks,İzmit Merkez Satılık 4+1 Geniş Teraslı Çatı Dubleks,standard,1,0,0,0,1,conflict_detail_wins,1,conflict detail=standard title=roof,1317096628
Ara Kat,SATILIK ARAKAT 2+1 DAİRE,none,0,0,0,0,0,none,0,,1324761617
Dubleks|En Üst Kat|Çatı Dubleksi,BAĞÇEŞME SATILIK ASANSÖRLÜ SIFIR 3+1 DUBLEKS DAİRE,roof,1,1,0,0,0,detail_and_title,0,title_generic_confirms_detail_subtype,1324760534
,İZMİT TURAN GÜNEŞTE SATILIK 5+1 DAİRE,none,0,0,0,0,0,none,0,,1256454505
,TANYILDIZDAN İZMİT İNÖNÜ CADDESİ ÜZERİNDE 3+1 SATILIK DAİRE,none,0,0,0,0,0,none,0,,1324914755
Ara Kat,CEDİT MAHALLESİ KONUTLARINDA 2+1 ARA KAT,none,0,0,0,0,0,none,0,,1324719129
Çatı Dubleksi,TUANA EMLAK TAN İSU KARŞISI SIFIR 2+1 ÇATI DUBLEKS,roof,1,1,0,0,0,detail_and_title,0,,1305438471
Çatı Dubleksi,"FIRSAT! TERASLI, MANZARALI, İZMİT TURGUT'TA 115 M² ÇATI DUBLEKS",roof,1,1,0,0,0,detail_and_title,0,,1307752529
Dubleks,Kaymakamlığa yakın 4+1 eyimsiz çatı dubleks özel mutfaklı,standard,1,0,0,0,1,conflict_detail_wins,1,conflict detail=standard title=roof,1318864681
Çatı Dubleksi|Ters Dubleks,"%70 Peşin, Kalan %30 Şirket Bünyesinde Vade, İSKANLI 3+1 DUBLEKS",roof,1,1,0,0,0,detail_and_title,0,title_generic_confirms_detail_subtype,1307143715
Dubleks|En Üst Kat|Çatı Dubleksi,BAĞÇEŞME SATILIK ASANSÖRLÜ SIFIR 3+1 ÖN CEPHE DUBLEKS DAİRE,roof,1,1,0,0,0,detail_and_title,0,title_generic_confirms_detail_subtype,1324757609
Ara Kat,İzmit Merkez Full Yapılı 2+1 Ara Kat Satılık Daire,none,0,0,0,0,0,none,0,,1324318759
Çatı Dubleksi,İZMİT MERKEZDE SATILIK 4+1 ÇATI DUBLEKS DAİRE,roof,1,1,0,0,0,detail_and_title,0,,1312536814
Ara Kat,"İzmit Merkez'de, Mükemmel Konumda Fırsat Daire",none,0,0,0,0,0,none,0,,1259618264
Ara Kat,ÇARŞI İÇİ DENİZ MANZARALI SATILIK 2+1 ARA KAT DAİRE,none,0,0,0,0,0,none,0,,1324399630
Çatı Dubleksi,KOCAELİ İZMİT YENİŞEHİR MAH 4+1 SATILIK FERAH ÇATI DUBLEKS,roof,1,1,0,0,0,detail_and_title,0,,1302213927
En Üst Kat,İZMİT MEHMETALİPAŞA MAH. SATILIK 2+1 GENİŞ TERASLI DAİRE,none,0,0,0,0,0,none,0,,1324425666
Ara Kat,İZMİT Merkez İnönü Caddesi Üzerinde Satılık 4+2 Daire,none,0,0,0,0,0,none,0,,1324357239
Çatı Dubleksi,BAĞÇEŞME ORHAN MAH. SATILIK 3+1 ÇATI DUBLEKS DAİRE,roof,1,1,0,0,0,detail_and_title,0,,1318523982
Ara Kat,EmlaXo'dan İzmit Eski İstanbul Yolu'nda Satılık 3+1 Geniş Daire,none,0,0,0,0,0,none,0,,1324350083
Ara Kat,İZMİT BAĞÇEŞME'DE 3+1 SATILIK 170M2 DUBLEX,standard,1,0,0,0,1,title,0,,1318329674
Ara Kat,AKÇAKENT 1 SİTESİNDE 3+1 FERAH HAVUZ GÜVENLİK SATILIK DAİRE,none,0,0,0,0,0,none,0,,1324504173
En Üst Kat,İZMİT TURGUT MAHALLESİ YUVAM TURGUT KONUTLARI SATILIK 3+1 DAİRE,none,0,0,0,0,0,none,0,,1324290178
Çatı Dubleksi,SAHİBİNDEN YENİŞEHİR KONAK HASTANESİ MEVKİİNDE 3+1 ÇATI DUBLEKSİ,roof,1,1,0,0,0,detail_and_title,0,,1324259056
Bahçe Dubleksi,BAĞÇEŞME ALANPARK SİTESİ'NDE SATILIK LÜKS 4+2 BAHÇE DUBLEKS,garden,1,0,1,0,0,detail_and_title,0,,1318668438
Ara Kat,İZMİT MEHMETALİPAŞA MAH. SATILIK 3+1 ARA KAT DAİRE,none,0,0,0,0,0,none,0,,1324421558
Ters Dubleks,DENİZ MANZARALI,standard,1,0,0,0,1,detail,0,,1309737460
Ara Kat,İZMİT MERKEZ YÜRÜYÜS YOLUNDA DENİZ MANZARALI SATILIK 2+1 ARA KAT,none,0,0,0,0,0,none,0,,1324393135
Ara Kat,"SATILIK DAİRE 2+1 İZMİT MERKEZ, İNÖNÜ CAD. HAFIZ ŞERİF SOK.BAŞI",none,0,0,0,0,0,none,0,,1324352475
Ara Kat,İhtiyaçtan satılık..! Orduevi'nde Yenilenmiş 3+1 Daire,none,0,0,0,0,0,none,0,,1299855236
Çatı Dubleksi,BAĞÇEŞMEDE SİTE'DE 145 M2 3+1 E. BANYOLU ÇATI DUBLEKS,roof,1,1,0,0,0,detail_and_title,0,,1165599658
Ara Kat,İZMİT ÇUKURBAĞ MAHALLESİ'NDE SATILIK FERAH 3+1 DAİRE,none,0,0,0,0,0,none,0,,1323559043
Çatı Dubleksi,"İZMİT,KOZLUK MAH.RASATHANE CAD.SATILIK 2+1 Ç.DUBLEKS DAİRE..",roof,1,1,0,0,0,detail_and_title,0,title_generic_confirms_detail_subtype,1294674530
Çatı Dubleksi,İZMİT TURGUT MAHALLESİ SATILIK 4+1 ÇATI DUBLEKS 180 M2 DAİRE,roof,1,1,0,0,0,detail_and_title,0,,1260224150
Dubleks,Zafira Evleri 1+1 Bahçe Dubleks,standard,1,0,0,0,1,conflict_detail_wins,1,conflict detail=standard title=garden,1312788635
Ara Kat,İZMİT HACIHIZIR UFUK SİTESi 3+1 ARA KAT SATILIK DAİRE,none,0,0,0,0,0,none,0,,1323983134
,Tarcanlar'dan Çarşı Merkez Cedit Mahallesinde 3+1 Satılık Dublex,standard,1,0,0,0,1,title,0,,1313942357
Ara Kat,"KENT KONUTLARI 3. ETAPTA FULL EŞYALI, MASRAFSIZ 1+1 FIRSATI",none,0,0,0,0,0,none,0,,1323976753
Bahçe Dubleksi,Turgut Mah. Visinya Projesi Satılık 3+1 Bahçe Dublex,garden,1,0,1,0,0,detail_and_title,0,,1323924770
Ara Kat,Masiva Kozluk Projesi 2+1 Arakat,none,0,0,0,0,0,none,0,,1306851851
Ara Kat,Yenişehir mahallesinde satılık 3+1 arakat daire,none,0,0,0,0,0,none,0,,1323913619
,Kocaeli İzmit Cedit Mahallesinde Satılık 2 + 1 Dubleks Daire,standard,1,0,0,0,1,title,0,,1318251061
,Turyap'tan Yenişehir'de Turan Güneş Caddesine Yakın 1+1 Daire,none,0,0,0,0,0,none,0,,1323879992
Dubleks|En Üst Kat|Çatı Dubleksi,BAĞÇESME KAVANİUM SİTESİ SATILIK 2+1 DUBLEKS DAİRE,roof,1,1,0,0,0,detail_and_title,0,title_generic_confirms_detail_subtype,1307672789
,SAHİBİNDEN FND SMART 2 SİTESİNDE EŞYALI DAİRE,none,0,0,0,0,0,none,0,,1323862921
Ara Kat,"İzmit'in Kalbinde: Hem Yaşam, Hem Yatırım Fırsatı!",none,0,0,0,0,0,none,0,,1322092567
En Üst Kat,SATILIK 2-1 İZMİT BAGÇEŞME KAVANYUM EVLERİNDE DAİRE,none,0,0,0,0,0,none,0,,1323803088
,Tarcanlardan Kadıköy Mahallesi 4+1 Dubleks Satılık Daire,standard,1,0,0,0,1,title,0,,1295905333
Dubleks|En Üst Kat|Çatı Dubleksi,İZMİT ÇARŞIDA İÇİ TAMAMEN YENİLENMİŞ YENİ BİNADA,roof,1,1,0,0,0,detail,0,,1266078824
Ara Kat,ilk listing_portal ara kat 3+1 daire,none,0,0,0,0,0,none,0,,1323678491
Çatı Dubleksi,2. Yolda Deniz Manzaralı Dubleks Mesken,roof,1,1,0,0,0,detail_and_title,0,title_generic_confirms_detail_subtype,1312706237
Ara Kat|Çatı Dubleksi,YAHYAKAPTAN ARMADA KENT 3 BÜYÜK ADA İÇİ YAPILI ÇATI DUBLEKS,roof,1,1,0,0,0,detail_and_title,0,,1301284369
Dubleks,Neşe Emlaktan Turgut mah. Full Deniz manzaralı çatı dublex 4+1,standard,1,0,0,0,1,conflict_detail_wins,1,conflict detail=standard title=roof,1295159841
Ara Kat,Tuana evleri 2+1 daire,none,0,0,0,0,0,none,0,,1226441316
,"3+1 Daire, İzmit Turgutlu Mh",none,0,0,0,0,0,none,0,,1244178304
Çatı Dubleksi,ASAYRA EMLAK TAN ŞEHİR HASTANESİ'NE YAKIN 2+1 SATILIK ÇATI DUB,roof,1,1,0,0,0,detail,0,,1179205714
Çatı Dubleksi,İZMİT MERKEZ KOZLUKTA KAPALI OTOPARKLI 3+1 SIFIR DUBLEKS,roof,1,1,0,0,0,detail_and_title,0,title_generic_confirms_detail_subtype,1277131721
En Üst Kat,"SAHİBİNDEN SATILIK - FERAH, MANZARALI GENİŞ 2+1",none,0,0,0,0,0,none,0,,1188356063
,DAİREYE AİT BAHÇELİ 3+1 KISA SÜRELİ FİYAT...,none,0,0,0,0,0,none,0,,1316721514
Bahçe Dubleksi,EMSAL ALTINDA FİYAT YEŞİLYURTTA 145 m² NET 3+1 BAHÇE DUBLEKSİ,garden,1,0,1,0,0,detail_and_title,0,,1326223953
,Yunus Emre Caddesi 3+1 Dubleks,standard,1,0,0,0,1,title,0,,1328894532
,2+1 YÜKSEK GİRİŞ BARBAROS MAH.,none,0,0,0,0,0,none,0,,1328960659
,BİRİKİM GAYRİMENKULDEN SİTE İÇERSİNDE 3+1 SATILIK DAİRE,none,0,0,0,0,0,none,0,,1328289190
Dubleks,ROYAL COUNTRY SİT. DENİZ MANZARALI SATILIK 3+1 DUBLEKS DAİRE,standard,1,0,0,0,1,detail_and_title,0,,1330026938
Çatı Dubleksi,KELEPİR YEŞİLYURT MAH.2+1 ÇATI DUBLEKSİ TERASLI EBEVEYN B.,roof,1,1,0,0,0,detail_and_title,0,,1300785827
Çatı Dubleksi,Yeşilyurt ta Satılık 2+1 Çatı Dubleks Daire (105m²),roof,1,1,0,0,0,detail_and_title,0,,1309466527
Ara Kat,DERİN'DEN SİTE İÇERİSİNDE GENİŞ 3+1 SATILIK ARA KAT DAİRE,none,0,0,0,0,0,none,0,,1318226821
Bahçe Dubleksi,YUVACIK MERKEZİ KONUM FULL KREDİYE UYGUN 3+1 BAHÇE KATI DAİRE,garden,1,0,1,0,0,detail,0,,1329648315
Çatı Dubleksi,Tarcanlardan Başiskele Körfez Mah. 4+1 Satılık Çatı Dubleks,roof,1,1,0,0,0,detail_and_title,0,,1325338476
Çatı Dubleksi,BAŞİSKELE KULLAR YAYLACIKTA SATILIK 3+1 ÇATI DUBLEKS DAİRE,roof,1,1,0,0,0,detail_and_title,0,,1318211157
Ara Kat,ASİES GLOBAL'DEN BAŞİSKELE PAŞADAĞ'DA 2+1 ARAKAT MUHTEŞEM FIRSAT,none,0,0,0,0,0,none,0,,1329328471
Bahçe Dubleksi,BAŞİŞKELE KULLAR YAYLACIKTA 3+1 SATILIK BAHÇE DUBLEX DAİRE,garden,1,0,1,0,0,detail_and_title,0,,1318207945
,Projenin son dairesi 3+1 ÇATI DUBLEKS,roof,1,1,0,0,0,title,0,,1278782895
Çatı Dubleksi,BAŞİSKELE BAHÇECİK DOĞA VE DENİZ MANZ 4+1 SATILIK ÇATI DUBLEKS,roof,1,1,0,0,0,detail_and_title,0,,1315892231
Dubleks|En Üst Kat,Başiskele Fatih de Ultra Lüks 3+1 Eğimsiz Çatı Dubleks شقة فاخرة,standard,1,0,0,0,1,conflict_detail_wins,1,conflict detail=standard title=roof,1269089595
Ara Kat,Başiskele Yeşilyurt Memursen Sitesinde Satılık 3+1 Arakat,none,0,0,0,0,0,none,0,,1328907867
Dubleks|En Üst Kat|Ara Kat|Çatı Dubleksi,BAŞİSKELE YEŞİLYURT 3+1 ÖNÜ AÇIK 160 M2 DUBLEKS DAİRE,roof,1,1,0,0,0,detail_and_title,0,title_generic_confirms_detail_subtype,1325803114
Çatı Dubleksi,BAŞİSKELE MAHMUTPAŞA MH. STRADA AVM YANI 2+1 SATILIK ÇATI DUBLKS,roof,1,1,0,0,0,detail,0,,1324936440
Ara Kat,BAŞİSKELE YEŞİLKENT KALICI KONUTLARIN'DA DENİZ MANZARALI ARA KAT,none,0,0,0,0,0,none,0,,1330093035
,BAŞISKELE SİTEİÇİ EBEVEYN BANYOLU TERAS DUBLESKS DAİREMİZ,none,0,0,0,0,0,none,0,,1304322054
Bahçe Dubleksi,BARBAROS'DA YENİ OTURUMDA 3+1 BAHÇE DUBLEKS SATILIK DAİRE,garden,1,0,1,0,0,detail_and_title,0,,1330072150
,SAHİBİNDEN 4+1 MERKEZİ KONUMDA GENİŞ ÇATI DUBLEKSİ,roof,1,1,0,0,0,title,0,,1330062954
,FATİH MAHALLESİ POLEN PARK SİTESİNDE 2+1 BAHÇE DUBLEKS,garden,1,0,1,0,0,title,0,,1320766242
Bahçe Dubleksi,DREAM GARDENSTA HAVUZLU SIFIR 3+1 BAHÇE DUBLEKS!,garden,1,0,1,0,0,detail_and_title,0,,1320652786
Çatı Dubleksi,BAŞİSKELE FATİH MAHALLESİNDE SATILIK 4+1 GENİŞ DUBLEKS,roof,1,1,0,0,0,detail_and_title,0,title_generic_confirms_detail_subtype,1309845768
Bahçe Dubleksi,İLTER&AKYÜZ'DEN BAHÇECİK TE 274 M2 SATILIK BAHÇE DUBLEKSİ,garden,1,0,1,0,0,detail_and_title,0,,1327290206
,MODA PAZARI ÜSTÜ 3+1 Çatı Dubleks,roof,1,1,0,0,0,title,0,,1316493106
En Üst Kat,ATLAS EMLAK DENİZ MANZARALI SATILIK 3+1 SEMT BAHÇECİK,none,0,0,0,0,0,none,0,,1330147778
Dubleks|En Üst Kat|Ara Kat|Çatı Dubleksi,KOCAELİ BAŞİSKELE BARBAROS MAHALLESİNDE 3+1 SATILIK ÇATI DUBLEKS,roof,1,1,0,0,0,detail_and_title,0,,1312664636
,NOVA'DAN YEŞİLKENTTE SATILIK 3+1 DAİRE,none,0,0,0,0,0,none,0,,1330106680
Çatı Dubleksi,REMAX MYRADAN BAŞİSKELE BARBAROS SATILIK İSKANLI 2+1 GENİŞ DAİRE,roof,1,1,0,0,0,detail,0,,1330071476
Ara Kat,Bahama Proje 1 Projesi 3+1 130m2 Balkonlu Satılık Daire,none,0,0,0,0,0,none,0,,1324121030
Çatı Dubleksi,BAŞİSKELE BARBAROS MAH ATATÜRK CADDESİ ÜZERİNDE 5+1 ÇATI DUBLEKS,roof,1,1,0,0,0,detail_and_title,0,,1327120330
Ters Dubleks,BAŞİSKELE YAYLACIKTA HAVUZLU OTOPARKLI SİTEDE 1+1 DUBLEKS!,standard,1,0,0,0,1,detail_and_title,0,,1323871781
Bahçe Dubleksi,BAŞİSKELE-BARBAROS- FULL TADİLATLI 3+1 SATILIK 130 m2 DUBLEKS,garden,1,0,1,0,0,detail_and_title,0,title_generic_confirms_detail_subtype,1204230095
Dubleks|En Üst Kat|Çatı Dubleksi,KOCAELİ BAŞİSKELE SATILIK TWİNKLE LİFE SİTESİ 3+1 DUBLEKS DAİRE,roof,1,1,0,0,0,detail_and_title,0,title_generic_confirms_detail_subtype,1322778520
,SATILIK DAİRE - 100 m²- 2+1 - DUBLEKS - KULLAR TEPECİK MH.,standard,1,0,0,0,1,title,0,,1312454479
Dubleks|Çatı Dubleksi,BAŞİSKELE ALTINKENT DÖNGEL MEVKİ'İNDE 2+1 SATILIK DAİRE,roof,1,1,0,0,0,detail,0,,1329917949
Bahçe Dubleksi,BAŞİSKELE YENİKÖY AFRAZE SİTESİNDE SATILIK 3+1 BAHÇE DUBLEKSİ,garden,1,0,1,0,0,detail_and_title,0,,1318567360
,3+1 3.KAT ANAYOL CEPHELİ DAİRE,none,0,0,0,0,0,none,0,,1329893453
Ara Kat,BAŞİSKELE YENİKÖY'DE ARA KAT SATILIK 3+1 DAİRE,none,0,0,0,0,0,none,0,,1328532470
Çatı Dubleksi|Ters Dubleks,Başiskele merkezde,roof,1,1,0,0,0,detail,0,,1329753416
,YOLDAŞ EMLAKTAN BAŞİSKELE YAYLACIK MAH 2+1 SATILIK BAHÇE DUBLEKS,garden,1,0,1,0,0,title,0,,1326941796
,MÜKEMMEL KONUM DA İÇİ DIŞI HARİKA OLAN EĞİMSİZ ÇATI DUBLEKS,roof,1,1,0,0,0,title,0,,1323925480
Dubleks|En Üst Kat|Çatı Dubleksi,BARBAROS MH'de %70 KREDİ İMKANI DENİZ MANZARALI 4+1 DAİRE,roof,1,1,0,0,0,detail,0,,1312127065
Ara Kat,YENİKÖY KALICI KONUTLARINDA FIRSAT DAİRE,none,0,0,0,0,0,none,0,,1329845668
Çatı Dubleksi|Ters Dubleks,Başiskele Yeniköy Oturuma Hazır 2+1 Satılık Çatı Dubleks Daire,roof,1,1,0,0,0,detail_and_title,0,,1329836106
,7 GÜN GEÇERLİ KOCAELİ I BAŞİSKELE MÜSTAKİL BAHÇELİ 3+1 DUBLEKS,standard,1,0,0,0,1,title,0,,1288866104
Dubleks,ÜST GRUP'TAN MEZİRE BAHÇECİK DENİZ MANZARALI BAHÇE DUBLEX 3+1,standard,1,0,0,0,1,conflict_detail_wins,1,conflict detail=standard title=garden,1289968284
Bahçe Dubleksi,Başiskele Üstpark Afraze: Doğayla İç İçe Bahçeli 3+1,garden,1,0,1,0,0,detail,0,,1258277387
Bahçe Dubleksi,RW Nova'dan Altınkent Mh. Satılık 3+1 Bahçe Dubleks,garden,1,0,1,0,0,detail_and_title,0,,1312608062
Ara Kat,TUAL'DEN OTURUMA HAZIR İSKANLI YÜKSEK KREDİ İMKANI 3+1,none,0,0,0,0,0,none,0,,1329763507
Dubleks,TUAL'DEN OTURUMA HAZIR SIFIR İSKANLI KREDİYE UYGUN 3+1 DUBLEKS,standard,1,0,0,0,1,detail_and_title,0,,1329762844
Ara Kat,SAHİLE YÜRÜME EBEVEYN BANYOLU ÇİFT BALKONLU 3+1 ARAKAT DAİRE,none,0,0,0,0,0,none,0,,1328398163
Ters Dubleks,Altınkent Mh. 4+1 Satılık Dubleks Daire,standard,1,0,0,0,1,detail_and_title,0,,1320406679
Dubleks|En Üst Kat|Çatı Dubleksi|Ters Dubleks,KULLAR 2+1 EĞİMSİZ TERS DUBLEKS TERASLI DAİRE,roof,1,1,0,0,0,detail_and_title,0,title_generic_confirms_detail_subtype,1323810848
Dubleks|Çatı Dubleksi,BAŞİSKELE MAHMUTPAŞADA 1+1 DENİZ MANZARALI ASANSÖRLÜ,roof,1,1,0,0,0,detail,0,,1329719265
Ara Kat,ENKA gayrimenkul'den ACİL SATILIK DAİRE,none,0,0,0,0,0,none,0,,1329642542
Çatı Dubleksi,BAŞİSKELE BARBAROS MAHALLESİ'NDE SATILIK 4+1 SATILIK DUBLEKS,roof,1,1,0,0,0,detail_and_title,0,title_generic_confirms_detail_subtype,1291703423
,KOCAELİ KULLAR ULTRA LÜX 2+1 ARAKAT DAİRE,none,0,0,0,0,0,none,0,,1329703112
Çatı Dubleksi,BARBAROS MAH. SATILIK KAPALI TERASLI 3+1 Ç.DUBLEKSİ DAİRE,roof,1,1,0,0,0,detail_and_title,0,title_generic_confirms_detail_subtype,1329696641
,BAŞİSKELE KULLAR LÜX ARAKAT,none,0,0,0,0,0,none,0,,1329691205
Çatı Dubleksi,Eğimsiz 3+1 Çatı Dubleks Daire Önü Açık Deniz ve Şehir Manzaralı,roof,1,1,0,0,0,detail_and_title,0,,1323718404
Çatı Dubleksi,Reliance G.D. Başiskele Merkezde Satılık Daireler,roof,1,1,0,0,0,detail,0,,1329654732
Çatı Dubleksi,3+1 MODA PAZARI VE SAAT KULESİ ARASI ÇATI DUBLEKS SATILIK,roof,1,1,0,0,0,detail_and_title,0,,1323596539
,BAŞİSKELE EVİMİZ KOCAELİ SİTESİ 3+1 BAHÇE KATI SATILIK DAİRE,none,0,0,0,0,0,none,0,,1328278251
Çatı Dubleksi,C&G GÜLŞEN EMLAK GAYRİMENKULDEN SATILIK 3+1 ÇATI DUBLEX,roof,1,1,0,0,0,detail_and_title,0,,1329633458
En Üst Kat|Çatı Dubleksi,YBM'den Başiskele Pınar Caddesi Sahile 5dk KÖŞE BAŞI 4+1 DUBLEKS,roof,1,1,0,0,0,detail_and_title,0,title_generic_confirms_detail_subtype,1071861748
Ara Kat|Çatı Dubleksi,SATILIK KISMİ DENİZ MANZARALI DUBLEKS DAİRE,roof,1,1,0,0,0,detail_and_title,0,title_generic_confirms_detail_subtype,1317605564
Bahçe Dubleksi,BAŞİSKELE BARBAROS MAH'DE TERAS 2 EVLERİNDE SATILIK 3+1 DAİRE,garden,1,0,1,0,0,detail,0,,1329605159
Çatı Dubleksi,"BAŞİSKELE SAHİLDE, EMSALSİZ LOKASYONDA SATILIK DUBLEKS 4+1 DAİRE",roof,1,1,0,0,0,detail_and_title,0,title_generic_confirms_detail_subtype,1278010340
Bahçe Dubleksi,BAŞİSKELE BARBAROS MAHALLESİNDE SATILIK FIRSAT 3+1 DUBLEKS DAİRE,garden,1,0,1,0,0,detail_and_title,0,title_generic_confirms_detail_subtype,1326649355
Dubleks|Bahçe Dubleksi,BAŞİSKELE'de DENİZ MANZARALI SATILIK 3+1LÜKS BAHÇE DUBLEKS DAİRE,garden,1,0,1,0,0,detail_and_title,0,,1315671814
,3+1 | EĞİMSİZ | TERAS | LÜKS | BAŞİSKELE | BAHÇELİ | ARAÇ TAKAS,none,0,0,0,0,0,none,0,,1329565088
Dubleks,BAŞİSKELE MAHMUTPAŞADA SATILIK 4+1 DUBLEKS DAİRE,standard,1,0,0,0,1,detail_and_title,0,,1297278763
,FUL DENİZ MANZARALI GENİŞ 4+1,none,0,0,0,0,0,none,0,,1329939592
Bahçe Dubleksi,KULLAR SİTE İÇERİSİNDE 3+1 DENİZ MAN. SIFIR BAHÇE DUBLEKS DAİRE,garden,1,0,1,0,0,detail_and_title,0,,1329511003
Dubleks|En Üst Kat|Çatı Dubleksi,KULLAR 2+1 EĞİMSİZ DUBLEKS DAİRE,roof,1,1,0,0,0,detail_and_title,0,title_generic_confirms_detail_subtype,1323790020
,KULLAR YAYLACIK MAH.- SATILIK DAİRE -3+1 -136 m²-BAHÇE DUBLEKS,garden,1,0,1,0,0,title,0,,1275549658
En Üst Kat,BAŞİSKELE PEKDEMİR EVİMİZ KOCAELİ'DE 2+1 SATILIK DAİRE,none,0,0,0,0,0,none,0,,1329489722
Dubleks|Bahçe Dubleksi,Başiskele Yakacık Mah.Geniş Bahçeli 3+1 Satılık Bahçe Dubleks,garden,1,0,1,0,0,detail_and_title,0,,1321506124
,Denize Yürüme Mesafesinde | Asansörlü 3+1 Geniş Daire eşyalı,none,0,0,0,0,0,none,0,,1329477389
Ara Kat|Bahçe Dubleksi|Çatı Dubleksi,ALTINKENT MAHALLESİNDE EKONOMİK FİYATLARDA DUBLEKS DAİRELER,roof,1,1,0,0,0,detail_and_title,0,title_generic_confirms_detail_subtype,1308491318
Çatı Dubleksi,Kullar Merkez Mahallesinde Sıfır 3+1 Çatı Dubleksi Satılıktır.,roof,1,1,0,0,0,detail_and_title,0,,1329239922
,BAŞİSKELE BARBAROS SAAT KULESİ SATILIK 2+1 ÇATI DUBLEKS,roof,1,1,0,0,0,title,0,,1329650501
Ara Kat,3+1 Ara Kat Daire,none,0,0,0,0,0,none,0,,1329426383
Dubleks|Bahçe Dubleksi,BAŞİSKELE BARBAROS MAHALLESİ'NDE MERKEZİ KONUMDA 3+1 BAHÇE DBLK,garden,1,0,1,0,0,detail,0,,1329430251
,BAŞİSKELE'DE DENİZ MANZARALI 3+1 SATILIK BAHÇE DUBLEKS DAİRE,garden,1,0,1,0,0,title,0,,1286315713
Ara Kat,BAŞISKELE SAHİL DENİZ MANZARALI DÜZ DAİRE,none,0,0,0,0,0,none,0,,1329397076
,ACİL SATILIK Barbaros'ta 150 m2 3+1 Site içi B.Dubleks,standard,1,0,0,0,1,title,0,,1320156717
,BAŞİSKELE BARBAROS MAHALLESİNDE SATILIK 2+1 ÇATI DUBLEKS İSKANLI,roof,1,1,0,0,0,title,0,,1323369784
Çatı Dubleksi,VİRA EVLERİ Projesi 3+1 215m2 Balkonlu Satılık Daire,roof,1,1,0,0,0,detail,0,,1329367150
Dubleks|En Üst Kat|Ters Dubleks,ALAÇATI'dan YAYLACIK MH.'de HAVUZLU SİTE 1+1 DUBLEKS DAİRE,standard,1,0,0,0,1,detail_and_title,0,,1309301415
Bahçe Dubleksi,RE/MAX ARMİNA GÜVENCESİYLE BAHÇE DUBLEKS YAŞAM FIRSATI,garden,1,0,1,0,0,detail_and_title,0,,1329354359
Dubleks|En Üst Kat|Çatı Dubleksi,FIRSAT BAŞİSKELE DÖNGELDE SİTEDE 3+1 145M2 SATILIK ÇATI DUBLEKS.,roof,1,1,0,0,0,detail_and_title,0,,1317357625
Tripleks,TANTA EMLAK'TAN SATILIK SİTE İÇİ HAVUZLU ULTRA LÜKS VİLLA,none,0,0,0,0,0,none,0,,1323483849
Ters Dubleks,BAŞİSKELE DÖNGEL ALTINKENT MEVKİİNDE 3+1 SATILIK TERS DUBLEKS,standard,1,0,0,0,1,detail_and_title,0,,1312204162
En Üst Kat,Evimiz Kocaeli Sitesinde Satılık İçi Yapılı Daire,none,0,0,0,0,0,none,0,,1329322610
Bahçe Dubleksi,Attichouse'tan Deniz Manz 4+1 Bahçe Dubleks Başiskele'de Satılık,garden,1,0,1,0,0,detail_and_title,0,,1326455646
,BAŞİSKELE DÖNGEL SATILIK DUBLEKS,standard,1,0,0,0,1,title,0,,1329317061
,Barbaros mah.atatürk caddesinde satılık 2+1 dubleks daire,standard,1,0,0,0,1,title,0,,1329293871
Bahçe Dubleksi,YAYLACIK MAH. 2+1 AMERİKAN MUTFAK BAHÇE DUBLEKS,garden,1,0,1,0,0,detail_and_title,0,,1317813693
Dubleks|En Üst Kat|Çatı Dubleksi,BAŞİSKELE MERKEZ DE 3+1 ASANSÖRLÜ ÇATI DUBLEKS,roof,1,1,0,0,0,detail_and_title,0,,1324990435
Ara Kat,BAŞİSKELE BARBAROS MAH'DE SATILIK 3+1 ARA KAT DAİRE,none,0,0,0,0,0,none,0,,1318009491
Bahçe Dubleksi|Ters Dubleks,REMAX DREAM'DEN BAŞİSKELE SAHİLDE 2+1 SATILIK DUBLEX DAİRE,garden,1,0,1,0,0,detail_and_title,0,title_generic_confirms_detail_subtype,1309034297
Bahçe Dubleksi,RE/MAX ARMİNA GÜVENCESİYLE 3+1 Bahçe Dubleks,garden,1,0,1,0,0,detail_and_title,0,,1329353308
Çatı Dubleksi,DENİZ MANZARALI 3+1 135 M2 EĞİMSİZ ÇATI DUBLEX KREDİYE UYGUN,roof,1,1,0,0,0,detail_and_title,0,,1312125080
Dubleks,İNŞAAT MÜHENDİSİNDEN 4+1 DUBLEKS | 4 BALKONLU | YOLA SIFIR,standard,1,0,0,0,1,detail_and_title,0,,1323257269
Bahçe Dubleksi,İLK ve ORTAOKULA STRADAYA YÜRÜME MESAFESİNDE 3+1 BAHÇE DUBLEKS,garden,1,0,1,0,0,detail_and_title,0,,1312032538
,BİTİNYA HOMES SİTESİNDE SATILIK 3+1 ÇATI DUBLEX,roof,1,1,0,0,0,title,0,,1329108047
Dubleks|Bahçe Dubleksi,BAŞİSKELE ALTINKENT MAH. SATILIK SİTE İÇİ 3+1 BAHÇE DUBLEKS,garden,1,0,1,0,0,detail_and_title,0,,1317807835
,Site içerisinde havuzlu daire,none,0,0,0,0,0,none,0,,1183638035
Dubleks,SEYMEN SAHİLE YAKIN SATILIK 5+2 DUBLEX VİLLA TİPİ DAİRE,standard,1,0,0,0,1,detail_and_title,0,,1300389563
,Başiskele Kullar Tepecik Mah. Site İçerisinde Satılık 3+1,none,0,0,0,0,0,none,0,,1329073944
Dubleks|En Üst Kat|Çatı Dubleksi,BARBAROS MAHALLESİNDE PANAROMİK DENİZMANZARALI 3+1 ÇATI DUBLEKS,roof,1,1,0,0,0,detail_and_title,0,,1319864159
Bahçe Dubleksi,BAŞİSKELE BARBAROS MAH'DE KENDİNE AİT BAHÇELİ 3+1 DAİRE,garden,1,0,1,0,0,detail,0,,1329345480
,BAŞİSKELE BAHÇECİK MEZİRE EVLERİ - SATILIK VE KİRALIK DAİRELER,none,0,0,0,0,0,none,0,,1286443419
,BAŞİSKELE BARBAROS MAHALLESİNDE SİTE İÇİ SATILIK DAİRE;,none,0,0,0,0,0,none,0,,1314301680
Bahçe Dubleksi,BAŞİSKELE KÖRFEZ MAH. SATILIK 2+1 BAHÇE DUBLEKS DAİRE,garden,1,0,1,0,0,detail_and_title,0,,1317967667
Dubleks,BAŞİSKELE' DE FUL DENİZ MANZARALI SATILIK 4+1 DUBLEX DAİRE,standard,1,0,0,0,1,detail_and_title,0,,1305716629
Çatı Dubleksi,KOCAELİ BAŞİSKELE'DE 2+1 EĞİMSİZ SİTE İÇİNDE ÇATI DUBLEKSİ,roof,1,1,0,0,0,detail_and_title,0,,1322960670
Ara Kat,BAŞİSKELEDE MODA PAZARI CİVARINDA 3+1 ARA KAT DAİRE,none,0,0,0,0,0,none,0,,1311878594
,Başiskele Paşadağ Yakacık'ta Ultra Lüks 2+1 Dubleks Daire,standard,1,0,0,0,1,title,0,,1321593284
Ara Kat,ERENOĞLU GM'DEN BARBAROS MAH PINAR CEDDESİNDE SATILIK 3+1 ARAKAT,none,0,0,0,0,0,none,0,,1329094604
,BAŞİSKELE YENİKÖYDE SATILIK 4+1 DENİZ MANZARALI SIFIR VİLLA,none,0,0,0,0,0,none,0,,1277632854
,BAŞİSKELE KÖRFEZ MAH DE SATILIK FIRSAT 3+1 EBEVEYN BANYOLU DAİRE,none,0,0,0,0,0,none,0,,1328885606
,Moda Pazarı Üstü 3+1 Çatı Dubleks,roof,1,1,0,0,0,title,0,,1318055448
Dubleks,SEYMEN REZİDANS SATILIK DUBLEKS 1+1 DAİRE,standard,1,0,0,0,1,detail_and_title,0,,1328841314
Dubleks|En Üst Kat|Çatı Dubleksi,KULLAR MERKEZDE LÜKS 3+1 DUBLEKS DAİRE,roof,1,1,0,0,0,detail_and_title,0,title_generic_confirms_detail_subtype,1268047763
Ara Kat,BAŞİSKELE 2+1 ARA KAT | 3 BALKON | YERDEN ISITMALI |YÜKSEK KREDİ,none,0,0,0,0,0,none,0,,1328800120
Dubleks|Çatı Dubleksi,ListingPortal Satılık 140m2 Dubleks 2+1 Daire,roof,1,1,0,0,0,detail_and_title,0,title_generic_confirms_detail_subtype,1328124993
Çatı Dubleksi,KULLAR MERKEZDE ACİL SATILIK 3+1 140M2 ÇATI DUBLEX,roof,1,1,0,0,0,detail_and_title,0,,1317242813
Bahçe Dubleksi|Tripleks,"BAŞİSKELE'DE MERKEZİ KONUMDA, FERAH VE KULLANIŞLI BAHÇE DUBLEKS!",garden,1,0,1,0,0,detail_and_title,0,,1329116215
En Üst Kat,BAŞİSKELE YENİKÖY KALICI DEPREM KONUTLARINDA SATILIK 3+1 DAİRE,none,0,0,0,0,0,none,0,,1328698464
Çatı Dubleksi,BAŞİSKELE BARBOROS MAH. LÜKS ÇATI 3+1 ÇATI DUBLEKS,roof,1,1,0,0,0,detail_and_title,0,,1325741044
Dubleks,KULLAR'DA MERKEZİ KONUMDA 2+1 SATILIK ÇATI DUBLEKS,standard,1,0,0,0,1,conflict_detail_wins,1,conflict detail=standard title=roof,1313840125
,YENİKÖY ATAKENT SİTESİ İÇERİSİNDE SATILIK 4+1 BAHÇE DUBLEKS,garden,1,0,1,0,0,title,0,,1328684329
Ara Kat,DERİNDEN MAHMUTPAŞA MAHALLESİNDE SATILIK 2+1 ARA KAT DAİRE,none,0,0,0,0,0,none,0,,1328672159
Çatı Dubleksi,CB ENVOY Başiskele Seymen'de Deniz Manzaralı 3+1 Çatı Dubleks,roof,1,1,0,0,0,detail_and_title,0,,1314373917
Bahçe Dubleksi,YUVACIK MAHMUTPAŞA MAH. SATILIK 3+1 DUBLEX DAİRE,garden,1,0,1,0,0,detail_and_title,0,title_generic_confirms_detail_subtype,1261937884
,BAŞİSKELE KULLAR'DA 2+1 EBEVYN BANYOLU SATILIK ÇATI DUBLEKS,roof,1,1,0,0,0,title,0,,1322945323
,BAŞİSKELE BARBAROSTA 5+1 SATILIK ÇATI DUBLEKS DAİRE,roof,1,1,0,0,0,title,0,,1311419627
Dubleks,KAYA İNŞAATTAN SATILIK LÜKS DAİRE,standard,1,0,0,0,1,detail,0,,1328600410
Ara Kat Dubleks,BAŞİSKELE ALTINKENT DÖNGEL MEVKİ 3+1 SATILIK ARA DUBLEKS DAİRE,middle_floor,1,0,0,1,0,detail_and_title,0,title_generic_confirms_detail_subtype,1322798042
Çatı Dubleksi,BAŞİSKELE PINAR CADDESİ ÜZERİNDE SATILIK 4+1 DUBLEKS DAİRE,roof,1,1,0,0,0,detail_and_title,0,title_generic_confirms_detail_subtype,1302888207
En Üst Kat,BAŞİSKELE EVİMİZ KOCAELİ SİTESİ STRADA YANI 3+1 SATILIK DAİRE,none,0,0,0,0,0,none,0,,1328534859
Dubleks|Çatı Dubleksi,BAŞİSKELE BARBAROS MAH 2+1 EĞİMSİZ ÇATI DUBLEKS DAİRE,roof,1,1,0,0,0,detail_and_title,0,,1328547336
Çatı Dubleksi,BAŞİSKELE BARBAROS MAH. DENİZ MANZARALI 4+1 270 M2 SATILIK DAİRE,roof,1,1,0,0,0,detail,0,,1328543753
Bahçe Dubleksi,BAŞİSKELE KÖRFEZ MAH BAHÇE DUBLEKS SATILIK SIFIR DAİRE,garden,1,0,1,0,0,detail_and_title,0,,1328542579
,SEYMEN MAHALLESİNDE SATILIK 1+1 DAİRE,none,0,0,0,0,0,none,0,,1328515117
Ara Kat,Reliance G.D. Satılık Başiskele'de Geniş 1+1 Ara Kat Daire,none,0,0,0,0,0,none,0,,1328736530
Çatı Dubleksi,GEMA GAYRİMENKULDEN MERKEZİ KONUMDA LÜKS 3+1 DUBLEKS DAİRE,roof,1,1,0,0,0,detail_and_title,0,title_generic_confirms_detail_subtype,1316736443
Ara Kat,FIRSAT!!! BAŞİSKELE'DE DENİZ MANZARALI EĞİMSİZ 3+1 ÇATI DUBLEKS,roof,1,1,0,0,0,title,0,,1304799962
Çatı Dubleksi,BAŞİSKELE ALTINVADİ EVLERİNDE SATILIK 3+1 DUBLEKS DAİRE,roof,1,1,0,0,0,detail_and_title,0,title_generic_confirms_detail_subtype,1322698685
Dubleks,AMG EMLAKTAN YENİKÖYDE VİLLA KONSPETİNDE GENİŞ BAHÇELİ DUBLEKS,standard,1,0,0,0,1,conflict_detail_wins,1,conflict detail=standard title=garden,1311167672
Çatı Dubleksi,BAŞİSKELE MAHMUT PAŞA'DA 2+1 SATILIK ÇATI DUBLEKS,roof,1,1,0,0,0,detail_and_title,0,,1328436330
,Altın Vadi Evleri 3+1 çatı dubleks,roof,1,1,0,0,0,title,0,,1322610694
,MUHTEŞEM MANZARALI HAVUZLU SİTEDE SIFIR ÇATI DUBLEKS,roof,1,1,0,0,0,title,0,,1311232116
Dubleks|Çatı Dubleksi,BAŞİSKELE YENİKÖY MERKEZ'DE 155 m² NET LÜKS 3+1 DUBLEKS,roof,1,1,0,0,0,detail_and_title,0,title_generic_confirms_detail_subtype,1328565816
Çatı Dubleksi,DERİN'DEN MAHMUTPAŞA'DA SATILIK DENİZ MANZARALI 3+1 ÇATI DUBLEKS,roof,1,1,0,0,0,detail_and_title,0,,1328542623
,BAŞİSKELE Döngel'de Site içi Satılık 3+1 Dubleks Daire,standard,1,0,0,0,1,title,0,,1328339993
Çatı Dubleksi,BAŞİSKELE ALTINKENT DÖNGEL MEVKİ 3+1 SATILIK ÇATI DUBLEKS DAİRE,roof,1,1,0,0,0,detail_and_title,0,,1322781840
Çatı Dubleksi,"Başiskele Seymen Mah. Satılık ""0"" 3+1 çatı dubleks",roof,1,1,0,0,0,detail_and_title,0,,1328301303
Ara Kat,Bahama İnşaat Projesi 3+1 138m2 Satılık Lüks Daire,none,0,0,0,0,0,none,0,,1318681657
,KOCAELİ BAŞİSKELE SEYRİ VADİ SİTESİ SATILIK 4+1 DUBLEKS DAİRE,standard,1,0,0,0,1,title,0,,1298546532
Dubleks|En Üst Kat|Çatı Dubleksi,BAŞİSKELE KÖRFEZ MH'de SATILIK EBEVEYN BANYOLU 2+1 ÇATI DUBLEKS,roof,1,1,0,0,0,detail_and_title,0,,1328291179
Dubleks|En Üst Kat|Çatı Dubleksi,ListingPortal SatılıkEv,roof,1,1,0,0,0,detail,0,,1328286853
Çatı Dubleksi,SAHİBİNDEN BAŞİSKELE'NİN MANZARALI EN GÜZEL DUBLEX DAİRESİ,roof,1,1,0,0,0,detail_and_title,0,title_generic_confirms_detail_subtype,1328246815
Bahçe Dubleksi,GEMA GAYRİMENKULDEN MERKEZİ KONUMDA LÜKS 3+1 BAHÇE DUBLEKS,garden,1,0,1,0,0,detail_and_title,0,,1316733104
,FUL MANZARALI 2+1 Dubleks,standard,1,0,0,0,1,title,0,,1328448200
En Üst Kat|Çatı Dubleksi,BAHÇECİK ELİTİUM PARK EVLERİNDE MUHTEŞEM 4+1 208M2 ÇATI DUBLEKS.,roof,1,1,0,0,0,detail_and_title,0,,1317041438
,Moda Pazarı Üstü 3+1 Dubleks,standard,1,0,0,0,1,title,0,,1315890416
Çatı Dubleksi,KOCAELİ BAŞİSKELE'DE SATILIK 3+1 DUBLEKS MESKEN (306858),roof,1,1,0,0,0,detail_and_title,0,title_generic_confirms_detail_subtype,1322472652
,BAŞİSKELE SAHİLDE ARA KAT 3+1 GENİŞ KULLANIŞLI DAİRE,none,0,0,0,0,0,none,0,,1328223348
,SAHİBİNDEN BAŞİSKELE'DE TEMİZ DAİRE,none,0,0,0,0,0,none,0,,1328193188
Ara Kat,Başiskele Altınkent'te Deniz ve Doğa Manzaralı 3+1 Geniş Arakat,none,0,0,0,0,0,none,0,,1322153234
Dubleks|Çatı Dubleksi,EMLAK KOMİSYONU YOKTUR! 3+1 EĞİMSİZ ÇATI DUBLEKS,roof,1,1,0,0,0,detail_and_title,0,,1328154211
Bahçe Dubleksi,BARBAROS MAH LÜX SATILIK BAHÇE DUBLEKS DAİRE,garden,1,0,1,0,0,detail_and_title,0,,1313250454
,İL EMNİYETE YAKIN KONUMDA SATILIK ÇATI DUBLEX,roof,1,1,0,0,0,title,0,,1305345500
Ters Dubleks,Başiskele Barbaros'ta Satılık Lüks 3+1 Ters Dubleks Daire,standard,1,0,0,0,1,detail_and_title,0,,1325149576
Çatı Dubleksi,BAŞİSKELE KULLAR MAH. HİFA KONAKLARI YENİ 4+1 SATILIK DAİRE,roof,1,1,0,0,0,detail,0,,1328317940
,TANYILDIZ - BAŞİSKELE / KULLAR 2+1 ÇATI DUBLEKS 130 m2,roof,1,1,0,0,0,title,0,,1328106110
Bahçe Dubleksi,BARBAROS'DA MÜSTAKİL EV TADINDA 4+1 BAHÇE DUBLEKS DAİRE,garden,1,0,1,0,0,detail_and_title,0,,1328074774
Çatı Dubleksi,Remax 2+1 deniz manzaralı dubleks daire,roof,1,1,0,0,0,detail_and_title,0,title_generic_confirms_detail_subtype,1328096336
Çatı Dubleksi,KOCAELİ BAŞİSKELE'DE 3+1 EĞİMSİZ SİTE İÇİNDE ÇATI DUBLEKSİ,roof,1,1,0,0,0,detail_and_title,0,,1322535660
,Başiskelede Temiz ve Bakımlı 2+1 Daire,none,0,0,0,0,0,none,0,,1328071608
,Kullarda 2+1 lüks hazır bitmiş düz daire,none,0,0,0,0,0,none,0,,1328097143
Çatı Dubleksi,GEMA GAYRİMENKULDEN MERKEZİ KONUMDA LÜKS 2+1 DUBLEKS DAİRE,roof,1,1,0,0,0,detail_and_title,0,title_generic_confirms_detail_subtype,1316741419
,BAŞİSKELE PAŞADAĞ'DA MANZARALI SATILIK2+1 DUBLEKS DAİRE,standard,1,0,0,0,1,title,0,,1317250690
Ara Kat,Başiskele Barbaros Mah.de 3+1 Dubleks Satılık Daire,standard,1,0,0,0,1,title,0,,1321991365
Dubleks|Bahçe Dubleksi,BARBAROS MAHALLESİNDE MÜSTAKİL BAHÇE KULLANIMLI SATILIK DAİRE,garden,1,0,1,0,0,detail,0,,1322063504
Çatı Dubleksi,KULLAR MAHALLESİNDE 135 M2 3+1 SATILIK ÇATI DUBLEX SIFIR DAİRE,roof,1,1,0,0,0,detail_and_title,0,,1321742650
Çatı Dubleksi,MERKEZİ KONUM 3+1 ÇATI DUBLEKS ASANSÖRLÜ DAİRE SATILIK,roof,1,1,0,0,0,detail_and_title,0,,1311544626
Bahçe Dubleksi,FIRSAT! ALTINKEN'TA DOĞA MANZARALI 3+1 BAHÇELİ DUBLEKS DAİRE,garden,1,0,1,0,0,detail_and_title,0,,1266618718
,Acil Üst park Ata.sitesinde satılık açık manzaralı bahçe dubleks,garden,1,0,1,0,0,title,0,,1327987183
Çatı Dubleksi,Başiskele'de Yatırımın Adı: Üstpark Afraze 3+1 Daire,roof,1,1,0,0,0,detail,0,,1258289624
Dubleks|En Üst Kat|Çatı Dubleksi,YAKACIK'DA SATILIK 4+1 EĞİMSİZ ÇATI DUBLEKS,roof,1,1,0,0,0,detail_and_title,0,,1328135585
Dubleks,ASİES'TEN FIRSAT FERAH KULLANIM EMSALSİZ 4+1 DUBLEKS PANORAMİK..,standard,1,0,0,0,1,detail_and_title,0,,1311126565
Çatı Dubleksi,BAŞİSKELE BARBAROSTA NOTER KARŞISI SATILIK 2+1 ÇATI DUBLEX DAİRE,roof,1,1,0,0,0,detail_and_title,0,,1304597647
Çatı Dubleksi,SINIRSIZ KREDİYE UYGUN 3+1 GENİŞ EĞİMSİZ Ç.DUBLEKS DAİRE,roof,1,1,0,0,0,detail_and_title,0,title_generic_confirms_detail_subtype,1300139195
Çatı Dubleksi,BAŞİSKELE YAYLACIK MAH.FULL DENİZ MANZARALI 2+1 ÇATI DUBLEKS,roof,1,1,0,0,0,detail_and_title,0,,1328297435
,MERKEZİ KONUM 2+1 YÜKSEK GİRİŞ,none,0,0,0,0,0,none,0,,1328067179
,Kocaeli Başiskele Yuvacık merkez 2 + 1 satılık dubleks,standard,1,0,0,0,1,title,0,,1324940503
,ÇİFT TERAS DOĞA VE DENİZ MANZARALI 3+1 Dubleks,standard,1,0,0,0,1,title,0,,1296692868
Dubleks|En Üst Kat|Ters Dubleks,BAŞİSKELE MERKEZDE EMSALSİZ GENİŞLİKTE CADDE ÜZERİ FERAH DUBLEKS,standard,1,0,0,0,1,detail_and_title,0,,1316334792
,BARBAROS MAHALLESİNDE 3+1 SIFIR ÇATI DUBLEKS DENiZ MANZARALI,roof,1,1,0,0,0,title,0,,1286934802
Dubleks|En Üst Kat|Çatı Dubleksi,LENAHAN'DAN FIRSAT SATILIK SIFIR DUBLEKS DAİRE,roof,1,1,0,0,0,detail_and_title,0,title_generic_confirms_detail_subtype,1316012413
Çatı Dubleksi,SATILIK BAŞİSKELE BARBAROS'TA ASANSÖRLÜ 3+1 ÇATI DUBLEKS DAİRE,roof,1,1,0,0,0,detail_and_title,0,,1318834440
Ara Kat|Çatı Dubleksi,Kocaeli Başiskele Bahçecik'te Satılık 3+1 Çatı Dubleks,roof,1,1,0,0,0,detail_and_title,0,,1316504172
Ara Kat|Çatı Dubleksi,CADDE ÜZERİNDE DENİZ MANZARALI 2+1 ŞAHANE DUBLEX SIFIR FIRSAT !!,roof,1,1,0,0,0,detail_and_title,0,title_generic_confirms_detail_subtype,1305178441
Çatı Dubleksi,KARŞIYAKADA ÇOK GÜZEL KONUMDA SATILIK 2+1 ÇATI DUBLEKSİ DAİRE,roof,1,1,0,0,0,detail_and_title,0,,1327733843
Dubleks,ENVOY'DAN BAŞİSKELE MAHMUTPAŞA MAHALLESİN'DE EĞİMSİZ 3+1 DUBLEKS,standard,1,0,0,0,1,detail_and_title,0,,1313575680
,ASANSÖRLÜ İSKANI ALINMIŞ OTURUMA HAZIR 3+1 ÇATI DUBLEKS,roof,1,1,0,0,0,title,0,,1315549332
Dubleks|Çatı Dubleksi,BAŞİSKELE BARBAROS MERKEZ'DE ASANSÖRLÜ MODERN 3+1 DUBLEKS DAİRE,roof,1,1,0,0,0,detail_and_title,0,title_generic_confirms_detail_subtype,1321640461
Çatı Dubleksi,BAŞİSKELE BARBAROS'DA SATILIK SIFIR GENİŞ DUBLEKS DAİRE,roof,1,1,0,0,0,detail_and_title,0,title_generic_confirms_detail_subtype,1299432841
,BAŞİSKELE DE ÖZEL BAHÇELİ SATILIK 4+1 GENİŞ DAİRE,none,0,0,0,0,0,none,0,,1327595461
Çatı Dubleksi,"Başiskele Kullar'da, Deniz Manzaralı 3+1 Eğimsiz Dubleks",roof,1,1,0,0,0,detail_and_title,0,title_generic_confirms_detail_subtype,1321585805
Dubleks|En Üst Kat|Ara Kat|Çatı Dubleksi,KOCAELİ BAŞİSKELE BARBAROS MAHALLESİ'NDE 4+1 ÇATI DUBLEKS DAİRE,roof,1,1,0,0,0,detail_and_title,0,,1312668171
Dubleks|Çatı Dubleksi,BAŞİSKELE YENİKÖY'DE ÇATI DUBLEKS 2+1 GENİŞ SATILIK DAİRE,roof,1,1,0,0,0,detail_and_title,0,,1324643362
Çatı Dubleksi,Seyr-i Vadi'de Satılık 2+1 Çatı Dubleks,roof,1,1,0,0,0,detail_and_title,0,,1312251241
Çatı Dubleksi,Basiskele Yesilyurt Satilik Luks 3+1 Cati dubleks,roof,1,1,0,0,0,detail_and_title,0,,1327568344
Bahçe Dubleksi,Güvenlikli ve havuzlu sitede geniş bahçeli dubleks ferah daire,garden,1,0,1,0,0,detail_and_title,0,,1321410025
Çatı Dubleksi,Konutix'ten Başiskele Barbaros'ta Satılık 2+1 Dublex Daire,roof,1,1,0,0,0,detail_and_title,0,title_generic_confirms_detail_subtype,1315958416
Bahçe Dubleksi,Başiskele Yeniköy Üstpark Afraze'de Satılık 4+1 Bahçe Dubleks,garden,1,0,1,0,0,detail_and_title,0,,1316389614
Çatı Dubleksi,Başiskele'de Deniz Manzaralı Satılık 4+1 Çatı Dubleks (155m²),roof,1,1,0,0,0,detail_and_title,0,,1288041652
,BAŞİSKELE YENİKÖY MERKEZDE MÜSTAKİL TADINDA GENİŞ ÇATI DUBLEKS!,roof,1,1,0,0,0,title,0,,1313208786
Çatı Dubleksi,Başiskele yaylacık'da bulvara komşu 2+1 geniş çatı dubleks,roof,1,1,0,0,0,detail_and_title,0,,1313023983
Çatı Dubleksi,BAŞİSKELE BARBOROS MAH.2+1 ÇATI DUBLEKS GENİŞ TERASLI DAiRE,roof,1,1,0,0,0,detail_and_title,0,,1327548067
,TWINKLE LIFE SİTESİ BAŞISKELE 4+1 TERASLI LÜKS DUBLEKS DAİRE,standard,1,0,0,0,1,title,0,,1327345272
Dubleks|En Üst Kat|Çatı Dubleksi,RİBANKTAN MERKEZİ LOKASYONDA 205 M2 GENİŞ EĞİMSİZ ÇATI DUBLKS,roof,1,1,0,0,0,detail,0,,1293003793
,GÜMÜŞ GAYRİMENKULDEN BAŞİSKELE'DE SATILIK 2+1 BAHÇE DUBLEX,garden,1,0,1,0,0,title,0,,1327310046
Bahçe Dubleksi,KOCAELİ İZMİT BAŞİSKELE VİLLA LİVA'DA SATILIK 3+1 BAHÇE DUBLEKSİ,garden,1,0,1,0,0,detail_and_title,0,,1327293853
Çatı Dubleksi,LOFT GROUP GM'DEN BARBAROS MAH. 165 m2 3+1 ÇATI DUBLEKS DAİRE,roof,1,1,0,0,0,detail_and_title,0,,1327277817
Ters Dubleks,ACİLL 3+1 BAHÇE DUBLEKS SATILIK,standard,1,0,0,0,1,conflict_detail_wins,1,conflict detail=standard title=garden,1327242193
Çatı Dubleksi,BARBAROS MAH. SATILIK TAMAMI KREDİYE UYGUN 2+1 ÇATI DUBLEKS,roof,1,1,0,0,0,detail_and_title,0,,1327443859
Dubleks|En Üst Kat|Çatı Dubleksi,Başiskele merkezde 3+1 çatı dubleks (çatı eğimsiz),roof,1,1,0,0,0,detail_and_title,0,,1317523729
Çatı Dubleksi,BAŞİSKELE SEYMENDE 3+1 SATILIK GENİŞ ÇATI DUBLEKS,roof,1,1,0,0,0,detail_and_title,0,,1243679315
,"Elitium Trioda,Havuzlu,Kiracılı 3+1 düz giriş (dublex değildir)",standard,1,0,0,0,1,title,0,,1257678730
Çatı Dubleksi,BAŞİSKELE BARBAROS MAHALLESİNDE SATILIK 3+1 DUBLEKS DAİRE,roof,1,1,0,0,0,detail_and_title,0,title_generic_confirms_detail_subtype,1253179569
Dubleks|Çatı Dubleksi,Elitium Park Evlerinde doğayla içiçe Satılık 3+1 Dubleks,roof,1,1,0,0,0,detail_and_title,0,title_generic_confirms_detail_subtype,1320473873
Ters Dubleks,Başiskele Kullar'da Satılık 2+1 Çatı Dubleks Daire (85m² Net),standard,1,0,0,0,1,conflict_detail_wins,1,conflict detail=standard title=roof,1320457592
Dubleks,Merkezi konumda Satılık 3+1 teraslı çatı dubleks,standard,1,0,0,0,1,conflict_detail_wins,1,conflict detail=standard title=roof,1326769501
Çatı Dubleksi,BAŞİSKELE'NİN TAM MERKEZİNDE 2+1 ÇATIDUBLEKS SIFIR DAİRE,roof,1,1,0,0,0,detail_and_title,0,,1327346794
Bahçe Dubleksi,KOCAELİ BAŞİSKELE ROSE GARDEN SİTESİNDE 3+1 BAHÇE DUBLEX,garden,1,0,1,0,0,detail_and_title,0,,1314152369
Çatı Dubleksi,EKOL'den Başiskele/Altınkent Mah. Manzaraya Hakim3+1 Çatı Dublex,roof,1,1,0,0,0,detail_and_title,0,,1315025331
,Satılık 4+1 teraslı çatı dubleks,roof,1,1,0,0,0,title,0,,1326602554
Çatı Dubleksi,SATILIK MODERN LÜKS ÇATI DUBLEKS,roof,1,1,0,0,0,detail_and_title,0,,1326611939
Dubleks|Çatı Dubleksi,BAŞİSKELE YAYLACIK 'TA MÜSTAKİL GİBİ ÇATI EĞİMSİZ KUPON DAİRE,roof,1,1,0,0,0,detail,0,,1302280747
,KW Arven'den Başiskele Barbaros Mah. 2+1 Dubleks Daire,standard,1,0,0,0,1,title,0,,1326903731
Çatı Dubleksi,RE/MAX MYRADAN 4+1 GENİŞ KULANIŞLI DUBLEKS FULL DENİZ MANZARALI,roof,1,1,0,0,0,detail_and_title,0,title_generic_confirms_detail_subtype,1324418991
,KULLAR KARDELEN SITESI 2+1 SITE IÇI BAHÇE KATI DAIRE,none,0,0,0,0,0,none,0,,1075314796
,Başiskele Barbaros Mahallesinde Satılık 3+1 Dubleks Daire,standard,1,0,0,0,1,title,0,,1268322966
Çatı Dubleksi,BAŞİSKELE BARBAROS MAHALLESİ FULL MANZARALI DUBLEX,roof,1,1,0,0,0,detail_and_title,0,title_generic_confirms_detail_subtype,1308770499
Çatı Dubleksi,BAŞİSKELE YÜSRA EVLERİ SATILIK 4+1 DUBLEX DAİRE,roof,1,1,0,0,0,detail_and_title,0,title_generic_confirms_detail_subtype,1278245124
Dubleks|En Üst Kat|Ara Kat|Ara Kat Dubleks|Bahçe Dubleksi|Çatı Dubleksi|Forleks|Ters Dubleks|Tripleks,SATILIK 4+1 DUBLEKS DAİRE,roof,1,1,0,0,0,detail_and_title,0,title_generic_confirms_detail_subtype,1308979572
Dubleks|En Üst Kat|Çatı Dubleksi,KOCAELİ BAŞİSKELE BARBAROS SATILIK 4+1 GENİŞ DUBLEKS DAİRE,roof,1,1,0,0,0,detail_and_title,0,title_generic_confirms_detail_subtype,1315920515
Dubleks|En Üst Kat|Çatı Dubleksi,KOCAELİ BAŞİSKELE SEYRİ VADİ SİTESİ SATILIK 3+1 DUBLEKS DAİRE,roof,1,1,0,0,0,detail_and_title,0,title_generic_confirms_detail_subtype,1291391260
Bahçe Dubleksi,ALTINKENT'TE ALTINVADI EVLERİ 147.M2 3+1 BAHÇE DUBLEKS,garden,1,0,1,0,0,detail_and_title,0,,1303279475
Çatı Dubleksi,"BARBAROS MAHALLESİ MERKEZİ KONUMDA ""0"" SATILIK 2+1 DUBLEKS DAİRE",roof,1,1,0,0,0,detail_and_title,0,title_generic_confirms_detail_subtype,1314956304
Çatı Dubleksi,Tarcanlardan Başiskele Barbaros M Satılık 3+1 Çatı Dubleks Daire,roof,1,1,0,0,0,detail_and_title,0,,1319551235
Ters Dubleks,3+1 SİTE İÇİ TERS DUBLEKS DAİRE SATILIK,standard,1,0,0,0,1,detail_and_title,0,,1326871523
,Barbarosun En Güzel Noktasında 4+1 ultra ferah dubleks,standard,1,0,0,0,1,title,0,,1325864632
Çatı Dubleksi,BAŞİSKELE BARBAROS MAH. SATILIK 3+1 ÇATI DUBLEX DAİRE,roof,1,1,0,0,0,detail_and_title,0,,1308867027
,ACİL... BAŞİSKELENİN İNCİSİNDE 3+1 ÇATI DUBLEX,roof,1,1,0,0,0,title,0,,1325795496
Dubleks|Ters Dubleks,BAŞİSKELE BAHÇECİK'TE 5+1 İSKANLI DUBLEX DAİRE,standard,1,0,0,0,1,detail_and_title,0,,1325780953
Dubleks|Çatı Dubleksi,4+1 Çatı Dublex Barbaros Mah. Pınar Caddesi Üzerinde,roof,1,1,0,0,0,detail_and_title,0,,1325747325
Bahçe Dubleksi,BAŞİSKELE'DE ÖZEL BAHÇE KULANIMINA SAHİP 3+1 DUBLEKS DAİRE,garden,1,0,1,0,0,detail_and_title,0,title_generic_confirms_detail_subtype,1314142327
,SINIRSIZ KREDİ İMKANI 4+1 Dubleks,standard,1,0,0,0,1,title,0,,1322703087
,BAŞİSKELE ALTINKENT MAHALLESİ'NDE SATILIK ÇATI DUBKLEKSİ (V-630),none,0,0,0,0,0,none,0,,1253286945
Çatı Dubleksi,BAŞİSKELE YENİKÖY MERKEZ MAHALLESİ'NDE SATILIK 3+1 ÇATI DUBLEKS,roof,1,1,0,0,0,detail_and_title,0,,1325628383
Çatı Dubleksi,Turyap'tan Barbaros'ta Deniz Manzaralı Özel Tasarım 4+1 Dublex,roof,1,1,0,0,0,detail_and_title,0,title_generic_confirms_detail_subtype,1326048845
,Başiskele kullar merkez'de sıfır satılık daireler,none,0,0,0,0,0,none,0,,1303114292
,ÇELİK-AY GAYRİMENKUL'DEN SATILIK 3+1 BAHÇE DUBLEKS DAİRE,garden,1,0,1,0,0,title,0,,1325572897
Çatı Dubleksi,BAŞİSKELE PINAR CAD. MÜKEMMEL KONUMDA-LUX DAİRE,roof,1,1,0,0,0,detail,0,,1325356780
Bahçe Dubleksi,Başiskele Mezire Bahçecikte 3+1 Bahçe Dubleksi,garden,1,0,1,0,0,detail_and_title,0,,1308385275
,Başiskele kullar merkez sıfır daireler,none,0,0,0,0,0,none,0,,1303111532
Çatı Dubleksi,FIRSAT SAHİBİNDEN SATILIK 4+1 EĞİMSİZ ÇATI DUBLEKS,roof,1,1,0,0,0,detail_and_title,0,,963699058
Bahçe Dubleksi,BAŞİSKELE BARBAROSTA SATILIK 2+1 100m BAHÇE DUB PRESTİJLİ KONUM,garden,1,0,1,0,0,detail,0,,1298508015
Bahçe Dubleksi,BAŞİSKELE ALTIN VADİ EVLERİNDE BAHÇE DUBLEKS,garden,1,0,1,0,0,detail_and_title,0,,1296867585
Çatı Dubleksi,VADİ SUİT SİTESİ DENİZ VE DOĞA MANZARALI 3+1 ÇATI DUBLEKS,roof,1,1,0,0,0,detail_and_title,0,,1225291739
Çatı Dubleksi,BAŞİSKELE BARBAROS MAHALLESİNDE SÜPER UYGUN FİYAT DUBLEX DAİRE,roof,1,1,0,0,0,detail_and_title,0,title_generic_confirms_detail_subtype,1318822764
Çatı Dubleksi,ÇOCUK TRAFİK PARKI YANI 4+1 ÇATI DUBLEKS SATILIK,roof,1,1,0,0,0,detail_and_title,0,,1326333914
Bahçe Dubleksi,DREAMDEN ERGUVAN KONAKLARINDA 4+1 BAHÇE DUBLEKSİ,garden,1,0,1,0,0,detail_and_title,0,,1307847087
Ara Kat|Bahçe Dubleksi|Çatı Dubleksi,BAŞİSKELE DONGELDEKİ OTURUMA HAZIR 3+1 BAHÇE DUBLEKS,roof,1,1,0,0,0,conflict_detail_wins,1,conflict detail=roof title=garden,1324959012
Dubleks|Bahçe Dubleksi,END'DEN BAŞİSKELEDE SATILIK 3+1 BAHÇE DUBLEKS,garden,1,0,1,0,0,detail_and_title,0,,1313779164
Bahçe Dubleksi,BAŞİSKELE BARBAROS MAHALLESİNDE GENİŞ BAHÇE DUBLEKS SATILIKTIR,garden,1,0,1,0,0,detail_and_title,0,,1307458083
Bahçe Dubleksi,Dilek Ercan RE/MAX Çakra Başiskele Altınkent 2+1 Bahçeli Dubleks,garden,1,0,1,0,0,detail_and_title,0,,1318930294
Çatı Dubleksi,Liva Gruptan Başiskele Mahmutpaşa'da Satılık 2+1 Çatı Dubleks,roof,1,1,0,0,0,detail_and_title,0,,1324608701
Bahçe Dubleksi,BAŞİSKELE ALTINVADİ EVLERİNDE BAHÇE DUBLEKS,garden,1,0,1,0,0,detail_and_title,0,,1297066927
Çatı Dubleksi,KOCAELİ BAŞİSKELE MERKEZDE 3+1 ASANSÖRLÜ ÇATI DUBLEKS 180 M2,roof,1,1,0,0,0,detail_and_title,0,,1259080330
Dubleks,FEDERALDEN BAŞİSKELE'DE DENİZ MANZARALI 4+1 183m2 DUBLEKS DAİRE,standard,1,0,0,0,1,detail_and_title,0,,1324467886
Bahçe Dubleksi,INVEST GLOBAL'DEN BAŞİSKELE VİLLA LİVADA 3+1 BAHÇE DUBLEKSİ,garden,1,0,1,0,0,detail_and_title,0,,1318807225
Çatı Dubleksi,SATILIK 4+1 ÇATI DUBLEKS DAİRE BARBOROS MAH.,roof,1,1,0,0,0,detail_and_title,0,,1325724906
,Ziraat Bankası'ndan Yeniköy Merkez Mahallesi'nde Mesken,none,0,0,0,0,0,none,0,,1307495963
,Ziraat Bankası'ndan Yeniköy Merkez Mahallesi'nde Çatı Dubleksi,roof,1,1,0,0,0,title,0,,1307493881
,BAŞİSKELE PAŞADAĞ'DA GENİŞ SATILIK EBEVYN BANYOLU 2+1 DUBLEKS,standard,1,0,0,0,1,title,0,,1324568643
Çatı Dubleksi,KÖRFEZ MANZARALI DUBLEX DAİRE Bahama İnşaat BAŞİSKELE-KULLAR,roof,1,1,0,0,0,detail_and_title,0,title_generic_confirms_detail_subtype,1324194639
Çatı Dubleksi,ÖRS INŞAAT'TAN ÇATI DUBLEKSİ MERKEZİ KONUMDA SATILIK 3+1,roof,1,1,0,0,0,detail_and_title,0,,1267841567
,SAHİBİNDEN ACİLL SATILIK 3+1 ÇATI DUBLEKS MUHTEŞEM MANZARA.,roof,1,1,0,0,0,title,0,,1321237685
Ara Kat,Başiskele Altınkent Mah. Altın Vadi Evleri'nde Satılık 3+1 Daire,none,0,0,0,0,0,none,0,,1329068917
Çatı Dubleksi,BAŞİSKELE YEŞİLYURT MAH.3+1 ÇATI DUBLEKS ASANSÖRLÜ GENİŞ DAiRE,roof,1,1,0,0,0,detail_and_title,0,,1327244799
,BAŞİSKELE PAŞADAĞ MAH.SİTE iÇi 2+1 GENİŞ BAHÇE KAPALI MUTFAK,none,0,0,0,0,0,none,0,,1330159791
Bahçe Dubleksi,BAŞİSKELE'DE SİTE İÇİNDE HAVUZLU LÜKS 2+1 KONFORLU BAHÇE DUBLEKS,garden,1,0,1,0,0,detail_and_title,0,,1323412955
Bahçe Dubleksi,Platinium Evleri Satılık Kış Bahçeli Geniş 4+1 Dubleks Daire,garden,1,0,1,0,0,detail_and_title,0,title_generic_confirms_detail_subtype,1323683207
En Üst Kat,BAŞİSKELE YUVACIK PANORAMA 3 DENİZ MANZARALI 4+1 NORMAL DAİRE,none,0,0,0,0,0,none,0,,1327223254
,Paşadağ mahallesi eğimsiz geniş balkonlu sıfır dubleks 3+1 daire,standard,1,0,0,0,1,title,0,,1321199975
Ara Kat,YEŞİLYURT TINAZTEPEDE DENİZ MANZARALI 2+1 ARA KAT SATILIK DAİRE,none,0,0,0,0,0,none,0,,1330147074
Dubleks|En Üst Kat|Çatı Dubleksi,BAŞİSKELE YEŞİLYURT MH.KULLANIŞLI 2+1 SATILIK ÇATI DUBLEKS DAİRE,roof,1,1,0,0,0,detail_and_title,0,,1330128796
,REMAX DEN SATILIK VİLLA KONFORUNDA BAHÇE DUBLEX,garden,1,0,1,0,0,title,0,,1330120613
Ara Kat,BAŞİSKELE YEŞİLYURT MAH. ROYAL LİFE SİTESİ SATILIK GENİŞ 3+1 ARA,none,0,0,0,0,0,none,0,,1330120025
,VİZYON'DAN BAŞİSKELEDE SİTE İÇİ 2+1 ASANSÖRLÜ DAİRE,none,0,0,0,0,0,none,0,,1330108457
Çatı Dubleksi,DENİZ MANZARALI| SİTE |ASANSÖR |ÇOCUK OYUN PARKI | 3+1 Ç.DUBLEKS,roof,1,1,0,0,0,detail_and_title,0,title_generic_confirms_detail_subtype,1330065596
Ara Kat,Başiskele Yeşilyurt Site'de Asansörlü Satılık 3+1 Ara Kat Daire,none,0,0,0,0,0,none,0,,1330050002
Çatı Dubleksi,DENİZ MANZARALI 3+1 ÇATI DUBLEKS TERASLI LÜKS YAŞAM,roof,1,1,0,0,0,detail_and_title,0,,1324013169
,BAŞİSKELE'de 2 BLOKLU SİTEDE E.BANYOLU YÜKSEK GİRİŞ 2+1,none,0,0,0,0,0,none,0,,1330048541
Ara Kat,FIRSAT DAİRE İSKANI ALINMIŞ OTURUMA HAZIR 2+1 ARA KAT,none,0,0,0,0,0,none,0,,1330043931
Dubleks,BAŞİSKELEDE DENİZ MANZARALI 3+1 SAHİBİNDEN SATILIK EV,standard,1,0,0,0,1,detail,0,,1330037227
,İSKANI ALINMIŞ PAŞADAĞ MAHHALESİ ÖN CEPHE 2+1 ARA KAT,none,0,0,0,0,0,none,0,,1330037439
Ara Kat,STAR CENTER BAŞİSKELE YEŞİLYURT MH SATILIK ARAKAT 2+1 DAİRE,none,0,0,0,0,0,none,0,,1330026383
Ara Kat,Başiskele Orka Boutique'de Satılık 3+1 Ara Kat Daire,none,0,0,0,0,0,none,0,,1330011930
Çatı Dubleksi,ZERAY GÜNEŞİ SİTESİNDE FULL EŞYALI SATILIK 3+1 ÇATI DUBLEKS,roof,1,1,0,0,0,detail_and_title,0,,1259130520
Çatı Dubleksi,BAŞİSKELE YEŞİLYURT SATILIK 2+1 FUL DENİZ MANZARALI ÇATI DUBLEKS,roof,1,1,0,0,0,detail_and_title,0,,1329966383
Bahçe Dubleksi,BAŞİSKELE YEŞİLYURT MAHALLESİ SATILIK 2+1 BAHÇE DUBLEKS,garden,1,0,1,0,0,detail_and_title,0,,1329964722
Çatı Dubleksi,Nicomediadan Başiskele Fatih Mahallesinde 2+1 105m²Dubleks Daire,roof,1,1,0,0,0,detail,0,,1329957037
Bahçe Dubleksi|Ters Dubleks,The Gate Emlak'tan Yeşilyurt'ta satılık 4+1 Bahçe Dublex Daire,garden,1,0,1,0,0,detail_and_title,0,,1306833304
Çatı Dubleksi,BAŞİSKELE GÜNEŞ SİTESİNDE 4+1 ÇATI DUPLEKS,roof,1,1,0,0,0,detail,0,,1318363830
,BAŞİSKELE FATİH MAH 3+1 BAHÇE DUBLEKS KREDİ&EMİNEVİM UYGUN,garden,1,0,1,0,0,title,0,,1324044921
Çatı Dubleksi,BAŞİSKELE YUVACIK YEŞİLYUT MAH SATILIK SIFIR 3+1 DUBLEKS DAİRE,roof,1,1,0,0,0,detail_and_title,0,title_generic_confirms_detail_subtype,1309873168
Çatı Dubleksi,ERENOĞLU GM'DEN SATILIK MEGATRON SİTESİNDE 3+1 ÇATI DUBLEKS,roof,1,1,0,0,0,detail_and_title,0,,1312679854
Çatı Dubleksi,BAŞİSKELE ACİL SATILIK 3+1 EĞİMSİZ DUBLEX YENİ BİNA,roof,1,1,0,0,0,detail_and_title,0,title_generic_confirms_detail_subtype,1324038824
Bahçe Dubleksi,DERİN'DEN YÜKSEK KREDİLİ SATILIK 3+1 BAHÇE DUBLEKS DAİRE,garden,1,0,1,0,0,detail_and_title,0,,1318388354
Bahçe Dubleksi,BAŞİKELE FATİH MAHALLESİNDE SATILIK 3+1 BAHÇE DUBLEKS,garden,1,0,1,0,0,detail_and_title,0,,1323987780
,SOR TÜRKİYE'DEN PAŞADAĞ'DA ÇAMAŞIR ODALI 3+1 TERS DUBLEKS 180M2,standard,1,0,0,0,1,title,0,,1295134393
,SOR TÜRKİYE'DEN PAŞADAĞ'DA EBEVEYN BAN. ÇAMAŞIR ODALI 3+1 DUBLEX,standard,1,0,0,0,1,title,0,,1295147547
,KOCAELİ YEŞİLYURT SİTE İÇİNDE ULTRA LÜX 2+1 DUBLEX,standard,1,0,0,0,1,title,0,,1329903905
,ListingPortal Satılık Bahçe Dublex,garden,1,0,1,0,0,title,0,,1292207153
,KOCAELİ YEŞİLYURT ULTRA LÜX DUBLEX,standard,1,0,0,0,1,title,0,,1329900747
Bahçe Dubleksi,Başiskele Yeşilyurt'ta Satılık 3+1 Bahçe Dubleks Daire,garden,1,0,1,0,0,detail_and_title,0,,1326956915
Ara Kat,Panorama 4'te Satılık 2.5+1 Daire - Prestijli Konum!,none,0,0,0,0,0,none,0,,1329862101
,Doğa ve Deniz Manzaralı 4+1 Dubleks,standard,1,0,0,0,1,title,0,,1292752860
Bahçe Dubleksi,YEŞİLYURT MAH 150m2 BAHÇE KULLANIM ALANINA SAHİP 3+1 DUBLEX,garden,1,0,1,0,0,detail_and_title,0,title_generic_confirms_detail_subtype,1302496191
Bahçe Dubleksi,Başiskele Fatih Mahallesi'nde 4+1 Bahçe Dubleks | 195 m² | 80 m²,garden,1,0,1,0,0,detail_and_title,0,,1326932764
Çatı Dubleksi,DERİNDEN SERDAR MAHALLESİNDE SATILIK DENİZ MANZARALI 3+1,roof,1,1,0,0,0,detail,0,,1329826292
Ters Dubleks,LUXORA'DAN BAŞİSKELE PAŞADAĞ'DA SATILIK 3+1 170 M² TERS DUBLEKS,standard,1,0,0,0,1,detail_and_title,0,,1329832378
Ara Kat|Çatı Dubleksi,BAŞİSKELE TINAZTEPE'DE SATILIK 3+1 ÇATI DUBLEKS,roof,1,1,0,0,0,detail_and_title,0,,1323738860
,Başiskele Ted Kolejine Yakın 3+1 Çatı Dubleks,roof,1,1,0,0,0,title,0,,1329821696
Ara Kat,TURYAP'TAN HAVUZLU DENİZ MANZARALI 3+1 FIRSAT DAİRE,none,0,0,0,0,0,none,0,,1329829285
Bahçe Dubleksi,Manar yuvacık 2 manzaralı satılık bahçe dubleks 4+1,garden,1,0,1,0,0,detail_and_title,0,,1295795167
Dubleks|Bahçe Dubleksi,BAŞİSKELE FATİH MAH. 3+1 SATILIK BAHÇE DUBLEX,garden,1,0,1,0,0,detail_and_title,0,,1312788096
Bahçe Dubleksi,FATİH MAH TINAZTEPE 2+1 GENİŞ BAHÇE DUBLEKSİ,garden,1,0,1,0,0,detail_and_title,0,,1323331769
Ara Kat|Çatı Dubleksi,Mona Vadi den Başiskele/ 5+1/ Deniz Manzaralı/200m2/ Dubleks,roof,1,1,0,0,0,detail_and_title,0,title_generic_confirms_detail_subtype,1326857318
Bahçe Dubleksi|Ters Dubleks,MANAR 4 SİTESİ'NDE SATILIK 3+1 BAHÇE DUBLEKS,garden,1,0,1,0,0,detail_and_title,0,,1329767135
,DERİNDEN ORKA LIFE II SİTESİNDE SATILIK 2+1 DÜZ DAİRE,none,0,0,0,0,0,none,0,,1329685105
Dubleks|Bahçe Dubleksi,BAŞİSKELE YUVACIK PANAROMA 2'DE SATILIK 4+1 BAHÇE DUBLEKS DAİRE,garden,1,0,1,0,0,detail_and_title,0,,1329739379
Bahçe Dubleksi,YEŞİLYURT MH. BÜYÜK BAHÇELİ 3+1 BAHÇE DUBLEKS DAİRE,garden,1,0,1,0,0,detail_and_title,0,,1295735452
,KW ARVEN'den YEŞİLYURT CADDESİ 2+1 YÜKSEK GİRİŞ 108 m2 DAİRE,none,0,0,0,0,0,none,0,,1302212733
Dubleks|Ara Kat Dubleks,YEŞİLYURT MERKEZDE SATILIK GENİŞ ÇATI DUBLEKS,middle_floor,1,0,0,1,0,conflict_detail_wins,1,conflict detail=middle_floor title=roof,1318362175
Çatı Dubleksi,BAŞİSKELE YEŞİLYURT MAH. SATILIK ASANSÖRLÜ 3+1 Ç. DUBLEKS DAİRE,roof,1,1,0,0,0,detail_and_title,0,title_generic_confirms_detail_subtype,1329693226
,YEŞİLYURT MAHALLESİ SEMT PAZARINA YÜRÜME / İSKANLI BAHÇE DUBLEKS,garden,1,0,1,0,0,title,0,,1300233420
Çatı Dubleksi,SATILIK 4+1 GENİŞ DOĞA MANZARALI ÖNÜ KAPANMAZ DAİRE,roof,1,1,0,0,0,detail,0,,1296039037
Çatı Dubleksi,MERKEZİN KALBİNDE TERASLI 2+1 ÇATI DUBLEKS YATIRIMA VE OTURUM,roof,1,1,0,0,0,detail_and_title,0,,1326733667
Çatı Dubleksi,Başiskele Paşadağ'da Satılık 3+1 Dubleks Daire (120m²),roof,1,1,0,0,0,detail_and_title,0,title_generic_confirms_detail_subtype,1329672233
Çatı Dubleksi,BAŞİSKELE YUVACIKTA 3+1 SATILIK ULTRA LÜKS DUBLEKS DAİRE,roof,1,1,0,0,0,detail_and_title,0,title_generic_confirms_detail_subtype,1315581041
Bahçe Dubleksi,KOCAELİ BAŞİSKELE YUVANA EVLERİ 3+1 BAHÇE DUBLEKS,garden,1,0,1,0,0,detail_and_title,0,,1326738383
Dubleks|Bahçe Dubleksi,Başiskele Yuvacık Paşadağ Mah. Sıfır 3+1 Satılık Bahçe Dubleks,garden,1,0,1,0,0,detail_and_title,0,,1326716706
Ara Kat,"Paşadağ'da Satılık 2+1 Daire, Site İçinde, Okullara Yakın",none,0,0,0,0,0,none,0,,1327892075
,BAŞİSKELE YUVACIK YEŞİLYUT MAH. SATILIK SIFIR 2+1 DAİRE,none,0,0,0,0,0,none,0,,1329621068
Dubleks|Çatı Dubleksi,BAŞISKELE YEŞİLYURT'TA SATILIK DENİZ MANZARALI 3+1 ÇATI DUBLEKS,roof,1,1,0,0,0,detail_and_title,0,,1329589727
,Paşadağ mah.Bahçekent sitesi Satılık Daire,none,0,0,0,0,0,none,0,,1329605891
Dubleks,ACİL BAŞİSKELE'DE CADDE ÜZERİ MANZARALI 3+1 170M2 DUBLEKS DAİRE,standard,1,0,0,0,1,detail_and_title,0,,1299004522
Çatı Dubleksi,YEŞİLYURT MAHALLESİ'NDE 2+1 FULL ÖNÜ AÇIK ÇATI DUBLEKS SATILIK,roof,1,1,0,0,0,detail_and_title,0,,1329599030
Çatı Dubleksi,BAŞİSKELE FATİH MAHALLESİNDE SATILIK 4+1 GENİŞ DUBLEKS,roof,1,1,0,0,0,detail_and_title,0,title_generic_confirms_detail_subtype,1320160947
Ara Kat,"Başiskele Paşadağ'da Satılık 2+1 Daire, Doğa Manzaralı, Sıfır",none,0,0,0,0,0,none,0,,1329591604
Dubleks|En Üst Kat|Çatı Dubleksi,BAŞİSKELE FATİH MAH.SIFIR SATILIK 3+1 ÜST DUBLEKS DAİRE,roof,1,1,0,0,0,detail_and_title,0,title_generic_confirms_detail_subtype,1312572790
Bahçe Dubleksi,BAŞİSKELE MAHALL YUVACIK 1'DE SATILIK 3+1 DUBLEKS DAİRE!,garden,1,0,1,0,0,detail_and_title,0,title_generic_confirms_detail_subtype,1239351008
Bahçe Dubleksi,Korupark'ta Satılık Lüks 3+1 Eşyalı Bahçe Dubleksi,garden,1,0,1,0,0,detail_and_title,0,,1215244169
Dubleks|Bahçe Dubleksi,ZERAY GÜNEŞİ SİTESİNDE BÜYÜK BAHÇELİ KÖŞE 3+1BAHÇE DUBLEKS DAİRE,garden,1,0,1,0,0,detail_and_title,0,,1295416978
,MERKEZİ KONUM 3+1 Çatı dubleks,roof,1,1,0,0,0,title,0,,1293940621
Ara Kat Dubleks,YUVACIK PAŞADAĞ YEŞİL VADİ SİTESİNDE SATILIK ARA KAT DAİRE,middle_floor,1,0,0,1,0,detail,0,,1329557692
Çatı Dubleksi,CB Envoy'dan | Panoramik Deniz Manzaralı Özel Tasarım 4+1 Daire,roof,1,1,0,0,0,detail,0,,1329403829
Çatı Dubleksi,ERENOĞLU GM'DEN SATILIK D.MANZARALI ASANSÖRLÜ 3+1 DUBLEKS DAİRE,roof,1,1,0,0,0,detail_and_title,0,title_generic_confirms_detail_subtype,1329546919
Dubleks|Çatı Dubleksi,"Başiskele Zeray Kent'te Kiracılı, Eşyalı 2+1 Çatı Dubleks",roof,1,1,0,0,0,detail_and_title,0,,1317899224
Bahçe Dubleksi,Başiskele'de Site İçi Satılık 3+1 Bahçe Dubleks (Takasa Açık),garden,1,0,1,0,0,detail_and_title,0,,1298237926
Çatı Dubleksi,ERENOĞLU GM'DEN SATILIK DENİZ MANZARALI 3+1 ÇATI DUBLEKS DAİRE,roof,1,1,0,0,0,detail_and_title,0,,1329542773
,10 GÜNLÜK SON FIRSAT! MAYKENT 2 SİTESİNDE 2+1 GENİŞ ÇATIDUBLEKS,roof,1,1,0,0,0,title,0,,1312298173
En Üst Kat|Çatı Dubleksi,YEŞİLYURTTA SATILIK 155 M2 EĞİMSİZ DUBLEKS ASANSÖRLÜ SIFIR DAİRE,roof,1,1,0,0,0,detail_and_title,0,title_generic_confirms_detail_subtype,1318274355
Ara Kat,BAŞİSKELE PAŞADAĞ MAH 2+1 FERAH GENİŞ ARAKAT SATILIK DAİRE,none,0,0,0,0,0,none,0,,1329516650
,BAŞİSKELE FATİH MAH.2+1 YÜKSEK GİRİŞ DAİRE MERKEZİ KONUM,none,0,0,0,0,0,none,0,,1329513304
,Kocaeli Başiskele Fatih Mah. Satılık Çatı Dublex Daire,roof,1,1,0,0,0,title,0,,1318013558
Çatı Dubleksi,Eminevim ve Banka Kredisine Uygun 4+1 Çatı Dubleks,roof,1,1,0,0,0,detail_and_title,0,,1329491681
Çatı Dubleksi,Merkezi Konumda Ebeveyn Banyolu 3+1 Çatı Dubleks Fırsatı,roof,1,1,0,0,0,detail_and_title,0,,1299874566
Dubleks,BAŞİSKELE YEŞİLYURT MAHALLESİNDE SATILIK 3+1 DUBLEKS DAİRE,standard,1,0,0,0,1,detail_and_title,0,,1320596433
,BAŞİSKELE YEŞİLYURT MAH ARAKAT FIRSAT DAİRE,none,0,0,0,0,0,none,0,,1329492120
Çatı Dubleksi,BAŞİSKELE YEŞİLYURT'TA CADDE ÜSTÜ SATILIK 3+1 GENİŞ ÇATI DUBLEKS,roof,1,1,0,0,0,detail_and_title,0,,1316962874
Çatı Dubleksi,REAL CENTER KÖRFEZ'DEN BAŞİSKELE FATİH 2+1 GÜVENLİKLİ ÇATI DUB.,roof,1,1,0,0,0,detail,0,,1329450690
Bahçe Dubleksi|Ters Dubleks,Başiskele Serdar Mah. Gökçe Sitesinde 122 m² 3+1 Dubleks,garden,1,0,1,0,0,detail_and_title,0,title_generic_confirms_detail_subtype,1329436031
Dubleks|Çatı Dubleksi,BAŞİSKELEDE KULANIŞLI MERKEZİ KONUMDA 4+1 ASANSÖRLÜ ÇATI DUBLEKS,roof,1,1,0,0,0,detail_and_title,0,,1329433341
Çatı Dubleksi,BAŞİSKELE YUVACIK 3+1 GENİŞ KULLANIM TERAS DUBLEKS,roof,1,1,0,0,0,detail_and_title,0,,1313793082
Dubleks|Çatı Dubleksi,BAŞISKELE YEŞİLYURT 3+1 175 m2 TERAS DUBLEKS,roof,1,1,0,0,0,detail_and_title,0,,1329424367
Çatı Dubleksi,Tınaztepede Satılık 4+1 Teraslı Dubleks,roof,1,1,0,0,0,detail_and_title,0,title_generic_confirms_detail_subtype,1294419335
Bahçe Dubleksi,TURYAP'TAN BAŞİSKELE YEŞİLYURT'TA SATILIK 3+1 BAHÇE DUBLEKS,garden,1,0,1,0,0,detail_and_title,0,,1329409446
Bahçe Dubleksi,4+1 BAHÇE DUBLEKS,garden,1,0,1,0,0,detail_and_title,0,,1329394799
,listing_portal satılık 2+1 daire,none,0,0,0,0,0,none,0,,1329396920
Çatı Dubleksi,BAŞİSKELE FATİH MAH. SATILIK 2+1 ÇATI DUBLEX DAİRE,roof,1,1,0,0,0,detail_and_title,0,,1329386655
Ters Dubleks,KOCAELİ BAŞİSKELE AZİZE EVLERİ SATILIK 3+1 FERAH DUBLEKS,standard,1,0,0,0,1,detail_and_title,0,,1318154710
,Sınırsız kredi imkanı.3+1 çatı Dubleks,roof,1,1,0,0,0,title,0,,1311016483
,"MERKEZİ KONUMDA, AYDINLIK VE FERAH 4+1 ÇATI DUBLEKS",roof,1,1,0,0,0,title,0,,1292756782
Çatı Dubleksi,BAŞİSKELE LOCA TORUNOĞLU SİTESİ SATILIK 3+1 EĞİMSİZ DUBLEX,roof,1,1,0,0,0,detail_and_title,0,title_generic_confirms_detail_subtype,1329371820
En Üst Kat,BAŞİSKELE ROYAL COUNTRY SİTESİ SATILIK 2+1 DÜZ DAİRE,none,0,0,0,0,0,none,0,,1329370437
,BAŞİSKELE SERDAR MAHALLESİ MERKEZİ LOKASYON 2+1 SATILIK DAİRE,none,0,0,0,0,0,none,0,,1329363458
Çatı Dubleksi,BAŞİSKELE YEŞİLYURT MAH. SATILIK FULL DENİZ MAN. EĞİMSİZ DUBLEX,roof,1,1,0,0,0,detail_and_title,0,title_generic_confirms_detail_subtype,1322746689
,"BAŞİSKELE FATİH MAHALLESİ, 3+1 FERAH,GENİŞ SATILIK ÇATI DUBLEKS",roof,1,1,0,0,0,title,0,,1294937260
,SIFIR MANZARALI 3+1 GENİŞ ÇATI DUBLEKS,roof,1,1,0,0,0,title,0,,1320385728
,ÜStpark Yuvacık ta 4+1 satılık bahçe dubleksi,garden,1,0,1,0,0,title,0,,1312268320
Ters Dubleks,CB- MARK' TAN VADİ YUVACIKTA SATILIK 3+1 BAHÇE DUBLEKS,standard,1,0,0,0,1,conflict_detail_wins,1,conflict detail=standard title=garden,1323454382
Bahçe Dubleksi,Rw Nova'dan Başiskele Fatih Mah.Satılık 4+1 Bahçe Dubleks Daire,garden,1,0,1,0,0,detail_and_title,0,,1295428592
En Üst Kat|Çatı Dubleksi,BAŞİSKELE FATİH'DE KAÇIRILMAYACAK 4+1 ÇATI DUBLEKS DAİRE,roof,1,1,0,0,0,detail_and_title,0,,1323364943
Dubleks,C.G GÜLŞEN EMLAK GAYRİMENKUL DEN SATILIK 4+1 ÇATI DUBLEX,standard,1,0,0,0,1,conflict_detail_wins,1,conflict detail=standard title=roof,1323427035
Bahçe Dubleksi,CG GÜLŞEN EMLAKTAN SATILIK BAHÇE DUBLEX,garden,1,0,1,0,0,detail_and_title,0,,1323432836
Çatı Dubleksi,BAŞİSKELE YEŞİLYURT MAH. 2+1 ÇATI DUBLEKSİ SATILIK DAİRE,roof,1,1,0,0,0,detail_and_title,0,,1263518192
Çatı Dubleksi,CB Envoy'dan Yeşilyurt mah. Site içerisinde 2+1 Çatı Dubleks,roof,1,1,0,0,0,detail_and_title,0,,1326397697
,3+1 ÇATI DUBLEKS HARİKA KONUMDA,roof,1,1,0,0,0,title,0,,1320369171
Ara Kat,BAŞİSKELE YEŞİLYURT MAH.DURUPARK EVLERİ SATILIK 3+1 ARAKAT DAİRE,none,0,0,0,0,0,none,0,,1262740064
Çatı Dubleksi,SERDAR MAH.BELEDİYE KARŞISINDA 3+1 ARA DUBLEKS DAİRE SATILIK,roof,1,1,0,0,0,detail_and_title,0,title_generic_confirms_detail_subtype,1329254561
Dubleks|En Üst Kat|Ara Kat|Ara Kat Dubleks|Bahçe Dubleksi|Çatı Dubleksi|Forleks|Ters Dubleks|Tripleks,SİTE İÇERİSİNDE BAHÇE KULLANIMLI LÜKS SATILIK 2+1 DAİRE,roof,1,1,0,0,0,detail,0,,1306172013
Çatı Dubleksi,YEŞİLYURT MAH 2+1 ÇATI DUBLEKS,roof,1,1,0,0,0,detail_and_title,0,,1320071917
Bahçe Dubleksi,BAŞİSKELE YUVACIK SECRET GARDEN BAHÇELİ 3+1 SATILIK DAİRE,garden,1,0,1,0,0,detail,0,,1329246557
Dubleks|En Üst Kat,Satılık Merkezi Konum 2+1 Çatı dubleks daire eğimsiz,standard,1,0,0,0,1,conflict_detail_wins,1,conflict detail=standard title=roof,1326335641
Çatı Dubleksi,FIRSAT.!! YUVACIK ZERAY PERLA SİTESİ 3+1 DUBLEKS EĞİMSİZ DAİRE..,roof,1,1,0,0,0,detail_and_title,0,title_generic_confirms_detail_subtype,1294258602
Çatı Dubleksi,BAŞİSKELE YEŞİLYURT'TA MERKEZİ KONUMDA FERAH 2+1 ÇATI DUBLEKS,roof,1,1,0,0,0,detail_and_title,0,,1323159668
Dubleks|Bahçe Dubleksi,BAŞİSKELE AYDINKENT'TE SATILIK 3+1 SIFIR BAHÇE DUBLEKS DAİRE,garden,1,0,1,0,0,detail_and_title,0,,1317891614
Çatı Dubleksi,YEŞİLYURT MAHALLESİ BU CADDE AVM'YE KOMŞU 3+1 ÇATI DUBLEKS,roof,1,1,0,0,0,detail_and_title,0,,1320235580
,Başiskelede deniz ve doğa manzaralı Daire,none,0,0,0,0,0,none,0,,1329190614
Bahçe Dubleksi,FIRSAT BAŞİSKELE FATİH MAHALLESİNDE 3+1 BAHÇE DUBLEKS DAİRE,garden,1,0,1,0,0,detail_and_title,0,,1319974217
Ara Kat,YEŞİLYURT MAHALLESİNDE MERKEZİ KONUMDA 2+1 ARAKAT SATILIK DAİRE,none,0,0,0,0,0,none,0,,1329019229
Çatı Dubleksi,YEŞİLYURT MAHALLESİNDE 4+1 SATILIK GENİŞ ÇATI DUBLEKSİ,roof,1,1,0,0,0,detail_and_title,0,,1329171411
,BAŞİSKELE GÜNEŞ SİTESİNDE 3+1 ÇATI DUPLEKS,none,0,0,0,0,0,none,0,,1263879414
Bahçe Dubleksi,YEŞİLYURT MAHALLESİ'NDE BAHÇELİ VE VERANDALI 3+1 BAHÇE DUBLEKS,garden,1,0,1,0,0,detail_and_title,0,,1328874127
Dubleks,BAŞİSKELE PAŞADAĞ GREEN AREA'DA 3+1 DUBLEKS DAİRE,standard,1,0,0,0,1,detail_and_title,0,,1329137186
Dubleks|Bahçe Dubleksi,BAŞİSKELE YUVACIK'TA DENİZ MANZARALI GENİŞ BAHÇE DUBLEKSİ,garden,1,0,1,0,0,detail_and_title,0,,1323166610
Çatı Dubleksi,REAL CENTER KÖRFEZ'DEN BAŞİSKELE YEŞİLYURT MAH. 4+1 LÜKS DUBLEKS,roof,1,1,0,0,0,detail_and_title,0,title_generic_confirms_detail_subtype,1329093610
Dubleks|Bahçe Dubleksi,BAŞİSKELE PAŞADAĞ'DA | 3+1 BAHÇE DUBLEKS | ÖNÜ AÇIK FERAH,garden,1,0,1,0,0,detail_and_title,0,,1329112428
Ara Kat,EMİN EVİME UYGUN DAİRE BAŞİSKELE BAHÇEKENT 2+1 SATILIK ARAKAT,none,0,0,0,0,0,none,0,,1282978766
Dubleks,Gold House'dan Zeray Güneş'inde Satılık Daire,standard,1,0,0,0,1,detail,0,,1311271052
Bahçe Dubleksi,INVEST GLOBAL'DEN YUVACIK'TA SATILIK 3+1 BAHÇE DUBLEKS DAİRE,garden,1,0,1,0,0,detail_and_title,0,,1329050418
Bahçe Dubleksi,Başiskele Fatih Mahallesinde Lüks Bahçe Dubleks,garden,1,0,1,0,0,detail_and_title,0,,1316719885
,BAŞİSKELE YEŞİLYURT MAH. SATILIK ASANSÖRLÜ 3+1 DÜBLEKS DAIRE,standard,1,0,0,0,1,title,0,,1323185029
Dubleks,BAŞİSKELE'NİN MERKEZİNDE ULTRA KONFORLU 3+1 TERAS DUBLEKS,standard,1,0,0,0,1,conflict_detail_wins,1,conflict detail=standard title=roof,1314627222
,BAŞİSKELE EV FİNANSMANINA UYGUN 2+1 SATILIK ÇATI DUBLEX DAİRE,roof,1,1,0,0,0,title,0,,1329064713
,BAŞİSKELE DE EVFİNANSMANINA UYGUN SATILIK 2+1 ÇATI DUBLEKS DAİRE,roof,1,1,0,0,0,title,0,,1329064369
Dubleks|Bahçe Dubleksi,CB Envoy'dan Başiskele Cadde 53 Sitesi'nde 5+1 Dubleks Daire,garden,1,0,1,0,0,detail_and_title,0,title_generic_confirms_detail_subtype,1322959684
Bahçe Dubleksi,CB Mahall'den Özel Bahçe Kullanımlı 3+1 Dubleks,garden,1,0,1,0,0,detail_and_title,0,title_generic_confirms_detail_subtype,1314805377
,"EĞİMSİZ TERAS DUBLEKS,YUVACIK'A2KM",roof,1,1,0,0,0,title,0,,1306764070
Bahçe Dubleksi,"BAŞİSKELE YEŞİLYURT MAH, FERAH 3+1 BAHÇE DUBLEKS DAİRE SATILIK",garden,1,0,1,0,0,detail_and_title,0,,1317585424
Bahçe Dubleksi,REMAX DREAM BAŞİSKELE MAMİK REFORM 2 SİTESİ 4+1 DUBLEKS DAİRE,garden,1,0,1,0,0,detail_and_title,0,title_generic_confirms_detail_subtype,1317567697
En Üst Kat,KOCAELİ BAŞİSKELE YEŞİLYURT MAH. 3+1 DUBLEKS SATILIK DAİRE,standard,1,0,0,0,1,title,0,,1317006501
,BAŞİSKELE YEŞİLYURT MAHALLESİ NDE SATILIK ALT DUBLEKS DAİRE,standard,1,0,0,0,1,title,0,,1326082827
Çatı Dubleksi,FATİH MAHALLESİNDE 4+1 SATILIK LÜKS ÇATI DUBLEKSİ,roof,1,1,0,0,0,detail_and_title,0,,1323080991
Dubleks|En Üst Kat|Çatı Dubleksi,EMLAKÇIM41'DE BAŞİSKELE/ FATİH MH.DE MANZARALI GENİŞ 4+1 DUBLEKS,roof,1,1,0,0,0,detail_and_title,0,title_generic_confirms_detail_subtype,1328967840
Bahçe Dubleksi,BAŞİSKELE YUVACIK PANORAMA 1 DE BAHÇELİ 4+1 DUBLEKS DAİRE,garden,1,0,1,0,0,detail_and_title,0,title_generic_confirms_detail_subtype,1328971632
,BAŞİSKELE KULLAR MAHALLESİ'NDE 2+1 GİRİŞ KAT SATILIK DAİRE..,none,0,0,0,0,0,none,0,,1328951083
Ara Kat,CB MAHALDEN YEŞİLYURTTA 3+1 ŞIK GENİŞ DAİRE,none,0,0,0,0,0,none,0,,1328934119
En Üst Kat,YEŞİLYURT ROZNA SİTESİ 2+1 EN ÜST KAT ÇİFT CEPHE DAİRE,none,0,0,0,0,0,none,0,,1328927083
,YEŞİLYURT MAH. GENİŞ BAHÇELİ SATILIK 2+1 YÜKSEK GİRİŞ DÜZ DAİRE,none,0,0,0,0,0,none,0,,1328933128
Çatı Dubleksi,YEŞİLYURT MAH.MERKEZİ KONUMDA SATILIK 2+1 Ç.DUBLEKSİ DAİRE,roof,1,1,0,0,0,detail_and_title,0,title_generic_confirms_detail_subtype,1296891862
Çatı Dubleksi,KW ARVEN'DEN YEŞİLYURT MAH SATILIK ASANSÖRLÜ 3+1 ÇATI DUBLEKS D.,roof,1,1,0,0,0,detail_and_title,0,,1328929797
Çatı Dubleksi,BAŞİSKELE PAŞADAĞ MAH. GENİŞ KULLANIŞLI SATILIK 3+1 ÇATI DUBLEX,roof,1,1,0,0,0,detail_and_title,0,,1323001995
Bahçe Dubleksi,NEOS'TAN BAŞİSKELE ZERAYPERLA'DA 3+1 BAHÇE DUBLEKS SATILIK DAİRE,garden,1,0,1,0,0,detail_and_title,0,,1259512954
Bahçe Dubleksi,BAŞİSKELE YUVACIK'TA 3+1 BAHÇE KULLANIM ALANLI DUBLEKS DAİRE,garden,1,0,1,0,0,detail_and_title,0,title_generic_confirms_detail_subtype,1328879834
Ters Dubleks,BAŞİSKELE YUVACIKTA 3+1 YÜKSEK GİRİŞ SATILIK TERS DUBLEKS DAİRE,standard,1,0,0,0,1,detail_and_title,0,,1322475523
Ters Dubleks,Yuvacık Cadde Üzeri Satılık 2+1 Ters Dubleks Daire (130m²),standard,1,0,0,0,1,detail_and_title,0,,1324995136
Çatı Dubleksi,Başiskele Yeşilyurt Mahallesi'nde 1+1 Çatı Dubleks Daire,roof,1,1,0,0,0,detail_and_title,0,,1328891824
Çatı Dubleksi,KOCAELİ YUVACIK ZERAY GÜNEŞİ ÇOK TEMİZ SATILIK 3+1 ÇATI DUBLEKS,roof,1,1,0,0,0,detail_and_title,0,,1270736951
Çatı Dubleksi,BAŞİSKELE YEŞİLYURT MAHALLESİ SATILIK 3+1 ÇATI DUBLEX,roof,1,1,0,0,0,detail_and_title,0,,1310017843
Dubleks|Bahçe Dubleksi,YEŞİLYURT'TA MERKEZİ KONUMDA SATILIK 3+1 BAHÇE DUBLEKS,garden,1,0,1,0,0,detail_and_title,0,,1311720792
Çatı Dubleksi,"Başiskele'de Panoramik Manzaralı, Sıfır 2+1 Çatı Dubleks Daire",roof,1,1,0,0,0,detail_and_title,0,,1297879888
Bahçe Dubleksi,KOCAELİ BAŞİSKELE FATİH DE LÜKS 155 M2 3+1 BAHÇE DUBLEKSشقة فاخر,garden,1,0,1,0,0,detail_and_title,0,,1269106617
,"Zeray Güneş'te Önü Kapanmaz Manzaralı, Geniş 3+1 Çatı Dublek",none,0,0,0,0,0,none,0,,1325835584
Ara Kat,"BAŞİSKELE YEŞİLYURT'TA, SATILIK LÜKS 3+1 ARA KAT ASANSÖRLÜ DAİRE",none,0,0,0,0,0,none,0,,1328334009
,Başiskele Akkurt Royal City de Satılık 3+1 Dubleks Daire,standard,1,0,0,0,1,title,0,,1283276882
Dubleks,BAŞISKELE YEŞİLYURT 2+1 GENİŞ KULLANIM TERAS DUBLEKS,standard,1,0,0,0,1,conflict_detail_wins,1,conflict detail=standard title=roof,1314027634
Çatı Dubleksi,SATIŞ OFİSİNDEN BAŞISKELEDE ASANSÖRLÜ 4+1 EĞİMSİZ ÇATI DUBLEKS,roof,1,1,0,0,0,detail_and_title,0,,1271845226
Çatı Dubleksi,BAŞİSKELE YEŞİLYURT MAH. ASANSÖRLÜ 3+1 ÇATI DUBLEKS,roof,1,1,0,0,0,detail_and_title,0,,1298202529
Ara Kat,YEŞİLYURT MAH ARAKAT 1+1 DAİRE (Mopaş arkasında),none,0,0,0,0,0,none,0,,1328722730
,BASİSKELE BAHÇEKENT SİTESİNDE 2+1 SATILIK DAİRE,none,0,0,0,0,0,none,0,,1328714154
,Daireye Ait Bahçeli Dubleks,garden,1,0,1,0,0,title,0,,1328709499
Ara Kat,TANYILDIZ'DAN BAŞİSKELEDE SİTE İÇİ ARAKAT SATILIK 2+1 DAİRE,none,0,0,0,0,0,none,0,,1328629840
Bahçe Dubleksi,YONCA SİTEDE ÖZEL KIŞ BAHÇELİ 4+1 DUBLEKS FOR SALE,garden,1,0,1,0,0,detail_and_title,0,title_generic_confirms_detail_subtype,1328702313
Dubleks|Bahçe Dubleksi,Başiskele Yeşilyurt Da 2+1 Bahçe Dubleks شقة للبيع,garden,1,0,1,0,0,detail_and_title,0,,1328696198
Çatı Dubleksi,BAŞİSKELE FATİH MAH. EĞİMSİZ 2+1 ÇATI DUBLEKS DAİRE,roof,1,1,0,0,0,detail_and_title,0,,1312956963
Dubleks,ÜST GRUP'TAN BAŞİSKELE PAŞADAĞ'DA DENİZ MANZARALI DUBLEX 4+1,standard,1,0,0,0,1,detail_and_title,0,,1279206573
Dubleks,YEŞİLYURT MERKEZİ KONUMDA 2+1 SATILIK ÇATI DUBLEKS,standard,1,0,0,0,1,conflict_detail_wins,1,conflict detail=standard title=roof,1313846469
Dubleks,Başiskele'de Satılık 3+1 Dubleks Daire - Royal Country,standard,1,0,0,0,1,detail_and_title,0,,1268472878
Çatı Dubleksi,BAŞİSKELE FATİH MAH PANORAMİK DENİZ MANZARALI 3+1 ÇATI DUBLEKS,roof,1,1,0,0,0,detail_and_title,0,,1325725121
Dubleks|En Üst Kat|Çatı Dubleksi,BAŞİSKELE'DE HAVUZLU SİTEDE SATILIK 3+1 DUBLEKS DAİRE,roof,1,1,0,0,0,detail_and_title,0,title_generic_confirms_detail_subtype,1325717740
Bahçe Dubleksi,BAŞİSKELE ZERAY GÜNEŞİ / EŞYALI SATILIK 3+1 BAHÇE DUBLEKS,garden,1,0,1,0,0,detail_and_title,0,,1328659161
,BAŞİSKELE YEŞİLYURTTA SATILIK 3+1 ÇATI DUBLEKS,roof,1,1,0,0,0,title,0,,1328667120
,Başiskele Fatihte Site İçinde Satılık 3+1 Dubleks Krediye Uygun,standard,1,0,0,0,1,title,0,,1328662451
Çatı Dubleksi,YEŞİLYURT MAH.GENİŞ TERASLI SATILIK 2+1 Ç.DUBLEKS DAİRE,roof,1,1,0,0,0,detail_and_title,0,title_generic_confirms_detail_subtype,1311240789
,SERDAR MH 2+1 90M² DAİREMİZ SATILIKTIR,none,0,0,0,0,0,none,0,,1328655612
Çatı Dubleksi,YEŞİLYURT MAHALLESİNDE MERKEZİ KONUMDA 3+1 TERASLI ÇATI DUBLEKS,roof,1,1,0,0,0,detail_and_title,0,,1317226636
Bahçe Dubleksi,YEŞİLYURT MAHALLESİNDE MERKEZİ KONUMDA 2+1 BAHÇE DUBLEKS,garden,1,0,1,0,0,detail_and_title,0,,1317222815
Ara Kat,RW Nova'dan Paşadağ Mh.Emar Delüx Sitesi Satılık 2+1 Arakat,none,0,0,0,0,0,none,0,,1328621433
Ara Kat,Başiskele'de Ara Kat Asansörlü Geniş 3+1 Daire,none,0,0,0,0,0,none,0,,1328602336
Çatı Dubleksi,FATİH MAHALLESİNDE 4+1 SATILIK LÜKS ÇATI DUBLEKSİ,roof,1,1,0,0,0,detail_and_title,0,,1294621423
,ERENOĞLU GM'DEN SİTE İÇİ SATILIK 3+1 YÜKSEK GİRİŞ DAİRE,none,0,0,0,0,0,none,0,,1328593333
Bahçe Dubleksi,REMAX DREAM DEN BAŞISKELE YEŞİLYURT'TA SATILIK 4+1 DAİRE,garden,1,0,1,0,0,detail,0,,1328589706
Dubleks,DERIN'DEN ZERAY PERLA'DA SATILIK 3+1 DUBLEKS GENİŞ DAİRE,standard,1,0,0,0,1,detail_and_title,0,,1314085801
Dubleks,BAŞİSKELE SATILIK 3+1 BAHÇE DUBLEKS,standard,1,0,0,0,1,conflict_detail_wins,1,conflict detail=standard title=garden,1297071556
Dubleks,BAİŞKELE YEŞİLYURTTA YÜKSEK TAVAN 3+1 SATILIK DUBLEKS DAİRE,standard,1,0,0,0,1,detail_and_title,0,,1317178863
Çatı Dubleksi,BAŞİSKELE'DE HAVUZLU SİTE İÇİ SIFIR 3+1 ÇATI DUBLEKS DAİRE,roof,1,1,0,0,0,detail_and_title,0,,1328539343
Ara Kat,TURYAP'TAN ÜSTPARK'TA KAPANMAZ MANZARALI FIRSAT 2+1,none,0,0,0,0,0,none,0,,1328537969
,Havuz başı özel bahçeli acil satılık,none,0,0,0,0,0,none,0,,1328523710
Ara Kat,DERİN'DEN MEGATRON SİTESİ'NDE SATILIK 3+1 DUBLEKS DAİRE,standard,1,0,0,0,1,title,0,,1325551411
Bahçe Dubleksi,Başiskele Fatih Mahallesi'nde Sıfır Bahçe Dubleksi Satılık Daire,garden,1,0,1,0,0,detail_and_title,0,,1320526798
Ara Kat|Çatı Dubleksi,BU EVDE MANZARAYA DOYACAKSINIZ VİLLA TADINDA EMSALSİZ DUBLEKS,roof,1,1,0,0,0,detail_and_title,0,title_generic_confirms_detail_subtype,1324624082
Çatı Dubleksi,ListingPortal Panorama1 sitesinde deniz manzaralı köşe çatı dubleks,roof,1,1,0,0,0,detail_and_title,0,,1252244107
Çatı Dubleksi,KREDİYE UYGUN BAŞİSKELEDE GENİŞ TERASLI 3+1 ÇATI DUBLEKS DAİRE,roof,1,1,0,0,0,detail_and_title,0,,1315328494
Dubleks|Bahçe Dubleksi,BAŞİSKELE PAŞADAĞ'DA SATILIK 3+1 BAHÇE DUBLEKS,garden,1,0,1,0,0,detail_and_title,0,,1328484780
Ara Kat,Fatih Mh'de Satılık 1+1 ve 2+1 Arakat Daireler Asansörlü,none,0,0,0,0,0,none,0,,1328487748
Çatı Dubleksi,BAŞİSKELE MAVİ YEŞİL PARK EVLERİ SATILIK 4+1 ÇATI DUBLEKS DAİRE,roof,1,1,0,0,0,detail_and_title,0,,1298410966
Dubleks,BAŞİSKELEDE MERKEZİ KONUMDA 3+1 TERASLI ÇATI DUBLEKSİ,standard,1,0,0,0,1,conflict_detail_wins,1,conflict detail=standard title=roof,1328456040
,DEALLİFE'DAN BAŞİSKELE YUVACIKTA 4+1 EĞİMSİZ DUBLEKS,standard,1,0,0,0,1,title,0,,1311052956
Çatı Dubleksi,"Başiskele Panorama 1'de Deniz Manzaralı, Yapılı 4+1 Çatı Dubleks",roof,1,1,0,0,0,detail_and_title,0,,1316870951
,KOCAELİ BAŞİSKELE YUVACIK MAH SATILIK 3+1 SIFIR ÇATI DUBLEKS,roof,1,1,0,0,0,title,0,,1316248762
Çatı Dubleksi,"Tarcanlardan Başiskele ,Paşadağ'da 2+1 Dubleks Daire Satılık",roof,1,1,0,0,0,detail_and_title,0,title_generic_confirms_detail_subtype,1328405343
Ara Kat,2+1 ARA KAT Tertemiz - Bahçekent Sitesi 610 Konutlu Sitede Daire,none,0,0,0,0,0,none,0,,1328382618
Ara Kat,Yuvacık Lotus Mahza Sitesi'nde Satılık 3+1 ARAKAT Daire,none,0,0,0,0,0,none,0,,1328397664
Çatı Dubleksi,TERAS MARMARA SİTESİNDE SATILIK 3+1 FULL DENİZ MANZARALI DUBLEKS,roof,1,1,0,0,0,detail_and_title,0,title_generic_confirms_detail_subtype,1305741820
Çatı Dubleksi,ACİL SATILIK DENİZ MANZARALI EĞİMSİZ ÇATI DUBLEKS DAİRE,roof,1,1,0,0,0,detail_and_title,0,,1328379992
,BAŞİSKELE YEŞİLYURT MAHALLESİ'NDE SATILIK LÜKS 3+1 BAHÇELİ DAİRE,none,0,0,0,0,0,none,0,,1328280828
,"BAŞİSKELE'DE MERKEZİ KONUMDA, 100 m² BAHÇELİ FERAH 2+1 DAİRE!",none,0,0,0,0,0,none,0,,1328331671
,REMAX DREAMDEN BAŞİSKELE FATİH'DE SİTE İÇİ 3+1 DAİRE,none,0,0,0,0,0,none,0,,1312137615
,BAŞİSKELE PAŞADAĞ MAH. SATILIK 4+1 ASANSÖRLÜ DUBLEKS DAİRE,standard,1,0,0,0,1,title,0,,1328344009
Dubleks|Bahçe Dubleksi|Ters Dubleks,LUXORA'DAN BAŞİSKELE YEŞİLYURT MAH'DE SATILIK 3+1 BAHÇE DUBLEKS,garden,1,0,1,0,0,detail_and_title,0,,1321819069
,BAŞİSKELE YUVACIK DOĞA EVLERİ SİTESİ 3+1 SATILIK DAİRE,none,0,0,0,0,0,none,0,,1328310506
Çatı Dubleksi,"4+1 GENİŞ ÇATI DUBLEKS DAİRE, ÇATI EĞİMSİZ, İYİ KONUM, İSKANLI",roof,1,1,0,0,0,detail_and_title,0,,1300169006
Bahçe Dubleksi,BAŞİSKELE YUVACIK SİTE İÇİ BAHÇE DUBLEKS 4+1,garden,1,0,1,0,0,detail_and_title,0,,1282646283
Çatı Dubleksi,BAŞİSKELE YUVACIK YUVANA EVLERİ SİTESİ 3+1 ÇATI DUBLEKS,roof,1,1,0,0,0,detail_and_title,0,,1311450413
,Başiskele Bahçekent'te Satılık 2+1 Daire (77m²),none,0,0,0,0,0,none,0,,1287275506
,BAŞİSKELE FATİH MAHALESİNDE ÖNÜ KAPANMAZ 3+1 ÇATI DUBLEKS,roof,1,1,0,0,0,title,0,,1328270372
En Üst Kat|Ara Kat|Çatı Dubleksi,BAŞİSKELE YEŞİLYURT MERKEZİ KONUM 3+1SATILIK 165M2 DUBLEKS DAİRE,roof,1,1,0,0,0,detail_and_title,0,title_generic_confirms_detail_subtype,1328263976
Dubleks,KOCAELİ BAŞİSKELE FATİH MAHALLESİ SATILIK FIRSAT DAİRE,standard,1,0,0,0,1,detail,0,,1328267742
Çatı Dubleksi,YEŞİLYURTTA 3+1 DENİZ MANZARALI SATILIK EĞİMSİZ ÇATI DUBLEKS,roof,1,1,0,0,0,detail_and_title,0,,1318740218
,Yeşilyurt merkezi konumda sıfır 3+1 geniş arakat daire,none,0,0,0,0,0,none,0,,1328267407
Dubleks|Çatı Dubleksi,Başiskele Yeşilyurt Mah.de 3+1 Dubleks Satılık Daire,roof,1,1,0,0,0,detail_and_title,0,title_generic_confirms_detail_subtype,1322029815
,YUVACIK VADİ EVLERİNDE 2+1 GENİŞ BAHÇELİ DUBLEKS FIRSAT DAİRE,garden,1,0,1,0,0,title,0,,1328252264
,YUVACIK VADİ EVLERİNDE 3+1 GENİŞ BAHÇELİ DUBLEKS FIRSAT DAİRE,garden,1,0,1,0,0,title,0,,1328249426
Ara Kat,ORKA LIFE 2 SİTESİ'NDE FIRSAT 4+1 DAİRE,none,0,0,0,0,0,none,0,,1328237229
,YEŞİLYURT STRADA AVM'YE YAKIN | 2+1 YÜKSEK GİRİŞ FIRSAT DAİRE,none,0,0,0,0,0,none,0,,1328230276
,"ÇİFT TERASLI, MERKEZİ KONUMDA, UYGUN FİYAT 3+1 ÇATIDUBLEKS DAİRE",roof,1,1,0,0,0,title,0,,1313931531
Bahçe Dubleksi,"ÖZEL BAHÇE KULLANIMLI, MERKEZİ KONUMDA, 3+1 BAHÇEDUBLEKS DAİRE",garden,1,0,1,0,0,detail_and_title,0,,1300097262
Dubleks|Çatı Dubleksi,Lotus Evleri 2/Site İçi Satılık 2+1 120 M² Çatı Dubleks,roof,1,1,0,0,0,detail_and_title,0,,1322218232
Çatı Dubleksi,Re/max Mir Başiskele'de Satılık 2+1 Çatı Dubleks Daire,roof,1,1,0,0,0,detail_and_title,0,,1282847040
,YEŞİLYURT MAHALLESİ MERKEZİ KONUMLU BÜYÜK TERAS KULLANIŞLI 2+1,none,0,0,0,0,0,none,0,,1328168880
Dubleks|Çatı Dubleksi,BAŞİSKELE'DE FERAH VE ÖNÜ AÇIK 3+1 ÇATI DUBLEKS ASANSÖRLÜ,roof,1,1,0,0,0,detail_and_title,0,,1328194431
Ara Kat,SATILIK DAİRE KOCAELİ BAŞİSKELE'DE ZERAY PERLA 2+1 120 M²,none,0,0,0,0,0,none,0,,1328140419
Çatı Dubleksi,ARKUN GAYRİMENKUL'DEN MERKEZİ KONUMDA SATILIK 3+1 SIFIR DAİRE,roof,1,1,0,0,0,detail,0,,1328150793
Çatı Dubleksi,ARAÇ TAKASILI BAŞİSKELE YEŞİLYURT MAH. EĞİMSİZ 2+1 ÇATI DUBLEKS,roof,1,1,0,0,0,detail_and_title,0,,1322242064
Ara Kat,BAŞİSKELE YEŞİLYURT MAH 3+1 ULTRA LÜKS SATILIK ARAKAT DAİRE,none,0,0,0,0,0,none,0,,1328149236
Çatı Dubleksi,KAÇIRILMAYACAK FIRSAT 3+1 ÇATI DUBLEKS GENİŞ TERASLI MANZARALI,roof,1,1,0,0,0,detail_and_title,0,,1316875701
Dubleks|Bahçe Dubleksi|Ters Dubleks,BAŞİSKELE KULLAR'DA 2+1 DUBLEKS FIRSATI,garden,1,0,1,0,0,detail_and_title,0,title_generic_confirms_detail_subtype,1328125379
,BAŞİSKELE YEŞİLYURTDA SİTE İÇERİSİNDE SATILIK DAİRE,none,0,0,0,0,0,none,0,,1239765243
,TINAZTEPE CAD. SATILIK TERASLI 2+1 ÇATI DUBLEKS,roof,1,1,0,0,0,title,0,,1322198706
Bahçe Dubleksi,BAŞİSKELE FATİH MAH. OTURUMA HAZIR 3+1 BAHÇE DUBLEKS,garden,1,0,1,0,0,detail_and_title,0,,1322177629
Dubleks|En Üst Kat|Çatı Dubleksi,Site İçi Satılık 3+1 170 M² Geniş EĞİMSİZ Dubleks,roof,1,1,0,0,0,detail_and_title,0,title_generic_confirms_detail_subtype,1322199055
Çatı Dubleksi,DERİN'DEN YEŞİLYURT'TA SATILIK 4+1 DENİZ MANZARALI ÇATI DUBLEKS,roof,1,1,0,0,0,detail_and_title,0,,1315730731
Çatı Dubleksi,Başiskele Yuvacık'ta Satılık 1+1 Çatı Dubleks Daire Asansörlü,roof,1,1,0,0,0,detail_and_title,0,,1318766705
Çatı Dubleksi,REMAX MYRA SİTE İÇİNDE SATILIK 4+1 ÇATI DUBLEX GENİŞ KULLANIŞLI,roof,1,1,0,0,0,detail_and_title,0,,1308053579
Bahçe Dubleksi,YUVACIK AYDINKENTTE DOĞA İÇİNDE BAHÇE DUBLEKS 3+1 DAİRE,garden,1,0,1,0,0,detail_and_title,0,,1322188606
Çatı Dubleksi,CB Mahall'den Deniz manz. Yeşilyurtta Eğimsiz 2+1 Çatı Dubleks,roof,1,1,0,0,0,detail_and_title,0,,1319837793
Çatı Dubleksi,YOLDAŞ EMLAKTAN ÜSTPARK YUVACIK SİTESİ SATILIK 4+1 DUBLEKS DAİRE,roof,1,1,0,0,0,detail_and_title,0,title_generic_confirms_detail_subtype,1328076497
,MAMIKLER REFORM'DA HAVUZ CEPHELİ SİTE İÇİ GİRİŞ 3+1 DAİRE,none,0,0,0,0,0,none,0,,1241583743
Dubleks|En Üst Kat|Çatı Dubleksi|Ters Dubleks,BAŞİSKELE YEŞİLYURT DA 4+1 220 M2 VİLLA TİPİ ÇATI DUBLEKS,roof,1,1,0,0,0,detail_and_title,0,,1328060163
Bahçe Dubleksi,SATILIK 3+1 ZERAY GÜNEŞİ MÜSTAKİL BAHÇELİ DAİRE,garden,1,0,1,0,0,detail,0,,1294778590
,BAHÇEKENT SİTESİNDE 2+1 ZEMİN KAT | ️ AMERİKAN & KAPALIMUTFAK,none,0,0,0,0,0,none,0,,1328064302
,İSKANI ALINMIŞ MERKEZİ KONUM 2+1 ÇATI DUBLEKS,roof,1,1,0,0,0,title,0,,1314903502
Ara Kat,SATILIK 2+1 ARA KAT | 105 m² BRÜT | DURAK/MARKET/FIRIN,none,0,0,0,0,0,none,0,,1328055588
Çatı Dubleksi,ERENOĞLU GM'DEN FATİH MAH SATILIK 4+1 ÇATI DUBLEKS DAİRE,roof,1,1,0,0,0,detail_and_title,0,,1313561056
Bahçe Dubleksi,ERENOĞLU GM'DEN YEŞİLYURT MAH SATILIK 3+1 BAHÇE DUBLEX DAİRE,garden,1,0,1,0,0,detail_and_title,0,,1314938960
Ara Kat,ERENOĞLU GM'DEN FATİH MAH SATILIK 2+1 ARA KAT DAİRE,none,0,0,0,0,0,none,0,,1313572956
Çatı Dubleksi,Başiskele Yeşilyurt Mahallesinde 3+1 Çatı Dubleks Ekstralı,roof,1,1,0,0,0,detail_and_title,0,,1328050687
,DENİZ MANZARALI 2+1 ÇATI DUBLEKS | YEŞİLYURT MAHALLESİ,roof,1,1,0,0,0,title,0,,1312780417
Dubleks|En Üst Kat|Çatı Dubleksi,Başiskele Fatih de 155 m2 3+1 Çatı Dubleks شقة للبيع في باشيسكيل,roof,1,1,0,0,0,detail_and_title,0,,1322032511
Dubleks|Çatı Dubleksi,GENİŞ 2+1 ÇATI DUBLEKS DAİRE ŞEHİR VE DENİZ MANZARALI,roof,1,1,0,0,0,detail_and_title,0,,1321287924
Dubleks,BAŞİSKELE FATİH MAH SIFIR SATILIK 3+1 EYİMSİZ ÇATI DUBLEKS,standard,1,0,0,0,1,conflict_detail_wins,1,conflict detail=standard title=roof,1322150251
Çatı Dubleksi,SERDAR MH. 3+1 ÇATI DUBLEKS İSKANLI OTURUMA HAZIR,roof,1,1,0,0,0,detail_and_title,0,,1321950540
Çatı Dubleksi,YEŞİLYURT 3+1 ÇATI DUBLEKS DAİRE MERKEZİ KONUM,roof,1,1,0,0,0,detail_and_title,0,,1316785969
Çatı Dubleksi,BAŞİSKELE PAŞADAĞ 4+1 PRESTİJLİ TERAS DUBLEKS DAİRE,roof,1,1,0,0,0,detail_and_title,0,,1321775121
Ara Kat,ERENOĞLU GM'DEN SATILIK MERKEZİ LOKASYONDA 2+1 ARAKAT DAİRE,none,0,0,0,0,0,none,0,,1328043195
Çatı Dubleksi,BAŞİSKELE TINAZTEPE CADDESİNDE 2+1 EĞİMSİZ ARA DUBLEKS DAİRE,roof,1,1,0,0,0,detail_and_title,0,title_generic_confirms_detail_subtype,1322126977
Ara Kat,FIRSAT!! ZERAY PERLA 2+1 ARAKAT DOĞA MANZARALI SATILIK DAİRE,none,0,0,0,0,0,none,0,,1297738335
Ara Kat,ACİL FIRSAT...!! YEŞİLYURT MAH'DE ARA KAT 2+1 SATILIK DAİRE .!!,none,0,0,0,0,0,none,0,,1327993812
,Akasya Modern Sitede Özel Bahçeli 4+1 Dubleks Önü Kapanmaz,standard,1,0,0,0,1,title,0,,1264766521
Ara Kat,BAŞİSKELE PAŞADAĞ MAH. FULL DENİZ MANZARALI SİTE İÇERİSİ ARA KAT,none,0,0,0,0,0,none,0,,1327989606
Çatı Dubleksi,Cb Mahall'den Başiskele Fatih Mah. Satılık 3+1 Çatı Dubleks,roof,1,1,0,0,0,detail_and_title,0,,1307361345
Çatı Dubleksi,BAŞİSKELE PAŞADAĞ 4+1 SATILIK İÇİ BOŞ DAİRE,roof,1,1,0,0,0,detail,0,,1296917816
Çatı Dubleksi,Kaçırılmayacak Fırsat! Villa Konforunda 3+1 Dubleks,roof,1,1,0,0,0,detail_and_title,0,title_generic_confirms_detail_subtype,1318867214
Çatı Dubleksi,"Başiskele Paşadağda , Asansörlü Modern 3+1 Çatı Dublex",roof,1,1,0,0,0,detail_and_title,0,,1295420642
,SATIŞ OFİSİNDEN FATİH MAH. ASANSÖRLÜ 3+1 ÇATI DUBLEKS,roof,1,1,0,0,0,title,0,,1294143997
Bahçe Dubleksi,"Şehir Merkezinde Bahçeli, 3 Girişli, 2 Master Odalı Dubleks Dair",garden,1,0,1,0,0,detail_and_title,0,title_generic_confirms_detail_subtype,1318651810
Ara Kat,BAŞİSKELE YUVACIK YEŞİLYUT MAH. SATILIK SIFIR 2+1 ARAKAT DAİRE,none,0,0,0,0,0,none,0,,1327924382
Çatı Dubleksi,"2+1 GENİŞ TERASLI ÇATIDUBLEKS DAİRE, AVM BUCADDE ÜSTÜNDE",roof,1,1,0,0,0,detail_and_title,0,,1296319668
,4+1 BU FİYATA YOK . 185 M2 YEŞİLYURT MH'DE 2 BAHÇE DUBLEKS DAİRE,garden,1,0,1,0,0,title,0,,1313777917
Çatı Dubleksi,Cb Mahall'den Paşadağ'da Site İçi Satılık 2+1 Çatı Dubleks,roof,1,1,0,0,0,detail_and_title,0,,1316526053
Dubleks,"EMİN, FUZUL, KATILIM, SİNPAŞ GYO FİNANS YATIRIMA SATIŞI UYGUNDUR",standard,1,0,0,0,1,detail,0,,1327877264
Dubleks,BAŞİSKELE DENİZ MANZARALI DUBLEX TERASLI BÜYÜK 4+1 BOŞ DAİRE,standard,1,0,0,0,1,detail_and_title,0,,1316646935
Ara Kat|Çatı Dubleksi,KOCAELİ BAŞİSKELE'DE 2+1 ÇATI DUBLEKS 4 BALKONLU SATILIK DAİRE,roof,1,1,0,0,0,detail_and_title,0,,1318967659
Bahçe Dubleksi,BAHÇE KULANIMLI 3+1 BAHÇE DUBLEX ORMAN MANZARALI EŞSİZ DAİRE,garden,1,0,1,0,0,detail_and_title,0,,1316093366
Çatı Dubleksi,BAŞİSKELE YEŞİLYURT MAHLESİNDE KULANIŞLI 2+1 ÇATI DUBLEKS,roof,1,1,0,0,0,detail_and_title,0,,1319913251
Çatı Dubleksi,BAŞİSKELE BELEDİYE YAKININDA DENİZ MANZARALI 3+1 ÇATI DUBLEKS,roof,1,1,0,0,0,detail_and_title,0,,1293423850
Bahçe Dubleksi,BAŞİSKELE YUVACIK ZERAY GÜNEŞİ SİTESİNDE 3+1 BAHÇE DUBLEKS,garden,1,0,1,0,0,detail_and_title,0,,1327630786
Bahçe Dubleksi,BAŞİSKELE YUVACIK SUPARK MEGARON SİTESİ'NDE 3+1 BAHÇE DUBLEKS,garden,1,0,1,0,0,detail_and_title,0,,1294516047
Ters Dubleks,BAŞİSKELE TINAZ TEPEDE 3+1 SATILIK 140 M² DUBLEKS DAİRE,standard,1,0,0,0,1,detail_and_title,0,,1310029861
Çatı Dubleksi,BAŞİSKELE ZERAY KENT SİTESİNDE SATILIK 2+1 DUBLEKS DAİRE,roof,1,1,0,0,0,detail_and_title,0,title_generic_confirms_detail_subtype,1321797792
,BAŞİSKELE AKVEN ARMONI TERAS SATILIK BAHÇE DUBLEX,garden,1,0,1,0,0,title,0,,1299610100
,Ziraat Bankası'ndan Paşadağ Mahallesinde Dubleks Mesken,standard,1,0,0,0,1,title,0,,1316504550
,BAŞİSKELE FATİH MAHALLESİNDE SATILIK 3+1 BAHÇE DUBLEKS,garden,1,0,1,0,0,title,0,,1327727279
Çatı Dubleksi,SERDAR MH 3+1 120M² DENİZ MANZARALI ÇATI DUBLEKS SATILIKTIR,roof,1,1,0,0,0,detail_and_title,0,,1327739751
Çatı Dubleksi,BAŞİSKELE YEŞİLYURT MAH.2+1 ÇATI DUBLEKS,roof,1,1,0,0,0,detail_and_title,0,,1321597866
Çatı Dubleksi,HAVUZLU SİTEDE 3+1 140M² ÇATI DUBLEKS DAİREMİZ SATILIKTIR,roof,1,1,0,0,0,detail_and_title,0,,1327710327
Çatı Dubleksi,BAŞİSKELE YEŞİLYURT MAHALLESİNDE SATILIK 3+1 ÇATI DUBLEX DAİRE,roof,1,1,0,0,0,detail_and_title,0,,1321723601
Çatı Dubleksi,BAŞİSKELE TINAZ TEPEDE TED KORLEJİNE YÜRÜME MSFEDE 3+1 DUBLEKS,roof,1,1,0,0,0,detail_and_title,0,title_generic_confirms_detail_subtype,1321723501
,BAŞISKELE YEŞILYURT'TA SATILIK ASANSÖRLÜ 3 + 1 DUBLEKS DAIRE,standard,1,0,0,0,1,title,0,,1316065668
Bahçe Dubleksi,BAŞİSKELE PAŞADAĞDA 2+1 KULLANIŞLI BAHÇE DUBLEKS SIFIR DAİRE,garden,1,0,1,0,0,detail_and_title,0,,1309569340
,ACİL Yuvacık'ta Villa Konforunda 4+1 Bahçe Dubleks Daire,garden,1,0,1,0,0,title,0,,1313343884
Ters Dubleks,Serdar Mh. 3+1 Deniz Manzaralı Çatı Dubleks KREDİ SERBEST,standard,1,0,0,0,1,conflict_detail_wins,1,conflict detail=standard title=roof,1316357086
,Başiskele Yeşilyurt'ta Doğa Manzaralı Lüks 3+1 Çatı Dubleks,roof,1,1,0,0,0,title,0,,1320450682
Dubleks|En Üst Kat|Çatı Dubleksi,Tarcanlardan Başiskele Yeşilyurt 3+1 Satılık Eğimsiz Ç. Dublex,roof,1,1,0,0,0,detail_and_title,0,title_generic_confirms_detail_subtype,1299351409
,Kocaeli Başiskele Satılık Daire Yuvacık'ta Site İçinde,none,0,0,0,0,0,none,0,,1327639828
Ara Kat,%1.69 KREDİ İMKÂNIYLA YUVACIK MERKEZ'DE SATILIK LÜKS 2+1 DAİRE,none,0,0,0,0,0,none,0,,1327580501
Dubleks|En Üst Kat|Çatı Dubleksi,Yeşilyurt Başiskele'de Satılık 2+1 Çatı Dubleks Deniz Manzaralı,roof,1,1,0,0,0,detail_and_title,0,,1324676483
Dubleks,YEŞİLYURT MAH. MÜKEMMEL LOKASYONDA 3+1 SATILIK DUBLEKS DAİRE,standard,1,0,0,0,1,detail_and_title,0,,1321553299
,YEŞİLYURT MAHALLESİNDE SATILIK TERASLI 2+1 ÇATI DUBLEKS,roof,1,1,0,0,0,title,0,,1321561956
Bahçe Dubleksi,YATIRIM VE OTURUM İÇİN KAÇIRILMAYACAK 2+1 BAHÇE DUBLEKS,garden,1,0,1,0,0,detail_and_title,0,,1327570541
Çatı Dubleksi,BAŞİSKELE YEŞİLYURT MAH SİTE İÇİ 3+1 ÇATIDUBLEKS DAİRE,roof,1,1,0,0,0,detail_and_title,0,,1327548752
Çatı Dubleksi,Attichouse'tan Deniz Manzaralı Satılık 4+1 Çatı Dubleks Daire,roof,1,1,0,0,0,detail_and_title,0,,1304660210
Dubleks,BAŞİSKELE TINAZ TEPEDE KULANIŞLI 2+1 ÇATI DUBLEKS FERAH TERASLI,standard,1,0,0,0,1,conflict_detail_wins,1,conflict detail=standard title=roof,1303872254
Bahçe Dubleksi,BAŞİSKELE YEŞİLYURT MAH.2+1 BAHÇE DUBLEKS DAiRE,garden,1,0,1,0,0,detail_and_title,0,,1325530039
,SINIRSIZ KREDI IMKANI 3 + 1 ASANSÖRLÜ ÇATI DUBLEKS,roof,1,1,0,0,0,title,0,,1320300245
,BAŞİSKELE YUVACIK FATİH MAHALLESİN'de 3+1 EĞİMSİZ ÇATI DUBLEKS,roof,1,1,0,0,0,title,0,,1321453587
,SINIRSIZ KREDİ İMKANLI 3+1 BAHÇE DUBLEKS,garden,1,0,1,0,0,title,0,,1320628821
Bahçe Dubleksi,AZİZE EVLERİNDE SATILIK 3+1 BAHÇE DUBLEKS DAİRE,garden,1,0,1,0,0,detail_and_title,0,,1321495135
,BAŞİSKELE YEŞİLYURT MAH'DE SATILIK 3+1 BAHÇE DUBLEKS,garden,1,0,1,0,0,title,0,,1291472930
Bahçe Dubleksi,DERİN'DEN ZERAY PERLA'DA ÖZEL BAHÇE KULLANIMLI 3+1 DUBLEKS DAİRE,garden,1,0,1,0,0,detail_and_title,0,title_generic_confirms_detail_subtype,1295381901
Bahçe Dubleksi,BAŞİSKELE YUVACIK MERKEZ DE SATILIK 3+1 BAHÇE DUBLEKS DAİRE,garden,1,0,1,0,0,detail_and_title,0,,1327494780
Dubleks|Bahçe Dubleksi,HAVUZLU GÜVENLİKLİ SİTEDE 100M2 BAHÇE KULANIMLI DUBLEX DAİRE,garden,1,0,1,0,0,detail_and_title,0,title_generic_confirms_detail_subtype,1327361323
Çatı Dubleksi,BAŞİSKELE SERDAR MAH. ASANSÖRLÜ EĞİMSiZ 3+1 ÇATI DUBLEKS DAİRE,roof,1,1,0,0,0,detail_and_title,0,,1321354540
,Başiskele Paşadağ'da Eğimsiz 2+1 AraDubleks Daire,none,0,0,0,0,0,none,0,,1320453500
Çatı Dubleksi,BAŞİSKELE AYDINKENT SATILIK 3+1 ÇATI DUBLEKS DAİRE,roof,1,1,0,0,0,detail_and_title,0,,1327282500
,"5 + 2 çatı dubleks , Deniz manzaralı",roof,1,1,0,0,0,title,0,,1315704275
Çatı Dubleksi,KW.ARVEN G.Y.DEN BAŞİSKELE SERDAR DA SATILIK 3+1 DUBLEKS DAİRE..,roof,1,1,0,0,0,detail_and_title,0,title_generic_confirms_detail_subtype,1321238025
Çatı Dubleksi,BAŞİSKELE YEŞİLYURT MERKEZ'DE ULTRA LÜKS 3+1 TERAS DUBLEKS,roof,1,1,0,0,0,detail_and_title,0,,1324422116
Bahçe Dubleksi,BAŞİSKELE YUVACIK SİTE İÇİ 3+1 SATILIK GENİŞ BAHÇE DUBLEKS DAİRE,garden,1,0,1,0,0,detail_and_title,0,,1269675049
Ters Dubleks,BAŞİSKELE YEŞİLYURT'TA 3+1 SATILIK BAHÇE DUBLEKS,standard,1,0,0,0,1,conflict_detail_wins,1,conflict detail=standard title=garden,1310267707
Bahçe Dubleksi,RE/MAX MYRA'DAN VİLLA TADINADA 4+1 BAÇE DUBLEKS 5 BANYOLU,garden,1,0,1,0,0,detail_and_title,0,title_generic_confirms_detail_subtype,1324414221
Ters Dubleks,LİFESİDE SİTESİNDE MUHTEŞEM KONUMDA SATILIK 3+1 DUBLEKS DAİRE,standard,1,0,0,0,1,detail_and_title,0,,1309595018
Çatı Dubleksi,CB Envoy'dan Yeşilyurt Mahallesi'nde Geniş 2+1 Çatı Dubleks,roof,1,1,0,0,0,detail_and_title,0,,1316038795
Bahçe Dubleksi,YEŞİLYURT MAH. ASANSÖRLÜ 3+1 BAHÇE DUBLEKS LÜKS DAİRE,garden,1,0,1,0,0,detail_and_title,0,,1281338787
Dubleks|En Üst Kat|Çatı Dubleksi,DENİZ MANZARASIYLA AYRICALIKLI YAŞAM! YEŞİLYURTTA 4+1 DUBLEKS,roof,1,1,0,0,0,detail_and_title,0,title_generic_confirms_detail_subtype,1298583671
,BAŞİSKELE YEŞİLYURT'DA EBEVYN BANYOLU 3+1 SATILIK BAHÇE DUBLEKS,garden,1,0,1,0,0,title,0,,1327331514
Bahçe Dubleksi,Yuvacık'ta Deniz Manzaralı Bahçeli 3+1 Dubleks,garden,1,0,1,0,0,detail_and_title,0,title_generic_confirms_detail_subtype,1327317786
Çatı Dubleksi,BAŞISKELE YEŞİLYURT MERKEZ ULTRA LÜKS GENİŞ 3+1 TERAS DUBLEKS,roof,1,1,0,0,0,detail_and_title,0,,1324371637
Bahçe Dubleksi,BAŞİSKELE'DE HAVUZLU SİTE İÇİ SIFIR 3+1 ÇATI DUBLEKS DAİRE,garden,1,0,1,0,0,conflict_detail_wins,1,conflict detail=garden title=roof,1309993677
Ara Kat,BAŞİSKELE FATiH MAH.2+1 ARAKAT DAİRE SİTE İÇİ TESLİME YAKLAŞIYOR,none,0,0,0,0,0,none,0,,1327275757
Dubleks|Çatı Dubleksi,BAŞİSKELE FATİH MAHALLESİ SIFIR BİR AYA TESLİM SATILIK DAİRE,roof,1,1,0,0,0,detail,0,,1327275697
Çatı Dubleksi,RİBANKTAN SATILIK 3+1 ÇATI DUBLEKS 165 M2 LÜKS DAİRE,roof,1,1,0,0,0,detail_and_title,0,,1321238618
,ALAN PANORAMA 1.ETAPTA SATILIK 4+1 ÇATI DUBLEKS DAİRE,roof,1,1,0,0,0,title,0,,1321056327
Bahçe Dubleksi,LOFT GROUP GM'DEN YEŞİLYURT'TA 4+2 MÜSTAKİL BAHÇELİ DUBLEKS,garden,1,0,1,0,0,detail_and_title,0,,1321139992
Bahçe Dubleksi,MERKEZİ KONUMDA DUBLEKS DAİRE,garden,1,0,1,0,0,detail_and_title,0,title_generic_confirms_detail_subtype,1310215736
,BAŞİSKELE FATİH MAHALLESİN'DE 4+1 EBEVYN BANYOLU ÇATI DUBLEKS,roof,1,1,0,0,0,title,0,,1315915515
,SUPARK MEGARON EVLERİNDE BAHÇE DUBLEX,garden,1,0,1,0,0,title,0,,1274202447
,KOCAELİ BAŞİSKELE YUVACIK SATILIK 4+1 ÇATI DUBLEKS DAİRE,roof,1,1,0,0,0,title,0,,1315909815
,YUVACIKTA OTURMAYA HAZIR OKUL YANI CADDE ÜZERİ 210m2 DUBLEKS,standard,1,0,0,0,1,title,0,,1315849709
,MERKEZİ KONUM | 2+1 EĞİMSİZ DUBLEKS | İSKAN ALINDI | BÜYÜK TERAS,standard,1,0,0,0,1,title,0,,1320780307
Bahçe Dubleksi,Başiskele Yeşilyurt mahallesinde 2+1 bahçe dubleks,garden,1,0,1,0,0,detail_and_title,0,,1327079526
,BAHÇE KULLANIM HAKLI 4+1 BAHÇE DUBLEKS BU HAFTAYA ÖZEL FİYAT,garden,1,0,1,0,0,title,0,,1315419419
Dubleks,TANYILDIZ'DAN BAŞISKELE FATIH MH 3+1 SATILIK 0 DUBLEKS,standard,1,0,0,0,1,detail_and_title,0,,1298938490
Ara Kat|Çatı Dubleksi,BAŞİSKELE YEŞİLYURT'TA SATILIK 2+1 ÇATI DUBLEKS,roof,1,1,0,0,0,detail_and_title,0,,1315739813
Dubleks|Bahçe Dubleksi|Ters Dubleks,bahçe kullanımla bahçe dubleksi,garden,1,0,1,0,0,detail_and_title,0,,1327008241
,KW ARVEN'den FATİH MAH.de 4 MİLYON KREDİ İMKANI 3+1 BAHÇE DUBLEX,garden,1,0,1,0,0,title,0,,1318514021
Çatı Dubleksi,YUVACIK FATİH MAHALLESİNDE SATILIK 3+1 ÇATI DUBLEKS SIFIR DAİRE,roof,1,1,0,0,0,detail_and_title,0,,1309477215
Dubleks|En Üst Kat|Çatı Dubleksi,EMLAKÇIM41'DE BAŞİSKELE/ FATİH MH.DE MANZARALI GENİŞ 2+1 DUBLEKS,roof,1,1,0,0,0,detail_and_title,0,title_generic_confirms_detail_subtype,1326889729
Ara Kat|Çatı Dubleksi,Yeşilyurt'ta 3+1 Satılık Çatı Dubleks,roof,1,1,0,0,0,detail_and_title,0,,1315726202
Dubleks|Çatı Dubleksi,BAŞİSKELE YEŞİLYURT MAH. SATILIK 2+1 ÇATI DUBLEKS SIFIR DAİRE,roof,1,1,0,0,0,detail_and_title,0,,1269129972
,YAPI SAHİBİNDEN SIFIR DUBLEX 3*1 ANAHTAR TESLİM,standard,1,0,0,0,1,title,0,,1317968908
Çatı Dubleksi,BAŞİSKELE YUVACIK MERKEZ FIRSAT 3+1 GENİŞ EĞİMSİZ ÇATI DUBLEKS,roof,1,1,0,0,0,detail_and_title,0,,1302367370
,BAŞİSKELE FATİH'TE 3+1 İSKANI ALINMIŞ ÇATI DUBLEX DAİRE,roof,1,1,0,0,0,title,0,,1278275257
,"Deniz Manzaralı, Büyük Bahçeli 3+1 Satılık Daire",none,0,0,0,0,0,none,0,,1326853523
,FULL DENİZ MANZARALI 3+1 ÇATI DUBLEX,roof,1,1,0,0,0,title,0,,1314650304
Bahçe Dubleksi,BAŞİSKELE YEŞİLYURT'TA MUHTEŞEM 4+1 210M2 SATILIK BAHÇE DUBLEKS.,garden,1,0,1,0,0,detail_and_title,0,,1315664123
Çatı Dubleksi,BAŞİSKELE YEŞİLYURT MAH.3+1 ÇATI DUBLEKS DAİRE,roof,1,1,0,0,0,detail_and_title,0,,1315480618
Bahçe Dubleksi,BAŞİSKELE YEŞİLYURT MAH.3+1 BAHÇE DUBLEKS GENİŞ BAHÇE KULLANIMLI,garden,1,0,1,0,0,detail_and_title,0,,1315478777
Çatı Dubleksi,SERDAR MAHALLESİ'NDE 3+1 EĞİMSİZ ÇATI DUBLEKS,roof,1,1,0,0,0,detail_and_title,0,,1315567040
Bahçe Dubleksi,BAŞİSKELE ZERAY KENT'TE SATILIK 4+1 BAHÇE DUBLEKS DAİRE,garden,1,0,1,0,0,detail_and_title,0,,1315610624
Dubleks,Başiskele 3+1 dublex daire,standard,1,0,0,0,1,detail_and_title,0,,1169855282
Dubleks|En Üst Kat|Çatı Dubleksi,BAŞİSKELE'DE DENİZ MANZARALI 3+1 EĞİMSİZ DUBLEKS SATILIK DAİRE,roof,1,1,0,0,0,detail_and_title,0,title_generic_confirms_detail_subtype,1318800974
Çatı Dubleksi,BAŞİSKELE YEŞİLYURT MAH. SATILIK 105 M2 ÇATI DUBLEX 2+1,roof,1,1,0,0,0,detail_and_title,0,,1315560898
Dubleks,SON RAKAM BAŞİSKELE YUVACIK FATİH MAH'de 4+1 SATILIK DUBLEKS,standard,1,0,0,0,1,detail_and_title,0,,1315431725
,Başiskele KarpayLifeCenter'da 3+1 Havuzlu Bahçe Dubleksi Daire,garden,1,0,1,0,0,title,0,,1320425746
En Üst Kat|Çatı Dubleksi,BAŞİSKELE'DE DENİZ VE DOĞA MANZARALI SATILIK ÇATIDUBLEKS DAİRE,roof,1,1,0,0,0,detail_and_title,0,,1156905454
Çatı Dubleksi,RİBANKTAN BELEDİYEYE YAKIN SATILIK 3+1 EĞİMSİZ Ç.DUBLEKS DAİRE,roof,1,1,0,0,0,detail_and_title,0,title_generic_confirms_detail_subtype,1315359279
Çatı Dubleksi,RİBANKTAN SATILIK 2+1 ÇATI DUBLEKS DENİZ MANZARALI SIFIR DAİRE,roof,1,1,0,0,0,detail_and_title,0,,1279731409
,YEŞİLYURT MAH. OTURUMA HAZIR 2+1 SATILIK ARKA ÇATI DUBLEKS,roof,1,1,0,0,0,title,0,,1303615064
Dubleks|Bahçe Dubleksi,BAŞİSKELE FATİH MAHALLESİNDE SATILIK SİTE İÇİ 3+1 BAHÇE DUBLEKS,garden,1,0,1,0,0,detail_and_title,0,,1326477846
Çatı Dubleksi,YEŞİLYURT MAH. EBEVEYN BANYOLU SATILIK 2+1 EĞİMSİZ ÇATI DUBLEKS,roof,1,1,0,0,0,detail_and_title,0,,1298136149
Dubleks|En Üst Kat|Çatı Dubleksi,SERDAR MAHALLESİNDE SATILIK EĞİMSİZ 3+1 ÇATI DUBLEKS,roof,1,1,0,0,0,detail_and_title,0,,1315222866
Çatı Dubleksi,YEŞİLYURT MAH. SATILIK 135 M2 2+1 EĞİMSİZ ÇATI DUBLEKS,roof,1,1,0,0,0,detail_and_title,0,,1313944453
,BAŞİSKELE FATİH MAHALLESİ 110 M2 2+1 ÇATI DÜBLEKS HAVUZLU SİTE,roof,1,1,0,0,0,title,0,,1326409466
Çatı Dubleksi,Başiskele Zeray Kent Sitesinde Satılık 3+1 Çatı Dubleks,roof,1,1,0,0,0,detail_and_title,0,,1315248100
Bahçe Dubleksi,Başiskele Yeşilyurt Satılık Kredi'ye Uygun 3+1 BahçeDubleks,garden,1,0,1,0,0,detail_and_title,0,,1326398384
Ara Kat,BAŞİSKELE YUVACIK'TA SATILIK DENİZ MANZARALI 3+1 DUBLEKS DAİRE,standard,1,0,0,0,1,title,0,,1320280016
Çatı Dubleksi,YEŞİLYURT'TA DENİZ MANZARALI 3+1 ÇATI DUBLEKS,roof,1,1,0,0,0,detail_and_title,0,,1315159132
Dubleks|Çatı Dubleksi,Başiskele Paşadağ'da Yüksek Kredili 3+1 140 m² Dubleks Daire,roof,1,1,0,0,0,detail_and_title,0,title_generic_confirms_detail_subtype,1314990257
Çatı Dubleksi,Başikele Paşadağ'da 3+1 Çatı Dubleks Daire,roof,1,1,0,0,0,detail_and_title,0,,1309161078
En Üst Kat|Çatı Dubleksi,PAŞADAĞ MH 2+1 SATILIK ÇATI DUBLEKS DOĞA MANZARALI,roof,1,1,0,0,0,detail_and_title,0,,1292137095
Bahçe Dubleksi,"YEŞİLYURT'TA 4+1, 2 BAHÇE DUBLEKS 185M2 NET SIFIR DAİRE",garden,1,0,1,0,0,detail_and_title,0,,1320308654
,BAŞİSKELE YEŞİLYURTTA SIFIR 3+1 EĞİMSİZ ÇATI DUBLEKS,roof,1,1,0,0,0,title,0,,1326328697
Çatı Dubleksi,Başiskele Paşadağ'da Butik Sitede Sıfır 4+1 Çatı Dubleks,roof,1,1,0,0,0,detail_and_title,0,,1326272332
Dubleks|En Üst Kat|Çatı Dubleksi,BAŞISKELE YEŞILYURT DENIZ GÖREN 3+1 EĞİMSİZ BETON ÇATI DUBLEKS,roof,1,1,0,0,0,detail_and_title,0,,1320026055
Çatı Dubleksi,Başiskele Zeraykent Dublex Daire,roof,1,1,0,0,0,detail_and_title,0,title_generic_confirms_detail_subtype,1308716831
En Üst Kat,BAŞİSKELE TINAZTEPE DE 3+1 ÇATI DUBLEXS SATILIK DAİRE,roof,1,1,0,0,0,title,0,,1326082184
Bahçe Dubleksi,YÜKSEK KREDİ İMKANLI YEŞİLYURT MAH 180M2 4+1 BAHÇE D. DAİRE,garden,1,0,1,0,0,detail,0,,1314943054
Çatı Dubleksi,BAŞISKELE YEŞILYURT MAH.3+1 ÇATI DUBLEKS. GENİŞ TERASLI,roof,1,1,0,0,0,detail_and_title,0,,1314507870
,ROYAL COUNTRY DE SATILIK 3+1 DENİZ MANZARALI LÜX DUBLEKS DAİRE,standard,1,0,0,0,1,title,0,,1305199767
Bahçe Dubleksi,BAŞİSKELE YEŞİLYURT MAH. SATILIK 2+1 LÜX BAHÇE DUBLEX DAİRE,garden,1,0,1,0,0,detail_and_title,0,,1238673387
Bahçe Dubleksi,THE GATE EMLAK'tan Yuvacıkta satılık 4+1 Bahçe Dubleks Daire,garden,1,0,1,0,0,detail_and_title,0,,1297079908
Çatı Dubleksi,YUVACIK VADİ PARKI KARŞISI-İSKANI ALINMIŞ-ASANSÖRLÜ 3+1 DUBLEKS,roof,1,1,0,0,0,detail_and_title,0,title_generic_confirms_detail_subtype,1326092494
Çatı Dubleksi,BAŞİSKELE YEŞİLYURT MAH. SATILIK 2+1 DENİZ MAN. EĞİMSİZ DUBLEX,roof,1,1,0,0,0,detail_and_title,0,title_generic_confirms_detail_subtype,1238672114
Ara Kat,ESKİDJİden ZERAY GÜNEŞİNDE DOĞA MANZARALI ARA KAT GENİŞ 1+1,none,0,0,0,0,0,none,0,,1314405280
En Üst Kat|Çatı Dubleksi,BAŞİSKELE FATİH MH 3+1 ÇATI DUBLEKS KREDİYE UYGUN,roof,1,1,0,0,0,detail_and_title,0,,1244012731
En Üst Kat|Çatı Dubleksi,BAŞİSKELE YEŞİLYURT MAHALLESİNDE SATILIK 3+1 ÇATI DUBLEKS DAİRE,roof,1,1,0,0,0,detail_and_title,0,,1303490301
,BAŞİSKELE TINAZTEPEDE 4+1 200m2 BAHÇE DUBLEKS,garden,1,0,1,0,0,title,0,,1325971262
Bahçe Dubleksi,BAŞİSKELE YEŞİLYURT MAH. ULTRA LÜX YAPILI 3+1 BAHÇE DUBLEX,garden,1,0,1,0,0,detail_and_title,0,,1319895654
Çatı Dubleksi,END'DEN YUVACIK FATİH MAHALLESİNDE SATILIK 2+1 DUBLEKS DAİRE,roof,1,1,0,0,0,detail_and_title,0,title_generic_confirms_detail_subtype,1325961336
Dubleks|Çatı Dubleksi,BAŞİSKELE YEŞİLYURT'TA MERKEZİ KONUMDA SATILIK 3+1 DUBLEKS DAİRE,roof,1,1,0,0,0,detail_and_title,0,title_generic_confirms_detail_subtype,1325833426
Bahçe Dubleksi,SATILIK BAHÇE DUBLEKS 4+1 DAİRE,garden,1,0,1,0,0,detail_and_title,0,,1308882684
Ara Kat|Çatı Dubleksi,SERDAR MAHALLESİNDE SATILIK ÇATIDUPLEKS FERAH BİR DAİRE,roof,1,1,0,0,0,detail,0,,1319842150
Çatı Dubleksi,BAŞİSKELE FATİH MAH. LÜX 3+1 ÇATI DUBLEX DAİRE,roof,1,1,0,0,0,detail_and_title,0,,1308868300
Çatı Dubleksi,ELİZLER EMLAK'TAN SERDAR MH 3+1 160M² Ç.DUBLEKS DAİREMİZ SATILIK,roof,1,1,0,0,0,detail_and_title,0,title_generic_confirms_detail_subtype,1297784649
,BAŞİSKELE FATİH MAH.TINAZTEPE 2+1 SATILIK ARA ÇATI DUBLEKS,roof,1,1,0,0,0,title,0,,1319681077
,Satılık Bahçe Dubleks 3+1 Havuzlu Site,garden,1,0,1,0,0,title,0,,1319658346
Dubleks|Çatı Dubleksi,Deniz ve Doğa manzaralı ebeveyn banyolu 4+1 catı dubleks,roof,1,1,0,0,0,detail_and_title,0,,1155421373
Ara Kat Dubleks,FIRSAT ARAKAT DUBLEX DAİRE,middle_floor,1,0,0,1,0,detail_and_title,0,title_generic_confirms_detail_subtype,1325777804
En Üst Kat|Çatı Dubleksi,FIRSAT DAİRE FİYAT DÜŞTÜ 2+1 A.MUTFAK ÇATI DUBLEKS,roof,1,1,0,0,0,detail_and_title,0,,1314508605
Çatı Dubleksi,BAŞİSKELENİN EN PRESTİJLİ LOKASYONU PAŞADAĞDA SATILIK ÇATIDUBLEX,roof,1,1,0,0,0,detail_and_title,0,,1325518308
Bahçe Dubleksi,YEŞİLYURT'TA 4+1 BAHÇE DUBLEKS ACİL SATILIK,garden,1,0,1,0,0,detail_and_title,0,,1312900249
Bahçe Dubleksi,SÜRELİ FIRSAT BAŞİSKELE ASRIN EV. SATILIK DENİZ MAN 2+1 BAH. DUB,garden,1,0,1,0,0,detail,0,,1308569312
Çatı Dubleksi,ACİL SATILIK ListingPortal Deniz Manzaralı Dublex Daire,roof,1,1,0,0,0,detail_and_title,0,title_generic_confirms_detail_subtype,1319445368
,EKOMAXTAN BAŞİSKELE F MAH DE 3+1 ARA DUBLEKS,standard,1,0,0,0,1,title,0,,1313835754
Bahçe Dubleksi,YÜKSEK KREDİ İMKANI SİTE İÇİ 4+1 BAHÇE DUBLEKS HAVUZLU ASANSÖR,garden,1,0,1,0,0,detail_and_title,0,,1325513830
Dubleks|Bahçe Dubleksi,BAŞİSKELE YEŞİLYURT'TA SATILIK 3+1 BAHÇE DUBLEKS DAİRE,garden,1,0,1,0,0,detail_and_title,0,,1254949952
Ters Dubleks,Eminevime ve Krediye Uygun Yeşilyurt Mah. 3+1 Ters Dubleks,standard,1,0,0,0,1,detail_and_title,0,,1325469440
,SAHİBİNDEN SATILIK DENİZ MANZARALI 2+1 ÇATI DUBLEXS,roof,1,1,0,0,0,title,0,,1325333480
Ara Kat|Çatı Dubleksi,GÜNCEL ! EMAR DELUX YUVACIK 3+1 TERAS DUBLEKS FOR SALE,roof,1,1,0,0,0,detail_and_title,0,,1325322314
Ara Kat|Çatı Dubleksi,ACİL!!!ZERAY PERLA SİTESİNDE SATILIK 3+1 DUBLEKS FIRSAT DAİRE,roof,1,1,0,0,0,detail_and_title,0,title_generic_confirms_detail_subtype,1264489423
Çatı Dubleksi,PERLA'DA KAÇIRILMAYACAK 3+1 ÇATI DUBLEKS DAİRE,roof,1,1,0,0,0,detail_and_title,0,,1265326135
Dubleks,TANTA EMLAK'TAN FATİH MAH.DE 3+1 DENİZ VE DOĞA MANZARALI DUBLEKS,standard,1,0,0,0,1,detail_and_title,0,,1325264715
Dubleks,YEŞİLYURT MAH 170 M2 3+1 FERAH TAM DONANIMLI EĞİMSİZ ÇATI DUBLEX,standard,1,0,0,0,1,conflict_detail_wins,1,conflict detail=standard title=roof,1325169377
Dubleks|Çatı Dubleksi,YEŞİLYURT MAHALLESİ'NDE DENİZ MANZARALI MUHTEŞEM ÇATI DUBLEKSİ,roof,1,1,0,0,0,detail_and_title,0,,1325138943
Dubleks|Çatı Dubleksi,BAŞİSKELE PAŞADAĞDA YUVANA SİTESİNE KOMŞU 3+1 DUBLEKS DAİRE,roof,1,1,0,0,0,detail_and_title,0,title_generic_confirms_detail_subtype,1302275920
Çatı Dubleksi,BAŞİSKELE ORKA BOUTIQUE TE SATILIK SIFIR 4+1 ÇATI DUBLEKS DAİRE,roof,1,1,0,0,0,detail_and_title,0,,1142198929
Dubleks|En Üst Kat|Ara Kat|Çatı Dubleksi,FATİH MAHALLESİNDE EMİNEVİME UYGUN GENİŞ 2+1 ÇATI DUBLEKS DAİRE,roof,1,1,0,0,0,detail_and_title,0,,1325020732
Çatı Dubleksi,Tınaztepe 3+1 Sıfır Dubleks DilekErcan RE/MAXÇAKRA,roof,1,1,0,0,0,detail_and_title,0,title_generic_confirms_detail_subtype,1307110645
Dubleks,"Kocaeli'de Geniş Teraslı, Modern ve Satılık Dubleks Daire",standard,1,0,0,0,1,detail_and_title,0,,1324936376
Bahçe Dubleksi,BAŞİSKELE YEŞİLYURT MAH.SATILIK 4+1 BAHÇE DUBLEKS DAİRE 180 M2,garden,1,0,1,0,0,detail_and_title,0,,1290404754
Dubleks|En Üst Kat|Ara Kat|Ara Kat Dubleks|Bahçe Dubleksi|Çatı Dubleksi|Forleks|Ters Dubleks|Tripleks,ORKA BOUTIQUE FIRSAT 3+1 DUBLEKS DOĞA VE HAVUZ MANZARALI,roof,1,1,0,0,0,detail_and_title,0,title_generic_confirms_detail_subtype,1285061922
Dubleks,ERENOĞLU GM'DEN SATILIK YÜKSEK KREDİLİ 3+1 ÇATI DUBLEKS DAİRE,standard,1,0,0,0,1,conflict_detail_wins,1,conflict detail=standard title=roof,1307206586
Bahçe Dubleksi,BAŞİSKELE YEŞİLYURT MAH.SATILIK 3+1 BAHÇE DUBLEKS DAİRE,garden,1,0,1,0,0,detail_and_title,0,,1289708069
Çatı Dubleksi,YEŞİLYURT MAH 150 M2 ÖNÜ KAPANMAZ DENİZ MANZARALI 3+1 ÇATI D.,roof,1,1,0,0,0,detail,0,,1313550480
Çatı Dubleksi,BAŞİSKELE SERDAR MAH. SATILIK 1+1 DUBLEKS ASANSÖRLÜ DAİRE,roof,1,1,0,0,0,detail_and_title,0,title_generic_confirms_detail_subtype,1324793898
,ZERAY KORUPARK'ta 3+1 164 m2 ÇATI DUBLEKSİ,roof,1,1,0,0,0,title,0,,1324770092
Bahçe Dubleksi,Bol manzaralı bahçe dublex,garden,1,0,1,0,0,detail_and_title,0,,1292874003
,"Baṣiskele , Yeṣilyurt mah , Bahçe dubleks , 180 metre kare",garden,1,0,1,0,0,title,0,,1313167432
Çatı Dubleksi,BAŞİSKELEDE 4+1 ÇATI DUBLEKS 160m2 FIRSAT DAİRE,roof,1,1,0,0,0,detail_and_title,0,,1324709100
Çatı Dubleksi,(FIRSAT!!!) DENİZ MANZARALI 3+1 SIFIR ÇATI DUBLEKS,roof,1,1,0,0,0,detail_and_title,0,,1307376027
Çatı Dubleksi,YEŞİLYURTTA SATILIK 2+1 Ç.DUBLEKS ASANSÖRLÜ LÜKS SIFIR DAİRE,roof,1,1,0,0,0,detail_and_title,0,title_generic_confirms_detail_subtype,1313365725
Çatı Dubleksi,"Fatih Mah'de Önü Kapanmaz Manzara, Yerden Isıtma 3+1 Çatı Duble",roof,1,1,0,0,0,detail,0,,1318891520
Çatı Dubleksi,FATİH MH. 3+1 ÇATI DUBLEKS DAİRE OTURUMA HAZIR İSKANLI,roof,1,1,0,0,0,detail_and_title,0,,1318889430
,Başiskele Yeşilyurt mh. Satılık 3+1 Bahçe Dubleks Daire,garden,1,0,1,0,0,title,0,,1324413554
Çatı Dubleksi,BAŞİSKELE ORKA BOUTIQUE TE SATILIK SIFIR 4+1 ÇATI DUBLEKS DAİRE,roof,1,1,0,0,0,detail_and_title,0,,1190665407
Ters Dubleks,SAHİBİNDEN VADİ YUVACIK SİTE İÇİNDE 3+1 BAHÇE DUBLEKS (TAKASLI),standard,1,0,0,0,1,conflict_detail_wins,1,conflict detail=standard title=garden,1313189386
Bahçe Dubleksi,BAŞİSKELE 2+1 BAHÇE DUBLEX HAVUZLU GENİŞ KULANIŞLI DAİRE,garden,1,0,1,0,0,detail_and_title,0,,1324372679
,BAŞİSKELE MERKEZİ KONUM BAHÇELİ 3+1 BAHÇE DUBLEKS,garden,1,0,1,0,0,title,0,,1324397181
Çatı Dubleksi,YEŞİLYURT MAHALLESİNDE SATILIK 3+1 ÇATI DUBLEKS,roof,1,1,0,0,0,detail_and_title,0,,1289888125
,"Havuzlu sitede, deniz ve doğa manzaralı özel dubleks daire",standard,1,0,0,0,1,title,0,,1324313063
Bahçe Dubleksi,SİTEDE BAHÇELİ GENİŞ 3+1 BAHÇE DUBLEKSİ FOR SALE,garden,1,0,1,0,0,detail_and_title,0,,1323982933
Çatı Dubleksi,BAŞİSKELE MERKEZ DÖNGEL 3+1 ÇATI DUBLEKS 165 M2 SİTE İÇİ,roof,1,1,0,0,0,detail_and_title,0,,1271815159
Çatı Dubleksi,BAŞİSKELE DÖNGEL MAH. DENİZ MANZARALI 4+1 ÇATI DUBLEKS,roof,1,1,0,0,0,detail_and_title,0,,1329877571
,Başiskelede 3+1Çatı Dubleks Manzara Konfor Güven Bir Arada!,roof,1,1,0,0,0,title,0,,1277984425
,SAHİBİNDEN SATILIK,none,0,0,0,0,0,none,0,,1329525793
,"Sitenin En Güzeli, Yapılı, Masrafsız",none,0,0,0,0,0,none,0,,1329324426
,SAHİBİNDEN TÜM ODALAR DENİZ VE HAVUZ MANZARALI,none,0,0,0,0,0,none,0,,1329291766
Bahçe Dubleksi,END'DEN BAŞİSKLE DAMLAR 2+1 DUBLEKS SATILIK DAİRE,garden,1,0,1,0,0,detail_and_title,0,title_generic_confirms_detail_subtype,1317804165
,DÖNGELDE SİTE İÇERİSİNDE ASANSÖRLÜ 3+1 EĞİMSİZ ÇATI DUBLEKS,roof,1,1,0,0,0,title,0,,1323035743
Çatı Dubleksi,Tarcanlardan Başiskelede Satılık 3+1 Daire,roof,1,1,0,0,0,detail,0,,1317560704
,BAŞİSKELE DÖNGELDE 2+1 ÇATI DUBLEKS,roof,1,1,0,0,0,title,0,,1328763711
Bahçe Dubleksi,Başiskele Döngel'de Deniz Manzaralı 4+1 Bahçe Dubleks,garden,1,0,1,0,0,detail_and_title,0,,1313980718
Ara Kat,ListingPortal 2+1 Arakat Yeniköy Kirazlıkent'te Daire,none,0,0,0,0,0,none,0,,1311329885
,ACİLLLL . BAŞİSKELE DÖNGELDE DREM GARDEN SİTESİNDE BAHCE DUBLEX,garden,1,0,1,0,0,title,0,,1325665770
Bahçe Dubleksi,BAŞİSKELE DÖNGEL BARBAROS MAHALLESİ SINIRINDA 2+1 BAHÇE DUBLEKSİ,garden,1,0,1,0,0,detail_and_title,0,,1328593714
Ara Kat,BAŞİSKELEDE LEON SUITES'TE SATILIK SIFIR 2+1 DAİRE HAVUZLU SİTE,none,0,0,0,0,0,none,0,,1328515441
Ara Kat Dubleks,ASİL GROUPTAN BAŞİSKELE DÖNGEL MAH 3+1 ÇATI DUBLEKS,middle_floor,1,0,0,1,0,conflict_detail_wins,1,conflict detail=middle_floor title=roof,1322345258
Dubleks|En Üst Kat|Ara Kat|Ara Kat Dubleks|Bahçe Dubleksi|Çatı Dubleksi|Ters Dubleks|Tripleks,BAŞİSKELEDE PREJTİJLİ PROJE SON 2 ÇATI DUBLEKS 2+1 SATILIK DAİRE,roof,1,1,0,0,0,detail_and_title,0,,1305369124
Ara Kat,BAŞİSKELE DÖNGELDE SATILIK 3+1 BAHÇE DUBLEKSİ,garden,1,0,1,0,0,title,0,,1328415285
,Ziraat Bankası'ndan Döngel Mahallesinde Dubleks Mesken,standard,1,0,0,0,1,title,0,,1294518218
Ara Kat,RW Nova'dan Oluklu life Sit. Satılık 3+1 Arakat Ebeveyn Banyolu,none,0,0,0,0,0,none,0,,1328388907
Ara Kat,DENİZ MANZARALI ARAKAT 3+1 SIFIR DAİRE,none,0,0,0,0,0,none,0,,1288042140
,Harika konum da son 3+1 fırsat daire için hemen arayın,none,0,0,0,0,0,none,0,,1328306010
Ara Kat,BAŞİSKELE DÖNGEL DE 3+1 SATILIK DAİRE,none,0,0,0,0,0,none,0,,1328288707
,DÖNGEL MAH. VİLLA TADINDA 3+1 BAHÇE DUBLEKS,garden,1,0,1,0,0,title,0,,1283255123
Bahçe Dubleksi,TUAL'DEN ELİT KENTİN EN UYGUN 3+1 BAHÇE KATI DAİRESİ,garden,1,0,1,0,0,detail,0,,1314890134
Çatı Dubleksi,Başiskele Merkezde Satılık 4+1 Çatı Dubleks | Asansörlü,roof,1,1,0,0,0,detail_and_title,0,,1316839463
Ara Kat|Çatı Dubleksi,BAŞİSKELENİN KALBİ KARŞIYAYA DÖNGEL MEVKİİNDE Ç.DUBLEKS,roof,1,1,0,0,0,detail_and_title,0,title_generic_confirms_detail_subtype,1312062284
,Tarcanlardan Satılık Döngel'De Asansörlü Deniz Manzaralı Dubleks,standard,1,0,0,0,1,title,0,,1310821347
Ara Kat Dubleks,ASİL GROUPTAN DÖNGEL MAH.'DE 3+1 ARA DUBLEKS,middle_floor,1,0,0,1,0,detail_and_title,0,title_generic_confirms_detail_subtype,1321922090
Dubleks|Çatı Dubleksi,BAŞİSKELE OLUKLU LIFE SİTESİNDE MODERN YAPILI 2+1 ÇATI DUBLEKS,roof,1,1,0,0,0,detail_and_title,0,,1322024373
,BAŞİSKELE DÖNGEL MH. 3+1 DUBLEKS SATILIK DAİRE,standard,1,0,0,0,1,title,0,,1327876113
Bahçe Dubleksi,Haura Bahçe'de Satılık 2+1 Bahçe Dubleks Daire,garden,1,0,1,0,0,detail_and_title,0,,1282634581
Çatı Dubleksi,My Yaka Sitesi'nde Satılık 3+1 Çatı Dubleks Daire,roof,1,1,0,0,0,detail_and_title,0,,1321911180
Çatı Dubleksi,BAŞİSKELE SAHİL MAH.SATILIK DENİZ MAN.ÇATI DUBLEKS SIFIR DAİRE,roof,1,1,0,0,0,detail_and_title,0,,1321669991
Dubleks|Bahçe Dubleksi,Basiskele Dongelde Genis 3+1 Bahce Dubleks,garden,1,0,1,0,0,detail_and_title,0,,1327636291
Bahçe Dubleksi,Tarcanlar'dan Satılık Döngelde Modern Lüks 183Metre BahçeDubleks,garden,1,0,1,0,0,detail_and_title,0,,1276419918
Çatı Dubleksi,ÇATI DUBLEKSİ,roof,1,1,0,0,0,detail_and_title,0,,1111409910
,SINIRSIZ KREDİLİ SAHİBNDEN 160m 2+1 GENİŞ BAHÇE DUBLEX,garden,1,0,1,0,0,title,0,,1316157192
Çatı Dubleksi,Döngel'de Deniz Manzarali Luks 3+1 Geniş Çatı Dubleks,roof,1,1,0,0,0,detail_and_title,0,,1327435317
Bahçe Dubleksi,Yüz Yapı'dan Modern Mimarili 3+1 Bahçe Dubleksi,garden,1,0,1,0,0,detail_and_title,0,,1327305560
Çatı Dubleksi,Yüz Yapı'dan Deniz ve Vadi Manzaralı Lüks 4+1 Çatı Dubleksi,roof,1,1,0,0,0,detail_and_title,0,,1327133300
Bahçe Dubleksi,BAŞİSKELE DÖNGEL MAH. SATILIK 3+1 BAHÇE DUBLEKS DAİRE,garden,1,0,1,0,0,detail_and_title,0,,1306647260
,TAMAMI KREDİLİ SAHİBİNDEN 160 m 2+1 YÜKSEK GİRİŞLİ BAHÇE DUBLEX,garden,1,0,1,0,0,title,0,,1316151663
,SIFIR DENİZ MANZARALI VİLLA TADINDA 3+1 BAHÇE KATI,none,0,0,0,0,0,none,0,,1320515623
Dubleks|Bahçe Dubleksi,BAŞİSKELE / DAMLAR / VİLLA NİTELİKLİ/ 4+1/ÖZEL BAHÇELİ DUBLEKS,garden,1,0,1,0,0,detail_and_title,0,,1304168229
,ÇELİK-AY GAYRİMENKUL'DEN SATILIK 3+1 ÇATI DUBLEKS DAİRE,roof,1,1,0,0,0,title,0,,1326768783
,BAŞİSKELE 3+1 SIFIR DUBLEKS ÇATI EĞİMSİZ ÖN CEPHE MİLLET BAHÇESİ,standard,1,0,0,0,1,title,0,,1315278629
Bahçe Dubleksi,DÖNGEL MAH.SATILIK İSKANLI GENİŞ SIFIR 5+1 B.DUBLEKSİ DAİRE,garden,1,0,1,0,0,detail_and_title,0,title_generic_confirms_detail_subtype,1303839903
Çatı Dubleksi,Başiskele Döngel'de Deniz Manzaralı Satılık 3+1 Çatı Dubleks,roof,1,1,0,0,0,detail_and_title,0,,1326335569
Dubleks,SAHİBİNDEN DAMLAR MAH.DENİZ MANZARALI 3+1 DUBLEX DAİRE NET 155m,standard,1,0,0,0,1,detail_and_title,0,,1308796203
Bahçe Dubleksi,BAŞİSKELE BARBAROS'DA SATILIK GENİŞ 3+1 BAHÇE DUBLEKS,garden,1,0,1,0,0,detail_and_title,0,,1325995278
Dubleks,BAŞİSKELE DAMLAR MAH VİLLA KONSEPT 4+1 DUBLEKS DAİRE,standard,1,0,0,0,1,detail_and_title,0,,1314213618
,ÇARŞİ MERKEZDE SATİLİK DUBLEX DAİRE,standard,1,0,0,0,1,title,0,,1325723061
,Deniz manzarali dublex daire,standard,1,0,0,0,1,title,0,,1325364830
Ara Kat|Çatı Dubleksi,"Başıiskele Merkezde Deniz Manzaralı, Önü Açık 4+1 Çatı Dubleksi",roof,1,1,0,0,0,detail_and_title,0,,1308082052
,ENKA GYO'DAN BAŞİSKELEDE 4+1 DENİZ MANZARALI DUBLEKS DAİRE,standard,1,0,0,0,1,title,0,,1324745372
,MERKEZİ LOKASYONDA KAÇIRILMAYACAK FIRSAT,none,0,0,0,0,0,none,0,,1322839095
Ara Kat,BAŞİSKELE TWİNKLE LİFE SİTESİNDE 3+1 SATILIK BAHÇELİ DAİRE,none,0,0,0,0,0,none,0,,1292302818
,FIRSAT DAİRE 3+1 İSKANI ALINMIŞ OTURUMA HAZIR DAİRELER,none,0,0,0,0,0,none,0,,1315354860
Dubleks,NEMA'dan Karamürsel Kayacık'ta Deniz Doğa Manzaralı 2+1 Dubleks,standard,1,0,0,0,1,detail_and_title,0,,1309696312
,KONFORLU YAŞAM VAAD EDİYORUZ,none,0,0,0,0,0,none,0,,1330230716
Çatı Dubleksi,REMAX KANYON'DAN 4+1 MERKEZİ KONUMDA DUBLEKS DAİRE,roof,1,1,0,0,0,detail_and_title,0,title_generic_confirms_detail_subtype,1327365541
Ara Kat,"ListingPortal geniş odalı, balkonlu, iyi konumda daire.",none,0,0,0,0,0,none,0,,1330249911
Çatı Dubleksi,"İLK SAHİBİNDEN - FERAH, MANZARALI 4+1 ÇATI DUBLEKSİ DOĞU & GÜNEY",roof,1,1,0,0,0,detail_and_title,0,,1317813951
,Ceyhun Emlak'tan Satılık 5+1 Çatı Dubleks Lüks Daire,roof,1,1,0,0,0,title,0,,1302233752
Ara Kat,REMAX KANYON 'DAN EREĞLİDE 140m2 DUBLEX DAİRE,standard,1,0,0,0,1,title,0,,1309792820
,KARAMÜRSEL ÇARŞI İÇİNDE TERASLI SATILIK 3+1 DAİRE,none,0,0,0,0,0,none,0,,1330083850
Tripleks,DERİN'DEN HAVUZLU SİTE İÇERİSİNDE SATILIK 3+1 TRİPLEKS,none,0,0,0,0,0,none,0,,1318561332
Çatı Dubleksi,FURKAN DEMİR'DEN KARAMÜRSEL 4 TEMMUZ'DA 4+1 SATILIK ÇATI DUBLEKS,roof,1,1,0,0,0,detail_and_title,0,,1317615213
Dubleks|Çatı Dubleksi,REMAX KANYON'DAN SARIKUM MEVKİİNDE SATILIK 5+1 ÇATI DUBLEKS,roof,1,1,0,0,0,detail_and_title,0,,1284962723
Çatı Dubleksi,KARAMÜRSEL EREĞLİ'DE HAVUZLU SİTE İÇİ YAZLIK ÇATI DUBLEKS DAİRE,roof,1,1,0,0,0,detail_and_title,0,,1330004794
Çatı Dubleksi,KOCAELİ KARAMÜRSEL 4 TEMMUZ MAHALLESİ SATILIK 3+1 DUBLEKS DAİRE,roof,1,1,0,0,0,detail_and_title,0,title_generic_confirms_detail_subtype,1323372013
Çatı Dubleksi,Karamürsel Sahil 3+1 Dublex Daire,roof,1,1,0,0,0,detail_and_title,0,title_generic_confirms_detail_subtype,1318625903
Dubleks|Ara Kat|Bahçe Dubleksi|Ters Dubleks,KARAMÜRSELDE EMİNEVİM VB. KREDİYE 3+2 KONSEPTLİ 4+1 LÜX DUBLEX,garden,1,0,1,0,0,detail_and_title,0,title_generic_confirms_detail_subtype,1317304267
,TURYAP'DAN FIRSAT DAİRE MERKEZDE DENİZ MANZARALI,none,0,0,0,0,0,none,0,,1329896458
Dubleks|Bahçe Dubleksi,KOCAELİ KARAMÜRSEL DENİZ MANZARALI BAHÇELİ SATILIK DUBLEKS DAİRE,garden,1,0,1,0,0,detail_and_title,0,title_generic_confirms_detail_subtype,1312900905
Ara Kat,Gazanferkent Konutları'nda Deniz Manzaralı 3+1 138 m2 Daire,none,0,0,0,0,0,none,0,,1329800053
Ara Kat,KARAMÜRSEL/EREĞLİ'DE 2+1 SIFIR DAİRE,none,0,0,0,0,0,none,0,,1329793679
Ters Dubleks,Merkezi Konumda Bahçe Dubleks,standard,1,0,0,0,1,conflict_detail_wins,1,conflict detail=standard title=garden,1329688436
Dubleks,SAHİBİNDEN EMSALSİZ DENİZ MANZARALI 5+2 ÇİFT TERASLI DUBLEKS,standard,1,0,0,0,1,detail_and_title,0,,1322095097
En Üst Kat|Çatı Dubleksi,SAHİLDE MERKEZDE GENİŞ PRESTİJLİ YAŞAM ALANI,roof,1,1,0,0,0,detail,0,,1323645166
Çatı Dubleksi,ROTA'DAN KARAMÜRSEL İZNİK YOLUNDA SATILIK ÇATI DUBLEKS!,roof,1,1,0,0,0,detail_and_title,0,,1318035418
Ara Kat,KARAMÜRSEL'DE DENİZE SIFIR DAİRE. _EŞYALI SATILIKTIR.köprü manza,none,0,0,0,0,0,none,0,,1329575993
Dubleks,KARAMÜRSEL AYDIN SİTESİ 4+1 SATILIK DUBLEKS DAİRE,standard,1,0,0,0,1,detail_and_title,0,,1329532317
Ara Kat,DERİN'DEN KARAMÜRSEL KAYACIK ÇARŞI MERKEZİNDE SATILIK 2+1 DAİRE,none,0,0,0,0,0,none,0,,1329530480
,DENİZ VE KÖPRÜ MANZARALI SATILIK 3+1 ARA KAT DAİRE,none,0,0,0,0,0,none,0,,1329477578
Ara Kat,Site İçerisinde Sahile Yakın Satılık 3+1 Geniş Daire,none,0,0,0,0,0,none,0,,1329465633
Bahçe Dubleksi,HETAŞ KONAKLARINDA KAPANMAZ DENİZ MANZARALI 4+2 BAHÇE DUBLEKS,garden,1,0,1,0,0,detail_and_title,0,,1322953852
Ara Kat,KARAMÜRSEL EN İYİ LOKASYONDA SAHİLDE SATILIK 2+1 DAİRE,none,0,0,0,0,0,none,0,,1311625982
Dubleks,EMRE ORHAN'DAN MÜSTAKİL EV KONFORU ÖNÜ KAPANMAZ 2+1 ÇATI DUBLEKS,standard,1,0,0,0,1,conflict_detail_wins,1,conflict detail=standard title=roof,1311829816
,ADRES EMLAKTAN ÇİFTLİK CADDESİNDE 3+1 ÇATI DUBLEX,roof,1,1,0,0,0,title,0,,1323259912
,SAHİBİNDEN MERKEZKENT SİTESİNDE 4+1 191 m2 DUBLEKS DAİRE,standard,1,0,0,0,1,title,0,,1329072996
Dubleks|Çatı Dubleksi,EREĞLİ KUM PLAJDA DENİZ MANZARALI 2+1 SATLIK SIFIR DUBLEKS DAİRE,roof,1,1,0,0,0,detail_and_title,0,title_generic_confirms_detail_subtype,1266930581
Çatı Dubleksi,DERİN'DEN KARAMÜRSEL MERKEZDE DENİZE SIFIR SATILIK YALI DAİRESİ,roof,1,1,0,0,0,detail,0,,1260818222
Çatı Dubleksi,DERİN'DEN 3+1 SATILIK 185 M2 PANOROMİK DENİZ MANZARALI DUBLEKS!!,roof,1,1,0,0,0,detail_and_title,0,title_generic_confirms_detail_subtype,1240212768
Çatı Dubleksi,SAHİBİNDEN SATILIK DOĞA MANZARALI ÇATI DUBLEKS,roof,1,1,0,0,0,detail_and_title,0,,1216270124
Ara Kat,KARAMÜRSEL PANAROMA SİTESİNDE FUL DENİZ MANZARALI DUBLEKS,standard,1,0,0,0,1,title,0,,1305341493
,DERİN'DEN 110m² 2+1 OTOPARKLI DENİZ MANZARALI BAHÇE DUBLEKS,garden,1,0,1,0,0,title,0,,1312479274
,ADRES EMLAKTAN FULL KAPANMAZ DENİZ VE KÖPRÜ MANZARALI DUBLEX,standard,1,0,0,0,1,title,0,,1323230568
Bahçe Dubleksi,REMAX KANYON İZNİK YOLU ÜSTÜ 4+1 BAHÇE DUBLEKS,garden,1,0,1,0,0,detail_and_title,0,,1292815035
En Üst Kat,SAHİBİNDEN SATILIK 2+1 KUPON DAİRE,none,0,0,0,0,0,none,0,,1272235687
Çatı Dubleksi,listing_portal satılık 3 +1 çatı dublex daire,roof,1,1,0,0,0,detail_and_title,0,,1311610751
Bahçe Dubleksi,Karamürsel'de Satılık 3+1 Dubleks Daire (145m²),garden,1,0,1,0,0,detail_and_title,0,title_generic_confirms_detail_subtype,1317153802
Bahçe Dubleksi,ASAL GAYRİMENKULDEN YENİ BİNADA SATILIK BAHÇE DUBLEKS,garden,1,0,1,0,0,detail_and_title,0,,1311350906
,SİNAN İNŞAATTAN SON KALAN ARAKAT DAiRE,none,0,0,0,0,0,none,0,,1328431421
Çatı Dubleksi,4 TEMMUZ MAHALLESİ'NDE SATILIK 3+1 ÇATI DUBLEKS DAİRE,roof,1,1,0,0,0,detail_and_title,0,,1317505104
,listing_portal temiz deniz manzaralı daire,none,0,0,0,0,0,none,0,,1328298248
,ADRES EMLAKTAN 6+2 ÇİFT TERASLI ÇATI DUBLEX TEK TAPU 2 DAİRE!!,roof,1,1,0,0,0,title,0,,1299042410
Ara Kat,Karamürsel Sahilde Şömineli Teraslı Bahçeli Satılık 3+1 Daire,none,0,0,0,0,0,none,0,,1323921785
Bahçe Dubleksi,GAZANFER KENT KONAKLARI BOŞ KİRACISIZ 4.5+1HUZURLU FIRSAT DUBLEX,garden,1,0,1,0,0,detail_and_title,0,title_generic_confirms_detail_subtype,1322355761
Çatı Dubleksi,KARAMÜRSEL MERKEZ DENİZ VE KÖPRÜ MANZARALI 5+1 ÇATI DUBLEKS,roof,1,1,0,0,0,detail_and_title,0,,1322933561
Tripleks,Karamursel Sali pazarında Satılık 150 m2 Çatı Tripleks Daire,none,0,0,0,0,0,none,0,,1314128714
,İstanbul' a 1.5 saat denize 100 metre,none,0,0,0,0,0,none,0,,1328207052
,ACİL SATILIK KARAMÜRSEL SAHİL TARAFINDA FIRSAT DAİRE!,none,0,0,0,0,0,none,0,,1328199129
Ara Kat,"ListingPortal temiz,masrafsız,merkeze çok yakın daire",none,0,0,0,0,0,none,0,,1328150618
Ara Kat,KARAMÜRSEL MERKEZ'DE BELEDİYE KARŞISI SATILIK 3+ 1 / ASANSÖRLÜ,none,0,0,0,0,0,none,0,,1328118792
En Üst Kat,REMAX KANYON'DAN KARAMÜRSEL MERKEZDE SATILIK 2+1 ASANSÖRLÜ DAİRE,none,0,0,0,0,0,none,0,,1329101522
,ADRES EMLAKTAN İZNİK YOLUNDA 4+1 180M2 BAHÇE DUBLEX,garden,1,0,1,0,0,title,0,,1328914583
,AÇIK TERASLI DENİZ MANZARALI FIRSAT DUBLEKS,standard,1,0,0,0,1,title,0,,1321725736
,DERİN'DEN EREĞLİ'DE DENİZE SIFIR 240m² 4+1 SATILIK DUBLEKS DAİRE,standard,1,0,0,0,1,title,0,,1309681812
,KOCAELİ KARAMÜRSEL KAYACIK MAH GENÇ BİNADA SATILIK 3+1 DAİRE,none,0,0,0,0,0,none,0,,1328276122
Dubleks,FURKAN DEMİR'DEN KARAMÜRSEL KAYACIK 1+1 SATILIK BAHÇE DUBLEKS,standard,1,0,0,0,1,conflict_detail_wins,1,conflict detail=standard title=garden,1309664008
Bahçe Dubleksi,MÜSTAKİL YAŞAM KONFORUNDA | KÖRFEZ MANZARALI ÖZEL BAHÇE DUBLEKS,garden,1,0,1,0,0,detail_and_title,0,,1299423581
Ara Kat,TURYAP SEVDA KARACA'DAN SAHİLDE 2+1 SATILIK DAİRE,none,0,0,0,0,0,none,0,,1327944995
Çatı Dubleksi,REMAX KANYON'DAN AŞEVİ MEVKİİNDE SATILIK 3+1 ÇATI DUBLEKS DAİRE,roof,1,1,0,0,0,detail_and_title,0,,1262667117
Ara Kat,REMAX KANYON'DAN İZNİK YOLUNDA 2+1 ARA KAT KAÇIRILMAYACAK FIRSAT,none,0,0,0,0,0,none,0,,1328795380
,ADRES EMLAKTAN KENT KONUTTA 3+1 ARA KAT DAİRE,none,0,0,0,0,0,none,0,,1286232386
,KOCAELİ KARAMÜRSEL 4 TEMMUZ MAHALLESİ SATILIK 3+1 GENİŞ DAİRE,none,0,0,0,0,0,none,0,,1308066377
Ara Kat,FURKAN DEMİR'DEN KARAMÜREL SALI PAZARI 4+1 FIRSAT SATILIK DAİRE,none,0,0,0,0,0,none,0,,1328106345
Çatı Dubleksi,EMRE ORHAN'DAN 4 DAİRELİ BİNADA ÖNÜ KAPANMAZ 2+1 ÇATI DUBLEKS,roof,1,1,0,0,0,detail_and_title,0,,1299433863
Bahçe Dubleksi,REMAX KANYON'DAN KAYACIKTA DENİZ MANZARALI DUBLEKSLER,garden,1,0,1,0,0,detail,0,,1297561437
Çatı Dubleksi,KÖPRÜBAŞI EMLAK TAN EREĞLİ KUMYALI DA SATILIK ÇATI DUBLEKS,roof,1,1,0,0,0,detail_and_title,0,,1295174096
Ara Kat,FURKAN DEMİR'DEN KARAMÜRSEL MERKEZ'DE KİRACILI 2+1 SATILIK DAİRE,none,0,0,0,0,0,none,0,,1328102061
Dubleks|En Üst Kat|Çatı Dubleksi,KARAMÜRSEL/EREĞLİDE 6+1 SİTE İÇERİSİNDE ÇATI DUBLEKS,roof,1,1,0,0,0,detail_and_title,0,,1327510865
Çatı Dubleksi,REMAX KANYON'DAN DEMİRVADİ SİTESİNDE SATILIK 3+1 ÇATI DUBLEX,roof,1,1,0,0,0,detail_and_title,0,,1308768404
,KARAMÜRSEL/EREĞLİDE 5+1 SATILIK DUBLEKS,standard,1,0,0,0,1,title,0,,1327498854
,DERİN'DEN 4 TEMMUZ'DA SİTE İÇERSİNDE SATILIK 135m² BAHÇE DUBLEKS,garden,1,0,1,0,0,title,0,,1321033278
Bahçe Dubleksi,REMAX KANYON'DAN VADİ KONAKLARINDA SATILIK 3+1 BAHÇE DUBLEKS,garden,1,0,1,0,0,detail_and_title,0,,1284365535
Ara Kat,FURKAN DEMİR'DEN KARAMÜRSEL MERKEZ 3+1 FIRSAT ACİL SATILIK DAİRE,none,0,0,0,0,0,none,0,,1314781899
Dubleks|Ters Dubleks,ListingPortal 5+1 Dubleks Sahilde Deniz Manzaralı,standard,1,0,0,0,1,detail_and_title,0,,1327049285
Çatı Dubleksi,KÖPRÜBAŞI EMLAK'TAN SATILIK SIFIR 2+1 ÇATI DUBLEX DAİRE,roof,1,1,0,0,0,detail_and_title,0,,1293569727
Çatı Dubleksi,SAHİBİNDEN SATILIK 4 TEMMUZ MAH.SARIKUMDA 4+1 ÇATI DUBLEKS,roof,1,1,0,0,0,detail_and_title,0,,1326808149
Çatı Dubleksi,REMAX KANYON'DAN SİTE İÇİNDE 4+1 170M² TAKASA AÇIK DUBLEX-TERAS,roof,1,1,0,0,0,detail_and_title,0,title_generic_confirms_detail_subtype,1314076472
Dubleks,KARAMÜRSEL EREĞLİDE SIFIR BİNA DENİZ MANZARALI 3+1 ÜST DUBLEKS,standard,1,0,0,0,1,detail_and_title,0,,1319916023
Çatı Dubleksi,FURKAN DEMİR'DEN KARAMÜRSEL 4 TEMMUZ'DA 6+1 SATILIK ÇATI DUBLEKS,roof,1,1,0,0,0,detail_and_title,0,,1327944417
,ADRES EMLAKTAN İZNİK YOLU BAŞLANGICINDA 4+1 180M2 ÇATI DUBLEX,roof,1,1,0,0,0,title,0,,1302981249
Bahçe Dubleksi,COUNTRY TARZDA 5+2 DUBLEKS MASRAFSIZ GENİŞ BAHÇELİ,garden,1,0,1,0,0,detail_and_title,0,title_generic_confirms_detail_subtype,1165808697
,ADRES EMLAKTAN İZNİK YOLUNDA 3+1 120M2 ARA KAT,none,0,0,0,0,0,none,0,,1328063279
Bahçe Dubleksi,4+2 Bahçe Dubleks,garden,1,0,1,0,0,detail_and_title,0,,1326253675
Çatı Dubleksi,FURKAN DEMİR'DEN KARAMÜRSEL MERKEZ'DE 5+1 SATILIK ÇATI DUBLEKS,roof,1,1,0,0,0,detail_and_title,0,,1319718441
Dubleks|Çatı Dubleksi,SAHİBİNDEN. 4+1 DUBLEKS.YUKSEK TAVAN.DENiZ MANZARALI,roof,1,1,0,0,0,detail_and_title,0,title_generic_confirms_detail_subtype,1324687423
,FURKAN DEMİR'DEN KARAMÜRSEL 4 TEMMUZ'DA 2+1 YAPILI SATILIK DAİRE,none,0,0,0,0,0,none,0,,1327942577
Dubleks|Bahçe Dubleksi,4 TEMMUZ MAHALLESİNDE BAHÇELİ 3+1 DUBLEKS OKULLARA YAKIN,garden,1,0,1,0,0,detail_and_title,0,title_generic_confirms_detail_subtype,1293399752
Bahçe Dubleksi|Ters Dubleks,SAHİBİNDEN SIFIR LÜKS DUBLEKS | KÖPRÜ & DENİZ MANZARALI,garden,1,0,1,0,0,detail_and_title,0,title_generic_confirms_detail_subtype,1216075723
Çatı Dubleksi,FURKAN DEMİR'DEN KARAMÜRSEL MERKEZ'DE 2+1 SATILIK ÇATI DUBLEKS,roof,1,1,0,0,0,detail_and_title,0,,1316343743
Bahçe Dubleksi,EMRE ORHAN'DAN MÜSTAKİL YAŞAM SUNAN DENİZ MANZARALI ÖZEL DAİRE,garden,1,0,1,0,0,detail,0,,1313706219
Çatı Dubleksi,Deniz Manzaralı Satılık Dubleks Daire,roof,1,1,0,0,0,detail_and_title,0,title_generic_confirms_detail_subtype,1319824450
Bahçe Dubleksi,KARAMÜRSEL KAYACIK DENİZ MANZARALI SIFIR 1+1 BAHÇE DUBLEKS,garden,1,0,1,0,0,detail_and_title,0,,1319537873
Tripleks,KARAMÜRSEL EREĞLİ HARİKA DENİZ MANZARALI SATILIK TRİBLEKS DAİRE,none,0,0,0,0,0,none,0,,1268500243
,ADRES EMLAKTAN HASTANE YAKININDA BAHÇE DUBLEKS,garden,1,0,1,0,0,title,0,,1327391606
Çatı Dubleksi,REMAX KANYONDAN ÇARŞI İÇİ 3+1 ÇATI DUBLEKS,roof,1,1,0,0,0,detail_and_title,0,,1322663778
Dubleks|Bahçe Dubleksi|Ters Dubleks,KARAMÜRSEL EREĞLİ SATILIK MÜSTAKİL TADINDA BAHÇE DUBLEKSİ DAİRE,garden,1,0,1,0,0,detail_and_title,0,,1268473608
Bahçe Dubleksi,( FIRSAT ! )REMAX KANYON'DAN SATILIK 4+1 140M² LÜX BAHÇE DUBLEX,garden,1,0,1,0,0,detail_and_title,0,,1305375340
,MUHTEŞEM DENİZ MANZARALI 4+2 FUL EŞYALI 250 M2 DUBLEX DAİRE,standard,1,0,0,0,1,title,0,,1325391556
En Üst Kat|Çatı Dubleksi,Karamürselde Eşsiz Deniz Manzarasıyla Ultra Konforlu ÇatıDublek,roof,1,1,0,0,0,detail,0,,1302421976
Çatı Dubleksi,EMRE ORHAN'DAN 20 M² TERASLI DENİZ MANZARALI 3+1 ÇATI DUBLEKS,roof,1,1,0,0,0,detail_and_title,0,,1314139070
Çatı Dubleksi,REMAX KANYON'DAN DENİZ MANZARALI FERAH 3+1 ÇATI DUBLEKS,roof,1,1,0,0,0,detail_and_title,0,,1328236013
Ara Kat,FURKAN DEMİR'DEN KARAMÜRSEL KAYACIK'DA 2+1 SATILIK BAHÇE DUBLEKS,garden,1,0,1,0,0,title,0,,1326008383
,iZNİK YOLUNDA SATILIK DAİRE,none,0,0,0,0,0,none,0,,1325144606
,KARAMÜRSEL'DE DENİZ MANZARALI SATILIK ÇATI DUBLEKS,roof,1,1,0,0,0,title,0,,1295791626
Ara Kat|Ara Kat Dubleks,"SAHİBİNDEN, GARDEN KARAMÜRSEL SİTESİNDE, ARA KAT DUBLEKS DAİRE",middle_floor,1,0,0,1,0,detail_and_title,0,,1324904569
Bahçe Dubleksi,Remax Kanyon'dan İznik Yolu Mevkii Manzaralı Bahçe Dubleks,garden,1,0,1,0,0,detail_and_title,0,,1296774464
Dubleks,MERKEZ SALI PAZARINDA 4+1 DUBLEKS SAHİBİNDEN,standard,1,0,0,0,1,detail_and_title,0,,1324861427
,ADRES EMLAKTAN İZNİK YOLUNDA SIFIR BİNADA DAİRE,none,0,0,0,0,0,none,0,,1329872111
Çatı Dubleksi,"Karamürsel'de Satılık Çatı Dubleks, 4+2, Asansörlü, Site İçinde",roof,1,1,0,0,0,detail_and_title,0,,1173129087
Ara Kat|Çatı Dubleksi,"KOCAELİ KARAMÜRSEL, KAYACIK MAH. SATILIK 3+1 DUBLEKS DAİRE",roof,1,1,0,0,0,detail_and_title,0,title_generic_confirms_detail_subtype,1318834380
,ULU CAMİ YAKININDA SİTE İÇERİSİNDE DENİZ MANZARALI ÇATI DUBLEX,roof,1,1,0,0,0,title,0,,1304472053
Dubleks|Çatı Dubleksi,REMAX KANYON'DAN 4 TEMMUZDA 5+1 SATILIK DUBLEX DAİRE,roof,1,1,0,0,0,detail_and_title,0,title_generic_confirms_detail_subtype,1310984793
,REMAX KANYON'DAN SALI PAZARI MEVKİİNDE SATILIK 4+1 ÇATI DUBLEKS,roof,1,1,0,0,0,title,0,,1325139383
Çatı Dubleksi,"REMAX KANYON'DAN SATILIK 2,5+1 DUBLEX DAİRE",roof,1,1,0,0,0,detail_and_title,0,title_generic_confirms_detail_subtype,1291469023
Çatı Dubleksi,FURKAN DEMİR'DEN KARAMÜRSEL KAYACIK'DA 4+1 SATILIK ÇATI DUBLEKS,roof,1,1,0,0,0,detail_and_title,0,,1291184592
Dubleks,KARAMÜRSEL MERKEZDE 3+1 ÇATI DUBLEKS KÖPRÜ MANZARALI TERAS!,standard,1,0,0,0,1,conflict_detail_wins,1,conflict detail=standard title=roof,1302840197
Çatı Dubleksi,FURKAN DEMİR'DEN KARAMÜRSEL SALI PAZARI 3+1 SATILIK ÇATI DUBLEKS,roof,1,1,0,0,0,detail_and_title,0,,1291536144
Çatı Dubleksi,Kocaeli Kartepe Kent Meydanı Bölgesi Siteiçi Satılık Daire,roof,1,1,0,0,0,detail,0,,1294716922
,EMAR DELUX SİTESİNDE SIFIR DAİRE ACİL SATILIK !!!,none,0,0,0,0,0,none,0,,1301175679
Ara Kat,BEYKENT KONAKLARI 611 Projesi 3+1 153m2 Balkonlu Satılık Daire,none,0,0,0,0,0,none,0,,1285255259
Tripleks,Kartepe'de Site İçinde Müstakil Bahçeli 5+1 Satılık Daire,none,0,0,0,0,0,none,0,,1324549174
Dubleks|En Üst Kat|Ara Kat|Ara Kat Dubleks|Bahçe Dubleksi|Çatı Dubleksi|Ters Dubleks,FIRSAT SATILIK KARTEPE FSM MAH 3+1 EBEVEN BANYOLU DUBLEKS DAİRE,roof,1,1,0,0,0,detail_and_title,0,title_generic_confirms_detail_subtype,1321353758
,"MÜSTAKİL BAHÇELİ SATILIK LÜKS 2+1 DAİRE - Kartepe, İbrikdere",none,0,0,0,0,0,none,0,,1271155512
,KARTEPE ATAEVLERDE 2+1 GÜZEL KONUMDA DUBLEX DAİRE,standard,1,0,0,0,1,title,0,,1278529780
,KARTEPE FSM KENT MEYDANI YANINDA 2+1 SIFIR SATILIK DAİRE,none,0,0,0,0,0,none,0,,1329696924
Çatı Dubleksi,KARTEPE'DE SİTE İÇERİSİNDE SATILIK 2+1 ÇATI DUBLEKS,roof,1,1,0,0,0,detail_and_title,0,,1326215294
Dubleks|En Üst Kat|Ara Kat,SONFIRSAT KARTEPE FSM 160M2 SİTE İÇERİSİNDE3+1KÖŞE DUBLEKS DAİRE,standard,1,0,0,0,1,detail_and_title,0,,1314831063
,Akbulut Emlak'tan Kartepe Fsm'de Satılık 2+1 Eğimsiz Dubleks,standard,1,0,0,0,1,title,0,,1327083655
Ara Kat,KARTEPE ZERAY MAHALDE MODERN ARAKAT 3+1 SATILIK DAIRE,none,0,0,0,0,0,none,0,,1271867939
Ara Kat,2+1 Ara kat ( FIRSAT DİARE ) TAKASA AÇIKTIR,none,0,0,0,0,0,none,0,,1316243015
Dubleks|Çatı Dubleksi,KARTEPE ATAEVLERDE ÇOK UYGUN 2+1 A.MUTFAK SATILIK,roof,1,1,0,0,0,detail,0,,1312619829
,FSM'DE CADDE ÜZERİNDE SATILIK LÜX 3+1 ÇATI DUBLEKS EĞİMSİZ DAİRE,roof,1,1,0,0,0,title,0,,1324417527
Ara Kat,KARTEPE ATAEVLERDE SATILIK ARA KAT SIFIR DAİRE.,none,0,0,0,0,0,none,0,,1330291545
Ara Kat,ARAS'tan SAPANCA YOLUNA 1 dk MESAFEDE 3+1 ARAKAT,none,0,0,0,0,0,none,0,,1330250807
Çatı Dubleksi,KOCAELI KARTEPE (KARTEPE KONAKLARI 2 ) 2+1 ÇATI DEBLEKS SATILIK,roof,1,1,0,0,0,detail,0,,1330292026
,DEALLİFE'DAN ATAEVLERDE ARAKAT 3+1 DAİRE,none,0,0,0,0,0,none,0,,1322378152
En Üst Kat,REMAX DREAM KARTEPE KALICI KONUTLARINDA 3+1 SATILIK DAİRE,none,0,0,0,0,0,none,0,,1324296433
Ara Kat,"Kartepe İbrikdere'de Sıfır 2+1 Daire - 90m² Net, Krediye Uygun",none,0,0,0,0,0,none,0,,1330286751
En Üst Kat|Ara Kat,KARTEPE KENT MEYDANI EMPİRE HOUSE SİTESİ HAVUZLU BOŞ 3+1 DAİRE,none,0,0,0,0,0,none,0,,1313206486
Ara Kat,SATILIK BUTİK SİTE İÇERİSİNDE 2+1 FULL EŞYALI DAİRE,none,0,0,0,0,0,none,0,,1330261322
Çatı Dubleksi,SY GAYRİMENKULDAN ZERAY ESİLDE SATILIK TERASLI 3 + 1 DAİRE,roof,1,1,0,0,0,detail,0,,1330258925
Çatı Dubleksi,BAHÇE KULLANIM ALANLI EBEVEYN BANYOLU 2+1 DUBLEKS SATILIK DAİRE,roof,1,1,0,0,0,detail_and_title,0,title_generic_confirms_detail_subtype,1330255744
,REAL GAYRİMENKUL KARTEPE TUANA EVLERİ 2+1 GİRİŞ KAT,none,0,0,0,0,0,none,0,,1330256471
Çatı Dubleksi,KARTEPE ATAEVLER MAH.SATILIK 4+1 ÇATI DUBLEKS!,roof,1,1,0,0,0,detail_and_title,0,,1330246623
Dubleks,ST GAYRİMENKULDEN KÖSEKÖY MAH'de 2+1 DUBLEKS DAİRE,standard,1,0,0,0,1,detail_and_title,0,,1327326617
,KARTEPE FSM MAH SATILIK 2+1 ZEMİN KAT DAİRE,none,0,0,0,0,0,none,0,,1330239726
,YAĞMUR DAN SATILIK SİTE İÇİNDE 3+1 DUBLEKS DAİRE,standard,1,0,0,0,1,title,0,,1330244608
,"DEALLİFE'DEN,İSTASYON MAH'DE2+1 85 m2 ARA KAT DAİRE",none,0,0,0,0,0,none,0,,1330236396
Dubleks|Çatı Dubleksi,"Kartepe Ataevler'de İskanlı, Krediye Uygun Lüks 4+1 Çatı Dubleks",roof,1,1,0,0,0,detail_and_title,0,,1327305687
Ara Kat,"EXPERT'SDEN KARTEPE, ÇEPNİ CAD.'DE,SATILIK 2+1 ARAKAT LÜKS DAİRE",none,0,0,0,0,0,none,0,,1330200871
Ara Kat,ENA GAYRİMENKULDEN KARTEPE Ş.ROYAL2 SİT.ARAKAT HAVUZLU YAPILI3+1,none,0,0,0,0,0,none,0,,1324330487
,DEALLİFEDAN DUMLUPINARDA OTOPARK ASANSÖRLÜ 2+1 DUBLEX,standard,1,0,0,0,1,title,0,,1330197553
Dubleks|En Üst Kat|Çatı Dubleksi,KARTEPE ATAEVLER MAHALLESİNDE LÜKS 3+1 TERASLI DAİRE!,roof,1,1,0,0,0,detail,0,,1323628456
Ara Kat,"ATAEVLER MAH,DE EN MERKEZÎ KONUMUNDA GENİŞ VE FERAH 3+1 DAİRE",none,0,0,0,0,0,none,0,,1318083533
Çatı Dubleksi,DUMLUPINAR MAHALLESİ MERİDYEN ELİT SİTESİNDE 3+1 DUBLEKS,roof,1,1,0,0,0,detail_and_title,0,title_generic_confirms_detail_subtype,1330150545
,BAHÇELİEVLER MAHDE SATILIK 2+1 LÜX ARAKAT DAİRE,none,0,0,0,0,0,none,0,,1330118346
,KARTEPE ERTUĞRUL GAZİ SATILIK 3+1 DAİRE EMİN EVİME YÜKSEK KREDİ,none,0,0,0,0,0,none,0,,1330143574
,SAHİBİNDEN 3+1 DAIRE,none,0,0,0,0,0,none,0,,1330127103
,Kocaeli Kartepe Ertugrul Gazi 3+1 Kapalı Mutfak Fırsat Daire,none,0,0,0,0,0,none,0,,1330130516
Çatı Dubleksi,"ATAEVLER'DE EBEVEYN BANYOLU, EĞİMSİZ ÇATI DUBLEKS SATILIK DAİRE",roof,1,1,0,0,0,detail_and_title,0,,1320779222
Dubleks,FSM de YÜKSEK KREDİLİ PAZARA YÜRÜME MESAFESİ 2+1 DUBLEX,standard,1,0,0,0,1,detail_and_title,0,,1318691807
,KARTEPE DUMLUPINAR MAH 1+1 YATIRIMLIK SATILIK DAİRE,none,0,0,0,0,0,none,0,,1330126634
Dubleks|En Üst Kat|Çatı Dubleksi,KARTEPE ERTUĞRUL GAZİ'de 3+1 ÇATI DUBLEKS SATILIK DAİRE,roof,1,1,0,0,0,detail_and_title,0,,1327201363
,KARTEPE DUMLUPINAR RITIM NAZ RESIDENCE 1+1 FULL EŞYALI SATILIK,none,0,0,0,0,0,none,0,,1330119240
,END GAYRİMENKUL DEN KARTEPE CARPEDİEM SİTESİNDE 2+1 DAİRE,none,0,0,0,0,0,none,0,,1294934018
,KARTEPE KÖSEKÖY MAH.EĞİMSİZ BETON ÇATI 2+1 SATILIK DUBLEKS DAİRE,standard,1,0,0,0,1,title,0,,1324117058
Ara Kat,Kartepe Karcity Evleri Havuzlu Site 2+1 Ara Kat Satılık Daire,none,0,0,0,0,0,none,0,,1324171132
,SAHİBİNDEN 3+1 Giriş Kat,none,0,0,0,0,0,none,0,,1329945211
Çatı Dubleksi,KOCAELİ KARTEPE İBRİKDERE MAH. 3+1 130M² LÜKS ÇATI DUBLEKS DAİRE,roof,1,1,0,0,0,detail_and_title,0,,1330051804
Çatı Dubleksi,VEFAKENT NARLIBAHÇE SİTESİ SATILIK 4+1 DUBLEX FIRSAT DAİRE,roof,1,1,0,0,0,detail_and_title,0,title_generic_confirms_detail_subtype,1273256310
,Kocaeli kartepe istasyon 2 + 1 satılık dubleks sıfır,standard,1,0,0,0,1,title,0,,1327151421
Çatı Dubleksi,ZERAY ESİL KARTEPE HAVUZ MANZARALI SATILIK ÇATI DUBLEKS 2+1,roof,1,1,0,0,0,detail_and_title,0,,1319939334
Ara Kat,ZERAY MAHAL KARTEPE KELEPİR FIRSAT DAİRE TERASLI 2+1,none,0,0,0,0,0,none,0,,1320792371
,Doğa kentte ara kat,none,0,0,0,0,0,none,0,,1283961999
,BÜTÜN KATILIM EVLERİNE UYGUN 3+1 YÜKSEK GİRİŞ,none,0,0,0,0,0,none,0,,1330056702
,Kartepe fsm Mah.site içerisinde satılık 3+1 Dublex daire,standard,1,0,0,0,1,title,0,,1312829600
,Emekevler Mah. Satılık EBEVEYN BANYOLU Satılık 3+1 Dublex daire,standard,1,0,0,0,1,title,0,,1318628078
,END GAYRİMENKUL'DEN 480 RESİDENCE SATILIK 2+1 160 M2 DAİRE,none,0,0,0,0,0,none,0,,1247861460
,"NAZERCITY CEPHELI, HAVUZLU, ÇATI YALITIMLI 3+1 LÜKS EĞİMSİZ ÇATI",none,0,0,0,0,0,none,0,,1324119557
,"DEALLİFE'DEN, FSM'de 3+1 120 m2 ARA KAT DAİRE FIRSATI",none,0,0,0,0,0,none,0,,1330237722
,Kocaeli kartepe Ataevler 2 + 1 satılık dubleks,standard,1,0,0,0,1,title,0,,1327097989
,3+1 EBEVEYN BANYOLU GENIS DAIRE 2+1 Fiyatına...,none,0,0,0,0,0,none,0,,1278355089
,Kocaeli kartepe Dumlupınar 2 + 1 satılık dubleks,standard,1,0,0,0,1,title,0,,1330020797
,KARTEPE ERTUĞRUL GAZI MAHALLESI'NDE 3 + 1 METREKARESINDE 2 + 1,none,0,0,0,0,0,none,0,,1330018741
Dubleks|En Üst Kat|Çatı Dubleksi,Kartepe Ertuğrulgazi'de YÜKSEK KREDİLİ Eminevim e uygun,roof,1,1,0,0,0,detail,0,,1330209319
,KARTEPE KÖSEKÖY MÜSTAKİL TADINDA SINIRSIZ KREDİLİ 3+1,none,0,0,0,0,0,none,0,,1330012099
Dubleks|En Üst Kat,Merkezi Konumda | 3+1 Dubleks | 130 m² | Geniş Balkon,standard,1,0,0,0,1,detail_and_title,0,,1330003882
,LÜKS 4+1 UYGUN fiyat DAĞ manzaralı,none,0,0,0,0,0,none,0,,1329997405
Dubleks,Zeray esil Kartepe 1+1 satılık 107 m2 dubleks,standard,1,0,0,0,1,detail_and_title,0,,1308320146
Çatı Dubleksi,KARTEPE MAVİKENTTE SIFIR 3+1 DUBLEKS 160 M²,roof,1,1,0,0,0,detail_and_title,0,title_generic_confirms_detail_subtype,1323877924
,MY LIFE KARTEPE SITESINDE 3 + 1 EN BÜYÜK DUBLEKS DAIRE,standard,1,0,0,0,1,title,0,,1329964395
Çatı Dubleksi,YAPI EMLAK GAYRİMENKULDEN SATILIK ATAEVLERDE GENİŞ ÇATI DUBLEKSİ,roof,1,1,0,0,0,detail_and_title,0,,1320536075
Dubleks,2+1 FİYATINA 4+1 EĞİMSİZ DUBLEX DAİREMİZ SATIŞTA,standard,1,0,0,0,1,detail_and_title,0,,1323690761
,FSM MAHALLESİNDE FIRSAT 2+1 ASANSÖRLÜ EĞİMSİZ DUBLEKS!,standard,1,0,0,0,1,title,0,,1323958912
Dubleks|Ara Kat|Ara Kat Dubleks,ACİL SATILIK! ZERAYMAHAL HAVUZ MANZARALI ÇİFT TERASLI 1+1 DUBLEX,middle_floor,1,0,0,1,0,detail_and_title,0,title_generic_confirms_detail_subtype,1328567462
,%60 KREDI IMKANI 3 + 1 YÜKSEK GIRIŞ DAIREM SATILIKTIR,none,0,0,0,0,0,none,0,,1330122341
Çatı Dubleksi,RW Nova'dan Kartepe FSM.Mah Satılık 3+1 Çatı Dubleks Daire,roof,1,1,0,0,0,detail_and_title,0,,1324011361
Çatı Dubleksi,EMAY'DAN KARTEPE FSM DE EMSALSİZ YÜKSEK TAVAN 4+1 ÇATI DUBLEKS!,roof,1,1,0,0,0,detail_and_title,0,,1312824140
,KARTEPE KENT MEYDANINDA SİTEİÇİ 1+1 SIFIR FIRSAT,none,0,0,0,0,0,none,0,,1329911295
Dubleks|En Üst Kat|Çatı Dubleksi,ATAEVLER MAH EĞİMSİZ 3+1 SATILIK DAİRE,roof,1,1,0,0,0,detail,0,,1283262341
Çatı Dubleksi,REMAX DREAM'DEN HÜRSOY BAHÇELİEVLER'DE EĞİMSİZ 2+1 ÇATI DUBLEKS,roof,1,1,0,0,0,detail_and_title,0,,1329898539
,KARTEPE ATAEVLERDE SATILIK 2+1 SIFIR DAİRE.,none,0,0,0,0,0,none,0,,1330295132
Çatı Dubleksi,KARTEPE FATİH SULTAN MEHMET MAHALLESİNDE 2+1 DUBLEKS DAİRE,roof,1,1,0,0,0,detail_and_title,0,title_generic_confirms_detail_subtype,1329892768
Dubleks|En Üst Kat|Ara Kat|Ara Kat Dubleks|Çatı Dubleksi,KARTEPE RAHMİYE MERKEZ I TERASLI 3+1 DUBLEKS DAİRE FIRSAT,roof,1,1,0,0,0,detail_and_title,0,title_generic_confirms_detail_subtype,1323790528
Dubleks|En Üst Kat|Çatı Dubleksi,ATLAS EMLAK SATILIK 2+1 ÇATI DUBLEKS ZERAY FORUM ANATOLİA,roof,1,1,0,0,0,detail_and_title,0,,1329949920
,"Kartepede ListingPortal Satılık, Taşınmaya Hazır 2+1 Daire",none,0,0,0,0,0,none,0,,1323770261
,"ONAY&VA' dan FSM'de 3+1 Dubleks, 160 m2",standard,1,0,0,0,1,title,0,,1329943762
Dubleks,ATAEVLER'DE 130M2 EĞİMSİZ DUBLEX DAİREMİZ SATIŞTA,standard,1,0,0,0,1,detail_and_title,0,,1323605220
Ara Kat|Çatı Dubleksi,Kartepe Ataevler Mh. Tuana2 Evleri Satılık 3+1 Dublex Daire,roof,1,1,0,0,0,detail_and_title,0,title_generic_confirms_detail_subtype,1278663844
Çatı Dubleksi,KARTEPE ÇINAR GARDEN'DA FULL EŞYALI SATILIK 1+1 ÇATI DUBLEKS,roof,1,1,0,0,0,detail_and_title,0,,1318464333
,Kocaeli kartepe Emekevler 3 + 1 satılık dubleks site içi,standard,1,0,0,0,1,title,0,,1327157050
Dubleks|En Üst Kat|Çatı Dubleksi,"Kartepe'de Teraslı, Yerden Isıtmalı 3+1 Dubleks Daire",roof,1,1,0,0,0,detail_and_title,0,title_generic_confirms_detail_subtype,1330082008
,KARTEPE ATAEVLER MAHALLESİNDE SATILIK 2+1 ARA DUBLEKS,standard,1,0,0,0,1,title,0,,1309630717
Bahçe Dubleksi,ZERAY ESİL KARTEPE SATILIK YATIRIMLIK BAHÇE DUBLEKSİ 1+1,garden,1,0,1,0,0,detail_and_title,0,,1319696488
,***FIRSAT*** KARTEPE TERRACE 2+1 SATILIK DAİRE,none,0,0,0,0,0,none,0,,1329874198
Çatı Dubleksi,SAHİBİNDEN-FULL YAPILI-MERKEZİ KONUMDA-KLİMALI-3+1 ÇATI DUBLEKS,roof,1,1,0,0,0,detail_and_title,0,,1262751054
,DİAMOND GRUP GAYRİMENKULDEN SATILIK DAİRE,none,0,0,0,0,0,none,0,,1305729432
,"ONAY&VA' dan ERTUĞRULGAZİ' de 3+1 Ara Kat, 125 m2",none,0,0,0,0,0,none,0,,1329825054
,ST GAYRİMENKULDEN İSTASYON/MEŞELİK PARKI YANI 2+1 DUBLEKS DAİRE,standard,1,0,0,0,1,title,0,,1318492797
En Üst Kat|Çatı Dubleksi,KARTEPE ZERAY FORUMDA SATILIK 4+1 ÜST DUBLEKS,roof,1,1,0,0,0,detail_and_title,0,title_generic_confirms_detail_subtype,1301562943
,YILKAR' dan EBEVEYN BANYOLU GENİŞ DAİRELER,none,0,0,0,0,0,none,0,,1323870234
Ara Kat,ERTUĞRULGAZİ MAH. GENİŞ 2+1 ARAKAT DAİRE,none,0,0,0,0,0,none,0,,1323817447
,ListingPortal Satılık Daire,none,0,0,0,0,0,none,0,,1329746407
,Havuzlu sitede 2+1 büyüklüğünde1+1 daire,none,0,0,0,0,0,none,0,,1329723973
Ara Kat,GÖZEL GAYRİMENKULDEN KARTEPE DUMLUPINAR MH.SÜPER KONUM3+1 ARAKAT,none,0,0,0,0,0,none,0,,1330299538
,SINIRSIZ KREDİ | BUTİK SİTE İÇİ | 120 M2 ARAKAT 2+1 | E.BANYOLU,none,0,0,0,0,0,none,0,,1330303328
,FIRSAT! ERTUĞRULGAZİ MAHALLESİNDE LÜKS 2+1 ARAKAT DAİRE,none,0,0,0,0,0,none,0,,1324382770
,KARTEPE ŞEVKATİYE MAHALLESİ'NDE SATILIK DAİRE (R-820),none,0,0,0,0,0,none,0,,1300762032
,KUŞAK GAYRİMENKULDEN KARTEPE MAHAL'DE 2+1 GENİŞ ÇATI DUBLEKS,roof,1,1,0,0,0,title,0,,1280818726
,Ataevler Mahallesi'nde satılık 3+1 arakat daire,none,0,0,0,0,0,none,0,,1329723242
,DUMLUPINAR'DA MÜKEMMEL KONUMDA SATILIK DUBLEKS 3+1 DAİRE,standard,1,0,0,0,1,title,0,,1329716575
,"ONAY&VA' dan ATAEVLER' de Masrafsız, Ekstralı 4+1, 185m²",none,0,0,0,0,0,none,0,,1329712293
En Üst Kat,KARTEPE KENT MEYDANINDA SİTEİÇİ 1+1 SIFIR FIRSAT,none,0,0,0,0,0,none,0,,1329902699
Ara Kat|Çatı Dubleksi,FORUM ANATOLIA DA 251m2 SATILIK 3+1 GENİŞ DAİRE BÜYÜK TİP,roof,1,1,0,0,0,detail,0,,1264691711
Dubleks|En Üst Kat|Çatı Dubleksi,KARTEPE SERENDER PARK YANINDA 160 M2 TERASLI 3+1 DUBLEKS DAİRE,roof,1,1,0,0,0,detail_and_title,0,title_generic_confirms_detail_subtype,1326727157
Dubleks|Çatı Dubleksi,END'DEN 480 RESİDENCE SATILIK 2+1 160 M2 FERAH DAİRE,roof,1,1,0,0,0,detail,0,,1247539357
,SOR TÜRKİYE'DEN SARIMEŞE'DE MÜSTAKİL GİRİŞLİ AYRI MUTFAKLI 2+1,none,0,0,0,0,0,none,0,,1312553006
,KARTEPE ATAEVLER GENİŞ 3+1 SATILIK DUBLEKS DAİRE,standard,1,0,0,0,1,title,0,,1308892336
Ara Kat,ZERAY MAHAL KARTEPE GENİŞ BAHÇE KULLANIMLI FERAH 3+1 SATILIK,none,0,0,0,0,0,none,0,,1323730246
,İSTASYON MAHALLESİ ÇARŞI İÇİ SATILIK 2+1 ARAKAT KUPON DAİRE,none,0,0,0,0,0,none,0,,1329660192
Çatı Dubleksi,FULL KREDİ İMKANI ATAEVLER 160M2 7 YAŞ 4+1 DUBLEKS DAİRE,roof,1,1,0,0,0,detail_and_title,0,title_generic_confirms_detail_subtype,1307643131
,Acil ListingPortal satılık 3+1 Arakat,none,0,0,0,0,0,none,0,,1329651478
Dubleks,ACİL SATILIK ATAEVLERDE 3+1 TERS DUBLEX,standard,1,0,0,0,1,detail_and_title,0,,1323928278
Ara Kat,"SUADİYEDE DOĞAYA KOMŞU FABRİKALARA YAKIN, KULLANIŞLI 2+1 DAİRE",none,0,0,0,0,0,none,0,,1318303573
Çatı Dubleksi,KARTEPE DERBENT MODERN 2 SİTEDE SATILIK LÜKS ÇATI DUBLEKSİ,roof,1,1,0,0,0,detail_and_title,0,,1323721051
Ara Kat,HANÇINAR'DAN FSM MAHALLESİNDE SATILIK 2+1 GİRİŞ KAT DAİRE,none,0,0,0,0,0,none,0,,1329586170
Dubleks|En Üst Kat|Ara Kat|Ara Kat Dubleks|Bahçe Dubleksi|Çatı Dubleksi|Forleks|Ters Dubleks,Gel gör al git 3 + 1 ara kat satılık daire,roof,1,1,0,0,0,detail,0,,1329614885
,BAHÇEŞEHİR KOLEJİ YANI HAVUZLU SİTEDE SATILIK 3+1 DAİRE,none,0,0,0,0,0,none,0,,1329599700
,FSM MAHALLESİ SATILIK SIFIR 2+1 DUBLEKS GENİŞ DAİRE,standard,1,0,0,0,1,title,0,,1329591111
Çatı Dubleksi,ERTUĞRUL GAZİ MAHALLESİNDE SATILIK 2+1 DUBLEKS DAİRE,roof,1,1,0,0,0,detail_and_title,0,title_generic_confirms_detail_subtype,1329597618
,FORUM ANATOLİA'DA BAHÇELİ MÜSTAKİL EV TADINDA SATILIK 3+1 DAİRE!,none,0,0,0,0,0,none,0,,1272396969
,KOCAELİ KARTEPE FSM MAH SATILIK LÜKS 3+1 DAİRE,none,0,0,0,0,0,none,0,,1329797963
,ListingPortal 3+1 Daire,none,0,0,0,0,0,none,0,,1329030010
,360 IC İLE STEP KARTEPE PROJESİNDE SATILIK 1+1 DAİRE,none,0,0,0,0,0,none,0,,1305944974
,KARTEPE FSM SINIRSIZ KREDİLİ 2+1 DAİRE ARAKAT VE DUBLEKS DAİRE,standard,1,0,0,0,1,title,0,,1312484643
Ara Kat,KARTEPE BELEDİYESİNE KOMŞU SATILIK FIRSAT 1+1,none,0,0,0,0,0,none,0,,1329765686
,"DEALLİFE'DEN,FSM'DE 2+1 75 m2 YÜKSEK GİRİŞ KAT",none,0,0,0,0,0,none,0,,1329899332
,KOCAELİ KARTEPE SATILIK 2+1 EĞİMSİZ DUBLEKS,standard,1,0,0,0,1,title,0,,1329498406
,1.69 Kredi ICON RESIDENCE - Modern Yaşamın ve Yatırımın Zirvesi,none,0,0,0,0,0,none,0,,1329536958
,ONAY&VA' dan ERTUĞRULGAZİ' de 2+1 Dubleks Fırsatı - 130m²,standard,1,0,0,0,1,title,0,,1329632870
,SATILIK 160 M² SIFIR 3+1 DUBLEKS DAİRE,standard,1,0,0,0,1,title,0,,1323605694
,FIRSAT!!KARTEPE FSM DE ASANSÖRLÜ 3+1 135 M2 GENİŞ LÜKS ARA KAT,none,0,0,0,0,0,none,0,,1329462760
Ara Kat,Eşyalı 2+1 Satılık Daire | Konfor ve Yatırım Bir Arada,none,0,0,0,0,0,none,0,,1329656026
Ara Kat,KOCAELİ KARTEPE ATAEVLERDE SATILIK ARA KAT 2+1 DAİRE,none,0,0,0,0,0,none,0,,1323603889
Dubleks|En Üst Kat|Çatı Dubleksi,PRESTİJ 3 SİTESİ SATILIK 3+1 DUBLEKS DAİRE HAVUZLU+SİTE İÇİ,roof,1,1,0,0,0,detail_and_title,0,title_generic_confirms_detail_subtype,1254151402
,SOR TÜRKİYE'DEN FSM'DE ANA CADDE ÜZERİ 180M2 4+1 ÇATI DUBLEKS,roof,1,1,0,0,0,title,0,,1318108268
Ara Kat,Şehirden Uzaklaşmadan Tatil Hissi Veren Bir Yaşam Zeray Effect,none,0,0,0,0,0,none,0,,1318419727
,ASANSÖRLÜ HAVUZLU LÜKS SİTEDE 3+1 SATILIK DAİRE,none,0,0,0,0,0,none,0,,1323500302
Dubleks|Çatı Dubleksi,480 RESIDENCE'TA BÜYÜK TİP K.MUTFAK SATILIK 2+1 DAİRE,roof,1,1,0,0,0,detail,0,,1329420186
,3+1 SİTE İÇİ DUBLEKS YERDEN ISITMA EBEVEYN BAN. ÖN CEPHE DAİRE,standard,1,0,0,0,1,title,0,,1329423958
Dubleks|En Üst Kat|Çatı Dubleksi,DUMLUPINAR MAH 2+1 FERAH DUBLEKS MERK. LOK.,roof,1,1,0,0,0,detail_and_title,0,title_generic_confirms_detail_subtype,1305714948
,KARTEPE FSM MAH. 2+1 ARAKAT SİTE İÇİ FIRSAT DAİRE,none,0,0,0,0,0,none,0,,1320691294
,Dumlupınar Mahallesinde 3+1 Yüksek Kredi İmkanı,none,0,0,0,0,0,none,0,,1312223345
,KARTEPE ATAEVLER'DE 2 + 1 SATILIK 110 METRE² DAİRE,none,0,0,0,0,0,none,0,,1329344065
,175 METRE² 4 + 1 DUBLEKS ERTUĞRUL GAZI MAHALLESI,standard,1,0,0,0,1,title,0,,1329400154
,KARTEPE ATAEVLERDE SATILIK SIFIR 4+1 DUBLEX,standard,1,0,0,0,1,title,0,,1299819969
Çatı Dubleksi,ACİL ACİL KARTEPE KÖSEKÖYDE 2 YAŞINDA İSKANLI 3+1 ÇATI DUBLEKS,roof,1,1,0,0,0,detail_and_title,0,,1318005173
,"Sifir 2+1 Cati Dubleks Daire Ferah, Genis, Masrafsiz",roof,1,1,0,0,0,title,0,,1310991739
,KARTEPE FATIH SULTAN MEHMET MAHALLESI'NDE 3 + 1 SATILIK DAIRE,none,0,0,0,0,0,none,0,,1323041947
Dubleks|En Üst Kat|Çatı Dubleksi,KARTEPE ÖZDİLEK AVM KARŞISI E5 ÜZERİ SOSYAL DONATILI 1+1 EŞYALI,roof,1,1,0,0,0,detail,0,,1323435084
Dubleks|En Üst Kat|Çatı Dubleksi,KARTEPE KÖSEKÖY SINIRSIZ KREDİLİ SIFIR DUBLEKS,roof,1,1,0,0,0,detail_and_title,0,title_generic_confirms_detail_subtype,1329583184
Ara Kat,DEMA MY HOME KARTEPE'DE SATILIK 3+1 140M2 ARAKAT,none,0,0,0,0,0,none,0,,1312148966
Ara Kat,KOCAELİNİN GÖZDE PROJESİ ESİL KARTEPEDE 3.5+1 SATILIK DAİRE,none,0,0,0,0,0,none,0,,1283815145
,İZMİT KARTEPE ' ERTUĞRULGAZİ MH. 2+1 YÜKSEK GİRİŞ SATILIK DAİRE,none,0,0,0,0,0,none,0,,1323507320
En Üst Kat,SATILIK 3+1 GENİŞ GÜZEL DAİRE,none,0,0,0,0,0,none,0,,1312187081
Ara Kat,ÖZDİLEK AVM LOKASYONU ASANSÖRLÜ 2+1 A KALİTE ARAKAT D.,none,0,0,0,0,0,none,0,,1318290957
,SOR TÜRKİYE'DEN SARIMEŞE'DE 4+1 DUBLEX DAİRE,standard,1,0,0,0,1,title,0,,1284702825
,Kartepe Fatih Sultan Mehmet Mahallesi'nde Satılık Lüks 3+1 Daire,none,0,0,0,0,0,none,0,,1323501515
,Kocaeli kartepe FSM 3 + 1 satılık dubleks,standard,1,0,0,0,1,title,0,,1329753542
,199 FAVORİYE TEŞEKKÜRLER KOMBİ HEDİYELİ SATILIK 2+1LÜX ARAKAT,none,0,0,0,0,0,none,0,,1323250309
Dubleks|En Üst Kat,İSTASYON MAH. SATILIK 2+1 DUBLEX,standard,1,0,0,0,1,detail_and_title,0,,1329323701
,ARAS'TAN EMEKEVLER DE LÜKS 2+1 DAİRE AÇIKLAMAYI OKUYUN!!!!!!!!!,none,0,0,0,0,0,none,0,,1312261599
Ara Kat,Kartepe Hasanpaşada Değeri Her Gün Artan Lokasyonda FırsaT,none,0,0,0,0,0,none,0,,1323483141
,YOK BÖYLE BİR FİYAT YOK BÖYLE BİR DAİRE,none,0,0,0,0,0,none,0,,1320431086
,FIRSAT ACİL SATILIK 2+1 ÇOK UYGUN FİYAT,none,0,0,0,0,0,none,0,,1329311393
Ara Kat,EMEKEVLER'de 165m2 ARAKAT DAİRE,none,0,0,0,0,0,none,0,,1294110935
Ara Kat,DERBENT KAMELYA SİTESİNDE SATILIK 3+1,none,0,0,0,0,0,none,0,,1310616567
En Üst Kat,ATAEVLERDE MERKEZİ KONUMDA İÇİ YENİLENMİŞ 3+1 ÇATI KATI DAİRE!,none,0,0,0,0,0,none,0,,1327946818
Dubleks|En Üst Kat|Çatı Dubleksi,FSM ASANSÖRLÜ 2+1 EĞİMSİZ DUBLEKS DAİRE,roof,1,1,0,0,0,detail_and_title,0,title_generic_confirms_detail_subtype,1323805866
,Ataevler mah. 2+1 listing_portal satılık,none,0,0,0,0,0,none,0,,1329303667
Dubleks,KARTEPE'NİN GÖZDE BÖLGESİ DUMLUPINAR MAH. LÜKS 3+1 DUBLEX,standard,1,0,0,0,1,detail_and_title,0,,1329287285
,YAĞMURDAN HASANPAŞA DA SATILIK 2+1 ARAKAT,none,0,0,0,0,0,none,0,,1329282719
Ara Kat,Kocaeli Kartepe Ş.Sarımeşe 1+1 58m² Satılık Konut,none,0,0,0,0,0,none,0,,1323441278
Dubleks|Ara Kat,Tarcanlardan Kartepe Form Anatolia'da 1+1 Satılık Daire,standard,1,0,0,0,1,detail,0,,1317965080
Ara Kat,AKBULUT EMLAKTAN | ARA KAT DUBLEKS |İBRİKDERE | 2+1 | SATILIK |,middle_floor,1,0,0,1,0,title,0,,1327162360
,DEALLİFE'DAN FSMDE 3+1 DUBLEKS,standard,1,0,0,0,1,title,0,,1329890322
Ara Kat,480 Rezidans da Kiracılı Satılık Ara Kat 1+1,none,0,0,0,0,0,none,0,,1312177830
Çatı Dubleksi,GOLD HOUSE GM'DEN EĞİMSİZ 4+1 154M2 ÇATI DUBLEX,roof,1,1,0,0,0,detail_and_title,0,,1289387295
Çatı Dubleksi,ZERAY ESİLDE SATILIK 1+1 ÇATI DUBLEKS!,roof,1,1,0,0,0,detail_and_title,0,,1320531501
Dubleks,Kartepe Ertuğrulgazi'de Satılık 2+1 Eğimsiz Çatı Dubleks Daire,standard,1,0,0,0,1,conflict_detail_wins,1,conflict detail=standard title=roof,1318032127
Çatı Dubleksi,"GÜNEY CEPHE, MASRAFSIZ, BUTİK SİTE İÇİNDE 1+1 ÇATI DUBLEKS",roof,1,1,0,0,0,detail_and_title,0,,1300892501
Dubleks,SAHİBİNDEN TUANA EVLERİNDE 3+1 Dubleks,standard,1,0,0,0,1,detail_and_title,0,,1252123270
Ara Kat,480 residance satılık arakat 2+1,none,0,0,0,0,0,none,0,,1329234152
Ara Kat,ARAKAT EMEKEVLER MAHALLESİNDE KAÇIRILMAYACAK FIRSAT!,none,0,0,0,0,0,none,0,,1306105157
,KARTEPE İBRİKDERE MAH 2+1 ÖN CEPHE SİTE İÇİ DAİREMİZ SATILIKTIR,none,0,0,0,0,0,none,0,,1329418222
,ATAEVLERDE ASANSÖRLÜ 3+1 DUBLEKS DAİRE,standard,1,0,0,0,1,title,0,,1329409791
,REMAX DELUXE'den KARTEPE EMEKEVLERDE SATILIK 2+1 GENİŞ DAİRE,none,0,0,0,0,0,none,0,,1317856953
,SINIRSIZ KREDİYE UYGUN 4+1 DUBLEX DAİRE,standard,1,0,0,0,1,title,0,,1317857387
Dubleks,DEALLİFE GAYRİMENKUL DEN KARTEPE İBRİKDERE MH 3+1 DUBLEKS,standard,1,0,0,0,1,detail_and_title,0,,1323270679
Çatı Dubleksi,Aslanbey Ekşioğlu Kardelende Doğa manzaralı 4+1 çatı dubleks,roof,1,1,0,0,0,detail_and_title,0,,1301275791
Çatı Dubleksi,KARTEPE ERTUĞRULGAZİ MAH. FIRSAT EĞİMSİZ 3+1 ÇATI DUBLEKS DAİRE,roof,1,1,0,0,0,detail_and_title,0,,1320825477
En Üst Kat,KENTYAPI PRESTİGE MERKEZİ KONUMDA AYDINLIK GENİŞ FERAH 3+1 DAİRE,none,0,0,0,0,0,none,0,,1329199615
,ZERAY FORUM ANATOLIA | 279 M2 | 3+1 | DUBLEKS,standard,1,0,0,0,1,title,0,,1301917702
Çatı Dubleksi,İZMİT KARTEPE ' ERTUĞRULGAZİ MH. 3+1 EĞMZ. ÇATI DUBLEKS SATILIK,roof,1,1,0,0,0,detail_and_title,0,,1323499480
,Kartepe Fatih Sultan Mehmet Mahallesi Bağdat Caddesi'nde Satılık,none,0,0,0,0,0,none,0,,1323500176
,Kartepe site içinde geniş eğimsiz dubleks 2+1 acil satılık,standard,1,0,0,0,1,title,0,,1329178456
Dubleks|En Üst Kat,REAL GAYRİMENKUL KARTEPE FSM DE 4+1 EĞİMSİZ DUBLEX 180 m2 DAİRE,standard,1,0,0,0,1,detail_and_title,0,,1323250364
Ara Kat,ATLAS EMLAK SATILIK 2+1 ARA KAT YÜZME HAVUZLU ASANSÖRLÜ SİTE,none,0,0,0,0,0,none,0,,1312102584
Çatı Dubleksi,KARTEPE FSM'DE BUTİK SİTEDE SATILIK LÜKS 3+1 DUBLEKS DAİRE,roof,1,1,0,0,0,detail_and_title,0,title_generic_confirms_detail_subtype,1323273985
Dubleks|En Üst Kat|Çatı Dubleksi,Forum Anatolia'da geniş 323 M2 3+1 Çatı Dubleks,roof,1,1,0,0,0,detail_and_title,0,,1271912842
Ara Kat,ERTUĞRUL GAZİ MAH YÜKSEK KREDİ İMKANIYLA FIRSAT 2+1 ARKAT DAİRE,none,0,0,0,0,0,none,0,,1329146547
Dubleks|En Üst Kat|Çatı Dubleksi,KARTEPE ZERAY MAHAL SATILIK GENİŞ TİP 4+1 ÇATI DUBLEKS DAİRE,roof,1,1,0,0,0,detail_and_title,0,,1299594168
Dubleks,DUMLUPINAR MAHALLESİ'NDE GENİŞ VE FERAH SATILIK LÜX 2+1 DUBLEX,standard,1,0,0,0,1,detail_and_title,0,,1329283496
,ISTASYON MAHALLESI'NDE 2 + 1 DUBLEKS SATILIK,standard,1,0,0,0,1,title,0,,1329124333
Dubleks|En Üst Kat|Ara Kat|Çatı Dubleksi,SON FIRSAT KARTEPE FSM AKEV SİTESİ'NDE 100 M2 SATILIK DUBLEKS,roof,1,1,0,0,0,detail_and_title,0,title_generic_confirms_detail_subtype,1328331366
,ERTUĞRUL GAZİ'DE SİTE İÇERİSİNDE SATILIK LÜKS 2+1 ÇATI DÜBLEX,roof,1,1,0,0,0,title,0,,1323183911
,"DEALLİFE'DEN, FSMDE,EMAR DELÜXE'DE 3+1 145m2 ÇATI DUBLEKS",roof,1,1,0,0,0,title,0,,1329890445
Ara Kat,KÖSEKÖY/İSTASYON MAHALLESİ SATILIK 3+1 130M2 GENİŞ ARAKAT DAİRE,none,0,0,0,0,0,none,0,,1309609843
Çatı Dubleksi,KÖSEKÖY FSM SATILIK 4+1 ÇATI DUBLEKS 160 M2,roof,1,1,0,0,0,detail_and_title,0,,1329104823
Ara Kat,KARTEPE ATAEVLER | 2 CEPHELİ 3+1 ARAKAT | SINIRSIZ KREDİ,none,0,0,0,0,0,none,0,,1323203732
Ara Kat,VAHA KARTEPE'DE 3+1 SATILIK ARAKAT DAİRE,none,0,0,0,0,0,none,0,,1310829922
Dubleks,DUMLUPINAR MAH. MERKEZİ LOKASYON 3+1 DUBLEKS DAİRE,standard,1,0,0,0,1,detail_and_title,0,,1293471082
,Kartepe Rahmiye Parveen Konaklarında Satılık 3+1 Çatı Dubleks,roof,1,1,0,0,0,title,0,,1323187636
Ara Kat,KARTEPE ATAEVLER MAHALLESİ'NDE SATILIK 3+1 ARA KAT FIRSAT DAİRE,none,0,0,0,0,0,none,0,,1329053630
,KOCAELİ KARTEPE SATILIK 2+1 DUBLEKS,standard,1,0,0,0,1,title,0,,1326173481
,KARTEPE EMEKEVLER MAH.SATILIK 2+1 YÜKSEK GİRİŞ DAİRE,none,0,0,0,0,0,none,0,,1317850472
Ara Kat,TANYILDIZDAN OSB YANI DOĞAKENT SİTESİNDE GENİŞ 3+1 ARAKAT DAİRE,none,0,0,0,0,0,none,0,,1328842668
,KARTEPE KÖSEKÖY'DE SATILIK DUBLEKS LÜKS 2+1 DAİRE,standard,1,0,0,0,1,title,0,,1329060282
Çatı Dubleksi,KARTEPE KÖSEKÖY'DE 2+1 120 M2 DUBLKS DAİRE KATILM EVİM KRED.UYGU,roof,1,1,0,0,0,detail,0,,1323117511
Ara Kat,Kartepe'de Satılık 3+1 Geniş Balkonlu Asansörlü Arakat Daire,none,0,0,0,0,0,none,0,,1329585930
Ara Kat,Kartepe Ertuğrul Gazi mah.2+1 sıfır daire,none,0,0,0,0,0,none,0,,1312497253
Ara Kat,ZERAY MAHAL KARTEPE'DE SATILIK LÜKS 3+1 ARAKAT DAİRE,none,0,0,0,0,0,none,0,,1329017601
Dubleks,ACİLLLL SATILIK SİTE İÇİ 2+1,standard,1,0,0,0,1,detail,0,,1307164119
,Kartepe Ataevler'de Satılık 2+1 Giriş Kat Daire (90m²),none,0,0,0,0,0,none,0,,1301766962
,YENİ YAPIM SIFIR 2+1 DAİRE,none,0,0,0,0,0,none,0,,1328924235
Dubleks,Gate 41 AVM'de | Kiracılı 3+1 Dubleks | Geniş Teraslı Köşe Daire,standard,1,0,0,0,1,detail_and_title,0,,1310979424
,2+1 ÇATI DUBLEKS 123 m² ERTUĞRUL GAZİ MAHALLESİ,roof,1,1,0,0,0,title,0,,1311714692
,İSTASYON MAH. MERKEZİ KONUMDA SATILIK FIRSAT 2+1,none,0,0,0,0,0,none,0,,1329321872
,KARTEPE F.S.M MAH ULTRA LÜKS 3+1 SATILIK DAİRE 145 m² MERKEZİ,none,0,0,0,0,0,none,0,,1322468915
Dubleks,"EMİN EVİM,SİMPAŞ,KATILIM V.S UYGUN 3+1 ASANSÖRLÜ DAİREMİZ SATIŞT",standard,1,0,0,0,1,detail,0,,1329321824
,SAFİR'den ERTUĞRULGAZİ'de SATILIK 3+1 DUBLEKS DAİRE,standard,1,0,0,0,1,title,0,,1328996510
Dubleks|Çatı Dubleksi,LÜKS 2+1 DUBLEKS KENT MEYDANI EBEVEYN BANYOLU KULLANIŞLI,roof,1,1,0,0,0,detail_and_title,0,title_generic_confirms_detail_subtype,1328994779
,ACİLL!!! DEALLİFE'DAN ATAEVLERDE SİTE İÇİ 140 m² DUBLEKS DAİRE,standard,1,0,0,0,1,title,0,,1323290919
Dubleks|En Üst Kat|Çatı Dubleksi,KARTEPE FSM'DE SATILIK 3+1 TERASLI ÇATI DUBLEKS,roof,1,1,0,0,0,detail_and_title,0,,1259535705
,%50 KREDIYE UYGUN 3 + 1 DUBLEKS,standard,1,0,0,0,1,title,0,,1329313488
,FİNANS KUR. UYGUN 1.99 LİMİTSİZ KREDİ GENİŞ TERASLI 165 m² 3+1,none,0,0,0,0,0,none,0,,1328971720
,HASANPAŞA BUTİK SİTE İÇİ 2+1 YÜKSEK GİRİŞ DAİRE,none,0,0,0,0,0,none,0,,1314447923
,CB AKADEMİ ZERAY MAHAL KARTEPE SATILIK 3+1 GENİŞ BAHÇELİ DAİRE,none,0,0,0,0,0,none,0,,1299603467
En Üst Kat|Çatı Dubleksi,END GAYRİMENKUL'DEN 480 RESİDENCE SATILIK 240 M2 4+1 DAİRE,roof,1,1,0,0,0,detail,0,,1246964741
Ara Kat,KARTEPE SUDEKS DORUKKENT 2'DE SATILIK 1+1 İÇİ TEMİZ ARAKAT DAİRE,none,0,0,0,0,0,none,0,,1294128573
,KARTEPE FSM KİRACILI YATIRIMLIK DAİRE...,none,0,0,0,0,0,none,0,,1329272981
Dubleks|En Üst Kat|Ara Kat|Çatı Dubleksi,SON FIRSAT KARTEPE FSM SİTE İÇERİSİNDE HAVUZLU OTOPARKLI SIFIR,roof,1,1,0,0,0,detail,0,,1328330058
,EMEKEVLER MAHALLESI'NE 2 + 1 LÜKS ARA DUBLEKS,standard,1,0,0,0,1,title,0,,1328941117
,DEALLİFE'DAN FSMDE 2+1 DAİRE,none,0,0,0,0,0,none,0,,1329887132
Dubleks,KARTEPE EMEKEVLER 130 M² DUBLEX DAİRE,standard,1,0,0,0,1,detail_and_title,0,,1304682925
Çatı Dubleksi,ATAEVLER MAHALLESİNDE SATILIK 4+1 GENİŞ TERAS BALKONLU DAİRE,roof,1,1,0,0,0,detail,0,,1328915365
,KARTEPE KÖSEKÖY MAHALLESİ'NDE SATILIK DUBLEKS DAİRE (R-1674),standard,1,0,0,0,1,title,0,,1271792817
,Kocaeli kartepe Köseköy site içi 2 + 1 ara kat satılık daire,none,0,0,0,0,0,none,0,,1329245802
En Üst Kat|Çatı Dubleksi,SAHİBİNDEN SATILIK FSM MAH. KAHRAMANLAR CAD.de 4+1 KÖŞE DUBLEX,roof,1,1,0,0,0,detail_and_title,0,title_generic_confirms_detail_subtype,1125205378
Ara Kat,UZUNÇİFTLİK MAH SATILIK 130 M2 2+1 ARA KAT DAİRE,none,0,0,0,0,0,none,0,,1322421587
Dubleks|En Üst Kat|Çatı Dubleksi,Çatı dubleks 2+1,roof,1,1,0,0,0,detail_and_title,0,,1268381544
,Kartepe Parveen Konaklarında Satılık 3+1 Çatı Dubleks,roof,1,1,0,0,0,title,0,,1323174504
Ara Kat,Palas'tan Kartepe İstasyon Mah. 1+1 Satılık Daire,none,0,0,0,0,0,none,0,,1272962440
,KARTEPE EMEKEVLER MAH. SIFIR SATILIK 2+1 DUBLEX DAİRE,standard,1,0,0,0,1,title,0,,1317855773
Ara Kat,ListingPortal 480 Residence sitesinde 2+1 sıfır ayarında daire,none,0,0,0,0,0,none,0,,1328863374
Ara Kat,ATLAS EMLAK SATILIK 2+1 ARAKAT HAVUZ SAUNA HAMAM,none,0,0,0,0,0,none,0,,1323156419
,EKOMAX'DAN KARTEPE DUMLUPINAR MAH. LÜKS 2+1 KULLANIŞLI DUBLEKS,standard,1,0,0,0,1,title,0,,1329058125
,KARTEPE KÖSEKÖY'DE SATILIK MÜSTAKİL BAHÇELİ LÜKS 3+1 DAİRE,none,0,0,0,0,0,none,0,,1329048807
,ASAYRADAN KARTEPE DE 2+1 SATILIK SIFIR YÜKSEK GİRŞ,none,0,0,0,0,0,none,0,,1328867147
En Üst Kat,KARTEPE SARIMEŞE'DE MÜSTAKİL YAŞAM KONFORU SUNAN SATILIK DAİRE,none,0,0,0,0,0,none,0,,1308097033
,Kartepe sudeks sitesinde 1+1 yatırımlık,none,0,0,0,0,0,none,0,,1329207182
Dubleks,FIRSAT 3+1 İSKANI ALINMIŞ DAİRE,standard,1,0,0,0,1,detail,0,,1329034409
Dubleks|En Üst Kat|Çatı Dubleksi,KARTEPEBAHÇELİEVLER MAHALLESİNDE SATILIK 2+1 DUBLEKS DAİRE!,roof,1,1,0,0,0,detail_and_title,0,title_generic_confirms_detail_subtype,1323202412
Çatı Dubleksi,Nicomedia'dan Ekşioğlu Kardelen Evleri Sitesinde 4+1 dubleks,roof,1,1,0,0,0,detail_and_title,0,title_generic_confirms_detail_subtype,1319725171
,GENİŞ TERASLI MERKEZİ KONUM KALİTELİ YAŞAM FIRSATI!,none,0,0,0,0,0,none,0,,1311710475
Dubleks|En Üst Kat|Ara Kat|Ara Kat Dubleks|Bahçe Dubleksi|Çatı Dubleksi|Forleks|Ters Dubleks|Tripleks,Zeray Mahal en güzel bahçe katı 3+1 satılık daıre,roof,1,1,0,0,0,detail,0,,1322795861
Bahçe Dubleksi,UZUNTARLA İBRİKDERE MAHALLESİNDE SATILIK DAİRE,garden,1,0,1,0,0,detail,0,,1289001260
,ARAS'TAN EMEKEVLER'de 2+1 DAIRE,none,0,0,0,0,0,none,0,,1311235642
Dubleks,BU FİYATA KAÇMAZ ASANSÖRLÜ EĞİMSİZ 2+1 DUBLEX DAİREMİZ SATIŞTA,standard,1,0,0,0,1,detail_and_title,0,,1329319902
Dubleks|En Üst Kat|Çatı Dubleksi,ListingPortal 4+1 Çift Klimalı 4 Balkonlu Kaçırılmayacak Dubleks,roof,1,1,0,0,0,detail_and_title,0,title_generic_confirms_detail_subtype,1328779362
En Üst Kat|Ara Kat,KARTEPE FSM HAVUZLU SİTEİÇİ GENİŞ HAVUZ CEPHE 1+1,none,0,0,0,0,0,none,0,,1329518234
Dubleks|En Üst Kat|Çatı Dubleksi,KARTEPE ATAEVLER MH'de SATILIK 2+1 ÇATI DUBLEKS KULLANIŞLI DAİRE,roof,1,1,0,0,0,detail_and_title,0,,1325814774
Dubleks|En Üst Kat|Çatı Dubleksi,KARTEPE ERTUĞRULGAZİ'DE SIFIR BİNADA YERDEN ISITMALI GENİŞ 2+1,roof,1,1,0,0,0,detail,0,,1328754643
Dubleks|Ara Kat Dubleks,İBRİKDERE DE 2+1 DUBLEKS DAİRE,middle_floor,1,0,0,1,0,detail_and_title,0,title_generic_confirms_detail_subtype,1321285522
Ara Kat,KARTEPE BAHÇEM PROJESİNDE 3+1 SATILIK LÜKS ARAKAT DAİRE,none,0,0,0,0,0,none,0,,1329110917
,Kartepe arslanbey'de site içi 3+1 satılık 3.kat daire,none,0,0,0,0,0,none,0,,1313939320
,SATILIK 3+1 DUBLEKS DAİRE,standard,1,0,0,0,1,title,0,,1328721331
,ATAKENT ATAŞEHİR MAHALLESİ 142. GİRİŞ KAT | AİLEYE UYGUN,none,0,0,0,0,0,none,0,,1328723381
Ters Dubleks,KARTEPE EMEK EVLERDE FULL EŞYALI SATILIK 2+1 DAİRE,standard,1,0,0,0,1,detail,0,,1328703510
Ara Kat,INVEST GLOBAL'DEN KARTEPE FSM'DE SATILIK 2+1 ARAKAT DAİRE,none,0,0,0,0,0,none,0,,1320136973
Ara Kat,480 Residence sitesinde arakat eşyalı daire,none,0,0,0,0,0,none,0,,1328705939
Ara Kat,KARTEPE İSTASYON MAHALLESİNDE GENİŞ LÜX ARAKAT 3+1 SATILIK DAİRE,none,0,0,0,0,0,none,0,,1322757263
Dubleks|En Üst Kat|Çatı Dubleksi,KARTEPE FATİH SULTAN MEHMET MH'de 3+1 ÇATI DUBLEKS DAİRE,roof,1,1,0,0,0,detail_and_title,0,,1320142229
En Üst Kat,Kartepe Ataevler Mahallesinde Adesa Sitesinde Satılık Daire,none,0,0,0,0,0,none,0,,1322929129
Ara Kat,TERAS KARTEPE PROJESİN DE KUPON DAİRELER,none,0,0,0,0,0,none,0,,1328697661
Ara Kat,KARTEPE DUMLUPINAR MH 22.000 TL KİRA GETİRİLİ 2+1 ARAKAT DAİRE,none,0,0,0,0,0,none,0,,1328690939
Dubleks|En Üst Kat|Ara Kat|Ara Kat Dubleks|Çatı Dubleksi|Forleks|Ters Dubleks|Tripleks,Sınırsız kredi imkanı geniş 3+1 satılık daıre,roof,1,1,0,0,0,detail,0,,1310444163
Dubleks|En Üst Kat|Ara Kat|Ara Kat Dubleks|Bahçe Dubleksi|Çatı Dubleksi|Forleks|Ters Dubleks|Tripleks,Fsm muhteşem lokasyon da 2+1 geniş ferah satılık daıre,roof,1,1,0,0,0,detail,0,,1317253729
Dubleks,FIRSAT 3+1 ÇOK UYGUN FİYAT,standard,1,0,0,0,1,detail,0,,1329076937
Dubleks|En Üst Kat|Çatı Dubleksi,KARTEPE FSM GÜZEL KONUMDA YENİ BİNA EĞİMSİZ 4+1 ÇATI DUBLEKS,roof,1,1,0,0,0,detail_and_title,0,,1311182180
,SOR TÜRKİYE'DEN TEPECİK'TE 2+1 DUBLEX SIFIR DAİRE,standard,1,0,0,0,1,title,0,,1286171877
Dubleks|En Üst Kat|Çatı Dubleksi,Kartepe Barbaros Caddesinde Satılık 3+1 Çatı Dubleksi Otoparklı,roof,1,1,0,0,0,detail_and_title,0,,1328618329
Dubleks|En Üst Kat|Çatı Dubleksi,END'DEN 480 RESİDENCE SATILIK 240 M2 3+1 DAİRE,roof,1,1,0,0,0,detail,0,,1246990140
Dubleks|En Üst Kat,ATLAS EMLAK SATILIK 3+1 DUBLEKS YÜZME HAVUZU ASANSÖR,standard,1,0,0,0,1,detail_and_title,0,,1323064914
,KOCAELİ KARTEPE UZUNÇİFTLİK MAHALLESİ SATILIK DAİRE,none,0,0,0,0,0,none,0,,1311179067
Dubleks,Tarcanlardan Kartepe Maşukiye GATE41 de 3+1 Satılık Daire,standard,1,0,0,0,1,detail,0,,1311531185
Ara Kat,KARTEPE'NİN GÖZDE MAHALLESİ FSM'DE LÜKS 3+1 ARA KAT DAİRE,none,0,0,0,0,0,none,0,,1329289714
En Üst Kat,KARTEPE ATAKENT KONUTLARI SATILIK 2+1 DAİRE,none,0,0,0,0,0,none,0,,1328546980
Çatı Dubleksi,GÖZEL GAYRİMENKULDEN KARTEPE ATAEVLER MH.130 M2 2+1 ÇATI DUBLEKS,roof,1,1,0,0,0,detail_and_title,0,,1322584448
,Kartepe fatih sultan mehmet mah. Satılık 2+1 arakat,none,0,0,0,0,0,none,0,,1320669751
Ara Kat|Çatı Dubleksi,KARTEPE CADDE LİFE SİTESİ'NDE 3+1 SATILIK SIFIR ÇATI DUBLEKS,roof,1,1,0,0,0,detail_and_title,0,,1326204740
Dubleks,"Kartepe Uzunçiftlik'te 4+1 Dubleks Daire, 160m², Kat Mülkiyetli",standard,1,0,0,0,1,detail_and_title,0,,1328529753
Dubleks,kocaeli kartepe dumlupınar mah.e 5 üzeri satlık daire 4+1 acil,standard,1,0,0,0,1,detail,0,,1325471103
,EKOMAX'DAN KARTEPE FSM MAH. LÜKS 2+1 ARAKAT,none,0,0,0,0,0,none,0,,1328687742
,OKULA YAKIN GENİŞ ARKA BALKONLU ALATURKA WC'Lİ 2+1 ZEMİN KAT,none,0,0,0,0,0,none,0,,1322554579
,KARTEPE PAKMAYA SİTESİ 2+1 SATILIK DAİRE,none,0,0,0,0,0,none,0,,1313258501
Çatı Dubleksi,AKBULUT EMLAKTAN | ÇATI DUBLEKS | RAHMİYE | 3+1 SATILIK,roof,1,1,0,0,0,detail_and_title,0,,1328513425
Çatı Dubleksi,KARTEPE FATİH SULTAN MEHMET MAH. SATILIK 3+1 DUBLEKS DAİRE,roof,1,1,0,0,0,detail_and_title,0,title_generic_confirms_detail_subtype,1312822160
,180 FAVORİYE TEŞEKKÜRLER D.PINAR MAH YÜKSEK KREDİLİ 2+1 DUBLEKS,standard,1,0,0,0,1,title,0,,1306016239
Dubleks,YAĞMURDAN KARTEPE İSTASYON YÜRÜYÜŞ YOLUNDA 2+1 DUBLEKS,standard,1,0,0,0,1,detail_and_title,0,,1308986369
Çatı Dubleksi,KARTEPE ATAEVLER MAH. SATILIK 3+1 EĞİMSİZ ÇATI DUBLEKS!,roof,1,1,0,0,0,detail_and_title,0,,1315752027
,Ataevler mah. 3+1 satılık daire,none,0,0,0,0,0,none,0,,1311405141
,DEALLİFE GAYRİMENKUL DEN 3+1 SATILIK LÜKS DUBLEKS DAİRE,standard,1,0,0,0,1,title,0,,1317058280
,KARTEPE İSTASYONU MAH DE SATILIK 3+1 DUBLEKS EMİN EVİME UYGUN,standard,1,0,0,0,1,title,0,,1325694470
,YILKAR' dan ASANSÖRLÜ ARAKAT 2+1,none,0,0,0,0,0,none,0,,1328445280
Ara Kat,ACİL ARA KAT 2+1 110 M2 KENYMEYDANI KARTEPE,none,0,0,0,0,0,none,0,,1321744016
Ara Kat,Tarcanlardan Kartepe 480 Residancede 2+1 Satılık Daire,none,0,0,0,0,0,none,0,,1317205143
,"Kartepe Fatih Sultan Mehmet""te Karcity Sitesinde Satılık 1+1",none,0,0,0,0,0,none,0,,1310835944
Dubleks|En Üst Kat|Çatı Dubleksi,ŞOKKKKK FİYAT ÖN CEPHE EĞİMSİZ 3+1 SATILIK.,roof,1,1,0,0,0,detail,0,,1316515258
Dubleks,KARTEPE DERBENT'DE SIFIR SATILIK 3+1 GENİŞ DUBLEKS DAİRE,standard,1,0,0,0,1,detail_and_title,0,,1290832699
En Üst Kat,Kartepe Emekevler mah. Geniş 3+1 Satılık Daire,none,0,0,0,0,0,none,0,,1322430391
Dubleks|En Üst Kat,LISTING_PORTAL TEMIZ KULLANIŞLI 3+1 DUBLEX EKSTRALI VE HAZIR KURULU,standard,1,0,0,0,1,detail_and_title,0,,1328388440
Ara Kat,KARTEPE ERTUĞRULGAZİ MAH.TAMAMINA KREDİ ARAKAT 2+1 SATILIK DAİRE,none,0,0,0,0,0,none,0,,1328389412
,ARS'DEN DUMLUPINARDA SATILIK DUBLEKS 1+1,standard,1,0,0,0,1,title,0,,1298606942
Dubleks,KARTEPE MAŞUKİYE GATE41 AVM'de SATILIK 3+1 270M2 DAİRE,standard,1,0,0,0,1,detail,0,,1231458130
,DEALLİFE DAN 2+1 YÜKSEK GİRİŞ DAİRE,none,0,0,0,0,0,none,0,,1329699487
,Kocaeli kartepe FSM 3 + 1 satılık dubleks,standard,1,0,0,0,1,title,0,,1329282543
,Kartepe Ertuğrul Gazide Önü Açık 3+1 Çatı Dubleks,roof,1,1,0,0,0,title,0,,1325375025
,Kartepe fsm acil satılık 4+1 dublex,standard,1,0,0,0,1,title,0,,1322810215
,Başka şehirde yaşadığım için,none,0,0,0,0,0,none,0,,1329106353
Dubleks|Çatı Dubleksi,Kartepe merkezde listing_portal satılık 4+1 çatı dubleks daire,roof,1,1,0,0,0,detail_and_title,0,,1295032061
Dubleks,Kocaeli Kartepe Köseköy'de satılık 3+1 Dubleks Sıfır Daire,standard,1,0,0,0,1,detail_and_title,0,,1328302904
Çatı Dubleksi,Kartepe Ertuğrul Gazi Mah. 4+1 Geniş Çatı Dubleks Daire,roof,1,1,0,0,0,detail_and_title,0,,1328279862
,KARTEPE EMEKEVLER MAH SATILIK LÜKS DAİRE,none,0,0,0,0,0,none,0,,1322332834
Çatı Dubleksi,KARTEPE FSM'DE SATILIK 4+1 EĞİMSİZ ÇATI DUBLEKS DAİRE,roof,1,1,0,0,0,detail_and_title,0,,1322987443
Ara Kat,KARTEPE TERRACE 4+1 BAHÇELİ SATILIK DAİRE,none,0,0,0,0,0,none,0,,1323175514
,KARTEPE FSM MAH DE SATILIK 4+1 DUBLEKS EMİN EVİME UYGUN,standard,1,0,0,0,1,title,0,,1325756738
Ara Kat,Liva Grup'tan Casaba Residance Satılık 1+1 Daire,none,0,0,0,0,0,none,0,,1317066456
,3+1 YÜKSEK GİRİŞ GENİŞ METRE KARE İSKANI ALINMIŞ OTURUMA HAZIR,none,0,0,0,0,0,none,0,,1328474062
,DEALLİFE'DAN ATAKENT EVLERİNDE İÇİ YAPILI 2+1 DAİRE,none,0,0,0,0,0,none,0,,1318057780
Dubleks,ST GAYRİMENKULDEN ERTUĞRULGAZİ MAH.'de 2+1 SATILIK DUBLEKS,standard,1,0,0,0,1,detail_and_title,0,,1325304981
,YAĞMURDAN F.S.M DE 3+1 140M² YÜKSEK GİRİŞ,none,0,0,0,0,0,none,0,,1317053536
Dubleks,4+1 geniş dublex,standard,1,0,0,0,1,detail_and_title,0,,1328243535
Dubleks|En Üst Kat|Çatı Dubleksi,Kartepe Dumlupinar'da 2+1 Dubleks Daire - Yatırım Fırsatı,roof,1,1,0,0,0,detail_and_title,0,title_generic_confirms_detail_subtype,1328465523
,Özdilek Ataevlerde satılık daire,none,0,0,0,0,0,none,0,,1328257600
Dubleks|En Üst Kat|Çatı Dubleksi,YOLDAŞ EMLAKTAN ATAEVLERDE 3+1 SATILIK SIFIR DUBLEKS DAİRE,roof,1,1,0,0,0,detail_and_title,0,title_generic_confirms_detail_subtype,1328251749
,Kocaeli kartepe Emekevler 3 + 1 satılık dubleks,standard,1,0,0,0,1,title,0,,1325714075
En Üst Kat,Turyap Palas'tan Fatih Sultan Mehmet Mah.4+1 Satılık Daire,none,0,0,0,0,0,none,0,,1325276449
,Kartepe Ertuğrul Gazi Havuzlu Site İçerisinde 1+1 70m2,none,0,0,0,0,0,none,0,,1328228181
Dubleks,360 IC İLE STEP KARTEPE PROJESİNDE SATILIK 2+1 DUBLEKS DAİRE,standard,1,0,0,0,1,detail_and_title,0,,1307913279
,KARTEPENİN EN PRESTİJ'Li VEFAKENT SİTESİNDE 4+1 ÇATI DUBLEX,roof,1,1,0,0,0,title,0,,1314653870
,"KOCAELİ'NİN EN LÜX PROJESİ ZERAY ESİL KARTEPE'DE BÜYÜK TİP 1,5+1",none,0,0,0,0,0,none,0,,1316290219
Dubleks|Çatı Dubleksi,3+1 FİYATINA 4+1 ÜST DUBLEKS,roof,1,1,0,0,0,detail_and_title,0,title_generic_confirms_detail_subtype,1285982281
En Üst Kat,"ATAEVLER MAHALLESİ'NDE MASRAFSIZ, TAMAMEN YENİLENMİŞ 2+1 DAİRE",none,0,0,0,0,0,none,0,,1328167709
Ara Kat,KARTEPE ATAEVLERDE GENİŞ VE KONFORLU 3+1 DAİRE,none,0,0,0,0,0,none,0,,1328183768
Ara Kat,ATAEVLER MAH ARA KAT DAİREMİZ SATIŞTA,none,0,0,0,0,0,none,0,,1329315030
Çatı Dubleksi,KARTEPE ERTUĞRUL GAZİ MAH. SATILIK 1+1 ÇATI DUBLEKS DAİRE,roof,1,1,0,0,0,detail_and_title,0,,1328172963
Çatı Dubleksi,KARTEPE İSTASYON MAHALLESİNDE EĞİMSİZ 2+1 DUBLEKS DAİRE,roof,1,1,0,0,0,detail_and_title,0,title_generic_confirms_detail_subtype,1258837694
,doğanın içinde 3+1 full yapılı daire,none,0,0,0,0,0,none,0,,1328165947
,KARTEPE KONAKLARI 2 de 2+1 ÇATI DUBLEKS,roof,1,1,0,0,0,title,0,,1328158211
,KARTEPE KÖSEKÖY MAH DE SATILIK FIRSAT 3+1 EMİN EVİME UYGUN,none,0,0,0,0,0,none,0,,1328154105
Dubleks|En Üst Kat|Ara Kat|Çatı Dubleksi,SON FIRSAT KARTEPE FSM AKEV SİTESİ'NDE HAVUZLU OTOPARKLI 2+1,roof,1,1,0,0,0,detail,0,,1321782330
,KARTEPE KÖSEKÖYDE EMSALSİZ 3+1 DUBLEKS DAİRE,standard,1,0,0,0,1,title,0,,1321993597
,KARTEPE UZUNÇİFTLİK SİTE İÇİ KREDİYE UYGUN YÜKSEK GİRİŞ DAİRE,none,0,0,0,0,0,none,0,,1322219661
,KARTEPE DERBENT MAH SATILIK MULK,none,0,0,0,0,0,none,0,,1322137510
,KREDİYE EMİNEVİME UYGUN| 3+1 BÜYÜK MUTFAK | MERKEZİ KONUM,none,0,0,0,0,0,none,0,,1317297999
Ara Kat|Çatı Dubleksi,NEFF VİZYON PROJESİ SATILIK 104 M2 TERASLI 1+1 DUBLEKS DAİRE,roof,1,1,0,0,0,detail_and_title,0,title_generic_confirms_detail_subtype,1322773287
Ara Kat,FSM MERKEZİ KONUMDA SATILIK 3+1 ARAKAT,none,0,0,0,0,0,none,0,,1310470315
Dubleks,FIRSAT 2+1 OTURUMA HAZIR DAİRE,standard,1,0,0,0,1,detail,0,,1328516802
En Üst Kat,Kartepe Ertuğrul Gazi Mah.'de Satılık 3+1 Dubleks Daire,standard,1,0,0,0,1,title,0,,1311036324
Ara Kat,KOCAELİ ZERAY MAHAL KARTEPE DE SATILIK GENİŞ 2+1 DAİRE,none,0,0,0,0,0,none,0,,1328318812
Kat Dubleksi,GATE41 MAŞUKİYE 3+1 250m2 Satılık Daire,standard,1,0,0,0,1,detail,0,,1181286761
Dubleks|En Üst Kat|Çatı Dubleksi,CB Mahall den Forum Anatolia Sitesinde Full Eşyalı 3+1 Daire!,roof,1,1,0,0,0,detail,0,,1279349222
Dubleks|Ara Kat Dubleks|Ters Dubleks,Yatırımlık kiracılı site içerisinde dublex daire,middle_floor,1,0,0,1,0,detail_and_title,0,title_generic_confirms_detail_subtype,1239931128
Ara Kat,CB AKADEMİ ZERAY MAHAL KARTEPE SATILIK GENİŞ 3+1 ARA KAT DAİRE,none,0,0,0,0,0,none,0,,1328500061
,KOCAELİ KARTEPE ERTUĞRUL GAZİ MAH SATILIK 2+1 YÜKSEK GİRİŞ,none,0,0,0,0,0,none,0,,1324930551
,mükemmel konumda site ici daire,none,0,0,0,0,0,none,0,,1328075695
,TERRACE KARTEPE SİTESİNDE 3+1 DUBLEKS EĞİMSİZ SATILIK DAİRE,standard,1,0,0,0,1,title,0,,1323179735
,HASANPAŞA MAHALLESİNDE BUTİK SİTE İÇERİSİNDE SATILIK 2+1 DAİRE,none,0,0,0,0,0,none,0,,1328486162
Bahçe Dubleksi,KARTEPE ATAEVLERDE E-5E YAKIN MERKEZİ KONUMDA BAHÇE DUBLEKS,garden,1,0,1,0,0,detail_and_title,0,,1313929832
Dubleks,Dumlupınar mahallesinde 3+1 130m2 dairemiz satılıktır,standard,1,0,0,0,1,detail,0,,1321797917
Dubleks|Çatı Dubleksi,GOLD HOUSE GM'DEN SATILIK ÇATI DUBLEX,roof,1,1,0,0,0,detail_and_title,0,,1325293454
Ara Kat|Çatı Dubleksi,KARTEPE FSM MAHALLESİNDE SATILIK 2+1 GENİŞ KULLANIŞLI DUBLEKS,roof,1,1,0,0,0,detail_and_title,0,title_generic_confirms_detail_subtype,1321734899
Çatı Dubleksi,Kartepe Ertuğrul Gazi'de Eğimsiz Satılık 2+1 Çatı Dubleks Daire,roof,1,1,0,0,0,detail_and_title,0,,1267745325
Ara Kat,KARTEPE DUMLUPINAR MAH. MERKEZİ KONUM 4+1 SATILIK ARAKAT DAİRE,none,0,0,0,0,0,none,0,,1313940849
Ara Kat,DEALLİFE GAYRİMENKUL'DEN ATAEVLER'DE SATILIK 1+1 DUBLEKS DAİRE,standard,1,0,0,0,1,title,0,,1321978814
,KARTEPE ZERAY ESİL SİTESİNDE SATILIK 2+1 DAİRE EN GENİŞ TİP,none,0,0,0,0,0,none,0,,1310928522
,KARTEPE ATAEVLER MAH SATILIK 3+1 ARAKAT EMİN EVİME UYGUN,none,0,0,0,0,0,none,0,,1328230839
Dubleks|En Üst Kat|Çatı Dubleksi,KOCAELI KARTEPE HAVUZLU SITEIÇI EGIMSIZ GENIŞ SATILIK DUBLEKS,roof,1,1,0,0,0,detail_and_title,0,title_generic_confirms_detail_subtype,1325237166
,ATAEVLER MAHALLESİNDE SATILIK ÖN CEPHE 3+1 81 EKRAN TV HEDİYE,none,0,0,0,0,0,none,0,,1325232365
Dubleks|En Üst Kat|Çatı Dubleksi,Kartepe Hasanpaşa da 5+1 Çatı Dubleks | 265 m² | Geniş Teras |,roof,1,1,0,0,0,detail_and_title,0,,1311006438
,KARTEPE'DE SİTE İÇERİSİNDE ÖZEL BAHÇELİ 2+1 SATILIK DAİRE,none,0,0,0,0,0,none,0,,1322426612
En Üst Kat,END'DEN KARTEPE TAÇ YAPRAK EVLERİNDE SATILIK 3+1 YAPILI DAİRE,none,0,0,0,0,0,none,0,,1270710869
Ara Kat,ÖMER KUŞÇU GAYRİMENKL İSKANLI LÜKS 2+1 GENİŞ DAİRE ARAKT KOMBİLİ,none,0,0,0,0,0,none,0,,1321749335
Çatı Dubleksi,DERYA ÇAKICIDAN KARTEPE EMEKEVLERDE 3+1 SATILIK LÜKS DAİRE,roof,1,1,0,0,0,detail,0,,1315405269
Dubleks|En Üst Kat|Çatı Dubleksi,YATIRIMCIYA 29.000 tl KİRA GETİRİSİ OLAN SATILIK DAİRE,roof,1,1,0,0,0,detail,0,,1328387692
,FORUM ANATOLİA ÖNÜ AÇIK ARAKAT SATILIK 3+1,none,0,0,0,0,0,none,0,,1291984000
,Kartepe Konakları 2 Satılık 5+1 Çatı Dubleks Daire Krediye Uygun,roof,1,1,0,0,0,title,0,,1314812485
Ara Kat,EMEKEVLER de AVM ye YÜRÜME MESAFESİ 3+1 ARAKAT MERKEZİ KONUMDA,none,0,0,0,0,0,none,0,,1305497674
,TAMAMINA KREDİYE UYGUN !MÜSTAKİL TARZINDA KOMBİLİ ANKASTRE SETLİ,none,0,0,0,0,0,none,0,,1328069578
,EMEKEVLER MHL 2 + 1 YÜKSEK GIRIŞ DAIREMIZ SATILIKTIR,none,0,0,0,0,0,none,0,,1328133220
,KOCAELİ KARTEPE SATILIK 2+1 EĞİMSİZ DUBLEKS,standard,1,0,0,0,1,title,0,,1325376181
,ACİL FİYAT DÜŞTÜ KARTEPE FSM MAH SATILIK3+1 GENİŞ DUBLEX EĞİMSİZ,standard,1,0,0,0,1,title,0,,1304835835
Çatı Dubleksi,Zeray Mahall Projesinde 4+1 227m² Oturuma Hazır Lüks Dubleks,roof,1,1,0,0,0,detail_and_title,0,title_generic_confirms_detail_subtype,1299857701
,KARTEPE DUMLUPINAR MAH SATILIK EĞİMSİZ DUBLEKS,standard,1,0,0,0,1,title,0,,1325577918
Ara Kat|Çatı Dubleksi,KARTEPE YELKENT VAHA'DA SATILIK 3+1 ÇATI DUBLEKS DAİRE,roof,1,1,0,0,0,detail_and_title,0,,1327901049
,KENT MEYDANINDA 1.99 KREDİYLE SİTE İÇİ HAVUZLU ARA KAT DAİRE,none,0,0,0,0,0,none,0,,1328089171
,KARTEPE DUMLUPINAR MAH DE SATILIK FIRSAT 3+1,none,0,0,0,0,0,none,0,,1327894521
Dubleks,KARTEPE FSM MAH ÖZEL YAPILMIŞ 120 METRE NET DUBLEKS DAİRE,standard,1,0,0,0,1,detail_and_title,0,,1316983599
En Üst Kat,Kartepe'de Satılık 3+1 Daire: Merkezi Konum YÜKSEK Krediye Uygun,none,0,0,0,0,0,none,0,,1326016592
,KOCAELI KARTEPE SATILIK ULTRA LÜKS 2+1 ARAKAT DAİRE,none,0,0,0,0,0,none,0,,1321828443
Dubleks,YAĞMURDAN F.S.M DE SATILIK 3+1 DUBLEKS DAİRE,standard,1,0,0,0,1,detail_and_title,0,,1317042616
Dubleks,GOLD HOUSE GM'DEN SATILIK ÇATI DUBLEX,standard,1,0,0,0,1,conflict_detail_wins,1,conflict detail=standard title=roof,1325285911
Dubleks,KARTEPE ERTUĞRUL GAZİ MAHALLESİNDE EĞİMSİZ DUBLEKS DAİRE,standard,1,0,0,0,1,detail_and_title,0,,1321686967
Çatı Dubleksi,Aslanbey Birlik sitesinde Oturuma hazır 4+2 çatı dubleks,roof,1,1,0,0,0,detail_and_title,0,,1314121867
Dubleks|En Üst Kat|Çatı Dubleksi,KARTEPE FSM'de SİTE İÇİ 3+1 SATILIK ÇATI KATI DUBLEKS DAİRE,roof,1,1,0,0,0,detail_and_title,0,title_generic_confirms_detail_subtype,1307738979
,KARTEPE FSM MAH DE SATILIK 3+1 ARAKAT MERKEZİ KONUMDA,none,0,0,0,0,0,none,0,,1311259059
,KOCAELİ KARTEPE'DE SATILIK DUBLEKS MESKEN,standard,1,0,0,0,1,title,0,,1228427503
,DUMLUPINARDA ASANSÖRLÜ 2+1 DUBLEKS FIRSATI,standard,1,0,0,0,1,title,0,,1322054751
,ALDIN ALDIN MUHTEŞEM LOKASYON D.PINARDA SATILIK 3+1LÜX DAİRE,none,0,0,0,0,0,none,0,,1328626682
,FIRSAT FİYATLI! FSM MAHALLESİNDE 2+1 ARAKAT KONFORLU DAİRE,none,0,0,0,0,0,none,0,,1310804238
,KARTEPE ERTUĞRULGAZİ | SATILIK 3+1 EĞİMSİZ DUBLEKS DAİRE |,standard,1,0,0,0,1,title,0,,1325661962
Dubleks|Çatı Dubleksi,ATAEVLER ÇOCUK OYUN PARKLI GÜVENLİ GENİŞ ÇATI DUBLEKS 2+1 DAİRE,roof,1,1,0,0,0,detail_and_title,0,,1310703561
Dubleks,ACİL SATILIK 2+1 İSTASYON MAHALLESİNDE DUBLEX,standard,1,0,0,0,1,detail_and_title,0,,1328170003
Dubleks,Kaçırılmayacak Fiyat! Merkezi Konumda 2+1 Dubleks Satılık,standard,1,0,0,0,1,detail_and_title,0,,1328354649
Çatı Dubleksi,Kent meydanında site içerisinde 3+1 dublex,roof,1,1,0,0,0,detail_and_title,0,title_generic_confirms_detail_subtype,1327789790
Çatı Dubleksi,KOCAELİ KARTEPE SARIMEŞE ÖZEL TASARIM TERASLI SATILIK 2+1 DAİRE,roof,1,1,0,0,0,detail,0,,1304052673
Çatı Dubleksi,ZERAY MAHAL KARTEPE TERASLI SATILIK 4+1,roof,1,1,0,0,0,detail,0,,1320399502
Bahçe Dubleksi,ZERAY ESİL KARTEPE BAHÇE DUBLEKS SATILIK FIRSAT 1+1 DAİRE,garden,1,0,1,0,0,detail_and_title,0,,1322000333
Dubleks|En Üst Kat|Çatı Dubleksi,ARAS'tan 17 AĞUSTOS'da KELEPİR MERKEZİ DUBLEKS,roof,1,1,0,0,0,detail_and_title,0,title_generic_confirms_detail_subtype,1315583440
Ara Kat,DEALLİFE GAYRİMENKUL'DEN İSTASYON MH. SATILIK 60m² TERASLI 3+1,none,0,0,0,0,0,none,0,,1328083880
Dubleks|En Üst Kat|Çatı Dubleksi,"KARTEPE KENT MEYDANI SİTEDE HAVUZLU,KAPALI OTOPARKLI 3+1 DUBLEKS",roof,1,1,0,0,0,detail_and_title,0,title_generic_confirms_detail_subtype,1303086976
,KARTEPE KENT MEYDANINDA SITE İÇERİSİNDE SATILIK 1+1,none,0,0,0,0,0,none,0,,1322787205
Çatı Dubleksi,Kartepe'de 4+1 Çatı Dubleks Satılık Daire (166m²),roof,1,1,0,0,0,detail_and_title,0,,1296511636
,KARTEPE DUMLUPINAR MAD DE SATILIK FIRSAT 2+1 DUBLEKS DAİRE,standard,1,0,0,0,1,title,0,,1327892743
,1.99 KREDİ FİNANS KURULUŞLARINA UYGUN GENİŞ MUTFAKLI 3+1 DAİRE,none,0,0,0,0,0,none,0,,1328082248
En Üst Kat|Çatı Dubleksi,KARTEPE NİŞANTAŞI SİTESİNDE SATILIK YATIRIMLIK 2+1 DUBLEKS,roof,1,1,0,0,0,detail_and_title,0,title_generic_confirms_detail_subtype,1324789912
Ara Kat,YATIRIMLIK DAİRE İSTEYENLERE FIRSAT 2+1 AMERİKAN MUTFAK ARA KAT,none,0,0,0,0,0,none,0,,1328060636
Dubleks|Ara Kat,KARTEPE MAŞUKİYE GATE 41 AVM'DE SATILIK 2+1 DUBLEKS DAİRE,standard,1,0,0,0,1,detail_and_title,0,,1231590334
,AVM İçinde Villa Tadında Satılık Teraslı Dubleks,standard,1,0,0,0,1,title,0,,1327716827
,KOCAELİ KARTEPE EMEKEVLER MAH SATILIK EŞYALI 2+1 DAİRE,none,0,0,0,0,0,none,0,,1325529958
Ara Kat Dubleks,ZERAY MAHAL SİTESİNDE HAVUZ CEPHELİ 1+1 DUBLEX SATILIK DAİRE,middle_floor,1,0,0,1,0,detail_and_title,0,title_generic_confirms_detail_subtype,1321950806
,ARS'DEN DUMLUPINARDA 3+1 DUBLEKS,standard,1,0,0,0,1,title,0,,1310765196
,Köseköy İstasyon'da Satılık 2+1 Sıfır Dubleks Daire,standard,1,0,0,0,1,title,0,,1316181928
,KARTEPE FSM'de SİTE İÇİ 2+1 SATILIK DAİRE,none,0,0,0,0,0,none,0,,1325920503
,KOCAELİ KARTEPE FSM SATILIK 2+1 DUBLEKS,standard,1,0,0,0,1,title,0,,1324598663
Dubleks,REMAX MYRA'DAN KARTEPE FSM'DE SİTE İÇİ SATILIK DUBLEKS 3+1 DAİRE,standard,1,0,0,0,1,detail_and_title,0,,1322212799
,ERTUĞRUL GAZİ MH SATILIK SİTE İÇERİSİNDE LÜKS DÜBLEX 1+1 DAİRE,standard,1,0,0,0,1,title,0,,1328021815
,YAĞMURDAN F.S.M DE SATILIK LÜKS 2+1 ARAKAT DAİRE,none,0,0,0,0,0,none,0,,1328235983
,KOCAELİ KARTEPE'DE SATILIK DUBLEKS MESKEN,standard,1,0,0,0,1,title,0,,1228415785
,FSM'DE BAHÇE KULLANIMLI 2+1 SATILIK DAİRE,none,0,0,0,0,0,none,0,,1304178147
,2+1 Dubles 105 m,none,0,0,0,0,0,none,0,,1321505018
Çatı Dubleksi,KARTEPE YELKENT VAHA'DA SATILIK 2+1 ÇATI DUBLEKS DAİRE,roof,1,1,0,0,0,detail_and_title,0,,1327532355
Çatı Dubleksi,GÖZEL GAYRİMENKULDEN KARTEPE F.SULTAN MEHMET MH.2+1 ÇATI DUBLEKS,roof,1,1,0,0,0,detail_and_title,0,,1310158581
Çatı Dubleksi,KARTEPE ERTUĞRULGAZİ MAHALLESİ'NDE SATILIK LÜKS 3+1 DUBLEKS,roof,1,1,0,0,0,detail_and_title,0,title_generic_confirms_detail_subtype,1327590702
Çatı Dubleksi,LUXORA`DAN KARTEPE FSM'DE SATILIK 3+1 122 M² ÇATI DUBLEKS DAİRE,roof,1,1,0,0,0,detail_and_title,0,,1316082386
Bahçe Dubleksi,"40 bin TL hazır kiracılı, eşyalı ,listing_portal 1,5+1 bahçe dubleks",garden,1,0,1,0,0,detail_and_title,0,,1300003671
Çatı Dubleksi,Köseköy'de sıfır dubleks daire satılık,roof,1,1,0,0,0,detail_and_title,0,title_generic_confirms_detail_subtype,1275994489
,İBRİKDERE MAH DE SATILIK 2+1 DUBLEKS,standard,1,0,0,0,1,title,0,,1318379140
Dubleks|Çatı Dubleksi,sarımeşe konaklarında manzaraları dublex,roof,1,1,0,0,0,detail_and_title,0,title_generic_confirms_detail_subtype,1255374724
Dubleks,Kocaeli Kartepe'de 4+1 225 m² Satılık Dubleks Daire,standard,1,0,0,0,1,detail_and_title,0,,1299347236
,KARTEPE FSM MAH DE SATILIK 4+1 DUBLEKS EMİN EVİME UYGUN,standard,1,0,0,0,1,title,0,,1325496071
Çatı Dubleksi,"Kartepe'de Manzaralı, Site İçinde 4+1 Çatı Dubleks Daire",roof,1,1,0,0,0,detail_and_title,0,,1307274363
Dubleks,KARTEPE ASLANBEY 2+1 SATILIK DUBLEKS AÇIK KAPALI HAVUZLU SİTEDE,standard,1,0,0,0,1,detail_and_title,0,,1327494370
Dubleks|En Üst Kat|Çatı Dubleksi,Kartepe'de Satılık 3+1 Dubleks Daire - Merkezi Konum,roof,1,1,0,0,0,detail_and_title,0,title_generic_confirms_detail_subtype,1324927484
Çatı Dubleksi,ÖZDİLEK AVM KARŞISI BUSE KENT SİTESİNDE 2+1 ÇATI DUBLEKS,roof,1,1,0,0,0,detail_and_title,0,,1324529316
Ters Dubleks,ATAEVLER TUANA SİTESİNDE 2+1SATILIK DUBLEX,standard,1,0,0,0,1,detail_and_title,0,,1321426834
Çatı Dubleksi,Kartepe Ertuğrulgazi'de Satılık 2+1 Çatı Dubleks Daire,roof,1,1,0,0,0,detail_and_title,0,,1321236288
Dubleks|En Üst Kat|Çatı Dubleksi,EMLAKÇIM41 KENT MEYDANINDA FIRSAT GÜZELLİKTE GENİŞ 4+1 DUBLEKS,roof,1,1,0,0,0,detail_and_title,0,title_generic_confirms_detail_subtype,1327441962
Çatı Dubleksi,Kartepe Derbent Stone Suites Sitesinde 4+1 Dubleks Daire,roof,1,1,0,0,0,detail_and_title,0,title_generic_confirms_detail_subtype,1327437311
Dubleks|En Üst Kat|Çatı Dubleksi,EMLAKÇIM41'DEN ATAEVLER'DE EBEVEYN BANYO × ASANSÖRLÜ 4+1 DUBLEKS,roof,1,1,0,0,0,detail_and_title,0,title_generic_confirms_detail_subtype,1327440043
,KARTEPE ATAEVLER EBEVEYN BANYOLU YERDEN ISITMALI 3+1 DUBLEKS,standard,1,0,0,0,1,title,0,,1316136873
,Kocaeli kartepe FSM 3 + 1 ara kat asansörlü satılık daire,none,0,0,0,0,0,none,0,,1325823620
Ara Kat,KARTEPE SAĞLIK KENT SİTESİNDE SATILIK 2+1 DAİRE,none,0,0,0,0,0,none,0,,1322543661
,KARTEPE ATAEVLERDE SATILIK 3+1 DUBLEKS,standard,1,0,0,0,1,title,0,,1299420282
Dubleks,Kartepe Ataevler Mahallesi'nde Satılık Lüks 2+1 Dubleks Daire,standard,1,0,0,0,1,detail_and_title,0,,1327528841
,EMINEVIM FUZULI EVIM VE SINIRSIZ KREDIYE UYGUN 3 + 1 DUBLEKS,standard,1,0,0,0,1,title,0,,1328075338
Çatı Dubleksi,Kocaeli Kartepe Satılık Site İçinde Çatı Dubleksi Daire Derbent,roof,1,1,0,0,0,detail_and_title,0,,1320865420
,YAĞMURDAN KARTEPE İSTASYON MAH. 2+1 DUBLEKS DAİRE,standard,1,0,0,0,1,title,0,,1296747244
Çatı Dubleksi,korhandan kent meydanı bahçeşehir koleji yanı 3+1 dublex,roof,1,1,0,0,0,detail_and_title,0,title_generic_confirms_detail_subtype,1293534534
,KARTEPE ATAEVLER'DE ASANSÖRLÜ SATILIK 3+1 ÇATI DUBLEKS,roof,1,1,0,0,0,title,0,,1321705201
,KARTEPE EMEKEVLER YÜKSEK KREDİYE UYGUN 2+1 SATILIK DUBLEKS DAİRE,standard,1,0,0,0,1,title,0,,1310146081
Dubleks,KARTEPE FSM MAH EĞİMSİZ SATILIK LÜKS 3+1 ÇATI DUBLEX,standard,1,0,0,0,1,conflict_detail_wins,1,conflict detail=standard title=roof,1327466114
,KARTEPE FSMDE AYRICALIKLI YAŞAM: 2+1 ÇATI DUBLEKS!,roof,1,1,0,0,0,title,0,,1310498272
Ara Kat,END'DEN 480 RESİDENCE SATILIK 2+1 120 M2 DAİRE,none,0,0,0,0,0,none,0,,1249716568
,HASANPAŞA MAHALLESİNDE FIRSAT SATILIK 3+1 DAİRE!,none,0,0,0,0,0,none,0,,1327959094
En Üst Kat|Çatı Dubleksi,Zeray Esil 3+1 Geniş Teras Dubleks,roof,1,1,0,0,0,detail_and_title,0,,1175694626
,listing_portal 3+1 çatı dubleks,roof,1,1,0,0,0,title,0,,1321125503
Çatı Dubleksi,ATAEVLER MAH 180 m2 SATILIK 4+1 ÇATI DUBLEKS DAİRE,roof,1,1,0,0,0,detail_and_title,0,,1320979196
Dubleks|En Üst Kat|Çatı Dubleksi,KARTEPE KENT MERKEZİNDE SİTE İÇERİSİNDE SATILIK 3+1 ÇATI DUBLEKS,roof,1,1,0,0,0,detail_and_title,0,,1282313438
Çatı Dubleksi,KARTEPEDE SİTE İÇİ 5+1 (250 M²) ÇATI DUBLEX,roof,1,1,0,0,0,detail_and_title,0,,1293022274
,Kocaeli Kartepe Acısu merkezde 4 katlı 6 daire 6 dükkan,none,0,0,0,0,0,none,0,,1286535074
En Üst Kat,SAHİBİNDEN KARTEPE F.S.M.'DE HAVUZLU LÜKS 3+1 DAİRE!,none,0,0,0,0,0,none,0,,1320945619
Kat Dubleksi,GATE41 MAŞUKİYE Projesi 2+1 140m2 Balkonlu Satılık Daire,standard,1,0,0,0,1,detail,0,,1180563909
Dubleks,KOCAELİ KARTEPE ATAEVLER'DE SATILIK 3.5+1 ÇATI DUBLEKS DAİRE,standard,1,0,0,0,1,conflict_detail_wins,1,conflict detail=standard title=roof,1321080172
Çatı Dubleksi,GÖZEL GAYRİMENKULDEN KARTEPE ATAEVLER MH.120 M2 2+1 ÇATI DUBLEKS,roof,1,1,0,0,0,detail_and_title,0,,1305040233
Dubleks,KARTEPE UZUNÇİFTLİK MAH.DEĞER KAZANAN BÖLGEDE SATILIK 2+1 DUBLEX,standard,1,0,0,0,1,detail_and_title,0,,1327097565
,KARTEPE EMEKEVLER MAH SATILIK YÜKSEK GİRİŞ,none,0,0,0,0,0,none,0,,1325105196
Dubleks|En Üst Kat|Çatı Dubleksi,Kartepe Dumlupinar'da Merkezi konum Sıfır 3+1 Dubleks Daire,roof,1,1,0,0,0,detail_and_title,0,title_generic_confirms_detail_subtype,1324775011
,VİLLA TADIN DA MÜSTAKİL BAHÇELİ MERKEZİ KONUMDA 4+1 Dubleks,standard,1,0,0,0,1,title,0,,1315505473
,NEOSTAN FSM DE DEMOKRASİ CADESİN DE EĞİMSİZ 3+1 DUBLEKS,standard,1,0,0,0,1,title,0,,1178096986
,KARTEPE ATAEVLER ADESA SİTESİNDE151mkare3+1 ARAKAT SATILIK DAİRE,none,0,0,0,0,0,none,0,,1326975350
Çatı Dubleksi,KARTEPE MERIDYEN SITESI SATILIK 3+1 DUBLEKS DAIRE,roof,1,1,0,0,0,detail_and_title,0,title_generic_confirms_detail_subtype,1326956255
,KARTEPE ATAEVLER 3+1 DUBLEX SATILIK DAİRE,standard,1,0,0,0,1,title,0,,1320992236
Dubleks|En Üst Kat|Çatı Dubleksi,"Kartepe'de Havuzlu, Teraslı 3+1 Dubleks Daire Yüksek Kredili",roof,1,1,0,0,0,detail_and_title,0,title_generic_confirms_detail_subtype,1328467964
En Üst Kat,KARTEPE FATİH SULTAN MEHMET MH'DE HAVUZLU SİTEDE 2+1 DAİRE,none,0,0,0,0,0,none,0,,1316954441
,SATILIK 4+1 DUBLEKS DAİRE-170 m²-KARTEPE FATİH SULTAN MEHMET MH.,standard,1,0,0,0,1,title,0,,1309456822
,KARTEPE BAHÇELİEVLERDE MERKEZİ KONUMDA LÜKS 2+1 DUBLEKS DAİRE,standard,1,0,0,0,1,title,0,,1315358203
Çatı Dubleksi,PALAS Dan FSM de 3+1 Dublex Sıfır Daire,roof,1,1,0,0,0,detail_and_title,0,title_generic_confirms_detail_subtype,1327279243
,KARTEPE FORUM ANATOLIA SİTESİ'NDE DUBLEKS DAİRE (DL-147),standard,1,0,0,0,1,title,0,,1298054475
Ara Kat,FSM MAHALLESİNDE BUTİK SİTEDE LÜX 3+1 ARAKAT,none,0,0,0,0,0,none,0,,1328173321
Çatı Dubleksi,VAHA KARTEPE'DE 3+1 SATILIK ÇATI DUBLEKS DAİRE,roof,1,1,0,0,0,detail_and_title,0,,1235697002
Çatı Dubleksi,REMAX EXCELLENCE/ KARTEPE FSM'DE SATILIK 3+1 ÇATI DUBLEKS DAİRE,roof,1,1,0,0,0,detail_and_title,0,,1321371533
,KREDİYE EMNEVİME UYGUN BÜYÜK TERASLI 3+1 EĞMSİZ DUBLEKS SATILIK,standard,1,0,0,0,1,title,0,,1327492005
Dubleks,Satılık 3+1 Eğimli Çatı Dubleks Daire,standard,1,0,0,0,1,conflict_detail_wins,1,conflict detail=standard title=roof,1315511480
Çatı Dubleksi,Son hafta SATILIK 4+1 ÇATI DUBLEKS 140 m2 KARTEPE ATAEVLER,roof,1,1,0,0,0,detail_and_title,0,,1298430182
Çatı Dubleksi,VAHA KARTEPE'DE 2+1 SATILIK ÇATI DUBLEKS DAİRE,roof,1,1,0,0,0,detail_and_title,0,,1218114190
Dubleks,EVKAPTAN SAPANCA'DA 3+1 DUBLEX DAİRE!,standard,1,0,0,0,1,detail_and_title,0,,1315334346
,ALDIN ALDIN FIRSAT SATILIK 3+1LÜX DUBLEX EBEVEYN BANYOLU,standard,1,0,0,0,1,title,0,,1316245188
,"DEALLİFE'DEN, FSM'DE,2+1 120 M2 EBEVEYN BANYOLU ÇATI DUBLEKS",roof,1,1,0,0,0,title,0,,1328267118
,Kocaeli kartepe FSM 2 + 1 satılık ara kat,none,0,0,0,0,0,none,0,,1328240533
Dubleks|Bahçe Dubleksi,REMAX HEDEFTEN KOCAELİ KARTEPE DERBENT'TE SATILIK 3+1 DUBLEX,garden,1,0,1,0,0,detail_and_title,0,title_generic_confirms_detail_subtype,1295547101
Dubleks,2+1 HAVUZLU SİTEDE SATILIK DUBLEKS DAİRE,standard,1,0,0,0,1,detail_and_title,0,,1327142353
Dubleks,KARTEPE ISTASYONDA 3+1 DUBLEX SATILIK DAIRE,standard,1,0,0,0,1,detail_and_title,0,,1307695170
,TAPUBANK' tan Satılık 2+1 Dubleks Daire Kolej Yolu Üzeri,standard,1,0,0,0,1,title,0,,1314498314
,"Geniş 1,5 + 1 bahçe dubleks giyinme odalı kahve köşeli",garden,1,0,1,0,0,title,0,,1319841863
Çatı Dubleksi,"GİRİŞ KAT FİYATİNA ,DUBLEKS. SALON 30,YATAK ODASİ 20 METREKARE",roof,1,1,0,0,0,detail_and_title,0,title_generic_confirms_detail_subtype,1220490182
,KARTEPE/KÖSEKÖY SATILIK 4+1 DUBLEKS GENİŞ TEMİZ DAİRE,standard,1,0,0,0,1,title,0,,1319685254
Dubleks,BÜYÜK TERAS VE ULTRA GENİŞ DAİRE İSTEYENLERE 3+1 DUBLEX,standard,1,0,0,0,1,detail_and_title,0,,1319831729
,SOR TÜRKİYE'DEN TEPECİK'TE 1+1 DUBLEX SIFIR DAİRE,standard,1,0,0,0,1,title,0,,1286296166
Ters Dubleks,İLK SAHİBİNDEN ATAEVLER DE 380M2 TERS DUBLEKS,standard,1,0,0,0,1,detail_and_title,0,,1326242515
,VİZYON'DAN MAKUL 2+1 DUBLEKS,standard,1,0,0,0,1,title,0,,1326283769
,SİTE İÇERİSİNDE 2+1 DUBLEKS GENİŞ SATILIK DAİRE EĞİMSİZ,standard,1,0,0,0,1,title,0,,1326739434
,İSTASYON MAHALLESI'NE 2 + 1 LÜKS DUBLEKS,standard,1,0,0,0,1,title,0,,1326572938
Çatı Dubleksi,MRŞ İNŞAAT GÜVENCESİYLE EXEN 2 PROJESİNDE ÇATI DUBLEKSİ,roof,1,1,0,0,0,detail_and_title,0,,1273404429
,KARTEPE EMEKEVLER DE SIFIR 2+1 DUBLEX FIRSAT DAİRE,standard,1,0,0,0,1,title,0,,1309000961
,EKOMAXDAN SINIRSIZ KREDİ ASANSÖRÜ SİTE İÇİ 4+1 EĞİMSİZ DUBLEKS,standard,1,0,0,0,1,title,0,,1320955553
Çatı Dubleksi,ONUR EMLAKTAN KARTEPE KONAKLARI 2 ETAPTA 2+1 ÇATI DUBLEKS,roof,1,1,0,0,0,detail_and_title,0,,1326134294
Dubleks,GW SATILIK 3+1 160 M2 DUBLEKS DAİRE ATAEVLER,standard,1,0,0,0,1,detail_and_title,0,,1314409967
Çatı Dubleksi,"Kartepe FSM Mah.de 2+1Dubleks,85 m²Net,109 m² Arsa Paylı Fırsat",roof,1,1,0,0,0,detail,0,,1309010293
Çatı Dubleksi,KÖSEKÖY İSTASYON MAH 3+1 ÇATI DUBLEKSİ FIRSATI,roof,1,1,0,0,0,detail_and_title,0,,1319934238
Ara Kat,KARTEPE FSM DE EMAR DELUX SATILIK 3+1 ÇATI DUBLEKS DAİRE,roof,1,1,0,0,0,title,0,,1326789063
,Kartepe Ertuğrulgazi Mahallesi Satılık 3+1 Çatı Dubleks,roof,1,1,0,0,0,title,0,,1288422155
Dubleks,KARTEPE MAŞUKİYE GATE41 AVM'DE SATILIK SIFIR 3+1 DUBLEKS DAİRE,standard,1,0,0,0,1,detail_and_title,0,,1326022367
Bahçe Dubleksi,KARTEPE FSM MAH. HAVUZLU SİTEDE 70 M2 ÖZEL BAHÇELİ 4+1 DUBLEKS,garden,1,0,1,0,0,detail_and_title,0,title_generic_confirms_detail_subtype,1314729417
Dubleks|En Üst Kat|Çatı Dubleksi,FATİH SULTAN MEHMET MAHALLESİ GENİŞ 2+1 DUBLEKS DAİRE!,roof,1,1,0,0,0,detail_and_title,0,title_generic_confirms_detail_subtype,1302919064
,DEALLİFE'DAN ERTUĞRULGAZİ'DE EĞİMSİZ DUBLEKS 2+1 DAİRE,standard,1,0,0,0,1,title,0,,1325931816
,satılık çatı dubleks,roof,1,1,0,0,0,title,0,,1325878871
Dubleks,KARTEPE ATAEVLERDE 3+1 EĞİMSİZ DUBLEKS SATILIK DAİRELER,standard,1,0,0,0,1,detail_and_title,0,,1320183256
Ara Kat|Çatı Dubleksi,KARTEPE EMEKEVLER TWINLIFETA SATILIK EĞİMSİZ 4+1 ÇATI DUBLEKS,roof,1,1,0,0,0,detail_and_title,0,,1308759051
Dubleks,KARTEPE KENT M HAVUZLU SİTE İÇİNDE 2+1 110 M2 DUBLEKS DAİRE,standard,1,0,0,0,1,detail_and_title,0,,1320569733
Çatı Dubleksi,Kartepe Kardelen Sitesi'nde Eşyalı Satılık 4+1 dubleks daire,roof,1,1,0,0,0,detail_and_title,0,title_generic_confirms_detail_subtype,1325788696
Dubleks,FSM MAHALLESİ'NDE LÜKS SİTE İÇERİSİNDE SATILIK 3+1 DUBLEX,standard,1,0,0,0,1,detail_and_title,0,,1327302044
Çatı Dubleksi,KARTEPE ERTUĞRUL GAZİ'DE 3+1 SATILIK ÇATI DUBLEKS DAİRE,roof,1,1,0,0,0,detail_and_title,0,,1308547700
,KARTEPE ATAEVLER MAHALLESİNDE SATILIK 2+1 DUBLEKS FIRSAT DAİRE,standard,1,0,0,0,1,title,0,,1313429870
,NAF GAYRİMENKULDEN SATILIK 3+1 DUBLEKS 160 M2,standard,1,0,0,0,1,title,0,,1325292381
,"Kartepe FSM'de Yatırıma Uygun, Lüks Tasarımlı 3+1 Dubleks",standard,1,0,0,0,1,title,0,,1312868995
Çatı Dubleksi,KARTEPE FSM'DE SATILIK EĞİMSİZ 3+1 ÇATI DUBLEKS DAİRE,roof,1,1,0,0,0,detail_and_title,0,,1319554783
,KARTEPE KENT MEYDANINDA SİTE İÇERİSİNDESATILIK 2+1 YÜKSEK GİRİŞ,none,0,0,0,0,0,none,0,,1325662296
,KARTEPE KENT MEYDANINDA SİTE İÇERİSİNDE SATILIK 3+1 YÜKSEK GİRİŞ,none,0,0,0,0,0,none,0,,1325650059
Çatı Dubleksi,Atlas emlak Kartepe Satılık Zeray Mahallde çatı Dublex Daire,roof,1,1,0,0,0,detail_and_title,0,,1230453672
,REMAX DREAMDEN KARTEPE İSTASYON.MAH.SATILIK 2+1 DUBLEKS DAİRE,standard,1,0,0,0,1,title,0,,1325546623
Dubleks,BAKİ EMLAK'TAN TERASLI GENİŞ SIFIR 3+1 SATILIK DUBLEKS DAİRE,standard,1,0,0,0,1,detail_and_title,0,,1307120914
Dubleks|En Üst Kat|Çatı Dubleksi,"KENTMEYDANI SİTEİÇİ OTOPARKLI, HAVUZLU, ASANSÖRLÜ 3+1 Ç. DUBLEKS",roof,1,1,0,0,0,detail_and_title,0,title_generic_confirms_detail_subtype,1303080309
Çatı Dubleksi,FIRSAT 2+1 DUBLEX ASANSÖRLÜ UYGUN FİYAT,roof,1,1,0,0,0,detail_and_title,0,title_generic_confirms_detail_subtype,1325911526
Dubleks,HİRA EMLAK AYRICALIĞIYLA KARTEPE SARIMEŞE'DE 3+1 DUBLEKS,standard,1,0,0,0,1,detail_and_title,0,,1307648346
Çatı Dubleksi,ListingPortal Ataevlerde Krediye uygun 2+1 Bağımsız Mutfak Daire,roof,1,1,0,0,0,detail,0,,1324744149
Çatı Dubleksi,ListingPortal Köseköy Mah Dubleks 2+1 Sıfır Daire,roof,1,1,0,0,0,detail_and_title,0,title_generic_confirms_detail_subtype,1325365495
Çatı Dubleksi,KARTEPE FATİH SULTAN MEHMET MAH. 3+1 SATILIK ÇATI DUBLEKS DAİRE,roof,1,1,0,0,0,detail_and_title,0,,1325378316
Dubleks|En Üst Kat|Ara Kat,Ataevler'de geniş teraslı önü açık 2+1 dubleks daire,standard,1,0,0,0,1,detail_and_title,0,,1312048023
,Aras Gayrimenkulden Ertuğrul Gazide Fırsat 3+1 Dubleks,standard,1,0,0,0,1,title,0,,1325536633
Çatı Dubleksi,DERBENT MH SİTE İÇİ HAVUZLU 3+1 DUBLEKS SATILIK DAİRE,roof,1,1,0,0,0,detail_and_title,0,title_generic_confirms_detail_subtype,1308385286
,ZERAY MAHAL'de SATILIK 3+1 DUBLEKS DAİRE,standard,1,0,0,0,1,title,0,,1318198562
En Üst Kat,KARTEPE ZERAY MAHAL'DE SATILIK 3+1 LÜKS DUBLEKS DAİRE,standard,1,0,0,0,1,title,0,,1313688803
Çatı Dubleksi,PRY DEN KOCAELİ KARTEPE'DE 2+1 KAT DUBLEKSİ.EMLAK KOMİSYONU YOK,roof,1,1,0,0,0,detail_and_title,0,title_generic_confirms_detail_subtype,1325299227
,ERTUĞRULGAZİ MAH OTURUMA HAZIR 2+1 GENİŞ ŞIK SATILIK DAİRE,none,0,0,0,0,0,none,0,,1325954306
,EKOMAXTAN EMEKEVLER DEN SATILIK 2+1 DUBLEKS,standard,1,0,0,0,1,title,0,,1312541984
Çatı Dubleksi,KARTEPE FATİH SULTAN MEHMET MAH. SATILIK 3+1 ÇATI DUBLEKS,roof,1,1,0,0,0,detail_and_title,0,,1325785833
Ara Kat,İBRİKDERE MAH SATILIK 2+1 90M2 ARAKAT,none,0,0,0,0,0,none,0,,1325167766
Ara Kat,DEALLİFE'dan FSM'de KÖŞE PARSEL YOLA CEPHELİ 2+1 ARA KAT FIRSAT,none,0,0,0,0,0,none,0,,1321987491
Çatı Dubleksi,ÇOK ÇOK ACİL!!! FSM'DE TAMAMI KREDİYE UYGUN 3 CEPHELİ 4+1 DUBLEX,roof,1,1,0,0,0,detail_and_title,0,title_generic_confirms_detail_subtype,1325329152
Çatı Dubleksi,Turyap'tan Kartepe Ritim Sitesin'de Satılık 3+1 Büyük Daireler,roof,1,1,0,0,0,detail,0,,1325146675
Dubleks|Çatı Dubleksi,Atlas Emlak Kartepe Satılık Zeray Mahall de Çatı Dublex Daire,roof,1,1,0,0,0,detail_and_title,0,,1230460110
,EKOMAX'DAN E.GAZİ ASANSRLÜ HAVZLU SİTE İÇİ 3+1 LÜKS DUBLKS,none,0,0,0,0,0,none,0,,1326313339
Dubleks,"KARTEPE İBRİKDERE'DE İSKANLI, LÜKS 2+1 GENİŞ DAİRE",standard,1,0,0,0,1,detail,0,,1313547884
,BAHÇELİEVLERDE KAÇIRILMAYACAK 2+1 ARAKAT DAİRE!,none,0,0,0,0,0,none,0,,1313777583
,"VİZYON'DAN MASRAFSIZ, EKSTRALI, YAPILI 4+1",none,0,0,0,0,0,none,0,,1325089035
Dubleks,KUMSAL EMLAKTAN EMEKEVLER MEVKİ SATILIK YENİ DAİRE,standard,1,0,0,0,1,detail,0,,1325069399
Çatı Dubleksi,FIRSAT 3+1 SIFIR DUBLEKS DAİRE,roof,1,1,0,0,0,detail_and_title,0,title_generic_confirms_detail_subtype,1325071788
,77favoriye; 27.06 sonrası emlak ofisine devredilecek.ListingPortal.,none,0,0,0,0,0,none,0,,1325063471
Çatı Dubleksi,TURYAP PALASTAN KARTEPE KONAKLARI 2 DE SATILIK 2+1 ÇATI DUBLEKS,roof,1,1,0,0,0,detail_and_title,0,,1325844704
,KARTEPE UZUNÇİFTLİK'TE 2+1 GİRİŞ KAT DAİRE (EMİNEVİM'E UYGUN),none,0,0,0,0,0,none,0,,1307805825
Dubleks,KARTEPE ATAEVLER'DE SİTE İÇERİSİNDE 3+1SATILIK DUBLEKS DAİRE,standard,1,0,0,0,1,detail_and_title,0,,1325201908
,KARTEPE/ATAEVLER SATILIK 3+1 DUBLEKS 145M2 GENİŞ DAİRE,standard,1,0,0,0,1,title,0,,1325609484
Ara Kat,"KENT MEYDANIN'DA YERDEN ISITMALI, ÇİFT BANYOLU FIRSAT ARA KAT",none,0,0,0,0,0,none,0,,1302289818
,Kartepe Sarımeşe' de Sıfır 2+1 Satılık,none,0,0,0,0,0,none,0,,1279073876
Dubleks,"EMİN EVİM,FUZUL,KATILIM EVİME UYGUN 2+1 DUBLEX DAİREMİZ",standard,1,0,0,0,1,detail_and_title,0,,1306232112
Dubleks|En Üst Kat|Çatı Dubleksi,FATİH SULTAN MEHMET MAHALLESİNDE SATILIK GENİŞ 3+1 DUBLEKS,roof,1,1,0,0,0,detail_and_title,0,title_generic_confirms_detail_subtype,1325720773
Dubleks,"KARTEPE İBRİKDERE'DE İSKANLI, LÜKS 2+1 GENİŞ DAİRE",standard,1,0,0,0,1,detail,0,,1313488083
Bahçe Dubleksi,Atlas Emlak Kartepe Satılık Zeray Mahall Bahçe katı Daire,garden,1,0,1,0,0,detail,0,,1230463681
Ara Kat,REMAX DREAM'DEN ZERAY MAHAL'DE ARAKAT SATILIK 1+1 DAİRE,none,0,0,0,0,0,none,0,,1264254839
Çatı Dubleksi,KARTEPEDE SİTE İÇİ MASRAFSIZ NET 160M² GENİŞ 4+1 ÇATI DUBLEKS,roof,1,1,0,0,0,detail_and_title,0,,1325484722
Dubleks,VİZYON'DAN HAVUZLU BETON TAVAN LÜKS DUBLEKS,standard,1,0,0,0,1,detail_and_title,0,,1324892506
,ALDIN ALDIN FSM MAHDE SATILIK 2+1 LÜX YÜKSEK GİRİŞ DAİRE,none,0,0,0,0,0,none,0,,1326417352
,YAĞMURDAN KARTEPE F.S.M DE 3+1 EĞİMSİZ ASANSÖRLÜ DUBLEKS DAİRE,standard,1,0,0,0,1,title,0,,1325635127
Dubleks,KARTEPE ATAEVLER MH. 3+1 DUBLEKS GENİŞ SATILIK DAİRE,standard,1,0,0,0,1,detail_and_title,0,,1325369239
Ara Kat,KOCAELİ KARTEPE EMEKEVLER MAH SATILIK 2+1 ARA KAT SIFIR,none,0,0,0,0,0,none,0,,1324999821
Bahçe Dubleksi,KARTEPE MANZARALI ÖNÜ KAPANMAZ OLDUKÇA BÜYÜK BAHÇE DUBLEKS 3+1,garden,1,0,1,0,0,detail_and_title,0,,1325958481
,ZERAY EFFECT KARTEPE SATILIK ARA KAT 3+1,none,0,0,0,0,0,none,0,,1317031991
,Kocaeli kartepe FSM3+1 satılık dubleks,standard,1,0,0,0,1,title,0,,1327718965
,ATAEVLER MAH GENİŞ KULANIŞLI 2+1 ÇATI DUBLEKS ALICISINI BEKLER,roof,1,1,0,0,0,title,0,,1319692003
,KARTEPE FSM 2+1 ZEMİN KAT DAİRE I İSKANLI I LÜKS I KELEPİR,none,0,0,0,0,0,none,0,,1308146289
,ERTUĞRUL GAZİ MAH. SATILIK KULLANIŞLI 2+1 GİRİŞ KAT DAİRE,none,0,0,0,0,0,none,0,,1311142724
Ara Kat,KARTEPE FATİH SULTAN MEHMET MAH 3+1 ARAKAT SATILIK DAİRE,none,0,0,0,0,0,none,0,,1313425896
Dubleks|En Üst Kat|Çatı Dubleksi,KARTEPE FSM GENIŞ TERASLI SİTEİÇİ 3+1 SIFIR DUBLEKS,roof,1,1,0,0,0,detail_and_title,0,title_generic_confirms_detail_subtype,1327649156
,"Kartepe'de Sıfır, Müstakil tadında, Merkezi Konumda Satılık",none,0,0,0,0,0,none,0,,1327613238
Dubleks|En Üst Kat|Çatı Dubleksi,Kartepe'de Havuzlu Site İçinde Teraslı 2+1 Dubleks Daire,roof,1,1,0,0,0,detail_and_title,0,title_generic_confirms_detail_subtype,1327622385
Çatı Dubleksi,MERKEZİ KONUMDA DAİRE,roof,1,1,0,0,0,detail,0,,1324671855
Çatı Dubleksi,ATAEVLER MH 2+1 DUBLEKS SATILIK DAİRE,roof,1,1,0,0,0,detail_and_title,0,title_generic_confirms_detail_subtype,1325368092
,ATAEVLER MAH FIRSAT 2+1 EĞİMSİZ DUBLEX,standard,1,0,0,0,1,title,0,,1325152451
,BAHÇELİ KAPALI OTOPARKLI ASANSÖRLÜ SIFIR BAHÇE DUBLEKSİ,garden,1,0,1,0,0,title,0,,1300629872
Çatı Dubleksi,KW ARVEN'DEN KARTEPE FSM'DE SATILIK 2+1 DUBLEKS DAİRE,roof,1,1,0,0,0,detail_and_title,0,title_generic_confirms_detail_subtype,1324788718
Çatı Dubleksi,KARTEPE FATİH SULTAN MEHMET DE SATILIK 3+1 DUBLEKS DAİRE,roof,1,1,0,0,0,detail_and_title,0,title_generic_confirms_detail_subtype,1321454134
Ara Kat,Kartepe FSM Mahallesinde 2+1 Ara kat Daire,none,0,0,0,0,0,none,0,,1318910574
,Ç&K DANIŞMANLIK KARTEPE SATILIK 4+1 FIRSAT DUBLEX !!!!,standard,1,0,0,0,1,title,0,,1313074541
Ara Kat,SOR TÜRKİYE'DEN TEPECİK'TE 2+1 SIFIR ARAKAT DAİRE,none,0,0,0,0,0,none,0,,1285527852
,FSM de MERKEZİ KONUMDA 2+1 DUBLEX SATILIK DAİRE,standard,1,0,0,0,1,title,0,,1260898296
,BUTİK SİTE İÇİ 170m² GENİŞ MUTFAK ASANSÖR EBEVEYN BANYOLU 3+1,none,0,0,0,0,0,none,0,,1315037900
,EKOMAX'DAN KARTPE FSM. MAH. HAVZLU ASANSLÜ SİTE İÇİ 3+1 DUBLEKS,standard,1,0,0,0,1,title,0,,1326220476
,FATİH SULTAN MEHMET MH'de FIRSAT 2+1 YÜKSEK GİRİŞ DAİRE,none,0,0,0,0,0,none,0,,1328362857
Dubleks|En Üst Kat|Çatı Dubleksi,EMLAKÇIM41'DEN KÖSEKÖY MAH.'DE HARİKA KONUMDA FERAH 2+1 DUBLEKS,roof,1,1,0,0,0,detail_and_title,0,title_generic_confirms_detail_subtype,1324464506
Çatı Dubleksi,KÖSEKÖY DUMLUPINAR'DA SATILIK KULLANIŞLI ÇATI DUBLEKS,roof,1,1,0,0,0,detail_and_title,0,,1324457761
,ATAEVLER MAH A KALİTE 2+1 YÜKSEK GİRİŞ YÜKSEK KREDİ İMKANI,none,0,0,0,0,0,none,0,,1325363951
Ara Kat,KARTEPE KENT MEYDANINDA SİTE İÇERİSİNDE SATILIK ARAKAT 2+1 DAİRE,none,0,0,0,0,0,none,0,,1328278648
,Aras Gayrimenkulden FSM'de Site İçinde 3+1 Dubleks,standard,1,0,0,0,1,title,0,,1325500355
,Halk Bankası'ndan Kocaeli Kartepe Satılık Konut,none,0,0,0,0,0,none,0,,1325272965
,FİNANS KURULUŞLARINA UYGUN 1.99 KREDİ SATILIK 3+1 ARA KAT DAİRE,none,0,0,0,0,0,none,0,,1326338398
,SIFIR 2+1 BAHÇE DUBLEKS,garden,1,0,1,0,0,title,0,,1300212479
Bahçe Dubleksi,GÖLCÜK DE FIRSAT DAİRESİ BAHÇE DUBLEX ÖZEL FİYAT SATLIK,garden,1,0,1,0,0,detail_and_title,0,,1300318125
Dubleks|Çatı Dubleksi,CB ENVOY'dan GÖLCÜK MERKEZİ KONUMDA 2+1 ÇATI DUBLEKS DAİRE,roof,1,1,0,0,0,detail_and_title,0,,1310084372
Çatı Dubleksi,"Gölcük Şehitler'de Deniz Manzaralı, Sıfır 3+1 Çatı Dubleksi",roof,1,1,0,0,0,detail_and_title,0,,1301145624
Dubleks|Ters Dubleks,CB ENVOY'dan GÖLCÜK MERKEZİ KONUMDA 3+1 GİRİŞ KAT DUBLEKS DAİRE,standard,1,0,0,0,1,detail_and_title,0,,1310068798
Bahçe Dubleksi,Gölcük Şehitler'de 3+1 / 170 M² Bahçe Dubleksi: Ebeveyn Banyolu,garden,1,0,1,0,0,detail_and_title,0,,1301053231
Ara Kat,Satılık Daire,none,0,0,0,0,0,none,0,,1330302178
,ENKA G.Y.O 'DAN REZİDANS TİPİ 2+1 SIFIR ARAKAT DAİRE,none,0,0,0,0,0,none,0,,1329697630
En Üst Kat,Değirmendere'de Havuzlu Sitede Satılık Çatı Dubleks 3+1 Daire,roof,1,1,0,0,0,title,0,,1312853935
Çatı Dubleksi,Gölcük Çiftlik Mahallesi'nde Satılık 4+1 Çatı Dubleks,roof,1,1,0,0,0,detail_and_title,0,,1330286305
,DEĞİRMENDERE MERKEZDE DENİZ MANZARALI GİRİŞ KAT 3+1,none,0,0,0,0,0,none,0,,1177164879
Bahçe Dubleksi,Topçular Mahallesinde Fırsat 4+1 Bahçe Dubleks,garden,1,0,1,0,0,detail_and_title,0,,1330277378
Çatı Dubleksi,DEĞİRMENDERE TOPÇULARDA 3+1 MUHTEŞEM FIRSAT DUBLEX,roof,1,1,0,0,0,detail_and_title,0,title_generic_confirms_detail_subtype,1304293194
Çatı Dubleksi,GÖLCÜKTE 3+1 DUBLEKS TERASLI DAİRE FIRSATI !!!,roof,1,1,0,0,0,detail_and_title,0,title_generic_confirms_detail_subtype,1271894071
,DEĞİRMENDERENİN GÖZDE LOKASYONUNDA 2+1 SATILIK DUBLEKS,standard,1,0,0,0,1,title,0,,1330243433
Ara Kat,Kentsel Dönüşüm Projesinde Fırsat Kupon Daire,none,0,0,0,0,0,none,0,,1330223842
Çatı Dubleksi,Remax Çakra'dan Gölcük Şehitler Mah. Asansörlü 4+1 Çatı Dubleks,roof,1,1,0,0,0,detail_and_title,0,,1312915557
,REMAX NATURAL'DEN PİYALEPAŞA'DA 3+1 BAHÇE DUBLEKS,garden,1,0,1,0,0,title,0,,1301755565
Çatı Dubleksi,TOPÇULAR MH. SIFIR - EBEVENY BANYOLU - 3+1 ÇATI DUBLEKS,roof,1,1,0,0,0,detail_and_title,0,,1318211728
Çatı Dubleksi,GÖLCÜK ŞİRİNKÖYDE DOĞA VE ŞEHİR KONFORUNDA 3+1 SATILIK DUBLEKS,roof,1,1,0,0,0,detail_and_title,0,title_generic_confirms_detail_subtype,1323110072
Çatı Dubleksi,DEGİRMENDERE ATATÜRK MAHALLESİ LÜKS 3+1 ÇATI DUBLEKS,roof,1,1,0,0,0,detail_and_title,0,,1330145996
,TÜM GÖLCÜK'TE 1220 SATILIK DAİRE İÇİNDE EN UYGUN FİYAT 2+1,none,0,0,0,0,0,none,0,,1330128647
,MERKEZ EMLAKTAN SATILIK FULL DENİZ MANZARALI 3+1 ÇATI DUBLEKS,roof,1,1,0,0,0,title,0,,1324249983
Bahçe Dubleksi|Ters Dubleks,Satılık bahçe dubleks,garden,1,0,1,0,0,detail_and_title,0,,1330121465
Bahçe Dubleksi,SES YALITIMIYLA FARK YARATAN 153 m² LÜKS BAHÇE DUBLEKS,garden,1,0,1,0,0,detail_and_title,0,,1330097058
Ara Kat,ŞİRİNKÖY'DE EMSALLERİNDEN BÜYÜK FERAH VE GENİŞ 1+1 SATILIK DAİRE,none,0,0,0,0,0,none,0,,1330092572
Çatı Dubleksi,ARADIĞINIZ KONFOR BURADA EĞİMSİZ 3+1 ÇATI DUBLEKS,roof,1,1,0,0,0,detail_and_title,0,,1321126683
Dubleks|Çatı Dubleksi,Tanta Emlak'tan Donanmada Manzaralı SATILIK 4+1 Çatı Dubleks,roof,1,1,0,0,0,detail_and_title,0,,1311012695
Ara Kat,MERKEZ EMLAK GÜVENCESİ İLE - PİYALEPAŞA'DA SATILIK 2+1 ARAKAT,none,0,0,0,0,0,none,0,,1330030897
Ara Kat,DEĞİRMENDERE GÜZEL KONUMDA YATIRIM FIRSATI 2+1 ARA KAT,none,0,0,0,0,0,none,0,,1330029830
Dubleks,GÖLCÜK ŞEHİTLERDE FUL DENİZ MANZARALI DUBLEX,standard,1,0,0,0,1,detail_and_title,0,,1320721801
Bahçe Dubleksi,TOPÇULAR MH. SIFIR - BAHÇE KULLANIM ALANI OLAN 3+1 DUBLEKS,garden,1,0,1,0,0,detail_and_title,0,title_generic_confirms_detail_subtype,1318207391
Çatı Dubleksi,Gölcük Kavaklı'da Sıfır 2+1 Çatı Dubleks,roof,1,1,0,0,0,detail_and_title,0,,1320906591
,ÇİFTLİK MAHALLESIN'DE YÜKSEK GİRİŞ 3+1 SATILIK DAİRE,none,0,0,0,0,0,none,0,,1329962841
En Üst Kat,SAHİBİNDEN SATILIK DAİRE,none,0,0,0,0,0,none,0,,1329953169
Çatı Dubleksi,GÖLCÜK ŞİRİNKÖY SATILIK 3+1 ÇATI DUBLEX DAİRE,roof,1,1,0,0,0,detail_and_title,0,,1329912971
Ara Kat,Harun Arslan Gayrimenkulden Satılık Daire,none,0,0,0,0,0,none,0,,1329869207
,Değirmendere Atatürk Mah. SATILIK Geniş 3+1 Bahçe Katı,none,0,0,0,0,0,none,0,,1329876881
Ters Dubleks,Gölcük Donanma Mahallesinde 4+1 Geniş Bahçe Dubleks Remax Çakra,standard,1,0,0,0,1,conflict_detail_wins,1,conflict detail=standard title=garden,1329855579
,Satılık Çatıdublex daire,roof,1,1,0,0,0,title,0,,1250799642
Çatı Dubleksi,"Değirmendere'de Havuzlu, Deniz Manzaralı 3+1 Çatı Dubleks",roof,1,1,0,0,0,detail_and_title,0,,1329829733
,MERKEZ MAHALLESİNDE SATILIK 3+1 ÇATI DUBLEKS,roof,1,1,0,0,0,title,0,,1323939221
,DEGIRMENDERE SAHILDE 2 +1 SATILIK DAIRE,none,0,0,0,0,0,none,0,,1329796763
,muhteşem konumda dubleks,standard,1,0,0,0,1,title,0,,1252995550
Çatı Dubleksi,ŞEHİTLER CAD. 3+1 MANZARALI ŞAHANE ÇATI DUBLEKS,roof,1,1,0,0,0,detail_and_title,0,,1285028462
Ara Kat,PİYALEPAŞA MAH. BAHÇE I ARAKAT I ÇATI SATILIK DAİRELER..,none,0,0,0,0,0,none,0,,1318392765
,Deniz Manzaralı GENİŞ ODALI Sıfır 2+1 Çatı Dubleks,roof,1,1,0,0,0,title,0,,1318551282
,Bankalar cad. 3+1 140 M2 ön cephe kentsel dönüşüme giriyor,none,0,0,0,0,0,none,0,,1151715080
Dubleks|Çatı Dubleksi,Değirmendere Yalı Mah Satılık Lüks 3+1 Çatı Dubleks,roof,1,1,0,0,0,detail_and_title,0,,1329732776
,SAHİBİNDEN ÇİFTLİK MAH 4+1ÇATI DUBLEKS İSKANLI SIFIR DAİRE,roof,1,1,0,0,0,title,0,,1329775203
,GÖLCÜK ALTINŞEHİR SİTESİNDE SATILIK 4+1 BAHÇE DUBLEKS,garden,1,0,1,0,0,title,0,,1291113512
Ara Kat,ŞEHİTLER MAHALLESİNDE 3+1 4+1ULTRA LÜX DAİRELER,none,0,0,0,0,0,none,0,,1241687939
Çatı Dubleksi,YENİ YAŞAMA HAZIR! GÖLCÜK PİYALEPAŞA'DA 3+1 DUBLEKS FIRSATI,roof,1,1,0,0,0,detail_and_title,0,title_generic_confirms_detail_subtype,1320804827
Çatı Dubleksi,"2+1 ÇATI DUBLEKS YATIRIM, OTURUM İÇİN KAÇIRILMARILMAYACAK FIRSAT",roof,1,1,0,0,0,detail_and_title,0,,1329667281
Ara Kat,ŞİRİNKÖY 15. ADADA 2+1 SATILIK DAİRE,none,0,0,0,0,0,none,0,,1329663833
,CANCAN DAN PİYALE PAŞADA 3+1 120 m2 LÜX DÜZ DAİRE,none,0,0,0,0,0,none,0,,1329640752
,"VERSAY LİLYUM SİTESİNDE 3+1 ARA KAT ""PAPAĞAN'ım EMLAK""",none,0,0,0,0,0,none,0,,1329809953
,MERKEZ EMLAK GÜVENCESİ İLE - MERKEZ MAHALLESİNDE 2+1 DAİRE,none,0,0,0,0,0,none,0,,1329636950
Ters Dubleks,CB ENVOY Gölcük Şehitler'de Satılık 2+1 Ters Dubleks Daire,standard,1,0,0,0,1,detail_and_title,0,,1320579325
Çatı Dubleksi,DEĞİRMENDERE YÜZBAŞILAR DA SİTE İÇİNDE SATILIK (4+1)ÇATI DUBLEKS,roof,1,1,0,0,0,detail_and_title,0,,1329586602
En Üst Kat,DEĞİRMENDERE ZERAY KONAĞI ÇATI DUBLEKS TERASLI 4+1 SATILIK DAİRE,roof,1,1,0,0,0,title,0,,1326487867
,MERKEZ EMLAKTAN SATILIK GENİŞ 2+1 BAHÇE DUBLEKS DAİRE,garden,1,0,1,0,0,title,0,,1318320696
,"TOPÇULARDA DENİZ MANZARALI, ÇATI EĞİMSİZ GENİŞ ,FERAH,DUBLEKS...",standard,1,0,0,0,1,title,0,,1320419214
,GÖLCÜK TOPÇULARDA TERASLI MANZARALI 2+1 ARAKAT KREDİ & EMİNEVİM,none,0,0,0,0,0,none,0,,1329542810
,GÖLCÜK ÇARŞI'DA FUL YAPILI 2+1 90M2 DAİRE *,none,0,0,0,0,0,none,0,,1329540314
Ara Kat|Ara Kat Dubleks,RE/MAX ÇAKRA'dan Vadi Değirmendere Sitesinde 3+1 Ara Dubleks,middle_floor,1,0,0,1,0,detail_and_title,0,title_generic_confirms_detail_subtype,1323572508
,"ÇİFTLİK'TE SIFIR EMSALi, YÜKSEK KREDİLİ 3+1 LÜKS ÜST DUBLEKS",standard,1,0,0,0,1,title,0,,1323575461
,SAHİBİNDEN SATILIK 2+1 MASRAFSIZ MODERN DAİRE,none,0,0,0,0,0,none,0,,1329523250
,PİYALEPAŞADA SIFIR ÇATI DUBLEKS,roof,1,1,0,0,0,title,0,,1323646288
En Üst Kat,Değrimendere yüzbaşılarda fırsat daire,none,0,0,0,0,0,none,0,,1329505398
,Kocaeli Gölcük Kavaklı Mahallesi Satılık 2+1 Daire,none,0,0,0,0,0,none,0,,1329519311
Bahçe Dubleksi,İHSANİYE ÇİFTLİK MAHALLESİNDE 3+1 MUHTEŞEM BAHÇE DUBLEKS,garden,1,0,1,0,0,detail_and_title,0,,1320757944
,Yunus Emre saraylı kalıcı konut 566 ada,none,0,0,0,0,0,none,0,,1329480681
,D.DERE ATATÜRK MAH 2+1 SIFIR SATILIK DAİRE 1. KAT,none,0,0,0,0,0,none,0,,1329497202
Çatı Dubleksi,GÖLCÜK PİYALE PAŞA LÜKS DENİZ MANZARALI 3+1 TERAS DUBLEKS,roof,1,1,0,0,0,detail_and_title,0,,1318165956
Bahçe Dubleksi,PİYALEPAŞA DA SİTE İÇERİSİNDE GENİŞ BAHÇE DUBLEX,garden,1,0,1,0,0,detail_and_title,0,,1323585640
Ara Kat,MERKEZ MAHALLESİNDE ARA KAT 2+1 İÇİ FULL YAPILI,none,0,0,0,0,0,none,0,,1329470473
,"GÖLCÜK SARAYLI DA SIFIRDAN YENİLENMİŞ, MASRAFSIZ 3+1 DAİRE",none,0,0,0,0,0,none,0,,1329467254
Çatı Dubleksi,Gölcük Çiftlik'te Satılık 2+1 Çatı Dub. Medar Hastanesi Yakını,roof,1,1,0,0,0,detail,0,,1310077670
Bahçe Dubleksi,Şirinköy'de Deniz Manzaralı 3+1 Bahçe Dubleks Daire,garden,1,0,1,0,0,detail_and_title,0,,1322214797
,"Deniz Manzaralı, Sıfır Çatı Dubleks",roof,1,1,0,0,0,title,0,,1318548910
,Gölcük Şehitler Mahallesi Deniz Manzaralı,none,0,0,0,0,0,none,0,,1329447487
Çatı Dubleksi,Deniz manzaralı çatı dublex,roof,1,1,0,0,0,detail_and_title,0,,1193079442
Ara Kat,PİYALEPAŞA MAHALLESİN'DE MUHTEŞEM 4+1 ÇATI DUBLEKS,roof,1,1,0,0,0,title,0,,1311376617
Bahçe Dubleksi,Manzara Evleri Bahçe Kullanımı Olan Cam Balkonlu 3+1 Dubleks,garden,1,0,1,0,0,detail_and_title,0,title_generic_confirms_detail_subtype,1245407088
En Üst Kat,Kavaklı'da Merkezi Konumda FIRSAT Daire (Adliye Yakını),none,0,0,0,0,0,none,0,,1329650157
,Gölcük Şehitler'de Oturuma Hazır İskanlı 3+1 ve 2+1 Lüks Daire,none,0,0,0,0,0,none,0,,1329437007
Çatı Dubleksi,Gölcük Piyalepaşa'da Deniz Manzaralı 1+1 Çatı Dubleksi,roof,1,1,0,0,0,detail_and_title,0,,1323587495
En Üst Kat,"38. Ada'da Bakımlı 2+1 Daire, 85m², Merkezi Konumda",none,0,0,0,0,0,none,0,,1329424714
,GÖZLEMENTEPE TERAS EVLERİNDE 200 M2 3+1 SATILIK BAHÇE DUBLEKS,garden,1,0,1,0,0,title,0,,1316580633
,"Düz Ağaç'ta Bakımlı 2+1 Daire, 85m², Merkezi Konumda",none,0,0,0,0,0,none,0,,1329413580
Ara Kat,"Atatürk Mah. Sıfır Lüks 2+1 Daire, Sahile Yakın",none,0,0,0,0,0,none,0,,1329396688
,E&G EMLAK'TAN ÇATI DUBLEX FIRSATI !,roof,1,1,0,0,0,title,0,,1312181585
,ŞİRİNKÖY TOKİLERDE 2+1 DAİRE FIRSATI,none,0,0,0,0,0,none,0,,1329389421
,SIFIR YAPI OTURUMA HAZIR BAHCE DUBLEKS DAİREMİZ SATILIKTIR,garden,1,0,1,0,0,title,0,,1312383469
Ara Kat,GÜLŞEN'DEN KAVAKLI SAHİLE 50 METRE GENİŞ ARAKAT,none,0,0,0,0,0,none,0,,1329397581
Ara Kat,CUMHURİYET MAHALLESİNDE DENİZ MANZARALI SATILIK DAİRE,none,0,0,0,0,0,none,0,,1329392075
Bahçe Dubleksi,"Topçular'da Müstakil Villa Tadında Bahçe Dubleksi, Geniş Bahçeli",garden,1,0,1,0,0,detail_and_title,0,,1317950863
,DEĞİRMENDERE CUMHURİYET MAH. SATILIK 3+1 DUBLEKS DAİRE,standard,1,0,0,0,1,title,0,,1317953386
Çatı Dubleksi,REMAX NATURAL'DEN GÖLCÜK ÇARŞI MERKEZİNDE 250 m2 ÇATI DUBLEKS,roof,1,1,0,0,0,detail_and_title,0,,1278206012
Çatı Dubleksi,SITE ICERISINDE SATILIK 3+1 CATI DUBLEKS,roof,1,1,0,0,0,detail_and_title,0,,1289879753
Bahçe Dubleksi,GÖLCÜK DEĞİRMENDERE METROPOLİTANGREYEFFECT SİT. 3+1 BAHÇEDUBLEKS,garden,1,0,1,0,0,detail_and_title,0,,1311668676
Çatı Dubleksi,SAHİBİNDEN MASRAFSIZ MERKEZİ KONUMDA KREDİYE UYGUN DAİRE,roof,1,1,0,0,0,detail,0,,1329329770
Dubleks|Ara Kat,DEĞİRMENDERE HASTANE KARŞISI SIFIR DUBLEX DAİRE,standard,1,0,0,0,1,detail_and_title,0,,1315327596
Ara Kat,REMAX NATURALDEN PİYALEPAŞADA SATILIK BAKIMLI 2+1,none,0,0,0,0,0,none,0,,1329546087
,ARIK GAYRİMENKUL'DEN ŞİRİNKÖY'DE ''3+1 SIFIR BAHÇE DUBLEKS'',garden,1,0,1,0,0,title,0,,1323484717
Dubleks|Bahçe Dubleksi,Piyalepaşa'da 3+1 Müstakil Tadında Bahçe Dubleks Satılık Daire,garden,1,0,1,0,0,detail_and_title,0,,1303458953
Çatı Dubleksi,Gölcük Yeni Mah. Faralya Sitesi 3+1 Çatı Dubleks,roof,1,1,0,0,0,detail_and_title,0,,1323425491
Bahçe Dubleksi,ListingPortal Piyalepaşa'da Müstakil Bahçe ve Girişli 135 m2 3+1,garden,1,0,1,0,0,detail,0,,1303058094
,Kocaeli Gölcük Şirinköy'de Masrafsız Krediye Uygun 2+1 Satılk,none,0,0,0,0,0,none,0,,1329265693
,TOPÇULARDA SATILIK 3+2 EBEVEYN BANYOLU 253m2 BAHÇE DUBLEKS,garden,1,0,1,0,0,title,0,,1322531922
Ara Kat,Topçular Asena Sitesinde Satılık 3+1 Arakat Daire (Yenilenmiş),none,0,0,0,0,0,none,0,,1329228589
En Üst Kat,Değirmendere Merkez'de Satılık 3+1 Asansörlü Cam Balkonlu Daire,none,0,0,0,0,0,none,0,,1329218404
,CB Envoy'dan Gölcük Kavaklı Mahallesinde Fırsat 2+1 Daire,none,0,0,0,0,0,none,0,,1329222807
Bahçe Dubleksi,Halıdere'de Eşyalı 3+1 Bahçe Dubleks Daire - Yakamos Sitesi,garden,1,0,1,0,0,detail_and_title,0,,1301059883
Bahçe Dubleksi,Değirmendere'de Sıfır 3+1 Bahçe Dubleksi Daire | Krediye Uygun,garden,1,0,1,0,0,detail_and_title,0,,1315301806
Bahçe Dubleksi,TOPÇULAR'DA SİTE İÇİNDE BAHÇELİ DENİZ MANZARALI,garden,1,0,1,0,0,detail,0,,1229493222
Ara Kat,CB TOWER DEĞİRMENDERE HASDAYI 3+1 ASANSÖRLÜ ARAKAT 120 M2 DAİRE,none,0,0,0,0,0,none,0,,1329172533
Dubleks|Çatı Dubleksi,GÖLCÜK OLKAR SAFİR SİTESİNDE DENİZ MANZARALI 3+1 ÇATI DUBLEX,roof,1,1,0,0,0,detail_and_title,0,,1323267495
,Bu fiyata bu konumda daire başka yok,none,0,0,0,0,0,none,0,,1329155974
Çatı Dubleksi,225m2 ÇOK GENİŞ 3+1 DENİZ MANZARALI TERASLI ÇATI DUBLEX,roof,1,1,0,0,0,detail_and_title,0,,1326244360
,TOPÇULARDA SATILIK 3+1 BAHÇE DUBLEKS DAİRE,garden,1,0,1,0,0,title,0,,1274126322
En Üst Kat,GÖLCÜK ŞİRİNKÖY KALICI KONUTLARINDA 90 M2 SATILIK DAİRE 2+1,none,0,0,0,0,0,none,0,,1268781851
,CB ELEXUS | DONANMA'DA E-5 ÜZERİ ANAYOLA CEPHE 2+1 SATILIK DAİRE,none,0,0,0,0,0,none,0,,1329113146
Bahçe Dubleksi,GÖLCÜK TOPÇULAR'DA GENİŞ BAHÇELİ 3+1 DUBLEKS YAŞAM FIRSATI,garden,1,0,1,0,0,detail_and_title,0,title_generic_confirms_detail_subtype,1323153351
Ara Kat,ÇİFTLİK MERKEZ MAH. 3+1 SATILIK ARAKAT DAİRE,none,0,0,0,0,0,none,0,,1329116039
Bahçe Dubleksi,CB ENVOY'dan Gölcük Yeni Mahallede Bahçe Kullanımlı 3+1 Dubleks,garden,1,0,1,0,0,detail_and_title,0,title_generic_confirms_detail_subtype,1276616612
Ara Kat,GÖLCÜK PİYALEPAŞA'DA YENİ OTOGAR KARŞISI FIRSAT DAİRE,none,0,0,0,0,0,none,0,,1329061521
En Üst Kat,DEĞİRMENDERE HASTANE KARŞISI 3+1 SATILIK DAİRE 105m2 ÇATIKATI,none,0,0,0,0,0,none,0,,1272194825
,3+1 ARA KAT DAİRE SARAYLI 181. ADA KONUTLARINDA,none,0,0,0,0,0,none,0,,1329064698
,ŞEHİTLER MAHALLESİNDE 160m2 DENİZ MANZARALI 4+1 ÇATIDUBLEX,roof,1,1,0,0,0,title,0,,1322370321
,ŞENSEL'DEN ÇİFTLİK'TE SATILIK 3+1 ÇATI DUBLEX,roof,1,1,0,0,0,title,0,,1329055160
Bahçe Dubleksi,Gölcük Değirmendere Atatürk Mah. Bahçe Dubleksi Satılık,garden,1,0,1,0,0,detail_and_title,0,,1320151907
Çatı Dubleksi,Gölcük Saraylı'da Sıfır Bina 140m² Çatı Dubleks,roof,1,1,0,0,0,detail_and_title,0,,1322722763
,DEĞİRMENDERE TOPÇULARDA HAVUZLU SİTEDE SATILIK 3+1 DUBLEX,standard,1,0,0,0,1,title,0,,1286041010
Bahçe Dubleksi,80 M² ÖZEL BAHÇE AYRICALIĞIYLA GENİŞ VE AYDINLIK 3+1 DUBLEKS,garden,1,0,1,0,0,detail_and_title,0,title_generic_confirms_detail_subtype,1323064264
Ara Kat,GÖLCÜK ADLİYE MEVKİİ SATILIK SIFIR ARA KAT 1+1,none,0,0,0,0,0,none,0,,1328975350
Dubleks,1+1 dublex Daire,standard,1,0,0,0,1,detail_and_title,0,,1328960482
Ara Kat,Askeri Kapı ve Hastaneye Çok Yakın 2+1 Sıfır Daire,none,0,0,0,0,0,none,0,,1328952115
,PİYALEPAŞADA SIFIR ÇATI DUBLEKS DAİRE.,roof,1,1,0,0,0,title,0,,1278731272
Bahçe Dubleksi,KW ARVEN'DEN GENİŞ DENİZ MANZARALI 3+1 SATILIK BAHÇE DUBLEKS,garden,1,0,1,0,0,detail_and_title,0,,1240281185
Çatı Dubleksi,Dilek Ercan REMAX ÇAKRA Topçular Havuzlu Sitede 4+1,roof,1,1,0,0,0,detail,0,,1329123881
,MEDAR HASTANESİ YANINDA EBEVEYN BANYOLU ÇATI DUBLEKS,roof,1,1,0,0,0,title,0,,1305225130
,FIRSAT!!! GÖLCÜK ÇİFTLİK MAHALLESİ TERASLI 2+1 SATILIK DUBLEKS,standard,1,0,0,0,1,title,0,,1317599961
Çatı Dubleksi,Topçular Mahallesinde 2+1 Çatı Dubleks,roof,1,1,0,0,0,detail_and_title,0,,1329116960
,ATATURK MAH.LÜKS ARAKAT,none,0,0,0,0,0,none,0,,1328918334
Çatı Dubleksi,GÖLCÜK MEDAR HASTANE YANINDA 4+1 ÇATI DUBLEKS KUPON DAİRE,roof,1,1,0,0,0,detail_and_title,0,,1289136547
Bahçe Dubleksi,CB ELEXUS | Şirinköy'de Geniş Bahçeli 3+1 Bahçe Dubleks Daire,garden,1,0,1,0,0,detail_and_title,0,,1329081791
Çatı Dubleksi,ROTA'DAN TOPÇULAR'DA SATILIK 3+1 DUBLEKS,roof,1,1,0,0,0,detail_and_title,0,title_generic_confirms_detail_subtype,1325964942
Ara Kat,"Gölcük Şehitler'de Satılık 2+1 Daire, 80m², Balkonlu, Kombili",none,0,0,0,0,0,none,0,,1315091008
Çatı Dubleksi,Envoy'dan Full Deniz Manzaralı 4+1 Çatı Dubleks,roof,1,1,0,0,0,detail_and_title,0,,1129899757
Çatı Dubleksi,Yenimahalle'de Sıfır Alçak Binada 2+1 Çatı Dubleks Satılık Daire,roof,1,1,0,0,0,detail_and_title,0,,1329374902
En Üst Kat,ListingPortal 3+1 Kiracılı Satılık Daire,none,0,0,0,0,0,none,0,,1272933057
Ara Kat,"Yatırım için ideal, eşyalı, kiracılı 3+1 daire",none,0,0,0,0,0,none,0,,1328849274
Çatı Dubleksi,NETA GAYRİMENKUL'DEN YENİ MAHALLEDE 3+1 SATILIK Ç.DUBLEKS,roof,1,1,0,0,0,detail_and_title,0,title_generic_confirms_detail_subtype,1317212710
,SAHİBİNDEN LÜX DAİRE,none,0,0,0,0,0,none,0,,1316159248
Ara Kat,KOCAELİ GÖLCÜK DONANMA DA SATILIK 5+1 DUBLEKS DAİRE,standard,1,0,0,0,1,title,0,,1317170121
Dubleks,SAHİBİNDEN-EŞYALI DUBLEKS-ANAYOL YANI-MERKEZİ KONUM-YENİ YAPIM,standard,1,0,0,0,1,detail_and_title,0,,1328810845
Bahçe Dubleksi,"ASANSÖRLÜ,HAVUZLU KREDİ LİMİTİ KISITSIZ BAHÇE DUBLEKS 3+1 216 M2",garden,1,0,1,0,0,detail_and_title,0,,1317504406
Çatı Dubleksi,"GÖLCÜK KAVAKLIDA 3+1 NET 150 m2 ÇATI DUBLEKS ""PAPAĞAN'ım EMLAK""",roof,1,1,0,0,0,detail_and_title,0,,1326082089
Çatı Dubleksi,Değirmendere Topçular'da Satılık 3+1 Çatı Dubleks,roof,1,1,0,0,0,detail_and_title,0,,1314816919
Çatı Dubleksi,REMAX NATURAL'DAN GÖLCÜK'DE DENİZ MANZARALI SATILIK DUBLEKS 4+1,roof,1,1,0,0,0,detail_and_title,0,title_generic_confirms_detail_subtype,1311694081
Bahçe Dubleksi|Çatı Dubleksi,DENİZ MANZARALI ASANSÖRLÜ HAVUZLU SİTEDE SON ÇATI DUBLEX,roof,1,1,0,0,0,detail_and_title,0,,1299647894
,GÖLCÜK MERKEZDE 2+1 90 m2 TEMİZ ARAKAT BOŞ DAİRE,none,0,0,0,0,0,none,0,,1328778058
,GÖLCÜK KAVAKLI MAHALLESİNDE SATILIK 3+1 | 125 m²,none,0,0,0,0,0,none,0,,1328768643
Dubleks|En Üst Kat|Çatı Dubleksi|Ters Dubleks,D.DERE ATATÜRK MAH. ÇATI DUBLEKS 3+1 GENİŞ ASANSÖRLÜ,roof,1,1,0,0,0,detail_and_title,0,,1322917202
,TRUE LIFE GAYRİMENKUL'DEN SATILIK DONANMA MAHALLESİNDE 3+1,none,0,0,0,0,0,none,0,,1328752884
Ara Kat,Gölcük Şirinköy'de 3+1 Deniz ve Doğa Manzaralı Çatı Dubleksi,roof,1,1,0,0,0,title,0,,1326226106
,TANYILDIZDAN GÖLCÜK ELİT PARK SİTESİNDE 3+1 BAHÇE DUBLEKS DAİRE,garden,1,0,1,0,0,title,0,,1317306405
Çatı Dubleksi,Değirmendere Topçular Mah. 3+1 Geniş Teraslı Çatı Dubleks Daire,roof,1,1,0,0,0,detail_and_title,0,,1316994001
Çatı Dubleksi,GÖLCÜK DONANMA CD. ÜZERINDE GENİŞ 3+1 ÇATI DUBLEKS SATILIK DAIRE,roof,1,1,0,0,0,detail_and_title,0,,1305591689
Dubleks|En Üst Kat|Ara Kat|Bahçe Dubleksi|Çatı Dubleksi,CB'ELEXUS DAN SINIRLI SAYIDA FIRSAT DAİRELER SATIŞTA,roof,1,1,0,0,0,detail,0,,1317713552
Çatı Dubleksi,Değirmendere Topçularda Fırsat Deniz Manzaralı 3+1 Çatı Dubleks,roof,1,1,0,0,0,detail_and_title,0,,1328667465
Dubleks|En Üst Kat|Çatı Dubleksi,GÖLCÜK PİYALEPAŞA'DA 170 m² SATILIK 4+1 GENİŞ ÇATI DUBLEKS,roof,1,1,0,0,0,detail_and_title,0,,1317295662
,SATILIK BAHÇE DUBLEKS SIFIR YAPI GENİS VE OTURMA HAZIR,garden,1,0,1,0,0,title,0,,1319815158
Dubleks|En Üst Kat|Çatı Dubleksi,Emlak Güneşinden Yüzbaşılarda Muhteşem 4+1 Çatı Dubleks,roof,1,1,0,0,0,detail_and_title,0,,1317479909
,MERKEZ EMLAKTAN SATILIK 2+1 ARAKAT DAİRE,none,0,0,0,0,0,none,0,,1328637207
Dubleks,GÖLCÜK ÇİFTLİK MAHALESİNDE D130'A CEPHELİ SATILIK 1+1 DAİRE,standard,1,0,0,0,1,detail,0,,1328630921
Çatı Dubleksi,Cb Envoy'dan Piyalepaşa mah. Gölpark İnşaat | 4+1 Çatı Dubleks,roof,1,1,0,0,0,detail_and_title,0,,1305900264
Çatı Dubleksi,DENİZ MANZARALI 3+1 ÇATI DUBLEKS,roof,1,1,0,0,0,detail_and_title,0,,1315195150
Dubleks,ListingPortal Satılık Çatı Dubleks,standard,1,0,0,0,1,conflict_detail_wins,1,conflict detail=standard title=roof,1322656791
Bahçe Dubleksi,GÖLCÜK ŞEHİTLERDE 4+1 BAHÇE DUBLEKS SİTE İÇİ KAMERALI,garden,1,0,1,0,0,detail_and_title,0,,1311752178
Dubleks,YC GROUP GÜVENCESİYLE DENİZ MANZARALI ASANSÖRLÜ SIFIR DAİRELER,standard,1,0,0,0,1,detail,0,,1313836625
Bahçe Dubleksi,GÖLCÜK ATATÜRK MAH.PRESTİJLİ SİTEDE SATILIK 3+1 BAHÇE DUBLEKS,garden,1,0,1,0,0,detail_and_title,0,,1328598484
Bahçe Dubleksi,CB ENVOY GÖLCÜK YENİ MH. FARALYA SİTESİ 3+1 BAHÇE DUBLEKS,garden,1,0,1,0,0,detail_and_title,0,,1322994765
,KAPTAN EMLAK'TAN 2+1 SIFIR GİRİŞ KAT DAİRE KELEPİR,none,0,0,0,0,0,none,0,,1328584438
Çatı Dubleksi,GÖLCÜK KAVAKLI DA 4+1 ÇATI DUBLEKS,roof,1,1,0,0,0,detail_and_title,0,,1325838551
,DEĞİRMENDERE CUMHURİYET MH. 3 ODA 1 SALON ÜST DUBLEX,standard,1,0,0,0,1,title,0,,1328552098
Çatı Dubleksi,"ListingPortal,yüzme havuzlu,otoparklı ,çatı dublex ev",roof,1,1,0,0,0,detail_and_title,0,,1291871171
,DEĞİRMENDERE ATATÜRK MH. 3 ODA 1 SALON ÜST DUBLEX,standard,1,0,0,0,1,title,0,,1328547554
Dubleks|En Üst Kat,Eşsiz Konumda | 3+1 Çatı Dublexi,standard,1,0,0,0,1,conflict_detail_wins,1,conflict detail=standard title=roof,1317255841
Çatı Dubleksi,KAVAKLI MAHALLESİNDE SATILIK 180M2 ÇATI DUBLEKS,roof,1,1,0,0,0,detail_and_title,0,,1193662542
Ara Kat,YC GROUP'tan DEĞİRMENDERE'DE DENİZE SIFIR DAİRE,none,0,0,0,0,0,none,0,,1289389870
,ANAYOLA YAKIN 4+1 BAHÇE DUBLEKS,garden,1,0,1,0,0,title,0,,1322526062
,GÖLCÜK DONANMA CD. ÜZERINDE MERKEZI KONUMDA 2+1 SATILIK DAIRE,none,0,0,0,0,0,none,0,,1305589348
Ara Kat,SAHİBİNDEN 3+1 ARAKAT DAİRE 120M2,none,0,0,0,0,0,none,0,,1328461524
,GÖLCÜK MERKEZ'DE OFİS VE KONUT KULLANIMINA UYGUN 2+1,none,0,0,0,0,0,none,0,,1328871902
,PİYALEPAŞA MAH. MÜSTAKİL GİRİŞLİ SATILIK 3+1 155m2DUBLEKS DAİRE,none,0,0,0,0,0,none,0,,1322497118
,CAN EMLAK - YÜZBAŞILAR'DA 3+1-136 M2 ''BAHÇELİ BAHÇE DUBLEX'',garden,1,0,1,0,0,title,0,,1328666019
Çatı Dubleksi,ANAYOLA YÜRÜME MESAFESİNDE FIRSAT SATILIK 4+1 ÇATI DUBLEKS,roof,1,1,0,0,0,detail_and_title,0,,1322484575
,YÜZBAŞILARDA Deniz Manzaralı | 3+1 YATIRIMLIK Köşe Daire SATILIK,none,0,0,0,0,0,none,0,,1328438512
Çatı Dubleksi,DEGİRMENDERE ATATÜRK MAHALLESİ SATILIK 3+1 ÇATI DUBLEX DAİRE,roof,1,1,0,0,0,detail_and_title,0,,1328383634
Çatı Dubleksi,LİDYA'DAN Kocaeli Gölcük Topçular'da Satılık Lüks Çatı Dubleks,roof,1,1,0,0,0,detail_and_title,0,,1308162391
Çatı Dubleksi,KREDİYE UYGUN MUHTEŞEM MANZARALI 3+1 ÇATI DUBLEKS DAİRE.,roof,1,1,0,0,0,detail_and_title,0,,1301862688
Ara Kat,ÇOK KULLANIŞLI 2+1 ASANSÖRLÜ DAİRE,none,0,0,0,0,0,none,0,,1298182717
,satılık daire,none,0,0,0,0,0,none,0,,1328162328
Ters Dubleks,DEVASA TERASLI DENİZ MANZARALI SATILIK 3+1 DAİRE,standard,1,0,0,0,1,detail,0,,1328228000
,GÖLCÜK BALABAN MİMOZA KENT SİTESİNDE 2+1 BAHÇE DUBLEX DAİRE,garden,1,0,1,0,0,title,0,,1299280080
Ara Kat,DEĞİRMENDERE'DE ARAÇ TAKASLI 3+1 LÜKS BAHÇE DUBLEKS,garden,1,0,1,0,0,title,0,,1325340199
Ara Kat,DEĞİRMENDERE YALI'DA SIFIRA YAKIN 2+1 KAÇIRILMAYACAK FIRSAT!,none,0,0,0,0,0,none,0,,1328276660
En Üst Kat,NETA GAYRİMENKULDEN MERKEZE YÜRÜME MESAFESİNDE 3+1 DAİRE,none,0,0,0,0,0,none,0,,1314669232
Dubleks,KREDİYE UYGUN SON DAİRELER BAHÇE DUBLEKS 3+1 184 M2,standard,1,0,0,0,1,conflict_detail_wins,1,conflict detail=standard title=garden,1268137426
Dubleks|Çatı Dubleksi,GÖLCÜK MERKEZİNE ACİL SATILIK SIFIR 3+1 DUBLEKS LÜKS DAİRE,roof,1,1,0,0,0,detail_and_title,0,title_generic_confirms_detail_subtype,1318530956
Çatı Dubleksi,"ALTINŞEHİR DE HAVUZA BAKAN 3,5+1 GÜVENLİK&HAVUZLU ÇATI DUBLEX",roof,1,1,0,0,0,detail_and_title,0,,1208321564
Ara Kat,GÖLCÜK ÇARŞI VAKIFBANK YANINDA KOMPLE TADİLATLI 2+1 ARAKAT,none,0,0,0,0,0,none,0,,1314325793
Ara Kat,Yüzbaşılar Hastane Karşısı 3+1 Asansörlü İçi Yapılı Daire,none,0,0,0,0,0,none,0,,1314120067
,ACİL SATILIK | KOCAELİ GÖLCÜK YUNUSEMRE MAHALLESİ'NDE MASRAFSIZ,none,0,0,0,0,0,none,0,,1328180787
Ara Kat,"ALTINŞEHİR HAVUZLU SİTEDE 4.5+1 ARA KAT ""PAPAĞAN'ım EMLAK",none,0,0,0,0,0,none,0,,1328186895
,GÖLCÜK DUMLUPINAR MAHALLESİNDE 4+1 DUBLEKS DAİREMİZ SATILIKTIR,standard,1,0,0,0,1,title,0,,1299763619
Ara Kat|Çatı Dubleksi,RE/MAX ÇAKRA'dan Yeni Mahallede 2+1 Satılık Eğimsiz Çatı Dubleks,roof,1,1,0,0,0,detail_and_title,0,,1322182894
Ara Kat,ÇİFTLİK MAHALLESİNDE YERDEN ISITMALI 3+1 DAİREMİZ SATILIKTIR.,none,0,0,0,0,0,none,0,,1328160699
Çatı Dubleksi,Çiftlik Mahallesi'nde Satılık Çatı Dubleks 3+1 | 140 m²,roof,1,1,0,0,0,detail_and_title,0,,1328111376
Çatı Dubleksi,GÖLCÜK ŞİRİNKÖY'DE SATILIK FERAH 3+1 DUBLEKS DAİRE,roof,1,1,0,0,0,detail_and_title,0,title_generic_confirms_detail_subtype,1328322039
Çatı Dubleksi,"Örcün'de Deniz ve Doğa Manzaralı, 140m² Çatı Dubleksi",roof,1,1,0,0,0,detail_and_title,0,,1314190506
Dubleks|Bahçe Dubleksi,SATILIK 3+1 BAHÇE DUBLEKS,garden,1,0,1,0,0,detail_and_title,0,,1328100357
Çatı Dubleksi,DÖRTYOLDA 4+1 ÇATI DUBLEKS 250M2 SON FİYAT SINIRSIZ KREDİ İMKANI,roof,1,1,0,0,0,detail_and_title,0,,1328113163
Dubleks,SAHİBİNDEN - TOPÇULARDA DENİZ MANZARALI SİTEDE DUBLEKS DAİRE,standard,1,0,0,0,1,detail_and_title,0,,1316880859
Dubleks|Çatı Dubleksi,LİDYA'DAN DEĞİRMENDERE ATATÜRK MAH.SATILIK ÇATI DUBLEX ..!,roof,1,1,0,0,0,detail_and_title,0,,1307702345
Dubleks,Çiftlik mahallesinde muhteşem dublex,standard,1,0,0,0,1,detail_and_title,0,,1328014715
,DEĞİRMENDERE MERKEZ ÇARŞI İÇİ 3+1 ARAKAT DAİRE,none,0,0,0,0,0,none,0,,1328050519
Çatı Dubleksi,KREDİYE UYGUN TOPÇULAR HAVUZLU ÇATI DUBLEKS 3+1 184 M2,roof,1,1,0,0,0,detail_and_title,0,,1268144652
Çatı Dubleksi,PİYALEPAŞA MAH 3+1 TERASLI ÇATI DUBLEKS,roof,1,1,0,0,0,detail_and_title,0,,1316227983
Çatı Dubleksi,EMA EMLAK ÇİFTLİK MAH. 4+1 ÇATIDUBLEKS LÜKS YAPI MANZARALI SIFIR,roof,1,1,0,0,0,detail_and_title,0,,1322041867
Çatı Dubleksi,Site içinde deniz manzaralı çatı dubleks 4+1 satılık daire,roof,1,1,0,0,0,detail_and_title,0,,1321691559
En Üst Kat,TURYAP DONANMA'DAN ÇİFTLİK ALİ UÇAR CAD.SATILIK 3+1 DAİRE,none,0,0,0,0,0,none,0,,1308426247
Dubleks,GÖLCÜK PİYALEPAŞA CUMA PAZARINA YAKIN 3+1 DUBLEKS!,standard,1,0,0,0,1,detail_and_title,0,,1328406641
Ara Kat,Gölcük Çarşı Merkezde Asansörlü Ara Kat Boş Satılık 3+1 Daire,none,0,0,0,0,0,none,0,,1327981057
,GÖLCÜK BELEDİYESİNE VE KAVAKLI SAHİLİNE ÇOK YAKIN 3+1 ORTA KAT,none,0,0,0,0,0,none,0,,1289908459
Çatı Dubleksi,ÇİFTLİK MAH. MERKEZİ KONUMDA SATILIK 4+1 ÇATI DUBLEKS DAİRE,roof,1,1,0,0,0,detail_and_title,0,,1327934144
,Piyalepaşa Mahallesinde Satılık 2+1 Çatı Dubleks | FERAH,roof,1,1,0,0,0,title,0,,1327939063
Bahçe Dubleksi,"Değirmendere'de Deniz Manzaralı, Bahçeli 3+1 Dubleks",garden,1,0,1,0,0,detail_and_title,0,title_generic_confirms_detail_subtype,1318039856
,ÇİFTLİKTE SIFIR 3+1 ÇATI DUBLEKS!,roof,1,1,0,0,0,title,0,,1328085817
Bahçe Dubleksi,TRUE LIFE'DAN SATILIK 3+1 BAHÇE DUBLEKS EBEVEYN BANYOLU,garden,1,0,1,0,0,detail_and_title,0,,1294711691
Bahçe Dubleksi,Değirmendere Atatürk Mah. 3+1 Bahçe Dubleksi Satılık Daire,garden,1,0,1,0,0,detail_and_title,0,,1328069056
,MERKEZ EMLAKTAN LÜKS 3+1 BAHÇE DUBLEKS DAİRE,garden,1,0,1,0,0,title,0,,1310152338
Çatı Dubleksi,Gölcük Yeni Mahallede 3+1 Çatı Dubleks,roof,1,1,0,0,0,detail_and_title,0,,1327863151
Çatı Dubleksi,Katılım Bankalarına Uygun Gölcük İskele Yolunda 4+1 Çatı Dubleks,roof,1,1,0,0,0,detail_and_title,0,,1322171620
Bahçe Dubleksi,185M2 DENİZ MANZARALI SATILIK 3+1 BAHÇE DUBLEKS,garden,1,0,1,0,0,detail_and_title,0,,1285024149
Çatı Dubleksi,GÖLCÜK PİYALEPAŞA MAHALESi 3+1 ÇATI DUBLEKS SATILIK DAİRE,roof,1,1,0,0,0,detail_and_title,0,,1316521467
Bahçe Dubleksi,Gölcük Merkez Mah. Satılık 3+1 Bahçe Dubleks Daire,garden,1,0,1,0,0,detail_and_title,0,,1327651954
Bahçe Dubleksi,"GÖLCÜK YENİ MAHALLEDE,4+1 BAHÇE DUBLEKS SATILIK DAİRE",garden,1,0,1,0,0,detail_and_title,0,,1321874993
Bahçe Dubleksi,E&G EMLAK'TAN VİLLA TADINDA BAHÇE DUBLEKS,garden,1,0,1,0,0,detail_and_title,0,,1211913311
,DEĞİRMENDERE TOPÇULARDA 4+1 180 m2 SİTE İÇİ BAHÇE DUBLEX,garden,1,0,1,0,0,title,0,,1328190470
Çatı Dubleksi,Altınyıldız emlak atatürk mahallesinde çatı dubleks,roof,1,1,0,0,0,detail_and_title,0,,1327780165
Ara Kat,GÖLCÜK ÇİFTLİK MAH. 3+1 GENİŞ MEDAR HASTANESİNE I D-100 YAKIN ..,none,0,0,0,0,0,none,0,,1264403109
Çatı Dubleksi,DEĞİRMENDERE ATATÜRK MAH.SATILIK 3+1 ÇATI DUBLEX DAİRE,roof,1,1,0,0,0,detail_and_title,0,,1325014602
En Üst Kat,REMAX NATURAL'DEN DEĞİRMENDERE TOPÇULAR'DA SATILIK 3+1 DAİRE,none,0,0,0,0,0,none,0,,1328085959
,GÖLCÜK ŞEHİTLER MAHALLESİ'NDE SATILIK 3+1 ÇATI DUBLEKS,roof,1,1,0,0,0,title,0,,1258694708
Çatı Dubleksi,E-5'e Yakın Gölcük Piyalepaşa'da 2+1 Çatı Dubleks Lüks Daire,roof,1,1,0,0,0,detail_and_title,0,,1321975303
Bahçe Dubleksi,"Bahçeli,Dağ ve deniz manzaralı ,geniş ferah 3+1 bahçe dubleks",garden,1,0,1,0,0,detail_and_title,0,,1212046993
,E&G EMLAK'TAN K YAPI GÜVENCESİ İLE BAHÇE DUBLEX!!!,garden,1,0,1,0,0,title,0,,1321825308
Bahçe Dubleksi,REMAX NATURAL'DEN PİYALEPAŞA'DA 3+1 BAHÇE DUBLEKS,garden,1,0,1,0,0,detail_and_title,0,,1298610237
Çatı Dubleksi,GÖLCÜK PİYALEPAŞA'DA SATILIK 185 M2 4+1 ÇATI DUBLEKS DAİRE,roof,1,1,0,0,0,detail_and_title,0,,1298914674
,"Sitede Müstakil Ev Ferahlığı | Düz Ayak 3+1, 60 m2 Bahçe",none,0,0,0,0,0,none,0,,1327593924
,MERKEZ EMLAKTAN SATILIK 3+1 BAHÇE DUBLEKS DAİRE,garden,1,0,1,0,0,title,0,,1310343281
,ŞENSEL'DEN ŞİRİNKÖY'DE VERA KONAKLARINDA SATILIK 145 m2 Ç.DUBLEX,standard,1,0,0,0,1,title,0,,1309557773
,E&G EMLAK'TAN TOPÇULARDA BAHÇE DUBLEKS,garden,1,0,1,0,0,title,0,,1227036971
Çatı Dubleksi,Beyaz Vadi Sitesinde Satılık 3+1 Çatı Dubleks Daire Re/Max Çakra,roof,1,1,0,0,0,detail_and_title,0,,1327767098
Bahçe Dubleksi,Harun Arslan Gayrimenkulden Satılık Daire (Bahçe Dubleks ),garden,1,0,1,0,0,detail_and_title,0,,1327512184
,CUMHURİYET MAHALLESİNDE 3+1 180m2 ÇATI DUBLEKS,roof,1,1,0,0,0,title,0,,1315603560
,Piyalepasa mahallesi 4+1 çatı Dublex,roof,1,1,0,0,0,title,0,,1299312197
Bahçe Dubleksi,Metropolitan Sitesi'nde Villa Konforunda Bahçe Dubleksi,garden,1,0,1,0,0,detail_and_title,0,,1324748485
,Newores Deniz'den Gölcük Çiftlik Mahallesinde 4+1 Çatı Dubleks,roof,1,1,0,0,0,title,0,,1287937708
,KALYON KAPIDA DENİZ MANZARALI ÇATI DUBLEKS,roof,1,1,0,0,0,title,0,,1319630291
,GÖLCÜK BELEDYSİ VE DUMLUPINAR OKUL. ÇOK YAKN 4+1 130 M2 ORTA KAT,none,0,0,0,0,0,none,0,,1315016351
,"Gölcük İskeyolunda Bahçeli, Eşyalı, 3+1 DUblex Daire!",standard,1,0,0,0,1,title,0,,1262915340
Ara Kat,Müstakil Tadında Ara kat,none,0,0,0,0,0,none,0,,1327402212
,Kocaeli Gölcükte satılık dubleks daire.,standard,1,0,0,0,1,title,0,,1312788663
,ACİL! ŞEHİTLERDE DENİZ MANZARALI 2+1 116 m² ÇATI DUBLEKS FIRSATI,roof,1,1,0,0,0,title,0,,1288147888
,KURA GAYRİMENKUL ATATÜRK MAHALLESİ 100.YIL SİTESİ BAHÇE DUBLEKS,garden,1,0,1,0,0,title,0,,1313776668
Bahçe Dubleksi,YENİ MAHALLEDE SİTE İÇERİSİNDE 3+1 SATILIK BAHÇE DUBLEKS DAİRE,garden,1,0,1,0,0,detail_and_title,0,,1327563434
,SAHİBİNDEN ÇİFTLİK MAH.2+1 ÇATI DUBLEKS,roof,1,1,0,0,0,title,0,,1327293497
Çatı Dubleksi,KREDİYE UYGUN DENİZ MANZARALI DOĞA SİTESİ ÇATI DUBLEKS 5+1 DAİRE,roof,1,1,0,0,0,detail_and_title,0,,1313675562
,SATILIK FIRSAT DAİRELER,none,0,0,0,0,0,none,0,,1327772521
,TOPÇULAR MH. RÖNESANS SİTESİ HAVUZLU SIFIR 3+1 BAHÇE DUBLEKS,garden,1,0,1,0,0,title,0,,1327610747
Dubleks,2 katlının 2. Katı 3+1 Dublex ListingPortal,standard,1,0,0,0,1,detail_and_title,0,,1327152300
Ara Kat|Çatı Dubleksi,İNVEST GLOBAL'DEN ÇİFTLİK MAH. 1+1 DUBLEKS SATILIK DAİRE,roof,1,1,0,0,0,detail_and_title,0,title_generic_confirms_detail_subtype,1327157845
Dubleks,"TAKASA, TAKSİTLİ ÖDEMEYE UYGUN GÖLCÜK'TE 3+1 DUBLEKS DAİRE",standard,1,0,0,0,1,detail_and_title,0,,1327155210
,ÇİFTLİK MAHALLESİN'DE SATILIK 4+1 ÇATI DUBLEKS DAİRE,roof,1,1,0,0,0,title,0,,1324629735
,EMLAK YATIRIM'DAN PİYALEPAŞA MAH .ÇATI DUBLEKS 4+1 SATILIK DAİRE,roof,1,1,0,0,0,title,0,,1309402068
Çatı Dubleksi,KW ARVEN'DEN SATILIK ÇİFTLİK MAH. SIFIR 4+1 ÇATI DUBLEKS DAİRE,roof,1,1,0,0,0,detail_and_title,0,,1285079454
Çatı Dubleksi,KW ARVEN'DEN KREDİYE UYGUN DENİZ MANZ. 3+1 ÇATI DUBLEKS DAİRE,roof,1,1,0,0,0,detail_and_title,0,,1216577810
,DONANMA OLKAR VADİ SİTESİNDE LÜKS 3+1 ÇATI DUBLEX DAİRE,roof,1,1,0,0,0,title,0,,1318623548
,FIRSAT ÇATI DUBLEX 3+1,roof,1,1,0,0,0,title,0,,1314297289
Dubleks|Çatı Dubleksi,YUKARI DEĞİRMENDERE'DE ULTRA LÜKS 3+1 ÇATI DUBLEKS,roof,1,1,0,0,0,detail_and_title,0,,1315703421
,MERKEZ EMLAKTAN LÜKS 3+1 ÇATI DUBLEKS DAİRE,roof,1,1,0,0,0,title,0,,1310153076
,KENDİNE AİT BAHÇESİ OLAN BAHÇE DUBLEKS,garden,1,0,1,0,0,title,0,,1309693568
Çatı Dubleksi,PİYALEPAŞA MAH. SATILIK DENİZ MANZARALI 3+1 Ç.DUBLEKSİ DAİRE,roof,1,1,0,0,0,detail_and_title,0,title_generic_confirms_detail_subtype,1216577376
Dubleks,D130 KARA YOLU VE ÇARŞI MERKEZE YAKIN KONUMDA 3+1 ÇATI DUBLEX,standard,1,0,0,0,1,conflict_detail_wins,1,conflict detail=standard title=roof,1315908584
Dubleks|En Üst Kat|Ara Kat Dubleks|Bahçe Dubleksi|Çatı Dubleksi|Ters Dubleks,EMLAK YATIRIM'DAN ŞEHİTLER MAH'DE 3+1 DENİZ MANZ. ÇATI DUBLEX,roof,1,1,0,0,0,detail_and_title,0,,1292428066
,FULL KREDİ İMKANLI ÇİFTLİK MAH. SATILIK 2+1 ÇATI DUBLEKS DAİRE,roof,1,1,0,0,0,title,0,,1313418357
Dubleks|Bahçe Dubleksi,Gölcük Donanma 3+1 geniş dublex daire,garden,1,0,1,0,0,detail_and_title,0,title_generic_confirms_detail_subtype,1326770029
Dubleks|Bahçe Dubleksi,KOCAELİ GÖLCÜK OLKAR ATAŞEHİR 4+1 BAHÇE DUBLEKS SATILIK DAİRE,garden,1,0,1,0,0,detail_and_title,0,,1320723877
Çatı Dubleksi,Envoy'dan Şehitler'de Asansör & Yerden Isıtmalı Lüks 4+1 Çatı D.,roof,1,1,0,0,0,detail,0,,1294675601
,PİYALEPAŞADA SIFIR 3+1 ÇATI DUBLEX %90 KREDİYE UYGUN FIRSAT,roof,1,1,0,0,0,title,0,,1243526164
En Üst Kat|Çatı Dubleksi,Donanma Mah.'de 4+1 Tüm Odalardan Deniz Manzaralı Çatı Dublex,roof,1,1,0,0,0,detail_and_title,0,,1272814363
Dubleks|En Üst Kat,SON FIRSATLARDAN YENİ MASRAFSIZ 3+1 ÇATI DUBLEKS KAÇMAZ,standard,1,0,0,0,1,conflict_detail_wins,1,conflict detail=standard title=roof,1314767237
Çatı Dubleksi,Gölcük Piyalepaşada Geniş Teraslı 4+1 Dubleks Satılık Daire!,roof,1,1,0,0,0,detail_and_title,0,title_generic_confirms_detail_subtype,1315118033
Bahçe Dubleksi,"EKOL'den DEĞİRMENDERE-CUMHURİYET Mah.Site İçi,4+1 Bahçe Dublex",garden,1,0,1,0,0,detail_and_title,0,,1314872479
Bahçe Dubleksi,Sakin Vadi Konumunda Lüks 3+1 Bahçe Dubleks,garden,1,0,1,0,0,detail_and_title,0,,1286411539
Çatı Dubleksi,GÖLCÜK MERKEZDE YENİ YAPIM GENİŞ FERAH KULLANIŞLI ÇATI DUBLEKS,roof,1,1,0,0,0,detail_and_title,0,,1212346647
,"Gölcük'te Satılık 2+1 Çatı Dubleksi, 95m², Devlet Yolu Altı",roof,1,1,0,0,0,title,0,,1298547288
,PİYALEPAŞA MAHALLESİNDE MERKEZİ KONUMDA 4+1 BAHÇE DUBLEKS DAİRE,garden,1,0,1,0,0,title,0,,1321043882
Dubleks,Değirmendere'de 2+1 Amerikan Mutfaklı Çatı Dubleks Satılık Daire,standard,1,0,0,0,1,conflict_detail_wins,1,conflict detail=standard title=roof,1315513348
,GÖLCÜK TOPÇULAR YOL KENARI SATILIK MANZARALI DUBLEKS DAİRE,standard,1,0,0,0,1,title,0,,1326678072
Çatı Dubleksi,Gölcük Şehitler Mahallesi Satılık 3+1 Çatı Dubleksi Daire,roof,1,1,0,0,0,detail_and_title,0,,1313648449
Çatı Dubleksi,deniz ve doğa manzaralı eğimsiz 3+1 çatı dubleks,roof,1,1,0,0,0,detail_and_title,0,,1272808243
,MERKEZ EMLAKTAN SATILIK 3+1 ÇATI DUBLEKS DAİRE,roof,1,1,0,0,0,title,0,,1326826586
Çatı Dubleksi,Gölcük Yeni Mahalle Satılık 5.5+1 Çatı Dubleks Kapalı Otoparklı,roof,1,1,0,0,0,detail_and_title,0,,1315014944
Dubleks,ŞEHİR MANZARALI DUBLEKS DAİRE,standard,1,0,0,0,1,detail_and_title,0,,1326375102
Dubleks|Çatı Dubleksi,SAHİBİNDEN ÇATI DUBLEKS,roof,1,1,0,0,0,detail_and_title,0,,1320219289
Dubleks|En Üst Kat|Çatı Dubleksi,TT TAPI | TAŞDAN PREMIUM CITY SATILIK 3+1 ÇATI DUBLEKS,roof,1,1,0,0,0,detail_and_title,0,,1315007002
Bahçe Dubleksi,3+1 dublex daire,garden,1,0,1,0,0,detail_and_title,0,title_generic_confirms_detail_subtype,1326284295
Çatı Dubleksi,Gizem Emlak'tan Topçular'da 160 m2 Sıfır Lüks Çatı Dubleks,roof,1,1,0,0,0,detail_and_title,0,,1320151968
,ListingPortal Satılık Dubleks 3+1 Daire,standard,1,0,0,0,1,title,0,,1193540883
Bahçe Dubleksi,REMAX NATURAL'DEN TOPÇULAR MERKEZDE GENİŞ BAHCE DUBLEKS,garden,1,0,1,0,0,detail_and_title,0,,1267340453
Çatı Dubleksi,EMLAK YATIRIM ÇİFTLİK ANAYOLA YAKIN 4+1 ÇATI DUBLEKS,roof,1,1,0,0,0,detail_and_title,0,,1320576300
,GÖLCÜK İHSANİYE SATILIK 2+1 ÇATI DUBLEX,roof,1,1,0,0,0,title,0,,1309104953
,GÖLCÜK PİYALEPAŞADA SATILIK 175 M2 4+1 ÇATI DUBLEKS DAİRE,roof,1,1,0,0,0,title,0,,1298402307
,CADDE SUİT DENİZ MANZARALI SIFIR LUX DUBLEX DAİRE,standard,1,0,0,0,1,title,0,,1324665039
Dubleks|Çatı Dubleksi,GÖLCÜK ŞİRİNKÖYDE 3+1 ÇATI DUBLEX SATILIK DAİRE,roof,1,1,0,0,0,detail_and_title,0,,1312681077
Dubleks|Bahçe Dubleksi,TT YAPI | TAŞDAN PREMIUM CITY SATILIK 3+1 BAHÇE DUBLEKS,garden,1,0,1,0,0,detail_and_title,0,,1314673884
,D. DERE MRK. MH. 3 ODA 1 SALON DÜZ DAİRE,none,0,0,0,0,0,none,0,,1302548287
Ters Dubleks,TOPÇULARDA HAVUZLU SİTE İÇİ TERS DUBLEKS arac takasli,standard,1,0,0,0,1,detail_and_title,0,,1272293694
,Turgut Özal ilköğretim Yanı Bahçe dublexi,garden,1,0,1,0,0,title,0,,1289467267
Çatı Dubleksi,YAMAN EMLAK'tan SATILIK ÇATI DUBLEX 3+1 ŞEHİTLER MAH.VGM SİT'de,roof,1,1,0,0,0,detail_and_title,0,,1272572738
,YAMAN EMLAK'tan SATILIK BAHÇE DUBLEX 4+1,garden,1,0,1,0,0,title,0,,1314172185
Dubleks|En Üst Kat|Çatı Dubleksi,SAHİBİNDEN ÇİFTLİK MAH. 3+1 MERKEZİ KONUMDA ÇATI DUBLEKS,roof,1,1,0,0,0,detail_and_title,0,,1325848693
,ARSAN EMLAK'tan D.dere Merkez Mh'de 3+1 103 m2 Bakımlı Daire,none,0,0,0,0,0,none,0,,1325853521
Çatı Dubleksi,ATATÜRK MAHALLESİNDE 2+1 ÇATI DUBLEX,roof,1,1,0,0,0,detail_and_title,0,,1301973165
,GÖLCÜK ATA-1 SİTESİ'NDE SATILIK DUBLEKS DAİRE (304),standard,1,0,0,0,1,title,0,,1264580023
,D.DERE TOPÇULAR MH DEVLET HASTANESİ KARŞISI SATILIK 4+1 DAİRE,none,0,0,0,0,0,none,0,,1325718984
,GÖLCÜK YENİ MAHALLE'DE SATILIK DUBLEKS DAİRE (AB-1240),standard,1,0,0,0,1,title,0,,1296715678
Dubleks,SARAL EMLAK'TAN DUMLUPINAR MAHALLESİN'DE SATILIK DUBLEKS DAİRE,standard,1,0,0,0,1,detail_and_title,0,,1276579292
Çatı Dubleksi,REMAX NATURAL DEN TOPÇULARDA SATILIK SIFIR ÇATI DUBLEX,roof,1,1,0,0,0,detail_and_title,0,,1320418692
Çatı Dubleksi,İpekyolu'nda Ay Sonuna Kadar Geçerli Fiyat!! Geniş 4+1 Çatı,roof,1,1,0,0,0,detail,0,,1308771593
Çatı Dubleksi,DEĞİRMENDERE TOPÇULARDA DENİZ MANZARALI ULTRA LÜX ÇATI DUBLEX,roof,1,1,0,0,0,detail_and_title,0,,1300906480
Bahçe Dubleksi,DEĞİRMENDERE NİN EN GÜZEL LOKASYONUNDA BAHÇE DUBLEX,garden,1,0,1,0,0,detail_and_title,0,,1305027434
,ŞERİT GAYRIMENKUL'DEN SATILIK DUBLEKS DAİRELER,standard,1,0,0,0,1,title,0,,1295879393
Çatı Dubleksi,EMAEMLAK ÇİFTLİK MAH. 2+1 ÇATIDUBLEKS SIFIR FSM LİSESİ ARKASI,roof,1,1,0,0,0,detail_and_title,0,,1307503559
Dubleks|Çatı Dubleksi,TOPÇULARDA DENİZ MANZARALI SİTEDE 4+1 EMSALSİZ DUBLEKS DAİRE,roof,1,1,0,0,0,detail_and_title,0,title_generic_confirms_detail_subtype,1290109814
Çatı Dubleksi,4+1 Harika Manzaralı Çatı Dubleks,roof,1,1,0,0,0,detail_and_title,0,,1325375332
Çatı Dubleksi,Gölcük Yukarı Mahalle'de 3+1 Satılık Çatı Dubleks Daire,roof,1,1,0,0,0,detail_and_title,0,,1325488135
,MERKEZ EMLAKTAN SATILIK 1+1 ÇATI DUBLEKS DAİRE,roof,1,1,0,0,0,title,0,,1307743437
Dubleks|En Üst Kat|Çatı Dubleksi,DEĞİRMENDERE TOPÇULAR'DA SATILIK 3+1 ÇATI DUBLEKS (YÜKSEK KREDİ),roof,1,1,0,0,0,detail_and_title,0,,1325125056
Çatı Dubleksi,DEĞİRMENDERE MERKEZDE SIFIR BİNA 2+1 ÇATI VE 3+1 BAHÇE DUBLEX,roof,1,1,0,0,0,conflict_detail_wins,1,conflict detail=roof title=garden,1308082669
Çatı Dubleksi,GÖLCÜK'TE SAHİBİNDEN SATILIK SIFIR ÇATI DUBLEKS DAİRE,roof,1,1,0,0,0,detail_and_title,0,,1243167743
Dubleks|Bahçe Dubleksi|Çatı Dubleksi,GÖLCÜK ÇIFTLIK'TE SATILIK EŞYALI 2+1 DAİRELER...,roof,1,1,0,0,0,detail,0,,1228203466
Çatı Dubleksi,"DAĞ VE DENİZ MANZARALI, GENİŞ DUBLEXS",roof,1,1,0,0,0,detail,0,,1316690674
Çatı Dubleksi,"TERASLI, FERAH VE HİÇ OTURULMAMIŞ ÇATI DUBLEKS PİYALE PAŞA MH",roof,1,1,0,0,0,detail_and_title,0,,1307035919
Ara Kat,DEĞİRMENDERE ATATÜRK MAH. SATILIK TASARIM ÇATI DUBLEX DAİRE,roof,1,1,0,0,0,title,0,,1291178987
Bahçe Dubleksi,COLDWELL BANKER ELEXUS GÜVENCESİYLE | ÖZEL BAHÇELİ 3+1 DUBLEKS,garden,1,0,1,0,0,detail_and_title,0,title_generic_confirms_detail_subtype,1311182818
Ara Kat,GÖLCÜK ÇİFTLİK MAHALLESİNDE SATILIK ÇATI DUBLEKS,roof,1,1,0,0,0,title,0,,1293231589
Ara Kat|Çatı Dubleksi,REMAX NATURAL'DEN DEĞİRMENDERE'DE SATILIK 5+1 DUBLEKS DAİRE,roof,1,1,0,0,0,detail_and_title,0,title_generic_confirms_detail_subtype,1235835348
,Ziraat Bankası'ndan Piyalepaşa Mahallesi'nde Dubleks Mesken,standard,1,0,0,0,1,title,0,,1278407184
Çatı Dubleksi,Çatı dubleks,roof,1,1,0,0,0,detail_and_title,0,,1313309042
Çatı Dubleksi,Site İçi Kapanmaz Deniz Manzaralı Satılık Dubleks Daire,roof,1,1,0,0,0,detail_and_title,0,title_generic_confirms_detail_subtype,1324595843
,DEĞİRMENDERE TOPÇULAR MH. ALT-ÜST DUBLEX 3 ODA 1 SALON HAVUZLU,standard,1,0,0,0,1,title,0,,1285205381
,Ziraat Bankası'ndan Çiftlik Mahallesi'nde Dubleks Mesken,standard,1,0,0,0,1,title,0,,1259302653
Bahçe Dubleksi,Gölcük Şehitler Mahallesinde Satılık 3+1 Bahçe Dubleks Daire,garden,1,0,1,0,0,detail_and_title,0,,1296413250
Ara Kat,satilik satilik daire,none,0,0,0,0,0,none,0,,1277339715
Ara Kat,ŞEHİTLER MAHALLESİ 2+1 DAİRE,none,0,0,0,0,0,none,0,,1320494326
Dubleks,TORUNOĞULLARI ORMANİA SİTESİ FERAH 178M2 4+1 DUBLEKS,standard,1,0,0,0,1,detail_and_title,0,,1329635438
,GÖLCÜK YAZLIK MERKEZ MAHALLESİNDE ASANSÖRLÜ 3+1 SATILIK DUBLEKS,standard,1,0,0,0,1,title,0,,1330345461
,HALIDERE SAHİLDE DENİZE SIFIR İSKELE KARŞISINDA 2+1 DAİRE ...,none,0,0,0,0,0,none,0,,1330340479
Bahçe Dubleksi,CB ENVOY Gölcük Hisareyin'de Deniz Manzaralı 3+1 Bahçe Dubleksi,garden,1,0,1,0,0,detail_and_title,0,,1274740830
,SAHİBİNDEN SATILIK 3+1 LÜKS DAİRE,none,0,0,0,0,0,none,0,,1330331140
Ters Dubleks,Tarcanlardan Gölcük Yazlıkta Satılık 3+1 Bahçeli Ters Dubleks,standard,1,0,0,0,1,detail_and_title,0,,1330324360
,GÖLCÜK KAVANİUM 1.ETAP SATILIK TAŞINMAYA HAZIR 3+1,none,0,0,0,0,0,none,0,,1330302368
Çatı Dubleksi,Gölcük Yazlık'ta Manzaralı 2+1 Çatı Dubleks Daire,roof,1,1,0,0,0,detail_and_title,0,,1327363586
,GÖLCÜK HALI DERE GENIŞ 3 + 1,none,0,0,0,0,0,none,0,,1330200733
,3+ 1 Satılık Çatı dubleks daire,roof,1,1,0,0,0,title,0,,1330163148
Çatı Dubleksi,CB ENVOY İhsaniye'de Site İçi Satılık 3+1 Çatı Dubleks Daire,roof,1,1,0,0,0,detail_and_title,0,,1327331753
Ara Kat,HİSAREYN'DE SATILIK LÜKS 3+1 FIRSAT DAİRE,none,0,0,0,0,0,none,0,,1330151454
Çatı Dubleksi,Gölcük Hisareyin'de Deniz Manzaralı 3+1 Çatı Dubleks,roof,1,1,0,0,0,detail_and_title,0,,1274728719
,SINIRSIZ KREDİ İMKANIYLA 3+1 DENİZ MANZARALI ÇATI DUBLEKS DAİRE,roof,1,1,0,0,0,title,0,,1298046958
,Değirmendere'de Satılık 2+1 Çatı Dubleks Daire (ön cephe),roof,1,1,0,0,0,title,0,,1330131554
,KAPTAN EMLAK'TAN 3+1 KULLANIŞLI BAHÇE DUBLEKS DAİRE,garden,1,0,1,0,0,title,0,,1324232915
En Üst Kat,SAHİL CADDESİNDE DENİZE SIFIR 2+1 EŞYALI,none,0,0,0,0,0,none,0,,1330098131
,GÖLCÜKTE 4 +1 DUBLEKS DAİRE,standard,1,0,0,0,1,title,0,,1297000341
,İHSANİYE MERKEZDE 3+1 BALABAN İNŞAAT YAPIMI ÇATI DUBLEKS FIRSATI,roof,1,1,0,0,0,title,0,,1330034676
Çatı Dubleksi,CB ENVOY Ilıca Karşısı Eşyalı 2+1 Çatı Dubleks Satılık Daire,roof,1,1,0,0,0,detail_and_title,0,,1329998290
Ara Kat|Çatı Dubleksi,YAZLIK YENİ MH SATILIK 4+1 ÇATI DUBLEKS,roof,1,1,0,0,0,detail_and_title,0,,1323620214
Bahçe Dubleksi,MÜSTAKİL BAHÇE KULLANIMLI SIFIR LÜX DAİRELER,garden,1,0,1,0,0,detail,0,,1330024084
,HİSAREYN MAH YÜKSEK GİRİŞ 2+1 DAİRE,none,0,0,0,0,0,none,0,,1329812969
Bahçe Dubleksi,GÖLCÜK KARAKÖPRÜ'DE FIRSAT 2+1 BAHÇE DUBLEKS DAİREMİZ,garden,1,0,1,0,0,detail_and_title,0,,1309697757
,NAAZ GRUP INŞAATTA MÜKEMMEL KONUMDA,none,0,0,0,0,0,none,0,,1329748663
,GÖLCÜK HİSAREYN BÖLGESİNDE MAVİ ŞEHİR YANI SATILIK ÇATI DUBLEX,roof,1,1,0,0,0,title,0,,1295549455
Çatı Dubleksi,Gölcük Karaköprü Mahallesinde Düz Ayak Satılık 3+1 Çatı Dubleks,roof,1,1,0,0,0,detail_and_title,0,,1329638914
,İHSANİYE BALABAN CİTY SİTESİNDE ÇATI DUBLEX,roof,1,1,0,0,0,title,0,,1329628568
,YAMAN EMLAK'tan KAVANİUM'da SATILIK 3+1 DAİRE HAVUZ MANZARALI,none,0,0,0,0,0,none,0,,1329631851
,iHSANiYE'DE SATILIK 3+1 ÇATI DUBLEKS DAiRE,roof,1,1,0,0,0,title,0,,1329599734
Çatı Dubleksi,GÖLCÜK HISAREYN DE SİTE İÇERSİNDE SATILIK 3+1 ÇATI DUBLEKS DAİRE,roof,1,1,0,0,0,detail_and_title,0,,1308748013
Ara Kat,3+1 site içerisinde manzaralı,none,0,0,0,0,0,none,0,,1327737448
Çatı Dubleksi,GÖLCÜK KARAKÖPRÜDE ASANSÖRLÜ SATILIK 2.1 DUBLEKS DAİRE,roof,1,1,0,0,0,detail_and_title,0,title_generic_confirms_detail_subtype,1316942282
Bahçe Dubleksi,Rw Nova'dan Örcün'de Müstakil Bahçeli Dubleks Daire,garden,1,0,1,0,0,detail_and_title,0,,1295115808
En Üst Kat,EMA EMLAK KARAKÖPRÜ MAH VİP SİT 3+1 FULL YAPILI 3.KAT ÖNÜ AÇIK .,none,0,0,0,0,0,none,0,,1329649961
Dubleks|En Üst Kat|Çatı Dubleksi,SATILIK 3+1 EĞİMSİZ ÇATI DUBLEKS,roof,1,1,0,0,0,detail_and_title,0,,1329447979
Çatı Dubleksi,YAZLIK YENİMAHALLE'DE GENİŞ VE LÜKS 4+1 ÇATI DUBLEKSİ,roof,1,1,0,0,0,detail_and_title,0,,1326720770
,GÖLCÜK İHSANİYEDE LÜKS 3+1 DUBLEKS DAİRE,standard,1,0,0,0,1,title,0,,1312285374
Bahçe Dubleksi|Ters Dubleks,KARAKÖPRÜ MAHALLESİNDE SATILIK EBEVEYN BANYOLU 4+1 BAHÇEDUBLEX,garden,1,0,1,0,0,detail_and_title,0,,1329603515
Ara Kat,CB ENVOY'dan Ulaşlı'da Sahil Şeridine Sıfır 3+1 Daire,none,0,0,0,0,0,none,0,,1329272607
Ara Kat,Gölcük Ulaşlı'da Ana Yola Cephe Satılık 3+1 Daire,none,0,0,0,0,0,none,0,,1309163770
Çatı Dubleksi,Krediye uygun havuzlu site içinde çatı dublex,roof,1,1,0,0,0,detail_and_title,0,,1329363775
,HİSAREYN KARAKÖPRÜ MH. SATILIK ÇATI DUBLEX DAİRE,roof,1,1,0,0,0,title,0,,1322938440
Çatı Dubleksi,SARAYLI SIFIR 3+1 KÖŞE ÇATI DUBLEKS | ÖNÜ AÇIK | ŞOK ÜZERİ,roof,1,1,0,0,0,detail_and_title,0,,1329352952
Çatı Dubleksi,REMAX NATURAL'DEN DENİZ MANZARALI 3+1 ÇATI DUBLEKS,roof,1,1,0,0,0,detail_and_title,0,,1300049082
Çatı Dubleksi,İHSANİYE MERKEZ MAH.SATILIK 4+2 ÇATI DUBLEX DAİRE,roof,1,1,0,0,0,detail_and_title,0,,1310828246
,Acil acil acil İhsaniye Merkez Mah,none,0,0,0,0,0,none,0,,1329305604
Dubleks|En Üst Kat|Ara Kat,Altınyıldız emlak ihsaniye merkezde satılık daireler,standard,1,0,0,0,1,detail,0,,1283054923
Çatı Dubleksi,TRUE LIFE GAYRİMENKUL'DEN 3+1 Çatı Dubleks Daire,roof,1,1,0,0,0,detail_and_title,0,,1320594703
Bahçe Dubleksi,Gölcük Hisareyin Mavi Şehir'de Satılık 3+1 Bahçe Dubleks Daire,garden,1,0,1,0,0,detail_and_title,0,,1315409036
Çatı Dubleksi,GÖLCÜK YAZLIK DA DENİZ MANZARALI SATILIK 3+1 ÇATI DUBLEX,roof,1,1,0,0,0,detail_and_title,0,,1329684768
,4+1 EBEVEYN BANYOLU BAHÇE DUBLEKS,garden,1,0,1,0,0,title,0,,1329683892
Bahçe Dubleksi,MÜSTAKİL TADINDA ÖZEL BAHÇELİ DUBLEX SİTE İÇİ HAVUZLU DAİRE,garden,1,0,1,0,0,detail_and_title,0,title_generic_confirms_detail_subtype,1320751050
Çatı Dubleksi,CANCANDAN ASARKÖY MERKEZDE SIFIR ÇATI DUBLEX,roof,1,1,0,0,0,detail_and_title,0,,1330033249
Çatı Dubleksi,GÖLCÜK YAZLIK ILICA MEVKİSİNDE SATILIK 3+1 ÇATI DUBLEKS DAİRE,roof,1,1,0,0,0,detail_and_title,0,,1320310961
,AKKOYUN DAN full deniz ve orman manzaralı dubleks,standard,1,0,0,0,1,title,0,,1323551474
,GÖLCÜK YAZLIK AKASYA EVLERİNDE SATILIK 3+1 ÇATI DUBLEX,roof,1,1,0,0,0,title,0,,1248440531
Ara Kat,GÖLCÜK YAZLIM MERKEZİNDE ARA KAT 3+1 KİRALIK DAİRE.,none,0,0,0,0,0,none,0,,1329196076
Bahçe Dubleksi,YAZLIK MERKEZ MAH.190 M2 SATILIK 4+1 BAHÇE DUBLEX DAİRE,garden,1,0,1,0,0,detail_and_title,0,,1310716248
Çatı Dubleksi,GÖLCÜK YAZLIK SATILIK 3+1 ÇATI DUBLEKS 132 M2,roof,1,1,0,0,0,detail_and_title,0,,1323398747
,GÖLCÜK HİSAREYN' DE 4+1 LÜX BAHÇE DUBLEKS,garden,1,0,1,0,0,title,0,,1280808983
Çatı Dubleksi,VİLLA TADINDA MASRAFSZ+MUTFAK TERASLI+ÖZEL YAPIM 5+1 ÜST DUBLEKS,roof,1,1,0,0,0,detail_and_title,0,title_generic_confirms_detail_subtype,1323178731
,ULAŞLI SAHİL DE MÜKEMMEL KONUMDA EŞYALI SATILIK GENİŞ DUBLEKS,standard,1,0,0,0,1,title,0,,1323361845
Çatı Dubleksi,Yazlık Yeni Mah'de. Satılık Geniş ve Ekstralı 3+1 Çatı Dubleks,roof,1,1,0,0,0,detail_and_title,0,,1316216629
,3+1SIFIR SİTE İÇERSİNDE YÜKSEKGİRİŞ ÖZEL BAHÇE ALANLI LÜKS DAİRE,none,0,0,0,0,0,none,0,,1329366450
En Üst Kat,Gölcük Kavaniumda Satılık 1+1 Daire,none,0,0,0,0,0,none,0,,1329026948
Ara Kat|Çatı Dubleksi,GÖLCÜK KARAKÖPRÜDE DOĞA MANZARALI 3+1 SATILIK DUBLEKS DAİRE,roof,1,1,0,0,0,detail_and_title,0,title_generic_confirms_detail_subtype,1323505219
,GÖLCÜK HİSAREYN' DE SATILIK 4+1 LÜX ÇATI DUBLEKS,roof,1,1,0,0,0,title,0,,1281439056
,ListingPortal Sıfır Çatı Dubleks 3+1,roof,1,1,0,0,0,title,0,,1328998870
,iHSANiYE'DE BAHÇELi DENiZ MANZARALI 135m² 2+1 DUBLEKS DAiRE,standard,1,0,0,0,1,title,0,,1329139904
Bahçe Dubleksi,KARAKÖPRÜ'DE GENİŞ BAHÇE KULLANIMLI FERAH 2+1 DUBLEKS FIRSATI,garden,1,0,1,0,0,detail_and_title,0,title_generic_confirms_detail_subtype,1326005889
Çatı Dubleksi,GÖLCÜK KARAKÖPRÜ MAH. SATILIK 4+1 ÇATI DUBLEKS,roof,1,1,0,0,0,detail_and_title,0,,1317609801
,HİSAREYNDE SATILIK SIFIR 3+1 BAHÇE DUBLEKS,garden,1,0,1,0,0,title,0,,1295283260
Çatı Dubleksi,GÖLCÜK YAZLIK MERKEZDE TERASLI DUBLEKS 3+1 GENİŞ YAŞAM!,roof,1,1,0,0,0,detail_and_title,0,title_generic_confirms_detail_subtype,1311807214
Dubleks|En Üst Kat|Çatı Dubleksi,GÖLCÜK HİSAREYN' DE 4+1 SATILIK LÜX ÇATI DUBLEKS,roof,1,1,0,0,0,detail_and_title,0,,1280794977
,%80KREDİ/TAMAMIMA FİNANS! 3+1 DENİZ MANZ.SİTE İÇİ ÜST DUBLEKS,standard,1,0,0,0,1,title,0,,1325849357
,YAMAN EMLAK'tan SATILIK I-4 BAHÇE DUBLEX MAVİŞEHİR SİTESİ,garden,1,0,1,0,0,title,0,,1316964176
,SATILIK 5+1 GENİŞ ÇATI DUBLEKS,roof,1,1,0,0,0,title,0,,1325822289
Bahçe Dubleksi,HİSAREYNDE SİTE İÇERİSİNDE MÜSTAKİL TADINDA BAHÇE DUBLEX,garden,1,0,1,0,0,detail_and_title,0,,1322548228
,listing_portal satlık,none,0,0,0,0,0,none,0,,1328668421
Bahçe Dubleksi,GÖLCÜK YAZLIK MERKEZDE SATILIK 3+1 KENDİNE AİT BAHÇELİ DUBLEKS,garden,1,0,1,0,0,detail_and_title,0,,1328628499
,YAMAN EMLAK'tan SATILIK B-8 ÇATI DUBLEX 3+1 MAVİŞEHİR SİTESİ,roof,1,1,0,0,0,title,0,,1316961024
Ara Kat,SAHİBİNDEN MASRAFSIZ YATIRIMA UYGUN 1+1 EŞYALI SATILIK DAİRE,none,0,0,0,0,0,none,0,,1328538488
,KAVANIUM LÜKS 2+1 FULL YAPILI ARAKAT,none,0,0,0,0,0,none,0,,1328715834
Bahçe Dubleksi,REMAX DREAMDEN GÖLCÜK YAZLIK ILICA KARŞISI 2+1 FIRSAT DAİRE,garden,1,0,1,0,0,detail,0,,1328440455
,ÖRCÜN YOLUNDA TEMİZ ÇATI DUBLEKS,roof,1,1,0,0,0,title,0,,1315487613
Bahçe Dubleksi,YAMAN EMLAK'tan SATILIK F-3 B AHÇE DUBLEX 3+1 MAVİŞEHİRDE,garden,1,0,1,0,0,detail_and_title,0,title_generic_confirms_detail_subtype,1316924371
Çatı Dubleksi,Karaköprü'de Geniş Teraslı 3+1 Satılık Çatı Dubleks,roof,1,1,0,0,0,detail_and_title,0,,1297641649
,TANYILDIZ - GÖLCÜK / YAZLIK 3+1 ÇATI DUBLEKS MERKEZİ KONUM,roof,1,1,0,0,0,title,0,,1328306538
Bahçe Dubleksi,İhsaniye'de Çamaşır Odalı 2+1 Bahçe Dubleks,garden,1,0,1,0,0,detail_and_title,0,,1325364362
,ihsaniye cadde üzeri 3+1 ara kat daire,none,0,0,0,0,0,none,0,,1317008883
,HİSAREYN KARAKÖPRÜ'DE SATILIK 3+1 EĞİMSİZ ÇATI DUBLEKS,roof,1,1,0,0,0,title,0,,1328613281
Bahçe Dubleksi,BALABAN CİTY'DEN SATILIK 3+1 BAHÇE DUBLEKSİ,garden,1,0,1,0,0,detail_and_title,0,,1327581444
,"3+1 Çatı Dubleks, 3 yıllık Bina. Sorunsuz komşular",roof,1,1,0,0,0,title,0,,1328123742
Bahçe Dubleksi,ASAYRA EMLAK TAN GÖLCÜK YAZLIK TA 3+1SATILIK BAHÇE DUBLEX,garden,1,0,1,0,0,detail_and_title,0,,1293837322
,YAMAN EMLAK'tan SATILIK J-8 ÇATI DUBLEX 3+1 MAVİ ŞEHİR SİTESİNDE,roof,1,1,0,0,0,title,0,,1317476438
Ara Kat,YAZLIK ILICA MEVKİİ 4+1 ÇATI DUBLEKS DAİRE- YERDEN ISITMA,roof,1,1,0,0,0,title,0,,1274317076
Dubleks,İHSANİYENİN KALBİNDE BALABAN İNŞAATTAN 2+1 ÇATI DUBLEKS!,standard,1,0,0,0,1,conflict_detail_wins,1,conflict detail=standard title=roof,1313012399
Çatı Dubleksi,ERENOĞLU Gmden Gölcük Halıderede Satılık Deniz Manzaralı Daire,roof,1,1,0,0,0,detail,0,,1328045659
,FIRSAT İHSANİYE ANA CADDE ÜSTÜ 3+1 SIFIR ÇATI DUBLEKS DAİRE,roof,1,1,0,0,0,title,0,,1315707234
Çatı Dubleksi,GÖLCÜK YAZLIK YENİ MAHALLE'DE HİÇ OTURULMAMIŞ 3+1 ÇATI DUBLEKS,roof,1,1,0,0,0,detail_and_title,0,,1322063579
Ara Kat|Çatı Dubleksi,YAZLIK YENİ MAHALLE'DE HİÇ OTURULMAMIŞ 4+1 EĞİMSİZ ÇATI DUBLEKS,roof,1,1,0,0,0,detail_and_title,0,,1322057074
Bahçe Dubleksi,Ilıca'da Modern 2+1 Dubleks Daire: Şehir & Doğa İçinde,garden,1,0,1,0,0,detail_and_title,0,title_generic_confirms_detail_subtype,1299612733
Dubleks,İhsaniye Çarşı Merkezde Satılık 2+1 Çatı Dubleks Daire,standard,1,0,0,0,1,conflict_detail_wins,1,conflict detail=standard title=roof,1324812744
Bahçe Dubleksi,GÖLCÜK YENİKÖY YAZLIK KİRACILI 4+1 BAHÇE DUBLEKS,garden,1,0,1,0,0,detail_and_title,0,,1324809652
Bahçe Dubleksi,Gölcük Karaköprü'de Satılık 3+1 Bahçe Dubleks Daire,garden,1,0,1,0,0,detail_and_title,0,,1322010768
,GÖLCÜK YAZLIK YENİ MAHALLE'DE SATILIK 3+1 ÇATI DUBLEKS,roof,1,1,0,0,0,title,0,,1315721922
Bahçe Dubleksi,"GÖLCÜK HİSAREYN SATILIK 180 m2, 4+1 BAHÇE DUBLEKS",garden,1,0,1,0,0,detail_and_title,0,,1309135627
,DEĞİRMENDERE ÖRCÜNDE LÜKS 3+1 ÇATI DUBLEX,roof,1,1,0,0,0,title,0,,1318625328
Bahçe Dubleksi,DEĞİRMENDERE DE SATILIK EŞYALI 3+1 BAHÇE DUBLEKS DAİRE,garden,1,0,1,0,0,detail_and_title,0,,1327649656
Dubleks,Araç takası uygun Yazlık ılıca tesisleri karşında cadde üstü,standard,1,0,0,0,1,detail,0,,1277831887
,BAHÇEKULANIMLI VILLA TADINDA SATILIK 3+1SİTEİÇİ BAHÇE DUBLEKS,garden,1,0,1,0,0,title,0,,1321729509
Dubleks|Çatı Dubleksi,Süper Deniz ve Doğa Manzaralı Ebeveyn Banyolu Dubleks Takas Var,roof,1,1,0,0,0,detail_and_title,0,title_generic_confirms_detail_subtype,1302063625
Bahçe Dubleksi,İHSANİYE'DE BAHÇE KULANIMLI 4+1 DUBLEKS DAİREMİZ SATILIKTIR.!,garden,1,0,1,0,0,detail_and_title,0,title_generic_confirms_detail_subtype,1298021999
Dubleks|Bahçe Dubleksi,Hisareyn Mavi Şehirde 3+1 lüks Çatı Dubleks,garden,1,0,1,0,0,conflict_detail_wins,1,conflict detail=garden title=roof,1310292070
Dubleks|En Üst Kat|Çatı Dubleksi,GÖLCÜK YAZLIK'TA D130'A YAKIN SATILIK GENİŞ 3+1 ÇATI DUBLEKS,roof,1,1,0,0,0,detail_and_title,0,,1304628488
,HALIDERE YALI MH. SATILIK 3+1 ÇATI DUBLEX DAİRE,roof,1,1,0,0,0,title,0,,1321774171
Dubleks|Çatı Dubleksi,LUXORA'DA GÖLCÜK KARAKÖPRÜ MAH'DE SATILIK 3+1 ÇATI DUBLEKS DAİRE,roof,1,1,0,0,0,detail_and_title,0,,1321549512
,GÖLCÜK KARAKÖPRÜ ROYAL BLUE SİTESİNDE SATILIK 4+1 BAHÇE DUBLEKS,garden,1,0,1,0,0,title,0,,1321308677
Çatı Dubleksi,GÖLCÜK BARIŞ İNŞ VİZYON DELUXE 3 SİTESİNDE SATILIK ÇATI DUBLEKS,roof,1,1,0,0,0,detail_and_title,0,,1327305292
Bahçe Dubleksi,INVEST GLOBEL'DEN KARAKÖPRÜ'DE SATILIK 3+1 BAHÇE DUBLEKS DAİRE,garden,1,0,1,0,0,detail_and_title,0,,1309604294
En Üst Kat|Çatı Dubleksi,EMLAK YATIRIM'DAN İHSANİYE'DE LÜX 3+1 ÇATI DUBLEX,roof,1,1,0,0,0,detail_and_title,0,,1309840975
,YAZLIK ILICA YAKININDA 2+1 SÜPER MANZARALI ÇATI DUBLEX,roof,1,1,0,0,0,title,0,,1254696766
,3+1 EĞİMSİZ ÇATI DUBLEKS,roof,1,1,0,0,0,title,0,,1316624714
,TANYILDIZ- GÖLCÜK / YAZLIK 2+1 BAHÇE DUBLEKS GENİŞ,garden,1,0,1,0,0,title,0,,1327162098
Çatı Dubleksi,İHSANİYE MERKEZ 4+1 ÇATI DUBLEKS 175 m2 DAİREMİZ SATILIKTIR.,roof,1,1,0,0,0,detail_and_title,0,,1321091927
Dubleks|En Üst Kat|Çatı Dubleksi,SAHİBİNDEN YAZLIK YENİ MAHALLEDE 3+1 ÇATI DUBLEKS SATILIK DAİRE,roof,1,1,0,0,0,detail_and_title,0,,1326822791
Çatı Dubleksi,ÇATI DUBLEKS 4+1,roof,1,1,0,0,0,detail_and_title,0,,1326791211
Çatı Dubleksi,YAZLIK'TA FIRSATI 3+1 ÇATI DUBLEKS SATILIK DAİRE,roof,1,1,0,0,0,detail_and_title,0,,1326782411
,3+1 SIFIR TERS DUBLEKS,standard,1,0,0,0,1,title,0,,1321996122
,ŞERİT GAYRİMENKUL'DEN HİSAREYNDE 3+1 DUBLEKS,standard,1,0,0,0,1,title,0,,1291810544
,ŞOKKK FİYAT İHSANİYE MERKEZ'DE SiTE İÇERİSİNDE 3+1 BAHÇE DUBLEKS,garden,1,0,1,0,0,title,0,,1320629586
Bahçe Dubleksi,YAZLIK'TA FIRSATI 3+1 BAHÇE DUBLEKS SATILIK DAİRE,garden,1,0,1,0,0,detail_and_title,0,,1326739436
Ara Kat,HİSAREYNDE FULL DENİZ MANZARALI 3+1 146 M2 ÇATI DUBLEX,roof,1,1,0,0,0,title,0,,1320396473
Dubleks|En Üst Kat|Çatı Dubleksi,YAZLIK MERKEZDE 3+1 ÇATI DUBLEKS DAİRE SATIŞLARIMIZ BAŞLAMIŞTIR,roof,1,1,0,0,0,detail_and_title,0,,1255273881
Bahçe Dubleksi,GÖLCÜK DEĞİRMENDERE-ÖRCÜN SİTE İÇERİSİNDE BAHÇE DUBLEKS,garden,1,0,1,0,0,detail_and_title,0,,1315073481
,3+1 SIFIR ÇATI DUBLEKS,roof,1,1,0,0,0,title,0,,1327871863
,KW ARVEN'den HİSAREYN'de HAVUZLU SİTE 3+1 BAHÇE DUBLEX CAMBALKON,garden,1,0,1,0,0,title,0,,1309154374
Çatı Dubleksi,YAZLIK'TA YATIRIMLIK VE KONFORLU 4+1 DUBLEKS SATILIK DAİRE,roof,1,1,0,0,0,detail_and_title,0,title_generic_confirms_detail_subtype,1308722171
,GÖLCÜK KARAKÖPRÜ 4+1 ÇATI DUBLEKS SATILIK DAİRE,roof,1,1,0,0,0,title,0,,1314651423
Dubleks|Bahçe Dubleksi,Remax Çakra'dan Satılık 3+1 Deniz Manzaralı Bahçe Dubleks,garden,1,0,1,0,0,detail_and_title,0,,1308251988
Dubleks|En Üst Kat|Çatı Dubleksi,KOCAELİ YAZLIK YENİ MAHALLE GENİŞ 3+1 SATILIK DUBLEKS DAİRE,roof,1,1,0,0,0,detail_and_title,0,title_generic_confirms_detail_subtype,1315256978
,GÖLCÜK YAZLIK MAH. FERAH 3+1 SATILIK ÇATI DUBLEKS,roof,1,1,0,0,0,title,0,,1309524999
Dubleks|Çatı Dubleksi,CB ELEXUS | DENİZ MANZARALI 3+1 ÇATI DUBLEKS,roof,1,1,0,0,0,detail_and_title,0,,1308944206
,TANYILDIZ- GÖLCÜK / KARAKÖPRÜ 3+1 BAHÇE DUBLEKS,garden,1,0,1,0,0,title,0,,1326567289
,SINIRSIZ KREDİ İMKANLI 3+1 SIFIR ÇATI DUBLEKS,roof,1,1,0,0,0,title,0,,1299324745
Çatı Dubleksi,KARAKÖPRÜDE 4+1 ÇATI DUBLEKSİ DAİRE (TEMMUZ AYINA ÖZEL FİYATA),roof,1,1,0,0,0,detail_and_title,0,,1250302584
Dubleks|Çatı Dubleksi,Karaköprü'de 4+1 Çatı Dubleks Ferah Eşyalı Satılık Daire,roof,1,1,0,0,0,detail_and_title,0,,1320258289
En Üst Kat|Çatı Dubleksi,EMLAK YATIRIM'DAN DENİZ & DOĞA MANZARALI 3+1 LÜX ÇATI DUBLEX,roof,1,1,0,0,0,detail_and_title,0,,1313038506
Dubleks|Çatı Dubleksi,YAZLIKDA 2+1 SATILIK DUBLEX DENİZ MANZARALI,roof,1,1,0,0,0,detail_and_title,0,title_generic_confirms_detail_subtype,1312183887
,Gizem Emlak'tan Mavişehirde 3+1 Lüks Çatı Dubleks,roof,1,1,0,0,0,title,0,,1319348861
,NAAZ GRUP İNŞAAT TAN ASANSÖRLÜ EĞİMSİZ LÜKS ÇATI DUBLEKS,roof,1,1,0,0,0,title,0,,1325341623
Çatı Dubleksi,SATILIK DOĞAL IŞIK ALAN 3+1 LÜKS DUBLEX DAİRE,roof,1,1,0,0,0,detail_and_title,0,title_generic_confirms_detail_subtype,1325362828
Bahçe Dubleksi,NETA GAYRİMENKULDEN YAZLIK BÖLGESİNDE 3+1 BAHÇE DUBLEKS DAİRE,garden,1,0,1,0,0,detail_and_title,0,,1308226560
,RE/MAX DREAM'DEN SATILIK 3+1 DUBLEKS DAİRE,standard,1,0,0,0,1,title,0,,1313453743
,TANYILDIZ - GÖLCÜK HİSAREYN 3+1 BAHÇE DUBLEKS FIRSAT DAİRE,garden,1,0,1,0,0,title,0,,1313777863
Bahçe Dubleksi,YAZLIK MERKEZDE SIFIR BAHÇE DUBLEKS 3+1 DAİRE SATILIK,garden,1,0,1,0,0,detail_and_title,0,,1313396992
,SINIRSIZ KREDİ İMKANLI 3+1 ÇATI DUNLEKS,none,0,0,0,0,0,none,0,,1307901721
Ara Kat|Çatı Dubleksi,"Barış İnşaat'tan Satılık 4+1 Çatı Dubleks, 210m², Havuzlu Site",roof,1,1,0,0,0,detail_and_title,0,,1284229036
Bahçe Dubleksi,YAZLIK MERKEZ 2+1 TERS DUBLEX,garden,1,0,1,0,0,detail_and_title,0,title_generic_confirms_detail_subtype,1278897768
,REMAXDREAM'DE SATILIK 3+1 EĞİMSİZ DUBLEKS,standard,1,0,0,0,1,title,0,,1319071684
Dubleks,HİSAREYN'DE SATILIK 3+1 BAHÇE DUBLEKS,standard,1,0,0,0,1,conflict_detail_wins,1,conflict detail=standard title=garden,1324889282
,3+1 158 M2 EBEVEYN BANYOLU SIFIR ÇATI DUBLEKS,roof,1,1,0,0,0,title,0,,1264069810
,4+1 SIFIR EĞİMSİZ ÇATI DUBLEKS,roof,1,1,0,0,0,title,0,,1327057725
Dubleks|Çatı Dubleksi,TANYILDIZ-GÖLCÜK KARAKÖPRÜ FIRSAT SATILIK ÇATI DUBLEKS DAİRE,roof,1,1,0,0,0,detail_and_title,0,,1307609279
,3+1 118 M2 SIFIR BAHÇE DUBLEKS,garden,1,0,1,0,0,title,0,,1307806206
,4+1 171 M2 SIFIR ÇATI DUBLEKS,roof,1,1,0,0,0,title,0,,1296367621
