district,sale_pred_old,sale_pred_new,sale_diff_tl_m2,sale_diff_pct,warning
missing,26207.97805885508,34579.378236022465,8371.400177167387,0.31942182484920395,
