rows,r2,log_r2,mape,median_ape,mae_tl_per_m2,median_ae_tl_per_m2,slice
283,0.2630223591271773,0.28623509727516905,0.1291487770473274,0.10680168199271949,5374.833357227731,4307.732008489853,all_rows
282,0.2589268456178745,0.28201477555503607,0.1286173677573057,0.10645842414637915,5366.4376529550345,4306.229600362101,score_lt_25
283,0.2630223591271773,0.28623509727516905,0.1291487770473274,0.10680168199271949,5374.833357227731,4307.732008489853,score_lt_45
