is_large_home,n,mape,mae,mean_actual,mean_pred
0,205,0.12406939453929514,5355.643350112753,42328.824,41508.15268524232
1,78,0.1424984362030533,5425.268632337611,38712.0582051282,40142.7688476967
