county,n_tests,mean_abs_diff_tl_m2,mean_abs_diff_pct,pass_rate
Başiskele,8,1542.8625820252537,0.04073395711670387,1.0
Gölcük,8,1642.8466144989297,0.042931810866128725,0.875
Karamürsel,8,1642.8466144989297,0.042931810866128725,0.875
İzmit,8,1642.8466144989297,0.042931810866128725,0.875
