county,rows,r2,log_r2,mape,median_ape,mae_tl_per_m2,median_ae_tl_per_m2
Başiskele,283,0.2630223591271773,0.28623509727516905,0.1291487770473274,0.10680168199271949,5374.833357227731,4307.732008489853
