county,n,mape,mae,mean_bias,r2
Başiskele,283,0.1291487770473274,5374.833357227731,-200.1490791695516,0.2630223591271773
