district,sale_pred_old,sale_pred_new,sale_diff_tl_m2,sale_diff_pct,warning
missing,38896.27283847418,41798.51723640109,2902.2443979269083,0.07461497429275944,
