segment,rows,r2,log_r2,mape,median_ape,mae_tl_per_m2,median_ae_tl_per_m2,model
mainstream_home,185,0.10866536169464469,0.15295573118627448,0.1262698368681753,0.10599250333253626,5345.891478370945,4259.044839552356,gradient_boosting
mainstream_home,185,0.09670191934467898,0.13805058710199458,0.12700682366900728,0.10088803977757314,5359.858749433959,3963.458273170203,random_forest
mainstream_home,185,0.08528929701709442,0.13115607751851133,0.12869366885337874,0.10584071795357129,5370.712282306721,4358.43786740872,ridge
mainstream_home,185,0.07819263779552987,0.11657151770778906,0.1300447021449532,0.10414229126347718,5462.243844494897,4007.51884975965,extra_trees
