rows,r2,log_r2,mape,median_ape,mae_tl_per_m2,median_ae_tl_per_m2,model
283,0.24485301651733316,0.26849335878586456,0.12905902901692204,0.1066167629354858,5386.867983093759,4337.253562694845,extra_trees
283,0.2403262971118968,0.2587511144461132,0.13158588576619773,0.1087815201383011,5479.524282172312,4322.744639771801,gradient_boosting
283,0.2172129395168062,0.22971185627821933,0.13440476737244056,0.10805680584207923,5570.72441868536,4370.503065145538,random_forest
283,0.14735032317880536,0.17037410060614055,0.1380202058242476,0.11644839191062956,5763.941864852954,4540.69351345882,ridge
