county,n,mape,mae,mean_bias,r2
Başiskele,944,0.10856992066015614,4433.921567328007,-510.4544882326671,0.48008552926381
