district,sale_pred_old,sale_pred_new,sale_diff_tl_m2,sale_diff_pct,warning
missing,43787.62916097968,48250.34811562491,4462.718954645228,0.10191734606682189,
