county,n,mape,mae,mean_bias,r2
Başiskele,919,0.10552770010188577,4345.076219083126,-406.4809830527088,0.5059022056902565
