county,n,mape,mae,mean_bias,r2
Başiskele,919,0.10757159863861498,4430.4688407847625,-443.95296653648074,0.4911092847374461
