raw_name,proposed_canonical_id,reason,frequency,mean_residual,needs_manual_review,mean_price,median_price
eskidjiden izmit iztop park,eskidjiden_iztop_park,low_freq_kept_separate_review,1,,True,,
Vadi İzmit,ritim_vadi_evleri,near_dict_not_merged_conservative,17,,True,,
Kavanium İzmit Evleri 819 Ada,kavanium_evleri_819_ada,low_freq_kept_separate_review,2,,True,,
myra-3 sitesi,myra_3,low_freq_kept_separate_review,1,,True,,
Çepni Corner Park,cepni_corner_park,low_freq_kept_separate_review,1,,True,,
Yeni Akarca Konutları,akarca,low_freq_kept_separate_review,1,,True,,
alikahya ve dumlupinar sinirinda site,alikahya_ve_dumlupinar_sinirinda,low_freq_kept_separate_review,1,,True,,
Up Town Evleri 2. Etap,up_town_evleri_2,low_freq_kept_separate_review,1,,True,,
Up Town Evleri 1. Etap,up_town_evleri_1,low_freq_kept_separate_review,2,,True,,
Up Town Evleri 1. Etap,up_town_evleri_1,low_freq_kept_separate_review,2,,True,,
Vadi İzmit,ritim_vadi_evleri,near_dict_not_merged_conservative,17,,True,,
ten yuvam akarca konutlari,ten_yuvam_akarca,low_freq_kept_separate_review,1,,True,,
Muasır Kent Sitesi,muasir_kent,low_freq_kept_separate_review,1,,True,,
Kartanesi Sitesi,kartanesi,low_freq_kept_separate_review,1,,True,,
komsu hem yasam hem de oturumluk rezidans,komsu_hem_yasam_hem_de_oturumluk,low_freq_kept_separate_review,1,,True,,
Vadi İzmit,ritim_vadi_evleri,near_dict_not_merged_conservative,17,,True,,
ekol'den karadenizliler mah./hls yapi' da site,ekol_den_karadenizliler_mah_hls_yapi_da,low_freq_kept_separate_review,1,,True,,
izmit sehir hastanesi karsisi sarkent evleri,sehir_hastanesi_karsisi_sarkent,low_freq_kept_separate_review,1,,True,,
remax dream'den 80 kredi eminevime uygun site,remax_dream_den_80_kredi_eminevime_uygun,low_freq_kept_separate_review,1,,True,,
remax effect ten kocaeli gundogdu bayindirlik konutlari,remax_effect_ten_gundogdu_bayindirlik,low_freq_kept_separate_review,2,,True,,
gundogdu havuzlu asansorlu site,gundogdu_havuzlu_asansorlu,low_freq_kept_separate_review,1,,True,,
Almira Sitesi,almira,low_freq_kept_separate_review,2,,True,,
tarcanlardan gundogdu eren life,tarcanlardan_gundogdu_eren_life,low_freq_kept_separate_review,2,,True,,
Almira Sitesi,almira,low_freq_kept_separate_review,2,,True,,
izmit yesilova liva park,yesilova_liva_park,low_freq_kept_separate_review,1,,True,,
tarcanlar'dan gundogdu eren life,tarcanlar_dan_gundogdu_eren_life,low_freq_kept_separate_review,1,,True,,
izmit kabaoglu satilik havuzlu site,kabaoglu_havuzlu,low_freq_kept_separate_review,1,,True,,
Güney Park Çayırköy,guney_park_cayirkoy,low_freq_kept_separate_review,2,,True,,
Cef City Gölpark,cef_city_golpark,low_freq_kept_separate_review,2,,True,,
MK Teras,mk_teras,low_freq_kept_separate_review,2,,True,,
Yeşilova Konakları,yesilova_konaklari,low_freq_kept_separate_review,1,,True,,
Aslantaş Plus,aslantas_plus,low_freq_kept_separate_review,1,,True,,
izmit arizli toki konutlari,arizli_toki,low_freq_kept_separate_review,1,,True,,
TOKİ Konutları 185. Ada,toki_konutlari_185_ada,low_freq_kept_separate_review,1,,True,,
Terrace,terrace,low_freq_kept_separate_review,1,,True,,
Avlu Residence,avlu,low_freq_kept_separate_review,1,,True,,
Tepe Residence,tepe,low_freq_kept_separate_review,1,,True,,
Anakent Sitesi,anakent,low_freq_kept_separate_review,2,,True,,
Manzara İzmit Evleri,manzara,low_freq_kept_separate_review,2,,True,,
Kavan TRY,kavan_try,low_freq_kept_separate_review,1,,True,,
asayra dan bayindirlik kalici konutlari,asayra_dan_bayindirlik_kalici,low_freq_kept_separate_review,1,,True,,
Cef City Gölpark,cef_city_golpark,low_freq_kept_separate_review,2,,True,,
Güney Park Çayırköy,guney_park_cayirkoy,low_freq_kept_separate_review,2,,True,,
kocaeli izmit cayirkoy premiumda site,cayirkoy_premiumda,low_freq_kept_separate_review,1,,True,,
Uğur Sitesi,ugur,low_freq_kept_separate_review,1,,True,,
Burçin Sitesi,burcin,low_freq_kept_separate_review,2,,True,,
Türkkablo Sitesi,turkkablo,low_freq_kept_separate_review,1,,True,,
izmit sea life 41 sitesi,sea_life_41,low_freq_kept_separate_review,2,,True,,
İremkent Sitesi,iremkent,low_freq_kept_separate_review,2,,True,,
remax dream'den plaj yolunda site,remax_dream_den_plaj_yolunda,low_freq_kept_separate_review,1,,True,,
kurucesme fatih mahallesi site,kurucesme_fatih_mahallesi,low_freq_kept_separate_review,1,,True,,
Onur Sitesi,onur,low_freq_kept_separate_review,2,,True,,
izmit kurucesmenin ustu site,kurucesmenin_ustu,low_freq_kept_separate_review,1,,True,,
Vista Evleri,vista,low_freq_kept_separate_review,2,,True,,
plajyolu avangard projesi,plajyolu_avangard,low_freq_kept_separate_review,1,,True,,
Vista Evleri,vista,low_freq_kept_separate_review,2,,True,,
remax plaj yolu deniz manzarali site,remax_plaj_yolu_deniz_manzarali,low_freq_kept_separate_review,1,,True,,
Yelken Park Evleri,yelken_park,low_freq_kept_separate_review,2,,True,,
Zorlu Sitesi,zorlu,low_freq_kept_separate_review,2,,True,,
tanyildiz-izmit/kurucesme butik site,tanyildiz_izmit_kurucesme_butik,low_freq_kept_separate_review,1,,True,,
Balaban Yüksel Sitesi,balaban_yuksel,low_freq_kept_separate_review,2,,True,,
plajyolunda site,plajyolunda,low_freq_kept_separate_review,2,,True,,
Erdağı Sitesi,erdagi,low_freq_kept_separate_review,1,,True,,
La Vida Park Evleri,la_vida_park,low_freq_kept_separate_review,1,,True,,
Zorlu Sitesi,zorlu,low_freq_kept_separate_review,2,,True,,
izmit plajyolunda site,plajyolunda,low_freq_kept_separate_review,2,,True,,
Türköz Sitesi,turkoz,low_freq_kept_separate_review,2,,True,,
Seka Akgün Sitesi,seka_akgun,low_freq_kept_separate_review,1,,True,,
Onur Siteleri,onur_siteleri,low_freq_kept_separate_review,1,,True,,
kurucesme oluklu sitesi,kurucesme_oluklu,low_freq_kept_separate_review,1,,True,,
Türköz Sitesi,turkoz,low_freq_kept_separate_review,2,,True,,
sifir satilik izmit sirintepe sea life,sifir_sirintepe_sea_life,low_freq_kept_separate_review,1,,True,,
Soğucak Evleri,sogucak,low_freq_kept_separate_review,1,,True,,
tarcanlardan kurucesmede site,tarcanlardan_kurucesmede,low_freq_kept_separate_review,1,,True,,
Uygun Sitesi,uygun,low_freq_kept_separate_review,1,,True,,
Çınar Vadisi Konakları,cinar_vadisi_konaklari,low_freq_kept_separate_review,1,,True,,
Feza Sitesi,feza,low_freq_kept_separate_review,2,,True,,
Erim Sitesi,erim,low_freq_kept_separate_review,1,,True,,
Dostluk 6 Sitesi,dostluk_6,low_freq_kept_separate_review,1,,True,,
plajyolunun en prestijli sitesi,plajyolunun_en_prestijli,low_freq_kept_separate_review,1,,True,,
deniz manzarali site,deniz_manzarali,low_freq_kept_separate_review,1,,True,,
kurucesme deniz manzarali site,kurucesme_deniz_manzarali,low_freq_kept_separate_review,2,,True,,
Akar Sitesi,akar,low_freq_kept_separate_review,2,,True,,
Ateş Sitesi,ates,low_freq_kept_separate_review,1,,True,,
RBS Yaşam Sitesi,rbs_yasam,low_freq_kept_separate_review,1,,True,,
plajyolu site,plajyolu,low_freq_kept_separate_review,1,,True,,
Feza Sitesi,feza,low_freq_kept_separate_review,2,,True,,
Barış Sitesi 2,baris_sitesi_2,low_freq_kept_separate_review,1,,True,,
plajyolu bozdag sitesi,plajyolu_bozdag,low_freq_kept_separate_review,1,,True,,
Burçin Sitesi,burcin,low_freq_kept_separate_review,2,,True,,
Sahilkent Sitesi,sahilkent,low_freq_kept_separate_review,1,,True,,
Altınevler Sitesi,altinevler,low_freq_kept_separate_review,1,,True,,
Dünya Bankası Konutları 23. Ada,dunya_bankasi_konutlari_23_ada,low_freq_kept_separate_review,1,,True,,
yesilova merkezi yerde karpay rezidans,yesilova_merkezi_yerde_karpay,low_freq_kept_separate_review,1,,True,,
Şehrin Yıldızı Sitesi,sehrin_yildizi,low_freq_kept_separate_review,1,,True,,
full esyali rezidans,full,low_freq_kept_separate_review,2,,True,,
Dünya Bankası Konutları 18. Ada,dunya_bankasi_konutlari_18_ada,low_freq_kept_separate_review,1,,True,,
Hanife Sultan Sitesi,hanife_sultan,low_freq_kept_separate_review,2,,True,,
remax dream dunya bankasi konutlari,remax_dream_dunya_bankasi,low_freq_kept_separate_review,1,,True,,
gundogdu dorukkent1 sitesi,gundogdu_dorukkent1,low_freq_kept_separate_review,1,,True,,
Dünya Bankası Konutları 2. Ada,dunya_bankasi_konutlari_2_ada,low_freq_kept_separate_review,1,,True,,
Bağtepe Evleri,bagtepe,low_freq_kept_separate_review,1,,True,,
Dünya Bankası Konutları 27. Ada,dunya_bankasi_konutlari_27_ada,low_freq_kept_separate_review,1,,True,,
celik-ay'dan yesilova zumra sit,celik_ay_dan_yesilova_zumra,low_freq_kept_separate_review,1,,True,,
Lilyum Park 2 Evleri,lilyum_park_2,low_freq_kept_separate_review,1,,True,,
full esyali hazir kiracili son satilik rezidans,full_hazir_kiracili_son,low_freq_kept_separate_review,1,,True,,
Vadikent Konutları,vadikent,low_freq_kept_separate_review,1,,True,,
Akçakoca Üniversite Evleri,akcakoca_universite,low_freq_kept_separate_review,1,,True,,
Dünya Bankası Konutları 3. Ada,dunya_bankasi_konutlari_3_ada,low_freq_kept_separate_review,1,,True,,
Dünya Bankası Konutları 24. Ada,dunya_bankasi_konutlari_24_ada,low_freq_kept_separate_review,1,,True,,
Dünya Bankası Konutları 14. Ada,dunya_bankasi_konutlari_14_ada,low_freq_kept_separate_review,1,,True,,
izmit kent,panoramakent,near_dict_not_merged_conservative,6,,True,,
izmit kent,bahcekent_konutlari,near_dict_not_merged_conservative,6,,True,,
izmit kent,kirazli_kent,near_dict_not_merged_conservative,6,,True,,
izmit kent,zeraykent_yuvacik,near_dict_not_merged_conservative,6,,True,,
izmit'te akcakent sitesi,izmit_te_akcakent,low_freq_kept_separate_review,1,,True,,
vadi residence,ritim_vadi_evleri,near_dict_not_merged_conservative,17,,True,,
Dünya Bankası Konutları 9. Ada,dunya_bankasi_konutlari_9_ada,low_freq_kept_separate_review,1,,True,,
invest global'den yesilova alfa rezidans,invest_global_den_yesilova_alfa,low_freq_kept_separate_review,1,,True,,
Dünya Bankası Sitesi - 30. Ada,dunya_bankasi_sitesi_30_ada,low_freq_kept_separate_review,1,,True,,
yesilova mah. site,yesilova_mah,low_freq_kept_separate_review,1,,True,,
Vega Residence,vega,low_freq_kept_separate_review,1,,True,,
Oluklu Özön Sitesi,oluklu_ozon,low_freq_kept_separate_review,2,,True,,
Oluklu Özon Sitesi,oluklu_ozon,low_freq_kept_separate_review,2,,True,,
Natural İzmit,natural,low_freq_kept_separate_review,1,,True,,
Dünya Bankası Konutları 17. Ada,dunya_bankasi_konutlari_17_ada,low_freq_kept_separate_review,1,,True,,
Sudeks Bağçeşme Konutları,sudeks_bagcesme,low_freq_kept_separate_review,1,,True,,
Dünya Bankası Konutları,dunya_bankasi,low_freq_kept_separate_review,2,,True,,
FND Smart Side,fnd_smart_side,low_freq_kept_separate_review,1,,True,,
liya residence,liya,low_freq_kept_separate_review,1,,True,,
Ata Sitesi,ata,low_freq_kept_separate_review,2,,True,,
Dünya Bankası Konutları 21. Ada,dunya_bankasi_konutlari_21_ada,low_freq_kept_separate_review,1,,True,,
izmit kent,panoramakent,near_dict_not_merged_conservative,6,,True,,
izmit kent,bahcekent_konutlari,near_dict_not_merged_conservative,6,,True,,
izmit kent,kirazli_kent,near_dict_not_merged_conservative,6,,True,,
izmit kent,zeraykent_yuvacik,near_dict_not_merged_conservative,6,,True,,
Loca Bağçeşme Sitesi,loca_bagcesme,low_freq_kept_separate_review,1,,True,,
remax dream avenue rezidans,remax_dream_avenue,low_freq_kept_separate_review,1,,True,,
Vadi Residence,ritim_vadi_evleri,near_dict_not_merged_conservative,17,,True,,
dunya bankasi konutlari,dunya_bankasi,low_freq_kept_separate_review,2,,True,,
Avenue Residence,avenue,low_freq_kept_separate_review,1,,True,,
KVS Royal Residence,kvs_royal,low_freq_kept_separate_review,1,,True,,
full esyali rezidans,full,low_freq_kept_separate_review,2,,True,,
izmit karpay rezidans,karpay,low_freq_kept_separate_review,1,,True,,
remax exclusiveden avenue rezidans,remax_exclusiveden_avenue,low_freq_kept_separate_review,1,,True,,
izmit kent,panoramakent,near_dict_not_merged_conservative,6,,True,,
izmit kent,bahcekent_konutlari,near_dict_not_merged_conservative,6,,True,,
izmit kent,kirazli_kent,near_dict_not_merged_conservative,6,,True,,
izmit kent,zeraykent_yuvacik,near_dict_not_merged_conservative,6,,True,,
Elit Kırk Bir Sitesi,elit_kirk_bir,low_freq_kept_separate_review,1,,True,,
Ufuk Sitesi,ufuk,low_freq_kept_separate_review,2,,True,,
Hanzade Evlerı,hanzade,low_freq_kept_separate_review,1,,True,,
Masiva Kozluk,masiva_kozluk,low_freq_kept_separate_review,2,,True,,
Özyapı Sitesi,ozyapi,low_freq_kept_separate_review,1,,True,,
izmit karabas mah. kent,karabas_mah_kent,low_freq_kept_separate_review,1,,True,,
izmit kent,panoramakent,near_dict_not_merged_conservative,6,,True,,
izmit kent,bahcekent_konutlari,near_dict_not_merged_conservative,6,,True,,
izmit kent,kirazli_kent,near_dict_not_merged_conservative,6,,True,,
izmit kent,zeraykent_yuvacik,near_dict_not_merged_conservative,6,,True,,
izmit merkez kent,panoramakent,near_dict_not_merged_conservative,6,,True,,
izmit merkez kent,bahcekent_konutlari,near_dict_not_merged_conservative,6,,True,,
izmit merkez kent,kirazli_kent,near_dict_not_merged_conservative,6,,True,,
izmit merkez kent,zeraykent_yuvacik,near_dict_not_merged_conservative,6,,True,,
Şehr-i Naz Evleri,sehr_i_naz,low_freq_kept_separate_review,2,,True,,
Şehr-i Naz Evleri,sehr_i_naz,low_freq_kept_separate_review,2,,True,,
Lavinya Park Evleri,lavinya_park,low_freq_kept_separate_review,1,,True,,
Gülaçtı Deniz Konakları 2. Etap,gulacti_deniz_konaklari_2,low_freq_kept_separate_review,1,,True,,
seka memur evleri,seka_memur,low_freq_kept_separate_review,1,,True,,
Vadi İzmit Sitesi,ritim_vadi_evleri,near_dict_not_merged_conservative,17,,True,,
Vadi İzmit Sitesi,ritim_vadi_evleri,near_dict_not_merged_conservative,17,,True,,
Yelkent Konutları,yelkent,low_freq_kept_separate_review,1,,True,,
Armadakent 2. Etap,armadakent_2,low_freq_kept_separate_review,2,,True,,
Akdora Sitesi,akdora,low_freq_kept_separate_review,1,,True,,
Flora Park,flora_park,low_freq_kept_separate_review,2,,True,,
Vadi İzmit Sitesi,ritim_vadi_evleri,near_dict_not_merged_conservative,17,,True,,
yahyakaptan armada kent,yahyakaptan_armada_kent,low_freq_kept_separate_review,1,,True,,
Vadi İzmit Sitesi,ritim_vadi_evleri,near_dict_not_merged_conservative,17,,True,,
Armadakent 4. Etap,armadakent_4,low_freq_kept_separate_review,1,,True,,
Vadi İzmit Sitesi,ritim_vadi_evleri,near_dict_not_merged_conservative,17,,True,,
Gülaçtı Deniz Konakları Sitesi,gulacti_deniz_konaklari,low_freq_kept_separate_review,2,,True,,
Seka Sitesi,seka,low_freq_kept_separate_review,1,,True,,
Vadi İzmit Sitesi,ritim_vadi_evleri,near_dict_not_merged_conservative,17,,True,,
Menekşe Yaşamkent Sitesi,menekse_yasamkent,low_freq_kept_separate_review,1,,True,,
dikkat emlak'tan yenisehir mh. site,dikkat_emlak_tan_yenisehir_mh,low_freq_kept_separate_review,1,,True,,
Flora Park,flora_park,low_freq_kept_separate_review,2,,True,,
Armakent 4. Etap,armakent_4,low_freq_kept_separate_review,1,,True,,
Vadi İzmit Sitesi,ritim_vadi_evleri,near_dict_not_merged_conservative,17,,True,,
Gülaçtı Deniz Konakları Sitesi,gulacti_deniz_konaklari,low_freq_kept_separate_review,2,,True,,
Vadi İzmit Sitesi,ritim_vadi_evleri,near_dict_not_merged_conservative,17,,True,,
sahibinden havuz ve vadi,sahibinden_havuz_ve_vadi,low_freq_kept_separate_review,1,,True,,
Armadakent 1. Etap,armadakent_1,low_freq_kept_separate_review,1,,True,,
Pera Park Evleri,pera_park,low_freq_kept_separate_review,1,,True,,
basiskele kullar tepecik de site,kullar_tepecik_de,low_freq_kept_separate_review,1,,True,,
basiskele barbaros mh site,barbaros_mh,low_freq_kept_separate_review,1,,True,,
basiskele barbaros site,barbaros,low_freq_kept_separate_review,1,,True,,
ceneviz adalari projesi,ceneviz_adalari,low_freq_kept_separate_review,2,,True,,
Kolaylı Kullar Sitesi,kolayli_kullar,low_freq_kept_separate_review,1,,True,,
ceneviz adalari projesi,ceneviz_adalari,low_freq_kept_separate_review,2,,True,,
basiskele kullar yaylacik mahallesi site,kullar_yaylacik_mahallesi,low_freq_kept_separate_review,1,,True,,
Bizim Evler Sitesi,bizim_evler,low_freq_kept_separate_review,1,,True,,
bahama proje,bahama,low_freq_kept_separate_review,2,,True,,
basiskele kullar'da prestijli yasam projesi,kullar_da_prestijli_yasam,low_freq_kept_separate_review,1,,True,,
Yağmurkent Sitesi,yagmurkent,low_freq_kept_separate_review,1,,True,,
basiskele kullar tepecik mah. site,kullar_tepecik_mah,low_freq_kept_separate_review,2,,True,,
Altınkent Kalıcı Konutları 7 Ada,altinkent_kalici_konutlari_7_ada,low_freq_kept_separate_review,1,,True,,
Altınkent Kalıcı Konutları 6 Ada Sitesi,altinkent_kalici_konutlari_6_ada,low_freq_kept_separate_review,1,,True,,
basiskele kullar'da ultra luks ebeveyn banyolu site,kullar_da_ultra_ebeveyn_banyolu,low_freq_kept_separate_review,1,,True,,
Mehmet Akif Ersoy Sitesi,mehmet_akif_ersoy,low_freq_kept_separate_review,1,,True,,
basiskele altinkent site,altinkent,low_freq_kept_separate_review,1,,True,,
Altınkent Kalıcı Konutları 5 Ada,altinkent_kalici_konutlari_5_ada,low_freq_kept_separate_review,1,,True,,
Ertürk Sitesi,erturk,low_freq_kept_separate_review,1,,True,,
Marmara Elit Yapı Kooperatifi,marmara_elit_yapi_kooperatifi,low_freq_kept_separate_review,1,,True,,
Altınkent Kalıcı Konutları 3 Ada,altinkent_kalici_konutlari_3_ada,low_freq_kept_separate_review,1,,True,,
Casaba Suite Sitesi,casaba_suite,low_freq_kept_separate_review,1,,True,,
Dream Gardens Sitesi,dream_gardens,low_freq_kept_separate_review,2,,True,,
tanta emlak'tan site,tanta_emlak_tan,low_freq_kept_separate_review,2,,True,,
ara kat daire site,ara,low_freq_kept_separate_review,2,,True,,
Naturapark Evleri,naturapark,low_freq_kept_separate_review,1,,True,,
Kolaylı Sitesi,kolayli,low_freq_kept_separate_review,1,,True,,
Kolaylı Karşıyaka Sitesi,kolayli_karsiyaka,low_freq_kept_separate_review,1,,True,,
ust kat deniz manzarali asansorlu site,ust_deniz_manzarali_asansorlu,low_freq_kept_separate_review,1,,True,,
Yakut Konakları Sitesi,yakut_konaklari,low_freq_kept_separate_review,2,,True,,
Üst Park Atakent,ust_park_atakent,low_freq_kept_separate_review,2,,True,,
basiskele fatih mahallesinde site,fatih_mahallesinde,low_freq_kept_separate_review,2,,True,,
May Kent 2 Sitesi,may_kent_2,low_freq_kept_separate_review,2,,True,,
Armoni 2 Evleri,armoni_2,low_freq_kept_separate_review,1,,True,,
Üstpark Yuvacık Sitesi,ustpark_yuvacik,low_freq_kept_separate_review,2,,True,,
Manar Yuvacık 3,manar_yuvacik_3,low_freq_kept_separate_review,2,,True,,
basiskele fatih mah. site,fatih_mah,low_freq_kept_separate_review,1,,True,,
Çağlayan Modern Yuvacık,caglayan_modern_yuvacik,low_freq_kept_separate_review,1,,True,,
vadi yuvacik sitesi,vadi_yuvacik,low_freq_kept_separate_review,1,,True,,
Aydınkent Kalıcı Konutları 20 Ada,aydinkent_kalici_konutlari_20_ada,low_freq_kept_separate_review,1,,True,,
Manar Terrace,manar_terrace,low_freq_kept_separate_review,2,,True,,
yuvacik pasadagi mh. site,yuvacik_pasadagi_mh,low_freq_kept_separate_review,1,,True,,
Panoramakent 4,panoramakent,near_dict_not_merged_conservative,3,,True,,
Paşadağı Evleri,pasadagi,low_freq_kept_separate_review,1,,True,,
basiskele fatih mahallesinde site,fatih_mahallesinde,low_freq_kept_separate_review,2,,True,,
acil basiskele'fatih mah site,basiskele_fatih,low_freq_kept_separate_review,1,,True,,
lotus evleri,lotus,low_freq_kept_separate_review,2,,True,,
basiskele vadi,ritim_vadi_evleri,near_dict_not_merged_conservative,17,,True,,
Manar Yuvacık,manar_yuvacik,low_freq_kept_separate_review,2,,True,,
Akasya Modern Evleri,akasya_modern,low_freq_kept_separate_review,2,,True,,
derin'den yatirim firsati site,derin_den_yatirim_firsati,low_freq_kept_separate_review,1,,True,,
invest globalden zeray kent,invest_globalden_zeray_kent,low_freq_kept_separate_review,1,,True,,
aydinkent konutlari,aydinkent,low_freq_kept_separate_review,1,,True,,
Secret Garden,secret_garden,low_freq_kept_separate_review,2,,True,,
Üstpark Yuvacık Sitesi,ustpark_yuvacik,low_freq_kept_separate_review,2,,True,,
May City Sitesi,may_city,low_freq_kept_separate_review,1,,True,,
Lotus Mahza,lotus_mahza,low_freq_kept_separate_review,2,,True,,
kw arven'den ted kolejine komsu havuzlu site,kw_arven_den_ted_kolejine_komsu_havuzlu,low_freq_kept_separate_review,1,,True,,
vizyon'dan site,vizyon_dan,low_freq_kept_separate_review,1,,True,,
Manar Yuvacık,manar_yuvacik,low_freq_kept_separate_review,2,,True,,
Manar Yuvacık 3,manar_yuvacik_3,low_freq_kept_separate_review,2,,True,,
pasadag mh'de konsept talha park,pasadag_mh_de_konsept_talha_park,low_freq_kept_separate_review,1,,True,,
yuvacik doga evleri,yuvacik_doga,low_freq_kept_separate_review,1,,True,,
basiskele tinaztepede site,tinaztepede,low_freq_kept_separate_review,1,,True,,
sahibinden satilik site,sahibinden,low_freq_kept_separate_review,1,,True,,
Temizel Tepe Loft,temizel_tepe_loft,low_freq_kept_separate_review,1,,True,,
yuvacik eksioglu metsan evleri,yuvacik_eksioglu_metsan,low_freq_kept_separate_review,1,,True,,
yuvacik manar sitesi,yuvacik_manar,low_freq_kept_separate_review,1,,True,,
Panoramakent 4,panoramakent,near_dict_not_merged_conservative,3,,True,,
konut kredili dusuk faiz yuksek konforlu site,kredili_dusuk_faiz_yuksek_konforlu,low_freq_kept_separate_review,1,,True,,
Manar Terrace,manar_terrace,low_freq_kept_separate_review,2,,True,,
Yuvacık Kalıcı Konutları 2 Ada,yuvacik_kalici_konutlari_2_ada,low_freq_kept_separate_review,2,,True,,
Yuvacık Kalıcı Konutları 2 Ada,yuvacik_kalici_konutlari_2_ada,low_freq_kept_separate_review,2,,True,,
basiskele yesilyurt mah.durupark evleri,yesilyurt_mah_durupark,low_freq_kept_separate_review,1,,True,,
bloklu butik site,bloklu_butik,low_freq_kept_separate_review,1,,True,,
yuvacik'ta prestijli site,yuvacik_ta_prestijli,low_freq_kept_separate_review,1,,True,,
basiskele'de butik site,basiskele_de_butik,low_freq_kept_separate_review,1,,True,,
Panoramakent 3,panoramakent_3,low_freq_kept_separate_review,1,,True,,
Panoramakent 3,panoramakent,near_dict_not_merged_conservative,1,,True,,
Gün Işığı Sitesi,gun_isigi,low_freq_kept_separate_review,1,,True,,
basiskele yesilyurt mahallesin'de site,yesilyurt_mahallesin_de,low_freq_kept_separate_review,1,,True,,
Bulvar Başiskele Sitesi,bulvar,low_freq_kept_separate_review,2,,True,,
Yuvacık Kalıcı Konutları 10 Ada,yuvacik_kalici_konutlari_10_ada,low_freq_kept_separate_review,1,,True,,
Anatolia Evleri,anatolia,low_freq_kept_separate_review,1,,True,,
Panoramakent 1,panoramakent,near_dict_not_merged_conservative,5,,True,,
erenoglu gm'den satilik site,erenoglu_gm_den,low_freq_kept_separate_review,1,,True,,
Bulvar Başiskele Sitesi,bulvar,low_freq_kept_separate_review,2,,True,,
aydinkent kalici konutlari,aydinkent_kalici,low_freq_kept_separate_review,1,,True,,
basiskele'de asev muhit sitesi,basiskele_de_asev_muhit,low_freq_kept_separate_review,1,,True,,
Terasta Life,terasta_life,low_freq_kept_separate_review,1,,True,,
Yuvacık Kalıcı Konutları 1 Ada,yuvacik_kalici_konutlari_1_ada,low_freq_kept_separate_review,1,,True,,
arakat asansorlu butik site,asansorlu_butik,low_freq_kept_separate_review,1,,True,,
Panoramakent 2 Sitesi,panoramakent_2,low_freq_kept_separate_review,2,,True,,
Panoramakent 2 Sitesi,panoramakent,near_dict_not_merged_conservative,2,,True,,
yuksek giris butik site,yuksek_giris_butik,low_freq_kept_separate_review,1,,True,,
Ergüder Sitesi,erguder,low_freq_kept_separate_review,2,,True,,
Ocak Sitesi,ocak,low_freq_kept_separate_review,2,,True,,
Öz Mercan Sitesi,oz_mercan,low_freq_kept_separate_review,1,,True,,
Değirmendere Konakları Sitesi,degirmendere_konaklari,low_freq_kept_separate_review,2,,True,,
Şengün Sitesi,sengun,low_freq_kept_separate_review,2,,True,,
degirmendere ervatan sitesi,degirmendere_ervatan,low_freq_kept_separate_review,1,,True,,
Ervatan Sitesi,ervatan,low_freq_kept_separate_review,2,,True,,
Batı Mercan Sitesi,bati_mercan,low_freq_kept_separate_review,1,,True,,
Özgururkent Sitesi,ozgururkent,low_freq_kept_separate_review,2,,True,,
Dadaşlar Sitesi,dadaslar,low_freq_kept_separate_review,1,,True,,
Aylan 1 Sitesi,aylan_1,low_freq_kept_separate_review,1,,True,,
uydu kent,uydu_kent,low_freq_kept_separate_review,1,,True,,
Supark Royal,supark_royal,low_freq_kept_separate_review,1,,True,,
Akyüz Sitesi,akyuz,low_freq_kept_separate_review,1,,True,,
Elit Park Sitesi,elit_park,low_freq_kept_separate_review,2,,True,,
Turkuaz Evleri,turkuaz,low_freq_kept_separate_review,2,,True,,
degirmendere'de satilik site,degirmendere_de,low_freq_kept_separate_review,1,,True,,
Zümrüt Evler Sitesi,zumrut_evler,low_freq_kept_separate_review,2,,True,,
Bağkur Sitesi,bagkur,low_freq_kept_separate_review,1,,True,,
Turkuaz Evleri,turkuaz,low_freq_kept_separate_review,2,,True,,
Ervatan Sitesi,ervatan,low_freq_kept_separate_review,2,,True,,
Azra 6 Sitesi,azra_6,low_freq_kept_separate_review,2,,True,,
Revna Life,revna_life,low_freq_kept_separate_review,1,,True,,
Ergüder Sitesi,erguder,low_freq_kept_separate_review,2,,True,,
degirmendere merkezi konum evim kent,degirmendere_merkezi_konum_evim_kent,low_freq_kept_separate_review,1,,True,,
degirmendere'de deniz manzarali havuzlu site,degirmendere_de_deniz_manzarali_havuzlu,low_freq_kept_separate_review,1,,True,,
75. Yıl Sitesi,75_yil,low_freq_kept_separate_review,1,,True,,
Güler Sabancı Sitesi,guler_sabanci,low_freq_kept_separate_review,1,,True,,
Beyaz Saraylar Sitesi,beyaz_saraylar,low_freq_kept_separate_review,1,,True,,
Rakıcıoğlu Sitesi,rakicioglu,low_freq_kept_separate_review,1,,True,,
Uplife Topçular Sitesi,uplife_topcular,low_freq_kept_separate_review,1,,True,,
Değirmendere Konakları,degirmendere_konaklari,low_freq_kept_separate_review,2,,True,,
Şengün Sitesi,sengun,low_freq_kept_separate_review,2,,True,,
Şahan Torunoğulları Sitesi,sahan_torunogullari,low_freq_kept_separate_review,2,,True,,
Çakıroğlu Prestij Park,cakiroglu_prestij_park,low_freq_kept_separate_review,1,,True,,
sarayli konutlari,sarayli,low_freq_kept_separate_review,1,,True,,
Muhammet Ali Torunoğulları Sitesi,muhammet_ali_torunogullari,low_freq_kept_separate_review,1,,True,,
Yeni Şehir Sitesi,sehir,low_freq_kept_separate_review,1,,True,,
Gölcük Kavanium 2 Etap,golcuk_kavanium_2,low_freq_kept_separate_review,2,,True,,
Şirinkent Kalıcı Konutları 30. Ada,sirinkent_kalici_konutlari_30_ada,low_freq_kept_separate_review,2,,True,,
Balaban Sitesi,balaban,low_freq_kept_separate_review,2,,True,,
ihsaniye'de site,ihsaniye_de,low_freq_kept_separate_review,1,,True,,
Ford Konutları,ford,low_freq_kept_separate_review,1,,True,,
remaxcakra omer onayci'dan site,remaxcakra_omer_onayci_dan,low_freq_kept_separate_review,1,,True,,
ara kat sifir site,ara_sifir,low_freq_kept_separate_review,1,,True,,
Şirinkent Kalıcı Konutları 30. Ada,sirinkent_kalici_konutlari_30_ada,low_freq_kept_separate_review,2,,True,,
Boğaziçi İhsaniye 1. Etap,bogazici_ihsaniye_1,low_freq_kept_separate_review,1,,True,,
Tolga Sitesi,tolga,low_freq_kept_separate_review,2,,True,,
yalik yeni mahallede site,yalik_mahallede,low_freq_kept_separate_review,1,,True,,
sinirsiz kredi imkanli site,sinirsiz_kredi_imkanli,low_freq_kept_separate_review,1,,True,,
Subaşı Konutları,subasi,low_freq_kept_separate_review,1,,True,,
Bayındırlık Kalıcı Konutları 539. Ada,bayindirlik_kalici_konutlari_539_ada,low_freq_kept_separate_review,1,,True,,
Olkar Safir,olkar_safir,low_freq_kept_separate_review,2,,True,,
Doğakent Sitesi,dogakent,low_freq_kept_separate_review,1,,True,,
Tolga Sitesi,tolga,low_freq_kept_separate_review,2,,True,,
80 ine kredi imkamli site,80_ine_kredi_imkamli,low_freq_kept_separate_review,1,,True,,
Luxury Sea Suit,luxury_sea_suit,low_freq_kept_separate_review,1,,True,,
Barış Park Evleri 1,baris_park_evleri_1,low_freq_kept_separate_review,2,,True,,
otoparkli site,otoparkli,low_freq_kept_separate_review,1,,True,,
Ulaşlı Yeşilkent Sitesi,ulasli_yesilkent,low_freq_kept_separate_review,1,,True,,
cb envoy'dan golcuk yazlik'ta site,cb_envoy_dan_golcuk_yazlik_ta,low_freq_kept_separate_review,1,,True,,
olkar vadi evleri,olkar_vadi,low_freq_kept_separate_review,1,,True,,
ema emlak karakopru mah. vip sit,ema_emlak_karakopru_mah_vip,low_freq_kept_separate_review,1,,True,,
ciftlik mahallesinde site,ciftlik_mahallesinde,low_freq_kept_separate_review,1,,True,,
Barış Vizyon Deluxe 3,baris_vizyon_deluxe_3,low_freq_kept_separate_review,2,,True,,
Supark Arcadia,supark_arcadia,low_freq_kept_separate_review,1,,True,,
Demet Sitesi,demet,low_freq_kept_separate_review,1,,True,,
Barış Vizyon Deluxe,baris_vizyon_deluxe,low_freq_kept_separate_review,1,,True,,
ciftlik mahallesi'nde site,ciftlik_mahallesi_nde,low_freq_kept_separate_review,1,,True,,
Şirinköy TOKİ Konutları,sirinkoy_toki,low_freq_kept_separate_review,1,,True,,
Ilıca Evleri 3,ilica_evleri_3,low_freq_kept_separate_review,2,,True,,
full deniz manzarali site,full_deniz_manzarali,low_freq_kept_separate_review,1,,True,,
Torpidocular Sitesi,torpidocular,low_freq_kept_separate_review,1,,True,,
Clover Premium,clover_premium,low_freq_kept_separate_review,1,,True,,
Cevizli Vadi Evleri,cevizli_vadi,low_freq_kept_separate_review,1,,True,,
basiskele yaylacik mh.'de havuzlu site,yaylacik_mh_de_havuzlu,low_freq_kept_separate_review,1,,True,,
basiskele kullar yakacik'ta kacirilmayacak butik site,kullar_yakacik_ta_kacirilmayacak_butik,low_freq_kept_separate_review,1,,True,,
Kuba Sitesi,kuba,low_freq_kept_separate_review,1,,True,,
Küçük Yalı Evleri Sitesi,kucuk_yali,low_freq_kept_separate_review,1,,True,,
Yakut Konakları Sitesi,yakut_konaklari,low_freq_kept_separate_review,2,,True,,
Aydınkent Kalıcı Konutları 19 Ada,aydinkent_kalici_konutlari_19_ada,low_freq_kept_separate_review,1,,True,,
basiskele barbaros mah. site,barbaros_mah,low_freq_kept_separate_review,1,,True,,
basiskele yuvacikta site,yuvacikta,low_freq_kept_separate_review,1,,True,,
cb mahall'den tinaztepede site,cb_mahall_den_tinaztepede,low_freq_kept_separate_review,1,,True,,
merkezde essiz bir proje,merkezde_essiz_bir,low_freq_kept_separate_review,1,,True,,
basiskele pasadag 100. yil parla sit,pasadag_100_yil_parla,low_freq_kept_separate_review,1,,True,,
golcuk ihsaniye balaban yasam sitesi,golcuk_ihsaniye_balaban_yasam,low_freq_kept_separate_review,1,,True,,
Özgururkent Sitesi,ozgururkent,low_freq_kept_separate_review,2,,True,,
Flora Sitesi,flora,low_freq_kept_separate_review,1,,True,,
full tadilatli 17000tl kiracili site,full_tadilatli_17000tl_kiracili,low_freq_kept_separate_review,1,,True,,
Emek Sitesi,emek,low_freq_kept_separate_review,1,,True,,
Versay Yamaç Evler Sitesi,versay_yamac_evler,low_freq_kept_separate_review,2,,True,,
ocak sitesi,ocak,low_freq_kept_separate_review,2,,True,,
Boğaziçi 3. Etap Sitesi,bogazici_3,low_freq_kept_separate_review,1,,True,,
Hisar Evleri,hisar,low_freq_kept_separate_review,2,,True,,
Sivritepe Denizevler TOKİ Konutları,sivritepe_denizevler_toki,low_freq_kept_separate_review,1,,True,,
Yıldızevler Sitesi,yildizevler,low_freq_kept_separate_review,1,,True,,
Şirinköy Kalıcı Konutları 4. Ada,sirinkoy_kalici_konutlari_4_ada,low_freq_kept_separate_review,1,,True,,
Hürsoy Nefes Kartepe Sitesi,hursoy_nefes_kartepe,low_freq_kept_separate_review,2,,True,,
kartepe fsm de havuzlu guvenlikli site,kartepe_fsm_de_havuzlu_guvenlikli,low_freq_kept_separate_review,1,,True,,
Güldeste Sitesi 2,guldeste_sitesi_2,low_freq_kept_separate_review,1,,True,,
Meltem Sitesi,meltem,low_freq_kept_separate_review,2,,True,,
Green Life 1,green_life_1,low_freq_kept_separate_review,1,,True,,
Mercan Konutları,mercan,low_freq_kept_separate_review,2,,True,,
Şehri Elizan Evleri 2,sehri_elizan_evleri_2,low_freq_kept_separate_review,1,,True,,
Dosteller Sitesi,dosteller,low_freq_kept_separate_review,2,,True,,
Dosteller Sitesi,dosteller,low_freq_kept_separate_review,2,,True,,
Sudeks Buse Kent Sitesi,sudeks_buse_kent,low_freq_kept_separate_review,1,,True,,
Atakent Evleri 136. Ada,atakent_evleri_136_ada,low_freq_kept_separate_review,1,,True,,
kartepe ibrikdere satilik butik site,kartepe_ibrikdere_butik,low_freq_kept_separate_review,1,,True,,
krediye eminevime uygun butik site,krediye_eminevime_uygun_butik,low_freq_kept_separate_review,1,,True,,
sultan mehmet mah site,sultan_mehmet,low_freq_kept_separate_review,1,,True,,
kocaeli kartepe ataevler site,kartepe_ataevler,low_freq_kept_separate_review,1,,True,,
Masal Evleri Sitesi,masal,low_freq_kept_separate_review,1,,True,,
Aykent Sitesi,aykent,low_freq_kept_separate_review,1,,True,,
Aykent Sitesi,zeraykent_yuvacik,near_dict_not_merged_conservative,1,,True,,
ars'den kent meydaninda site,ars_den_kent_meydaninda,low_freq_kept_separate_review,1,,True,,
kartepe ataevler hursoy city,kartepe_ataevler_hursoy_city,low_freq_kept_separate_review,1,,True,,
merkezi konum havuzlu ve asansorlu site,merkezi_konum_havuzlu_ve_asansorlu,low_freq_kept_separate_review,1,,True,,
Kamelya Sitesi,kamelya,low_freq_kept_separate_review,2,,True,,
kartepe fatih sultan mehmet mh havuzlu site,kartepe_fatih_sultan_mehmet_mh_havuzlu,low_freq_kept_separate_review,1,,True,,
kaymakamlik belediye yani tower residence,kaymakamlik_belediye_yani_tower,low_freq_kept_separate_review,1,,True,,
MK Elegance Sitesi,mk_elegance,low_freq_kept_separate_review,2,,True,,
151 Ada,151_ada,low_freq_kept_separate_review,1,,True,,
New Life Kartepe,new_life_kartepe,low_freq_kept_separate_review,1,,True,,
Yonca Sitesi,yonca,low_freq_kept_separate_review,1,,True,,
Mk Konsept 1 Sitesi,mk_konsept_1,low_freq_kept_separate_review,1,,True,,
sifir site,sifir,low_freq_kept_separate_review,1,,True,,
kartepe ataevler mahallesinde site,kartepe_ataevler_mahallesinde,low_freq_kept_separate_review,1,,True,,
ekomax'dan kartepe site,ekomax_dan_kartepe,low_freq_kept_separate_review,1,,True,,
kartepe premium sitesi,kartepe_premium,low_freq_kept_separate_review,1,,True,,
Mercan Konutları,mercan,low_freq_kept_separate_review,2,,True,,
yuksek kredili butik site,yuksek_kredili_butik,low_freq_kept_separate_review,1,,True,,
kartepe fsm bahcesehir koleji yakini gulas sitesi,kartepe_fsm_bahcesehir_koleji_yakini_gulas,low_freq_kept_separate_review,1,,True,,
Atakent Evleri 142. Ada,atakent_evleri_142_ada,low_freq_kept_separate_review,2,,True,,
Effect Kartepe,effect_kartepe,low_freq_kept_separate_review,2,,True,,
kartepe'de site,kartepe_de,low_freq_kept_separate_review,2,,True,,
Taç Yaprak Evleri,tac_yaprak,low_freq_kept_separate_review,1,,True,,
derin'den ert. gazi mah. site,derin_den_ert_gazi_mah,low_freq_kept_separate_review,1,,True,,
kartepe'de havuzlu site,kartepe_de_havuzlu,low_freq_kept_separate_review,2,,True,,
Zeray Forum Anatolia Sitesi,zeray_forum_anatolia,low_freq_kept_separate_review,1,,True,,
Güldeste Sitesi 7,guldeste_sitesi_7,low_freq_kept_separate_review,1,,True,,
K. H. Ekşioğlu İnşaat Limited Şirketi,k_h_eksioglu_insaat_limited_sirketi,low_freq_kept_separate_review,2,,True,,
Paşa Park Evleri 12,pasa_park_evleri_12,low_freq_kept_separate_review,2,,True,,
ertugrulgazi bluepark evleri,ertugrulgazi_bluepark,low_freq_kept_separate_review,1,,True,,
ertugrulgazi'de site,ertugrulgazi_de,low_freq_kept_separate_review,1,,True,,
genis kulanisli site,genis_kulanisli,low_freq_kept_separate_review,1,,True,,
ertugrul gazi'de site,ertugrul_gazi_de,low_freq_kept_separate_review,2,,True,,
kartepe elizan evleri,kartepe_elizan,low_freq_kept_separate_review,1,,True,,
arslanbey atakent konutlari,arslanbey_atakent,low_freq_kept_separate_review,1,,True,,
kartepe cadde life sitesi,kartepe_cadde_life,low_freq_kept_separate_review,2,,True,,
deallife'dan hasanpasada butik site,deallife_dan_hasanpasada_butik,low_freq_kept_separate_review,1,,True,,
finans kuruluslarina uygun 1.99 kredi butik site,finans_kuruluslarina_uygun_1_99_kredi_butik,low_freq_kept_separate_review,1,,True,,
kartepe ertugrulgazi havz hmm saunli site,kartepe_ertugrulgazi_havz_hmm_saunli,low_freq_kept_separate_review,1,,True,,
Vefakent Gülbahçe Konutları,vefakent_gulbahce,low_freq_kept_separate_review,1,,True,,
kartepe aslanbey vera life sitesi,kartepe_aslanbey_vera_life,low_freq_kept_separate_review,1,,True,,
kocaeli kartele site,kartele,low_freq_kept_separate_review,1,,True,,
Güldeste Sitesi 5,guldeste_sitesi_5,low_freq_kept_separate_review,1,,True,,
ataevlerde site,ataevlerde,low_freq_kept_separate_review,1,,True,,
kartepe fsm.mah site,kartepe_fsm_mah,low_freq_kept_separate_review,1,,True,,
Paşa Park Evleri 12,pasa_park_evleri_12,low_freq_kept_separate_review,2,,True,,
1.99 kredi fsm de butik site,1_99_kredi_fsm_de_butik,low_freq_kept_separate_review,1,,True,,
kartepe aslanbey veralife sitesi,kartepe_aslanbey_veralife,low_freq_kept_separate_review,1,,True,,
Atakent Evleri 132. Ada,atakent_evleri_132_ada,low_freq_kept_separate_review,1,,True,,
Gökbal Sirius Sitesi,gokbal_sirius,low_freq_kept_separate_review,1,,True,,
Paşa Park Evleri 13,pasa_park_evleri_13,low_freq_kept_separate_review,2,,True,,
Zeray Esil Kartepe,zeray_esil_kartepe,low_freq_kept_separate_review,1,,True,,
izmit gundogdu kalici konutlari,gundogdu_kalici,low_freq_kept_separate_review,1,,True,,
Vadi İzmit,ritim_vadi_evleri,near_dict_not_merged_conservative,17,,True,,
izmit kabaoglu site,kabaoglu,low_freq_kept_separate_review,1,,True,,
izmit tepekoy'de butik site,tepekoy_de_butik,low_freq_kept_separate_review,1,,True,,
Yuvam İzmit Akarca Evleri 10. Ada,yuvam_akarca_evleri_10_ada,low_freq_kept_separate_review,2,,True,,
Zenan Evleri Sitesi,zenan,low_freq_kept_separate_review,2,,True,,
Kavan Life Evleri,kavan_life,low_freq_kept_separate_review,1,,True,,
Yuvam İzmit Akarca Evleri 7. Ada,yuvam_akarca_evleri_7_ada,low_freq_kept_separate_review,1,,True,,
izmit plajyolu sea life,plajyolu_sea_life,low_freq_kept_separate_review,1,,True,,
sahibinden satilik yelkent tetra evleri,sahibinden_yelkent_tetra,low_freq_kept_separate_review,1,,True,,
MK Teras,mk_teras,low_freq_kept_separate_review,2,,True,,
Respark 3 Sitesi,respark_3,low_freq_kept_separate_review,1,,True,,
yesilova park,yesilova_park,low_freq_kept_separate_review,1,,True,,
plaj yolunda sea life,plaj_yolunda_sea_life,low_freq_kept_separate_review,1,,True,,
Pirelli Blok Evleri Sitesi,pirelli,low_freq_kept_separate_review,1,,True,,
Şehr-i Bahçe Sitesi 3,sehr_i_bahce_sitesi_3,low_freq_kept_separate_review,1,,True,,
izmit kurucesme deniz manzarali site,kurucesme_deniz_manzarali,low_freq_kept_separate_review,2,,True,,
İremkent Sitesi,iremkent,low_freq_kept_separate_review,2,,True,,
Academic Life Sitesi,academic_life,low_freq_kept_separate_review,1,,True,,
Terrace Yahyakaptan 2,terrace_yahyakaptan_2,low_freq_kept_separate_review,1,,True,,
izmit kurucesme site,kurucesme,low_freq_kept_separate_review,1,,True,,
kurucesmede site,kurucesmede,low_freq_kept_separate_review,1,,True,,
Akar Sitesi,akar,low_freq_kept_separate_review,2,,True,,
sehir hastanesine yakin satilik site,sehir_hastanesine_yakin,low_freq_kept_separate_review,1,,True,,
Yelken Park Evleri,yelken_park,low_freq_kept_separate_review,2,,True,,
Yuvam İzmit Akarca Evleri 6. Ada,yuvam_akarca_evleri_6_ada,low_freq_kept_separate_review,1,,True,,
Özüm Sitesi,ozum,low_freq_kept_separate_review,2,,True,,
Solin Konutları 1 Etap Sitesi,solin_konutlari_1,low_freq_kept_separate_review,1,,True,,
sea life,sea_life,low_freq_kept_separate_review,2,,True,,
Vista Evleri 1 Sitesi,vista_evleri_1,low_freq_kept_separate_review,1,,True,,
Yeşeren Sitesi,yeseren,low_freq_kept_separate_review,1,,True,,
Pınar Sitesi,pinar,low_freq_kept_separate_review,2,,True,,
izmit kavanya gol projesi,kavanya_gol,low_freq_kept_separate_review,1,,True,,
Mamikler Sitesi,mamikler,low_freq_kept_separate_review,1,,True,,
sea life 41 sitesi,sea_life_41,low_freq_kept_separate_review,2,,True,,
Zorlife,zorlife,low_freq_kept_separate_review,1,,True,,
Anakent Sitesi,anakent,low_freq_kept_separate_review,2,,True,,
Yuvam İzmit Akarca Evleri 3. Ada,yuvam_akarca_evleri_3_ada,low_freq_kept_separate_review,1,,True,,
izmit umuttepe yolu uzeri site,umuttepe_yolu_uzeri,low_freq_kept_separate_review,1,,True,,
Concept Yahyakaptan Evleri,concept_yahyakaptan,low_freq_kept_separate_review,1,,True,,
izmit umuttepe yolu uzeri kaboglu mevki site,umuttepe_yolu_uzeri_kaboglu_mevki,low_freq_kept_separate_review,1,,True,,
Sunrise Yeşilova,sunrise_yesilova,low_freq_kept_separate_review,1,,True,,
dan bayindirlik konutlari,dan_bayindirlik,low_freq_kept_separate_review,1,,True,,
Balaban Yüksel Sitesi,balaban_yuksel,low_freq_kept_separate_review,2,,True,,
asayra dan izmit yuvam akarca konutlari,asayra_dan_yuvam_akarca,low_freq_kept_separate_review,1,,True,,
ara kat daire site,ara,low_freq_kept_separate_review,2,,True,,
Yuvam İzmit Akarca Evleri 10. Ada,yuvam_akarca_evleri_10_ada,low_freq_kept_separate_review,2,,True,,
Art Yapı Elit Park Evleri,art_yapi_elit_park,low_freq_kept_separate_review,1,,True,,
Gülen Sitesi,gulen,low_freq_kept_separate_review,1,,True,,
remax effect ten gundogdu bayindirlik konutlari,remax_effect_ten_gundogdu_bayindirlik,low_freq_kept_separate_review,2,,True,,
evedin yuvam akarca orkide evleri,evedin_yuvam_akarca_orkide,low_freq_kept_separate_review,1,,True,,
tarcanlardan gundogdu eren life,tarcanlardan_gundogdu_eren_life,low_freq_kept_separate_review,2,,True,,
izmit plaj yolu sea life,plaj_yolu_sea_life,low_freq_kept_separate_review,1,,True,,
izmit plajyolu harika konum'da site,plajyolu_harika_konum_da,low_freq_kept_separate_review,1,,True,,
Nikomedya Deniz Sitesi,nikomedya_deniz,low_freq_kept_separate_review,1,,True,,
Bayındırlık Konutları 11. Ada,bayindirlik_konutlari_11_ada,low_freq_kept_separate_review,1,,True,,
Vadi İzmit,ritim_vadi_evleri,near_dict_not_merged_conservative,17,,True,,
Akkuş Sitesi,akkus,low_freq_kept_separate_review,2,,True,,
Küçükyalı Evleri,kucukyali,low_freq_kept_separate_review,1,,True,,
turkuaz park,turkuaz_park,low_freq_kept_separate_review,2,,True,,
sea life,sea_life,low_freq_kept_separate_review,2,,True,,
alikahya kavanium evleri,alikahya_kavanium,low_freq_kept_separate_review,1,,True,,
izmit gundogdu eren life,gundogdu_eren_life,low_freq_kept_separate_review,1,,True,,
Özüm Sitesi,ozum,low_freq_kept_separate_review,2,,True,,
turkuaz park,turkuaz_park,low_freq_kept_separate_review,2,,True,,
izmit gundogduda satilik site,gundogduda,low_freq_kept_separate_review,1,,True,,
Akkonak Evleri,akkonak,low_freq_kept_separate_review,1,,True,,
Gölkay Star Life Sitesi,golkay_star_life,low_freq_kept_separate_review,2,,True,,
sehir h. karsisi satilik site,sehir_h_karsisi,low_freq_kept_separate_review,1,,True,,
Kavanium İzmit Evleri 819 Ada,kavanium_evleri_819_ada,low_freq_kept_separate_review,2,,True,,
Kavanium İzmit Evleri 815 Ada,kavanium_evleri_815_ada,low_freq_kept_separate_review,1,,True,,
Belediye Memurlar Sitesi,belediye_memurlar,low_freq_kept_separate_review,1,,True,,
Bayındırlık Konutları 12. Ada,bayindirlik_konutlari_12_ada,low_freq_kept_separate_review,1,,True,,
Gündoğdu Bayındırlık Konutları 6. Ada Huzur Sitesi,gundogdu_bayindirlik_konutlari_6_ada_huzur,low_freq_kept_separate_review,1,,True,,
İz Tepe Sitesi,iz_tepe,low_freq_kept_separate_review,1,,True,,
Tepeköy TOKİ Konutları 191. Ada,tepekoy_toki_konutlari_191_ada,low_freq_kept_separate_review,1,,True,,
yesilova anaket sitesi,yesilova_anaket,low_freq_kept_separate_review,1,,True,,
Şehri Bahçe 3 Sitesi,sehri_bahce_3,low_freq_kept_separate_review,1,,True,,
Yuvam İzmit Akarca Evleri 1. Ada,yuvam_akarca_evleri_1_ada,low_freq_kept_separate_review,1,,True,,
Maide Evleri,maide,low_freq_kept_separate_review,1,,True,,
Seymen Sitesi,seymen,low_freq_kept_separate_review,2,,True,,
Balabanı Sitesi,balabani,low_freq_kept_separate_review,1,,True,,
Venedik Evleri,venedik,low_freq_kept_separate_review,2,,True,,
sahibinden temiz kullanisli site,sahibinden_temiz_kullanisli,low_freq_kept_separate_review,1,,True,,
kurucesme doktorlar sitesi,kurucesme_doktorlar,low_freq_kept_separate_review,1,,True,,
kabaoglunda site,kabaoglunda,low_freq_kept_separate_review,1,,True,,
Nikomedya Can Sitesi,nikomedya_can,low_freq_kept_separate_review,1,,True,,
Mihrimah Sitesi,mihrimah,low_freq_kept_separate_review,1,,True,,
Kavanyum Bağçeşme Sitesi,kavanyum_bagcesme,low_freq_kept_separate_review,2,,True,,
NormCity,normcity,low_freq_kept_separate_review,2,,True,,
Vadikent 4. Etap Konutları,vadikent_4,low_freq_kept_separate_review,2,,True,,
Kore Evleri Sitesi,kore,low_freq_kept_separate_review,1,,True,,
NormCity,normcity,low_freq_kept_separate_review,2,,True,,
TOKİ İzmit Cedit Mahallesi Konutları,toki_cedit_mahallesi,low_freq_kept_separate_review,1,,True,,
Kavanyum Bağçeşme Sitesi,kavanyum_bagcesme,low_freq_kept_separate_review,2,,True,,
Saray Evleri Sitesi,saray,low_freq_kept_separate_review,1,,True,,
Armada Kent 5. Etap Sitesi,armada_kent_5,low_freq_kept_separate_review,2,,True,,
Nergis Evleri Sitesi,nergis,low_freq_kept_separate_review,2,,True,,
Lilyum Park 3,lilyum_park_3,low_freq_kept_separate_review,2,,True,,
Kent Konut Tuana Evleri,kent_tuana,low_freq_kept_separate_review,2,,True,,
Myra 2 Sitesi,myra_2,low_freq_kept_separate_review,1,,True,,
Bağçeşme Konakları,bagcesme_konaklari,low_freq_kept_separate_review,1,,True,,
izmit kent,panoramakent,near_dict_not_merged_conservative,6,,True,,
izmit kent,bahcekent_konutlari,near_dict_not_merged_conservative,6,,True,,
izmit kent,kirazli_kent,near_dict_not_merged_conservative,6,,True,,
izmit kent,zeraykent_yuvacik,near_dict_not_merged_conservative,6,,True,,
Erenkaya Park Evleri Sitesi,erenkaya_park,low_freq_kept_separate_review,2,,True,,
Nergis Evleri Sitesi,nergis,low_freq_kept_separate_review,2,,True,,
Lilyum Park 4 Evleri,lilyum_park_4,low_freq_kept_separate_review,2,,True,,
Kent Konut Tuana Evleri,kent_tuana,low_freq_kept_separate_review,2,,True,,
bagcesmede site,bagcesmede,low_freq_kept_separate_review,2,,True,,
Erenkaya Park Evleri,erenkaya_park,low_freq_kept_separate_review,2,,True,,
Bağkale Evleri,bagkale,low_freq_kept_separate_review,1,,True,,
cukurbag mah. guneskent sitesi,cukurbag_mah_guneskent,low_freq_kept_separate_review,1,,True,,
Lilyum Park 4 Evleri,lilyum_park_4,low_freq_kept_separate_review,2,,True,,
Armada Kent 5. Etap Sitesi,armada_kent_5,low_freq_kept_separate_review,2,,True,,
Hanife Sultan Sitesi,hanife_sultan,low_freq_kept_separate_review,2,,True,,
Visinya Evleri,visinya,low_freq_kept_separate_review,2,,True,,
remax'bagcesme orhan mh site,remax_bagcesme_orhan_mh,low_freq_kept_separate_review,1,,True,,
Merdoğlu Sitesi,merdoglu,low_freq_kept_separate_review,1,,True,,
bagcesmede site,bagcesmede,low_freq_kept_separate_review,2,,True,,
Zafira Evleri,zafira,low_freq_kept_separate_review,1,,True,,
Ufuk Sitesi,ufuk,low_freq_kept_separate_review,2,,True,,
Visinya Evleri,visinya,low_freq_kept_separate_review,2,,True,,
masiva kozluk projesi,masiva_kozluk,low_freq_kept_separate_review,2,,True,,
bagcesme kavanium sitesi,bagcesme_kavanium,low_freq_kept_separate_review,1,,True,,
FND Smart Side 2,fnd_smart_side_2,low_freq_kept_separate_review,1,,True,,
Kavanium Bağçeşme,kavanium_bagcesme,low_freq_kept_separate_review,1,,True,,
birikim gayrimenkulden site,birikim_gayrimenkulden,low_freq_kept_separate_review,1,,True,,
Polen Park Sitesi,polen_park,low_freq_kept_separate_review,1,,True,,
Semt Bahçecik Sitesi,semt_bahcecik,low_freq_kept_separate_review,1,,True,,
Bahçecik Kalıcı Konutlar,bahcecik_kalici_konutlar,low_freq_kept_separate_review,1,,True,,
bahama proje,bahama,low_freq_kept_separate_review,2,,True,,
kullar site,kullar,low_freq_kept_separate_review,1,,True,,
Özemsan Sitesi,ozemsan,low_freq_kept_separate_review,1,,True,,
vira evleri projesi,vira,low_freq_kept_separate_review,1,,True,,
alacati'dan yaylacik mh.'de havuzlu site,alacati_dan_yaylacik_mh_de_havuzlu,low_freq_kept_separate_review,1,,True,,
tanta emlak'tan satilik site,tanta_emlak_tan,low_freq_kept_separate_review,2,,True,,
basiskele kullar tepecik mah. site,kullar_tepecik_mah,low_freq_kept_separate_review,2,,True,,
basiskele barbaros mahallesinde site,barbaros_mahallesinde,low_freq_kept_separate_review,1,,True,,
egimsiz site,egimsiz,low_freq_kept_separate_review,2,,True,,
seymen rezidans,seymen,low_freq_kept_separate_review,2,,True,,
Yeniköy Kalıcı Konutları 12. Ada,yenikoy_kalici_konutlari_12_ada,low_freq_kept_separate_review,1,,True,,
Atakent Üstpark Sitesi,atakent_ustpark,low_freq_kept_separate_review,1,,True,,
Selimoğlu Sitesi,selimoglu,low_freq_kept_separate_review,1,,True,,
basiskele dongel'de site,dongel_de,low_freq_kept_separate_review,1,,True,,
bahama insaat projesi,bahama_insaat,low_freq_kept_separate_review,1,,True,,
Işıl Sitesi,isil,low_freq_kept_separate_review,1,,True,,
egimsiz site,egimsiz,low_freq_kept_separate_review,2,,True,,
Üst Park Atakent,ust_park_atakent,low_freq_kept_separate_review,2,,True,,
seyr-i vadi,seyr_i_vadi,low_freq_kept_separate_review,1,,True,,
Erguvan Konakları,erguvan_konaklari,low_freq_kept_separate_review,2,,True,,
Reyhan Konutları,reyhan,low_freq_kept_separate_review,1,,True,,
Villa Liva,villa_liva,low_freq_kept_separate_review,2,,True,,
Yüsra Evleri,yusra,low_freq_kept_separate_review,1,,True,,
Dlux Başiskele,dlux,low_freq_kept_separate_review,1,,True,,
Garden Başiskele Sitesi,garden,low_freq_kept_separate_review,1,,True,,
vadi suit sitesi,vadi_suit,low_freq_kept_separate_review,1,,True,,
Erguvan Konakları,erguvan_konaklari,low_freq_kept_separate_review,2,,True,,
Villa Liva,villa_liva,low_freq_kept_separate_review,2,,True,,
platinium evleri,platinium,low_freq_kept_separate_review,1,,True,,
Panorama 3 Sitesi,panorama_3,low_freq_kept_separate_review,1,,True,,
vizyon'dan basiskelede site,vizyon_dan_basiskelede,low_freq_kept_separate_review,1,,True,,
basiskele yesilyurt site,yesilyurt,low_freq_kept_separate_review,2,,True,,
kocaeli yesilyurt site,yesilyurt,low_freq_kept_separate_review,2,,True,,
Panoramakent 4,panoramakent,near_dict_not_merged_conservative,3,,True,,
Manar Yuvacık 2,manar_yuvacik_2,low_freq_kept_separate_review,1,,True,,
Panoramakent 2 Sitesi,panoramakent_2,low_freq_kept_separate_review,2,,True,,
Panoramakent 2 Sitesi,panoramakent,near_dict_not_merged_conservative,2,,True,,
yuvacik pasadag yesil vadi,yuvacik_pasadag_yesil_vadi,low_freq_kept_separate_review,1,,True,,
Loca Torunoğlu Sitesi,loca_torunoglu,low_freq_kept_separate_review,1,,True,,
cb- mark' tan vadi,cb_mark_tan_vadi,low_freq_kept_separate_review,1,,True,,
cb envoy'dan yesilyurt mah. site,cb_envoy_dan_yesilyurt_mah,low_freq_kept_separate_review,1,,True,,
Secret Garden,secret_garden,low_freq_kept_separate_review,2,,True,,
Cadde 53 Konutları,cadde_53,low_freq_kept_separate_review,1,,True,,
Panoramakent 1 Sitesi,panoramakent,near_dict_not_merged_conservative,5,,True,,
Rozna Sitesi,rozna,low_freq_kept_separate_review,1,,True,,
Yonca Evleri 2,yonca_evleri_2,low_freq_kept_separate_review,1,,True,,
Memur-Sen Sitesi,memur_sen,low_freq_kept_separate_review,1,,True,,
May Kent 2 Sitesi,may_kent_2,low_freq_kept_separate_review,2,,True,,
Royal Park Sitesi,royal_park,low_freq_kept_separate_review,1,,True,,
basiskele'de havuzlu site,basiskele_de_havuzlu,low_freq_kept_separate_review,2,,True,,
Panoramakent 1,panoramakent,near_dict_not_merged_conservative,5,,True,,
Panoramakent 1,panoramakent,near_dict_not_merged_conservative,5,,True,,
Lotus Mahza,lotus_mahza,low_freq_kept_separate_review,2,,True,,
remax dreamden basiskele fatih'de site,remax_dreamden_fatih_de,low_freq_kept_separate_review,1,,True,,
lotus evleri,lotus,low_freq_kept_separate_review,2,,True,,
basiskele yesilyurtda site,yesilyurtda,low_freq_kept_separate_review,1,,True,,
Torunoğulları Park 2,torunogullari_park_2,low_freq_kept_separate_review,1,,True,,
Akasya Modern Evleri,akasya_modern,low_freq_kept_separate_review,2,,True,,
basiskele pasadag mah. full deniz manzarali site,pasadag_mah_full_deniz_manzarali,low_freq_kept_separate_review,1,,True,,
cb mahall'den pasadag'da site,cb_mahall_den_pasadag_da,low_freq_kept_separate_review,1,,True,,
Supark Megaron,supark_megaron,low_freq_kept_separate_review,1,,True,,
Akven Armoni Teras,akven_armoni_teras,low_freq_kept_separate_review,1,,True,,
ManarYuvacık Sitesi,manaryuvacik,low_freq_kept_separate_review,1,,True,,
Boyuneğmez Yaşam Evleri,boyunegmez_yasam,low_freq_kept_separate_review,1,,True,,
basiskele'de havuzlu site,basiskele_de_havuzlu,low_freq_kept_separate_review,2,,True,,
Panoramakent 1 Sitesi,panoramakent,near_dict_not_merged_conservative,5,,True,,
Vistapark Evleri,vistapark,low_freq_kept_separate_review,1,,True,,
cati dubleks havuzlu site,cati_dubleks_havuzlu,low_freq_kept_separate_review,2,,True,,
Hanzade Palace Sitesi,hanzade_palace,low_freq_kept_separate_review,1,,True,,
Venedik Evleri,venedik,low_freq_kept_separate_review,2,,True,,
sahibinden vadi yuvacik site,sahibinden_vadi_yuvacik,low_freq_kept_separate_review,1,,True,,
dongelde site,dongelde,low_freq_kept_separate_review,1,,True,,
Dream Gardens Sitesi,dream_gardens,low_freq_kept_separate_review,2,,True,,
basiskelede prejtijli proje,basiskelede_prejtijli,low_freq_kept_separate_review,1,,True,,
yuz yapi'dan deniz ve vadi,yuz_yapi_dan_deniz_ve_vadi,low_freq_kept_separate_review,1,,True,,
beykent konaklari 611 projesi,beykent_konaklari_611,low_freq_kept_separate_review,1,,True,,
kartepe'de site,kartepe_de,low_freq_kept_separate_review,2,,True,,
Onur Sitesi,onur,low_freq_kept_separate_review,2,,True,,
kartepe fsm kent,kartepe_fsm_kent,low_freq_kept_separate_review,1,,True,,
Cadde-i Kübra Sitesi,cadde_i_kubra,low_freq_kept_separate_review,1,,True,,
Empire House Sitesi,empire_house,low_freq_kept_separate_review,1,,True,,
yagmur dan satilik site,yagmur_dan,low_freq_kept_separate_review,1,,True,,
ena gayrimenkulden kartepe s.royal2 sit,ena_gayrimenkulden_kartepe_s_royal2,low_freq_kept_separate_review,1,,True,,
Kafkas Dostluk Konutları,kafkas_dostluk,low_freq_kept_separate_review,1,,True,,
Meridyen Elite Sitesi,meridyen_elite,low_freq_kept_separate_review,1,,True,,
kartepe dumlupinar ritim naz residence,kartepe_dumlupinar_ritim_naz,low_freq_kept_separate_review,1,,True,,
Capediem Kartepe Evleri,capediem_kartepe,low_freq_kept_separate_review,1,,True,,
Beykent Konakları Sitesi,beykent_konaklari,low_freq_kept_separate_review,1,,True,,
Garden Kartepe 2 Sitesi,garden_kartepe_2,low_freq_kept_separate_review,1,,True,,
Hürsoy Behçelievler Sitesi,hursoy_behcelievler,low_freq_kept_separate_review,1,,True,,
satilik dubleks site,dubleks,low_freq_kept_separate_review,1,,True,,
Güçkat Life Sitesi,guckat_life,low_freq_kept_separate_review,1,,True,,
kartepe serender park,kartepe_serender_park,low_freq_kept_separate_review,1,,True,,
Ataköy Sitesi,atakoy,low_freq_kept_separate_review,1,,True,,
My World Kartepe Sitesi,my_world_kartepe,low_freq_kept_separate_review,1,,True,,
1.69 kredi icon residence,1_69_kredi_icon,low_freq_kept_separate_review,1,,True,,
A Plus Residence,a_plus,low_freq_kept_separate_review,1,,True,,
Kamelya Sitesi,kamelya,low_freq_kept_separate_review,2,,True,,
on cephe site,on_cephe,low_freq_kept_separate_review,1,,True,,
kartepe site,kartepe,low_freq_kept_separate_review,1,,True,,
son firsat kartepe fsm akev sitesi,son_kartepe_fsm_akev,low_freq_kept_separate_review,2,,True,,
ertugrul gazi'de site,ertugrul_gazi_de,low_freq_kept_separate_review,2,,True,,
dubleks kent,dubleks_kent,low_freq_kept_separate_review,1,,True,,
acill deallife'dan ataevlerde site,acill_deallife_dan_ataevlerde,low_freq_kept_separate_review,1,,True,,
hasanpasa butik site,hasanpasa_butik,low_freq_kept_separate_review,1,,True,,
son firsat kartepe fsm site,son_kartepe_fsm,low_freq_kept_separate_review,1,,True,,
kocaeli kartepe kosekoy site,kartepe_kosekoy,low_freq_kept_separate_review,1,,True,,
Hürsoy Nefes Kartepe Sitesi,hursoy_nefes_kartepe,low_freq_kept_separate_review,2,,True,,
Atakent Evleri 142. Ada,atakent_evleri_142_ada,low_freq_kept_separate_review,2,,True,,
Boutique Kartepe,boutique_kartepe,low_freq_kept_separate_review,1,,True,,
kartepe atakent konutlari,kartepe_atakent,low_freq_kept_separate_review,1,,True,,
kartepe cadde life sitesi,kartepe_cadde_life,low_freq_kept_separate_review,2,,True,,
Pakmaya Deprem Konutları,pakmaya_deprem,low_freq_kept_separate_review,1,,True,,
Özdilek Atakent Konutları,ozdilek_atakent,low_freq_kept_separate_review,1,,True,,
MK Elegance Sitesi,mk_elegance,low_freq_kept_separate_review,2,,True,,
Atakent Evleri 131. Ada,atakent_evleri_131_ada,low_freq_kept_separate_review,1,,True,,
son firsat kartepe fsm akev sitesi,son_kartepe_fsm_akev,low_freq_kept_separate_review,2,,True,,
neff vizyon projesi,neff_vizyon,low_freq_kept_separate_review,1,,True,,
yatirimlik kiracili site,yatirimlik_kiracili,low_freq_kept_separate_review,1,,True,,
Hürsoy Sitesi Atakent 1,hursoy_sitesi_atakent_1,low_freq_kept_separate_review,1,,True,,
hasanpasa mahallesinde butik site,hasanpasa_mahallesinde_butik,low_freq_kept_separate_review,1,,True,,
kent meydaninda 1.99 krediyle site,kent_meydaninda_1_99_krediyle,low_freq_kept_separate_review,1,,True,,
remax myra'dan kartepe fsm'de site,remax_myra_dan_kartepe_fsm_de,low_freq_kept_separate_review,1,,True,,
ertugrul gazi mh satilik site,ertugrul_gazi_mh,low_freq_kept_separate_review,1,,True,,
kartepe'de manzarali site,kartepe_de_manzarali,low_freq_kept_separate_review,1,,True,,
emlakcim41 kent,emlakcim41_kent,low_freq_kept_separate_review,1,,True,,
Kartepe Stone Suite,kartepe_stone_suite,low_freq_kept_separate_review,1,,True,,
korhandan kent,korhandan_kent,low_freq_kept_separate_review,1,,True,,
kartepe kent merkezinde site,kartepe_kent_merkezinde,low_freq_kept_separate_review,1,,True,,
Hürsoy Sapphire,hursoy_sapphire,low_freq_kept_separate_review,1,,True,,
gate41 masukiye projesi,gate41_masukiye,low_freq_kept_separate_review,1,,True,,
Gülaş Sitesi,gulas,low_freq_kept_separate_review,1,,True,,
Adesa Sitesi,adesa,low_freq_kept_separate_review,1,,True,,
Kartepe Meridyen,kartepe_meridyen,low_freq_kept_separate_review,1,,True,,
ekomaxdan sinirsiz kredi asansoru site,ekomaxdan_sinirsiz_kredi_asansoru,low_freq_kept_separate_review,1,,True,,
Gate 41 Sitesi,gate_41,low_freq_kept_separate_review,1,,True,,
K. H. Ekşioğlu İnşaat Limited Şirketi,k_h_eksioglu_insaat_limited_sirketi,low_freq_kept_separate_review,2,,True,,
fsm mahallesi'nde luks site,fsm_mahallesi_nde,low_freq_kept_separate_review,1,,True,,
Ağkoç Evleri 2,agkoc_evleri_2,low_freq_kept_separate_review,1,,True,,
derbent mh site,derbent_mh,low_freq_kept_separate_review,1,,True,,
Ritim Kartepe Konutları,ritim_kartepe,low_freq_kept_separate_review,2,,True,,
ekomax'dan e.gazi asansrlu havzlu site,ekomax_dan_e_gazi_asansrlu_havzlu,low_freq_kept_separate_review,1,,True,,
Paşapark Evleri 12 Site,pasapark_evleri_12,low_freq_kept_separate_review,1,,True,,
Bizim Konaklar Sitesi,bizim_konaklar,low_freq_kept_separate_review,1,,True,,
Effect Kartepe,effect_kartepe,low_freq_kept_separate_review,2,,True,,
Ritim Kartepe Konutları,ritim_kartepe,low_freq_kept_separate_review,2,,True,,
kartepe'de havuzlu site,kartepe_de_havuzlu,low_freq_kept_separate_review,2,,True,,
Paşa Park Evleri 13,pasa_park_evleri_13,low_freq_kept_separate_review,2,,True,,
ekomax'dan kartpe fsm. mah. havzlu asanslu site,ekomax_dan_kartpe_fsm_mah_havzlu_asanslu,low_freq_kept_separate_review,1,,True,,
MRŞ Konakları,mrs_konaklari,low_freq_kept_separate_review,1,,True,,
aras gayrimenkulden fsm'de site,aras_gayrimenkulden_fsm_de,low_freq_kept_separate_review,1,,True,,
dan rezidans,dan,low_freq_kept_separate_review,1,,True,,
Elit Park Sitesi,elit_park,low_freq_kept_separate_review,2,,True,,
Olkar Saklı Vadi Konağı,olkar_sakli_vadi_konagi,low_freq_kept_separate_review,1,,True,,
100. Yıl Barışer Sitesi,100_yil_bariser,low_freq_kept_separate_review,2,,True,,
Toksoylu Sitesi,toksoylu,low_freq_kept_separate_review,1,,True,,
Versay Yamaçevler,versay_yamacevler,low_freq_kept_separate_review,1,,True,,
Değirmendere Modern Evleri,degirmendere_modern,low_freq_kept_separate_review,2,,True,,
Şirinkent Kalıcı Konutları 15. Ada,sirinkent_kalici_konutlari_15_ada,low_freq_kept_separate_review,1,,True,,
Versay Lilyum Park Sitesi,versay_lilyum_park,low_freq_kept_separate_review,1,,True,,
degirmendere yuzbasilar da site,degirmendere_yuzbasilar_da,low_freq_kept_separate_review,1,,True,,
piyalepasa da site,piyalepasa_da,low_freq_kept_separate_review,1,,True,,
manzara evleri,manzara,low_freq_kept_separate_review,2,,True,,
Melisa Sitesi,melisa,low_freq_kept_separate_review,1,,True,,
Deniz Yıldızı Evleri,deniz_yildizi,low_freq_kept_separate_review,2,,True,,
Azra 6 Sitesi,azra_6,low_freq_kept_separate_review,2,,True,,
golcuk degirmendere metropolitangreyeffect sit,golcuk_degirmendere_metropolitangreyeffect,low_freq_kept_separate_review,1,,True,,
golcuk yeni mah. faralya sitesi,golcuk_mah_faralya,low_freq_kept_separate_review,1,,True,,
Şirinkent Kalıcı Konutları 19. Ada,sirinkent_kalici_konutlari_19_ada,low_freq_kept_separate_review,1,,True,,
Doğan Evleri,dogan,low_freq_kept_separate_review,1,,True,,
Asena Sitesi,asena,low_freq_kept_separate_review,1,,True,,
yakamos sitesi,yakamos,low_freq_kept_separate_review,1,,True,,
topcular'da site,topcular_da,low_freq_kept_separate_review,1,,True,,
Olkar Safir,olkar_safir,low_freq_kept_separate_review,2,,True,,
Saraylı Kalıcı Konutları 181. Ada,sarayli_kalici_konutlari_181_ada,low_freq_kept_separate_review,1,,True,,
Saklı Vadi Evleri,sakli_vadi,low_freq_kept_separate_review,1,,True,,
Armada Sitesi,armada,low_freq_kept_separate_review,1,,True,,
Değirmendere Modern Evleri,degirmendere_modern,low_freq_kept_separate_review,2,,True,,
Göztepe Evleri,goztepe,low_freq_kept_separate_review,1,,True,,
tanyildizdan golcuk elit park,tanyildizdan_golcuk_elit_park,low_freq_kept_separate_review,1,,True,,
Övünç Sitesi,ovunc,low_freq_kept_separate_review,1,,True,,
bahce dubleks site,bahce_dubleks,low_freq_kept_separate_review,1,,True,,
Olkar Ataşehir,olkar_atasehir,low_freq_kept_separate_review,2,,True,,
cb envoy golcuk yeni mh. faralya sitesi,cb_envoy_golcuk_mh_faralya,low_freq_kept_separate_review,1,,True,,
golcuk balaban mimoza kent,golcuk_balaban_mimoza_kent,low_freq_kept_separate_review,1,,True,,
Saraylı Kalıcı Konutları 182. Ada,sarayli_kalici_konutlari_182_ada,low_freq_kept_separate_review,1,,True,,
Metropolitan Grey Effect,metropolitan_grey_effect,low_freq_kept_separate_review,2,,True,,
Deniz Yıldızı Evleri,deniz_yildizi,low_freq_kept_separate_review,2,,True,,
Civan Park Evleri,civan_park,low_freq_kept_separate_review,1,,True,,
Azat Park Evleri,azat_park,low_freq_kept_separate_review,1,,True,,
beyaz vadi,beyaz_vadi,low_freq_kept_separate_review,1,,True,,
Metropolitan Grey Effect,metropolitan_grey_effect,low_freq_kept_separate_review,2,,True,,
100. Yıl Barışer Sitesi,100_yil_bariser,low_freq_kept_separate_review,2,,True,,
yeni mahallede site,mahallede,low_freq_kept_separate_review,1,,True,,
topcular mh. ronesans sitesi,topcular_mh_ronesans,low_freq_kept_separate_review,1,,True,,
donanma olkar vadi,donanma_olkar_vadi,low_freq_kept_separate_review,1,,True,,
Olkar Ataşehir,olkar_atasehir,low_freq_kept_separate_review,2,,True,,
Versay Yamaç Evler Sitesi,versay_yamac_evler,low_freq_kept_separate_review,2,,True,,
Barış Park Evleri 1,baris_park_evleri_1,low_freq_kept_separate_review,2,,True,,
tasdan premium city,tasdan_premium_city,low_freq_kept_separate_review,2,,True,,
tasdan premium city,tasdan_premium_city,low_freq_kept_separate_review,2,,True,,
topcularda havuzlu site,topcularda_havuzlu,low_freq_kept_separate_review,1,,True,,
sehitler mah.vgm sit,sehitler_mah_vgm,low_freq_kept_separate_review,1,,True,,
Ata-1 Sitesi,ata_1,low_freq_kept_separate_review,2,,True,,
Fırtına Sitesi,firtina,low_freq_kept_separate_review,1,,True,,
Mimoza Evleri,mimoza,low_freq_kept_separate_review,1,,True,,
Ata-1 Sitesi,ata_1,low_freq_kept_separate_review,2,,True,,
torunogullari ormania sitesi,torunogullari_ormania,low_freq_kept_separate_review,1,,True,,
Şahan Torunoğulları Sitesi,sahan_torunogullari,low_freq_kept_separate_review,2,,True,,
cb envoy ihsaniye'de site,cb_envoy_ihsaniye_de,low_freq_kept_separate_review,1,,True,,
Ayşe Torunoğulları Sitesi,ayse_torunogullari,low_freq_kept_separate_review,1,,True,,
Şeval Sitesi,seval,low_freq_kept_separate_review,1,,True,,
Balaban City Sitesi,balaban_city,low_freq_kept_separate_review,2,,True,,
golcuk hisareyn de site,golcuk_hisareyn_de,low_freq_kept_separate_review,1,,True,,
Menekşe Park Evleri,menekse_park,low_freq_kept_separate_review,1,,True,,
ema emlak karakopru mah vip sit,ema_emlak_karakopru_vip,low_freq_kept_separate_review,1,,True,,
Torunoğulları Sitesi,torunogullari,low_freq_kept_separate_review,1,,True,,
1sifir site,1sifir,low_freq_kept_separate_review,1,,True,,
Gölcük Kavanium 2 Etap,golcuk_kavanium_2,low_freq_kept_separate_review,2,,True,,
hisareynde site,hisareynde,low_freq_kept_separate_review,1,,True,,
Balaban City Sitesi,balaban_city,low_freq_kept_separate_review,2,,True,,
Yakamoz Sitesi,yakamoz_konutlari,near_dict_not_merged_conservative,3,,True,,
Örcün Manzara Evleri,orcun_manzara,low_freq_kept_separate_review,1,,True,,
Barış Vizyon Deluxe 3,baris_vizyon_deluxe_3,low_freq_kept_separate_review,2,,True,,
Nida Torunoğulları Sitesi,nida_torunogullari,low_freq_kept_separate_review,1,,True,,
sokkk fiyat ihsaniye merkez'de site,sokkk_fiyat_ihsaniye_merkez_de,low_freq_kept_separate_review,1,,True,,
golcuk degirmendere-orcun site,golcuk_degirmendere_orcun,low_freq_kept_separate_review,1,,True,,
kw arven'den hisareyn'de havuzlu site,kw_arven_den_hisareyn_de_havuzlu,low_freq_kept_separate_review,1,,True,,
Ilıca Evleri 3,ilica_evleri_3,low_freq_kept_separate_review,2,,True,,
cati dubleks 210m2 havuzlu site,cati_dubleks_havuzlu,low_freq_kept_separate_review,2,,True,,
Çağdaş Siteleri,cagdas_siteleri,low_freq_kept_separate_review,1,,True,,
loft group gm'den bayindirlik konutlari,loft_group_gm_den_bayindirlik,low_freq_kept_separate_review,1,,True,,
Akkuş Sitesi,akkus,low_freq_kept_separate_review,2,,True,,
izmit kabaoglu linay city,kabaoglu_linay_city,low_freq_kept_separate_review,1,,True,,
gadalar'dan alikahya kerimoglu sitesi,gadalar_dan_alikahya_kerimoglu,low_freq_kept_separate_review,1,,True,,
Soykaya Kayakent Evleri,soykaya_kayakent,low_freq_kept_separate_review,1,,True,,
izmit sirintepe'de site,sirintepe_de,low_freq_kept_separate_review,1,,True,,
akpinar toki konutlari,akpinar_toki,low_freq_kept_separate_review,1,,True,,
Kiptaş Çınar Evler Sitesi,kiptas_cinar_evler,low_freq_kept_separate_review,2,,True,,
Kiptaş Çınar Evler Sitesi,kiptas_cinar_evler,low_freq_kept_separate_review,2,,True,,
Değirmen Evleri,degirmen,low_freq_kept_separate_review,1,,True,,
tarcanlardan izmit bayindirlik konutlari,tarcanlardan_bayindirlik,low_freq_kept_separate_review,1,,True,,
Kuvars Plajyolu Sitesi,kuvars_plajyolu,low_freq_kept_separate_review,1,,True,,
Muasırkent Sitesi,muasirkent,low_freq_kept_separate_review,1,,True,,
Kıyıkent Sitesi,kiyikent,low_freq_kept_separate_review,1,,True,,
Vere House 2 Sitesi,vere_house_2,low_freq_kept_separate_review,1,,True,,
Vefa Sitesi,vefa,low_freq_kept_separate_review,2,,True,,
Özbek Sitesi,ozbek,low_freq_kept_separate_review,1,,True,,
Gölkay Star Life Sitesi,golkay_star_life,low_freq_kept_separate_review,2,,True,,
Balaban Sitesi 2,balaban_sitesi_2,low_freq_kept_separate_review,1,,True,,
İzmit Marina Sitesi 4,marina_sitesi_4,low_freq_kept_separate_review,1,,True,,
Zenan Evleri Sitesi,zenan,low_freq_kept_separate_review,2,,True,,
Vadi İzmit,ritim_vadi_evleri,near_dict_not_merged_conservative,17,,True,,
Armadakent 2. Etap,armadakent_2,low_freq_kept_separate_review,2,,True,,
Akasya Park Evleri 2,akasya_park_evleri_2,low_freq_kept_separate_review,1,,True,,
Lilyum Park 3,lilyum_park_3,low_freq_kept_separate_review,2,,True,,
Fnd Smarside 2 Sitesi,fnd_smarside_2,low_freq_kept_separate_review,1,,True,,
Vadikent 4. Etap Konutları,vadikent_4,low_freq_kept_separate_review,2,,True,,
gun kent,gun_kent,low_freq_kept_separate_review,1,,True,,
Göktaş Sitesi,goktas,low_freq_kept_separate_review,2,,True,,
Keskindere Begonvil Evleri,keskindere_begonvil,low_freq_kept_separate_review,1,,True,,
guney cepheli klimali site,guney_cepheli_klimali,low_freq_kept_separate_review,1,,True,,
Aytes Konutları,aytes,low_freq_kept_separate_review,1,,True,,
Yelkent Zirve Sitesi,yelkent_zirve,low_freq_kept_separate_review,2,,True,,
tanyildiz derince yenikent site,tanyildiz_derince_yenikent,low_freq_kept_separate_review,1,,True,,
derince fatih sultan'da site,derince_fatih_sultan_da,low_freq_kept_separate_review,1,,True,,
Mesken Sitesi,mesken,low_freq_kept_separate_review,1,,True,,
Ekin Sitesi,ekin,low_freq_kept_separate_review,2,,True,,
Eston Derince Evleri,eston_derince,low_freq_kept_separate_review,2,,True,,
Göktaş Sitesi,goktas,low_freq_kept_separate_review,2,,True,,
Çenedağ Sitesi,cenedag,low_freq_kept_separate_review,1,,True,,
Başkent Sitesi,baskent,low_freq_kept_separate_review,1,,True,,
satilik royal'den derince 60 evler sefa sitesi,royal_den_derince_60_evler_sefa,low_freq_kept_separate_review,1,,True,,
emay'dan derince 60 evler sahilde site,emay_dan_derince_60_evler_sahilde,low_freq_kept_separate_review,1,,True,,
derince yavuzsultan da site,derince_yavuzsultan_da,low_freq_kept_separate_review,1,,True,,
Melodi Sitesi,melodi,low_freq_kept_separate_review,1,,True,,
Derince İnci Evleri,derince_inci,low_freq_kept_separate_review,1,,True,,
gada panorama park,gada_panorama_park,low_freq_kept_separate_review,1,,True,,
Erdem Sitesi,erdem,low_freq_kept_separate_review,1,,True,,
Güven Sitesi,guven,low_freq_kept_separate_review,1,,True,,
Ela Evleri 2 Sitesi,ela_evleri_2,low_freq_kept_separate_review,1,,True,,
Yeşilvadi Evleri,yesilvadi,low_freq_kept_separate_review,2,,True,,
derince kaskal guzel konum site,derince_kaskal_konum,low_freq_kept_separate_review,1,,True,,
Blue Sky Residence,blue_sky,low_freq_kept_separate_review,2,,True,,
derince 60 evler ozge bilge sitesi,derince_60_evler_ozge_bilge,low_freq_kept_separate_review,1,,True,,
derince egt.hast. yakin site,derince_egt_hast_yakin,low_freq_kept_separate_review,1,,True,,
tapusu hazir yenikent toki sitesi,tapusu_hazir_yenikent_toki,low_freq_kept_separate_review,1,,True,,
Ekin Sitesi,ekin,low_freq_kept_separate_review,2,,True,,
6 Nolu Kooperatif,6_nolu_kooperatif,low_freq_kept_separate_review,1,,True,,
Lassa Güler Sitesi,lassa_guler,low_freq_kept_separate_review,1,,True,,
Canan Sitesi,canan,low_freq_kept_separate_review,1,,True,,
Olgun Kent Sitesi,olgun_kent,low_freq_kept_separate_review,1,,True,,
Yeni Polat Sitesi,polat,low_freq_kept_separate_review,1,,True,,
remax design sirripasa.mh merkezi konum site,remax_design_sirripasa_mh_merkezi_konum,low_freq_kept_separate_review,1,,True,,
Asyapı Sitesi,asyapi,low_freq_kept_separate_review,1,,True,,
yenikentte site,yenikentte,low_freq_kept_separate_review,1,,True,,
Azka Sitesi,azka,low_freq_kept_separate_review,1,,True,,
Nasaş Özlem Sitesi,nasas_ozlem,low_freq_kept_separate_review,2,,True,,
Eston Derince Evleri,eston_derince,low_freq_kept_separate_review,2,,True,,
Özge Bilge Sitesi,ozge_bilge,low_freq_kept_separate_review,1,,True,,
Özgürler Sitesi,ozgurler,low_freq_kept_separate_review,1,,True,,
Batıkent Sitesi,batikent,low_freq_kept_separate_review,2,,True,,
Yağmur Sitesi,yagmur,low_freq_kept_separate_review,1,,True,,
Balkent Sitesi,balkent,low_freq_kept_separate_review,1,,True,,
Anıl Siteleri,anil_siteleri,low_freq_kept_separate_review,1,,True,,
Nasaş Özlem Sitesi,nasas_ozlem,low_freq_kept_separate_review,2,,True,,
Kalıcı Konutlar,kalici_konutlar,low_freq_kept_separate_review,2,,True,,
Murgul Sitesi,murgul,low_freq_kept_separate_review,1,,True,,
Metaliş Sitesi,metalis,low_freq_kept_separate_review,1,,True,,
Emekli İşçiler Sitesi,emekli_isciler,low_freq_kept_separate_review,1,,True,,
Ömür Siteleri,omur_siteleri,low_freq_kept_separate_review,1,,True,,
Blue Sky Residence,blue_sky,low_freq_kept_separate_review,2,,True,,
derince dumlupinarda site,derince_dumlupinarda,low_freq_kept_separate_review,1,,True,,
Kalıcı Konutlar,kalici_konutlar,low_freq_kept_separate_review,2,,True,,
Genç İşçiler Sitesi,genc_isciler,low_freq_kept_separate_review,1,,True,,
Yeşilvadi Evleri,yesilvadi,low_freq_kept_separate_review,2,,True,,
Yeşilyonca Sitesi,yesilyonca,low_freq_kept_separate_review,1,,True,,
Yayla 87 Sitesi,yayla_87,low_freq_kept_separate_review,1,,True,,
Yenikent 4 Nolu Sitesi,yenikent_4_nolu,low_freq_kept_separate_review,1,,True,,
Begonvil Konakları,begonvil_konaklari,low_freq_kept_separate_review,1,,True,,
Boru Siteleri,boru_siteleri,low_freq_kept_separate_review,1,,True,,
Yelkent Zirve Sitesi,yelkent_zirve,low_freq_kept_separate_review,2,,True,,
Tepecik Sitesi,tepecik,low_freq_kept_separate_review,1,,True,,
Çınarlı Evleri,cinarli,low_freq_kept_separate_review,1,,True,,
Senem Balcı Evleri,senem_balci,low_freq_kept_separate_review,1,,True,,
Petrol Ofisi Madeni Yağ Sitesi,petrol_ofisi_madeni_yag,low_freq_kept_separate_review,1,,True,,
Batıkent Sitesi,batikent,low_freq_kept_separate_review,2,,True,,
full yapili yenikent toki konutlari,full_yapili_yenikent_toki,low_freq_kept_separate_review,1,,True,,
mefa emlaktan yavuz selim korfez kent,mefa_emlaktan_yavuz_selim_korfez_kent,low_freq_kept_separate_review,1,,True,,
evim'den fuzulev eminevim uygun site,evim_den_fuzulev_eminevim_uygun,low_freq_kept_separate_review,1,,True,,
cizgi emlaktan stratus residence,cizgi_emlaktan_stratus,low_freq_kept_separate_review,1,,True,,
Başaran Sitesi,basaran,low_freq_kept_separate_review,1,,True,,
Ata Sitesi,ata,low_freq_kept_separate_review,2,,True,,
Tuğra Konakları,tugra_konaklari,low_freq_kept_separate_review,1,,True,,
Umut Apartmanı Sitesi,umut_apartmani,low_freq_kept_separate_review,1,,True,,
stratus residence,stratus,low_freq_kept_separate_review,1,,True,,
korfez mimar sinan mahallesinde butik site,korfez_mimar_sinan_mahallesinde_butik,low_freq_kept_separate_review,1,,True,,
korfez'de site,korfez_de,low_freq_kept_separate_review,1,,True,,
lux teras dublex.deniz ve park,lux_teras_dublex_deniz_ve_park,low_freq_kept_separate_review,1,,True,,
Körfez Belediyesi İlimtepe Kalıcı Konutları 4. Etap,korfez_belediyesi_ilimtepe_kalici_konutlari_4,low_freq_kept_separate_review,1,,True,,
herekenin en dolu sitesi,herekenin_en_dolu,low_freq_kept_separate_review,1,,True,,
Gençler Sitesi,gencler,low_freq_kept_separate_review,1,,True,,
Gaye Sitesi,gaye,low_freq_kept_separate_review,1,,True,,
Hilal Sitesi,hilal,low_freq_kept_separate_review,1,,True,,
Körfez Belediyesi İlimtepe Kalıcı Konutları 1544. Ada,korfez_belediyesi_ilimtepe_kalici_konutlari_1544,low_freq_kept_separate_review,2,,True,,
Körfez Kalıcı Konutları,korfez_kalici,low_freq_kept_separate_review,2,,True,,
genis ve kullanisli site,genis_ve_kullanisli,low_freq_kept_separate_review,1,,True,,
Petkim Park Türköz 2015,petkim_park_turkoz_2015,low_freq_kept_separate_review,1,,True,,
Duru Sitesi,duru,low_freq_kept_separate_review,1,,True,,
Körfez Belediyesi İlimtepe Kalıcı Konutları 3. Etap,korfez_belediyesi_ilimtepe_kalici_konutlari_3,low_freq_kept_separate_review,1,,True,,
deniz ve orman manzarali site,deniz_ve_orman_manzarali,low_freq_kept_separate_review,1,,True,,
Körfez Kalıcı Konutları 5. Ada,korfez_kalici_konutlari_5_ada,low_freq_kept_separate_review,1,,True,,
Yalıkent Sahil Sitesi,yalikent_sahil,low_freq_kept_separate_review,1,,True,,
Nasaş Emek Sitesi,nasas_emek,low_freq_kept_separate_review,1,,True,,
Zafer Sitesi,zafer,low_freq_kept_separate_review,1,,True,,
Yarımca Sitesi,yarimca,low_freq_kept_separate_review,1,,True,,
Demetevler Sitesi,demetevler,low_freq_kept_separate_review,1,,True,,
Özkardelen Sitesi,ozkardelen,low_freq_kept_separate_review,1,,True,,
cb-mark'tan korfez ilimtepe doga sit,cb_mark_tan_korfez_ilimtepe_doga,low_freq_kept_separate_review,1,,True,,
Körfez Belediyesi İlimtepe Kalıcı Konutları 6. Etap Huzur Sitesi,korfez_belediyesi_ilimtepe_kalici_konutlari_6,low_freq_kept_separate_review,2,,True,,
Körfez Belediyesi İlimtepe Kalıcı Konutları 1544. Ada,korfez_belediyesi_ilimtepe_kalici_konutlari_1544,low_freq_kept_separate_review,2,,True,,
Sümerbanklar Sitesi,sumerbanklar,low_freq_kept_separate_review,1,,True,,
Körfezim Konakları,korfezim_konaklari,low_freq_kept_separate_review,2,,True,,
Körfez Belediyesi İlimtepe Kalıcı Konutları 6. Etap Huzur Sitesi,korfez_belediyesi_ilimtepe_kalici_konutlari_6,low_freq_kept_separate_review,2,,True,,
Emlak Konut Körfez Kent Sitesi 3. Etap,emlak_korfez_kent_sitesi_3,low_freq_kept_separate_review,2,,True,,
mimar sinan'da site,mimar_sinan_da,low_freq_kept_separate_review,1,,True,,
Özcanlar Çarşı Sitesi,ozcanlar_carsi,low_freq_kept_separate_review,2,,True,,
Emlak Konut Körfez Kent Çarşı,emlak_korfez_kent_carsi,low_freq_kept_separate_review,1,,True,,
mefa emlaktan korfez kent,mefa_emlaktan_korfez_kent,low_freq_kept_separate_review,1,,True,,
Kavanium Körfez Sitesi 1203 Ada 16 Parsel,kavanium_korfez_sitesi_1203_ada_16,low_freq_kept_separate_review,2,,True,,
Körfezim Konakları,korfezim_konaklari,low_freq_kept_separate_review,2,,True,,
Pektim Park Sitesi,pektim_park,low_freq_kept_separate_review,1,,True,,
Şehr-i Seyir Konakları,sehr_i_seyir_konaklari,low_freq_kept_separate_review,2,,True,,
Özcanlar Çarşı Sitesi,ozcanlar_carsi,low_freq_kept_separate_review,2,,True,,
Emlak Konut Körfez Kent Sitesi 1. Etap,emlak_korfez_kent_sitesi_1,low_freq_kept_separate_review,2,,True,,
Ulaş Sitesi,ulas,low_freq_kept_separate_review,2,,True,,
Aydınlar Sitesi,aydinlar,low_freq_kept_separate_review,1,,True,,
mefa emaktan korfez kent,mefa_emaktan_korfez_kent,low_freq_kept_separate_review,1,,True,,
korfez kent,korfez_kent,low_freq_kept_separate_review,1,,True,,
Schneider Şahin Sitesi,schneider_sahin,low_freq_kept_separate_review,2,,True,,
Yakınca Sitesi,yakinca,low_freq_kept_separate_review,1,,True,,
Schneider Şahin Sitesi,schneider_sahin,low_freq_kept_separate_review,2,,True,,
emek emlak'tan ilimtepe belediye evleri,emek_emlak_tan_ilimtepe_belediye,low_freq_kept_separate_review,1,,True,,
Sahil Kent Sitesi,sahil_kent,low_freq_kept_separate_review,1,,True,,
vizyon park,vizyon_park,low_freq_kept_separate_review,1,,True,,
Körfez Belediyesi İlimtepe Belediye Evleri,korfez_belediyesi_ilimtepe_belediye,low_freq_kept_separate_review,1,,True,,
Lilyum Sitesi,lilyum,low_freq_kept_separate_review,1,,True,,
Ulaş Sitesi,ulas,low_freq_kept_separate_review,2,,True,,
Körfez Kalıcı Konutları,korfez_kalici,low_freq_kept_separate_review,2,,True,,
Kavanium Körfez Sitesi 1203 Ada 16 Parsel,kavanium_korfez_sitesi_1203_ada_16,low_freq_kept_separate_review,2,,True,,
Emlak Konut Körfez Kent Sitesi 1. Etap,emlak_korfez_kent_sitesi_1,low_freq_kept_separate_review,2,,True,,
Allak Sitesi,allak,low_freq_kept_separate_review,1,,True,,
Petkim Evleri Sitesi,petkim,low_freq_kept_separate_review,1,,True,,
Beşballı Sitesi,besballi,low_freq_kept_separate_review,1,,True,,
Adem Uslu Evyap Sitesi,adem_uslu_evyap,low_freq_kept_separate_review,1,,True,,
Şehr-i Seyir Konakları,sehr_i_seyir_konaklari,low_freq_kept_separate_review,2,,True,,
Pektimpark Sitesi,pektimpark,low_freq_kept_separate_review,1,,True,,
Emlak Konut - Körfezkent 3. Etap 1924. Ada,emlak_korfezkent_3_etap_1924,low_freq_kept_separate_review,1,,True,,
90 Evler Sitesi,90_evler,low_freq_kept_separate_review,1,,True,,
Emlak Konut Körfez Kent Sitesi 3. Etap,emlak_korfez_kent_sitesi_3,low_freq_kept_separate_review,2,,True,,
deniz ve vadi,deniz_ve_vadi,low_freq_kept_separate_review,1,,True,,
gaziler'de park,gaziler_de_park,low_freq_kept_separate_review,1,,True,,
Trend Evleri,trend,low_freq_kept_separate_review,2,,True,,
Yıldız Park Evleri,yildiz_park,low_freq_kept_separate_review,2,,True,,
Soylukent Sitesi,soylukent,low_freq_kept_separate_review,2,,True,,
guzeller dr.sadik ahmet park,guzeller_dr_sadik_ahmet_park,low_freq_kept_separate_review,1,,True,,
gebze baris kent,gebze_baris_kent,low_freq_kept_separate_review,1,,True,,
Soylukent Sitesi,soylukent,low_freq_kept_separate_review,2,,True,,
Mavi Bloklar,mavi_bloklar,low_freq_kept_separate_review,1,,True,,
Trend Evleri,trend,low_freq_kept_separate_review,2,,True,,
gebze baris mahallesi vadi,gebze_baris_mahallesi_vadi,low_freq_kept_separate_review,1,,True,,
Mollaoğlu Toplu Konutları,mollaoglu_toplu,low_freq_kept_separate_review,1,,True,,
Hisar Evleri,hisar,low_freq_kept_separate_review,2,,True,,
gebze baris mahallesi muhtesem deniz manzarali site,gebze_baris_mahallesi_muhtesem_deniz_manzarali,low_freq_kept_separate_review,1,,True,,
sinirsiz kredi site,sinirsiz_kredi,low_freq_kept_separate_review,1,,True,,
baris mah site,baris,low_freq_kept_separate_review,1,,True,,
acil135m2 kent,acil135m2_kent,low_freq_kept_separate_review,1,,True,,
enbirden satilik butik site,enbirden_butik,low_freq_kept_separate_review,1,,True,,
Nur Sitesi,nur,low_freq_kept_separate_review,1,,True,,
Gebze Park Evleri,gebze_park,low_freq_kept_separate_review,1,,True,,
Aden Park Evleri,aden_park,low_freq_kept_separate_review,1,,True,,
Kontakt City,kontakt_city,low_freq_kept_separate_review,2,,True,,
Damla Sitesi,damla,low_freq_kept_separate_review,1,,True,,
Kontakt City,kontakt_city,low_freq_kept_separate_review,2,,True,,
gebze besevlerde site,gebze_besevlerde,low_freq_kept_separate_review,1,,True,,
emlak konutlari,emlak,low_freq_kept_separate_review,2,,True,,
Emlak Konut,emlak,low_freq_kept_separate_review,2,,True,,
Emlak Konut - Gebze 2. Etap 5784 Ada,emlak_gebze_2_etap_5784,low_freq_kept_separate_review,2,,True,,
gebze tatlikuyu vadi,gebze_tatlikuyu_vadi,low_freq_kept_separate_review,2,,True,,
İşkar Şelale Evleri,iskar_selale,low_freq_kept_separate_review,2,,True,,
Gebze Kirazpınar Emlak Konutları 3. Etap,gebze_kirazpinar_emlak_konutlari_3,low_freq_kept_separate_review,2,,True,,
Gebze Emlak Konutları 2. Etap,gebze_emlak_konutlari_2,low_freq_kept_separate_review,2,,True,,
Akasya Konutları,akasya,low_freq_kept_separate_review,1,,True,,
Gökkuşağı Evleri,gokkusagi,low_freq_kept_separate_review,1,,True,,
Gebze Emlak Konutları 2. Etap,gebze_emlak_konutlari_2,low_freq_kept_separate_review,2,,True,,
Öz Ve Kurt Alyans Sitesi,oz_ve_kurt_alyans,low_freq_kept_separate_review,1,,True,,
Emlak Konut - Gebze 2. Etap 5784 Ada,emlak_gebze_2_etap_5784,low_freq_kept_separate_review,2,,True,,
Denizkent Sitesi,denizkent,low_freq_kept_separate_review,2,,True,,
evime uygun site,evime_uygun,low_freq_kept_separate_review,1,,True,,
Sunalı Evler Sitesi,sunali_evler,low_freq_kept_separate_review,2,,True,,
Safirpark Sitesi,safirpark,low_freq_kept_separate_review,1,,True,,
Zümrüt Evler Sitesi,zumrut_evler,low_freq_kept_separate_review,2,,True,,
Gebze Kirazpınar Konutları,gebze_kirazpinar,low_freq_kept_separate_review,2,,True,,
İşkar Şelale Evleri,iskar_selale,low_freq_kept_separate_review,2,,True,,
Sunalı Evler Sitesi,sunali_evler,low_freq_kept_separate_review,2,,True,,
Denizkent Sitesi,denizkent,low_freq_kept_separate_review,2,,True,,
Emlak Konutları Gebze 1. Etap,emlak_konutlari_gebze_1,low_freq_kept_separate_review,1,,True,,
Gebze Kirazpınar Emlak Konutları 3. Etap,gebze_kirazpinar_emlak_konutlari_3,low_freq_kept_separate_review,2,,True,,
Güzel Koru Sitesi,koru,low_freq_kept_separate_review,2,,True,,
Güzel Koru Sitesi,zeray_korupark,near_dict_not_merged_conservative,2,,True,,
Koza Kent Sitesi,koza_kent,low_freq_kept_separate_review,1,,True,,
acill gebze akse konaklari sitesi,acill_gebze_akse_konaklari,low_freq_kept_separate_review,1,,True,,
istasyon mh. butik site,istasyon_mh_butik,low_freq_kept_separate_review,1,,True,,
gebze eskihisar mah. park,gebze_eskihisar_mah_park,low_freq_kept_separate_review,1,,True,,
guzel koru sitesi,koru,low_freq_kept_separate_review,2,,True,,
guzel koru sitesi,zeray_korupark,near_dict_not_merged_conservative,2,,True,,
gebze yeni toki konutlari,gebze_toki,low_freq_kept_separate_review,1,,True,,
Gebze Kirazpınar Konutları,gebze_kirazpinar,low_freq_kept_separate_review,2,,True,,
Kocaeli Gebze Kirazpınar 2. Ve 3. Etap Toplu Konutları,gebze_kirazpinar_2_ve_3_etap,low_freq_kept_separate_review,1,,True,,
Arı Konak Siteleri,ari_konak_siteleri,low_freq_kept_separate_review,2,,True,,
Meltem Sitesi,meltem,low_freq_kept_separate_review,2,,True,,
gebze tatlikuyu deniz ve vadi,gebze_tatlikuyu_deniz_ve_vadi,low_freq_kept_separate_review,1,,True,,
Balaban Sitesi,balaban,low_freq_kept_separate_review,2,,True,,
gebze tatlikuyu vadi,gebze_tatlikuyu_vadi,low_freq_kept_separate_review,2,,True,,
Rüzgar Sitesi,ruzgar,low_freq_kept_separate_review,2,,True,,
gebze yenikent yesilkent sitesi,gebze_yenikent_yesilkent,low_freq_kept_separate_review,1,,True,,
Sarkuysan Sitesi,sarkuysan,low_freq_kept_separate_review,1,,True,,
Mega Kent Sitesi,mega_kent,low_freq_kept_separate_review,1,,True,,
2. Cam Elyaf Blokları,2_cam_elyaf_bloklari,low_freq_kept_separate_review,1,,True,,
Rüzgar Sitesi,ruzgar,low_freq_kept_separate_review,2,,True,,
fatih devlet hastane ve medical park,fatih_devlet_hastane_ve_medical_park,low_freq_kept_separate_review,1,,True,,
200m2 genis ve ferah vadi,genis_ve_ferah_vadi,low_freq_kept_separate_review,1,,True,,
Akarsu Sitesi,akarsu,low_freq_kept_separate_review,1,,True,,
Hünkar Evleri,hunkar,low_freq_kept_separate_review,1,,True,,
erengul sitesi,erengul,low_freq_kept_separate_review,1,,True,,
Match Colors Sitesi,match_colors,low_freq_kept_separate_review,2,,True,,
Okyanus Sitesi,okyanus,low_freq_kept_separate_review,1,,True,,
net'den gebze carsi tatlikuyuda kacmaz firsat site,net_den_gebze_carsi_tatlikuyuda_kacmaz,low_freq_kept_separate_review,1,,True,,
Güneş Sitesi,gunes,low_freq_kept_separate_review,2,,True,,
Güneş Sitesi,zeray_gunesi,near_dict_not_merged_conservative,2,,True,,
Ardışen Sitesi,ardisen,low_freq_kept_separate_review,1,,True,,
mutlukent emlak bank konutlari,mutlukent_emlak_bank,low_freq_kept_separate_review,1,,True,,
gebze tatlikuyu'da vadi,gebze_tatlikuyu_da_vadi,low_freq_kept_separate_review,1,,True,,
Beytepe My Residence,beytepe_my,low_freq_kept_separate_review,2,,True,,
Mavigöl Sitesi,mavigol,low_freq_kept_separate_review,1,,True,,
sener gyd'den site,sener_gyd_den,low_freq_kept_separate_review,1,,True,,
Pınar Sitesi,pinar,low_freq_kept_separate_review,2,,True,,
Çınar Evler Sitesi,cinar_evler,low_freq_kept_separate_review,1,,True,,
Güneş Sitesi,gunes,low_freq_kept_separate_review,2,,True,,
Güneş Sitesi,zeray_gunesi,near_dict_not_merged_conservative,2,,True,,
Arı Konak Siteleri,ari_konak_siteleri,low_freq_kept_separate_review,2,,True,,
İmza Residence,imza,low_freq_kept_separate_review,2,,True,,
Boğaziçi Evleri,bogazici,low_freq_kept_separate_review,1,,True,,
tatlikuyu vadi,tatlikuyu_vadi,low_freq_kept_separate_review,2,,True,,
Match Colors Sitesi,match_colors,low_freq_kept_separate_review,2,,True,,
tatlikuyu vadi,tatlikuyu_vadi,low_freq_kept_separate_review,2,,True,,
İmza Residence,imza,low_freq_kept_separate_review,2,,True,,
Seher Yeli Sitesi,seher_yeli,low_freq_kept_separate_review,1,,True,,
tatlikuyu'da vadi,tatlikuyu_da_vadi,low_freq_kept_separate_review,1,,True,,
Gold Life,gold_life,low_freq_kept_separate_review,1,,True,,
Gül Sitesi,gul,low_freq_kept_separate_review,1,,True,,
Zambak Sitesi,zambak,low_freq_kept_separate_review,1,,True,,
Vefa Sitesi,vefa,low_freq_kept_separate_review,2,,True,,
Beytepe My Residence,beytepe_my,low_freq_kept_separate_review,2,,True,,
Güzelkent Sitesi,guzelkent,low_freq_kept_separate_review,1,,True,,
Huzurkent Sitesi,huzurkent,low_freq_kept_separate_review,1,,True,,
Mutlukent Mavi Bloklar Sitesi,mutlukent_mavi_bloklar,low_freq_kept_separate_review,1,,True,,
Arı Konak Sitesi,ari_konak,low_freq_kept_separate_review,1,,True,,
tarcanlar dan gebze tatlikuyuda vadi,tarcanlar_dan_gebze_tatlikuyuda_vadi,low_freq_kept_separate_review,1,,True,,
Özlem Evler,ozlem_evler,low_freq_kept_separate_review,1,,True,,
Yıldız Park Evleri,yildiz_park,low_freq_kept_separate_review,2,,True,,
mutlukent mh. gol sit,mutlukent_mh_gol,low_freq_kept_separate_review,1,,True,,
Demiryolcular Sitesi,demiryolcular,low_freq_kept_separate_review,1,,True,,
TOKİ 20007 Konutları,toki_20007,low_freq_kept_separate_review,1,,True,,
Pasific Aura Sitesi,pasific_aura,low_freq_kept_separate_review,2,,True,,
Madenli Sitesi,madenli,low_freq_kept_separate_review,1,,True,,
gebze kent,gebze_kent,low_freq_kept_separate_review,1,,True,,
sekerpinar gocmen konutlari,sekerpinar_gocmen,low_freq_kept_separate_review,2,,True,,
Pasific Aura Sitesi,pasific_aura,low_freq_kept_separate_review,2,,True,,
White Life,white_life,low_freq_kept_separate_review,1,,True,,
Mercury City,mercury_city,low_freq_kept_separate_review,2,,True,,
alb konut akse life projesi,alb_akse_life,low_freq_kept_separate_review,2,,True,,
Damla Su Sitesi,damla_su,low_freq_kept_separate_review,1,,True,,
Çayırova TOKİ Konutları,cayirova_toki,low_freq_kept_separate_review,1,,True,,
Happy Town Plus,happy_town_plus,low_freq_kept_separate_review,2,,True,,
sekerpinar toki konutlari,sekerpinar_toki,low_freq_kept_separate_review,1,,True,,
TOKİ Şekerpınar Konutları,toki_sekerpinar,low_freq_kept_separate_review,1,,True,,
ENG Park Esdiva,eng_park_esdiva,low_freq_kept_separate_review,1,,True,,
Eng Yaşam Tepe Konutları,eng_yasam_tepe,low_freq_kept_separate_review,1,,True,,
Vizyon Sitesi,vizyon,low_freq_kept_separate_review,2,,True,,
ataturk mah.aksu yasam evleri,ataturk_mah_aksu_yasam,low_freq_kept_separate_review,1,,True,,
Şekerpınar Deprem Konutları 5,sekerpinar_deprem_konutlari_5,low_freq_kept_separate_review,1,,True,,
aksede site,aksede,low_freq_kept_separate_review,2,,True,,
Ankaryum Rezidans,ankaryum,low_freq_kept_separate_review,1,,True,,
Oğuzkaan Sitesi,oguzkaan,low_freq_kept_separate_review,1,,True,,
park panoramo residence,park_panoramo,low_freq_kept_separate_review,1,,True,,
Birr Şehir 1. Etap,birr_sehir_1,low_freq_kept_separate_review,2,,True,,
Happy Town 1,happy_town_1,low_freq_kept_separate_review,1,,True,,
Akse Evleri,akse,low_freq_kept_separate_review,1,,True,,
Eng Park,eng_park,low_freq_kept_separate_review,1,,True,,
Mercury City,mercury_city,low_freq_kept_separate_review,2,,True,,
firsat sekerpinar gocmen konutlari,sekerpinar_gocmen,low_freq_kept_separate_review,2,,True,,
alb konut akse life projesi,alb_akse_life,low_freq_kept_separate_review,2,,True,,
Çağdaşkent Konutları 2. Etap,cagdaskent_konutlari_2,low_freq_kept_separate_review,2,,True,,
Çağdaşkent 700. Ada,cagdaskent_700_ada,low_freq_kept_separate_review,2,,True,,
cayirova'da firsat dubleks site,cayirova_da_dubleks,low_freq_kept_separate_review,1,,True,,
cayirova cagdaskent park,cayirova_cagdaskent_park,low_freq_kept_separate_review,1,,True,,
TOKİ Blokları,toki_bloklari,low_freq_kept_separate_review,2,,True,,
ataturk mh..yeni hastane proje,ataturk_mh_yeni_hastane,low_freq_kept_separate_review,1,,True,,
Birr Şehir 3. Etap Sitesi,birr_sehir_3,low_freq_kept_separate_review,1,,True,,
aksede site,aksede,low_freq_kept_separate_review,2,,True,,
Emek TOKİ Konutları,emek_toki,low_freq_kept_separate_review,1,,True,,
Parkova Residence,parkova,low_freq_kept_separate_review,2,,True,,
Parkova Residence,parkova,low_freq_kept_separate_review,2,,True,,
Birr Şehir 1. Etap,birr_sehir_1,low_freq_kept_separate_review,2,,True,,
TOKİ Blokları,toki_bloklari,low_freq_kept_separate_review,2,,True,,
Çağdaşkent Konutları 2. Etap,cagdaskent_konutlari_2,low_freq_kept_separate_review,2,,True,,
Vizyon Sitesi,vizyon,low_freq_kept_separate_review,2,,True,,
Çağdaşkent 700. Ada,cagdaskent_700_ada,low_freq_kept_separate_review,2,,True,,
Happy Town Plus,happy_town_plus,low_freq_kept_separate_review,2,,True,,
Turanhan Sitesi S / 1 Blok83/1 Sokak No 18,turanhan_sitesi_s_1_blok83_1,low_freq_kept_separate_review,1,,True,,
Çağdaşkent 693. Ada,cagdaskent_693_ada,low_freq_kept_separate_review,1,,True,,
cayirova inonu selale park,cayirova_inonu_selale_park,low_freq_kept_separate_review,1,,True,,
royallife gayrimenkul'den kent,royallife_gayrimenkul_den_kent,low_freq_kept_separate_review,1,,True,,
cayirova fatih cad. kent,cayirova_fatih_cad_kent,low_freq_kept_separate_review,1,,True,,
veffa gayrimenkul inonu selale park,veffa_gayrimenkul_inonu_selale_park,low_freq_kept_separate_review,1,,True,,
cayirova selale park,cayirova_selale_park,low_freq_kept_separate_review,1,,True,,
Kafkas Sitesi,kafkas,low_freq_kept_separate_review,1,,True,,
cayirova yeni kent,cayirova_kent,low_freq_kept_separate_review,1,,True,,
kose basi guney cepe onu park,kose_basi_guney_cepe_onu_park,low_freq_kept_separate_review,1,,True,,
sekerpinar site,sekerpinar,low_freq_kept_separate_review,1,,True,,
sekerpinar doga evleri,sekerpinar_doga,low_freq_kept_separate_review,1,,True,,
inonu mahallesi hayme ana park,inonu_mahallesi_hayme_ana_park,low_freq_kept_separate_review,1,,True,,
cati dubleksi cayirova selale park,cati_dubleksi_cayirova_selale_park,low_freq_kept_separate_review,1,,True,,
tapu masrafsiz kent,tapu_masrafsiz_kent,low_freq_kept_separate_review,1,,True,,
cayirova ozgurluk m.h yeni kent,cayirova_ozgurluk_m_h_kent,low_freq_kept_separate_review,1,,True,,
darica merkez'de site,darica_merkez_de,low_freq_kept_separate_review,2,,True,,
belediye ve millet bahcesine yurume mesafesinde site,belediye_ve_millet_bahcesine_yurume_mesafesinde,low_freq_kept_separate_review,1,,True,,
Yıldız Evler Sitesi,yildiz_evler,low_freq_kept_separate_review,1,,True,,
Pırlanta Sitesi,pirlanta,low_freq_kept_separate_review,2,,True,,
Çalışkanlar Sitesi,caliskanlar,low_freq_kept_separate_review,1,,True,,
darica istasyon'da park,darica_istasyon_da_park,low_freq_kept_separate_review,1,,True,,
İlke Sitesi,ilke,low_freq_kept_separate_review,1,,True,,
Ay Işığı Sitesi,ay_isigi,low_freq_kept_separate_review,1,,True,,
Kevser Sitesi,kevser,low_freq_kept_separate_review,1,,True,,
Pırlanta Sitesi,pirlanta,low_freq_kept_separate_review,2,,True,,
Florya Sitesi,florya,low_freq_kept_separate_review,1,,True,,
Billur Sitesi,billur,low_freq_kept_separate_review,1,,True,,
Seçkinler Sitesi,seckinler,low_freq_kept_separate_review,2,,True,,
Trilye Evleri,trilye,low_freq_kept_separate_review,1,,True,,
darica merkez'de ali arican cad uzeri site,darica_merkez_de_ali_arican_cad_uzeri,low_freq_kept_separate_review,1,,True,,
Seçkinler Sitesi,seckinler,low_freq_kept_separate_review,2,,True,,
Güzelyurt Sitesi,guzelyurt,low_freq_kept_separate_review,1,,True,,
darica merkez'de site,darica_merkez_de,low_freq_kept_separate_review,2,,True,,
Deniz Kent Sitesi,deniz_kent,low_freq_kept_separate_review,1,,True,,
Sahil Konakları Sitesi,sahil_konaklari,low_freq_kept_separate_review,2,,True,,
110m2 lux butik site,lux_butik,low_freq_kept_separate_review,1,,True,,
Sindoma City Sitesi,sindoma_city,low_freq_kept_separate_review,2,,True,,
net'den butik site,net_den_butik,low_freq_kept_separate_review,1,,True,,
Mahbule Hanım Konutları,mahbule_hanim,low_freq_kept_separate_review,1,,True,,
cami mah site,cami,low_freq_kept_separate_review,1,,True,,
Alemdar Seaside Sitesi,alemdar_seaside,low_freq_kept_separate_review,1,,True,,
Alemdar Houses & Suites,alemdar_houses_suites,low_freq_kept_separate_review,1,,True,,
cami mah sahil yakini site,cami_sahil_yakini,low_freq_kept_separate_review,1,,True,,
cami mah. manolya evleri,cami_mah_manolya,low_freq_kept_separate_review,1,,True,,
cami mahallesi butik site,cami_mahallesi_butik,low_freq_kept_separate_review,2,,True,,
sinirsiz kredi imkaniyla manolya evleri,sinirsiz_kredi_imkaniyla_manolya,low_freq_kept_separate_review,1,,True,,
darica cami mh'sinde satilik site,darica_cami_mh_sinde,low_freq_kept_separate_review,1,,True,,
Öbitaş Sahil Sitesi,obitas_sahil,low_freq_kept_separate_review,2,,True,,
Marina Konutları,marina,low_freq_kept_separate_review,1,,True,,
net'den daricanin en nezih yerinde site,net_den_daricanin_en_nezih_yerinde,low_freq_kept_separate_review,1,,True,,
eksen gyd site,eksen_gyd,low_freq_kept_separate_review,2,,True,,
Yakamoz Evleri Sitesi,yakamoz_konutlari,near_dict_not_merged_conservative,3,,True,,
Sahil Konakları Sitesi,sahil_konaklari,low_freq_kept_separate_review,2,,True,,
Sıla Sitesi,sila,low_freq_kept_separate_review,2,,True,,
Denizciler Sitesi,denizciler,low_freq_kept_separate_review,1,,True,,
darica bayramoglu'nda havuzlu site,darica_bayramoglu_nda_havuzlu,low_freq_kept_separate_review,1,,True,,
balyanos koyonunda site,balyanos_koyonunda,low_freq_kept_separate_review,1,,True,,
Mavi Koy Evleri,mavi_koy,low_freq_kept_separate_review,1,,True,,
Betül Sitesi,betul,low_freq_kept_separate_review,1,,True,,
cozumden cami mah'de site,cozumden_cami_mah_de,low_freq_kept_separate_review,1,,True,,
Darıca Konakları,darica_konaklari,low_freq_kept_separate_review,1,,True,,
firsatt site,firsatt,low_freq_kept_separate_review,1,,True,,
bayramoglu emniyet bitisigi site,bayramoglu_emniyet_bitisigi,low_freq_kept_separate_review,1,,True,,
Zeytin Evleri,zeytin,low_freq_kept_separate_review,1,,True,,
Olive Garden Darıca,olive_garden_darica,low_freq_kept_separate_review,1,,True,,
Sıla Sitesi,sila,low_freq_kept_separate_review,2,,True,,
havuzlu bahce dublex site,havuzlu_bahce_dublex,low_freq_kept_separate_review,1,,True,,
cami mah. site,cami_mah,low_freq_kept_separate_review,1,,True,,
zirve'den bayramoglu mah. butik site,zirve_den_bayramoglu_mah_butik,low_freq_kept_separate_review,1,,True,,
Ekşioğlu Marine Villa,eksioglu_marine_villa,low_freq_kept_separate_review,1,,True,,
cami mahallesi luks butik site,cami_mahallesi_butik,low_freq_kept_separate_review,2,,True,,
bayramoglu mah butik site,bayramoglu_butik,low_freq_kept_separate_review,2,,True,,
Adora Villaları,adora_villalari,low_freq_kept_separate_review,1,,True,,
net'den ultra lux bayramoglu balyanozda site,net_den_ultra_lux_bayramoglu_balyanozda,low_freq_kept_separate_review,1,,True,,
bayramoglu mah.yeni emniyet yakini butik site,bayramoglu_mah_yeni_emniyet_yakini_butik,low_freq_kept_separate_review,1,,True,,
Öbitaş Sahil Sitesi,obitas_sahil,low_freq_kept_separate_review,2,,True,,
Mehtap Sahil Sitesi,mehtap_sahil,low_freq_kept_separate_review,1,,True,,
net'den b.a.h hstnsi emniyet yani site,net_den_b_a_h_hstnsi_emniyet_yani,low_freq_kept_separate_review,1,,True,,
Yakamoz Evleri Sitesi,yakamoz_konutlari,near_dict_not_merged_conservative,3,,True,,
vizyon emlak'tan site,vizyon_emlak_tan,low_freq_kept_separate_review,2,,True,,
bayramiglu site,bayramiglu,low_freq_kept_separate_review,1,,True,,
darica cami mah site,darica_cami,low_freq_kept_separate_review,1,,True,,
murat filiz'den cami mahallesi site,murat_filiz_den_cami_mahallesi,low_freq_kept_separate_review,1,,True,,
bayramoglu mah. butik site,bayramoglu_mah_butik,low_freq_kept_separate_review,1,,True,,
Zen Sitesi,zen,low_freq_kept_separate_review,1,,True,,
Sindoma City Sitesi,sindoma_city,low_freq_kept_separate_review,2,,True,,
bayramoglu mah butik site,bayramoglu_butik,low_freq_kept_separate_review,2,,True,,
bayramoglu havuzlu site,bayramoglu_havuzlu,low_freq_kept_separate_review,1,,True,,
220m2 ful deniz manzarali site,ful_deniz_manzarali,low_freq_kept_separate_review,1,,True,,
emek mahallesi'nde havuzlu site,emek_mahallesi_nde_havuzlu,low_freq_kept_separate_review,1,,True,,
İlbeyoğlu Konutları,ilbeyoglu,low_freq_kept_separate_review,1,,True,,
asansorlu havuzlu site,asansorlu_havuzlu,low_freq_kept_separate_review,1,,True,,
sifir luks park,sifir_park,low_freq_kept_separate_review,1,,True,,
Kevser Sitesi 5. Etap,kevser_sitesi_5,low_freq_kept_separate_review,1,,True,,
Beşyüz Evler,besyuz_evler,low_freq_kept_separate_review,1,,True,,
uygun fevzi c. farabi h. yani site,uygun_fevzi_c_farabi_h_yani,low_freq_kept_separate_review,1,,True,,
emek mahallesinde havuzlu site,emek_mahallesinde_havuzlu,low_freq_kept_separate_review,1,,True,,
emek mahallesininde site,emek_mahallesininde,low_freq_kept_separate_review,1,,True,,
emek mah. site,emek_mah,low_freq_kept_separate_review,2,,True,,
fevzi cakmak mah.butik site,fevzi_cakmak_mah_butik,low_freq_kept_separate_review,1,,True,,
firsat emek mah. site,emek_mah,low_freq_kept_separate_review,2,,True,,
dubleks daire katilim evleri,dubleks_katilim,low_freq_kept_separate_review,1,,True,,
net'den fevzi cakmak mah butik site,net_den_fevzi_cakmak_butik,low_freq_kept_separate_review,1,,True,,
darica emek mahallesi'nde site,darica_emek_mahallesi_nde,low_freq_kept_separate_review,1,,True,,
Yeşil Darıca Sitesi,yesil_darica,low_freq_kept_separate_review,1,,True,,
net'den farabi yakin site,net_den_farabi_yakin,low_freq_kept_separate_review,1,,True,,
darica site,darica,low_freq_kept_separate_review,2,,True,,
da butik site,da_butik,low_freq_kept_separate_review,1,,True,,
kazimkarabekir mh cadde uzeri tam guvenlik site,kazimkarabekir_mh_cadde_uzeri_tam_guvenlik,low_freq_kept_separate_review,1,,True,,
tuzla caddesi uzeri butik site,tuzla_caddesi_uzeri_butik,low_freq_kept_separate_review,1,,True,,
nenehatun mh. battalgazi cd. site,nenehatun_mh_battalgazi_cd,low_freq_kept_separate_review,1,,True,,
eksen gyd luks site,eksen_gyd,low_freq_kept_separate_review,2,,True,,
tuzla caddesi site,tuzla_caddesi,low_freq_kept_separate_review,1,,True,,
eksen gyd'den luks site,eksen_gyd_den,low_freq_kept_separate_review,1,,True,,
darica kazim karabekir mah. site,darica_kazim_karabekir_mah,low_freq_kept_separate_review,1,,True,,
ataturk caddesi yakini site,ataturk_caddesi_yakini,low_freq_kept_separate_review,1,,True,,
sinirsiz kredi imkani eminevim uygun site,sinirsiz_kredi_imkani_eminevim_uygun,low_freq_kept_separate_review,1,,True,,
Sancaktepe Sitesi,sancaktepe,low_freq_kept_separate_review,2,,True,,
battalgazi caddesinde site,battalgazi_caddesinde,low_freq_kept_separate_review,1,,True,,
tuzla ceddesinde site,tuzla_ceddesinde,low_freq_kept_separate_review,1,,True,,
kazimkarabekir mh site,kazimkarabekir_mh,low_freq_kept_separate_review,1,,True,,
tuzla cad yakini site,tuzla_cad_yakini,low_freq_kept_separate_review,1,,True,,
Hisarkent,hisarkent,low_freq_kept_separate_review,1,,True,,
net'den tuzla caddesinde site,net_den_tuzla_caddesinde,low_freq_kept_separate_review,1,,True,,
tuzla cad uzeri butik site,tuzla_cad_uzeri_butik,low_freq_kept_separate_review,2,,True,,
nenehatun mah butik site,nenehatun_butik,low_freq_kept_separate_review,1,,True,,
Sancaktepe Sitesi,sancaktepe,low_freq_kept_separate_review,2,,True,,
istasyon cad yakini ici yapili site,istasyon_cad_yakini_ici_yapili,low_freq_kept_separate_review,1,,True,,
tuzla cad.butik site,tuzla_cad_butik,low_freq_kept_separate_review,1,,True,,
merkezi konumda masrafsiz site,merkezi_konumda_masrafsiz,low_freq_kept_separate_review,1,,True,,
Doktorlar Sitesi,doktorlar,low_freq_kept_separate_review,1,,True,,
bayramoglu 2021 yapimi site,bayramoglu_2021_yapimi,low_freq_kept_separate_review,1,,True,,
Özden Evler Sitesi,ozden_evler,low_freq_kept_separate_review,2,,True,,
Bayramoğlu Zen Evleri,bayramoglu_zen,low_freq_kept_separate_review,2,,True,,
osmangazi mah. ataturk cad. site,osmangazi_mah_ataturk_cad,low_freq_kept_separate_review,1,,True,,
Golden City Sitesi,golden_city,low_freq_kept_separate_review,2,,True,,
fsm cad.uzeri site,fsm_cad_uzeri,low_freq_kept_separate_review,2,,True,,
fsm cad.uzeri site,fsm_cad_uzeri,low_freq_kept_separate_review,2,,True,,
vizyon emlak'tan site,vizyon_emlak_tan,low_freq_kept_separate_review,2,,True,,
darica piri reis mah. vizyon sitesi,darica_piri_reis_mah_vizyon,low_freq_kept_separate_review,1,,True,,
Bizimköy Evleri,bizimkoy,low_freq_kept_separate_review,2,,True,,
Alya Evleri 2,alya_evleri_2,low_freq_kept_separate_review,2,,True,,
Bayramoğlu Zen Evleri,bayramoglu_zen,low_freq_kept_separate_review,2,,True,,
Özden Evler Sitesi,ozden_evler,low_freq_kept_separate_review,2,,True,,
Bizimköy Evleri 3. Etap,bizimkoy_evleri_3,low_freq_kept_separate_review,1,,True,,
tuzla caddesi uzeri site,tuzla_caddesi_uzeri,low_freq_kept_separate_review,1,,True,,
Golden City Sitesi,golden_city,low_freq_kept_separate_review,2,,True,,
Alya Evleri 2,alya_evleri_2,low_freq_kept_separate_review,2,,True,,
Serapark Evleri Sitesi,serapark,low_freq_kept_separate_review,1,,True,,
merkezi konum'da site,merkezi_konum_da,low_freq_kept_separate_review,1,,True,,
Site Medine,site_medine,low_freq_kept_separate_review,1,,True,,
osmangazi mah. butik site,osmangazi_mah_butik,low_freq_kept_separate_review,1,,True,,
sinirsiz kredili bayramoglu mevki luks site,sinirsiz_kredili_bayramoglu_mevki,low_freq_kept_separate_review,1,,True,,
darica site,darica,low_freq_kept_separate_review,2,,True,,
Kiana Evleri Sitesi,kiana,low_freq_kept_separate_review,1,,True,,
tuzla cad uzeri butik site,tuzla_cad_uzeri_butik,low_freq_kept_separate_review,2,,True,,
Sahra City Sitesi,sahra_city,low_freq_kept_separate_review,1,,True,,
vizyon emlak'tan krediye uygun site,vizyon_emlak_tan_krediye_uygun,low_freq_kept_separate_review,1,,True,,
Bizimköy Evleri,bizimkoy,low_freq_kept_separate_review,2,,True,,
net'den cadde ustu site,net_den_cadde_ustu,low_freq_kept_separate_review,1,,True,,
sirasogutler mah site,sirasogutler,low_freq_kept_separate_review,1,,True,,
