model,feature,importance
extra_trees,num__district_m2_group_target_median,0.05979671068716066
extra_trees,num__is_old_building,0.04519517379202171
extra_trees,num__district_room_count_target_median,0.03806608526063616
extra_trees,cat__elevator_Var,0.013903269999933568
extra_trees,num__attr_is_old_building,0.013753015710661199
extra_trees,num__attr_has_elevator,0.013059787918064076
extra_trees,num__location_baseline_log,0.012968531938333713
extra_trees,num__attr_effect_building_age_bucket,0.012457423326835793
extra_trees,cat__detail_konut_tipi_Ara Kat,0.011057625066357
extra_trees,num__location_baseline_m2,0.010118692804525603
extra_trees,num__attr_m2_per_room,0.01011291375227951
extra_trees,num__detail_effect_subtype_sum,0.009975738263610222
extra_trees,num__building_age,0.009783945722534987
extra_trees,num__detail_effect_subtype_mean,0.009504649048624704
extra_trees,num__attr_building_age_score,0.0089172659988118
extra_trees,cat__usage_status_Mülk Sahibi,0.00887632948601586
extra_trees,num__attr_total_quality_score,0.008871877044891808
extra_trees,num__trend_sale_m2,0.008249385898567678
extra_trees,num__estimated_monthly_rent_gross,0.007967376600865174
extra_trees,num__attr_compactness_score,0.007773775785938911
extra_trees,num__dues,0.0066804970095945175
extra_trees,cat__demo_dominant_age_group_65+,0.006674855820607932
extra_trees,num__detail_effect_total_mean,0.005955826639762739
extra_trees,num__detail_effect_outside_x_attr_quality,0.005904017251221903
extra_trees,num__trend_yield,0.005794047138055063
extra_trees,num__attr_effect_elevator,0.005592105522271534
extra_trees,num__distance_to_coast_x_near_sea_zero,0.005523001578654043
extra_trees,num__gross_m2,0.005227882335382696
extra_trees,cat__heating_Kombi (Doğalgaz),0.005007437263779147
extra_trees,num__detail_effect_outside_sum,0.00481609223957531
extra_trees,num__location_baseline_vs_trend,0.004686883639999832
extra_trees,num__detail_effect_total_x_attr_quality,0.004597906800278043
extra_trees,num__net_m2,0.004576843979302604
extra_trees,num__detail_effect_outside_mean,0.004576359430929732
extra_trees,num__district_target_mean,0.004541934406271058
extra_trees,num__detail_effect_inside_x_attr_quality,0.004499143507916552
extra_trees,cat__parking_Açık Otopark,0.004407698901911789
extra_trees,num__total_floors,0.0044059969862348895
extra_trees,num__demo_age_65_plus,0.004386794092593564
extra_trees,num__attr_is_mid_age_building,0.004318822674012777
extra_trees,num__demo_old_ratio,0.004307513891915689
extra_trees,num__detail_effect_total_sum,0.004290405201411717
extra_trees,num__detail_effect_inside_sum,0.004171776948147573
extra_trees,num__distance_to_coast_x_large_home,0.004157168985221102
extra_trees,num__bearing_from_district_centroid_cos,0.00411650751677276
extra_trees,num__attr_effect_total_quality_bucket,0.004103106088151711
extra_trees,num__bathroom_count,0.0041021830285441745
extra_trees,num__detail_effect_inside_mean,0.004088010798903157
extra_trees,num__location_baseline_level_code,0.004068691047253702
extra_trees,num__detail_effect_county_total_sum,0.004054899997256412
extra_trees,num__bearing_from_district_centroid_sin,0.004011342685011972
extra_trees,cat__elevator_Yok,0.0038329210036747155
extra_trees,cat__usage_status_Boş,0.0038180600952617267
extra_trees,num__attr_compact_home_x_quality,0.003782141950634934
extra_trees,num__detail_effect_district_total_sum,0.0036695185707848656
extra_trees,num__demo_divorced_ratio,0.0036675392235501975
extra_trees,num__net_gross_ratio,0.00357307076559934
extra_trees,num__attr_net_gross_ratio,0.0035336779606782304
extra_trees,num__attr_quality_x_county_income,0.0034994041530653002
extra_trees,num__attr_building_age_inverse,0.003484965794566301
extra_trees,num__attr_quality_x_location_baseline,0.003329884509560087
extra_trees,num__remaining_floors,0.003228544433695496
extra_trees,num__floor_num,0.0030901739744187704
extra_trees,num__attr_quality_x_demo_income,0.003058166103933199
extra_trees,num__large_home_m2_excess,0.003013950719704105
extra_trees,num__district_room_rent_m2_count,0.0029862605345369743
extra_trees,num__location_baseline_count,0.002882767961535453
extra_trees,num__detail_effect_view_mean,0.002861495197252705
extra_trees,num__distance_to_district_centroid_m,0.002810265412215767
extra_trees,cat__m2_group_101-125,0.002793367967031524
extra_trees,num__detail_effect_front_sum,0.002776571093267124
extra_trees,cat__usage_status_Kiracılı,0.002770159186579508
extra_trees,num__detail_front_count,0.0027540222631919024
extra_trees,num__district_m2_group_rent_m2_median,0.0027499987588626026
extra_trees,cat__m2_group_126-150,0.002734872748743447
extra_trees,num__district_m2_group_rent_m2_count,0.0027317014923650177
extra_trees,num__detail_effect_total_abs_sum,0.002677944736561735
extra_trees,num__detail_inside_count,0.002674613767920082
extra_trees,num__bearing_from_county_centroid_cos,0.00266518198757403
extra_trees,num__nearby_score,0.002658364086560733
extra_trees,num__detail_near_count,0.002648336024546323
extra_trees,num__detail_effect_front_mean,0.0026483192932807184
extra_trees,num__floor_ratio,0.002609676281563107
extra_trees,num__detail_effect_view_x_location_baseline,0.002601542349539379
extra_trees,num__detail_effect_view_sum,0.0025897435627905002
extra_trees,num__basiskele_detail_group_bucket_median,0.0025663885337722722
extra_trees,num__attr_floor_ratio,0.0025600668310896053
extra_trees,num__distance_to_coast_x_view_sea,0.002559013510096687
extra_trees,num__detail_transport_count,0.002543964947100769
extra_trees,num__demo_widow_ratio,0.0025210339460125806
extra_trees,num__detail_effect_negative_count,0.0025028203886124424
extra_trees,cat__room_count_3+1,0.002482810904657806
extra_trees,cat__kitchen_Kapalı,0.002451639634731981
extra_trees,cat__kitchen_Açık (Amerikan),0.002444747435754568
extra_trees,num__lat_centered_county,0.002428713287459153
extra_trees,num__inside_quality_score,0.0024103353449431114
extra_trees,cat__floor_segment_Zemin/Giriş,0.0023939671693513575
extra_trees,cat__building_age_group_21-25 arası,0.002386705082540846
extra_trees,num__front_score,0.0023719591876892126
extra_trees,cat__coast_distance_bucket_500_1000,0.0023551493723761164
extra_trees,cat__building_age_group_0 (Oturuma Hazır),0.002318262017620096
extra_trees,num__distance_to_geo_cluster_center_m,0.00229215702834909
extra_trees,num__demo_population_density,0.0022680803098298658
extra_trees,num__detail_effect_level_code,0.0022560656147074623
extra_trees,num__county_room_count_target_median,0.002252875319640948
extra_trees,num__accessibility_score,0.002221444968836665
extra_trees,num__detail_view_count,0.002216826723124222
extra_trees,num__transport_score,0.0021893123450223433
extra_trees,num__attr_quality_x_district_median,0.002183204179387141
extra_trees,num__distance_to_county_centroid_m,0.0021811542616356847
extra_trees,num__attr_is_new_building,0.0021788487390134044
extra_trees,num__outside_quality_score,0.0021723107006611083
extra_trees,num__site_security_score,0.002162643240384117
extra_trees,num__location_quality_x_detail_effect_total,0.002159436150283369
extra_trees,num__bearing_from_county_centroid_sin,0.0021154999527972116
extra_trees,num__attr_is_middle_floor,0.002104907787977019
extra_trees,num__attr_amenity_score,0.0020997709094685534
extra_trees,num__detail_outside_count,0.0020966902111926393
extra_trees,num__detail_effect_nearby_mean,0.0020628566037434216
extra_trees,num__detail_quality_score,0.0020613821330665513
extra_trees,num__estimated_rent_m2_gross,0.0020577525721904035
extra_trees,num__district_room_rent_m2_median,0.0020548569434827107
extra_trees,num__detail_selected_count,0.002034376107240156
extra_trees,num__attr_net_gross_good,0.001999325972059564
extra_trees,cat__detail_konut_tipi_missing,0.0019798934766273326
extra_trees,num__detail_effect_positive_count,0.001957198122620234
extra_trees,num__detail_effect_nearby_sum,0.001955910820816726
extra_trees,num__detail_effect_transport_sum,0.0019468803360621688
extra_trees,num__view_score,0.0019421093314193098
extra_trees,cat__detail_cephe_missing,0.001903203182246455
extra_trees,num__detail_effect_used_count,0.0018842255639303566
extra_trees,num__detail_effect_transport_mean,0.0018703328002161491
extra_trees,cat__detail_manzara_Şehir,0.001853274214281278
extra_trees,cat__m2_group_76-100,0.0018197293068646517
extra_trees,num__demo_old_ratio_diff_county,0.0018173702114649896
extra_trees,cat__parking_Açık & Kapalı Otopark,0.001811647861535938
extra_trees,cat__coast_distance_bucket_1000_3000,0.0018107354571719114
extra_trees,num__lat_centered_city,0.0018095038567669483
extra_trees,num__attr_large_home_x_quality,0.0018056424787026358
extra_trees,cat__detail_cephe_Doğu|Güney,0.0017844603434972253
extra_trees,cat__heating_Yerden Isıtma,0.0017750560492372069
extra_trees,num__demo_age_0_14,0.0017662924138970367
extra_trees,num__lon_centered_county,0.00176134845998202
extra_trees,cat__parking_Kapalı Otopark,0.0017550225998937275
extra_trees,num__attr_effect_site_inside,0.0017314814608321584
extra_trees,num__demo_household_size,0.001725571814519206
extra_trees,num__lat,0.0017136303652189025
extra_trees,num__distance_to_coastline_m,0.0016959819032500423
extra_trees,cat__site_project_match_source_site_name,0.0016566055706163244
extra_trees,num__attr_heating_quality_score,0.0016487988640834434
extra_trees,cat__building_age_group_6-10 arası,0.0016359386341448603
extra_trees,num__attr_old_building_x_no_elevator,0.001621594800845022
extra_trees,num__district_target_median,0.001620377814952791
extra_trees,cat__room_count_2+1,0.001615810822624244
extra_trees,num__attr_new_building_x_site_inside,0.0016042887162687738
extra_trees,num__large_home_log_m2,0.001588396859054494
extra_trees,num__large_home_net_gross_quality,0.0015778235641192941
extra_trees,num__attr_floor_quality_score,0.0015748422041784373
extra_trees,num__demo_age_55_64,0.0015740824544791655
extra_trees,cat__m2_group_200+,0.0015718667786246956
extra_trees,cat__detail_cephe_Batı|Güney,0.0015604256437785325
extra_trees,num__large_home_room_density,0.0015547571751941185
extra_trees,num__basiskele_district_premium_bucket_mean,0.0015536051111724896
extra_trees,num__large_home_detail_premium_x_m2,0.001552161044433173
extra_trees,num__is_middle_floor,0.0015394488920654362
extra_trees,cat__floor_segment_Ara Kat,0.0015376808470161066
extra_trees,num__attr_is_ground_or_below,0.0015257748903007191
extra_trees,cat__furnished_Hayır,0.001523017031867837
extra_trees,num__demo_ses_d_ratio,0.0015143640774815605
extra_trees,num__distance_to_golcuk_center_m,0.0014904141073599768
extra_trees,num__large_home_quality_x_m2,0.0014803498533774843
extra_trees,num__demo_pharmacy_per_10k,0.001435236346471687
extra_trees,num__distance_to_izmit_center_m,0.001430356930671772
extra_trees,num__demo_married_ratio,0.0014233979807715606
extra_trees,num__is_new_building,0.001421818371941486
extra_trees,num__demo_age_65_plus_count,0.0014197624878977513
extra_trees,num__demo_pharmacy_count,0.001417085128577421
extra_trees,cat__district_Cumhuriyet Mah.,0.0013925017284311724
extra_trees,num__attr_net_gross_bad,0.001384093457763562
extra_trees,cat__site_project_x_county_missing__izmit,0.0013741310576645004
extra_trees,num__is_large_flat,0.0013724693563194662
extra_trees,num__district_rent_m2_count,0.001370726910666694
extra_trees,num__trend_sale_annual_change,0.0013626002036365246
extra_trees,num__demo_vehicle_per_capita,0.0013574312076891552
extra_trees,cat__coast_distance_bucket_3000_plus,0.0013416230842605815
extra_trees,cat__detail_manzara_Park & Yeşil Alan|Şehir,0.0013404784433377207
extra_trees,num__attr_is_young_building,0.0013383988836432428
extra_trees,num__trend_rent_m2,0.0013336780343141425
extra_trees,num__demo_car_per_capita,0.0013333046914304984
extra_trees,num__distance_to_sahil_m,0.0013312951936867642
extra_trees,num__distance_to_karamursel_center_m,0.0013289075159349012
extra_trees,num__demo_age_45_54,0.001328381574869886
extra_trees,num__distance_to_basiskele_coast_m,0.0013279842842328848
extra_trees,num__district_rent_m2_mean,0.0013158267446658862
extra_trees,cat__detail_cephe_Batı|Doğu|Güney,0.0013070437131689444
extra_trees,num__trend_count_sale,0.00130368950225054
extra_trees,cat__detail_manzara_Deniz,0.0013010444260558658
extra_trees,cat__detail_cephe_Batı|Doğu|Güney|Kuzey,0.001297745956852127
extra_trees,cat__demo_dominant_age_group_35-39,0.001296012471581294
extra_trees,num__demo_education_high_school_ratio,0.0012886299738335306
extra_trees,cat__detail_cephe_Güney,0.0012877218803374177
extra_trees,num__trend_listing_period_sale,0.0012867750972052974
extra_trees,cat__coast_distance_bucket_0_500,0.0012769298763696075
extra_trees,num__distance_to_bahcecik_m,0.0012680495782638964
extra_trees,cat__m2_group_151-200,0.0012633925195004018
extra_trees,num__district_rent_m2_median,0.0012610515103049923
extra_trees,cat__detail_manzara_Doğa|Park & Yeşil Alan|Şehir,0.0012607925243813504
extra_trees,num__distance_to_yuvacik_m,0.001260222840439898
extra_trees,num__distance_to_kullar_m,0.0012590859188809323
extra_trees,num__demo_young_ratio,0.0012534791243804895
extra_trees,cat__detail_konut_tipi_En Üst Kat,0.0012501326303430114
extra_trees,num__lon,0.0012397424459714124
extra_trees,cat__detail_manzara_missing,0.0012379354955773347
extra_trees,num__demo_residential_density,0.0012320243661547241
extra_trees,cat__geo_cluster_x_room_count_city_5||3+1,0.0012288914979143818
extra_trees,num__demo_age_35_44,0.0012241688893170352
extra_trees,cat__detail_manzara_Park & Yeşil Alan,0.001223649112148639
extra_trees,cat__detail_konut_tipi_Çatı Dubleksi,0.001209886202675135
extra_trees,num__is_ground_floor,0.0012050375796682712
extra_trees,cat__basiskele_geo_cluster_x_m2_group_Başiskele_5||200+,0.0012027288184250997
extra_trees,num__demo_young_ratio_diff_county,0.0011880253528049557
extra_trees,cat__building_age_group_11-15 arası,0.001187032933198464
extra_trees,num__demo_education_primary_school_ratio,0.0011823037843306725
extra_trees,num__trend_price_change_sale,0.0011752444556422058
extra_trees,num__demo_widow_count,0.0011724276164317713
extra_trees,num__district_rent_m2_cv,0.0011607126649493264
extra_trees,num__demo_female_ratio,0.0011487247365359668
extra_trees,num__demo_density_vs_county,0.001143535563020408
extra_trees,num__demo_ses_b_ratio,0.0011392921711844335
extra_trees,num__total_room_score,0.001134191260786092
extra_trees,num__rooms,0.001128586741127149
extra_trees,cat__heating_Merkezi,0.0011194164904404851
extra_trees,num__demo_middle_ratio,0.0011169272517750069
extra_trees,num__demo_old_count,0.0011124172567394445
extra_trees,num__lon_centered_city,0.0011116213622231399
extra_trees,num__demo_population_female,0.0011080323218802387
extra_trees,num__demo_education_doctorate_count,0.0011072844184263394
extra_trees,num__demo_workplace_count,0.0011009933540426379
extra_trees,cat__detail_manzara_Deniz|Doğa|Park & Yeşil Alan|Şehir,0.0011009298008112908
extra_trees,num__demo_married_count,0.001093473445590492
extra_trees,num__demo_atm_per_10k,0.0010917650846922113
extra_trees,num__demo_atm_count,0.0010823860177553934
extra_trees,num__district_rent_m2_iqr,0.001081504649712776
extra_trees,num__demo_age_25_34,0.0010806711329165838
extra_trees,num__demo_male_ratio,0.0010764895454922125
extra_trees,num__demo_workplace_density,0.0010731002513572612
extra_trees,cat__geo_cluster_county_Karamürsel_0,0.001070881332620766
extra_trees,num__basiskele_district_premium_bucket_median,0.0010688932613221905
extra_trees,num__demo_divorced_count,0.0010580347404230753
extra_trees,cat__geo_cluster_x_room_count_city_8||3+1,0.0010444361148770173
extra_trees,num__demo_education_non_literate_ratio,0.0010435592591993255
extra_trees,num__demo_ses_ab_ratio,0.0010407202570835066
extra_trees,cat__geo_cluster_county_İzmit_0,0.0010373592809368927
extra_trees,num__demo_age_35_44_count,0.0010338054930666032
extra_trees,num__demo_per_capita_income_try,0.0010332659140483492
extra_trees,num__demo_education_unknown_ratio,0.0010190599400168442
extra_trees,num__demo_ses_d_count,0.0010130940056854532
extra_trees,num__attr_is_top_floor,0.0010121136214780917
extra_trees,cat__detail_cephe_Batı|Doğu,0.0010103953862846205
extra_trees,num__demo_income_vs_county,0.0009759967114566934
extra_trees,num__distance_to_coast_x_site_inside,0.0009734698657754121
extra_trees,cat__building_age_group_1,0.000972118743343299
extra_trees,num__demo_ses_c_ratio,0.0009671949375901936
extra_trees,num__is_top_floor,0.0009656683785187964
extra_trees,num__demo_education_primary_school_count,0.0009652849571427811
extra_trees,num__attr_effect_parking,0.0009619690185399373
extra_trees,cat__detail_konut_tipi_Bahçe Dubleksi,0.0009552496133726238
extra_trees,num__demo_university_diff_county,0.0009517336041187373
extra_trees,cat__floor_segment_En Üst Kat,0.0009477403904019876
extra_trees,num__demo_single_ratio,0.0009418551936765102
extra_trees,num__basiskele_detail_inside_premium_signal,0.0009384879526342952
extra_trees,num__demo_population_total,0.0009365906834070169
extra_trees,num__demo_age_45_54_count,0.0009335032843111069
extra_trees,cat__site_inside_Hayır,0.0009302718628935602
extra_trees,cat__geo_cluster_x_room_count_missing||3+1,0.0009294249990257313
extra_trees,cat__building_age_group_16-20 arası,0.0009223347364950892
extra_trees,cat__floor_segment_Bahçe,0.0009107007926519242
extra_trees,cat__floor_segment_Çatı,0.0009078457062383614
extra_trees,num__demo_ses_a_ratio,0.0009056621728522386
extra_trees,cat__parking_Yok,0.0009035524814690337
extra_trees,num__demo_education_primary_education_ratio,0.0009016188301752241
extra_trees,num__attr_has_parking,0.0008947979018109605
extra_trees,cat__geo_cluster_x_room_count_city_8||2+1,0.0008896164674495456
extra_trees,num__attr_effect_heating_quality_bucket,0.0008871964335330376
extra_trees,num__demo_household_income_try,0.000882898970722742
extra_trees,num__demo_ses_c_count,0.0008740282302791524
extra_trees,cat__geo_cluster_x_room_count_city_7||3+1,0.000872021931896339
extra_trees,num__demo_age_15_24,0.000870753924693205
extra_trees,num__demo_ses_cd_diff_county,0.000863427917782588
extra_trees,cat__geo_cluster_city_city_5,0.0008579578661962405
extra_trees,num__demo_age_0_14_count,0.0008578860913451166
extra_trees,num__demo_household_income_vs_county,0.0008539574108166653
extra_trees,num__large_home_site_x_m2,0.0008539229869686524
extra_trees,cat__m2_group_0-75,0.0008502590867635132
extra_trees,num__demo_education_graduate_ratio,0.0008418435259504026
extra_trees,cat__detail_cephe_Batı|Kuzey,0.0008389639439315405
extra_trees,num__demo_age_55_64_count,0.0008310368165017418
extra_trees,num__is_small_flat,0.0008135769578971238
extra_trees,num__demo_education_graduate_count,0.0008114607817246432
extra_trees,cat__room_count_4+1,0.0008099461813963521
extra_trees,num__demo_education_middle_school_count,0.0008091890689416813
extra_trees,num__demo_high_school_diff_county,0.0008056963894179895
extra_trees,num__demo_middle_count,0.0008019019476982166
extra_trees,cat__detail_cephe_Güney|Kuzey,0.0007922292721131792
extra_trees,cat__detail_cephe_Doğu|Kuzey,0.0007892712194178135
extra_trees,num__demo_ses_cd_ratio,0.0007838985934393587
extra_trees,cat__building_age_group_5,0.0007801337068484581
extra_trees,cat__detail_cephe_Doğu,0.0007797958100952241
extra_trees,num__demo_household_count,0.0007751482248619823
extra_trees,cat__site_project_id_missing,0.0007739117651991754
extra_trees,num__basiskele_has_inside_luxury_signal,0.0007719435824979038
extra_trees,cat__heating_Merkezi (Pay Ölçer),0.0007701574310462766
extra_trees,cat__detail_manzara_Deniz|Park & Yeşil Alan|Şehir,0.0007690249045004434
extra_trees,cat__detail_cephe_Batı|Doğu|Kuzey,0.0007674071470622215
extra_trees,num__demo_bank_count,0.0007669300380994909
extra_trees,num__trend_count_rent,0.0007639473074418994
extra_trees,cat__site_project_id_county_scoped_missing,0.000751380009995027
extra_trees,cat__site_project_match_source_missing,0.0007477278758995476
extra_trees,num__demo_education_high_school_count,0.0007459292634279358
extra_trees,num__demo_education_middle_school_ratio,0.0007425142534924388
extra_trees,cat__rent_feature_level_district_room,0.0007392890536724295
extra_trees,num__demo_young_count,0.0007389833034455912
extra_trees,cat__district_Alikahya Fatih Mah.,0.0007387102820301155
extra_trees,cat__site_project_match_source_title,0.0007360869339817289
extra_trees,num__demo_ses_a_plus_ratio,0.0007356240280923379
extra_trees,cat__detail_manzara_Doğa|Park & Yeşil Alan,0.0007313565048717183
extra_trees,cat__geo_cluster_city_city_8,0.000728123694462502
extra_trees,cat__site_project_x_county_missing__golcuk,0.0007277083001003812
extra_trees,num__demo_ses_ab_diff_county,0.0007211081968829942
extra_trees,cat__site_inside_Evet,0.0007196965120783149
extra_trees,num__demo_age_25_34_count,0.0007195003132847281
extra_trees,cat__detail_konut_tipi_Dubleks,0.0007185872511235974
extra_trees,num__demo_education_university_ratio,0.0007120650745116662
extra_trees,cat__furnished_Evet,0.0007119637391392523
extra_trees,cat__geo_cluster_x_room_count_city_10||3+1,0.0007103848195534167
extra_trees,num__attr_is_site_inside,0.0007075037979466098
extra_trees,num__demo_education_total,0.0007073427479718956
extra_trees,num__site_project_known_premium_flag,0.0007051288714372391
extra_trees,cat__detail_cephe_Batı,0.0007048674686653772
extra_trees,num__demo_education_doctorate_ratio,0.0006947415267281699
extra_trees,num__basiskele_detail_total_premium_signal,0.000688597890092315
extra_trees,num__detail_subtype_count,0.0006839189200707714
extra_trees,num__attr_is_furnished,0.0006829545348028132
extra_trees,cat__demo_dominant_age_group_30-34,0.0006796498748520112
extra_trees,num__basiskele_detail_subtype_premium_signal,0.0006790278865364423
extra_trees,num__demo_ses_a_plus_count,0.0006780805966448918
extra_trees,cat__detail_manzara_Doğa|Şehir,0.0006699796559343439
extra_trees,cat__geo_cluster_x_room_count_missing||2+1,0.0006698085889864712
extra_trees,num__demo_education_university_count,0.0006653131490794488
extra_trees,cat__geo_cluster_x_room_count_city_1||3+1,0.0006641907658582815
extra_trees,num__demo_bank_per_10k,0.0006629401985276736
extra_trees,cat__demo_dominant_age_group_40-44,0.0006529144346077378
extra_trees,cat__geo_cluster_county_other,0.0006400983360768919
extra_trees,num__site_project_oof_price_level,0.0006400900267027066
extra_trees,cat__geo_cluster_x_room_count_city_2||3+1,0.0006347044080985074
extra_trees,num__demo_population_male,0.0006288697955020049
extra_trees,num__demo_residential_count,0.0006286675566791746
extra_trees,num__demo_car_count,0.0006264757891193245
extra_trees,cat__detail_manzara_Deniz|Şehir,0.0006225832142058664
extra_trees,cat__geo_cluster_x_room_count_city_3||3+1,0.0006140897200572154
extra_trees,cat__building_age_group_3,0.0006054003121462502
extra_trees,num__demo_ses_a_count,0.0006051595600568091
extra_trees,num__demo_summer_house_count,0.0005999791597051403
extra_trees,num__demo_ses_b_count,0.0005981152251569343
extra_trees,cat__detail_cephe_Doğu|Güney|Kuzey,0.0005967225236610908
extra_trees,cat__geo_cluster_county_İzmit_1,0.0005884802547163154
extra_trees,cat__geo_cluster_x_room_count_city_7||2+1,0.0005879033243382343
extra_trees,num__demo_vehicle_count,0.0005817796517590344
extra_trees,num__basiskele_premium_bucket_mid,0.0005685907997435659
extra_trees,cat__geo_cluster_city_city_3,0.000566079022692298
extra_trees,cat__geo_cluster_city_city_10,0.0005586675897036086
extra_trees,cat__building_age_group_2,0.0005558433813412629
extra_trees,num__basiskele_lat_lon_interaction,0.0005538422068274956
extra_trees,cat__building_age_group_4,0.0005493916225572828
extra_trees,cat__geo_cluster_county_İzmit_2,0.0005431690439443404
extra_trees,num__demo_never_married_count,0.0005375034984746149
extra_trees,cat__building_age_group_0 (Yapım Aşamasında),0.0005351926704076004
extra_trees,cat__district_Alikahya Atatürk Mh.,0.0005343407984474004
extra_trees,cat__site_project_x_county_missing__kartepe,0.0005269774646541447
extra_trees,cat__site_project_id_izmit::other,0.0005263113270544005
extra_trees,cat__site_project_x_county_izmit::other__izmit,0.0005237751629423328
extra_trees,cat__furnished_Belirtilmemiş,0.0005236488569049075
extra_trees,cat__geo_cluster_county_İzmit_5,0.0005190950531387286
extra_trees,cat__geo_cluster_county_İzmit_3,0.0005075520563193306
extra_trees,cat__site_project_id_county_scoped_izmit::other,0.0005073744167515534
extra_trees,num__demo_age_15_24_count,0.0004959057876098714
extra_trees,num__basiskele_has_pool_signal,0.0004958382999379321
extra_trees,cat__rent_feature_level_district_m2_group,0.0004922792827504745
extra_trees,num__site_project_oof_residual_mean,0.0004880303840222284
extra_trees,cat__geo_cluster_county_Gölcük_3,0.00048600182639441244
extra_trees,num__basiskele_premium_x_new_building,0.00048426278709958457
extra_trees,cat__demo_dominant_education_Lisans,0.00047857388262660477
extra_trees,num__attr_has_premium_heating,0.00046328574713049237
extra_trees,cat__demo_dominant_education_Lise,0.0004616186933118091
extra_trees,cat__balcony_Var,0.0004577181616826266
extra_trees,cat__geo_cluster_x_room_count_city_4||2+1,0.00045713885034047956
extra_trees,num__attr_has_balcony,0.0004554465778892022
extra_trees,num__attr_county_elevator_premium,0.0004530208779997003
extra_trees,cat__district_Körfez Mh.,0.0004523710129109585
extra_trees,cat__basiskele_geo_cluster_x_m2_group_Başiskele_4||126-150,0.00044806030794543235
extra_trees,cat__rent_feature_level_district,0.00044747068180310643
extra_trees,cat__detail_manzara_Doğa,0.00044554071818713755
extra_trees,num__basiskele_premium_x_gross_m2,0.00044525344176137585
extra_trees,cat__geo_cluster_x_room_count_city_4||3+1,0.0004439570388390848
extra_trees,cat__district_Çayırköy Mh.,0.00043859510000753997
extra_trees,cat__district_Piyalepaşa Mh.,0.0004343826245433639
extra_trees,num__basiskele_premium_x_detail_view,0.00043208552124329784
extra_trees,cat__balcony_Yok,0.000431736180273768
extra_trees,cat__geo_cluster_x_room_count_city_1||2+1,0.0004263066484920178
extra_trees,cat__geo_cluster_county_İzmit_4,0.00042212980427704886
extra_trees,cat__district_Değirmendere Yalı Mh.,0.0004219353289509139
extra_trees,cat__district_Kadıköy Mh.,0.00042009313614289775
extra_trees,cat__geo_cluster_x_room_count_city_3||2+1,0.00041669924762334693
extra_trees,cat__geo_cluster_x_room_count_city_6||3+1,0.0004158987673012335
extra_trees,num__large_home_basiskele_premium,0.0004135739286384338
extra_trees,num__basiskele_detail_view_premium_signal,0.00041236593634390463
extra_trees,num__basiskele_site_premium_signal,0.0004112284598049636
extra_trees,cat__building_age_group_26-30 arası,0.000410538388787675
extra_trees,cat__district_Donanma Mah.,0.00039980564880979917
extra_trees,cat__geo_cluster_x_room_count_city_2||2+1,0.0003908601081097256
extra_trees,cat__detail_cephe_Batı|Güney|Kuzey,0.0003904081051760557
extra_trees,cat__building_age_group_31 ve üzeri,0.00038805654460613993
extra_trees,num__basiskele_premium_x_detail_outside,0.00038729472846140485
extra_trees,cat__geo_cluster_x_room_count_city_0||4+1,0.0003854253756795067
extra_trees,cat__geo_cluster_x_room_count_city_0||3+1,0.00038271632924893336
extra_trees,cat__geo_cluster_x_room_count_city_4||4+1,0.00037983093318468393
extra_trees,cat__detail_manzara_Deniz|Doğa|Şehir,0.00037623389892051296
extra_trees,cat__site_project_x_county_missing__basiskele,0.00037484547416598486
extra_trees,cat__demo_ses_group_B Grubu,0.0003735585049869189
extra_trees,cat__geo_cluster_city_city_7,0.00036906692017750443
extra_trees,num__basiskele_distance_to_coast_x_large_home,0.00036764332476551745
extra_trees,num__basiskele_premium_x_large_home,0.0003595025974132855
extra_trees,cat__detail_cephe_Kuzey,0.0003553512023992019
extra_trees,num__basiskele_detail_outside_premium_signal,0.000352494059129407
extra_trees,num__basiskele_premium_x_district_target_median,0.000350083732936272
extra_trees,cat__site_project_id_basiskele::other,0.00034905474393652724
extra_trees,num__basiskele_district_premium_bucket_count,0.00034888131400202815
extra_trees,cat__geo_cluster_county_Başiskele_4,0.00034858494346055814
extra_trees,cat__basiskele_geo_cluster_Başiskele_4,0.0003428238414296685
extra_trees,num__basiskele_premium_x_location_baseline,0.00034066209251926654
extra_trees,cat__site_project_x_county_kartepe::other__kartepe,0.0003335977248297709
extra_trees,cat__site_project_id_county_scoped_basiskele::other,0.00032560071389842833
extra_trees,num__basiskele_premium_x_site_inside,0.000324336090939803
extra_trees,num__basiskele_has_view_signal,0.0003238018132924276
extra_trees,cat__room_count_1+1,0.0003230921258579575
extra_trees,cat__site_project_id_county_scoped_kartepe::other,0.00032096770154625817
extra_trees,cat__demo_dominant_age_group_25-29,0.0003190736692748242
extra_trees,num__county_rent_m2_mean,0.00031790236036337413
extra_trees,cat__basiskele_geo_cluster_x_m2_group_Başiskele_5||126-150,0.0003064303399667411
extra_trees,num__basiskele_has_social_luxury_signal,0.00030357686118673863
extra_trees,cat__detail_manzara_Deniz|Doğa,0.0003022805409362481
extra_trees,cat__district_Kocatepe Mah.,0.00030019944232916024
extra_trees,num__basiskele_premium_score,0.00029811037801418834
extra_trees,cat__detail_manzara_Boğaz|Deniz|Doğa|Park & Yeşil Alan|Şehir,0.0002951374237638496
extra_trees,cat__demo_ses_group_C Grubu,0.0002949352707779748
extra_trees,num__county_target_median,0.00029401547770831476
extra_trees,num__county_rent_m2_median,0.0002922861649110949
extra_trees,cat__site_project_id_kartepe::other,0.0002885832133353223
extra_trees,cat__geo_cluster_x_room_count_city_5||2+1,0.000288370033457091
extra_trees,cat__district_Gündoğdu Mh.,0.0002869341161672483
extra_trees,cat__site_project_x_county_golcuk::other__golcuk,0.0002831046175574551
extra_trees,cat__site_project_id_golcuk::other,0.00028231231061682366
extra_trees,cat__geo_cluster_city_city_1,0.0002789237126821647
extra_trees,cat__basiskele_geo_cluster_Başiskele_2,0.00027703881558753686
extra_trees,cat__geo_cluster_county_Başiskele_2,0.00027683829539577816
extra_trees,cat__district_Yeni Mah.,0.00027538109806315357
extra_trees,cat__site_project_id_county_scoped_golcuk::other,0.00027451941748725655
extra_trees,cat__geo_cluster_city_city_6,0.0002740795290451309
extra_trees,cat__site_project_x_county_basiskele::other__basiskele,0.00027038828341052344
extra_trees,cat__detail_manzara_Deniz|Doğa|Park & Yeşil Alan,0.0002702746582545412
extra_trees,num__county_site_project_count,0.0002677806634569702
extra_trees,cat__district_Ataevler Mh.,0.0002652373628343097
extra_trees,cat__district_Döngel Mh.,0.00026302506017722725
extra_trees,cat__geo_cluster_county_Gölcük_1,0.00026070181634479955
extra_trees,cat__geo_cluster_x_room_count_city_10||1+1,0.00026069156858634984
extra_trees,cat__basiskele_geo_cluster_x_m2_group_Başiskele_0||151-200,0.00025949419056514557
extra_trees,cat__geo_cluster_x_room_count_city_8||4+1,0.0002556516045915438
extra_trees,cat__geo_cluster_x_room_count_city_5||4+1,0.0002546383253395126
extra_trees,cat__detail_konut_tipi_Dubleks|Bahçe Dubleksi,0.0002545643310392784
extra_trees,num__county_demo_population_density_median,0.00025386202509971277
extra_trees,cat__site_project_x_county_missing__karamursel,0.00024519865583315056
extra_trees,num__basiskele_has_security_signal,0.000242864271039855
extra_trees,cat__detail_konut_tipi_Dubleks|Çatı Dubleksi,0.00024179946712218802
extra_trees,cat__geo_cluster_x_room_count_city_0||2+1,0.00023750475142042524
extra_trees,cat__geo_cluster_county_Başiskele_5,0.00023650565468294005
extra_trees,cat__district_Hacıhızır Mh.,0.0002362734188155714
extra_trees,num__basiskele_premium_bucket_county_median,0.00023418130906417809
extra_trees,cat__basiskele_geo_cluster_Başiskele_5,0.00022973544954149854
extra_trees,cat__heating_Doğalgaz Sobası,0.00022831034039488753
extra_trees,cat__district_Kavaklı Mh.,0.0002278676763733218
extra_trees,num__basiskele_premium_bucket_county_mean,0.00022547011306383392
extra_trees,num__basiskele_distance_to_coast_x_quality,0.00022490940722906712
extra_trees,cat__demo_dominant_age_group_45-49,0.0002236431271608958
extra_trees,num__attr_county_parking_premium,0.00021882025428106457
extra_trees,num__county_demo_ses_cd_ratio_mean,0.00021695944327511873
extra_trees,num__attr_county_new_building_premium,0.00021452687053184327
extra_trees,num__county_target_mean,0.00021162735302226833
extra_trees,num__county_demo_population_total_sum,0.00021043564989133812
extra_trees,num__attr_has_natural_gas_heating,0.00020904269259887023
extra_trees,cat__basiskele_geo_cluster_Başiskele_3,0.00020895954080646674
extra_trees,num__basiskele_premium_bucket_low,0.00020660619233103634
extra_trees,cat__geo_cluster_county_Başiskele_3,0.00020439341454678804
extra_trees,cat__county_Gölcük,0.00020400352399091535
extra_trees,num__county_demo_population_density_mean,0.0002014215033060996
extra_trees,num__basiskele_premium_bucket_high,0.0002013708178689243
extra_trees,num__attr_county_good_heating_premium,0.0001990145652171783
extra_trees,num__county_demo_old_ratio_mean,0.00019895325071064252
extra_trees,cat__district_Yeşilyurt Mh.,0.00019890233091509235
extra_trees,num__county_demo_ses_ab_ratio_mean,0.00019815258221397164
extra_trees,num__county_rent_m2_count,0.00019768203023099446
extra_trees,num__county_demo_vehicle_count_sum,0.00019678425731170472
extra_trees,num__county_demo_atm_count_sum,0.00019039061882372086
extra_trees,num__county_demo_education_high_school_ratio_mean,0.00018972858678267457
extra_trees,cat__district_Fatih Mah.,0.00018779227008998664
extra_trees,cat__basiskele_geo_cluster_x_m2_group_other||101-125,0.00018408613354914275
extra_trees,cat__site_project_id_county_scoped_karamursel::other,0.0001822550841161894
extra_trees,cat__basiskele_geo_cluster_x_m2_group_Başiskele_2||126-150,0.00018128949268291292
extra_trees,cat__geo_cluster_x_room_count_city_6||2+1,0.00018095461060181324
extra_trees,cat__geo_cluster_city_city_0,0.0001809240736277867
extra_trees,cat__geo_cluster_x_room_count_missing||1+1,0.00017795316169288972
extra_trees,cat__geo_cluster_x_room_count_city_3||4+1,0.00017648291050068632
extra_trees,cat__geo_cluster_county_Karamürsel_1,0.00017522782490595807
extra_trees,cat__district_Turgut Mah.,0.00017509801746374827
extra_trees,num__attr_county_high_quality_premium,0.00017133482376730386
extra_trees,num__county_demo_bank_count_sum,0.0001712981312783949
extra_trees,cat__demo_dominant_age_group_5-9,0.0001685648311991607
extra_trees,num__county_demo_pharmacy_count_sum,0.00016526460104288545
extra_trees,cat__basiskele_geo_cluster_x_m2_group_Başiskele_2||101-125,0.0001651215398506565
extra_trees,cat__district_Şirintepe Mh.,0.0001639240673152286
extra_trees,num__attr_has_poor_heating,0.00016241657051995436
extra_trees,cat__basiskele_geo_cluster_x_m2_group_Başiskele_2||151-200,0.00016177400124712193
extra_trees,num__county_demo_workplace_count_sum,0.00016001296019801207
extra_trees,cat__district_Topçular Mh.,0.0001596062523607124
extra_trees,cat__geo_cluster_x_room_count_city_10||2+1,0.0001580961985745199
extra_trees,cat__county_İzmit,0.00015788464159671064
extra_trees,cat__detail_manzara_Havuz|Park & Yeşil Alan|Şehir,0.00015598174712828035
extra_trees,num__county_demo_married_ratio_mean,0.0001539546145137442
extra_trees,cat__basiskele_geo_cluster_x_m2_group_Başiskele_2||76-100,0.00015384603677972596
extra_trees,cat__county_Kartepe,0.00015164657921149427
extra_trees,cat__site_project_id_karamursel::other,0.00015147150066167642
extra_trees,cat__geo_cluster_county_Başiskele_0,0.00014840124412613133
extra_trees,cat__site_project_x_county_karamursel::other__karamursel,0.00014807764458522787
extra_trees,cat__geo_cluster_city_city_4,0.00014790476933937953
extra_trees,cat__coast_distance_bucket_missing,0.0001476336452232105
extra_trees,num__county_demo_car_count_sum,0.00014606801023412183
extra_trees,cat__district_Paşadağ Mh.,0.000144479146329579
extra_trees,cat__location_precision_missing,0.00014399799530433042
extra_trees,cat__demo_dominant_age_group_50-54,0.00014185500942580294
extra_trees,num__county_demo_education_university_ratio_mean,0.00013898289536256212
extra_trees,cat__demo_ses_group_A Grubu,0.00013860392954403577
extra_trees,cat__basiskele_geo_cluster_Başiskele_0,0.00013734087272644272
extra_trees,num__geo_context_has_approx_location,0.00013632553923754353
extra_trees,num__location_source_data_attr_map,0.00013534827751097894
extra_trees,num__county_demo_residential_count_sum,0.0001353390870125031
extra_trees,cat__district_Dumlupınar Mh.,0.0001341635332660714
extra_trees,num__county_demo_household_size_mean,0.00013326943005732118
extra_trees,num__living_rooms,0.0001293503618928234
extra_trees,cat__district_Merkez Mah.,0.0001281012299486095
extra_trees,cat__location_source_data_attr_map,0.00012402229012060652
extra_trees,num__attr_county_site_inside_premium,0.00012371798848765845
extra_trees,num__county_demo_single_ratio_mean,0.00012208252200773622
extra_trees,cat__basiskele_geo_cluster_x_m2_group_Başiskele_5||151-200,0.00012195277715145147
extra_trees,num__county_demo_young_ratio_mean,0.00012096340646051185
extra_trees,num__coast_distance_bucket_code,0.00012087315994244249
extra_trees,cat__heating_Yok,0.0001203849608999155
extra_trees,cat__district_Akpınar Mh.,0.0001190495742796206
extra_trees,cat__geo_cluster_x_room_count_city_6||4+1,0.00011898250147529626
extra_trees,cat__basiskele_geo_cluster_x_m2_group_Başiskele_3||126-150,0.00011867795978734894
extra_trees,num__location_precision_missing,0.00011796719551046199
extra_trees,num__location_backfill_ok,0.0001170215201169436
extra_trees,cat__location_precision_exact_map,0.00011656439637983984
extra_trees,cat__demo_dominant_age_group_20-24,0.00011599627880129194
extra_trees,cat__geo_cluster_city_missing,0.00011501527556688087
extra_trees,num__location_backfill_listing_removed,0.0001136752008905576
extra_trees,num__geo_context_missing,0.000113594845155666
extra_trees,num__has_lat_lon,0.00011315411015168294
extra_trees,num__location_precision_exact,0.00011083872530766878
extra_trees,cat__geo_cluster_city_city_9,0.00011073457705944403
extra_trees,num__geo_context_has_exact_location,0.0001104424432293867
extra_trees,cat__location_source_missing,0.00010932573356273261
extra_trees,cat__basiskele_geo_cluster_x_m2_group_Başiskele_3||101-125,0.00010773898476041945
extra_trees,cat__basiskele_geo_cluster_x_m2_group_other||76-100,0.00010569380467174196
extra_trees,cat__geo_cluster_x_room_count_city_10||4+1,0.00010271585406708552
extra_trees,num__location_quality_score,0.00010164369807244562
extra_trees,cat__geo_cluster_x_room_count_city_9||3+1,0.00010140698578470899
extra_trees,cat__detail_konut_tipi_Ters Dubleks,0.00010117294445250839
extra_trees,cat__basiskele_geo_cluster_other,0.00010106712452855979
extra_trees,cat__district_Tepeköy Mh.,0.00010083620164282937
extra_trees,cat__detail_manzara_Deniz|Doğa|Havuz|Park & Yeşil Alan|Şehir,0.00010011800994995887
extra_trees,cat__basiskele_geo_cluster_x_m2_group_Başiskele_3||76-100,9.871656536787739e-05
extra_trees,cat__district_Akçakoca Mh.,9.598586880199992e-05
extra_trees,cat__district_28 Haziran Mah.,9.444933982272827e-05
extra_trees,cat__basiskele_geo_cluster_x_m2_group_Başiskele_3||151-200,9.409195583477651e-05
extra_trees,cat__room_count_5+1,9.390216843091944e-05
extra_trees,num__has_site_project_id,9.379963533780544e-05
extra_trees,cat__geo_cluster_x_room_count_city_3||1+1,9.306967729159282e-05
extra_trees,cat__district_Serdar Mah.,9.221263906969861e-05
extra_trees,cat__geo_cluster_city_city_2,9.173731093819302e-05
extra_trees,num__site_project_oof_count,9.118628789989964e-05
extra_trees,cat__district_M. Alipaşa Mh.,9.037283891925444e-05
extra_trees,num__attr_county_old_building_discount,9.017593914067535e-05
extra_trees,cat__basiskele_geo_cluster_x_m2_group_Başiskele_4||151-200,9.016876370662278e-05
extra_trees,cat__detail_manzara_Havuz|Park & Yeşil Alan,8.89543663703403e-05
extra_trees,cat__site_project_id_county_scoped_basiskele::yuvana_evleri,8.793505211820208e-05
extra_trees,cat__geo_cluster_x_room_count_city_5||1+1,8.628165723039829e-05
extra_trees,num__site_project_oof_confidence,8.527009555542151e-05
extra_trees,cat__basiskele_geo_cluster_x_m2_group_Başiskele_4||200+,8.45145374789581e-05
extra_trees,cat__district_Sarımeşe Mh.,8.361451398227241e-05
extra_trees,cat__district_Kayacık Mh.,8.315757514946038e-05
extra_trees,cat__detail_konut_tipi_Dubleks|En Üst Kat|Çatı Dubleksi,8.193559357295841e-05
extra_trees,cat__geo_cluster_county_Gölcük_0,8.091314236367291e-05
extra_trees,cat__county_Başiskele,7.933160819017612e-05
extra_trees,cat__detail_manzara_Deniz|Park & Yeşil Alan,7.922368544017227e-05
extra_trees,cat__basiskele_geo_cluster_x_m2_group_Başiskele_4||101-125,7.89886523711555e-05
extra_trees,cat__district_Rahmiye Mah.,7.887727051159997e-05
extra_trees,cat__site_project_id_basiskele::zeray_korupark,7.809491516248072e-05
extra_trees,cat__district_Cedit Mah.,7.772953265082976e-05
extra_trees,cat__district_Ertuğrul Gazi Mh.,7.674688594048288e-05
extra_trees,cat__district_Yenişehir Mh.,7.626354286121789e-05
extra_trees,cat__district_Yüzbaşılar Mh.,7.491564691187098e-05
extra_trees,cat__district_Şehitler Mh.,7.465612901813188e-05
extra_trees,cat__site_project_id_basiskele::yuvana_evleri,7.364684053486605e-05
extra_trees,cat__district_Yazlık Yeni Mh.,7.363903975289429e-05
extra_trees,cat__district_Çepni Mh.,7.306385111413063e-05
extra_trees,cat__district_Barbaros Mah.,7.179331795141911e-05
extra_trees,cat__basiskele_geo_cluster_x_m2_group_Başiskele_0||76-100,7.129912169318466e-05
extra_trees,cat__site_project_x_county_basiskele::yuvana_evleri__basiskele,6.94298582500912e-05
extra_trees,cat__district_Fatih Sultan Mehmet Mh.,6.801527602910188e-05
extra_trees,cat__geo_cluster_x_room_count_city_2||4+1,6.70163168798141e-05
extra_trees,cat__district_4 Temmuz Mah.,6.516834975977198e-05
extra_trees,cat__district_Orhan Mah.,6.487822499710909e-05
extra_trees,cat__district_Halıdere Yalı Mh.,6.198149716242715e-05
extra_trees,cat__basiskele_geo_cluster_x_m2_group_other||126-150,6.159722192988351e-05
extra_trees,cat__basiskele_geo_cluster_x_m2_group_Başiskele_0||101-125,6.14990755442294e-05
extra_trees,cat__geo_cluster_x_room_count_city_9||2+1,6.084258046196613e-05
extra_trees,cat__district_Altınkent Mh.,5.941693095968362e-05
extra_trees,cat__detail_manzara_Havuz,5.6782516710927395e-05
extra_trees,cat__district_Kozluk Mah.,5.6356559375273444e-05
extra_trees,cat__district_Çukurbağ Mh.,5.6278975645622274e-05
extra_trees,cat__site_project_x_county_basiskele::zeray_perla__basiskele,5.622448108392635e-05
extra_trees,cat__geo_cluster_county_Gölcük_2,5.61791504557589e-05
extra_trees,cat__detail_manzara_Doğa|Havuz|Park & Yeşil Alan,5.597824094660544e-05
extra_trees,cat__geo_cluster_x_room_count_city_4||1+1,5.595516120738843e-05
extra_trees,cat__district_Atakent Mah.,5.495475929744403e-05
extra_trees,cat__basiskele_geo_cluster_x_m2_group_Başiskele_5||101-125,5.484851309730195e-05
extra_trees,cat__district_Çiftlik Mh.,5.4496664733346534e-05
extra_trees,cat__room_count_3.5+1,5.190599387197507e-05
extra_trees,num__basiskele_large_home_premium_bucket_median,5.031700617417824e-05
extra_trees,cat__basiskele_geo_cluster_x_m2_group_other,5.031600889962392e-05
extra_trees,cat__district_Seymen Mah.,5.002327691846798e-05
extra_trees,cat__district_Emekevler Mh.,4.966487137353812e-05
extra_trees,cat__site_project_id_county_scoped_basiskele::zeray_korupark,4.894183795478687e-05
extra_trees,cat__county_Karamürsel,4.791558664843141e-05
extra_trees,cat__basiskele_geo_cluster_x_m2_group_other||151-200,4.533819326744738e-05
extra_trees,cat__basiskele_geo_cluster_x_m2_group_Başiskele_0||200+,4.430075949453747e-05
extra_trees,cat__site_project_id_county_scoped_basiskele::ritim_vadi_evleri,4.365222206095859e-05
extra_trees,cat__site_project_id_basiskele::zeray_perla,4.2761081878682734e-05
extra_trees,cat__site_project_x_county_basiskele::zeray_korupark__basiskele,4.26881396286754e-05
extra_trees,cat__detail_konut_tipi_En Üst Kat|Çatı Dubleksi,4.267712307772127e-05
extra_trees,cat__district_Değirmendere Merkez Mh.,4.2425654952619816e-05
extra_trees,cat__basiskele_geo_cluster_Başiskele_1,4.193577810207901e-05
extra_trees,cat__district_Şirinköy Mh.,4.134625340512616e-05
extra_trees,cat__detail_manzara_Doğa|Havuz|Park & Yeşil Alan|Şehir,4.082762994367179e-05
extra_trees,cat__district_Veliahmet Mah.,3.9958316449159004e-05
extra_trees,cat__basiskele_geo_cluster_x_m2_group_Başiskele_5||76-100,3.919054736385402e-05
extra_trees,cat__site_project_id_basiskele::ritim_vadi_evleri,3.868427361621279e-05
extra_trees,cat__geo_cluster_city_city_11,3.766839530048806e-05
extra_trees,cat__district_Karabaş Mh.,3.75448338120146e-05
extra_trees,cat__district_Karadenizliler Mah.,3.7483027055861397e-05
extra_trees,cat__district_Mahmutpaşa Mh.,3.6201944565826896e-05
extra_trees,cat__site_project_x_county_basiskele::ritim_vadi_evleri__basiskele,3.553592985192594e-05
extra_trees,cat__district_İhsaniye Merkez Mh.,3.501392684327e-05
extra_trees,cat__geo_cluster_x_room_count_city_1||4+1,3.3305035313796545e-05
extra_trees,cat__district_Yazlık Merkez Mh.,3.3301033705018674e-05
extra_trees,cat__basiskele_geo_cluster_x_m2_group_Başiskele_0||126-150,3.175270970231322e-05
extra_trees,cat__basiskele_geo_cluster_x_m2_group_Başiskele_3||200+,3.091184897384665e-05
extra_trees,cat__basiskele_geo_cluster_x_m2_group_Başiskele_4||76-100,3.0692380922448387e-05
extra_trees,cat__site_project_id_basiskele::bahcekent_konutlari,3.0093106608448338e-05
extra_trees,cat__district_Hacıhasan Mh.,2.96659758049208e-05
extra_trees,cat__basiskele_geo_cluster_x_m2_group_Başiskele_3||0-75,2.9619293349408433e-05
extra_trees,cat__district_Yukarı Mh.,2.9267887233618533e-05
extra_trees,cat__site_project_id_county_scoped_basiskele::zeray_gunesi,2.906040985825389e-05
extra_trees,cat__geo_cluster_x_room_count_missing||4+1,2.890818823718197e-05
extra_trees,cat__district_Karaköprü Mh.,2.8868611781387965e-05
extra_trees,cat__district_Ömerağa Mh.,2.794148059522623e-05
extra_trees,cat__room_count_Stüdyo (1+0),2.7824377044872364e-05
extra_trees,cat__site_project_x_county_basiskele::zeray_gunesi__basiskele,2.75096999393889e-05
extra_trees,cat__geo_cluster_county_Başiskele_1,2.7507577814909874e-05
extra_trees,cat__site_project_id_county_scoped_basiskele::zeray_perla,2.7392160407636712e-05
extra_trees,cat__detail_konut_tipi_Ara Kat|Çatı Dubleksi,2.712280638345252e-05
extra_trees,cat__district_Erenler Mah.,2.6171979999719664e-05
extra_trees,cat__detail_manzara_Doğa|Havuz,2.6080197120767257e-05
extra_trees,cat__district_Gültepe Mh.,2.4932842326348958e-05
extra_trees,cat__district_Yeşilova Mh.,2.3973306062334492e-05
extra_trees,cat__district_Atatürk Mh.,2.298174725890674e-05
extra_trees,cat__district_Kuruçeşme Fatih Mh.,2.1940263038819194e-05
extra_trees,cat__room_count_4+2,2.1642168926954727e-05
extra_trees,cat__heating_Klima,2.115322771865443e-05
extra_trees,cat__geo_cluster_x_room_count_city_9||4+1,2.1045908635029996e-05
extra_trees,cat__district_Yahyakaptan Mah.,2.051369220055919e-05
extra_trees,cat__basiskele_geo_cluster_x_m2_group_Başiskele_0||0-75,2.04997555883213e-05
extra_trees,cat__site_project_x_county_basiskele::bahcekent_konutlari__basiskele,2.0377613367116973e-05
extra_trees,cat__basiskele_geo_cluster_x_m2_group_Başiskele_1||126-150,1.9899637197880184e-05
extra_trees,cat__detail_manzara_Göl|Park & Yeşil Alan|Şehir,1.973364938137887e-05
extra_trees,cat__district_Alikahya Cumhuriyet Mah.,1.9476938769305694e-05
extra_trees,cat__detail_manzara_Doğa|Göl|Park & Yeşil Alan|Şehir,1.8432596561447257e-05
extra_trees,cat__district_Uzunçiftlik Mh.,1.8203827714213066e-05
extra_trees,cat__district_İpek Yolu Mh.,1.783180072703161e-05
extra_trees,cat__demo_dominant_marital_status_Evli,1.737607552057956e-05
extra_trees,cat__site_project_id_county_scoped_basiskele::bahcekent_konutlari,1.721810361506683e-05
extra_trees,cat__site_project_id_basiskele::zeray_gunesi,1.7052615493572015e-05
extra_trees,cat__room_count_4.5+1,1.6934190662279358e-05
extra_trees,cat__detail_manzara_Doğa|Göl|Park & Yeşil Alan,1.6455175725021476e-05
extra_trees,cat__detail_manzara_Boğaz|Deniz,1.627966185701581e-05
extra_trees,cat__district_Yaylacık Mh.,1.611214276512465e-05
extra_trees,cat__district_Tepecik Mah.,1.581042921963362e-05
extra_trees,cat__geo_cluster_x_room_count_city_3||5+1,1.5457546948038727e-05
extra_trees,cat__basiskele_geo_cluster_x_m2_group_Başiskele_1||101-125,1.4537427983234598e-05
extra_trees,cat__geo_cluster_county_Karamürsel_2,1.4233345847066025e-05
extra_trees,cat__heating_missing,1.3649257267987183e-05
extra_trees,cat__geo_cluster_x_room_count_city_7||5+1,1.3413968114776349e-05
extra_trees,cat__basiskele_geo_cluster_x_m2_group_Başiskele_1||151-200,1.3005896333061008e-05
extra_trees,cat__geo_cluster_x_room_count_city_11||2+1,1.2487770127936299e-05
extra_trees,cat__district_Aydınkent Mh.,1.2440937650483286e-05
extra_trees,cat__district_Fevzi Çakmak Mh.,1.240987999430898e-05
extra_trees,cat__district_Hisareyn Merkez Mah.,1.2322148851391655e-05
extra_trees,cat__geo_cluster_x_room_count_city_2||4+2,1.218373217497041e-05
extra_trees,cat__site_project_id_basiskele::orka_life,1.2123530749973268e-05
extra_trees,cat__basiskele_geo_cluster_x_m2_group_Başiskele_1||76-100,1.2006379891526018e-05
extra_trees,cat__geo_cluster_x_room_count_city_2||1+1,1.1879801054760038e-05
extra_trees,cat__geo_cluster_x_room_count_city_11||3+1,1.1774315962154384e-05
extra_trees,cat__district_Kullar Yakacık Mh.,1.1770299238242244e-05
extra_trees,cat__furnished_missing,1.1714012251075136e-05
extra_trees,cat__geo_cluster_x_room_count_city_9||1+1,1.170900538398713e-05
extra_trees,cat__district_Ulaşlı Yavuz Sultan Selim Mh.,1.1487476444448688e-05
extra_trees,cat__basiskele_geo_cluster_x_m2_group_Başiskele_5||0-75,1.1283780137674883e-05
extra_trees,cat__basiskele_geo_cluster_x_m2_group_Başiskele_4||0-75,1.1076878878533192e-05
extra_trees,cat__building_age_group_missing,1.1061452443923431e-05
extra_trees,cat__district_Yenidoğan Mh.,1.0731513325697303e-05
extra_trees,cat__district_Köseköy Mh.,1.0237760014424318e-05
extra_trees,cat__site_project_id_county_scoped_basiskele::royal_country,9.933259090427055e-06
extra_trees,cat__geo_cluster_x_room_count_city_2||5+1,9.572349275710192e-06
extra_trees,cat__district_Malta Mah.,9.546608935515176e-06
extra_trees,cat__district_Ereğli Mh.,9.51241155398184e-06
extra_trees,cat__district_Doğan Mh.,9.14738823385063e-06
extra_trees,cat__geo_cluster_x_room_count_city_0||1+1,9.142906699431693e-06
extra_trees,cat__geo_cluster_x_room_count_city_1||4.5+1,8.644717241707035e-06
extra_trees,cat__parking_missing,8.540792455148652e-06
extra_trees,cat__district_Dereköy Mh.,8.267893282419162e-06
extra_trees,cat__site_inside_missing,8.229726403187459e-06
extra_trees,cat__district_Kabaoğlu Mh.,7.827331798432582e-06
extra_trees,cat__district_Derbent Mh.,7.789893119480096e-06
extra_trees,cat__district_Hatipköy Mh.,7.742246589184823e-06
extra_trees,cat__room_count_3+2,7.653801216915765e-06
extra_trees,cat__site_project_x_county_basiskele::orka_life__basiskele,7.54242177187964e-06
extra_trees,cat__basiskele_geo_cluster_x_m2_group_Başiskele_1||0-75,7.374951643404519e-06
extra_trees,cat__district_Yunus Emre Mah.,7.281450600981779e-06
extra_trees,cat__site_project_id_basiskele::evimiz_kocaeli,6.8721306926612394e-06
extra_trees,cat__detail_konut_tipi_Dubleks|En Üst Kat|Ara Kat|Çatı Dubleksi,6.8550759020115195e-06
extra_trees,cat__geo_cluster_x_room_count_city_5||Stüdyo (1+0),6.736154912347532e-06
extra_trees,cat__site_project_id_county_scoped_basiskele::orka_life_2,6.660157231485681e-06
extra_trees,cat__heating_Kat Kaloriferi,6.56033795103754e-06
extra_trees,cat__site_project_x_county_basiskele::orka_life_2__basiskele,6.56028110400729e-06
extra_trees,cat__detail_konut_tipi_En Üst Kat|Ara Kat,6.227030722854249e-06
extra_trees,cat__district_Maşukiye Mh.,6.143985535613484e-06
extra_trees,cat__district_Yeniköy Merkez Mh.,6.085068578156433e-06
extra_trees,cat__district_Tavşantepe Mh.,6.0592117081063035e-06
extra_trees,cat__district_Tüysüzler Mh.,5.968135912653868e-06
extra_trees,cat__geo_cluster_x_room_count_city_7||3+2,5.90502035501938e-06
extra_trees,cat__detail_manzara_Deniz|Havuz,5.8913579309951355e-06
extra_trees,cat__site_project_id_basiskele::orka_life_2,5.7751067335708915e-06
extra_trees,cat__geo_cluster_x_room_count_city_1||1+1,5.7674458889844976e-06
extra_trees,cat__usage_status_missing,5.611880306000451e-06
extra_trees,cat__site_project_id_basiskele::zeraykent_yuvacik,5.255903300842738e-06
extra_trees,cat__district_İstasyon Mh.,4.978170898363396e-06
extra_trees,cat__detail_konut_tipi_Dubleks|En Üst Kat|Ara Kat|Ara Kat Dubleks|Bahçe Dubleksi|Çatı Dubleksi|Forleks|Ters Dubleks|Tripleks,4.90607544442081e-06
extra_trees,cat__detail_konut_tipi_Dubleks|Ara Kat|Ara Kat Dubleks,4.897923325151015e-06
extra_trees,cat__geo_cluster_x_room_count_city_8||5+1,4.891194980581671e-06
extra_trees,cat__real_estate_type_Satılık Rezidans,4.875165506222842e-06
extra_trees,cat__detail_konut_tipi_Dubleks|Ters Dubleks,4.675562319773751e-06
extra_trees,cat__detail_konut_tipi_Ara Kat Dubleks,4.336402218478524e-06
extra_trees,cat__detail_konut_tipi_Dubleks|En Üst Kat,4.2998710009692665e-06
extra_trees,cat__site_project_id_basiskele::alizepark_city,4.234541260814221e-06
extra_trees,cat__site_project_id_county_scoped_basiskele::alizepark_city,4.194804052782771e-06
extra_trees,cat__detail_konut_tipi_Dubleks|Ara Kat,4.018020427710053e-06
extra_trees,cat__site_project_id_county_scoped_basiskele::zeraykent_yuvacik,3.920258630254229e-06
extra_trees,cat__detail_manzara_Göl,3.7280151480867154e-06
extra_trees,cat__geo_cluster_x_room_count_city_6||1+1,3.66323452912851e-06
extra_trees,cat__site_project_id_basiskele::mamik_reform,3.5591359998804774e-06
extra_trees,cat__district_Bekirdere Mah.,3.529755378093707e-06
extra_trees,cat__district_Örcün Mh.,3.439264769553334e-06
extra_trees,cat__site_project_x_county_basiskele::zeraykent_yuvacik__basiskele,3.4140898208096034e-06
extra_trees,cat__detail_konut_tipi_Ara Kat|Tripleks,3.37779643612228e-06
extra_trees,cat__district_Düzağaç Mh.,3.356823617237195e-06
extra_trees,cat__district_Halıdere Yeni Mh.,3.3159451827955317e-06
extra_trees,cat__district_Ataşehir Mh.,3.2849777498843837e-06
extra_trees,cat__geo_cluster_x_room_count_city_4||5+1,3.237925007982015e-06
extra_trees,cat__demo_dominant_marital_status_Bekar,3.195153155034361e-06
extra_trees,cat__site_project_id_county_scoped_basiskele::evimiz_kocaeli,3.1891088474775886e-06
extra_trees,cat__demo_dominant_education_İlkokul,3.1875987182776087e-06
extra_trees,cat__geo_cluster_x_room_count_city_8||1+1,3.073997925832835e-06
extra_trees,cat__site_project_id_county_scoped_basiskele::ustpark_afraze,3.010092323454796e-06
extra_trees,cat__room_count_2.5+1,2.8992895407986395e-06
extra_trees,cat__site_project_id_basiskele::royal_country,2.8732395788096624e-06
extra_trees,cat__district_Zabıtan Mh.,2.7513746681869805e-06
extra_trees,cat__geo_cluster_x_room_count_missing||5+1,2.7468060167287693e-06
extra_trees,cat__site_project_x_county_basiskele::evimiz_kocaeli__basiskele,2.691289957328392e-06
extra_trees,cat__site_project_x_county_basiskele::ustpark_afraze__basiskele,2.6672129642967886e-06
extra_trees,cat__site_project_id_basiskele::yakamoz_konutlari,2.6034035729213637e-06
extra_trees,cat__room_count_6+1,2.5454445884978273e-06
extra_trees,cat__geo_cluster_x_room_count_city_7||4+1,2.5443364535918083e-06
extra_trees,cat__elevator_missing,2.5244430441472463e-06
extra_trees,cat__district_Ayazma Mah.,2.5061916320671133e-06
extra_trees,cat__geo_cluster_x_room_count_city_10||5+1,2.4595401326200986e-06
extra_trees,cat__site_project_x_county_basiskele::mamik_reform__basiskele,2.4368148711843804e-06
extra_trees,cat__detail_konut_tipi_Tripleks,2.2590690274427883e-06
extra_trees,cat__district_Arslanbey Mh.,2.2276032587729458e-06
extra_trees,cat__geo_cluster_x_room_count_missing||Stüdyo (1+0),2.2074321882778045e-06
extra_trees,cat__site_project_x_county_basiskele::yakamoz_konutlari__basiskele,2.167750968285409e-06
extra_trees,cat__district_Sepetçi Mh.,2.1037333234250455e-06
extra_trees,cat__district_Kullar Tepecik Mh.,2.099713666133315e-06
extra_trees,cat__real_estate_type_Satılık Daire,2.0794469501015353e-06
extra_trees,cat__district_İbrikdere Mh.,2.0191037620201587e-06
extra_trees,cat__district_Kemalpaşa Mh.,1.9789065866429096e-06
extra_trees,cat__site_project_id_county_scoped_basiskele::orka_life,1.966503784504171e-06
extra_trees,num__is_basement,1.8451559754119022e-06
extra_trees,cat__site_project_x_county_basiskele::royal_country__basiskele,1.8374802119616533e-06
extra_trees,cat__geo_cluster_x_room_count_city_3||4+2,1.7238136909293553e-06
extra_trees,cat__site_project_x_county_basiskele::kirazli_kent__basiskele,1.6478931722968126e-06
extra_trees,cat__site_project_x_county_basiskele::alizepark_city__basiskele,1.556133439946211e-06
extra_trees,cat__detail_konut_tipi_Bahçe Dubleksi|Ters Dubleks,1.5360949499214857e-06
extra_trees,cat__basiskele_geo_cluster_x_m2_group_other||0-75,1.514315431527265e-06
extra_trees,cat__detail_manzara_Göl|Havuz,1.5128457638099437e-06
extra_trees,cat__room_count_1.5+1,1.466353737093634e-06
extra_trees,cat__room_count_5+2,1.3560189303080046e-06
extra_trees,cat__floor_segment_missing,1.292042492813346e-06
extra_trees,cat__heating_Kombi (Elektrik),1.284025270293978e-06
extra_trees,num__demo_coverage_score,1.1691231339084086e-06
extra_trees,cat__elevator_Belirtilmemiş,1.0971073807102966e-06
extra_trees,cat__site_project_id_county_scoped_basiskele::yakamoz_konutlari,1.088633539481578e-06
extra_trees,cat__real_estate_type_Satılık Villa,1.067978752844998e-06
extra_trees,cat__detail_manzara_Deniz|Havuz|Park & Yeşil Alan|Şehir,9.980821244975901e-07
extra_trees,cat__site_project_id_basiskele::ustpark_afraze,9.179652966637747e-07
extra_trees,cat__detail_manzara_Havuz|Şehir,8.949074578183551e-07
extra_trees,cat__site_project_id_county_scoped_basiskele::royal_life,8.866149450280527e-07
extra_trees,cat__district_Akarca Mah.,7.563345321988101e-07
extra_trees,cat__kitchen_Belirtilmemiş,7.326943094356602e-07
extra_trees,cat__site_project_id_county_scoped_basiskele::mamik_reform,7.270009381733693e-07
extra_trees,cat__detail_manzara_Doğa|Göl|Şehir,6.251541925979699e-07
extra_trees,cat__detail_manzara_Boğaz|Deniz|Doğa|Şehir,5.659760538158304e-07
extra_trees,cat__floor_segment_Bodrum,5.645707477283321e-07
extra_trees,cat__geo_cluster_x_room_count_city_11||4+1,5.589911462433608e-07
extra_trees,cat__detail_konut_tipi_Dubleks|En Üst Kat|Ara Kat,4.75723467071294e-07
extra_trees,cat__demo_dominant_age_group_missing,4.7444009058780943e-07
extra_trees,cat__detail_manzara_Doğa|Göl,4.3577853282828977e-07
extra_trees,cat__district_Yeşilkent Mh.,3.859018685630776e-07
extra_trees,cat__geo_cluster_x_room_count_city_4||1.5+1,3.0253686257026965e-07
extra_trees,cat__heating_Soba,2.811817642355011e-07
extra_trees,cat__basiskele_geo_cluster_x_m2_group_Başiskele_1||200+,2.727639992681751e-07
extra_trees,cat__basiskele_geo_cluster_x_m2_group_other||200+,2.694193926656448e-07
extra_trees,cat__detail_manzara_Deniz|Doğa|Havuz|Park & Yeşil Alan,2.5377333064983117e-07
extra_trees,num__demo_has_county_demographics,2.4868393093527895e-07
extra_trees,cat__district_Kullar Merkez Mh.,2.3240523107505044e-07
extra_trees,cat__site_project_x_county_basiskele::royal_city_akkurt__basiskele,2.2750195311969363e-07
extra_trees,cat__district_Sekbanlı Mh.,1.9458622957044236e-07
extra_trees,cat__demo_dominant_marital_status_missing,1.825443239758198e-07
extra_trees,cat__site_project_id_basiskele::kirazli_kent,1.7824934359028953e-07
extra_trees,cat__demo_ses_group_missing,1.7782978587208205e-07
extra_trees,cat__detail_konut_tipi_Ara Kat|Bahçe Dubleksi|Çatı Dubleksi,1.4424612988363107e-07
extra_trees,cat__site_project_id_county_scoped_basiskele::royal_city_akkurt,1.369937746244556e-07
extra_trees,cat__district_Karşıyaka Mh.,8.652186997131807e-08
extra_trees,cat__geo_cluster_x_room_count_city_0||5+1,6.529877570207342e-08
extra_trees,cat__rent_feature_level_county,5.8165535774182827e-08
extra_trees,cat__basiskele_geo_cluster_x_m2_group_Başiskele_2||200+,5.186324158863162e-08
extra_trees,cat__district_Havuzlubahçe Mh.,5.050413029998419e-08
extra_trees,cat__site_project_id_basiskele::royal_city_akkurt,3.785969901741175e-08
extra_trees,cat__site_project_id_basiskele::ustgrup_mezire,3.638983455557432e-08
extra_trees,cat__district_Damlar Mah.,3.526690858434942e-08
extra_trees,cat__site_project_id_county_scoped_basiskele::kirazli_kent,3.4170198387862995e-08
extra_trees,cat__district_Uzuntarla Mh.,2.4864637304748463e-08
extra_trees,cat__district_Sanayi Mah.,1.8986647287247517e-08
extra_trees,cat__balcony_missing,1.3015183014477055e-08
extra_trees,cat__district_Sahil Mah.,8.368678792086804e-09
extra_trees,cat__demo_dominant_education_missing,6.659449031694719e-09
extra_trees,num__demo_has_demographics,4.176250673299329e-09
extra_trees,num__open_area_m2,0.0
extra_trees,num__has_open_area,0.0
extra_trees,num__rent_feature_confidence,0.0
extra_trees,num__county_demo_per_capita_income_median,0.0
extra_trees,num__county_demo_household_income_median,0.0
extra_trees,num__demo_age_coverage,0.0
extra_trees,num__demo_education_coverage,0.0
extra_trees,num__demo_income_available,0.0
extra_trees,num__demo_ses_available,0.0
extra_trees,num__demo_market_activity_available,0.0
extra_trees,num__demo_infrastructure_available,0.0
extra_trees,num__demo_real_estate_agent_count,0.0
extra_trees,num__demo_agent_listing_count,0.0
extra_trees,num__demo_owner_listing_count,0.0
extra_trees,num__demo_sale_count,0.0
extra_trees,num__demo_mortgage_count,0.0
extra_trees,num__demo_turnover_ratio,0.0
extra_trees,num__demo_computed_turnover_ratio,0.0
extra_trees,num__demo_listing_count_2024,0.0
extra_trees,num__demo_bb_sale_count_2024,0.0
extra_trees,num__demo_bb_mortgaged_sale_count_2024,0.0
extra_trees,num__county_demo_sale_count_sum,0.0
extra_trees,num__county_demo_turnover_ratio_median,0.0
extra_trees,num__demo_turnover_vs_county,0.0
extra_trees,num__demo_saving_total,0.0
extra_trees,num__demo_expense_total,0.0
extra_trees,num__demo_expense_food,0.0
extra_trees,num__demo_expense_shelter,0.0
extra_trees,num__demo_expense_transportation,0.0
extra_trees,num__demo_expense_education,0.0
extra_trees,num__demo_ecommerce_count,0.0
extra_trees,num__demo_ecommerce_density,0.0
extra_trees,num__demo_online_retail,0.0
extra_trees,num__attr_credit_eligible,0.0
extra_trees,num__location_precision_approx,0.0
extra_trees,num__location_precision_district_only,0.0
extra_trees,num__is_coastal_500m,0.0
extra_trees,num__is_coastal_1000m,0.0
extra_trees,num__is_coastal_2000m,0.0
extra_trees,num__distance_to_sea_m,0.0
extra_trees,num__log_distance_to_sea,0.0
extra_trees,num__is_coastal_250m,0.0
extra_trees,num__coastal_access_score,0.0
extra_trees,num__bsk_distance_to_sea_x_view_sea,0.0
extra_trees,num__bsk_distance_to_sea_x_near_sea_zero,0.0
extra_trees,num__bsk_distance_to_sea_x_large_home,0.0
extra_trees,num__bsk_distance_to_sea_x_site_inside,0.0
extra_trees,num__bsk_distance_to_sea_x_quality,0.0
extra_trees,num__bsk_coastal_x_large_home,0.0
extra_trees,num__bsk_coastal_x_geo_cluster,0.0
extra_trees,num__bsk_coastal_x_room_4p1,0.0
extra_trees,num__site_project_listing_count,0.0
extra_trees,num__site_project_freq_bucket,0.0
extra_trees,num__site_project_county_frequency,0.0
extra_trees,cat__real_estate_type_Satılık Müstakil Ev,0.0
extra_trees,cat__real_estate_type_Satılık Yazlık,0.0
extra_trees,cat__room_count_2+0,0.0
extra_trees,cat__room_count_2+2,0.0
extra_trees,cat__room_count_3+0,0.0
extra_trees,cat__room_count_4.5+2,0.0
extra_trees,cat__room_count_5.5+1,0.0
extra_trees,cat__room_count_6+2,0.0
extra_trees,cat__room_count_6+3,0.0
extra_trees,cat__room_count_7+1,0.0
extra_trees,cat__heating_VRV,0.0
extra_trees,cat__site_inside_Belirtilmemiş,0.0
extra_trees,cat__credit_eligible_missing,0.0
extra_trees,cat__energy_certificate_missing,0.0
extra_trees,cat__deed_status_missing,0.0
extra_trees,cat__seller_type_missing,0.0
extra_trees,cat__barter_missing,0.0
extra_trees,cat__city_Kocaeli,0.0
extra_trees,cat__district_Acısu Mh.,0.0
extra_trees,cat__district_Alikahya Merkez Mah.,0.0
extra_trees,cat__district_Arızlı Mh.,0.0
extra_trees,cat__district_Avcıköy Mh.,0.0
extra_trees,cat__district_Bahçecik Kılıçaslan Mh.,0.0
extra_trees,cat__district_Bahçecik Şehitekrem Mh.,0.0
extra_trees,cat__district_Durhasan Mh.,0.0
extra_trees,cat__district_Saraylı Mh.,0.0
extra_trees,cat__district_Tepecik Mh.,0.0
extra_trees,cat__district_Ulaşlı Yalı Mh.,0.0
extra_trees,cat__district_Vezirçiftliği Mh.,0.0
extra_trees,cat__district_Yalakdere Mh.,0.0
extra_trees,cat__district_Yuvacık Yakacık Mh.,0.0
extra_trees,cat__district_Şevkatiye Mh.,0.0
extra_trees,cat__detail_manzara_Boğaz|Deniz|Doğa,0.0
extra_trees,cat__detail_manzara_Boğaz|Deniz|Doğa|Göl|Havuz|Nehir|Park & Yeşil Alan|Şehir,0.0
extra_trees,cat__detail_manzara_Boğaz|Deniz|Doğa|Göl|Park & Yeşil Alan|Şehir,0.0
extra_trees,cat__detail_manzara_Boğaz|Deniz|Doğa|Havuz|Park & Yeşil Alan|Şehir,0.0
extra_trees,cat__detail_manzara_Boğaz|Deniz|Doğa|Park & Yeşil Alan,0.0
extra_trees,cat__detail_manzara_Boğaz|Deniz|Göl|Park & Yeşil Alan,0.0
extra_trees,cat__detail_manzara_Boğaz|Deniz|Park & Yeşil Alan,0.0
extra_trees,cat__detail_manzara_Boğaz|Deniz|Park & Yeşil Alan|Şehir,0.0
extra_trees,cat__detail_manzara_Boğaz|Deniz|Şehir,0.0
extra_trees,cat__detail_manzara_Boğaz|Doğa|Havuz|Park & Yeşil Alan,0.0
extra_trees,cat__detail_manzara_Boğaz|Doğa|Park & Yeşil Alan,0.0
extra_trees,cat__detail_manzara_Boğaz|Doğa|Park & Yeşil Alan|Şehir,0.0
extra_trees,cat__detail_manzara_Deniz|Doğa|Göl|Park & Yeşil Alan,0.0
extra_trees,cat__detail_manzara_Deniz|Doğa|Göl|Park & Yeşil Alan|Şehir,0.0
extra_trees,cat__detail_manzara_Deniz|Doğa|Havuz,0.0
extra_trees,cat__detail_manzara_Deniz|Doğa|Havuz|Şehir,0.0
extra_trees,cat__detail_manzara_Deniz|Doğa|Nehir|Park & Yeşil Alan|Şehir,0.0
extra_trees,cat__detail_manzara_Deniz|Göl|Şehir,0.0
extra_trees,cat__detail_manzara_Deniz|Havuz|Park & Yeşil Alan,0.0
extra_trees,cat__detail_manzara_Deniz|Havuz|Şehir,0.0
extra_trees,cat__detail_manzara_Deniz|Nehir|Park & Yeşil Alan,0.0
extra_trees,cat__detail_manzara_Doğa|Göl|Havuz|Park & Yeşil Alan|Şehir,0.0
extra_trees,cat__detail_manzara_Doğa|Göl|Havuz|Şehir,0.0
extra_trees,cat__detail_manzara_Doğa|Havuz|Şehir,0.0
extra_trees,cat__detail_manzara_Doğa|Nehir|Park & Yeşil Alan,0.0
extra_trees,cat__detail_manzara_Doğa|Nehir|Park & Yeşil Alan|Şehir,0.0
extra_trees,cat__detail_manzara_Göl|Havuz|Park & Yeşil Alan,0.0
extra_trees,cat__detail_manzara_Göl|Park & Yeşil Alan,0.0
extra_trees,cat__detail_manzara_Göl|Şehir,0.0
extra_trees,cat__detail_konut_tipi_Ara Kat|Ara Kat Dubleks,0.0
extra_trees,cat__detail_konut_tipi_Ara Kat|Bahçe Dubleksi,0.0
extra_trees,cat__detail_konut_tipi_Bahçe Dubleksi|Tripleks,0.0
extra_trees,cat__detail_konut_tipi_Bahçe Dubleksi|Çatı Dubleksi,0.0
extra_trees,cat__detail_konut_tipi_Dubleks|Ara Kat Dubleks,0.0
extra_trees,cat__detail_konut_tipi_Dubleks|Ara Kat Dubleks|Ters Dubleks,0.0
extra_trees,cat__detail_konut_tipi_Dubleks|Ara Kat|Ara Kat Dubleks|Bahçe Dubleksi,0.0
extra_trees,cat__detail_konut_tipi_Dubleks|Ara Kat|Ara Kat Dubleks|Bahçe Dubleksi|Ters Dubleks,0.0
extra_trees,cat__detail_konut_tipi_Dubleks|Ara Kat|Ara Kat Dubleks|Ters Dubleks,0.0
extra_trees,cat__detail_konut_tipi_Dubleks|Ara Kat|Bahçe Dubleksi,0.0
extra_trees,cat__detail_konut_tipi_Dubleks|Ara Kat|Bahçe Dubleksi|Ters Dubleks,0.0
extra_trees,cat__detail_konut_tipi_Dubleks|Ara Kat|Bahçe Dubleksi|Çatı Dubleksi|Ters Dubleks,0.0
extra_trees,cat__detail_konut_tipi_Dubleks|Ara Kat|Çatı Dubleksi,0.0
extra_trees,cat__detail_konut_tipi_Dubleks|Bahçe Dubleksi|Ters Dubleks,0.0
extra_trees,cat__detail_konut_tipi_Dubleks|Bahçe Dubleksi|Çatı Dubleksi,0.0
extra_trees,cat__detail_konut_tipi_Dubleks|En Üst Kat|Ara Kat Dubleks|Bahçe Dubleksi|Çatı Dubleksi|Forleks|Ters Dubleks|Tripleks,0.0
extra_trees,cat__detail_konut_tipi_Dubleks|En Üst Kat|Ara Kat Dubleks|Bahçe Dubleksi|Çatı Dubleksi|Ters Dubleks,0.0
extra_trees,cat__detail_konut_tipi_Dubleks|En Üst Kat|Ara Kat Dubleks|Çatı Dubleksi|Ters Dubleks,0.0
extra_trees,cat__detail_konut_tipi_Dubleks|En Üst Kat|Ara Kat Dubleks|Çatı Dubleksi|Ters Dubleks|Tripleks,0.0
extra_trees,cat__detail_konut_tipi_Dubleks|En Üst Kat|Ara Kat|Ara Kat Dubleks|Bahçe Dubleksi|Çatı Dubleksi|Forleks|Ters Dubleks,0.0
extra_trees,cat__detail_konut_tipi_Dubleks|En Üst Kat|Ara Kat|Ara Kat Dubleks|Bahçe Dubleksi|Çatı Dubleksi|Ters Dubleks,0.0
extra_trees,cat__detail_konut_tipi_Dubleks|En Üst Kat|Ara Kat|Ara Kat Dubleks|Bahçe Dubleksi|Çatı Dubleksi|Ters Dubleks|Tripleks,0.0
extra_trees,cat__detail_konut_tipi_Dubleks|En Üst Kat|Ara Kat|Ara Kat Dubleks|Çatı Dubleksi,0.0
extra_trees,cat__detail_konut_tipi_Dubleks|En Üst Kat|Ara Kat|Ara Kat Dubleks|Çatı Dubleksi|Forleks|Ters Dubleks|Tripleks,0.0
extra_trees,cat__detail_konut_tipi_Dubleks|En Üst Kat|Ara Kat|Ara Kat Dubleks|Çatı Dubleksi|Ters Dubleks,0.0
extra_trees,cat__detail_konut_tipi_Dubleks|En Üst Kat|Ara Kat|Bahçe Dubleksi,0.0
extra_trees,cat__detail_konut_tipi_Dubleks|En Üst Kat|Ara Kat|Bahçe Dubleksi|Çatı Dubleksi,0.0
extra_trees,cat__detail_konut_tipi_Dubleks|En Üst Kat|Ara Kat|Çatı Dubleksi|Ters Dubleks,0.0
extra_trees,cat__detail_konut_tipi_Dubleks|En Üst Kat|Ters Dubleks,0.0
extra_trees,cat__detail_konut_tipi_Dubleks|En Üst Kat|Çatı Dubleksi|Ters Dubleks,0.0
extra_trees,cat__detail_konut_tipi_En Üst Kat|Ara Kat Dubleks|Çatı Dubleksi,0.0
extra_trees,cat__detail_konut_tipi_En Üst Kat|Ara Kat|Bahçe Dubleksi,0.0
extra_trees,cat__detail_konut_tipi_En Üst Kat|Ara Kat|Çatı Dubleksi,0.0
extra_trees,cat__detail_konut_tipi_En Üst Kat|Tripleks,0.0
extra_trees,cat__detail_konut_tipi_Forleks,0.0
extra_trees,cat__detail_konut_tipi_Kat Dubleksi,0.0
extra_trees,cat__detail_konut_tipi_Çatı Dubleksi|Ters Dubleks,0.0
extra_trees,cat__demo_dominant_age_group_10-14,0.0
extra_trees,cat__location_precision_district_only,0.0
extra_trees,cat__location_source_district_text,0.0
extra_trees,cat__basiskele_geo_cluster_x_m2_group_Başiskele_2||0-75,0.0
extra_trees,cat__geo_cluster_x_room_count_city_0||1.5+1,0.0
extra_trees,cat__geo_cluster_x_room_count_city_0||2.5+1,0.0
extra_trees,cat__geo_cluster_x_room_count_city_0||3+2,0.0
extra_trees,cat__geo_cluster_x_room_count_city_0||3.5+1,0.0
extra_trees,cat__geo_cluster_x_room_count_city_0||4+2,0.0
extra_trees,cat__geo_cluster_x_room_count_city_0||4.5+1,0.0
extra_trees,cat__geo_cluster_x_room_count_city_0||5+2,0.0
extra_trees,cat__geo_cluster_x_room_count_city_0||6+1,0.0
extra_trees,cat__geo_cluster_x_room_count_city_10||6+1,0.0
extra_trees,cat__geo_cluster_x_room_count_city_10||Stüdyo (1+0),0.0
extra_trees,cat__geo_cluster_x_room_count_city_1||1.5+1,0.0
extra_trees,cat__geo_cluster_x_room_count_city_1||3.5+1,0.0
extra_trees,cat__geo_cluster_x_room_count_city_1||4+2,0.0
extra_trees,cat__geo_cluster_x_room_count_city_1||5+1,0.0
extra_trees,cat__geo_cluster_x_room_count_city_1||5+2,0.0
extra_trees,cat__geo_cluster_x_room_count_city_1||5.5+1,0.0
extra_trees,cat__geo_cluster_x_room_count_city_2||2+2,0.0
extra_trees,cat__geo_cluster_x_room_count_city_2||2.5+1,0.0
extra_trees,cat__geo_cluster_x_room_count_city_2||3+2,0.0
extra_trees,cat__geo_cluster_x_room_count_city_2||3.5+1,0.0
extra_trees,cat__geo_cluster_x_room_count_city_2||4.5+1,0.0
extra_trees,cat__geo_cluster_x_room_count_city_2||4.5+2,0.0
extra_trees,cat__geo_cluster_x_room_count_city_2||5+2,0.0
extra_trees,cat__geo_cluster_x_room_count_city_2||5.5+1,0.0
extra_trees,cat__geo_cluster_x_room_count_city_2||6+1,0.0
extra_trees,cat__geo_cluster_x_room_count_city_2||6+2,0.0
extra_trees,cat__geo_cluster_x_room_count_city_3||2.5+1,0.0
extra_trees,cat__geo_cluster_x_room_count_city_3||3+0,0.0
extra_trees,cat__geo_cluster_x_room_count_city_3||3+2,0.0
extra_trees,cat__geo_cluster_x_room_count_city_3||3.5+1,0.0
extra_trees,cat__geo_cluster_x_room_count_city_3||5+2,0.0
extra_trees,cat__geo_cluster_x_room_count_city_3||6+1,0.0
extra_trees,cat__geo_cluster_x_room_count_city_3||6+3,0.0
extra_trees,cat__geo_cluster_x_room_count_city_3||Stüdyo (1+0),0.0
extra_trees,cat__geo_cluster_x_room_count_city_4||2+2,0.0
extra_trees,cat__geo_cluster_x_room_count_city_4||2.5+1,0.0
extra_trees,cat__geo_cluster_x_room_count_city_4||3+2,0.0
extra_trees,cat__geo_cluster_x_room_count_city_4||3.5+1,0.0
extra_trees,cat__geo_cluster_x_room_count_city_4||4+2,0.0
extra_trees,cat__geo_cluster_x_room_count_city_4||6+1,0.0
extra_trees,cat__geo_cluster_x_room_count_city_5||2+0,0.0
extra_trees,cat__geo_cluster_x_room_count_city_5||2.5+1,0.0
extra_trees,cat__geo_cluster_x_room_count_city_5||3.5+1,0.0
extra_trees,cat__geo_cluster_x_room_count_city_5||4+2,0.0
extra_trees,cat__geo_cluster_x_room_count_city_5||5+1,0.0
extra_trees,cat__geo_cluster_x_room_count_city_5||5+2,0.0
extra_trees,cat__geo_cluster_x_room_count_city_5||5.5+1,0.0
extra_trees,cat__geo_cluster_x_room_count_city_5||6+2,0.0
extra_trees,cat__geo_cluster_x_room_count_city_6||2.5+1,0.0
extra_trees,cat__geo_cluster_x_room_count_city_6||3.5+1,0.0
extra_trees,cat__geo_cluster_x_room_count_city_6||5+1,0.0
extra_trees,cat__geo_cluster_x_room_count_city_7||1+1,0.0
extra_trees,cat__geo_cluster_x_room_count_city_7||1.5+1,0.0
extra_trees,cat__geo_cluster_x_room_count_city_7||2.5+1,0.0
extra_trees,cat__geo_cluster_x_room_count_city_7||3.5+1,0.0
extra_trees,cat__geo_cluster_x_room_count_city_7||4+2,0.0
extra_trees,cat__geo_cluster_x_room_count_city_8||2+2,0.0
extra_trees,cat__geo_cluster_x_room_count_city_8||2.5+1,0.0
extra_trees,cat__geo_cluster_x_room_count_city_8||4+2,0.0
extra_trees,cat__geo_cluster_x_room_count_city_8||4.5+1,0.0
extra_trees,cat__geo_cluster_x_room_count_city_8||5+2,0.0
extra_trees,cat__geo_cluster_x_room_count_city_8||6+1,0.0
extra_trees,cat__geo_cluster_x_room_count_city_9||1.5+1,0.0
extra_trees,cat__geo_cluster_x_room_count_city_9||5+1,0.0
extra_trees,cat__geo_cluster_x_room_count_city_9||5+2,0.0
extra_trees,cat__geo_cluster_x_room_count_city_9||Stüdyo (1+0),0.0
extra_trees,cat__geo_cluster_x_room_count_missing||2+2,0.0
extra_trees,cat__geo_cluster_x_room_count_missing||2.5+1,0.0
extra_trees,cat__geo_cluster_x_room_count_missing||3+0,0.0
extra_trees,cat__geo_cluster_x_room_count_missing||3+2,0.0
extra_trees,cat__geo_cluster_x_room_count_missing||3.5+1,0.0
extra_trees,cat__geo_cluster_x_room_count_missing||4+2,0.0
extra_trees,cat__geo_cluster_x_room_count_missing||4.5+1,0.0
extra_trees,cat__geo_cluster_x_room_count_missing||7+1,0.0
extra_trees,cat__site_project_id_basiskele::mamik_life,0.0
extra_trees,cat__site_project_id_basiskele::royal_life,0.0
extra_trees,cat__site_project_id_golcuk::yakamoz_konutlari,0.0
extra_trees,cat__site_project_id_kartepe::bahcekent_konutlari,0.0
extra_trees,cat__site_project_id_county_scoped_basiskele::mamik_life,0.0
extra_trees,cat__site_project_id_county_scoped_basiskele::ustgrup_mezire,0.0
extra_trees,cat__site_project_id_county_scoped_golcuk::yakamoz_konutlari,0.0
extra_trees,cat__site_project_id_county_scoped_kartepe::bahcekent_konutlari,0.0
extra_trees,cat__site_project_x_county_basiskele::mamik_life__basiskele,0.0
extra_trees,cat__site_project_x_county_basiskele::royal_life__basiskele,0.0
extra_trees,cat__site_project_x_county_basiskele::ustgrup_mezire__basiskele,0.0
extra_trees,cat__site_project_x_county_golcuk::yakamoz_konutlari__golcuk,0.0
extra_trees,cat__site_project_x_county_kartepe::bahcekent_konutlari__kartepe,0.0
gradient_boosting,num__district_m2_group_target_median,0.13542879446377631
gradient_boosting,num__attr_total_quality_score,0.10186097621695736
gradient_boosting,num__district_room_count_target_median,0.09246558825589177
gradient_boosting,num__attr_effect_building_age_bucket,0.07159448718607352
gradient_boosting,num__attr_m2_per_room,0.030949870018028867
gradient_boosting,num__location_baseline_log,0.02602557034114468
gradient_boosting,num__trend_sale_m2,0.02384998240470769
gradient_boosting,num__detail_effect_outside_mean,0.023696874339990116
gradient_boosting,num__location_baseline_m2,0.023662245888328874
gradient_boosting,num__detail_effect_total_mean,0.021308612932954447
gradient_boosting,num__attr_building_age_inverse,0.018885696864446893
gradient_boosting,num__detail_effect_subtype_sum,0.018583852133401083
gradient_boosting,num__building_age,0.01804799056792678
gradient_boosting,num__demo_old_ratio,0.01616349757487705
gradient_boosting,num__attr_effect_elevator,0.01601357820933712
gradient_boosting,num__detail_effect_subtype_mean,0.014805185898389871
gradient_boosting,num__total_floors,0.01453108258847496
gradient_boosting,num__detail_effect_inside_sum,0.014055616439033731
gradient_boosting,num__estimated_monthly_rent_gross,0.013584338112228186
gradient_boosting,num__dues,0.010857456796080574
gradient_boosting,num__detail_effect_inside_x_attr_quality,0.010604932187598476
gradient_boosting,num__attr_quality_x_county_income,0.010042744858920712
gradient_boosting,num__detail_effect_outside_sum,0.009897999587915814
gradient_boosting,cat__parking_Açık Otopark,0.009436323432995476
gradient_boosting,num__demo_divorced_ratio,0.009287194042567186
gradient_boosting,cat__usage_status_Mülk Sahibi,0.00915924183798851
gradient_boosting,num__demo_population_density,0.007987466514699896
gradient_boosting,num__bathroom_count,0.007415523606736201
gradient_boosting,num__attr_building_age_score,0.0071287866634854495
gradient_boosting,num__distance_to_coast_x_near_sea_zero,0.006926536046018871
gradient_boosting,num__net_m2,0.006145981128106306
gradient_boosting,num__distance_to_coastline_m,0.005971506307942191
gradient_boosting,num__attr_quality_x_demo_income,0.005393905163983584
gradient_boosting,num__detail_effect_inside_mean,0.005328231135525859
gradient_boosting,num__detail_effect_outside_x_attr_quality,0.005269006926522655
gradient_boosting,num__detail_effect_view_mean,0.0049840545610416506
gradient_boosting,num__location_baseline_vs_trend,0.004354705088782919
gradient_boosting,num__trend_yield,0.0037303589531480896
gradient_boosting,num__distance_to_karamursel_center_m,0.0037240721020757287
gradient_boosting,num__demo_age_65_plus_count,0.0036466537608069484
gradient_boosting,num__demo_age_65_plus,0.003490293099827913
gradient_boosting,num__distance_to_district_centroid_m,0.0032369505725316837
gradient_boosting,num__large_home_quality_x_m2,0.0031642688066824015
gradient_boosting,num__demo_atm_per_10k,0.0031336825443128106
gradient_boosting,num__detail_effect_front_sum,0.0030019152862925096
gradient_boosting,num__site_project_oof_price_level,0.0029882530592941366
gradient_boosting,num__distance_to_coast_x_site_inside,0.0028674583248247646
gradient_boosting,num__detail_effect_total_x_attr_quality,0.0027841013898823016
gradient_boosting,num__gross_m2,0.0027065085015815114
gradient_boosting,num__district_target_mean,0.002686930454946103
gradient_boosting,num__demo_workplace_density,0.002593568650763465
gradient_boosting,num__attr_effect_total_quality_bucket,0.002566377684613419
gradient_boosting,num__basiskele_detail_group_bucket_median,0.002546767772842388
gradient_boosting,num__distance_to_izmit_center_m,0.0025172243242249435
gradient_boosting,num__attr_old_building_x_no_elevator,0.00251034383606286
gradient_boosting,num__detail_effect_county_total_sum,0.002463656898841601
gradient_boosting,num__site_project_oof_residual_mean,0.002405290300436141
gradient_boosting,num__detail_effect_front_mean,0.0022758667031749164
gradient_boosting,num__detail_effect_total_sum,0.0021784196848943908
gradient_boosting,num__basiskele_district_premium_bucket_mean,0.0021523893270876593
gradient_boosting,num__attr_net_gross_ratio,0.0021294323669355515
gradient_boosting,num__district_room_rent_m2_count,0.002101687521472018
gradient_boosting,num__attr_heating_quality_score,0.0020782365354900614
gradient_boosting,num__distance_to_coast_x_view_sea,0.0020552419371445887
gradient_boosting,num__basiskele_premium_score,0.0020017483816220523
gradient_boosting,num__attr_amenity_score,0.0019465100733243989
gradient_boosting,num__lon,0.0018654015572165386
gradient_boosting,num__attr_quality_x_location_baseline,0.0018068669022234419
gradient_boosting,num__distance_to_county_centroid_m,0.0017903109504114902
gradient_boosting,num__distance_to_yuvacik_m,0.0017466972915044974
gradient_boosting,num__demo_car_per_capita,0.0017188049409907835
gradient_boosting,num__trend_count_sale,0.0017163568883944611
gradient_boosting,num__district_m2_group_rent_m2_count,0.001714064250662365
gradient_boosting,num__lat_centered_county,0.0016285502612544526
gradient_boosting,num__lon_centered_county,0.0016099603853371339
gradient_boosting,num__remaining_floors,0.0015949355852184356
gradient_boosting,num__bearing_from_district_centroid_sin,0.0015948539333655368
gradient_boosting,cat__heating_Kombi (Doğalgaz),0.001572274079915832
gradient_boosting,num__detail_effect_negative_count,0.0014846556987599996
gradient_boosting,num__distance_to_golcuk_center_m,0.0014710435769967035
gradient_boosting,num__detail_effect_used_count,0.00142124910746081
gradient_boosting,num__detail_effect_transport_mean,0.0014034991963063346
gradient_boosting,num__detail_effect_nearby_mean,0.0013885972245652402
gradient_boosting,num__distance_to_coast_x_large_home,0.0013263927429391397
gradient_boosting,num__attr_effect_heating_quality_bucket,0.0013046122815990697
gradient_boosting,num__distance_to_sahil_m,0.0012129989156978711
gradient_boosting,num__distance_to_basiskele_coast_m,0.001182455819925218
gradient_boosting,num__floor_ratio,0.00113221466956656
gradient_boosting,num__lat_centered_city,0.0011192363200780767
gradient_boosting,num__demo_age_15_24,0.0011147523199595034
gradient_boosting,num__detail_effect_total_abs_sum,0.0010818721720178102
gradient_boosting,num__lat,0.0010807019693779168
gradient_boosting,num__detail_effect_view_x_location_baseline,0.0010757846615929492
gradient_boosting,num__bearing_from_county_centroid_sin,0.001064629225776017
gradient_boosting,num__demo_density_vs_county,0.0010500780720472116
gradient_boosting,num__location_baseline_level_code,0.0010120287713645886
gradient_boosting,num__demo_young_ratio,0.0009924847456201633
gradient_boosting,num__detail_transport_count,0.0009420233987302897
gradient_boosting,num__detail_effect_view_sum,0.0009238483659616007
gradient_boosting,num__demo_age_55_64,0.0009191118809607862
gradient_boosting,num__attr_compact_home_x_quality,0.0009068810974427836
gradient_boosting,num__basiskele_premium_x_location_baseline,0.0008672363339569568
gradient_boosting,num__bearing_from_county_centroid_cos,0.0008492966371888639
gradient_boosting,num__distance_to_bahcecik_m,0.0008479103393482495
gradient_boosting,num__county_room_count_target_median,0.000843428718354951
gradient_boosting,num__net_gross_ratio,0.0008328758042105791
gradient_boosting,num__trend_sale_annual_change,0.0008103417337146587
gradient_boosting,num__detail_outside_count,0.0007930162652901903
gradient_boosting,num__district_rent_m2_median,0.0007811547163127446
gradient_boosting,num__location_baseline_count,0.0007543458086466662
gradient_boosting,num__demo_age_0_14,0.0007428628445008592
gradient_boosting,cat__geo_cluster_x_room_count_city_2||3+1,0.0007402852669658506
gradient_boosting,num__district_room_rent_m2_median,0.0007311575920357437
gradient_boosting,num__transport_score,0.0007166837406666505
gradient_boosting,num__demo_household_income_try,0.0007142338801538386
gradient_boosting,cat__detail_manzara_Deniz,0.0007090017841033682
gradient_boosting,num__attr_effect_site_inside,0.0007064159571468682
gradient_boosting,num__detail_selected_count,0.0006799175731659165
gradient_boosting,num__demo_household_size,0.0006766067225193534
gradient_boosting,num__detail_near_count,0.0006734337904380708
gradient_boosting,num__attr_quality_x_district_median,0.0006733074278635744
gradient_boosting,num__demo_vehicle_per_capita,0.0006575426353448796
gradient_boosting,num__demo_atm_count,0.0006377652709009876
gradient_boosting,num__demo_widow_ratio,0.000636661634614932
gradient_boosting,num__demo_pharmacy_per_10k,0.0006345493884803526
gradient_boosting,num__attr_is_old_building,0.0006277350764462807
gradient_boosting,num__district_m2_group_rent_m2_median,0.0006247072675172855
gradient_boosting,num__attr_floor_ratio,0.0006220319999583164
gradient_boosting,num__large_home_detail_premium_x_m2,0.000615969314981654
gradient_boosting,num__large_home_room_density,0.000576010841195187
gradient_boosting,num__detail_effect_district_total_sum,0.000575156357859872
gradient_boosting,cat__site_project_match_source_missing,0.0005704394013017045
gradient_boosting,num__demo_education_high_school_count,0.0005526690563143562
gradient_boosting,num__basiskele_premium_x_new_building,0.0005367824684004166
gradient_boosting,num__demo_ses_a_plus_count,0.0005261326598399664
gradient_boosting,num__demo_old_ratio_diff_county,0.0005202555110660301
gradient_boosting,num__demo_ses_a_plus_ratio,0.0005095338337380884
gradient_boosting,num__demo_ses_ab_diff_county,0.0005070644866551456
gradient_boosting,num__basiskele_district_premium_bucket_median,0.0005054341187693142
gradient_boosting,num__estimated_rent_m2_gross,0.000503023055524677
gradient_boosting,num__demo_household_income_vs_county,0.00048468725460388336
gradient_boosting,num__large_home_log_m2,0.00046089126263278363
gradient_boosting,num__large_home_net_gross_quality,0.00043247141254563847
gradient_boosting,num__bearing_from_district_centroid_cos,0.0004155899154951367
gradient_boosting,num__distance_to_kullar_m,0.00040808789840851204
gradient_boosting,cat__demo_dominant_age_group_35-39,0.00039182695938196717
gradient_boosting,num__district_rent_m2_iqr,0.0003519642313937275
gradient_boosting,num__floor_num,0.0003509515218947398
gradient_boosting,cat__heating_Merkezi,0.00034148032328823534
gradient_boosting,num__is_old_building,0.0003399113352131737
gradient_boosting,num__county_demo_household_size_mean,0.0003273589636542059
gradient_boosting,num__detail_inside_count,0.0003228905331377439
gradient_boosting,cat__furnished_Hayır,0.0003142871423128752
gradient_boosting,num__demo_ses_a_ratio,0.0003081974283495001
gradient_boosting,num__attr_new_building_x_site_inside,0.0003066831536074648
gradient_boosting,num__demo_residential_density,0.00030588089709928984
gradient_boosting,num__large_home_site_x_m2,0.0003043351869948254
gradient_boosting,num__trend_price_change_sale,0.00030340175349365014
gradient_boosting,num__site_project_oof_count,0.0002902721271064365
gradient_boosting,cat__m2_group_76-100,0.0002893505590067867
gradient_boosting,cat__site_project_match_source_site_name,0.00028304483991237303
gradient_boosting,num__detail_effect_nearby_sum,0.0002780288534248639
gradient_boosting,cat__floor_segment_Zemin/Giriş,0.00027470498956106684
gradient_boosting,num__basiskele_detail_inside_premium_signal,0.00026742821660992406
gradient_boosting,num__demo_middle_ratio,0.00026556128407562754
gradient_boosting,num__inside_quality_score,0.000261168221527034
gradient_boosting,num__demo_bank_count,0.0002587096665520837
gradient_boosting,num__lon_centered_city,0.0002578677828550551
gradient_boosting,num__basiskele_detail_total_premium_signal,0.00025422013599098626
gradient_boosting,cat__geo_cluster_city_city_10,0.00025275065736203123
gradient_boosting,num__large_home_m2_excess,0.00025060143280985115
gradient_boosting,cat__geo_cluster_county_Karamürsel_0,0.00024910335881700636
gradient_boosting,num__demo_population_female,0.0002444466730119022
gradient_boosting,num__outside_quality_score,0.00023270289135917237
gradient_boosting,num__demo_ses_cd_ratio,0.00022693937275671715
gradient_boosting,num__detail_effect_level_code,0.00020027045932073588
gradient_boosting,num__trend_rent_m2,0.00019971129077140369
gradient_boosting,num__trend_listing_period_sale,0.00018767969178143864
gradient_boosting,cat__detail_konut_tipi_En Üst Kat,0.00018337609723234114
gradient_boosting,num__nearby_score,0.0001824834124899199
gradient_boosting,num__distance_to_geo_cluster_center_m,0.00018238285093625001
gradient_boosting,num__demo_ses_cd_diff_county,0.00018182386629988102
gradient_boosting,cat__usage_status_Kiracılı,0.00017455092500261225
gradient_boosting,num__demo_age_45_54,0.00017366747376301964
gradient_boosting,num__demo_pharmacy_count,0.00016843240301440054
gradient_boosting,cat__detail_manzara_Boğaz|Deniz|Doğa|Park & Yeşil Alan|Şehir,0.00016365231022164394
gradient_boosting,cat__building_age_group_21-25 arası,0.00016086453897616642
gradient_boosting,num__basiskele_premium_x_district_target_median,0.0001591056105801098
gradient_boosting,cat__district_Kayacık Mh.,0.0001557221391999297
gradient_boosting,num__demo_single_ratio,0.0001533847511441471
gradient_boosting,cat__geo_cluster_x_room_count_city_5||3+1,0.00015150583497931195
gradient_boosting,cat__demo_dominant_age_group_30-34,0.00015002517184326152
gradient_boosting,num__detail_effect_transport_sum,0.0001449505106548744
gradient_boosting,num__view_score,0.00014474317679537358
gradient_boosting,cat__geo_cluster_county_İzmit_1,0.0001434255398673855
gradient_boosting,num__attr_floor_quality_score,0.0001381479887176029
gradient_boosting,num__demo_married_ratio,0.00013447752943479842
gradient_boosting,cat__building_age_group_0 (Oturuma Hazır),0.00013399092701153574
gradient_boosting,num__demo_workplace_count,0.00013310051141981856
gradient_boosting,cat__geo_cluster_x_room_count_city_7||3+1,0.00013113748199228872
gradient_boosting,num__rooms,0.00012974349531280966
gradient_boosting,num__demo_never_married_count,0.00012812450334196435
gradient_boosting,num__demo_age_55_64_count,0.000126800526615936
gradient_boosting,num__demo_ses_c_ratio,0.00012558823609667744
gradient_boosting,num__demo_age_25_34,0.0001251361178082934
gradient_boosting,num__demo_high_school_diff_county,0.000124866635900683
gradient_boosting,num__demo_residential_count,0.00012353180267279083
gradient_boosting,cat__geo_cluster_x_room_count_city_1||3+1,0.00012114136869158224
gradient_boosting,cat__building_age_group_6-10 arası,0.0001179541651253895
gradient_boosting,cat__detail_konut_tipi_Ara Kat,0.00011100301739395538
gradient_boosting,num__district_rent_m2_count,0.00011099609758849465
gradient_boosting,cat__floor_segment_Bahçe,0.00010876127537883563
gradient_boosting,num__attr_is_middle_floor,0.00010744796946678803
gradient_boosting,cat__floor_segment_Ara Kat,0.00010662182003271127
gradient_boosting,cat__building_age_group_0 (Yapım Aşamasında),0.00010544213628867076
gradient_boosting,num__detail_quality_score,9.716072296070291e-05
gradient_boosting,num__attr_compactness_score,9.338404022525825e-05
gradient_boosting,num__trend_count_rent,9.233663188374116e-05
gradient_boosting,num__accessibility_score,8.483757539637502e-05
gradient_boosting,num__attr_large_home_x_quality,7.939988577750968e-05
gradient_boosting,cat__heating_Yerden Isıtma,7.913925550732423e-05
gradient_boosting,num__is_middle_floor,7.89474633881771e-05
gradient_boosting,cat__site_project_x_county_izmit::other__izmit,7.303985215254218e-05
gradient_boosting,cat__usage_status_Boş,6.629733873448493e-05
gradient_boosting,num__demo_female_ratio,4.871144870531695e-05
gradient_boosting,num__basiskele_distance_to_coast_x_large_home,2.8215203630062773e-05
gradient_boosting,cat__site_inside_Hayır,2.2108929472405027e-05
gradient_boosting,num__open_area_m2,0.0
gradient_boosting,num__has_open_area,0.0
gradient_boosting,num__is_ground_floor,0.0
gradient_boosting,num__is_basement,0.0
gradient_boosting,num__is_top_floor,0.0
gradient_boosting,num__living_rooms,0.0
gradient_boosting,num__total_room_score,0.0
gradient_boosting,num__is_new_building,0.0
gradient_boosting,num__is_small_flat,0.0
gradient_boosting,num__is_large_flat,0.0
gradient_boosting,num__detail_front_count,0.0
gradient_boosting,num__detail_view_count,0.0
gradient_boosting,num__detail_subtype_count,0.0
gradient_boosting,num__front_score,0.0
gradient_boosting,num__site_security_score,0.0
gradient_boosting,num__district_rent_m2_mean,0.0
gradient_boosting,num__district_rent_m2_cv,0.0
gradient_boosting,num__county_rent_m2_median,0.0
gradient_boosting,num__county_rent_m2_mean,0.0
gradient_boosting,num__county_rent_m2_count,0.0
gradient_boosting,num__rent_feature_confidence,0.0
gradient_boosting,num__district_target_median,0.0
gradient_boosting,num__county_target_median,0.0
gradient_boosting,num__county_target_mean,0.0
gradient_boosting,num__demo_population_total,0.0
gradient_boosting,num__demo_population_male,0.0
gradient_boosting,num__demo_young_count,0.0
gradient_boosting,num__demo_middle_count,0.0
gradient_boosting,num__demo_old_count,0.0
gradient_boosting,num__demo_male_ratio,0.0
gradient_boosting,num__demo_married_count,0.0
gradient_boosting,num__demo_divorced_count,0.0
gradient_boosting,num__demo_widow_count,0.0
gradient_boosting,num__demo_age_35_44,0.0
gradient_boosting,num__demo_age_0_14_count,0.0
gradient_boosting,num__demo_age_15_24_count,0.0
gradient_boosting,num__demo_age_25_34_count,0.0
gradient_boosting,num__demo_age_35_44_count,0.0
gradient_boosting,num__demo_age_45_54_count,0.0
gradient_boosting,num__demo_education_total,0.0
gradient_boosting,num__demo_education_university_ratio,0.0
gradient_boosting,num__demo_education_university_count,0.0
gradient_boosting,num__demo_education_high_school_ratio,0.0
gradient_boosting,num__demo_education_middle_school_ratio,0.0
gradient_boosting,num__demo_education_middle_school_count,0.0
gradient_boosting,num__demo_education_primary_school_ratio,0.0
gradient_boosting,num__demo_education_primary_school_count,0.0
gradient_boosting,num__demo_education_primary_education_ratio,0.0
gradient_boosting,num__demo_education_graduate_ratio,0.0
gradient_boosting,num__demo_education_graduate_count,0.0
gradient_boosting,num__demo_education_doctorate_ratio,0.0
gradient_boosting,num__demo_education_doctorate_count,0.0
gradient_boosting,num__demo_education_non_literate_ratio,0.0
gradient_boosting,num__demo_education_unknown_ratio,0.0
gradient_boosting,num__demo_ses_a_count,0.0
gradient_boosting,num__demo_ses_b_count,0.0
gradient_boosting,num__demo_ses_c_count,0.0
gradient_boosting,num__demo_ses_d_count,0.0
gradient_boosting,num__demo_ses_b_ratio,0.0
gradient_boosting,num__demo_ses_d_ratio,0.0
gradient_boosting,num__demo_ses_ab_ratio,0.0
gradient_boosting,num__demo_household_count,0.0
gradient_boosting,num__demo_per_capita_income_try,0.0
gradient_boosting,num__demo_summer_house_count,0.0
gradient_boosting,num__demo_vehicle_count,0.0
gradient_boosting,num__demo_car_count,0.0
gradient_boosting,num__county_demo_population_total_sum,0.0
gradient_boosting,num__county_demo_population_density_median,0.0
gradient_boosting,num__county_demo_population_density_mean,0.0
gradient_boosting,num__county_demo_per_capita_income_median,0.0
gradient_boosting,num__county_demo_household_income_median,0.0
gradient_boosting,num__county_demo_education_university_ratio_mean,0.0
gradient_boosting,num__county_demo_education_high_school_ratio_mean,0.0
gradient_boosting,num__county_demo_ses_ab_ratio_mean,0.0
gradient_boosting,num__county_demo_ses_cd_ratio_mean,0.0
gradient_boosting,num__county_demo_old_ratio_mean,0.0
gradient_boosting,num__county_demo_young_ratio_mean,0.0
gradient_boosting,num__county_demo_married_ratio_mean,0.0
gradient_boosting,num__county_demo_single_ratio_mean,0.0
gradient_boosting,num__county_demo_residential_count_sum,0.0
gradient_boosting,num__county_demo_workplace_count_sum,0.0
gradient_boosting,num__county_demo_vehicle_count_sum,0.0
gradient_boosting,num__county_demo_car_count_sum,0.0
gradient_boosting,num__county_demo_atm_count_sum,0.0
gradient_boosting,num__county_demo_pharmacy_count_sum,0.0
gradient_boosting,num__county_demo_bank_count_sum,0.0
gradient_boosting,num__demo_income_vs_county,0.0
gradient_boosting,num__demo_university_diff_county,0.0
gradient_boosting,num__demo_young_ratio_diff_county,0.0
gradient_boosting,num__demo_bank_per_10k,0.0
gradient_boosting,num__demo_has_demographics,0.0
gradient_boosting,num__demo_has_county_demographics,0.0
gradient_boosting,num__demo_age_coverage,0.0
gradient_boosting,num__demo_education_coverage,0.0
gradient_boosting,num__demo_income_available,0.0
gradient_boosting,num__demo_ses_available,0.0
gradient_boosting,num__demo_market_activity_available,0.0
gradient_boosting,num__demo_infrastructure_available,0.0
gradient_boosting,num__demo_coverage_score,0.0
gradient_boosting,num__demo_real_estate_agent_count,0.0
gradient_boosting,num__demo_agent_listing_count,0.0
gradient_boosting,num__demo_owner_listing_count,0.0
gradient_boosting,num__demo_sale_count,0.0
gradient_boosting,num__demo_mortgage_count,0.0
gradient_boosting,num__demo_turnover_ratio,0.0
gradient_boosting,num__demo_computed_turnover_ratio,0.0
gradient_boosting,num__demo_listing_count_2024,0.0
gradient_boosting,num__demo_bb_sale_count_2024,0.0
gradient_boosting,num__demo_bb_mortgaged_sale_count_2024,0.0
gradient_boosting,num__county_demo_sale_count_sum,0.0
gradient_boosting,num__county_demo_turnover_ratio_median,0.0
gradient_boosting,num__demo_turnover_vs_county,0.0
gradient_boosting,num__demo_saving_total,0.0
gradient_boosting,num__demo_expense_total,0.0
gradient_boosting,num__demo_expense_food,0.0
gradient_boosting,num__demo_expense_shelter,0.0
gradient_boosting,num__demo_expense_transportation,0.0
gradient_boosting,num__demo_expense_education,0.0
gradient_boosting,num__demo_ecommerce_count,0.0
gradient_boosting,num__demo_ecommerce_density,0.0
gradient_boosting,num__demo_online_retail,0.0
gradient_boosting,num__attr_is_new_building,0.0
gradient_boosting,num__attr_is_young_building,0.0
gradient_boosting,num__attr_is_mid_age_building,0.0
gradient_boosting,num__attr_is_ground_or_below,0.0
gradient_boosting,num__attr_is_top_floor,0.0
gradient_boosting,num__attr_net_gross_good,0.0
gradient_boosting,num__attr_net_gross_bad,0.0
gradient_boosting,num__attr_has_elevator,0.0
gradient_boosting,num__attr_has_parking,0.0
gradient_boosting,num__attr_has_balcony,0.0
gradient_boosting,num__attr_is_furnished,0.0
gradient_boosting,num__attr_is_site_inside,0.0
gradient_boosting,num__attr_credit_eligible,0.0
gradient_boosting,num__attr_has_natural_gas_heating,0.0
gradient_boosting,num__attr_has_premium_heating,0.0
gradient_boosting,num__attr_has_poor_heating,0.0
gradient_boosting,num__attr_effect_parking,0.0
gradient_boosting,num__attr_county_new_building_premium,0.0
gradient_boosting,num__attr_county_old_building_discount,0.0
gradient_boosting,num__attr_county_elevator_premium,0.0
gradient_boosting,num__attr_county_site_inside_premium,0.0
gradient_boosting,num__attr_county_parking_premium,0.0
gradient_boosting,num__attr_county_good_heating_premium,0.0
gradient_boosting,num__attr_county_high_quality_premium,0.0
gradient_boosting,num__detail_effect_positive_count,0.0
gradient_boosting,num__large_home_basiskele_premium,0.0
gradient_boosting,num__basiskele_detail_outside_premium_signal,0.0
gradient_boosting,num__basiskele_detail_view_premium_signal,0.0
gradient_boosting,num__basiskele_detail_subtype_premium_signal,0.0
gradient_boosting,num__basiskele_has_pool_signal,0.0
gradient_boosting,num__basiskele_has_security_signal,0.0
gradient_boosting,num__basiskele_has_social_luxury_signal,0.0
gradient_boosting,num__basiskele_has_view_signal,0.0
gradient_boosting,num__basiskele_has_inside_luxury_signal,0.0
gradient_boosting,num__basiskele_site_premium_signal,0.0
gradient_boosting,num__basiskele_premium_bucket_low,0.0
gradient_boosting,num__basiskele_premium_bucket_mid,0.0
gradient_boosting,num__basiskele_premium_bucket_high,0.0
gradient_boosting,num__basiskele_premium_x_gross_m2,0.0
gradient_boosting,num__basiskele_premium_x_large_home,0.0
gradient_boosting,num__basiskele_premium_x_site_inside,0.0
gradient_boosting,num__basiskele_premium_x_detail_outside,0.0
gradient_boosting,num__basiskele_premium_x_detail_view,0.0
gradient_boosting,num__basiskele_district_premium_bucket_count,0.0
gradient_boosting,num__basiskele_premium_bucket_county_median,0.0
gradient_boosting,num__basiskele_premium_bucket_county_mean,0.0
gradient_boosting,num__basiskele_large_home_premium_bucket_median,0.0
gradient_boosting,num__has_lat_lon,0.0
gradient_boosting,num__location_precision_exact,0.0
gradient_boosting,num__location_precision_approx,0.0
gradient_boosting,num__location_precision_district_only,0.0
gradient_boosting,num__location_precision_missing,0.0
gradient_boosting,num__location_source_data_attr_map,0.0
gradient_boosting,num__location_backfill_ok,0.0
gradient_boosting,num__location_backfill_listing_removed,0.0
gradient_boosting,num__location_quality_score,0.0
gradient_boosting,num__is_coastal_500m,0.0
gradient_boosting,num__is_coastal_1000m,0.0
gradient_boosting,num__is_coastal_2000m,0.0
gradient_boosting,num__location_quality_x_detail_effect_total,0.0
gradient_boosting,num__basiskele_lat_lon_interaction,0.0
gradient_boosting,num__basiskele_distance_to_coast_x_quality,0.0
gradient_boosting,num__geo_context_missing,0.0
gradient_boosting,num__geo_context_has_exact_location,0.0
gradient_boosting,num__geo_context_has_approx_location,0.0
gradient_boosting,num__distance_to_sea_m,0.0
gradient_boosting,num__log_distance_to_sea,0.0
gradient_boosting,num__is_coastal_250m,0.0
gradient_boosting,num__coast_distance_bucket_code,0.0
gradient_boosting,num__coastal_access_score,0.0
gradient_boosting,num__bsk_distance_to_sea_x_view_sea,0.0
gradient_boosting,num__bsk_distance_to_sea_x_near_sea_zero,0.0
gradient_boosting,num__bsk_distance_to_sea_x_large_home,0.0
gradient_boosting,num__bsk_distance_to_sea_x_site_inside,0.0
gradient_boosting,num__bsk_distance_to_sea_x_quality,0.0
gradient_boosting,num__bsk_coastal_x_large_home,0.0
gradient_boosting,num__bsk_coastal_x_geo_cluster,0.0
gradient_boosting,num__bsk_coastal_x_room_4p1,0.0
gradient_boosting,num__has_site_project_id,0.0
gradient_boosting,num__site_project_listing_count,0.0
gradient_boosting,num__site_project_freq_bucket,0.0
gradient_boosting,num__site_project_known_premium_flag,0.0
gradient_boosting,num__site_project_county_frequency,0.0
gradient_boosting,num__county_site_project_count,0.0
gradient_boosting,num__site_project_oof_confidence,0.0
gradient_boosting,cat__real_estate_type_Satılık Daire,0.0
gradient_boosting,cat__real_estate_type_Satılık Müstakil Ev,0.0
gradient_boosting,cat__real_estate_type_Satılık Rezidans,0.0
gradient_boosting,cat__real_estate_type_Satılık Villa,0.0
gradient_boosting,cat__real_estate_type_Satılık Yazlık,0.0
gradient_boosting,cat__room_count_1+1,0.0
gradient_boosting,cat__room_count_1.5+1,0.0
gradient_boosting,cat__room_count_2+0,0.0
gradient_boosting,cat__room_count_2+1,0.0
gradient_boosting,cat__room_count_2+2,0.0
gradient_boosting,cat__room_count_2.5+1,0.0
gradient_boosting,cat__room_count_3+0,0.0
gradient_boosting,cat__room_count_3+1,0.0
gradient_boosting,cat__room_count_3+2,0.0
gradient_boosting,cat__room_count_3.5+1,0.0
gradient_boosting,cat__room_count_4+1,0.0
gradient_boosting,cat__room_count_4+2,0.0
gradient_boosting,cat__room_count_4.5+1,0.0
gradient_boosting,cat__room_count_4.5+2,0.0
gradient_boosting,cat__room_count_5+1,0.0
gradient_boosting,cat__room_count_5+2,0.0
gradient_boosting,cat__room_count_5.5+1,0.0
gradient_boosting,cat__room_count_6+1,0.0
gradient_boosting,cat__room_count_6+2,0.0
gradient_boosting,cat__room_count_6+3,0.0
gradient_boosting,cat__room_count_7+1,0.0
gradient_boosting,cat__room_count_Stüdyo (1+0),0.0
gradient_boosting,cat__floor_segment_Bodrum,0.0
gradient_boosting,cat__floor_segment_En Üst Kat,0.0
gradient_boosting,cat__floor_segment_missing,0.0
gradient_boosting,cat__floor_segment_Çatı,0.0
gradient_boosting,cat__heating_Doğalgaz Sobası,0.0
gradient_boosting,cat__heating_Kat Kaloriferi,0.0
gradient_boosting,cat__heating_Klima,0.0
gradient_boosting,cat__heating_Kombi (Elektrik),0.0
gradient_boosting,cat__heating_Merkezi (Pay Ölçer),0.0
gradient_boosting,cat__heating_Soba,0.0
gradient_boosting,cat__heating_VRV,0.0
gradient_boosting,cat__heating_Yok,0.0
gradient_boosting,cat__heating_missing,0.0
gradient_boosting,cat__kitchen_Açık (Amerikan),0.0
gradient_boosting,cat__kitchen_Belirtilmemiş,0.0
gradient_boosting,cat__kitchen_Kapalı,0.0
gradient_boosting,cat__balcony_Var,0.0
gradient_boosting,cat__balcony_Yok,0.0
gradient_boosting,cat__balcony_missing,0.0
gradient_boosting,cat__elevator_Belirtilmemiş,0.0
gradient_boosting,cat__elevator_Var,0.0
gradient_boosting,cat__elevator_Yok,0.0
gradient_boosting,cat__elevator_missing,0.0
gradient_boosting,cat__parking_Açık & Kapalı Otopark,0.0
gradient_boosting,cat__parking_Kapalı Otopark,0.0
gradient_boosting,cat__parking_Yok,0.0
gradient_boosting,cat__parking_missing,0.0
gradient_boosting,cat__furnished_Belirtilmemiş,0.0
gradient_boosting,cat__furnished_Evet,0.0
gradient_boosting,cat__furnished_missing,0.0
gradient_boosting,cat__usage_status_missing,0.0
gradient_boosting,cat__site_inside_Belirtilmemiş,0.0
gradient_boosting,cat__site_inside_Evet,0.0
gradient_boosting,cat__site_inside_missing,0.0
gradient_boosting,cat__credit_eligible_missing,0.0
gradient_boosting,cat__energy_certificate_missing,0.0
gradient_boosting,cat__deed_status_missing,0.0
gradient_boosting,cat__seller_type_missing,0.0
gradient_boosting,cat__barter_missing,0.0
gradient_boosting,cat__city_Kocaeli,0.0
gradient_boosting,cat__county_Başiskele,0.0
gradient_boosting,cat__county_Gölcük,0.0
gradient_boosting,cat__county_Karamürsel,0.0
gradient_boosting,cat__county_Kartepe,0.0
gradient_boosting,cat__county_İzmit,0.0
gradient_boosting,cat__district_28 Haziran Mah.,0.0
gradient_boosting,cat__district_4 Temmuz Mah.,0.0
gradient_boosting,cat__district_Acısu Mh.,0.0
gradient_boosting,cat__district_Akarca Mah.,0.0
gradient_boosting,cat__district_Akpınar Mh.,0.0
gradient_boosting,cat__district_Akçakoca Mh.,0.0
gradient_boosting,cat__district_Alikahya Atatürk Mh.,0.0
gradient_boosting,cat__district_Alikahya Cumhuriyet Mah.,0.0
gradient_boosting,cat__district_Alikahya Fatih Mah.,0.0
gradient_boosting,cat__district_Alikahya Merkez Mah.,0.0
gradient_boosting,cat__district_Altınkent Mh.,0.0
gradient_boosting,cat__district_Arslanbey Mh.,0.0
gradient_boosting,cat__district_Arızlı Mh.,0.0
gradient_boosting,cat__district_Ataevler Mh.,0.0
gradient_boosting,cat__district_Atakent Mah.,0.0
gradient_boosting,cat__district_Atatürk Mh.,0.0
gradient_boosting,cat__district_Ataşehir Mh.,0.0
gradient_boosting,cat__district_Avcıköy Mh.,0.0
gradient_boosting,cat__district_Ayazma Mah.,0.0
gradient_boosting,cat__district_Aydınkent Mh.,0.0
gradient_boosting,cat__district_Bahçecik Kılıçaslan Mh.,0.0
gradient_boosting,cat__district_Bahçecik Şehitekrem Mh.,0.0
gradient_boosting,cat__district_Barbaros Mah.,0.0
gradient_boosting,cat__district_Bekirdere Mah.,0.0
gradient_boosting,cat__district_Cedit Mah.,0.0
gradient_boosting,cat__district_Cumhuriyet Mah.,0.0
gradient_boosting,cat__district_Damlar Mah.,0.0
gradient_boosting,cat__district_Derbent Mh.,0.0
gradient_boosting,cat__district_Dereköy Mh.,0.0
gradient_boosting,cat__district_Değirmendere Merkez Mh.,0.0
gradient_boosting,cat__district_Değirmendere Yalı Mh.,0.0
gradient_boosting,cat__district_Donanma Mah.,0.0
gradient_boosting,cat__district_Doğan Mh.,0.0
gradient_boosting,cat__district_Dumlupınar Mh.,0.0
gradient_boosting,cat__district_Durhasan Mh.,0.0
gradient_boosting,cat__district_Döngel Mh.,0.0
gradient_boosting,cat__district_Düzağaç Mh.,0.0
gradient_boosting,cat__district_Emekevler Mh.,0.0
gradient_boosting,cat__district_Erenler Mah.,0.0
gradient_boosting,cat__district_Ereğli Mh.,0.0
gradient_boosting,cat__district_Ertuğrul Gazi Mh.,0.0
gradient_boosting,cat__district_Fatih Mah.,0.0
gradient_boosting,cat__district_Fatih Sultan Mehmet Mh.,0.0
gradient_boosting,cat__district_Fevzi Çakmak Mh.,0.0
gradient_boosting,cat__district_Gültepe Mh.,0.0
gradient_boosting,cat__district_Gündoğdu Mh.,0.0
gradient_boosting,cat__district_Hacıhasan Mh.,0.0
gradient_boosting,cat__district_Hacıhızır Mh.,0.0
gradient_boosting,cat__district_Halıdere Yalı Mh.,0.0
gradient_boosting,cat__district_Halıdere Yeni Mh.,0.0
gradient_boosting,cat__district_Hatipköy Mh.,0.0
gradient_boosting,cat__district_Havuzlubahçe Mh.,0.0
gradient_boosting,cat__district_Hisareyn Merkez Mah.,0.0
gradient_boosting,cat__district_Kabaoğlu Mh.,0.0
gradient_boosting,cat__district_Kadıköy Mh.,0.0
gradient_boosting,cat__district_Karabaş Mh.,0.0
gradient_boosting,cat__district_Karadenizliler Mah.,0.0
gradient_boosting,cat__district_Karaköprü Mh.,0.0
gradient_boosting,cat__district_Karşıyaka Mh.,0.0
gradient_boosting,cat__district_Kavaklı Mh.,0.0
gradient_boosting,cat__district_Kemalpaşa Mh.,0.0
gradient_boosting,cat__district_Kocatepe Mah.,0.0
gradient_boosting,cat__district_Kozluk Mah.,0.0
gradient_boosting,cat__district_Kullar Merkez Mh.,0.0
gradient_boosting,cat__district_Kullar Tepecik Mh.,0.0
gradient_boosting,cat__district_Kullar Yakacık Mh.,0.0
gradient_boosting,cat__district_Kuruçeşme Fatih Mh.,0.0
gradient_boosting,cat__district_Körfez Mh.,0.0
gradient_boosting,cat__district_Köseköy Mh.,0.0
gradient_boosting,cat__district_M. Alipaşa Mh.,0.0
gradient_boosting,cat__district_Mahmutpaşa Mh.,0.0
gradient_boosting,cat__district_Malta Mah.,0.0
gradient_boosting,cat__district_Maşukiye Mh.,0.0
gradient_boosting,cat__district_Merkez Mah.,0.0
gradient_boosting,cat__district_Orhan Mah.,0.0
gradient_boosting,cat__district_Paşadağ Mh.,0.0
gradient_boosting,cat__district_Piyalepaşa Mh.,0.0
gradient_boosting,cat__district_Rahmiye Mah.,0.0
gradient_boosting,cat__district_Sahil Mah.,0.0
gradient_boosting,cat__district_Sanayi Mah.,0.0
gradient_boosting,cat__district_Saraylı Mh.,0.0
gradient_boosting,cat__district_Sarımeşe Mh.,0.0
gradient_boosting,cat__district_Sekbanlı Mh.,0.0
gradient_boosting,cat__district_Sepetçi Mh.,0.0
gradient_boosting,cat__district_Serdar Mah.,0.0
gradient_boosting,cat__district_Seymen Mah.,0.0
gradient_boosting,cat__district_Tavşantepe Mh.,0.0
gradient_boosting,cat__district_Tepecik Mah.,0.0
gradient_boosting,cat__district_Tepecik Mh.,0.0
gradient_boosting,cat__district_Tepeköy Mh.,0.0
gradient_boosting,cat__district_Topçular Mh.,0.0
gradient_boosting,cat__district_Turgut Mah.,0.0
gradient_boosting,cat__district_Tüysüzler Mh.,0.0
gradient_boosting,cat__district_Ulaşlı Yalı Mh.,0.0
gradient_boosting,cat__district_Ulaşlı Yavuz Sultan Selim Mh.,0.0
gradient_boosting,cat__district_Uzuntarla Mh.,0.0
gradient_boosting,cat__district_Uzunçiftlik Mh.,0.0
gradient_boosting,cat__district_Veliahmet Mah.,0.0
gradient_boosting,cat__district_Vezirçiftliği Mh.,0.0
gradient_boosting,cat__district_Yahyakaptan Mah.,0.0
gradient_boosting,cat__district_Yalakdere Mh.,0.0
gradient_boosting,cat__district_Yaylacık Mh.,0.0
gradient_boosting,cat__district_Yazlık Merkez Mh.,0.0
gradient_boosting,cat__district_Yazlık Yeni Mh.,0.0
gradient_boosting,cat__district_Yeni Mah.,0.0
gradient_boosting,cat__district_Yenidoğan Mh.,0.0
gradient_boosting,cat__district_Yeniköy Merkez Mh.,0.0
gradient_boosting,cat__district_Yenişehir Mh.,0.0
gradient_boosting,cat__district_Yeşilkent Mh.,0.0
gradient_boosting,cat__district_Yeşilova Mh.,0.0
gradient_boosting,cat__district_Yeşilyurt Mh.,0.0
gradient_boosting,cat__district_Yukarı Mh.,0.0
gradient_boosting,cat__district_Yunus Emre Mah.,0.0
gradient_boosting,cat__district_Yuvacık Yakacık Mh.,0.0
gradient_boosting,cat__district_Yüzbaşılar Mh.,0.0
gradient_boosting,cat__district_Zabıtan Mh.,0.0
gradient_boosting,cat__district_Çayırköy Mh.,0.0
gradient_boosting,cat__district_Çepni Mh.,0.0
gradient_boosting,cat__district_Çiftlik Mh.,0.0
gradient_boosting,cat__district_Çukurbağ Mh.,0.0
gradient_boosting,cat__district_Ömerağa Mh.,0.0
gradient_boosting,cat__district_Örcün Mh.,0.0
gradient_boosting,cat__district_İbrikdere Mh.,0.0
gradient_boosting,cat__district_İhsaniye Merkez Mh.,0.0
gradient_boosting,cat__district_İpek Yolu Mh.,0.0
gradient_boosting,cat__district_İstasyon Mh.,0.0
gradient_boosting,cat__district_Şehitler Mh.,0.0
gradient_boosting,cat__district_Şevkatiye Mh.,0.0
gradient_boosting,cat__district_Şirinköy Mh.,0.0
gradient_boosting,cat__district_Şirintepe Mh.,0.0
gradient_boosting,cat__building_age_group_1,0.0
gradient_boosting,cat__building_age_group_11-15 arası,0.0
gradient_boosting,cat__building_age_group_16-20 arası,0.0
gradient_boosting,cat__building_age_group_2,0.0
gradient_boosting,cat__building_age_group_26-30 arası,0.0
gradient_boosting,cat__building_age_group_3,0.0
gradient_boosting,cat__building_age_group_31 ve üzeri,0.0
gradient_boosting,cat__building_age_group_4,0.0
gradient_boosting,cat__building_age_group_5,0.0
gradient_boosting,cat__building_age_group_missing,0.0
gradient_boosting,cat__m2_group_0-75,0.0
gradient_boosting,cat__m2_group_101-125,0.0
gradient_boosting,cat__m2_group_126-150,0.0
gradient_boosting,cat__m2_group_151-200,0.0
gradient_boosting,cat__m2_group_200+,0.0
gradient_boosting,cat__detail_cephe_Batı,0.0
gradient_boosting,cat__detail_cephe_Batı|Doğu,0.0
gradient_boosting,cat__detail_cephe_Batı|Doğu|Güney,0.0
gradient_boosting,cat__detail_cephe_Batı|Doğu|Güney|Kuzey,0.0
gradient_boosting,cat__detail_cephe_Batı|Doğu|Kuzey,0.0
gradient_boosting,cat__detail_cephe_Batı|Güney,0.0
gradient_boosting,cat__detail_cephe_Batı|Güney|Kuzey,0.0
gradient_boosting,cat__detail_cephe_Batı|Kuzey,0.0
gradient_boosting,cat__detail_cephe_Doğu,0.0
gradient_boosting,cat__detail_cephe_Doğu|Güney,0.0
gradient_boosting,cat__detail_cephe_Doğu|Güney|Kuzey,0.0
gradient_boosting,cat__detail_cephe_Doğu|Kuzey,0.0
gradient_boosting,cat__detail_cephe_Güney,0.0
gradient_boosting,cat__detail_cephe_Güney|Kuzey,0.0
gradient_boosting,cat__detail_cephe_Kuzey,0.0
gradient_boosting,cat__detail_cephe_missing,0.0
gradient_boosting,cat__detail_manzara_Boğaz|Deniz,0.0
gradient_boosting,cat__detail_manzara_Boğaz|Deniz|Doğa,0.0
gradient_boosting,cat__detail_manzara_Boğaz|Deniz|Doğa|Göl|Havuz|Nehir|Park & Yeşil Alan|Şehir,0.0
gradient_boosting,cat__detail_manzara_Boğaz|Deniz|Doğa|Göl|Park & Yeşil Alan|Şehir,0.0
gradient_boosting,cat__detail_manzara_Boğaz|Deniz|Doğa|Havuz|Park & Yeşil Alan|Şehir,0.0
gradient_boosting,cat__detail_manzara_Boğaz|Deniz|Doğa|Park & Yeşil Alan,0.0
gradient_boosting,cat__detail_manzara_Boğaz|Deniz|Doğa|Şehir,0.0
gradient_boosting,cat__detail_manzara_Boğaz|Deniz|Göl|Park & Yeşil Alan,0.0
gradient_boosting,cat__detail_manzara_Boğaz|Deniz|Park & Yeşil Alan,0.0
gradient_boosting,cat__detail_manzara_Boğaz|Deniz|Park & Yeşil Alan|Şehir,0.0
gradient_boosting,cat__detail_manzara_Boğaz|Deniz|Şehir,0.0
gradient_boosting,cat__detail_manzara_Boğaz|Doğa|Havuz|Park & Yeşil Alan,0.0
gradient_boosting,cat__detail_manzara_Boğaz|Doğa|Park & Yeşil Alan,0.0
gradient_boosting,cat__detail_manzara_Boğaz|Doğa|Park & Yeşil Alan|Şehir,0.0
gradient_boosting,cat__detail_manzara_Deniz|Doğa,0.0
gradient_boosting,cat__detail_manzara_Deniz|Doğa|Göl|Park & Yeşil Alan,0.0
gradient_boosting,cat__detail_manzara_Deniz|Doğa|Göl|Park & Yeşil Alan|Şehir,0.0
gradient_boosting,cat__detail_manzara_Deniz|Doğa|Havuz,0.0
gradient_boosting,cat__detail_manzara_Deniz|Doğa|Havuz|Park & Yeşil Alan,0.0
gradient_boosting,cat__detail_manzara_Deniz|Doğa|Havuz|Park & Yeşil Alan|Şehir,0.0
gradient_boosting,cat__detail_manzara_Deniz|Doğa|Havuz|Şehir,0.0
gradient_boosting,cat__detail_manzara_Deniz|Doğa|Nehir|Park & Yeşil Alan|Şehir,0.0
gradient_boosting,cat__detail_manzara_Deniz|Doğa|Park & Yeşil Alan,0.0
gradient_boosting,cat__detail_manzara_Deniz|Doğa|Park & Yeşil Alan|Şehir,0.0
gradient_boosting,cat__detail_manzara_Deniz|Doğa|Şehir,0.0
gradient_boosting,cat__detail_manzara_Deniz|Göl|Şehir,0.0
gradient_boosting,cat__detail_manzara_Deniz|Havuz,0.0
gradient_boosting,cat__detail_manzara_Deniz|Havuz|Park & Yeşil Alan,0.0
gradient_boosting,cat__detail_manzara_Deniz|Havuz|Park & Yeşil Alan|Şehir,0.0
gradient_boosting,cat__detail_manzara_Deniz|Havuz|Şehir,0.0
gradient_boosting,cat__detail_manzara_Deniz|Nehir|Park & Yeşil Alan,0.0
gradient_boosting,cat__detail_manzara_Deniz|Park & Yeşil Alan,0.0
gradient_boosting,cat__detail_manzara_Deniz|Park & Yeşil Alan|Şehir,0.0
gradient_boosting,cat__detail_manzara_Deniz|Şehir,0.0
gradient_boosting,cat__detail_manzara_Doğa,0.0
gradient_boosting,cat__detail_manzara_Doğa|Göl,0.0
gradient_boosting,cat__detail_manzara_Doğa|Göl|Havuz|Park & Yeşil Alan|Şehir,0.0
gradient_boosting,cat__detail_manzara_Doğa|Göl|Havuz|Şehir,0.0
gradient_boosting,cat__detail_manzara_Doğa|Göl|Park & Yeşil Alan,0.0
gradient_boosting,cat__detail_manzara_Doğa|Göl|Park & Yeşil Alan|Şehir,0.0
gradient_boosting,cat__detail_manzara_Doğa|Göl|Şehir,0.0
gradient_boosting,cat__detail_manzara_Doğa|Havuz,0.0
gradient_boosting,cat__detail_manzara_Doğa|Havuz|Park & Yeşil Alan,0.0
gradient_boosting,cat__detail_manzara_Doğa|Havuz|Park & Yeşil Alan|Şehir,0.0
gradient_boosting,cat__detail_manzara_Doğa|Havuz|Şehir,0.0
gradient_boosting,cat__detail_manzara_Doğa|Nehir|Park & Yeşil Alan,0.0
gradient_boosting,cat__detail_manzara_Doğa|Nehir|Park & Yeşil Alan|Şehir,0.0
gradient_boosting,cat__detail_manzara_Doğa|Park & Yeşil Alan,0.0
gradient_boosting,cat__detail_manzara_Doğa|Park & Yeşil Alan|Şehir,0.0
gradient_boosting,cat__detail_manzara_Doğa|Şehir,0.0
gradient_boosting,cat__detail_manzara_Göl,0.0
gradient_boosting,cat__detail_manzara_Göl|Havuz,0.0
gradient_boosting,cat__detail_manzara_Göl|Havuz|Park & Yeşil Alan,0.0
gradient_boosting,cat__detail_manzara_Göl|Park & Yeşil Alan,0.0
gradient_boosting,cat__detail_manzara_Göl|Park & Yeşil Alan|Şehir,0.0
gradient_boosting,cat__detail_manzara_Göl|Şehir,0.0
gradient_boosting,cat__detail_manzara_Havuz,0.0
gradient_boosting,cat__detail_manzara_Havuz|Park & Yeşil Alan,0.0
gradient_boosting,cat__detail_manzara_Havuz|Park & Yeşil Alan|Şehir,0.0
gradient_boosting,cat__detail_manzara_Havuz|Şehir,0.0
gradient_boosting,cat__detail_manzara_Park & Yeşil Alan,0.0
gradient_boosting,cat__detail_manzara_Park & Yeşil Alan|Şehir,0.0
gradient_boosting,cat__detail_manzara_missing,0.0
gradient_boosting,cat__detail_manzara_Şehir,0.0
gradient_boosting,cat__detail_konut_tipi_Ara Kat Dubleks,0.0
gradient_boosting,cat__detail_konut_tipi_Ara Kat|Ara Kat Dubleks,0.0
gradient_boosting,cat__detail_konut_tipi_Ara Kat|Bahçe Dubleksi,0.0
gradient_boosting,cat__detail_konut_tipi_Ara Kat|Bahçe Dubleksi|Çatı Dubleksi,0.0
gradient_boosting,cat__detail_konut_tipi_Ara Kat|Tripleks,0.0
gradient_boosting,cat__detail_konut_tipi_Ara Kat|Çatı Dubleksi,0.0
gradient_boosting,cat__detail_konut_tipi_Bahçe Dubleksi,0.0
gradient_boosting,cat__detail_konut_tipi_Bahçe Dubleksi|Ters Dubleks,0.0
gradient_boosting,cat__detail_konut_tipi_Bahçe Dubleksi|Tripleks,0.0
gradient_boosting,cat__detail_konut_tipi_Bahçe Dubleksi|Çatı Dubleksi,0.0
gradient_boosting,cat__detail_konut_tipi_Dubleks,0.0
gradient_boosting,cat__detail_konut_tipi_Dubleks|Ara Kat,0.0
gradient_boosting,cat__detail_konut_tipi_Dubleks|Ara Kat Dubleks,0.0
gradient_boosting,cat__detail_konut_tipi_Dubleks|Ara Kat Dubleks|Ters Dubleks,0.0
gradient_boosting,cat__detail_konut_tipi_Dubleks|Ara Kat|Ara Kat Dubleks,0.0
gradient_boosting,cat__detail_konut_tipi_Dubleks|Ara Kat|Ara Kat Dubleks|Bahçe Dubleksi,0.0
gradient_boosting,cat__detail_konut_tipi_Dubleks|Ara Kat|Ara Kat Dubleks|Bahçe Dubleksi|Ters Dubleks,0.0
gradient_boosting,cat__detail_konut_tipi_Dubleks|Ara Kat|Ara Kat Dubleks|Ters Dubleks,0.0
gradient_boosting,cat__detail_konut_tipi_Dubleks|Ara Kat|Bahçe Dubleksi,0.0
gradient_boosting,cat__detail_konut_tipi_Dubleks|Ara Kat|Bahçe Dubleksi|Ters Dubleks,0.0
gradient_boosting,cat__detail_konut_tipi_Dubleks|Ara Kat|Bahçe Dubleksi|Çatı Dubleksi|Ters Dubleks,0.0
gradient_boosting,cat__detail_konut_tipi_Dubleks|Ara Kat|Çatı Dubleksi,0.0
gradient_boosting,cat__detail_konut_tipi_Dubleks|Bahçe Dubleksi,0.0
gradient_boosting,cat__detail_konut_tipi_Dubleks|Bahçe Dubleksi|Ters Dubleks,0.0
gradient_boosting,cat__detail_konut_tipi_Dubleks|Bahçe Dubleksi|Çatı Dubleksi,0.0
gradient_boosting,cat__detail_konut_tipi_Dubleks|En Üst Kat,0.0
gradient_boosting,cat__detail_konut_tipi_Dubleks|En Üst Kat|Ara Kat,0.0
gradient_boosting,cat__detail_konut_tipi_Dubleks|En Üst Kat|Ara Kat Dubleks|Bahçe Dubleksi|Çatı Dubleksi|Forleks|Ters Dubleks|Tripleks,0.0
gradient_boosting,cat__detail_konut_tipi_Dubleks|En Üst Kat|Ara Kat Dubleks|Bahçe Dubleksi|Çatı Dubleksi|Ters Dubleks,0.0
gradient_boosting,cat__detail_konut_tipi_Dubleks|En Üst Kat|Ara Kat Dubleks|Çatı Dubleksi|Ters Dubleks,0.0
gradient_boosting,cat__detail_konut_tipi_Dubleks|En Üst Kat|Ara Kat Dubleks|Çatı Dubleksi|Ters Dubleks|Tripleks,0.0
gradient_boosting,cat__detail_konut_tipi_Dubleks|En Üst Kat|Ara Kat|Ara Kat Dubleks|Bahçe Dubleksi|Çatı Dubleksi|Forleks|Ters Dubleks,0.0
gradient_boosting,cat__detail_konut_tipi_Dubleks|En Üst Kat|Ara Kat|Ara Kat Dubleks|Bahçe Dubleksi|Çatı Dubleksi|Forleks|Ters Dubleks|Tripleks,0.0
gradient_boosting,cat__detail_konut_tipi_Dubleks|En Üst Kat|Ara Kat|Ara Kat Dubleks|Bahçe Dubleksi|Çatı Dubleksi|Ters Dubleks,0.0
gradient_boosting,cat__detail_konut_tipi_Dubleks|En Üst Kat|Ara Kat|Ara Kat Dubleks|Bahçe Dubleksi|Çatı Dubleksi|Ters Dubleks|Tripleks,0.0
gradient_boosting,cat__detail_konut_tipi_Dubleks|En Üst Kat|Ara Kat|Ara Kat Dubleks|Çatı Dubleksi,0.0
gradient_boosting,cat__detail_konut_tipi_Dubleks|En Üst Kat|Ara Kat|Ara Kat Dubleks|Çatı Dubleksi|Forleks|Ters Dubleks|Tripleks,0.0
gradient_boosting,cat__detail_konut_tipi_Dubleks|En Üst Kat|Ara Kat|Ara Kat Dubleks|Çatı Dubleksi|Ters Dubleks,0.0
gradient_boosting,cat__detail_konut_tipi_Dubleks|En Üst Kat|Ara Kat|Bahçe Dubleksi,0.0
gradient_boosting,cat__detail_konut_tipi_Dubleks|En Üst Kat|Ara Kat|Bahçe Dubleksi|Çatı Dubleksi,0.0
gradient_boosting,cat__detail_konut_tipi_Dubleks|En Üst Kat|Ara Kat|Çatı Dubleksi,0.0
gradient_boosting,cat__detail_konut_tipi_Dubleks|En Üst Kat|Ara Kat|Çatı Dubleksi|Ters Dubleks,0.0
gradient_boosting,cat__detail_konut_tipi_Dubleks|En Üst Kat|Ters Dubleks,0.0
gradient_boosting,cat__detail_konut_tipi_Dubleks|En Üst Kat|Çatı Dubleksi,0.0
gradient_boosting,cat__detail_konut_tipi_Dubleks|En Üst Kat|Çatı Dubleksi|Ters Dubleks,0.0
gradient_boosting,cat__detail_konut_tipi_Dubleks|Ters Dubleks,0.0
gradient_boosting,cat__detail_konut_tipi_Dubleks|Çatı Dubleksi,0.0
gradient_boosting,cat__detail_konut_tipi_En Üst Kat|Ara Kat,0.0
gradient_boosting,cat__detail_konut_tipi_En Üst Kat|Ara Kat Dubleks|Çatı Dubleksi,0.0
gradient_boosting,cat__detail_konut_tipi_En Üst Kat|Ara Kat|Bahçe Dubleksi,0.0
gradient_boosting,cat__detail_konut_tipi_En Üst Kat|Ara Kat|Çatı Dubleksi,0.0
gradient_boosting,cat__detail_konut_tipi_En Üst Kat|Tripleks,0.0
gradient_boosting,cat__detail_konut_tipi_En Üst Kat|Çatı Dubleksi,0.0
gradient_boosting,cat__detail_konut_tipi_Forleks,0.0
gradient_boosting,cat__detail_konut_tipi_Kat Dubleksi,0.0
gradient_boosting,cat__detail_konut_tipi_Ters Dubleks,0.0
gradient_boosting,cat__detail_konut_tipi_Tripleks,0.0
gradient_boosting,cat__detail_konut_tipi_missing,0.0
gradient_boosting,cat__detail_konut_tipi_Çatı Dubleksi,0.0
gradient_boosting,cat__detail_konut_tipi_Çatı Dubleksi|Ters Dubleks,0.0
gradient_boosting,cat__rent_feature_level_county,0.0
gradient_boosting,cat__rent_feature_level_district,0.0
gradient_boosting,cat__rent_feature_level_district_m2_group,0.0
gradient_boosting,cat__rent_feature_level_district_room,0.0
gradient_boosting,cat__demo_dominant_age_group_10-14,0.0
gradient_boosting,cat__demo_dominant_age_group_20-24,0.0
gradient_boosting,cat__demo_dominant_age_group_25-29,0.0
gradient_boosting,cat__demo_dominant_age_group_40-44,0.0
gradient_boosting,cat__demo_dominant_age_group_45-49,0.0
gradient_boosting,cat__demo_dominant_age_group_5-9,0.0
gradient_boosting,cat__demo_dominant_age_group_50-54,0.0
gradient_boosting,cat__demo_dominant_age_group_65+,0.0
gradient_boosting,cat__demo_dominant_age_group_missing,0.0
gradient_boosting,cat__demo_dominant_marital_status_Bekar,0.0
gradient_boosting,cat__demo_dominant_marital_status_Evli,0.0
gradient_boosting,cat__demo_dominant_marital_status_missing,0.0
gradient_boosting,cat__demo_dominant_education_Lisans,0.0
gradient_boosting,cat__demo_dominant_education_Lise,0.0
gradient_boosting,cat__demo_dominant_education_missing,0.0
gradient_boosting,cat__demo_dominant_education_İlkokul,0.0
gradient_boosting,cat__demo_ses_group_A Grubu,0.0
gradient_boosting,cat__demo_ses_group_B Grubu,0.0
gradient_boosting,cat__demo_ses_group_C Grubu,0.0
gradient_boosting,cat__demo_ses_group_missing,0.0
gradient_boosting,cat__location_precision_district_only,0.0
gradient_boosting,cat__location_precision_exact_map,0.0
gradient_boosting,cat__location_precision_missing,0.0
gradient_boosting,cat__location_source_data_attr_map,0.0
gradient_boosting,cat__location_source_district_text,0.0
gradient_boosting,cat__location_source_missing,0.0
gradient_boosting,cat__geo_cluster_city_city_0,0.0
gradient_boosting,cat__geo_cluster_city_city_1,0.0
gradient_boosting,cat__geo_cluster_city_city_11,0.0
gradient_boosting,cat__geo_cluster_city_city_2,0.0
gradient_boosting,cat__geo_cluster_city_city_3,0.0
gradient_boosting,cat__geo_cluster_city_city_4,0.0
gradient_boosting,cat__geo_cluster_city_city_5,0.0
gradient_boosting,cat__geo_cluster_city_city_6,0.0
gradient_boosting,cat__geo_cluster_city_city_7,0.0
gradient_boosting,cat__geo_cluster_city_city_8,0.0
gradient_boosting,cat__geo_cluster_city_city_9,0.0
gradient_boosting,cat__geo_cluster_city_missing,0.0
gradient_boosting,cat__geo_cluster_county_Başiskele_0,0.0
gradient_boosting,cat__geo_cluster_county_Başiskele_1,0.0
gradient_boosting,cat__geo_cluster_county_Başiskele_2,0.0
gradient_boosting,cat__geo_cluster_county_Başiskele_3,0.0
gradient_boosting,cat__geo_cluster_county_Başiskele_4,0.0
gradient_boosting,cat__geo_cluster_county_Başiskele_5,0.0
gradient_boosting,cat__geo_cluster_county_Gölcük_0,0.0
gradient_boosting,cat__geo_cluster_county_Gölcük_1,0.0
gradient_boosting,cat__geo_cluster_county_Gölcük_2,0.0
gradient_boosting,cat__geo_cluster_county_Gölcük_3,0.0
gradient_boosting,cat__geo_cluster_county_Karamürsel_1,0.0
gradient_boosting,cat__geo_cluster_county_Karamürsel_2,0.0
gradient_boosting,cat__geo_cluster_county_other,0.0
gradient_boosting,cat__geo_cluster_county_İzmit_0,0.0
gradient_boosting,cat__geo_cluster_county_İzmit_2,0.0
gradient_boosting,cat__geo_cluster_county_İzmit_3,0.0
gradient_boosting,cat__geo_cluster_county_İzmit_4,0.0
gradient_boosting,cat__geo_cluster_county_İzmit_5,0.0
gradient_boosting,cat__basiskele_geo_cluster_Başiskele_0,0.0
gradient_boosting,cat__basiskele_geo_cluster_Başiskele_1,0.0
gradient_boosting,cat__basiskele_geo_cluster_Başiskele_2,0.0
gradient_boosting,cat__basiskele_geo_cluster_Başiskele_3,0.0
gradient_boosting,cat__basiskele_geo_cluster_Başiskele_4,0.0
gradient_boosting,cat__basiskele_geo_cluster_Başiskele_5,0.0
gradient_boosting,cat__basiskele_geo_cluster_other,0.0
gradient_boosting,cat__coast_distance_bucket_0_500,0.0
gradient_boosting,cat__coast_distance_bucket_1000_3000,0.0
gradient_boosting,cat__coast_distance_bucket_3000_plus,0.0
gradient_boosting,cat__coast_distance_bucket_500_1000,0.0
gradient_boosting,cat__coast_distance_bucket_missing,0.0
gradient_boosting,cat__basiskele_geo_cluster_x_m2_group_Başiskele_0||0-75,0.0
gradient_boosting,cat__basiskele_geo_cluster_x_m2_group_Başiskele_0||101-125,0.0
gradient_boosting,cat__basiskele_geo_cluster_x_m2_group_Başiskele_0||126-150,0.0
gradient_boosting,cat__basiskele_geo_cluster_x_m2_group_Başiskele_0||151-200,0.0
gradient_boosting,cat__basiskele_geo_cluster_x_m2_group_Başiskele_0||200+,0.0
gradient_boosting,cat__basiskele_geo_cluster_x_m2_group_Başiskele_0||76-100,0.0
gradient_boosting,cat__basiskele_geo_cluster_x_m2_group_Başiskele_1||0-75,0.0
gradient_boosting,cat__basiskele_geo_cluster_x_m2_group_Başiskele_1||101-125,0.0
gradient_boosting,cat__basiskele_geo_cluster_x_m2_group_Başiskele_1||126-150,0.0
gradient_boosting,cat__basiskele_geo_cluster_x_m2_group_Başiskele_1||151-200,0.0
gradient_boosting,cat__basiskele_geo_cluster_x_m2_group_Başiskele_1||200+,0.0
gradient_boosting,cat__basiskele_geo_cluster_x_m2_group_Başiskele_1||76-100,0.0
gradient_boosting,cat__basiskele_geo_cluster_x_m2_group_Başiskele_2||0-75,0.0
gradient_boosting,cat__basiskele_geo_cluster_x_m2_group_Başiskele_2||101-125,0.0
gradient_boosting,cat__basiskele_geo_cluster_x_m2_group_Başiskele_2||126-150,0.0
gradient_boosting,cat__basiskele_geo_cluster_x_m2_group_Başiskele_2||151-200,0.0
gradient_boosting,cat__basiskele_geo_cluster_x_m2_group_Başiskele_2||200+,0.0
gradient_boosting,cat__basiskele_geo_cluster_x_m2_group_Başiskele_2||76-100,0.0
gradient_boosting,cat__basiskele_geo_cluster_x_m2_group_Başiskele_3||0-75,0.0
gradient_boosting,cat__basiskele_geo_cluster_x_m2_group_Başiskele_3||101-125,0.0
gradient_boosting,cat__basiskele_geo_cluster_x_m2_group_Başiskele_3||126-150,0.0
gradient_boosting,cat__basiskele_geo_cluster_x_m2_group_Başiskele_3||151-200,0.0
gradient_boosting,cat__basiskele_geo_cluster_x_m2_group_Başiskele_3||200+,0.0
gradient_boosting,cat__basiskele_geo_cluster_x_m2_group_Başiskele_3||76-100,0.0
gradient_boosting,cat__basiskele_geo_cluster_x_m2_group_Başiskele_4||0-75,0.0
gradient_boosting,cat__basiskele_geo_cluster_x_m2_group_Başiskele_4||101-125,0.0
gradient_boosting,cat__basiskele_geo_cluster_x_m2_group_Başiskele_4||126-150,0.0
gradient_boosting,cat__basiskele_geo_cluster_x_m2_group_Başiskele_4||151-200,0.0
gradient_boosting,cat__basiskele_geo_cluster_x_m2_group_Başiskele_4||200+,0.0
gradient_boosting,cat__basiskele_geo_cluster_x_m2_group_Başiskele_4||76-100,0.0
gradient_boosting,cat__basiskele_geo_cluster_x_m2_group_Başiskele_5||0-75,0.0
gradient_boosting,cat__basiskele_geo_cluster_x_m2_group_Başiskele_5||101-125,0.0
gradient_boosting,cat__basiskele_geo_cluster_x_m2_group_Başiskele_5||126-150,0.0
gradient_boosting,cat__basiskele_geo_cluster_x_m2_group_Başiskele_5||151-200,0.0
gradient_boosting,cat__basiskele_geo_cluster_x_m2_group_Başiskele_5||200+,0.0
gradient_boosting,cat__basiskele_geo_cluster_x_m2_group_Başiskele_5||76-100,0.0
gradient_boosting,cat__basiskele_geo_cluster_x_m2_group_other,0.0
gradient_boosting,cat__basiskele_geo_cluster_x_m2_group_other||0-75,0.0
gradient_boosting,cat__basiskele_geo_cluster_x_m2_group_other||101-125,0.0
gradient_boosting,cat__basiskele_geo_cluster_x_m2_group_other||126-150,0.0
gradient_boosting,cat__basiskele_geo_cluster_x_m2_group_other||151-200,0.0
gradient_boosting,cat__basiskele_geo_cluster_x_m2_group_other||200+,0.0
gradient_boosting,cat__basiskele_geo_cluster_x_m2_group_other||76-100,0.0
gradient_boosting,cat__geo_cluster_x_room_count_city_0||1+1,0.0
gradient_boosting,cat__geo_cluster_x_room_count_city_0||1.5+1,0.0
gradient_boosting,cat__geo_cluster_x_room_count_city_0||2+1,0.0
gradient_boosting,cat__geo_cluster_x_room_count_city_0||2.5+1,0.0
gradient_boosting,cat__geo_cluster_x_room_count_city_0||3+1,0.0
gradient_boosting,cat__geo_cluster_x_room_count_city_0||3+2,0.0
gradient_boosting,cat__geo_cluster_x_room_count_city_0||3.5+1,0.0
gradient_boosting,cat__geo_cluster_x_room_count_city_0||4+1,0.0
gradient_boosting,cat__geo_cluster_x_room_count_city_0||4+2,0.0
gradient_boosting,cat__geo_cluster_x_room_count_city_0||4.5+1,0.0
gradient_boosting,cat__geo_cluster_x_room_count_city_0||5+1,0.0
gradient_boosting,cat__geo_cluster_x_room_count_city_0||5+2,0.0
gradient_boosting,cat__geo_cluster_x_room_count_city_0||6+1,0.0
gradient_boosting,cat__geo_cluster_x_room_count_city_10||1+1,0.0
gradient_boosting,cat__geo_cluster_x_room_count_city_10||2+1,0.0
gradient_boosting,cat__geo_cluster_x_room_count_city_10||3+1,0.0
gradient_boosting,cat__geo_cluster_x_room_count_city_10||4+1,0.0
gradient_boosting,cat__geo_cluster_x_room_count_city_10||5+1,0.0
gradient_boosting,cat__geo_cluster_x_room_count_city_10||6+1,0.0
gradient_boosting,cat__geo_cluster_x_room_count_city_10||Stüdyo (1+0),0.0
gradient_boosting,cat__geo_cluster_x_room_count_city_11||2+1,0.0
gradient_boosting,cat__geo_cluster_x_room_count_city_11||3+1,0.0
gradient_boosting,cat__geo_cluster_x_room_count_city_11||4+1,0.0
gradient_boosting,cat__geo_cluster_x_room_count_city_1||1+1,0.0
gradient_boosting,cat__geo_cluster_x_room_count_city_1||1.5+1,0.0
gradient_boosting,cat__geo_cluster_x_room_count_city_1||2+1,0.0
gradient_boosting,cat__geo_cluster_x_room_count_city_1||3.5+1,0.0
gradient_boosting,cat__geo_cluster_x_room_count_city_1||4+1,0.0
gradient_boosting,cat__geo_cluster_x_room_count_city_1||4+2,0.0
gradient_boosting,cat__geo_cluster_x_room_count_city_1||4.5+1,0.0
gradient_boosting,cat__geo_cluster_x_room_count_city_1||5+1,0.0
gradient_boosting,cat__geo_cluster_x_room_count_city_1||5+2,0.0
gradient_boosting,cat__geo_cluster_x_room_count_city_1||5.5+1,0.0
gradient_boosting,cat__geo_cluster_x_room_count_city_2||1+1,0.0
gradient_boosting,cat__geo_cluster_x_room_count_city_2||2+1,0.0
gradient_boosting,cat__geo_cluster_x_room_count_city_2||2+2,0.0
gradient_boosting,cat__geo_cluster_x_room_count_city_2||2.5+1,0.0
gradient_boosting,cat__geo_cluster_x_room_count_city_2||3+2,0.0
gradient_boosting,cat__geo_cluster_x_room_count_city_2||3.5+1,0.0
gradient_boosting,cat__geo_cluster_x_room_count_city_2||4+1,0.0
gradient_boosting,cat__geo_cluster_x_room_count_city_2||4+2,0.0
gradient_boosting,cat__geo_cluster_x_room_count_city_2||4.5+1,0.0
gradient_boosting,cat__geo_cluster_x_room_count_city_2||4.5+2,0.0
gradient_boosting,cat__geo_cluster_x_room_count_city_2||5+1,0.0
gradient_boosting,cat__geo_cluster_x_room_count_city_2||5+2,0.0
gradient_boosting,cat__geo_cluster_x_room_count_city_2||5.5+1,0.0
gradient_boosting,cat__geo_cluster_x_room_count_city_2||6+1,0.0
gradient_boosting,cat__geo_cluster_x_room_count_city_2||6+2,0.0
gradient_boosting,cat__geo_cluster_x_room_count_city_3||1+1,0.0
gradient_boosting,cat__geo_cluster_x_room_count_city_3||2+1,0.0
gradient_boosting,cat__geo_cluster_x_room_count_city_3||2.5+1,0.0
gradient_boosting,cat__geo_cluster_x_room_count_city_3||3+0,0.0
gradient_boosting,cat__geo_cluster_x_room_count_city_3||3+1,0.0
gradient_boosting,cat__geo_cluster_x_room_count_city_3||3+2,0.0
gradient_boosting,cat__geo_cluster_x_room_count_city_3||3.5+1,0.0
gradient_boosting,cat__geo_cluster_x_room_count_city_3||4+1,0.0
gradient_boosting,cat__geo_cluster_x_room_count_city_3||4+2,0.0
gradient_boosting,cat__geo_cluster_x_room_count_city_3||5+1,0.0
gradient_boosting,cat__geo_cluster_x_room_count_city_3||5+2,0.0
gradient_boosting,cat__geo_cluster_x_room_count_city_3||6+1,0.0
gradient_boosting,cat__geo_cluster_x_room_count_city_3||6+3,0.0
gradient_boosting,cat__geo_cluster_x_room_count_city_3||Stüdyo (1+0),0.0
gradient_boosting,cat__geo_cluster_x_room_count_city_4||1+1,0.0
gradient_boosting,cat__geo_cluster_x_room_count_city_4||1.5+1,0.0
gradient_boosting,cat__geo_cluster_x_room_count_city_4||2+1,0.0
gradient_boosting,cat__geo_cluster_x_room_count_city_4||2+2,0.0
gradient_boosting,cat__geo_cluster_x_room_count_city_4||2.5+1,0.0
gradient_boosting,cat__geo_cluster_x_room_count_city_4||3+1,0.0
gradient_boosting,cat__geo_cluster_x_room_count_city_4||3+2,0.0
gradient_boosting,cat__geo_cluster_x_room_count_city_4||3.5+1,0.0
gradient_boosting,cat__geo_cluster_x_room_count_city_4||4+1,0.0
gradient_boosting,cat__geo_cluster_x_room_count_city_4||4+2,0.0
gradient_boosting,cat__geo_cluster_x_room_count_city_4||5+1,0.0
gradient_boosting,cat__geo_cluster_x_room_count_city_4||6+1,0.0
gradient_boosting,cat__geo_cluster_x_room_count_city_5||1+1,0.0
gradient_boosting,cat__geo_cluster_x_room_count_city_5||2+0,0.0
gradient_boosting,cat__geo_cluster_x_room_count_city_5||2+1,0.0
gradient_boosting,cat__geo_cluster_x_room_count_city_5||2.5+1,0.0
gradient_boosting,cat__geo_cluster_x_room_count_city_5||3.5+1,0.0
gradient_boosting,cat__geo_cluster_x_room_count_city_5||4+1,0.0
gradient_boosting,cat__geo_cluster_x_room_count_city_5||4+2,0.0
gradient_boosting,cat__geo_cluster_x_room_count_city_5||5+1,0.0
gradient_boosting,cat__geo_cluster_x_room_count_city_5||5+2,0.0
gradient_boosting,cat__geo_cluster_x_room_count_city_5||5.5+1,0.0
gradient_boosting,cat__geo_cluster_x_room_count_city_5||6+2,0.0
gradient_boosting,cat__geo_cluster_x_room_count_city_5||Stüdyo (1+0),0.0
gradient_boosting,cat__geo_cluster_x_room_count_city_6||1+1,0.0
gradient_boosting,cat__geo_cluster_x_room_count_city_6||2+1,0.0
gradient_boosting,cat__geo_cluster_x_room_count_city_6||2.5+1,0.0
gradient_boosting,cat__geo_cluster_x_room_count_city_6||3+1,0.0
gradient_boosting,cat__geo_cluster_x_room_count_city_6||3.5+1,0.0
gradient_boosting,cat__geo_cluster_x_room_count_city_6||4+1,0.0
gradient_boosting,cat__geo_cluster_x_room_count_city_6||5+1,0.0
gradient_boosting,cat__geo_cluster_x_room_count_city_7||1+1,0.0
gradient_boosting,cat__geo_cluster_x_room_count_city_7||1.5+1,0.0
gradient_boosting,cat__geo_cluster_x_room_count_city_7||2+1,0.0
gradient_boosting,cat__geo_cluster_x_room_count_city_7||2.5+1,0.0
gradient_boosting,cat__geo_cluster_x_room_count_city_7||3+2,0.0
gradient_boosting,cat__geo_cluster_x_room_count_city_7||3.5+1,0.0
gradient_boosting,cat__geo_cluster_x_room_count_city_7||4+1,0.0
gradient_boosting,cat__geo_cluster_x_room_count_city_7||4+2,0.0
gradient_boosting,cat__geo_cluster_x_room_count_city_7||5+1,0.0
gradient_boosting,cat__geo_cluster_x_room_count_city_8||1+1,0.0
gradient_boosting,cat__geo_cluster_x_room_count_city_8||2+1,0.0
gradient_boosting,cat__geo_cluster_x_room_count_city_8||2+2,0.0
gradient_boosting,cat__geo_cluster_x_room_count_city_8||2.5+1,0.0
gradient_boosting,cat__geo_cluster_x_room_count_city_8||3+1,0.0
gradient_boosting,cat__geo_cluster_x_room_count_city_8||4+1,0.0
gradient_boosting,cat__geo_cluster_x_room_count_city_8||4+2,0.0
gradient_boosting,cat__geo_cluster_x_room_count_city_8||4.5+1,0.0
gradient_boosting,cat__geo_cluster_x_room_count_city_8||5+1,0.0
gradient_boosting,cat__geo_cluster_x_room_count_city_8||5+2,0.0
gradient_boosting,cat__geo_cluster_x_room_count_city_8||6+1,0.0
gradient_boosting,cat__geo_cluster_x_room_count_city_9||1+1,0.0
gradient_boosting,cat__geo_cluster_x_room_count_city_9||1.5+1,0.0
gradient_boosting,cat__geo_cluster_x_room_count_city_9||2+1,0.0
gradient_boosting,cat__geo_cluster_x_room_count_city_9||3+1,0.0
gradient_boosting,cat__geo_cluster_x_room_count_city_9||4+1,0.0
gradient_boosting,cat__geo_cluster_x_room_count_city_9||5+1,0.0
gradient_boosting,cat__geo_cluster_x_room_count_city_9||5+2,0.0
gradient_boosting,cat__geo_cluster_x_room_count_city_9||Stüdyo (1+0),0.0
gradient_boosting,cat__geo_cluster_x_room_count_missing||1+1,0.0
gradient_boosting,cat__geo_cluster_x_room_count_missing||2+1,0.0
gradient_boosting,cat__geo_cluster_x_room_count_missing||2+2,0.0
gradient_boosting,cat__geo_cluster_x_room_count_missing||2.5+1,0.0
gradient_boosting,cat__geo_cluster_x_room_count_missing||3+0,0.0
gradient_boosting,cat__geo_cluster_x_room_count_missing||3+1,0.0
gradient_boosting,cat__geo_cluster_x_room_count_missing||3+2,0.0
gradient_boosting,cat__geo_cluster_x_room_count_missing||3.5+1,0.0
gradient_boosting,cat__geo_cluster_x_room_count_missing||4+1,0.0
gradient_boosting,cat__geo_cluster_x_room_count_missing||4+2,0.0
gradient_boosting,cat__geo_cluster_x_room_count_missing||4.5+1,0.0
gradient_boosting,cat__geo_cluster_x_room_count_missing||5+1,0.0
gradient_boosting,cat__geo_cluster_x_room_count_missing||7+1,0.0
gradient_boosting,cat__geo_cluster_x_room_count_missing||Stüdyo (1+0),0.0
gradient_boosting,cat__site_project_id_basiskele::alizepark_city,0.0
gradient_boosting,cat__site_project_id_basiskele::bahcekent_konutlari,0.0
gradient_boosting,cat__site_project_id_basiskele::evimiz_kocaeli,0.0
gradient_boosting,cat__site_project_id_basiskele::kirazli_kent,0.0
gradient_boosting,cat__site_project_id_basiskele::mamik_life,0.0
gradient_boosting,cat__site_project_id_basiskele::mamik_reform,0.0
gradient_boosting,cat__site_project_id_basiskele::orka_life,0.0
gradient_boosting,cat__site_project_id_basiskele::orka_life_2,0.0
gradient_boosting,cat__site_project_id_basiskele::other,0.0
gradient_boosting,cat__site_project_id_basiskele::ritim_vadi_evleri,0.0
gradient_boosting,cat__site_project_id_basiskele::royal_city_akkurt,0.0
gradient_boosting,cat__site_project_id_basiskele::royal_country,0.0
gradient_boosting,cat__site_project_id_basiskele::royal_life,0.0
gradient_boosting,cat__site_project_id_basiskele::ustgrup_mezire,0.0
gradient_boosting,cat__site_project_id_basiskele::ustpark_afraze,0.0
gradient_boosting,cat__site_project_id_basiskele::yakamoz_konutlari,0.0
gradient_boosting,cat__site_project_id_basiskele::yuvana_evleri,0.0
gradient_boosting,cat__site_project_id_basiskele::zeray_gunesi,0.0
gradient_boosting,cat__site_project_id_basiskele::zeray_korupark,0.0
gradient_boosting,cat__site_project_id_basiskele::zeray_perla,0.0
gradient_boosting,cat__site_project_id_basiskele::zeraykent_yuvacik,0.0
gradient_boosting,cat__site_project_id_golcuk::other,0.0
gradient_boosting,cat__site_project_id_golcuk::yakamoz_konutlari,0.0
gradient_boosting,cat__site_project_id_izmit::other,0.0
gradient_boosting,cat__site_project_id_karamursel::other,0.0
gradient_boosting,cat__site_project_id_kartepe::bahcekent_konutlari,0.0
gradient_boosting,cat__site_project_id_kartepe::other,0.0
gradient_boosting,cat__site_project_id_missing,0.0
gradient_boosting,cat__site_project_id_county_scoped_basiskele::alizepark_city,0.0
gradient_boosting,cat__site_project_id_county_scoped_basiskele::bahcekent_konutlari,0.0
gradient_boosting,cat__site_project_id_county_scoped_basiskele::evimiz_kocaeli,0.0
gradient_boosting,cat__site_project_id_county_scoped_basiskele::kirazli_kent,0.0
gradient_boosting,cat__site_project_id_county_scoped_basiskele::mamik_life,0.0
gradient_boosting,cat__site_project_id_county_scoped_basiskele::mamik_reform,0.0
gradient_boosting,cat__site_project_id_county_scoped_basiskele::orka_life,0.0
gradient_boosting,cat__site_project_id_county_scoped_basiskele::orka_life_2,0.0
gradient_boosting,cat__site_project_id_county_scoped_basiskele::other,0.0
gradient_boosting,cat__site_project_id_county_scoped_basiskele::ritim_vadi_evleri,0.0
gradient_boosting,cat__site_project_id_county_scoped_basiskele::royal_city_akkurt,0.0
gradient_boosting,cat__site_project_id_county_scoped_basiskele::royal_country,0.0
gradient_boosting,cat__site_project_id_county_scoped_basiskele::royal_life,0.0
gradient_boosting,cat__site_project_id_county_scoped_basiskele::ustgrup_mezire,0.0
gradient_boosting,cat__site_project_id_county_scoped_basiskele::ustpark_afraze,0.0
gradient_boosting,cat__site_project_id_county_scoped_basiskele::yakamoz_konutlari,0.0
gradient_boosting,cat__site_project_id_county_scoped_basiskele::yuvana_evleri,0.0
gradient_boosting,cat__site_project_id_county_scoped_basiskele::zeray_gunesi,0.0
gradient_boosting,cat__site_project_id_county_scoped_basiskele::zeray_korupark,0.0
gradient_boosting,cat__site_project_id_county_scoped_basiskele::zeray_perla,0.0
gradient_boosting,cat__site_project_id_county_scoped_basiskele::zeraykent_yuvacik,0.0
gradient_boosting,cat__site_project_id_county_scoped_golcuk::other,0.0
gradient_boosting,cat__site_project_id_county_scoped_golcuk::yakamoz_konutlari,0.0
gradient_boosting,cat__site_project_id_county_scoped_izmit::other,0.0
gradient_boosting,cat__site_project_id_county_scoped_karamursel::other,0.0
gradient_boosting,cat__site_project_id_county_scoped_kartepe::bahcekent_konutlari,0.0
gradient_boosting,cat__site_project_id_county_scoped_kartepe::other,0.0
gradient_boosting,cat__site_project_id_county_scoped_missing,0.0
gradient_boosting,cat__site_project_match_source_title,0.0
gradient_boosting,cat__site_project_x_county_basiskele::alizepark_city__basiskele,0.0
gradient_boosting,cat__site_project_x_county_basiskele::bahcekent_konutlari__basiskele,0.0
gradient_boosting,cat__site_project_x_county_basiskele::evimiz_kocaeli__basiskele,0.0
gradient_boosting,cat__site_project_x_county_basiskele::kirazli_kent__basiskele,0.0
gradient_boosting,cat__site_project_x_county_basiskele::mamik_life__basiskele,0.0
gradient_boosting,cat__site_project_x_county_basiskele::mamik_reform__basiskele,0.0
gradient_boosting,cat__site_project_x_county_basiskele::orka_life_2__basiskele,0.0
gradient_boosting,cat__site_project_x_county_basiskele::orka_life__basiskele,0.0
gradient_boosting,cat__site_project_x_county_basiskele::other__basiskele,0.0
gradient_boosting,cat__site_project_x_county_basiskele::ritim_vadi_evleri__basiskele,0.0
gradient_boosting,cat__site_project_x_county_basiskele::royal_city_akkurt__basiskele,0.0
gradient_boosting,cat__site_project_x_county_basiskele::royal_country__basiskele,0.0
gradient_boosting,cat__site_project_x_county_basiskele::royal_life__basiskele,0.0
gradient_boosting,cat__site_project_x_county_basiskele::ustgrup_mezire__basiskele,0.0
gradient_boosting,cat__site_project_x_county_basiskele::ustpark_afraze__basiskele,0.0
gradient_boosting,cat__site_project_x_county_basiskele::yakamoz_konutlari__basiskele,0.0
gradient_boosting,cat__site_project_x_county_basiskele::yuvana_evleri__basiskele,0.0
gradient_boosting,cat__site_project_x_county_basiskele::zeray_gunesi__basiskele,0.0
gradient_boosting,cat__site_project_x_county_basiskele::zeray_korupark__basiskele,0.0
gradient_boosting,cat__site_project_x_county_basiskele::zeray_perla__basiskele,0.0
gradient_boosting,cat__site_project_x_county_basiskele::zeraykent_yuvacik__basiskele,0.0
gradient_boosting,cat__site_project_x_county_golcuk::other__golcuk,0.0
gradient_boosting,cat__site_project_x_county_golcuk::yakamoz_konutlari__golcuk,0.0
gradient_boosting,cat__site_project_x_county_karamursel::other__karamursel,0.0
gradient_boosting,cat__site_project_x_county_kartepe::bahcekent_konutlari__kartepe,0.0
gradient_boosting,cat__site_project_x_county_kartepe::other__kartepe,0.0
gradient_boosting,cat__site_project_x_county_missing__basiskele,0.0
gradient_boosting,cat__site_project_x_county_missing__golcuk,0.0
gradient_boosting,cat__site_project_x_county_missing__izmit,0.0
gradient_boosting,cat__site_project_x_county_missing__karamursel,0.0
gradient_boosting,cat__site_project_x_county_missing__kartepe,0.0
