county,n,mape,mae,mean_bias,r2
Başiskele,919,0.10664332382984791,4389.025439772377,-374.49735891789106,0.49643673742343186
