county,n,mape,mae,mean_bias,r2
Başiskele,919,0.10590288879582925,4361.386181626814,-400.2932451153544,0.5008902193509002
