county,n,mape,mae,mean_bias,r2
Başiskele,919,0.10965835353426871,4522.485094269292,-439.5160064972817,0.4707686238439077
