county,n,mape,mae,mean_bias,r2
Başiskele,919,0.10955466510553401,4522.663967283679,-478.5195939568363,0.4689752145946947
