district,sale_pred_old,sale_pred_new,sale_diff_tl_m2,sale_diff_pct,warning
missing,184805.05759215678,167718.49848408272,-17086.559108074056,-0.09245720507163879,
