rows,r2,log_r2,mape,median_ape,mae_tl_per_m2,median_ae_tl_per_m2,slice
283,0.3875755987097771,0.40597173370839035,0.11755617246141382,0.09189305970932787,4884.999563434606,3629.4171007373443,all_rows
282,0.3856322107978142,0.4049395677494616,0.1168511255439712,0.09149891674470194,4871.1891773536945,3625.6837279503998,score_lt_25
283,0.3875755987097771,0.40597173370839035,0.11755617246141382,0.09189305970932787,4884.999563434606,3629.4171007373443,score_lt_45
