is_large_home,n,mape,mae,mean_actual,mean_pred
0,205,0.11347965448399087,4875.498642930999,42328.824,41646.735827288256
1,78,0.12827009791489732,4909.969931424853,38712.0582051282,39746.69420201376
