county,n,mape,mae,mean_bias,r2
Başiskele,283,0.11755617246141382,4884.999563434606,-208.92744752238298,0.3875755987097771
