county,rows,r2,log_r2,mape,median_ape,mae_tl_per_m2,median_ae_tl_per_m2
Başiskele,283,0.3875755987097771,0.40597173370839035,0.11755617246141382,0.09189305970932787,4884.999563434606,3629.4171007373443
