county,n_tests,mean_abs_diff_tl_m2,mean_abs_diff_pct,pass_rate
Başiskele,8,2561.3003479543586,0.07088518231593201,1.0
Gölcük,8,1215.7896117856617,0.05256506491367485,0.75
Karamürsel,8,1215.7896117856617,0.05256506491367485,0.75
İzmit,8,1215.7896117856617,0.05256506491367485,0.75
