district,sale_pred_old,sale_pred_new,sale_diff_tl_m2,sale_diff_pct,warning
missing,25153.250769732178,22412.77085398761,-2740.479915744567,-0.10895132167339126,
