rows,r2,log_r2,mape,median_ape,mae_tl_per_m2,median_ae_tl_per_m2,model
283,0.3300307904902475,0.31648725819598256,0.12510718099904908,0.09877429931366118,5175.475883413055,4077.860068383743,ridge
283,0.2655268611396877,0.28678369969557627,0.1285982139340499,0.10637573108188726,5347.443450145948,4031.299840159765,extra_trees
283,0.24282578322953596,0.25971233595640775,0.1302660334579418,0.10238796484432391,5428.843346673829,4308.508718561978,gradient_boosting
283,0.21940927140189703,0.235164077056788,0.13271510090104885,0.10962852248413701,5512.726308558082,4183.263602855477,random_forest
