segment,rows,r2,log_r2,mape,median_ape,mae_tl_per_m2,median_ae_tl_per_m2,model
mainstream_home,185,0.25338406859747264,0.2870501002902701,0.11486891629977172,0.0924968095064465,4830.49525335072,3689.000071912451,ridge
mainstream_home,185,0.15903590535311685,0.19551841968473882,0.12248950397978334,0.10536286615831321,5177.3446259357925,4052.276430004087,gradient_boosting
mainstream_home,185,0.13434002409626944,0.17590208635993076,0.12356206729326993,0.10364827443462046,5229.718223548627,3840.1743453594427,random_forest
mainstream_home,185,0.10514509563850893,0.14263521187778794,0.12781011006546672,0.10723356750825393,5392.8124980848115,4321.800774949152,extra_trees
