county,n,mape,mae,mean_bias,r2
Başiskele,919,0.10652140867431809,4386.99280814722,-461.1965424475502,0.49973996878351934
