district,sale_pred_old,sale_pred_new,sale_diff_tl_m2,sale_diff_pct,warning
missing,26388.279607937475,34412.16124098658,8023.881633049103,0.304069903467127,
