detail_konut_tipi_raw,title_raw,duplex_type,is_duplex,is_roof_duplex,is_garden_duplex,is_middle_floor_duplex,is_standard_duplex,duplex_match_source,duplex_source_conflict,extraction_notes,classified_id
Ara Kat,İZMİT YILDIZ KONUTLARINDA ARAKAT SATILIK 2+1,none,0,0,0,0,0,none,0,,1304343046
,ANA CADDE ÜSTÜNDE,none,0,0,0,0,0,none,0,,1219924161
Ara Kat,İZMİT MERKEZ MARS AVM YANI HAVUZLU SİTE İÇİ 3+1 ARA KAT,none,0,0,0,0,0,none,0,,1318219964
Ara Kat,ARAÇ TAKASI DÜŞÜNÜLÜR SAHİBNDN ARAKAT GÜNEYCEPHESİ ORMANMANZARAL,none,0,0,0,0,0,none,0,,1312298351
Ara Kat,END'DEN İZMİT Y.AKARCA KONUTLARINDA SATILIK 3+1 DAİRE,none,0,0,0,0,0,none,0,,1295065556
Ara Kat,İzmit Satılık 1+1 Daire - Myra-3 Sitesi Otogar Yakını,none,0,0,0,0,0,none,0,,1303405939
,AÇIKLAMAYI OKU!!!KENTKONUT AKARCA EVLERİ'NDE ARA KAT DAİRE,none,0,0,0,0,0,none,0,,1314821294
Ara Kat,EVEDİN YENİ PROJE TERRACE SUITE 1+1 70 M2 DAİRE,none,0,0,0,0,0,none,0,,1317974409
En Üst Kat,İZMİT YUVAM AKARCA'DA ORMAN MANZARALI 3+1 SATILIK DAİRE,none,0,0,0,0,0,none,0,,1290676348
En Üst Kat,YUVAM AKARCA TEMİZ 3+1 SATILIK DAİRE,none,0,0,0,0,0,none,0,,1305720102
,TANYILDIZ'DAN TERRACE YAHYAKAPTAN SİTESİNDE 3+1 ARAKAT DAİRE,none,0,0,0,0,0,none,0,,1311192742
,YUVAM AKARCA A2 BLOKLARDA SATILIK DAİRE,none,0,0,0,0,0,none,0,,1305429064
,MERKEZ EMLAKDAN JASMIN COUNTRY SATILIK 3+1 ARAKAT DAİRE,none,0,0,0,0,0,none,0,,1296805145
Ara Kat,RE/MAX Effectten Yuvam Akarcada Tramvay Durağı Yanında 3+1,none,0,0,0,0,0,none,0,,1305011889
Ara Kat,REMAX EFFECT DEN İZMİT YILDIZ KONUTLARINDA SATILIK 4+1 DAİRE,none,0,0,0,0,0,none,0,,1304110086
En Üst Kat,İzmit Kavanium 819. Adada Satılık 1+1 | Kiraya Vermeye Hazır,none,0,0,0,0,0,none,0,,1308719952
Ara Kat,ASAYRADAN İZMİT YILDIZ KONUTLARINDA GENİŞ 3+1 SATILIK DAİRE,none,0,0,0,0,0,none,0,,1314099986
,İzmit kavaniumda 3+1 satılık daire,none,0,0,0,0,0,none,0,,1308463408
Ara Kat,SAHIBINDEN Yildiz Konutlari Kısa Bloklarda/ Büyük Tip 2+1,none,0,0,0,0,0,none,0,,1288006624
Çatı Dubleksi,Kocaeli İzmit Şehir Hastanesi Bölgesi Satılık Daire,roof,1,1,0,0,0,detail,0,,1298263150
Ara Kat,BOĞAZOVA ARMONİA REZİDANS'TA SATILIK 1+0 ARA KAT DAİRE,none,0,0,0,0,0,none,0,,1303704692
Ara Kat,"ASAYRA EMLAK'TAN GÜNDOĞDU, YESİLOVADA 3+1 SATILIK ARAKAT",none,0,0,0,0,0,none,0,,1299869337
Ara Kat,BOĞAZOVA CADDESİNE ÇOK YAKIN KONUMDA SATILIK 3+1 ARAKAT DAİRE,none,0,0,0,0,0,none,0,,1317524420
,YEŞILOVA BOĞAZOVADA ASANSÖRLÜ 3+1 ARAKAT,none,0,0,0,0,0,none,0,,1314420319
Bahçe Dubleksi,Kavanya Koru Sitesinin En İyi Daire,garden,1,0,1,0,0,detail,0,,1318879644
En Üst Kat,İzmit TOKİ'de Manzaralı Satılık 2+1 Daire (Kiracılı),none,0,0,0,0,0,none,0,,1298255247
Ara Kat,Kavanya Koru Projesi 2+1 Satılık Daire,none,0,0,0,0,0,none,0,,1312911153
,Sahibinden satılık arakat güney cephe,none,0,0,0,0,0,none,0,,1312809777
En Üst Kat,Sekbanlı TOKİ de doğayla iç içe,none,0,0,0,0,0,none,0,,1318360640
Ara Kat Dubleks,SEPETÇI TOKİ KONUTLARI'NDA 2 + 1 GÖL MANZARALI SATILIK DAİRE,middle_floor,1,0,0,1,0,detail,0,,1309509711
Ara Kat,SEPETÇİ TOKİ MAHALLESİNDE 2+1 İÇİ YAPILI TEK KURUŞ MASRAFSIZ,none,0,0,0,0,0,none,0,,1309463445
,KARLIKAYA'DAN TURKUAZ'DA MANZARALI KİRACILI SÜPER FIRSAT DAİRE,none,0,0,0,0,0,none,0,,1290141910
Ara Kat,KOCAELİ İZMİT ÇAYIRKÖY GÖLKENT YATIRIMLIK TAKASLI SATILIK DAİRE,none,0,0,0,0,0,none,0,,1314578330
Çatı Dubleksi,İZMİT KAVANYA KORU SİTESİNDE GÖL VE DOĞA MANZARALI 3+1 DAİRE,roof,1,1,0,0,0,detail,0,,1304801529
Ara Kat,İZMİT SEPETÇİ TOKİ KONUTLARI 3+1 ARAKAT DAİRE,none,0,0,0,0,0,none,0,,1304815647
Bahçe Dubleksi,İzmit Çayırköy Satılık Site İçi 2+1 Daire,garden,1,0,1,0,0,detail,0,,1310062907
En Üst Kat,NETA GAYRİMENKUL'DEN İZMİT MERKEZE YÜRÜME MESAFESİNDE 1+1,none,0,0,0,0,0,none,0,,1314666105
Ara Kat,İZMİT ÇAYIRKÖY KAVAN KORU SİTESİ SATILIK 2+1 ARA KAT DAİRE,none,0,0,0,0,0,none,0,,1291117419
Ara Kat,SEMT KOCAELİ DENİZ VE ŞEHİR MANZARALI GÜNEY BÜYÜK 3+1 ARAKAT,none,0,0,0,0,0,none,0,,1081715161
,KAVANYA KORU SİTESİNDE DENİZ MANZARALI 3+1 SATILIK DAİRE,none,0,0,0,0,0,none,0,,1314285335
Ara Kat,INVEST GLOBAL'DEN KAVANYA KORU'DAN 3+1 SATILIK DAİRE,none,0,0,0,0,0,none,0,,1305165416
,REMAX DREAM'DEN KABAOĞLU LEDACİTY'DE SATILIK 3+1 DAİRE,none,0,0,0,0,0,none,0,,1289363480
Ara Kat,RE/MAX MİR'DEN KURUÇEŞME'DE 2+1 ARAKAT DAİRE,none,0,0,0,0,0,none,0,,1301493332
Ara Kat,İZMİT SEA LİFE 41 SİTESİ'NDE SATILIK DENİZ MANZARALI ARAKAT,none,0,0,0,0,0,none,0,,1313035574
Ara Kat,MR DEN KURUÇEŞME HATİPKÖYDE SİTE İÇERİSİNDE SATILIK 2+1 DAİRE,none,0,0,0,0,0,none,0,,1312437030
,TUANA EMLAK TAN KURUÇEŞME DE 3+1 SATILIK DAİRE,none,0,0,0,0,0,none,0,,1296727422
Ara Kat,"Merkezi Konumda, Site İçerisinde Konforlu Yaşam Fırsatı!",none,0,0,0,0,0,none,0,,1316578255
Ara Kat,İZMİT PLAJYOLUNDA DENİZ MANZARALI 3+1 DAİRE,none,0,0,0,0,0,none,0,,1283265879
Ara Kat,İzmit Yeni Mh. Deniz Manzaralı Satılık 3+1 Daire,none,0,0,0,0,0,none,0,,1314902082
Ara Kat,PLAJYOLU SEALİFE 41 ARAKAT(2+1) SAHİBİNDEN !!!,none,0,0,0,0,0,none,0,,1317683378
Ara Kat,PLAJYOLU'NDA SATILIK ARAKAR DENİZ MANZARALI SIFIR DAİRE,none,0,0,0,0,0,none,0,,1295338305
,"RE/MAX NEPTÜN'DEN PLAJ YOLU BOZDAĞ SİTESİNDE 4+1,5 SATILIK DAİRE",none,0,0,0,0,0,none,0,,1317425635
Ara Kat,İZMİT PLAJYOLU'NDA ÖZENLE YENİLENMİŞ ARA KAT 3+1 SATILIK DAİRE,none,0,0,0,0,0,none,0,,1316857005
Ara Kat,KOCAELİ KURUÇEŞME İÇİ YENİLENMİŞ SATILIK 3+1 DAİRE,none,0,0,0,0,0,none,0,,1316693618
,RE/MAX NEPTÜN'DEN PLAJ YOLU BOZDAĞ SİTESİNDE 3+1 SATILIK DAİRE,none,0,0,0,0,0,none,0,,1314091631
,bozdemir'DEN ŞİRİNTEPE ÖĞRETMENLER SİTESİNDE SATILIK 2+1 DAİRE,none,0,0,0,0,0,none,0,,1310323572
Ara Kat,HATİPKÖY MAHALLESİ'NDE 2+1 TEMİZ DAİRE.,none,0,0,0,0,0,none,0,,1315831875
Bahçe Dubleksi,Kuruçeşme Hatipköyde 146 m² Ultra Lüks 4+1 Sıfır Daire,garden,1,0,1,0,0,detail,0,,1316342530
Ara Kat,TANYILDIZ-İZMİT/ŞİRİNTEPE DENİZ MANZARA SATILIK 3+1 YAPILI DAİRE,none,0,0,0,0,0,none,0,,1263108294
Ara Kat,PROJE GALERİ'den DENİZ MANZARALI ASANSÖRLÜ ARAKAT FIRSATI!,none,0,0,0,0,0,none,0,,1314743718
,İZMİT / PLAJ YOLU HARİKA 4+1 DAİRE,none,0,0,0,0,0,none,0,,1308175026
Ara Kat,PLAJYOLU SİTE İÇİNDE ÇOK GÜZEL KONUMDA ARAKAT SATILIK 3+1 DAİRE,none,0,0,0,0,0,none,0,,1307111273
Ara Kat,SINIRSIZ KREDLİ MERKEZİ KONUMDAKİ 3+1 ARAKAT DAİREMİZ SATIŞTA,none,0,0,0,0,0,none,0,,1307601514
Çatı Dubleksi,İZMİT BAĞÇEŞMEDE 3+1 YÜKSEK KREDİYE UYGUN SATILIK DAİRE,roof,1,1,0,0,0,detail,0,,1316230877
Çatı Dubleksi,CB Envoy'dan Erenler Mahallesinde Manzaralı 4+1 Satılık Daire,roof,1,1,0,0,0,detail,0,,1316034790
Ara Kat,"ERENLER CEDİT B3 BLOKTA, ARAKAT, FERAH,GÜVENLİKLİ SİTE 3+1 DAİRE",none,0,0,0,0,0,none,0,,1305875808
Ara Kat,MASTER REALTOR'DEN KENT KONUT 3'TE SATILIK ARAKAT DAİRE.,none,0,0,0,0,0,none,0,,1315397947
Ara Kat,TAMAMI KREDİYE UYGUN KENT KONUT 5.ETAP SATILIK 2+1 ARA KAT DAİRE,none,0,0,0,0,0,none,0,,1303707032
Ters Dubleks,KOCAELİ YEŞİLOVA ŞEHİR HAST.KARŞISINDA 2+1 SATILIK DAİRE,standard,1,0,0,0,1,detail,0,,1274860299
Ara Kat,Dünya Bankası Satılık,none,0,0,0,0,0,none,0,,1317871209
Ara Kat,İzmit Kent Konutları'nda Satılık 2+1 Yapılı Daire,none,0,0,0,0,0,none,0,,1307700093
En Üst Kat,BAĞÇEŞME BAĞTEPE SİTESİ DENİZ&DOĞA MANZARALI 3+1 SATILIK DAİRE,none,0,0,0,0,0,none,0,,1303280915
,KOCAELİ İZMİT 28 HAZİRAN MH 2+1 75m2,none,0,0,0,0,0,none,0,,1297686425
Ara Kat,YEŞİLOVA TADU CONCEPT RESIDENCE EŞYALI 1+0,none,0,0,0,0,0,none,0,,1265866571
Ara Kat,İZMİT DÜNYA BANKASÍ KONUTLARÍ SATÍLÍK ARA KAT 2+1 DAİRE,none,0,0,0,0,0,none,0,,1317320538
Ara Kat,KENT KONUT 5.ETAP ARAKAT DAİRE,none,0,0,0,0,0,none,0,,1317171704
Ara Kat,24 BİN TL KİRA GETİRİLİ EŞYALI İZMİT MERKEZDE 2+1 SATILIK DAİRE,none,0,0,0,0,0,none,0,,1288931990
Ara Kat,KENT 2 DE BÜYÜK TİP SATILIK 105 M2 EŞYALI SATILIK 2+1 ARAKAT,none,0,0,0,0,0,none,0,,1317077570
,Yatırımlık Diamond prestij 2 sitesinde ara kat 2+1,none,0,0,0,0,0,none,0,,1308412388
Ara Kat,CMG YAPI'DAN YEŞİLOVA'DA BAYRAMA ÖZEL DEV YATIRIM FIRSATI,none,0,0,0,0,0,none,0,,1305369780
Ara Kat,REMAX'DEN YEŞILOVA MAH 18.000₺ KİRACILI SATILIK DAİRE,none,0,0,0,0,0,none,0,,1313790506
Çatı Dubleksi,İZMİT YEŞİLOVA MERKEZDE ANA CADDEYE CEPE SATILIK 1+1 DAİRE,roof,1,1,0,0,0,detail,0,,1310696467
,BEKİRDERE MAH SATILIK 3+1 GİRİŞ KAT DAİRE,none,0,0,0,0,0,none,0,,1310443974
,Sahibinden satılık İzmit Kent Konut 5.Etap 1.Blok ara kat daire,none,0,0,0,0,0,none,0,,1316135787
Ara Kat,PROJECT GAYRİMENKUL'DEN K.KONUT 3.ETAP 1+1 SATILIK DAİRE,none,0,0,0,0,0,none,0,,1316639080
Ara Kat,İzmit Kent Konut 1.Etapta Full Yapılı 3+1 Satılık Daire,none,0,0,0,0,0,none,0,,1310302131
,KENT KONUT 1.ETAPTA YATIRIM FIRSATI SATILIK 1+1 DAİRE,none,0,0,0,0,0,none,0,,1316490384
Ara Kat,Izmit Bekirdere Basaran 'da 2+1 cati dubleks Daire,roof,1,1,0,0,0,title,0,,1315353973
Ara Kat,EMLAK KLASÖRÜ'NDEN KENT KONUT ERENLER CEDİT SİTESİNDE 2+1 DAİRE,none,0,0,0,0,0,none,0,,1308725590
Ara Kat,CB AKADEMİ İZMİT AKÇAKOCA KONUTLARI SATILIK 3+1 ARA KAT DAİRE,none,0,0,0,0,0,none,0,,1314422264
Ara Kat,İZMİT BAĞÇEŞMEDE DENİZ VE DOĞA MANZARALI ARAKAT FUL YAPILI DAİRE,none,0,0,0,0,0,none,0,,1314069182
,TAVŞANTEPE TOKİ KONUTLARINDA 3+1 110M2 SATILIK ARAKAT DAİRE,none,0,0,0,0,0,none,0,,1313983447
Ara Kat,Sahibinden satılık 3+1 ara kat daire,none,0,0,0,0,0,none,0,,1308031660
En Üst Kat,ASAYRA EMLAK'TAN TAVŞANTEPE DE 2 +1 SATILIK DAİRE,none,0,0,0,0,0,none,0,,1290736250
Ara Kat,Gündoğdu Mahallesi Sahibinden Satılık Daire,none,0,0,0,0,0,none,0,,1291315170
Ara Kat,İzmit Karabaş'ta Satılık 2+1 Daire (İstiklal Cad.),none,0,0,0,0,0,none,0,,1296312971
,REMAX DREAM AVENUE REZİDANS ÖN CEPHE EŞYALI SATILIK,none,0,0,0,0,0,none,0,,1318963575
Ara Kat,KOCAELİ FEDERALDEN İZMİT LEYLAATAKAN CADDESİ ÜZERİ SATILIK DAİRE,none,0,0,0,0,0,none,0,,1299726699
Ara Kat,İZMİT TUANA EVLERİ 2. ETAP 2+1 SATILIK BOŞ DAİRE,none,0,0,0,0,0,none,0,,1261404366
En Üst Kat,İZMİT ŞEHİR MEKEZİ YÜRÜYÜŞ YOLU 3+1 YATIRIMLIK SATILIK DAİRE,none,0,0,0,0,0,none,0,,1312997001
Ara Kat,"TUANA EVLERİ 3. ETAPTA SATILIK 4+1, ARA KAT DAİRE",none,0,0,0,0,0,none,0,,1312699371
,Bahçe kullanımlı 2+1 satılık daire,none,0,0,0,0,0,none,0,,1294972949
Ara Kat,ALTIN EMLAK'tan İZMİT YÜRÜYÜŞ YOLUNDA SATILIK 3+1 DAİRE,none,0,0,0,0,0,none,0,,1213568454
Bahçe Dubleksi,BAGCESMEDE HAVUZLU SITE ICERISINDE SATILIK KONUT,garden,1,0,1,0,0,detail,0,,1301256158
Ara Kat,TURGUT MAH. 1+1 ARAKAT SATILIK DAİRE !,none,0,0,0,0,0,none,0,,1314982481
Ara Kat,Kocaeli İzmit Akçakoca mahalesinde 2+1 Satılık Daire,none,0,0,0,0,0,none,0,,1301884631
Ara Kat,"İZMİT'TE DENİZ,ŞEHİR MANZARALI,K.OTOPARK,ASANSÖR,İSKANLI 0 DAİRE",none,0,0,0,0,0,none,0,,1315846601
Ara Kat,TUANA 3. ETAP A BLOKTA SATILIK 3+1 ARA KAT DAİRE,none,0,0,0,0,0,none,0,,1271750061
En Üst Kat,Şok Fiyata İzmit Merkezde Metro Yanı 3+1 Satılık Daire (Eşyalı),none,0,0,0,0,0,none,0,,1270094297
Ara Kat,İZMİT MERKEZDE YATIRIM FIRSATI 2+1 ARAKAT FIRSAT DAİRE,none,0,0,0,0,0,none,0,,1293022247
Ara Kat,END'DEN İZMİT ÇARŞI MERKEZDE SATILIK ARAKAT YAPILI 2+1 DAİRE,none,0,0,0,0,0,none,0,,1271023185
Ara Kat,İZMİT KARABAŞ MAHALLESİ İÇİ YENİLENMİŞ 3+1 ARAKAT SATILIK DAİRE,none,0,0,0,0,0,none,0,,1314154113
Ara Kat,YALÇIN KARAÇETİN' den ADLİYE YAKINI FİBABANK YANI E-5 ÜSTÜ 3+1,none,0,0,0,0,0,none,0,,1316924977
Ara Kat,İZMİT MERKEZ CUMHURİYET APARTMANINDA SATILIK 1+1 ARA KAT DAİRE,none,0,0,0,0,0,none,0,,1299806534
Ara Kat,İZMİT ÇARŞI CUMHURİYET PARKI ARKASINDA YENİ BİNADA SATILIK DAİRE,none,0,0,0,0,0,none,0,,1249287353
Ara Kat,ANADOLU EVLERİNDE SATILIK LÜKS DAİRE NEŞE EMLAK,none,0,0,0,0,0,none,0,,1206557200
Ara Kat,Tarcanlar'dan Turgut Mah.'de Ara Kat 2+1 Deniz Manzaralı Daire,none,0,0,0,0,0,none,0,,1315815294
,İZMİT MERKEZ'DE SATILIK 2+1 DAİRE,none,0,0,0,0,0,none,0,,1300765255
Ara Kat,İZMİT AKÇAKENT SİTESİ SATILIK 3+1 ARA KAT BOŞ DAİRE,none,0,0,0,0,0,none,0,,1307320796
Ara Kat,EKOL EMLAK İzmit-Merkez Cumhuriyet Parkı Mevki ARAKAT 2+1 ...,none,0,0,0,0,0,none,0,,1313623090
,MERKEZİ KONUMDA FERAH 2+1 SATILIK DAİRE,none,0,0,0,0,0,none,0,,1318237925
En Üst Kat,TURYAP'TAN YÜRÜYÜŞ YOLU DİBİNDE TERASLI 1+1 FIRSAT,none,0,0,0,0,0,none,0,,1317693342
Ara Kat,İzmit Merkez Arakat Satılık Daire,none,0,0,0,0,0,none,0,,1247982529
Ara Kat,ŞANLI GAYRİMENKUL'DEN İZMİT MERKEZ ÇINARLIDA 3+1 ARA KAT DAİRE,none,0,0,0,0,0,none,0,,1291647949
Ara Kat,İZMİT ÇARŞI YENİ TURAN'DA SATILIK 3+1 ARA KAT DAİRE,none,0,0,0,0,0,none,0,,1314345156
Ara Kat,KREDİYE UYGUN ORDUEVİNDE SATILIK 2+1 ARAKAT DAİRE,none,0,0,0,0,0,none,0,,1311296963
Ara Kat,KOCAELİ FEDERALDEN İZMİT ORDUEVİNDE 2+1 SATILIK ARAKAT DAİRE,none,0,0,0,0,0,none,0,,1231324302
Ara Kat,İZMİT MERKEZ 2+1 FIRSAT KONUMDA SATILIK DAİRE,none,0,0,0,0,0,none,0,,1299948306
,izmit pazar sokagında satılık 3+1 deniz manzaralı daire,none,0,0,0,0,0,none,0,,1316306809
,REMAX DREAMDEN ÇARŞIDA 3+1 SATILIK DAİRE,none,0,0,0,0,0,none,0,,1316288697
Ara Kat,FIRSAT!!! KOCAELİ KOZLUK MAHALLESİNDE SATILIK 3+1 DAİRE,none,0,0,0,0,0,none,0,,1292835963
,İZMİT MERKEZ YENİTURAN MEVKİ CADDE ÜSTÜ SATILIK DAİRE,none,0,0,0,0,0,none,0,,1240993656
En Üst Kat,İZMİT KOZLUK'TA SATILIK 2+1 HAZIR KİRACILI DAİRE,none,0,0,0,0,0,none,0,,1308309014
Ara Kat,Bayramdan sonra fiyat değişicektir 3+1 Satılık ara kat,none,0,0,0,0,0,none,0,,1274607970
Ara Kat,İZMİT KOZLUKDA KİRACILI HAZIR GELİRLİ YATIRIMLIK DAİRE,none,0,0,0,0,0,none,0,,1307955907
,YAHYAKAPTAN B BLOKLARDA SATILIK İÇİ YAPILI 3+1 DAİRE,none,0,0,0,0,0,none,0,,1313231789
,Yahyakaptan Saray Evleri Anemon Sitesinde Geniş 3+1 Bahçe Daire,none,0,0,0,0,0,none,0,,1278769208
Çatı Dubleksi,ENA GAYRİMENKULDEN YENİŞEHİR KAYMAKAMLIK YANI YAPILI GÜNEY CEPHE,roof,1,1,0,0,0,detail,0,,1231167911
,KOCAELİ İZMİT MEHMET ALİPAŞA MH 2+1 80m2 SATILIK DAİRE,none,0,0,0,0,0,none,0,,1315830432
Ara Kat,TANYILDIZ-İZMİT/SEKA-E5 DENİZ MANZARALI SATILIK 2+1 BOŞ DAİRE,none,0,0,0,0,0,none,0,,1317100699
En Üst Kat,TURAN GÜNEŞ CADDESİNDE MERKEZİ KONUM FIRSAT DAİRE,none,0,0,0,0,0,none,0,,1308476775
Ara Kat,Sahibinden İzmit Merkez Konumda 3+1,none,0,0,0,0,0,none,0,,1116901984
Ara Kat,İzmit Kadıköy'de Merkezi Konumda 2+1 Daire,none,0,0,0,0,0,none,0,,1304987583
,İZMİT MERKEZ 3+1 SATILIK YENİLENMİŞ DAİRE,none,0,0,0,0,0,none,0,,1316934104
Ara Kat,İZMİT SERDAR MAH.'DE 3+1 DAİRE,none,0,0,0,0,0,none,0,,1309901598
,bozdemir'DEN YAHYAKAPTANDA A BLOKLARDA 2.5+1 SATILIK DAİRE,none,0,0,0,0,0,none,0,,1310600609
Ara Kat,ACİL!!KAPTAN B3 BLOKTA SATILIK 3+1 BOŞ HAZIR ARAKAT DAİRE,none,0,0,0,0,0,none,0,,1305052089
,bozdemir'DEN 8.BÖLGEDE C BLOKLARDA SATILIK 3+1 DAİRE,none,0,0,0,0,0,none,0,,1316540084
,İZMİT YENİSEHİR'DE SATILIK 2+1 GENİŞ YUKSEK GİRİŞ KAT DAİREMİZ,none,0,0,0,0,0,none,0,,1316245525
,YAPICILAR EMLAKTAN ZABITANDA SATILIK 2+1 DAİRE,none,0,0,0,0,0,none,0,,1304339005
Ara Kat,ASRIN SARAYLARINDA DENİZ MANZARALI ARA KAT DAİRE.,none,0,0,0,0,0,none,0,,1315686343
,İSU KARŞISINDA OKULLAR BÖLGESİNDE SATILIK 2+1 DAİRE,none,0,0,0,0,0,none,0,,1292339964
,bozdemir'DEN YAHYAKAPTANDA B BLOKLARDA SATILIK 3+1 DAİRE,none,0,0,0,0,0,none,0,,1297961987
,"ANAYOLA YAKIN,GENİŞ 2+1 DAİRE",none,0,0,0,0,0,none,0,,1307903437
Ara Kat,EMLAK PROPERTY'den FIRSAT İZMİT KADIKÖY SATILIK 2+1,none,0,0,0,0,0,none,0,,1301333067
Ara Kat,DENİZ MANZARALI ARAKAT ASANSÖRLÜ 3+1 SÜPER DAİRE A5,none,0,0,0,0,0,none,0,,1313834637
,ARKUN GAYRİMENKUL'DEN MERKEZİ LOKAYONDA 2+1 KULLANIŞLI DAİRE,none,0,0,0,0,0,none,0,,1323434579
,TANTA EMLAK'TAN BAHÇECİK'TE SATILIK DENİZ MANZARALI 3+1 DAİRE,none,0,0,0,0,0,none,0,,1320037824
Ara Kat,BAŞİSKELE BARBAROS MH SİTE İÇERSİNDE 3+1 EBEVEYN B. ARAKAT DAİRE,none,0,0,0,0,0,none,0,,1306034029
Çatı Dubleksi,BARBAROS MAHALLESİ MERKEZİ KONUMDA İÇİ YAPILI 3+1 SATILIK DAİRE,roof,1,1,0,0,0,detail,0,,1314952711
,BAŞİSKELE YAKACIKTA CADDE ÜSTÜ 1+1,none,0,0,0,0,0,none,0,,1313633705
Çatı Dubleksi,CENEVİZ ADALARI Projesi 2+1 98m2 Balkonlu Satılık Daire,roof,1,1,0,0,0,detail,0,,1285317448
Dubleks,Kolaylı Kullar Sitesinde SAHİBİNDEN SATILIK,standard,1,0,0,0,1,detail,0,,1308930710
,KW ARVEN'DEN PEKDEMİR EVİMİZ KOCAELİ SİTE'SİNDE SATILIK 3+1,none,0,0,0,0,0,none,0,,1301434420
Çatı Dubleksi,CENEVİZ ADALARI Projesi 2+1 91m2 Satılık Daire,roof,1,1,0,0,0,detail,0,,1285316340
,BAŞİSKELE BARBAROS'DA ELİTİUM SİTESİNDE EŞYALI 1+1 SATILIK DAİRE,none,0,0,0,0,0,none,0,,1319850750
Bahçe Dubleksi,HAVUZLU SİTENİN EN GÜZEL DAİRESİ HER ŞEY DAHİL FİYAT,garden,1,0,1,0,0,detail,0,,1300451534
,Fırsat Daire! Başiskele Barbaros 1+1 78m² Temelden Satılık,none,0,0,0,0,0,none,0,,1314470506
,Sahibinden satilik.Kullar Kapalı pazar yakininda.,none,0,0,0,0,0,none,0,,1325565176
,BAŞİSKELE KULLAR YAYLACIK MAHALLESİ 2+1 SİTE İÇİ SIFIR DAİRE,none,0,0,0,0,0,none,0,,1322553716
Çatı Dubleksi,SAHİBİNDEN SATILIK للبيع من المالك مباشرة.,roof,1,1,0,0,0,detail,0,,1291146932
,Ful Manzaralı Önü Kapanmaz,none,0,0,0,0,0,none,0,,1318050826
Ara Kat,ÜST GRUP'TAN MEZİRE BAHÇECİK DENİZ MANZARALI 3+1 DAİRE,none,0,0,0,0,0,none,0,,1312433168
,BARBAROS MAHALLESİ SATILIK YÜKSEK GİRİŞ KAT DAİRE,none,0,0,0,0,0,none,0,,1290874633
Dubleks|En Üst Kat|Ara Kat|Çatı Dubleksi,END'DEN BAŞİSKELE ALTINKENT MAH.SATILIK MANZARALI 3+1 DAİRE,roof,1,1,0,0,0,detail,0,,1249325376
,Süper 4+1 Arayanlara...,none,0,0,0,0,0,none,0,,1325478345
,ŞANLI GAYRİMENKULDEN PEKDEMİR EVİMİZ KOCAELİ 4+1 BAHÇE DAİRE,none,0,0,0,0,0,none,0,,1298652975
,Halk Bankası'ndan Kocaeli Başiskele Satılık Konut,none,0,0,0,0,0,none,0,,1325261633
,ALTIN EMLAK' tan KULLAR' da 2+1 SATILIK DAİRE,none,0,0,0,0,0,none,0,,1321505288
Dubleks,PAŞADAG MH DE TALHA PARKTA PROJEMİZDEN 2+1 GENİŞ FERAH DAİREMİZ,standard,1,0,0,0,1,detail,0,,1310283177
,TANYILDIZ- BAŞİSKELE - KARŞIYAKA MH. 1+1 DENİZE SIFIR DAİRELER,none,0,0,0,0,0,none,0,,1324469239
Ara Kat,PEKİN EMLAK'tan satılık daireler,none,0,0,0,0,0,none,0,,1303623790
Ara Kat,SATILIK 2+1 DAİRE BAŞİSKELE,none,0,0,0,0,0,none,0,,1296313852
,Barbaros Mh Düzayak 3+1 Satılık Ferah Daire,none,0,0,0,0,0,none,0,,1324089087
Ara Kat,ESKİDJİDEN BAŞİSKELEDE SİTE İÇERİSİNDE AYRI MUTFAKLI ARAKAT 1+1,none,0,0,0,0,0,none,0,,1305234753
Ara Kat,Başiskele'de 2+1 Deniz Manzaralı Arakat Amerikan Mutfak,none,0,0,0,0,0,none,0,,1318526663
,SATILIK YAYLACIK CADDE ÜZERİNDE 2+1 ARA KAT DAİRE,none,0,0,0,0,0,none,0,,1312476827
Dubleks|Ara Kat Dubleks|Ters Dubleks,Armağan Evler Sitesinde-Asansörlü-Otoparklı-Ebeveyn Banyolu-4+1,middle_floor,1,0,0,1,0,detail,0,,1284605717
Dubleks|Bahçe Dubleksi,BAŞİSKELE BARBAROS'DA ELİTİUM TRİO SİTESİNDE 3+1 SATILIK DAİRE..,garden,1,0,1,0,0,detail,0,,1306146962
Bahçe Dubleksi,sahibinden satılık,garden,1,0,1,0,0,detail,0,,1323134676
,ASAYRA EMLAKTAN BASİSKELE BARBOROZ DA 3+1 SATILIK DAİRE,none,0,0,0,0,0,none,0,,1305797875
Çatı Dubleksi,BAŞİSKELE MAHMUTPAŞA MAH. DENİZ MANZARALI SATILIK 3+1 DAİRE,roof,1,1,0,0,0,detail,0,,1322500970
,Ziraat Bankası'ndan Kullar Merkez Mahallesinde Mesken,none,0,0,0,0,0,none,0,,1321774875
,BAŞİSKELE/KULLAR SATILIK 3+1 140M2 GENİŞ ARAKAT TERASLI DAİRE,none,0,0,0,0,0,none,0,,1320776792
,SAHİBİNDEN SATILIK,none,0,0,0,0,0,none,0,,1320314496
Ara Kat,ÖRS İNŞAAT'TAN CADDE ÜZERİNDE SATILIK 2+1 ARAKAT 90M2,none,0,0,0,0,0,none,0,,1288134897
,BAŞİSKELE YAYLACIKTA HAVUZLU OTOPARKLI SİTEDE 2+1 REZİDANS,none,0,0,0,0,0,none,0,,1315983359
,Evimiz Kocaeli Sitesinde Strada AVM Yanında Prestijli Yaşam,none,0,0,0,0,0,none,0,,1279089788
Ara Kat,Yeniköy Kirazlıkent Konutlarında Satılık Ferah 2+1 Daire!,none,0,0,0,0,0,none,0,,1322973242
,ÇAKIR GAYRİMENKUL DEN BAŞİSKELE DÖNGEL MH.DE SATILIK DAİRE,none,0,0,0,0,0,none,0,,1322671222
Dubleks|En Üst Kat|Ara Kat|Çatı Dubleksi,BAŞİSKELE'NİN EN DEĞERLİ KONUMUNDAN 4+1 SATILIK DAİRE,roof,1,1,0,0,0,detail,0,,1304577407
,Başiskele'de satılık lüks 2 + 1 ara kat daire site içerisinde,none,0,0,0,0,0,none,0,,1324469378
,GÖKKUR'DAN ENFES DENİZ MAZARALI 3+1 SATILIK DAİRE,none,0,0,0,0,0,none,0,,1310245708
,FEDERAL'DEN ACİL! KİRAZLIKENT 2+1 77m2 SATILIK DAİRE,none,0,0,0,0,0,none,0,,1318788468
,Harika konumda 2 + 1 yüksek giriş daire,none,0,0,0,0,0,none,0,,1324352583
,Başiskele Kirazlıkent'te Bahçe katı 2+1 77 m2,none,0,0,0,0,0,none,0,,1317203265
En Üst Kat,3+1 ÜST KAT DENİZ MANZARALI ASANSÖRLÜ SİTE İÇİ DAİRE,none,0,0,0,0,0,none,0,,1321393778
,Başiskelede 3+1 Lüks 125+85m2 Müstakil Bahçe Manzaralı Daire,none,0,0,0,0,0,none,0,,1292589838
Ara Kat,BAŞİSKELE KİRAZLIKENT SİTESİNDE SATILIK 2+1 ARAKAT DAİRE,none,0,0,0,0,0,none,0,,1309525376
,FULL DENİZ MANZARALI SIFIR LÜKS 2+1 110 M2 YERDEN ISITMABALKONLU,none,0,0,0,0,0,none,0,,1313216407
Ara Kat,BAŞİSKELE YENİKÖY MERKEZ SATILIK 3+1 SATILIK GENİŞ DAİRE ASANSÖR,none,0,0,0,0,0,none,0,,1293871198
Bahçe Dubleksi,ÜST PARK SİTESİNDE ÖZEL BAHÇE KULLANIM ALANLI 3+1 SATILIK DAİRE,garden,1,0,1,0,0,detail,0,,1315632824
Ara Kat,BAŞİSKELE PAŞADAĞ'DA DOĞA MANZARALI SATILIK 3+1 ARAKAT DAİRE,none,0,0,0,0,0,none,0,,1322239422
,BAŞİSKELE FATİH MAH.TINAZTEPE 2+1 ARKA ARA KAT KUPON DAİRE,none,0,0,0,0,0,none,0,,1319698340
Ara Kat,LOFT GROUP GM'DEN BAŞİSKELE FATİH'TE FIRSAT 3+1 ARA KAT,none,0,0,0,0,0,none,0,,1325980635
Ara Kat,Yuvacık Armoni 2'de Deniz Manzaralı 2+1 Arakat Daire,none,0,0,0,0,0,none,0,,1314706740
Çatı Dubleksi,BAŞİSKELE FATİH MAHALLESİN'DE SATILIK 4+1 182M2 TERASLI DAİRE,roof,1,1,0,0,0,detail,0,,1325798734
Ara Kat,EKSİOĞLU LİFECİTY'DE SATILIK DENİZ MANZARALI 3+1 ARAKAT DAİRE,none,0,0,0,0,0,none,0,,1292034727
,C&G GÜLŞEN EMLAK GAYRİMENKULDEN SATILIK 2+1 DAİRE,none,0,0,0,0,0,none,0,,1322873632
,VakıfBank'tan Satılık 3+1 Daire,none,0,0,0,0,0,none,0,,1287137323
En Üst Kat,YUVACIK MERKEZ'DE KAÇIRILMAYACAK FIRSAT DAİRE,none,0,0,0,0,0,none,0,,1281862211
Ara Kat,BAŞİSKELE FATİH MAH ÜSTPARK SİTESİ SATILIK 2+1 ARAKAT DAİRE,none,0,0,0,0,0,none,0,,1314265636
,VİZYON'DAN MUHTEŞEM KONUM TERAS-ASANSÖR,none,0,0,0,0,0,none,0,,1325469492
Ara Kat,Doku Gayrimenkul'den Tınaztepe Cad. Satılık 2+1 Arakat daire,none,0,0,0,0,0,none,0,,1319990729
Ara Kat,BAŞİSKELE YUVANA EVLERİNDE SATILIK 2+1 ARAKAT DAİRE SON 3 GÜN!,none,0,0,0,0,0,none,0,,1324037217
Ara Kat,DENİZ MANZARALI ROYAL COUNTRY DE SATILIK 3+1 ARAKAT DAİRE,none,0,0,0,0,0,none,0,,1285269499
,KELEPİR 2+1 YÜKSEK GİRİŞ EBEVEYN BANYOLU,none,0,0,0,0,0,none,0,,1325275246
,sahibinden satılık,none,0,0,0,0,0,none,0,,1325045089
Ara Kat,BAŞİSKELE YUVACIK ZERAY GÜNEŞİ 1+1 ARA KAT SATILIK DAİRE,none,0,0,0,0,0,none,0,,1322591225
Ara Kat,BAŞİSKELE FATİH MAH. E. BANYO 3+1 ARAKAT YERDEN ISITMALI,none,0,0,0,0,0,none,0,,1246570573
,FULL DENİZ MANZARALI 220 M2 3 BANYOLU 3+1 DAİRE (SİTEDE),none,0,0,0,0,0,none,0,,1322220367
Bahçe Dubleksi,Attichouse'tan Satılık Villa Konseptli 4+1 Daire Manar 4 Sitesi,garden,1,0,1,0,0,detail,0,,1316297981
Ara Kat,"Manar Terrace'ta Ebeveyn Banyolu, Kış Bahçeli 3+1 Daire",none,0,0,0,0,0,none,0,,1307633330
Ara Kat,Yuvacık Paşadağı MH. Site İçinde Satılık 3+1 Ara Kat,none,0,0,0,0,0,none,0,,1303484502
,REMAX DREAMDEN AKKURT ROYAL CİTY DE GENİŞ 2+1 SATILIK DAİRE,none,0,0,0,0,0,none,0,,1255108973
Çatı Dubleksi,BAŞİSKELE ÜSTPARK YUVACIK SİTESİNDE KUSURSUZ 4+1 SATILIK DAİRE,roof,1,1,0,0,0,detail,0,,1283421763
,KOCAELİ/ BAŞİSKELE GEYLAN İNŞAAT PROJESİN'DEN SATILIK 2+1 DAİRE,none,0,0,0,0,0,none,0,,1310041365
,BAHÇEKENT SİTESİNDE GİRİŞ KAT SATILIK DAİRE,none,0,0,0,0,0,none,0,,1316270347
,ilk gelen nasibini alır son bir hafta,none,0,0,0,0,0,none,0,,1324211723
,Orkalife2 Fırsat Satılık 4+1 daire,none,0,0,0,0,0,none,0,,1324434034
Ara Kat,Sahibinden Yuvacık Doğa Evleri Bakımlı 3+1,none,0,0,0,0,0,none,0,,1312605184
Dubleks,"//Fırsat!// 3+1 daire, en lüks sitede satılık",standard,1,0,0,0,1,detail,0,,1318599810
,Zeray Kentte 95 M2 2+1 Satılık Ara Kat Daire,none,0,0,0,0,0,none,0,,1293573938
Ara Kat,SOR TÜRKİYE'DEN PAŞADAĞ'DA GENİŞ AYRI MUTFAKLI 2+1 ARAKAT DAİRE,none,0,0,0,0,0,none,0,,1295142094
Ara Kat,Başiskele Fatih Mah. 2+1 Ara Kat Satılık Daire,none,0,0,0,0,0,none,0,,1323354871
Ara Kat|Çatı Dubleksi,BAŞİSKELE'DE 140 M² EMSALSİZ GENİŞLİKTE EBEVEYN BANYOLU DAİRE,roof,1,1,0,0,0,detail,0,,1315563218
En Üst Kat,DERİN'DEN YATIRIM FIRSATI! SİTE İÇERİSİNDE GENİŞ 3+1 DÜZ DAİRE,none,0,0,0,0,0,none,0,,1320757778
En Üst Kat,AYDINKENT KONUTLARI 3+1 100M² DENİZ MANZARALI DAİRE SATILIKTIR,none,0,0,0,0,0,none,0,,1312206600
Ters Dubleks,BAŞİSKELE YUVACIK SECRET GARDEN SİTESİ 3+1 SATILIK DAİRE,standard,1,0,0,0,1,detail,0,,1292711672
Ara Kat,SATILIK ARA KAT DAİRE 3+1 / 137 M²,none,0,0,0,0,0,none,0,,1300870949
,BAŞISKELE YUVACIK SİTEİÇİ DENİZ MANZARALI 2+1,none,0,0,0,0,0,none,0,,1312447093
Dubleks|Bahçe Dubleksi,ZERAY KORUPARK VİLLA TADINDA MÜSTAKİL BAHÇELİ SATILIK 4+1,garden,1,0,1,0,0,detail,0,,1317663075
Ara Kat,REMAX MYRADAN BAŞİSKELE ÜSTPARK YUVACIK SİTESİ ARAKAT 2+1 DAİRE,none,0,0,0,0,0,none,0,,1316020608
Ara Kat,EMLAKÇIM41'DE BAŞİSKELE/ FATİH MH.DE MANZARALI GENİŞ 3+1 ARA KAT,none,0,0,0,0,0,none,0,,1322777146
Ara Kat,BAŞİSKELE YUVACIK FATİH MAH.SATILIK 2+1 ARA KAT DAİRE,none,0,0,0,0,0,none,0,,1323999469
Ara Kat,BAŞİŞKELE PAŞADAĞ'DA FIRSAT SATILIK 2+1 ARAKAT DAİRE,none,0,0,0,0,0,none,0,,1322884021
Ara Kat,SAHİBİNDEN HAVUZLU SİTEDE ARAKAT 2+ 1 DENİZ&DOĞA MANZARALI,none,0,0,0,0,0,none,0,,1322399279
Ara Kat,Zeray Güneşi'nde Manzaralı Lüks 3+1 Daire - Yatırım Fırsatı,none,0,0,0,0,0,none,0,,1188417203
Çatı Dubleksi,Erenoğlu Gayrimenkulden Yuvacık ta Deniz Manzaralı Lüks Daire,roof,1,1,0,0,0,detail,0,,1312779446
,INVEST GLOBAL'DEN BAŞİSKELE YUVACIKTA SATILIK 2+1 DAİRE,none,0,0,0,0,0,none,0,,1322477546
Ara Kat,Başiskele Fatih Mah. Satılık 3+1 Arakat Manzaralı Daire,none,0,0,0,0,0,none,0,,1323349528
Ara Kat,BAŞİSKELE FATİH MAHALLESİ MASRAFSIZ ARAKAT 2+1 SATILIK DAİRE,none,0,0,0,0,0,none,0,,1316680051
Ara Kat,CB MAHAL'DEN BAŞİSKELE FATİH MAHALLESİ 3+1 SATILIK DAİRE,none,0,0,0,0,0,none,0,,1324828399
Ara Kat|Çatı Dubleksi,CB MAHALL'DEN BAŞİSKELE FATİH MAH'DE 3+1 DOĞA MANZARALI,roof,1,1,0,0,0,detail,0,,1307534485
,YUVACIK PAŞADAŞ 2+1 DİŞ HASTANESİ YANİ YATIRIMLIK,none,0,0,0,0,0,none,0,,1304533284
Ara Kat,"BAŞİSKELE KULLAR'DA, FERAH VE AYDINLIK 2+1 ARA KAT DAİRE!",none,0,0,0,0,0,none,0,,1323511715
Ara Kat,DENİZ MANZARALI TINAZ TEPEDE 3+1 SATILIK 137 M² ARA KAT DAİRE,none,0,0,0,0,0,none,0,,1309667740
Ara Kat,Başiskele Tınaztepede site içerisinde 3+1 asansörlü arakat Dair,none,0,0,0,0,0,none,0,,1310339326
Ara Kat,BAŞİSKELE FATİH MAH. ESİLA PARK SİTESİ SATILIK ARAKAT 2+1 DAİRE,none,0,0,0,0,0,none,0,,1308223438
Ara Kat,YUVACIK GENİŞ 3+1 ARAKAT LÜX YAPILI ASANSÖRLÜ KÖŞE PARSEL DAİRE,none,0,0,0,0,0,none,0,,1321303811
Ara Kat,SAHİBİNDEN 160 M2 BİR EVDE ARADIĞIN HERŞEY !!!,none,0,0,0,0,0,none,0,,1315515134
Ara Kat,GK PRİME..KOCAELİ BAŞİSKELE'DE SİTE İÇİ 3+1 155M2 ARAKAT DAİRE..,none,0,0,0,0,0,none,0,,1298085957
,Başiskele Yuvacıkta Site İçinde 186 m² 3+1 Satılık Bahçe Daire,none,0,0,0,0,0,none,0,,1292826926
,BAŞİSKELE YUVACIK AYDINKENT KONUTLARDA SATILIK FIRSAT 3+1!,none,0,0,0,0,0,none,0,,1282932350
Ara Kat,BAŞİSKELEDE SATILIK 3+1 ARA KAT DAİRE SİTE İÇİ HAVUZLU,none,0,0,0,0,0,none,0,,1320455146
,AKBULUT EMLAKTAN | BAHÇE KATI | BAŞİSKELE | 3+1 SATILIK,none,0,0,0,0,0,none,0,,1325524366
Bahçe Dubleksi|Ters Dubleks,BAŞİSKELE 4+1 SİTE İÇİ HAVUZLU 4 MİLYON KREDİ İMKANI BAHÇELİ,garden,1,0,1,0,0,detail,0,,1269661762
,KOCAELİ BAŞİSKELE YUVACIK MAHALLESİ SATILIK DAİRE,none,0,0,0,0,0,none,0,,1320306978
Ara Kat,BAŞİSKELE YEŞİLYURT MAH.DURUPARK EVLERİ SATILIK 3+1 ARAKAT DAIRE,none,0,0,0,0,0,none,0,,1326415507
Çatı Dubleksi,Başiskele Yeşilyurt Mahallesi Satılık 3+1 Daire,roof,1,1,0,0,0,detail,0,,1326326428
,Teras Marmara Projesinde Dağ Manzaralı Temiz Daire,none,0,0,0,0,0,none,0,,1260193285
,"BAŞİSKELE YEŞİLYURT MAH. SATILIK 3+1 DAİRE (100m², Giriş Kat)",none,0,0,0,0,0,none,0,,1317937864
,SATILIK ARA KAT DAİRE 121 M²,none,0,0,0,0,0,none,0,,1250288491
Çatı Dubleksi,BAŞİSKELE YEŞİLYURTTA PANORAMİK DENİZ MANZARALI 3+1 ÖZEL DAİRE!,roof,1,1,0,0,0,detail,0,,1314796487
,SERDAR MAH 2+1 DÜZ GİRİŞ UYGUN FİYAT DAİRE SATILIK,none,0,0,0,0,0,none,0,,1325411476
Çatı Dubleksi,BAŞİSKELE YEŞİLYURT MAH'DE DENİZ MANZARALI FIRSAT 3+1 DAİRE,roof,1,1,0,0,0,detail,0,,1310467799
Çatı Dubleksi,TINAZTEPE CAD. SAHİBİNDEN SATILIK 0 DAİRE,roof,1,1,0,0,0,detail,0,,1325040843
Dubleks,CB MAHAL'DEN BAŞİSKELE YEŞİLYURT 3+1 SATILIK DAİRE,standard,1,0,0,0,1,detail,0,,1321679632
Çatı Dubleksi,BAŞİSKELE YEŞİLYURT MAHALLESİN'DE SİTE İÇİ SATILIK 5+1 DAİRE,roof,1,1,0,0,0,detail,0,,1313509836
Ara Kat,İSKANI ALINMIŞ MERKEZİ KONUM SATILIK 2+1 ARA KAT,none,0,0,0,0,0,none,0,,1311021714
,BAŞİSKELE YEŞİLYURT'TA CADDE ÜZERİ ASANSÖRLÜ SATILIK 3+1 DAİRE,none,0,0,0,0,0,none,0,,1293954474
,Liva Grup'tan ORKA LİFE 1 DE SATILIK 4+1 BAHÇE KATI,none,0,0,0,0,0,none,0,,1323886424
,KW ARVEN'den YEŞİLYURT'da FERAH YÜKSEK GİRİŞ KREDİYE UYGUN DAİRE,none,0,0,0,0,0,none,0,,1302219767
,BAŞISKELE MAHMUT PAŞADA FIRSAT 2 + 1 ARAKAT,none,0,0,0,0,0,none,0,,1323735231
,İMZA GM'DEN YEŞİLYURT'TA 2+1 BAHÇELİ GRİŞ DÜZ DAİRE (50m2) BAHÇE,none,0,0,0,0,0,none,0,,1322816299
Bahçe Dubleksi,BAŞİSKELE MAMİKLER REFORM 2'de 4+1 BAHÇE KULLANIMI HAVUZLU DAİRE,garden,1,0,1,0,0,detail,0,,1317750053
Çatı Dubleksi,BAŞİSKELE YEŞİLYURT'TA DENİZ MANZARALI FIRSAT SATILIK 2+1 DAİRE,roof,1,1,0,0,0,detail,0,,1317587682
Ara Kat,Mamik Reform Sitesinde 2+1 Arakat Daire Sahibinden,none,0,0,0,0,0,none,0,,1322014665
Ara Kat,Terasta Life Sitesi Belirli Süreliğine Fırsat Fiyat!,none,0,0,0,0,0,none,0,,1316579227
Ara Kat,RİBANKTAN BULVARA KOMŞU BİNADA SATILIK ARAKAT 2+1 TEMİZ DAİRE,none,0,0,0,0,0,none,0,,1317576343
En Üst Kat,BAŞİSKELE BELEDİYE KARŞISINDA TİCARİ RUHSATLI 2+1 SATILIK DAİRE,none,0,0,0,0,0,none,0,,1321068359
,KW ARVEN'DEN MERKEZİ KONUMDA 1+1 GİRİŞ KAT DAİRE,none,0,0,0,0,0,none,0,,1324093808
,YEŞİLYURT MAH. AYIN ÖZEL DAİRESİ YÜKSEK KREDİLİ UYGUN ARA KAT,none,0,0,0,0,0,none,0,,1321179271
,YEŞİLYURT'TA 2+1 YÜKSEK GİRİŞ DAİRE MERKEZİ KONUM,none,0,0,0,0,0,none,0,,1310750524
,BAŞİSKELE YEŞİLYURT 2+1 YÜKSEK GİRİŞ GENİŞ DAİRE,none,0,0,0,0,0,none,0,,1320518531
Ara Kat,"YEŞİLYURT MAHALLESİNDE, TED KOLEJiNE KOMŞU İSKANLI 2+1 ARAKAT",none,0,0,0,0,0,none,0,,1315268928
Çatı Dubleksi,BAŞİSKELE YEŞİLYURT'TA VİLLA KONSEPTLİ 4+1 SATILIK DAİRE,roof,1,1,0,0,0,detail,0,,1322010849
En Üst Kat,REMAX'DEN SERDAR MAH. 31.000₺ KİRACILI 3+1 DAİRE,none,0,0,0,0,0,none,0,,1315275259
Dubleks,REMAX ' DEN YEŞİLYURT MAH OTURUMA HAZIR 3+1 DAİRE,standard,1,0,0,0,1,detail,0,,1298751283
,BAŞİSKELE YEŞİLYURT MH. 2+1 YÜKSEK GİRİŞ,none,0,0,0,0,0,none,0,,1292149528
,KW ARVEN'den YEŞİLYURT'ta 2+1 DENİZ MANZARA EBEVEYN BANYO ARAKAT,none,0,0,0,0,0,none,0,,1322179544
Ara Kat,"Deniz Manzaralı, Full Yapılı, Site İçinde Özel Ara Kat Daire",none,0,0,0,0,0,none,0,,1316323772
En Üst Kat,"Düz Ağaç'ta Bakımlı 2+1 Daire, 85m², Merkezi Konumda",none,0,0,0,0,0,none,0,,1317946604
Ara Kat,"Atatürk Mahallesi'nde , Asansörlü İçi Tadilatlı Fırsat Daire",none,0,0,0,0,0,none,0,,1317966726
Ara Kat,CB ENVOY |Değirmendere'de Anayol Üzeri 3+1 Deniz Manzaralı Daire,none,0,0,0,0,0,none,0,,1320297364
En Üst Kat,DEĞİRMENDERE ERVATAN SİTESİ 3+1 DENİZ MANZARALI SATILIK DAİRE.,none,0,0,0,0,0,none,0,,1323426758
Ara Kat,SAHİLE YÜRÜME MESAFESİNDE İÇİ FULL YAPILI 2+1,none,0,0,0,0,0,none,0,,1309120314
Ara Kat,DEĞİRMENDERE TOPÇULAR MAH. ÇAKABEY KONAKLARI SATILIK 2+1 DAİRE,none,0,0,0,0,0,none,0,,1317227977
,"Gölcük Değirmendere Manzaralı, Bahçeli 3+1 Satılık Daire",none,0,0,0,0,0,none,0,,1311851245
Ara Kat,REMAX NATURAL'DEN YÜZBAŞILARDA SATILIK 2+1,none,0,0,0,0,0,none,0,,1326009962
,DEĞİRMENDERE ÖRCÜN YOLU ÜZERİNDE 3+1 DENİZ MANZ. (CADDE SUİT ),none,0,0,0,0,0,none,0,,1326007799
,Gölcük değirmendere topçular mahallesinde düz 3+1 düz daire,none,0,0,0,0,0,none,0,,1317579860
,Değirmendere Atatürk mah de en güzel konumda geniş satılık daire,none,0,0,0,0,0,none,0,,1319596967
Ara Kat,YÜZBAŞILARDA ASKERİ KAPI VE YENİ HASTANEYE ÇOK YAKIN BOŞ DAİRE,none,0,0,0,0,0,none,0,,1216939793
,ÇAKIR GAYRİMENKUL'DEN 3+1 SATILIK DAİRE,none,0,0,0,0,0,none,0,,1308645644
,KURA GAYRİMENKULDEN DEĞİRMENDERE DE ZEMİN KAT FIRSATI,none,0,0,0,0,0,none,0,,1314421332
Ara Kat,GÖLCÜK'TE MERKEZİ KONUMDA TERTEMİZ ARAKAT 2+1 DAİRE,none,0,0,0,0,0,none,0,,1325331903
,TRUE LIFE'DAN YÜZBAŞILARDA EKİM SİTESİNDE 3+1 SATILIK,none,0,0,0,0,0,none,0,,1273067072
,DEĞIRMENDERE YALI MAH.ŞİRİN 2+1,none,0,0,0,0,0,none,0,,1265742547
Ara Kat,TRUE LIFE'DAN SATILIK 2+1 DAİRE,none,0,0,0,0,0,none,0,,1277647094
,"Değirmendere'de Özenle Yapılmış, Geniş 2+1 Satılık Daire",none,0,0,0,0,0,none,0,,1313386261
Ara Kat,GÖLCÜK MERKEZ 2+1 ARA KAT SATILIK İÇİ YAPILI DAİRE.,none,0,0,0,0,0,none,0,,1324723935
En Üst Kat,DEĞİRMENDERE SATILIK 3+1 YAPILI DAİRE,none,0,0,0,0,0,none,0,,1324865141
Ara Kat,NDS GAYRİMENKUL' DEN 2+1 KAÇIRILMAYACAK FIRSAT !!!,none,0,0,0,0,0,none,0,,1237154048
Çatı Dubleksi,Topçular Mahallesinin Merkezinde Turgut Özal İlkokulu Yanıbaşı,roof,1,1,0,0,0,detail,0,,1324386650
Ara Kat,Değirmendere Topçular'da Satılık 3+1 Arakat Daire,none,0,0,0,0,0,none,0,,1318834544
En Üst Kat,DEĞİRMENDERE YALI MH EŞYALARI İLE BİRLİKTE SATILIK DAİRE,none,0,0,0,0,0,none,0,,1324116349
,KAPTAN EMLAK'TAN YALI TADINDA 3+1 İÇERİSİ SIFIR DAİRE,none,0,0,0,0,0,none,0,,1317736063
Ara Kat,DEĞİRMENDERE TOPÇULAR MAH. 3+1 SATILIK DAİRE,none,0,0,0,0,0,none,0,,1310997964
Ara Kat,MERKEZ CADDE ÜSTÜ ASANSÖRLÜ KİRACILI YATIRIMLIK DAİRE,none,0,0,0,0,0,none,0,,1272758893
Ara Kat,Vadi Değirmendere'de 3 cepheyi gören en gözde ara kat! 3+1,none,0,0,0,0,0,none,0,,1323827472
,E&G EMLAK'TAN REVNA LİFE'DA KAÇIRILMAZ FIRSAT!,none,0,0,0,0,0,none,0,,1295648224
Ara Kat,DEĞİRMENDERE MERKEZİ KONUM EVİM KENT 3+1 SATILIK,none,0,0,0,0,0,none,0,,1310765712
Ara Kat,Yeni Mahalle'de Bahçe Konforlu 'KREDİYE UYGUN' 3+1 Düz Daire,none,0,0,0,0,0,none,0,,1301251642
Ara Kat,CAN EMLAK - YÜZBAŞILARDA '' GENİŞ YAPI '' 3+1 135 M2 ARA DAİRE,none,0,0,0,0,0,none,0,,1299547943
Ara Kat,REMAX NATURAL'DEN YÜZBAŞILARDA SATILIK 3+1 DAİRE,none,0,0,0,0,0,none,0,,1323586554
Ara Kat,Yüzbaşılar Yeni Devlet Hastahanesi Alt Sokağında Kelepir 3+1,none,0,0,0,0,0,none,0,,1271843078
Ara Kat,DEĞİRMENDERE NECATİ ÇELİK DEVLET HASTANESİ KARŞISI SATILIK DAİRE,none,0,0,0,0,0,none,0,,1310744729
Ara Kat,FIRSAT DEĞİRMENDERE SAHİLDE DENİZ MANZARALI SATILIK 3+1,none,0,0,0,0,0,none,0,,1300374816
,E&G EMLAK'TAN HASDAYI'DA 3+1!!!!!!!!!!!,none,0,0,0,0,0,none,0,,1322949000
Ara Kat,Değirmendere Sahil'de 2+1 Sahibinden Sahibinden Satılık Daire,none,0,0,0,0,0,none,0,,1322307344
,Kocaeli Değirmendere satılık daire,none,0,0,0,0,0,none,0,,1146969532
En Üst Kat,"Merkezde/100m2 teraslı,1 ve çeyrek daire 130m2 4,5+1 daire",none,0,0,0,0,0,none,0,,1243153652
Ara Kat,DEĞİRMENDERE YÜZBAŞILAR MAH SAHİLDE SATILIK DAİRE,none,0,0,0,0,0,none,0,,1321813334
Ara Kat,DEĞİRMENDERE MERKEZDE 0 BİNADA SATILIK 2+1 GİRİŞ VE ARA KAT,none,0,0,0,0,0,none,0,,1316309405
,Denize Yürüme Mesafesinde | Değirmendere Yalıda Satılık 3+1,none,0,0,0,0,0,none,0,,1293507765
Ara Kat,DEĞİRMENDERE ATATÜRK MH. SİTE İÇERSİNDE SATILIK ARA KAT,none,0,0,0,0,0,none,0,,1284350018
Ara Kat,TOPÇULAR Mh.lesi 3+1 ARA KAT SATILIK PAZARLIKLI,none,0,0,0,0,0,none,0,,1321237495
,ACİL SATILIK YENİ MAHALLEDE SATILIK 2+1,none,0,0,0,0,0,none,0,,1293110757
Ara Kat,SAHİBİNDEN YÜZBAŞILAR SATILIK DAİRE,none,0,0,0,0,0,none,0,,1321195236
Ara Kat|Tripleks,D130 KARA YOLU VE ÇARŞI MERKEZE YAKIN KONUMDA 2+1 DAİRE,none,0,0,0,0,0,none,0,,1315902935
Ara Kat,Yüzbaşılarda Merkezi Lokasyon'da Tertemiz Masrafsız 3+1 Satılık,none,0,0,0,0,0,none,0,,1309986392
Ara Kat,REMAX NATURAL DEN TOPÇULARDA SATILIK 3+1,none,0,0,0,0,0,none,0,,1299246840
Ara Kat,OSMAN GAZİ KÖPRÜ VE DENİZ MANZARALI İÇİ FULL YAPILI DAİRE,none,0,0,0,0,0,none,0,,1320936466
En Üst Kat,DENİZ MANZARALI 3+1 DAİRE,none,0,0,0,0,0,none,0,,1320873707
Ara Kat,DEĞİRMENDERE REMAX NATURAL DEN YÜZBAŞILAR SATILIK GENİŞ 2+1,none,0,0,0,0,0,none,0,,1309900734
Ters Dubleks,SAHİBİNDEN TOPÇULARDA DENİZ MANZARALI AKILLI SİSTEM DAİRE,standard,1,0,0,0,1,detail,0,,1320531796
Ara Kat,GÖLCÜK KAVANİUM 1. ETAP SATILIK 3+1 DAİRE,none,0,0,0,0,0,none,0,,1275056912
Ara Kat,Hisareyin'de Arakat 2+1 Satılık Daire,none,0,0,0,0,0,none,0,,1320517947
,"Düz Ağaç'ta Bakımlı 2+1 Bahçeli Daire, 85m² Net",none,0,0,0,0,0,none,0,,1323561444
En Üst Kat|Ara Kat,Gölcük Deniz As Sitesi'nde Satılık 2+1 Daire,none,0,0,0,0,0,none,0,,1323550923
Ara Kat,İMZA GM'DEN YAZLIK'TA 2+1 GENİŞ BALKON+ÇAMAŞIR ODASI ARA KAT,none,0,0,0,0,0,none,0,,1301788563
En Üst Kat,ŞİRİNKÖY KALICI KONUTLARDA MÜSTAKİL TADINDA 9. ADADA 2+1,none,0,0,0,0,0,none,0,,1315191622
Ara Kat,CB ELEXUS | YAZLIK 2+1 SATILIK DAİRE KREDİYE UYGUN,none,0,0,0,0,0,none,0,,1320346786
,MERKEZ EMLAKTAN ÇARŞI İÇİ SATILIK 2+1 DAİRE,none,0,0,0,0,0,none,0,,1290774697
,GÖLCÜK DONANMA MAHALLESİNDE GENİŞ 2+1 YÜKSEK GİRİŞ TAM TADİLATLI,none,0,0,0,0,0,none,0,,1315043585
Ara Kat,YC GROUP'tan MUHTEŞEM KONUMDA BÜYÜK METREKARELİ DAİRE,none,0,0,0,0,0,none,0,,1326194288
En Üst Kat,EN ÜST KAT MANZARALI 2+1 KALICI KONUT,none,0,0,0,0,0,none,0,,1320085539
,AKKOYUN DAN ŞOK ŞOK ŞOK FİYAT DÜŞTÜ HALIDEREDE SATILIK DAIRE,none,0,0,0,0,0,none,0,,1319721576
Ara Kat,()ŞİRİNKÖY MERKEZİ KONUMDA 3+1,none,0,0,0,0,0,none,0,,1324699058
En Üst Kat,ADİL EMLAKTAN KALICI KONUTLARI ŞİRİNKOY MAH SATILIK DAİRE,none,0,0,0,0,0,none,0,,1303466783
,HALIDERE'DE TEMİZ 1+1 DAİRE,none,0,0,0,0,0,none,0,,1299827759
,GÖLCÜK ŞEHİTLERDE 11 YILLIK ARAKAT 2+1 110 m²,none,0,0,0,0,0,none,0,,1310995883
,YAMAN EMLAK'tan SATILIK A-5ARAKAT DAİRE 3+1 MAVİŞEHİR SİT'DE,none,0,0,0,0,0,none,0,,1294003870
Ara Kat,"RemaxÇakra Ömer ONAYCI'dan Site İçinde Sıfır 3+1, Ekstralı Daire",none,0,0,0,0,0,none,0,,1319780406
,ACİL KELEPİR DAİRE,none,0,0,0,0,0,none,0,,1325843725
En Üst Kat,"Piyale Paşa'da Merkezi Konumda, Geniş ve Ferah 2+1",none,0,0,0,0,0,none,0,,1308775359
Ara Kat,GÖLCÜK ŞEHİTLER MAHALLESİNDE MERKEZİ KONUMDA 3+1 FIRSATI!,none,0,0,0,0,0,none,0,,1322978487
Dubleks|En Üst Kat|Çatı Dubleksi,REMAX DREAMDEN HALIDEREDE 3+1 150 METREKARE SATILIK DAİRE,roof,1,1,0,0,0,detail,0,,1308112323
Ara Kat|Bahçe Dubleksi,Gölcük sahil'e sıfır 3+1,garden,1,0,1,0,0,detail,0,,1300387040
Ara Kat,GÖLCÜK TOKİ'DE 2+1 90M2 SATILIK ARAKAT DAİRE,none,0,0,0,0,0,none,0,,1294616795
Ara Kat,sahibinden satılık 3+1,none,0,0,0,0,0,none,0,,1316292150
Ara Kat,Gölcük Piyalepaşa Mah.D130 Üzerinde Yenilenmiş 3+1 Ara Kat Daire,none,0,0,0,0,0,none,0,,1325599929
Ara Kat,"Donanma'da Ana Yola Cephe, Kentsel Dönüşüm Fırsatı !!!",none,0,0,0,0,0,none,0,,1314354568
En Üst Kat,Acil satılık,none,0,0,0,0,0,none,0,,1325448746
Ara Kat,YC GROUPTAN DENİZ MANZARALI ARA KAT GENİŞ SÜPER KONUM,none,0,0,0,0,0,none,0,,1325372457
Ara Kat,CB ELEXUS| Çarşı Merkez'de 2+1 Arakat Satılık Daire,none,0,0,0,0,0,none,0,,1325371708
Ara Kat,SAHİBİNDEN ACİL SATILIK,none,0,0,0,0,0,none,0,,1325300810
Ara Kat,Kocaeli Gölcük Yazlık Mah. Satılık 4+1 Daire,none,0,0,0,0,0,none,0,,1325316450
Ara Kat,GÖLCÜK KAVAKLI MAHALLESİNDE 3+1 ARAKAT SATILIK DAİRE,none,0,0,0,0,0,none,0,,1317101078
Çatı Dubleksi,EMAY'DAN GÖLCÜK ÇİFTLİK MAH. SİTE İÇİ 2+1 SATILIK FIRSAT DAİRE !,roof,1,1,0,0,0,detail,0,,1322240549
Ara Kat,Sahibinden 2+1 Ara kat,none,0,0,0,0,0,none,0,,1325119509
,GÖLCÜK SİVRİTEPE TOKİ KONUTLARI SATILIK 3+1 DAİRE,none,0,0,0,0,0,none,0,,1304198334
,2+1 ARAKAT DAİRE (1 AY ANAHTAR TESLİM!),none,0,0,0,0,0,none,0,,1317146703
Çatı Dubleksi,GÖLCÜK ÇİFTLİK'TE SATILIK 2+1 LÜKS REZİDANS DAİRE.,roof,1,1,0,0,0,detail,0,,1278485349
,Yenilenmiş İç Mimarisiyle Masraf Gerektirmeyen Lüks Daire,none,0,0,0,0,0,none,0,,1243094812
,Sahibinden Gölcük Kavanium 1.Etap Satılık,none,0,0,0,0,0,none,0,,1284170430
,KOCAELİ GÖLCÜK YAZLIK YENİ MAHALLEDE SATILIK 1+1 DAİRE,none,0,0,0,0,0,none,0,,1314789642
En Üst Kat,TURYAP DONANMA' DAN KAVAKLI MAH.SATILIK DAİRE,none,0,0,0,0,0,none,0,,1299765903
,"""""ACİİL"""" SATILIK DAİRE """"FIRSAT""""",none,0,0,0,0,0,none,0,,1287243632
Ara Kat,"KAVAKLI SAHİLDE DENİZE SIFIR, FULL DENİZ MANZARALI 3+1 DAİRE...",none,0,0,0,0,0,none,0,,1315910492
,140 m2 FULL DONANIMLI ARSA PAYI YÜKSEK 3+1 Müstakil Bina,none,0,0,0,0,0,none,0,,1324817382
Ara Kat,FİYAT DÜŞTÜÜ! BU FİYATA FULL DENİZ MANZARALI DAİRE BULUNMAZZ...,none,0,0,0,0,0,none,0,,1292201881
,%80 İNE KREDİ İMKAMLI SİTE İÇİ 2+1 YÜKSEK GİRİŞ,none,0,0,0,0,0,none,0,,1296502339
En Üst Kat,REMAX NATURAL DEN DÜZAĞAÇ KALICI KONUTLARINDA 2+1 SATILIK,none,0,0,0,0,0,none,0,,1302032008
Ara Kat,İKONX'TEN GÖLCÜK HALIDERE SAHİLDE SATILIK DAİRE,none,0,0,0,0,0,none,0,,1324418641
En Üst Kat,MERALLER EMLAKTAN GÖLCÜK DUMLUPİNARDA ACİL SATILIK 3+1 DAİRE,none,0,0,0,0,0,none,0,,1293876569
,ŞENSEL EMLATAN FIRSAT 3+1 ARAKAT MERKEZİ KONUMDA,none,0,0,0,0,0,none,0,,1324199635
Ara Kat,HALIDERE LEB-İ DERYA FUL DENİZ MANZARALI ARAKAT SATILIK DAİRE,none,0,0,0,0,0,none,0,,1291825192
En Üst Kat,GÖLCÜK TOKİ KONUTLARINDA SATILIK 120M² DAİRE,none,0,0,0,0,0,none,0,,1324093417
Ara Kat,SATILIK YATIRIMA VE KİRALAMAYA UYGUN FIRSAT 2+1 DAİRE,none,0,0,0,0,0,none,0,,1290301759
,GÖLCÜK MERKEZ'DE KELEPİR 2+1,none,0,0,0,0,0,none,0,,1315786359
,RE/MAX DREAM GÜVENCESİİLE SATILIK 3+1 DAİRE,none,0,0,0,0,0,none,0,,1312335631
,FULL KREDİ İMKANLI ÇİFTLİK MAHALLESİNDE SATILIK 1+1 ARAKAT DAİRE,none,0,0,0,0,0,none,0,,1313410336
Ara Kat,SATILIK 2+1 GÖLCÜK KARAKÖPRÜ'DE KİRACILI ARA KAT DAİRE,none,0,0,0,0,0,none,0,,1303041031
,GÖLCÜK MERKEZDE FULLL YAPILI MASRAFSIZ 1. KAT DAİRE,none,0,0,0,0,0,none,0,,1323758908
Ara Kat,GÖLCÜK KALICI KONUTLARINDA ARSA PAYI YÜKSEK,none,0,0,0,0,0,none,0,,1286354013
Ara Kat,GÖLCÜK ÇİFTLİK 'TE 1+0 EŞYALI YATIRIM FIRSATI STÜDYO DAİRE,none,0,0,0,0,0,none,0,,1304456710
Ara Kat,EMLAK YATIRIM'dan Gölcük piyalepaşa Mahallesi'nde 2+1 Arakat,none,0,0,0,0,0,none,0,,1323597011
,DENİZE SIFIR | EŞSİZ KÖRFEZ MANZARALI 2+1 DAİRE,none,0,0,0,0,0,none,0,,1323469677
Ara Kat,Gölcük Şirinköy'de Satılık 2+1 Sıfır Arakat Daire,none,0,0,0,0,0,none,0,,1315610097
Ara Kat,TRUE LIFE GAYRİMENKUL'DEN SATILIK 2+1 ARAKAT DAİRE,none,0,0,0,0,0,none,0,,1320592165
,S İ V R İ T E P E T O Kİ 'DE S A H I B I N D E N 3+1daire,none,0,0,0,0,0,none,0,,1241132368
Ara Kat|Çatı Dubleksi,GÖLCÜK PİYALEPAŞA MAH SATILIK 4+1 DAİRE,roof,1,1,0,0,0,detail,0,,1323368375
,Sahibinden satılık merkezi konumda 1+1,none,0,0,0,0,0,none,0,,1312284425
Ara Kat,ŞÖMİNELİ LÜKS İŞÇİLİKLİ 3+1 DENİZ MANZARALI ULAŞLIDA ÖZEL YAPI,none,0,0,0,0,0,none,0,,1306197646
En Üst Kat,"MERKEZİ KONUMDA,İÇİ YAPILI 2+1 80M² DAİREMİZ SATILIKTIR",none,0,0,0,0,0,none,0,,1294607280
Çatı Dubleksi,BU FIRSAT KAÇMAZ ULTRA LÜKS DAİRE VİLLA KONFORUNDA...,roof,1,1,0,0,0,detail,0,,1323033592
,MERKEZ EMLAKTAN SATILIK 3+1 ARAKAT DAİRE,none,0,0,0,0,0,none,0,,1279715212
,HİSAREYN KARAKÖPRÜ MH. 3+1 DÜZ DAİRE,none,0,0,0,0,0,none,0,,1322943229
,YAMAN EMLAK'tan SATILIK EŞYALI DAİRE 3+1,none,0,0,0,0,0,none,0,,1323353104
,MERKEZ EMLAKTAN ÇARŞI İÇİNDE SATILIK 3+1 DAİRE,none,0,0,0,0,0,none,0,,1317917642
Ara Kat,GÖLCÜK MERKEZ'DE FERAH 130 m² 2+1 ARA KAT SATILIK ARAKAT DAİRE,none,0,0,0,0,0,none,0,,1322777054
Çatı Dubleksi,YÜKSEK KREDİ İMKANLI İSKANLI PANORAMİK DENİZ MANZARALI 4+1 DAİRE,roof,1,1,0,0,0,detail,0,,1262514037
Ara Kat,KAVANİUM 2 SİTESİNDE SAHİBİNDEN 2+1 SATILIK DAİRE,none,0,0,0,0,0,none,0,,1304462378
Ara Kat,YAZLIK'TA 3+1 SATILIK ARA KAT DAİRE,none,0,0,0,0,0,none,0,,1322766959
,SAHİBİNDEN YAZLIK YENİ MAH. 3+1 YÜKSEK GİRİŞ KAT GENİŞ DAİRE,none,0,0,0,0,0,none,0,,1322720966
,Gölcük Şehitler 2+1 Asansörlü Daire,none,0,0,0,0,0,none,0,,1306933812
,Merkeze yakın Uygun daire,none,0,0,0,0,0,none,0,,1199518134
,GOLCUK PİYALEPASA MH 2+1 DAİRE,none,0,0,0,0,0,none,0,,1316740536
,"EVİM,den GÖLCÜK KAVAKLI,DA SAHİLİNE 50M MESAFEDE 3+1&150M2 DAİRE",none,0,0,0,0,0,none,0,,1275318173
Ara Kat,GÖLCÜK ŞİRİNKÖY 3+1 SATILIK DAİRE (TOKİ KONUTLARI),none,0,0,0,0,0,none,0,,1321359435
Ara Kat,Gölcük Kavaklı Mahallesi Satılık 3+1 Ara Kat Re\Max Çakra,none,0,0,0,0,0,none,0,,1322345949
En Üst Kat,2+1 DENİZ MANZARALI SIFIR YAPILI,none,0,0,0,0,0,none,0,,1322305142
En Üst Kat,E&G EMLAK'TAN HALIDERE SAHİLDE FIRSAT!,none,0,0,0,0,0,none,0,,1257660586
Ara Kat,RemaxÇakra Ömer ONAYCI'dan Donanma Mah. Yatırımlık 2+1 Daire,none,0,0,0,0,0,none,0,,1316399264
,DENİZ VE YEŞİLİN İÇİNDE FIRSAT YAŞAM ALANI,none,0,0,0,0,0,none,0,,1321578591
Bahçe Dubleksi,"HEM DOĞADA, HEM DE MERKEZE YAKIN DAİREM OLSUN İSTEYENLER İÇİN!..",garden,1,0,1,0,0,detail,0,,1310779754
,ÇİFLİK MH DOĞA İLE İÇ İÇE DENİZ MANZARALI 3+1 YAŞAM ALANI,none,0,0,0,0,0,none,0,,1321545335
Ara Kat,GÖLCÜK ÇİFTLİK MAH.ŞEHRİ TORUNOĞLU SİT. 2+1 LÜKS SATILIK ARAKAT,none,0,0,0,0,0,none,0,,1310483412
,Şensel emlak'tan Kalıcı konutlarda satılık Lokasyon fırsatı,none,0,0,0,0,0,none,0,,1315685582
,HALIDERE'DE SIFIR EŞYALI SATILIK 3+1 DAİRE,none,0,0,0,0,0,none,0,,1281435948
Dubleks,REMAX'DEN YAZLIK ILICA EVLERİNDE ACİLL SATILIK 4+1 BOŞ DAİRE,standard,1,0,0,0,1,detail,0,,1315867037
Ara Kat,Gölcük Mareşal Fevzi Çakmak Caddesinde Home Ofis Re/Max Çakra,none,0,0,0,0,0,none,0,,1304341596
Ara Kat,BARIŞ DELUXE2 |SINIRSIZ KREDİ|KAPALI OTOPARK|SIĞINAK|ARA KAT 3+1,none,0,0,0,0,0,none,0,,1304773707
,3+1 YÜKSEK GİRİŞ DAİRE,none,0,0,0,0,0,none,0,,1324079465
Ara Kat,"GÖLCÜK HALIDEREDE DENİZE YAKIN, FERAH 3+1 SATILIK DAİRE",none,0,0,0,0,0,none,0,,1315275312
Çatı Dubleksi,EMAEMLAK HİSAREYN ESENTEPE DE 3+1 FULL DENİZ MANZARALI SİTE İÇİ,roof,1,1,0,0,0,detail,0,,1292661930
,SATILIK LÜKS DAİRE,none,0,0,0,0,0,none,0,,1327806609
,T DEMİR GAYRİMENKULDEN HAVUZLU SİTEDE FIRSAT 3+1 DAİRE,none,0,0,0,0,0,none,0,,1308892054
Ara Kat,Satılık 3+1 Full Eşyalı Daire Site İçinde - Ara Kat,none,0,0,0,0,0,none,0,,1327508842
En Üst Kat,önü kapanmaz manzaralı gün boyu ışık alan aydınlık yuva 3+1,none,0,0,0,0,0,none,0,,1314605680
,Basiskele Yesilyurt Mahallesin 2+1 Yuksek Giris Daire,none,0,0,0,0,0,none,0,,1327427642
Ara Kat,BAŞİSKELE YEŞİLYURT MAHALLESİNDE SATILIK 2+1 ARAKAT DAİRE,none,0,0,0,0,0,none,0,,1327339436
,ÇELİK-AY GAYRİMENKUL'DEN SATILIK 3+1 GİRİŞ KAT DAİRE,none,0,0,0,0,0,none,0,,1327325926
Ara Kat,BAŞİSKELE BARBOROS MAH. 2+1 ARAKAT DAiRE,none,0,0,0,0,0,none,0,,1314855304
En Üst Kat,AYDINKENT KONUTLARI 3+1 100M² DAİREMİZ SATILIKTIR,none,0,0,0,0,0,none,0,,1327141975
Bahçe Dubleksi,BAŞİSKELE BARBAROS MAH. SİTE İÇİ LÜKS 4+1 SATILIK 239 M2 DAİRE !,garden,1,0,1,0,0,detail,0,,1324100916
,Satılık daire,none,0,0,0,0,0,none,0,,1326859826
Ara Kat,Sahibinden Satılık 3+1 Arakat Daire,none,0,0,0,0,0,none,0,,1326575719
Ara Kat,"İLAN SAHİBİNDEN 3+1 ARA KAT, ÖN CEPHE, KREDİYE UYGUN",none,0,0,0,0,0,none,0,,1291271233
,RE/MAX ÇAKRA'dan Kavaklı Mahallesi 2+1 SATILIK Daire,none,0,0,0,0,0,none,0,,1327920126
,MUHTEŞEM LOKASYON,none,0,0,0,0,0,none,0,,1325009377
Ara Kat,Gölcük İhsaniye Balaban Yaşam Sitesi 3+1 Satılık Daire,none,0,0,0,0,0,none,0,,1327842986
,DEĞİRMENDERE MERKEZDE SATILIK 3+1 DAİRE,none,0,0,0,0,0,none,0,,1327773641
,YALI MAHALLESİ SAHİLDE SAHİBİNDEN SATILIK SIFIR 2+1 LÜX DAİRE,none,0,0,0,0,0,none,0,,1327732852
Ara Kat,Sahibinden Satılık 3+1 Daire | Geniş Kullanım Alanı,none,0,0,0,0,0,none,0,,1327717789
Ara Kat,CAN EMLAK - YÜZBAŞILAR 3+1 - 120 M2 '' HAZIR KİRACILI '',none,0,0,0,0,0,none,0,,1319641148
Çatı Dubleksi,EMİNEVİME UYGUN DEĞİRMENDERE CENGİZ TOPEL OKULUNUN YANI,roof,1,1,0,0,0,detail,0,,1308048070
,Gölcük Şirinköy'de Kaçırılmayacak 2+1 | Araç Takas İmkanıyla,none,0,0,0,0,0,none,0,,1327642274
,EŞSİZ PANORAMİK DENİZ MANZARALI 3+1 Daire,none,0,0,0,0,0,none,0,,1318798228
Ara Kat,DONANMA KALICI KONUTLARDA 3+1 ÇOK BAKIMLI FIRSAT DAİREEEE,none,0,0,0,0,0,none,0,,1193255244
Ara Kat,ÇARŞAMBA PAZARI YANI EMEK SİTRSİNDE 3+1 ARAKAT DAİRE,none,0,0,0,0,0,none,0,,1327461541
Ara Kat,"Deniz ve Doğa Manzaralı , Lüks Geniş Ara Kat",none,0,0,0,0,0,none,0,,1327243297
Ara Kat,LUXORA'DAN GÖLCÜK KARAKÖPRÜ MAH'DE SATILIK 2+1 ARA KAT DAİRE,none,0,0,0,0,0,none,0,,1320342153
En Üst Kat,Kavaklı'da Merkezi Konumda Yapılı 2+1 Daire,none,0,0,0,0,0,none,0,,1327169053
,MERKEZİ KONUMDA HAZIR KİRACILI İÇİ KOMPLE YAPILI YATIRIM FIRSATI,none,0,0,0,0,0,none,0,,1323254488
,YAZLIK MERKEZİ KONUMDA 3+1 SİTE İÇERİSİNDE SATILIK DAİRE,none,0,0,0,0,0,none,0,,1327113840
,FIRSAT 2 + 1 ARA KAT,none,0,0,0,0,0,none,0,,1314917811
Ara Kat,İhsaniye Merkezde 3+1 Ara Kat Satılık Daire,none,0,0,0,0,0,none,0,,1326995919
,DERİNDEN GÖLCÜK SARAYLI KALICI KONUTLAR'DA SATILIK 3+1 DAİRE,none,0,0,0,0,0,none,0,,1320547435
En Üst Kat,Değirmenderede Mükemmel Merkezi Konumda 3+1 Daire,none,0,0,0,0,0,none,0,,1326797258
Ara Kat,EMA EMLAK ÇİFTLİK MAH.1+1 ARAKAT TORUNOĞLU PRİME FSM LİSESİ ARKA,none,0,0,0,0,0,none,0,,1326682849
,FUL DENİZ MANZARALI 2 MUTFAKLI 2+1 GENİŞ TERASLI KİLERLİ DAİRE!!,none,0,0,0,0,0,none,0,,1320558706
,Sahibinden 3+1 Ara Kat Geniş Daire,none,0,0,0,0,0,none,0,,1326548668
,SATILIK | ERTUĞRULGAZİDE GENİŞ 2+1 LÜX ARAKAT,none,0,0,0,0,0,none,0,,1316509636
Çatı Dubleksi,CB MAHALL'DEN KARTEPE FSM'DE GENİŞ METRAJLI 4+1 DAİRE,roof,1,1,0,0,0,detail,0,,1325023171
,Satılık daire,none,0,0,0,0,0,none,0,,1327910939
Ara Kat,ATAKENT GAYRİMENKULDEN ATAKENT AVM'NİN KARŞISINDA SATILIK DAİRE,none,0,0,0,0,0,none,0,,1321984122
,KARTEPE ATAEVLER 3+1 SATILIK DAİRE,none,0,0,0,0,0,none,0,,1309531297
,"Kartepe Ataevler'de Satılık 3+1 Daire: 135m², Yüksek Giriş",none,0,0,0,0,0,none,0,,1303660767
,YÜKSEK KREDI 3+1 YÜKSEK GIRIŞ DAIREMIZ SATILIKTIR,none,0,0,0,0,0,none,0,,1327814481
,Kartepe dosteller sitesi 3+1 arakat,none,0,0,0,0,0,none,0,,1314499295
,KARTEPE ATAEVLERDE GENİŞ AYRI MUTFAK KAT MÜLKİYETLİ 1+1 DAİRE,none,0,0,0,0,0,none,0,,1327694939
,KARTEPE KÖSEKÖY İSTASYON MAH 3+1 DAİRE,none,0,0,0,0,0,none,0,,1274896345
,KARTEPE İBRİKDERE SATILIK BUTİK SİTE İÇİ 2+1 DAİRE,none,0,0,0,0,0,none,0,,1321573749
,KREDİYE EMİNEVİME UYGUN BUTİK SİTE İÇİNDE KULLANIŞLI 2+1,none,0,0,0,0,0,none,0,,1327622002
,KARTEPE ATAEVLER 2+1 SATILIK FIRSAT SON DAİRE,none,0,0,0,0,0,none,0,,1299217410
,Kocaeli kartepe Ataevler site içi 3 + 1 satılık ara kat,none,0,0,0,0,0,none,0,,1327572495
Dubleks|Bahçe Dubleksi|Ters Dubleks,"KENT MEYDANI SİTEDE HAVUZLU,KAPALI OTOPARKLI BAHÇELİ 3+1-170M2",garden,1,0,1,0,0,detail,0,,1303084152
,SAHİBİNDEN 2+1 ARAKAT DAİRE,none,0,0,0,0,0,none,0,,1327537082
En Üst Kat,ALTIN EMLAK'tan ATAEVLER AYKENT SİTESİ SATILIK YENİ YAPILI 3+1,none,0,0,0,0,0,none,0,,1319928913
,ERTUĞRUL GAZİ MAHALLESİNDE 3+1 FERAH VE YAŞAMA HAZIR DAİRE,none,0,0,0,0,0,none,0,,1327537139
,MERKEZİ KONUM HAVUZLU VE ASANSÖRLÜ SİTE İÇİ KULLANIŞLI DAİRE,none,0,0,0,0,0,none,0,,1273196822
,KOCAELİ KARTEPE SATILIK 2+1 YERDEN ISITMALI ARAKAT,none,0,0,0,0,0,none,0,,1327595570
,YAĞMURDAN DUMLUPINARDA 1+1 SATILIK REZİDANS OFİS,none,0,0,0,0,0,none,0,,1327318434
,KARTEPE EMEKEVLER MAHALLESİNDE 2+1 YÜKSEK GİRİŞ SATILIK DAİRE,none,0,0,0,0,0,none,0,,1321288536
Ara Kat,KARTEPE ATAEVLER DE 3+1 YERDEN ISITMA ARA KAT SATILIK DAİRE,none,0,0,0,0,0,none,0,,1309739971
,ARAS'dan ERTUĞRULGAZİ SATILIK DAİRE AÇIKLAMAYI OKUYUN!!!!!!,none,0,0,0,0,0,none,0,,1316094826
,KARTEPE DUMLUPINAR MAH SATILIK LÜKS DAİRE,none,0,0,0,0,0,none,0,,1324403370
,Merkez konumda ara kat 2+1,none,0,0,0,0,0,none,0,,1236313850
,ASANSÖRLÜ HAVUZLU GÜVENLİKLİ SPOR SALONU 3+1 170M2 SATILIK DAİRE,none,0,0,0,0,0,none,0,,1327737298
,HASANPAŞA MAHALLESI YÜKSEK GIRIŞ 2 + 1 DAIREMIZ SATILIK,none,0,0,0,0,0,none,0,,1321297609
Ara Kat,MERKEZİ KONUMDA İSTASYONDA 2+1 ARAKAT DAİRE,none,0,0,0,0,0,none,0,,1321262581
Ara Kat,KARTEPE DUMLUPINARDA MERKEZİ KONUMDA SATILIK TERASLI 1+1 DAİRE,none,0,0,0,0,0,none,0,,1304355518
Ara Kat,KARTEPE CARPEDİEM SİTESİNDE 2+1 ARA KAT SATILIK DAİRE,none,0,0,0,0,0,none,0,,1287602235
,KARTEPE KENT MEYDANI EMAR DELUXE SİTESİNDE SATILIK 2+1 ZEMİN KAT,none,0,0,0,0,0,none,0,,1327794286
,"Emekevler'de Çift Balkonlu, Oturuma Hazır 2+1 Fırsat Daire",none,0,0,0,0,0,none,0,,1321127686
,REMAX MAVİ'DEN KARTEPE KÖSEKÖY'DE SATILIK SİTE İÇİ 3+1 DAİRE,none,0,0,0,0,0,none,0,,1303249030
Ara Kat,KARTEPE ATAEVLER MH'DE 2+1 SATILIK DAİRE,none,0,0,0,0,0,none,0,,1327070935
,KARTEPE ERTUĞRUL GAZİ MAH'DE ASANSÖRLÜ ARA KAT SATILIK 2+1 DAİRE,none,0,0,0,0,0,none,0,,1318551509
Ara Kat,ARSLANBEY MAHALLESİ 2+1 SATILIK.... 2 MİLYON KREDİ İMKANI....,none,0,0,0,0,0,none,0,,1310572040
Ara Kat,Tarcanlardan Kartepe Uzunçiftlik 2+1 Satılık Ara Kat Daire,none,0,0,0,0,0,none,0,,1326987697
Ara Kat,KARTEPE F.S.M. SATILIK 2+1 ARAKAT AYRI MUTFAKLI DAİRE,none,0,0,0,0,0,none,0,,1312888921
,İKONX' TEN İZMİT KÖSEKÖYDE SATILIK 2+1 DAİRE,none,0,0,0,0,0,none,0,,1326935527
,KARTEPE DUMLUPINAR MAH DE SATILIK 3+1 FIRSAT DAİRE,none,0,0,0,0,0,none,0,,1298225819
Dubleks,FSM de 3+1 LÜX DAİRE ASANSÖRLÜ İSKAN ALINMIŞ KREDİ LİMİTİ YÜKSEK,standard,1,0,0,0,1,detail,0,,1321043192
Ara Kat,Ertuğrulgazi'de krediye uygun 3+1 Arakat Satılık Daire,none,0,0,0,0,0,none,0,,1311722304
,KAPLAN GAYRİMENKUL'DEN 3+1 GİRİŞ KAT DAİRE,none,0,0,0,0,0,none,0,,1326825443
,KARTEPE ATAEVLERDE SON KALAN FIRSAT SATILIK 3+1 ARA KAT DAİRE,none,0,0,0,0,0,none,0,,1310161529
,Kartepe Sağlık Kent Konutları Ayrı Mutfaklı 2+1 Satılık Daire,none,0,0,0,0,0,none,0,,1297755323
,KENT MEYDANI SİTE İÇİNDE DAİRE 3+1 145 M2 ARAÇ TAKASLI,none,0,0,0,0,0,none,0,,1281595611
Ara Kat,KOCAELI KARTEPE NEFF VIZYON 3+1 LÜKS DAIRE,none,0,0,0,0,0,none,0,,1320514556
,YOLDAŞ EMLAKTAN FSM MAH 2+1 ARAKAT DAİRE,none,0,0,0,0,0,none,0,,1303893623
,Kocaeli Kartepe Ertuğrul gazi 3 + 1 satılık daire,none,0,0,0,0,0,none,0,,1326824031
,KARTEPE ATAEVLER SATILIK 3+1 SATILIK GİRİŞ KAT,none,0,0,0,0,0,none,0,,1310123515
Ara Kat,KARTEPE ZERAY EFFECT SATILIK 3+1 BÜYÜK TİP DAİRE,none,0,0,0,0,0,none,0,,1278079321
,DERİN'DEN ERT. GAZİ MAH. SİTE İÇERİSİNDE SATILIK 2+1 DÜZ DAİRE,none,0,0,0,0,0,none,0,,1323608940
En Üst Kat,Kartepe Uzunçiftlik de site içi 1+1 satılık daire,none,0,0,0,0,0,none,0,,1320468851
,Kocaeli kartepe istasyon 2 + 1 ara kat satılık daire,none,0,0,0,0,0,none,0,,1323689307
,SİTE İÇİ ASANSÖR GÜVENLIK HAVUZ KAPALI OTOPARK YÜKSEK KREDI,none,0,0,0,0,0,none,0,,1303117021
,SARIMEŞE KONAKLARI 130 m2 3+1 ARAKAT DAİRE ! EBEVEYN BANYOLU.,none,0,0,0,0,0,none,0,,1315209440
,MERKEZ EMLAKDAN 480 RESİDANCEDE 2+1ARAKAT SATILIK DAİRE BOŞ,none,0,0,0,0,0,none,0,,1272658665
,TAMAMINA YAKIN KREDİYE VE EMİNEVİME UYGUN!İSKANLI GENİŞ BALKONLU,none,0,0,0,0,0,none,0,,1320305888
,Turyap Palas'tan | Çınar Sitesi 3+1 Satılık Daire,none,0,0,0,0,0,none,0,,1241629052
,KARTEPENİN MERKEZİ DUMLUPINAR MAH. ANA CADDE YANI GENİŞ DAİRE,none,0,0,0,0,0,none,0,,1301180820
,KARTEPE FORUM ANATOLİA 3+1 ÖZEL BAHÇE KULLANIMLI SATILIK DAİRE,none,0,0,0,0,0,none,0,,1323256128
Dubleks,LEXUS PRİME DAN EMEKEVLERDE ÖZDİLEĞE YÜRÜME MESAFE,standard,1,0,0,0,1,detail,0,,1319949496
,KARTEPE ATAEVLER SATILIK 3+1 DAIRE - SAHIBINDEN,none,0,0,0,0,0,none,0,,1314822402
,ERTUĞRUL GAZİ'DE SİTE İÇERİSİNDE SATILIK 3+1 LÜKS ARA KAT,none,0,0,0,0,0,none,0,,1323189714
Ara Kat,GÖZEL GAYRİMENKULDEN KARTEPE ATAEVLER MH.2+1 2. KAT DAİRE,none,0,0,0,0,0,none,0,,1323401670
Ara Kat,KARTEPE FSM SAĞLIK KENT SİTESİ | 1+1 ARAKAT | YATIRIMLIK,none,0,0,0,0,0,none,0,,1314734644
En Üst Kat|Çatı Dubleksi,END'DEN 480 RESİDENCE SATILIK 5+1 15 HAZİRAN BOŞ 310 M2 DAİRE,roof,1,1,0,0,0,detail,0,,1250193972
Ara Kat,KARTEPE CADDE LİFE SİTESİ'NDE 3+1 C BLOK'DA ARAKAT SATILIK DAİRE,none,0,0,0,0,0,none,0,,1326357592
,DEALLİFE'DAN HASANPAŞADA BUTİK SİTE İÇİ YÜKSEK GİRİŞ 2+1 DAİRE,none,0,0,0,0,0,none,0,,1325941706
,Kocaeli kartepe Köseköy merkez 2 + 1 satılık daire,none,0,0,0,0,0,none,0,,1326313434
Çatı Dubleksi,FIRSAT 2+1 DAİRE UYGUN FİYAT,roof,1,1,0,0,0,detail,0,,1325907767
,SATILIK DAİRE,none,0,0,0,0,0,none,0,,1326006104
,FSM'DE ASANSÖRLÜ 2+1 GENİŞ SATILIK DAİRE,none,0,0,0,0,0,none,0,,1320548229
Ara Kat,KARTEPE İSTASYON MAHALLESİNDE E-5 YAKIN SATILIK 3+1 120m² DAİRE,none,0,0,0,0,0,none,0,,1319643618
,KARTEPE ASLANBEY VERA LİFE SİTESİ SATILIK 2+1 GİRİŞ KAT DAİRE,none,0,0,0,0,0,none,0,,1312992266
Dubleks,KARTEPE FATIHSULTANMEHMET MAH`DE MODERN MİMARİ ADRESİ 3+1 DAİRE,standard,1,0,0,0,1,detail,0,,1312861737
,KARTEPE UZUNÇİFTLİK ÖZDİLEK KARŞISINDA 2+1 GİRİŞ SATILIK DAİRE,none,0,0,0,0,0,none,0,,1305881872
,KOCAELİ KARTEPE SARIMEŞE İLKÖĞRETİM OKULU YAKINI 2+1 DAİRE,none,0,0,0,0,0,none,0,,1314434087
,KARTEPE FSM.MAH SİTE İÇİ SATILIK 3+1 PAZARLIK PAYI VARDIR,none,0,0,0,0,0,none,0,,1325562334
Ara Kat,TURYAP'TAN KARTEPE İSTASYONDA 3+1 ARAKAT DAİRE,none,0,0,0,0,0,none,0,,1314357415
,KOCAELİ KARTEPE UZUNÇİFTLİK MAHALLESİ SATILIK DAİRE,none,0,0,0,0,0,none,0,,1311187440
,sahibinden,none,0,0,0,0,0,none,0,,1225948034
Dubleks,KARTEPE MANZARALI ÖNÜ KAPANMAZ OLDUKÇA BÜYÜK TERASLI 4+1,standard,1,0,0,0,1,detail,0,,1325937644
,KARTEPE İSTASYON MAHALLESİNDE E-5 YAKIN SATILIK 2+1 100m² DAİRE,none,0,0,0,0,0,none,0,,1319607878
,KARTEPE UZUNÇİFTLİK MAH SATILIK FIRSAT ARAKAT,none,0,0,0,0,0,none,0,,1322748066
,"Kartepe'de Havuzlu, Metro Yakını Satılık 2+1 Daire (İskanlı)",none,0,0,0,0,0,none,0,,1314033028
,DEALLİFE GAYRİMENKUL'DEN ERTUĞRULGAZİ'DE SATILIK 3+1 DAİRE,none,0,0,0,0,0,none,0,,1308328978
En Üst Kat,KARTEPE F.S.M MAHALLESİNDE 2+1 ÜSKAT SATILIK DAİRE,none,0,0,0,0,0,none,0,,1218876680
En Üst Kat,Son indirim. Sahibinden Ataşehir Mahallesi 132. Ada Satılık Boş,none,0,0,0,0,0,none,0,,1323743711
Ara Kat,ATAEVLER 2+1 ARAKAT YÜKSEK KREDİ A KALİTE,none,0,0,0,0,0,none,0,,1325374787
,Sahibinden Satılık Atakent Konutlarında 3+1 İçi Yapılı Daire,none,0,0,0,0,0,none,0,,1325215562
,ATAEVLER 3+1 YÜKSEK GİRİŞ YÜKSEK KREDİ A KALİTE,none,0,0,0,0,0,none,0,,1325368945
,daha büyük bir ev alağım için satılık,none,0,0,0,0,0,none,0,,1325146052
Dubleks|En Üst Kat|Ara Kat|Ara Kat Dubleks|Bahçe Dubleksi|Çatı Dubleksi|Forleks|Ters Dubleks|Tripleks,Kartepe Ataevler 2 + 1 site içi yüksek giriş satılık,roof,1,1,0,0,0,detail,0,,1314131308
,EMEKEVLER MAH'DE 125 m² FERAH 2+1 TÜM KATILIM SİSTEMLERİNE UYGUN,none,0,0,0,0,0,none,0,,1325119084
Ara Kat,PRY DEN KARTEPE DE YÜKSEK KREDİ İMKANI.EMLAK KOMİSYONU YOK,none,0,0,0,0,0,none,0,,1325275963
,İZMİT GÜNDOĞDU SATILIK MÜSTAKİL BAHÇELİ OTOPARKLI 3+1 LÜKS DAİRE,none,0,0,0,0,0,none,0,,1293850610
Çatı Dubleksi,ALİKAHYA FATİH MAH. SATILIK 3+1 EĞİMSİZ ÇATI DUBLEKS,roof,1,1,0,0,0,detail_and_title,0,,1325660156
Dubleks,FIRSAT BOĞAZOVA CADDESİ 2+1 ÖNÜ AÇIK MANZARALI DUBLEKS DAİRE,standard,1,0,0,0,1,detail_and_title,0,,1315345701
,İZMİT ÜNİVERSİTE YOLUN'DA 0 OTURUMA HAZIR GENİŞ 2+1SATILIK DAİRE,none,0,0,0,0,0,none,0,,1325768430
,GÜNDOĞDU'DA SATILIK BAHÇE DUBLEKS | 115 m2 | 2+1 FIRSAT DAİRE,garden,1,0,1,0,0,title,0,,1326492462
Dubleks|En Üst Kat|Çatı Dubleksi,İZMİT PLAJYOLU PREMİUMDA SIFIR 3+1 EĞİMSİZ ÇATI DUBLEKS DAİRE,roof,1,1,0,0,0,detail_and_title,0,,1318014998
Bahçe Dubleksi,İZMİT GÜNDOĞDU MAH. SATILIK 3+1 SIFIR BAHÇE DUBLEKS DAİRE,garden,1,0,1,0,0,detail_and_title,0,,1310992115
Ara Kat,Full Deniz ve Doğa Manzaralı | Eşyalı | 3+1 Ara Kat Lüks Daire,none,0,0,0,0,0,none,0,,1323205337
En Üst Kat,ÇAKIR GAYRİMENKUL DEN SATILIK DAİRE,none,0,0,0,0,0,none,0,,1328886408
Ara Kat,D2 GAYRİMENKUL'DEN BOĞAZOVA CADDESİNDE SATILIK 2+1 SIFIR DAİRE,none,0,0,0,0,0,none,0,,1323373652
Ara Kat,SAHİBİNDEN,none,0,0,0,0,0,none,0,,1322855332
Bahçe Dubleksi,İZMİT KURUÇEŞME'DE SATILIK 3+1 FIRSAT DUBLEKS DAİRE,garden,1,0,1,0,0,detail_and_title,0,title_generic_confirms_detail_subtype,1316581831
Ara Kat,KOCAELİ İZMİT KAVANYA KORU SİTESİ'NDE SATILIK 2+1 ARAKAT DAİRE,none,0,0,0,0,0,none,0,,1326200761
Çatı Dubleksi,3 KENT GAYRİMENKUL BOĞAZOVA CADDESİ'NDE SATILIK 3+1 ÇATI DUBLEKS,roof,1,1,0,0,0,detail_and_title,0,,1329108876
Çatı Dubleksi,SAHİBİNDEN KLİMALI BAKIMLI SATILIK FERAH ÇATI DUBLEKS DAİRE,roof,1,1,0,0,0,detail_and_title,0,,1322947915
En Üst Kat,İZMİT PLAJYOLU'NDA DENİZ MANZARALI FIRSAT 3+1 SATILIK DAİRE,none,0,0,0,0,0,none,0,,1329066489
Ara Kat,Kuruçeşme İremkent Sitesinde Satılık 3+1 Daire | 135 m²,none,0,0,0,0,0,none,0,,1323061111
Ara Kat,SEKBANLI TOKİ KONUTLARI'NDA 2+1 100m2 SATILIK DAİRE,none,0,0,0,0,0,none,0,,1328974658
Bahçe Dubleksi,TURYAP'TAN GÜNDOĞDU'DA BAHÇELİ GENİŞ 3+1 DUBLEKS,garden,1,0,1,0,0,detail_and_title,0,title_generic_confirms_detail_subtype,1317688727
,ASAYRADAN YEŞİLOVADA 2+1 SATILIK ARAKAT DAİRE,none,0,0,0,0,0,none,0,,1328222099
,Akpınar TOKİ konutlarında satılık 1+1 içi temiz daire,none,0,0,0,0,0,none,0,,1321799015
Ara Kat,İZMİT YENİMAHALLEDE MUAZZAM MANZARALI 90M2 SATILIK 2+1 DAİRE,none,0,0,0,0,0,none,0,,1325121993
Ara Kat,İZMİT TEPEKÖY MAHALLESİ MAMİKLER SİTESİ 2+1 SATILIK ARAKAT DAİRE,none,0,0,0,0,0,none,0,,1324983703
,Tarcanlardan Kocatepede Satılık 2+1 Ç.Dubleks,standard,1,0,0,0,1,title,0,,1328004602
Çatı Dubleksi,ERBAŞ GAYRİMENKUL'DEN PLAJYOLUN'DA 4+1 DUBLEKS SATILIK DAİRE,roof,1,1,0,0,0,detail_and_title,0,title_generic_confirms_detail_subtype,1328014940
Çatı Dubleksi,BOĞAZOVA CADDESİNDE EĞİMSİZ ÇATI DUBLEKS,roof,1,1,0,0,0,detail_and_title,0,,1295199895
Çatı Dubleksi,RE/MAX RAGNAS'TAN SATILIK 3+1 DENİZ MANZARALI ÇATI DUBLEKS,roof,1,1,0,0,0,detail_and_title,0,,1319111252
,ASAYRADAN AKPINAR TOKİ DE EŞYALI 2+1 SATILIK GİRİŞ KAT,none,0,0,0,0,0,none,0,,1322431239
,İZMİT YENİMAHALLE RADAR BÖLGESİ SATILIK 3+1 BAHÇE DUBLEKS DAİRE,garden,1,0,1,0,0,title,0,,1293810930
Ara Kat,İZMİT YUVAM AKARCA SATILIK ARAKAT YATRIMLIK ASANSÖRLÜ DAİRE,none,0,0,0,0,0,none,0,,1321852130
,YUVAM AKARCA EVLERİ DENİZ MANZARALI 3+1 BOŞ DAİRE,none,0,0,0,0,0,none,0,,1321763023
Bahçe Dubleksi,Boğazpva Çad.üzerinde 3+1 bahçe dublex,garden,1,0,1,0,0,detail_and_title,0,,1327706018
Çatı Dubleksi,İZMİT GÜNDOĞDU BOĞAZOVA'DA SATILIK 3+1 ÇATI DUBLEKS DAİRE,roof,1,1,0,0,0,detail_and_title,0,,1321551102
,SATILIK 3+1 BAHÇE DUBLEKS KONUMU ÇOK İYİ SIFIR DAİRE İZMİT,garden,1,0,1,0,0,title,0,,1327734181
Dubleks|Ters Dubleks,YEŞİLOVA MAH.BOĞAZOVA CAD.CEPHE SATILIK 3+1 EĞİMSİZ ÇATI DUBLEKS,standard,1,0,0,0,1,conflict_detail_wins,1,conflict detail=standard title=roof,1321301391
Ara Kat|Çatı Dubleksi,FIRSAT İZMİT GÜNDOĞDU 2+1 ÇATI DUBLEKS SATILIK DAİRE,roof,1,1,0,0,0,detail_and_title,0,,1327580055
Bahçe Dubleksi,DOĞUŞ YAPIDAN HATİPKÖYDE 3+1 LÜX VE FERAH BAHÇE DUBLEX,garden,1,0,1,0,0,detail_and_title,0,,1307676339
Bahçe Dubleksi,ZERAY DORA HİLL 'DE SATILIK SIFIR 1+1 BAHÇE DUBLEKS DAİRE,garden,1,0,1,0,0,detail_and_title,0,,1321328821
Ara Kat,YEŞİLOVA MAH.BOĞAZOVA CAD. SATILIK 2+1 ARA KAT DAİRE SİTE İÇİNDE,none,0,0,0,0,0,none,0,,1321684122
En Üst Kat,YUVAM AKARCA'DA EVİM FİN. VE KREDİYE UYGUN FIRSAT 2+1 DAİRE,none,0,0,0,0,0,none,0,,1327135005
,İZMİT ALİKAHYA'DA GÜZEL KONUMDA FERAH 3+1 SATILIK DAİRE,none,0,0,0,0,0,none,0,,1324113886
Dubleks|En Üst Kat|Çatı Dubleksi,lüks Daire 2+1 üst dubleks,roof,1,1,0,0,0,detail_and_title,0,title_generic_confirms_detail_subtype,1327016412
,ALİKAHYA ATATÜRK MH 3+1 EĞİMSİZ ÇATI DUBLEKS,roof,1,1,0,0,0,title,0,,1312627255
Bahçe Dubleksi,Reliance G.D. Şehir Hastanesine Yakın Konumda 2+1 Lüks Konut,garden,1,0,1,0,0,detail,0,,1326925174
,SAHİBİNDEN SATILIK 2+1 DAİRE,none,0,0,0,0,0,none,0,,1326903487
Ara Kat,İZMİT KAVANİUM SİTESİ YANI SATILIK SIFIR DAİRE,none,0,0,0,0,0,none,0,,1320679308
,ARAS GAYRİMENKUL'den 2+1 SATILIK DAİRE,none,0,0,0,0,0,none,0,,1326572158
,Satılık 2 + 1 daire,none,0,0,0,0,0,none,0,,1326522551
Çatı Dubleksi,TURKUAZ PARK'TA SATILIK DENİZ MANZARALI FULL YAPILI LÜKS DAİRE,roof,1,1,0,0,0,detail,0,,1320439096
Bahçe Dubleksi,GÜNDOĞDU ŞEHRİ BAHÇE SİTESİNDE SATILIK BAHÇE DUBLEKS DAİRE,garden,1,0,1,0,0,detail_and_title,0,,1256627928
Ara Kat,TURYAP'TAN ZERAY DORA HiLL'DE LÜKS YAŞAM,none,0,0,0,0,0,none,0,,1320597644
Ara Kat,YUVAM AKARCA KONUTLARINDA 3+1 SATILIK ARAKAT DAİRE,none,0,0,0,0,0,none,0,,1326360948
,satılık daire,none,0,0,0,0,0,none,0,,1326224778
,EMLAXO'DAN İZMİT SEKBANLI TOKİ'DE SATILIK 2+1 ARAKAT DAİRE,none,0,0,0,0,0,none,0,,1320283876
,"Kuruçeşme'de Fırsat! Bahçe Kullanımlı, Masrafsız 2+1 Daire",none,0,0,0,0,0,none,0,,1326043208
Ara Kat,YAHYA KAPTANDA SATILIK 1+1 EŞYALI DAİRE,none,0,0,0,0,0,none,0,,1319936040
Ara Kat,"Masrafsız, Deniz-Orman Manzaralı Lüks 1+1 eşyalı Daire",none,0,0,0,0,0,none,0,,1325870575
En Üst Kat|Ara Kat,Turan Ali Şafak Farkıyla Satılık Manzaralı Dublex Daire,standard,1,0,0,0,1,title,0,,1319591202
Çatı Dubleksi,SİTEDE DENİZ MANZARASI 3+1 GENİŞ DAİRE,roof,1,1,0,0,0,detail,0,,1326017425
Bahçe Dubleksi,Satılık 3+1 Bahçe Dubleks Daire İzmit Gündoğdu Mahallesi,garden,1,0,1,0,0,detail_and_title,0,,1326010608
,SEPETÇİ TOKİ KONUTLARINDA 2+1 SATILIK DAİRE,none,0,0,0,0,0,none,0,,1325718769
,SATILIK MANZARALI 2+1 DUBLEKS DAİRE,standard,1,0,0,0,1,title,0,,1314503446
,VakıfBank'tan Satılık 3+1 Dubleks Daire,standard,1,0,0,0,1,title,0,,1287000875
Ara Kat,Sahibinden merkezi lokasyonda geniş 3+1,none,0,0,0,0,0,none,0,,1290718523
,ŞEHİR HASTANESİ KARŞISI KREDİYE UYGUN2+1 DUBLEKS DAİRE,standard,1,0,0,0,1,title,0,,1307781041
Dubleks|En Üst Kat,DENİZ MANZARALI DUBLEX DAİRE,standard,1,0,0,0,1,detail_and_title,0,,1314023382
,SAHİBİNDEN SATILIK DAİRE,none,0,0,0,0,0,none,0,,1325160399
,Sahibinden Satılık,none,0,0,0,0,0,none,0,,1325066644
,"DENİZ MANZARALI, FERAH ÇATI DUBLEKS.",roof,1,1,0,0,0,title,0,,1307811750
Çatı Dubleksi,İZMİT YENİMAHALLE KURUÇEŞME DE SATILIK 2+1 DUBLEKS,roof,1,1,0,0,0,detail_and_title,0,title_generic_confirms_detail_subtype,1325089591
Çatı Dubleksi,KURUÇEŞME RADAR DENİZ MANZARALI ASANSÖRLÜ TERAS DUBLEKS 3+1,roof,1,1,0,0,0,detail_and_title,0,,1325408906
Çatı Dubleksi,İzmit Alikahyada 2+1 çatı dubleks satılık daire.,roof,1,1,0,0,0,detail_and_title,0,,1306590985
,KİRACILI 60mt2,none,0,0,0,0,0,none,0,,1318947924
Çatı Dubleksi,İZMİT ALİKAHYA TRAMVAYA 30 METRE 3+1 ÇATI DUBLEKS,roof,1,1,0,0,0,detail_and_title,0,,1324375068
Ara Kat,AKPINAR ARIZLI TOKİ 2+1 SATILIK DAİRE,none,0,0,0,0,0,none,0,,1324255777
Ara Kat,CB AKADEMİ İZMİT YAHYAKAPTAN TERRACE 1 SATILIK ARA KAT 1+1 DAİRE,none,0,0,0,0,0,none,0,,1325044920
Bahçe Dubleksi,ASAYRA EMLAKTAN YENİMAHALEDE 2+1 SATILIK GİRİS DUBLEKS,garden,1,0,1,0,0,detail_and_title,0,title_generic_confirms_detail_subtype,1312718812
,LOCATION'DAN AKPINAR TOKİ KONUTLARI SATILIK 1+1 EŞYALI DAİRE,none,0,0,0,0,0,none,0,,1324622263
Dubleks|En Üst Kat|Ara Kat|Çatı Dubleksi,100Favori-Sahibinden Manzaralı Kullanışlı Yerden Isıtma Çatı Dub,roof,1,1,0,0,0,detail,0,,1304570184
,ŞİRİNTEPEDE 2+1 DUBLEKS 155M2 TERASLI MANZARALI SATILIK DAİRE !,standard,1,0,0,0,1,title,0,,1312240596
Ara Kat,İZMİT GÜNDOĞDU MAHALLESİ SATILIK 2+1 ARA KAT ASANSÖRLÜ DAİRE,none,0,0,0,0,0,none,0,,1323875358
Ara Kat,Son Fiyat...BÜYÜK 1+1 85 M2 ARAKAT İZMİT ASKERLİK ŞB KARŞISI,none,0,0,0,0,0,none,0,,1291723654
Ara Kat,İZMİT TURGUT MAHALLESİ YUVAM TURGUT KONUTLARI SATILIK 3+1,none,0,0,0,0,0,none,0,,1323093323
Dubleks|Çatı Dubleksi,Sahibinden İzmit Çarşıda 3+1 Çatı Dubleks,roof,1,1,0,0,0,detail_and_title,0,,1329220553
,İZMİT AKÇAKOCA DA SATILIK 1+1 DAİRE,none,0,0,0,0,0,none,0,,1231272061
Ara Kat,Kent Konut 3 Sahibinden Boş Daire,none,0,0,0,0,0,none,0,,1329207846
,İZMİT KOZLUK'TA 2+1 SATILIK FIRSAT DAİRE,none,0,0,0,0,0,none,0,,1329124427
Ara Kat,İZMİT KANDIRA SAPAĞI MERKEZİ KONUMDA ASANSÖRLÜ SATILIK 2+1DAİRE,none,0,0,0,0,0,none,0,,1326125458
En Üst Kat,İZMİTİN GÖZDE SEMTLERİNDEN YENİŞEHİR MAHALLESİNDE SATILIK DAİRE,none,0,0,0,0,0,none,0,,1326091526
Çatı Dubleksi,İZMİT BAĞÇEŞME MODERN EVLERİNDE SATILIK DAİRE,roof,1,1,0,0,0,detail,0,,1323011538
Ara Kat,İZMİT MERKEZDE 2+1 FIRSAT DAİRE ACİL SATILIK,none,0,0,0,0,0,none,0,,1328963381
Ara Kat,ADLİYE KARŞISI SATILIK 2+1 ARAKAT DAİRE,none,0,0,0,0,0,none,0,,1328723992
Ara Kat,İzmit Kanlıbağ'da Satılık Bakımlı 2.5+1 Daire,none,0,0,0,0,0,none,0,,1322777313
Ara Kat,KÖRFEZ MAH. SATILIK 3+1 ARA KAT DAİRE,none,0,0,0,0,0,none,0,,1328667207
Ara Kat,Sahibinden İzmit Kadıköy'de Asansörlü Binada 3+1 Fırsat Daire,none,0,0,0,0,0,none,0,,1328591514
,Tarcanlardan Ceditte Satılık 2+1 Daire,none,0,0,0,0,0,none,0,,1328800821
,REMAX DREAM 'DEN YENİŞEHİR MAH. 1+1 ARA KAT DAİRE,none,0,0,0,0,0,none,0,,1328571132
Ara Kat,KONUMU ÇOK GÜZEL,none,0,0,0,0,0,none,0,,1328355368
Ara Kat,KENT KONUT 3.ETAP SİTESİ SATILIK 2+1 DAİRE KİRA GETİRİLİ,none,0,0,0,0,0,none,0,,1328306209
En Üst Kat,İKONX'TEN İZMİT ÇUKURBAĞ MAH. 3+1 SATILIK DAİRE,none,0,0,0,0,0,none,0,,1328297759
En Üst Kat,Sahibinden Mükemmel Konumda İçi Yenilenmiş Tramvaya Yakın 2+1,none,0,0,0,0,0,none,0,,1328045654
Bahçe Dubleksi,ASAYRA DAN BAĞÇEŞME'DE 2+1 DENİZ MANZ.BAHÇE DUBLEKS,garden,1,0,1,0,0,detail_and_title,0,,1282192949
Ara Kat,KOCAELİ İZMİT ÇUKURBAĞ'DA SATILIK 2+1 ARAKAT DAİRE,none,0,0,0,0,0,none,0,,1327996082
,Yahyakaptan Mahallesi ara kat satılık 2+1 daire,none,0,0,0,0,0,none,0,,1328132731
Çatı Dubleksi,KANDIRA SAPAĞI'NDA ASANSÖRLÜ BİNADA 135m² FERAH 2+1 ÇATI DUBLEKS,roof,1,1,0,0,0,detail_and_title,0,,1322038410
Ara Kat,İzmit Kent Konutları'nda Satılık 2+1 ARA KAT DAİRE,none,0,0,0,0,0,none,0,,1319190784
,İZMİT MERKEZDE SATILIK 2+1 FIRSAT DAİRE,none,0,0,0,0,0,none,0,,1325992694
Ara Kat,YUVAM TURGUT KONUTLARINDA EV SAHİBİNDEN SATILIK 3+1 DAİRE,none,0,0,0,0,0,none,0,,1301915305
Ara Kat,MEHMET ALİ PAŞA MAH CADDE ÜZERİ ARA KAT SATILIK 1+1 DAİRE,none,0,0,0,0,0,none,0,,1321563676
,SAHİBİNDEN İZMİT'TE MERKEZDE SATILIK EV,none,0,0,0,0,0,none,0,,1327507342
Ara Kat,HGM'den İZMİT KENT KONUT 2.ETAPTA SATILIK ARA KAT MANZARALI.,none,0,0,0,0,0,none,0,,1327531045
Ara Kat,İZMİT MERKEZ SATILIK 3+1 GENİŞ ASANSÖRLÜ ARA KAT BOŞ DAİRE,none,0,0,0,0,0,none,0,,1321301035
Çatı Dubleksi,TÜYSÜZLERDE EŞYALI 30.000 TL MEMUR KİRACILI 1+1 DAİRE,roof,1,1,0,0,0,detail,0,,1315280929
Ara Kat,İZMİT YAHYAKAPTAN B-15 'TE ARAKAT 3+1 SATILIK DAİRE,none,0,0,0,0,0,none,0,,1327379338
Ara Kat,İZMİT KENT KONUT 2.ETAP'DA SATILIK ARAKAT 2+1 DAİRE,none,0,0,0,0,0,none,0,,1323983691
Ara Kat,KOCAELİ MEHMETALİPAŞA 1+1 SATILIK DAİRE,none,0,0,0,0,0,none,0,,1324397838
Çatı Dubleksi,Yenişehir'de Satılık 3+1 Dubleks Daire - Hastane Yakını,roof,1,1,0,0,0,detail_and_title,0,title_generic_confirms_detail_subtype,1327325314
Ara Kat,İZMİT BAĞÇEŞME MAYKON SİTESİNDE 1+1 EŞYALI SATILIK ARAKAT DAİRE,none,0,0,0,0,0,none,0,,1321504713
,SAHİBİNDEN ÇOK AVANTAJLI 2+1 DUBLEX,standard,1,0,0,0,1,title,0,,1327198523
Çatı Dubleksi,BAĞÇEŞME MANZARALI 2+1 ÇATI DUBLEKS LÜX DAİRE,roof,1,1,0,0,0,detail_and_title,0,,1310057894
Ara Kat,Panoramik Deniz ve Şehir Manzaralı 3+1 7. Kat (İçi Yeni Yapıldı),none,0,0,0,0,0,none,0,,1290626403
Bahçe Dubleksi,Bahçedublex,garden,1,0,1,0,0,detail_and_title,0,,1315852816
Dubleks|Çatı Dubleksi,MUHTEŞEM DENİZ MANZARALI FIRSAT DUBLEKS DAİRE VE 2 ADET OTOPARK,roof,1,1,0,0,0,detail_and_title,0,title_generic_confirms_detail_subtype,1309851975
,ZMİT CEDİT'TE MUHTEŞEM KÖRFEZ MANZARALI DUBLEKS DAİRE,standard,1,0,0,0,1,title,0,,1320805304
,REMAX DREAM İZMİT TUANA EVLERİ 3.ETAP GENİŞ TİP 3+1 SATILIK,none,0,0,0,0,0,none,0,,1326851583
Ara Kat,D2 GAYRİMENKUL'DEN SIFIR SATILIK 2+1 ARAKAT DAİRE,none,0,0,0,0,0,none,0,,1324158001
,İzmit Çarşı'da İçi Full Yapılı 3+1 Geniş Daire,none,0,0,0,0,0,none,0,,1326882057
Dubleks,İZMİT YENİŞEHİR SATILIK 4+1 160M2 DUBLEKS DAİRE,standard,1,0,0,0,1,detail_and_title,0,,1326792597
Ara Kat,M.ALİ PAŞADA BAHÇELİ APARTMANDA 2+1 SATILIK DAİRE,none,0,0,0,0,0,none,0,,1324358467
,SAHİBİNDEN YAHYAKAPTANDA SÜPER KONUMDA 3+1 SATILIK DAİRE,none,0,0,0,0,0,none,0,,1326613237
Çatı Dubleksi,"Full Körfez Manzaralı,Kaçıranın Üzüleceği Süper İndirimli!",roof,1,1,0,0,0,detail,0,,1323854018
,Turyap'tan İzmit Merkez Adliye Karşısı Eşyalı 2+1 Satılık Daire,none,0,0,0,0,0,none,0,,1296171787
Dubleks|En Üst Kat|Ara Kat|Çatı Dubleksi,FIRSAT İZMİT YENİŞEHİR MERKEZİ KONUM SIFIR 110 M2 SATILIK DAİRE,roof,1,1,0,0,0,detail,0,,1320350978
En Üst Kat,2. kat daire,none,0,0,0,0,0,none,0,,1326287525
Bahçe Dubleksi|Ters Dubleks,SON DAİRE VİSİNYA Turgut 3+1 BAHÇE DUBLEKS Brüt 194m2,garden,1,0,1,0,0,detail_and_title,0,,1326143773
,KUMSAL EMLAKTAN YAHYA KAPTAN MİGROS MEVKİ SATILIK 2+1 DAİRE,none,0,0,0,0,0,none,0,,1326034761
Çatı Dubleksi,SAHİBİNDEN PANORAMİK DUBLEKS,roof,1,1,0,0,0,detail_and_title,0,title_generic_confirms_detail_subtype,1277739471
En Üst Kat,İzmit Tepecik Mh İnönü Caddesi Üzerinde Satılık Deniz Manzaralı,none,0,0,0,0,0,none,0,,1304245691
Çatı Dubleksi,TURAN GUNES CADDESI UZERINDE SATILIK 3+1 DUBLEKS DAIRE,roof,1,1,0,0,0,detail_and_title,0,title_generic_confirms_detail_subtype,1302727899
,İZMİT YENİŞEHİR DE SATILIK 2+1 DAİRE AKILLI EV SİSTEMLİ,none,0,0,0,0,0,none,0,,1301110348
Dubleks|Çatı Dubleksi,REMAX'BAĞÇEŞME ORHAN MH SİTE İÇİ 2+1 SATILIK DUBLEKS DAİRE,roof,1,1,0,0,0,detail_and_title,0,title_generic_confirms_detail_subtype,1311370724
,ARSLAN EMLAKTAN İZMİT MERKEZ DE GENİŞ 1+1 KAPALI BALKONLU DAİRE,none,0,0,0,0,0,none,0,,1325498526
Ara Kat,3+1 ARA KAT,none,0,0,0,0,0,none,0,,1310433737
,TÜM FİNANSMAN KREDİLERİNE UYGUN,none,0,0,0,0,0,none,0,,1324772012
Çatı Dubleksi,"FIRSAT! TERASLI, MANZARALI, İZMİT TURGUT'TA 115 M² ÇATI DUBLEKS",roof,1,1,0,0,0,detail_and_title,0,,1307752529
Ara Kat,ÇARŞI İÇİ DENİZ MANZARALI SATILIK 2+1 ARA KAT DAİRE,none,0,0,0,0,0,none,0,,1324399630
Ara Kat,İZMİT BAĞÇEŞME'DE 3+1 SATILIK 170M2 DUBLEX,standard,1,0,0,0,1,title,0,,1318329674
En Üst Kat,İZMİT TURGUT MAHALLESİ YUVAM TURGUT KONUTLARI SATILIK 3+1 DAİRE,none,0,0,0,0,0,none,0,,1324290178
Ara Kat,İZMİT MERKEZ YÜRÜYÜS YOLUNDA DENİZ MANZARALI SATILIK 2+1 ARA KAT,none,0,0,0,0,0,none,0,,1324393135
Çatı Dubleksi,"İZMİT,KOZLUK MAH.RASATHANE CAD.SATILIK 2+1 Ç.DUBLEKS DAİRE..",roof,1,1,0,0,0,detail_and_title,0,title_generic_confirms_detail_subtype,1294674530
Ara Kat,İZMİT HACIHIZIR UFUK SİTESi 3+1 ARA KAT SATILIK DAİRE,none,0,0,0,0,0,none,0,,1323983134
,Kocaeli İzmit Cedit Mahallesinde Satılık 2 + 1 Dubleks Daire,standard,1,0,0,0,1,title,0,,1318251061
,Turyap'tan Yenişehir'de Turan Güneş Caddesine Yakın 1+1 Daire,none,0,0,0,0,0,none,0,,1323879992
Dubleks|En Üst Kat|Çatı Dubleksi,BAĞÇESME KAVANİUM SİTESİ SATILIK 2+1 DUBLEKS DAİRE,roof,1,1,0,0,0,detail_and_title,0,title_generic_confirms_detail_subtype,1307672789
Dubleks,Neşe Emlaktan Turgut mah. Full Deniz manzaralı çatı dublex 4+1,standard,1,0,0,0,1,conflict_detail_wins,1,conflict detail=standard title=roof,1295159841
Çatı Dubleksi,ASAYRA EMLAK TAN ŞEHİR HASTANESİ'NE YAKIN 2+1 SATILIK ÇATI DUB,roof,1,1,0,0,0,detail,0,,1179205714
En Üst Kat,"SAHİBİNDEN SATILIK - FERAH, MANZARALI GENİŞ 2+1",none,0,0,0,0,0,none,0,,1188356063
Çatı Dubleksi,BAŞİSKELE BAHÇECİK DOĞA VE DENİZ MANZ 4+1 SATILIK ÇATI DUBLEKS,roof,1,1,0,0,0,detail_and_title,0,,1315892231
Dubleks|En Üst Kat|Ara Kat|Çatı Dubleksi,KOCAELİ BAŞİSKELE BARBAROS MAHALLESİNDE 3+1 SATILIK ÇATI DUBLEKS,roof,1,1,0,0,0,detail_and_title,0,,1312664636
Ters Dubleks,BAŞİSKELE YAYLACIKTA HAVUZLU OTOPARKLI SİTEDE 1+1 DUBLEKS!,standard,1,0,0,0,1,detail_and_title,0,,1323871781
Bahçe Dubleksi,BAŞİSKELE-BARBAROS- FULL TADİLATLI 3+1 SATILIK 130 m2 DUBLEKS,garden,1,0,1,0,0,detail_and_title,0,title_generic_confirms_detail_subtype,1204230095
Dubleks|En Üst Kat|Çatı Dubleksi,KOCAELİ BAŞİSKELE SATILIK TWİNKLE LİFE SİTESİ 3+1 DUBLEKS DAİRE,roof,1,1,0,0,0,detail_and_title,0,title_generic_confirms_detail_subtype,1322778520
Bahçe Dubleksi,BAŞİSKELE YENİKÖY AFRAZE SİTESİNDE SATILIK 3+1 BAHÇE DUBLEKSİ,garden,1,0,1,0,0,detail_and_title,0,,1318567360
Çatı Dubleksi|Ters Dubleks,Başiskele merkezde,roof,1,1,0,0,0,detail,0,,1329753416
,MÜKEMMEL KONUM DA İÇİ DIŞI HARİKA OLAN EĞİMSİZ ÇATI DUBLEKS,roof,1,1,0,0,0,title,0,,1323925480
Dubleks,TUAL'DEN OTURUMA HAZIR SIFIR İSKANLI KREDİYE UYGUN 3+1 DUBLEKS,standard,1,0,0,0,1,detail_and_title,0,,1329762844
,KOCAELİ KULLAR ULTRA LÜX 2+1 ARAKAT DAİRE,none,0,0,0,0,0,none,0,,1329703112
Çatı Dubleksi,C&G GÜLŞEN EMLAK GAYRİMENKULDEN SATILIK 3+1 ÇATI DUBLEX,roof,1,1,0,0,0,detail_and_title,0,,1329633458
Bahçe Dubleksi,BAŞİSKELE BARBAROS MAH'DE TERAS 2 EVLERİNDE SATILIK 3+1 DAİRE,garden,1,0,1,0,0,detail,0,,1329605159
Dubleks|En Üst Kat|Çatı Dubleksi,KULLAR 2+1 EĞİMSİZ DUBLEKS DAİRE,roof,1,1,0,0,0,detail_and_title,0,title_generic_confirms_detail_subtype,1323790020
,BAŞİSKELE'DE DENİZ MANZARALI 3+1 SATILIK BAHÇE DUBLEKS DAİRE,garden,1,0,1,0,0,title,0,,1286315713
,BAŞİSKELE DÖNGEL SATILIK DUBLEKS,standard,1,0,0,0,1,title,0,,1329317061
Çatı Dubleksi,DENİZ MANZARALI 3+1 135 M2 EĞİMSİZ ÇATI DUBLEX KREDİYE UYGUN,roof,1,1,0,0,0,detail_and_title,0,,1312125080
Dubleks|Bahçe Dubleksi,BAŞİSKELE ALTINKENT MAH. SATILIK SİTE İÇİ 3+1 BAHÇE DUBLEKS,garden,1,0,1,0,0,detail_and_title,0,,1317807835
Bahçe Dubleksi,BAŞİSKELE BARBAROS MAH'DE KENDİNE AİT BAHÇELİ 3+1 DAİRE,garden,1,0,1,0,0,detail,0,,1329345480
Bahçe Dubleksi,BAŞİSKELE KÖRFEZ MAH. SATILIK 2+1 BAHÇE DUBLEKS DAİRE,garden,1,0,1,0,0,detail_and_title,0,,1317967667
Dubleks|En Üst Kat|Çatı Dubleksi,KULLAR MERKEZDE LÜKS 3+1 DUBLEKS DAİRE,roof,1,1,0,0,0,detail_and_title,0,title_generic_confirms_detail_subtype,1268047763
Dubleks|Çatı Dubleksi,Sahibinden Satılık 140m2 Dubleks 2+1 Daire,roof,1,1,0,0,0,detail_and_title,0,title_generic_confirms_detail_subtype,1328124993
,BAŞİSKELE KULLAR'DA 2+1 EBEVYN BANYOLU SATILIK ÇATI DUBLEKS,roof,1,1,0,0,0,title,0,,1322945323
Ara Kat Dubleks,BAŞİSKELE ALTINKENT DÖNGEL MEVKİ 3+1 SATILIK ARA DUBLEKS DAİRE,middle_floor,1,0,0,1,0,detail_and_title,0,title_generic_confirms_detail_subtype,1322798042
,SEYMEN MAHALLESİNDE SATILIK 1+1 DAİRE,none,0,0,0,0,0,none,0,,1328515117
,Altın Vadi Evleri 3+1 çatı dubleks,roof,1,1,0,0,0,title,0,,1322610694
Dubleks|Çatı Dubleksi,BAŞİSKELE YENİKÖY MERKEZ'DE 155 m² NET LÜKS 3+1 DUBLEKS,roof,1,1,0,0,0,detail_and_title,0,title_generic_confirms_detail_subtype,1328565816
En Üst Kat|Çatı Dubleksi,BAHÇECİK ELİTİUM PARK EVLERİNDE MUHTEŞEM 4+1 208M2 ÇATI DUBLEKS.,roof,1,1,0,0,0,detail_and_title,0,,1317041438
,Moda Pazarı Üstü 3+1 Dubleks,standard,1,0,0,0,1,title,0,,1315890416
Çatı Dubleksi,KOCAELİ BAŞİSKELE'DE SATILIK 3+1 DUBLEKS MESKEN (306858),roof,1,1,0,0,0,detail_and_title,0,title_generic_confirms_detail_subtype,1322472652
,BAŞİSKELE SAHİLDE ARA KAT 3+1 GENİŞ KULLANIŞLI DAİRE,none,0,0,0,0,0,none,0,,1328223348
Çatı Dubleksi,BAŞİSKELE KULLAR MAH. HİFA KONAKLARI YENİ 4+1 SATILIK DAİRE,roof,1,1,0,0,0,detail,0,,1328317940
,TANYILDIZ - BAŞİSKELE / KULLAR 2+1 ÇATI DUBLEKS 130 m2,roof,1,1,0,0,0,title,0,,1328106110
Çatı Dubleksi,BAŞİSKELE YAYLACIK MAH.FULL DENİZ MANZARALI 2+1 ÇATI DUBLEKS,roof,1,1,0,0,0,detail_and_title,0,,1328297435
Çatı Dubleksi,SATILIK BAŞİSKELE BARBAROS'TA ASANSÖRLÜ 3+1 ÇATI DUBLEKS DAİRE,roof,1,1,0,0,0,detail_and_title,0,,1318834440
,ASANSÖRLÜ İSKANI ALINMIŞ OTURUMA HAZIR 3+1 ÇATI DUBLEKS,roof,1,1,0,0,0,title,0,,1315549332
Dubleks|Çatı Dubleksi,BAŞİSKELE YENİKÖY'DE ÇATI DUBLEKS 2+1 GENİŞ SATILIK DAİRE,roof,1,1,0,0,0,detail_and_title,0,,1324643362
Çatı Dubleksi,Basiskele Yesilyurt Satilik Luks 3+1 Cati dubleks,roof,1,1,0,0,0,detail_and_title,0,,1327568344
Bahçe Dubleksi,Güvenlikli ve havuzlu sitede geniş bahçeli dubleks ferah daire,garden,1,0,1,0,0,detail_and_title,0,,1321410025
,TWINKLE LIFE SİTESİ BAŞISKELE 4+1 TERASLI LÜKS DUBLEKS DAİRE,standard,1,0,0,0,1,title,0,,1327345272
Dubleks|En Üst Kat|Çatı Dubleksi,RİBANKTAN MERKEZİ LOKASYONDA 205 M2 GENİŞ EĞİMSİZ ÇATI DUBLKS,roof,1,1,0,0,0,detail,0,,1293003793
Bahçe Dubleksi,KOCAELİ İZMİT BAŞİSKELE VİLLA LİVA'DA SATILIK 3+1 BAHÇE DUBLEKSİ,garden,1,0,1,0,0,detail_and_title,0,,1327293853
,"Elitium Trioda,Havuzlu,Kiracılı 3+1 düz giriş (dublex değildir)",standard,1,0,0,0,1,title,0,,1257678730
Çatı Dubleksi,BAŞİSKELE BARBAROS MAHALLESİNDE SATILIK 3+1 DUBLEKS DAİRE,roof,1,1,0,0,0,detail_and_title,0,title_generic_confirms_detail_subtype,1253179569
Dubleks|Çatı Dubleksi,Elitium Park Evlerinde doğayla içiçe Satılık 3+1 Dubleks,roof,1,1,0,0,0,detail_and_title,0,title_generic_confirms_detail_subtype,1320473873
Dubleks,Merkezi konumda Satılık 3+1 teraslı çatı dubleks,standard,1,0,0,0,1,conflict_detail_wins,1,conflict detail=standard title=roof,1326769501
Çatı Dubleksi,SATILIK MODERN LÜKS ÇATI DUBLEKS,roof,1,1,0,0,0,detail_and_title,0,,1326611939
Çatı Dubleksi,RE/MAX MYRADAN 4+1 GENİŞ KULANIŞLI DUBLEKS FULL DENİZ MANZARALI,roof,1,1,0,0,0,detail_and_title,0,title_generic_confirms_detail_subtype,1324418991
,KULLAR KARDELEN SITESI 2+1 SITE IÇI BAHÇE KATI DAIRE,none,0,0,0,0,0,none,0,,1075314796
Dubleks|En Üst Kat|Çatı Dubleksi,KOCAELİ BAŞİSKELE BARBAROS SATILIK 4+1 GENİŞ DUBLEKS DAİRE,roof,1,1,0,0,0,detail_and_title,0,title_generic_confirms_detail_subtype,1315920515
Dubleks|Ters Dubleks,BAŞİSKELE BAHÇECİK'TE 5+1 İSKANLI DUBLEX DAİRE,standard,1,0,0,0,1,detail_and_title,0,,1325780953
Bahçe Dubleksi,BAŞİSKELE'DE ÖZEL BAHÇE KULANIMINA SAHİP 3+1 DUBLEKS DAİRE,garden,1,0,1,0,0,detail_and_title,0,title_generic_confirms_detail_subtype,1314142327
,Başiskele kullar merkez'de sıfır satılık daireler,none,0,0,0,0,0,none,0,,1303114292
,ÇELİK-AY GAYRİMENKUL'DEN SATILIK 3+1 BAHÇE DUBLEKS DAİRE,garden,1,0,1,0,0,title,0,,1325572897
Bahçe Dubleksi,BAŞİSKELE BARBAROSTA SATILIK 2+1 100m BAHÇE DUB PRESTİJLİ KONUM,garden,1,0,1,0,0,detail,0,,1298508015
Çatı Dubleksi,BAŞİSKELE BARBAROS MAHALLESİNDE SÜPER UYGUN FİYAT DUBLEX DAİRE,roof,1,1,0,0,0,detail_and_title,0,title_generic_confirms_detail_subtype,1318822764
Bahçe Dubleksi,Dilek Ercan RE/MAX Çakra Başiskele Altınkent 2+1 Bahçeli Dubleks,garden,1,0,1,0,0,detail_and_title,0,,1318930294
Dubleks,FEDERALDEN BAŞİSKELE'DE DENİZ MANZARALI 4+1 183m2 DUBLEKS DAİRE,standard,1,0,0,0,1,detail_and_title,0,,1324467886
Çatı Dubleksi,SATILIK 4+1 ÇATI DUBLEKS DAİRE BARBOROS MAH.,roof,1,1,0,0,0,detail_and_title,0,,1325724906
,Ziraat Bankası'ndan Yeniköy Merkez Mahallesi'nde Mesken,none,0,0,0,0,0,none,0,,1307495963
Çatı Dubleksi,KÖRFEZ MANZARALI DUBLEX DAİRE Bahama İnşaat BAŞİSKELE-KULLAR,roof,1,1,0,0,0,detail_and_title,0,title_generic_confirms_detail_subtype,1324194639
Ara Kat,Başiskele Altınkent Mah. Altın Vadi Evleri'nde Satılık 3+1 Daire,none,0,0,0,0,0,none,0,,1329068917
Bahçe Dubleksi,Platinium Evleri Satılık Kış Bahçeli Geniş 4+1 Dubleks Daire,garden,1,0,1,0,0,detail_and_title,0,title_generic_confirms_detail_subtype,1323683207
En Üst Kat,BAŞİSKELE YUVACIK PANORAMA 3 DENİZ MANZARALI 4+1 NORMAL DAİRE,none,0,0,0,0,0,none,0,,1327223254
Ara Kat,Başiskele Yeşilyurt Site'de Asansörlü Satılık 3+1 Ara Kat Daire,none,0,0,0,0,0,none,0,,1330050002
Çatı Dubleksi,DENİZ MANZARALI 3+1 ÇATI DUBLEKS TERASLI LÜKS YAŞAM,roof,1,1,0,0,0,detail_and_title,0,,1324013169
Ara Kat,FIRSAT DAİRE İSKANI ALINMIŞ OTURUMA HAZIR 2+1 ARA KAT,none,0,0,0,0,0,none,0,,1330043931
Ara Kat,STAR CENTER BAŞİSKELE YEŞİLYURT MH SATILIK ARAKAT 2+1 DAİRE,none,0,0,0,0,0,none,0,,1330026383
Çatı Dubleksi,ZERAY GÜNEŞİ SİTESİNDE FULL EŞYALI SATILIK 3+1 ÇATI DUBLEKS,roof,1,1,0,0,0,detail_and_title,0,,1259130520
Çatı Dubleksi,BAŞİSKELE ACİL SATILIK 3+1 EĞİMSİZ DUBLEX YENİ BİNA,roof,1,1,0,0,0,detail_and_title,0,title_generic_confirms_detail_subtype,1324038824
,SOR TÜRKİYE'DEN PAŞADAĞ'DA EBEVEYN BAN. ÇAMAŞIR ODALI 3+1 DUBLEX,standard,1,0,0,0,1,title,0,,1295147547
Bahçe Dubleksi,Başiskele Fatih Mahallesi'nde 4+1 Bahçe Dubleks | 195 m² | 80 m²,garden,1,0,1,0,0,detail_and_title,0,,1326932764
Ara Kat|Çatı Dubleksi,Mona Vadi den Başiskele/ 5+1/ Deniz Manzaralı/200m2/ Dubleks,roof,1,1,0,0,0,detail_and_title,0,title_generic_confirms_detail_subtype,1326857318
Dubleks|Bahçe Dubleksi,BAŞİSKELE YUVACIK PANAROMA 2'DE SATILIK 4+1 BAHÇE DUBLEKS DAİRE,garden,1,0,1,0,0,detail_and_title,0,,1329739379
Çatı Dubleksi,Başiskele Paşadağ'da Satılık 3+1 Dubleks Daire (120m²),roof,1,1,0,0,0,detail_and_title,0,title_generic_confirms_detail_subtype,1329672233
Çatı Dubleksi,BAŞİSKELE YUVACIKTA 3+1 SATILIK ULTRA LÜKS DUBLEKS DAİRE,roof,1,1,0,0,0,detail_and_title,0,title_generic_confirms_detail_subtype,1315581041
Dubleks|Bahçe Dubleksi,Başiskele Yuvacık Paşadağ Mah. Sıfır 3+1 Satılık Bahçe Dubleks,garden,1,0,1,0,0,detail_and_title,0,,1326716706
Dubleks|Çatı Dubleksi,BAŞISKELE YEŞİLYURT'TA SATILIK DENİZ MANZARALI 3+1 ÇATI DUBLEKS,roof,1,1,0,0,0,detail_and_title,0,,1329589727
Dubleks,ACİL BAŞİSKELE'DE CADDE ÜZERİ MANZARALI 3+1 170M2 DUBLEKS DAİRE,standard,1,0,0,0,1,detail_and_title,0,,1299004522
Dubleks|Bahçe Dubleksi,ZERAY GÜNEŞİ SİTESİNDE BÜYÜK BAHÇELİ KÖŞE 3+1BAHÇE DUBLEKS DAİRE,garden,1,0,1,0,0,detail_and_title,0,,1295416978
Çatı Dubleksi,ERENOĞLU GM'DEN SATILIK DENİZ MANZARALI 3+1 ÇATI DUBLEKS DAİRE,roof,1,1,0,0,0,detail_and_title,0,,1329542773
En Üst Kat|Çatı Dubleksi,YEŞİLYURTTA SATILIK 155 M2 EĞİMSİZ DUBLEKS ASANSÖRLÜ SIFIR DAİRE,roof,1,1,0,0,0,detail_and_title,0,title_generic_confirms_detail_subtype,1318274355
Çatı Dubleksi,REAL CENTER KÖRFEZ'DEN BAŞİSKELE FATİH 2+1 GÜVENLİKLİ ÇATI DUB.,roof,1,1,0,0,0,detail,0,,1329450690
En Üst Kat,BAŞİSKELE ROYAL COUNTRY SİTESİ SATILIK 2+1 DÜZ DAİRE,none,0,0,0,0,0,none,0,,1329370437
Bahçe Dubleksi,Rw Nova'dan Başiskele Fatih Mah.Satılık 4+1 Bahçe Dubleks Daire,garden,1,0,1,0,0,detail_and_title,0,,1295428592
Çatı Dubleksi,CB Envoy'dan Yeşilyurt mah. Site içerisinde 2+1 Çatı Dubleks,roof,1,1,0,0,0,detail_and_title,0,,1326397697
Ara Kat,BAŞİSKELE YEŞİLYURT MAH.DURUPARK EVLERİ SATILIK 3+1 ARAKAT DAİRE,none,0,0,0,0,0,none,0,,1262740064
Çatı Dubleksi,YEŞİLYURT MAH 2+1 ÇATI DUBLEKS,roof,1,1,0,0,0,detail_and_title,0,,1320071917
Dubleks|En Üst Kat,Satılık Merkezi Konum 2+1 Çatı dubleks daire eğimsiz,standard,1,0,0,0,1,conflict_detail_wins,1,conflict detail=standard title=roof,1326335641
Çatı Dubleksi,YEŞİLYURT MAHALLESİ BU CADDE AVM'YE KOMŞU 3+1 ÇATI DUBLEKS,roof,1,1,0,0,0,detail_and_title,0,,1320235580
,Başiskelede deniz ve doğa manzaralı Daire,none,0,0,0,0,0,none,0,,1329190614
Bahçe Dubleksi,FIRSAT BAŞİSKELE FATİH MAHALLESİNDE 3+1 BAHÇE DUBLEKS DAİRE,garden,1,0,1,0,0,detail_and_title,0,,1319974217
Ara Kat,YEŞİLYURT MAHALLESİNDE MERKEZİ KONUMDA 2+1 ARAKAT SATILIK DAİRE,none,0,0,0,0,0,none,0,,1329019229
Dubleks|Bahçe Dubleksi,BAŞİSKELE YUVACIK'TA DENİZ MANZARALI GENİŞ BAHÇE DUBLEKSİ,garden,1,0,1,0,0,detail_and_title,0,,1323166610
,BAŞİSKELE DE EVFİNANSMANINA UYGUN SATILIK 2+1 ÇATI DUBLEKS DAİRE,roof,1,1,0,0,0,title,0,,1329064369
Bahçe Dubleksi,"BAŞİSKELE YEŞİLYURT MAH, FERAH 3+1 BAHÇE DUBLEKS DAİRE SATILIK",garden,1,0,1,0,0,detail_and_title,0,,1317585424
Çatı Dubleksi,YEŞİLYURT MAH.MERKEZİ KONUMDA SATILIK 2+1 Ç.DUBLEKSİ DAİRE,roof,1,1,0,0,0,detail_and_title,0,title_generic_confirms_detail_subtype,1296891862
Çatı Dubleksi,KW ARVEN'DEN YEŞİLYURT MAH SATILIK ASANSÖRLÜ 3+1 ÇATI DUBLEKS D.,roof,1,1,0,0,0,detail_and_title,0,,1328929797
Çatı Dubleksi,BAŞİSKELE PAŞADAĞ MAH. GENİŞ KULLANIŞLI SATILIK 3+1 ÇATI DUBLEX,roof,1,1,0,0,0,detail_and_title,0,,1323001995
Çatı Dubleksi,BAŞİSKELE YEŞİLYURT MAHALLESİ SATILIK 3+1 ÇATI DUBLEX,roof,1,1,0,0,0,detail_and_title,0,,1310017843
,Başiskele Akkurt Royal City de Satılık 3+1 Dubleks Daire,standard,1,0,0,0,1,title,0,,1283276882
Dubleks,BAŞISKELE YEŞİLYURT 2+1 GENİŞ KULLANIM TERAS DUBLEKS,standard,1,0,0,0,1,conflict_detail_wins,1,conflict detail=standard title=roof,1314027634
Çatı Dubleksi,SATIŞ OFİSİNDEN BAŞISKELEDE ASANSÖRLÜ 4+1 EĞİMSİZ ÇATI DUBLEKS,roof,1,1,0,0,0,detail_and_title,0,,1271845226
,Daireye Ait Bahçeli Dubleks,garden,1,0,1,0,0,title,0,,1328709499
Dubleks,Başiskele'de Satılık 3+1 Dubleks Daire - Royal Country,standard,1,0,0,0,1,detail_and_title,0,,1268472878
Dubleks|En Üst Kat|Çatı Dubleksi,BAŞİSKELE'DE HAVUZLU SİTEDE SATILIK 3+1 DUBLEKS DAİRE,roof,1,1,0,0,0,detail_and_title,0,title_generic_confirms_detail_subtype,1325717740
Bahçe Dubleksi,BAŞİSKELE ZERAY GÜNEŞİ / EŞYALI SATILIK 3+1 BAHÇE DUBLEKS,garden,1,0,1,0,0,detail_and_title,0,,1328659161
,BAŞİSKELE YEŞİLYURTTA SATILIK 3+1 ÇATI DUBLEKS,roof,1,1,0,0,0,title,0,,1328667120
Ara Kat,RW Nova'dan Paşadağ Mh.Emar Delüx Sitesi Satılık 2+1 Arakat,none,0,0,0,0,0,none,0,,1328621433
Çatı Dubleksi,FATİH MAHALLESİNDE 4+1 SATILIK LÜKS ÇATI DUBLEKSİ,roof,1,1,0,0,0,detail_and_title,0,,1294621423
Dubleks,DERIN'DEN ZERAY PERLA'DA SATILIK 3+1 DUBLEKS GENİŞ DAİRE,standard,1,0,0,0,1,detail_and_title,0,,1314085801
Bahçe Dubleksi,Başiskele Fatih Mahallesi'nde Sıfır Bahçe Dubleksi Satılık Daire,garden,1,0,1,0,0,detail_and_title,0,,1320526798
Ara Kat|Çatı Dubleksi,BU EVDE MANZARAYA DOYACAKSINIZ VİLLA TADINDA EMSALSİZ DUBLEKS,roof,1,1,0,0,0,detail_and_title,0,title_generic_confirms_detail_subtype,1324624082
,DEALLİFE'DAN BAŞİSKELE YUVACIKTA 4+1 EĞİMSİZ DUBLEKS,standard,1,0,0,0,1,title,0,,1311052956
,KOCAELİ BAŞİSKELE YUVACIK MAH SATILIK 3+1 SIFIR ÇATI DUBLEKS,roof,1,1,0,0,0,title,0,,1316248762
,Başiskele Bahçekent'te Satılık 2+1 Daire (77m²),none,0,0,0,0,0,none,0,,1287275506
En Üst Kat|Ara Kat|Çatı Dubleksi,BAŞİSKELE YEŞİLYURT MERKEZİ KONUM 3+1SATILIK 165M2 DUBLEKS DAİRE,roof,1,1,0,0,0,detail_and_title,0,title_generic_confirms_detail_subtype,1328263976
Çatı Dubleksi,YEŞİLYURTTA 3+1 DENİZ MANZARALI SATILIK EĞİMSİZ ÇATI DUBLEKS,roof,1,1,0,0,0,detail_and_title,0,,1318740218
Ara Kat,ORKA LIFE 2 SİTESİ'NDE FIRSAT 4+1 DAİRE,none,0,0,0,0,0,none,0,,1328237229
,YEŞİLYURT STRADA AVM'YE YAKIN | 2+1 YÜKSEK GİRİŞ FIRSAT DAİRE,none,0,0,0,0,0,none,0,,1328230276
Çatı Dubleksi,ARKUN GAYRİMENKUL'DEN MERKEZİ KONUMDA SATILIK 3+1 SIFIR DAİRE,roof,1,1,0,0,0,detail,0,,1328150793
Çatı Dubleksi,CB Mahall'den Deniz manz. Yeşilyurtta Eğimsiz 2+1 Çatı Dubleks,roof,1,1,0,0,0,detail_and_title,0,,1319837793
Bahçe Dubleksi,SATILIK 3+1 ZERAY GÜNEŞİ MÜSTAKİL BAHÇELİ DAİRE,garden,1,0,1,0,0,detail,0,,1294778590
,BAHÇEKENT SİTESİNDE 2+1 ZEMİN KAT | ️ AMERİKAN & KAPALIMUTFAK,none,0,0,0,0,0,none,0,,1328064302
Dubleks|Çatı Dubleksi,GENİŞ 2+1 ÇATI DUBLEKS DAİRE ŞEHİR VE DENİZ MANZARALI,roof,1,1,0,0,0,detail_and_title,0,,1321287924
Çatı Dubleksi,SERDAR MH. 3+1 ÇATI DUBLEKS İSKANLI OTURUMA HAZIR,roof,1,1,0,0,0,detail_and_title,0,,1321950540
Ara Kat,FIRSAT!! ZERAY PERLA 2+1 ARAKAT DOĞA MANZARALI SATILIK DAİRE,none,0,0,0,0,0,none,0,,1297738335
Ara Kat,BAŞİSKELE PAŞADAĞ MAH. FULL DENİZ MANZARALI SİTE İÇERİSİ ARA KAT,none,0,0,0,0,0,none,0,,1327989606
Çatı Dubleksi,"Başiskele Paşadağda , Asansörlü Modern 3+1 Çatı Dublex",roof,1,1,0,0,0,detail_and_title,0,,1295420642
Ara Kat,BAŞİSKELE YUVACIK YEŞİLYUT MAH. SATILIK SIFIR 2+1 ARAKAT DAİRE,none,0,0,0,0,0,none,0,,1327924382
Dubleks,"EMİN, FUZUL, KATILIM, SİNPAŞ GYO FİNANS YATIRIMA SATIŞI UYGUNDUR",standard,1,0,0,0,1,detail,0,,1327877264
Dubleks,BAŞİSKELE DENİZ MANZARALI DUBLEX TERASLI BÜYÜK 4+1 BOŞ DAİRE,standard,1,0,0,0,1,detail_and_title,0,,1316646935
Bahçe Dubleksi,BAHÇE KULANIMLI 3+1 BAHÇE DUBLEX ORMAN MANZARALI EŞSİZ DAİRE,garden,1,0,1,0,0,detail_and_title,0,,1316093366
Bahçe Dubleksi,BAŞİSKELE YUVACIK SUPARK MEGARON SİTESİ'NDE 3+1 BAHÇE DUBLEKS,garden,1,0,1,0,0,detail_and_title,0,,1294516047
,ACİL Yuvacık'ta Villa Konforunda 4+1 Bahçe Dubleks Daire,garden,1,0,1,0,0,title,0,,1313343884
,YEŞİLYURT MAHALLESİNDE SATILIK TERASLI 2+1 ÇATI DUBLEKS,roof,1,1,0,0,0,title,0,,1321561956
Çatı Dubleksi,BAŞİSKELE YEŞİLYURT MAH SİTE İÇİ 3+1 ÇATIDUBLEKS DAİRE,roof,1,1,0,0,0,detail_and_title,0,,1327548752
Bahçe Dubleksi,AZİZE EVLERİNDE SATILIK 3+1 BAHÇE DUBLEKS DAİRE,garden,1,0,1,0,0,detail_and_title,0,,1321495135
Çatı Dubleksi,BAŞİSKELE AYDINKENT SATILIK 3+1 ÇATI DUBLEKS DAİRE,roof,1,1,0,0,0,detail_and_title,0,,1327282500
Çatı Dubleksi,CB Envoy'dan Yeşilyurt Mahallesi'nde Geniş 2+1 Çatı Dubleks,roof,1,1,0,0,0,detail_and_title,0,,1316038795
,BAŞİSKELE YEŞİLYURT'DA EBEVYN BANYOLU 3+1 SATILIK BAHÇE DUBLEKS,garden,1,0,1,0,0,title,0,,1327331514
Bahçe Dubleksi,Yuvacık'ta Deniz Manzaralı Bahçeli 3+1 Dubleks,garden,1,0,1,0,0,detail_and_title,0,title_generic_confirms_detail_subtype,1327317786
,KOCAELİ BAŞİSKELE YUVACIK SATILIK 4+1 ÇATI DUBLEKS DAİRE,roof,1,1,0,0,0,title,0,,1315909815
Dubleks,TANYILDIZ'DAN BAŞISKELE FATIH MH 3+1 SATILIK 0 DUBLEKS,standard,1,0,0,0,1,detail_and_title,0,,1298938490
Ara Kat|Çatı Dubleksi,Yeşilyurt'ta 3+1 Satılık Çatı Dubleks,roof,1,1,0,0,0,detail_and_title,0,,1315726202
Dubleks|Bahçe Dubleksi,BAŞİSKELE FATİH MAHALLESİNDE SATILIK SİTE İÇİ 3+1 BAHÇE DUBLEKS,garden,1,0,1,0,0,detail_and_title,0,,1326477846
Bahçe Dubleksi,Başiskele Yeşilyurt Satılık Kredi'ye Uygun 3+1 BahçeDubleks,garden,1,0,1,0,0,detail_and_title,0,,1326398384
En Üst Kat,BAŞİSKELE TINAZTEPE DE 3+1 ÇATI DUBLEXS SATILIK DAİRE,roof,1,1,0,0,0,title,0,,1326082184
Bahçe Dubleksi,YÜKSEK KREDİ İMKANLI YEŞİLYURT MAH 180M2 4+1 BAHÇE D. DAİRE,garden,1,0,1,0,0,detail,0,,1314943054
En Üst Kat|Çatı Dubleksi,BAŞİSKELE FATİH MH 3+1 ÇATI DUBLEKS KREDİYE UYGUN,roof,1,1,0,0,0,detail_and_title,0,,1244012731
Çatı Dubleksi,END'DEN YUVACIK FATİH MAHALLESİNDE SATILIK 2+1 DUBLEKS DAİRE,roof,1,1,0,0,0,detail_and_title,0,title_generic_confirms_detail_subtype,1325961336
Bahçe Dubleksi,SATILIK BAHÇE DUBLEKS 4+1 DAİRE,garden,1,0,1,0,0,detail_and_title,0,,1308882684
Bahçe Dubleksi,YEŞİLYURT'TA 4+1 BAHÇE DUBLEKS ACİL SATILIK,garden,1,0,1,0,0,detail_and_title,0,,1312900249
Dubleks,ERENOĞLU GM'DEN SATILIK YÜKSEK KREDİLİ 3+1 ÇATI DUBLEKS DAİRE,standard,1,0,0,0,1,conflict_detail_wins,1,conflict detail=standard title=roof,1307206586
Çatı Dubleksi,YEŞİLYURT MAH 150 M2 ÖNÜ KAPANMAZ DENİZ MANZARALI 3+1 ÇATI D.,roof,1,1,0,0,0,detail,0,,1313550480
Bahçe Dubleksi,Bol manzaralı bahçe dublex,garden,1,0,1,0,0,detail_and_title,0,,1292874003
Çatı Dubleksi,BAŞİSKELEDE 4+1 ÇATI DUBLEKS 160m2 FIRSAT DAİRE,roof,1,1,0,0,0,detail_and_title,0,,1324709100
Çatı Dubleksi,(FIRSAT!!!) DENİZ MANZARALI 3+1 SIFIR ÇATI DUBLEKS,roof,1,1,0,0,0,detail_and_title,0,,1307376027
Çatı Dubleksi,YEŞİLYURTTA SATILIK 2+1 Ç.DUBLEKS ASANSÖRLÜ LÜKS SIFIR DAİRE,roof,1,1,0,0,0,detail_and_title,0,title_generic_confirms_detail_subtype,1313365725
Çatı Dubleksi,FATİH MH. 3+1 ÇATI DUBLEKS DAİRE OTURUMA HAZIR İSKANLI,roof,1,1,0,0,0,detail_and_title,0,,1318889430
Çatı Dubleksi,BAŞİSKELE ORKA BOUTIQUE TE SATILIK SIFIR 4+1 ÇATI DUBLEKS DAİRE,roof,1,1,0,0,0,detail_and_title,0,,1190665407
Bahçe Dubleksi,SİTEDE BAHÇELİ GENİŞ 3+1 BAHÇE DUBLEKSİ FOR SALE,garden,1,0,1,0,0,detail_and_title,0,,1323982933
,DÖNGELDE SİTE İÇERİSİNDE ASANSÖRLÜ 3+1 EĞİMSİZ ÇATI DUBLEKS,roof,1,1,0,0,0,title,0,,1323035743
,BAŞİSKELE DÖNGELDE 2+1 ÇATI DUBLEKS,roof,1,1,0,0,0,title,0,,1328763711
Ara Kat,BAŞİSKELEDE LEON SUITES'TE SATILIK SIFIR 2+1 DAİRE HAVUZLU SİTE,none,0,0,0,0,0,none,0,,1328515441
Ara Kat|Çatı Dubleksi,BAŞİSKELENİN KALBİ KARŞIYAYA DÖNGEL MEVKİİNDE Ç.DUBLEKS,roof,1,1,0,0,0,detail_and_title,0,title_generic_confirms_detail_subtype,1312062284
Ara Kat Dubleks,ASİL GROUPTAN DÖNGEL MAH.'DE 3+1 ARA DUBLEKS,middle_floor,1,0,0,1,0,detail_and_title,0,title_generic_confirms_detail_subtype,1321922090
Dubleks|Çatı Dubleksi,BAŞİSKELE OLUKLU LIFE SİTESİNDE MODERN YAPILI 2+1 ÇATI DUBLEKS,roof,1,1,0,0,0,detail_and_title,0,,1322024373
Bahçe Dubleksi,Tarcanlar'dan Satılık Döngelde Modern Lüks 183Metre BahçeDubleks,garden,1,0,1,0,0,detail_and_title,0,,1276419918
,EMAR DELUX SİTESİNDE SIFIR DAİRE ACİL SATILIK !!!,none,0,0,0,0,0,none,0,,1301175679
Dubleks|En Üst Kat|Ara Kat|Ara Kat Dubleks|Bahçe Dubleksi|Çatı Dubleksi|Ters Dubleks,FIRSAT SATILIK KARTEPE FSM MAH 3+1 EBEVEN BANYOLU DUBLEKS DAİRE,roof,1,1,0,0,0,detail_and_title,0,title_generic_confirms_detail_subtype,1321353758
,"MÜSTAKİL BAHÇELİ SATILIK LÜKS 2+1 DAİRE - Kartepe, İbrikdere",none,0,0,0,0,0,none,0,,1271155512
,KARTEPE ATAEVLERDE 2+1 GÜZEL KONUMDA DUBLEX DAİRE,standard,1,0,0,0,1,title,0,,1278529780
Çatı Dubleksi,KARTEPE'DE SİTE İÇERİSİNDE SATILIK 2+1 ÇATI DUBLEKS,roof,1,1,0,0,0,detail_and_title,0,,1326215294
Çatı Dubleksi,KOCAELI KARTEPE (KARTEPE KONAKLARI 2 ) 2+1 ÇATI DEBLEKS SATILIK,roof,1,1,0,0,0,detail,0,,1330292026
,DEALLİFE'DAN ATAEVLERDE ARAKAT 3+1 DAİRE,none,0,0,0,0,0,none,0,,1322378152
,REAL GAYRİMENKUL KARTEPE TUANA EVLERİ 2+1 GİRİŞ KAT,none,0,0,0,0,0,none,0,,1330256471
Çatı Dubleksi,KARTEPE ATAEVLER MAH.SATILIK 4+1 ÇATI DUBLEKS!,roof,1,1,0,0,0,detail_and_title,0,,1330246623
Dubleks,ST GAYRİMENKULDEN KÖSEKÖY MAH'de 2+1 DUBLEKS DAİRE,standard,1,0,0,0,1,detail_and_title,0,,1327326617
,KARTEPE FSM MAH SATILIK 2+1 ZEMİN KAT DAİRE,none,0,0,0,0,0,none,0,,1330239726
,"DEALLİFE'DEN,İSTASYON MAH'DE2+1 85 m2 ARA KAT DAİRE",none,0,0,0,0,0,none,0,,1330236396
Dubleks|Çatı Dubleksi,"Kartepe Ataevler'de İskanlı, Krediye Uygun Lüks 4+1 Çatı Dubleks",roof,1,1,0,0,0,detail_and_title,0,,1327305687
Ara Kat,"EXPERT'SDEN KARTEPE, ÇEPNİ CAD.'DE,SATILIK 2+1 ARAKAT LÜKS DAİRE",none,0,0,0,0,0,none,0,,1330200871
Ara Kat,ENA GAYRİMENKULDEN KARTEPE Ş.ROYAL2 SİT.ARAKAT HAVUZLU YAPILI3+1,none,0,0,0,0,0,none,0,,1324330487
,KARTEPE ERTUĞRUL GAZİ SATILIK 3+1 DAİRE EMİN EVİME YÜKSEK KREDİ,none,0,0,0,0,0,none,0,,1330143574
,Kocaeli Kartepe Ertugrul Gazi 3+1 Kapalı Mutfak Fırsat Daire,none,0,0,0,0,0,none,0,,1330130516
,KARTEPE DUMLUPINAR MAH 1+1 YATIRIMLIK SATILIK DAİRE,none,0,0,0,0,0,none,0,,1330126634
,KARTEPE DUMLUPINAR RITIM NAZ RESIDENCE 1+1 FULL EŞYALI SATILIK,none,0,0,0,0,0,none,0,,1330119240
,KARTEPE KÖSEKÖY MAH.EĞİMSİZ BETON ÇATI 2+1 SATILIK DUBLEKS DAİRE,standard,1,0,0,0,1,title,0,,1324117058
,SAHİBİNDEN 3+1 Giriş Kat,none,0,0,0,0,0,none,0,,1329945211
,BÜTÜN KATILIM EVLERİNE UYGUN 3+1 YÜKSEK GİRİŞ,none,0,0,0,0,0,none,0,,1330056702
,"DEALLİFE'DEN, FSM'de 3+1 120 m2 ARA KAT DAİRE FIRSATI",none,0,0,0,0,0,none,0,,1330237722
,3+1 EBEVEYN BANYOLU GENIS DAIRE 2+1 Fiyatına...,none,0,0,0,0,0,none,0,,1278355089
,Kocaeli kartepe Dumlupınar 2 + 1 satılık dubleks,standard,1,0,0,0,1,title,0,,1330020797
Dubleks|En Üst Kat|Çatı Dubleksi,Kartepe Ertuğrulgazi'de YÜKSEK KREDİLİ Eminevim e uygun,roof,1,1,0,0,0,detail,0,,1330209319
Dubleks|En Üst Kat,Merkezi Konumda | 3+1 Dubleks | 130 m² | Geniş Balkon,standard,1,0,0,0,1,detail_and_title,0,,1330003882
Dubleks,Zeray esil Kartepe 1+1 satılık 107 m2 dubleks,standard,1,0,0,0,1,detail_and_title,0,,1308320146
Çatı Dubleksi,KARTEPE MAVİKENTTE SIFIR 3+1 DUBLEKS 160 M²,roof,1,1,0,0,0,detail_and_title,0,title_generic_confirms_detail_subtype,1323877924
,MY LIFE KARTEPE SITESINDE 3 + 1 EN BÜYÜK DUBLEKS DAIRE,standard,1,0,0,0,1,title,0,,1329964395
,%60 KREDI IMKANI 3 + 1 YÜKSEK GIRIŞ DAIREM SATILIKTIR,none,0,0,0,0,0,none,0,,1330122341
Çatı Dubleksi,RW Nova'dan Kartepe FSM.Mah Satılık 3+1 Çatı Dubleks Daire,roof,1,1,0,0,0,detail_and_title,0,,1324011361
Dubleks|En Üst Kat|Çatı Dubleksi,ATAEVLER MAH EĞİMSİZ 3+1 SATILIK DAİRE,roof,1,1,0,0,0,detail,0,,1283262341
,KARTEPE ATAEVLERDE SATILIK 2+1 SIFIR DAİRE.,none,0,0,0,0,0,none,0,,1330295132
Çatı Dubleksi,KARTEPE FATİH SULTAN MEHMET MAHALLESİNDE 2+1 DUBLEKS DAİRE,roof,1,1,0,0,0,detail_and_title,0,title_generic_confirms_detail_subtype,1329892768
,"ONAY&VA' dan FSM'de 3+1 Dubleks, 160 m2",standard,1,0,0,0,1,title,0,,1329943762
Ara Kat|Çatı Dubleksi,Kartepe Ataevler Mh. Tuana2 Evleri Satılık 3+1 Dublex Daire,roof,1,1,0,0,0,detail_and_title,0,title_generic_confirms_detail_subtype,1278663844
,DİAMOND GRUP GAYRİMENKULDEN SATILIK DAİRE,none,0,0,0,0,0,none,0,,1305729432
,ST GAYRİMENKULDEN İSTASYON/MEŞELİK PARKI YANI 2+1 DUBLEKS DAİRE,standard,1,0,0,0,1,title,0,,1318492797
En Üst Kat|Çatı Dubleksi,KARTEPE ZERAY FORUMDA SATILIK 4+1 ÜST DUBLEKS,roof,1,1,0,0,0,detail_and_title,0,title_generic_confirms_detail_subtype,1301562943
,Sahibinden Satılık Daire,none,0,0,0,0,0,none,0,,1329746407
,SINIRSIZ KREDİ | BUTİK SİTE İÇİ | 120 M2 ARAKAT 2+1 | E.BANYOLU,none,0,0,0,0,0,none,0,,1330303328
,Ataevler Mahallesi'nde satılık 3+1 arakat daire,none,0,0,0,0,0,none,0,,1329723242
,"ONAY&VA' dan ATAEVLER' de Masrafsız, Ekstralı 4+1, 185m²",none,0,0,0,0,0,none,0,,1329712293
Dubleks|En Üst Kat|Çatı Dubleksi,KARTEPE SERENDER PARK YANINDA 160 M2 TERASLI 3+1 DUBLEKS DAİRE,roof,1,1,0,0,0,detail_and_title,0,title_generic_confirms_detail_subtype,1326727157
Dubleks|Çatı Dubleksi,END'DEN 480 RESİDENCE SATILIK 2+1 160 M2 FERAH DAİRE,roof,1,1,0,0,0,detail,0,,1247539357
,KARTEPE ATAEVLER GENİŞ 3+1 SATILIK DUBLEKS DAİRE,standard,1,0,0,0,1,title,0,,1308892336
Ara Kat,ZERAY MAHAL KARTEPE GENİŞ BAHÇE KULLANIMLI FERAH 3+1 SATILIK,none,0,0,0,0,0,none,0,,1323730246
Çatı Dubleksi,FULL KREDİ İMKANI ATAEVLER 160M2 7 YAŞ 4+1 DUBLEKS DAİRE,roof,1,1,0,0,0,detail_and_title,0,title_generic_confirms_detail_subtype,1307643131
,Acil Sahibinden satılık 3+1 Arakat,none,0,0,0,0,0,none,0,,1329651478
Ara Kat,"SUADİYEDE DOĞAYA KOMŞU FABRİKALARA YAKIN, KULLANIŞLI 2+1 DAİRE",none,0,0,0,0,0,none,0,,1318303573
Çatı Dubleksi,KARTEPE DERBENT MODERN 2 SİTEDE SATILIK LÜKS ÇATI DUBLEKSİ,roof,1,1,0,0,0,detail_and_title,0,,1323721051
,FSM MAHALLESİ SATILIK SIFIR 2+1 DUBLEKS GENİŞ DAİRE,standard,1,0,0,0,1,title,0,,1329591111
,FORUM ANATOLİA'DA BAHÇELİ MÜSTAKİL EV TADINDA SATILIK 3+1 DAİRE!,none,0,0,0,0,0,none,0,,1272396969
,1.69 Kredi ICON RESIDENCE - Modern Yaşamın ve Yatırımın Zirvesi,none,0,0,0,0,0,none,0,,1329536958
,SATILIK 160 M² SIFIR 3+1 DUBLEKS DAİRE,standard,1,0,0,0,1,title,0,,1323605694
Ara Kat,Eşyalı 2+1 Satılık Daire | Konfor ve Yatırım Bir Arada,none,0,0,0,0,0,none,0,,1329656026
Dubleks|En Üst Kat|Çatı Dubleksi,DUMLUPINAR MAH 2+1 FERAH DUBLEKS MERK. LOK.,roof,1,1,0,0,0,detail_and_title,0,title_generic_confirms_detail_subtype,1305714948
Çatı Dubleksi,ACİL ACİL KARTEPE KÖSEKÖYDE 2 YAŞINDA İSKANLI 3+1 ÇATI DUBLEKS,roof,1,1,0,0,0,detail_and_title,0,,1318005173
,KARTEPE FATIH SULTAN MEHMET MAHALLESI'NDE 3 + 1 SATILIK DAIRE,none,0,0,0,0,0,none,0,,1323041947
Dubleks|En Üst Kat|Çatı Dubleksi,KARTEPE KÖSEKÖY SINIRSIZ KREDİLİ SIFIR DUBLEKS,roof,1,1,0,0,0,detail_and_title,0,title_generic_confirms_detail_subtype,1329583184
Ara Kat,DEMA MY HOME KARTEPE'DE SATILIK 3+1 140M2 ARAKAT,none,0,0,0,0,0,none,0,,1312148966
Ara Kat,KOCAELİNİN GÖZDE PROJESİ ESİL KARTEPEDE 3.5+1 SATILIK DAİRE,none,0,0,0,0,0,none,0,,1283815145
En Üst Kat,SATILIK 3+1 GENİŞ GÜZEL DAİRE,none,0,0,0,0,0,none,0,,1312187081
,199 FAVORİYE TEŞEKKÜRLER KOMBİ HEDİYELİ SATILIK 2+1LÜX ARAKAT,none,0,0,0,0,0,none,0,,1323250309
Dubleks|En Üst Kat,İSTASYON MAH. SATILIK 2+1 DUBLEX,standard,1,0,0,0,1,detail_and_title,0,,1329323701
,FIRSAT ACİL SATILIK 2+1 ÇOK UYGUN FİYAT,none,0,0,0,0,0,none,0,,1329311393
Ara Kat,DERBENT KAMELYA SİTESİNDE SATILIK 3+1,none,0,0,0,0,0,none,0,,1310616567
En Üst Kat,ATAEVLERDE MERKEZİ KONUMDA İÇİ YENİLENMİŞ 3+1 ÇATI KATI DAİRE!,none,0,0,0,0,0,none,0,,1327946818
Dubleks|En Üst Kat|Çatı Dubleksi,FSM ASANSÖRLÜ 2+1 EĞİMSİZ DUBLEKS DAİRE,roof,1,1,0,0,0,detail_and_title,0,title_generic_confirms_detail_subtype,1323805866
Dubleks,KARTEPE'NİN GÖZDE BÖLGESİ DUMLUPINAR MAH. LÜKS 3+1 DUBLEX,standard,1,0,0,0,1,detail_and_title,0,,1329287285
Çatı Dubleksi,ZERAY ESİLDE SATILIK 1+1 ÇATI DUBLEKS!,roof,1,1,0,0,0,detail_and_title,0,,1320531501
Çatı Dubleksi,"GÜNEY CEPHE, MASRAFSIZ, BUTİK SİTE İÇİNDE 1+1 ÇATI DUBLEKS",roof,1,1,0,0,0,detail_and_title,0,,1300892501
Dubleks,SAHİBİNDEN TUANA EVLERİNDE 3+1 Dubleks,standard,1,0,0,0,1,detail_and_title,0,,1252123270
,SINIRSIZ KREDİYE UYGUN 4+1 DUBLEX DAİRE,standard,1,0,0,0,1,title,0,,1317857387
Dubleks,DEALLİFE GAYRİMENKUL DEN KARTEPE İBRİKDERE MH 3+1 DUBLEKS,standard,1,0,0,0,1,detail_and_title,0,,1323270679
,ZERAY FORUM ANATOLIA | 279 M2 | 3+1 | DUBLEKS,standard,1,0,0,0,1,title,0,,1301917702
,Kartepe site içinde geniş eğimsiz dubleks 2+1 acil satılık,standard,1,0,0,0,1,title,0,,1329178456
Ara Kat,ATLAS EMLAK SATILIK 2+1 ARA KAT YÜZME HAVUZLU ASANSÖRLÜ SİTE,none,0,0,0,0,0,none,0,,1312102584
Çatı Dubleksi,KARTEPE FSM'DE BUTİK SİTEDE SATILIK LÜKS 3+1 DUBLEKS DAİRE,roof,1,1,0,0,0,detail_and_title,0,title_generic_confirms_detail_subtype,1323273985
Dubleks|En Üst Kat|Çatı Dubleksi,KARTEPE ZERAY MAHAL SATILIK GENİŞ TİP 4+1 ÇATI DUBLEKS DAİRE,roof,1,1,0,0,0,detail_and_title,0,,1299594168
,ISTASYON MAHALLESI'NDE 2 + 1 DUBLEKS SATILIK,standard,1,0,0,0,1,title,0,,1329124333
Dubleks|En Üst Kat|Ara Kat|Çatı Dubleksi,SON FIRSAT KARTEPE FSM AKEV SİTESİ'NDE 100 M2 SATILIK DUBLEKS,roof,1,1,0,0,0,detail_and_title,0,title_generic_confirms_detail_subtype,1328331366
Ara Kat,KÖSEKÖY/İSTASYON MAHALLESİ SATILIK 3+1 130M2 GENİŞ ARAKAT DAİRE,none,0,0,0,0,0,none,0,,1309609843
Dubleks,DUMLUPINAR MAH. MERKEZİ LOKASYON 3+1 DUBLEKS DAİRE,standard,1,0,0,0,1,detail_and_title,0,,1293471082
Ara Kat,KARTEPE ATAEVLER MAHALLESİ'NDE SATILIK 3+1 ARA KAT FIRSAT DAİRE,none,0,0,0,0,0,none,0,,1329053630
,KOCAELİ KARTEPE SATILIK 2+1 DUBLEKS,standard,1,0,0,0,1,title,0,,1326173481
,KARTEPE EMEKEVLER MAH.SATILIK 2+1 YÜKSEK GİRİŞ DAİRE,none,0,0,0,0,0,none,0,,1317850472
Çatı Dubleksi,KARTEPE KÖSEKÖY'DE 2+1 120 M2 DUBLKS DAİRE KATILM EVİM KRED.UYGU,roof,1,1,0,0,0,detail,0,,1323117511
Ara Kat,Kartepe'de Satılık 3+1 Geniş Balkonlu Asansörlü Arakat Daire,none,0,0,0,0,0,none,0,,1329585930
,Kartepe Ataevler'de Satılık 2+1 Giriş Kat Daire (90m²),none,0,0,0,0,0,none,0,,1301766962
,SAFİR'den ERTUĞRULGAZİ'de SATILIK 3+1 DUBLEKS DAİRE,standard,1,0,0,0,1,title,0,,1328996510
,ACİLL!!! DEALLİFE'DAN ATAEVLERDE SİTE İÇİ 140 m² DUBLEKS DAİRE,standard,1,0,0,0,1,title,0,,1323290919
,%50 KREDIYE UYGUN 3 + 1 DUBLEKS,standard,1,0,0,0,1,title,0,,1329313488
En Üst Kat|Çatı Dubleksi,END GAYRİMENKUL'DEN 480 RESİDENCE SATILIK 240 M2 4+1 DAİRE,roof,1,1,0,0,0,detail,0,,1246964741
Çatı Dubleksi,ATAEVLER MAHALLESİNDE SATILIK 4+1 GENİŞ TERAS BALKONLU DAİRE,roof,1,1,0,0,0,detail,0,,1328915365
Ara Kat,UZUNÇİFTLİK MAH SATILIK 130 M2 2+1 ARA KAT DAİRE,none,0,0,0,0,0,none,0,,1322421587
,KARTEPE EMEKEVLER MAH. SIFIR SATILIK 2+1 DUBLEX DAİRE,standard,1,0,0,0,1,title,0,,1317855773
Dubleks|En Üst Kat|Çatı Dubleksi,KARTEPEBAHÇELİEVLER MAHALLESİNDE SATILIK 2+1 DUBLEKS DAİRE!,roof,1,1,0,0,0,detail_and_title,0,title_generic_confirms_detail_subtype,1323202412
Çatı Dubleksi,Nicomedia'dan Ekşioğlu Kardelen Evleri Sitesinde 4+1 dubleks,roof,1,1,0,0,0,detail_and_title,0,title_generic_confirms_detail_subtype,1319725171
Bahçe Dubleksi,UZUNTARLA İBRİKDERE MAHALLESİNDE SATILIK DAİRE,garden,1,0,1,0,0,detail,0,,1289001260
Dubleks|En Üst Kat|Çatı Dubleksi,KARTEPE ERTUĞRULGAZİ'DE SIFIR BİNADA YERDEN ISITMALI GENİŞ 2+1,roof,1,1,0,0,0,detail,0,,1328754643
Dubleks|Ara Kat Dubleks,İBRİKDERE DE 2+1 DUBLEKS DAİRE,middle_floor,1,0,0,1,0,detail_and_title,0,title_generic_confirms_detail_subtype,1321285522
,SATILIK 3+1 DUBLEKS DAİRE,standard,1,0,0,0,1,title,0,,1328721331
Ters Dubleks,KARTEPE EMEK EVLERDE FULL EŞYALI SATILIK 2+1 DAİRE,standard,1,0,0,0,1,detail,0,,1328703510
Ara Kat,KARTEPE İSTASYON MAHALLESİNDE GENİŞ LÜX ARAKAT 3+1 SATILIK DAİRE,none,0,0,0,0,0,none,0,,1322757263
Ara Kat,TERAS KARTEPE PROJESİN DE KUPON DAİRELER,none,0,0,0,0,0,none,0,,1328697661
Dubleks,FIRSAT 3+1 ÇOK UYGUN FİYAT,standard,1,0,0,0,1,detail,0,,1329076937
Dubleks|En Üst Kat|Çatı Dubleksi,KARTEPE FSM GÜZEL KONUMDA YENİ BİNA EĞİMSİZ 4+1 ÇATI DUBLEKS,roof,1,1,0,0,0,detail_and_title,0,,1311182180
Dubleks|En Üst Kat|Çatı Dubleksi,Kartepe Barbaros Caddesinde Satılık 3+1 Çatı Dubleksi Otoparklı,roof,1,1,0,0,0,detail_and_title,0,,1328618329
Dubleks|En Üst Kat|Çatı Dubleksi,END'DEN 480 RESİDENCE SATILIK 240 M2 3+1 DAİRE,roof,1,1,0,0,0,detail,0,,1246990140
Dubleks|En Üst Kat,ATLAS EMLAK SATILIK 3+1 DUBLEKS YÜZME HAVUZU ASANSÖR,standard,1,0,0,0,1,detail_and_title,0,,1323064914
En Üst Kat,KARTEPE ATAKENT KONUTLARI SATILIK 2+1 DAİRE,none,0,0,0,0,0,none,0,,1328546980
,Kartepe fatih sultan mehmet mah. Satılık 2+1 arakat,none,0,0,0,0,0,none,0,,1320669751
Ara Kat|Çatı Dubleksi,KARTEPE CADDE LİFE SİTESİ'NDE 3+1 SATILIK SIFIR ÇATI DUBLEKS,roof,1,1,0,0,0,detail_and_title,0,,1326204740
Çatı Dubleksi,AKBULUT EMLAKTAN | ÇATI DUBLEKS | RAHMİYE | 3+1 SATILIK,roof,1,1,0,0,0,detail_and_title,0,,1328513425
,180 FAVORİYE TEŞEKKÜRLER D.PINAR MAH YÜKSEK KREDİLİ 2+1 DUBLEKS,standard,1,0,0,0,1,title,0,,1306016239
Dubleks,YAĞMURDAN KARTEPE İSTASYON YÜRÜYÜŞ YOLUNDA 2+1 DUBLEKS,standard,1,0,0,0,1,detail_and_title,0,,1308986369
Çatı Dubleksi,KARTEPE ATAEVLER MAH. SATILIK 3+1 EĞİMSİZ ÇATI DUBLEKS!,roof,1,1,0,0,0,detail_and_title,0,,1315752027
,Ataevler mah. 3+1 satılık daire,none,0,0,0,0,0,none,0,,1311405141
,YILKAR' dan ASANSÖRLÜ ARAKAT 2+1,none,0,0,0,0,0,none,0,,1328445280
Ara Kat,ACİL ARA KAT 2+1 110 M2 KENYMEYDANI KARTEPE,none,0,0,0,0,0,none,0,,1321744016
Dubleks,KARTEPE DERBENT'DE SIFIR SATILIK 3+1 GENİŞ DUBLEKS DAİRE,standard,1,0,0,0,1,detail_and_title,0,,1290832699
Dubleks|En Üst Kat,SAHIBINDEN TEMIZ KULLANIŞLI 3+1 DUBLEX EKSTRALI VE HAZIR KURULU,standard,1,0,0,0,1,detail_and_title,0,,1328388440
,ARS'DEN DUMLUPINARDA SATILIK DUBLEKS 1+1,standard,1,0,0,0,1,title,0,,1298606942
Dubleks,KARTEPE MAŞUKİYE GATE41 AVM'de SATILIK 3+1 270M2 DAİRE,standard,1,0,0,0,1,detail,0,,1231458130
,Kartepe fsm acil satılık 4+1 dublex,standard,1,0,0,0,1,title,0,,1322810215
Dubleks|Çatı Dubleksi,Kartepe merkezde sahibinden satılık 4+1 çatı dubleks daire,roof,1,1,0,0,0,detail_and_title,0,,1295032061
Çatı Dubleksi,Kartepe Ertuğrul Gazi Mah. 4+1 Geniş Çatı Dubleks Daire,roof,1,1,0,0,0,detail_and_title,0,,1328279862
,KARTEPE EMEKEVLER MAH SATILIK LÜKS DAİRE,none,0,0,0,0,0,none,0,,1322332834
Çatı Dubleksi,KARTEPE FSM'DE SATILIK 4+1 EĞİMSİZ ÇATI DUBLEKS DAİRE,roof,1,1,0,0,0,detail_and_title,0,,1322987443
Ara Kat,KARTEPE TERRACE 4+1 BAHÇELİ SATILIK DAİRE,none,0,0,0,0,0,none,0,,1323175514
,KARTEPE FSM MAH DE SATILIK 4+1 DUBLEKS EMİN EVİME UYGUN,standard,1,0,0,0,1,title,0,,1325756738
Dubleks|En Üst Kat|Çatı Dubleksi,Kartepe Dumlupinar'da 2+1 Dubleks Daire - Yatırım Fırsatı,roof,1,1,0,0,0,detail_and_title,0,title_generic_confirms_detail_subtype,1328465523
,Özdilek Ataevlerde satılık daire,none,0,0,0,0,0,none,0,,1328257600
,Kocaeli kartepe Emekevler 3 + 1 satılık dubleks,standard,1,0,0,0,1,title,0,,1325714075
,Kartepe Ertuğrul Gazi Havuzlu Site İçerisinde 1+1 70m2,none,0,0,0,0,0,none,0,,1328228181
,KARTEPENİN EN PRESTİJ'Li VEFAKENT SİTESİNDE 4+1 ÇATI DUBLEX,roof,1,1,0,0,0,title,0,,1314653870
,"KOCAELİ'NİN EN LÜX PROJESİ ZERAY ESİL KARTEPE'DE BÜYÜK TİP 1,5+1",none,0,0,0,0,0,none,0,,1316290219
Dubleks|Çatı Dubleksi,3+1 FİYATINA 4+1 ÜST DUBLEKS,roof,1,1,0,0,0,detail_and_title,0,title_generic_confirms_detail_subtype,1285982281
Ara Kat,ATAEVLER MAH ARA KAT DAİREMİZ SATIŞTA,none,0,0,0,0,0,none,0,,1329315030
Çatı Dubleksi,KARTEPE ERTUĞRUL GAZİ MAH. SATILIK 1+1 ÇATI DUBLEKS DAİRE,roof,1,1,0,0,0,detail_and_title,0,,1328172963
,KARTEPE KÖSEKÖY MAH DE SATILIK FIRSAT 3+1 EMİN EVİME UYGUN,none,0,0,0,0,0,none,0,,1328154105
Dubleks|En Üst Kat|Ara Kat|Çatı Dubleksi,SON FIRSAT KARTEPE FSM AKEV SİTESİ'NDE HAVUZLU OTOPARKLI 2+1,roof,1,1,0,0,0,detail,0,,1321782330
,KARTEPE DERBENT MAH SATILIK MULK,none,0,0,0,0,0,none,0,,1322137510
Ara Kat|Çatı Dubleksi,NEFF VİZYON PROJESİ SATILIK 104 M2 TERASLI 1+1 DUBLEKS DAİRE,roof,1,1,0,0,0,detail_and_title,0,title_generic_confirms_detail_subtype,1322773287
Dubleks,FIRSAT 2+1 OTURUMA HAZIR DAİRE,standard,1,0,0,0,1,detail,0,,1328516802
,KOCAELİ KARTEPE ERTUĞRUL GAZİ MAH SATILIK 2+1 YÜKSEK GİRİŞ,none,0,0,0,0,0,none,0,,1324930551
,mükemmel konumda site ici daire,none,0,0,0,0,0,none,0,,1328075695
Dubleks,Dumlupınar mahallesinde 3+1 130m2 dairemiz satılıktır,standard,1,0,0,0,1,detail,0,,1321797917
Dubleks|Çatı Dubleksi,GOLD HOUSE GM'DEN SATILIK ÇATI DUBLEX,roof,1,1,0,0,0,detail_and_title,0,,1325293454
Ara Kat|Çatı Dubleksi,KARTEPE FSM MAHALLESİNDE SATILIK 2+1 GENİŞ KULLANIŞLI DUBLEKS,roof,1,1,0,0,0,detail_and_title,0,title_generic_confirms_detail_subtype,1321734899
Ara Kat,DEALLİFE GAYRİMENKUL'DEN ATAEVLER'DE SATILIK 1+1 DUBLEKS DAİRE,standard,1,0,0,0,1,title,0,,1321978814
,KARTEPE ATAEVLER MAH SATILIK 3+1 ARAKAT EMİN EVİME UYGUN,none,0,0,0,0,0,none,0,,1328230839
En Üst Kat,END'DEN KARTEPE TAÇ YAPRAK EVLERİNDE SATILIK 3+1 YAPILI DAİRE,none,0,0,0,0,0,none,0,,1270710869
Ara Kat,ÖMER KUŞÇU GAYRİMENKL İSKANLI LÜKS 2+1 GENİŞ DAİRE ARAKT KOMBİLİ,none,0,0,0,0,0,none,0,,1321749335
Çatı Dubleksi,DERYA ÇAKICIDAN KARTEPE EMEKEVLERDE 3+1 SATILIK LÜKS DAİRE,roof,1,1,0,0,0,detail,0,,1315405269
,Kartepe Konakları 2 Satılık 5+1 Çatı Dubleks Daire Krediye Uygun,roof,1,1,0,0,0,title,0,,1314812485
Ara Kat,EMEKEVLER de AVM ye YÜRÜME MESAFESİ 3+1 ARAKAT MERKEZİ KONUMDA,none,0,0,0,0,0,none,0,,1305497674
,KARTEPE DUMLUPINAR MAH SATILIK EĞİMSİZ DUBLEKS,standard,1,0,0,0,1,title,0,,1325577918
,KENT MEYDANINDA 1.99 KREDİYLE SİTE İÇİ HAVUZLU ARA KAT DAİRE,none,0,0,0,0,0,none,0,,1328089171
,KOCAELI KARTEPE SATILIK ULTRA LÜKS 2+1 ARAKAT DAİRE,none,0,0,0,0,0,none,0,,1321828443
,FIRSAT FİYATLI! FSM MAHALLESİNDE 2+1 ARAKAT KONFORLU DAİRE,none,0,0,0,0,0,none,0,,1310804238
Dubleks,ACİL SATILIK 2+1 İSTASYON MAHALLESİNDE DUBLEX,standard,1,0,0,0,1,detail_and_title,0,,1328170003
Çatı Dubleksi,KOCAELİ KARTEPE SARIMEŞE ÖZEL TASARIM TERASLI SATILIK 2+1 DAİRE,roof,1,1,0,0,0,detail,0,,1304052673
Bahçe Dubleksi,ZERAY ESİL KARTEPE BAHÇE DUBLEKS SATILIK FIRSAT 1+1 DAİRE,garden,1,0,1,0,0,detail_and_title,0,,1322000333
Dubleks|En Üst Kat|Çatı Dubleksi,"KARTEPE KENT MEYDANI SİTEDE HAVUZLU,KAPALI OTOPARKLI 3+1 DUBLEKS",roof,1,1,0,0,0,detail_and_title,0,title_generic_confirms_detail_subtype,1303086976
,KARTEPE KENT MEYDANINDA SITE İÇERİSİNDE SATILIK 1+1,none,0,0,0,0,0,none,0,,1322787205
Çatı Dubleksi,Kartepe'de 4+1 Çatı Dubleks Satılık Daire (166m²),roof,1,1,0,0,0,detail_and_title,0,,1296511636
Ara Kat,YATIRIMLIK DAİRE İSTEYENLERE FIRSAT 2+1 AMERİKAN MUTFAK ARA KAT,none,0,0,0,0,0,none,0,,1328060636
,ARS'DEN DUMLUPINARDA 3+1 DUBLEKS,standard,1,0,0,0,1,title,0,,1310765196
,Köseköy İstasyon'da Satılık 2+1 Sıfır Dubleks Daire,standard,1,0,0,0,1,title,0,,1316181928
,KOCAELİ KARTEPE FSM SATILIK 2+1 DUBLEKS,standard,1,0,0,0,1,title,0,,1324598663
,KOCAELİ KARTEPE'DE SATILIK DUBLEKS MESKEN,standard,1,0,0,0,1,title,0,,1228415785
Çatı Dubleksi,Köseköy'de sıfır dubleks daire satılık,roof,1,1,0,0,0,detail_and_title,0,title_generic_confirms_detail_subtype,1275994489
Dubleks|Çatı Dubleksi,sarımeşe konaklarında manzaraları dublex,roof,1,1,0,0,0,detail_and_title,0,title_generic_confirms_detail_subtype,1255374724
Çatı Dubleksi,"Kartepe'de Manzaralı, Site İçinde 4+1 Çatı Dubleks Daire",roof,1,1,0,0,0,detail_and_title,0,,1307274363
Ters Dubleks,ATAEVLER TUANA SİTESİNDE 2+1SATILIK DUBLEX,standard,1,0,0,0,1,detail_and_title,0,,1321426834
,Kocaeli kartepe FSM 3 + 1 ara kat asansörlü satılık daire,none,0,0,0,0,0,none,0,,1325823620
Dubleks,Kartepe Ataevler Mahallesi'nde Satılık Lüks 2+1 Dubleks Daire,standard,1,0,0,0,1,detail_and_title,0,,1327528841
,KARTEPE EMEKEVLER YÜKSEK KREDİYE UYGUN 2+1 SATILIK DUBLEKS DAİRE,standard,1,0,0,0,1,title,0,,1310146081
,KARTEPE EMEKEVLER MAH SATILIK YÜKSEK GİRİŞ,none,0,0,0,0,0,none,0,,1325105196
,NEOSTAN FSM DE DEMOKRASİ CADESİN DE EĞİMSİZ 3+1 DUBLEKS,standard,1,0,0,0,1,title,0,,1178096986
,KARTEPE ATAEVLER ADESA SİTESİNDE151mkare3+1 ARAKAT SATILIK DAİRE,none,0,0,0,0,0,none,0,,1326975350
Dubleks,EVKAPTAN SAPANCA'DA 3+1 DUBLEX DAİRE!,standard,1,0,0,0,1,detail_and_title,0,,1315334346
,"DEALLİFE'DEN, FSM'DE,2+1 120 M2 EBEVEYN BANYOLU ÇATI DUBLEKS",roof,1,1,0,0,0,title,0,,1328267118
,TAPUBANK' tan Satılık 2+1 Dubleks Daire Kolej Yolu Üzeri,standard,1,0,0,0,1,title,0,,1314498314
,KARTEPE/KÖSEKÖY SATILIK 4+1 DUBLEKS GENİŞ TEMİZ DAİRE,standard,1,0,0,0,1,title,0,,1319685254
Dubleks,BÜYÜK TERAS VE ULTRA GENİŞ DAİRE İSTEYENLERE 3+1 DUBLEX,standard,1,0,0,0,1,detail_and_title,0,,1319831729
Ters Dubleks,İLK SAHİBİNDEN ATAEVLER DE 380M2 TERS DUBLEKS,standard,1,0,0,0,1,detail_and_title,0,,1326242515
,VİZYON'DAN MAKUL 2+1 DUBLEKS,standard,1,0,0,0,1,title,0,,1326283769
,İSTASYON MAHALLESI'NE 2 + 1 LÜKS DUBLEKS,standard,1,0,0,0,1,title,0,,1326572938
,EKOMAXDAN SINIRSIZ KREDİ ASANSÖRÜ SİTE İÇİ 4+1 EĞİMSİZ DUBLEKS,standard,1,0,0,0,1,title,0,,1320955553
Çatı Dubleksi,ONUR EMLAKTAN KARTEPE KONAKLARI 2 ETAPTA 2+1 ÇATI DUBLEKS,roof,1,1,0,0,0,detail_and_title,0,,1326134294
Çatı Dubleksi,KÖSEKÖY İSTASYON MAH 3+1 ÇATI DUBLEKSİ FIRSATI,roof,1,1,0,0,0,detail_and_title,0,,1319934238
Ara Kat,KARTEPE FSM DE EMAR DELUX SATILIK 3+1 ÇATI DUBLEKS DAİRE,roof,1,1,0,0,0,title,0,,1326789063
Dubleks,KARTEPE MAŞUKİYE GATE41 AVM'DE SATILIK SIFIR 3+1 DUBLEKS DAİRE,standard,1,0,0,0,1,detail_and_title,0,,1326022367
Dubleks|En Üst Kat|Çatı Dubleksi,FATİH SULTAN MEHMET MAHALLESİ GENİŞ 2+1 DUBLEKS DAİRE!,roof,1,1,0,0,0,detail_and_title,0,title_generic_confirms_detail_subtype,1302919064
Ara Kat|Çatı Dubleksi,KARTEPE EMEKEVLER TWINLIFETA SATILIK EĞİMSİZ 4+1 ÇATI DUBLEKS,roof,1,1,0,0,0,detail_and_title,0,,1308759051
Çatı Dubleksi,Kartepe Kardelen Sitesi'nde Eşyalı Satılık 4+1 dubleks daire,roof,1,1,0,0,0,detail_and_title,0,title_generic_confirms_detail_subtype,1325788696
Çatı Dubleksi,KARTEPE ERTUĞRUL GAZİ'DE 3+1 SATILIK ÇATI DUBLEKS DAİRE,roof,1,1,0,0,0,detail_and_title,0,,1308547700
,KARTEPE ATAEVLER MAHALLESİNDE SATILIK 2+1 DUBLEKS FIRSAT DAİRE,standard,1,0,0,0,1,title,0,,1313429870
,NAF GAYRİMENKULDEN SATILIK 3+1 DUBLEKS 160 M2,standard,1,0,0,0,1,title,0,,1325292381
,"Kartepe FSM'de Yatırıma Uygun, Lüks Tasarımlı 3+1 Dubleks",standard,1,0,0,0,1,title,0,,1312868995
,KARTEPE KENT MEYDANINDA SİTE İÇERİSİNDE SATILIK 3+1 YÜKSEK GİRİŞ,none,0,0,0,0,0,none,0,,1325650059
Çatı Dubleksi,Atlas emlak Kartepe Satılık Zeray Mahallde çatı Dublex Daire,roof,1,1,0,0,0,detail_and_title,0,,1230453672
,REMAX DREAMDEN KARTEPE İSTASYON.MAH.SATILIK 2+1 DUBLEKS DAİRE,standard,1,0,0,0,1,title,0,,1325546623
Dubleks,HİRA EMLAK AYRICALIĞIYLA KARTEPE SARIMEŞE'DE 3+1 DUBLEKS,standard,1,0,0,0,1,detail_and_title,0,,1307648346
Çatı Dubleksi,Sahibinden Ataevlerde Krediye uygun 2+1 Bağımsız Mutfak Daire,roof,1,1,0,0,0,detail,0,,1324744149
Çatı Dubleksi,Sahibinden Köseköy Mah Dubleks 2+1 Sıfır Daire,roof,1,1,0,0,0,detail_and_title,0,title_generic_confirms_detail_subtype,1325365495
,Aras Gayrimenkulden Ertuğrul Gazide Fırsat 3+1 Dubleks,standard,1,0,0,0,1,title,0,,1325536633
Çatı Dubleksi,DERBENT MH SİTE İÇİ HAVUZLU 3+1 DUBLEKS SATILIK DAİRE,roof,1,1,0,0,0,detail_and_title,0,title_generic_confirms_detail_subtype,1308385286
,ZERAY MAHAL'de SATILIK 3+1 DUBLEKS DAİRE,standard,1,0,0,0,1,title,0,,1318198562
Çatı Dubleksi,PRY DEN KOCAELİ KARTEPE'DE 2+1 KAT DUBLEKSİ.EMLAK KOMİSYONU YOK,roof,1,1,0,0,0,detail_and_title,0,title_generic_confirms_detail_subtype,1325299227
Çatı Dubleksi,KARTEPE FATİH SULTAN MEHMET MAH. SATILIK 3+1 ÇATI DUBLEKS,roof,1,1,0,0,0,detail_and_title,0,,1325785833
Ara Kat,İBRİKDERE MAH SATILIK 2+1 90M2 ARAKAT,none,0,0,0,0,0,none,0,,1325167766
Ara Kat,DEALLİFE'dan FSM'de KÖŞE PARSEL YOLA CEPHELİ 2+1 ARA KAT FIRSAT,none,0,0,0,0,0,none,0,,1321987491
Dubleks|Çatı Dubleksi,Atlas Emlak Kartepe Satılık Zeray Mahall de Çatı Dublex Daire,roof,1,1,0,0,0,detail_and_title,0,,1230460110
,EKOMAX'DAN E.GAZİ ASANSRLÜ HAVZLU SİTE İÇİ 3+1 LÜKS DUBLKS,none,0,0,0,0,0,none,0,,1326313339
Çatı Dubleksi,FIRSAT 3+1 SIFIR DUBLEKS DAİRE,roof,1,1,0,0,0,detail_and_title,0,title_generic_confirms_detail_subtype,1325071788
,KARTEPE/ATAEVLER SATILIK 3+1 DUBLEKS 145M2 GENİŞ DAİRE,standard,1,0,0,0,1,title,0,,1325609484
Dubleks,"KARTEPE İBRİKDERE'DE İSKANLI, LÜKS 2+1 GENİŞ DAİRE",standard,1,0,0,0,1,detail,0,,1313488083
,ALDIN ALDIN FSM MAHDE SATILIK 2+1 LÜX YÜKSEK GİRİŞ DAİRE,none,0,0,0,0,0,none,0,,1326417352
Dubleks,KARTEPE ATAEVLER MH. 3+1 DUBLEKS GENİŞ SATILIK DAİRE,standard,1,0,0,0,1,detail_and_title,0,,1325369239
Ara Kat,KOCAELİ KARTEPE EMEKEVLER MAH SATILIK 2+1 ARA KAT SIFIR,none,0,0,0,0,0,none,0,,1324999821
Bahçe Dubleksi,KARTEPE MANZARALI ÖNÜ KAPANMAZ OLDUKÇA BÜYÜK BAHÇE DUBLEKS 3+1,garden,1,0,1,0,0,detail_and_title,0,,1325958481
,KARTEPE FSM 2+1 ZEMİN KAT DAİRE I İSKANLI I LÜKS I KELEPİR,none,0,0,0,0,0,none,0,,1308146289
Ara Kat,KARTEPE FATİH SULTAN MEHMET MAH 3+1 ARAKAT SATILIK DAİRE,none,0,0,0,0,0,none,0,,1313425896
,Ç&K DANIŞMANLIK KARTEPE SATILIK 4+1 FIRSAT DUBLEX !!!!,standard,1,0,0,0,1,title,0,,1313074541
,FSM de MERKEZİ KONUMDA 2+1 DUBLEX SATILIK DAİRE,standard,1,0,0,0,1,title,0,,1260898296
,BUTİK SİTE İÇİ 170m² GENİŞ MUTFAK ASANSÖR EBEVEYN BANYOLU 3+1,none,0,0,0,0,0,none,0,,1315037900
Çatı Dubleksi,KÖSEKÖY DUMLUPINAR'DA SATILIK KULLANIŞLI ÇATI DUBLEKS,roof,1,1,0,0,0,detail_and_title,0,,1324457761
Ara Kat,KARTEPE KENT MEYDANINDA SİTE İÇERİSİNDE SATILIK ARAKAT 2+1 DAİRE,none,0,0,0,0,0,none,0,,1328278648
,Aras Gayrimenkulden FSM'de Site İçinde 3+1 Dubleks,standard,1,0,0,0,1,title,0,,1325500355
,SIFIR 2+1 BAHÇE DUBLEKS,garden,1,0,1,0,0,title,0,,1300212479
Bahçe Dubleksi,GÖLCÜK DE FIRSAT DAİRESİ BAHÇE DUBLEX ÖZEL FİYAT SATLIK,garden,1,0,1,0,0,detail_and_title,0,,1300318125
Ara Kat,Satılık Daire,none,0,0,0,0,0,none,0,,1330302178
,ENKA G.Y.O 'DAN REZİDANS TİPİ 2+1 SIFIR ARAKAT DAİRE,none,0,0,0,0,0,none,0,,1329697630
En Üst Kat,Değirmendere'de Havuzlu Sitede Satılık Çatı Dubleks 3+1 Daire,roof,1,1,0,0,0,title,0,,1312853935
Bahçe Dubleksi,Topçular Mahallesinde Fırsat 4+1 Bahçe Dubleks,garden,1,0,1,0,0,detail_and_title,0,,1330277378
Çatı Dubleksi,GÖLCÜKTE 3+1 DUBLEKS TERASLI DAİRE FIRSATI !!!,roof,1,1,0,0,0,detail_and_title,0,title_generic_confirms_detail_subtype,1271894071
Çatı Dubleksi,Remax Çakra'dan Gölcük Şehitler Mah. Asansörlü 4+1 Çatı Dubleks,roof,1,1,0,0,0,detail_and_title,0,,1312915557
,REMAX NATURAL'DEN PİYALEPAŞA'DA 3+1 BAHÇE DUBLEKS,garden,1,0,1,0,0,title,0,,1301755565
Çatı Dubleksi,DEGİRMENDERE ATATÜRK MAHALLESİ LÜKS 3+1 ÇATI DUBLEKS,roof,1,1,0,0,0,detail_and_title,0,,1330145996
,MERKEZ EMLAKTAN SATILIK FULL DENİZ MANZARALI 3+1 ÇATI DUBLEKS,roof,1,1,0,0,0,title,0,,1324249983
Çatı Dubleksi,ARADIĞINIZ KONFOR BURADA EĞİMSİZ 3+1 ÇATI DUBLEKS,roof,1,1,0,0,0,detail_and_title,0,,1321126683
Dubleks,GÖLCÜK ŞEHİTLERDE FUL DENİZ MANZARALI DUBLEX,standard,1,0,0,0,1,detail_and_title,0,,1320721801
Çatı Dubleksi,GÖLCÜK ŞİRİNKÖY SATILIK 3+1 ÇATI DUBLEX DAİRE,roof,1,1,0,0,0,detail_and_title,0,,1329912971
Ara Kat,Harun Arslan Gayrimenkulden Satılık Daire,none,0,0,0,0,0,none,0,,1329869207
,CANCAN DAN PİYALE PAŞADA 3+1 120 m2 LÜX DÜZ DAİRE,none,0,0,0,0,0,none,0,,1329640752
,DEĞİRMENDERE MARİNA ARKASI 3+1 120METRE KARE,none,0,0,0,0,0,none,0,,1329653199
Ters Dubleks,CB ENVOY Gölcük Şehitler'de Satılık 2+1 Ters Dubleks Daire,standard,1,0,0,0,1,detail_and_title,0,,1320579325
,"TOPÇULARDA DENİZ MANZARALI, ÇATI EĞİMSİZ GENİŞ ,FERAH,DUBLEKS...",standard,1,0,0,0,1,title,0,,1320419214
,"ÇİFTLİK'TE SIFIR EMSALi, YÜKSEK KREDİLİ 3+1 LÜKS ÜST DUBLEKS",standard,1,0,0,0,1,title,0,,1323575461
En Üst Kat,Değrimendere yüzbaşılarda fırsat daire,none,0,0,0,0,0,none,0,,1329505398
Bahçe Dubleksi,İHSANİYE ÇİFTLİK MAHALLESİNDE 3+1 MUHTEŞEM BAHÇE DUBLEKS,garden,1,0,1,0,0,detail_and_title,0,,1320757944
,Gölcük Şehitler Mahallesi Deniz Manzaralı,none,0,0,0,0,0,none,0,,1329447487
Ara Kat,PİYALEPAŞA MAHALLESİN'DE MUHTEŞEM 4+1 ÇATI DUBLEKS,roof,1,1,0,0,0,title,0,,1311376617
Çatı Dubleksi,Gölcük Piyalepaşa'da Deniz Manzaralı 1+1 Çatı Dubleksi,roof,1,1,0,0,0,detail_and_title,0,,1323587495
Ara Kat,GÜLŞEN'DEN KAVAKLI SAHİLE 50 METRE GENİŞ ARAKAT,none,0,0,0,0,0,none,0,,1329397581
Bahçe Dubleksi,"Topçular'da Müstakil Villa Tadında Bahçe Dubleksi, Geniş Bahçeli",garden,1,0,1,0,0,detail_and_title,0,,1317950863
Bahçe Dubleksi,GÖLCÜK DEĞİRMENDERE METROPOLİTANGREYEFFECT SİT. 3+1 BAHÇEDUBLEKS,garden,1,0,1,0,0,detail_and_title,0,,1311668676
Bahçe Dubleksi,Sahibinden Piyalepaşa'da Müstakil Bahçe ve Girişli 135 m2 3+1,garden,1,0,1,0,0,detail,0,,1303058094
,Kocaeli Gölcük Şirinköy'de Masrafsız Krediye Uygun 2+1 Satılk,none,0,0,0,0,0,none,0,,1329265693
En Üst Kat,Değirmendere Merkez'de Satılık 3+1 Asansörlü Cam Balkonlu Daire,none,0,0,0,0,0,none,0,,1329218404
Bahçe Dubleksi,Değirmendere'de Sıfır 3+1 Bahçe Dubleksi Daire | Krediye Uygun,garden,1,0,1,0,0,detail_and_title,0,,1315301806
Bahçe Dubleksi,GÖZLEMEN TEPE TERAS EVLERİNDE SATILIK 200 M2 4+1 BAHÇE DUBLEX,garden,1,0,1,0,0,detail_and_title,0,,1316583059
Ara Kat,CB TOWER DEĞİRMENDERE HASDAYI 3+1 ASANSÖRLÜ ARAKAT 120 M2 DAİRE,none,0,0,0,0,0,none,0,,1329172533
,Bu fiyata bu konumda daire başka yok,none,0,0,0,0,0,none,0,,1329155974
,TOPÇULARDA SATILIK 3+1 BAHÇE DUBLEKS DAİRE,garden,1,0,1,0,0,title,0,,1274126322
,SAHİBİNDEN 2+1 ÇATI DUBLEKS,roof,1,1,0,0,0,title,0,,1329127212
,CB ELEXUS | DONANMA'DA E-5 ÜZERİ ANAYOLA CEPHE 2+1 SATILIK DAİRE,none,0,0,0,0,0,none,0,,1329113146
Ara Kat,ÇİFTLİK MERKEZ MAH. 3+1 SATILIK ARAKAT DAİRE,none,0,0,0,0,0,none,0,,1329116039
,ŞEHİTLER MAHALLESİNDE 160m2 DENİZ MANZARALI 4+1 ÇATIDUBLEX,roof,1,1,0,0,0,title,0,,1322370321
,DEĞİRMENDERE TOPÇULARDA HAVUZLU SİTEDE SATILIK 3+1 DUBLEX,standard,1,0,0,0,1,title,0,,1286041010
Ara Kat,GÖLCÜK ADLİYE MEVKİİ SATILIK SIFIR ARA KAT 1+1,none,0,0,0,0,0,none,0,,1328975350
Bahçe Dubleksi,KW ARVEN'DEN GENİŞ DENİZ MANZARALI 3+1 SATILIK BAHÇE DUBLEKS,garden,1,0,1,0,0,detail_and_title,0,,1240281185
Bahçe Dubleksi,CB ELEXUS | Şirinköy'de Geniş Bahçeli 3+1 Bahçe Dubleks Daire,garden,1,0,1,0,0,detail_and_title,0,,1329081791
Çatı Dubleksi,Yenimahalle'de Sıfır Alçak Binada 2+1 Çatı Dubleks Satılık Daire,roof,1,1,0,0,0,detail_and_title,0,,1329374902
,SAHİBİNDEN LÜX DAİRE,none,0,0,0,0,0,none,0,,1316159248
,GÖLCÜK KAVAKLI MAHALLESİNDE SATILIK 3+1 | 125 m²,none,0,0,0,0,0,none,0,,1328768643
Dubleks|En Üst Kat|Çatı Dubleksi|Ters Dubleks,D.DERE ATATÜRK MAH. ÇATI DUBLEKS 3+1 GENİŞ ASANSÖRLÜ,roof,1,1,0,0,0,detail_and_title,0,,1322917202
,TANYILDIZDAN GÖLCÜK ELİT PARK SİTESİNDE 3+1 BAHÇE DUBLEKS DAİRE,garden,1,0,1,0,0,title,0,,1317306405
Çatı Dubleksi,Değirmendere Topçular Mah. 3+1 Geniş Teraslı Çatı Dubleks Daire,roof,1,1,0,0,0,detail_and_title,0,,1316994001
,SATILIK BAHÇE DUBLEKS SIFIR YAPI GENİS VE OTURMA HAZIR,garden,1,0,1,0,0,title,0,,1319815158
Çatı Dubleksi,Cb Envoy'dan Piyalepaşa mah. Gölpark İnşaat | 4+1 Çatı Dubleks,roof,1,1,0,0,0,detail_and_title,0,,1305900264
Çatı Dubleksi,DENİZ MANZARALI 3+1 ÇATI DUBLEKS,roof,1,1,0,0,0,detail_and_title,0,,1315195150
Bahçe Dubleksi,GÖLCÜK ŞEHİTLERDE 4+1 BAHÇE DUBLEKS SİTE İÇİ KAMERALI,garden,1,0,1,0,0,detail_and_title,0,,1311752178
Bahçe Dubleksi,GÖLCÜK ATATÜRK MAH.PRESTİJLİ SİTEDE SATILIK 3+1 BAHÇE DUBLEKS,garden,1,0,1,0,0,detail_and_title,0,,1328598484
Çatı Dubleksi,GÖLCÜK KAVAKLI DA 4+1 ÇATI DUBLEKS,roof,1,1,0,0,0,detail_and_title,0,,1325838551
,DEĞİRMENDERE ATATÜRK MH. 3 ODA 1 SALON ÜST DUBLEX,standard,1,0,0,0,1,title,0,,1328547554
Ara Kat,YC GROUP'tan DEĞİRMENDERE'DE DENİZE SIFIR DAİRE,none,0,0,0,0,0,none,0,,1289389870
,YÜZBAŞILARDA Deniz Manzaralı | 3+1 YATIRIMLIK Köşe Daire SATILIK,none,0,0,0,0,0,none,0,,1328438512
Çatı Dubleksi,LİDYA'DAN Kocaeli Gölcük Topçular'da Satılık Lüks Çatı Dubleks,roof,1,1,0,0,0,detail_and_title,0,,1308162391
En Üst Kat,NETA GAYRİMENKULDEN MERKEZE YÜRÜME MESAFESİNDE 3+1 DAİRE,none,0,0,0,0,0,none,0,,1314669232
Dubleks,KREDİYE UYGUN SON DAİRELER BAHÇE DUBLEKS 3+1 184 M2,standard,1,0,0,0,1,conflict_detail_wins,1,conflict detail=standard title=garden,1268137426
Dubleks|Çatı Dubleksi,GÖLCÜK MERKEZİNE ACİL SATILIK SIFIR 3+1 DUBLEKS LÜKS DAİRE,roof,1,1,0,0,0,detail_and_title,0,title_generic_confirms_detail_subtype,1318530956
Ara Kat,Yüzbaşılar Hastane Karşısı 3+1 Asansörlü İçi Yapılı Daire,none,0,0,0,0,0,none,0,,1314120067
,ACİL SATILIK | KOCAELİ GÖLCÜK YUNUSEMRE MAHALLESİ'NDE MASRAFSIZ,none,0,0,0,0,0,none,0,,1328180787
Ara Kat,ÇİFTLİK MAHALLESİNDE YERDEN ISITMALI 3+1 DAİREMİZ SATILIKTIR.,none,0,0,0,0,0,none,0,,1328160699
Çatı Dubleksi,GÖLCÜK ŞİRİNKÖY'DE SATILIK FERAH 3+1 DUBLEKS DAİRE,roof,1,1,0,0,0,detail_and_title,0,title_generic_confirms_detail_subtype,1328322039
Dubleks|Bahçe Dubleksi,SATILIK 3+1 BAHÇE DUBLEKS,garden,1,0,1,0,0,detail_and_title,0,,1328100357
,DEĞİRMENDERE MERKEZ ÇARŞI İÇİ 3+1 ARAKAT DAİRE,none,0,0,0,0,0,none,0,,1328050519
Çatı Dubleksi,PİYALEPAŞA MAH 3+1 TERASLI ÇATI DUBLEKS,roof,1,1,0,0,0,detail_and_title,0,,1316227983
Çatı Dubleksi,Site içinde deniz manzaralı çatı dubleks 4+1 satılık daire,roof,1,1,0,0,0,detail_and_title,0,,1321691559
En Üst Kat,TURYAP DONANMA'DAN ÇİFTLİK ALİ UÇAR CAD.SATILIK 3+1 DAİRE,none,0,0,0,0,0,none,0,,1308426247
Dubleks,GÖLCÜK PİYALEPAŞA CUMA PAZARINA YAKIN 3+1 DUBLEKS!,standard,1,0,0,0,1,detail_and_title,0,,1328406641
,GÖLCÜK BELEDİYESİNE VE KAVAKLI SAHİLİNE ÇOK YAKIN 3+1 ORTA KAT,none,0,0,0,0,0,none,0,,1289908459
Bahçe Dubleksi,"Değirmendere'de Deniz Manzaralı, Bahçeli 3+1 Dubleks",garden,1,0,1,0,0,detail_and_title,0,title_generic_confirms_detail_subtype,1318039856
Çatı Dubleksi,Gölcük Yeni Mahallede 3+1 Çatı Dubleks,roof,1,1,0,0,0,detail_and_title,0,,1327863151
Çatı Dubleksi,Katılım Bankalarına Uygun Gölcük İskele Yolunda 4+1 Çatı Dubleks,roof,1,1,0,0,0,detail_and_title,0,,1322171620
Bahçe Dubleksi,185M2 DENİZ MANZARALI SATILIK 3+1 BAHÇE DUBLEKS,garden,1,0,1,0,0,detail_and_title,0,,1285024149
Bahçe Dubleksi,Gölcük Merkez Mah. Satılık 3+1 Bahçe Dubleks Daire,garden,1,0,1,0,0,detail_and_title,0,,1327651954
Bahçe Dubleksi,E&G EMLAK'TAN VİLLA TADINDA BAHÇE DUBLEKS,garden,1,0,1,0,0,detail_and_title,0,,1211913311
Çatı Dubleksi,Altınyıldız emlak atatürk mahallesinde çatı dubleks,roof,1,1,0,0,0,detail_and_title,0,,1327780165
Ara Kat,GÖLCÜK ÇİFTLİK MAH. 3+1 GENİŞ MEDAR HASTANESİNE I D-100 YAKIN ..,none,0,0,0,0,0,none,0,,1264403109
,GÖLCÜK ŞEHİTLER MAHALLESİ'NDE SATILIK 3+1 ÇATI DUBLEKS,roof,1,1,0,0,0,title,0,,1258694708
,E&G EMLAK'TAN TOPÇULARDA BAHÇE DUBLEKS,garden,1,0,1,0,0,title,0,,1227036971
Bahçe Dubleksi,Harun Arslan Gayrimenkulden Satılık Daire (Bahçe Dubleks ),garden,1,0,1,0,0,detail_and_title,0,,1327512184
,CUMHURİYET MAHALLESİNDE 3+1 180m2 ÇATI DUBLEKS,roof,1,1,0,0,0,title,0,,1315603560
,KALYON KAPIDA DENİZ MANZARALI ÇATI DUBLEKS,roof,1,1,0,0,0,title,0,,1319630291
,Kocaeli Gölcükte satılık dubleks daire.,standard,1,0,0,0,1,title,0,,1312788663
,ACİL! ŞEHİTLERDE DENİZ MANZARALI 2+1 116 m² ÇATI DUBLEKS FIRSATI,roof,1,1,0,0,0,title,0,,1288147888
Çatı Dubleksi,KREDİYE UYGUN DENİZ MANZARALI DOĞA SİTESİ ÇATI DUBLEKS 5+1 DAİRE,roof,1,1,0,0,0,detail_and_title,0,,1313675562
,SATILIK FIRSAT DAİRELER,none,0,0,0,0,0,none,0,,1327772521
,ÇİFTLİK MAHALLESİN'DE SATILIK 4+1 ÇATI DUBLEKS DAİRE,roof,1,1,0,0,0,title,0,,1324629735
,MERKEZ EMLAKTAN LÜKS 3+1 ÇATI DUBLEKS DAİRE,roof,1,1,0,0,0,title,0,,1310153076
Dubleks,D130 KARA YOLU VE ÇARŞI MERKEZE YAKIN KONUMDA 3+1 ÇATI DUBLEX,standard,1,0,0,0,1,conflict_detail_wins,1,conflict detail=standard title=roof,1315908584
Dubleks|En Üst Kat|Ara Kat Dubleks|Bahçe Dubleksi|Çatı Dubleksi|Ters Dubleks,EMLAK YATIRIM'DAN ŞEHİTLER MAH'DE 3+1 DENİZ MANZ. ÇATI DUBLEX,roof,1,1,0,0,0,detail_and_title,0,,1292428066
,FULL KREDİ İMKANLI ÇİFTLİK MAH. SATILIK 2+1 ÇATI DUBLEKS DAİRE,roof,1,1,0,0,0,title,0,,1313418357
Dubleks|Bahçe Dubleksi,KOCAELİ GÖLCÜK OLKAR ATAŞEHİR 4+1 BAHÇE DUBLEKS SATILIK DAİRE,garden,1,0,1,0,0,detail_and_title,0,,1320723877
Bahçe Dubleksi,Sakin Vadi Konumunda Lüks 3+1 Bahçe Dubleks,garden,1,0,1,0,0,detail_and_title,0,,1286411539
,"Gölcük'te Satılık 2+1 Çatı Dubleksi, 95m², Devlet Yolu Altı",roof,1,1,0,0,0,title,0,,1298547288
Çatı Dubleksi,Gölcük Şehitler Mahallesi Satılık 3+1 Çatı Dubleksi Daire,roof,1,1,0,0,0,detail_and_title,0,,1313648449
Çatı Dubleksi,Gölcük Yeni Mahalle Satılık 5.5+1 Çatı Dubleks Kapalı Otoparklı,roof,1,1,0,0,0,detail_and_title,0,,1315014944
Dubleks|En Üst Kat|Çatı Dubleksi,TT TAPI | TAŞDAN PREMIUM CITY SATILIK 3+1 ÇATI DUBLEKS,roof,1,1,0,0,0,detail_and_title,0,,1315007002
Bahçe Dubleksi,3+1 dublex daire,garden,1,0,1,0,0,detail_and_title,0,title_generic_confirms_detail_subtype,1326284295
,Sahibinden Satılık Dubleks 3+1 Daire,standard,1,0,0,0,1,title,0,,1193540883
,D. DERE MRK. MH. 3 ODA 1 SALON DÜZ DAİRE,none,0,0,0,0,0,none,0,,1302548287
Ters Dubleks,TOPÇULARDA HAVUZLU SİTE İÇİ TERS DUBLEKS arac takasli,standard,1,0,0,0,1,detail_and_title,0,,1272293694
,Turgut Özal ilköğretim Yanı Bahçe dublexi,garden,1,0,1,0,0,title,0,,1289467267
Dubleks,SARAL EMLAK'TAN DUMLUPINAR MAHALLESİN'DE SATILIK DUBLEKS DAİRE,standard,1,0,0,0,1,detail_and_title,0,,1276579292
Çatı Dubleksi,REMAX NATURAL DEN TOPÇULARDA SATILIK SIFIR ÇATI DUBLEX,roof,1,1,0,0,0,detail_and_title,0,,1320418692
Çatı Dubleksi,DEĞİRMENDERE TOPÇULARDA DENİZ MANZARALI ULTRA LÜX ÇATI DUBLEX,roof,1,1,0,0,0,detail_and_title,0,,1300906480
Çatı Dubleksi,"DAĞ VE DENİZ MANZARALI, GENİŞ DUBLEXS",roof,1,1,0,0,0,detail,0,,1316690674
Ara Kat|Çatı Dubleksi,REMAX NATURAL'DEN DEĞİRMENDERE'DE SATILIK 5+1 DUBLEKS DAİRE,roof,1,1,0,0,0,detail_and_title,0,title_generic_confirms_detail_subtype,1235835348
,DEĞİRMENDERE TOPÇULAR MH. ALT-ÜST DUBLEX 3 ODA 1 SALON HAVUZLU,standard,1,0,0,0,1,title,0,,1285205381
Ara Kat,ŞEHİTLER MAHALLESİ 2+1 DAİRE,none,0,0,0,0,0,none,0,,1320494326
,GÖLCÜK YAZLIK MERKEZ MAHALLESİNDE ASANSÖRLÜ 3+1 SATILIK DUBLEKS,standard,1,0,0,0,1,title,0,,1330345461
,GÖLCÜK KAVANİUM 1.ETAP SATILIK TAŞINMAYA HAZIR 3+1,none,0,0,0,0,0,none,0,,1330302368
Ara Kat,HİSAREYN'DE SATILIK LÜKS 3+1 FIRSAT DAİRE,none,0,0,0,0,0,none,0,,1330151454
,SINIRSIZ KREDİ İMKANIYLA 3+1 DENİZ MANZARALI ÇATI DUBLEKS DAİRE,roof,1,1,0,0,0,title,0,,1298046958
,Değirmendere'de Satılık 2+1 Çatı Dubleks Daire (ön cephe),roof,1,1,0,0,0,title,0,,1330131554
Ara Kat|Çatı Dubleksi,YAZLIK YENİ MH SATILIK 4+1 ÇATI DUBLEKS,roof,1,1,0,0,0,detail_and_title,0,,1323620214
Çatı Dubleksi,Gölcük Karaköprü Mahallesinde Düz Ayak Satılık 3+1 Çatı Dubleks,roof,1,1,0,0,0,detail_and_title,0,,1329638914
,İHSANİYE BALABAN CİTY SİTESİNDE ÇATI DUBLEX,roof,1,1,0,0,0,title,0,,1329628568
,YAMAN EMLAK'tan KAVANİUM'da SATILIK 3+1 DAİRE HAVUZ MANZARALI,none,0,0,0,0,0,none,0,,1329631851
,iHSANiYE'DE SATILIK 3+1 ÇATI DUBLEKS DAiRE,roof,1,1,0,0,0,title,0,,1329599734
Ara Kat,3+1 site içerisinde manzaralı,none,0,0,0,0,0,none,0,,1327737448
Çatı Dubleksi,GÖLCÜK KARAKÖPRÜDE ASANSÖRLÜ SATILIK 2.1 DUBLEKS DAİRE,roof,1,1,0,0,0,detail_and_title,0,title_generic_confirms_detail_subtype,1316942282
Bahçe Dubleksi|Ters Dubleks,KARAKÖPRÜ MAHALLESİNDE SATILIK EBEVEYN BANYOLU 4+1 BAHÇEDUBLEX,garden,1,0,1,0,0,detail_and_title,0,,1329603515
Ara Kat,CB ENVOY'dan Ulaşlı'da Sahil Şeridine Sıfır 3+1 Daire,none,0,0,0,0,0,none,0,,1329272607
Çatı Dubleksi,REMAX NATURAL'DEN DENİZ MANZARALI 3+1 ÇATI DUBLEKS,roof,1,1,0,0,0,detail_and_title,0,,1300049082
Çatı Dubleksi,GÖLCÜK YAZLIK ILICA MEVKİSİNDE SATILIK 3+1 ÇATI DUBLEKS DAİRE,roof,1,1,0,0,0,detail_and_title,0,,1320310961
,GÖLCÜK YAZLIK AKASYA EVLERİNDE SATILIK 3+1 ÇATI DUBLEX,roof,1,1,0,0,0,title,0,,1248440531
Bahçe Dubleksi,YAZLIK MERKEZ MAH.190 M2 SATILIK 4+1 BAHÇE DUBLEX DAİRE,garden,1,0,1,0,0,detail_and_title,0,,1310716248
,GÖLCÜK HİSAREYN' DE 4+1 LÜX BAHÇE DUBLEKS,garden,1,0,1,0,0,title,0,,1280808983
En Üst Kat,Gölcük Kavaniumda Satılık 1+1 Daire,none,0,0,0,0,0,none,0,,1329026948
Ara Kat|Çatı Dubleksi,GÖLCÜK KARAKÖPRÜDE DOĞA MANZARALI 3+1 SATILIK DUBLEKS DAİRE,roof,1,1,0,0,0,detail_and_title,0,title_generic_confirms_detail_subtype,1323505219
Bahçe Dubleksi,KARAKÖPRÜ'DE GENİŞ BAHÇE KULLANIMLI FERAH 2+1 DUBLEKS FIRSATI,garden,1,0,1,0,0,detail_and_title,0,title_generic_confirms_detail_subtype,1326005889
Bahçe Dubleksi,HİSAREYNDE SİTE İÇERİSİNDE MÜSTAKİL TADINDA BAHÇE DUBLEX,garden,1,0,1,0,0,detail_and_title,0,,1322548228
Bahçe Dubleksi,GÖLCÜK YAZLIK MERKEZDE SATILIK 3+1 KENDİNE AİT BAHÇELİ DUBLEKS,garden,1,0,1,0,0,detail_and_title,0,,1328628499
,KAVANIUM LÜKS 2+1 FULL YAPILI ARAKAT,none,0,0,0,0,0,none,0,,1328715834
,ÖRCÜN YOLUNDA TEMİZ ÇATI DUBLEKS,roof,1,1,0,0,0,title,0,,1315487613
,TANYILDIZ - GÖLCÜK / YAZLIK 3+1 ÇATI DUBLEKS MERKEZİ KONUM,roof,1,1,0,0,0,title,0,,1328306538
,ihsaniye cadde üzeri 3+1 ara kat daire,none,0,0,0,0,0,none,0,,1317008883
Ara Kat,YAZLIK ILICA MEVKİİ 4+1 ÇATI DUBLEKS DAİRE- YERDEN ISITMA,roof,1,1,0,0,0,title,0,,1274317076
Ara Kat|Çatı Dubleksi,YAZLIK YENİ MAHALLE'DE HİÇ OTURULMAMIŞ 4+1 EĞİMSİZ ÇATI DUBLEKS,roof,1,1,0,0,0,detail_and_title,0,,1322057074
Dubleks,İhsaniye Çarşı Merkezde Satılık 2+1 Çatı Dubleks Daire,standard,1,0,0,0,1,conflict_detail_wins,1,conflict detail=standard title=roof,1324812744
Bahçe Dubleksi,"GÖLCÜK HİSAREYN SATILIK 180 m2, 4+1 BAHÇE DUBLEKS",garden,1,0,1,0,0,detail_and_title,0,,1309135627
,DEĞİRMENDERE ÖRCÜNDE LÜKS 3+1 ÇATI DUBLEX,roof,1,1,0,0,0,title,0,,1318625328
Dubleks,Araç takası uygun Yazlık ılıca tesisleri karşında cadde üstü,standard,1,0,0,0,1,detail,0,,1277831887
Dubleks|Çatı Dubleksi,Süper Deniz ve Doğa Manzaralı Ebeveyn Banyolu Dubleks Takas Var,roof,1,1,0,0,0,detail_and_title,0,title_generic_confirms_detail_subtype,1302063625
Dubleks|En Üst Kat|Çatı Dubleksi,GÖLCÜK YAZLIK'TA D130'A YAKIN SATILIK GENİŞ 3+1 ÇATI DUBLEKS,roof,1,1,0,0,0,detail_and_title,0,,1304628488
Dubleks|Çatı Dubleksi,LUXORA'DA GÖLCÜK KARAKÖPRÜ MAH'DE SATILIK 3+1 ÇATI DUBLEKS DAİRE,roof,1,1,0,0,0,detail_and_title,0,,1321549512
,YAZLIK ILICA YAKININDA 2+1 SÜPER MANZARALI ÇATI DUBLEX,roof,1,1,0,0,0,title,0,,1254696766
,3+1 EĞİMSİZ ÇATI DUBLEKS,roof,1,1,0,0,0,title,0,,1316624714
Çatı Dubleksi,ÇATI DUBLEKS 4+1,roof,1,1,0,0,0,detail_and_title,0,,1326791211
Bahçe Dubleksi,GÖLCÜK DEĞİRMENDERE-ÖRCÜN SİTE İÇERİSİNDE BAHÇE DUBLEKS,garden,1,0,1,0,0,detail_and_title,0,,1315073481
,3+1 SIFIR ÇATI DUBLEKS,roof,1,1,0,0,0,title,0,,1327871863
Dubleks|Çatı Dubleksi,CB ELEXUS | DENİZ MANZARALI 3+1 ÇATI DUBLEKS,roof,1,1,0,0,0,detail_and_title,0,,1308944206
Bahçe Dubleksi,YAZLIK MERKEZDE SIFIR BAHÇE DUBLEKS 3+1 DAİRE SATILIK,garden,1,0,1,0,0,detail_and_title,0,,1313396992
Dubleks,HİSAREYN'DE SATILIK 3+1 BAHÇE DUBLEKS,standard,1,0,0,0,1,conflict_detail_wins,1,conflict detail=standard title=garden,1324889282
,4+1 SIFIR EĞİMSİZ ÇATI DUBLEKS,roof,1,1,0,0,0,title,0,,1327057725
Bahçe Dubleksi|Ters Dubleks,ŞEHİR HASTANESİ'NE 2 DAKİKA MESAFEDE SATILIK 2+1 BAHÇE DUBLEKS,garden,1,0,1,0,0,detail_and_title,0,,1330861497
,FIRSAT Satılık 2+1 Daire,none,0,0,0,0,0,none,0,,1331081677
Bahçe Dubleksi,ÇEPNİ TOWN EVLERİ 2. ETAPTA SATILIK 3+1 DAİRE.,garden,1,0,1,0,0,detail,0,,1331045716
Çatı Dubleksi,KURUÇEŞME DENİZ MANZARALI OTOPARKLI 4+1 ÇATI DUBLEKS FOR SALE,roof,1,1,0,0,0,detail_and_title,0,,1331008552
Ters Dubleks,INVEST GLOBAL'DEN KURUÇEŞME KOCATEPEDE 4+1 SATILIK DUBLEKS DAİRE,standard,1,0,0,0,1,detail_and_title,0,,1330978081
,4+1 çatı dublex,roof,1,1,0,0,0,title,0,,1330487390
Ara Kat,SEPETÇİ TOKİ KONUTLARI İÇİ YAPILI 2+1 SAHİBİNDEN SATILIK,none,0,0,0,0,0,none,0,,1330419089
,TAKASLII SAHİBİNDEN,none,0,0,0,0,0,none,0,,1330577435
En Üst Kat,Tarcanlardan İzmit Bayındırlık Konutları Satılık 3+1 Daire,none,0,0,0,0,0,none,0,,1330335058
Ara Kat,ÇEPNİ UPTOWN 2'DE ÖNÜ KAPANMAZ KONUMDA 3 CEPHELİ 3+1,none,0,0,0,0,0,none,0,,1330322510
Ara Kat,Kocaeli Kuruçeşme MAH.DE SATILIK 3+1 DAİRE,none,0,0,0,0,0,none,0,,1330182929
,PLAJ YOLUNDA SATILIK 2+1 DAİRE,none,0,0,0,0,0,none,0,,1322992065
,KURUÇEŞME RADAR YOLU ÜZERİ 5+1 EMSALSİZ DAİRE,none,0,0,0,0,0,none,0,,1329781180
Dubleks|Çatı Dubleksi,Eğimsiz Çatı Dublex,roof,1,1,0,0,0,detail_and_title,0,,1288194225
Ara Kat,ZERAY DORAHİLL'DE ŞEHİR VE KÖRFEZ MANZARALI SATILIK 1+1 DAİRE,none,0,0,0,0,0,none,0,,1329906728
Ara Kat,İZMİT ALİKAHYA ATATÜRK MAH. ARA KAT 3+1 DAİRE,none,0,0,0,0,0,none,0,,1319993948
Dubleks,İZMİT ŞEHİR HAST. YAHYAKAPTAN YAKINI SATILIK GENİŞ TERASLI DAİRE,standard,1,0,0,0,1,detail,0,,1331145604
,YENİŞEHİR MAHALLESİ YENİŞEHİR KONAKLARI 3+1 DUBLEKS,standard,1,0,0,0,1,title,0,,1275464325
Ara Kat,CB-MARK'TAN İZMİT BAĞÇEŞME LİLYUM PARK 3'DE SATILIK 3+1 ARAKAT,none,0,0,0,0,0,none,0,,1330663755
,SAHİBİNDEN 1 DAİRE PARASINA 2 DAİRE İÇİ KOMPLE YAPILI MERKEZDE,none,0,0,0,0,0,none,0,,1330499156
Ara Kat,İZMİT YENİŞEHİR CİHAN HAST. YAKININDA 2+1 ARAKAT SATILIK DAİRE,none,0,0,0,0,0,none,0,,1330458091
Ara Kat,İzmit saat kulesinin üstünde satılık ev acil,none,0,0,0,0,0,none,0,,1288016313
,REMAX DREAM DEN YELKENT KORUPARKTA SATILIK 3+1 DAİRE,none,0,0,0,0,0,none,0,,1329893432
,REMAX DREAM DEN TÜRKÖZ YILDIRIM PARK TA SATILIK 3+1 DAİRE,none,0,0,0,0,0,none,0,,1325196486
Ara Kat,REMAX DREAM'DEN DERINCE PARK EVLERİNDE SATILIK 3+1 ARAKAT DAIRE,none,0,0,0,0,0,none,0,,1327010062
Dubleks|Çatı Dubleksi,DERİNCE ÇINARLI MAH. MANZARALI 2+1 GENİŞ MODERN DAİRE,roof,1,1,0,0,0,detail,0,,1327977010
,EVİM'DEN SIRRIPAŞA MAH. GÜZEL KONUMDA 3+1 DAİRE 130m2,none,0,0,0,0,0,none,0,,1312984748
,DERİNCE 60 EVLERİN TAM MERKEZİNDE 3+1 SATILIK DAİRE,none,0,0,0,0,0,none,0,,1319322047
Ara Kat,LUXORA'DAN DERİNCE ÇENEDAĞ MAH'DE SATILIK 2+1 ZEMİN KAT DAİRE,none,0,0,0,0,0,none,0,,1316479372
Çatı Dubleksi,HARİKALAR SAHİLİNDE SATILIK DENİZ MANZARALI 3+1 DAİRE,roof,1,1,0,0,0,detail,0,,1328249869
En Üst Kat,Sahibinden Satılık,none,0,0,0,0,0,none,0,,1331097585
En Üst Kat,HİZMET EMLAK'TAN SATILIK SIFIR 2+1 DAİRELER,none,0,0,0,0,0,none,0,,1331075359
,NECİP FAZIL ANADOLU LİSESİNİN KARŞISINDA 2+1 TEMİZ DAİRE.,none,0,0,0,0,0,none,0,,1313531102
Ara Kat,DERİNCE FATİH SULTAN MAHALLESİNDE SATILIK 3+1 DAİRE,none,0,0,0,0,0,none,0,,1331004840
Ara Kat,YENİKENT MERKEZ'DE GALAKSİ İŞ MERKEZİ YANINDA SATILIK 3+1 DAİRE,none,0,0,0,0,0,none,0,,1330989467
Ara Kat,LUXORA'DAN DERİNCE ÇENEDAĞ MAH'DE SATILIK 2+1 YÜKSEK GİRİŞ DAİRE,none,0,0,0,0,0,none,0,,1316489127
,"SIRRIPAŞA'DA,BAKIMLI VE TEMİZ,HASTANEYE ÇOK YAKIN 2+1",none,0,0,0,0,0,none,0,,1330979753
Çatı Dubleksi,Turna Emlak'tan Derince 60 Evlerde Satılık 2+1 Çatı Dubleks,roof,1,1,0,0,0,detail_and_title,0,,1273894327
,Derince'de Satılık 2+1 Daire: 80m² Net Yerden Isıtmalı Asansörlü,none,0,0,0,0,0,none,0,,1324975142
Ara Kat,DERİNCE ÇINARLIKENT KONUTLARINDA SATILIK 2+1 ARAKAT DAİRE,none,0,0,0,0,0,none,0,,1300666955
,KOCAELİ DERİNCE ÇENEDAĞ MAH. SATILIK 2+1 DAİRE,none,0,0,0,0,0,none,0,,1321964225
En Üst Kat,Derince Denizciler Caddesi 3+1 Eşyalı Satılık Daire,none,0,0,0,0,0,none,0,,1302654587
Ara Kat,CB AKADEMİ DERİNCE SIRRIPAŞA MAH.ARA KAT 3+1 DAİRE,none,0,0,0,0,0,none,0,,1331114227
Ara Kat,DERİNCE PARK EVLERİ GENİŞ KULLANIMLI 3+1 FIRSAT DAİRE 130M2,none,0,0,0,0,0,none,0,,1310766294
Çatı Dubleksi,EVİM'DEN HARİKA KONUMDA 2+1 DUBLEX DAİRE 120m2,roof,1,1,0,0,0,detail_and_title,0,title_generic_confirms_detail_subtype,1322945751
,SAFİR'den DERİNCE ÇENEDAĞ'da SATILIK 2+1 DAİRELER,none,0,0,0,0,0,none,0,,1330814555
Ters Dubleks,HARİKALAR SAHİLİNDE KONUM HARİKASI FIRSAT 3+1 TERS DUBLEKS DAİRE,standard,1,0,0,0,1,detail_and_title,0,,1322155010
Ara Kat,KOCAELİ DERİNCE 60 EVLER MERKEZ DE ARA KAT 3+1 SATILIK DAİRE,none,0,0,0,0,0,none,0,,1330783306
Çatı Dubleksi,Derince Sırrıpaşa Mah. 3+1 Satılık Dubleks Daire,roof,1,1,0,0,0,detail_and_title,0,title_generic_confirms_detail_subtype,1299259652
Ara Kat,Derince 60 Evlerde Satılık 2+1 Daireler Oturuma Hazır,none,0,0,0,0,0,none,0,,1330742426
En Üst Kat,YENİKENT MAH. ESNAFLAR SİTESİ İÇİ YAPILI 3+1 SATILIK DAİRE,none,0,0,0,0,0,none,0,,1330731014
,60 evler Sahilde Satılık 3+1 Çatı Dubleks,roof,1,1,0,0,0,title,0,,1293413373
En Üst Kat,"Derince'de Masrafsız, Site İçinde, Geniş ve Ferah Satılık Daire",none,0,0,0,0,0,none,0,,1330655342
Çatı Dubleksi,YENİKENT SENEM BALCI EVLERİNDE ÖZEL YAPIM 4+1 ÇATI DUBLEKS DAİRE,roof,1,1,0,0,0,detail_and_title,0,,1302461554
Bahçe Dubleksi,DOLİDO EMLAKTAN DERİNCE 60 EVLER' DE SATILIK 6+1 BAHÇE DUBLEKS,garden,1,0,1,0,0,detail_and_title,0,,1283194623
Çatı Dubleksi,Derince 60 Evler'de Deniz Manzaralı Çift Teraslı Dubleks,roof,1,1,0,0,0,detail_and_title,0,title_generic_confirms_detail_subtype,1323346098
,Derince Çenedağda 2+1 sıfır çatı dubleksi 125 m2 ebeveyn banyolu,roof,1,1,0,0,0,title,0,,1318079710
,KILIÇ GRUPTAN HARİKA TERAS MANZARALI 2+1 ÇATI DUBLEKS,roof,1,1,0,0,0,title,0,,1319032342
Ara Kat,DERİNCE MERKEZ DE SATILIK 3+1 ARAKAT ASANSÖRLÜ CADDE ÜZERİ DAİRE,none,0,0,0,0,0,none,0,,1282641267
,DERİNCE DUMLUPINAR 60 EVLERDE E5 SATILIK 3+1,none,0,0,0,0,0,none,0,,1330582961
Dubleks,YENİKENT TOKİ KONUTLARI GÜNEY CEPHE SATILIK 2+1 DAİRE,standard,1,0,0,0,1,detail,0,,1317068884
Ara Kat,YELKENT KORUPARK 4.5+1 235M2 DENİZ MANZARALI GÜNEY CEPHE SATILIK,none,0,0,0,0,0,none,0,,1324751838
,HİZMET EMLAKTAN SATILIK DAİRE,none,0,0,0,0,0,none,0,,1279509136
Ara Kat,Derince Çenedağ'da Satılık 4+1 Daire,none,0,0,0,0,0,none,0,,1321515224
,MERKEZİ KONUMDA ÇATI DUBLEX GENİŞ DAİRE 175m2,roof,1,1,0,0,0,title,0,,1330472437
,GÜNEY GAYRİMENKULDEN YELKENT KORUPARKTA 3+1 DAİRE,none,0,0,0,0,0,none,0,,1330475343
En Üst Kat,DERİNCE' DE FULL YAPILI SATILIK DAİRE,none,0,0,0,0,0,none,0,,1318795008
Dubleks|Çatı Dubleksi,DERİNCE SIRRIPAŞA MAH. 3+1 DUBLEKS,roof,1,1,0,0,0,detail_and_title,0,title_generic_confirms_detail_subtype,1313360812
Ara Kat,DERİNCE 60 EVLER YAVUZ SULTANDA SATILIK SIFIR 2+1 ARAKAT DAİRE,none,0,0,0,0,0,none,0,,1327721896
Bahçe Dubleksi,Yenikent Yıldırımpark Sitesi 3+1 Satılık Dubleks Daire,garden,1,0,1,0,0,detail_and_title,0,title_generic_confirms_detail_subtype,1324510166
Dubleks|Bahçe Dubleksi,DERINCE'DE 190m2 3+1 FIRSAT DAIRE,garden,1,0,1,0,0,detail,0,,1318535807
,Tarcanlardan Derince Fatih Mahallesinde 2+1 Satılık Daire,none,0,0,0,0,0,none,0,,1324497366
En Üst Kat|Ara Kat,DERİNCE/SOPALI HASTANESİ YAKINI/ 2+1 SATILIK DAİRE KREDİ UYGUN,none,0,0,0,0,0,none,0,,1330383919
Dubleks|Çatı Dubleksi,Tarcanlardan Derince Sırrıpaşa Mahallesinde 4+1 Satılık Daire,roof,1,1,0,0,0,detail,0,,1324503385
Ara Kat,Sahibinden Satılık Daire,none,0,0,0,0,0,none,0,,1258813352
Ara Kat,İBNİ SİNA MAHALLESİNDE 2+1 BAKIMLI DAİRE,none,0,0,0,0,0,none,0,,1324128365
,FIRSAT!!YENİKENT EBRU SOKAKTA 3+1 ASANSÖRLÜ DAİRE,none,0,0,0,0,0,none,0,,1330321740
,POZİTİF EMLAK'tan FULL DENİZ MANZARALI 2+1 DUBLEKS...,standard,1,0,0,0,1,title,0,,1261841095
Ara Kat,Derince Fatih Sultan Mahallesinde Asansör ve Otoparklı Daireler,none,0,0,0,0,0,none,0,,1330185644
,4+1 zemin kat özel Bahçeli,none,0,0,0,0,0,none,0,,1281577843
,SAFİR'den SIRRIPAŞA'da D100'e YAKIN GENİŞ 2+1 SATILIK,none,0,0,0,0,0,none,0,,1330303060
Ara Kat,KOCAELİ KÖRFEZ 60 EVLER SIFIR GENİŞ 2+1 ARAKAT SATILIK DAİRE,none,0,0,0,0,0,none,0,,1330262378
,SAHİBİNDEN DERİNCE 60 EVLERDE 3+1 SATILIK DAİRE,none,0,0,0,0,0,none,0,,952914275
,TÜRKÖZ ÇENEDAĞ SİTESİNDE SATILIK 3+1 DAİRE,none,0,0,0,0,0,none,0,,1330424853
Ara Kat,Derince Yenikent Safir Konaklarında Satılık 2+1 Arakat,none,0,0,0,0,0,none,0,,1328259578
Çatı Dubleksi,DERİNCE 60 EVLER DİLEK SOKAK SATILIK 2+1 ORTA ÇATI DUBLEKS DAİRE,roof,1,1,0,0,0,detail_and_title,0,,1242608673
,ZAFER EMLAKTAN SATILIK 3+1,none,0,0,0,0,0,none,0,,1330182970
,EVİM'DEN FUZULEVİM & EMİNEVİM UYGUN 2+1 TAM ARAKAT DAİRE 100m2,none,0,0,0,0,0,none,0,,1328753143
,TANYILDIZ- DERİNCE / ÇENEDAĞ YÜKSEK GİRİŞ 2+1 GENİŞ DAİRE,none,0,0,0,0,0,none,0,,1323382530
En Üst Kat,DERİNCE DEVLET HASTANESİ YANI (2+1) SATILIK DAİRE,none,0,0,0,0,0,none,0,,1322659313
Ara Kat,!SATILIK!ROYAL'DEN DERİNCE 60 EVLER SEFA SİTESİ 3+1 ARAKAT DAİRE,none,0,0,0,0,0,none,0,,1315735475
,körfezkent TOKİ de sıfır daire,none,0,0,0,0,0,none,0,,1330032154
Ara Kat,DERİNCE ÖĞRETMENLER MAH.'de ARA KAT GENİŞ KULLANIŞLI 2+1 DAİRE,none,0,0,0,0,0,none,0,,1330055083
Bahçe Dubleksi,DENİZCİLER CADDESİ ÜST SOKAĞINDA GENİŞ 2+1 BAHÇE DUBLEKS,garden,1,0,1,0,0,detail_and_title,0,,1329992702
,EMAY'DAN DERİNCE 60 EVLER SAHİLDE SİTE İÇİ 3+1 SATILIK DAİRE,none,0,0,0,0,0,none,0,,1315794035
,SOPALI HASTANESİ & PAZAR YANI KAÇIRILMAYACAK 2+1,none,0,0,0,0,0,none,0,,1330001506
,REMAX DREAMDEN YENİ BİNADA DENİZ MANZARALI 2+1 ARAKAT DAİRE,none,0,0,0,0,0,none,0,,1330006733
,DERİNCE SIRRIPAŞA MAH. 2+1 ARAKAT,none,0,0,0,0,0,none,0,,1312984288
Ara Kat,DERİNCE YENİKENT SAFİR KONAKLARINDA 2+1 ARAKAT DAİRE,none,0,0,0,0,0,none,0,,1324313755
Ara Kat,Liva Gruptan Derince Sopalı Hastane Karşısında Satılık 4+1 Daire,none,0,0,0,0,0,none,0,,1318522421
Ara Kat,DERİNCE 60 EVLERDE SATILIK SIFIR 2+1 ARAKAT DAİRE,none,0,0,0,0,0,none,0,,1330299023
Çatı Dubleksi,Kocaeli Derince'de 5+1 205 m2 Satılık Dubleks Daire (306366),roof,1,1,0,0,0,detail_and_title,0,title_generic_confirms_detail_subtype,1312473258
Ara Kat,KED ÇENESUYUNDA SATILIK MÜKEMMEL SIFIR DAİRE,none,0,0,0,0,0,none,0,,1329899003
,REMAX DAN YENİKENT 16 NOLU SİTEDE ARAKAT FULL YAPILI 3+1 daire,none,0,0,0,0,0,none,0,,1318439409
Dubleks,FATİH SULTAN'DA 155M2 DUBLEKS DAİRE 3+1 YERDEN ISITMA SATILIKTIR,standard,1,0,0,0,1,detail_and_title,0,,1318474596
Çatı Dubleksi,Çenesuyu Mevkii'nde Satılık 3+1 Çatı Dubleks | Merkezi Konum,roof,1,1,0,0,0,detail_and_title,0,,1329878361
Ara Kat Dubleks,DERİNCE'DE SATILIK SIFIR 3+1 ARA DUBLEKS,middle_floor,1,0,0,1,0,detail_and_title,0,title_generic_confirms_detail_subtype,1329871779
Dubleks|Çatı Dubleksi,DERİNCE YAVUZSULTAN DA SİTE İÇİ SATILIK 4+1 GENİŞ DUBLEKS DAİRE,roof,1,1,0,0,0,detail_and_title,0,title_generic_confirms_detail_subtype,1289851099
,SAHİBİNDEN 127 M2 TERS DUBLEX 3+1 SATILIK DAİRE,standard,1,0,0,0,1,title,0,,1323800101
Ara Kat,KOCAELİ DERİNCE'DE 5 ADET AYRI AYRI SATILIK 2+1 FIRSAT DAİRE,none,0,0,0,0,0,none,0,,1311439365
,DERİNCE KAŞKAL EMNİYETİ YAKININDA 3+1 SATILIK DAİRE,none,0,0,0,0,0,none,0,,1323591495
Dubleks|Ara Kat,RUBYS GROUP'tan Derince Mersincik'de Manzaralı 4+1 Dubleks Daire,standard,1,0,0,0,1,detail_and_title,0,,1301681029
Ara Kat,DERİNCE HARİKALAR SAHİLİNE&D-100'E YÜRÜME MESAFESİNDE2+1 ARA KAT,none,0,0,0,0,0,none,0,,1289347346
Çatı Dubleksi,Derince Mersincik Satılık 3+2 Dublex Daire,roof,1,1,0,0,0,detail_and_title,0,title_generic_confirms_detail_subtype,1323932197
En Üst Kat|Ara Kat,Derince Çenedağ Cadde Üzeri Ödeme Planlı 2+1 Açık Mutfak Daire,none,0,0,0,0,0,none,0,,1329498413
,3+1 Bahçe dubleks,garden,1,0,1,0,0,title,0,,1330192608
Dubleks|Ters Dubleks,Sahibinden Safir Konakları'nda Krediye Uygun 3+1 Çatı Dubleks,standard,1,0,0,0,1,conflict_detail_wins,1,conflict detail=standard title=roof,1323836550
Ara Kat,GADA PANORAMA PARK'TA VADE FARKSIZ TAKSİTLİ YATIRIM FIRSATI,none,0,0,0,0,0,none,0,,1329656106
,DERİNCE YAVUZ SELİM MAHALLESİNDE SATILIK 3+1 DAİRE,none,0,0,0,0,0,none,0,,1329688302
,NEBİOĞLU EMLAKTAN ÇINARLIKENT KONUTLARI 3+1 GİRİŞKAT DAİRE,none,0,0,0,0,0,none,0,,1329686307
,FATİH SULTAN'DA 130M2 YÜKSEK GİRİŞ 3+1 YERDEN ISITMALI SATILIKTR,none,0,0,0,0,0,none,0,,1318448502
En Üst Kat,"KALAÇA EMLAK'TAN 60 EVLER'DE ŞÖMİNELİ, 3+1 MERKEZİ KONUMDA DAİRE",none,0,0,0,0,0,none,0,,1284646195
Ara Kat,Sahibinden acil,none,0,0,0,0,0,none,0,,1329632923
Dubleks|En Üst Kat|Çatı Dubleksi,DERİNCE MERKEZİ KONUM SATILIK GENİŞ 5+2 ASANSÖRLÜ DAİRE,roof,1,1,0,0,0,detail,0,,1323883926
En Üst Kat|Ara Kat,PROJECT GAYRİMENKULDEN SATILIK,none,0,0,0,0,0,none,0,,1329592072
Ara Kat,SIRRIPAŞA MAH. KREDİYE UYGUN SATILIK 2+1 ARAKAT DAİRE.,none,0,0,0,0,0,none,0,,1323347336
Ara Kat,DERİNCE SIRRIPAŞA MAH. 3+1,none,0,0,0,0,0,none,0,,1312938566
Çatı Dubleksi,TANYILDIZ DERİNCE FATİH SULTAN MH 3+1 150 M2 PREMİUM SATILIK DİR,roof,1,1,0,0,0,detail,0,,1312740854
Ara Kat,DERİNCE 60 EVLER ORUÇ REİS SOKAK SATILIK SIFIR 2+1 ARAKAT DAİRE,none,0,0,0,0,0,none,0,,1329682707
,DERİNCE İBNİSİNA MAHALLESİNDE 2+1 SATILIK GENİŞ DAİRE,none,0,0,0,0,0,none,0,,1311058006
Ara Kat,ÇİZGİ GAYRİMENKUL'DEN 60 EVLER MERKEZDE SATILIK 2+1 DAİRE,none,0,0,0,0,0,none,0,,1311242113
Bahçe Dubleksi,DERİNCE MERKEZDE SATILIK 3+1 BAHÇE DUBLEKS,garden,1,0,1,0,0,detail_and_title,0,,1317279365
,FIRSAT! DUMLUPINAR MAH. 4+2 DUBLEX DAİRE,standard,1,0,0,0,1,title,0,,1269830490
Ara Kat,TANYILDIZ'DAN DERINCE ÇINARLI MH 2+1 SIFIR ARAKAT DAIRE,none,0,0,0,0,0,none,0,,1312106790
Ara Kat,MEFA EMLAKTAN GÜVENLİKLİ ÇINARLI KENT SİTESİNDE GENİŞ 2+1 ARAKAT,none,0,0,0,0,0,none,0,,1323601376
Bahçe Dubleksi,60 Evler Sahilde | İlk Sahibinden | 120m² 3+1 Bahçe Dubleks,garden,1,0,1,0,0,detail_and_title,0,,1329222174
Çatı Dubleksi,DERİNCE 60 EVLER MERKEZ'DE SATILIK 3+1 ÇATI DUBLEKS DAİRE,roof,1,1,0,0,0,detail_and_title,0,,1306652691
,ZAFER EMLAKTAN SATILIK 3+1,none,0,0,0,0,0,none,0,,1329388739
Ara Kat,Derince 60 Evler Merkezde Satılık 3+1 Daire | Topuz Emlak,none,0,0,0,0,0,none,0,,1302166153
Ara Kat,INVEST GLOBAL'DEN DERİNCE ÇENESUYU'NDA SATILIK ARA KAT 3+1 DAİRE,none,0,0,0,0,0,none,0,,1166539023
Ara Kat,EMAY'DAN DERİNCE ÇINARLIDA OTURUMA HAZIR LÜKS 3+1 SATILIK DAİRE!,none,0,0,0,0,0,none,0,,1313577013
Ara Kat,DERİNCE MERKEZ D-100 CEPHELİ SATILIK 3+1 GENİŞ TERASLI DAİRE,none,0,0,0,0,0,none,0,,1329115450
,TAPUSU HAZIR YENİKENT TOKİ SİTESİ EN BÜYÜK 3+1 OLAN DAİRESİDİR,none,0,0,0,0,0,none,0,,1289451536
,REMAX DREAM DERİNCEDE 3+1 SATILIK DAİRE,none,0,0,0,0,0,none,0,,1257632157
,TANYILDIZ- DERİNCE / ÇENEDAĞ 4+1 ÇATI DUBLEKS 2 mutfak,roof,1,1,0,0,0,title,0,,1323388564
En Üst Kat,"İçi yeni, E5 e yakın, satılık daire",none,0,0,0,0,0,none,0,,1325954199
,ÇİZGİ EMLAKTAN YENİKENT TOKİDE DENİZ MANZARALI 2+1 DAİRE,none,0,0,0,0,0,none,0,,1323568277
Ara Kat|Çatı Dubleksi,LUXORA'DAN DERİNCE İBNİSİNA MAH'DE SATILIK 2+1 ÇATI DUBLEKS,roof,1,1,0,0,0,detail_and_title,0,,1314465025
Ara Kat,DOLİDO EMLAKTAN DERİNCE ÇENEDAĞ MH. SATILIK 2+1 SIFIR DAİRE,none,0,0,0,0,0,none,0,,1311696034
,DERİNCE ÇINARLIKENT SİTESINDE SATILIK 2+1 DAİRE,none,0,0,0,0,0,none,0,,1289334109
,REMAX DREAM'DEN Derince'den 2+1 Giriş Kat Fırsat Daire,none,0,0,0,0,0,none,0,,1328981532
Dubleks,NEBİOĞLU EMLAKTAN ÇINARLI MAH.2+1 DENİZ MANZARALI ÇATI DUBLEKS,standard,1,0,0,0,1,conflict_detail_wins,1,conflict detail=standard title=roof,1329160712
Dubleks|En Üst Kat|Çatı Dubleksi,MEF GYD'DEN DERİNCE DUMLUPINAR'DA 4+1 BRÜT 210m² DUBLEKS DAİRE,roof,1,1,0,0,0,detail_and_title,0,title_generic_confirms_detail_subtype,1294935524
,SİTEDEKİ DAİRELERİN %90 NIN SATIŞI BİZDEDİR ALTARNATİFLER VARDIR,none,0,0,0,0,0,none,0,,1326190258
,ENKA G.Y.O'DAN DERİNCE 60 EVLERDE SATILIK 4+1 DUBLEKS DAİRE,standard,1,0,0,0,1,title,0,,1329103807
En Üst Kat,E5'E YAKIN MERKEZİ KONUMDA FERAH 2+1 SATILIK DAİRE,none,0,0,0,0,0,none,0,,1319864317
,"EVİM,den 60 EVLER YAVUZ SULTAN MAH. ARAKAT 2+1 & 100M2 SATILIK",none,0,0,0,0,0,none,0,,1321978702
,YENİKENT TOKİ SATILIK C BLOKTA 5. KATTA 3+1 DAİRE,none,0,0,0,0,0,none,0,,1285572801
Dubleks|En Üst Kat|Çatı Dubleksi,DERİNCE İBNİSİNA MAH.'DE GENİŞ 4+1 SATILIK ÇATI DUBLEKS,roof,1,1,0,0,0,detail_and_title,0,,1319605355
Ara Kat,Derince Yenikentte Merkezi Konumda Ferah 2+1 Ara Kat Daire,none,0,0,0,0,0,none,0,,1316382367
Ters Dubleks,Şanlı Gayrimenkulden Mersincik'te Satılık 3+1 Dubleks Daire,standard,1,0,0,0,1,detail_and_title,0,,1301136133
,REMAX DREAM'DEN Derince'de Mesire Alanı Karşısı AraKat Daire,none,0,0,0,0,0,none,0,,1328978814
,REMAX DREAMDEN FIRSAT 2+1 DAİRE YENİKENT TOKİ,none,0,0,0,0,0,none,0,,1311278878
,60 evler sahibinden satılık daire,none,0,0,0,0,0,none,0,,1328772297
En Üst Kat,HİZMET EMLAK'TAN SATILIK 3+1 DAİRE,none,0,0,0,0,0,none,0,,1317629480
En Üst Kat,DERİNCE DENİZCİLER CAD SATILIK 5.KAT 3+1 DAİRE.,none,0,0,0,0,0,none,0,,1322576073
Dubleks|Çatı Dubleksi,SAHİBİNDEN 4+1 | Deniz Manzaralı | Geniş Teraslı Dublex,roof,1,1,0,0,0,detail_and_title,0,title_generic_confirms_detail_subtype,1311326416
Ara Kat,Yelkent Korupark Lüx Daire Özel Yapım,none,0,0,0,0,0,none,0,,1322617651
,DERİNCE SIRRIPAŞA MAH SATILIK 3+1 DAİRE,none,0,0,0,0,0,none,0,,1328677275
,DERİNCE 60 EVLER MURGUL SİTESİ 3+1 GİRİŞ KAT SATILIK DAİRE,none,0,0,0,0,0,none,0,,1278619576
Ara Kat,DOLİDO EMLAKTAN DERİNCE ÇINARLI MH. SATILIK 2+1 ARA KAT DAİRE,none,0,0,0,0,0,none,0,,1287355373
,YENİKENT SEBİL AVM KARŞISI SATILIK 2+1 İÇİ FULL YAPILI DARİE,none,0,0,0,0,0,none,0,,1328844824
Ara Kat,INVEST GLOBAL'DEN İZMİT DERİNCE'DE DENİZ MANARALI 2+1 SATILIK,none,0,0,0,0,0,none,0,,1317262027
Ara Kat,DERİNCE YENİKENT TOKİ'DE KİRACILI DENİZ MANZARALI 2+1 DAİRE,none,0,0,0,0,0,none,0,,1322813186
,SAFİR'den DERİNCE FATİH SULTAN'da SATILIK 3+1 GENİŞ DUBLEKS,standard,1,0,0,0,1,title,0,,1328585827
Ara Kat,MODERN FERAH 2+1 ARA KAT SATILIK DAİRE,none,0,0,0,0,0,none,0,,1300290329
,ŞOK FİYAT Kocaeli Derince Merkezi Konumda Satılık Daire,none,0,0,0,0,0,none,0,,1299359608
Ara Kat,60 EVLERDE 3+1 FERAH ARA KAT,none,0,0,0,0,0,none,0,,1328968404
Çatı Dubleksi,TOPTAŞ EMLAKTAN 5+1 ÇATI DUBLEKSİ,roof,1,1,0,0,0,detail_and_title,0,,1320168436
Çatı Dubleksi,ALSAM EMLAK'TAN DERİNCE'DE SATILIK 4+1 DUBLEKS DAİRE,roof,1,1,0,0,0,detail_and_title,0,title_generic_confirms_detail_subtype,1309507661
Ara Kat,CB MARK'TAN DERİNCE DUMLUPINAR MAH. SATILIK 2+1 ARAKAT,none,0,0,0,0,0,none,0,,1296780045
,SATILIK 2+1 ARAKAT DAİRE,none,0,0,0,0,0,none,0,,1328532069
Ara Kat,NEBİOĞLU EMLAKTAN FATİH SULTAN MAH. 2+1 ARAKAT DAİRE,none,0,0,0,0,0,none,0,,1299566187
En Üst Kat,Yenikent Mahallesi 6.nolu site (daire),none,0,0,0,0,0,none,0,,1311461891
Dubleks|Çatı Dubleksi,Eşsiz manzaralı sahibinden bakımlı Masrafsız dertsiz Dubleks,roof,1,1,0,0,0,detail_and_title,0,title_generic_confirms_detail_subtype,1305384476
,Lassa güler evleri 3+1 sahibinden,none,0,0,0,0,0,none,0,,1326802790
,Derince merkezde 4+2 bahçe büyük dubleks daire,standard,1,0,0,0,1,title,0,,1328489136
Ara Kat,"60 Evler'de Merkezi Konumda, 130m² Net, 3+1 Daire",none,0,0,0,0,0,none,0,,1310239202
,MERSİNCİK MAH. VİLLALAR BÖLGESİNDE DENİZ MANZARALI 4+1DUBLEKS,none,0,0,0,0,0,none,0,,1321433732
Çatı Dubleksi,CB-MARK'TAN DERİNCE 60 EVLERDE ÇATI DUBLEKSİ,roof,1,1,0,0,0,detail_and_title,0,,1303105304
,DERİNCE 60 EVLER YAVUZ SULTAN MAHALLESİ NDE SATILIK DAİRE,none,0,0,0,0,0,none,0,,1326097545
Bahçe Dubleksi,KOCAELİ DERİNCE DUMLUPINAR'DA 3+1 120M2 SATILIK BAHÇE DUBLEKS...,garden,1,0,1,0,0,detail_and_title,0,,1328415005
,60evler Yavuz Sultan 4+1 Satılık Bahçe Dubleks,garden,1,0,1,0,0,title,0,,1325377791
Ara Kat,DERINCDE MERKEZİ KONUMLU DENİZ MANZARALI 2 + 1 ARA KAT,none,0,0,0,0,0,none,0,,1328400223
Ara Kat,LUXORA'DAN DERİNCE İBNİSİNA MAH'DE SATILIK3+1 YÜKSEK GİRİŞ DAİRE,none,0,0,0,0,0,none,0,,1314468929
,3+1 Satılık daire,none,0,0,0,0,0,none,0,,1327882878
,Çenedere Caddesi (Fatih Sultan Mah.) Satılık 2+1 Ferah Daire,none,0,0,0,0,0,none,0,,1322233511
,TANYILDIZ DERİNCE ÇINARLIKENT KARŞISI 0 3+1 140 M2 ÇATI DUBLEKS,roof,1,1,0,0,0,title,0,,1328587640
,DERİNCE ÇENEDAĞ MAH.DE SATILIK KAÇIRILMAYACAK 105 M2 2+1 DAİRE,none,0,0,0,0,0,none,0,,1325407502
Ara Kat,satılık 3+1 genis,none,0,0,0,0,0,none,0,,1328377115
Çatı Dubleksi,"BÖLGENİN EN PRESTİJLİ DAİRESİ.. BÜYÜK, FERAH 3+1 DUBLEKS DAİRE",roof,1,1,0,0,0,detail_and_title,0,title_generic_confirms_detail_subtype,1300136508
,sahibinden satilik,none,0,0,0,0,0,none,0,,1323449765
Dubleks,4+1 MODERN İÇ MALZEMELİ GENİŞ FERAH SIFIR DUBLEKS DAİRE,standard,1,0,0,0,1,detail_and_title,0,,1300292527
,"KAŞKALDERE SINIRINDA, ULAŞIMIN MERKEZİNDE SATILIK 2+1 DAİRE",none,0,0,0,0,0,none,0,,1328501451
,SAFİR KONAKLARI GÜZEL KONUM 3+1 182M2 SATILIK DAİRE !,none,0,0,0,0,0,none,0,,1316684221
Çatı Dubleksi,REALCENTER KÖRFEZ'DEN FATİH SULTAN MAH. 3+1 195 M2 Ç.DUBLEKS,roof,1,1,0,0,0,detail_and_title,0,title_generic_confirms_detail_subtype,1315110022
,DERINCE 60 EVLER 3+1 YERDEN ISITMA ARAKAT SIFIR SATILIK DAİRE,none,0,0,0,0,0,none,0,,1310997823
,sahibinden satilik daire,none,0,0,0,0,0,none,0,,1328267617
Dubleks|Bahçe Dubleksi,DERİNCE YAVUZ SULTAN SATILIK 3+1 YAPILI VE GENİŞ LÜKS DAİRE,garden,1,0,1,0,0,detail,0,,1328436477
Dubleks|Ara Kat|Bahçe Dubleksi,Derince Fatih Sultan Mah.3+1 Sıfır Arakat DAİRE,garden,1,0,1,0,0,detail,0,,1328237835
,DERİNCE FATİH SULTAN MAH. SATILIK 3+1 GİRİŞ KAT DAİRE,none,0,0,0,0,0,none,0,,1328177803
,DERİNCE 60 EVLER DE SATILIK EĞİMSİZ ÇATI DUBLEKS DAİRE,roof,1,1,0,0,0,title,0,,1325915719
,TANYILDIZ'DAN DERINCE ÇINARLI MH SATILIK 3+1 146 M² NET,none,0,0,0,0,0,none,0,,1328585153
Bahçe Dubleksi,REMAX DREAM'DEN YELKENT SAFİR KONAKLARINDA SATILIK BOŞ 3+1 DAİRE,garden,1,0,1,0,0,detail,0,,1322413181
,DERİNCE FATIH SULTAN MAH SATILIK DUBLEKS GENIŞ DAİRE,standard,1,0,0,0,1,title,0,,1309078967
Ters Dubleks,DERİNCE SIRRIPAŞA MAHALLESİNDE SATILIK 3+1 TERS DUBLEKS DAİRE,standard,1,0,0,0,1,detail_and_title,0,,1316641261
Ara Kat,ENKA G.Y.0'DAN DERİNCE 60 EVLERDE 3+1 135M2 ARAKAT DAİRE,none,0,0,0,0,0,none,0,,1328518796
Bahçe Dubleksi,EVİM'DEN SATILIK 2+1 110m² BAHÇE DUBLEKS,garden,1,0,1,0,0,detail_and_title,0,,1321085747
,60 EVLERDE 3+1 FIRSAT DAİRE-KAT MÜLKİYETLİ VE ARSA PAYI YÜKSEK,none,0,0,0,0,0,none,0,,1177523577
Ara Kat,60 EVLERDE ARA KAT SIFIR DAİRE,none,0,0,0,0,0,none,0,,1316447785
Ara Kat,ASAYRADAN DERİNCE YAVUZSULTAN SELİM DE 2+1 SATILIK ARAKAT,none,0,0,0,0,0,none,0,,1322121839
,"FİYAT DÜŞTÜ! Derince""de Kat Mülkiyetli 2+1 Satılık Daire",none,0,0,0,0,0,none,0,,1328241359
,YENİKENT TOKİ KONUTLARI SATILIK 1+1 DAİRE GÜNEY CEPHE,none,0,0,0,0,0,none,0,,1302972119
En Üst Kat,DERİNCENİN MERKEZİNDE 198m² FERAH & KOMPLE YENİLENMİŞ 3+1,none,0,0,0,0,0,none,0,,1327936390
En Üst Kat,MEFA EMLAKTAN YENİKENT AZKA SİTESİNDE 3+1 DAİRE ASANSÖRLÜ,none,0,0,0,0,0,none,0,,1319338287
En Üst Kat,satılık daire derince merkez deniz manzaralı 3+1,none,0,0,0,0,0,none,0,,1124719745
Çatı Dubleksi,EVİM'DEN SATILIK 2+1 110m² ÇATI DUBLEKS,roof,1,1,0,0,0,detail_and_title,0,,1321097563
,Eston Derince Evleri,none,0,0,0,0,0,none,0,,1327877328
Bahçe Dubleksi,YENİKENT SAFİR KONAKLARI SATILIK 2+1 LÜKS BAHÇE DUB.DAİRE,garden,1,0,1,0,0,detail,0,,1324656792
Bahçe Dubleksi|Ters Dubleks,ASAYRADAN DERİNCE MERSİNCİK MAH 2 +1 SATILIK BAHÇE DUBLEX,garden,1,0,1,0,0,detail_and_title,0,,1278132708
Ara Kat,60 EVLERİN EN İYİ KOMUNDA FIRSAT SATILIK 138M2 3+1 ARA KAT DAİRE,none,0,0,0,0,0,none,0,,1327820241
,satılık dubleks,standard,1,0,0,0,1,title,0,,1320408624
,REMAX DREAMDEN SATILIK 2+1 EBEVEYN BANYOLU ARA KAT DAİRE,none,0,0,0,0,0,none,0,,1328088669
Ara Kat,DERİNCE FSM DE SATILIK ARA KAT 2+1 DAİRE YENİLENMİŞ,none,0,0,0,0,0,none,0,,1327716415
Bahçe Dubleksi,TANYILDIZ-DERİNCE 60 EVLER SAHİLDE SATILIK 3+1 BAHÇE DUBLEX,garden,1,0,1,0,0,detail_and_title,0,,1321728523
Ara Kat,DERİNCE YENİKENT MAH. ÖZGÜRLER SİTESİ SATILIK 3+1 DAİRE 4.KAT !,none,0,0,0,0,0,none,0,,1309613916
Ara Kat,DERİNCE'DE ÇARŞIYA YÜRÜME MESAFESİNDE SATILIK 3+1 ARA KAT,none,0,0,0,0,0,none,0,,1321777440
,Kocaeli Derince Sırrıpaşa Mahallesinde Satılık 3+1 Geniş Daire,none,0,0,0,0,0,none,0,,1321572535
Bahçe Dubleksi,DERİNCE FATİH SULTAN MAH. 130 M² 3+1 SATILIK BAHÇE DUBLEKS DAİRE,garden,1,0,1,0,0,detail_and_title,0,,1316493752
,DERİNCE DUMLUPINAR MAHALLESİ'NDE SATILIK 2+1 DAİRE,none,0,0,0,0,0,none,0,,1327567591
,REMAX DREAMDEN SATILIK 3+1ÇATIDUBLEX DAİRE,roof,1,1,0,0,0,title,0,,1327560057
,Sahinler Grup | İzmit Çenesuyunda Deniz Manzaralı Daire,none,0,0,0,0,0,none,0,,1304301584
Dubleks|Bahçe Dubleksi,ENKA'DAN DERİNCE ÇENEDAĞDA SATILIK 2+1 BAHÇE DUBLEKSİ,garden,1,0,1,0,0,detail_and_title,0,,1299024413
,DERİNCE FATİHMAH 3.5+1 200M2 ASANSÖRÜLÜ MERKEZDE SIFIR SATILIK !,none,0,0,0,0,0,none,0,,1281792545
En Üst Kat,"DERİNCE ARAŞTIRMA HASTANESİ YAKINI,TAKASA AÇIK SATILIK 2+1 DAİRE",none,0,0,0,0,0,none,0,,1327638384
Dubleks|En Üst Kat,4+1 DENİZ MANZARALI DUBLEKS,standard,1,0,0,0,1,detail_and_title,0,,1327427657
,DERİNCE YENİKENT KALICI KONUTLARDA SATILIK 3+1 DAİRE,none,0,0,0,0,0,none,0,,1323280266
Ara Kat,ÇENESUYUNDA EŞYALI SATILIK 3+1 KİRACILI ARAKAT DAİRE,none,0,0,0,0,0,none,0,,1327367957
Ara Kat,ADDRESS'DEN DERİNCE DUMLUPINAR MH'DE SATILIK 2+1 ARAKAT DAİRE,none,0,0,0,0,0,none,0,,1321360502
Ara Kat,MEFA EMLAKTAN ÇENEDAĞ MAHALLESİNDE SIFIR 2+1 ARAKAT,none,0,0,0,0,0,none,0,,1327587754
Çatı Dubleksi,REMAX DREAMDEN SATILIK 3+1 DUBLEX DAİRE,roof,1,1,0,0,0,detail_and_title,0,title_generic_confirms_detail_subtype,1314929397
Ara Kat,SAHİBİNDEN DERİNCE FATİH SULTAN MAHALLESİNDE 2+1 SATILIK DAİRE,none,0,0,0,0,0,none,0,,1327349975
En Üst Kat,TURYAP PALASTAN DERİNCE ( 60 Evler) de 3+1 SATILIK DAİRE,none,0,0,0,0,0,none,0,,1327332159
Ara Kat,arakat 3+1 daire,none,0,0,0,0,0,none,0,,1310168042
,Öğretmenler Mahallesi 3+1 Çatı Dubleks,roof,1,1,0,0,0,title,0,,1327336937
Ara Kat,RE/MAX DREAM'DEN ÇINARLI MAHALLESİNDE ARAKAT 3+1 SATILIK DAİRE,none,0,0,0,0,0,none,0,,1315913519
En Üst Kat,"İlk sahibinden, site içerisinde, deniz manzaraları, 3+1 daire.",none,0,0,0,0,0,none,0,,1327148550
Bahçe Dubleksi,INVEST GLOBAL'DEN DERİNCE MERKEZ'DE SATILIK 3+1 DUBLEKS DAİRE,garden,1,0,1,0,0,detail_and_title,0,title_generic_confirms_detail_subtype,1327484612
Ara Kat,DERİNCE YENİKENT YILDIRIMPARK SİTESİNDE 3+1 ARAKAT SATILIK DAİRE,none,0,0,0,0,0,none,0,,1321266385
Ara Kat,Turyap'tan Derince Çenedağ'da 2+1 Ara Kat Daire,none,0,0,0,0,0,none,0,,1321405652
Çatı Dubleksi,2+1 Çatı Dubleks daire,roof,1,1,0,0,0,detail_and_title,0,,1327212371
Bahçe Dubleksi,NEBİOĞLU EMLAKTAN SIRRIPAŞA MAH.3+1 BAHÇE DUBLEKS,garden,1,0,1,0,0,detail_and_title,0,,1327143853
Dubleks|Bahçe Dubleksi|Ters Dubleks,KW Arven'den Blue Sky'da Deniz&Havuz Manzaralı 3+1 Bahçe Dubleks,garden,1,0,1,0,0,detail_and_title,0,,1321033798
,ENKA GYO DERİNCE ÇENEDAĞ MAH 4+1 DUBLEKS DAİRE,standard,1,0,0,0,1,title,0,,1292834735
En Üst Kat,DERİNCE DUMLUPINARDA SİTE İÇERİSİNDE SATILIK 2+1,none,0,0,0,0,0,none,0,,1327091596
Ara Kat,DERİNCE İBNİSİNA MAH GENİŞ 2+1 ARA KAT SATILIK DAİRE,none,0,0,0,0,0,none,0,,1327078726
,Turyap'tan Derince Çenedağ'da 4+1 Çatı Dublex Daire,roof,1,1,0,0,0,title,0,,1321402104
Bahçe Dubleksi,"ÇINARLI'DA SATILIK LÜKS DAİRELER, OTURUMA HAZIR",garden,1,0,1,0,0,detail,0,,1316023676
,SAHİBİNDEN 3+1 ÇATI DUBLEX AKILLI EV YERDEN ISITMA ASNASÖR,roof,1,1,0,0,0,title,0,,1327008293
Ara Kat,"Kaliteli İşçilik, Modern Yaşam! 2+1 Ara Kat",none,0,0,0,0,0,none,0,,1327195899
,Ziraat Bankası'ndan Çenedağ Mahallesi'nde Dubleks Mesken,standard,1,0,0,0,1,title,0,,1268255988
Bahçe Dubleksi,KURUMSAL OFFİCE'DEN 1+1 + 25 M2 MÜSTAKİL BAHÇELİ DAİRE 2.500.00,garden,1,0,1,0,0,detail,0,,1203105657
Ara Kat,SAHİBİNDEN 3+1 GENİŞ ARA KAT,none,0,0,0,0,0,none,0,,1295361843
Çatı Dubleksi,NEŞE EMLAK KOCAELİ DERİNCE'DE SIFIR SATILIK 3+1 ÇATI DUBLEX !,roof,1,1,0,0,0,detail_and_title,0,,1326383654
Çatı Dubleksi,DERİNCE SIRRIPAŞA MERKEZDE SIFIR 3+1 ÇATI DUBLEKS | TERASLI,roof,1,1,0,0,0,detail_and_title,0,,1327527370
,NEBİOĞLU EMLAKTAN FATİH SULTAN MAH.3+1 YÜKSEK GİRİŞ DAİRE,none,0,0,0,0,0,none,0,,1321389179
,REMAX DREAM DEN DERİNCEDE SATILIK 2+1 FIRSAT DAİRE,none,0,0,0,0,0,none,0,,1320265804
,ZAFER EMLAKTAN SATILIK KALICI KONUT 3+1,none,0,0,0,0,0,none,0,,1321034028
En Üst Kat,60 EVLER MERKEZDE 2+1 YATIRIMLIK KİRA GARANTİLİ DAİRE,none,0,0,0,0,0,none,0,,1268801235
Ara Kat,SAHİBİNDEN DERİNCE ÇINARLIKENT KONUTLARINDA 3+1 GENİŞ ARA KAT,none,0,0,0,0,0,none,0,,1326685049
Çatı Dubleksi,MEFA EMLAKTAN ÇINARLI MAHALLESİNDE SIFIR 2+1 ÇATI DUBLEX,roof,1,1,0,0,0,detail_and_title,0,,1316069506
Ara Kat,DERİNCE İBNİSİNA MAHALLESİNDE 3+1 SATILIK DAİRE,none,0,0,0,0,0,none,0,,1286166289
Ters Dubleks,Turna Gayrimenkulden 60 Evlerde Satılık Lüks 3+1 Bahçe Dubleks,standard,1,0,0,0,1,conflict_detail_wins,1,conflict detail=standard title=garden,1310163725
Dubleks,DERİNCENİN EN GÜZEL MUHİTİNDE SATILIK 4+1 SATILIK DUBLEKS DAİRE,standard,1,0,0,0,1,detail_and_title,0,,1326561702
Çatı Dubleksi,DERİNCE 60 EVLER DENİZ MANZARALI ÇATI DUBLEKS SATILIK DAİRE,roof,1,1,0,0,0,detail_and_title,0,,1162319970
,REMAX DREAM DEN ÇINARLIKENT TE 2+1 FIRSAT DAİRE,none,0,0,0,0,0,none,0,,1315257951
Ara Kat,ENKA'DAN DERİNCE DENİZ MAH.DE SATILIK 4+1 ARAKAT DAİRE,none,0,0,0,0,0,none,0,,1326522995
,satlık 4+1 Dubleks daire,standard,1,0,0,0,1,title,0,,1292624194
Ara Kat,NEBİOĞLU EMLAKTAN YENİKENT BARIŞKENT SİTESİ 3+1 ARAKAT DAİRE,none,0,0,0,0,0,none,0,,1320368069
,Derince çınardere mahallesinde Satılık üç artı bir ara kat daire,none,0,0,0,0,0,none,0,,1320448655
Ara Kat,"DERİNCE MERKEZDE DENİZ MANZARALI 2+1,111 M2 GENİŞ ARAKAT DAİRE",none,0,0,0,0,0,none,0,,1315356666
,sahibinden 2+1 catı dubleks,roof,1,1,0,0,0,title,0,,1318951683
Dubleks|En Üst Kat|Çatı Dubleksi,BEGONVİL KONAKLARINDA DENİZ MANZARALI 5+2 SATILIK DUBLEKS,roof,1,1,0,0,0,detail_and_title,0,title_generic_confirms_detail_subtype,1314667691
Çatı Dubleksi,Derince Çınarlı Mahallesi'nde satılık çatı dubleks daire,roof,1,1,0,0,0,detail_and_title,0,,1314909591
,DERİNCE ÇINARLIDA SATILIK 4+1 BAHÇE DUBLEKS,garden,1,0,1,0,0,title,0,,1320686471
,"Çenedağ'da D-100'e Yakın, Sakin Çatı Dubleks 2+1",roof,1,1,0,0,0,title,0,,1320459584
En Üst Kat,DERİNCE YENİKENT YELKENT ZİRVE SİTESİNDE 3+1 SATILIK DAİRE,none,0,0,0,0,0,none,0,,1320201014
Çatı Dubleksi,ENKA'DAN DERİNCE FATİH SULTAN'DA SATILIK 3+1 TAKASLI DAİRE,roof,1,1,0,0,0,detail,0,,1319955854
Bahçe Dubleksi,HARİKALAR SAHİLİNE 2 DK. 3+1 BAHÇE DUBLEKS,garden,1,0,1,0,0,detail_and_title,0,,1110181226
Ara Kat,Deniz Manzaralı Ferah Satılık Daire,none,0,0,0,0,0,none,0,,1326193699
,Derince Çınarlı Mahallesi'nde satılık otopark üstü ara kat daire,none,0,0,0,0,0,none,0,,1314379700
Dubleks|En Üst Kat,SAHİBİNDEN SATILIK TERASLI DENİZ MANZARALI DUBLEKS DAİRE,standard,1,0,0,0,1,detail_and_title,0,,1302288941
Çatı Dubleksi,EVİM'DEN DERİNCE 60 EVLER MERKEZİNDE HARİKA KONUMDA DAİRE,roof,1,1,0,0,0,detail,0,,1303114295
,NEBİOĞLU EMLAKTAN FATİH SULTAN MAH.3+1 YÜKSEK GİRİŞ DAİRE,none,0,0,0,0,0,none,0,,1320718152
,TANYILDIZ DERİNCE ÇENEDAĞ MH KREDYE UYGN 3+1 NET 111M² SIFIR DAR,none,0,0,0,0,0,none,0,,1320625434
,DERİNCE SIRRIPAŞA MAHALLESİ'NDE SATILIK 3+1 ARA KAT DAİRE,none,0,0,0,0,0,none,0,,1326124681
Ara Kat,DERİNCE YENİKENT MAHALLESİ'NDE SATILIK 2+1 ARA KAT DAİRE,none,0,0,0,0,0,none,0,,1314175734
Çatı Dubleksi,DERİNCE MERKEZDE 4+1 ÇİFT MUTFAKLI SATILIK ÇATI DUBLEKS,roof,1,1,0,0,0,detail_and_title,0,,1311314549
Dubleks|Çatı Dubleksi,Derince Sırrıpaşa Mahallesi'nde satılık çatı dubleks daire,roof,1,1,0,0,0,detail_and_title,0,,1326025942
Dubleks,Fatih Sultan Mahallesi'nde satılık çatı dubleks daire,standard,1,0,0,0,1,conflict_detail_wins,1,conflict detail=standard title=roof,1325998290
En Üst Kat,DERİNCE MERKEZDE İÇİ YAPILI 3+1 SATILIK DAİRE,none,0,0,0,0,0,none,0,,1320064070
Ara Kat,Derince Çınarlı Mahallesi'nde satılık ara kat daire,none,0,0,0,0,0,none,0,,1314901788
Bahçe Dubleksi,SAFİR KONAKLARI 3+1 BAHÇE DUBLEKS EĞİMSİZ 182M2 SATILIK DAİRE !,garden,1,0,1,0,0,detail_and_title,0,,1326379660
Ara Kat,YENİKENT TOKİ SATILIK 3+1 ARAKAT DAİRE,none,0,0,0,0,0,none,0,,1315343288
Dubleks|En Üst Kat|Çatı Dubleksi,sahibinden satılık 4+1 çatı dubleks,roof,1,1,0,0,0,detail_and_title,0,,1324976063
Ara Kat,"Çenedağ Merkezde, 30 m² Teraslı, 150 m² 2+1 Satılık Düz Daire",none,0,0,0,0,0,none,0,,1320454927
Çatı Dubleksi,RE/MAX DREAM'den Yenikent'te Satılık 5+1 Dubleks Daire,roof,1,1,0,0,0,detail_and_title,0,title_generic_confirms_detail_subtype,1308929414
En Üst Kat,Çenesuyu Millet Parkı/Metro İstasyonu Yanı Satılık 3+1 Boş Daire,none,0,0,0,0,0,none,0,,1325869805
,çınarlıkent konutları 2+1 yüksek giriş daire. sitedeki en uygun,none,0,0,0,0,0,none,0,,1325842799
,Derince Yenikentte 3+1 Yapılı Daire,none,0,0,0,0,0,none,0,,1312447963
Ara Kat,DERİNCE ÇENEDAĞDA SIFIR LÜKS 2+1 ARA KAT DAİRE,none,0,0,0,0,0,none,0,,1298017284
Bahçe Dubleksi,Kocaeli Derince'de 3+1 140 m2 Satılık Dubleks Daire (306758),garden,1,0,1,0,0,detail_and_title,0,title_generic_confirms_detail_subtype,1312681029
,ENKA GYO DERİNCE ÇINARLI MAH.SATILIK 2+1 SATILIK DAİRE,none,0,0,0,0,0,none,0,,1318586862
,Derince inci Evleri'nde ACİL satılık zemin kat daire,none,0,0,0,0,0,none,0,,1325695030
,KAÇMAZ EMLAK'TAN KOCAELİ DERİNCEDE SATILIK 3+1 DAİRE,none,0,0,0,0,0,none,0,,1314512594
Ara Kat,ACİL SATILIK ARA KAT DAİRE 7 SENELİK BİNA,none,0,0,0,0,0,none,0,,1325632804
,satılık dubleks 5 + 2 250 mtr,standard,1,0,0,0,1,title,0,,1326065676
Ara Kat,Derince Yavuzsultan Mah.(60 evler) 3+1 ARAKAT DAİRE,none,0,0,0,0,0,none,0,,1308552573
,REMAX DREAM'DEN ÇENEDAĞ MAHALLESI'NDE 3 + 1 SATILIK DAIRE,none,0,0,0,0,0,none,0,,1314041191
Ara Kat,DERİNCE 60 EVLER'DE SATILIK OTURUMA HAZIR 2+1 ARAKAT DAİRE,none,0,0,0,0,0,none,0,,1296195865
,60 Evler Cumhuriyet cad. Yarım Dubleks,standard,1,0,0,0,1,title,0,,1325544823
Ara Kat,DERİNCE ÇINARLI'DA OTOPARK ÜSTÜ 2+1 95M2| YERDEN ISITMA |,none,0,0,0,0,0,none,0,,1308537272
Ara Kat,INVEST GLOBAL'DEN DERİNCE YENİKENT TOKİ'DE 2+1 ARAKAT DAİRE,none,0,0,0,0,0,none,0,,1294447966
,"KILIÇ GRUPTAN YERDEN ISITMALI,EBEVEYN BANYOLU TAM ARAKAT DAİRE",none,0,0,0,0,0,none,0,,1303602672
Bahçe Dubleksi,DERİNCE ÇINARLIDA LÜKS 4+1 BAHÇE DUBLEKS,garden,1,0,1,0,0,detail_and_title,0,,1314703868
Çatı Dubleksi,DERİNCE FSM YÜKSEK KREDİLİ SATILIK 2+1 110 M2 ÇATI DUBLEKS,roof,1,1,0,0,0,detail_and_title,0,,1325688660
Çatı Dubleksi,15 GÜN GEÇERLİ FİYAT MERKEZDE 3+1 | SINIRSIZ KREDİ İMKÂNI,roof,1,1,0,0,0,detail,0,,1325683589
,DERİNCE YENİKENT MAHALLESİ'NDE SATILIK 2+1 DAİRE,none,0,0,0,0,0,none,0,,1325420759
En Üst Kat,REMAX DREAMDEN YENİKENT BATIKENT SİTESİNDE 2+1 FIRSAT DAİRE,none,0,0,0,0,0,none,0,,1325805792
Çatı Dubleksi,DERİNCE 60 EVLER DİLEK SOKAK SATILIK 2+1 KÖŞE ÇATI DUBLEKS DAİRE,roof,1,1,0,0,0,detail_and_title,0,,1320713751
Çatı Dubleksi,DERİNCE SIRRIPAŞA MAH.%100 KREDİYE UYGUN SATILIK 3+1 ÇATI DUBLEX,roof,1,1,0,0,0,detail_and_title,0,,1326138872
Bahçe Dubleksi,NEBİOĞLU EMLAKTAN ÇENEDAĞ MAH.2+1 GÜNEY CEPHELİ BAHÇE DUBLEKS,garden,1,0,1,0,0,detail_and_title,0,,1207545240
Ara Kat,RE/MAX DREAM'den Barışkent'te Satılık Ara Kat 3+1 Daire,none,0,0,0,0,0,none,0,,1314160698
En Üst Kat,TANYILDIZ-DERİNCE ÇENEDAĞ MAH. DENİZCİLER CAD. 3+1 SATILIK 120M2,none,0,0,0,0,0,none,0,,1319736180
,REMAX DREAMDEN DERİNCEDE 3+1 FIRSAT DAİRE,none,0,0,0,0,0,none,0,,1319694860
,DERINCE FATIH SULTAN MAHALLESI'NDE İSKANLI 2 + 1 ARAKAT,none,0,0,0,0,0,none,0,,1325396948
Bahçe Dubleksi,DERİNCE ÇINARLIDA 3+1 LÜKS BAHÇE DUBLEKS,garden,1,0,1,0,0,detail_and_title,0,,1314572046
Ara Kat,INVEST GLOBAL'DEN DERİNCE ÇENEDAĞ MAH. SATILIK 3+1 ARA KAT DAİRE,none,0,0,0,0,0,none,0,,1325524130
,RE/MAX DREAM DEN YENİKENT TOKİ SATILIK 2+1 KREDIYE UYGUN TAPULU.,none,0,0,0,0,0,none,0,,1301110301
Bahçe Dubleksi,NEBİOĞLU EMLAKTAN FATİH SULTAN MAH.3+1 BAHÇE DUBLEKS,garden,1,0,1,0,0,detail_and_title,0,,1314750408
En Üst Kat|Ara Kat,ÇINARLI MAH. 2+1 ARAKAT DENİZ VE ŞEHİR MANZARALI ÖZEL DAİRE,none,0,0,0,0,0,none,0,,1314575826
Çatı Dubleksi,Derince merkezde satılık deniz manzaralı çatı dubleks daire,roof,1,1,0,0,0,detail_and_title,0,,1319625488
Ara Kat,ÇINARLI MAHALLESİNDE 2+1 ARAKAT DOĞA VE ŞEHİR MANZARALI,none,0,0,0,0,0,none,0,,1314573269
Ara Kat,Derince Çenedağ mahallesinde satılık 2. Kat daire,none,0,0,0,0,0,none,0,,1325730186
,DERİNCE ÇENEDAĞ MAHALLESİNDE YATIRIM FIRSATI!,none,0,0,0,0,0,none,0,,1325717751
,ÇINARLIKENT KONUTLARI 1+1 EŞYALI GÜNEY CEPHELİ GİRİŞKAT DAİRE,none,0,0,0,0,0,none,0,,1272389365
En Üst Kat|Ara Kat,DERİNCE MERKEZDE SATILIK 2+1 DENİZ MANZARALI DAİRE,none,0,0,0,0,0,none,0,,1325686491
,Derince Çınarlı'da satılık yüksek giriş daire,none,0,0,0,0,0,none,0,,1312260286
,Derince Çenedağ Mahallesi'nde satılık yüksek giriş daire,none,0,0,0,0,0,none,0,,1309496190
Çatı Dubleksi,NEBİOĞLU EMLAKTAN FATİH SULTAN MAH.BETON ÇATILI 2+1 DUBLEKS,roof,1,1,0,0,0,detail_and_title,0,title_generic_confirms_detail_subtype,1296146871
Ara Kat,NEBİOĞLU EMLAKTAN FATİH SULTAN MAH.3+1 ARAKAT DAİRE,none,0,0,0,0,0,none,0,,1307939408
Bahçe Dubleksi,"Körfez Mimarsinan'da 3+1 Bahçe Dubleksi: Asansörlü, Otoparklı,",garden,1,0,1,0,0,detail_and_title,0,,1298216813
Çatı Dubleksi,KÖRFEZ'DE ANA CADDE ÜZERİ 200M2 4+1 SATILIK ÇATI DUBLEKS DAİRE,roof,1,1,0,0,0,detail_and_title,0,,1328014058
Çatı Dubleksi,EVİM'DEN SATILIK 3+1 140m2 EBEVEYN BANYOLU ÇATI DUBLEKS,roof,1,1,0,0,0,detail_and_title,0,,1330985613
Çatı Dubleksi,EVİM'DEN FATİH MAHELLESİNDE HARİKA KONUMDA 3+1&150M2,roof,1,1,0,0,0,detail,0,,1330751541
Çatı Dubleksi,EVİM'DEN KÖRFEZKENT EMİNEVİM&FUZULEV UYGUN GENİŞ 3+1 DAİRE 150m2,roof,1,1,0,0,0,detail,0,,1320552059
,"EVİM,den EMİN EVİM, FUZUL EV, UYGUN 4+1&160M2 HARİKA KUPON DAİRE",none,0,0,0,0,0,none,0,,1329881209
Ara Kat,Körfez İlimtepe'de Masrafsız Ara Kat 3+1 Daire | Topuz Emlak,none,0,0,0,0,0,none,0,,1331220112
,YENİ YALI MAHALLESİNDE YENİ DAİRE,none,0,0,0,0,0,none,0,,1331187784
Bahçe Dubleksi,ASİL GRUPTAN FATİH MH 95 EVLERDE 3+1 GENİŞ BAHÇE DUBLEKS,garden,1,0,1,0,0,detail_and_title,0,,1325115483
Çatı Dubleksi,KOCAELİ KÖRFEZ KÖRFEZKENT'DE SIFIR 2+1 DUBLEX SATILIK DAİRE,roof,1,1,0,0,0,detail_and_title,0,title_generic_confirms_detail_subtype,1328327101
Ara Kat,YENİYALIDA ÇARŞI İÇİNDE KAPALI PAZAR YANINDA SATILIK 2+1 DAİRE,none,0,0,0,0,0,none,0,,1323465396
,KÖRFEZKENT 2. ETAPTA KİRA GETİRİLİ 1+1 SATILIK DAİRE,none,0,0,0,0,0,none,0,,1331008912
Ara Kat,SADIK EMLAK'TAN MİMAR SİNAN MERKEZDE SATILIK 2+1 DAİRE,none,0,0,0,0,0,none,0,,1318854270
,Acil Satılık,none,0,0,0,0,0,none,0,,1306025566
,ENKA'DAN TÜTÜNÇİFLİK MERKEZDE 2+1 SATILIK ÇATI DUBLEX,roof,1,1,0,0,0,title,0,,1330971749
,SAHİBİNDEN DENİZ MANZARALI SATILIK ARAÇ TAKASI OLUR,none,0,0,0,0,0,none,0,,1189495619
Bahçe Dubleksi,Körfez Güney'de Sıfır 2+1 Bahçe Dubleksi,garden,1,0,1,0,0,detail_and_title,0,,1324404737
,İNTEGRUM'DAN KÖRFEZ'İN MERKEZİNDE FULL YAPILI 3+1,none,0,0,0,0,0,none,0,,1324582708
,KÖRFEZKENT 2 ETAP YATIRIMLIK SATILIK 2+1 DAİRE AMERİKAN MUTFAK !,none,0,0,0,0,0,none,0,,1330924429
Çatı Dubleksi,KÖRFEZ YAVUZ SULTAN SELİM MAH.5+1 DUBLEKS,roof,1,1,0,0,0,detail_and_title,0,title_generic_confirms_detail_subtype,1313570711
,YARIMCA ATALAR MAH. SİTE İÇERİSİNDE KİRA GETİRİLİ 2+1 DAİRE,none,0,0,0,0,0,none,0,,1324043832
,POZİTİF EMLAK'tan 3+1 ÇATI DUBLEKS...,roof,1,1,0,0,0,title,0,,1289799635
Çatı Dubleksi,KÖRFEZ GÜNEY MH 2+1 SATILIK ÇATI DUBLEKS DAİRE,roof,1,1,0,0,0,detail_and_title,0,,1330816264
,Sahibinden (Kiracısız Boş) satılık 2+1 daire,none,0,0,0,0,0,none,0,,1313378918
Ara Kat,WİSREM DEN KÖRFEZDE 2+1 SATILIK DAİRE,none,0,0,0,0,0,none,0,,1330787371
Ara Kat,KÖRFEZ YAVUZ SULTAN SELİM'DE AMERİKAN MUTFAKLI 2+1 SATILIK DAİRE,none,0,0,0,0,0,none,0,,1318930070
Dubleks,KÖRFEZ BARBAROS MAHALLESI GENIŞ DUBLEX DAIRE,standard,1,0,0,0,1,detail_and_title,0,,1330754008
Dubleks|En Üst Kat|Ara Kat|Ara Kat Dubleks|Çatı Dubleksi,REMAXTAN EMİNEVİM BİREVİM FÜZULEVİM VB KREDİYE UYGUN 3+1 DUBLEKS,roof,1,1,0,0,0,detail_and_title,0,title_generic_confirms_detail_subtype,1312114263
Çatı Dubleksi,Körfez Atalar'da Deniz Manzaralı 3+1 Dubleks Daire,roof,1,1,0,0,0,detail_and_title,0,title_generic_confirms_detail_subtype,1320543214
Dubleks|Çatı Dubleksi,"SAHİBİNDEN EMİNEVİM, FUZELEV' e UYGUN KULLANIŞLI DUBLEKS DAİRE",roof,1,1,0,0,0,detail_and_title,0,title_generic_confirms_detail_subtype,1330724105
,ATLAS EMLAK TÜRKÖZ ATA SİTESİ SATILIK 2+1 KÖRFEZ,none,0,0,0,0,0,none,0,,1330699010
Çatı Dubleksi,KÖRFEZ MİMAR SİNAN'DA SATILIK 2+1 GENİŞ EĞİMSİZ ÇATI DUBLEKS,roof,1,1,0,0,0,detail_and_title,0,,1324890492
,REMAX DREAM DEN KÖRFEZ DE DENİZ MANZARALI 3+1 SIFIR DAİRE,none,0,0,0,0,0,none,0,,1313619735
,KÖRFEZ HACIOSMAN 2+1 DAİRE İLK GELEN ALIR,none,0,0,0,0,0,none,0,,1330666241
Ara Kat,ADA GAYRİMENKULDEN MİMARSİNAN MAH MUHTEŞEM DENİZ MANZARALI DAİRE,none,0,0,0,0,0,none,0,,1330650883
Bahçe Dubleksi,KÖRFEZ'DE FIRSAT ÖZEL TASARIM 3+1 135M² SATILIK BAHÇE DUBLEKS,garden,1,0,1,0,0,detail_and_title,0,,1324851244
Dubleks,TANYILDIZDAN KÖRFEZKENTTE 2+1 SATILIK DUBLEKS DİRELER,standard,1,0,0,0,1,detail_and_title,0,,1324963471
,"ACİL SATILIK, Market ve Okul Yanı, otobüs durağı dibinde",none,0,0,0,0,0,none,0,,1307430095
,EVİM'DEN YENİYALININ MERKEZİNDE LÜKS 2+1 DAİRE 115m2,none,0,0,0,0,0,none,0,,1322965841
Ara Kat,Körfez Hacı Osman'da Satılık 3+1 Daire | Topuz Emlak,none,0,0,0,0,0,none,0,,1290341928
,YENİYALI MAH SATILIK 120M2 FULL YAPILI 2+1 GENİŞ DAİRE,none,0,0,0,0,0,none,0,,1324504343
Çatı Dubleksi,SATİLİK ..Lux Teras Dublex.deniz ve park manzaralı,roof,1,1,0,0,0,detail_and_title,0,title_generic_confirms_detail_subtype,863151948
En Üst Kat,KOCAELİ KÖRFEZ KİRAZLIYALIDA SATILIK 3+1 DAİRE,none,0,0,0,0,0,none,0,,1260404363
,KILIÇ GRUPTAN 3+1 YERDEN ISITMALI HARİKA DAİRE,none,0,0,0,0,0,none,0,,1296572867
,KÖRFEZ 95 EVLER'DE MERKEZİ KONUMDA SATILIK 3+1 ARAKAT DAİRE,none,0,0,0,0,0,none,0,,1324777893
,Yarımcada Site İçinde Ara Kat Masrafsız 2+1 Daire,none,0,0,0,0,0,none,0,,1330551732
,REMAX DREAMDEN SATILIK 3+1 DAİRE,none,0,0,0,0,0,none,0,,1330536202
Dubleks,SON HAFTA KÖRFEZKENT'DE 3+1 EBEVEYN BANYOLU GENİŞ TERASLI DAİRE,standard,1,0,0,0,1,detail,0,,1324609552
Ara Kat,KÖRFEZ ESENTEPE'DE 2+1 ARA KAT SATILIK DAİRE,none,0,0,0,0,0,none,0,,1281458051
Dubleks,EVİM'DEN HARİKA KONUMDA LÜKS 2+1 ÇATI DUBLEX 110m2,standard,1,0,0,0,1,conflict_detail_wins,1,conflict detail=standard title=roof,1305230507
Bahçe Dubleksi,KOCAELİ KÖRFEZ CAMLITEPE MAHALLESİ 2+1 SATILIK DUBLEKS DAİRE,garden,1,0,1,0,0,detail_and_title,0,title_generic_confirms_detail_subtype,1297542469
Dubleks|En Üst Kat,"GENİŞ TERASLI, MANZARALI VE FERAH 5+1 DUBLEKS",standard,1,0,0,0,1,detail_and_title,0,,1327490133
,KILIÇ GRUPTAN MERKEZİ KONUMDA SATILIK 2+1 DAİRE,none,0,0,0,0,0,none,0,,1330521839
,"Yarımca Atalarda Prestijli Yaşam 90 m², Ara Kat, Lüks 2+1 Daire",none,0,0,0,0,0,none,0,,1330329173
Dubleks,REAL HOUSE KÖRFEZ AGAH ATEŞ MAH. 5+1 SATILIK ÜST DUBLEKS,standard,1,0,0,0,1,detail_and_title,0,,1299445929
,KÖRFEZ HACI OSMAN'DA SATILIK 2+1 DAİRE,none,0,0,0,0,0,none,0,,1313275543
Ara Kat,KOCAELİ YARIMCADA SATILIK DUBLEX DAİRE,standard,1,0,0,0,1,title,0,,1318003312
,GÜNEY MH MASRAFSIZ İSKANLI SATILIK 3+1 DAİRE,none,0,0,0,0,0,none,0,,1330283360
En Üst Kat,Körfez Hacıosman'da Satılık 2+1 Daire (Hilal Sitesi),none,0,0,0,0,0,none,0,,1330262707
Ara Kat,KÖRFEZ HACI OSMAN'DA SATILIK 2+1 ARAKAT KOMPLE YENİLENMİŞ DAİRE,none,0,0,0,0,0,none,0,,1327339272
,KALICI KONUTLARDA SATILIK FIRSAT 2+1,none,0,0,0,0,0,none,0,,1330252606
,95 EVLER KİRAZIN ALTINDA 4+1 SATILIK DUBLEKS DAİRE,standard,1,0,0,0,1,title,0,,1330227004
En Üst Kat,KOCAELİ KÖRFEZ E5 TÜMSERVİSGÜZERGLARINA ÇOK YAKIN KONUMDA,none,0,0,0,0,0,none,0,,1330237993
Ara Kat,ENKA GYO KÖRFEZ KUZEY MAH. 3+1 ARAKAT SATILIK DAİRE,none,0,0,0,0,0,none,0,,1272040804
Dubleks|En Üst Kat|Çatı Dubleksi,150 metrekare 3+1 Çatı Dublex,roof,1,1,0,0,0,detail_and_title,0,,1330226108
Ara Kat,MİMAR SİNAN MAH.DE 3+1 ARA KAT DAİRE (EMİNEVİM'E UYGUN),none,0,0,0,0,0,none,0,,1330218319
En Üst Kat,"Körfez İlimtepe'de Deniz Manzaralı, 5. Kat 3+1 Satılık Daire",none,0,0,0,0,0,none,0,,1318355787
Ara Kat|Çatı Dubleksi,CB Mark'tan HACIOSMANDAN 5+1 DUBLEX DAİRE,roof,1,1,0,0,0,detail_and_title,0,title_generic_confirms_detail_subtype,1323897443
,KÖRFEZ/YARIMCA/HACI OSMAN 2+1 DUBLEKS SATILIK DAİRE KREDİ UYGUN,standard,1,0,0,0,1,title,0,,1330342703
Ara Kat,KÖRFEZ YAVUZ SULTAN SELİM MAHALLESİNDE SATILIK 2+1 ARAKAT DAİRE,none,0,0,0,0,0,none,0,,1324273593
,KÖRFEZKENTİN EN MERKEZİ NOKTASINDA 4+1 FIRSAT DAİRE,none,0,0,0,0,0,none,0,,1318692119
Ara Kat,KORFEZ HACIOSMAN MH SATILIK GENİŞ 2+1 DAİRE,none,0,0,0,0,0,none,0,,1323985007
,KILIÇ GRUP EBEVEYN BANYOLU YERDEN ISITMALI 3+1 GÜZEL DAİRE,none,0,0,0,0,0,none,0,,1295681370
,"ARSLAN GAYRİMENKUL,DEN İLİMTEPE MAH.BARIŞKENT SİTESİ'NDE 2+1",none,0,0,0,0,0,none,0,,1266555723
Ara Kat,Erman Emlaktan körfez Haciosman mah satılık Arakat 2+1=90m2 .,none,0,0,0,0,0,none,0,,1290462953
,SAHİBİNDEN CADDE ÜZERİ ASANSÖRLÜ SIFIR BİNADA 1+1 İDEAL YATIRIM,none,0,0,0,0,0,none,0,,1293156437
Çatı Dubleksi,YARIMCA MİMARSİNANDA TÜRKÖZÜN YAPMIŞ OLDUĞU DURU SİTESİNDE 4+1,roof,1,1,0,0,0,detail,0,,1305382329
Çatı Dubleksi,ERBAŞ GAYRİMENKUL'DEN HACIOSMAN'DA SATILIK DUBLEKS 5+1 DAİRE,roof,1,1,0,0,0,detail_and_title,0,title_generic_confirms_detail_subtype,1318545771
,Sahibinden Körfezkent Çerçi AVM arkasında satılık daire,none,0,0,0,0,0,none,0,,1329744931
Çatı Dubleksi,DIAMOND YARIMCA YAŞAM BAŞLIYOR 2+1 SIFIR LÜX DAİRE,roof,1,1,0,0,0,detail,0,,1330023017
,REMAX DREAMDEN SATILIK 3+1 ARAKAT DAİRE,none,0,0,0,0,0,none,0,,1330176762
,"EVİM,den FUL,FUL DENİZ MANZARALI 2+1&117M2",none,0,0,0,0,0,none,0,,1317778747
Ara Kat|Çatı Dubleksi,Mimar Sinan'da Satılık 250m² Ultra Lüks Dubleks,roof,1,1,0,0,0,detail_and_title,0,title_generic_confirms_detail_subtype,1318288138
,INVEST GLOBAL'DEN KÖRFEZ GÜNEY MAHALLESİNDE 2+1 SATILIK DAİRE,none,0,0,0,0,0,none,0,,1329889996
,KÖRFEZKENT 2.ETAP 3+1 İÇİ FUL YAPILI GÜNEY -DOĞU SATILIK DAİRE,none,0,0,0,0,0,none,0,,1328531604
En Üst Kat,REMAX DREAM'DEN KÖRFEZ MİMAR SİNANDA SATILIK 3+1,none,0,0,0,0,0,none,0,,1329877522
,"EVİM,den KÖŞE BAŞI ARAKAT 3+1&128M2",none,0,0,0,0,0,none,0,,1311240902
,GADALAR'DAN ilimtepe'de bakımlı Satılık Daire,none,0,0,0,0,0,none,0,,1329846660
,FIRSAT FİYAT KÖRFEZ GÜNEY MAH. YÜKSEK GİRİŞ 2+1 DAİRE,none,0,0,0,0,0,none,0,,1329823831
Ara Kat,Körfez Kuzey'de Satılık 2+1 Ara Kat Daire I Topuz Emlak,none,0,0,0,0,0,none,0,,1329811798
Çatı Dubleksi,Tarcanlardan Körfezkentin En Gözde Satılık 2+1 Ç.Dub.,roof,1,1,0,0,0,detail,0,,1248178319
Ara Kat,KÖRFEZ GÜNEY MH. MERKEZİ YERDE 3+1 SATILIK LÜKS ARAKAT DAİRE,none,0,0,0,0,0,none,0,,1323894607
Ara Kat,ENKA'DAN ÇAMLITEPEDE SATILIK EŞYALI AÇIK MUTFAKLI 2+1 DAİRE,none,0,0,0,0,0,none,0,,1294934924
Çatı Dubleksi,KÖRFEZ HACI OSMAN MAHALLESİ'NDE SATILIK 4+1 ÇATI DUBLEKS DAİRE,roof,1,1,0,0,0,detail_and_title,0,,1323819840
,Körfez Yeniyalı Mahallesi'nde 155 m2 3+1 Satılık Daire,none,0,0,0,0,0,none,0,,1319759424
Ara Kat,KÖRFEZ BARBAROS MAHALLESİNDE 3+1 FIRSAT DAİRE,none,0,0,0,0,0,none,0,,1282276342
Ara Kat,İNTEGRUM'DAN İLİMTEPE 6. ETAPTA MUHTEŞEM KONUMDA ARAKAT,none,0,0,0,0,0,none,0,,1321896112
,SAHİBİNDEN SATILIK DAİRE,none,0,0,0,0,0,none,0,,1317774909
Dubleks,DENİZ MANZARALI ÖNÜ KOMPLE AÇIK EBEVEYN BANYOLU DAİRE,standard,1,0,0,0,1,detail,0,,1300904771
,RoyaLLife Gayrimenkul'den kalıcı konutlarda satılık daire,none,0,0,0,0,0,none,0,,1326651618
En Üst Kat,DOLİDO EMLAKTAN KÖRFEZ GÜNEY MH. SATILIK 94 m² 2+1 DAİRE,none,0,0,0,0,0,none,0,,1322716060
,ACİLL SATILIK mükemmel lokasyonda ara kat daire,none,0,0,0,0,0,none,0,,1329543218
Ara Kat,TADİLATI YAPILMIŞ_MÜSTAKİL BİNADA_3 TARAFI AÇIK_GENİŞ 3+1,none,0,0,0,0,0,none,0,,1312382429
Ters Dubleks,CB FLY'DAN YARIMCA HACIOSMAN MAHALLESİ SATILIK 2+1 TERS DUBLEKS,standard,1,0,0,0,1,detail_and_title,0,,1329492779
,TERA GM DEN ÇİFLİK SAHİLDE LÜKS DAİRE,none,0,0,0,0,0,none,0,,1320596353
Dubleks,YARIMCA DA SAHİLE YAKIN 4+1 DUBLEKS SATILIK DAİRE,standard,1,0,0,0,1,detail_and_title,0,,1329491277
Ara Kat,SATILIK 2+1 ARA KAT DAİRE 90 M2 YATIRIMLIK,none,0,0,0,0,0,none,0,,1329488370
,ENKA'dan HACIOSMAN MAH. BOŞ SATILIK 3+1 BAHÇE DUBLEKS,garden,1,0,1,0,0,title,0,,1314868117
Ara Kat,"Körfez Atalar'da Teraslı, Asansörlü 3+1 Arakat Daire",none,0,0,0,0,0,none,0,,1328544574
Tripleks,YALIKENT SİTESİ SATILIK MANZARALI TRİPLEKS,none,0,0,0,0,0,none,0,,1329464471
,EMAY'DAN KÖRFEZ GÜNEY MAH. YATIRIMLIK LÜKS 2+1 SATILIK DAİRE!,none,0,0,0,0,0,none,0,,1318157009
,KÖRFEZ FATİH'TE DENİZ MANZARALI SATILIK 2+1 DAİRE,none,0,0,0,0,0,none,0,,1320563201
,Kocaeli Körfez Site İçi Satılık 3+1 Daire,none,0,0,0,0,0,none,0,,1329449301
Ara Kat,RE/MAX DREAM'DEN KÖRFEZ ESENTEPE'DE MASRAFSIZ 2+1 SATILIK DAİRE,none,0,0,0,0,0,none,0,,1317579616
Ara Kat,SOR TÜRKİYE'DEN YARIMCA MERKEZ ANA CADDEDE ARAKAT SATILIK 2+1,none,0,0,0,0,0,none,0,,1318203076
,KÖRFEZ ESENTEPE 3+1 150M2 İÇİ FULL YAPILI GÜZEL KONUM SATILIK !,none,0,0,0,0,0,none,0,,1323592984
En Üst Kat,Denize Sıfır - Kaçmaz Fırsat Aldın Aldın!,none,0,0,0,0,0,none,0,,1032907554
Dubleks,DENİZ MANZARALI EBEVEYN BANYO KOMPLE YERLER GRANİT,standard,1,0,0,0,1,detail,0,,1300896398
Çatı Dubleksi,EVİM'DEN SATILIK 4+1 160m2 ÇATI DUBLEKS,roof,1,1,0,0,0,detail_and_title,0,,1322755078
Dubleks,YARIMCA MİMAR SİNAN'DA SATILIK 4+1 DUBLEKS DAİRE,standard,1,0,0,0,1,detail_and_title,0,,1286517128
,Körfez Hacı Osmanda Merkezi Konumlu 3+1 Satılık Daire,none,0,0,0,0,0,none,0,,1309467598
,Körfez Yarımcada 60 m² Teraslı Geniş 2+1 Satılık Daire,none,0,0,0,0,0,none,0,,1281677100
,KOCAELİ KÖRFEZ MİMAR SİNAN DA SATILIK YÜSEK ARSA PAYLI 2+1 DAİRE,none,0,0,0,0,0,none,0,,1286916674
,SAFİR'den HACIOSMAN'da SATILIK 2+1 DAİRE,none,0,0,0,0,0,none,0,,1323213380
,KÖRFEZ M.SİNAN MAH SATILIK YÜKSEK GİRİŞ KAT DAİRE 3+1 ODALI,none,0,0,0,0,0,none,0,,1316871989
Ara Kat,SAHİBİNDEN GENİŞ VE KULLANNIŞLI 165 METREKARE EVİMİZ SATILIKTIR,none,0,0,0,0,0,none,0,,1329266410
,Sahibinden Fatih Mah. 95 Evler 2+1 Yüksek Giriş,none,0,0,0,0,0,none,0,,1329274174
Dubleks,SADIK EMLAK'TAN HACI OSMAN MERKEZ'DE SATILIK 4+1 LÜKS DUBLEKS,standard,1,0,0,0,1,detail_and_title,0,,1192644156
,Deniz manzaralı 2+1 ev,none,0,0,0,0,0,none,0,,1329091631
Ara Kat,Körfez Güney Mahallesi Satılık 3+1 Daire | Topuz Emlak,none,0,0,0,0,0,none,0,,1310390677
Ara Kat,EMİNEVİME UYGUN FATİH MAHALLESİNDE E-5 CEPHELİ 165 m² NET 3+1,none,0,0,0,0,0,none,0,,1329253737
,HACI OSMAN MAH. 2+1 115M2 DENİZ MANZARALI SIFIR SATILIK DAİRE !,none,0,0,0,0,0,none,0,,1329222420
Ara Kat,EMİNE ALTUNTAŞTAN ÇAMLITEPE MH.MODERN YAPILI 3+1DAİRE,none,0,0,0,0,0,none,0,,1282926678
Bahçe Dubleksi,KÖRFEZ FATİH MAHALLESİ | İSKANLI / EMİNEVİME UYGUN SATILIK DAİRE,garden,1,0,1,0,0,detail,0,,1299310881
Ara Kat,KREDİ VE TÜM FİNANSMAN SİSTEMLERİNE TAM UYGUN 2+1 DAİRE,none,0,0,0,0,0,none,0,,1292447009
,REMAX DREAM'DEN SATILIK 2 + 1 DUBLEKS DAIRE,standard,1,0,0,0,1,title,0,,1322920407
Ara Kat,satılık ev,none,0,0,0,0,0,none,0,,1300164875
Dubleks,AYDAN EMLAKTAN KÖRFEZ YENİ YALI MAHALLESİN DE SATILIK DUBLEX,standard,1,0,0,0,1,detail_and_title,0,,1310391502
Ara Kat,KÖRFEZKENT 3 ETAP 1924 ADA SATILIK 3+1 ARAKAT DAİRE!!!,none,0,0,0,0,0,none,0,,1265930214
Ara Kat,KÖRFEZKENT 4 ETAP FULL MANZARALI SATILIK 2+1,none,0,0,0,0,0,none,0,,1312093281
,KÖRFEZ YENIYALIDA ESENTEPEYE KOMŞU MERKEZI KONUMDA SATILIK,none,0,0,0,0,0,none,0,,1317669799
Ara Kat,"YARIMCA MİMARSİNANDA ÖZKARDELEN SİTESİNDE 3+1, 120 M2 DAİRE",none,0,0,0,0,0,none,0,,1326959532
,ENKA GYO'DAN SATILIK 3+1 LÜX DUBLEKS DAİRE,standard,1,0,0,0,1,title,0,,1323043802
,YARIMCA DA MÜSTAKİL AYARINDA 3+1 YÜKSEK GİRİŞ,none,0,0,0,0,0,none,0,,1328913558
Dubleks,INVEST GLOBAL'DEN KÖRFEZKENT'İN DİBİNDE 4+1 SIFIR DUBLEX DAİRE,standard,1,0,0,0,1,detail_and_title,0,,1321716612
,KÖRFEZ TÜTÜNÇİFTLİK ESENTEPE DE SATILIK ÇATI DUBLEX,roof,1,1,0,0,0,title,0,,1325977055
,KÖRFEZ YAVUZ SULTAN SELİM'DE 4+1 SATILIK DUBLEKS DAİRE,standard,1,0,0,0,1,title,0,,1323157951
Ara Kat,EMAY'DAN KÖRFEZ FATİH MAH. SİTE İÇİ ARAKAT SATILIK 3+1 DAİRE,none,0,0,0,0,0,none,0,,1325920120
Dubleks|En Üst Kat,Satılık Lüks Dubleks Daire,standard,1,0,0,0,1,detail_and_title,0,,1317492528
,POZİTİF EMLAKTAN95 EVLERDE SATILIK ARAKAT DAİRE,none,0,0,0,0,0,none,0,,1322920281
,KÖRFEZ İLİMTEPE KALICI KONUTLARINDA SATILIK ARAKAT DAİRE,none,0,0,0,0,0,none,0,,1328846752
,GÜNEY GAYRİMENKUL'DEN KUZEY MAH.DE 4+1 DAİRE (EMİNEVİM'E UYGUN),none,0,0,0,0,0,none,0,,1328796109
,SAFİR'den HEREKE MERKEZ'de SATILIK 3+1,none,0,0,0,0,0,none,0,,1328797834
,BAHÇELİ MERKEZİ KONUM !!,none,0,0,0,0,0,none,0,,1328794994
Ara Kat,EMİN EVİM FUZUL EVE UYGUN 3+1 SATILIK DAİRE,none,0,0,0,0,0,none,0,,1317488299
En Üst Kat,YILDIZ EMLAK'TAN HEREKE'DE DENİZ MANZARALI SATILIK DAİRE,none,0,0,0,0,0,none,0,,1269767812
Dubleks,KÖRFEZ GÜNEY MAHALLESİ'NDE 160 m² | MASRAFSIZ | 4+1 DUBLEKS,standard,1,0,0,0,1,detail_and_title,0,,1328757128
,Körfez Yarımcada Masrafsız Asansörlü 3+1 Satılık Daire,none,0,0,0,0,0,none,0,,1285282803
Bahçe Dubleksi,KÖRFEZ DEVLET HASTANESİ YANI SİTE İÇİ 5+2 BAHÇE DUBLEKS,garden,1,0,1,0,0,detail_and_title,0,,1259686108
Çatı Dubleksi,MARMARA GETS - KÖRFEZ ATALAR MH. SATILIK DENİZ MANZARALI DUBLEX,roof,1,1,0,0,0,detail_and_title,0,title_generic_confirms_detail_subtype,1328719940
,KÖRFEZ FATİH MH. 95 EVLERDE SATILIK 3+1 GİRİŞ KAT DAİRE,none,0,0,0,0,0,none,0,,1328700873
Çatı Dubleksi,YARIMCA MİMARSİNANDA MERKEZİ KONUMDA 5+1 DUBLEKS,roof,1,1,0,0,0,detail_and_title,0,title_generic_confirms_detail_subtype,1320553830
,Y.S. Selim Mah.de Bakımlı 2+1 Bahçe Katı,none,0,0,0,0,0,none,0,,1328665182
Çatı Dubleksi,KÖRFEZ GÜNEY MAH 4+1 SATILIK ÇATI DUBLEKS DAİRE,roof,1,1,0,0,0,detail_and_title,0,,1328607591
,NECMETTİN ERBAKAN KAPALI PAZAR YANI LÜKS 2+1 ARAKAT,none,0,0,0,0,0,none,0,,1322485863
Ara Kat,CB-MARK'TAN KÖRFEZKENT 2.ETAP 5.KAT DENİZ MANZ.2+1SATILIK DAİRE,none,0,0,0,0,0,none,0,,1321786569
Çatı Dubleksi,5+1 masrafsız,roof,1,1,0,0,0,detail,0,,1106211867
,ENKA GYO KÖRFEZ BARBAROS MAH. 2+1 SATILIK DAİRE,none,0,0,0,0,0,none,0,,1328465930
Ara Kat,MİMAR SİNAN DA SATILIK DAİRE....,none,0,0,0,0,0,none,0,,1322319598
,SAHIBINDEN 2.ETAP'TA SIFIR AYARINDA 3+1 130 MTRE,none,0,0,0,0,0,none,0,,1328452428
Çatı Dubleksi,MEFA EMLAKTAN KÖRFEZ GÜNEY MAHALLESİNDE SIFIR 2+1 ÇATI DUBLEX,roof,1,1,0,0,0,detail_and_title,0,,1314194157
,TARCANLAR GAYRİMENKUL HASTANE YANI 2+1 yerden ısıtmalı,none,0,0,0,0,0,none,0,,1328411871
,KÖRFEZKENT 3 ETAP SATILIK 4+1 ARAKAT DAİRE,none,0,0,0,0,0,none,0,,1317479785
,KÖRFEZ ESENTEPE MAH SATILIK ARAKAT DAİRE 3+1 ODALI,none,0,0,0,0,0,none,0,,1328382535
,Kocaeli/Körfez/Tütünçiftlik Sahilde Satılık Daire,none,0,0,0,0,0,none,0,,1328371222
Çatı Dubleksi,GÜNEY GYO'DAN GÜNEY MAH.DE 4+1 DUBLEKS DAİRE (EMİNEVİM'E UYGUN),roof,1,1,0,0,0,detail_and_title,0,title_generic_confirms_detail_subtype,1328346246
,EMIN EVIME UYGUN HACI OSMAN MAH.SATILIK 3+1 DAİRE,none,0,0,0,0,0,none,0,,1328318583
Çatı Dubleksi,SADIK EMLAK'TAN MİMAR SİNAN MERKEZDE SATILIK 5+1 LÜKS DUBLEKS,roof,1,1,0,0,0,detail_and_title,0,title_generic_confirms_detail_subtype,1314857610
Çatı Dubleksi,KÖRFEZ YARIMCA'da GENİŞ AİLELER İÇİN DUBLEKS veya İKİ DAİRE,roof,1,1,0,0,0,detail_and_title,0,title_generic_confirms_detail_subtype,1328244986
,GBS'DEN FATİH MAH.SATILIK DAİRE,none,0,0,0,0,0,none,0,,1322302353
,ENKA G.Y.O'DAN KÖRFEZKENT 1.ETAP 3+1 ARAKAT SATILIK DAİRE,none,0,0,0,0,0,none,0,,1328432135
Ara Kat,sahibinden ara kat satılık daire,none,0,0,0,0,0,none,0,,1328189054
,KOCAELİ KÖRFEZ'DE SATILIK DAİRE&OFİS,none,0,0,0,0,0,none,0,,1302250914
,KÖRFEZ BARBAROS MAHALLESİNDE ACİL SATILIK DAİRE 2+1,none,0,0,0,0,0,none,0,,1310307403
,"Sahibinden Mimar Sinanda Masrafsız, Cam Balkonlu Daire",none,0,0,0,0,0,none,0,,1328170153
Ara Kat,TANYILDIZ-FATİH İÇİ YAPILI SATILIK 2+1 ARAKAT DAİRE,none,0,0,0,0,0,none,0,,1316589380
,KÖRFEZKENT 2 ETAPTA ÖNÜ AÇIK GÜZEL KONUMDA DAİRE,none,0,0,0,0,0,none,0,,1328157750
Ara Kat,ATMACA EMLAKTAN FATİH MAH.2+1 0 97m2 ARAKAT LÜKS DAİRE,none,0,0,0,0,0,none,0,,1270751587
Ara Kat,EVİM'DEN TÜTÜNÇİFTLİK MERKEZİNDE ASANSÖRLÜ RESİDANCE,none,0,0,0,0,0,none,0,,1326755722
Çatı Dubleksi,MEFA EMLAKTAN KÖRFEZ KENT YANI GÜNEY CEPHE SIFIR 3+1 ÇATI DUBLEX,roof,1,1,0,0,0,detail_and_title,0,,1319355590
,Körfezkent kavanyum ana cadde,none,0,0,0,0,0,none,0,,1328095391
,Sahibinden 2+1 100 metrekare satılık daire,none,0,0,0,0,0,none,0,,1328503700
En Üst Kat,KÖRFEZ KUZEY MAHALLESİNDE SATILIK 2+1 DAİRE,none,0,0,0,0,0,none,0,,1322131926
,KÖRFEZKENT BÖLGESİ SATILIK 3+1 DUBLEKS 158 m2 TERASLI DAİRE,standard,1,0,0,0,1,title,0,,1329386870
Bahçe Dubleksi,Körfez Güney Mah. Satılık 2+1 Daire - İnaltay Gayrimenkul,garden,1,0,1,0,0,detail,0,,1281893928
,POZİTİF EMLAKTAN KÖRFEZKENT'te 2+1 ÇATI DUBLKS...,none,0,0,0,0,0,none,0,,1310048363
,ENKA GYO'DAN YAVUZSELİM MAH 4+1 DUBLEKS DAİRE,standard,1,0,0,0,1,title,0,,1315178291
,KÖRFEZ ESENTEPE GÜZEL KONUM 253 m2 İKİ ADET SATILIK DAİRE,none,0,0,0,0,0,none,0,,1321861304
,KOCAELİ KÖRFEZ MİMAR SİNAN MAHALLESİNDE SATILIK MESKEN,none,0,0,0,0,0,none,0,,1228456458
,"KILIÇ GRUPTAN 6+1, 350 m2 GÜZEL KONUMDA SATILIK DAİRE",none,0,0,0,0,0,none,0,,1328810467
,KOCAELİ KÖRFEZ FATİH MAHALLESİ SATILIK MESKEN,none,0,0,0,0,0,none,0,,1228583138
,KÖRFEZ KAVANİUM SİTESİ SATILIK ARAKAT DAİRE,none,0,0,0,0,0,none,0,,1309202866
En Üst Kat,KÖRFEZ KENT 1. ETAPTA SATILIK 2+1 İÇİ FULL YENİLENMİŞ DAİRE,none,0,0,0,0,0,none,0,,1322306599
,"KISA SÜRELİĞİNE,KAÇIRMA GÜNEY CEPHELİ YERDEN ISITMALI 2+1 DUBLEX",standard,1,0,0,0,1,title,0,,1289218751
Ara Kat,HACIOSMAN MH. SATILIK 2+1 ARAKAT,none,0,0,0,0,0,none,0,,1327938797
Ara Kat,KÖRFEZKENT 2. ETAP GÜZEL KONUMDA SATILIK ARAKAT 2+1 DAİRE,none,0,0,0,0,0,none,0,,1316921518
En Üst Kat,TURYAP PALASTAN YARIMCA MİMAR SİNAN 3+1 MERKEZİ KONUM DAİRE,none,0,0,0,0,0,none,0,,1327889574
Ara Kat,Sahibinden temiz ferah daire!!!,none,0,0,0,0,0,none,0,,1296024960
,KÖRFEZKENT OPET KARŞISINDA ÇOK TEMİZ 2+1 DAİRE,none,0,0,0,0,0,none,0,,1327888932
Dubleks,KÖRFEZ GÜNEY MAHALLESİ'NDE SATILIK 4+2 DUBLEKS DAİRE,standard,1,0,0,0,1,detail_and_title,0,,1316389603
Ara Kat,Hereke Çarşıda Satılık Daire,none,0,0,0,0,0,none,0,,1327859279
,ENKA'DAN KİRA GETİRİLİ 1+1 İÇİ YAPILI SATILIK FIRSAT DAİRE,none,0,0,0,0,0,none,0,,1262858218
Ara Kat,KÖRFEZ ATALAR MAH.SATILIK 2+1 ODALI ARAKAT DAİRE,none,0,0,0,0,0,none,0,,1316522579
,Hacı Osman Mah 2+1 dubleks,standard,1,0,0,0,1,title,0,,1321822659
Çatı Dubleksi,CB ATLAS'TAN KÖRFEZ GÜNEY MAH. 4+1 235 M2 EMSALSİZ SATILIK DAİRE,roof,1,1,0,0,0,detail,0,,1327811955
Çatı Dubleksi,MEFA EMAKTAN KÖRFEZ KENT BÖLGESİNDE CAM TERASLI 2+1 ÇATI DUBLEX,roof,1,1,0,0,0,detail_and_title,0,,1316694642
,KÖRFEZKENT 4. ETAP 1930 ADA SATILIK 3+1 DAİRE,none,0,0,0,0,0,none,0,,1328346571
,ENKA G.Y.O'DAN FIRSAT! MERKEZDE YERDEN ISITMALI 2+1SIFIR DAİRE,none,0,0,0,0,0,none,0,,1328129610
Çatı Dubleksi,KOCAELİ KÖRFEZ KÖRFEZKENT'DE SIFIR 3+1 DUBLEX SATILIK DAİRE,roof,1,1,0,0,0,detail_and_title,0,title_generic_confirms_detail_subtype,1328330630
Dubleks|En Üst Kat|Çatı Dubleksi,GÜNEY MAHALLESİ MERKEZİ KONUM SATILIK 3+1 GENİŞ DUBLEKS,roof,1,1,0,0,0,detail_and_title,0,title_generic_confirms_detail_subtype,1299870934
,KÖRFEZ KUZEY MH DE SÜPER LOKASYONDA 2+1 SATILIK DAİRE,none,0,0,0,0,0,none,0,,1322135782
Ara Kat,Sahibinden Körfezkent 1.Etap 3+1 Arakat Daire,none,0,0,0,0,0,none,0,,1318919707
,KILIÇ GRUPTAN YERDEN ISITMALI ÖN CEPHEYE BAKAN SATILIK DAİRE,none,0,0,0,0,0,none,0,,1288816725
Ara Kat,Kocaeli Kuzey Mah. Satılık 3+1 Daire (110m²),none,0,0,0,0,0,none,0,,1314071150
Ara Kat,KÖRFEZDE DENİZ MANZARALI | MERKEZİ KONUM | YATIRIMLIK VE OTURUM,none,0,0,0,0,0,none,0,,1327526049
,KÖRFEZ YENİYALI MAH.SATILIK 3+1 ODALI 140m2 SIFIR DAİRE,none,0,0,0,0,0,none,0,,1327525183
Dubleks,"Körfez'de Satılık Bakımlı, Masrafsız, Eğimsiz Dubleks",standard,1,0,0,0,1,detail_and_title,0,,1327487801
,KÖRFEZ FATİH MAHALLESİNDE MERKEZİ KONUMDA 3+1 SATILIK DAİRE,none,0,0,0,0,0,none,0,,1327473093
Ara Kat Dubleks,I DOĞAN EMLAK I ATALAR MERKEZDE KAÇIRILMAYACAK SATILIK GENİŞ 2+1,middle_floor,1,0,0,1,0,detail,0,,1295608808
Ara Kat,Körfez Fatih Mah.2+1 Arakat DAİRE,none,0,0,0,0,0,none,0,,1321091961
,Deniz manzaralı Geniş ferah bir ev için,none,0,0,0,0,0,none,0,,1327426775
Dubleks,TANYILDIZ- KÖRFEZ FATİH MAHALLESİ'NDE SATILIK 3+1 ÇATI DUBLEKS,standard,1,0,0,0,1,conflict_detail_wins,1,conflict detail=standard title=roof,1327781804
,İNVEST'TEN KÖRFEZKENT 3.ETAP 2+1 (BOŞ) SATILIK DAİRE,none,0,0,0,0,0,none,0,,1322324901
Bahçe Dubleksi,HACI OSMAN MAH. 3+1 BAHÇE DUBLEKS,garden,1,0,1,0,0,detail_and_title,0,,1299418991
Ara Kat,DOLİDO EMLAKTAN KÖRFEZ GÜNEY MH. SATILIK 3+1 ARA KAT DAİRE,none,0,0,0,0,0,none,0,,1327605249
Ara Kat,EMLAK TEAM-KÖRFEZ ATALAR MH.'DE SATILIK 3+1 ARAKAT DAİRE,none,0,0,0,0,0,none,0,,1307078475
,ENKA'dan YENİYALI MAH. SATILIK 2+1 ÇATI DUBLEKS,roof,1,1,0,0,0,title,0,,1315743006
Çatı Dubleksi,Körfez Fatih Mh site içinde satılık eğimsiz dubleks,roof,1,1,0,0,0,detail_and_title,0,title_generic_confirms_detail_subtype,1313977107
En Üst Kat|Ara Kat,DOLİDO EMLAKTAN KÖRFEZ AĞADERE CD. SATILIK 3+1 165 m² DAİRE,none,0,0,0,0,0,none,0,,1214682498
En Üst Kat,"YARIMCA ÖĞRETMENLER SİTESİ'NDE 5. KAT 2,5+1 DAİRE",none,0,0,0,0,0,none,0,,1321135248
Çatı Dubleksi,ATMACA EMLAKTAN GÜNEY MAH.3+1 150m2 0 ÇATI DUBLEKS,roof,1,1,0,0,0,detail_and_title,0,,1316285764
Dubleks,TÜRKÖZ SAHİL APARTMANINDA PANAROMİK KÖRFEZ MANZARALI DAİRE,standard,1,0,0,0,1,detail,0,,1304310396
En Üst Kat,3/1 mülk sahibinden satılık,none,0,0,0,0,0,none,0,,1265337884
Ara Kat,INVEST GLOBALDEN ÇAMLITEPE MAH.DE SIFIR 3+1 ARAKAT DAİRE SATILIK,none,0,0,0,0,0,none,0,,1327304823
,ENKA G.Y.O'DAN GÜNEY MAH.SATILIK 3+1 ÇATI DUBLEKS,roof,1,1,0,0,0,title,0,,1321090827
,HACI OSMAN 110 M2 2+1 ZEMİN DAİRE,none,0,0,0,0,0,none,0,,1288250893
Dubleks|En Üst Kat|Ara Kat|Ara Kat Dubleks|Bahçe Dubleksi|Çatı Dubleksi|Forleks|Ters Dubleks|Tripleks,KÖRFEZ GÜNEY MAHALLESI 3 + 1 ARA KAT SATILIK DAIRE,roof,1,1,0,0,0,detail,0,,1321207090
Çatı Dubleksi,Masrafsız 121 m² 2+1 (3+1 Kullanım)Açık Otoparklı(Merkezi Konum),roof,1,1,0,0,0,detail,0,,1327049871
,KÖRFEZ KAVANİUM SATILIK YÜKSEK GİRİŞ DAİRE,none,0,0,0,0,0,none,0,,1309699637
Dubleks,95 EVLER MERKEZ'DE CADDE ÜZERİNDE SATILIK LÜKS TERAS DUBLEKS,standard,1,0,0,0,1,conflict_detail_wins,1,conflict detail=standard title=roof,1327018564
,"Vizyon Park Sitesinde Satılık 2+1 Ara kat Asansörlü, Otoparklı",none,0,0,0,0,0,none,0,,1320925644
Çatı Dubleksi,KÖRFEZ GÜNEY MAHALLESİ'NDE 170 m² SATILIK DUBLEKS 3+1 DAİRE,roof,1,1,0,0,0,detail_and_title,0,title_generic_confirms_detail_subtype,1321185480
,KILIÇ GRUP 2009 YAPIMI İKİ BANYO İKİ MUTFAK İKİ WC SATILIK DAİRE,none,0,0,0,0,0,none,0,,1288787588
En Üst Kat,CITY GLOBAL'DEN KÖRFEZ KUZEY MAH GENİŞ ARA KAT 2+1 SATILIK DAİRE,none,0,0,0,0,0,none,0,,1282026470
Ara Kat,ADDRESS'DEN KÖRFEZ ÇAMLITEPE MH'DE 2+1 SATILIK ARAKAT DAİRE,none,0,0,0,0,0,none,0,,1326950190
Çatı Dubleksi,ADDRESS'DEN KÖRFEZ FATİH MH'DE SATILIK 3+1 DUBLEKS,roof,1,1,0,0,0,detail_and_title,0,title_generic_confirms_detail_subtype,1326763859
Ara Kat,FATİH MAHALLESİNDE SATILIK 3+1 ARAKAT DAİRE,none,0,0,0,0,0,none,0,,1326856601
Ara Kat,ARSLAN GAYRİMENKUL'DEN İLİMTEPEDE 3+1 ARA KAT TERTEMİZ DAİRE,none,0,0,0,0,0,none,0,,1298326140
Ara Kat,YILDIZ EMLAK'TAN HEREKEDE 2+1 DENİZ MANZARALI SATILIK DAİRE,none,0,0,0,0,0,none,0,,1326753937
Ara Kat,ENKA G.Y.O'DAN MİMARSİNAN MAH. 3+1 130M2 SATILIK DAİRE,none,0,0,0,0,0,none,0,,1326924739
,EMEK EMLAK'TAN MİMAR SİNAN MAH.DE SİTE İÇİ SATILIK 3+1 DAİRE,none,0,0,0,0,0,none,0,,1307130621
,ENKA'dan FATİH MAH. SATILIK 3+1 GENİŞ ARAKAT DAİRE,none,0,0,0,0,0,none,0,,1327315237
En Üst Kat,KÖRFEZ'DE MERKEZİ LOKASYONDA 2+1 SATILIK DAİRE,none,0,0,0,0,0,none,0,,1326669610
Ara Kat|Çatı Dubleksi,KÖRFEZ YAVUZ SULTAN SELİM MAHALLESİNDE 2+1 DUBLEKS DAİRE,roof,1,1,0,0,0,detail_and_title,0,title_generic_confirms_detail_subtype,1326674816
,95 EVLER FATİH MAH. E5 ÜZERİNDE 3+1 165M2 İÇİ FUL YAPILI SATILIK,none,0,0,0,0,0,none,0,,1292100849
Ara Kat,YILDIZ EMLAK'TAN HEREKE'DE DENİZ MANZARALI SATILIK 2+1 DAİRE,none,0,0,0,0,0,none,0,,1326758819
Ara Kat,KÖRFEZ ATALAR MAH. SATILIK 3+1 ARAKAT DAİRE,none,0,0,0,0,0,none,0,,1320580179
,YİĞİT EMLAKTAN BARBAROS MAH. 2+1 GİRİŞ KAT DAHA UYGUNU YOK !,none,0,0,0,0,0,none,0,,1326552244
Ara Kat,INVEST GLOBAL'DEN YARIMCA MİMAR SİNANDA SATILIK 3+1 ARAKAT DAİRE,none,0,0,0,0,0,none,0,,1326950897
,Körfez Mimarsinan'da Cadde Üzeri 4+2 Çatı Dubleks Geniş Teraslı,roof,1,1,0,0,0,title,0,,1304484896
Ara Kat,ADDRESS'DEN KÖRFEZ AĞADERE CADDESİNDE 3+1 150 M2 SATILIK DAİRE,none,0,0,0,0,0,none,0,,1315200845
Dubleks,KÖRFEZ MİMAR SİNAN MAHALLESİ 2+1 SATILIK DAİRE,standard,1,0,0,0,1,detail,0,,1287379691
Ara Kat,INVEST GLOBAL'DEN KÖRFEZKENTE KOMŞU GENİŞ SIFIR 2+1 DAİRELER,none,0,0,0,0,0,none,0,,1306840801
En Üst Kat,KÖRFEZ MİMAR SİNAN MERKEZİ KONUM SATILIK 2+1 DAİRE,none,0,0,0,0,0,none,0,,1326798128
Ara Kat,KİRAZLI YALIDA SATILIK 3+1 ARA KAT DAİRE,none,0,0,0,0,0,none,0,,1313836815
Ara Kat,KÖRFEZKENT 1. ETAP 4. KAT DOĞU-GÜNEY CEPHE,none,0,0,0,0,0,none,0,,1314594049
,KÖRFEZ ÇAMLITEPE SATILIK MÜSTAKİL EV,none,0,0,0,0,0,none,0,,1319919969
Dubleks|Ara Kat,ADA GAYRİMENKULDEN YENİ YALIDA SATILIK DUBLEX 3 +1 DAİRE,standard,1,0,0,0,1,detail_and_title,0,,1320256031
,ENKA GAYRİMENKUL'den SATILIK DUBLEX,standard,1,0,0,0,1,title,0,,1309624049
Ara Kat,MİMAR SİNAN MAH. DE SATILIK 2+1 ARAKAT,none,0,0,0,0,0,none,0,,1320266014
,ENK'dan BARBAROS MAH. 3+1 130 m2 MASRAFSIZ SATILIK DAİRE,none,0,0,0,0,0,none,0,,1326400997
,GÜNEY GAYRİMENKUL'DEN İLİMTEPE 4.ETAP'TA 3+1 SATILIK DAİRE,none,0,0,0,0,0,none,0,,1219654363
,"EVİM,den HARİKA KONUMDA ÜÇ CEPHESİ AÇIK ARAKAT 2+1&98M2",none,0,0,0,0,0,none,0,,1325925008
En Üst Kat,Körfez Atalar'da Türk Kahvesi'ne 200 metre mesafede Satılık 2+1,none,0,0,0,0,0,none,0,,1319937813
Ara Kat|Çatı Dubleksi,FATİH MAH. HARİKA DENİZ MANZ LÜKS 2+1 DAİRE,roof,1,1,0,0,0,detail,0,,1286945061
Dubleks,KÖRFEZ MİMAR SİNAN MAHALLESİ 2+1 SATILIK DAİRE,standard,1,0,0,0,1,detail,0,,1287379593
Dubleks|En Üst Kat|Çatı Dubleksi,YENİYALIDA E5 YANI GENİŞ 3+1 ÇATI DUBLEKS,roof,1,1,0,0,0,detail_and_title,0,,1315402680
En Üst Kat,DENİZ MANZARALI 3+1 SATILIK,none,0,0,0,0,0,none,0,,1313424679
Çatı Dubleksi,Körfez / Yarımca Hacı Osman Mah Dubleks Daire,roof,1,1,0,0,0,detail_and_title,0,title_generic_confirms_detail_subtype,1183413116
Ara Kat,Körfez Mimar Sinan Mahallesi Bağlar Caddesi'nde satılık 3+1 dair,none,0,0,0,0,0,none,0,,1315559684
Dubleks,KÖRFEZ GÜNEY MAHALLESİ 2+1 ÖN CEPHELİ SATILIK DUBLEKS DAİRE,standard,1,0,0,0,1,detail_and_title,0,,1306646375
,sahibinden satılık dublex,standard,1,0,0,0,1,title,0,,1319770544
Ara Kat,DEALLİFE'DAN KÖRFEZ E5 DİBİNDE SATILIK 4+1 ÇATI DUBLEKS,roof,1,1,0,0,0,title,0,,1296470816
Çatı Dubleksi,KÖRFEZDE PANORAMİK DENİZ MANZARALI 4+1 180 m² LÜKS ÇATI DUBLEKS,roof,1,1,0,0,0,detail_and_title,0,,1263962360
,REMAX DREAMDEN BARBAROS MAHALLESİNDE SATILIK 2+1 DAİRE,none,0,0,0,0,0,none,0,,1319706747
Çatı Dubleksi,Düştü...Körfez Fatih Mahallesi'nde satılık çatı dubleks daire,roof,1,1,0,0,0,detail_and_title,0,,1306821775
En Üst Kat,KÖRFEZ MİMAR SİNAN MAHALLESİ ASANSÖRLÜ SATILIK GENİŞ 3+1 DAİRE,none,0,0,0,0,0,none,0,,1292548513
Ara Kat,KÖRFEZ GÜNEY MAHALLESİ'NDE SATILIK 3+1 DAIRE,none,0,0,0,0,0,none,0,,1319702400
,KILIÇ GRUPTAN yatırımlık 4+1 SATILIK ARA DUBLEKS DAİRE,standard,1,0,0,0,1,title,0,,1318111385
Ara Kat Dubleks,Sahibinden AraDubleks 4+1,middle_floor,1,0,0,1,0,detail,0,,1274927451
Dubleks,SAHİBİNDEN SATILIK 4+1 208 m2 DUBLEX EĞİMSİZ BÜTÜN ODALAR GENİŞ,standard,1,0,0,0,1,detail_and_title,0,,1277414186
,KILIÇ GRUPTAN GÜNEY CEPHELİ SATILIK KÖŞE DAİRE,none,0,0,0,0,0,none,0,,1308589586
Çatı Dubleksi,ENKA'DAN KÖRFEZ YARIMCADA SATILIK 4+2 MUHTEŞEM DAİRE,roof,1,1,0,0,0,detail,0,,1257511247
,KÖRFEZ ÇAMLITEPE MH. MÜSTAKİL TADINDA SATLIK 2+1 GİRİŞ KAT DAİRE,none,0,0,0,0,0,none,0,,1319807665
Ara Kat,BARBAROS MAH. 2+1 136M2 GENİŞ GÜZEL KONUM SATILIK DAİRE,none,0,0,0,0,0,none,0,,1325938701
,EMEK EMLAK'TAN MİMAR SİNAN MAH.DE SATILIK YENİ DAİRE S-2715,none,0,0,0,0,0,none,0,,1325926044
,KÖRFEZ FATİH MAHALLESİ MERKEZİ KONUM SATILIK 2+1 BAKIMLI DAİRE,none,0,0,0,0,0,none,0,,1331000721
Bahçe Dubleksi,KÖRFEZ HACIOSMAN MAH SATILIK BAHÇE DUBLEX 3+1 ODALI 147m2,garden,1,0,1,0,0,detail_and_title,0,,1320198115
,KÖRFEZ KUZEY MAHALLESİNDE SATILIK 2+1 YENİ DAİRE,none,0,0,0,0,0,none,0,,1325655249
,Sıfır 4+1 Merkezde,none,0,0,0,0,0,none,0,,1325609852
Ara Kat Dubleks|Çatı Dubleksi,DENİZ MANZARALI SAHİLE 5 DK 3+1 DUBLEKS,roof,1,1,0,0,0,detail_and_title,0,title_generic_confirms_detail_subtype,1325643379
,Turyap'tan Türköz Ata Sitesi Peyzaj Cepheli Büyük Tip 2+1 Giriş,none,0,0,0,0,0,none,0,,1259332752
En Üst Kat,95 EVLER ANA CADDEYE YAKIN KİRAZ HEYKELİNE 300 mt MESAFEDE,none,0,0,0,0,0,none,0,,1325550255
Ara Kat,EVİM'DEN SATILIK ARAKAT 2+1 95m² 0 DAİRE,none,0,0,0,0,0,none,0,,1292225299
,KÖRFEZKENT 3 ETAP 1924 ADA SATILIK 2+1 DAİRE ÖNÜ AÇIK 7.KAT !!,none,0,0,0,0,0,none,0,,1325766848
Ara Kat,KÖRFEZ İLİMTEPEDE DENİZ MANZARALI LÜKS ARAKAT,none,0,0,0,0,0,none,0,,1253158734
,KÖRFEZ GÜNEY MH 90 M2 İÇ KULLANIM 17 M2 BALKON BRÜT 107 M2 DAİRE,none,0,0,0,0,0,none,0,,1326150432
Ara Kat,HACIOSMAN MAHALLESİ SATILIK ARA KAT 2+1 BAKIMLI DAİRE,none,0,0,0,0,0,none,0,,1303236740
,Halk Bankası'ndan Kocaeli Körfez Satılık Konut,none,0,0,0,0,0,none,0,,1326239414
Dubleks|Ara Kat,SATILIK FERAH VE GENİŞ 4+1 DUBLEX DAİRE 180 M2,standard,1,0,0,0,1,detail_and_title,0,,1319738977
,ENKA'dan GÜNEY MAH. SATILIK 3+1 DUBLEKS DAİRE,standard,1,0,0,0,1,title,0,,1311467238
,KÖRFEZ İLİMTEPEDE DENİZ MANZARALI LÜKS DAİRE,none,0,0,0,0,0,none,0,,1253166879
Ara Kat,KILIÇ GAYRİMENKUL'DEN 2+1 ARAKAT DAİRE,none,0,0,0,0,0,none,0,,1319858006
,MİMAR SİNAN MAHALLESİ ERAY SİTESİNDE ÇOK TEMİZ 2+1 GENİŞ DAİRE,none,0,0,0,0,0,none,0,,1325398316
Ara Kat,*KÖRFEZİN İNCİSİ MİMAR SİNANDA ÖN CEPHE SATILIK 3+1 ARAKAT DAİRE,none,0,0,0,0,0,none,0,,1325421762
Bahçe Dubleksi,TANYILDIZ-KÖRFEZ FATİH MAHALLESİ 145M² 3+1 BAHÇE DUBLEKS,garden,1,0,1,0,0,detail_and_title,0,,1314592594
,KÖRFEZKENTTE MERKEZİ KONUMDA GENİŞ 2+1 DUBLEKS FIRSAT,standard,1,0,0,0,1,title,0,,1325801972
,RE/MAX DREAM DEN SATILIK EŞYALI KİRACILI 1+1 DAİRE,none,0,0,0,0,0,none,0,,1308427014
Çatı Dubleksi,KÖRFEZ YENİYALI MAH SATILIK LÜX Ç.DUBLEX SIFIR 3+1,roof,1,1,0,0,0,detail_and_title,0,title_generic_confirms_detail_subtype,1314051106
,KILIÇ GRUPTAN 2+1 ARAKAT SATILIK DAİRE,none,0,0,0,0,0,none,0,,1325690801
Ara Kat,KÖRFEZKENT 4.ETAP BOŞ ARAKAT EBEVEYN BANYOLU SATILIK 2+1 DAİRE,none,0,0,0,0,0,none,0,,1308308545
,REMAX DREAMDEN KÖRFEZKENT DE 4+1 DUBLEKS DAİRE,standard,1,0,0,0,1,title,0,,1313777649
,KÖRFEZKENT 2. ETAP ARAKAT 90 m² 2+1 SATILIK DAİRE,none,0,0,0,0,0,none,0,,1308495998
Çatı Dubleksi,KÖRFEZ H.OSMAN MAH.SATILIK SIFIR LÜX 4+1 ASANSÖRLÜ,roof,1,1,0,0,0,detail,0,,1313571449
,KÖRFEZKENT 3.ETAP GÜZEL KONUMDA 2+1 GİRİŞ KAT SATILIK DAİRE,none,0,0,0,0,0,none,0,,1325493255
,KÖRFEZ M.SİNAN MAH YÜKSEK GİRİŞ KAT 3+1 ODALI DAİRE,none,0,0,0,0,0,none,0,,1313602782
,ÇİZGİ EMLAK KÖRFEZKENT 3. ETAP SATILIK 2+1 DAİRE,none,0,0,0,0,0,none,0,,1313472877
Çatı Dubleksi,Körfez'de katılımevimlere Uygun Satılık Daire,roof,1,1,0,0,0,detail,0,,1314556022
Ara Kat,ENKA'DAN KÖRFEZ GÜNEY MAH.DE SATILIK 3+1 ARAKAT FIRSAT DAİRE,none,0,0,0,0,0,none,0,,1325451566
,KILIÇ GRUP araç takaslı 4+1 iskanlı BAHÇE DUBLEX,garden,1,0,1,0,0,title,0,,1297233789
,KÖRFEZ M.SİNAN MAH SATILIK 3+1 DAİRE,none,0,0,0,0,0,none,0,,1325656747
Çatı Dubleksi,BARIŞ MAH. DURUPARK SİTESİ 190 M2 SATILIK MUHTEŞEM DUBLEX,roof,1,1,0,0,0,detail_and_title,0,title_generic_confirms_detail_subtype,1330299028
,GEBZE GAZİLER MAHALLESİ SATILIK 2+1 ARAKAT DAİRE,none,0,0,0,0,0,none,0,,1331850331
Ara Kat,ASAF GAYRİMENKULDEN CUMHURİYET MAH. CADDEYE 2 DK 2+1 ARAKAT,none,0,0,0,0,0,none,0,,1331813998
,millet bahçesine yürüme mesafesinde 3+1,none,0,0,0,0,0,none,0,,1324230133
Dubleks|En Üst Kat|Ara Kat,"BARIŞ MAHALLESİ, CADDE ÜZERİ 5+1 ULTRA LÜKS DUBLEKS DAİRE",standard,1,0,0,0,1,detail_and_title,0,,1291615527
,GÜZELLER MH.SADIK AHMET PARKI YANI BAKIMLI(2+1) SATILIK DAİRE,none,0,0,0,0,0,none,0,,1328879391
,GEBZE ARAPÇEŞME KAVAK CADDESİ'NDE SATILIK 3+1 DAİRE,none,0,0,0,0,0,none,0,,1312523585
,RENS GAYRİMENKUL BEYLİKBAĞI MAHALLESİ SATILIK 2+1 TERS DUBLEKS,standard,1,0,0,0,1,title,0,,1255339247
Ara Kat,BARIŞ MAHALLESİNDE ARAKAT 2+1 SATIIK !,none,0,0,0,0,0,none,0,,1322912216
Ara Kat,BEŞEVLER DENİZ MANZARALI 3+1 SATILIK DAİRE,none,0,0,0,0,0,none,0,,1314080511
,GAZİLER MH FAHRİ KIR CD YAKIN SATILIK 2+1 DAİRE,none,0,0,0,0,0,none,0,,1331819509
,BARIŞ MAHALLESİ HAYRİM ACAR CADDESİ ÜZERİNDE 2+1 GİRİŞ KAT DAİRE,none,0,0,0,0,0,none,0,,1300210402
Dubleks,Gebze Yıldız Evler Sitesi'nde 120m² 2+1 Dubleks Daire Fırsatı,standard,1,0,0,0,1,detail_and_title,0,,1322542798
Çatı Dubleksi,BARIŞ MAH. BARIŞ PARKI ÜSTÜ 5+2 260 M2 SATILIK MUHTEŞEM DUBLEX,roof,1,1,0,0,0,detail_and_title,0,title_generic_confirms_detail_subtype,1325746490
Ara Kat,Kocaeli Gebze Adem Yavuz Mah. Satılık Sıfır 2+1 Arakat Daire,none,0,0,0,0,0,none,0,,1313970009
Dubleks,BEYLİKBAĞI'NDA ASANSÖRLÜ 3+1 DUBLEKS DAİRE,standard,1,0,0,0,1,detail_and_title,0,,1328641224
,ASAF GAYRİMENKULDEN SATILIK 2+1 DAİRE,none,0,0,0,0,0,none,0,,1322810100
Dubleks|En Üst Kat,GEBZE CUMHURİYET MAHALLESİNDE 3+1 DUBLEX SATILIK,standard,1,0,0,0,1,detail_and_title,0,,1325681942
Ara Kat,CUMHURİYET MAH. KREDİ SIKINTISI OLMAYAN ARAKAT FIRSATI,none,0,0,0,0,0,none,0,,1314214741
,MÜSTAKİL GİRİŞLİ BAHÇELİ SATILIK FIRSAT 1+1,none,0,0,0,0,0,none,0,,1331468193
Ara Kat,GALYA EMLAKTAN GEBZE BELEDİYESİ KARŞISINDA SATILIK 3+1 DAİRE,none,0,0,0,0,0,none,0,,1316281990
Çatı Dubleksi,Ademyavuz Mahallesinde 2 Adet 3+1 Daire 5.250.000 TL,roof,1,1,0,0,0,detail,0,,1314177760
Dubleks,BARIŞ MAHALLESİ'NDE SATILIK DENİZ MANZARALI 3+1 DUBLEKS DAİRE,standard,1,0,0,0,1,detail_and_title,0,,1317242347
Ara Kat,CUMHURİYET MAH.KREDİ FİNANSMANLARINA UYGUN ARAKAT 2+1 DAİRE,none,0,0,0,0,0,none,0,,1306604447
Çatı Dubleksi,ZADE PRESTİJ EVLER - 5+1 - 192m2 -Teraslı Dubleks - Satılık - B9,roof,1,1,0,0,0,detail_and_title,0,title_generic_confirms_detail_subtype,1272467416
Ara Kat,GEBZE BEŞEVLER BARIŞ MAHALLESİNDE SATILIK 2+1 DAİRE,none,0,0,0,0,0,none,0,,1325301413
,Beylikbağı Sarı Camii'ye yakın satılık 2 + 1 bahçe katı daire,none,0,0,0,0,0,none,0,,1324166654
Ara Kat,ÖZGÜRCE GYD'DEN KRİSTAL CAM SİTESİNDE EMİNEVİM UYGUN 3+1 DAİRE,none,0,0,0,0,0,none,0,,1301089933
,Barış Mahallesi Geniş Kullanışlı 2+1 Daire,none,0,0,0,0,0,none,0,,1318649933
Ara Kat,Satılık Daire,none,0,0,0,0,0,none,0,,1319211706
Ara Kat,ADEM YAVUZ KAPALI PAZAR VE ADEM YAVUZ OKULUNUN YANINDA 3+1,none,0,0,0,0,0,none,0,,1330963560
Ara Kat,Cadde Üstünde Sıfır İskanlı Ebeveyn Banyolu 3+1 Daire 120 m2,none,0,0,0,0,0,none,0,,1330795674
Ara Kat,GEBZE YENİKENT GAZİLER SINIRINDA 3+1 GENİŞ SATILIK FIRSAT DAİRE,none,0,0,0,0,0,none,0,,1325030193
Ara Kat,MERKEZ EMLÂK ARMAĞAN'DAN 3+1 4.KAT 136 M² İÇİ YAPILI DAİRE,none,0,0,0,0,0,none,0,,1330833810
Ara Kat,GEBZE ÇARŞI MERKEZDE ARAKAT 3+1 SATILIK DAİRE,none,0,0,0,0,0,none,0,,1300759796
Ara Kat,***FIRSAT 2+1 SATILIK DAİRE HARİKA LOKASYONDA***,none,0,0,0,0,0,none,0,,1321964907
Dubleks|Çatı Dubleksi,SAHİBİNDEN SATILIK 2+0 DAİRE,roof,1,1,0,0,0,detail,0,,1330516958
,FIRSAT CADDE ÜSTÜ ASANSÖRLÜ ARAKAT DAİRE,none,0,0,0,0,0,none,0,,1330609636
Ara Kat,BARIŞ MAHALLESİ DENİZ MANZARALI ASANSÖRLÜ 3+1 ARA KAT FIRSATI !,none,0,0,0,0,0,none,0,,1324757751
Ara Kat,Hızla Gelişen bölgede Eşsiz Satılık 2+1 Daire,none,0,0,0,0,0,none,0,,1316856817
,Sahibinden kelepir daire,none,0,0,0,0,0,none,0,,1330553607
Dubleks,GEBZE ADEM YAVUZDA SATILIK 2+1 DUBLEX DAIRE,standard,1,0,0,0,1,detail_and_title,0,,1321788647
Ara Kat,Gebze Arapçeşme'de Asansörlü 2+1 Kat Mülkiyetli Giriş Kat,none,0,0,0,0,0,none,0,,1330471071
Ara Kat,GEBZE GAZİLER MAHALLESİ SATILIK 2+1 DAİRE,none,0,0,0,0,0,none,0,,1324629648
Ara Kat,GEBZE ÇARŞI MERKEZDE CADDE ÜZERİ 3+1 130 M2 ACİL SATILIK ARAKAT,none,0,0,0,0,0,none,0,,1324629048
Dubleks|En Üst Kat|Ara Kat|Ara Kat Dubleks|Bahçe Dubleksi|Çatı Dubleksi|Forleks|Ters Dubleks|Tripleks,3+1 KREDİLİ KAT MÜLKİYETLİ İÇİ SIFIR PAZARLIKSIZ.,roof,1,1,0,0,0,detail,0,,1318881322
Dubleks|En Üst Kat|Çatı Dubleksi,GAZİLER MAHALLESİNİN EN PRESTİJLİ KONUMUNDA SATILIK 3+1 DUBLEKS,roof,1,1,0,0,0,detail_and_title,0,title_generic_confirms_detail_subtype,1324390347
,MERTALP GAYRİMENKULDEN KAÇIRILMAYACAK FIRSAT,none,0,0,0,0,0,none,0,,1330400426
,beylikbagi merkezde 3+1,none,0,0,0,0,0,none,0,,1305204807
Ara Kat,Gebze merkez de satılık geniş 3+1 daire,none,0,0,0,0,0,none,0,,1313010449
Ara Kat,GEBZE MİLLET BAHÇESİNE YAKIN SATILIK 150 M2 ARA KAT DAİRE,none,0,0,0,0,0,none,0,,1330338070
Dubleks,GEBZE ARAPÇEŞME MAH. 200 m² ACİL SATILIK DUBLEKS DAİRE,standard,1,0,0,0,1,detail_and_title,0,,1324332572
Dubleks,sabibinden satılık 4+1 dublex daire,standard,1,0,0,0,1,detail_and_title,0,,1330225687
Ara Kat,GEBZE ÇARŞIDA CADDE ÜZERİNDE ASANSÖRLÜ 2+1 SATILIK DAİRE,none,0,0,0,0,0,none,0,,1330149934
Ara Kat,GEBZE İNÖNÜ MAH SATILIK 2+1 SIFIR ARAKAT DAİRE,none,0,0,0,0,0,none,0,,1313466252
,BARIŞ MAHALLESİ SATILIK DENİZ MANZARALI 4+1 DUBLEKS,standard,1,0,0,0,1,title,0,,1330122832
,GEBZE AKSE SAPAĞINDA GÜZELLER MAHALLESİNDE SATILIK 3+1 DAİRE,none,0,0,0,0,0,none,0,,1330118365
Ara Kat,"Arapçeşme'de Yatırımlık 2+1 Daire (65m², Kiracılı)",none,0,0,0,0,0,none,0,,1330105742
Ara Kat,TAPU MASRAFSIZ ADLİYEYE YAKIN SATILIK 2+1 ULTRA LÜKS ARAKAT,none,0,0,0,0,0,none,0,,1330283437
,ADVANCE DEN ÇAYIROVA ADEM YAVUZ DA SATILIK 4+1 DUBLEKS DAİRE,standard,1,0,0,0,1,title,0,,1318265912
Dubleks,Tayin Nedeni ile Acil. !! Özel Tasarım Geniş ve Ferah Dubleks,standard,1,0,0,0,1,detail_and_title,0,,1312951175
Ara Kat,ADEM YAVUZ MAHALLESİ ASANSÖRLÜ SATILIK 2+1 SIFIR FERAH DAİRE,none,0,0,0,0,0,none,0,,1329910021
En Üst Kat,Gebze cumhuriyet mahallesi satılık 3+1 daire,none,0,0,0,0,0,none,0,,1323965059
Ara Kat,FIRSAT...BARIŞ MAH 2. KAT - AÇIK& KAPALI OTOPARKLI 2+1 DAİRE,none,0,0,0,0,0,none,0,,1307059717
Ara Kat,ADEM YAVUZ MAH.SİTE İÇERSİNDE KREDİ SIKINTI OLMAYAN FIRSAT DAİRE,none,0,0,0,0,0,none,0,,1323892765
Dubleks|Çatı Dubleksi,Sahibinden Kredi Limiti Yok,roof,1,1,0,0,0,detail,0,,1329844044
Ara Kat,KOCAELİ GEBZE BEŞEVLER MAH SATILIK 2+1 DAİRE,none,0,0,0,0,0,none,0,,1315677929
Ters Dubleks,Gebze İnönü'nde Satılık 2+1 Ters Dubleks Daire,standard,1,0,0,0,1,detail_and_title,0,,1276823944
,ESKİHİSAR SAHİLE YAKIN 2+1 ASANSÖRLÜ 115 M2 ÇATI DUBLEKS,roof,1,1,0,0,0,title,0,,1296622578
Ara Kat,GEBZE İNÖNÜ MAH SATILIK BÜYÜK TİP 2+1 SIFIR ARAKAT DAİRE,none,0,0,0,0,0,none,0,,1313464406
,GEBZE YILDIZ EVLERİ SATILIK GENİŞ ÜST DUBLEKS,standard,1,0,0,0,1,title,0,,1329625206
Dubleks|Çatı Dubleksi,DENİZ MANZARALI 4+1 ASANSÖRLÜ OTOPARKLI NEZİH DUBLEKS,roof,1,1,0,0,0,detail_and_title,0,title_generic_confirms_detail_subtype,1320575640
,SAREV YAPI GAYRİMENKUL DEN SATILIK KAT MÜLKİYETLİ 3+1 DUBLEKS,standard,1,0,0,0,1,title,0,,1318045416
Dubleks|En Üst Kat,MC DONALDS E-5 MEVKİ SATILIK DUBLEKS DAİRE,standard,1,0,0,0,1,detail_and_title,0,,1323607563
Dubleks,ACİL FİYAT DÜŞTÜ...SAHİBİNDEN.. SATILIK 4 +2 DUBLEX DAIRE,standard,1,0,0,0,1,detail_and_title,0,,1316753923
Ara Kat,"Hürriyet Mahallesinde Lüks, Geniş ve Ferah 3+1",none,0,0,0,0,0,none,0,,1330253045
Ara Kat,GEBZE BARIŞ MAHALLESI'NDE 3+1 SATILIK FERAH DAIRE,none,0,0,0,0,0,none,0,,1329399164
,İNÖNÜ EŞREF BİTLİS PARKI YANI 3+1 YÜKSEK GİRİŞ İSKANLI,none,0,0,0,0,0,none,0,,1291899012
,Gebze Gaziler'de Lüks 3+1 Giriş Kat Daire,none,0,0,0,0,0,none,0,,1311758324
,GEBZE CUMHURİYET MAH 10 YILLIK GENÇ BİNADA 2+1 SATILIK DAİRE,none,0,0,0,0,0,none,0,,1318038780
,ACİL KISA SÜRELİĞİNE BARIŞ MH 2+1 SATILIK DAİRE,none,0,0,0,0,0,none,0,,1329265153
Dubleks,GEBZE ARAPÇEŞME'DE NET 150m2 TERASLI DUBLEKS SATILIK 3+1 DAİRE,standard,1,0,0,0,1,detail_and_title,0,,1303066399
,GEBZE CUMHURİYET MAH . 2220/1 SOK. YÜKSEK GİRİŞ SATLIK 3+1 DAİRE,none,0,0,0,0,0,none,0,,1329632645
Dubleks,"GEBZE BARIŞ MAHALLESİNDE KONFORLU, MANZARALI 3+1 DUBLEKS DAİRE",standard,1,0,0,0,1,detail_and_title,0,,1307726011
Ara Kat,ADEM YAVUZ MH. EMINEVIM UYGUN ASANSÖRLÜ 2+1 ARAKAT,none,0,0,0,0,0,none,0,,1317680438
,SATILIK 1+1 DAİRE,none,0,0,0,0,0,none,0,,1309633115
,MERKEZİ KONUM BELEDİYE YAKINI 2+1 ANKASTRELİ ASANSÖRLÜ DAİRE,none,0,0,0,0,0,none,0,,1329384608
Ara Kat,GEBZE MERKEZİ KONUM/BELEDİYE&MEDİCAL P. YÜRÜME/SATILIK 2+1 DAİRE,none,0,0,0,0,0,none,0,,1287353912
Ara Kat,"Barış Mah. Deniz Manzaralı, Ebeveyn Banyo 3+1 Daire",none,0,0,0,0,0,none,0,,1315235082
Dubleks|En Üst Kat|Ara Kat Dubleks|Bahçe Dubleksi|Çatı Dubleksi|Forleks|Ters Dubleks|Tripleks,Gebze Cumhuriyet Mah'de Geniş 3+1 Satılık Dubleks Daire,roof,1,1,0,0,0,detail_and_title,0,title_generic_confirms_detail_subtype,1318400331
,GEBZE GAZİLER MH.MUTLUKENT KOMŞU ULTRA LÜX 3+1,none,0,0,0,0,0,none,0,,1313229521
Çatı Dubleksi,Ademyavuz kapalı Pazar'a yakın satılık 4 + 1 üst dubleks,roof,1,1,0,0,0,detail_and_title,0,title_generic_confirms_detail_subtype,1328994519
Çatı Dubleksi,GEBZE MİLLET BAHÇESİ YAKIN 3+1 ASANS.12 YAŞ SINIRSIZ KREDİ DUBLE,roof,1,1,0,0,0,detail,0,,1169320360
,GEBZE BARIŞ MAHALLESİ 2+1 YÜKSEK GİRİŞ OTOPARKLI SATILIK DAİRE,none,0,0,0,0,0,none,0,,1314923896
,ÇELEBİOGLU'NDAN GEBZE GAZİLER MAH. 2+1 YÜKSEK GİRİŞ,none,0,0,0,0,0,none,0,,1329230881
Ara Kat,BARIŞ MAH. LÜKS ARAKAT SATILIK DAİRE,none,0,0,0,0,0,none,0,,1291428645
Çatı Dubleksi,BARIŞ MAH.DE SINIRSIZ KREDİ İMKANIYLA SATILIK ÇATI DUBLEKS,roof,1,1,0,0,0,detail_and_title,0,,1322862507
Dubleks|En Üst Kat|Çatı Dubleksi,HACIHALİLDE YENİ BAĞDAT CAD.CEPHELİ 220m² TERASLI 4+1 DUBLEKS,roof,1,1,0,0,0,detail_and_title,0,title_generic_confirms_detail_subtype,1328571618
Ara Kat,İNŞAAT FİRMASINDAN TÜM ODALARI DENİZ MANZARALI 3+1,none,0,0,0,0,0,none,0,,1317783165
Ara Kat,"Gebze Barış Mah. Satılık 3+1 Daire (95m², Balkonlu)",none,0,0,0,0,0,none,0,,1305029224
Dubleks,"ÇAYIROVA'DA MERKEZİ KONUMDA, ULAŞIMA YAKIN SATILIK 5+1 DUBLEKS",standard,1,0,0,0,1,detail_and_title,0,,1328493078
Ara Kat,sahibinden 4 yılık bina oturuma hazır DAİREYE ÖZEL KAPALI OTOPAK,none,0,0,0,0,0,none,0,,1328419462
,GEBZE BARIŞ MAH SATILIK ASANSÖRLÜ ARA KAT DAİRE,none,0,0,0,0,0,none,0,,1322520567
,Sahibinden satılık Daire,none,0,0,0,0,0,none,0,,1328377501
Çatı Dubleksi,ADEM YAVUZ KAPALI PAZAR YAKINI ACİL SATILIK 5+1 DUBLEKS DAİRE,roof,1,1,0,0,0,detail_and_title,0,title_generic_confirms_detail_subtype,1328766395
Ara Kat,BİRİKİM'den BARIŞ MAH KAPALI OTOPARKLI 2+1 ARAKAT,none,0,0,0,0,0,none,0,,1313987348
,İNŞAAT FİRMASINDAN LÜKS DUBLEKS KAPALI OTOPARK-ALTTAN ISITMA,standard,1,0,0,0,1,title,0,,1317978377
Ara Kat,GEBZE EFEM KONUTLARINDA SATILIK 1+1 FIRSAT DAİRE,none,0,0,0,0,0,none,0,,1315218336
Ara Kat,GAZİLER ÜLKEM OKULU YANI 3+1 SIFIR ARA KAT BALKONLU FIRSAT DAİRE,none,0,0,0,0,0,none,0,,1321751768
,GEBZE ARAPÇEŞME MAH NAMIK KEMAL CADDESİNDE 2+1 SATILIK DAİRE,none,0,0,0,0,0,none,0,,1301245021
,GEBZE CUMHURİYET MAH. KUPON DAİRE,none,0,0,0,0,0,none,0,,1328041337
Dubleks|En Üst Kat|Ara Kat|Ara Kat Dubleks|Bahçe Dubleksi|Çatı Dubleksi|Forleks|Ters Dubleks|Tripleks,Adem Yavuz Mah'de Kapalı Pazara Yakın Geniş 2+1 Daire,roof,1,1,0,0,0,detail,0,,1328276165
Ara Kat,KATILIM ŞİRKETLERİNE UYGUN Kavak Cad. ÜZERİ 3.KAT 2+1 ASANSÖRLÜ,none,0,0,0,0,0,none,0,,1316464045
,GEBZE GAZİLER MH.MUTLUKENT KOMŞU ULTRA LÜX ÜST DUBLEX ASANSÖRLÜ,standard,1,0,0,0,1,title,0,,1313228348
Ara Kat,YILDIZKENT SİTESİNDE SATILIK ARAKAT FIRSATI,none,0,0,0,0,0,none,0,,1327694710
Ara Kat,YÜKSEK KREDİLİ BARIŞ MH. SATILIK 3+1 SIFIR İSKANLI ARAKAT,none,0,0,0,0,0,none,0,,1327800364
,Arapçeşmede Emin Evim vb Kuruluşlara Uygun Satılık Giriş Daire,none,0,0,0,0,0,none,0,,1321593653
,ERA JOY GEBZE BELEDİYESİNE YAKIN FIRSAT 1+1 İŞYERİ,none,0,0,0,0,0,none,0,,1193260457
,GEBZE ARAPÇEŞME SATILIK SIFIR LÜX 4+1 DUBLEKS DAİRE,standard,1,0,0,0,1,title,0,,1327575918
Ara Kat,GEBZE GÜZELLER MAH SATILIK 2 + 1 ARA KAT BELEDIYE 200 METRE,none,0,0,0,0,0,none,0,,1327558564
Ters Dubleks,GEBZE CUMHURİYET MAH. EBEVEYN BANYOLU SIFIR 3+1 TERS DUBLEKS,standard,1,0,0,0,1,detail_and_title,0,,1322138196
,İNÖNÜ MAH 3+1 ÖN CEPHE İSKANLI 120M² ÇİFT BALKONLU KAÇIRILMAZ,none,0,0,0,0,0,none,0,,1327263212
Ara Kat,Gebzenin Nezih Bölgesinde Harika Lokasyonda Satılık Lüks Daire,none,0,0,0,0,0,none,0,,1315875342
Çatı Dubleksi,ENBİRDEN CADDE ÜZERİ BUTİK SİTE İÇERİSİNDE GENİŞ DUBLEKS DAİRE,roof,1,1,0,0,0,detail_and_title,0,title_generic_confirms_detail_subtype,1327511519
Bahçe Dubleksi,KURUMSAL OFFİCE'DEN SATILIK 80 M2 DÜKKAN- 90M2 DAİRE 7.500.000,garden,1,0,1,0,0,detail,0,,1296075934
,4+1 DUBLEKS DAİRE,standard,1,0,0,0,1,title,0,,1326803854
,sahibinden modern ve bakımlı daire2+1 daire,none,0,0,0,0,0,none,0,,1326488179
,"WERA,DAN GEBZE GAZİLERE 2+1 SATLIK LÜX ARAKAT",none,0,0,0,0,0,none,0,,1326451380
,Sahibinden satılık ev,none,0,0,0,0,0,none,0,,1326265399
Dubleks|Çatı Dubleksi,ESKİHİSAR CADDESİ YAKINI 4+1 200 M² DENİZ MANZARALI ÇATI DUBLEKS,roof,1,1,0,0,0,detail_and_title,0,,1320150143
Ara Kat,ACİLL FİYAT DÜŞTÜ!!! VADİYE YAKIN SATILIK 3+1 ARAKAT DAİRE,none,0,0,0,0,0,none,0,,1326185331
Ara Kat,BARIŞ MAHALLESİ TÜNELÜSTÜ MEVKİNDE SATILIK GENİŞ DAİRE,none,0,0,0,0,0,none,0,,1315316111
Çatı Dubleksi,GEBZE BARIŞ MAH. FULL DENİZ MANZARALI ULTRA LÜKS DUBLEKS DAİRE,roof,1,1,0,0,0,detail_and_title,0,title_generic_confirms_detail_subtype,1321127365
Ara Kat,GEBZE MERKEZDE SATILIK 3+1 GENİŞ DAİRE,none,0,0,0,0,0,none,0,,1326221097
,EGE GAYRİMENKUL SATILIK 3+1 DAİRE BARIŞ MAHALLESİ,none,0,0,0,0,0,none,0,,1319645968
Dubleks,Kocaeli Gebze Barış Mahallesi'nde deniz manzaralı lüks dubleks,standard,1,0,0,0,1,detail_and_title,0,,1302026835
,GEBZE BARIŞ MH.KATILIM FİNANS FİRMALARINA UYGUN ARAKAT 2+1,none,0,0,0,0,0,none,0,,1320078804
,EMLAK & EMLAK BARIŞ MAH. SATILIK 2+1 SIFIR ARAKAT DAİRE,none,0,0,0,0,0,none,0,,1319902093
Dubleks|En Üst Kat,MUSTAFAPAŞA MH YÜKSEK KREDİLİ SATILIK TERASLI 4.5+1 ÜST DUBLEX,standard,1,0,0,0,1,detail_and_title,0,,1297851989
,"Gebze Satılık 3+1 Daire - Faizsiz Finansmana Uygun, Teraslı!",none,0,0,0,0,0,none,0,,1318193348
,MUSTAFA PAŞA MAHALLESİ 75 M2 2+1 SATILIK DAİRE,none,0,0,0,0,0,none,0,,1325392731
,BİZİM EMLAK'TAN İSKANLI CADDE ÜZERİ SATILIK 2+1 BAHÇE DUBLEX,garden,1,0,1,0,0,title,0,,1314611151
,Gebze Emlak Konutları 3. Etap'ta Boş Geniş Bahçeli Dubleks Daire,garden,1,0,1,0,0,title,0,,1308111275
Çatı Dubleksi,"KOCAELİ GEBZE 3,5+1 GENİŞ TERASLI ASANSÖRLÜ ÇATI DUBLEKS",roof,1,1,0,0,0,detail_and_title,0,,1331650955
Dubleks,GEBZE MUSTAFAPAŞA MAHALLESİNDE 4+1 DUBLEKS SATILIK DAİRE,standard,1,0,0,0,1,detail_and_title,0,,1319475601
Ara Kat,KOCAELİ GEBZE KİRAZPINAR MAHALLESİ 5784 ADA 3+1 EMLAK KONUTLARI,none,0,0,0,0,0,none,0,,1319493832
Ara Kat,Köşklü Çeşme satılık daire,none,0,0,0,0,0,none,0,,1314401778
,Mustafa Paşa mah,none,0,0,0,0,0,none,0,,1331849200
En Üst Kat,SATILIK 5+1 KAÇIRILMAYACAK FİYAT AVANTAJIYLA KİRAZPINAR 2. ETAP,none,0,0,0,0,0,none,0,,1331604706
Ara Kat,TEK FİYAT ÇİFT TAPU | GEBZE MERKEZ'DE 240 m² SATILIK 4+2 DAİRE,none,0,0,0,0,0,none,0,,1328676867
Ara Kat,GEBZE MİMARSİNAN MAH. MERKEZİ KONUMLU 3+1 ÖN CEPHE ARAKAT DAİRE,none,0,0,0,0,0,none,0,,1331373465
,Gebze Mimar Sinan mahallesi Piri Reis Caddesi Satılık Daire,none,0,0,0,0,0,none,0,,1331422192
Ara Kat,KÖŞKLÜÇEŞMEDE EMLAKBANK KONUTLARINDA SATILIK 3+1 GENİŞ DAİRE,none,0,0,0,0,0,none,0,,1317279917
,İSTASYN MH MARMARAY YAKINI 2+1 130 M2 ÇATI DUBLEXİ,roof,1,1,0,0,0,title,0,,1318477040
Ara Kat,Köşklü Çeşme Mahallesi Nur Osmaniye Camii Yanı,none,0,0,0,0,0,none,0,,1301229689
,Fırsat daire ! Gebze Marmaray yanı 2+1 90 m2 iskanlı,none,0,0,0,0,0,none,0,,1322344610
,EMLAK&EMLAK MİMAR SİNAN MAHALLESİ SATILIK 4+1 DUBLEKS DAİRE,standard,1,0,0,0,1,title,0,,1325350319
,MUSTAFA PAŞA MAH. 3+1 DUBLEX (daire takasına açık ),standard,1,0,0,0,1,title,0,,1289800691
Dubleks|En Üst Kat|Ara Kat|Ara Kat Dubleks|Bahçe Dubleksi|Çatı Dubleksi|Forleks|Ters Dubleks|Tripleks,Mimarsinan Mah Ferah Geniş M2'li Deniz Manzaralı 4+2 Dubleks,roof,1,1,0,0,0,detail_and_title,0,title_generic_confirms_detail_subtype,1312277168
,MAHAL YAPI GAYRİMENKUL'DEN FIRSAT 2+1 DAİRE!!!!!!!!!!!!!,none,0,0,0,0,0,none,0,,1325018399
Ara Kat,GEBZE EMLAK KONUTLARI LÜX YENİLENMİŞ SATILIK 3+1 DAİRE,none,0,0,0,0,0,none,0,,1331088551
Dubleks,ACİL SATILIK! KREDİYE UYGUN KÖŞKLÜÇ.DE 4+1 TERASLI SATILIK DAİRE,standard,1,0,0,0,1,detail,0,,1299636557
,"Sahibinden ""Acil"" Gebzede Satılık Daire",none,0,0,0,0,0,none,0,,1323567894
Ara Kat,"Gebze Mevlana'da Satılık 2+1 Daire (2020 Yapım, İskanlı)",none,0,0,0,0,0,none,0,,1321367288
Dubleks,GEBZE ESKİHİSAR'DA SATILIK DUBLEKS DAİRE,standard,1,0,0,0,1,detail_and_title,0,,1324197608
Ara Kat,İSTASYON MAH'DE SATILIK 2+1 90 M2 E'5 e YÜRÜME MESAFESİNDE,none,0,0,0,0,0,none,0,,1325010583
,Mustafapaşa Paşa Konaklarında 4+1 - Yeni -,none,0,0,0,0,0,none,0,,1294680432
Ara Kat,TOKİ KİRAZPINAR 2.ETAPTA SATILIK 2+1 DAİRE,none,0,0,0,0,0,none,0,,1330954784
,GEBZE ESKİHİSARDA DENİZ MANZARALI SATILIK LÜX GENİŞ DUBLEX DAİRE,standard,1,0,0,0,1,title,0,,1316579547
Ara Kat,MERKEZ EMLÂK ARMAĞAN'DAN 2+1 2.KAT 90M² (0)DAİRE KAPALI OTOPARK,none,0,0,0,0,0,none,0,,1324906821
,HARİKA KONUM LOKASYON 75 M2 3.KAT 2+1,none,0,0,0,0,0,none,0,,1330647804
Ara Kat,"SICAK VE SAMİMİ BİR YUVA,UMUT VE HUZUR BİR ARADA HER YERE 15 DK",none,0,0,0,0,0,none,0,,1330863283
Dubleks,GALYA' DAN TAPU MASRAFSIZ 4+1 SATILIK DUBLEKS,standard,1,0,0,0,1,detail_and_title,0,,1324578975
Ara Kat,GEBZE MERKEZİ KONUMDA 2+1 ŞAHANE ARAKAT FIRSATI,none,0,0,0,0,0,none,0,,1324755482
,KÖŞKLÜÇEŞME MH 3+1 SATILIK ARAKAT DAİRE ASANSÖR VE K.OTOPARKLI,none,0,0,0,0,0,none,0,,1320346247
,ACİLL MİMAR SİNAN CAD. ÜZERİ İSKANLI 2+1,none,0,0,0,0,0,none,0,,1316403411
,GEBZE 2+1 MİMAR SİNAN MAHALLESİ SAHİBİNDEN SATILIK DAİRE,none,0,0,0,0,0,none,0,,1330788435
,GEBZE MEVLANA MAH ADLİYE YANI SATILIK 2+1 DAİRE,none,0,0,0,0,0,none,0,,1330463669
Ara Kat,MARMARAY'A YÜRÜME MESAFESİNDE LÜKS 2+1 BALKONLU ARAKAT,none,0,0,0,0,0,none,0,,1327526746
,GEBZE EMLAK KONUTLARI 2.ETAP'TA SATILIK KREDİYE UYGUN 2+1,none,0,0,0,0,0,none,0,,1307445718
,MUSTAFAPAŞA MAH. KATILIM FİNANSA UYGUN 3+1 GENİŞ DUBLEKS DAİRE,standard,1,0,0,0,1,title,0,,1324330369
Ara Kat,GEBZE EMLAK KONUTLARI 3. ETAP A BLOK SATILIK 3+1 DAİRE,none,0,0,0,0,0,none,0,,1322788040
,DESTAN EMLAK'TAN KÖŞKLÜÇEŞME'DE 3+1 SATILIK DUBLEKS DAİRE,standard,1,0,0,0,1,title,0,,1291935259
Ara Kat,SATILIK 2+1 DAİRE GEBZE KİRAZPINAR EMLAK KONUTLARI 2. ETAPTA,none,0,0,0,0,0,none,0,,1330535438
,Toki 1. Etap Satılık 2+1 Daire,none,0,0,0,0,0,none,0,,1323929008
,Gebze Köşklü Çeşme Doktorkent Sitesi'nde İçi Yenilenmiş 2+1,none,0,0,0,0,0,none,0,,1320708164
Dubleks,Mimar Sinan Mahallesi 4+1 Dublex (Sahibinden),standard,1,0,0,0,1,detail_and_title,0,,1329956064
Ara Kat,GEBZE KİRAZPINAR EMLAK KONUT 2 5784 ADA 3+1 SATILIK,none,0,0,0,0,0,none,0,,1330095805
Ara Kat,Mustafapaşa Mahallesinde Servis Güzergahına Yakın Satılık 4+1,none,0,0,0,0,0,none,0,,1304000092
Dubleks|En Üst Kat|Çatı Dubleksi,ŞHT.YILMAZ ARGON CAD. 5+1 DUBLEKS DAİRE,roof,1,1,0,0,0,detail_and_title,0,title_generic_confirms_detail_subtype,1292886381
Dubleks|En Üst Kat|Ara Kat|Çatı Dubleksi,ÖZ-KA GÜL DEN GEBZE MUSTAFAPAŞA MAH. 3 + 1 DUBLEKS SATILIK DAİRE,roof,1,1,0,0,0,detail_and_title,0,title_generic_confirms_detail_subtype,1312647512
,Gebze Mustafa Paşa'da Satılık Lüks 4+1 Dubleks Daire,standard,1,0,0,0,1,title,0,,1320575773
Ara Kat,GEBZE İSTASYON MAHALLESİNDE 3+1 YÜKSEK GİRİŞ SATILIK DAİRE,none,0,0,0,0,0,none,0,,1329419012
Ara Kat,EMLAK KONUT 3. ETAP OTURUMA HAZIR 2+1 SATILIK DAİRE | YILDIZLAR,none,0,0,0,0,0,none,0,,1308379364
Dubleks|En Üst Kat,Köşklü çeşme mahallesi acıl satılık daire,standard,1,0,0,0,1,detail,0,,1317345740
Dubleks|Ara Kat,WERA'DAN 6+1 ASANSÖRLÜ SATILIK ÜST DUBLEKS DAİRE,standard,1,0,0,0,1,detail_and_title,0,,1329266943
,Kiraz Pınar TOKİ'de 2+1 temiz daire,none,0,0,0,0,0,none,0,,1257466385
Dubleks|En Üst Kat|Ara Kat,GEBZE İSTASYON MH. 5+2 DENİZ MANZARALI 250M² SATILK DUBLEX DAİRE,standard,1,0,0,0,1,detail_and_title,0,,1312323626
,Gebze Mimarsinan Mahallesi Marmaraya yakın 2+1 Daire,none,0,0,0,0,0,none,0,,1314916647
Ara Kat,Gebze Köşkülçeşme'de Satılık 3+1 Daire,none,0,0,0,0,0,none,0,,1323196732
,SAHİBİNDEN GEBZE OSMAN YILMAZ MAH. SAHİBİNDEN SİTE İÇİNDE 2+1,none,0,0,0,0,0,none,0,,1329031384
Çatı Dubleksi,"EMİNEVİM,KATILIMEVİM UYGUN GÜZEL LOKASYONDA 5+1 DUBLEKS",roof,1,1,0,0,0,detail_and_title,0,title_generic_confirms_detail_subtype,1301780907
,köşklüçeşme 3+1 yüksek giriş lüks daire,none,0,0,0,0,0,none,0,,1329008136
,Muhteşem Bahçeli 3+1 büyük odaları cadde üzerinde sahibinden,none,0,0,0,0,0,none,0,,1328769610
,ACİLL! TOKİ 1 KONUTLARINDA 135M2 3+1 SAHİBİNDEN DAİRE,none,0,0,0,0,0,none,0,,1328960718
Ara Kat,MUSTAFA PAŞA CADDE ÜZERİ 3+1 SINIRSIZ KREDİ ASANS.İSKANLI SIFIR,none,0,0,0,0,0,none,0,,1282808272
Ara Kat,DOĞA MANZARALI FIRSAT 2+1 SATILIK DAİRE,none,0,0,0,0,0,none,0,,1328891235
,Bahçeli nezih site,none,0,0,0,0,0,none,0,,1324273811
Ara Kat,GEBZE EMLAK KONUTLARI 3. ETAP C BLOK SATILIK 4+1 DAİRE,none,0,0,0,0,0,none,0,,1329708068
Ara Kat,Cadde üstü kapalı otopark asansör lü,none,0,0,0,0,0,none,0,,1329487131
Ara Kat,MEVLANA MAH KREDİYE UYGUN SATIIK DAİRELERİMİZ MEVCUT,none,0,0,0,0,0,none,0,,1322741983
Dubleks|En Üst Kat|Çatı Dubleksi,Satılık Dubleks - Geniş ve Ferah Teraslı,roof,1,1,0,0,0,detail_and_title,0,title_generic_confirms_detail_subtype,1328558039
Dubleks,*İSKANLI*ASANSÖRLÜ*GEBZE MİMARSİNAN MAH. 4+1 DUBLEKS DAİRE,standard,1,0,0,0,1,detail_and_title,0,,1305677885
,MUSTAFA PAŞA MEVLANA MAH ÜST DUBLEKS 2 + 1 SATILIK SIFIR DAIRE,standard,1,0,0,0,1,title,0,,1328286119
Ara Kat,KAÇIRILMAYACAK FIRSAT! 6 YILLIK BİNADA GÜNEY CEPHE 2+1 DAİRE,none,0,0,0,0,0,none,0,,1328650264
,İSKANLI KOMBİLİ KÖŞKLÜ ÇEŞME PARKINA YAKIN 140 M2 2+1 DUBLEX,standard,1,0,0,0,1,title,0,,1321312706
Çatı Dubleksi,Sahibinden Satılık Dubleks,roof,1,1,0,0,0,detail_and_title,0,title_generic_confirms_detail_subtype,1258622355
Dubleks,GEBZE İSTASYON MERKEZDE PRESTİJLİ 3+1 DUBLEKS,standard,1,0,0,0,1,detail_and_title,0,,1322514655
Ara Kat,MUSTAFAPAŞA'DA MERKEZİ KONUMDA 2+1 ARA KAT YATIRIMIN YENİ ADRESİ,none,0,0,0,0,0,none,0,,1321983246
Ara Kat,MİMARSİNANDA SATILIK İSKANLI 2+1 100M2 MÜKEMMEL ARA KAT DAİRE,none,0,0,0,0,0,none,0,,1105022193
,ESKİ CUMA PAZARINA VE MAMİKLER KÜNEFE'YE ÇOK YAKN 2+1 İKİNCİ KAT,none,0,0,0,0,0,none,0,,1297130348
Ara Kat,Gebze KartalCity Güzel Koru'da Satılık 3+1 Daire-Kredi İmkanı,none,0,0,0,0,0,none,0,,1321944986
,GEBZE MİMARSİNAN MAH SATILIK 2+1 GİRİŞ KAT,none,0,0,0,0,0,none,0,,1315781447
,GEBZE KÖŞKLÜÇEŞME MAH. FERAH VE KULLANIŞLI 2+1 SATILIK DAİRE,none,0,0,0,0,0,none,0,,1327326905
,Beylikbagi Mimar Sinan camii yanında satilik daire,none,0,0,0,0,0,none,0,,1320320509
En Üst Kat,GEBZE BAĞDAT CADDESİ ÜZERİ ÖN CEPHE SATILIK 3+1 DAİRE,none,0,0,0,0,0,none,0,,1298423062
,Zera' dan Gebze İstasyon Mahallesinde Satılık Daire,none,0,0,0,0,0,none,0,,1297833084
Ara Kat,KOZAKENT SİTESİ İÇERİSİNDE SAHİBİNDEN SATILIK 2+1 DAİRE,none,0,0,0,0,0,none,0,,1311009665
,ELEGANCE GYD'EN MARMARAY'A YAKIN LÜKS GENİŞ 3+1 TERS DUBLEKS,standard,1,0,0,0,1,title,0,,1327201300
,MAMİKLER KÜNEFE ARKASI YENİ BAĞDAT CADD. YAKIN 2+1 95 M2 DAİRE,none,0,0,0,0,0,none,0,,1321792155
,KATILIM EVLERE UYGUN GEBZE İSTASYON MAH. 2+1 BAHÇE KATI,none,0,0,0,0,0,none,0,,1327115261
Dubleks|En Üst Kat|Ara Kat|Ara Kat Dubleks|Bahçe Dubleksi|Çatı Dubleksi|Forleks|Ters Dubleks|Tripleks,Mevlana Mah Ferah Arakat Balkonlu 2+1 Temiz Satılık Daire,roof,1,1,0,0,0,detail,0,,1316476323
,GEBZE ISTASYONUNDA 2+1 ONU ACIK BAHÇE KATI,none,0,0,0,0,0,none,0,,1326967651
,Satılık 2+1 daire geniş ara kat,none,0,0,0,0,0,none,0,,1326923702
Dubleks|En Üst Kat|Ara Kat Dubleks|Bahçe Dubleksi|Çatı Dubleksi|Forleks|Ters Dubleks|Tripleks,İstasyon Mah Marmaraya'3 DK Bahçe Dubleksi 4+1 Satılık Daire,roof,1,1,0,0,0,conflict_detail_wins,1,conflict detail=roof title=garden,1310308874
Dubleks|En Üst Kat,Köşklü Çeşme mahallesinde satılık 4+2 dubleks daire,standard,1,0,0,0,1,detail_and_title,0,,1326880761
,Sahibinden Satılık Arakat Daire,none,0,0,0,0,0,none,0,,1326775992
,ASAF GAYRİMENKULDEN FİNANS FİRMALARINA UYGUN 2+1 DAİRE,none,0,0,0,0,0,none,0,,1326775691
Bahçe Dubleksi,Sahibinden kupon daire bahçe dubleks,garden,1,0,1,0,0,detail_and_title,0,,1307769909
,Halk Bankası'ndan Kocaeli Gebze Satılık Konut,none,0,0,0,0,0,none,0,,1310133598
Ara Kat,GEBZE EMLAK KONUT 3.ETAP A1 BLOK ARA KAT SATILIK DAİRE!!,none,0,0,0,0,0,none,0,,1328256222
,GEBZE YENİ TOKİ KONUTLARI SATILIK 2+1,none,0,0,0,0,0,none,0,,1315777839
,SATILIK DAİRE 2+1 GİRİŞKAT,none,0,0,0,0,0,none,0,,1315120480
,ASAF GAYRİMENKULDEN ASANSÖRLÜ TERASLI 4+1 SIFIR DUBLEKS,standard,1,0,0,0,1,title,0,,1326675787
Ara Kat,GEBZE ESKİHİSAR MAH. ESKİSAR CAD. YANIBAŞINDA SATILIK DAİRE,none,0,0,0,0,0,none,0,,1326670816
Ara Kat,MİMARSİNAN MAH.SATILIK İSKANLI EMİN EVİM UYGUN 2+1 ARAKAT DAİRE,none,0,0,0,0,0,none,0,,1309242344
Dubleks|Çatı Dubleksi,GEBZE MARMARAY SAHİL YAKINI 5+1 225 m2 ASANSÖRLÜ LÜX DUBLEKS,roof,1,1,0,0,0,detail_and_title,0,title_generic_confirms_detail_subtype,1326227740
Forleks,SAHİBİNDEN MERKEZİ KONUMDA 2+1 GİRİŞ KAT DAİRE,none,0,0,0,0,0,none,0,,1315821103
,GEBZE MEVLANA MAH. FIRSAT ARSA TAPULU 1+1 SATILIK DAİRE,none,0,0,0,0,0,none,0,,1303770387
Dubleks|En Üst Kat,GEBZE K.ÇEŞME MAH.SATILIK İKİ DAİREYE DÖNÜŞTÜRÜLEBİLİR DUBLEX,standard,1,0,0,0,1,detail_and_title,0,,1308056306
Ara Kat,GEBZE EMLAK KONUT 3.ETAP A2 BLOKTA 3+1 SATILIK DAİRE!,none,0,0,0,0,0,none,0,,1326267613
,GEBZE OSMAN YILMAZ 2+1 SATILIK DAİRE KREDİYE UYGUN,none,0,0,0,0,0,none,0,,1325186541
,SAHİBİNDEN SATILIK MERKEZİ LOKASYONDA DAİRE,none,0,0,0,0,0,none,0,,1331916432
,GEBZE YENİKENT MERKEZ'DE SATILIK LÜKS 3+1 BAHÇE DUBLEKSİ,garden,1,0,1,0,0,title,0,,1331807121
Ara Kat,TATLIKUYU VADİPARK SİTESİ 4.KAT,none,0,0,0,0,0,none,0,,1325731644
Ara Kat,GEBZE OSMAN YILMAZ BALABAN SİTESİ' NDE 3+1 ARAKAT DAİRE,none,0,0,0,0,0,none,0,,1331783567
,RENS'TEN TATLIKUYUDA 150 M² DUBLEKS SATILIK DAİRE,standard,1,0,0,0,1,title,0,,1331782004
,TATLIKUYU MAH LÜXS DENİZ MANZARALI SATILIK 4+1 DUBLEX DAİRE,standard,1,0,0,0,1,title,0,,1331769861
Ara Kat,KAÇIRILMAYACAK 2+1 DAİRE FIRSATI,none,0,0,0,0,0,none,0,,1328897364
,Gebze Tatlı Kuyuda Çarşıya Yakın 3+1 Satılık Daire,none,0,0,0,0,0,none,0,,1331717257
Ara Kat,Gebze Yenikent'te Satılık 2+1 Daire: 105m² Metro Yakını,none,0,0,0,0,0,none,0,,1325896617
,GEBZE OSMAN YILMAZ MAH. 230m2 LÜX DUBLEX SATILIK DAİRE,standard,1,0,0,0,1,title,0,,1270617239
,GEBZE OSMANYILMAZ MAHALLESİNDE SATILIK 2+1 YÜKSEK GİRİŞ DAİRE,none,0,0,0,0,0,none,0,,1325696244
Ara Kat,Gebze Tatlıkuyu da satılık 3+1 daire,none,0,0,0,0,0,none,0,,1311658695
,Gebze Tatlıkuyu Mh. Bahçe Katı 2+1 Satılık Daire,none,0,0,0,0,0,none,0,,1314239140
,A.PEMBEGÜLLÜ BULVARINDA 300m2 5+1,none,0,0,0,0,0,none,0,,1331456220
,"Mutlukent'te Satılık 3+1 Daire, 95m², Cadde Cepheli",none,0,0,0,0,0,none,0,,1331354566
,NET'DEN TAM MÜSTAKİL BAHÇELİ ULTRA LÜX YAPIM 110M2 3+1 SIFIR,none,0,0,0,0,0,none,0,,1331382073
Ara Kat,GEBZE CENTER KARŞISI 2.5+1 CADDE ÜSTÜ SINIRSIZ KREDİ ARAKAT DAİ,none,0,0,0,0,0,none,0,,1325370047
,NET'DEN GEBZE ÇARŞIDA KAÇMAZ FIRSATLÜX 3+1 150M2 SIFIR DUBLEX,standard,1,0,0,0,1,title,0,,1331377743
,Osman Yılmaz'da 100m² 3+1 Daire Sahibinden,none,0,0,0,0,0,none,0,,1325276539
Ara Kat,Mutlukent Yeşilkent 1. Etap'ta Satılık Geniş & Ferah 3+1 Daire,none,0,0,0,0,0,none,0,,1331167172
Dubleks,REGAV'DAN E-5 CEPHELİ MANZARALI SIFIR DUBLEKS DAİRE,standard,1,0,0,0,1,detail_and_title,0,,1285095086
,MUTLUKENT OKYANUS SİTESİ TABELA DEĞERİ YÜKSEK SATILIK 3+1 DAİRE,none,0,0,0,0,0,none,0,,1309869246
,GEBZE SULTAN ORHAN MİLLET BAHÇESİ YANI 2+1 YATIRIMLIK DAİRE,none,0,0,0,0,0,none,0,,1328271298
Ara Kat,TATKIKUYU MAH.GENİŞ VE KULLANIŞLI ASANSÖRLÜ KAPALI BALKONLU 3+1,none,0,0,0,0,0,none,0,,1331155085
Çatı Dubleksi,UZMAN YAPI'DAN MERKEZ PRİME HASTANESİ YANINDA SATILIK 3+1 DUBLEX,roof,1,1,0,0,0,detail_and_title,0,title_generic_confirms_detail_subtype,1274203135
Ara Kat,SAHİBİNDEN ACİL SATILIK DAİRE MERKEZİ KONUMDA,none,0,0,0,0,0,none,0,,1324313422
Ara Kat,GEBZE OSMAN YILMAZ MAH DENİZ MANZARALI SATILIK 3+1 DAİRE,none,0,0,0,0,0,none,0,,1327957795
,NET'DEN GEBZE ÇARŞI TATLIKUYUDA KAÇMAZ FIRSAT SİTE İÇİ 2+1 90m2,none,0,0,0,0,0,none,0,,1331193200
Ara Kat,TATLIKUYU MH. ASANSÖRLÜ E.BANYOLU ÖZEL YAPIM 2+1 100m² ARA KAT,none,0,0,0,0,0,none,0,,1330762235
,GEBZE TATLIKUYU MAHALLESİ'NDE SATILIK 2+1 70 M2 DAİRE,none,0,0,0,0,0,none,0,,1324719562
Ara Kat,ÇARE DEN OSMANYILMAZ DA GENİŞ FERAH DAİRE İSTEYENLERE,none,0,0,0,0,0,none,0,,1330711983
,GEBZE/ KÖRFES CD SATILIK DAİRE,none,0,0,0,0,0,none,0,,1301843207
,Hastane karşısı cadde üzeri 3+1 175 m² Çatı dublexi eğimsiz,roof,1,1,0,0,0,title,0,,1330479622
Dubleks,YENİKENT BÖLGESİNİN EN İYİ LOKASYONUNDA 3+1 FIRSAT DUBLEKS,standard,1,0,0,0,1,detail_and_title,0,,1330478627
Ara Kat,GEBZE OSMANYILMAZ MAHALLESİNDE 3+1 SATILIK DAİRE,none,0,0,0,0,0,none,0,,1327578568
Dubleks,TATLIKUYU MERKEZDE SAHİBİNDEN ÖZEL DUBLEX,standard,1,0,0,0,1,detail_and_title,0,,1330411522
,Yeşilkent Huzur konutları hastane üstü ön cephede yüksek manzara,none,0,0,0,0,0,none,0,,1311630613
Çatı Dubleksi,GEBZE OSMANYILMAZDA GENİŞ METRAJLI KAPALI TERASLI 4+2 ÜSTDUBLEX,roof,1,1,0,0,0,detail,0,,1310240450
Bahçe Dubleksi,GEBZE OSMAN YILMAZDA BAHÇE KATI 5+1 SATILIK DAİRE.,garden,1,0,1,0,0,detail,0,,1324403833
,GEBZE ADLİYESİNE 100 m MESAFEDE 3.900.000TLden BAŞLAYAN FİYATLAR,none,0,0,0,0,0,none,0,,1315295183
Çatı Dubleksi,GEBZE TATLIKUYU MAHALLESİ ERENGÜL SİTESİNDE ÖZEL TASARIM DUBLEKS,roof,1,1,0,0,0,detail_and_title,0,title_generic_confirms_detail_subtype,1316458257
En Üst Kat|Çatı Dubleksi,SULTAN ORHAN MAH.DE ASANSÖRLÜ 4+1 190m2 SIFIR SATILIK DUBLEKS,roof,1,1,0,0,0,detail_and_title,0,title_generic_confirms_detail_subtype,1277960527
,OSMAN YILMAZDA SATILIK BAHÇE KATI,none,0,0,0,0,0,none,0,,1323272246
Ara Kat,MERKEZ EMLAK ARMAĞAN'dan 2+1 2kt geniş salon mutfak doğa manzara,none,0,0,0,0,0,none,0,,1322207369
En Üst Kat,"MERKEZİ KONUMDA BAKIMLI, AYDINLIK VE FERAH 2+1 SATILIK DAİRE",none,0,0,0,0,0,none,0,,1311934104
Çatı Dubleksi,GEBZE OSMANYILMAZ MAHALLESİNDE SATILIK 4+1 DUBLEKS DAİRE,roof,1,1,0,0,0,detail_and_title,0,title_generic_confirms_detail_subtype,1315980353
Ara Kat,SAHIBINDEN SATILIK CADDE UZERI DAIRE SIFIR TADILATLI,none,0,0,0,0,0,none,0,,1329754498
Ara Kat,Gebze Yenikent'te Satılık geniş 3+1 Daire: Boğaziçi Evleri'nde,none,0,0,0,0,0,none,0,,1321021581
,Tatlıkuyu Merkezde Satılık 2+1 Arakat Daire,none,0,0,0,0,0,none,0,,1323970804
En Üst Kat,GEBZE YAVUZSELİM MAH. MASRAFSIZ VE KULLANIŞLI 2+1 SATILIK DAİRE,none,0,0,0,0,0,none,0,,1301264828
Çatı Dubleksi,"Gebze Tatlıkuyuda Ebeveyn Banyolu, Yerden Isıtmalı 3+1 Dubleks",roof,1,1,0,0,0,detail_and_title,0,title_generic_confirms_detail_subtype,1303680527
,"Sahibinden! Gebze Merkezde Satılık 2+1 ""Açıklamayı Okuyunuz!""",none,0,0,0,0,0,none,0,,1057830073
,DİLBERKALE'DEN HARİKA LOKASYONDA YERDEN ISITMALI 3+1 DUBLEKS,standard,1,0,0,0,1,title,0,,1312071786
,KOCAELİ GEBZE MERKEZDE SATILIK DUBLEKS DAİRE,standard,1,0,0,0,1,title,0,,1323371531
,Satılık dubleks daire,standard,1,0,0,0,1,title,0,,1328814632
Ara Kat,GEBZE OSMAN YILMAZ DA SATILIK GENİŞ 3+1 DAİRE,none,0,0,0,0,0,none,0,,1317995867
Dubleks,OSMAN YILMAZIN EN GÜZEL LOKASYONUNDA 4+2 FIRSAT DAİRE,standard,1,0,0,0,1,detail,0,,1323383903
,SATILIK TATLIKUYUNUN MERKEZİ KONUMUNDA 120 m² GENİŞ 3+1,none,0,0,0,0,0,none,0,,1317313776
Ara Kat,DESTAN EMLAK'TAN GEBZE'NİN EN ELİT MAH'DE SATILIK 3+1 DAİRE,none,0,0,0,0,0,none,0,,1281609905
Ara Kat,Gebze Osmanyılmaz Mahallesi'nde Satılık 3+1 Ara Kat Daire,none,0,0,0,0,0,none,0,,1323535750
Ara Kat,Sahibinden Gebze Eylül Sitesinde Satılık 135 M2 Brüt Daire,none,0,0,0,0,0,none,0,,1328990488
,SULTAN ORHAN 3+1 SATILIK 145mt GENİŞ AİLE İÇİN,none,0,0,0,0,0,none,0,,1328634821
Ara Kat,Osmanyılmaz Mahallesi'nde Yatırımlık & Oturumluk 3+1,none,0,0,0,0,0,none,0,,1323150482
Çatı Dubleksi,OSMANYILMAZ' DA 4+1 ASANSÖRLÜ K. AÇIK OTOPARK SIFIR ÇATI DUBLEKS,roof,1,1,0,0,0,detail_and_title,0,,1322962222
,TATLIKUYU KÖRFEZ CAD2+1 İSKANLI 85M² SINIRSIZ KREDİ FIRSAT DAİRE,none,0,0,0,0,0,none,0,,1322313686
Ara Kat,GEBZE SULTAN ORHAN MAH. 2+1 SATILIK ARAKAT DAİRE,none,0,0,0,0,0,none,0,,1308774009
,ACİLL SAHİBİNDEN OSMANYLMAZ DA 2+1 ÖNÜ AÇIK MANZARALI DAİRE,none,0,0,0,0,0,none,0,,1328183749
Ara Kat,TATLIKUYU DA 130 m2 GENİŞ FERAH ARAKAT DAİRE,none,0,0,0,0,0,none,0,,1322143667
Dubleks,GEBZE OSMAN YILMAZ FATİH DEVLET'E YAKIN 6+2 SATILK DUBLEKS DAIRE,standard,1,0,0,0,1,detail_and_title,0,,1288237212
Ara Kat,CAN AK YAPI DAN TATLIKUYUDA 2+1 DENİZ MANZARALI YENİ DAİRE,none,0,0,0,0,0,none,0,,1319428837
,PİRAMİT EMLAK'TAN BEYTEPE KONAKLARINDA 3+1 170 M² Y.GİRİŞ KAT,none,0,0,0,0,0,none,0,,1327512485
En Üst Kat|Ara Kat,GEBZE OSMAN YILMAZDA GÜNEY CEPHELİ 3+1 | 120 M²,none,0,0,0,0,0,none,0,,1327499540
,GEBZE ULUS MAH SATILIK 5+1 DÜBLEKS,standard,1,0,0,0,1,title,0,,1315521941
,Gebze Osman Yılmaz Mah. Kızılay Cad. 3+1 Yatırımlık Fırsat Daire,none,0,0,0,0,0,none,0,,1322024603
Ara Kat,Zor Emlak'tan Fatih Devlet Hast. Yanında Satılık 3+1 Geniş Daire,none,0,0,0,0,0,none,0,,1316113386
,EGE GAYRİMENKUL TAPU MASRAFSIZ 3+1 DUBLEX DAİRE TATLIKUYU MAH,standard,1,0,0,0,1,title,0,,1280676623
Ara Kat,"CAN AK YAPI DEVELİ RESİDENCE SATILIK 2+1 DAİRE,,,",none,0,0,0,0,0,none,0,,1229818945
,"TATLUKUYUDA MERKEZİ KONUMDA, BAHÇE KATI 2+1 DAİRE",none,0,0,0,0,0,none,0,,1297276276
,MUTLUKENT EMLAK'TAN 3+1 SATILIK YÜKSEK GİRİŞ DAİRE,none,0,0,0,0,0,none,0,,1320523466
Çatı Dubleksi,TATLİKUYU SİTE İÇİNDE ULTRALUX 4+1 DUBLEX,roof,1,1,0,0,0,detail_and_title,0,title_generic_confirms_detail_subtype,1327123290
Çatı Dubleksi,Osman Yılmaz Mahallesi Satılık 4+1 Dubleks Daire,roof,1,1,0,0,0,detail_and_title,0,title_generic_confirms_detail_subtype,1315644181
Ara Kat,"YENİKENT MUTLUKENT BORAN SİTESİ'NDE OTOPARKLI, MASRAFSIZ 3+1",none,0,0,0,0,0,none,0,,1321442686
,ASLAN YAPI GAYRİMENKUL'DEN SATILIK ASANSÖRLÜ 2+1 ARAKAT DAİRE,none,0,0,0,0,0,none,0,,1322227220
Ara Kat,Sahibinden Beytepe Konaklarında 3. kat(ara katta) 4+1,none,0,0,0,0,0,none,0,,1291945256
Ara Kat,"Gebze'nin Kalbi: Gebze Center ve Çarşı'ya Komşu, Ferah 3+1 Daire",none,0,0,0,0,0,none,0,,1326498945
Ara Kat,GEBZE OSMANYILMAZ MAH. DEVLET HASTANESİ YAKINI ARAKAT 3+1 DAİRE,none,0,0,0,0,0,none,0,,1281800389
Ara Kat,OSMAN YILMAZ'DA LÜKS 2+1 ARA KAT ASANSÖRLÜ OTOPARKLI 90M²,none,0,0,0,0,0,none,0,,1309870644
,ÇAYIROVA EMEK MAH. DE GENİŞ 2+1 TERS DUBLEKS SATILIK DAİRE,standard,1,0,0,0,1,title,0,,1326591257
Bahçe Dubleksi,SATLIK UYGUN DAİRE,garden,1,0,1,0,0,detail,0,,1332412462
Ara Kat,MUTLUKENTE bitişik Gökdeniz sitesinde satılık boş 2+1 daire,none,0,0,0,0,0,none,0,,1332412079
Çatı Dubleksi,MANZARALI MUTLUKENT DİBİ 5+1 ÜST DUBLEX YÜKSEK KREDİ İMKANI,roof,1,1,0,0,0,detail_and_title,0,title_generic_confirms_detail_subtype,1326550369
Ara Kat,BUTİK SİTE İÇERİSİNDE ÇOCUK OYUN PARKLI ASANSÖRLÜ SIFIR 3+1,none,0,0,0,0,0,none,0,,1332382095
,Satılık 3 + 1 yüksek giriş Atatürk Mahallesi'nde,none,0,0,0,0,0,none,0,,1332390192
,EMEK MAH 2+1 SATILIK ARAKAT DAİRE,none,0,0,0,0,0,none,0,,1332379963
,Çayırova Şekerpınar TOKİ'de Satılık 2+1 Daire (1. Kat),none,0,0,0,0,0,none,0,,1323393081
Dubleks|En Üst Kat|Çatı Dubleksi,ANA CADDE ÜZERİNDE 3+1 GENİŞ KULLANIM ALANINA SAHİP FIRSAT DAİRE,roof,1,1,0,0,0,detail,0,,1329400413
Çatı Dubleksi,Çağdaşkent'te Satılık Lüks 4+1 Dubleks Daire (Aymaç Sitesi),roof,1,1,0,0,0,detail_and_title,0,title_generic_confirms_detail_subtype,1332326598
,3+1 EBEVEYN BANYOLU TERS DUBLEX DAİRE,standard,1,0,0,0,1,title,0,,1314435673
Ara Kat,ÖZGÜNKENT SİTE İÇERİSİNDE SATILIK 3+1 DAİRE,none,0,0,0,0,0,none,0,,1325782552
Çatı Dubleksi,ÇAYIROVA EMEK MAHALLESİ'N DE ÇİFT TERASLI SATILIK 3+1 DUBLEKS,roof,1,1,0,0,0,detail_and_title,0,title_generic_confirms_detail_subtype,1323410092
,SULTAN KAPLAN'DAN MUTLUKENT'TE METROYA YAKIN SATILIK DAİRE,none,0,0,0,0,0,none,0,,1295613364
Bahçe Dubleksi,ERTÜRK EMLAK'TAN AKSE MAH'DE SIFIR 4+1 130 M2 YÜKSEK TERS DUBLEX,garden,1,0,1,0,0,detail_and_title,0,title_generic_confirms_detail_subtype,1332330095
Ara Kat,TEK DAİRE ÜZERİ-GENİŞ 3+1 ARAKAT-RAGIP DEMİRKOL CAD YANIBAŞI....,none,0,0,0,0,0,none,0,,1332305319
,RENS'TEN ÇAYIROVA EMEK MAHALLESİN'DE SATILIK 2+1 DAİRE,none,0,0,0,0,0,none,0,,1332082566
Dubleks|En Üst Kat,MUTLUKENTTE SATILIK GÜZELTEPE KONUTLARI ÖZEL YAPIM 4+1 DUBLEKS,standard,1,0,0,0,1,detail_and_title,0,,1317646927
Dubleks,"MASALSI YAŞAM, 203m2 A PLUS STANDARTLARDA 2+1 DUBLEKS",standard,1,0,0,0,1,detail_and_title,0,,1295263658
,"SATILIK 6+1 GENİŞ DUBLEKS KÖŞE KONUM, KULLANIŞLI PLAN!",standard,1,0,0,0,1,title,0,,1258079157
,3+1 / YATIRIMCININ KAÇIRMAYACAĞI FIRSAT,none,0,0,0,0,0,none,0,,1331967877
Ara Kat,ASAF GAYRIMENKUL DEN SATILIK 3+1 ARAKAT,none,0,0,0,0,0,none,0,,1325747151
Ara Kat,MEVA ANADOLU PEYZAJ CEPHELİ ARAKAT 1+1,none,0,0,0,0,0,none,0,,1324611129
Ara Kat,ÇAYIROVA AKSE MAH. SATILIK 2+1 DAİRE,none,0,0,0,0,0,none,0,,1319789714
,ÖZ-KA 'DAN ÇAYIROVA ŞEKERPINAR SİTEDE SATILIK 3+1 DAİRE,none,0,0,0,0,0,none,0,,1309127623
,Meva anadolu satılık ara kat kapalı mutfak 3+1,none,0,0,0,0,0,none,0,,1331815164
Çatı Dubleksi,ÇAYIROVA EMEK MAHALLESİ DENİZ MANZARALI (3+1) FIRSAT DUBLEKS,roof,1,1,0,0,0,detail_and_title,0,title_generic_confirms_detail_subtype,1322955150
Ara Kat,ÇAYIROVA AKSEDE SATILIK LÜKS 3+1 ARA KAT DAİRE,none,0,0,0,0,0,none,0,,1328896302
,Emek Mahallesi Bosna Caddesinde 2+1 Arakat,none,0,0,0,0,0,none,0,,1331753479
,"ÇAYIROVA AKSE MAHALLESİNDE SATILIK 2,5+1 DAİRE",none,0,0,0,0,0,none,0,,1328832279
,RENS'TEN ÇAYIROVA EMEK MAHALLESİN'DE SATILIK 2+1 DAİRE,none,0,0,0,0,0,none,0,,1332055318
Ara Kat,ADANAN KAHVECİ CAD.. ÜSTÜ..2+1..3.KAT ASANSÖRLÜ+İSKANLI,none,0,0,0,0,0,none,0,,1325684372
,Çayırova Emek'de lüks 2+1 asansörlü Ara Kat,none,0,0,0,0,0,none,0,,1331669673
Ara Kat,***PASIFIC AURA'DA SATILIK 205 m² 4+1 LÜKS FIRSAT***,none,0,0,0,0,0,none,0,,1331975759
Çatı Dubleksi,YÜKSEK KREDİ İMKANINA UYGUN İSKANLI-ASANSÖRLÜ 2+1 ÇATI DUBLEKS,roof,1,1,0,0,0,detail_and_title,0,,1324635023
Ara Kat,ÇAYIROVA AKSE MAHALLESİ ÇAĞDAŞKENT'TE SATILIK 3+1 DAİRE,none,0,0,0,0,0,none,0,,1319658311
Dubleks|En Üst Kat|Ara Kat Dubleks|Bahçe Dubleksi|Çatı Dubleksi|Forleks|Ters Dubleks|Tripleks,Akse Mah Arakat Ferah Geniş Teraslı 1+1 Fırsat Satılık Daire,roof,1,1,0,0,0,detail,0,,1303050255
Dubleks,"Damlasu Sitesi, Deniz Manzaralı 5+1 SATILIK Dubleks Daire Ferah",standard,1,0,0,0,1,detail_and_title,0,,1325377545
,ÇAYIROVA EMEK MH. SATILIK 3+1 SIFIR ARAKAT DAİRE,none,0,0,0,0,0,none,0,,1307591143
Dubleks,"PRESTİJ'DEN CADDE ÜZERİ SIFIR BİNADA,FERAH / 4+1 TERASLI DUBLEX",standard,1,0,0,0,1,detail_and_title,0,,1308432091
Dubleks|En Üst Kat,ÇAYIROVA ŞEKERPINAR'DA SATILIK DUBLEKS DAİRE,standard,1,0,0,0,1,detail_and_title,0,,1331483982
Ara Kat,"EMEK MAH.TOKİ'DE SATILIK 3+1 126m² DAİRE(4.KAT,SİTE, 2 BALKON)",none,0,0,0,0,0,none,0,,1328553352
Ara Kat,MUTLUKENT YAKINI 3+1 YERDEN ISITMALI LÜKS ARAKAT,none,0,0,0,0,0,none,0,,1325495842
,FIRAT EMLAKTAN SATILIK 3+1 SIFIR DAİRE,none,0,0,0,0,0,none,0,,1331402876
Dubleks,ÇAYIROVA EMEK MAH CEPHELERİ AÇIK 2+1 ASANSÖRLÜ ÜST DUBLEX,standard,1,0,0,0,1,detail_and_title,0,,1325732379
,AKSE'DE 3+1 ARAKAT FIRSAT DAİRE,none,0,0,0,0,0,none,0,,1325571698
,Çayırova'da lüks 4+1 ters dubleks,standard,1,0,0,0,1,title,0,,1325434393
,AKSE MAHALLESİNDE 3+1 SÜPER LOKASYONDA ÜST DUBLEKS,standard,1,0,0,0,1,title,0,,1274785287
,EMEK MAHALLESİNDE LÜKS YAPIM 3+1 ARAKAT,none,0,0,0,0,0,none,0,,1323043393
Dubleks|En Üst Kat|Ara Kat|Ara Kat Dubleks|Bahçe Dubleksi|Çatı Dubleksi|Forleks|Ters Dubleks|Tripleks,Emek Mah'de Sıfır Geniş Satılık 2+1 Daire,roof,1,1,0,0,0,detail,0,,1307475373
En Üst Kat,MERKEZİ KONUMDA SATILIK 3+1 DAİRE,none,0,0,0,0,0,none,0,,1317533466
Ara Kat,CUMHURİYET MAH ÖZGÜNKENT SİTESİNDE SATILIK 3+1 DAİRE,none,0,0,0,0,0,none,0,,1331138065
Bahçe Dubleksi,EMİNEVİM UYGUN-YENİ HASTANE KARŞISI-3+1 ETRAFI AÇIK ALT DUBLEKS,garden,1,0,1,0,0,detail_and_title,0,title_generic_confirms_detail_subtype,1325336397
Ara Kat,CUMHURİYET MAHALLESİ ÖZGÜN KENT SİTESİ TEMİZ SATILIK DAİRE 6.KAT,none,0,0,0,0,0,none,0,,1331053568
Dubleks,CAYIROVA ATATÜRK MAH.LÜKS 4+1 ÜST DUBLEKS DAİRE,standard,1,0,0,0,1,detail_and_title,0,,1331045025
,EMEK'te SIFIR 2+1 GİRİŞ KAT DAİRE - 75m²,none,0,0,0,0,0,none,0,,1323041005
,MUTLUKENTE YAKIN ASANSÖRLÜ 3+1 ARA KAT,none,0,0,0,0,0,none,0,,1330996337
Ara Kat,AKSE LİFE SİTESİ'NDE SATILIK SIFIR (2+1) KULLANIŞLI ARAKAT DAİRE,none,0,0,0,0,0,none,0,,1314525831
,2+1 SIFIR LÜX DAİRE,none,0,0,0,0,0,none,0,,1310989294
Dubleks,ÇAYIROVA RAGIP DEMİRKOL BULVARI SATILIK JAKUZİLİ DAİRE,standard,1,0,0,0,1,detail,0,,1288372626
Ara Kat Dubleks,ÇAYIROVA EMEK MAHALLESİ BOSNA CADDESİNDE 3+1 SATILIK ARA DUBLEKS,middle_floor,1,0,0,1,0,detail_and_title,0,title_generic_confirms_detail_subtype,1295983578
,ATATÜRK MAH 5+2 180 m2 TERS DUBLEKS,standard,1,0,0,0,1,title,0,,1331145113
En Üst Kat,Satılık Daire,none,0,0,0,0,0,none,0,,1330908208
,ATATÜRK MAH YÜKSEK KREDİ İMKANLI SATILIK ARA KAT 2+1 DAİRE,none,0,0,0,0,0,none,0,,1325452222
Çatı Dubleksi,sahibinden acil satılık Akse mahallesi 2+1 teras kat,roof,1,1,0,0,0,detail,0,,1330883915
Ara Kat,EMİNEVİM UYGUN-2+1 ARAKAT-TEK DAİRE ÜZERİ-YENİ HASTANEYE YAKIN..,none,0,0,0,0,0,none,0,,1325351192
Dubleks|En Üst Kat|Çatı Dubleksi,ASİL EMLAK'TAN ATATÜRK MAHALLESİNDE 3+1 SATILIK ÜST DUBLEKS,roof,1,1,0,0,0,detail_and_title,0,title_generic_confirms_detail_subtype,1311855038
Ara Kat,CADDE ÜZERİ 3+1 ARA KATIMIZ,none,0,0,0,0,0,none,0,,1300335672
Ara Kat,EMEK MAH.MERKEZ PRİME HASTANE YAKINI 2+1 80 m2 ARAKAT DAİRE,none,0,0,0,0,0,none,0,,1331018145
Dubleks,ÇAYIROVA'DA LÜX 2+1 DUBLEX SATILIK DAİRE,standard,1,0,0,0,1,detail_and_title,0,,1321957166
Ara Kat,ÇAYIROVA ATATÜRK MAHALLESİ'NDE SINIRSIZ KREDİ İMKANI,none,0,0,0,0,0,none,0,,1331159359
Ara Kat,ARPALİST KONUTLARNDA ŞEREFİYELİ 3 CEPHELİ/3+1 127m² LÜX DAİRE,none,0,0,0,0,0,none,0,,1328012614
,"ÇAYIROVA AKSE'DE ULAŞIMI KOLAY, NEZİH VE FERAH SATILIK 3+1 DAİRE",none,0,0,0,0,0,none,0,,1330880240
Ara Kat,"AksuYaşam Evleri'nde Güvenlikli, Otoparklı, Ebeveyn Banyolu 3+1",none,0,0,0,0,0,none,0,,1325015574
Ara Kat,ATATÜRK MAH. CUMHURİYET CADDESİ YERDEN ISITMALI SIFIR DAİRELER,none,0,0,0,0,0,none,0,,1319766620
Ters Dubleks,ŞEKERPINAR TOKİNİN YANINDA SATILIK 3+1 TERS DUBLEKS,standard,1,0,0,0,1,detail_and_title,0,,1307650628
,SAHİBİNDEN SATILIK 3+1,none,0,0,0,0,0,none,0,,1330521705
Bahçe Dubleksi,"4+1 YÜKSEK GİRİŞLİ, GENİŞ KULLANIŞLI DAİRE -TOPRAKTAN BAĞIMSIZ-",garden,1,0,1,0,0,detail,0,,1325019181
Çatı Dubleksi,ATATÜRK MAH. MERKEZİ KONUMDA 150M² SIFIR (3+1) ÇATI DUBLEKSİ,roof,1,1,0,0,0,detail_and_title,0,,1330611693
,ÇAYIROVA AKSE MAHALLESİ YÜKSEK GİRİŞ 2+1 SATILIK DAİRE,none,0,0,0,0,0,none,0,,1325022122
,ÇAYIROVA EMEK MH YERDEN ISITMALI 4+1 TERS DUBLEX,standard,1,0,0,0,1,title,0,,1324660498
Ara Kat,SİTEİÇİ GÜNEY CEPHE ARAKAT 3+1,none,0,0,0,0,0,none,0,,1321178931
Ara Kat,GEBZE ADLİYE PRİME HASTANESİ YANI 2+1 ASANS. SIFIR ARA KAT DAİRE,none,0,0,0,0,0,none,0,,1330428855
Ters Dubleks,CAYIROVA ATATURK MAH. DE SATILIK 3+1 TERS DUBLEX,standard,1,0,0,0,1,detail_and_title,0,,1299583227
Ara Kat,"Akse Palmiye Sitesi'nde 3+1, İskanlı Fırsat Daire",none,0,0,0,0,0,none,0,,1316259945
Ara Kat,güler inşaat tan satılık asansörlü 3+1 115 m2lüx daire,none,0,0,0,0,0,none,0,,1293147586
Ara Kat,MEVA ANADOLU'DA DENİZ MANZARALI 2+1 SATILIK DAİRE,none,0,0,0,0,0,none,0,,1294133778
,Atatürk Mahallesinde 4+1 Asansörlü Çift Teraslı Dubleks,standard,1,0,0,0,1,title,0,,1324427059
Ara Kat,3+1 ARAKAT-ASANSÖRLÜ-TERASLI-GENİŞ-YERDEN ISITMALI-CADDE ÜZERİ !,none,0,0,0,0,0,none,0,,1325013998
Ters Dubleks,ÇAYIROVA EMEK MAH. YENİ ADLİYE YAKINI 4+1 TERS DUBLEKS DAİRE,standard,1,0,0,0,1,detail_and_title,0,,1312581485
Çatı Dubleksi,"MOPAŞ BAHÇE EVLERDE PEYZAJ CEPHELİ 2+1 ÇATI DUBLEKS | 158,5 m²",roof,1,1,0,0,0,detail_and_title,0,,1330337321
Ara Kat,KALİTE VE KONFORU BULUŞTURAN AİLE YAŞAMINA UYGUN 3+1 ARA KAT,none,0,0,0,0,0,none,0,,1310243759
Ters Dubleks,KOCAELİ ÇAYIROVA ATATÜRK MAHALLESİ SIFIR 2+1 TERS DUBLEX,standard,1,0,0,0,1,detail_and_title,0,,1327774945
Dubleks,3+1 DUBLEX,standard,1,0,0,0,1,detail_and_title,0,,1318759675
,EMEK MAH BOSNA CAD 2+1 İSKANLI EMİNEVİM-FUZUL EV UYGUN,none,0,0,0,0,0,none,0,,1327296717
,ÇAYIROVA AKSE MAHALLESİNDE 2+1 SIFIR GİRİŞ KAT DAİRE,none,0,0,0,0,0,none,0,,1323776528
,ÇAYIROVA EMEK MH YERDEN ISITMALI 3+1 ARAKAT,none,0,0,0,0,0,none,0,,1324658700
,SAREV YAPI GAYRİMENKUL DEN ATATÜRK MAH SATILIK 4+1 DUBLEKS,standard,1,0,0,0,1,title,0,,1289964983
,KREDİYE UYGUN MUTLUKENT YAKINI 3+1 DUBLEKS,standard,1,0,0,0,1,title,0,,1330286023
Ara Kat,MOPAŞ BAHÇE EVLERDE AMERİKAN MUTFAK 2.5+1 SATILIK DAİRE,none,0,0,0,0,0,none,0,,1323955875
Ters Dubleks,Çayırova Akse Mahallesinde Satılık 2+1 Ters Dubleks,standard,1,0,0,0,1,detail_and_title,0,,1330058189
Ara Kat,ÇAYIROVA EMEK MAHALLESİ'NDE SATILIK DAİRE (872),none,0,0,0,0,0,none,0,,1312164702
,ACİL SATILIK,none,0,0,0,0,0,none,0,,1323687989
Ara Kat,SAHİBİNDEN SATİLİK HAVUZLU SİTEDE 3+1 DAİRE,none,0,0,0,0,0,none,0,,1270668942
,Eminevime uygun caddeye çok yakın asansörlü 2+1 ara kat,none,0,0,0,0,0,none,0,,1323562914
Dubleks|Bahçe Dubleksi|Ters Dubleks,ATATÜRK MAHALLESİ 2+1 TERS DUBLEKS DAİRE,garden,1,0,1,0,0,detail_and_title,0,title_generic_confirms_detail_subtype,1272214681
,Çayırova Çağdaşkent 6+1Lüks Dubleks Daire,standard,1,0,0,0,1,title,0,,1310150228
,ÇAYIROVA EMEK MAH. RAGIP DEMİRKOL CAD. ÜZERİ 3+1 ÜSTDUBLEKS,none,0,0,0,0,0,none,0,,1307285011
Dubleks|En Üst Kat|Ara Kat|Ara Kat Dubleks|Bahçe Dubleksi|Çatı Dubleksi|Forleks|Ters Dubleks|Tripleks,E.EVİM VE KREDİYE FUL UYGUN AKSEDE 2+1 /KAPALI OTOPARK/ASANSÖR,roof,1,1,0,0,0,detail,0,,1316074918
,NET'DEN MÜTHİŞ FULLMANZARALI ULTRA LÜX YAPIM SIFIR 4+1 ÜSTDUBLEX,none,0,0,0,0,0,none,0,,1329604011
,METROFİS GAYRİMENKUL ÇAYIROVA'DA 2+1 SATILIK DAİRE,none,0,0,0,0,0,none,0,,1329537419
,6+1. ÇOK GENİŞ KULLANIŞLI SIFIR DÜBLEX,standard,1,0,0,0,1,title,0,,1305654864
Dubleks,GSN GAYRİMENKUL'DEN ATATÜRK MAHALLESİNDE SATILIK 3+1 ÜST DUBLEKS,standard,1,0,0,0,1,detail_and_title,0,,1323557373
,ÇAYIROVA EMEK GÖKTÜRK EVLERİNDE HAVUZLU 3+1 SATILIK GENİŞ DAİRE,none,0,0,0,0,0,none,0,,1323971972
Ara Kat,RAGIP DEMİRKOL CADDE ÜZERİ LÜKS 3+1 SATILIK DAİRE ASANSÖRLÜ,none,0,0,0,0,0,none,0,,1301258292
,RAGIP DEMİRKOL BULVARINDA ASANSÖRLÜ 5+1 LÜKS DAİRE,none,0,0,0,0,0,none,0,,1329870839
Ara Kat,ÇAYIROVA ATATÜRK MAH. 2+1 SATILIK SIFIR DAİRE,none,0,0,0,0,0,none,0,,1329434068
,ATATÜRK MH. GİRİŞ KAT,none,0,0,0,0,0,none,0,,1329859383
,ALB KONUT AKSE LİFE Projesi 1.kat 3+1 150m2 Satılık Daire,none,0,0,0,0,0,none,0,,1318411503
Ara Kat,ÇAYIROVA ATATÜRK MAH. SÜPER FIRSAT LÜKS 2+1 DAİRE,none,0,0,0,0,0,none,0,,1323432305
Ara Kat,ÇAYIROVA DA MUTLUKENTE YAKIN NOKTADA ARAKAT 3+1 SIFIR DAİRE,none,0,0,0,0,0,none,0,,1318522069
Ara Kat,AKSE MAH. MESİRE ALANI KARŞISI 3+1 ARA KAT 130m2 İSKANLI KOMBİLİ,none,0,0,0,0,0,none,0,,1323213425
,Çağdaşkent Sitesinde Net 120 m² Masrafsız 3+1,none,0,0,0,0,0,none,0,,1323655306
Dubleks|En Üst Kat|Ara Kat Dubleks|Bahçe Dubleksi|Çatı Dubleksi|Forleks|Ters Dubleks|Tripleks,Atatürk Mah'de Sıfır Arakat Asansörlü Satılık 2+1 Daire,roof,1,1,0,0,0,detail,0,,1318010225
Çatı Dubleksi,"Çayırova'da Fırsat Dubleks:Site İçinde 4+1,220m²Deniz Manzaralı!",roof,1,1,0,0,0,detail_and_title,0,title_generic_confirms_detail_subtype,1155282915
Ara Kat,Cadde Üzeri 3+1 Teraslı Asansörlü full kredili iskanlı,none,0,0,0,0,0,none,0,,1311922920
Ara Kat,ÇAYIROVA RAGIP DEMİRKOLDA CADDE ÜZERİ 2+1 ASANSÖRLÜ ARA KAT,none,0,0,0,0,0,none,0,,1324262943
Bahçe Dubleksi,ÇAYIROVA ATATÜRK MAHALLESİNDE SATILIK 3+1 BAHÇE DUBLEKS DAİRE,garden,1,0,1,0,0,detail_and_title,0,,1317625017
Ara Kat,"Akse'de Aymaç Sitesi'nde 2+1, 75m² Net Kullanım Alanlı Daire",none,0,0,0,0,0,none,0,,1322882650
Dubleks|Çatı Dubleksi,Çayırova akse Mahallesi'nde satılık 3 + 1 üst dubleks daire,roof,1,1,0,0,0,detail_and_title,0,title_generic_confirms_detail_subtype,1328800935
,EMEK MAHALLESİNDE 3+1 ARAKAT,none,0,0,0,0,0,none,0,,1326769007
,Çayırova emek TOKİ bloklarında 3+1 sahibinden satılık daire,none,0,0,0,0,0,none,0,,1316966965
Çatı Dubleksi,ÇAYIROVA EMEK MAH. MERKEZ PRİME KOMŞU SATILIK 3+1 DUBLEX DAİRE,roof,1,1,0,0,0,detail_and_title,0,title_generic_confirms_detail_subtype,1275100099
,NİL'DEN MUHTEŞEM KONUMDA 4+1 LÜX ÜST DUBLEKS DAİRE,standard,1,0,0,0,1,title,0,,1329440005
,EMEK MAH SATILIK ASANSÖRLÜ GENİS KULLANIŞLI 3+1 ÜST DUBLEX DAİRE,standard,1,0,0,0,1,title,0,,1328842686
,Çayırova Atatürk Mahallesinde 2+1 Satılık Daire,none,0,0,0,0,0,none,0,,1328620708
,Ragıp Demirkol Bulvarına Yakın 4+1 Giriş Dubleks,standard,1,0,0,0,1,title,0,,1323664972
,CB FLY'DAN AKSU YAŞAM SİTESİNDE FERAH VE KULLANIŞLI 3+1 DAİRE,none,0,0,0,0,0,none,0,,1328778740
Ara Kat,ERTÜRK EMLAK'TAN ATATÜRK OKULU YANINDA 2+1 ASANSÖRLÜ DAİRE,none,0,0,0,0,0,none,0,,1329113115
Dubleks,Çayırova Emek Mahallesi 5+1 Dubleks Lüks Daire,standard,1,0,0,0,1,detail_and_title,0,,1328409430
Çatı Dubleksi,MUTLUKENTE YAKIN SATILIK 4+1 ÜST DUBLEKS DAİRE,roof,1,1,0,0,0,detail_and_title,0,title_generic_confirms_detail_subtype,1300081603
Ara Kat,ÇAYIROVA AKSE MAH CADDE ÜSTÜ ASANSÖRLÜ 3+1 SATILIK DAİRE,none,0,0,0,0,0,none,0,,1315390588
,AĞAR EMLAKTAN SATLIK DAİRE 2+1,none,0,0,0,0,0,none,0,,1317310611
Dubleks|Çatı Dubleksi,ÇAYIROVA MUAMMER AKSOY CAD YAKINI 4+1 175 M² LÜKS SIFIR DUBLEKS,roof,1,1,0,0,0,detail_and_title,0,title_generic_confirms_detail_subtype,1311183112
Dubleks,KOCAELI AKSE MAH. BIRR ŞEHIR SITESINDE SIFIR 4+1 SATILIK DUBLEKS,standard,1,0,0,0,1,detail_and_title,0,,1303664848
Ara Kat,AKSEDE SİTE İÇERİSİNDE KREDİYE UYGUN 3+1 /KAPALI OTOPARK/ASANSÖR,none,0,0,0,0,0,none,0,,1320785845
,Bosna Caddesi'nde geniş kullanışlı 3 + 1 ara kat,none,0,0,0,0,0,none,0,,1328113204
Çatı Dubleksi,SEYDAOĞLU GAYRİMENKUL ÇAYIROVA EMEK MH 5+1 ÜST DUBLEKS DAİRE,roof,1,1,0,0,0,detail_and_title,0,title_generic_confirms_detail_subtype,1317235015
,Emek toki konutları satılık daire 2+1,none,0,0,0,0,0,none,0,,1327923353
Ara Kat|Çatı Dubleksi,MOPAŞ BAHÇE EVLER BALKONLU ve TERASLI tek tip 3+1 SIFIR DUBLEKS,roof,1,1,0,0,0,detail_and_title,0,title_generic_confirms_detail_subtype,1317369702
,Kocaeli Çayırova Yeni TOKİ Konutlarında Satılık 117m² Daire,none,0,0,0,0,0,none,0,,1317961949
,Birr Şehir Projesi Dubleks Satılık Daire,standard,1,0,0,0,1,title,0,,1169637484
,SATILIK 2+1 ÜST DÜBLEX YÜKSEK KREDİ İMKANI,standard,1,0,0,0,1,title,0,,1321982500
Ters Dubleks,ACİL SATILIK ÇAYIROVA AKSE MAH 2+1 130 m2 TERS DUBLEKS DAİRE,standard,1,0,0,0,1,detail_and_title,0,,1328220753
Ara Kat,Ragıp Demirkol Bulvar üzerinde 2+1 deniz cepheli daireler,none,0,0,0,0,0,none,0,,1318355929
,Kocaeli Çayırova Yeni TOKİ Satılık 2+1 Daire 1.Kat,none,0,0,0,0,0,none,0,,1320689069
Dubleks|Çatı Dubleksi,Bir Şehir 1.Etap Satılık 5+1 Dubleks Geniş Teraslı Daire,roof,1,1,0,0,0,detail_and_title,0,title_generic_confirms_detail_subtype,1321543884
Ters Dubleks,FIRSAT DAİRE YENİKENT MAHALLESİNE KOMŞU AKSEDE 5+1 TERS DUBLEKS,standard,1,0,0,0,1,detail_and_title,0,,1310440405
,WERA DAN EMEK MAH 2+1 SATLIK ARAKAT,none,0,0,0,0,0,none,0,,1322248888
,ÇAYIROVADA 4+1 2 AİLEYE UYGUN YERDEN ISITMALI ÜST DUBLEX DAİRE,standard,1,0,0,0,1,title,0,,1306184113
,KOVAELİ ÇAYIROVA EMEK MAHALLESİNDE SATILIK 4+1 ÇATI DÜBLEKSİ,roof,1,1,0,0,0,title,0,,1319612600
,ASAF GAYRİMENKULDEN SATILIK ASASÖRLÜ TERASLI 4+1 LUKS DUBLEX,standard,1,0,0,0,1,title,0,,1320099529
Ara Kat,EMEKEVLER TOKİ'DE KAÇIRILMAYACAK FIRSAT,none,0,0,0,0,0,none,0,,1306087435
Dubleks|Çatı Dubleksi,AKSE MAH YÜKSEK KREDİLİ İSKANLI ASANSÖRLÜ 3+1 ÜST DUBLEKS,roof,1,1,0,0,0,detail_and_title,0,title_generic_confirms_detail_subtype,1321991343
Ara Kat,AKSE LİFE SİTESİ'NDE SATILIK SIFIR(3+1) EBV BANYOLU ARAKAT DAİRE,none,0,0,0,0,0,none,0,,1330017238
Ara Kat,TEMPO'DAN ÇAĞDAŞ KENTAYMAÇ SİTESİNDE 2+1 AMERİKAN MUTFAKLI,none,0,0,0,0,0,none,0,,1313098590
Ara Kat,ÇAYIROVA EMEK MAHALLESİNDE SATILIK LÜKS DAİRE,none,0,0,0,0,0,none,0,,1327036423
Ara Kat,ÇAYIROVA ŞEKER PINAR SİTE İÇERİSİNDE SATILIK 3+1 SATILIK DAİRE,none,0,0,0,0,0,none,0,,1315773512
Ara Kat,KAÇIRILMAZ 90M 2+1 ASANSÖRLÜ ARAKAT FIRSAT DAİRE,none,0,0,0,0,0,none,0,,1328097777
,SAHİBİNDEN GÖKTÜRK EVLERİNDE SİTE HAVUZLU 3+1(Mutlukent Yakını),none,0,0,0,0,0,none,0,,1264176723
,ÇAYIROVA AKSE'DE FIRSAT 3+1 TERS DUBLEKS!,standard,1,0,0,0,1,title,0,,1321584851
,Çayırova Emek mah. Mutlukente yakın 5+1 Çatı dublex,roof,1,1,0,0,0,title,0,,1326829056
,Çayırova Emek Mahallesinde 2+1 Satılık Daire,none,0,0,0,0,0,none,0,,1327683320
,"Yeni Yapı, Ferah ve Modern Dubleks Daire",standard,1,0,0,0,1,title,0,,1278305266
Ara Kat,3+1 ARAKAT-YERDEN ISITMA-TEK DAİRE ÜZERİNE-MUTLUKENTE YAKIN,none,0,0,0,0,0,none,0,,1321271535
,Çayırova Mopaş Bahçeevler de Benzersiz Dublex,standard,1,0,0,0,1,title,0,,1303370461
Ara Kat,EMEK MAH. CADDE ÜSTÜ ASANSÖRLÜ ! KATTA TEK ! SIFIR 3+1 ARAKAT,none,0,0,0,0,0,none,0,,1327302408
Ara Kat,Çağdaşken Satılık Geniş Ferah Daire,none,0,0,0,0,0,none,0,,1315605299
Forleks,ATATÜRK MAH. İSKANLI KAPALI OTOPARKLI 2+1 YÜKSEK GİRİŞ DAİRE,none,0,0,0,0,0,none,0,,1321275894
Dubleks|Çatı Dubleksi,Çayırova attatür mahallesinde satılık 4+1 asansörlü üst dubleks,roof,1,1,0,0,0,detail_and_title,0,title_generic_confirms_detail_subtype,1315464266
Çatı Dubleksi,ÇAYIROVA ATATÜRK MAH. MERKEZİ KONUM ÇİFT TERASLI 3+1 ÜST DUBLEKS,roof,1,1,0,0,0,detail_and_title,0,title_generic_confirms_detail_subtype,1320780618
,MUTLUKENT YAKINI 3+1 ASANSÖRLÜ ARAKAT,none,0,0,0,0,0,none,0,,1327579049
,ÇAYIROVA EMEK MH CADDE ÜZERİ 2+1 ÇİFT BANYOLU DUBLEX DAİRE,standard,1,0,0,0,1,title,0,,1321968215
,GALYA GAYRİMENKULDAN TURANHAN SİTESİNDE SATILIK 3+1,none,0,0,0,0,0,none,0,,1329404223
Ara Kat,ÇELEBİOGLU'NDAN ÇAYIROVA EMEK MAH. SATILIK 2+1 ASANSÖRLÜ ARAKAT,none,0,0,0,0,0,none,0,,1321544921
Bahçe Dubleksi,MOPAŞ BAHÇE EVLER SÜS HAVUZLU SoN Sıfır 5+2 BAHÇE LOFT DUBLEKS,garden,1,0,1,0,0,detail_and_title,0,title_generic_confirms_detail_subtype,1311362828
Ara Kat,ÇAYIROVA EMEK MAHALLESİNDE 3+1 ASANSÖRLÜ LÜKS ARA KAT,none,0,0,0,0,0,none,0,,1328037966
,ÇAYIROVA EMEK MH YERDEN ISITMALI ASANSÖRLÜ 2+1 ARAKAT DAİRE,none,0,0,0,0,0,none,0,,1315389353
Ara Kat,Kocaeli Çayırova TOKİ 3+1 / 1.Kat Satılık Daire,none,0,0,0,0,0,none,0,,1312335488
Ara Kat,MUTLUKENTE KOMŞU LÜKS SIFIR 3+1 DAİRE,none,0,0,0,0,0,none,0,,1321140491
Ara Kat,ÇAYIROVA AKSE-EMEK MAH.RAGIP DEMİRKOL CAD.SATILIK 2+1 DAİRE,none,0,0,0,0,0,none,0,,1327302694
,Emin evime uygun sınırsız kredi imkanı,none,0,0,0,0,0,none,0,,1313917076
,Yenimahalle Fatih Caddesinin Alt Sokağında Yüksek Giriş Daire,none,0,0,0,0,0,none,0,,1329467679
Dubleks|Çatı Dubleksi,Çayırova İnönüde Asansörlü 170 M2 Üst Dubleks Geniş lüks,roof,1,1,0,0,0,detail_and_title,0,title_generic_confirms_detail_subtype,1323594876
Ters Dubleks,ÇAYIROVA ÖZGÜRLÜK MAHALLESİNDE SATILIK 2+1 TERS DUBLEKS,standard,1,0,0,0,1,detail_and_title,0,,1332357964
Ara Kat,güler inşaat tan satılık 95m2 2+1 ara kat daire,none,0,0,0,0,0,none,0,,1326401111
En Üst Kat|Çatı Dubleksi,TAMAMINA KREDİYE UYGUN SATILIK SIFIR 3+1 ÇATI DUBLEKSİ,roof,1,1,0,0,0,detail_and_title,0,,1315086846
,KOCAELİ ÇAYIROVA'DA SATILIK 2+1 DAİRE,none,0,0,0,0,0,none,0,,1332291836
,Çayırova Özgürlük'de Satılık İskanlı Yeni 3+1 Üst Dublex Daire,standard,1,0,0,0,1,title,0,,1322769038
,ÇAYIROVA DA ACİL SATILIK ARAKAT 3+1 DAİRE,none,0,0,0,0,0,none,0,,1332125342
Dubleks|Çatı Dubleksi,Çayırova İnönü mh. SATILIK UST DUBLEKS Asansörlü 180m2 brut,roof,1,1,0,0,0,detail_and_title,0,title_generic_confirms_detail_subtype,1323401134
Ara Kat,Geniş Sıfır Daire,none,0,0,0,0,0,none,0,,1328548727
,ÇAYIROVA ÖZGÜRLÜK MAHALLESİN DE ASANSÖRLÜ SATILIK 3+1 DAİRE,none,0,0,0,0,0,none,0,,1329076142
Ara Kat,YENİMAHALLE DE MASRAFSIZ SATILIK KREDİYE UYGUN 2+1 DAİRE,none,0,0,0,0,0,none,0,,1317071909
,RoyaLLife Gayrimenkul'den GENİŞ FERAH KULLANIŞLI DUBLEX DİARE,standard,1,0,0,0,1,title,0,,1325968855
Ara Kat,ASANSÖRLÜ..2+1..ARAKAT..İSKANLI..KENT MEYDANINDA..SIĞINAKLI,none,0,0,0,0,0,none,0,,1331809209
,ASANSÖRLÜ ÜST DUBLEKS,standard,1,0,0,0,1,title,0,,1317290848
Ara Kat,ÇAYIROVA ÖZGÜRLÜK MAH. ARA KAT ASANSÖRLÜ 2+1 SATILIK DAIRE,none,0,0,0,0,0,none,0,,1326219903
,ÇAYIROVA ÖZGÜRLÜK MH.CADDE ÜSTÜ LÜX 3+1 ÜST DUBLEX,standard,1,0,0,0,1,title,0,,1311179900
Ara Kat,Şekerpınar TOKİ En Geniş Tip 3+1 | Sanayi & Ulaşım Merkezinde,none,0,0,0,0,0,none,0,,1325924770
,ASAF GAYRİMENKULDEN SATILIK TERASLI ASANSÖRLÜ 3+1 LÜKS DUBLEKS,standard,1,0,0,0,1,title,0,,1331801213
Ara Kat,"ÇAYIROVA ÖZGÜRLÜK MERKEZİ KONUMDA, YENİLENMİŞ 2+1 SATILIK DAİRE",none,0,0,0,0,0,none,0,,1317538010
,ÖZGÜRLÜK MAH MERKEZİ KONUMDA SATILIK ASANSÖRLÜ 2+1 ARA DAİRE,none,0,0,0,0,0,none,0,,1313698079
,ASANSÖRLÜ LÜKS SEMT POLİKİNİK KARŞİSİ,none,0,0,0,0,0,none,0,,1315801167
,KOCAELİ ÇAYIROVA' DA 2+1 SATILIK DAİRE,none,0,0,0,0,0,none,0,,1319656357
Ara Kat,YENİ MAH. FATİH CAD. ÜZERİNDE SATILIK DAİRE ANA CAD. CEPHELİ,none,0,0,0,0,0,none,0,,1324459459
Ara Kat,ÇAYIROVA ÖZGÜRLÜK MAH SATILIK 2+1 DÜKAN ÜST GİRİŞ DAİRE,none,0,0,0,0,0,none,0,,1326086412
,YUNUS EMRE CAD EĞİMSİZ 3+1 140M2 SATILIK ÜST DUBLEKS DAİRE,standard,1,0,0,0,1,title,0,,1314399351
Çatı Dubleksi,ERTÜRK EMLAK'TAN E-5'E YAKIN SIFIR 2+1 110 M2 ÜST DUBLEX,roof,1,1,0,0,0,detail_and_title,0,title_generic_confirms_detail_subtype,1331607722
Ara Kat,ÇAYIROVA YENİ MAH 3+1 125 m2 ASANSÖRLÜ İSKANLI ARAKAT DAİRE,none,0,0,0,0,0,none,0,,1325493345
,RoyaLLife'den MERKEZİ LOKASYONUNDA ULTRA LÜX DAİRE,none,0,0,0,0,0,none,0,,1331624330
Dubleks,ÇAYIROVA İNÖNÜ MH 3+1 ÜST DUBLEKS DAİRE,standard,1,0,0,0,1,detail_and_title,0,,1322528017
Ara Kat,ÇAYIROVA İNÖNÜ MAHALLESİ CADDE ÜZERİNDE 2+1 ASANSÖLÜ ARAKAT,none,0,0,0,0,0,none,0,,1325963110
Ara Kat,SIFIR & MASRAFSIZ Çayırova Merkezde Kullanışlı 2+1 Daire,none,0,0,0,0,0,none,0,,1322974859
Ara Kat,ÇAYIROVA İNÖNÜ MAH 3+1 ARA KAT DAİRE,none,0,0,0,0,0,none,0,,1307733523
,ÇAYROVA İNÖNÜ MH.LÜX 3+1 ÜST DUBLEX ÇİFT TERASLI YÜKSEK KREDİ,standard,1,0,0,0,1,title,0,,1311231120
Çatı Dubleksi,"Özgürlük Mah. Mustafa Necati Okuluna Yakın, 4+1 200 m2",roof,1,1,0,0,0,detail,0,,1301376062
,BUDAK'TAN SATILIK 2+1 ASANSÖRLÜ SIFIR DAİRE,none,0,0,0,0,0,none,0,,1331285318
Dubleks,İNÖNÜ MAHALLESİNDE 4+1ÜST DUBLEKS,standard,1,0,0,0,1,detail_and_title,0,,1331275231
,ÇAYIROVA İNÖNÜ MH. SIFIR SATILIK 4+1 TERS DUBLEX İSKANLI,standard,1,0,0,0,1,title,0,,1308399283
,ÇAYIROVA ÖZGÜRLÜK'TE EMİNEV'E UYGUN SATILIK GENİŞ 2+1 ARAKAT,none,0,0,0,0,0,none,0,,1325854526
Ara Kat,"Cadde Üzeri,Ulaşım Kolaylığı Olan,Yatırıma Uygun Ara Kat 2+1",none,0,0,0,0,0,none,0,,1331043007
Ara Kat,ÇAYIROVA İNÖNÜ MAH. SATILIK 2+1 ARAKAT DAİRE,none,0,0,0,0,0,none,0,,1331004455
Ara Kat,ÇAYIROVA İNÖNÜ MAH 2+1 BALKONLU GİRİŞ DAİRE,none,0,0,0,0,0,none,0,,1331192679
,Ertuğrul Gazi Caddesinde Sıfır 3+1 Asansörlü Daire,none,0,0,0,0,0,none,0,,1324410975
,Sahibinden 2+1 yüksek giriş 93m2,none,0,0,0,0,0,none,0,,1275698404
,ÇAYIROVA ÖZGÜRLÜK 5+1 ASANSÖR YÜKSEK KREDİ ULTRA LÜX ÜST DUBLEX,standard,1,0,0,0,1,title,0,,1317990117
,Ana cadde üzerinde 2+1 daire Temiz.,none,0,0,0,0,0,none,0,,1330884733
,ÇAYIROVA İNÖNÜDE SIFIR 4+1 ÜST DUBLEX! GENİŞ YAŞAMIN YENİ ADRESİ,standard,1,0,0,0,1,title,0,,1327939498
Ara Kat,Çayırovada 2+1 Büyük Tip Satılık Daire,none,0,0,0,0,0,none,0,,1330730481
Ara Kat,CADDE ÜZERİNDE LÜKS YAŞAM KALİTESİ İLE ASANSÖRLÜ 2+1 ARAKAT,none,0,0,0,0,0,none,0,,1324921852
,ATATÜRK MAHALLESİ'NDE LÜKS TASARIMLI SATILIK 2+1 DAİRE,none,0,0,0,0,0,none,0,,1330949376
Ara Kat,İNÖNÜ MAHALLESİNDE 2+1 85M2 İSKANLI ÖN CEPHE UYGUN ARAKAT,none,0,0,0,0,0,none,0,,1330922124
,"EMİN EVİM, KATILIM EVİME UYGUN İÇİ YAPILI SATILIK 2+1 DAİRE",none,0,0,0,0,0,none,0,,1330680885
,Acil satılık Çayırova Yenimahalle merkezde 3+1 bahçe katı,none,0,0,0,0,0,none,0,,1321749205
Dubleks|En Üst Kat|Ara Kat|Ara Kat Dubleks|Bahçe Dubleksi|Çatı Dubleksi|Forleks|Ters Dubleks|Tripleks,ÇAYIROVADA SATILIK 5+1 ÜST DUBLEX DAİRE MERKEZE YAKIN,roof,1,1,0,0,0,detail_and_title,0,title_generic_confirms_detail_subtype,1330622591
,KAREF GAYRİMENKULDEN SATILIK 3+1 DUBLEKS DAİRE,standard,1,0,0,0,1,title,0,,1327741685
En Üst Kat,YATIRIMA VE OTURUMA UYGUN FULL EŞYALI 1+1 DAİRE,none,0,0,0,0,0,none,0,,1324795316
Çatı Dubleksi,ÇAYIROVA FATİH CADDESİ ALTINDA SATILIK 2+1 ÜST DUBLEKS,roof,1,1,0,0,0,detail_and_title,0,title_generic_confirms_detail_subtype,1279888815
Çatı Dubleksi,ÇAYIROVA EMKAY PETROL ARKASI SATILIK 4+1 SIFIR ÜST DUBLEKS DAİRE,roof,1,1,0,0,0,detail_and_title,0,title_generic_confirms_detail_subtype,1318444012
,GEBZE ÖZGÜRLÜK MAH. 1+1 iSKANLI DÜKKAN TAPULU SATILIK DAİRE,none,0,0,0,0,0,none,0,,1315643538
Ara Kat,"Şekerpınar Merkezde, Akpınar Plaza Yanında Sıfır 2+1 Daire",none,0,0,0,0,0,none,0,,1284304116
,ÇAYIROVA ÖZGÜRLÜK MAHALLESİ'NDE OTURUMA HAZIR GENİŞ 2+1,none,0,0,0,0,0,none,0,,1330410719
Çatı Dubleksi,ÇAYIROVA MAH FATİH CAD GİRİŞİNDE İSKANLI 3+1 DUBLEX DAİRE,roof,1,1,0,0,0,detail_and_title,0,title_generic_confirms_detail_subtype,1324422298
Ara Kat,ÇAYIROVA FATİH CAD. ÜZERİ SATILIK GENİŞ 3+1 DAİRE FEDBA,none,0,0,0,0,0,none,0,,1330469697
Bahçe Dubleksi|Ters Dubleks,dubleks daire,garden,1,0,1,0,0,detail_and_title,0,title_generic_confirms_detail_subtype,1330253218
Ara Kat,SIFIR SATILIK 2+1 LÜKS DAİRE ASANSÖRLÜ ARAKAT,none,0,0,0,0,0,none,0,,1330281924
,4 + 1 iskanlı dubleks daire,standard,1,0,0,0,1,title,0,,1330317290
Ara Kat,ÇAYIROVA ÖZGÜRLÜK MAH. SÜPER LOKASYON 3+1 110m2 KULLANIŞLI DAİRE,none,0,0,0,0,0,none,0,,1323901411
,WERA DAN ÖZGÜRLÜK MAH SATLIK 3+1TERS DUBLEKS,standard,1,0,0,0,1,title,0,,1330886582
Dubleks,İBRAHİM ATAŞ SATILIK DUBLEKS 4+1 KREDİYE UYGUN,standard,1,0,0,0,1,detail_and_title,0,,1324205503
,ÖZGÜRCE GYD'DEN ÇAYIROVA MAHALLESİ KAFKAS SİTESİN'DE 3+1 DAİRE,none,0,0,0,0,0,none,0,,1330058228
Ters Dubleks,ÇAYIROVA MAH FATİH CAD. GİRİŞİNDE 4+1 BAHÇELİ DUBLEX,standard,1,0,0,0,1,detail_and_title,0,,1330219372
Dubleks,SINIRSIZ KREDİLİ HASTANE YANI 5+1 ÜST DUBLEKS,standard,1,0,0,0,1,detail_and_title,0,,1330403390
Dubleks|En Üst Kat|Çatı Dubleksi,RoyaLLife Gayrimenkul 'den Özgürlük Mah. Sıfır 3+1 Dubleks Daire,roof,1,1,0,0,0,detail_and_title,0,title_generic_confirms_detail_subtype,1307974612
Ara Kat,SATILIK 2+1 ARAKAT,none,0,0,0,0,0,none,0,,1329905084
,200 m² Ultra Geniş 4+1 Dubleks | Çift Teras | Kapalı Otopark,standard,1,0,0,0,1,title,0,,1330141471
,Cadde dibinde çok kullanışlı kelepir 2+1 85 m² Yüksek giriş,none,0,0,0,0,0,none,0,,1329933876
,Çayırova İnönü mahallesi satılık ARAKAT,none,0,0,0,0,0,none,0,,1330046934
,ÇAYIROVA YENİ KENT MEYDANI YANI SIFIR 2+1 SATILIK LÜX DAİRE,none,0,0,0,0,0,none,0,,1329625605
,ÖZEL YAPIM ULTRA LÜKS 2+1 GİRİŞ KAT,none,0,0,0,0,0,none,0,,1326889513
Ara Kat,ÖZGÜRLÜK MAHALLESİ MUAMMER AKSOY CADDESİ SATILIK 110 m2 DAİRE,none,0,0,0,0,0,none,0,,1329604535
,NİL GAYRİMENKUL'DEN ARSA TAPULU GENİŞ 2+1,none,0,0,0,0,0,none,0,,1287921925
Dubleks|En Üst Kat,ÇAYIROVA GOLD CİTY EVLERİNDE DENİZİ GÖREN 5+1 GENİŞ DUBLEX,standard,1,0,0,0,1,detail_and_title,0,,1329760075
,Çayırova İnönü mahallesi 3+1 çok kullanışlı 130 m² Bahçe dublexi,garden,1,0,1,0,0,title,0,,1329928884
,ÖZGÜRLÜKTE İSKANLI UYGUN SATILIK FİYATA 2+1 ARA KAT,none,0,0,0,0,0,none,0,,1329699617
Ara Kat,Çayırova Özgürlük mahallesi belediyenin yanında satılık 2 + 1,none,0,0,0,0,0,none,0,,1329877179
Ara Kat,ACİL SATILIK 2+1 KREDİ VE KATILIM FİRMALARINA UYGUNDUR,none,0,0,0,0,0,none,0,,1329623129
,KREDİ LİMİTİ YOKTUR EMİNEVİM FUZULEV VB. FİRMALARA UYGUN,none,0,0,0,0,0,none,0,,1318463165
,İnönü mahallesinde çok kullanışlı 3+1 165 m² ÇATI DUBLEXİ,roof,1,1,0,0,0,title,0,,1329925137
Ara Kat,KOCAELİ ÇAYIROVA YENİ MAH. FATİH CAD. 130 m² SATILIK 3+1 DAİRE,none,0,0,0,0,0,none,0,,1329691409
Ara Kat,ÇAYIROVA İNÖNÜ MAHALLESİ'NDE SATILIK (2+1) ÇATI DUBLEX DAİRE,roof,1,1,0,0,0,title,0,,1326917230
Dubleks,"Kocaeli çayırovada 2.5+1 ,geniş ve ferah dubleks daire",standard,1,0,0,0,1,detail_and_title,0,,1329410767
Ara Kat,ÖZGÜRLÜK MAH. İSTİKLAL ORTA OKULU YANI 3+1 ARAKAT DAİRE,none,0,0,0,0,0,none,0,,1323104425
Ara Kat,▃İŞBİLİR▃KOCAELİ ÇAYIROVA İNÖNÜ MAHALLESİNDE 3+1 ARAKAT,none,0,0,0,0,0,none,0,,1309667638
,RoyaLLife Gayrimenkul'den MERKEZİ LOKAYON ÖZEL YAPIM 3+1 DAİRE,none,0,0,0,0,0,none,0,,1324680228
,2+1 Emsallerinden Büyük Teraslı Krediye Uygun Daire,none,0,0,0,0,0,none,0,,1330047703
,Kaçırılmayacak Fırsat Özgürlük Mahallesinde İskanlı Cadde Üstü,none,0,0,0,0,0,none,0,,1329405325
Ara Kat,Çayırova Özgürlük Mahallesi'nin Gözde Konumunda Sıfır 3+1 Lüx,none,0,0,0,0,0,none,0,,1329228364
Dubleks|En Üst Kat,Cb fly'dan Fatih Caddesinde Kaçırılmayacak 5+1 Dubleks,standard,1,0,0,0,1,detail_and_title,0,,1285674398
,KAPALI PAZARIN HEMEN YANINDA SATILIK SIFIR BÜYÜK 1+1 DAİRE,none,0,0,0,0,0,none,0,,1329369045
Ara Kat,FOKUS'TAN ÖZGÜRLÜK MAH SINIRSIZ KREDİLİ 3+1 ARA KAT DAİRE,none,0,0,0,0,0,none,0,,1324303689
Dubleks,FOKUS'TAN AŞIK MAHSUNİ ŞERİF PARKI YAKINI YÜKSEK KREDİLİ DUBLEKS,standard,1,0,0,0,1,detail_and_title,0,,1329140702
,İNÖNÜ MAHALLESİNDE KATTA TEK 5+1 SIFIR SATILIK DAİRE,none,0,0,0,0,0,none,0,,1317496356
En Üst Kat,4+1 ASANSÖRLÜ ÜST DUBLEX BEŞYOL AĞZINDA KATILIM EVİNE UYGUN ACİL,standard,1,0,0,0,1,title,0,,1316854930
Ara Kat,Muhteşem Konum cadde üzeri Yerden Isıtmalı Asansörlü 2+1Arakat,none,0,0,0,0,0,none,0,,1317957614
Ara Kat,Çayırova Şekerpınar Toki'De Satılık 2+1 Daire,none,0,0,0,0,0,none,0,,1328646910
Ara Kat,GALYA GAYRİMENKUL'DEN YENİMAHALLE FATİH CADDESİ BAŞINDA 2+1,none,0,0,0,0,0,none,0,,1321451959
Çatı Dubleksi,ERTÜRK EMLAK'TAN İNÖNÜ MAH.'DE SIFIR-ASANSÖRLÜ 4+1 ÜST DUBLEX,roof,1,1,0,0,0,detail_and_title,0,title_generic_confirms_detail_subtype,1328917339
,Mehmet Akif Ersoy Caddesine Cephe Geniş 3+1 Daire,none,0,0,0,0,0,none,0,,1329556695
Ara Kat,Çayırova özgürlük mahallesi cadeye yakın konumda satılık 3+1,none,0,0,0,0,0,none,0,,1322892343
Bahçe Dubleksi,Çayırova belediyesi yanında konum süper bahçe dubleks,garden,1,0,1,0,0,detail_and_title,0,,1317078534
Dubleks|En Üst Kat|Ara Kat|Ara Kat Dubleks|Bahçe Dubleksi|Çatı Dubleksi|Forleks|Ters Dubleks|Tripleks,ÇAYIROVA İSTİKLAL CADDE ÜZERİNDE SATILIK ASANSÖRLÜ 3+1 DAİRE,roof,1,1,0,0,0,detail,0,,1245876868
En Üst Kat,Çayırova Şekerpınar Doğa Evlerinde Acil Satılık 2+1 4.Kat 85 m2,none,0,0,0,0,0,none,0,,1328236958
,ÖZGÜRLÜK MAH SATILIK ASANSÖRLÜ 3+1 ÜST DUBLEX DAİRE,standard,1,0,0,0,1,title,0,,1328416441
,ÇAYIROVA ÖZGÜRLÜK MAH SATILIK 130 m2 SATILIK 2+1 DAİRE,none,0,0,0,0,0,none,0,,1317092294
,KÖŞE BAŞI GÜNEY CEPE ÖNÜ PARK DENİZ MANZARALI ASANSÖRLÜ 3+1 DBLX,none,0,0,0,0,0,none,0,,1300042772
Ara Kat,Şekerpınar Doğa Evleri Satılık 2+1 Amerikan Mutfak Daire,none,0,0,0,0,0,none,0,,1321848994
Ara Kat,YUNUS EMRE CADDESİNE CEPHE-ASANSÖRLÜ-UYGUN FİYAT-3+1 ARAKAT.....,none,0,0,0,0,0,none,0,,1322746019
Ara Kat,İçi Yenilenmiş Ara Kat 2+1 Kat Mülkiyetli Daire,none,0,0,0,0,0,none,0,,1328708308
,ÖZGÜRLÜK MAH 43 M HİSSELİ 2+1 TOPRAK TAPULU ARAKAT DAİRE,none,0,0,0,0,0,none,0,,1328256990
,Merkezi konumda 2kat,none,0,0,0,0,0,none,0,,1268595089
,İnönü Mahallesi Hayme Ana Park Yanı 2+1 Arakat,none,0,0,0,0,0,none,0,,1328891432
Ara Kat,ÖZGÜRLÜK MH. 3+1 125 m2 İSKANLI SATILIK ARAKAT DAİRE,none,0,0,0,0,0,none,0,,1328490385
Ara Kat,ÇAYIROVA İNÖNÜ MAH 2+1 95 m2 İSKANLI GENİŞ KARE ARAKAT DAİRE,none,0,0,0,0,0,none,0,,1316155046
,EMİNEVİM KATILIMEVİM VB..FİRMALARINA UYGUN 4+1 ASANSÖRLÜ ÜSTDBLX,none,0,0,0,0,0,none,0,,1319817815
Çatı Dubleksi,ÇAYIROVA İNÖNÜ MAH. 190 m² 4+1 DUBLEX,roof,1,1,0,0,0,detail_and_title,0,title_generic_confirms_detail_subtype,1321334961
Ara Kat,MODERN YAŞAMIN ANAHTARI! 2+1 ASANSÖRLÜ YERDEN ISITMALI,none,0,0,0,0,0,none,0,,1321867954
,ACİL ASAF GAYRİMENKULDEN EMKAY PETROL'DE SATILIK 3+1 DUBLEKS,standard,1,0,0,0,1,title,0,,1327399789
Ara Kat,KOCAELİ ÇAYIROVA FATİH CAD. ALT SOKAĞI 120 m² 2+1 SATILIK DAİRE,none,0,0,0,0,0,none,0,,1316699260
,Fırsat İnönü Mahallesi'nde 185 m² 5+1,none,0,0,0,0,0,none,0,,1322526223
Ara Kat,KOCAELİ ÇAYIROVA SATILIK DAİRE,none,0,0,0,0,0,none,0,,1316235674
Ters Dubleks,ÖZGÜRLÜK MAH-2+1 TERS DUBLEXS 100m2-İSKANLI-KOMBİLİ,standard,1,0,0,0,1,detail,0,,1321732128
,ÖZGÜRLÜK MAH 2+1 ASANSÖRLÜ İSKANLI ARAKAT DAİRE,none,0,0,0,0,0,none,0,,1314789670
,ÖZGÜRLÜK MAH FUL KREDİYE AÇIK ARA KAT 3+1 ASANSÖRLÜ DAİRE,none,0,0,0,0,0,none,0,,1327680615
Çatı Dubleksi,BELEDİYE' YE KOMŞU KREDİ LİMİTSİZ İSKANLI ASANSÖRLÜ 5+1 ÇATI DUB,roof,1,1,0,0,0,detail,0,,1321967222
,çayirova özgürlük mahalesi satilik üst dubleks,standard,1,0,0,0,1,title,0,,1327181602
,ÇAYIROVA KARAKOL KARŞISI CADDE ÜZERİ SATILIK TERASLI 2+1 DAİRE,none,0,0,0,0,0,none,0,,1328268991
Çatı Dubleksi,BELEDİYE' YE KOMŞU İSKANLI ASANSÖRLÜ SIFIR 3+1 ÇATI DUBLEKSİ,roof,1,1,0,0,0,detail_and_title,0,,1322020720
,Halk Bankası'ndan Kocaeli Çayırova Satılık Konut,none,0,0,0,0,0,none,0,,1321661545
Dubleks,Özgürlük Mahallesi'nde satılık 3+1 dubleks,standard,1,0,0,0,1,detail_and_title,0,,1309432243
Dubleks,3+1 ÜST DUBLEKS-MERKEZİ LOKASYON-ASANSÖRLÜ-GENİŞ VE FERAH.......,standard,1,0,0,0,1,detail_and_title,0,,1327574546
,ÇAYIROVA ÖZGÜRLÜK MAHALLESİNDE SATILIK FERAH 1+1 DAİRE,none,0,0,0,0,0,none,0,,1327118161
Ara Kat,EMİNEVİM UYGUN-ASANSÖRLÜ-3+1 GENİŞ ARAKAT-SEMT POLİKLİNİĞİ KARŞI,none,0,0,0,0,0,none,0,,1327386026
,BAĞLARBAŞI MAH. SIFIR 2+1 SATILIK BAHÇE KATI,none,0,0,0,0,0,none,0,,1323463611
Çatı Dubleksi,DARICA MERKEZ'DE SİTE İÇİ LÜKS 4+2 FUL DENİZ GÖREN ÇATI DUBLEKS!,roof,1,1,0,0,0,detail_and_title,0,,1332435315
Ara Kat,MARMARAY YAKINI SINIRSIZ KREDİ 2+1 LÜKS 90M2 ARA KAT ASANSÖR,none,0,0,0,0,0,none,0,,1329474867
Ara Kat,DARICA MERKEZ ÇARŞI YAKINI 2+1 105 m2 ASANSÖRLÜ ARA KAT DAİRE,none,0,0,0,0,0,none,0,,1326348977
,sahibinden ev,none,0,0,0,0,0,none,0,,1332307151
Ters Dubleks,SAHİBİNDEN SATILIK ABDİ İPEKÇİ'de 4+1 TERS DUBLEKS,standard,1,0,0,0,1,detail_and_title,0,,1332293212
,DARICA MERKEZDE METRO YANINDA 3+1 DAİRE,none,0,0,0,0,0,none,0,,1319912980
Ara Kat,ZİRVE'DEN MARMARAY DURAĞI KARŞISI TAPU MSRFSIZ 2+1 87M² Y.GİRİŞ,none,0,0,0,0,0,none,0,,1321075315
En Üst Kat|Çatı Dubleksi,DARICA İSTASYON CAD MARMARAY YANI SATILIK 4+1 LÜKS DUBLEKS DAİRE,roof,1,1,0,0,0,detail_and_title,0,title_generic_confirms_detail_subtype,1332063359
,BAĞLARBAŞI MAH 3+1 120M2 ASANSÖRLÜ K.OTOPARKLI EBEVEYN BAN,none,0,0,0,0,0,none,0,,1331942137
Dubleks,EMİN FUZUL BİR EVİM KURUMLARINA UYGUN SATILIK 4+1 ÜST DUBLEKS,standard,1,0,0,0,1,detail_and_title,0,,1313636076
Çatı Dubleksi,Gölge Gayrimenkul'den Satılık 4+1 Dubleks Daire,roof,1,1,0,0,0,detail_and_title,0,title_generic_confirms_detail_subtype,1322972131
Ara Kat,BAĞLARBAŞI MAH SOKULLU CAD. YAKINI 2+1 LÜX ARAKAT DAİRE,none,0,0,0,0,0,none,0,,1325585889
Ara Kat,DARICA BAĞLARBAŞI MAH. 3+1 SATILIK DAİRE,none,0,0,0,0,0,none,0,,1331712257
Ara Kat,"Merkezi Konumda Asansörlü, Kapalı Otoparklı Satılık 2+1",none,0,0,0,0,0,none,0,,1331636077
,SINIRSIZ KREDİLİ DARICA MERKEZDE LUX 100 m2 ARAKAT,none,0,0,0,0,0,none,0,,1313146853
Ara Kat,BAĞLARBAŞI MH SATILIK 2+1 90m² FIRSAT ARAKAT KUPON DAİRE,none,0,0,0,0,0,none,0,,1331937999
Ara Kat,ÖZGÜRCE GYD'DEN DARICA BAĞLARBAŞINDA ASANSÖRLÜ 3+1 ARA KAT!,none,0,0,0,0,0,none,0,,1317101275
Dubleks|Çatı Dubleksi,DARICA MERKEZ'DE DENİZ MANZARALI ASNARÖLÜ 3+1 DUBLEKS,roof,1,1,0,0,0,detail_and_title,0,title_generic_confirms_detail_subtype,1320069447
,BAĞLARBAŞI MAH 2+1 95 M2 ASANSÖRLÜ LÜX ARA KAT DAİRE,none,0,0,0,0,0,none,0,,1330797324
,Bağlarbaşı Mah. İstasyn Cad. Yakını K.Otoparklı Satılık Lüks 2+1,none,0,0,0,0,0,none,0,,1328391556
,Darıca Bağlarbaşı Mahallesi'nde ara kat 2+1 satılık Daire,none,0,0,0,0,0,none,0,,1321329506
,BAĞLARBAŞI MAH FIRSAT TOPRAK TEMAZSIZ 3+1 GİRİŞ KATI,none,0,0,0,0,0,none,0,,1316722789
Dubleks,DARICA ABDİ İPEKÇİ MAH. SATILIK 3+1 GENİŞ TERASLI DUBLEKS DAİRE,standard,1,0,0,0,1,detail_and_title,0,,1287606196
,DARICANIN İNCİSİ BAĞLARBAŞI MH 2+1 KAÇIRILMIYCAK DAİRE,none,0,0,0,0,0,none,0,,1331521183
Çatı Dubleksi,DARICA MERKEZ'DE 4+1 220M² LÜKS FUL DENİZ GÖREN ÇATI DUBLEKS,roof,1,1,0,0,0,detail_and_title,0,,1330820816
Ters Dubleks,DARICA BAĞLARBAŞI MAH. PIRLANTA SİTESİ'NDE SATILIK 4+1 DUBLEKS,standard,1,0,0,0,1,detail_and_title,0,,1330692415
Çatı Dubleksi,BAĞLARBAŞI MAH DARICA MERKEZDE DENİZ MNZRA ULTRA LÜKS 3+1 DUBLEX,roof,1,1,0,0,0,detail_and_title,0,title_generic_confirms_detail_subtype,1330454468
,DARICA MERKEZDE SATILIK 3+1 NET 125 m2 ARA KAT,none,0,0,0,0,0,none,0,,1329631757
,BAĞLARBAŞI MAH 2+1 TEK DAİRE ÜZERİ ASANSÖRLÜ LÜX GENİŞ ARA KAT!,none,0,0,0,0,0,none,0,,1324813193
En Üst Kat,darıca merkezde ziraat bankası karsısında 30m² daıre kıraya son,none,0,0,0,0,0,none,0,,1323116618
,BAĞLARBAŞI MAH. TUZLA CAD YAKINI 2+1 95m2 LÜKS ARAKAT,none,0,0,0,0,0,none,0,,1329556480
,"NET""DEN GEBZE*MARMARAY*DURAĞI*YAKINI*ASANSÖRLÜ 4+1 DUBLEKS",standard,1,0,0,0,1,title,0,,1323268785
Ara Kat,MİLLET BAHÇESİ YENİ BELEDİYE YAKINI SIFIR 3+1 125M² LÜKS ARA KAT,none,0,0,0,0,0,none,0,,1330470033
,FIRSATTT BAĞLARBAŞI MAH DARICA MERKEZDE LÜKS 2+1 GİRİŞ DAİRE,none,0,0,0,0,0,none,0,,1324355333
,BAĞLARBAŞI MAH.MÜSTAKİL BAHÇELİ 2+1 95M2 LÜKS SIFIR BAHÇE KATI!,none,0,0,0,0,0,none,0,,1324337032
Dubleks|Çatı Dubleksi,ESKİHİSAR CADDESİ ÜZERİ DENİZ MANZARALI 4+1 260 M² LÜKS DUBLEKS,roof,1,1,0,0,0,detail_and_title,0,title_generic_confirms_detail_subtype,1308360510
Ara Kat,REALVEST TUĞRUL YILDIZ'DAN ABDİİPEKÇİ'DE SATILIK KUPON DAİRE,none,0,0,0,0,0,none,0,,1328828625
Çatı Dubleksi,DARICA MERKEZDE SATILIK 3+1 200m2 GENİŞ TERASLI ÇATI DUBLEKS,roof,1,1,0,0,0,detail_and_title,0,,1328752232
Çatı Dubleksi,BAĞLARBAŞI MAH.3+1 ASANSÖRLÜ SATILIK DAİRE,roof,1,1,0,0,0,detail,0,,1313968697
,KOCAELİ DARICA BAĞLARBAŞI MAH 2+1 95M2 İSTASYON CD YAKINI,none,0,0,0,0,0,none,0,,1328746820
En Üst Kat,ABDİ İPEKÇİ GEBZE MARMARAY YAKINI 2+1 ASANSÖRLÜ SIFIR DAİRE,none,0,0,0,0,0,none,0,,1316287573
,Bağlarbaşı Mah. Satılık 2+1 | 90 m² Asansörlü Yerden Isıtmalı,none,0,0,0,0,0,none,0,,1327291151
,VİZYON EMLAKTAN SINIRSIZ KREDİ VE FUZUL*EMİN EVİM *KATILIM EVİM,none,0,0,0,0,0,none,0,,1316642499
Ara Kat,TUZLA CAD YAKINI SIFIR 95M² LÜKS ASANSÖRLÜ ÖN CEPHE ORTA KAT!,none,0,0,0,0,0,none,0,,1324138312
Çatı Dubleksi,MİLLET BAHÇESİ YAKINI SIFIR 3+1 DENİZ MANZARALI FIRSAT DUBLEKS!,roof,1,1,0,0,0,detail_and_title,0,title_generic_confirms_detail_subtype,1318663517
Çatı Dubleksi,BAĞLARBAŞI MAH.5+1 ÜST LÜXDUBLEX SINIRSIZ KREDİ İMKANI K.OTOPARK,roof,1,1,0,0,0,detail,0,,1320723259
Ara Kat,DENGE'DEN DARICA'DA CADDE ÜZERİ SATILIK 3+1 LÜKS DAİRE,none,0,0,0,0,0,none,0,,1320891462
,"GEBZE MARMARAYA 2DK ,TAPU MASRAFSIZ 2+1 FIRSAT YÜKSEK GİRİŞ",none,0,0,0,0,0,none,0,,1327677100
Ara Kat,BAĞLARBAŞI MERKEZ'DE FIRSAT 2+1 95M² ASANSÖRLÜ İSKANLI ARA KAT,none,0,0,0,0,0,none,0,,1329031630
Ara Kat,DARICA BAĞLARBAŞI MAH MERKEZ'DE 2+1 95M² LÜKS ASANSÖRLÜ ARA KAT!,none,0,0,0,0,0,none,0,,1318397600
Ara Kat,DARICA MERKEZ HALKBANK YAKINI 2+1 105M² LÜKS ASANSÖRLÜ ORTA KAT!,none,0,0,0,0,0,none,0,,1318034481
Ara Kat,BAĞLARBAŞI MAH. K. OTOPARKLI 3+1 125m2 ARAKAT,none,0,0,0,0,0,none,0,,1326751600
,BAĞLARBAŞI MAH SIFIR YERDEN ISITMALI LÜX 2+1 90 m2 1. KAT DAİRE,none,0,0,0,0,0,none,0,,1326903762
,NET'DEN HAS-ER KARŞISI MERKEZDE FIRSAT İSKANLI SIFIR 2+1 Y.GİRİŞ,none,0,0,0,0,0,none,0,,1302447177
Ara Kat,DARICA MERKEZ'DE LÜKS 2+1 95M² ASANSÖRLÜ OTOPARKLI SIFIR ARA KAT,none,0,0,0,0,0,none,0,,1328508632
Çatı Dubleksi,BAĞLARBAŞI MH FULL DENİZ MANZARALI 3+1 190M² LÜKS ÇATI DUBLEKSİ,roof,1,1,0,0,0,detail_and_title,0,,1328367222
Çatı Dubleksi,MİLLET BAHÇESİ YAKINI 4+1 LÜKS DENİZ MANZARALI ÇATI DUBLEKS!,roof,1,1,0,0,0,detail_and_title,0,,1311025945
Ara Kat,TUZLA CADDESİ YAKINI SIFIR 2+1 95 M² ASANSÖRLÜ LÜKS ARA KAT,none,0,0,0,0,0,none,0,,1315800549
Ara Kat,DARICA BAYRAMOĞLU MAH.SİTE İÇİNDE SATILIK LÜX DAİRE,none,0,0,0,0,0,none,0,,1317691165
,BAYRAMOĞLU ADA DUT SOKAKTA 2+1 KOMBİLİ BAHÇE KATI....,none,0,0,0,0,0,none,0,,1309315110
Ara Kat,CAMİ MAHALLESİNDE SAHİLE YAKIN KREDİYE UYGUN 3+1 İSKANLI DAİRE,none,0,0,0,0,0,none,0,,1332085872
Ara Kat,BAYRAMOĞLU CAD. EMSALSİZ 2+1 GENİŞ ASANSÖRLÜ OTOPARKLI DAİRE,none,0,0,0,0,0,none,0,,1326259142
Ara Kat,YENİ BİNADA OTURULMAMIŞ 2+1,none,0,0,0,0,0,none,0,,1329068422
En Üst Kat,BAYRAMOĞLU KASTEL SİTESİ MASRAFSIZ 2+1 FULL DENİZ MANZARALI,none,0,0,0,0,0,none,0,,1314896642
Bahçe Dubleksi,BAHÇE DUBLEKS 2+1 BRÜT 206m²ALEMDAR HOUSE&SUİTS BOŞ KİRACI ÇIKTI,garden,1,0,1,0,0,detail_and_title,0,,1279997053
Dubleks,"NEZİH KONUMDA,KREDİYE UYGUN,ASANSÖRLÜ, ÖZEL TASARIMLI 4+1",standard,1,0,0,0,1,detail,0,,1331918683
Ara Kat,Cami Mah. Manolya Evleri'nde Ebeveyn Banyolu 2+1 Ara Kat Daire,none,0,0,0,0,0,none,0,,1296753252
Ara Kat,BAYRAMOĞLU MAHALLESİ A.OTOPARKLI 3+1 ARAKAT SATILIK DAİRE,none,0,0,0,0,0,none,0,,1331219854
Ara Kat,BAYRAMOĞLU ÖBİTAŞ SİTESİ'NDE DENİZ MANZARALI EŞYALI 1+1 SATILIK,none,0,0,0,0,0,none,0,,1328243588
,CAMİ MH. Y.ISITMALI ARA KAT NİTELİĞİNDE YÜKSEK GİRİŞ LÜKS DAİRE,none,0,0,0,0,0,none,0,,1321589280
Dubleks|Ara Kat|Bahçe Dubleksi|Ters Dubleks,Manolya Evleri Cami Mahallesinde 4+1 Bahçe Dubleks,garden,1,0,1,0,0,detail_and_title,0,,1276180886
Çatı Dubleksi,DENİZ MANZARALI ASANSÖRLÜ DAİRE FIRSATI,roof,1,1,0,0,0,detail,0,,1330991939
Ara Kat,CAMİ MAHALLESİN'DE LÜKS 2+1 ARA KAT EBEVEYN BANYOLU BALKONLU,none,0,0,0,0,0,none,0,,1325642885
Bahçe Dubleksi,DARICA BAYRAMOĞLUNDA İSKANLI BAHÇELİ 3+1 TERS DUBLEX DAİRE,garden,1,0,1,0,0,detail_and_title,0,title_generic_confirms_detail_subtype,1330782894
,BALYANOZ KOYU YAKINI EMİN EVİME UYGUN 2+1 90 m2 YÜKSEK GİRİŞ,none,0,0,0,0,0,none,0,,1317944083
Ara Kat,"Darıca'da Sahile Yakın, Bahçeli, Otoparklı Dubleks Daire",standard,1,0,0,0,1,title,0,,1322072091
Ara Kat,CAMİ MAH SAHİL'DE SATILIK 3+1 140M² LÜKS İÇİ YENİLENMİŞ ARA KAT!,none,0,0,0,0,0,none,0,,1318915699
Ara Kat,NET'DEN FSM CAD.BALYANOZ'A YÜRÜME BUTİK SİTEİÇİ 2+1 85M² ARA KAT,none,0,0,0,0,0,none,0,,1324791301
,UZMAN YAPI'DAN KASTEL TATİL KÖYÜ'NDE FULL EŞYALI DAİRE,none,0,0,0,0,0,none,0,,1325025202
Ara Kat,DARICA BAYRAMOĞLU EMNİYET ARKASI SATILIK 2+1 ARAKAT DAİRE !!!,none,0,0,0,0,0,none,0,,1330467736
Dubleks|Çatı Dubleksi,BAYRAMOĞLU MAHALLESİ EŞSİZ DENİZ MANZARALI 4+1 240 M² DUBLEKS,roof,1,1,0,0,0,detail_and_title,0,title_generic_confirms_detail_subtype,1327071416
Ara Kat,ADA EMLAKTAN SATILIK KASTEL TATİL SİTESİNDE DENİZ MANZARALI 2+1,none,0,0,0,0,0,none,0,,1317466586
Bahçe Dubleksi,YAŞAR EMLAKTAN BALYANOZDA 3 + 1 110 M² BAHÇELİ-HAVUZLU K.OTOPARK,garden,1,0,1,0,0,detail,0,,1324587385
Çatı Dubleksi,BAYRAMOĞLUNDA FİRST CLASS FULL DENİZ MANZARALI 4+1 ÇATI DUBLEKSİ,roof,1,1,0,0,0,detail_and_title,0,,1317783166
Dubleks,DARICA'NIN EN SEÇKİN NOKTASINDA DENİZ MANZARALI LÜKS DUBLEKS,standard,1,0,0,0,1,detail_and_title,0,,1321522674
,BAYRAMOĞLU MH DENİZ MANZARALI 3+1 ÜST DUBLEX 180 M2 SATILIK,standard,1,0,0,0,1,title,0,,1324162386
Bahçe Dubleksi,BAYRAMOĞLU'NDA DENİZE 100 M 3+1 MÜSTAKİL GİRİŞLİBAHÇE DUBLEKSİ,garden,1,0,1,0,0,detail_and_title,0,,1312135262
,BAYRAMOĞLU MAHALLESİ'NDE GENİŞ VE FERAH 3+1 DUBLEKS,standard,1,0,0,0,1,title,0,,1284709290
Dubleks,DARICA CAMİ MH. İKİ AİLE YAŞAMINA UYGUN SATILIK 4+1 DUBLEX DAİRE,standard,1,0,0,0,1,detail_and_title,0,,1320549803
,NET'DEN DARICA MERKEZE VE SAHİLE YAKIN K.OTOPRAKLI 2+1 DAİRE,none,0,0,0,0,0,none,0,,1330381260
Dubleks|En Üst Kat|Çatı Dubleksi,ADA İÇERİSİNDE 5+2 DENİZ MANZARALI DUBLEX,roof,1,1,0,0,0,detail_and_title,0,title_generic_confirms_detail_subtype,1329801219
,BAYRAMOĞLU MAH 3+1 170 m² DENİZ MANZARALI ASANSÖRLÜ ÇATI DUBLEX,roof,1,1,0,0,0,title,0,,1329057180
Çatı Dubleksi,CAMİ MAH. SİTE İÇİ ASANSÖRLÜ K.OTOPARKLI 2+1 120m² ÇATI DUBLEKSİ,roof,1,1,0,0,0,detail_and_title,0,,1322994899
Çatı Dubleksi,RAMS DENİZKENT YETKİLİ OFİSTEN FULL DENİZ MANZARALI 3+1 DUBLEX,roof,1,1,0,0,0,detail_and_title,0,title_generic_confirms_detail_subtype,1324845333
Ara Kat,ADA İÇİNDE FULL EŞYALI ŞEKİLDE SATILIK FIRSAT ARAKAT,none,0,0,0,0,0,none,0,,1322935338
Ara Kat,Darıca Bayramoğlu 2+1 Daire,none,0,0,0,0,0,none,0,,1327920019
,YAŞAR EMLAK'TAN BAYRAMOGLU ADADA 1 + 1 55 M² BAHÇE KATI DAİRE,none,0,0,0,0,0,none,0,,1317587391
Çatı Dubleksi,DARICA MERKEZDE ANA CADDE ÜZERİ SATILIK SIFIR 4+1 DUBLEKS,roof,1,1,0,0,0,detail_and_title,0,title_generic_confirms_detail_subtype,1303694331
Çatı Dubleksi,SAHİLE YÜRÜME MESAFESİNDE 2+1 DUBLEKS HAVUZLU SİTE SINIRSIZKREDİ,roof,1,1,0,0,0,detail_and_title,0,title_generic_confirms_detail_subtype,1322156813
Çatı Dubleksi,CAMİ MAHSİNDE ZİRAAT BANKASININ HEMEN ÜSTÜNDE SATILIK 4+1 DUBLEX,roof,1,1,0,0,0,detail_and_title,0,title_generic_confirms_detail_subtype,1318029317
Ters Dubleks,BAYRAMOĞLU ADA İÇİNDE SATILIK 2+1 TERS DUBLEKS,standard,1,0,0,0,1,detail_and_title,0,,1318280105
,CAMİ MAH. TUZLA CAD. ÜSTÜNDE 3+1 120M2 EBEVEYN BANYOLU,none,0,0,0,0,0,none,0,,1304026932
Çatı Dubleksi,ÇÖZÜM EMLAKTAN CAMİ MAHALLESİNDE DENİZ MANZARALI ÜST DUBLEKS,roof,1,1,0,0,0,detail_and_title,0,title_generic_confirms_detail_subtype,1299142491
,BAYRAMIĞLU SİTE İÇİNDE SATILIK 2+1 DAİRE,none,0,0,0,0,0,none,0,,1321252689
Ara Kat,Kastel Tatil Sitesinde Yalı Dairesi,none,0,0,0,0,0,none,0,,1299042886
,Darıca merkezde okullar bölgesinde Buğra Hocaoğlu Apt,none,0,0,0,0,0,none,0,,1314446742
Dubleks|Çatı Dubleksi,CAMİ MAH DENİZ MANZARALI 4+1 220 M² ASANSÖRLÜ OTOPARKLI DUBLEKS,roof,1,1,0,0,0,detail_and_title,0,title_generic_confirms_detail_subtype,1321992046
,"PRESTİJLİ KONUMDA,SAHİLE YAKIN,YERDEN ISITMALI,ASANSÖRLÜ 2+1",none,0,0,0,0,0,none,0,,1327701724
Çatı Dubleksi,PİRAMİT EMLAK TAN FULL DENİZ MAZARALI 4+1 ÜST 240M2 DUBLEX DAİRE,roof,1,1,0,0,0,detail_and_title,0,title_generic_confirms_detail_subtype,1326918033
Dubleks,MURAT FİLİZ'DEN SAFİR SİTESİNDE HAVUZLU GÜVENLİKLİ TERASLI 3+1,standard,1,0,0,0,1,detail,0,,1310283054
Ara Kat,FİNANS EVİM UYGUN BAYRAMOGLU 2 + 1 85 M² BOŞ SİTE İÇ DAİRE,none,0,0,0,0,0,none,0,,1315948735
Ara Kat,BAYRAMOĞLU SAHİL YAKINI DENİZ MANZARALI 2+1 95M² LÜKS ARA KAT,none,0,0,0,0,0,none,0,,1322620760
Ara Kat,"%50PEŞİNAT,36 AY TAKSİT İMKANI İLE DENİZ MANZARALI 2+1",none,0,0,0,0,0,none,0,,1326875400
Ara Kat,BAYRAMOĞLU MAH.YENİ EMNİYET YAKINI LÜKS YAPIM 2+1 ARA KAT,none,0,0,0,0,0,none,0,,1328238768
Ara Kat,BAYRAMOĞLU MAHALLESİ FSM CADDESİ ÜZERİ 3+1 150M2 FIRSAT ARA KAT!,none,0,0,0,0,0,none,0,,1299712532
Ara Kat,BAYRAMOĞLU SAHİL YAKINI ASANSÖRLÜ LÜX 95 M2 2+1 SIFIR ARAKAT,none,0,0,0,0,0,none,0,,1316868884
Ara Kat,CAMİ MAH SIFIR 3+1 120M² LÜKS ASANSÖRLÜ ÖN CEPHE ORTA KAT!,none,0,0,0,0,0,none,0,,1322018048
Çatı Dubleksi,BAYRAMOĞLU MAH 3+1 178 M² ASANSÖRLÜ DENİZ MANZARALI DUBLEKS,roof,1,1,0,0,0,detail_and_title,0,title_generic_confirms_detail_subtype,1316474063
Dubleks|En Üst Kat|Ara Kat|Ara Kat Dubleks|Bahçe Dubleksi|Çatı Dubleksi|Forleks|Ters Dubleks|Tripleks,BAYRAMOĞLU HAVUZLU SİTE İÇİNDE SATILIK 85m2 SIFIR 2+1 ARAKAT,roof,1,1,0,0,0,detail,0,,1320782427
Dubleks|Çatı Dubleksi,CAMİ MAH SAHİL YAKINI 3+1 200 M² LÜKS DENİZ MANZARALI DUBLEKS,roof,1,1,0,0,0,detail_and_title,0,title_generic_confirms_detail_subtype,1326863007
Dubleks,OSCAR EMLAK'TAN BAYRAMOĞLU İLÇE EMNİYET YANI SATILIK 4+1 DUBLEKS,standard,1,0,0,0,1,detail_and_title,0,,1315599043
Çatı Dubleksi,BAYRAMOĞLU MH SATILIK 4+1 230m² LÜKS ASANSÖRLÜ DUBLEKS GENİŞ,roof,1,1,0,0,0,detail_and_title,0,title_generic_confirms_detail_subtype,1326758540
,İstasyon caddesine yakın 2+1 ara kat,none,0,0,0,0,0,none,0,,1332421572
Bahçe Dubleksi,Fevzi Çakmak Mahallesi Metro Durağı Yanı 4+1 Satılık Daire,garden,1,0,1,0,0,detail,0,,1329256337
,EGE GAYRİMENKUL SATILIK 2+1 SIFIR DAİRE FEVZIÇAKMAK MAHALLESİ,none,0,0,0,0,0,none,0,,1326287674
,"""YÜKSEK KREDİLİ"" FARABİ HST İSTASYON CAD YKN LÜX 2+1 GİRİŞ KAT",none,0,0,0,0,0,none,0,,1326145504
,DARICA FEVZİ ÇAKMAK MAHALLESİNDE 3+1 YÜKSEK GİRİŞ SATILIK DAİRE,none,0,0,0,0,0,none,0,,1309144516
Dubleks|En Üst Kat,Eşsiz Boğaz Manzaralı | Caddeye Cephe | 3+1 Üst Dubleks,standard,1,0,0,0,1,detail_and_title,0,,1331736753
Dubleks|En Üst Kat|Çatı Dubleksi,ÖZGÜRCE GYD'DEN FEVZİÇAKMAKTA SINIRSIZ KREDİLİ 2+1 ÜST DUBLEKS,roof,1,1,0,0,0,detail_and_title,0,title_generic_confirms_detail_subtype,1304825334
,BAYRAMOĞLUNA YAKIN BAHÇELİ BARBEKÜLÜ YAZLIK HAVASINDA 2+1,none,0,0,0,0,0,none,0,,1309716328
Dubleks,"Site içinde çift girişli 2 daire kullanılan 4+1,5 Dubleks",standard,1,0,0,0,1,detail_and_title,0,,1328073802
Dubleks,FARABİ DEVLET HASTANE NİN YAKININ DA 4+1 220m2 ÜST DUBLEKS,standard,1,0,0,0,1,detail_and_title,0,,1330897156
,İKİ AİLEYE UYGUN FIRSAT DUBLEX TEK DAİRE FİYATINA İKİ DAİRE,standard,1,0,0,0,1,title,0,,1330529431
,EMEK MH FSM CADDESİNE CEPHE 2+1 SATILIK ÜST DUBLEX 95 M2,standard,1,0,0,0,1,title,0,,1327038957
Çatı Dubleksi,HAVUZLU SİTEDE - ASANSÖRLÜ - SATILIK LÜKS 2+1 ÜST DUBLEKS,roof,1,1,0,0,0,detail_and_title,0,title_generic_confirms_detail_subtype,1318144052
Dubleks,4+1 Dubleks | Bahçe ve Teras Keyfi | Marmaray Yakını,standard,1,0,0,0,1,detail_and_title,0,,1324159793
Ara Kat,FEVZİ ÇAKMAK MAH. MERKEZİ LOKASYONDA SATILIK GENİŞ 2+1 ARA KAT,none,0,0,0,0,0,none,0,,1318713467
Ara Kat,FEVZİ ÇAKMAK MAHALLESİ MERKEZİ KONUMDA 2+1 105 M² LÜKS ORTA KAT,none,0,0,0,0,0,none,0,,1331734389
,EMEK MAHALLESİNDE HAVUZLU SİTE İÇERİSİNDE SATILIK DUBLEKS DAİRE,standard,1,0,0,0,1,title,0,,1323800130
,DARICA EMEK MH SİNDE FSM CD ÇOK YAKIN Y ISITMALI ARAKAT 2+1,none,0,0,0,0,0,none,0,,1330017644
Ara Kat,EMİN EV FUZUL EV KATILIM FİRMALARINA UYGUN 2+1 ARAKAT DAİRE,none,0,0,0,0,0,none,0,,1330193328
,MURAT FİLİZ'DEN G MARİN SİTESİ HAVUZ GÜVENLİKLİ LÜKS 3+1 BAHÇELİ,none,0,0,0,0,0,none,0,,1268721403
Dubleks|En Üst Kat|Çatı Dubleksi,ÖZGÜRCE GYDDEN FEVZİ ÇAKMAK FARABİ YAKINI KULLANŞLI 4+1 DUBLEKS,roof,1,1,0,0,0,detail_and_title,0,title_generic_confirms_detail_subtype,1329624501
,Butik Site İçi K.Otopark ve Asansörlü 2+1 Lüks 100m2 Daire!,none,0,0,0,0,0,none,0,,1316466121
,ROYAL EMLAK'TAN G MARİN SİTESİ HAVUZLU GÜVENLİKLİ 1+1,none,0,0,0,0,0,none,0,,1323870773
,FEVZİÇAKMAK MAH. MERKEZİ KONUMDA İSKANLI ASANSÖRLÜ 2+1 GİRİŞ,none,0,0,0,0,0,none,0,,1320547700
Ara Kat,BİRİKİM'den EMEK MAH BALYANOZ YAKINI ASANSÖRLÜ 2+1 ARAKAT,none,0,0,0,0,0,none,0,,1304034269
,RAMSIN YANI 2+1 HAVUZLU OTOPARKLI ARAKAT,none,0,0,0,0,0,none,0,,1321809427
Ara Kat,DARICANIN MERKEZİ KONUMUNDA SATILIK 3+1 DAİRE 117M2 NET,none,0,0,0,0,0,none,0,,1323253940
Ara Kat,EMEK MAHALLESİ MERKEZİ KONUM ASANSÖRLÜ 2+1 98M² İSKANLI ARA KAT!,none,0,0,0,0,0,none,0,,1328063554
Ara Kat,7/24 GÜVENLİKLİ G MARİN SİTESİN'DE SATILIK 2+1 LÜKS ARA KAT,none,0,0,0,0,0,none,0,,1316111622
Ara Kat,EMEK MAHALLESİ ÇARŞI YAKINI ASANSÖRLÜ LÜX 2+1 95 m2 ARA KAT,none,0,0,0,0,0,none,0,,1327088993
,AY EMLAK'TAN FSM CAD. ÇOK YAKIN KONUMDA 2+1 ASANSÖRLÜ DAİRE,none,0,0,0,0,0,none,0,,1315107205
Ara Kat,FEVZİ ÇAKMAK MAHALLESİ MERKEZİ KONUMDA 3+1 110 M2 ARAKAT DAİRE,none,0,0,0,0,0,none,0,,1321592848
Ara Kat,R.WORKTEN 2+1 ARAKAT KÜLTÜR MERKEZİNE 1 DK,none,0,0,0,0,0,none,0,,1320700475
,İSTASYON CADDESİNDE ÇARŞI İÇİNDE MARMARAYA YAKIN 2+1 BAHÇE KATI,none,0,0,0,0,0,none,0,,1327321702
Ara Kat,"KONFORLU 2+1 ARAKAT DAİRE TUZLA CD YAKIN, EBEVEYN BANYOLU, 90 M2",none,0,0,0,0,0,none,0,,1332401120
,DARICA KAZIMKARABEKİR MAH 2+1 YÜKSEK GİRİŞ YERDEN ISITMALI,none,0,0,0,0,0,none,0,,1329383981
Ara Kat,*EMİN EVİME UYGUN*NENEHATUN MAH. İSKANLI 2+1 ARAKAT DAİRE,none,0,0,0,0,0,none,0,,1298112186
Dubleks|En Üst Kat,NENEHATUN MH ÇİFT AİLEYE UYGUN 4+2 KAPALI TERASLI İSKANLI DUBLEX,standard,1,0,0,0,1,detail_and_title,0,,1288515897
Ara Kat,ÖZGÜRCE GYDDEN ÇINAR YAKINI TAPU MASRAFSIZ GENİŞ 2+1 ARAKAT,none,0,0,0,0,0,none,0,,1328994318
Çatı Dubleksi,"""EMİNEVİME UYGUN"" SINIRSIZ KREDİ SOKULLU CAD ÜZERİ 3+1 DUBLEX",roof,1,1,0,0,0,detail_and_title,0,title_generic_confirms_detail_subtype,1331847656
Ara Kat,TUZLA CADDESİ ÜZERİ BUTİK SİTE DE ÖNÜ AÇIK 3+1 ARA KAT DAİRE,none,0,0,0,0,0,none,0,,1325897813
,KAZIM KARABEKIR MAH 3+1 135 m² SINIRSIZ KREDİ FIRSAT ARAKAT,none,0,0,0,0,0,none,0,,1325724729
,FARABİ HASTANESİ YAKINI ULTRA LÜKS 2+1,none,0,0,0,0,0,none,0,,1328663456
Dubleks,Önü Kapanmaz Şehir Manzaralı Teraslı Dubleks - 2 Aileye Uygun,standard,1,0,0,0,1,detail_and_title,0,,1329625383
Dubleks,DARICA NIN ŞAHANE KONUMUNDA 4+1 DUBLEKS,standard,1,0,0,0,1,detail_and_title,0,,1314369386
,NENEHATUN MAH 3+1 120M² K.OTOPARK ASANSÖRLÜ LÜKS SIFIR 1.KAT!,none,0,0,0,0,0,none,0,,1325355185
,TÜM FİNAS KRULUŞLARINA UYGUN ARAKAT YERDEN ISITMA,none,0,0,0,0,0,none,0,,1331633051
Dubleks|Çatı Dubleksi,Sahibinden Satılık 4+1 Geniş Teraslı Dubleks,roof,1,1,0,0,0,detail_and_title,0,title_generic_confirms_detail_subtype,1331062169
,KAZIMKARABEKİR MH ULTRA LÜX GENİŞ ASANSÖRLÜ 2+1 DAİRE,none,0,0,0,0,0,none,0,,1331503993
,KAZIM KARABEKİR MAH 2+1 YÜKSEK GİRİŞ,none,0,0,0,0,0,none,0,,1331434218
Ara Kat,Oscar' dan SATILIK Tuzla cad. altı 2+1 85m2 Asansörlü Lüks Daire,none,0,0,0,0,0,none,0,,1330800067
Ara Kat,K.KARABEKİR MAH MERKEZİ KONUMDA SINIRSIZ KREDİLİ LÜX 3+1 ARA KAT,none,0,0,0,0,0,none,0,,1331220136
En Üst Kat,SOKULLU CAD CEPHE MERKEZİ KONUMDA LÜKS 2+1 90 m2 DAİRE,none,0,0,0,0,0,none,0,,1308083614
,KAZIMKARABEKİR MH SATILIK 3+1 ARAKAT 125 M2 CADDEYE CEPHE,none,0,0,0,0,0,none,0,,1325239190
Çatı Dubleksi,260m² 5+1 ÇİFT MUTFAKLI 2 AİLEYE UYGUN,roof,1,1,0,0,0,detail,0,,1316632796
Ara Kat,ATATÜRK CADDESİ YAKINI SİTE İÇİ 3+1 125M² ASANSÖRLÜ LÜKS ARA KAT,none,0,0,0,0,0,none,0,,1330811261
Dubleks,SEYİDOĞULLARI İNŞAAT,standard,1,0,0,0,1,detail,0,,1330601764
Ara Kat,*ATATÜRK CADDESİ YAKINI SIFIR 2+1 95 M² LÜKS ASANSÖRLÜ ARA KAT*,none,0,0,0,0,0,none,0,,1313035687
Ara Kat,TUZLA CADDESİ YAKINI SIFIR ULTRA LÜKS ASANSÖRLÜ 3+1 ARAKAT DAİRE,none,0,0,0,0,0,none,0,,1330557204
,E5E MARMARYA YAKIN 2+1 100M2 ÇİFT BALKON ÇİFT BANYO WC Lİ DAİRE,none,0,0,0,0,0,none,0,,1128519514
,2+1 GENİŞ ASANSÖRLÜ ARA KAT DAİRE,none,0,0,0,0,0,none,0,,1331408114
,SATILIK 4+1 ÜST DUBLEKS 3.kat,standard,1,0,0,0,1,title,0,,1330423080
Ara Kat,EMİN EVİM & FUZUL EVİM SINIRSIZ KREDİ İMKANLI 3+1 ARA KAT,none,0,0,0,0,0,none,0,,1323178279
Ara Kat,NENEHATUN MAH BAHÇEŞEHİR KOLEJİ YANI 2+1 SIFIR ARAKAT DAİRE,none,0,0,0,0,0,none,0,,1327711076
Dubleks|Çatı Dubleksi,EKSEN GYD'den Nenehatun'da 150m² 3+1 Dubleks Daire,roof,1,1,0,0,0,detail_and_title,0,title_generic_confirms_detail_subtype,1322882575
Dubleks|Çatı Dubleksi,Nenehatun mh.Tuzla cd. yakın 4+1 üst dubleks,roof,1,1,0,0,0,detail_and_title,0,title_generic_confirms_detail_subtype,1330253778
Ara Kat,TUZLA CD YAKINI SINIRSIZ KREDİLİ 2+1 90 M2 SIFIR FIRSAT ARA KAT,none,0,0,0,0,0,none,0,,1330209203
Ara Kat|Çatı Dubleksi,DARICA KAZIMKARABEKİR MAH TUZLA CAD YAKINI 4+1 DUBLEX DAİRE,roof,1,1,0,0,0,detail_and_title,0,title_generic_confirms_detail_subtype,1324134814
,İSTASYON CADDESİNE YAKIN BAHÇELİ 2+1 90m2 LÜX YÜKSEK GİRİŞ,none,0,0,0,0,0,none,0,,1330238159
,NET'DEN İSTASYON CAD.YANİ EMİNEVİME UYGUN 2+1 85M2 ARA KAT,none,0,0,0,0,0,none,0,,1330243159
Çatı Dubleksi,EMİN EVİM SATIŞINA UYGUN 4+1 220m² ÇATI DUBLEKSİ FIRSATI,roof,1,1,0,0,0,detail_and_title,0,,1318523004
,BATTALGAZİ CADDESİNDE SİTE İÇİNDE LÜKS 3+1 125 M2 YÜKSEK GİRİŞ,none,0,0,0,0,0,none,0,,1324146594
Ara Kat,KAZIM KARABEKİR MH. 3+1 ARAKAT / CUMARTESİ PAZARINDA SATILIK,none,0,0,0,0,0,none,0,,1327332322
Ara Kat,KAZIM KARABEKİR AŞIK VEYSEL CAD 2+1 LÜKS 100M2 ARA KAT ASANSÖRLÜ,none,0,0,0,0,0,none,0,,1327143704
Ara Kat,ULTRA LÜKS GENİŞ VE KULLANIŞLI 2+1 ARA KAT ASANSÖRLÜ OTOPARKLI,none,0,0,0,0,0,none,0,,1322763992
,GÖRÜLMEYE DEĞER AVANTAJLI 2+1 GENİŞ KULLANIMLI ARA DUBLEX DAİRE,standard,1,0,0,0,1,title,0,,1324236519
,Darıca Nenehatun Mh Battalgazi Cd 2+1 Arakat Daire,none,0,0,0,0,0,none,0,,1317292808
,TUZLA CADDESİNDE // 2+1 FIRSAT // 95 M2 SIFIR LÜX //YÜKSEK GİRİŞ,none,0,0,0,0,0,none,0,,1329120022
Ara Kat,GENİŞ VE FERAH SIFIR 3+1 | 120 M² | YERDEN ISITMALI,none,0,0,0,0,0,none,0,,1329677932
,LOKMAN HEKİM CADDESİNDE İSKANLI KOMBİLİ 2+1 95 M2 ARAKAT DAİRE,none,0,0,0,0,0,none,0,,1310962978
Ara Kat,SEYİDOĞULLARI İNŞAAT,none,0,0,0,0,0,none,0,,1322234764
Dubleks,SEYİDOĞULLARI İNŞAAT,standard,1,0,0,0,1,detail,0,,1322237530
Ara Kat|Çatı Dubleksi,KARAGÜLLE'den Nenehatun'da Satılık 3+1 Geniş Üst Dubleks Daire,roof,1,1,0,0,0,detail_and_title,0,title_generic_confirms_detail_subtype,1322028825
Ara Kat Dubleks|En Üst Kat,DARICA NENE HATUN KAYAKENT SİTESİ 2+1 120 M² ASANSÖRLÜ ÇATI DUBL,middle_floor,1,0,0,1,0,detail,0,,1319972192
Dubleks|Çatı Dubleksi,EKSEN GYD'DEN İKİ AİLEYE UYGUN 200 m2 4+1 DUBLEX DAİRE,roof,1,1,0,0,0,detail_and_title,0,title_generic_confirms_detail_subtype,1321420071
Ara Kat,KAZIMKARABEKİR MAH. EMİN EVİME UYGUN 2+1 90 20m² ARA KAT DAİRE,none,0,0,0,0,0,none,0,,1320595212
,"TUZLA CADDESİNE 1 DK, 2+1 100 M²,YERDEN ISITMALI, ÇİFT WC'Lİ",none,0,0,0,0,0,none,0,,1328905511
Dubleks|En Üst Kat|Ara Kat|Ara Kat Dubleks|Bahçe Dubleksi|Çatı Dubleksi|Forleks|Ters Dubleks|Tripleks,Nenehatun Mah Balkonlu Arakat Lüx Ferah Sıfır 2+1 Daire,roof,1,1,0,0,0,detail,0,,1303094370
Ara Kat,SAHİBİNDEN TUZLA CADDESİNE YAKIN 2+1 DAİRE 2.KAT 90m2,none,0,0,0,0,0,none,0,,1327075998
,KATILIM EVLERİNE UYGUN KAZIM KARABEKİRDE SATILIK 3+1 ÜSTDUBLEKS,none,0,0,0,0,0,none,0,,1327487292
,"TUZLA CADDESİNE 1 DK 3+1 120 M²YERDEN ISITMALI,ASANSÖRLÜ,ARA KAT",none,0,0,0,0,0,none,0,,1328663650
Dubleks,TUZLA CAD. YAKINI 2+1 130m² ÜST DUBLEKS ASANSÖR KAPALI OTOPARK,standard,1,0,0,0,1,detail_and_title,0,,1318282224
,AİLELER İÇİN İDEAL! SİTE İÇERİSİNDE SATILIK 3+1 YÜKSEK GİRİŞ,none,0,0,0,0,0,none,0,,1327497080
,^NET'DEN BATTALGAZİ CAD.YANI 2+1 70M² FIRSAT Y.GİRİŞ^,none,0,0,0,0,0,none,0,,1327904250
,K.KARABEKİR MAH MARMARAY YAKINI 3+1 125M² İSKANLI LÜKS Y.GİRİŞ!,none,0,0,0,0,0,none,0,,1321718128
Dubleks|En Üst Kat|Ara Kat|Çatı Dubleksi,"SÜREYYA YALÇIN ORTAOKUL YANI , MARKET KARŞISI DUBLEKS DAİRE !",roof,1,1,0,0,0,detail_and_title,0,title_generic_confirms_detail_subtype,1327533756
,TUZLA CADDESİNE YAKIN 5+1 220 M2 2 AİLEYE UYGUN ÇATI DUBLEKS,roof,1,1,0,0,0,title,0,,1309858449
Ara Kat,TUZLA CADDESİ YAKINI MERKEZİ KONUM 2+1 92M² LÜKS FIRSAT ARA KAT!,none,0,0,0,0,0,none,0,,1327580162
Çatı Dubleksi,NENEHATUN MAH TUZLA CAD YANI 3+1 130M2 SATILIK DUBLEKS DAİRE,roof,1,1,0,0,0,detail_and_title,0,title_generic_confirms_detail_subtype,1326881720
Çatı Dubleksi,NENEHATUN MAH. MERKEZDE GENİŞ KULLANIŞLI 4+1 ÇATI DUBLEKS,roof,1,1,0,0,0,detail_and_title,0,,1322493894
Ara Kat,KAZIM KARABEKİR MAH SINIRSIZ KREDİLİ 2+1 95 m² FIRSAT ARAKAT,none,0,0,0,0,0,none,0,,1315535031
,!K.KARABEKİR MAH 2+1 90M² MERKEZİ KONUM'DA LÜKS ARA KAT!,none,0,0,0,0,0,none,0,,1316772830
,EMİNEVİME UYGUN ASANSÖRLÜ 3+1 ARA KAT DAİRE,none,0,0,0,0,0,none,0,,1327580313
Ara Kat,LOKMAN HEKİM CADDESİ YAKINI İSKANLI 2+1 ARA KAT DAİRE,none,0,0,0,0,0,none,0,,1327749944
Ara Kat,R.WORKTEN ACİL FIRSAT DAİRE | İSKANLI 2+1 90 M2 ARA KAT,none,0,0,0,0,0,none,0,,1326885518
,KAZIM KARABEKİRDE SIFIR 2+1 90 m2 SATILIK ARA KAT,none,0,0,0,0,0,none,0,,1326674852
Ara Kat,İSTASYON CAD YAKINI SIFIR 2+1 95M² LÜKS ASANSÖRLÜ ORTA KAT DAİRE,none,0,0,0,0,0,none,0,,1304038015
Dubleks,"TUZLA CADDESİ'NDE,ASANSÖRLÜ,ÇİFT WC'Lİ,GENİŞ TERASLI DUBLEKS",standard,1,0,0,0,1,detail_and_title,0,,1332316196
Ara Kat,DARICA OSMANGAZİ MAH.DE KAPALI OTOPARKLI ASANSÖRLÜ 2+1 DAİRE,none,0,0,0,0,0,none,0,,1319501270
Ara Kat,TURYAP'TAN OSMANGAZİ'DE MERKEZİ KONUMDA MASRAFSIZ FIRSAT 2+1,none,0,0,0,0,0,none,0,,1326226157
En Üst Kat,MERT ERKAN YELKENKAYADA 2 + 1 75 M² DENİZE SIFIR-DENİZ MANZARALI,none,0,0,0,0,0,none,0,,1331924517
Ara Kat,TUZLA CAD KOMBİLİ ANKSTRE SETLİ ULTRA LÜKS 2+1 95 m2 ARAKAT,none,0,0,0,0,0,none,0,,1326134768
Ara Kat,PİRİREİS MAH TUZLA CAD YAKINI LÜKS ASANSÖRLÜ 3+1 ARA KAT DAİRE,none,0,0,0,0,0,none,0,,1331904541
,Denize Sıfır Satılık 2+1 Dubleks Daire Özel Plajlı Site İçi,standard,1,0,0,0,1,title,0,,1331843340
,2+1 ayrı mutfak arakat sahibinden Darıca Osmangazi de,none,0,0,0,0,0,none,0,,1331687651
Ara Kat,PİRAMİT EMLAKTAN FUUL DENİZ MAZARALI 3+1 ARAKAT 140 M2 KULLANIM,none,0,0,0,0,0,none,0,,1325509443
Ara Kat,TUZLA CAD. YAKIN 2+1 90m2 ASANSÖRLÜ ARA KAT SATILIK DAİRE,none,0,0,0,0,0,none,0,,1316882825
Ara Kat,VİZYON EMLAK'TAN DENİZ MANZARALI - ASANSÖRLÜ 3+1 ARAKAT,none,0,0,0,0,0,none,0,,1325775748
,SINIRSIZ KREDİ ATATÜRK CD. YANI ARAKAT 2+1 DAİRE,none,0,0,0,0,0,none,0,,1318214717
Dubleks|Ara Kat|Çatı Dubleksi,TUZLA CADDESİ 2+1 LÜKS 125M2 DENİZ MANZARALI DUBLEKS ASANSÖR,roof,1,1,0,0,0,detail_and_title,0,title_generic_confirms_detail_subtype,1328172641
Dubleks,TUZLA CAD BAH YAKINI 4+1 180 M2 MERKEZİ LOKASYONDA ÜST DUBLEKS,standard,1,0,0,0,1,detail_and_title,0,,1330996930
Dubleks,Darıca Osmangazi Mah.Meydanda Satılık SIFIR DUBLEKS FIRSAT DAİRE,standard,1,0,0,0,1,detail_and_title,0,,1319003528
Ara Kat,FIRSAT !!!! DARICA PİRİREİS DE 3+1 SIFIR ARKAT DAİRE,none,0,0,0,0,0,none,0,,1321778215
,DARICA MARMARAY DURAĞINA YAKIN 2+1 90m2 TERASLI YÜKSEK GIRIŞ,none,0,0,0,0,0,none,0,,1324123497
,DARICA OSMANGAZİ MAHALLESİNDE SATILIK ASANSÖRLÜ 2+1 ARAKAT DAİRE,none,0,0,0,0,0,none,0,,1327867752
Ara Kat,ROYAL EMLAKTAN YELKENKAYA KÖRFEZ SİTESİNDE SATILIK DAİRE,none,0,0,0,0,0,none,0,,1330725268
Çatı Dubleksi,OSMANGAZİ MH.DE SATILIK 3+1 SATILIK TERAS DUBLEX,roof,1,1,0,0,0,detail_and_title,0,title_generic_confirms_detail_subtype,1328034751
,TUZLA CADDESİNE YAKIN SİTE İÇERİSİNDE HARİKA 3+1 FIRSAT DAİRE,none,0,0,0,0,0,none,0,,1324771669
,UZMAN YAPI'DAN AŞIROĞLU CADDESİ ÜZERİ ÖZEL GENİŞ FIRSAT 2+1,none,0,0,0,0,0,none,0,,1330958710
,TUZLA CADDESİ YAKINI 3+1 LÜKS 100M2 YÜKSEK GİRİŞ YERDEN ISITMA,none,0,0,0,0,0,none,0,,1327838658
Çatı Dubleksi,OSMANGAZİ MH CADDE ÜSTÜ ASANSÖRLÜ LÜX DUBLEX,roof,1,1,0,0,0,detail_and_title,0,title_generic_confirms_detail_subtype,1306180976
Ara Kat,TUZLA CADDESİ YAKINI 3+1 LÜKS 130M2 ARAKAT ASANSÖR/YERDEN ISITMA,none,0,0,0,0,0,none,0,,1327837703
,AŞIROĞLU CADDESİ YAKINI 2+1 YERDEN ISITMALI ARAKAT,none,0,0,0,0,0,none,0,,1311494585
,NET'DEN MARMARAY YANI 2+1 85M2 ASANSÖRLÜ K.OTOPARKLI LÜX ARA KAT,none,0,0,0,0,0,none,0,,1330412420
,TUZLA CAD. YAKINI ULTRA LÜKS 2+1 95 m² YÜKSEK GİRİŞ DAİRE,none,0,0,0,0,0,none,0,,1330572376
Ters Dubleks,MERT ERKAN'DAN OSMANGAZİ 3 + 1 130 M² YENİ BİNA SAT TERS DUBLEX,standard,1,0,0,0,1,detail_and_title,0,,1329392047
,3+1 SATILIK ARAKAT DAİRE,none,0,0,0,0,0,none,0,,1329244985
Ara Kat,OSMANGAZİ MAH. AŞIROĞLU CADDESİNE 1 PARSEL 3+1 ARAKAT FIRSATI,none,0,0,0,0,0,none,0,,1326645139
Bahçe Dubleksi,MERT ERKAN'DAN ZEN EVLERİ 1 + 1 EŞYALI ULTRA LUX DUBLEX DAİRE,garden,1,0,1,0,0,detail_and_title,0,title_generic_confirms_detail_subtype,1278089312
Dubleks,4+1 SATILIK ASANSÖRLÜ DUBLEX DAİRE *OSMANGAZİ*,standard,1,0,0,0,1,detail_and_title,0,,1323485072
,DENİZ MANZARALI 3+1 DUBLEKS DAİRE,standard,1,0,0,0,1,title,0,,1328761260
Dubleks,OSMANGAZİ MAHALLESİ | TUZLA CADDESİNE YAKIN 2+1 DUBLEX,standard,1,0,0,0,1,detail_and_title,0,,1328926237
,^NET'DEN MARMARAY'A YÜRÜME ASANSÖRLÜ 2+1 78M2 LÜX ARA KAT^,none,0,0,0,0,0,none,0,,1318634581
,EGE GAYRİMENKUL SIFIR SATILIK 2+1 DAİRE OSMANGAZI MAHALLESİ,none,0,0,0,0,0,none,0,,1327579897
Dubleks|Ara Kat,4+1 180 M2 ÇATI DUBLEX ÇİFT GİRİŞLİ ÇİFT WC Lİ MANZARALI DUBLEX,standard,1,0,0,0,1,conflict_detail_wins,1,conflict detail=standard title=roof,1328504618
Ters Dubleks,Şirin'den Darıcada Bahçe Kullanımlı Ferah 3+1 Ters Dubleks Daire,standard,1,0,0,0,1,detail_and_title,0,,1327862215
Çatı Dubleksi,SATILIK 3+1 180M2 DUBLEX İSKANLI ASANSÖRLÜ DARICA OSMANGAZİ MAH,roof,1,1,0,0,0,detail_and_title,0,title_generic_confirms_detail_subtype,1322039887
Ara Kat,VİZYON EMLAK'TAN ARAKAT GENİŞ KULLANIŞLI 3+1 DAİRE,none,0,0,0,0,0,none,0,,1328934462
Ara Kat,SERDARŞIK GAYRİMENKULDEN KAPALI OTOPARKLI ASANSÖRLÜ ARAKAT DAİRE,none,0,0,0,0,0,none,0,,1324574618
Ara Kat,TUZLA CADDESİ FİLE MARKET YAKINI ASANSÖRLÜ GENİŞ 2+1 ARA KAT,none,0,0,0,0,0,none,0,,1318425299
,NET'DEN TUZLA CADDESİ DİBİNDE EBEVEYN BANYOLU 3+1 ARAKAT DAİRE,none,0,0,0,0,0,none,0,,1329417373
Dubleks|En Üst Kat|Ara Kat Dubleks|Çatı Dubleksi,OSMANGAZİ MAH. CADDE ÜZERİ İSKANLI MASRAFSIZ 4+1 ÜST DUBLEKS,roof,1,1,0,0,0,detail_and_title,0,title_generic_confirms_detail_subtype,1309833225
Ara Kat,"""SINIRSIZ KREDİLİ""BAYRAMOĞLU MEVKİ LÜKS SİTE İÇİ 2+1 95 m2 ARKT",none,0,0,0,0,0,none,0,,1321279878
Ara Kat,PİRİREİS MAHALLESİ TUZLA CADDESİ ÜZERİNDE LÜKS 3+1 SATILIK DAİRE,none,0,0,0,0,0,none,0,,1315601660
Dubleks,DARICA SİTE İÇİ SATILIK KAP/AÇIK OTOPARK. 5+1 SÜPER LÜX DUBLEKS,standard,1,0,0,0,1,detail_and_title,0,,1321307908
Ara Kat,"""EMİNEVİME UYGUN""FULL DENİZ MNZRALI LÜKS 3+1 120 m2 ARAKAT",none,0,0,0,0,0,none,0,,1327555891
,*AŞIROĞLU CADDESİ YAKINI MERKEZİ KONUM'DA 2+1 95M² GENİŞ DAİRE!,none,0,0,0,0,0,none,0,,1318404535
Ara Kat,ZİRVE'DEN OSMANGAZİ MAH. MERKEZİ KONUMDA 125M² 3+1 ARA KAT,none,0,0,0,0,0,none,0,,1317320194
Ara Kat,UZMAN YAPI'DAN TUZLA CADDESİNE YAKIN 90 M² LÜKS 2+1 ARAKAT DAİRE,none,0,0,0,0,0,none,0,,1326980894
Dubleks|En Üst Kat|Ara Kat Dubleks|Bahçe Dubleksi|Çatı Dubleksi|Forleks|Ters Dubleks|Tripleks,3+1 ARAKAT SİTE OTOPARKLI DAİREMİZ SATILIK .. KİANA EVLERİ ...,roof,1,1,0,0,0,detail,0,,1315210646
,UZMAN YAPI'DAN BUTİK SİTE İÇİNDE SATILIK 2+1,none,0,0,0,0,0,none,0,,1327287042
Ara Kat,AŞIROĞLU CAD VE MARMARAY YAKINI 2+1 90M² SIFIR ASANSÖRLÜ ARA KAT,none,0,0,0,0,0,none,0,,1326963850
Ara Kat,"BAH HASTANE YAKINI,ASANSÖRLÜ,KAPALI OTOPARKLI 2+1 ARA KAT",none,0,0,0,0,0,none,0,,1327287759
,PİRİ REİS MAH. TUZLA CADDESİ ÜZERİ VİLLA TİPİ 2+1 BAHÇE DUBLEKSİ,garden,1,0,1,0,0,title,0,,1320370955
,KELEPİR FİYAT! SIRASÖĞÜTLERDE *SINIRSIZ KREDİ* 2+1 90m2 FIRSAT!,none,0,0,0,0,0,none,0,,1332379971
Ara Kat,MARMARAY YAKINI MODERN MİMARİYLE DİZAYN EDİLMİŞ LÜKS 2+1 ARA KAT,none,0,0,0,0,0,none,0,,1319908521
,MARMARAY YAKINI ASANSÖRLÜ BARBEKÜLÜ 6+1 GENİŞ DUBLEKS DAİRE,standard,1,0,0,0,1,title,0,,1314737122
Ara Kat,ZİRVE'DEN MARMARAY DURAĞI YAKINI ASANSÖRLÜ 2+1 98M² ARAKAT DAİRE,none,0,0,0,0,0,none,0,,1297525763
,ROYAL EMLAK'TAN SIRASÖĞÜTLER'DE FIRSAT 2+1 GİRİŞ KAT DAİRE,none,0,0,0,0,0,none,0,,1331707797
Ara Kat,SIRASÖĞÜTLER MAH. MARMARAY DURAĞINA YAKIN 3+1 115m2 ARA KAT,none,0,0,0,0,0,none,0,,1331854844
,MARMARAYA ve E-5 YAKINI MERKEZİ LOKASYONDA LÜX 3+1 YÜKSEK GİRİŞ,none,0,0,0,0,0,none,0,,1331824409
Dubleks|Çatı Dubleksi,DARICA SAHİL'DE LEB-İ DERYA DENİZ MANZARALI 4+1 LÜKS DUBLEKS,roof,1,1,0,0,0,detail_and_title,0,title_generic_confirms_detail_subtype,1323915337
Dubleks,"ACİL SATILIK! MARMARAY'A1 DK. ÇİFT WC'Lİ, GENİŞ TERASLI DUBLEKS!",standard,1,0,0,0,1,detail_and_title,0,,1332063170
Çatı Dubleksi,"Deniz Manzaralı , Merkez'e , Sahile Yakın 4+1 Üst Dubleks",roof,1,1,0,0,0,detail_and_title,0,title_generic_confirms_detail_subtype,1322354787
Ara Kat,SIRASÖĞÜTLER MAH. MARMARAY DURAĞINA YAKIN 3+1 110m2 ARA KAT,none,0,0,0,0,0,none,0,,1319309293
Ara Kat,DARICA MARMARAY DURAĞINA YAKIN 2+1 ASANSÖRLÜ Y.ISITMALI ARA KAT,none,0,0,0,0,0,none,0,,1316726356
Ara Kat,DARICA MARMARAY YAKINI ASANSÖRLÜ 3+1 120 m2 LÜX ORTA KAT DAİRE,none,0,0,0,0,0,none,0,,1323972803
,Darıca yalı mahallesinde yatırımlık daire,none,0,0,0,0,0,none,0,,1331012930
Ara Kat,DARICA SIRASÖĞÜTLER MAH 3+1 ARAKAT 120M2 SIFIR CADDE ÜZERİNDE,none,0,0,0,0,0,none,0,,1317980595
Ara Kat,ZİRVE'DEN MARMARAY DURAĞI YAKINI ASANSÖRLÜ 2+1 98M² ARAKAT DAİRE,none,0,0,0,0,0,none,0,,1331437174
Ara Kat,SIRASÖĞÜTLER MAH SATILIK 3+1 120m² ULTRA LÜKS DAİRE EŞSİZ,none,0,0,0,0,0,none,0,,1313705896
,DARICA SIRASÖĞÜTLER MAHALLESİ SATILIK ASANSÖRLÜ 4+1 ÜST DUBLEXS.,none,0,0,0,0,0,none,0,,1310543086
,LİYA GAYRİMENKULDEN SAHİLE YÜRÜME MESAFESİ 2+1 SATILIK ARA KAT,none,0,0,0,0,0,none,0,,1307420653
,satilik daire,none,0,0,0,0,0,none,0,,1330217319
Ara Kat,ATATÜRK CAD MARMARAY YAKINI 2+1 95 M² ASANSÖRLÜ SIFIR ARA KAT,none,0,0,0,0,0,none,0,,1324402472
,MARMARAYA YÜRÜME ATATÜRK CAD ÜSTÜNDE 2+1 LÜKS ORTA KAT DAİRELER,none,0,0,0,0,0,none,0,,1298855394
Ara Kat,KİM BU MANZARA EŞİLİĞİNDE GÜNE UYANMAK VE KAHVE İÇMEK İSTEMEZKİ?,none,0,0,0,0,0,none,0,,1312424969
Ara Kat,MARMARAY DURAĞI YAKINI LÜKS 2+1 100M² ASANSÖRLÜ FIRSAT ARA KAT!,none,0,0,0,0,0,none,0,,1295535381
En Üst Kat,Turyap Koza'dan Merkezi Konumda Lüx 3+1 Daire,none,0,0,0,0,0,none,0,,1323594308
Ara Kat,!MARMARAY DURAĞI YAKINI SIFIR 3+1 125m2 LÜKS ASANSÖRLÜ ARA KAT!,none,0,0,0,0,0,none,0,,1324591975
,MARMARAY YAKINI 3+1 ASANSÖRLÜ SINIRSIZ KREDİLİ LÜKS ÜST KAT,none,0,0,0,0,0,none,0,,1330200599
,FIRSAT!!! SIRASÖĞÜTLER MARMARAY YAKINI 3+1 GENİŞ DAİRE,none,0,0,0,0,0,none,0,,1323528815
,DARICA MERKEZDE FUL DENİZ MAN. 3+1 160m² SATILIK ÜST DUBLEX,standard,1,0,0,0,1,title,0,,1317877146
Dubleks|En Üst Kat|Çatı Dubleksi,SIRASÖĞÜTLERDE MARMARAYA ÇOK YAKIN 4+1 GENİŞ DUBLEKS DAİRE,roof,1,1,0,0,0,detail_and_title,0,title_generic_confirms_detail_subtype,1312595995
,MARMARAY YAKINI LUX 2+1 ARAKAT ASANSÖRLÜ,none,0,0,0,0,0,none,0,,1330525264
Ara Kat,"S. Söğütler'de 2+1, 80m², Asansörlü, Otoparklı Daire",none,0,0,0,0,0,none,0,,1317636886
Dubleks,MARMARAY DARICA DURAĞI DİBİNDE 4+1 LÜX CAM TERASLI DUBLEX DAİRE,standard,1,0,0,0,1,detail_and_title,0,,1323367837
Çatı Dubleksi,DARICA'DA MARMARAYA YÜRÜME MESAFESİNDE SATILIK ÜST DUBLEX DAİRE,roof,1,1,0,0,0,detail_and_title,0,title_generic_confirms_detail_subtype,1317394595
En Üst Kat,DARICA SIRASÖĞÜTLER MH'NDE MARMARAYA YAKIN 2+1 ULTRA LÜKS DAİRE,none,0,0,0,0,0,none,0,,1311436663
Ara Kat,OSCAR EMLAK'TAN 2+1 YÜKSEK GİRİŞ DAİRE,none,0,0,0,0,0,none,0,,1317313026
Ara Kat,YALI MAH. MİLLET BAHÇESİNE YÜRÜME MESAFESİNDE 2+1 95M2 ARA KAT,none,0,0,0,0,0,none,0,,1328273138
Ara Kat,DARICA YENİ MAH. SAHİLE YÜRÜME DENİZ MANZARALI ARAKAT DAİRE,none,0,0,0,0,0,none,0,,1321076618
Ara Kat,MARMARAYA YAKIN LÜX ASANSÖRLÜ 3+1 ARAKAT DAİRE,none,0,0,0,0,0,none,0,,1310054370
Ara Kat,UYGUN FİYATA SATILIK SIRASÖĞÜTLER DE MARMARAYA YAKIN 2+1 ARAK,none,0,0,0,0,0,none,0,,1329446886
,SIRASÖĞÜTLERDE 3+1 115 m2 LÜKS ARAKAT,none,0,0,0,0,0,none,0,,1321840731
,NET'DEN MARMARAY YAKINI SIRASÖĞÜTLER MAH 2+1 85m2 LÜX ARAKAT,none,0,0,0,0,0,none,0,,1317674369
Ara Kat,SIRASÖĞÜTLER MARMARAY YAKINI 3+1 GENİŞ ARAKAT DAİRE,none,0,0,0,0,0,none,0,,1299548700
Ara Kat,MARMARAY DURAĞI YAKINI FIRSAT 3+1 130M² ASANSÖRLÜ ARA KAT DAİRE,none,0,0,0,0,0,none,0,,1321998245
Ara Kat,SIRASÖĞÜTLER MARMARAY YAKINI 2+1 GENİŞ KULLANIMLI LÜKS ARA KAT,none,0,0,0,0,0,none,0,,1320820989
Ara Kat,SIRASÖĞÜTLER MH. MARMARAY 10 DK 2+1 85M² SIFIR ASANSÖRLÜ ARA KAT,none,0,0,0,0,0,none,0,,1316272818
Ara Kat,MARMARAY'A KOMŞU MODERN VE ŞIK 2+1 ARA KAT DAİRE,none,0,0,0,0,0,none,0,,1319933427
,Darıca sırasöğütlerde 2+1 satılık daire,none,0,0,0,0,0,none,0,,1328099460
,"""YÜKSEK KREDİLİ""MARMARAY DİBİ ANKASTRE SETLİ LÜKS 2+1 Y.GİRİŞ",none,0,0,0,0,0,none,0,,1320586011
Ara Kat,DARICA MARMARAY DURAĞINA YAKIN 2+1 90m² BAHÇELİ YÜKSEK GİRİŞ,none,0,0,0,0,0,none,0,,1308524198
