county,n,mape,mae,mean_bias,r2
Başiskele,919,0.10552770010188577,4345.0762190831265,-406.4809830527089,0.5059022056902565
