county,n,mape,mae,mean_bias,r2
Başiskele,919,0.10933495706307417,4509.345486220824,-430.28005639250847,0.4730436923096144
