county,n,mape,mae,mean_bias,r2
Başiskele,919,0.10888180907289265,4489.312268470258,-449.74194550331663,0.4790757979617708
