district,sale_pred_old,sale_pred_new,sale_diff_tl_m2,sale_diff_pct,warning
missing,26502.38035497435,34984.752565977884,8482.372211003534,0.32006076802876465,
