county,n,mape,mae,mean_bias,r2
Başiskele,944,0.1083479186696556,4419.453586109525,-469.64826968771524,0.4827457300856719
