county,n,mape,mae,mean_bias,r2
Başiskele,919,0.10931360720519831,4510.313183382837,-446.5101817367099,0.4730813778799311
