county,n,mape,mae,mean_bias,r2
Başiskele,919,0.10990178482071689,4535.799771966611,-470.4139807280168,0.46930536313490145
