district,sale_pred_old,sale_pred_new,sale_diff_tl_m2,sale_diff_pct,warning
missing,26567.134076818256,34781.6956184491,8214.561541630843,0.3092001387081733,
