county,n,mape,mae,mean_bias,r2
Başiskele,922,0.11169442902010444,4593.429844361525,-476.44333753050927,0.44081479565854353
