model,expensive_decile_bias,r2,mape,satellite_feature_mode
v21_reference,-10159.0,0.5059,0.1055,
v22_selected,-10874.333742651703,0.44081479565854353,0.11169442902010444,none
