district,sale_pred_old,sale_pred_new,sale_diff_tl_m2,sale_diff_pct,warning
missing,25093.28929205406,34534.83580527551,9441.546513221445,0.37625782747466135,
