county,n,mape,mae,mean_bias,r2
Başiskele,919,0.11058232849855693,4555.447227955811,-421.45512955217583,0.4639455619857922
