model,feature,importance
extra_trees,num__district_m2_group_target_median,0.05866639113343088
extra_trees,num__is_old_building,0.049030937510065785
extra_trees,num__district_room_count_target_median,0.03791639227803108
extra_trees,num__attr_has_elevator,0.013613859513425738
extra_trees,cat__elevator_Var,0.013195522221911603
extra_trees,num__location_baseline_log,0.012604015429960435
extra_trees,num__attr_effect_building_age_bucket,0.012086740084369905
extra_trees,cat__detail_konut_tipi_Ara Kat,0.011830923131091409
extra_trees,num__attr_m2_per_room,0.010704606779937295
extra_trees,num__location_baseline_m2,0.010593141130600387
extra_trees,num__attr_is_old_building,0.010413115736614405
extra_trees,num__detail_effect_subtype_sum,0.010068345026640214
extra_trees,num__attr_building_age_score,0.009865224325480173
extra_trees,num__detail_effect_subtype_mean,0.00946140298781514
extra_trees,cat__usage_status_Mülk Sahibi,0.009194075373836064
extra_trees,num__building_age,0.008943029391430577
extra_trees,num__estimated_monthly_rent_gross,0.00838820911162128
extra_trees,num__attr_total_quality_score,0.008349042850579566
extra_trees,num__attr_compactness_score,0.007592521741642926
extra_trees,num__trend_sale_m2,0.007306449611415014
extra_trees,num__trend_yield,0.007066622939739391
extra_trees,num__dues,0.0069717669464354854
extra_trees,num__attr_effect_elevator,0.006819221072039334
extra_trees,cat__demo_dominant_age_group_65+,0.00680792570254464
extra_trees,num__detail_effect_total_mean,0.006073085783069887
extra_trees,num__detail_effect_outside_x_attr_quality,0.00567147443378637
extra_trees,num__distance_to_coast_x_near_sea_zero,0.005623320671993742
extra_trees,cat__heating_Kombi (Doğalgaz),0.005201280196175979
extra_trees,num__gross_m2,0.005171504091136426
extra_trees,num__detail_effect_total_x_attr_quality,0.0050062756032331155
extra_trees,num__total_floors,0.00480982509958948
extra_trees,num__attr_is_mid_age_building,0.004761633015793782
extra_trees,num__detail_effect_outside_mean,0.0047141892119771465
extra_trees,num__detail_effect_outside_sum,0.0046842855563077644
extra_trees,num__location_baseline_vs_trend,0.004650009708125231
extra_trees,num__district_target_mean,0.004616021627362163
extra_trees,num__net_m2,0.00454779078374618
extra_trees,num__attr_effect_total_quality_bucket,0.004528887011165328
extra_trees,num__detail_effect_inside_x_attr_quality,0.004506526502543456
extra_trees,cat__parking_Açık Otopark,0.004395690896792943
extra_trees,num__detail_effect_county_total_sum,0.004364125986403375
extra_trees,num__bearing_from_district_centroid_cos,0.004358138333677591
extra_trees,num__bathroom_count,0.004325120650810338
extra_trees,num__detail_effect_total_sum,0.004260332473680312
extra_trees,num__detail_effect_inside_sum,0.004246289687395222
extra_trees,num__bearing_from_district_centroid_sin,0.004208237816815347
extra_trees,num__detail_effect_inside_mean,0.004042908646833386
extra_trees,num__location_baseline_level_code,0.003972121746709886
extra_trees,num__demo_age_65_plus,0.0038745818893943236
extra_trees,num__distance_to_coast_x_large_home,0.003862997357830764
extra_trees,num__demo_old_ratio,0.0038060725209893708
extra_trees,num__attr_net_gross_ratio,0.003795983093296894
extra_trees,num__attr_compact_home_x_quality,0.003765680872286367
extra_trees,num__demo_divorced_ratio,0.0037482252442946314
extra_trees,num__net_gross_ratio,0.0037045838302815527
extra_trees,num__attr_building_age_inverse,0.0037022742358295015
extra_trees,num__detail_effect_district_total_sum,0.003689125257240621
extra_trees,num__attr_quality_x_county_income,0.0036287457750597005
extra_trees,cat__usage_status_Boş,0.0035823183281844186
extra_trees,num__remaining_floors,0.0034626540875563
extra_trees,num__attr_quality_x_location_baseline,0.003413898919966995
extra_trees,num__floor_num,0.0032079180070605055
extra_trees,num__attr_quality_x_demo_income,0.0031233313008706596
extra_trees,num__district_room_rent_m2_count,0.0030855181679071415
extra_trees,num__basiskele_detail_group_bucket_median,0.0030743503769949227
extra_trees,num__location_baseline_count,0.0029691666258746512
extra_trees,num__distance_to_district_centroid_m,0.002916380491721034
extra_trees,cat__usage_status_Kiracılı,0.002842648650570603
extra_trees,num__detail_near_count,0.002823301992381182
extra_trees,num__district_m2_group_rent_m2_count,0.002815369691238847
extra_trees,cat__m2_group_126-150,0.0027876747651041983
extra_trees,num__district_m2_group_rent_m2_median,0.0027711479691212245
extra_trees,num__detail_effect_view_sum,0.0027689487589298693
extra_trees,cat__m2_group_101-125,0.00275895911649743
extra_trees,num__distance_to_coast_x_view_sea,0.0027586015197052127
extra_trees,num__detail_effect_view_x_location_baseline,0.0027526323059254075
extra_trees,num__attr_floor_ratio,0.0027518857330638353
extra_trees,num__detail_front_count,0.002751070707447887
extra_trees,num__detail_effect_negative_count,0.0027090128729879447
extra_trees,num__bearing_from_county_centroid_cos,0.0026888330388086636
extra_trees,num__detail_effect_total_abs_sum,0.002685508214609141
extra_trees,num__detail_effect_front_sum,0.0026751924003511314
extra_trees,num__detail_effect_view_mean,0.0026459063470106827
extra_trees,num__nearby_score,0.0026373744139598044
extra_trees,num__detail_inside_count,0.002626838212117936
extra_trees,cat__elevator_Yok,0.002607622626636077
extra_trees,num__floor_ratio,0.002607565748004418
extra_trees,num__attr_amenity_score,0.0025717484569832494
extra_trees,num__large_home_m2_excess,0.0025658203730297203
extra_trees,cat__floor_segment_Zemin/Giriş,0.002557992739646517
extra_trees,num__detail_effect_front_mean,0.0025241177177739776
extra_trees,num__detail_transport_count,0.0025094293619364843
extra_trees,num__transport_score,0.0024491345232194794
extra_trees,num__lat_centered_county,0.002446875382869011
extra_trees,num__inside_quality_score,0.0024407610129954047
extra_trees,num__demo_population_density,0.002439637634212083
extra_trees,num__front_score,0.002438744400051971
extra_trees,num__detail_effect_level_code,0.002434390017599627
extra_trees,cat__room_count_3+1,0.0024132082211588577
extra_trees,cat__kitchen_Açık (Amerikan),0.0024073518869194865
extra_trees,cat__building_age_group_0 (Oturuma Hazır),0.00236892886133609
extra_trees,cat__coast_distance_bucket_500_1000,0.0023466311919649583
extra_trees,num__distance_to_geo_cluster_center_m,0.002315486325733454
extra_trees,cat__kitchen_Kapalı,0.002290928359245847
extra_trees,num__demo_widow_ratio,0.0022188002953621175
extra_trees,cat__building_age_group_21-25 arası,0.0022067370099091567
extra_trees,num__distance_to_county_centroid_m,0.002197597134722924
extra_trees,num__detail_view_count,0.0021861876662093876
extra_trees,num__outside_quality_score,0.002183141029017445
extra_trees,num__attr_quality_x_district_median,0.002182415312961641
extra_trees,num__accessibility_score,0.0021677816384123925
extra_trees,num__county_room_count_target_median,0.0021674998487113254
extra_trees,num__detail_outside_count,0.002164574280039735
extra_trees,num__detail_selected_count,0.0021616340808715585
extra_trees,num__detail_quality_score,0.0021592386240228455
extra_trees,num__site_security_score,0.0021525338820033873
extra_trees,num__bearing_from_county_centroid_sin,0.0021412617094247193
extra_trees,num__location_quality_x_detail_effect_total,0.0021300062183164208
extra_trees,num__estimated_rent_m2_gross,0.00211509697391868
extra_trees,num__attr_is_middle_floor,0.002103944188688
extra_trees,num__attr_effect_site_inside,0.002103925347191648
extra_trees,num__district_room_rent_m2_median,0.002102748927654466
extra_trees,num__detail_effect_nearby_mean,0.002069586825617665
extra_trees,cat__detail_konut_tipi_missing,0.0020687185363509513
extra_trees,num__detail_effect_positive_count,0.002064824777037053
extra_trees,cat__parking_Kapalı Otopark,0.0020616790345941334
extra_trees,num__distance_to_coastline_m,0.0020550191289888478
extra_trees,num__attr_is_new_building,0.002031618527212842
extra_trees,num__detail_effect_nearby_sum,0.0019921519979075996
extra_trees,cat__detail_cephe_missing,0.0019736840907386435
extra_trees,num__attr_net_gross_good,0.001970241248954206
extra_trees,num__view_score,0.0019487126185720968
extra_trees,num__district_target_median,0.001945225277196558
extra_trees,cat__m2_group_76-100,0.0019397122643578834
extra_trees,num__detail_effect_transport_sum,0.001917537483176313
extra_trees,num__detail_effect_transport_mean,0.0019144449783139444
extra_trees,num__demo_old_ratio_diff_county,0.0019081172703548398
extra_trees,num__detail_effect_used_count,0.0018780749035205203
extra_trees,num__large_home_log_m2,0.0018695714084918658
extra_trees,cat__parking_Açık & Kapalı Otopark,0.0018526168083900965
extra_trees,cat__detail_cephe_Doğu|Güney,0.0018514273155739154
extra_trees,cat__detail_manzara_Şehir,0.001851387701098883
extra_trees,num__lat,0.001812444780746937
extra_trees,cat__heating_Yerden Isıtma,0.0017867437191567783
extra_trees,cat__building_age_group_6-10 arası,0.0017436197746059754
extra_trees,cat__coast_distance_bucket_1000_3000,0.0017427342761372822
extra_trees,cat__detail_cephe_Batı|Güney,0.0017375832403030483
extra_trees,num__attr_large_home_x_quality,0.0017264477602754577
extra_trees,num__attr_new_building_x_site_inside,0.0017178348266527659
extra_trees,num__demo_household_size,0.0017004051854641574
extra_trees,num__attr_floor_quality_score,0.001694956772642707
extra_trees,cat__m2_group_200+,0.0016933612882712708
extra_trees,cat__room_count_2+1,0.0016868184855115492
extra_trees,num__lat_centered_city,0.0016752955480670354
extra_trees,cat__floor_segment_Ara Kat,0.0016733536216230404
extra_trees,num__attr_heating_quality_score,0.0016566712285912488
extra_trees,num__large_home_net_gross_quality,0.0016547035101098268
extra_trees,num__large_home_quality_x_m2,0.0016267798311331288
extra_trees,num__lon_centered_county,0.0016208649811084582
extra_trees,num__attr_is_ground_or_below,0.001616143239965557
extra_trees,cat__furnished_Hayır,0.0016136975794179016
extra_trees,num__large_home_detail_premium_x_m2,0.001601521690125182
extra_trees,num__is_middle_floor,0.001575511275063341
extra_trees,num__large_home_room_density,0.0015734915935393366
extra_trees,num__attr_old_building_x_no_elevator,0.0015479929035304586
extra_trees,num__demo_age_0_14,0.0015306827940736983
extra_trees,num__is_new_building,0.001529959006558832
extra_trees,num__distance_to_golcuk_center_m,0.0015155179582653584
extra_trees,num__demo_pharmacy_count,0.0014963469359954838
extra_trees,num__trend_rent_m2,0.0014930045553006163
extra_trees,num__demo_age_65_plus_count,0.0014895452155881353
extra_trees,num__demo_pharmacy_per_10k,0.0014873800112504148
extra_trees,num__demo_ses_d_ratio,0.0014857818673616478
extra_trees,num__distance_to_sahil_m,0.0014857662776734469
extra_trees,num__district_rent_m2_mean,0.0014787174306527967
extra_trees,num__demo_age_55_64,0.001475221196753583
extra_trees,num__distance_to_kullar_m,0.0014602889357771577
extra_trees,cat__detail_cephe_Batı|Doğu|Güney,0.0014499600753933976
extra_trees,num__attr_net_gross_bad,0.0014453986035611035
extra_trees,num__distance_to_izmit_center_m,0.0014314127057442282
extra_trees,num__district_rent_m2_median,0.0014155670847666496
extra_trees,num__distance_to_coast_x_site_inside,0.001414548864902021
extra_trees,num__basiskele_district_premium_bucket_mean,0.0014089998991900308
extra_trees,num__trend_sale_annual_change,0.0014078150811169907
extra_trees,num__is_large_flat,0.0014075787750276376
extra_trees,cat__site_inside_Hayır,0.0014067162414422517
extra_trees,num__demo_young_ratio,0.0014052790839347688
extra_trees,num__demo_married_ratio,0.0013985379757907143
extra_trees,cat__coast_distance_bucket_3000_plus,0.0013945360667038677
extra_trees,cat__district_Cumhuriyet Mah.,0.0013923583098358467
extra_trees,num__demo_age_45_54,0.001388273726585268
extra_trees,cat__detail_cephe_Batı|Doğu|Güney|Kuzey,0.0013844151306167721
extra_trees,num__demo_married_count,0.0013708224983323529
extra_trees,cat__m2_group_151-200,0.0013694416870452875
extra_trees,cat__detail_cephe_Güney,0.0013628803158774391
extra_trees,num__attr_is_young_building,0.001355996168131878
extra_trees,num__lon,0.0013386601505083046
extra_trees,num__demo_car_per_capita,0.0013378089273750973
extra_trees,num__distance_to_basiskele_coast_m,0.0013276923894914882
extra_trees,num__distance_to_yuvacik_m,0.001317727447612557
extra_trees,cat__detail_manzara_Park & Yeşil Alan|Şehir,0.0013122932650333308
extra_trees,num__demo_density_vs_county,0.001306115040614476
extra_trees,cat__detail_manzara_Deniz,0.001300245049439807
extra_trees,num__demo_residential_density,0.0012942496760133513
extra_trees,cat__detail_manzara_missing,0.0012905098581666656
extra_trees,num__district_rent_m2_cv,0.0012861535715211253
extra_trees,num__district_rent_m2_count,0.0012846315379979713
extra_trees,num__distance_to_karamursel_center_m,0.0012603724537802348
extra_trees,cat__demo_dominant_age_group_35-39,0.00125996887775957
extra_trees,num__trend_price_change_sale,0.001257905044807187
extra_trees,cat__detail_konut_tipi_En Üst Kat,0.0012560744452684146
extra_trees,num__demo_age_35_44,0.0012519514813385685
extra_trees,num__distance_to_bahcecik_m,0.0012486436242793635
extra_trees,cat__geo_cluster_county_Karamürsel_0,0.0012479180647478774
extra_trees,cat__detail_konut_tipi_Çatı Dubleksi,0.0012377831064808557
extra_trees,num__demo_middle_ratio,0.0012256453918731637
extra_trees,num__demo_workplace_density,0.0012234745555989486
extra_trees,cat__detail_manzara_Doğa|Park & Yeşil Alan|Şehir,0.001217131954667534
extra_trees,num__is_ground_floor,0.001209916539734892
extra_trees,num__lon_centered_city,0.001202720346671863
extra_trees,cat__building_age_group_11-15 arası,0.001200763811798436
extra_trees,num__demo_old_count,0.0011973500367492983
extra_trees,num__demo_age_0_14_count,0.0011932114156237615
extra_trees,cat__basiskele_geo_cluster_x_m2_group_Başiskele_5||200+,0.0011823245926104568
extra_trees,num__total_room_score,0.0011738927214264042
extra_trees,num__demo_atm_per_10k,0.0011698759284050723
extra_trees,cat__coast_distance_bucket_0_500,0.001164533130881879
extra_trees,num__demo_vehicle_per_capita,0.0011551666595268815
extra_trees,num__rooms,0.0011547528591718313
extra_trees,num__demo_widow_count,0.0011529381885132992
extra_trees,cat__detail_manzara_Park & Yeşil Alan,0.0011528740117141931
extra_trees,num__trend_listing_period_sale,0.0011460960858082345
extra_trees,num__demo_education_high_school_ratio,0.0011456473376056141
extra_trees,num__demo_female_ratio,0.0011359958843226044
extra_trees,cat__geo_cluster_x_room_count_city_5||3+1,0.0011321578682389915
extra_trees,cat__heating_Merkezi,0.0011239591182897197
extra_trees,num__demo_per_capita_income_try,0.0011208995924110604
extra_trees,num__demo_divorced_count,0.0011203609469013088
extra_trees,num__demo_ses_a_ratio,0.0011191684349801004
extra_trees,cat__detail_manzara_Deniz|Doğa|Park & Yeşil Alan|Şehir,0.0011161724449780268
extra_trees,cat__geo_cluster_county_İzmit_0,0.0011077297463354598
extra_trees,num__demo_education_doctorate_count,0.0011075415817156308
extra_trees,num__demo_young_ratio_diff_county,0.0011035016318135845
extra_trees,num__trend_count_sale,0.0011007096615023957
extra_trees,num__demo_education_primary_school_ratio,0.0010858181995637172
extra_trees,num__district_rent_m2_iqr,0.0010824041176328123
extra_trees,num__demo_age_25_34,0.001063205567396407
extra_trees,num__demo_age_45_54_count,0.0010627780609702756
extra_trees,num__demo_age_35_44_count,0.0010592981544453107
extra_trees,num__demo_male_ratio,0.0010588729223263453
extra_trees,cat__geo_cluster_x_room_count_city_8||3+1,0.0010486684190647963
extra_trees,num__demo_ses_d_count,0.0010458369736564776
extra_trees,num__demo_atm_count,0.001037776779155241
extra_trees,num__basiskele_district_premium_bucket_median,0.0010256773560198215
extra_trees,num__demo_income_vs_county,0.0010208963452037853
extra_trees,cat__building_age_group_16-20 arası,0.0010152525425587801
extra_trees,cat__detail_cephe_Batı|Doğu,0.0010076952539387063
extra_trees,num__attr_effect_parking,0.001004367265824883
extra_trees,num__demo_household_income_vs_county,0.0009982784482707808
extra_trees,cat__site_inside_Evet,0.0009982714685042933
extra_trees,num__demo_population_female,0.0009961119955281459
extra_trees,num__demo_ses_cd_diff_county,0.000994259344404744
extra_trees,num__demo_education_primary_school_count,0.0009918775995738432
extra_trees,cat__detail_konut_tipi_Bahçe Dubleksi,0.000990424950831979
extra_trees,cat__floor_segment_En Üst Kat,0.0009884297913134302
extra_trees,num__is_top_floor,0.0009879292050945497
extra_trees,cat__floor_segment_Bahçe,0.0009859058934423106
extra_trees,num__demo_education_non_literate_ratio,0.0009794794061924552
extra_trees,num__attr_is_top_floor,0.0009668469132902757
extra_trees,cat__geo_cluster_x_room_count_missing||3+1,0.0009609046998851222
extra_trees,num__demo_ses_ab_diff_county,0.0009534550010115939
extra_trees,cat__building_age_group_1,0.0009505624170096739
extra_trees,cat__parking_Yok,0.0009462275389392716
extra_trees,num__demo_ses_ab_ratio,0.0009408761017047427
extra_trees,cat__geo_cluster_x_room_count_city_7||3+1,0.0009400811135938826
extra_trees,num__demo_education_total,0.0009350327310532967
extra_trees,num__demo_university_diff_county,0.0009297944491755108
extra_trees,num__attr_has_parking,0.0009184337235138827
extra_trees,num__demo_single_ratio,0.0009135623392001253
extra_trees,num__demo_workplace_count,0.0009108836757937494
extra_trees,num__basiskele_detail_inside_premium_signal,0.0009033034553189329
extra_trees,num__attr_effect_heating_quality_bucket,0.000897557413734287
extra_trees,num__demo_education_unknown_ratio,0.0008972561506748553
extra_trees,num__demo_middle_count,0.0008945539855161526
extra_trees,num__demo_population_total,0.0008895161883532641
extra_trees,cat__detail_cephe_Batı|Kuzey,0.0008852410173672912
extra_trees,num__demo_age_15_24,0.0008835136094360866
extra_trees,num__demo_ses_cd_ratio,0.0008798020007092692
extra_trees,num__demo_high_school_diff_county,0.0008766331268002758
extra_trees,num__demo_age_55_64_count,0.0008759504258703087
extra_trees,num__demo_ses_c_count,0.0008730885775908193
extra_trees,num__is_small_flat,0.000866752323842772
extra_trees,cat__floor_segment_Çatı,0.0008598511670768172
extra_trees,num__large_home_site_x_m2,0.0008589488706921631
extra_trees,num__demo_ses_b_ratio,0.000855575098885853
extra_trees,num__demo_ses_c_ratio,0.0008509335505682878
extra_trees,cat__m2_group_0-75,0.0008422720737766033
extra_trees,num__demo_education_primary_education_ratio,0.0008412914151769783
extra_trees,num__trend_count_rent,0.0008400959546633804
extra_trees,num__attr_is_site_inside,0.0008367262250136952
extra_trees,cat__geo_cluster_x_room_count_city_10||3+1,0.0008306954927274356
extra_trees,num__demo_ses_a_plus_ratio,0.0008280666621058548
extra_trees,num__demo_education_university_ratio,0.0008272570390921863
extra_trees,cat__building_age_group_5,0.0008238629291325633
extra_trees,cat__detail_manzara_Doğa|Park & Yeşil Alan,0.0008147166890165236
extra_trees,cat__district_Alikahya Fatih Mah.,0.0008120336173196022
extra_trees,num__demo_education_graduate_count,0.0008089500444428533
extra_trees,cat__geo_cluster_x_room_count_city_8||2+1,0.000808382268474083
extra_trees,num__demo_household_income_try,0.0008007188005485409
extra_trees,num__basiskele_has_inside_luxury_signal,0.0007985748672938953
extra_trees,num__demo_education_graduate_ratio,0.0007974223628260892
extra_trees,num__demo_education_doctorate_ratio,0.0007887240824773483
extra_trees,num__basiskele_detail_subtype_premium_signal,0.000787785015841183
extra_trees,cat__geo_cluster_county_İzmit_1,0.0007853985790339673
extra_trees,cat__room_count_4+1,0.0007841280895318231
extra_trees,num__demo_young_count,0.0007816164195543347
extra_trees,cat__geo_cluster_city_city_5,0.00077531399861091
extra_trees,cat__detail_konut_tipi_Dubleks,0.0007752623723618176
extra_trees,num__demo_bank_per_10k,0.0007682875717187162
extra_trees,num__detail_subtype_count,0.0007598924916222752
extra_trees,num__demo_education_high_school_count,0.0007576601248800445
extra_trees,cat__detail_cephe_Güney|Kuzey,0.0007554550403279837
extra_trees,cat__detail_manzara_Deniz|Park & Yeşil Alan|Şehir,0.0007533186548042259
extra_trees,num__demo_ses_a_plus_count,0.0007508274567411672
extra_trees,cat__detail_cephe_Doğu|Kuzey,0.0007475102004702909
extra_trees,cat__detail_cephe_Batı|Doğu|Kuzey,0.0007433698950759283
extra_trees,cat__furnished_Evet,0.000742434257591527
extra_trees,cat__heating_Merkezi (Pay Ölçer),0.0007380717370831326
extra_trees,cat__geo_cluster_x_room_count_city_7||2+1,0.0007366602471043922
extra_trees,cat__rent_feature_level_district_room,0.0007348963484639768
extra_trees,num__basiskele_detail_total_premium_signal,0.0007301889776115911
extra_trees,num__demo_education_middle_school_count,0.0007296079907127975
extra_trees,cat__geo_cluster_x_room_count_missing||2+1,0.000728002885864108
extra_trees,cat__geo_cluster_x_room_count_city_1||3+1,0.0007144598787570341
extra_trees,num__demo_ses_a_count,0.0007144478323433645
extra_trees,num__demo_bank_count,0.000703677455498
extra_trees,num__attr_is_furnished,0.0006963144596410642
extra_trees,cat__detail_manzara_Deniz|Şehir,0.0006914627505088696
extra_trees,num__demo_education_middle_school_ratio,0.0006892605841499558
extra_trees,cat__geo_cluster_city_city_8,0.0006719667788120143
extra_trees,cat__geo_cluster_x_room_count_city_2||3+1,0.0006622292318345666
extra_trees,num__demo_ses_b_count,0.0006596626245660432
extra_trees,cat__detail_manzara_Doğa|Şehir,0.000656045905956349
extra_trees,cat__detail_cephe_Doğu,0.0006486111012637977
extra_trees,cat__geo_cluster_x_room_count_city_3||3+1,0.0006450915489915631
extra_trees,num__demo_education_university_count,0.0006396283708627721
extra_trees,cat__geo_cluster_city_city_3,0.0006346834796225876
extra_trees,cat__detail_cephe_Batı,0.0006320930796426424
extra_trees,cat__demo_dominant_age_group_40-44,0.0006283389490242941
extra_trees,cat__demo_dominant_age_group_30-34,0.0006211472621116958
extra_trees,cat__geo_cluster_county_other,0.0006169652170771741
extra_trees,num__basiskele_has_pool_signal,0.0006138531262979677
extra_trees,num__demo_car_count,0.0006129436954679805
extra_trees,num__demo_age_25_34_count,0.0006037515811773365
extra_trees,num__demo_residential_count,0.0006028565786298738
extra_trees,cat__building_age_group_2,0.0005971753216674766
extra_trees,num__demo_household_count,0.0005900600086057002
extra_trees,cat__building_age_group_3,0.0005891981946698479
extra_trees,cat__geo_cluster_city_city_10,0.0005860037883861859
extra_trees,num__demo_vehicle_count,0.0005670750896438288
extra_trees,num__demo_age_15_24_count,0.0005663853234353182
extra_trees,num__demo_summer_house_count,0.0005645181809147656
extra_trees,num__basiskele_premium_bucket_mid,0.0005644011885605388
extra_trees,num__demo_population_male,0.0005519163145661445
extra_trees,cat__detail_cephe_Doğu|Güney|Kuzey,0.0005406390587141855
extra_trees,cat__furnished_Belirtilmemiş,0.0005372811707262034
extra_trees,num__basiskele_premium_x_new_building,0.0005360530123422704
extra_trees,cat__geo_cluster_county_İzmit_3,0.0005315631082994461
extra_trees,num__basiskele_premium_x_detail_outside,0.0005270255578268048
extra_trees,cat__building_age_group_0 (Yapım Aşamasında),0.0005177240635252704
extra_trees,cat__geo_cluster_county_İzmit_2,0.0005156418409708802
extra_trees,cat__rent_feature_level_district_m2_group,0.0005143534541416384
extra_trees,num__demo_never_married_count,0.0005122084617788854
extra_trees,cat__building_age_group_4,0.0005108685573104497
extra_trees,num__basiskele_lat_lon_interaction,0.0005080415133130532
extra_trees,cat__geo_cluster_x_room_count_city_4||2+1,0.0005015561783809275
extra_trees,num__basiskele_premium_x_site_inside,0.0004986636251175684
extra_trees,num__attr_has_premium_heating,0.0004970617211055249
extra_trees,cat__rent_feature_level_district,0.0004964277442300577
extra_trees,cat__demo_ses_group_B Grubu,0.0004964161796483351
extra_trees,cat__geo_cluster_county_Gölcük_3,0.0004909182500446134
extra_trees,cat__building_age_group_26-30 arası,0.000489940673542733
extra_trees,cat__geo_cluster_county_İzmit_5,0.0004871685079419652
extra_trees,num__attr_has_balcony,0.0004808818782789988
extra_trees,cat__district_Kadıköy Mh.,0.00047762242550071287
extra_trees,num__large_home_basiskele_premium,0.00047143087887115663
extra_trees,cat__balcony_Var,0.00047108861288527854
extra_trees,cat__district_Alikahya Atatürk Mh.,0.00045814098310209724
extra_trees,num__basiskele_site_premium_signal,0.00045740721343896996
extra_trees,cat__basiskele_geo_cluster_x_m2_group_Başiskele_4||126-150,0.00045664917461495395
extra_trees,cat__geo_cluster_x_room_count_city_4||3+1,0.0004541114409660216
extra_trees,cat__district_Değirmendere Yalı Mh.,0.0004526430583054695
extra_trees,cat__district_Donanma Mah.,0.0004490928040671091
extra_trees,cat__detail_manzara_Doğa,0.0004438658231143881
extra_trees,cat__district_Körfez Mh.,0.00043931583504949604
extra_trees,cat__district_Piyalepaşa Mh.,0.0004388493098815817
extra_trees,num__basiskele_detail_view_premium_signal,0.0004378416794337196
extra_trees,cat__geo_cluster_x_room_count_city_3||2+1,0.000436923757717784
extra_trees,num__basiskele_premium_x_gross_m2,0.00043603763831190584
extra_trees,num__basiskele_premium_x_detail_view,0.0004357752643871436
extra_trees,cat__district_Çayırköy Mh.,0.00043217673923323733
extra_trees,cat__geo_cluster_x_room_count_city_1||2+1,0.0004298745974859183
extra_trees,cat__demo_dominant_education_Lise,0.00042711269814267626
extra_trees,cat__geo_cluster_x_room_count_city_0||3+1,0.00042195535289671473
extra_trees,cat__demo_dominant_education_Lisans,0.00041472310610197175
extra_trees,cat__balcony_Yok,0.00041393042664486664
extra_trees,num__attr_county_elevator_premium,0.0004121420514755585
extra_trees,cat__building_age_group_31 ve üzeri,0.00041209647748900085
extra_trees,cat__geo_cluster_county_İzmit_4,0.00040879002636154854
extra_trees,cat__geo_cluster_city_city_7,0.0004074391177485583
extra_trees,cat__detail_cephe_Batı|Güney|Kuzey,0.00040364952487917605
extra_trees,cat__district_Gündoğdu Mh.,0.0003978484063274087
extra_trees,cat__geo_cluster_x_room_count_city_6||3+1,0.0003904980478506447
extra_trees,num__basiskele_premium_x_district_target_median,0.0003903485200328061
extra_trees,num__basiskele_detail_outside_premium_signal,0.0003895784909889883
extra_trees,num__basiskele_district_premium_bucket_count,0.0003799545893560042
extra_trees,cat__geo_cluster_x_room_count_city_0||4+1,0.00036936020096026265
extra_trees,num__basiskele_distance_to_coast_x_large_home,0.00036718689577580225
extra_trees,num__basiskele_premium_x_large_home,0.0003580142068215024
extra_trees,cat__geo_cluster_x_room_count_city_2||2+1,0.0003571571328773002
extra_trees,cat__demo_dominant_age_group_25-29,0.0003558159970438793
extra_trees,cat__basiskele_geo_cluster_Başiskele_4,0.0003503987020588602
extra_trees,cat__detail_manzara_Deniz|Doğa|Şehir,0.0003487376274449149
extra_trees,cat__geo_cluster_x_room_count_city_5||4+1,0.00034563534865256
extra_trees,cat__geo_cluster_county_Başiskele_4,0.0003448867647899729
extra_trees,cat__room_count_1+1,0.0003402174591284368
extra_trees,cat__district_Kocatepe Mah.,0.0003395681414971752
extra_trees,cat__geo_cluster_x_room_count_city_4||4+1,0.0003349165683034745
extra_trees,cat__detail_cephe_Kuzey,0.000334343522398165
extra_trees,num__basiskele_premium_x_location_baseline,0.0003342098172017808
extra_trees,num__basiskele_has_view_signal,0.0003289020170826001
extra_trees,cat__district_Yeni Mah.,0.00032818775032346863
extra_trees,num__basiskele_premium_score,0.00032124869574035167
extra_trees,cat__geo_cluster_county_Başiskele_2,0.0003152461597863437
extra_trees,num__basiskele_has_social_luxury_signal,0.00030127692584910914
extra_trees,cat__geo_cluster_x_room_count_city_5||2+1,0.0002989291223851427
extra_trees,num__attr_county_parking_premium,0.000292459860984362
extra_trees,cat__detail_manzara_Deniz|Doğa,0.00029225035090961547
extra_trees,cat__detail_manzara_Boğaz|Deniz|Doğa|Park & Yeşil Alan|Şehir,0.0002885750961427781
extra_trees,num__county_rent_m2_median,0.00028740556029258253
extra_trees,num__basiskele_premium_bucket_high,0.0002854053155690686
extra_trees,cat__heating_Doğalgaz Sobası,0.00028291626851189525
extra_trees,cat__basiskele_geo_cluster_x_m2_group_Başiskele_5||126-150,0.0002760425470622904
extra_trees,cat__geo_cluster_city_city_1,0.000274940971669096
extra_trees,cat__district_Turgut Mah.,0.0002732900598481923
extra_trees,cat__detail_konut_tipi_Dubleks|Bahçe Dubleksi,0.00027120019648592164
extra_trees,cat__district_Ataevler Mh.,0.00026919468452023265
extra_trees,cat__detail_manzara_Deniz|Doğa|Park & Yeşil Alan,0.0002687229233223218
extra_trees,num__attr_county_high_quality_premium,0.00026525709576750024
extra_trees,num__basiskele_distance_to_coast_x_quality,0.0002631697370070354
extra_trees,num__basiskele_premium_bucket_county_mean,0.0002624552954299458
extra_trees,num__county_rent_m2_mean,0.00026192990945083137
extra_trees,cat__geo_cluster_county_Başiskele_5,0.00026138426846288336
extra_trees,num__basiskele_premium_bucket_county_median,0.00025844861204907114
extra_trees,num__attr_county_good_heating_premium,0.00025742142458364084
extra_trees,cat__district_Hacıhızır Mh.,0.0002569414823689761
extra_trees,num__basiskele_has_security_signal,0.0002553066820860868
extra_trees,num__county_target_mean,0.0002513880840557738
extra_trees,cat__county_Kartepe,0.0002505367656733025
extra_trees,cat__basiskele_geo_cluster_Başiskele_5,0.000248752251982919
extra_trees,cat__detail_konut_tipi_Dubleks|Çatı Dubleksi,0.0002466803777691234
extra_trees,cat__geo_cluster_x_room_count_city_8||4+1,0.00024211923436082258
extra_trees,num__county_demo_ses_cd_ratio_mean,0.00023990997955577976
extra_trees,num__county_demo_bank_count_sum,0.0002397626053488698
extra_trees,cat__district_Kavaklı Mh.,0.00023874957393745102
extra_trees,num__basiskele_premium_bucket_low,0.0002385161955823462
extra_trees,cat__basiskele_geo_cluster_Başiskele_2,0.0002358958737369023
extra_trees,cat__basiskele_geo_cluster_x_m2_group_Başiskele_0||151-200,0.00023463315329111357
extra_trees,cat__demo_ses_group_C Grubu,0.00022830125713656942
extra_trees,cat__district_Döngel Mh.,0.00022601678322608113
extra_trees,cat__geo_cluster_county_Başiskele_3,0.0002249667492175818
extra_trees,cat__geo_cluster_city_city_6,0.0002246939568623433
extra_trees,num__county_demo_car_count_sum,0.0002234269271621171
extra_trees,num__county_target_median,0.00021752316028984356
extra_trees,num__county_demo_workplace_count_sum,0.00021738693637576333
extra_trees,cat__county_Gölcük,0.00021622842515648226
extra_trees,num__county_demo_vehicle_count_sum,0.0002132290398936266
extra_trees,num__attr_has_natural_gas_heating,0.0002131581567614857
extra_trees,cat__basiskele_geo_cluster_Başiskele_3,0.00021226739834297206
extra_trees,cat__basiskele_geo_cluster_x_m2_group_Başiskele_2||126-150,0.0002117656287660279
extra_trees,cat__geo_cluster_x_room_count_city_0||2+1,0.00021057722087787902
extra_trees,num__county_demo_education_high_school_ratio_mean,0.00020927949684090765
extra_trees,cat__district_Şirintepe Mh.,0.00020678624551981
extra_trees,num__county_demo_residential_count_sum,0.00020306687397805668
extra_trees,cat__geo_cluster_county_Gölcük_1,0.0002029425972102684
extra_trees,cat__county_İzmit,0.00020101123958052644
extra_trees,num__county_rent_m2_count,0.00020095931698625006
extra_trees,num__county_demo_old_ratio_mean,0.00019641118061723456
extra_trees,num__county_demo_atm_count_sum,0.0001952101736387645
extra_trees,cat__district_Paşadağ Mh.,0.000192369204581424
extra_trees,num__county_demo_ses_ab_ratio_mean,0.0001921769971181887
extra_trees,cat__basiskele_geo_cluster_x_m2_group_other||101-125,0.00019170846707147803
extra_trees,cat__geo_cluster_x_room_count_city_10||1+1,0.00019058388423086328
extra_trees,num__county_demo_population_density_mean,0.00018797773916435533
extra_trees,num__county_demo_population_total_sum,0.0001876791160745114
extra_trees,cat__district_Yeşilyurt Mh.,0.00018767163844127664
extra_trees,num__county_demo_pharmacy_count_sum,0.00018720402534896683
extra_trees,cat__district_Fatih Mah.,0.00018642735725351816
extra_trees,cat__demo_dominant_age_group_45-49,0.00018486671128326102
extra_trees,cat__geo_cluster_x_room_count_city_6||2+1,0.00018264607942483806
extra_trees,num__county_demo_single_ratio_mean,0.00018157616426532996
extra_trees,cat__geo_cluster_city_city_0,0.00017888870682637777
extra_trees,cat__basiskele_geo_cluster_x_m2_group_Başiskele_2||101-125,0.00017262409412766822
extra_trees,cat__geo_cluster_x_room_count_missing||1+1,0.00017063669313934412
extra_trees,num__attr_county_new_building_premium,0.0001695300619779594
extra_trees,num__county_demo_population_density_median,0.00016788318772351015
extra_trees,cat__demo_dominant_age_group_5-9,0.00016778885081238798
extra_trees,cat__basiskele_geo_cluster_Başiskele_0,0.00016699244238982353
extra_trees,cat__basiskele_geo_cluster_x_m2_group_Başiskele_5||151-200,0.00016647629200280156
extra_trees,num__county_demo_married_ratio_mean,0.00016458618163482
extra_trees,cat__geo_cluster_x_room_count_city_3||4+1,0.00016281294419970537
extra_trees,cat__geo_cluster_x_room_count_city_10||2+1,0.00015657262328625524
extra_trees,cat__district_Dumlupınar Mh.,0.0001508872883015637
extra_trees,cat__basiskele_geo_cluster_x_m2_group_Başiskele_2||151-200,0.00014953836214558363
extra_trees,cat__demo_dominant_age_group_50-54,0.00014874149703520266
extra_trees,cat__geo_cluster_county_Başiskele_0,0.0001480689685816283
extra_trees,cat__geo_cluster_city_missing,0.0001475876352708339
extra_trees,cat__district_Topçular Mh.,0.00014720863307913625
extra_trees,num__location_precision_exact,0.00014486739359691447
extra_trees,cat__basiskele_geo_cluster_x_m2_group_Başiskele_2||76-100,0.00014451241462108756
extra_trees,num__county_demo_education_university_ratio_mean,0.0001435424706333153
extra_trees,num__county_demo_young_ratio_mean,0.00014319275722903758
extra_trees,cat__geo_cluster_county_Karamürsel_1,0.00014273950161027728
extra_trees,cat__basiskele_geo_cluster_x_m2_group_Başiskele_4||151-200,0.0001422405251636377
extra_trees,num__county_demo_household_size_mean,0.00014160697317802556
extra_trees,num__living_rooms,0.00014043579322371876
extra_trees,cat__geo_cluster_city_city_4,0.00014018895376906502
extra_trees,num__attr_county_site_inside_premium,0.0001385669841638271
extra_trees,cat__detail_manzara_Havuz|Park & Yeşil Alan|Şehir,0.0001378981591779895
extra_trees,num__location_backfill_listing_removed,0.00013765589334108243
extra_trees,cat__demo_ses_group_A Grubu,0.00013457960904818047
extra_trees,cat__basiskele_geo_cluster_other,0.00013411285333299382
extra_trees,cat__coast_distance_bucket_missing,0.00013386703272056053
extra_trees,cat__location_source_missing,0.00013309437186820078
extra_trees,num__attr_has_poor_heating,0.00013247675470372326
extra_trees,cat__geo_cluster_city_city_9,0.00012785246976617862
extra_trees,num__geo_context_missing,0.00012622951211256698
extra_trees,cat__location_precision_missing,0.00012519608249691175
extra_trees,num__geo_context_has_approx_location,0.00012500982155204204
extra_trees,num__coast_distance_bucket_code,0.00012260188714776312
extra_trees,cat__district_Akpınar Mh.,0.00012247275237861903
extra_trees,cat__district_Sarımeşe Mh.,0.00012244847474157704
extra_trees,num__geo_context_has_exact_location,0.00012056682278950489
extra_trees,num__location_quality_score,0.00011983685240699682
extra_trees,num__has_lat_lon,0.00011942800863161117
extra_trees,cat__basiskele_geo_cluster_x_m2_group_Başiskele_3||126-150,0.0001180756935733264
extra_trees,num__location_precision_missing,0.00011747972510573426
extra_trees,cat__basiskele_geo_cluster_x_m2_group_other||76-100,0.00011557710886298115
extra_trees,cat__basiskele_geo_cluster_x_m2_group_Başiskele_3||151-200,0.0001149397385807901
extra_trees,cat__location_precision_exact_map,0.00011458778964384496
extra_trees,cat__basiskele_geo_cluster_x_m2_group_Başiskele_3||101-125,0.00011325016438021029
extra_trees,cat__demo_dominant_age_group_20-24,0.00011320233624222602
extra_trees,cat__geo_cluster_x_room_count_city_10||4+1,0.00011206060623721055
extra_trees,num__location_backfill_ok,0.00011075365060550877
extra_trees,num__attr_county_old_building_discount,0.00011015192699877536
extra_trees,cat__geo_cluster_x_room_count_city_6||4+1,0.00010664233966204197
extra_trees,cat__district_Tepeköy Mh.,0.00010634095082473336
extra_trees,cat__geo_cluster_county_Gölcük_0,0.00010582692555300163
extra_trees,cat__geo_cluster_x_room_count_city_9||3+1,0.00010569817638736532
extra_trees,cat__district_Kayacık Mh.,0.00010541102493131885
extra_trees,num__location_source_data_attr_map,0.00010526331215834958
extra_trees,cat__geo_cluster_x_room_count_city_5||1+1,0.00010523052029841142
extra_trees,cat__location_source_data_attr_map,0.00010458255539006637
extra_trees,cat__district_Kozluk Mah.,0.00010011667829476583
extra_trees,cat__district_Yüzbaşılar Mh.,9.692095740105323e-05
extra_trees,cat__district_Serdar Mah.,9.590016250074805e-05
extra_trees,cat__detail_manzara_Deniz|Doğa|Havuz|Park & Yeşil Alan|Şehir,9.569725003824795e-05
extra_trees,cat__basiskele_geo_cluster_x_m2_group_Başiskele_4||101-125,9.43930924867486e-05
extra_trees,cat__district_M. Alipaşa Mh.,9.423968043076024e-05
extra_trees,cat__detail_konut_tipi_Dubleks|En Üst Kat|Çatı Dubleksi,9.28314161947686e-05
extra_trees,cat__district_Akçakoca Mh.,9.165407534755641e-05
extra_trees,cat__detail_konut_tipi_Ters Dubleks,8.882272672489803e-05
extra_trees,cat__heating_Yok,8.835569721094317e-05
extra_trees,cat__district_Ertuğrul Gazi Mh.,8.758543814836576e-05
extra_trees,cat__district_Barbaros Mah.,8.735213165288994e-05
extra_trees,cat__district_Şehitler Mh.,8.668376518920675e-05
extra_trees,cat__geo_cluster_city_city_2,8.532873232382102e-05
extra_trees,num__basiskele_large_home_premium_bucket_median,8.3139578324498e-05
extra_trees,cat__district_Yahyakaptan Mah.,8.218750660281951e-05
extra_trees,cat__district_Halıdere Yalı Mh.,8.10266716611733e-05
extra_trees,cat__geo_cluster_x_room_count_city_9||2+1,7.880907458813153e-05
extra_trees,cat__geo_cluster_x_room_count_city_3||1+1,7.839562368340213e-05
extra_trees,cat__district_Yenişehir Mh.,7.800850179501693e-05
extra_trees,cat__basiskele_geo_cluster_x_m2_group_Başiskele_0||76-100,7.662973529652714e-05
extra_trees,cat__district_4 Temmuz Mah.,7.50419358593052e-05
extra_trees,cat__district_Rahmiye Mah.,7.498515386906127e-05
extra_trees,cat__basiskele_geo_cluster_x_m2_group_Başiskele_4||200+,7.355897735503255e-05
extra_trees,cat__district_Yazlık Yeni Mh.,7.329816404208042e-05
extra_trees,cat__basiskele_geo_cluster_x_m2_group_other,7.314534754492893e-05
extra_trees,cat__district_28 Haziran Mah.,7.273060352791797e-05
extra_trees,cat__detail_manzara_Havuz|Park & Yeşil Alan,7.217783404901012e-05
extra_trees,cat__district_Çiftlik Mh.,7.145803556995676e-05
extra_trees,cat__basiskele_geo_cluster_x_m2_group_Başiskele_3||76-100,7.030805602944083e-05
extra_trees,cat__detail_manzara_Havuz,7.020980209215778e-05
extra_trees,cat__basiskele_geo_cluster_x_m2_group_other||126-150,6.655619146912822e-05
extra_trees,cat__geo_cluster_x_room_count_city_2||4+1,6.511326140799152e-05
extra_trees,cat__district_Çukurbağ Mh.,6.223754050380023e-05
extra_trees,cat__county_Başiskele,6.061734576306549e-05
extra_trees,cat__detail_manzara_Doğa|Havuz|Park & Yeşil Alan,6.0076314923734225e-05
extra_trees,cat__geo_cluster_x_room_count_city_4||1+1,5.9891409669052384e-05
extra_trees,cat__geo_cluster_county_Gölcük_2,5.832547361362459e-05
extra_trees,cat__room_count_5+1,5.725879298429718e-05
extra_trees,cat__detail_manzara_Deniz|Park & Yeşil Alan,5.710559763436891e-05
extra_trees,cat__district_Merkez Mah.,5.671444220835301e-05
extra_trees,cat__district_Karadenizliler Mah.,5.311151671839494e-05
extra_trees,cat__district_Değirmendere Merkez Mh.,5.247583815044083e-05
extra_trees,cat__district_Altınkent Mh.,5.123015571004848e-05
extra_trees,cat__basiskele_geo_cluster_x_m2_group_other||151-200,5.114061187605967e-05
extra_trees,cat__basiskele_geo_cluster_x_m2_group_Başiskele_5||101-125,5.060805893652314e-05
extra_trees,cat__basiskele_geo_cluster_x_m2_group_Başiskele_0||101-125,4.980278490222901e-05
extra_trees,cat__district_Orhan Mah.,4.979090575859773e-05
extra_trees,cat__district_Karaköprü Mh.,4.918118591173113e-05
extra_trees,cat__basiskele_geo_cluster_x_m2_group_Başiskele_5||76-100,4.8296179163380244e-05
extra_trees,cat__district_Fatih Sultan Mehmet Mh.,4.79365921337864e-05
extra_trees,cat__district_Atakent Mah.,4.766823469293589e-05
extra_trees,cat__district_Yukarı Mh.,4.765432103692604e-05
extra_trees,cat__detail_manzara_Doğa|Havuz|Park & Yeşil Alan|Şehir,4.734297883717798e-05
extra_trees,cat__basiskele_geo_cluster_x_m2_group_Başiskele_0||200+,4.672405357106839e-05
extra_trees,cat__room_count_3.5+1,4.625969219500195e-05
extra_trees,cat__district_Emekevler Mh.,4.540844460261924e-05
extra_trees,cat__district_İhsaniye Merkez Mh.,4.537525687429637e-05
extra_trees,cat__district_Cedit Mah.,4.474282765526765e-05
extra_trees,cat__district_Yazlık Merkez Mh.,4.31221181301462e-05
extra_trees,cat__district_Şirinköy Mh.,4.245126699265254e-05
extra_trees,cat__district_Erenler Mah.,4.193210137307241e-05
extra_trees,cat__district_Atatürk Mh.,3.967930881066566e-05
extra_trees,cat__district_Çepni Mh.,3.859246667991335e-05
extra_trees,cat__district_Seymen Mah.,3.839942939278662e-05
extra_trees,cat__basiskele_geo_cluster_x_m2_group_Başiskele_0||0-75,3.730998996060267e-05
extra_trees,cat__basiskele_geo_cluster_x_m2_group_Başiskele_0||126-150,3.7244320707912664e-05
extra_trees,cat__detail_konut_tipi_En Üst Kat|Çatı Dubleksi,3.62962240120959e-05
extra_trees,cat__county_Karamürsel,3.586236324597728e-05
extra_trees,cat__district_Ömerağa Mh.,3.5576936341790296e-05
extra_trees,cat__geo_cluster_x_room_count_missing||4+1,3.40338191223355e-05
extra_trees,cat__detail_konut_tipi_Ara Kat|Çatı Dubleksi,3.3220515643837196e-05
extra_trees,cat__district_Veliahmet Mah.,3.264935398839455e-05
extra_trees,cat__basiskele_geo_cluster_x_m2_group_Başiskele_1||126-150,3.257280066673934e-05
extra_trees,cat__basiskele_geo_cluster_x_m2_group_Başiskele_3||0-75,3.177521137114352e-05
extra_trees,cat__district_Tepecik Mah.,3.1374056525217946e-05
extra_trees,cat__district_Uzunçiftlik Mh.,3.1072583710925816e-05
extra_trees,cat__basiskele_geo_cluster_x_m2_group_Başiskele_4||76-100,3.089847041248977e-05
extra_trees,cat__detail_manzara_Doğa|Havuz,3.0227302747077598e-05
extra_trees,cat__district_Hacıhasan Mh.,2.9421665020123444e-05
extra_trees,cat__heating_Klima,2.9195535727223506e-05
extra_trees,cat__geo_cluster_county_Başiskele_1,2.8278193436123235e-05
extra_trees,cat__district_Mahmutpaşa Mh.,2.7055231162810455e-05
extra_trees,cat__district_Ereğli Mh.,2.5810821411858686e-05
extra_trees,cat__district_Yeşilova Mh.,2.5769733131132998e-05
extra_trees,cat__geo_cluster_x_room_count_city_1||4+1,2.571875537570903e-05
extra_trees,cat__geo_cluster_x_room_count_city_7||4+1,2.566565611154658e-05
extra_trees,cat__district_Karabaş Mh.,2.4893080739457384e-05
extra_trees,cat__basiskele_geo_cluster_Başiskele_1,2.3605000660834402e-05
extra_trees,cat__district_Aydınkent Mh.,2.1394840929792667e-05
extra_trees,cat__district_Alikahya Cumhuriyet Mah.,2.1207593060349404e-05
extra_trees,cat__geo_cluster_county_Karamürsel_2,2.050470323406215e-05
extra_trees,cat__basiskele_geo_cluster_x_m2_group_Başiskele_3||200+,1.924888837626786e-05
extra_trees,cat__room_count_4+2,1.8707990649065705e-05
extra_trees,cat__district_Tavşantepe Mh.,1.856750257319026e-05
extra_trees,cat__geo_cluster_city_city_11,1.8451709952295866e-05
extra_trees,cat__district_Kuruçeşme Fatih Mh.,1.789390986037427e-05
extra_trees,cat__geo_cluster_x_room_count_city_9||4+1,1.7873557952989746e-05
extra_trees,cat__heating_missing,1.7814000799147755e-05
extra_trees,cat__detail_manzara_Doğa|Göl|Park & Yeşil Alan|Şehir,1.6928382584580364e-05
extra_trees,cat__district_Gültepe Mh.,1.6822106561399613e-05
extra_trees,cat__district_Yenidoğan Mh.,1.6373906965869273e-05
extra_trees,cat__district_Kullar Yakacık Mh.,1.632339224226982e-05
extra_trees,cat__geo_cluster_x_room_count_city_5||Stüdyo (1+0),1.4846567906012332e-05
extra_trees,cat__geo_cluster_x_room_count_city_3||5+1,1.4690738058719406e-05
extra_trees,cat__district_İpek Yolu Mh.,1.4392124651481967e-05
extra_trees,cat__demo_dominant_marital_status_Evli,1.4244659350323148e-05
extra_trees,cat__geo_cluster_x_room_count_city_11||2+1,1.4027388097775794e-05
extra_trees,cat__district_Yeniköy Merkez Mh.,1.3646842516849228e-05
extra_trees,cat__detail_manzara_Göl|Park & Yeşil Alan|Şehir,1.3579451848785979e-05
extra_trees,cat__geo_cluster_x_room_count_city_0||1+1,1.3369899186552699e-05
extra_trees,cat__basiskele_geo_cluster_x_m2_group_Başiskele_1||151-200,1.310107672914013e-05
extra_trees,cat__room_count_Stüdyo (1+0),1.2747188486308755e-05
extra_trees,cat__detail_manzara_Doğa|Göl|Park & Yeşil Alan,1.271537479192178e-05
extra_trees,cat__basiskele_geo_cluster_x_m2_group_Başiskele_1||101-125,1.2575207781122964e-05
extra_trees,cat__geo_cluster_x_room_count_city_2||4+2,1.2516753354913603e-05
extra_trees,cat__usage_status_missing,1.2123820493346151e-05
extra_trees,cat__district_Ulaşlı Yavuz Sultan Selim Mh.,1.1252128558451499e-05
extra_trees,cat__detail_konut_tipi_Dubleks|Ters Dubleks,1.1216114436334975e-05
extra_trees,cat__geo_cluster_x_room_count_city_7||5+1,1.0783843436142873e-05
extra_trees,cat__room_count_4.5+1,1.0562858131657865e-05
extra_trees,cat__district_Köseköy Mh.,1.0552571955200537e-05
extra_trees,cat__detail_konut_tipi_Dubleks|En Üst Kat|Ara Kat|Ara Kat Dubleks|Bahçe Dubleksi|Çatı Dubleksi|Forleks|Ters Dubleks|Tripleks,1.0547701145052151e-05
extra_trees,cat__detail_konut_tipi_Dubleks|En Üst Kat,1.0244299779818184e-05
extra_trees,cat__heating_Kat Kaloriferi,1.0070708458741964e-05
extra_trees,cat__district_Yaylacık Mh.,1.0007069437939864e-05
extra_trees,cat__district_Derbent Mh.,9.850876263389911e-06
extra_trees,cat__district_Kabaoğlu Mh.,9.746843481669753e-06
extra_trees,cat__geo_cluster_x_room_count_city_2||1+1,9.734614063999207e-06
extra_trees,cat__elevator_missing,9.338358386523804e-06
extra_trees,cat__district_Yunus Emre Mah.,9.147222575309915e-06
extra_trees,cat__detail_konut_tipi_En Üst Kat|Ara Kat,8.840976771068308e-06
extra_trees,cat__district_Malta Mah.,8.825127934661204e-06
extra_trees,cat__district_Hisareyn Merkez Mah.,8.583858460326453e-06
extra_trees,cat__district_Tüysüzler Mh.,8.332418736945214e-06
extra_trees,cat__geo_cluster_x_room_count_city_9||1+1,8.007477461078737e-06
extra_trees,cat__parking_missing,7.852957398133784e-06
extra_trees,cat__site_inside_missing,7.796915173136912e-06
extra_trees,cat__district_Fevzi Çakmak Mh.,7.177029152827621e-06
extra_trees,cat__furnished_missing,7.11904239346816e-06
extra_trees,cat__district_Hatipköy Mh.,7.049574098146317e-06
extra_trees,cat__district_Doğan Mh.,6.83187060021629e-06
extra_trees,cat__basiskele_geo_cluster_x_m2_group_other||200+,6.737456505944029e-06
extra_trees,cat__room_count_3+2,6.197121310974133e-06
extra_trees,cat__geo_cluster_x_room_count_city_2||5+1,5.955861503179597e-06
extra_trees,cat__geo_cluster_x_room_count_city_10||5+1,5.7054458539664975e-06
extra_trees,cat__detail_manzara_Boğaz|Deniz,5.678804105682975e-06
extra_trees,cat__district_İstasyon Mh.,5.580246472712785e-06
extra_trees,cat__district_Ayazma Mah.,5.270283828183277e-06
extra_trees,cat__geo_cluster_x_room_count_city_11||3+1,5.2074686448781266e-06
extra_trees,cat__detail_manzara_Deniz|Havuz,5.088621710633605e-06
extra_trees,cat__district_Sekbanlı Mh.,4.993178770303612e-06
extra_trees,cat__heating_Kombi (Elektrik),4.98153469190375e-06
extra_trees,cat__basiskele_geo_cluster_x_m2_group_Başiskele_1||76-100,4.511630992282631e-06
extra_trees,cat__building_age_group_missing,4.40494425942594e-06
extra_trees,cat__geo_cluster_x_room_count_city_7||3+2,4.336442141397747e-06
extra_trees,cat__geo_cluster_x_room_count_city_8||5+1,4.292914841324878e-06
extra_trees,cat__room_count_2.5+1,4.075713924684057e-06
extra_trees,cat__geo_cluster_x_room_count_city_1||1+1,4.033126502803827e-06
extra_trees,cat__room_count_6+1,3.945129467298602e-06
extra_trees,cat__district_Örcün Mh.,3.934518093666525e-06
extra_trees,cat__detail_manzara_Göl|Havuz,3.932033152476218e-06
extra_trees,cat__basiskele_geo_cluster_x_m2_group_Başiskele_1||0-75,3.857259503685831e-06
extra_trees,cat__detail_konut_tipi_Ara Kat Dubleks,3.784281789563916e-06
extra_trees,cat__real_estate_type_Satılık Daire,3.687705435443865e-06
extra_trees,cat__detail_konut_tipi_Dubleks|En Üst Kat|Ara Kat|Çatı Dubleksi,3.671769535510109e-06
extra_trees,cat__real_estate_type_Satılık Villa,3.6474750154725973e-06
extra_trees,cat__room_count_1.5+1,3.585852472542422e-06
extra_trees,cat__demo_dominant_marital_status_Bekar,3.227085803674546e-06
extra_trees,cat__detail_konut_tipi_Ara Kat|Tripleks,3.0221465825018086e-06
extra_trees,cat__real_estate_type_Satılık Rezidans,3.00812507063628e-06
extra_trees,cat__detail_manzara_Havuz|Şehir,2.986687094991815e-06
extra_trees,cat__district_Halıdere Yeni Mh.,2.9601661284483434e-06
extra_trees,cat__district_Düzağaç Mh.,2.9378383764697657e-06
extra_trees,cat__basiskele_geo_cluster_x_m2_group_Başiskele_4||0-75,2.9095510766024963e-06
extra_trees,cat__room_count_5+2,2.642232088044856e-06
extra_trees,cat__basiskele_geo_cluster_x_m2_group_Başiskele_5||0-75,2.6028187886455525e-06
extra_trees,cat__geo_cluster_x_room_count_city_4||5+1,2.4691106737088783e-06
extra_trees,cat__geo_cluster_x_room_count_city_8||1+1,2.3926169470569426e-06
extra_trees,cat__district_Kullar Tepecik Mh.,2.387460030653025e-06
extra_trees,cat__demo_dominant_education_İlkokul,2.3003834271979378e-06
extra_trees,cat__district_Akarca Mah.,2.0024707663285488e-06
extra_trees,cat__district_Damlar Mah.,1.849104553914621e-06
extra_trees,cat__geo_cluster_x_room_count_city_3||4+2,1.8393214364756693e-06
extra_trees,cat__detail_konut_tipi_Bahçe Dubleksi|Ters Dubleks,1.8023522479260058e-06
extra_trees,cat__district_Sepetçi Mh.,1.7870800324474818e-06
extra_trees,cat__district_Arslanbey Mh.,1.7360016617207124e-06
extra_trees,cat__district_Ataşehir Mh.,1.6772818795254364e-06
extra_trees,cat__geo_cluster_x_room_count_city_0||4.5+1,1.6118680089599956e-06
extra_trees,cat__detail_konut_tipi_Dubleks|Bahçe Dubleksi|Ters Dubleks,1.6069971011028495e-06
extra_trees,cat__district_İbrikdere Mh.,1.5443778333166554e-06
extra_trees,cat__geo_cluster_x_room_count_city_2||3.5+1,1.5386970293311976e-06
extra_trees,cat__geo_cluster_x_room_count_city_1||4.5+1,1.5131098261078987e-06
extra_trees,cat__room_count_2+2,1.4347319517676884e-06
extra_trees,cat__district_Sanayi Mah.,1.4265768947778294e-06
extra_trees,cat__geo_cluster_x_room_count_missing||Stüdyo (1+0),1.364761783768674e-06
extra_trees,cat__geo_cluster_x_room_count_city_2||3+2,1.3549443286019973e-06
extra_trees,cat__district_Havuzlubahçe Mh.,1.330619116422395e-06
extra_trees,cat__detail_manzara_Göl,1.2981221823890415e-06
extra_trees,cat__floor_segment_missing,1.2668021940308267e-06
extra_trees,cat__geo_cluster_x_room_count_city_7||1+1,1.1062234725197923e-06
extra_trees,cat__district_Bekirdere Mah.,1.0944787465526708e-06
extra_trees,cat__demo_dominant_age_group_missing,1.0753540986820174e-06
extra_trees,cat__detail_manzara_Deniz|Havuz|Park & Yeşil Alan,1.0598831284864512e-06
extra_trees,cat__district_Bahçecik Kılıçaslan Mh.,1.0415089648731449e-06
extra_trees,cat__heating_VRV,9.749008119544787e-07
extra_trees,cat__demo_ses_group_missing,9.576327435243206e-07
extra_trees,cat__basiskele_geo_cluster_x_m2_group_Başiskele_1||200+,8.853252436347463e-07
extra_trees,cat__detail_konut_tipi_Tripleks,8.64026976164188e-07
extra_trees,num__demo_has_county_demographics,8.051411957024945e-07
extra_trees,cat__district_Kullar Merkez Mh.,7.57161748413693e-07
extra_trees,num__demo_has_demographics,7.548189385244519e-07
extra_trees,cat__basiskele_geo_cluster_x_m2_group_other||0-75,7.26524121335872e-07
extra_trees,cat__district_Dereköy Mh.,6.519837833839681e-07
extra_trees,cat__detail_manzara_Deniz|Doğa|Havuz|Park & Yeşil Alan,6.428223172105451e-07
extra_trees,cat__demo_dominant_education_missing,6.198926213121016e-07
extra_trees,cat__geo_cluster_x_room_count_city_6||1+1,5.914881699873969e-07
extra_trees,cat__district_Maşukiye Mh.,5.250691606171168e-07
extra_trees,cat__district_Alikahya Merkez Mah.,4.78139627124787e-07
extra_trees,cat__floor_segment_Bodrum,3.973961805956915e-07
extra_trees,cat__detail_konut_tipi_Dubleks|Ara Kat,3.931806941775897e-07
extra_trees,cat__detail_konut_tipi_Dubleks|Ara Kat|Bahçe Dubleksi,3.616786148960254e-07
extra_trees,cat__district_Karşıyaka Mh.,3.1440578044173474e-07
extra_trees,cat__basiskele_geo_cluster_x_m2_group_Başiskele_2||200+,3.0038469482981745e-07
extra_trees,cat__demo_dominant_marital_status_missing,2.469249479894725e-07
extra_trees,cat__detail_konut_tipi_Ara Kat|Bahçe Dubleksi|Çatı Dubleksi,2.1159982279131647e-07
extra_trees,cat__district_Kemalpaşa Mh.,1.8164931716055089e-07
extra_trees,cat__district_Yeşilkent Mh.,1.4164593510877475e-07
extra_trees,cat__detail_konut_tipi_Dubleks|En Üst Kat|Ara Kat,1.377340280778191e-07
extra_trees,cat__detail_manzara_Boğaz|Deniz|Doğa|Göl|Havuz|Nehir|Park & Yeşil Alan|Şehir,1.2657881407187003e-07
extra_trees,cat__detail_manzara_Doğa|Göl,1.0459975462286482e-07
extra_trees,num__demo_coverage_score,5.335920340975503e-08
extra_trees,cat__heating_Soba,3.5512894281965086e-08
extra_trees,cat__detail_manzara_Boğaz|Deniz|Doğa|Şehir,1.4986614708590716e-08
extra_trees,cat__district_Zabıtan Mh.,1.2018635182524444e-08
extra_trees,cat__geo_cluster_x_room_count_missing||5+1,1.1256306675311478e-08
extra_trees,cat__rent_feature_level_county,1.0378137142626186e-08
extra_trees,cat__district_Sahil Mah.,8.891375390526817e-09
extra_trees,cat__district_Arızlı Mh.,5.522210003541976e-10
extra_trees,num__open_area_m2,0.0
extra_trees,num__has_open_area,0.0
extra_trees,num__is_basement,0.0
extra_trees,num__rent_feature_confidence,0.0
extra_trees,num__county_demo_per_capita_income_median,0.0
extra_trees,num__county_demo_household_income_median,0.0
extra_trees,num__demo_age_coverage,0.0
extra_trees,num__demo_education_coverage,0.0
extra_trees,num__demo_income_available,0.0
extra_trees,num__demo_ses_available,0.0
extra_trees,num__demo_market_activity_available,0.0
extra_trees,num__demo_infrastructure_available,0.0
extra_trees,num__demo_real_estate_agent_count,0.0
extra_trees,num__demo_agent_listing_count,0.0
extra_trees,num__demo_owner_listing_count,0.0
extra_trees,num__demo_sale_count,0.0
extra_trees,num__demo_mortgage_count,0.0
extra_trees,num__demo_turnover_ratio,0.0
extra_trees,num__demo_computed_turnover_ratio,0.0
extra_trees,num__demo_listing_count_2024,0.0
extra_trees,num__demo_bb_sale_count_2024,0.0
extra_trees,num__demo_bb_mortgaged_sale_count_2024,0.0
extra_trees,num__county_demo_sale_count_sum,0.0
extra_trees,num__county_demo_turnover_ratio_median,0.0
extra_trees,num__demo_turnover_vs_county,0.0
extra_trees,num__demo_saving_total,0.0
extra_trees,num__demo_expense_total,0.0
extra_trees,num__demo_expense_food,0.0
extra_trees,num__demo_expense_shelter,0.0
extra_trees,num__demo_expense_transportation,0.0
extra_trees,num__demo_expense_education,0.0
extra_trees,num__demo_ecommerce_count,0.0
extra_trees,num__demo_ecommerce_density,0.0
extra_trees,num__demo_online_retail,0.0
extra_trees,num__attr_credit_eligible,0.0
extra_trees,num__location_precision_approx,0.0
extra_trees,num__location_precision_district_only,0.0
extra_trees,num__is_coastal_500m,0.0
extra_trees,num__is_coastal_1000m,0.0
extra_trees,num__is_coastal_2000m,0.0
extra_trees,num__distance_to_sea_m,0.0
extra_trees,num__log_distance_to_sea,0.0
extra_trees,num__is_coastal_250m,0.0
extra_trees,num__coastal_access_score,0.0
extra_trees,num__bsk_distance_to_sea_x_view_sea,0.0
extra_trees,num__bsk_distance_to_sea_x_near_sea_zero,0.0
extra_trees,num__bsk_distance_to_sea_x_large_home,0.0
extra_trees,num__bsk_distance_to_sea_x_site_inside,0.0
extra_trees,num__bsk_distance_to_sea_x_quality,0.0
extra_trees,num__bsk_coastal_x_large_home,0.0
extra_trees,num__bsk_coastal_x_geo_cluster,0.0
extra_trees,num__bsk_coastal_x_room_4p1,0.0
extra_trees,cat__real_estate_type_Satılık Müstakil Ev,0.0
extra_trees,cat__real_estate_type_Satılık Yazlık,0.0
extra_trees,cat__room_count_2+0,0.0
extra_trees,cat__room_count_3+0,0.0
extra_trees,cat__room_count_4.5+2,0.0
extra_trees,cat__room_count_5.5+1,0.0
extra_trees,cat__room_count_6+2,0.0
extra_trees,cat__room_count_6+3,0.0
extra_trees,cat__room_count_7+1,0.0
extra_trees,cat__kitchen_Belirtilmemiş,0.0
extra_trees,cat__balcony_missing,0.0
extra_trees,cat__elevator_Belirtilmemiş,0.0
extra_trees,cat__site_inside_Belirtilmemiş,0.0
extra_trees,cat__credit_eligible_missing,0.0
extra_trees,cat__energy_certificate_missing,0.0
extra_trees,cat__deed_status_missing,0.0
extra_trees,cat__seller_type_missing,0.0
extra_trees,cat__barter_missing,0.0
extra_trees,cat__city_Kocaeli,0.0
extra_trees,cat__district_Acısu Mh.,0.0
extra_trees,cat__district_Avcıköy Mh.,0.0
extra_trees,cat__district_Bahçecik Şehitekrem Mh.,0.0
extra_trees,cat__district_Durhasan Mh.,0.0
extra_trees,cat__district_Saraylı Mh.,0.0
extra_trees,cat__district_Tepecik Mh.,0.0
extra_trees,cat__district_Ulaşlı Yalı Mh.,0.0
extra_trees,cat__district_Uzuntarla Mh.,0.0
extra_trees,cat__district_Vezirçiftliği Mh.,0.0
extra_trees,cat__district_Yalakdere Mh.,0.0
extra_trees,cat__district_Yuvacık Yakacık Mh.,0.0
extra_trees,cat__district_Şevkatiye Mh.,0.0
extra_trees,cat__detail_manzara_Boğaz|Deniz|Doğa,0.0
extra_trees,cat__detail_manzara_Boğaz|Deniz|Doğa|Göl|Park & Yeşil Alan|Şehir,0.0
extra_trees,cat__detail_manzara_Boğaz|Deniz|Doğa|Havuz|Park & Yeşil Alan|Şehir,0.0
extra_trees,cat__detail_manzara_Boğaz|Deniz|Doğa|Park & Yeşil Alan,0.0
extra_trees,cat__detail_manzara_Boğaz|Deniz|Göl|Park & Yeşil Alan,0.0
extra_trees,cat__detail_manzara_Boğaz|Deniz|Park & Yeşil Alan,0.0
extra_trees,cat__detail_manzara_Boğaz|Deniz|Park & Yeşil Alan|Şehir,0.0
extra_trees,cat__detail_manzara_Boğaz|Deniz|Şehir,0.0
extra_trees,cat__detail_manzara_Boğaz|Doğa|Havuz|Park & Yeşil Alan,0.0
extra_trees,cat__detail_manzara_Boğaz|Doğa|Park & Yeşil Alan,0.0
extra_trees,cat__detail_manzara_Boğaz|Doğa|Park & Yeşil Alan|Şehir,0.0
extra_trees,cat__detail_manzara_Deniz|Doğa|Göl|Park & Yeşil Alan,0.0
extra_trees,cat__detail_manzara_Deniz|Doğa|Göl|Park & Yeşil Alan|Şehir,0.0
extra_trees,cat__detail_manzara_Deniz|Doğa|Havuz,0.0
extra_trees,cat__detail_manzara_Deniz|Doğa|Havuz|Şehir,0.0
extra_trees,cat__detail_manzara_Deniz|Doğa|Nehir|Park & Yeşil Alan|Şehir,0.0
extra_trees,cat__detail_manzara_Deniz|Göl|Şehir,0.0
extra_trees,cat__detail_manzara_Deniz|Havuz|Park & Yeşil Alan|Şehir,0.0
extra_trees,cat__detail_manzara_Deniz|Havuz|Şehir,0.0
extra_trees,cat__detail_manzara_Deniz|Nehir|Park & Yeşil Alan,0.0
extra_trees,cat__detail_manzara_Doğa|Göl|Havuz|Park & Yeşil Alan|Şehir,0.0
extra_trees,cat__detail_manzara_Doğa|Göl|Havuz|Şehir,0.0
extra_trees,cat__detail_manzara_Doğa|Göl|Şehir,0.0
extra_trees,cat__detail_manzara_Doğa|Havuz|Şehir,0.0
extra_trees,cat__detail_manzara_Doğa|Nehir|Park & Yeşil Alan,0.0
extra_trees,cat__detail_manzara_Doğa|Nehir|Park & Yeşil Alan|Şehir,0.0
extra_trees,cat__detail_manzara_Göl|Havuz|Park & Yeşil Alan,0.0
extra_trees,cat__detail_manzara_Göl|Park & Yeşil Alan,0.0
extra_trees,cat__detail_manzara_Göl|Şehir,0.0
extra_trees,cat__detail_konut_tipi_Ara Kat|Ara Kat Dubleks,0.0
extra_trees,cat__detail_konut_tipi_Ara Kat|Bahçe Dubleksi,0.0
extra_trees,cat__detail_konut_tipi_Bahçe Dubleksi|Tripleks,0.0
extra_trees,cat__detail_konut_tipi_Bahçe Dubleksi|Çatı Dubleksi,0.0
extra_trees,cat__detail_konut_tipi_Dubleks|Ara Kat Dubleks,0.0
extra_trees,cat__detail_konut_tipi_Dubleks|Ara Kat Dubleks|Ters Dubleks,0.0
extra_trees,cat__detail_konut_tipi_Dubleks|Ara Kat|Ara Kat Dubleks,0.0
extra_trees,cat__detail_konut_tipi_Dubleks|Ara Kat|Ara Kat Dubleks|Bahçe Dubleksi,0.0
extra_trees,cat__detail_konut_tipi_Dubleks|Ara Kat|Ara Kat Dubleks|Bahçe Dubleksi|Ters Dubleks,0.0
extra_trees,cat__detail_konut_tipi_Dubleks|Ara Kat|Ara Kat Dubleks|Ters Dubleks,0.0
extra_trees,cat__detail_konut_tipi_Dubleks|Ara Kat|Bahçe Dubleksi|Ters Dubleks,0.0
extra_trees,cat__detail_konut_tipi_Dubleks|Ara Kat|Bahçe Dubleksi|Çatı Dubleksi|Ters Dubleks,0.0
extra_trees,cat__detail_konut_tipi_Dubleks|Ara Kat|Çatı Dubleksi,0.0
extra_trees,cat__detail_konut_tipi_Dubleks|Bahçe Dubleksi|Çatı Dubleksi,0.0
extra_trees,cat__detail_konut_tipi_Dubleks|En Üst Kat|Ara Kat Dubleks|Bahçe Dubleksi|Çatı Dubleksi|Forleks|Ters Dubleks|Tripleks,0.0
extra_trees,cat__detail_konut_tipi_Dubleks|En Üst Kat|Ara Kat Dubleks|Bahçe Dubleksi|Çatı Dubleksi|Ters Dubleks,0.0
extra_trees,cat__detail_konut_tipi_Dubleks|En Üst Kat|Ara Kat Dubleks|Çatı Dubleksi|Ters Dubleks,0.0
extra_trees,cat__detail_konut_tipi_Dubleks|En Üst Kat|Ara Kat Dubleks|Çatı Dubleksi|Ters Dubleks|Tripleks,0.0
extra_trees,cat__detail_konut_tipi_Dubleks|En Üst Kat|Ara Kat|Ara Kat Dubleks|Bahçe Dubleksi|Çatı Dubleksi|Forleks|Ters Dubleks,0.0
extra_trees,cat__detail_konut_tipi_Dubleks|En Üst Kat|Ara Kat|Ara Kat Dubleks|Bahçe Dubleksi|Çatı Dubleksi|Ters Dubleks,0.0
extra_trees,cat__detail_konut_tipi_Dubleks|En Üst Kat|Ara Kat|Ara Kat Dubleks|Bahçe Dubleksi|Çatı Dubleksi|Ters Dubleks|Tripleks,0.0
extra_trees,cat__detail_konut_tipi_Dubleks|En Üst Kat|Ara Kat|Ara Kat Dubleks|Çatı Dubleksi,0.0
extra_trees,cat__detail_konut_tipi_Dubleks|En Üst Kat|Ara Kat|Ara Kat Dubleks|Çatı Dubleksi|Forleks|Ters Dubleks|Tripleks,0.0
extra_trees,cat__detail_konut_tipi_Dubleks|En Üst Kat|Ara Kat|Ara Kat Dubleks|Çatı Dubleksi|Ters Dubleks,0.0
extra_trees,cat__detail_konut_tipi_Dubleks|En Üst Kat|Ara Kat|Bahçe Dubleksi,0.0
extra_trees,cat__detail_konut_tipi_Dubleks|En Üst Kat|Ara Kat|Bahçe Dubleksi|Çatı Dubleksi,0.0
extra_trees,cat__detail_konut_tipi_Dubleks|En Üst Kat|Ara Kat|Çatı Dubleksi|Ters Dubleks,0.0
extra_trees,cat__detail_konut_tipi_Dubleks|En Üst Kat|Ters Dubleks,0.0
extra_trees,cat__detail_konut_tipi_Dubleks|En Üst Kat|Çatı Dubleksi|Ters Dubleks,0.0
extra_trees,cat__detail_konut_tipi_En Üst Kat|Ara Kat Dubleks|Çatı Dubleksi,0.0
extra_trees,cat__detail_konut_tipi_En Üst Kat|Ara Kat|Bahçe Dubleksi,0.0
extra_trees,cat__detail_konut_tipi_En Üst Kat|Ara Kat|Çatı Dubleksi,0.0
extra_trees,cat__detail_konut_tipi_En Üst Kat|Tripleks,0.0
extra_trees,cat__detail_konut_tipi_Forleks,0.0
extra_trees,cat__detail_konut_tipi_Kat Dubleksi,0.0
extra_trees,cat__detail_konut_tipi_Çatı Dubleksi|Ters Dubleks,0.0
extra_trees,cat__demo_dominant_age_group_10-14,0.0
extra_trees,cat__location_precision_district_only,0.0
extra_trees,cat__location_source_district_text,0.0
extra_trees,cat__basiskele_geo_cluster_x_m2_group_Başiskele_2||0-75,0.0
extra_trees,cat__geo_cluster_x_room_count_city_0||1.5+1,0.0
extra_trees,cat__geo_cluster_x_room_count_city_0||2.5+1,0.0
extra_trees,cat__geo_cluster_x_room_count_city_0||3+2,0.0
extra_trees,cat__geo_cluster_x_room_count_city_0||3.5+1,0.0
extra_trees,cat__geo_cluster_x_room_count_city_0||4+2,0.0
extra_trees,cat__geo_cluster_x_room_count_city_0||5+1,0.0
extra_trees,cat__geo_cluster_x_room_count_city_0||5+2,0.0
extra_trees,cat__geo_cluster_x_room_count_city_0||6+1,0.0
extra_trees,cat__geo_cluster_x_room_count_city_10||6+1,0.0
extra_trees,cat__geo_cluster_x_room_count_city_10||Stüdyo (1+0),0.0
extra_trees,cat__geo_cluster_x_room_count_city_11||4+1,0.0
extra_trees,cat__geo_cluster_x_room_count_city_1||1.5+1,0.0
extra_trees,cat__geo_cluster_x_room_count_city_1||3.5+1,0.0
extra_trees,cat__geo_cluster_x_room_count_city_1||4+2,0.0
extra_trees,cat__geo_cluster_x_room_count_city_1||5+1,0.0
extra_trees,cat__geo_cluster_x_room_count_city_1||5+2,0.0
extra_trees,cat__geo_cluster_x_room_count_city_1||5.5+1,0.0
extra_trees,cat__geo_cluster_x_room_count_city_2||2+2,0.0
extra_trees,cat__geo_cluster_x_room_count_city_2||2.5+1,0.0
extra_trees,cat__geo_cluster_x_room_count_city_2||4.5+1,0.0
extra_trees,cat__geo_cluster_x_room_count_city_2||4.5+2,0.0
extra_trees,cat__geo_cluster_x_room_count_city_2||5+2,0.0
extra_trees,cat__geo_cluster_x_room_count_city_2||5.5+1,0.0
extra_trees,cat__geo_cluster_x_room_count_city_2||6+1,0.0
extra_trees,cat__geo_cluster_x_room_count_city_2||6+2,0.0
extra_trees,cat__geo_cluster_x_room_count_city_3||2.5+1,0.0
extra_trees,cat__geo_cluster_x_room_count_city_3||3+0,0.0
extra_trees,cat__geo_cluster_x_room_count_city_3||3+2,0.0
extra_trees,cat__geo_cluster_x_room_count_city_3||3.5+1,0.0
extra_trees,cat__geo_cluster_x_room_count_city_3||5+2,0.0
extra_trees,cat__geo_cluster_x_room_count_city_3||6+1,0.0
extra_trees,cat__geo_cluster_x_room_count_city_3||6+3,0.0
extra_trees,cat__geo_cluster_x_room_count_city_3||Stüdyo (1+0),0.0
extra_trees,cat__geo_cluster_x_room_count_city_4||1.5+1,0.0
extra_trees,cat__geo_cluster_x_room_count_city_4||2+2,0.0
extra_trees,cat__geo_cluster_x_room_count_city_4||2.5+1,0.0
extra_trees,cat__geo_cluster_x_room_count_city_4||3+2,0.0
extra_trees,cat__geo_cluster_x_room_count_city_4||3.5+1,0.0
extra_trees,cat__geo_cluster_x_room_count_city_4||4+2,0.0
extra_trees,cat__geo_cluster_x_room_count_city_4||6+1,0.0
extra_trees,cat__geo_cluster_x_room_count_city_5||2+0,0.0
extra_trees,cat__geo_cluster_x_room_count_city_5||2.5+1,0.0
extra_trees,cat__geo_cluster_x_room_count_city_5||3.5+1,0.0
extra_trees,cat__geo_cluster_x_room_count_city_5||4+2,0.0
extra_trees,cat__geo_cluster_x_room_count_city_5||5+1,0.0
extra_trees,cat__geo_cluster_x_room_count_city_5||5+2,0.0
extra_trees,cat__geo_cluster_x_room_count_city_5||5.5+1,0.0
extra_trees,cat__geo_cluster_x_room_count_city_5||6+2,0.0
extra_trees,cat__geo_cluster_x_room_count_city_6||2.5+1,0.0
extra_trees,cat__geo_cluster_x_room_count_city_6||3.5+1,0.0
extra_trees,cat__geo_cluster_x_room_count_city_6||5+1,0.0
extra_trees,cat__geo_cluster_x_room_count_city_7||1.5+1,0.0
extra_trees,cat__geo_cluster_x_room_count_city_7||2.5+1,0.0
extra_trees,cat__geo_cluster_x_room_count_city_7||3.5+1,0.0
extra_trees,cat__geo_cluster_x_room_count_city_7||4+2,0.0
extra_trees,cat__geo_cluster_x_room_count_city_8||2+2,0.0
extra_trees,cat__geo_cluster_x_room_count_city_8||2.5+1,0.0
extra_trees,cat__geo_cluster_x_room_count_city_8||4+2,0.0
extra_trees,cat__geo_cluster_x_room_count_city_8||4.5+1,0.0
extra_trees,cat__geo_cluster_x_room_count_city_8||5+2,0.0
extra_trees,cat__geo_cluster_x_room_count_city_8||6+1,0.0
extra_trees,cat__geo_cluster_x_room_count_city_9||1.5+1,0.0
extra_trees,cat__geo_cluster_x_room_count_city_9||5+1,0.0
extra_trees,cat__geo_cluster_x_room_count_city_9||5+2,0.0
extra_trees,cat__geo_cluster_x_room_count_city_9||Stüdyo (1+0),0.0
extra_trees,cat__geo_cluster_x_room_count_missing||2+2,0.0
extra_trees,cat__geo_cluster_x_room_count_missing||2.5+1,0.0
extra_trees,cat__geo_cluster_x_room_count_missing||3+0,0.0
extra_trees,cat__geo_cluster_x_room_count_missing||3+2,0.0
extra_trees,cat__geo_cluster_x_room_count_missing||3.5+1,0.0
extra_trees,cat__geo_cluster_x_room_count_missing||4+2,0.0
extra_trees,cat__geo_cluster_x_room_count_missing||4.5+1,0.0
extra_trees,cat__geo_cluster_x_room_count_missing||7+1,0.0
gradient_boosting,num__district_m2_group_target_median,0.13593886346002262
gradient_boosting,num__attr_total_quality_score,0.10214717482868522
gradient_boosting,num__district_room_count_target_median,0.09281228915361976
gradient_boosting,num__attr_effect_building_age_bucket,0.07259832363838528
gradient_boosting,num__attr_m2_per_room,0.0324287672517517
gradient_boosting,num__location_baseline_log,0.02974512200969223
gradient_boosting,num__trend_sale_m2,0.02382890159109384
gradient_boosting,num__detail_effect_outside_mean,0.023527512291956047
gradient_boosting,num__detail_effect_total_mean,0.021192362903268532
gradient_boosting,num__location_baseline_m2,0.021169105147942166
gradient_boosting,num__attr_building_age_inverse,0.018975644742417464
gradient_boosting,num__detail_effect_subtype_sum,0.018556573766178905
gradient_boosting,num__building_age,0.017485736559641803
gradient_boosting,num__attr_effect_elevator,0.01679761538612088
gradient_boosting,num__detail_effect_subtype_mean,0.015479933802742565
gradient_boosting,num__estimated_monthly_rent_gross,0.013526610995266485
gradient_boosting,num__total_floors,0.013105481509620995
gradient_boosting,num__detail_effect_inside_sum,0.012947488475225089
gradient_boosting,num__dues,0.01135471055098509
gradient_boosting,num__detail_effect_outside_sum,0.011102757384421864
gradient_boosting,num__demo_old_ratio,0.010965021910732897
gradient_boosting,num__detail_effect_inside_x_attr_quality,0.010735769026731791
gradient_boosting,num__demo_age_65_plus,0.009808150781205853
gradient_boosting,num__attr_quality_x_county_income,0.00979291180765398
gradient_boosting,cat__parking_Açık Otopark,0.009283525984293677
gradient_boosting,cat__usage_status_Mülk Sahibi,0.009131301534315267
gradient_boosting,num__demo_divorced_ratio,0.009101260056852998
gradient_boosting,num__demo_population_density,0.007882609042125895
gradient_boosting,num__net_m2,0.0072545147857171624
gradient_boosting,num__bathroom_count,0.0068475503884654915
gradient_boosting,num__distance_to_coast_x_near_sea_zero,0.0064622384520705185
gradient_boosting,num__detail_effect_inside_mean,0.005514097527844791
gradient_boosting,num__detail_effect_outside_x_attr_quality,0.005323539391522254
gradient_boosting,num__attr_quality_x_demo_income,0.005321030738559217
gradient_boosting,num__distance_to_coastline_m,0.005093143422160755
gradient_boosting,num__location_baseline_vs_trend,0.004478391873112321
gradient_boosting,num__demo_age_65_plus_count,0.004449157710712256
gradient_boosting,num__detail_effect_view_mean,0.004350900371961616
gradient_boosting,num__attr_building_age_score,0.004325845654388238
gradient_boosting,num__detail_effect_total_sum,0.003940988391363768
gradient_boosting,num__trend_yield,0.003754811764573494
gradient_boosting,num__distance_to_coast_x_site_inside,0.003650482865174254
gradient_boosting,num__detail_effect_front_sum,0.0035347089605838075
gradient_boosting,num__demo_atm_per_10k,0.003482967915368783
gradient_boosting,num__distance_to_karamursel_center_m,0.0033607229223079488
gradient_boosting,num__distance_to_district_centroid_m,0.0031981251994232353
gradient_boosting,num__large_home_quality_x_m2,0.0030660751136128896
gradient_boosting,num__basiskele_detail_group_bucket_median,0.0026926555529032847
gradient_boosting,num__basiskele_district_premium_bucket_mean,0.002656837897981943
gradient_boosting,num__demo_workplace_density,0.0026029476886478484
gradient_boosting,num__attr_old_building_x_no_elevator,0.0025569978297266733
gradient_boosting,num__district_target_mean,0.0024912096013928165
gradient_boosting,num__detail_effect_total_x_attr_quality,0.002347100543555915
gradient_boosting,num__basiskele_premium_score,0.002266570128165692
gradient_boosting,num__attr_amenity_score,0.002231731408400283
gradient_boosting,num__attr_effect_total_quality_bucket,0.0021921697981142872
gradient_boosting,num__detail_effect_front_mean,0.0021895365476111554
gradient_boosting,num__attr_heating_quality_score,0.002131196178926581
gradient_boosting,num__lon_centered_county,0.0020902978466103444
gradient_boosting,num__distance_to_yuvacik_m,0.002018746003911793
gradient_boosting,num__distance_to_county_centroid_m,0.001975546339169622
gradient_boosting,num__attr_quality_x_location_baseline,0.0019635079492760343
gradient_boosting,num__district_room_rent_m2_count,0.0019443412561945702
gradient_boosting,num__demo_vehicle_per_capita,0.0018200827113853877
gradient_boosting,num__gross_m2,0.0017821685119640165
gradient_boosting,num__is_old_building,0.0017310931270192683
gradient_boosting,num__trend_count_sale,0.0017206949237006377
gradient_boosting,num__remaining_floors,0.0016809886962314343
gradient_boosting,num__lon_centered_city,0.0015980100130161589
gradient_boosting,num__lat_centered_county,0.001552646140952673
gradient_boosting,num__attr_net_gross_ratio,0.0015489038129894266
gradient_boosting,num__district_m2_group_rent_m2_count,0.0015463912128375872
gradient_boosting,num__bearing_from_county_centroid_sin,0.0015141150261841747
gradient_boosting,num__attr_compact_home_x_quality,0.0014883198535553324
gradient_boosting,num__net_gross_ratio,0.0014378881099236247
gradient_boosting,num__distance_to_basiskele_coast_m,0.0013727401360386826
gradient_boosting,num__distance_to_golcuk_center_m,0.0013718918111487108
gradient_boosting,num__distance_to_izmit_center_m,0.0013370426072800436
gradient_boosting,num__detail_effect_transport_mean,0.0013365473081222473
gradient_boosting,cat__heating_Kombi (Doğalgaz),0.0013230416364681274
gradient_boosting,num__detail_effect_negative_count,0.0012910513505410236
gradient_boosting,num__attr_effect_heating_quality_bucket,0.0012895273814901554
gradient_boosting,num__location_baseline_level_code,0.001229257106674974
gradient_boosting,num__detail_effect_total_abs_sum,0.0012115789897578827
gradient_boosting,num__lat,0.001196193096509377
gradient_boosting,num__distance_to_bahcecik_m,0.001179970518851952
gradient_boosting,num__lat_centered_city,0.0011718308619068658
gradient_boosting,num__distance_to_coast_x_large_home,0.0011572385866476934
gradient_boosting,num__detail_effect_nearby_mean,0.0010990881798353014
gradient_boosting,num__transport_score,0.0010608536611524716
gradient_boosting,num__detail_effect_view_x_location_baseline,0.0010486369644750466
gradient_boosting,num__bearing_from_district_centroid_sin,0.0010458893624633958
gradient_boosting,num__demo_young_ratio,0.001021280550038559
gradient_boosting,num__distance_to_coast_x_view_sea,0.0010158374784282982
gradient_boosting,num__distance_to_sahil_m,0.0010120351393151325
gradient_boosting,num__detail_near_count,0.001002623199249109
gradient_boosting,num__attr_floor_ratio,0.0009924194199569874
gradient_boosting,num__detail_effect_used_count,0.000986297124854795
gradient_boosting,num__detail_effect_county_total_sum,0.0009746093360486291
gradient_boosting,num__demo_widow_ratio,0.0009737993023307693
gradient_boosting,num__county_room_count_target_median,0.000972438487235845
gradient_boosting,num__demo_ses_a_plus_count,0.000961127853203388
gradient_boosting,num__demo_age_55_64,0.0009223270948181738
gradient_boosting,num__district_room_rent_m2_median,0.0009068994682331087
gradient_boosting,num__floor_ratio,0.0009065354446236474
gradient_boosting,num__detail_effect_district_total_sum,0.0008827480925447594
gradient_boosting,num__detail_selected_count,0.0008782941511564177
gradient_boosting,num__district_m2_group_rent_m2_median,0.0008749422650740827
gradient_boosting,num__basiskele_premium_x_location_baseline,0.0008602228381906049
gradient_boosting,num__attr_is_old_building,0.0008454491840775617
gradient_boosting,num__detail_effect_view_sum,0.0008434122720416335
gradient_boosting,num__large_home_log_m2,0.0008196813598720158
gradient_boosting,num__attr_quality_x_district_median,0.0008003938484674763
gradient_boosting,num__large_home_room_density,0.0007428255860925606
gradient_boosting,num__lon,0.0007371335748947559
gradient_boosting,num__distance_to_kullar_m,0.0007369706483569771
gradient_boosting,num__demo_density_vs_county,0.0007327233261779434
gradient_boosting,num__bearing_from_county_centroid_cos,0.0007312749676295794
gradient_boosting,num__attr_is_mid_age_building,0.0007128192357347017
gradient_boosting,num__demo_household_size,0.0006795322952918671
gradient_boosting,num__detail_outside_count,0.0006752637449032177
gradient_boosting,num__demo_car_per_capita,0.0006629309679932121
gradient_boosting,num__demo_middle_ratio,0.0006442085689952934
gradient_boosting,num__basiskele_detail_total_premium_signal,0.0006419901303326497
gradient_boosting,num__large_home_m2_excess,0.000638243194277233
gradient_boosting,num__demo_household_income_try,0.000621953668447969
gradient_boosting,num__trend_sale_annual_change,0.0006012156341020982
gradient_boosting,num__demo_age_35_44,0.000593231251848493
gradient_boosting,num__demo_ses_a_plus_ratio,0.0005740614120764828
gradient_boosting,num__demo_atm_count,0.0005716555250265036
gradient_boosting,num__estimated_rent_m2_gross,0.0005604820536962467
gradient_boosting,num__demo_education_high_school_count,0.0005541552419815706
gradient_boosting,num__demo_pharmacy_count,0.0005139803151635692
gradient_boosting,num__basiskele_district_premium_bucket_median,0.0005039609623993228
gradient_boosting,num__demo_age_0_14,0.0004956933793673065
gradient_boosting,num__demo_age_15_24,0.00047869120313766977
gradient_boosting,num__demo_ses_cd_diff_county,0.0004768401988850696
gradient_boosting,num__district_rent_m2_count,0.0004716867830234619
gradient_boosting,num__demo_residential_density,0.0004700959626353064
gradient_boosting,cat__detail_manzara_Deniz,0.0004693053583625158
gradient_boosting,num__trend_rent_m2,0.00044312398267319907
gradient_boosting,num__demo_ses_a_ratio,0.0004413619108696771
gradient_boosting,num__large_home_net_gross_quality,0.0004301693886758948
gradient_boosting,num__basiskele_detail_inside_premium_signal,0.0004299265675938504
gradient_boosting,num__bearing_from_district_centroid_cos,0.00039140503325172304
gradient_boosting,num__detail_effect_level_code,0.00037762249738084857
gradient_boosting,num__demo_pharmacy_per_10k,0.00037509638548153645
gradient_boosting,cat__geo_cluster_x_room_count_city_2||3+1,0.0003646996978757605
gradient_boosting,num__attr_floor_quality_score,0.0003639537316160681
gradient_boosting,num__trend_price_change_sale,0.00036097837550474023
gradient_boosting,num__large_home_detail_premium_x_m2,0.0003608218210661482
gradient_boosting,num__demo_ses_ab_diff_county,0.000358641571098287
gradient_boosting,num__detail_inside_count,0.0003567782451442515
gradient_boosting,num__basiskele_lat_lon_interaction,0.0003553041546946427
gradient_boosting,num__basiskele_premium_x_district_target_median,0.0003523012073762104
gradient_boosting,num__attr_effect_site_inside,0.00033888805098227046
gradient_boosting,num__attr_large_home_x_quality,0.0003366674049817786
gradient_boosting,num__detail_effect_positive_count,0.0003306120280084376
gradient_boosting,cat__heating_Merkezi,0.00032898244825675893
gradient_boosting,num__county_demo_pharmacy_count_sum,0.000328090536976657
gradient_boosting,num__demo_age_25_34_count,0.00031812148118855015
gradient_boosting,cat__building_age_group_0 (Oturuma Hazır),0.00031638049313288175
gradient_boosting,cat__floor_segment_Zemin/Giriş,0.000314393990211904
gradient_boosting,cat__furnished_Hayır,0.0003010603798768303
gradient_boosting,num__rooms,0.000294169309945683
gradient_boosting,num__district_rent_m2_median,0.00029168435125921145
gradient_boosting,cat__m2_group_76-100,0.00028999719213202785
gradient_boosting,num__detail_effect_transport_sum,0.0002822378310069954
gradient_boosting,num__location_quality_x_detail_effect_total,0.0002796565397826063
gradient_boosting,num__detail_transport_count,0.0002785415174553362
gradient_boosting,num__district_target_median,0.0002706643589118009
gradient_boosting,num__basiskele_premium_x_new_building,0.0002667475627323027
gradient_boosting,cat__geo_cluster_county_Karamürsel_0,0.00026565915303772183
gradient_boosting,num__demo_education_graduate_count,0.00024932841726341116
gradient_boosting,num__district_rent_m2_iqr,0.00024896174602848033
gradient_boosting,num__demo_population_female,0.0002421095383612252
gradient_boosting,num__demo_ses_c_ratio,0.00023850572768288077
gradient_boosting,cat__geo_cluster_x_room_count_city_1||3+1,0.00023318031027152848
gradient_boosting,num__demo_divorced_count,0.0002301989771563518
gradient_boosting,num__outside_quality_score,0.00022384607251981924
gradient_boosting,num__demo_ses_cd_ratio,0.00022152102476776978
gradient_boosting,num__demo_male_ratio,0.00021499323628920488
gradient_boosting,num__demo_income_vs_county,0.00021211652810731982
gradient_boosting,num__demo_single_ratio,0.0002120199402125817
gradient_boosting,num__basiskele_premium_x_detail_outside,0.0002035830056087984
gradient_boosting,num__distance_to_geo_cluster_center_m,0.00019048614770935312
gradient_boosting,cat__usage_status_Kiracılı,0.00017559294934087116
gradient_boosting,num__basiskele_detail_subtype_premium_signal,0.00017490237235842773
gradient_boosting,num__demo_workplace_count,0.00017374353668788626
gradient_boosting,num__floor_num,0.0001713152275375669
gradient_boosting,cat__district_Alikahya Atatürk Mh.,0.00017128820820630156
gradient_boosting,num__demo_old_ratio_diff_county,0.00016508480444331285
gradient_boosting,num__demo_ses_b_ratio,0.00015510502971727725
gradient_boosting,num__nearby_score,0.0001547567783455329
gradient_boosting,cat__geo_cluster_x_room_count_city_5||3+1,0.00014785359921997635
gradient_boosting,num__location_baseline_count,0.00014687265527203345
gradient_boosting,cat__demo_dominant_age_group_30-34,0.00014561228921232205
gradient_boosting,num__basiskele_premium_x_gross_m2,0.00014351593142371532
gradient_boosting,num__basiskele_premium_x_detail_view,0.00014266292713127453
gradient_boosting,num__view_score,0.00014103302436352928
gradient_boosting,num__detail_view_count,0.00014029859858074705
gradient_boosting,num__inside_quality_score,0.0001395652640221615
gradient_boosting,num__attr_new_building_x_site_inside,0.00013566905854448324
gradient_boosting,num__demo_university_diff_county,0.0001333303151117283
gradient_boosting,num__demo_never_married_count,0.00012770902241263356
gradient_boosting,num__demo_age_55_64_count,0.00012715165626266649
gradient_boosting,cat__coast_distance_bucket_500_1000,0.00012359569828095058
gradient_boosting,num__detail_subtype_count,0.00012096660288428699
gradient_boosting,num__demo_residential_count,0.00011774111083958485
gradient_boosting,num__demo_education_doctorate_count,0.000116780384383468
gradient_boosting,num__large_home_site_x_m2,0.00011665349342342841
gradient_boosting,cat__floor_segment_Ara Kat,0.00011421889900184777
gradient_boosting,cat__detail_konut_tipi_Ara Kat,0.00011125108405853888
gradient_boosting,num__attr_is_middle_floor,0.00011060110960316566
gradient_boosting,num__demo_ses_ab_ratio,0.00010788292416381059
gradient_boosting,num__detail_quality_score,0.00010201771315813969
gradient_boosting,cat__kitchen_Kapalı,9.452819797000808e-05
gradient_boosting,num__attr_compactness_score,9.357874123256155e-05
gradient_boosting,num__demo_young_ratio_diff_county,8.519757575787607e-05
gradient_boosting,num__detail_effect_nearby_sum,7.538635739982902e-05
gradient_boosting,cat__rent_feature_level_district_room,7.34818252649965e-05
gradient_boosting,cat__usage_status_Boş,6.323699914240437e-05
gradient_boosting,num__is_top_floor,5.497089601819187e-05
gradient_boosting,num__demo_household_income_vs_county,5.244181858889188e-05
gradient_boosting,num__demo_female_ratio,4.757293405783535e-05
gradient_boosting,cat__heating_Yerden Isıtma,1.7050102233668004e-05
gradient_boosting,num__open_area_m2,0.0
gradient_boosting,num__has_open_area,0.0
gradient_boosting,num__is_ground_floor,0.0
gradient_boosting,num__is_basement,0.0
gradient_boosting,num__is_middle_floor,0.0
gradient_boosting,num__living_rooms,0.0
gradient_boosting,num__total_room_score,0.0
gradient_boosting,num__is_new_building,0.0
gradient_boosting,num__is_small_flat,0.0
gradient_boosting,num__is_large_flat,0.0
gradient_boosting,num__detail_front_count,0.0
gradient_boosting,num__front_score,0.0
gradient_boosting,num__site_security_score,0.0
gradient_boosting,num__accessibility_score,0.0
gradient_boosting,num__district_rent_m2_mean,0.0
gradient_boosting,num__district_rent_m2_cv,0.0
gradient_boosting,num__county_rent_m2_median,0.0
gradient_boosting,num__county_rent_m2_mean,0.0
gradient_boosting,num__county_rent_m2_count,0.0
gradient_boosting,num__rent_feature_confidence,0.0
gradient_boosting,num__trend_count_rent,0.0
gradient_boosting,num__trend_listing_period_sale,0.0
gradient_boosting,num__county_target_median,0.0
gradient_boosting,num__county_target_mean,0.0
gradient_boosting,num__demo_population_total,0.0
gradient_boosting,num__demo_population_male,0.0
gradient_boosting,num__demo_young_count,0.0
gradient_boosting,num__demo_middle_count,0.0
gradient_boosting,num__demo_old_count,0.0
gradient_boosting,num__demo_married_ratio,0.0
gradient_boosting,num__demo_married_count,0.0
gradient_boosting,num__demo_widow_count,0.0
gradient_boosting,num__demo_age_25_34,0.0
gradient_boosting,num__demo_age_45_54,0.0
gradient_boosting,num__demo_age_0_14_count,0.0
gradient_boosting,num__demo_age_15_24_count,0.0
gradient_boosting,num__demo_age_35_44_count,0.0
gradient_boosting,num__demo_age_45_54_count,0.0
gradient_boosting,num__demo_education_total,0.0
gradient_boosting,num__demo_education_university_ratio,0.0
gradient_boosting,num__demo_education_university_count,0.0
gradient_boosting,num__demo_education_high_school_ratio,0.0
gradient_boosting,num__demo_education_middle_school_ratio,0.0
gradient_boosting,num__demo_education_middle_school_count,0.0
gradient_boosting,num__demo_education_primary_school_ratio,0.0
gradient_boosting,num__demo_education_primary_school_count,0.0
gradient_boosting,num__demo_education_primary_education_ratio,0.0
gradient_boosting,num__demo_education_graduate_ratio,0.0
gradient_boosting,num__demo_education_doctorate_ratio,0.0
gradient_boosting,num__demo_education_non_literate_ratio,0.0
gradient_boosting,num__demo_education_unknown_ratio,0.0
gradient_boosting,num__demo_ses_a_count,0.0
gradient_boosting,num__demo_ses_b_count,0.0
gradient_boosting,num__demo_ses_c_count,0.0
gradient_boosting,num__demo_ses_d_count,0.0
gradient_boosting,num__demo_ses_d_ratio,0.0
gradient_boosting,num__demo_household_count,0.0
gradient_boosting,num__demo_per_capita_income_try,0.0
gradient_boosting,num__demo_summer_house_count,0.0
gradient_boosting,num__demo_vehicle_count,0.0
gradient_boosting,num__demo_car_count,0.0
gradient_boosting,num__demo_bank_count,0.0
gradient_boosting,num__county_demo_population_total_sum,0.0
gradient_boosting,num__county_demo_population_density_median,0.0
gradient_boosting,num__county_demo_population_density_mean,0.0
gradient_boosting,num__county_demo_per_capita_income_median,0.0
gradient_boosting,num__county_demo_household_income_median,0.0
gradient_boosting,num__county_demo_household_size_mean,0.0
gradient_boosting,num__county_demo_education_university_ratio_mean,0.0
gradient_boosting,num__county_demo_education_high_school_ratio_mean,0.0
gradient_boosting,num__county_demo_ses_ab_ratio_mean,0.0
gradient_boosting,num__county_demo_ses_cd_ratio_mean,0.0
gradient_boosting,num__county_demo_old_ratio_mean,0.0
gradient_boosting,num__county_demo_young_ratio_mean,0.0
gradient_boosting,num__county_demo_married_ratio_mean,0.0
gradient_boosting,num__county_demo_single_ratio_mean,0.0
gradient_boosting,num__county_demo_residential_count_sum,0.0
gradient_boosting,num__county_demo_workplace_count_sum,0.0
gradient_boosting,num__county_demo_vehicle_count_sum,0.0
gradient_boosting,num__county_demo_car_count_sum,0.0
gradient_boosting,num__county_demo_atm_count_sum,0.0
gradient_boosting,num__county_demo_bank_count_sum,0.0
gradient_boosting,num__demo_high_school_diff_county,0.0
gradient_boosting,num__demo_bank_per_10k,0.0
gradient_boosting,num__demo_has_demographics,0.0
gradient_boosting,num__demo_has_county_demographics,0.0
gradient_boosting,num__demo_age_coverage,0.0
gradient_boosting,num__demo_education_coverage,0.0
gradient_boosting,num__demo_income_available,0.0
gradient_boosting,num__demo_ses_available,0.0
gradient_boosting,num__demo_market_activity_available,0.0
gradient_boosting,num__demo_infrastructure_available,0.0
gradient_boosting,num__demo_coverage_score,0.0
gradient_boosting,num__demo_real_estate_agent_count,0.0
gradient_boosting,num__demo_agent_listing_count,0.0
gradient_boosting,num__demo_owner_listing_count,0.0
gradient_boosting,num__demo_sale_count,0.0
gradient_boosting,num__demo_mortgage_count,0.0
gradient_boosting,num__demo_turnover_ratio,0.0
gradient_boosting,num__demo_computed_turnover_ratio,0.0
gradient_boosting,num__demo_listing_count_2024,0.0
gradient_boosting,num__demo_bb_sale_count_2024,0.0
gradient_boosting,num__demo_bb_mortgaged_sale_count_2024,0.0
gradient_boosting,num__county_demo_sale_count_sum,0.0
gradient_boosting,num__county_demo_turnover_ratio_median,0.0
gradient_boosting,num__demo_turnover_vs_county,0.0
gradient_boosting,num__demo_saving_total,0.0
gradient_boosting,num__demo_expense_total,0.0
gradient_boosting,num__demo_expense_food,0.0
gradient_boosting,num__demo_expense_shelter,0.0
gradient_boosting,num__demo_expense_transportation,0.0
gradient_boosting,num__demo_expense_education,0.0
gradient_boosting,num__demo_ecommerce_count,0.0
gradient_boosting,num__demo_ecommerce_density,0.0
gradient_boosting,num__demo_online_retail,0.0
gradient_boosting,num__attr_is_new_building,0.0
gradient_boosting,num__attr_is_young_building,0.0
gradient_boosting,num__attr_is_ground_or_below,0.0
gradient_boosting,num__attr_is_top_floor,0.0
gradient_boosting,num__attr_net_gross_good,0.0
gradient_boosting,num__attr_net_gross_bad,0.0
gradient_boosting,num__attr_has_elevator,0.0
gradient_boosting,num__attr_has_parking,0.0
gradient_boosting,num__attr_has_balcony,0.0
gradient_boosting,num__attr_is_furnished,0.0
gradient_boosting,num__attr_is_site_inside,0.0
gradient_boosting,num__attr_credit_eligible,0.0
gradient_boosting,num__attr_has_natural_gas_heating,0.0
gradient_boosting,num__attr_has_premium_heating,0.0
gradient_boosting,num__attr_has_poor_heating,0.0
gradient_boosting,num__attr_effect_parking,0.0
gradient_boosting,num__attr_county_new_building_premium,0.0
gradient_boosting,num__attr_county_old_building_discount,0.0
gradient_boosting,num__attr_county_elevator_premium,0.0
gradient_boosting,num__attr_county_site_inside_premium,0.0
gradient_boosting,num__attr_county_parking_premium,0.0
gradient_boosting,num__attr_county_good_heating_premium,0.0
gradient_boosting,num__attr_county_high_quality_premium,0.0
gradient_boosting,num__large_home_basiskele_premium,0.0
gradient_boosting,num__basiskele_detail_outside_premium_signal,0.0
gradient_boosting,num__basiskele_detail_view_premium_signal,0.0
gradient_boosting,num__basiskele_has_pool_signal,0.0
gradient_boosting,num__basiskele_has_security_signal,0.0
gradient_boosting,num__basiskele_has_social_luxury_signal,0.0
gradient_boosting,num__basiskele_has_view_signal,0.0
gradient_boosting,num__basiskele_has_inside_luxury_signal,0.0
gradient_boosting,num__basiskele_site_premium_signal,0.0
gradient_boosting,num__basiskele_premium_bucket_low,0.0
gradient_boosting,num__basiskele_premium_bucket_mid,0.0
gradient_boosting,num__basiskele_premium_bucket_high,0.0
gradient_boosting,num__basiskele_premium_x_large_home,0.0
gradient_boosting,num__basiskele_premium_x_site_inside,0.0
gradient_boosting,num__basiskele_district_premium_bucket_count,0.0
gradient_boosting,num__basiskele_premium_bucket_county_median,0.0
gradient_boosting,num__basiskele_premium_bucket_county_mean,0.0
gradient_boosting,num__basiskele_large_home_premium_bucket_median,0.0
gradient_boosting,num__has_lat_lon,0.0
gradient_boosting,num__location_precision_exact,0.0
gradient_boosting,num__location_precision_approx,0.0
gradient_boosting,num__location_precision_district_only,0.0
gradient_boosting,num__location_precision_missing,0.0
gradient_boosting,num__location_source_data_attr_map,0.0
gradient_boosting,num__location_backfill_ok,0.0
gradient_boosting,num__location_backfill_listing_removed,0.0
gradient_boosting,num__location_quality_score,0.0
gradient_boosting,num__is_coastal_500m,0.0
gradient_boosting,num__is_coastal_1000m,0.0
gradient_boosting,num__is_coastal_2000m,0.0
gradient_boosting,num__basiskele_distance_to_coast_x_large_home,0.0
gradient_boosting,num__basiskele_distance_to_coast_x_quality,0.0
gradient_boosting,num__geo_context_missing,0.0
gradient_boosting,num__geo_context_has_exact_location,0.0
gradient_boosting,num__geo_context_has_approx_location,0.0
gradient_boosting,num__distance_to_sea_m,0.0
gradient_boosting,num__log_distance_to_sea,0.0
gradient_boosting,num__is_coastal_250m,0.0
gradient_boosting,num__coast_distance_bucket_code,0.0
gradient_boosting,num__coastal_access_score,0.0
gradient_boosting,num__bsk_distance_to_sea_x_view_sea,0.0
gradient_boosting,num__bsk_distance_to_sea_x_near_sea_zero,0.0
gradient_boosting,num__bsk_distance_to_sea_x_large_home,0.0
gradient_boosting,num__bsk_distance_to_sea_x_site_inside,0.0
gradient_boosting,num__bsk_distance_to_sea_x_quality,0.0
gradient_boosting,num__bsk_coastal_x_large_home,0.0
gradient_boosting,num__bsk_coastal_x_geo_cluster,0.0
gradient_boosting,num__bsk_coastal_x_room_4p1,0.0
gradient_boosting,cat__real_estate_type_Satılık Daire,0.0
gradient_boosting,cat__real_estate_type_Satılık Müstakil Ev,0.0
gradient_boosting,cat__real_estate_type_Satılık Rezidans,0.0
gradient_boosting,cat__real_estate_type_Satılık Villa,0.0
gradient_boosting,cat__real_estate_type_Satılık Yazlık,0.0
gradient_boosting,cat__room_count_1+1,0.0
gradient_boosting,cat__room_count_1.5+1,0.0
gradient_boosting,cat__room_count_2+0,0.0
gradient_boosting,cat__room_count_2+1,0.0
gradient_boosting,cat__room_count_2+2,0.0
gradient_boosting,cat__room_count_2.5+1,0.0
gradient_boosting,cat__room_count_3+0,0.0
gradient_boosting,cat__room_count_3+1,0.0
gradient_boosting,cat__room_count_3+2,0.0
gradient_boosting,cat__room_count_3.5+1,0.0
gradient_boosting,cat__room_count_4+1,0.0
gradient_boosting,cat__room_count_4+2,0.0
gradient_boosting,cat__room_count_4.5+1,0.0
gradient_boosting,cat__room_count_4.5+2,0.0
gradient_boosting,cat__room_count_5+1,0.0
gradient_boosting,cat__room_count_5+2,0.0
gradient_boosting,cat__room_count_5.5+1,0.0
gradient_boosting,cat__room_count_6+1,0.0
gradient_boosting,cat__room_count_6+2,0.0
gradient_boosting,cat__room_count_6+3,0.0
gradient_boosting,cat__room_count_7+1,0.0
gradient_boosting,cat__room_count_Stüdyo (1+0),0.0
gradient_boosting,cat__floor_segment_Bahçe,0.0
gradient_boosting,cat__floor_segment_Bodrum,0.0
gradient_boosting,cat__floor_segment_En Üst Kat,0.0
gradient_boosting,cat__floor_segment_missing,0.0
gradient_boosting,cat__floor_segment_Çatı,0.0
gradient_boosting,cat__heating_Doğalgaz Sobası,0.0
gradient_boosting,cat__heating_Kat Kaloriferi,0.0
gradient_boosting,cat__heating_Klima,0.0
gradient_boosting,cat__heating_Kombi (Elektrik),0.0
gradient_boosting,cat__heating_Merkezi (Pay Ölçer),0.0
gradient_boosting,cat__heating_Soba,0.0
gradient_boosting,cat__heating_VRV,0.0
gradient_boosting,cat__heating_Yok,0.0
gradient_boosting,cat__heating_missing,0.0
gradient_boosting,cat__kitchen_Açık (Amerikan),0.0
gradient_boosting,cat__kitchen_Belirtilmemiş,0.0
gradient_boosting,cat__balcony_Var,0.0
gradient_boosting,cat__balcony_Yok,0.0
gradient_boosting,cat__balcony_missing,0.0
gradient_boosting,cat__elevator_Belirtilmemiş,0.0
gradient_boosting,cat__elevator_Var,0.0
gradient_boosting,cat__elevator_Yok,0.0
gradient_boosting,cat__elevator_missing,0.0
gradient_boosting,cat__parking_Açık & Kapalı Otopark,0.0
gradient_boosting,cat__parking_Kapalı Otopark,0.0
gradient_boosting,cat__parking_Yok,0.0
gradient_boosting,cat__parking_missing,0.0
gradient_boosting,cat__furnished_Belirtilmemiş,0.0
gradient_boosting,cat__furnished_Evet,0.0
gradient_boosting,cat__furnished_missing,0.0
gradient_boosting,cat__usage_status_missing,0.0
gradient_boosting,cat__site_inside_Belirtilmemiş,0.0
gradient_boosting,cat__site_inside_Evet,0.0
gradient_boosting,cat__site_inside_Hayır,0.0
gradient_boosting,cat__site_inside_missing,0.0
gradient_boosting,cat__credit_eligible_missing,0.0
gradient_boosting,cat__energy_certificate_missing,0.0
gradient_boosting,cat__deed_status_missing,0.0
gradient_boosting,cat__seller_type_missing,0.0
gradient_boosting,cat__barter_missing,0.0
gradient_boosting,cat__city_Kocaeli,0.0
gradient_boosting,cat__county_Başiskele,0.0
gradient_boosting,cat__county_Gölcük,0.0
gradient_boosting,cat__county_Karamürsel,0.0
gradient_boosting,cat__county_Kartepe,0.0
gradient_boosting,cat__county_İzmit,0.0
gradient_boosting,cat__district_28 Haziran Mah.,0.0
gradient_boosting,cat__district_4 Temmuz Mah.,0.0
gradient_boosting,cat__district_Acısu Mh.,0.0
gradient_boosting,cat__district_Akarca Mah.,0.0
gradient_boosting,cat__district_Akpınar Mh.,0.0
gradient_boosting,cat__district_Akçakoca Mh.,0.0
gradient_boosting,cat__district_Alikahya Cumhuriyet Mah.,0.0
gradient_boosting,cat__district_Alikahya Fatih Mah.,0.0
gradient_boosting,cat__district_Alikahya Merkez Mah.,0.0
gradient_boosting,cat__district_Altınkent Mh.,0.0
gradient_boosting,cat__district_Arslanbey Mh.,0.0
gradient_boosting,cat__district_Arızlı Mh.,0.0
gradient_boosting,cat__district_Ataevler Mh.,0.0
gradient_boosting,cat__district_Atakent Mah.,0.0
gradient_boosting,cat__district_Atatürk Mh.,0.0
gradient_boosting,cat__district_Ataşehir Mh.,0.0
gradient_boosting,cat__district_Avcıköy Mh.,0.0
gradient_boosting,cat__district_Ayazma Mah.,0.0
gradient_boosting,cat__district_Aydınkent Mh.,0.0
gradient_boosting,cat__district_Bahçecik Kılıçaslan Mh.,0.0
gradient_boosting,cat__district_Bahçecik Şehitekrem Mh.,0.0
gradient_boosting,cat__district_Barbaros Mah.,0.0
gradient_boosting,cat__district_Bekirdere Mah.,0.0
gradient_boosting,cat__district_Cedit Mah.,0.0
gradient_boosting,cat__district_Cumhuriyet Mah.,0.0
gradient_boosting,cat__district_Damlar Mah.,0.0
gradient_boosting,cat__district_Derbent Mh.,0.0
gradient_boosting,cat__district_Dereköy Mh.,0.0
gradient_boosting,cat__district_Değirmendere Merkez Mh.,0.0
gradient_boosting,cat__district_Değirmendere Yalı Mh.,0.0
gradient_boosting,cat__district_Donanma Mah.,0.0
gradient_boosting,cat__district_Doğan Mh.,0.0
gradient_boosting,cat__district_Dumlupınar Mh.,0.0
gradient_boosting,cat__district_Durhasan Mh.,0.0
gradient_boosting,cat__district_Döngel Mh.,0.0
gradient_boosting,cat__district_Düzağaç Mh.,0.0
gradient_boosting,cat__district_Emekevler Mh.,0.0
gradient_boosting,cat__district_Erenler Mah.,0.0
gradient_boosting,cat__district_Ereğli Mh.,0.0
gradient_boosting,cat__district_Ertuğrul Gazi Mh.,0.0
gradient_boosting,cat__district_Fatih Mah.,0.0
gradient_boosting,cat__district_Fatih Sultan Mehmet Mh.,0.0
gradient_boosting,cat__district_Fevzi Çakmak Mh.,0.0
gradient_boosting,cat__district_Gültepe Mh.,0.0
gradient_boosting,cat__district_Gündoğdu Mh.,0.0
gradient_boosting,cat__district_Hacıhasan Mh.,0.0
gradient_boosting,cat__district_Hacıhızır Mh.,0.0
gradient_boosting,cat__district_Halıdere Yalı Mh.,0.0
gradient_boosting,cat__district_Halıdere Yeni Mh.,0.0
gradient_boosting,cat__district_Hatipköy Mh.,0.0
gradient_boosting,cat__district_Havuzlubahçe Mh.,0.0
gradient_boosting,cat__district_Hisareyn Merkez Mah.,0.0
gradient_boosting,cat__district_Kabaoğlu Mh.,0.0
gradient_boosting,cat__district_Kadıköy Mh.,0.0
gradient_boosting,cat__district_Karabaş Mh.,0.0
gradient_boosting,cat__district_Karadenizliler Mah.,0.0
gradient_boosting,cat__district_Karaköprü Mh.,0.0
gradient_boosting,cat__district_Karşıyaka Mh.,0.0
gradient_boosting,cat__district_Kavaklı Mh.,0.0
gradient_boosting,cat__district_Kayacık Mh.,0.0
gradient_boosting,cat__district_Kemalpaşa Mh.,0.0
gradient_boosting,cat__district_Kocatepe Mah.,0.0
gradient_boosting,cat__district_Kozluk Mah.,0.0
gradient_boosting,cat__district_Kullar Merkez Mh.,0.0
gradient_boosting,cat__district_Kullar Tepecik Mh.,0.0
gradient_boosting,cat__district_Kullar Yakacık Mh.,0.0
gradient_boosting,cat__district_Kuruçeşme Fatih Mh.,0.0
gradient_boosting,cat__district_Körfez Mh.,0.0
gradient_boosting,cat__district_Köseköy Mh.,0.0
gradient_boosting,cat__district_M. Alipaşa Mh.,0.0
gradient_boosting,cat__district_Mahmutpaşa Mh.,0.0
gradient_boosting,cat__district_Malta Mah.,0.0
gradient_boosting,cat__district_Maşukiye Mh.,0.0
gradient_boosting,cat__district_Merkez Mah.,0.0
gradient_boosting,cat__district_Orhan Mah.,0.0
gradient_boosting,cat__district_Paşadağ Mh.,0.0
gradient_boosting,cat__district_Piyalepaşa Mh.,0.0
gradient_boosting,cat__district_Rahmiye Mah.,0.0
gradient_boosting,cat__district_Sahil Mah.,0.0
gradient_boosting,cat__district_Sanayi Mah.,0.0
gradient_boosting,cat__district_Saraylı Mh.,0.0
gradient_boosting,cat__district_Sarımeşe Mh.,0.0
gradient_boosting,cat__district_Sekbanlı Mh.,0.0
gradient_boosting,cat__district_Sepetçi Mh.,0.0
gradient_boosting,cat__district_Serdar Mah.,0.0
gradient_boosting,cat__district_Seymen Mah.,0.0
gradient_boosting,cat__district_Tavşantepe Mh.,0.0
gradient_boosting,cat__district_Tepecik Mah.,0.0
gradient_boosting,cat__district_Tepecik Mh.,0.0
gradient_boosting,cat__district_Tepeköy Mh.,0.0
gradient_boosting,cat__district_Topçular Mh.,0.0
gradient_boosting,cat__district_Turgut Mah.,0.0
gradient_boosting,cat__district_Tüysüzler Mh.,0.0
gradient_boosting,cat__district_Ulaşlı Yalı Mh.,0.0
gradient_boosting,cat__district_Ulaşlı Yavuz Sultan Selim Mh.,0.0
gradient_boosting,cat__district_Uzuntarla Mh.,0.0
gradient_boosting,cat__district_Uzunçiftlik Mh.,0.0
gradient_boosting,cat__district_Veliahmet Mah.,0.0
gradient_boosting,cat__district_Vezirçiftliği Mh.,0.0
gradient_boosting,cat__district_Yahyakaptan Mah.,0.0
gradient_boosting,cat__district_Yalakdere Mh.,0.0
gradient_boosting,cat__district_Yaylacık Mh.,0.0
gradient_boosting,cat__district_Yazlık Merkez Mh.,0.0
gradient_boosting,cat__district_Yazlık Yeni Mh.,0.0
gradient_boosting,cat__district_Yeni Mah.,0.0
gradient_boosting,cat__district_Yenidoğan Mh.,0.0
gradient_boosting,cat__district_Yeniköy Merkez Mh.,0.0
gradient_boosting,cat__district_Yenişehir Mh.,0.0
gradient_boosting,cat__district_Yeşilkent Mh.,0.0
gradient_boosting,cat__district_Yeşilova Mh.,0.0
gradient_boosting,cat__district_Yeşilyurt Mh.,0.0
gradient_boosting,cat__district_Yukarı Mh.,0.0
gradient_boosting,cat__district_Yunus Emre Mah.,0.0
gradient_boosting,cat__district_Yuvacık Yakacık Mh.,0.0
gradient_boosting,cat__district_Yüzbaşılar Mh.,0.0
gradient_boosting,cat__district_Zabıtan Mh.,0.0
gradient_boosting,cat__district_Çayırköy Mh.,0.0
gradient_boosting,cat__district_Çepni Mh.,0.0
gradient_boosting,cat__district_Çiftlik Mh.,0.0
gradient_boosting,cat__district_Çukurbağ Mh.,0.0
gradient_boosting,cat__district_Ömerağa Mh.,0.0
gradient_boosting,cat__district_Örcün Mh.,0.0
gradient_boosting,cat__district_İbrikdere Mh.,0.0
gradient_boosting,cat__district_İhsaniye Merkez Mh.,0.0
gradient_boosting,cat__district_İpek Yolu Mh.,0.0
gradient_boosting,cat__district_İstasyon Mh.,0.0
gradient_boosting,cat__district_Şehitler Mh.,0.0
gradient_boosting,cat__district_Şevkatiye Mh.,0.0
gradient_boosting,cat__district_Şirinköy Mh.,0.0
gradient_boosting,cat__district_Şirintepe Mh.,0.0
gradient_boosting,cat__building_age_group_0 (Yapım Aşamasında),0.0
gradient_boosting,cat__building_age_group_1,0.0
gradient_boosting,cat__building_age_group_11-15 arası,0.0
gradient_boosting,cat__building_age_group_16-20 arası,0.0
gradient_boosting,cat__building_age_group_2,0.0
gradient_boosting,cat__building_age_group_21-25 arası,0.0
gradient_boosting,cat__building_age_group_26-30 arası,0.0
gradient_boosting,cat__building_age_group_3,0.0
gradient_boosting,cat__building_age_group_31 ve üzeri,0.0
gradient_boosting,cat__building_age_group_4,0.0
gradient_boosting,cat__building_age_group_5,0.0
gradient_boosting,cat__building_age_group_6-10 arası,0.0
gradient_boosting,cat__building_age_group_missing,0.0
gradient_boosting,cat__m2_group_0-75,0.0
gradient_boosting,cat__m2_group_101-125,0.0
gradient_boosting,cat__m2_group_126-150,0.0
gradient_boosting,cat__m2_group_151-200,0.0
gradient_boosting,cat__m2_group_200+,0.0
gradient_boosting,cat__detail_cephe_Batı,0.0
gradient_boosting,cat__detail_cephe_Batı|Doğu,0.0
gradient_boosting,cat__detail_cephe_Batı|Doğu|Güney,0.0
gradient_boosting,cat__detail_cephe_Batı|Doğu|Güney|Kuzey,0.0
gradient_boosting,cat__detail_cephe_Batı|Doğu|Kuzey,0.0
gradient_boosting,cat__detail_cephe_Batı|Güney,0.0
gradient_boosting,cat__detail_cephe_Batı|Güney|Kuzey,0.0
gradient_boosting,cat__detail_cephe_Batı|Kuzey,0.0
gradient_boosting,cat__detail_cephe_Doğu,0.0
gradient_boosting,cat__detail_cephe_Doğu|Güney,0.0
gradient_boosting,cat__detail_cephe_Doğu|Güney|Kuzey,0.0
gradient_boosting,cat__detail_cephe_Doğu|Kuzey,0.0
gradient_boosting,cat__detail_cephe_Güney,0.0
gradient_boosting,cat__detail_cephe_Güney|Kuzey,0.0
gradient_boosting,cat__detail_cephe_Kuzey,0.0
gradient_boosting,cat__detail_cephe_missing,0.0
gradient_boosting,cat__detail_manzara_Boğaz|Deniz,0.0
gradient_boosting,cat__detail_manzara_Boğaz|Deniz|Doğa,0.0
gradient_boosting,cat__detail_manzara_Boğaz|Deniz|Doğa|Göl|Havuz|Nehir|Park & Yeşil Alan|Şehir,0.0
gradient_boosting,cat__detail_manzara_Boğaz|Deniz|Doğa|Göl|Park & Yeşil Alan|Şehir,0.0
gradient_boosting,cat__detail_manzara_Boğaz|Deniz|Doğa|Havuz|Park & Yeşil Alan|Şehir,0.0
gradient_boosting,cat__detail_manzara_Boğaz|Deniz|Doğa|Park & Yeşil Alan,0.0
gradient_boosting,cat__detail_manzara_Boğaz|Deniz|Doğa|Park & Yeşil Alan|Şehir,0.0
gradient_boosting,cat__detail_manzara_Boğaz|Deniz|Doğa|Şehir,0.0
gradient_boosting,cat__detail_manzara_Boğaz|Deniz|Göl|Park & Yeşil Alan,0.0
gradient_boosting,cat__detail_manzara_Boğaz|Deniz|Park & Yeşil Alan,0.0
gradient_boosting,cat__detail_manzara_Boğaz|Deniz|Park & Yeşil Alan|Şehir,0.0
gradient_boosting,cat__detail_manzara_Boğaz|Deniz|Şehir,0.0
gradient_boosting,cat__detail_manzara_Boğaz|Doğa|Havuz|Park & Yeşil Alan,0.0
gradient_boosting,cat__detail_manzara_Boğaz|Doğa|Park & Yeşil Alan,0.0
gradient_boosting,cat__detail_manzara_Boğaz|Doğa|Park & Yeşil Alan|Şehir,0.0
gradient_boosting,cat__detail_manzara_Deniz|Doğa,0.0
gradient_boosting,cat__detail_manzara_Deniz|Doğa|Göl|Park & Yeşil Alan,0.0
gradient_boosting,cat__detail_manzara_Deniz|Doğa|Göl|Park & Yeşil Alan|Şehir,0.0
gradient_boosting,cat__detail_manzara_Deniz|Doğa|Havuz,0.0
gradient_boosting,cat__detail_manzara_Deniz|Doğa|Havuz|Park & Yeşil Alan,0.0
gradient_boosting,cat__detail_manzara_Deniz|Doğa|Havuz|Park & Yeşil Alan|Şehir,0.0
gradient_boosting,cat__detail_manzara_Deniz|Doğa|Havuz|Şehir,0.0
gradient_boosting,cat__detail_manzara_Deniz|Doğa|Nehir|Park & Yeşil Alan|Şehir,0.0
gradient_boosting,cat__detail_manzara_Deniz|Doğa|Park & Yeşil Alan,0.0
gradient_boosting,cat__detail_manzara_Deniz|Doğa|Park & Yeşil Alan|Şehir,0.0
gradient_boosting,cat__detail_manzara_Deniz|Doğa|Şehir,0.0
gradient_boosting,cat__detail_manzara_Deniz|Göl|Şehir,0.0
gradient_boosting,cat__detail_manzara_Deniz|Havuz,0.0
gradient_boosting,cat__detail_manzara_Deniz|Havuz|Park & Yeşil Alan,0.0
gradient_boosting,cat__detail_manzara_Deniz|Havuz|Park & Yeşil Alan|Şehir,0.0
gradient_boosting,cat__detail_manzara_Deniz|Havuz|Şehir,0.0
gradient_boosting,cat__detail_manzara_Deniz|Nehir|Park & Yeşil Alan,0.0
gradient_boosting,cat__detail_manzara_Deniz|Park & Yeşil Alan,0.0
gradient_boosting,cat__detail_manzara_Deniz|Park & Yeşil Alan|Şehir,0.0
gradient_boosting,cat__detail_manzara_Deniz|Şehir,0.0
gradient_boosting,cat__detail_manzara_Doğa,0.0
gradient_boosting,cat__detail_manzara_Doğa|Göl,0.0
gradient_boosting,cat__detail_manzara_Doğa|Göl|Havuz|Park & Yeşil Alan|Şehir,0.0
gradient_boosting,cat__detail_manzara_Doğa|Göl|Havuz|Şehir,0.0
gradient_boosting,cat__detail_manzara_Doğa|Göl|Park & Yeşil Alan,0.0
gradient_boosting,cat__detail_manzara_Doğa|Göl|Park & Yeşil Alan|Şehir,0.0
gradient_boosting,cat__detail_manzara_Doğa|Göl|Şehir,0.0
gradient_boosting,cat__detail_manzara_Doğa|Havuz,0.0
gradient_boosting,cat__detail_manzara_Doğa|Havuz|Park & Yeşil Alan,0.0
gradient_boosting,cat__detail_manzara_Doğa|Havuz|Park & Yeşil Alan|Şehir,0.0
gradient_boosting,cat__detail_manzara_Doğa|Havuz|Şehir,0.0
gradient_boosting,cat__detail_manzara_Doğa|Nehir|Park & Yeşil Alan,0.0
gradient_boosting,cat__detail_manzara_Doğa|Nehir|Park & Yeşil Alan|Şehir,0.0
gradient_boosting,cat__detail_manzara_Doğa|Park & Yeşil Alan,0.0
gradient_boosting,cat__detail_manzara_Doğa|Park & Yeşil Alan|Şehir,0.0
gradient_boosting,cat__detail_manzara_Doğa|Şehir,0.0
gradient_boosting,cat__detail_manzara_Göl,0.0
gradient_boosting,cat__detail_manzara_Göl|Havuz,0.0
gradient_boosting,cat__detail_manzara_Göl|Havuz|Park & Yeşil Alan,0.0
gradient_boosting,cat__detail_manzara_Göl|Park & Yeşil Alan,0.0
gradient_boosting,cat__detail_manzara_Göl|Park & Yeşil Alan|Şehir,0.0
gradient_boosting,cat__detail_manzara_Göl|Şehir,0.0
gradient_boosting,cat__detail_manzara_Havuz,0.0
gradient_boosting,cat__detail_manzara_Havuz|Park & Yeşil Alan,0.0
gradient_boosting,cat__detail_manzara_Havuz|Park & Yeşil Alan|Şehir,0.0
gradient_boosting,cat__detail_manzara_Havuz|Şehir,0.0
gradient_boosting,cat__detail_manzara_Park & Yeşil Alan,0.0
gradient_boosting,cat__detail_manzara_Park & Yeşil Alan|Şehir,0.0
gradient_boosting,cat__detail_manzara_missing,0.0
gradient_boosting,cat__detail_manzara_Şehir,0.0
gradient_boosting,cat__detail_konut_tipi_Ara Kat Dubleks,0.0
gradient_boosting,cat__detail_konut_tipi_Ara Kat|Ara Kat Dubleks,0.0
gradient_boosting,cat__detail_konut_tipi_Ara Kat|Bahçe Dubleksi,0.0
gradient_boosting,cat__detail_konut_tipi_Ara Kat|Bahçe Dubleksi|Çatı Dubleksi,0.0
gradient_boosting,cat__detail_konut_tipi_Ara Kat|Tripleks,0.0
gradient_boosting,cat__detail_konut_tipi_Ara Kat|Çatı Dubleksi,0.0
gradient_boosting,cat__detail_konut_tipi_Bahçe Dubleksi,0.0
gradient_boosting,cat__detail_konut_tipi_Bahçe Dubleksi|Ters Dubleks,0.0
gradient_boosting,cat__detail_konut_tipi_Bahçe Dubleksi|Tripleks,0.0
gradient_boosting,cat__detail_konut_tipi_Bahçe Dubleksi|Çatı Dubleksi,0.0
gradient_boosting,cat__detail_konut_tipi_Dubleks,0.0
gradient_boosting,cat__detail_konut_tipi_Dubleks|Ara Kat,0.0
gradient_boosting,cat__detail_konut_tipi_Dubleks|Ara Kat Dubleks,0.0
gradient_boosting,cat__detail_konut_tipi_Dubleks|Ara Kat Dubleks|Ters Dubleks,0.0
gradient_boosting,cat__detail_konut_tipi_Dubleks|Ara Kat|Ara Kat Dubleks,0.0
gradient_boosting,cat__detail_konut_tipi_Dubleks|Ara Kat|Ara Kat Dubleks|Bahçe Dubleksi,0.0
gradient_boosting,cat__detail_konut_tipi_Dubleks|Ara Kat|Ara Kat Dubleks|Bahçe Dubleksi|Ters Dubleks,0.0
gradient_boosting,cat__detail_konut_tipi_Dubleks|Ara Kat|Ara Kat Dubleks|Ters Dubleks,0.0
gradient_boosting,cat__detail_konut_tipi_Dubleks|Ara Kat|Bahçe Dubleksi,0.0
gradient_boosting,cat__detail_konut_tipi_Dubleks|Ara Kat|Bahçe Dubleksi|Ters Dubleks,0.0
gradient_boosting,cat__detail_konut_tipi_Dubleks|Ara Kat|Bahçe Dubleksi|Çatı Dubleksi|Ters Dubleks,0.0
gradient_boosting,cat__detail_konut_tipi_Dubleks|Ara Kat|Çatı Dubleksi,0.0
gradient_boosting,cat__detail_konut_tipi_Dubleks|Bahçe Dubleksi,0.0
gradient_boosting,cat__detail_konut_tipi_Dubleks|Bahçe Dubleksi|Ters Dubleks,0.0
gradient_boosting,cat__detail_konut_tipi_Dubleks|Bahçe Dubleksi|Çatı Dubleksi,0.0
gradient_boosting,cat__detail_konut_tipi_Dubleks|En Üst Kat,0.0
gradient_boosting,cat__detail_konut_tipi_Dubleks|En Üst Kat|Ara Kat,0.0
gradient_boosting,cat__detail_konut_tipi_Dubleks|En Üst Kat|Ara Kat Dubleks|Bahçe Dubleksi|Çatı Dubleksi|Forleks|Ters Dubleks|Tripleks,0.0
gradient_boosting,cat__detail_konut_tipi_Dubleks|En Üst Kat|Ara Kat Dubleks|Bahçe Dubleksi|Çatı Dubleksi|Ters Dubleks,0.0
gradient_boosting,cat__detail_konut_tipi_Dubleks|En Üst Kat|Ara Kat Dubleks|Çatı Dubleksi|Ters Dubleks,0.0
gradient_boosting,cat__detail_konut_tipi_Dubleks|En Üst Kat|Ara Kat Dubleks|Çatı Dubleksi|Ters Dubleks|Tripleks,0.0
gradient_boosting,cat__detail_konut_tipi_Dubleks|En Üst Kat|Ara Kat|Ara Kat Dubleks|Bahçe Dubleksi|Çatı Dubleksi|Forleks|Ters Dubleks,0.0
gradient_boosting,cat__detail_konut_tipi_Dubleks|En Üst Kat|Ara Kat|Ara Kat Dubleks|Bahçe Dubleksi|Çatı Dubleksi|Forleks|Ters Dubleks|Tripleks,0.0
gradient_boosting,cat__detail_konut_tipi_Dubleks|En Üst Kat|Ara Kat|Ara Kat Dubleks|Bahçe Dubleksi|Çatı Dubleksi|Ters Dubleks,0.0
gradient_boosting,cat__detail_konut_tipi_Dubleks|En Üst Kat|Ara Kat|Ara Kat Dubleks|Bahçe Dubleksi|Çatı Dubleksi|Ters Dubleks|Tripleks,0.0
gradient_boosting,cat__detail_konut_tipi_Dubleks|En Üst Kat|Ara Kat|Ara Kat Dubleks|Çatı Dubleksi,0.0
gradient_boosting,cat__detail_konut_tipi_Dubleks|En Üst Kat|Ara Kat|Ara Kat Dubleks|Çatı Dubleksi|Forleks|Ters Dubleks|Tripleks,0.0
gradient_boosting,cat__detail_konut_tipi_Dubleks|En Üst Kat|Ara Kat|Ara Kat Dubleks|Çatı Dubleksi|Ters Dubleks,0.0
gradient_boosting,cat__detail_konut_tipi_Dubleks|En Üst Kat|Ara Kat|Bahçe Dubleksi,0.0
gradient_boosting,cat__detail_konut_tipi_Dubleks|En Üst Kat|Ara Kat|Bahçe Dubleksi|Çatı Dubleksi,0.0
gradient_boosting,cat__detail_konut_tipi_Dubleks|En Üst Kat|Ara Kat|Çatı Dubleksi,0.0
gradient_boosting,cat__detail_konut_tipi_Dubleks|En Üst Kat|Ara Kat|Çatı Dubleksi|Ters Dubleks,0.0
gradient_boosting,cat__detail_konut_tipi_Dubleks|En Üst Kat|Ters Dubleks,0.0
gradient_boosting,cat__detail_konut_tipi_Dubleks|En Üst Kat|Çatı Dubleksi,0.0
gradient_boosting,cat__detail_konut_tipi_Dubleks|En Üst Kat|Çatı Dubleksi|Ters Dubleks,0.0
gradient_boosting,cat__detail_konut_tipi_Dubleks|Ters Dubleks,0.0
gradient_boosting,cat__detail_konut_tipi_Dubleks|Çatı Dubleksi,0.0
gradient_boosting,cat__detail_konut_tipi_En Üst Kat,0.0
gradient_boosting,cat__detail_konut_tipi_En Üst Kat|Ara Kat,0.0
gradient_boosting,cat__detail_konut_tipi_En Üst Kat|Ara Kat Dubleks|Çatı Dubleksi,0.0
gradient_boosting,cat__detail_konut_tipi_En Üst Kat|Ara Kat|Bahçe Dubleksi,0.0
gradient_boosting,cat__detail_konut_tipi_En Üst Kat|Ara Kat|Çatı Dubleksi,0.0
gradient_boosting,cat__detail_konut_tipi_En Üst Kat|Tripleks,0.0
gradient_boosting,cat__detail_konut_tipi_En Üst Kat|Çatı Dubleksi,0.0
gradient_boosting,cat__detail_konut_tipi_Forleks,0.0
gradient_boosting,cat__detail_konut_tipi_Kat Dubleksi,0.0
gradient_boosting,cat__detail_konut_tipi_Ters Dubleks,0.0
gradient_boosting,cat__detail_konut_tipi_Tripleks,0.0
gradient_boosting,cat__detail_konut_tipi_missing,0.0
gradient_boosting,cat__detail_konut_tipi_Çatı Dubleksi,0.0
gradient_boosting,cat__detail_konut_tipi_Çatı Dubleksi|Ters Dubleks,0.0
gradient_boosting,cat__rent_feature_level_county,0.0
gradient_boosting,cat__rent_feature_level_district,0.0
gradient_boosting,cat__rent_feature_level_district_m2_group,0.0
gradient_boosting,cat__demo_dominant_age_group_10-14,0.0
gradient_boosting,cat__demo_dominant_age_group_20-24,0.0
gradient_boosting,cat__demo_dominant_age_group_25-29,0.0
gradient_boosting,cat__demo_dominant_age_group_35-39,0.0
gradient_boosting,cat__demo_dominant_age_group_40-44,0.0
gradient_boosting,cat__demo_dominant_age_group_45-49,0.0
gradient_boosting,cat__demo_dominant_age_group_5-9,0.0
gradient_boosting,cat__demo_dominant_age_group_50-54,0.0
gradient_boosting,cat__demo_dominant_age_group_65+,0.0
gradient_boosting,cat__demo_dominant_age_group_missing,0.0
gradient_boosting,cat__demo_dominant_marital_status_Bekar,0.0
gradient_boosting,cat__demo_dominant_marital_status_Evli,0.0
gradient_boosting,cat__demo_dominant_marital_status_missing,0.0
gradient_boosting,cat__demo_dominant_education_Lisans,0.0
gradient_boosting,cat__demo_dominant_education_Lise,0.0
gradient_boosting,cat__demo_dominant_education_missing,0.0
gradient_boosting,cat__demo_dominant_education_İlkokul,0.0
gradient_boosting,cat__demo_ses_group_A Grubu,0.0
gradient_boosting,cat__demo_ses_group_B Grubu,0.0
gradient_boosting,cat__demo_ses_group_C Grubu,0.0
gradient_boosting,cat__demo_ses_group_missing,0.0
gradient_boosting,cat__location_precision_district_only,0.0
gradient_boosting,cat__location_precision_exact_map,0.0
gradient_boosting,cat__location_precision_missing,0.0
gradient_boosting,cat__location_source_data_attr_map,0.0
gradient_boosting,cat__location_source_district_text,0.0
gradient_boosting,cat__location_source_missing,0.0
gradient_boosting,cat__geo_cluster_city_city_0,0.0
gradient_boosting,cat__geo_cluster_city_city_1,0.0
gradient_boosting,cat__geo_cluster_city_city_10,0.0
gradient_boosting,cat__geo_cluster_city_city_11,0.0
gradient_boosting,cat__geo_cluster_city_city_2,0.0
gradient_boosting,cat__geo_cluster_city_city_3,0.0
gradient_boosting,cat__geo_cluster_city_city_4,0.0
gradient_boosting,cat__geo_cluster_city_city_5,0.0
gradient_boosting,cat__geo_cluster_city_city_6,0.0
gradient_boosting,cat__geo_cluster_city_city_7,0.0
gradient_boosting,cat__geo_cluster_city_city_8,0.0
gradient_boosting,cat__geo_cluster_city_city_9,0.0
gradient_boosting,cat__geo_cluster_city_missing,0.0
gradient_boosting,cat__geo_cluster_county_Başiskele_0,0.0
gradient_boosting,cat__geo_cluster_county_Başiskele_1,0.0
gradient_boosting,cat__geo_cluster_county_Başiskele_2,0.0
gradient_boosting,cat__geo_cluster_county_Başiskele_3,0.0
gradient_boosting,cat__geo_cluster_county_Başiskele_4,0.0
gradient_boosting,cat__geo_cluster_county_Başiskele_5,0.0
gradient_boosting,cat__geo_cluster_county_Gölcük_0,0.0
gradient_boosting,cat__geo_cluster_county_Gölcük_1,0.0
gradient_boosting,cat__geo_cluster_county_Gölcük_2,0.0
gradient_boosting,cat__geo_cluster_county_Gölcük_3,0.0
gradient_boosting,cat__geo_cluster_county_Karamürsel_1,0.0
gradient_boosting,cat__geo_cluster_county_Karamürsel_2,0.0
gradient_boosting,cat__geo_cluster_county_other,0.0
gradient_boosting,cat__geo_cluster_county_İzmit_0,0.0
gradient_boosting,cat__geo_cluster_county_İzmit_1,0.0
gradient_boosting,cat__geo_cluster_county_İzmit_2,0.0
gradient_boosting,cat__geo_cluster_county_İzmit_3,0.0
gradient_boosting,cat__geo_cluster_county_İzmit_4,0.0
gradient_boosting,cat__geo_cluster_county_İzmit_5,0.0
gradient_boosting,cat__basiskele_geo_cluster_Başiskele_0,0.0
gradient_boosting,cat__basiskele_geo_cluster_Başiskele_1,0.0
gradient_boosting,cat__basiskele_geo_cluster_Başiskele_2,0.0
gradient_boosting,cat__basiskele_geo_cluster_Başiskele_3,0.0
gradient_boosting,cat__basiskele_geo_cluster_Başiskele_4,0.0
gradient_boosting,cat__basiskele_geo_cluster_Başiskele_5,0.0
gradient_boosting,cat__basiskele_geo_cluster_other,0.0
gradient_boosting,cat__coast_distance_bucket_0_500,0.0
gradient_boosting,cat__coast_distance_bucket_1000_3000,0.0
gradient_boosting,cat__coast_distance_bucket_3000_plus,0.0
gradient_boosting,cat__coast_distance_bucket_missing,0.0
gradient_boosting,cat__basiskele_geo_cluster_x_m2_group_Başiskele_0||0-75,0.0
gradient_boosting,cat__basiskele_geo_cluster_x_m2_group_Başiskele_0||101-125,0.0
gradient_boosting,cat__basiskele_geo_cluster_x_m2_group_Başiskele_0||126-150,0.0
gradient_boosting,cat__basiskele_geo_cluster_x_m2_group_Başiskele_0||151-200,0.0
gradient_boosting,cat__basiskele_geo_cluster_x_m2_group_Başiskele_0||200+,0.0
gradient_boosting,cat__basiskele_geo_cluster_x_m2_group_Başiskele_0||76-100,0.0
gradient_boosting,cat__basiskele_geo_cluster_x_m2_group_Başiskele_1||0-75,0.0
gradient_boosting,cat__basiskele_geo_cluster_x_m2_group_Başiskele_1||101-125,0.0
gradient_boosting,cat__basiskele_geo_cluster_x_m2_group_Başiskele_1||126-150,0.0
gradient_boosting,cat__basiskele_geo_cluster_x_m2_group_Başiskele_1||151-200,0.0
gradient_boosting,cat__basiskele_geo_cluster_x_m2_group_Başiskele_1||200+,0.0
gradient_boosting,cat__basiskele_geo_cluster_x_m2_group_Başiskele_1||76-100,0.0
gradient_boosting,cat__basiskele_geo_cluster_x_m2_group_Başiskele_2||0-75,0.0
gradient_boosting,cat__basiskele_geo_cluster_x_m2_group_Başiskele_2||101-125,0.0
gradient_boosting,cat__basiskele_geo_cluster_x_m2_group_Başiskele_2||126-150,0.0
gradient_boosting,cat__basiskele_geo_cluster_x_m2_group_Başiskele_2||151-200,0.0
gradient_boosting,cat__basiskele_geo_cluster_x_m2_group_Başiskele_2||200+,0.0
gradient_boosting,cat__basiskele_geo_cluster_x_m2_group_Başiskele_2||76-100,0.0
gradient_boosting,cat__basiskele_geo_cluster_x_m2_group_Başiskele_3||0-75,0.0
gradient_boosting,cat__basiskele_geo_cluster_x_m2_group_Başiskele_3||101-125,0.0
gradient_boosting,cat__basiskele_geo_cluster_x_m2_group_Başiskele_3||126-150,0.0
gradient_boosting,cat__basiskele_geo_cluster_x_m2_group_Başiskele_3||151-200,0.0
gradient_boosting,cat__basiskele_geo_cluster_x_m2_group_Başiskele_3||200+,0.0
gradient_boosting,cat__basiskele_geo_cluster_x_m2_group_Başiskele_3||76-100,0.0
gradient_boosting,cat__basiskele_geo_cluster_x_m2_group_Başiskele_4||0-75,0.0
gradient_boosting,cat__basiskele_geo_cluster_x_m2_group_Başiskele_4||101-125,0.0
gradient_boosting,cat__basiskele_geo_cluster_x_m2_group_Başiskele_4||126-150,0.0
gradient_boosting,cat__basiskele_geo_cluster_x_m2_group_Başiskele_4||151-200,0.0
gradient_boosting,cat__basiskele_geo_cluster_x_m2_group_Başiskele_4||200+,0.0
gradient_boosting,cat__basiskele_geo_cluster_x_m2_group_Başiskele_4||76-100,0.0
gradient_boosting,cat__basiskele_geo_cluster_x_m2_group_Başiskele_5||0-75,0.0
gradient_boosting,cat__basiskele_geo_cluster_x_m2_group_Başiskele_5||101-125,0.0
gradient_boosting,cat__basiskele_geo_cluster_x_m2_group_Başiskele_5||126-150,0.0
gradient_boosting,cat__basiskele_geo_cluster_x_m2_group_Başiskele_5||151-200,0.0
gradient_boosting,cat__basiskele_geo_cluster_x_m2_group_Başiskele_5||200+,0.0
gradient_boosting,cat__basiskele_geo_cluster_x_m2_group_Başiskele_5||76-100,0.0
gradient_boosting,cat__basiskele_geo_cluster_x_m2_group_other,0.0
gradient_boosting,cat__basiskele_geo_cluster_x_m2_group_other||0-75,0.0
gradient_boosting,cat__basiskele_geo_cluster_x_m2_group_other||101-125,0.0
gradient_boosting,cat__basiskele_geo_cluster_x_m2_group_other||126-150,0.0
gradient_boosting,cat__basiskele_geo_cluster_x_m2_group_other||151-200,0.0
gradient_boosting,cat__basiskele_geo_cluster_x_m2_group_other||200+,0.0
gradient_boosting,cat__basiskele_geo_cluster_x_m2_group_other||76-100,0.0
gradient_boosting,cat__geo_cluster_x_room_count_city_0||1+1,0.0
gradient_boosting,cat__geo_cluster_x_room_count_city_0||1.5+1,0.0
gradient_boosting,cat__geo_cluster_x_room_count_city_0||2+1,0.0
gradient_boosting,cat__geo_cluster_x_room_count_city_0||2.5+1,0.0
gradient_boosting,cat__geo_cluster_x_room_count_city_0||3+1,0.0
gradient_boosting,cat__geo_cluster_x_room_count_city_0||3+2,0.0
gradient_boosting,cat__geo_cluster_x_room_count_city_0||3.5+1,0.0
gradient_boosting,cat__geo_cluster_x_room_count_city_0||4+1,0.0
gradient_boosting,cat__geo_cluster_x_room_count_city_0||4+2,0.0
gradient_boosting,cat__geo_cluster_x_room_count_city_0||4.5+1,0.0
gradient_boosting,cat__geo_cluster_x_room_count_city_0||5+1,0.0
gradient_boosting,cat__geo_cluster_x_room_count_city_0||5+2,0.0
gradient_boosting,cat__geo_cluster_x_room_count_city_0||6+1,0.0
gradient_boosting,cat__geo_cluster_x_room_count_city_10||1+1,0.0
gradient_boosting,cat__geo_cluster_x_room_count_city_10||2+1,0.0
gradient_boosting,cat__geo_cluster_x_room_count_city_10||3+1,0.0
gradient_boosting,cat__geo_cluster_x_room_count_city_10||4+1,0.0
gradient_boosting,cat__geo_cluster_x_room_count_city_10||5+1,0.0
gradient_boosting,cat__geo_cluster_x_room_count_city_10||6+1,0.0
gradient_boosting,cat__geo_cluster_x_room_count_city_10||Stüdyo (1+0),0.0
gradient_boosting,cat__geo_cluster_x_room_count_city_11||2+1,0.0
gradient_boosting,cat__geo_cluster_x_room_count_city_11||3+1,0.0
gradient_boosting,cat__geo_cluster_x_room_count_city_11||4+1,0.0
gradient_boosting,cat__geo_cluster_x_room_count_city_1||1+1,0.0
gradient_boosting,cat__geo_cluster_x_room_count_city_1||1.5+1,0.0
gradient_boosting,cat__geo_cluster_x_room_count_city_1||2+1,0.0
gradient_boosting,cat__geo_cluster_x_room_count_city_1||3.5+1,0.0
gradient_boosting,cat__geo_cluster_x_room_count_city_1||4+1,0.0
gradient_boosting,cat__geo_cluster_x_room_count_city_1||4+2,0.0
gradient_boosting,cat__geo_cluster_x_room_count_city_1||4.5+1,0.0
gradient_boosting,cat__geo_cluster_x_room_count_city_1||5+1,0.0
gradient_boosting,cat__geo_cluster_x_room_count_city_1||5+2,0.0
gradient_boosting,cat__geo_cluster_x_room_count_city_1||5.5+1,0.0
gradient_boosting,cat__geo_cluster_x_room_count_city_2||1+1,0.0
gradient_boosting,cat__geo_cluster_x_room_count_city_2||2+1,0.0
gradient_boosting,cat__geo_cluster_x_room_count_city_2||2+2,0.0
gradient_boosting,cat__geo_cluster_x_room_count_city_2||2.5+1,0.0
gradient_boosting,cat__geo_cluster_x_room_count_city_2||3+2,0.0
gradient_boosting,cat__geo_cluster_x_room_count_city_2||3.5+1,0.0
gradient_boosting,cat__geo_cluster_x_room_count_city_2||4+1,0.0
gradient_boosting,cat__geo_cluster_x_room_count_city_2||4+2,0.0
gradient_boosting,cat__geo_cluster_x_room_count_city_2||4.5+1,0.0
gradient_boosting,cat__geo_cluster_x_room_count_city_2||4.5+2,0.0
gradient_boosting,cat__geo_cluster_x_room_count_city_2||5+1,0.0
gradient_boosting,cat__geo_cluster_x_room_count_city_2||5+2,0.0
gradient_boosting,cat__geo_cluster_x_room_count_city_2||5.5+1,0.0
gradient_boosting,cat__geo_cluster_x_room_count_city_2||6+1,0.0
gradient_boosting,cat__geo_cluster_x_room_count_city_2||6+2,0.0
gradient_boosting,cat__geo_cluster_x_room_count_city_3||1+1,0.0
gradient_boosting,cat__geo_cluster_x_room_count_city_3||2+1,0.0
gradient_boosting,cat__geo_cluster_x_room_count_city_3||2.5+1,0.0
gradient_boosting,cat__geo_cluster_x_room_count_city_3||3+0,0.0
gradient_boosting,cat__geo_cluster_x_room_count_city_3||3+1,0.0
gradient_boosting,cat__geo_cluster_x_room_count_city_3||3+2,0.0
gradient_boosting,cat__geo_cluster_x_room_count_city_3||3.5+1,0.0
gradient_boosting,cat__geo_cluster_x_room_count_city_3||4+1,0.0
gradient_boosting,cat__geo_cluster_x_room_count_city_3||4+2,0.0
gradient_boosting,cat__geo_cluster_x_room_count_city_3||5+1,0.0
gradient_boosting,cat__geo_cluster_x_room_count_city_3||5+2,0.0
gradient_boosting,cat__geo_cluster_x_room_count_city_3||6+1,0.0
gradient_boosting,cat__geo_cluster_x_room_count_city_3||6+3,0.0
gradient_boosting,cat__geo_cluster_x_room_count_city_3||Stüdyo (1+0),0.0
gradient_boosting,cat__geo_cluster_x_room_count_city_4||1+1,0.0
gradient_boosting,cat__geo_cluster_x_room_count_city_4||1.5+1,0.0
gradient_boosting,cat__geo_cluster_x_room_count_city_4||2+1,0.0
gradient_boosting,cat__geo_cluster_x_room_count_city_4||2+2,0.0
gradient_boosting,cat__geo_cluster_x_room_count_city_4||2.5+1,0.0
gradient_boosting,cat__geo_cluster_x_room_count_city_4||3+1,0.0
gradient_boosting,cat__geo_cluster_x_room_count_city_4||3+2,0.0
gradient_boosting,cat__geo_cluster_x_room_count_city_4||3.5+1,0.0
gradient_boosting,cat__geo_cluster_x_room_count_city_4||4+1,0.0
gradient_boosting,cat__geo_cluster_x_room_count_city_4||4+2,0.0
gradient_boosting,cat__geo_cluster_x_room_count_city_4||5+1,0.0
gradient_boosting,cat__geo_cluster_x_room_count_city_4||6+1,0.0
gradient_boosting,cat__geo_cluster_x_room_count_city_5||1+1,0.0
gradient_boosting,cat__geo_cluster_x_room_count_city_5||2+0,0.0
gradient_boosting,cat__geo_cluster_x_room_count_city_5||2+1,0.0
gradient_boosting,cat__geo_cluster_x_room_count_city_5||2.5+1,0.0
gradient_boosting,cat__geo_cluster_x_room_count_city_5||3.5+1,0.0
gradient_boosting,cat__geo_cluster_x_room_count_city_5||4+1,0.0
gradient_boosting,cat__geo_cluster_x_room_count_city_5||4+2,0.0
gradient_boosting,cat__geo_cluster_x_room_count_city_5||5+1,0.0
gradient_boosting,cat__geo_cluster_x_room_count_city_5||5+2,0.0
gradient_boosting,cat__geo_cluster_x_room_count_city_5||5.5+1,0.0
gradient_boosting,cat__geo_cluster_x_room_count_city_5||6+2,0.0
gradient_boosting,cat__geo_cluster_x_room_count_city_5||Stüdyo (1+0),0.0
gradient_boosting,cat__geo_cluster_x_room_count_city_6||1+1,0.0
gradient_boosting,cat__geo_cluster_x_room_count_city_6||2+1,0.0
gradient_boosting,cat__geo_cluster_x_room_count_city_6||2.5+1,0.0
gradient_boosting,cat__geo_cluster_x_room_count_city_6||3+1,0.0
gradient_boosting,cat__geo_cluster_x_room_count_city_6||3.5+1,0.0
gradient_boosting,cat__geo_cluster_x_room_count_city_6||4+1,0.0
gradient_boosting,cat__geo_cluster_x_room_count_city_6||5+1,0.0
gradient_boosting,cat__geo_cluster_x_room_count_city_7||1+1,0.0
gradient_boosting,cat__geo_cluster_x_room_count_city_7||1.5+1,0.0
gradient_boosting,cat__geo_cluster_x_room_count_city_7||2+1,0.0
gradient_boosting,cat__geo_cluster_x_room_count_city_7||2.5+1,0.0
gradient_boosting,cat__geo_cluster_x_room_count_city_7||3+1,0.0
gradient_boosting,cat__geo_cluster_x_room_count_city_7||3+2,0.0
gradient_boosting,cat__geo_cluster_x_room_count_city_7||3.5+1,0.0
gradient_boosting,cat__geo_cluster_x_room_count_city_7||4+1,0.0
gradient_boosting,cat__geo_cluster_x_room_count_city_7||4+2,0.0
gradient_boosting,cat__geo_cluster_x_room_count_city_7||5+1,0.0
gradient_boosting,cat__geo_cluster_x_room_count_city_8||1+1,0.0
gradient_boosting,cat__geo_cluster_x_room_count_city_8||2+1,0.0
gradient_boosting,cat__geo_cluster_x_room_count_city_8||2+2,0.0
gradient_boosting,cat__geo_cluster_x_room_count_city_8||2.5+1,0.0
gradient_boosting,cat__geo_cluster_x_room_count_city_8||3+1,0.0
gradient_boosting,cat__geo_cluster_x_room_count_city_8||4+1,0.0
gradient_boosting,cat__geo_cluster_x_room_count_city_8||4+2,0.0
gradient_boosting,cat__geo_cluster_x_room_count_city_8||4.5+1,0.0
gradient_boosting,cat__geo_cluster_x_room_count_city_8||5+1,0.0
gradient_boosting,cat__geo_cluster_x_room_count_city_8||5+2,0.0
gradient_boosting,cat__geo_cluster_x_room_count_city_8||6+1,0.0
gradient_boosting,cat__geo_cluster_x_room_count_city_9||1+1,0.0
gradient_boosting,cat__geo_cluster_x_room_count_city_9||1.5+1,0.0
gradient_boosting,cat__geo_cluster_x_room_count_city_9||2+1,0.0
gradient_boosting,cat__geo_cluster_x_room_count_city_9||3+1,0.0
gradient_boosting,cat__geo_cluster_x_room_count_city_9||4+1,0.0
gradient_boosting,cat__geo_cluster_x_room_count_city_9||5+1,0.0
gradient_boosting,cat__geo_cluster_x_room_count_city_9||5+2,0.0
gradient_boosting,cat__geo_cluster_x_room_count_city_9||Stüdyo (1+0),0.0
gradient_boosting,cat__geo_cluster_x_room_count_missing||1+1,0.0
gradient_boosting,cat__geo_cluster_x_room_count_missing||2+1,0.0
gradient_boosting,cat__geo_cluster_x_room_count_missing||2+2,0.0
gradient_boosting,cat__geo_cluster_x_room_count_missing||2.5+1,0.0
gradient_boosting,cat__geo_cluster_x_room_count_missing||3+0,0.0
gradient_boosting,cat__geo_cluster_x_room_count_missing||3+1,0.0
gradient_boosting,cat__geo_cluster_x_room_count_missing||3+2,0.0
gradient_boosting,cat__geo_cluster_x_room_count_missing||3.5+1,0.0
gradient_boosting,cat__geo_cluster_x_room_count_missing||4+1,0.0
gradient_boosting,cat__geo_cluster_x_room_count_missing||4+2,0.0
gradient_boosting,cat__geo_cluster_x_room_count_missing||4.5+1,0.0
gradient_boosting,cat__geo_cluster_x_room_count_missing||5+1,0.0
gradient_boosting,cat__geo_cluster_x_room_count_missing||7+1,0.0
gradient_boosting,cat__geo_cluster_x_room_count_missing||Stüdyo (1+0),0.0
