county,n,mape,mae,mean_bias,r2
Başiskele,919,0.10670658068557516,4393.900050099303,-362.9411139473654,0.497946609826585
