rows,r2,log_r2,mape,median_ape,mae_tl_per_m2,median_ae_tl_per_m2,slice
283,0.2732097413223782,0.29755270722320404,0.12659200366866402,0.10456896216892453,5290.094193416836,4152.412932533793,all_rows
282,0.26992132285052617,0.2946377748974973,0.12594810627783876,0.10448450681958793,5278.528048238498,4151.315336343709,score_lt_25
283,0.2732097413223782,0.29755270722320404,0.12659200366866402,0.10456896216892453,5290.094193416836,4152.412932533793,score_lt_45
