is_large_home,n,mape,mae,mean_actual,mean_pred
0,205,0.12276122540125689,5324.983261933011,42328.824,41106.490856448596
1,78,0.13666007475608014,5198.3985646243245,38712.0582051282,39917.79677915575
