fold,n_train,n_val,pred_log_mean,actual_log_mean
0,226,57,10.617974402174587,10.611046981121078
1,226,57,10.609308912686883,10.610002488031794
2,226,57,10.615169761435848,10.611514653702804
3,227,56,10.620738471683145,10.611324405430098
4,227,56,10.618297370539617,10.61053322295287
