county,n,mape,mae,mean_bias,r2
Başiskele,283,0.12659200366866402,5290.094193416836,-553.1119634412992,0.2732097413223782
