county,n_tests,mean_abs_diff_tl_m2,mean_abs_diff_pct,pass_rate
Başiskele,8,1460.8931597843357,0.03868266575904415,1.0
Gölcük,8,1336.401850285124,0.03503330523750387,0.875
Karamürsel,8,1336.401850285124,0.03503330523750387,0.875
İzmit,8,1336.401850285124,0.03503330523750387,0.875
