county,rows,r2,log_r2,mape,median_ape,mae_tl_per_m2,median_ae_tl_per_m2
Başiskele,283,0.2732097413223782,0.29755270722320404,0.12659200366866402,0.10456896216892453,5290.094193416836,4152.412932533793
