district,sale_pred_old,sale_pred_new,sale_diff_tl_m2,sale_diff_pct,warning
missing,38857.7181873225,41382.61872964687,2524.9005423243725,0.06497809598990124,
