segment,rows,r2,log_r2,mape,median_ape,mae_tl_per_m2,median_ae_tl_per_m2,model
mainstream_home,185,0.14667033272874852,0.18701317486698465,0.12399479172783057,0.10224889071693935,5250.516750354005,4103.608626522466,gradient_boosting
mainstream_home,185,0.1063309963767004,0.1474180982972083,0.12646921115271959,0.10368128748134019,5343.9978992883225,4063.196759978877,random_forest
mainstream_home,185,0.10280981751275342,0.14094356510700445,0.12897976749422585,0.09985566608434195,5426.723567796866,4078.799495662948,extra_trees
mainstream_home,185,0.01813219542253297,0.07726548624640006,0.131069988403818,0.10974071415368251,5510.2383002231,4361.942038551497,ridge
