rows,r2,log_r2,mape,median_ape,mae_tl_per_m2,median_ae_tl_per_m2,model
283,0.2507413173438262,0.27295298112811606,0.12915166666599673,0.10539148217515544,5381.423647892365,4136.467491115218,extra_trees
283,0.23820358536365405,0.252107016540953,0.1321208215149415,0.106227037290888,5500.92596630615,4367.111415039799,gradient_boosting
283,0.21979447388975515,0.2308727922215401,0.13436552262775114,0.10984903039375642,5568.404809249673,4501.745633395003,random_forest
283,0.16682972856153544,0.18843334389088617,0.137024078249732,0.1128402798280525,5714.141645470804,4443.492427561447,ridge
