is_large_home,n,mape,mae,mean_actual,mean_pred
0,65,0.1466690763577203,6680.262761732698,44392.76215384615,42647.02022223688
1,26,0.20960652614756736,7891.719882857963,37541.95153846154,39514.02462912731
