county,n,mape,mae,mean_bias,r2
Başiskele,91,0.16465120486910517,7026.393367768489,-683.5090681021189,-0.07058171130882096
Gölcük,246,0.1380222978552325,4449.86283375391,-705.0273790691422,0.6242549636592766
Karamürsel,42,0.18985258333082042,8047.070739617661,-1976.1988774645051,0.2984183900034817
