m2_group,n,mape,mae
126-150,9,0.20925020621255974,8376.107923902684
200+,1,0.20258808047017685,7301.612742239558
101-125,11,0.19795176424874897,8495.896733138288
0-75,2,0.18709485964081388,9476.448300181226
151-200,4,0.17764991478809178,5858.904106844258
76-100,15,0.17504731855606728,7963.133994287827
