room_count,n,mape,mae
3+1,22,0.20875794193081046,8181.312669214306
5.5+1,1,0.20258808047017685,7301.612742239558
1+1,3,0.1981273811955482,10193.353242285984
2+1,14,0.16204906551889628,7908.271604849431
4+1,2,0.15773831804762906,4695.308702118742
