county,rows,r2,log_r2,mape,median_ape,mae_tl_per_m2,median_ae_tl_per_m2,model
Gölcük,246,0.6403208075961067,0.650709372051498,0.13802312818686305,0.11381742473920442,4370.873858733129,3324.022890925482,ridge
Gölcük,246,0.5013990954538414,0.5476008234004536,0.15519092438469334,0.12152803940699444,5066.848227518,3879.7258702570343,extra_trees
Gölcük,246,0.46381840407201236,0.5090060070197744,0.1656786790763097,0.14384327129749164,5356.554383687825,4622.841614616878,gradient_boosting
Gölcük,246,0.370797256934539,0.41632964856369015,0.17904009754412256,0.15263207435527631,5785.375495725642,4902.4910443648405,random_forest
