segment,rows,r2,log_r2,mape,median_ape,mae_tl_per_m2,median_ae_tl_per_m2,model
mainstream_home,184,0.3393398404479524,0.3372307977005994,0.14741188418295934,0.11543370434926835,5592.945639326417,4531.763785055804,gradient_boosting
mainstream_home,184,0.2645775924827045,0.2909865793319103,0.14980113977698786,0.11810539351424662,5763.641126401038,4598.221895122249,extra_trees
mainstream_home,184,0.22648303840055695,0.22648502922709302,0.1567167258451334,0.11973938375301196,5929.070984915667,4868.695183020311,random_forest
mainstream_home,184,0.06817491822372101,0.13593748429234087,0.16208880881431656,0.12578811708502707,6297.794225576025,4859.254835213043,ridge
