county,n,mape,mae,mean_bias,r2
Başiskele,944,0.1083641874887162,4423.711172597294,-479.6104995426211,0.481280798919443
