model,expensive_decile_bias,r2,mape,satellite_feature_mode
v21_reference,-10159.0,0.5059,0.1055,
v22_selected,-10423.791542031546,0.481280798919443,0.1083641874887162,none
