county,n,mape,mae,mean_bias,r2
Başiskele,919,0.11253006329975355,4651.406520140267,-506.0104816013136,0.441282110312171
