district,sale_pred_old,sale_pred_new,sale_diff_tl_m2,sale_diff_pct,warning
missing,39055.034652028444,43677.789695368,4622.755043339559,0.11836515021756515,
