feature,present,non_null_rate,mean,std,min,max,mode
bsk_large_home_nearest_10_median,True,1.0,36952.95005440697,3302.284626359195,28281.25,51841.925,35000.0
bsk_large_home_nearest_20_median,True,1.0,36890.39543525571,3244.6636093857046,28281.25,46010.61,39575.29
bsk_large_home_similar_10_median,True,1.0,36627.80822633297,2920.223143943874,30000.0,46006.56,35000.0
bsk_large_home_cluster_median,True,1.0,36492.83934167573,2681.0084132814,31303.309999999998,48362.575,35000.0
bsk_large_home_count,True,1.0,13.663764961915126,5.426585024240102,5.0,20.0,20.0
bsk_large_home_confidence,True,1.0,0.9143634385201306,0.14130732053256823,0.5,1.0,1.0
bsk_comparable_missing,True,1.0,0.0,0.0,0.0,0.0,0.0
bsk_fallback_level,True,1.0,0.0,0.0,0.0,0.0,0.0
