county,n,mape,mae,mean_bias,r2
Başiskele,919,0.10966786632870565,4522.955793469778,-449.0989908576362,0.47132677527647004
