district,sale_pred_old,sale_pred_new,sale_diff_tl_m2,sale_diff_pct,warning
missing,3276138.873673221,2107060.1573054604,-1169078.7163677607,-0.35684650787009664,
