model,feature,importance
extra_trees,num__district_m2_group_target_median,0.05490656052738135
extra_trees,num__is_old_building,0.04543767242436135
extra_trees,num__district_room_count_target_median,0.03720479623695695
extra_trees,num__attr_effect_building_age_bucket,0.01348540074951978
extra_trees,num__attr_is_old_building,0.012543001328487551
extra_trees,num__location_baseline_log,0.012320872277550207
extra_trees,num__location_baseline_m2,0.010620624516047013
extra_trees,num__attr_total_quality_score,0.010480415363144617
extra_trees,num__attr_building_age_score,0.010318762151240732
extra_trees,cat__elevator_Var,0.009931571973642458
extra_trees,cat__usage_status_Mülk Sahibi,0.008851485996937648
extra_trees,num__attr_m2_per_room,0.00876373869564384
extra_trees,num__building_age,0.008122757426025213
extra_trees,num__attr_has_elevator,0.008078583961219441
extra_trees,cat__large_home_x_site_project_id_bucket_lh__missing,0.00725735714953573
extra_trees,num__trend_sale_m2,0.006919569736903859
extra_trees,num__detail_effect_subtype_mean,0.006820515111058463
extra_trees,num__attr_effect_elevator,0.006667426200524545
extra_trees,num__estimated_monthly_rent_gross,0.006521096280993181
extra_trees,num__trend_yield,0.006341716321827232
extra_trees,cat__demo_dominant_age_group_65+,0.006222741337519686
extra_trees,num__dues,0.006214620747268725
extra_trees,num__attr_compactness_score,0.006166661260414281
extra_trees,cat__elevator_Yok,0.006092040898742488
extra_trees,num__detail_effect_total_mean,0.005683352941085383
extra_trees,num__distance_to_coast_x_near_sea_zero,0.005593695018554517
extra_trees,num__detail_effect_outside_x_attr_quality,0.005330182854934621
extra_trees,num__detail_effect_outside_sum,0.005149032210714622
extra_trees,num__detail_effect_subtype_sum,0.00512854223341712
extra_trees,num__attr_is_mid_age_building,0.00499698521142545
extra_trees,num__detail_effect_outside_mean,0.004850905634585459
extra_trees,num__detail_effect_total_x_attr_quality,0.004775989871099068
extra_trees,cat__heating_Kombi (Doğalgaz),0.004729490666433664
extra_trees,num__detail_effect_inside_x_attr_quality,0.004717634148358164
extra_trees,num__demo_age_65_plus,0.0046124384326048295
extra_trees,num__district_target_mean,0.004547482951916803
extra_trees,num__total_floors,0.004446523787006265
extra_trees,num__location_baseline_vs_trend,0.004330937740862527
extra_trees,num__duplex_or_large_home,0.004323323617917761
extra_trees,num__detail_effect_county_total_sum,0.004288340111568324
extra_trees,num__detail_effect_inside_mean,0.00415886737357714
extra_trees,num__detail_effect_inside_sum,0.00410768372640466
extra_trees,num__bearing_from_district_centroid_cos,0.004088288971637187
extra_trees,num__demo_divorced_ratio,0.004057106232351228
extra_trees,cat__parking_Açık Otopark,0.004020251457503291
extra_trees,num__demo_old_ratio,0.00401786534229929
extra_trees,num__bearing_from_district_centroid_sin,0.003941075443125918
extra_trees,cat__detail_konut_tipi_Ara Kat,0.003929266616543962
extra_trees,num__bathroom_count,0.003897393848834844
extra_trees,num__duplex_x_gross_m2,0.003795878255234481
extra_trees,num__net_m2,0.0037916012578844967
extra_trees,num__gross_m2,0.0037639502950178624
extra_trees,num__detail_effect_total_sum,0.0037159938022527416
extra_trees,num__attr_compact_home_x_quality,0.003657637409953629
extra_trees,num__attr_effect_total_quality_bucket,0.00365548570649941
extra_trees,num__net_gross_ratio,0.003645362247469747
extra_trees,num__attr_building_age_inverse,0.003600712400658597
extra_trees,cat__usage_status_Boş,0.003596411662602884
extra_trees,num__detail_effect_district_total_sum,0.003539325679703117
extra_trees,num__attr_net_gross_ratio,0.0035312878167035352
extra_trees,num__location_baseline_level_code,0.00344539343304508
extra_trees,num__attr_quality_x_location_baseline,0.0034336604204232624
extra_trees,num__attr_quality_x_county_income,0.003222177145829009
extra_trees,cat__duplex_x_county_nonduplex,0.0030979992409588967
extra_trees,num__detail_effect_total_abs_sum,0.003078450741531841
extra_trees,num__remaining_floors,0.0030453485144857485
extra_trees,num__attr_quality_x_demo_income,0.002941495200281755
extra_trees,num__location_baseline_count,0.002902394337198926
extra_trees,cat__duplex_type_none,0.0028823206978765294
extra_trees,num__district_room_rent_m2_count,0.002870592628920463
extra_trees,num__floor_num,0.0028395923650046794
extra_trees,cat__duplex_match_source_none,0.0028052218204162173
extra_trees,cat__usage_status_Kiracılı,0.0027575865169997484
extra_trees,cat__m2_group_126-150,0.002703389450865033
extra_trees,num__detail_effect_front_sum,0.002701747092918237
extra_trees,cat__m2_group_101-125,0.0026514386884954693
extra_trees,num__distance_to_coast_x_view_sea,0.0026136212100309718
extra_trees,num__detail_front_count,0.00259827648093256
extra_trees,num__district_m2_group_rent_m2_count,0.002578508740532317
extra_trees,num__district_m2_group_rent_m2_median,0.0025743751518492847
extra_trees,num__detail_effect_view_mean,0.002557345459702959
extra_trees,num__distance_to_district_centroid_m,0.00255247764735356
extra_trees,num__detail_inside_count,0.002549208992719975
extra_trees,num__bearing_from_county_centroid_cos,0.0025353737059476073
extra_trees,num__demo_widow_ratio,0.002522401326833165
extra_trees,num__detail_effect_view_sum,0.002513352591439128
extra_trees,num__detail_effect_front_mean,0.002507947759591639
extra_trees,num__detail_near_count,0.0024378431493365517
extra_trees,num__attr_floor_ratio,0.0024274079520570325
extra_trees,num__floor_ratio,0.002427227700429534
extra_trees,num__detail_effect_negative_count,0.002409306079959668
extra_trees,num__attr_amenity_score,0.0024071004847184877
extra_trees,num__demo_population_density,0.0023841860589295695
extra_trees,cat__kitchen_Kapalı,0.0023806498887990048
extra_trees,num__inside_quality_score,0.0023731827412583483
extra_trees,cat__duplex_x_site_project_nonduplex,0.002363640878714514
extra_trees,num__lat_centered_county,0.0023594564438489305
extra_trees,cat__room_count_3+1,0.002355609298420558
extra_trees,num__attr_is_middle_floor,0.0023523719407259292
extra_trees,num__detail_effect_view_x_location_baseline,0.0023515045467894717
extra_trees,num__detail_transport_count,0.0023481910708392307
extra_trees,cat__kitchen_Açık (Amerikan),0.002333948919776828
extra_trees,num__attr_old_building_x_no_elevator,0.0023329397838918325
extra_trees,cat__building_age_group_0 (Oturuma Hazır),0.002307036353678319
extra_trees,cat__duplex_x_site_quality_tier_nonduplex,0.002303317557535579
extra_trees,num__basiskele_detail_group_bucket_median,0.0023029884284840136
extra_trees,num__attr_quality_x_district_median,0.002287419020875554
extra_trees,num__is_middle_floor,0.0022789213676550984
extra_trees,num__attr_new_building_x_site_inside,0.002257330896088273
extra_trees,num__distance_to_county_centroid_m,0.0022490465096807006
extra_trees,num__distance_to_geo_cluster_center_m,0.002247460410815288
extra_trees,num__front_score,0.0022467277905594855
extra_trees,num__nearby_score,0.0022342404699295425
extra_trees,cat__floor_segment_Ara Kat,0.0022248209668344994
extra_trees,num__detail_effect_level_code,0.0022202761247391606
extra_trees,cat__coast_distance_bucket_500_1000,0.0022024641685754512
extra_trees,num__attr_net_gross_good,0.0021471333317442764
extra_trees,cat__floor_segment_Zemin/Giriş,0.002146488185799879
extra_trees,num__distance_to_coast_x_large_home,0.002143712415937489
extra_trees,num__site_security_score,0.002136319130157115
extra_trees,num__estimated_rent_m2_gross,0.0020958675080715683
extra_trees,num__outside_quality_score,0.0020762129765065354
extra_trees,num__detail_view_count,0.002074362746531994
extra_trees,cat__duplex_x_district_nonduplex,0.00206598674415151
extra_trees,num__location_quality_x_detail_effect_total,0.0020351555694483633
extra_trees,cat__building_age_group_21-25 arası,0.0020324160521437247
extra_trees,num__transport_score,0.0020275280702414414
extra_trees,num__distance_to_coastline_inv,0.002024446288994751
extra_trees,num__detail_effect_positive_count,0.0019785109612468436
extra_trees,num__bearing_from_county_centroid_sin,0.0019645901675533766
extra_trees,num__detail_outside_count,0.0019619491951869306
extra_trees,num__detail_quality_score,0.0019497358380738325
extra_trees,num__accessibility_score,0.0019446009869983074
extra_trees,num__detail_effect_transport_sum,0.0019404642877007272
extra_trees,num__district_room_rent_m2_median,0.0019221013843144868
extra_trees,cat__detail_konut_tipi_missing,0.0019108372964190435
extra_trees,num__demo_age_55_64,0.0019097379927872787
extra_trees,num__demo_ses_d_ratio,0.0019047255344437095
extra_trees,num__detail_selected_count,0.001899998557711025
extra_trees,num__detail_effect_nearby_sum,0.00187812841203436
extra_trees,num__detail_effect_nearby_mean,0.0018761841969686323
extra_trees,cat__parking_Kapalı Otopark,0.0018617255174153712
extra_trees,num__detail_effect_transport_mean,0.0018601907968778739
extra_trees,cat__detail_cephe_missing,0.0018294352326754884
extra_trees,cat__parking_Açık & Kapalı Otopark,0.0018208876508590158
extra_trees,num__demo_age_65_plus_count,0.001811180380601261
extra_trees,num__attr_is_new_building,0.0017860384027764856
extra_trees,cat__building_age_group_6-10 arası,0.0017829304229876712
extra_trees,cat__m2_group_76-100,0.0017599127016400737
extra_trees,cat__detail_cephe_Doğu|Güney,0.0017590744608822538
extra_trees,num__attr_floor_quality_score,0.0017524348292368877
extra_trees,num__detail_effect_used_count,0.0017495333280964712
extra_trees,cat__detail_manzara_Şehir,0.001745397303147406
extra_trees,cat__coast_distance_bucket_1000_3000,0.0017267388863889102
extra_trees,num__view_score,0.0017246307996565842
extra_trees,num__district_target_median,0.0017208086015103228
extra_trees,num__demo_old_ratio_diff_county,0.001694188093635756
extra_trees,num__county_room_count_target_median,0.0016817459761996553
extra_trees,cat__room_count_2+1,0.0016536834813956243
extra_trees,num__lon_centered_county,0.0016490089837447213
extra_trees,num__trend_rent_m2,0.0016432340531126915
extra_trees,cat__detail_cephe_Batı|Güney,0.0016405515804891577
extra_trees,num__large_home_detail_premium_x_m2,0.0016352241854261699
extra_trees,num__demo_household_size,0.001615576440473393
extra_trees,num__distance_to_coastline_m,0.001554006364447055
extra_trees,num__district_rent_m2_count,0.0015513495412488778
extra_trees,num__district_rent_m2_median,0.0015444694501284737
extra_trees,cat__duplex_x_site_quality_tier_duplex__unknown,0.0015341964998003403
extra_trees,num__lat,0.00153351348064249
extra_trees,num__lat_centered_city,0.0015022415646230394
extra_trees,num__attr_heating_quality_score,0.0014996807667429384
extra_trees,num__basiskele_district_premium_bucket_mean,0.0014989714035134726
extra_trees,num__attr_is_ground_or_below,0.0014954604073298136
extra_trees,num__demo_young_ratio,0.0014903116348861753
extra_trees,num__demo_pharmacy_count,0.0014778446340225216
extra_trees,num__distance_to_golcuk_center_m,0.0014775099452647579
extra_trees,cat__heating_Yerden Isıtma,0.0014762884461700157
extra_trees,cat__coast_distance_bucket_3000_plus,0.0014717923415070934
extra_trees,num__demo_car_per_capita,0.0014620548764809583
extra_trees,num__demo_vehicle_per_capita,0.0014551797231868162
extra_trees,num__trend_sale_annual_change,0.001440505763506564
extra_trees,num__distance_to_kullar_m,0.0014189305474362438
extra_trees,num__demo_density_vs_county,0.001408278151624869
extra_trees,cat__furnished_Hayır,0.0014069788890954883
extra_trees,num__distance_to_karamursel_center_m,0.0014001436142143874
extra_trees,num__attr_effect_site_inside,0.00138258139788121
extra_trees,num__district_rent_m2_mean,0.0013692550572175148
extra_trees,num__attr_net_gross_bad,0.001344260738578307
extra_trees,num__distance_to_izmit_center_m,0.0013275198359587001
extra_trees,cat__site_project_match_source_site_name,0.001326726878241694
extra_trees,cat__detail_manzara_Park & Yeşil Alan|Şehir,0.0013235617131264858
extra_trees,cat__detail_cephe_Batı|Doğu|Güney|Kuzey,0.0013206144369324014
extra_trees,num__demo_age_0_14,0.001316119827211818
extra_trees,num__lon,0.001314328581863313
extra_trees,cat__site_project_x_county_missing__izmit,0.0012922112391445643
extra_trees,num__demo_population_female,0.0012862584401832533
extra_trees,cat__m2_group_151-200,0.0012810391223355437
extra_trees,num__large_home_m2_excess,0.0012765062891807659
extra_trees,cat__basiskele_geo_cluster_x_m2_group_Başiskele_5||200+,0.001273396461883428
extra_trees,cat__detail_cephe_Güney,0.0012722874262661088
extra_trees,num__lon_centered_city,0.0012710802080477869
extra_trees,cat__detail_manzara_Deniz,0.0012709659147684708
extra_trees,num__distance_to_basiskele_coast_m,0.0012651437742219468
extra_trees,num__is_new_building,0.0012591330972544328
extra_trees,num__attr_large_home_x_quality,0.0012537645698662656
extra_trees,num__attr_is_young_building,0.001253658164988364
extra_trees,num__distance_to_sahil_m,0.0012511100538042902
extra_trees,num__demo_pharmacy_per_10k,0.0012348229033481814
extra_trees,num__distance_to_yuvacik_m,0.0012338066031804791
extra_trees,num__demo_divorced_count,0.001227665260019698
extra_trees,num__trend_count_sale,0.0012272260020037967
extra_trees,cat__demo_dominant_age_group_35-39,0.0012219298947561328
extra_trees,num__demo_age_35_44,0.0012196495784274344
extra_trees,num__trend_price_change_sale,0.0011981373145441166
extra_trees,num__demo_age_35_44_count,0.0011900988299088009
extra_trees,cat__detail_manzara_missing,0.0011880836480771192
extra_trees,num__basiskele_district_premium_bucket_median,0.0011876006734499029
extra_trees,cat__detail_manzara_Doğa|Park & Yeşil Alan|Şehir,0.001179671865661012
extra_trees,num__demo_middle_ratio,0.0011759907471559697
extra_trees,num__demo_education_high_school_ratio,0.001172531110900954
extra_trees,num__large_home_net_gross_quality,0.0011706631164328037
extra_trees,num__demo_married_ratio,0.0011698383648689019
extra_trees,cat__building_age_group_11-15 arası,0.0011656970391837858
extra_trees,cat__detail_cephe_Batı|Doğu|Güney,0.0011641650074242897
extra_trees,cat__duplex_match_source_detail_and_title,0.0011627485011722427
extra_trees,num__large_home_room_density,0.0011607402925509394
extra_trees,cat__coast_distance_bucket_0_500,0.0011552638902802396
extra_trees,cat__building_age_group_16-20 arası,0.0011457698731131647
extra_trees,num__total_room_score,0.0011410455371052874
extra_trees,num__demo_education_primary_school_count,0.0011322676015813036
extra_trees,num__distance_to_bahcecik_m,0.0011303581259535535
extra_trees,cat__heating_Merkezi,0.0011293790879675415
extra_trees,cat__detail_manzara_Park & Yeşil Alan,0.0011275367907639148
extra_trees,num__demo_age_45_54,0.0011252601242570345
extra_trees,num__demo_atm_count,0.001120237577059441
extra_trees,num__demo_old_count,0.0011139651825901918
extra_trees,num__large_home_log_m2,0.0011128155087052904
extra_trees,num__demo_atm_per_10k,0.0011117307177939137
extra_trees,num__demo_residential_density,0.0011105482463730253
extra_trees,num__district_rent_m2_cv,0.0010936650569034322
extra_trees,num__demo_married_count,0.0010908361226805632
extra_trees,num__trend_listing_period_sale,0.0010883550396866835
extra_trees,num__demo_workplace_density,0.0010864361932628663
extra_trees,num__demo_ses_b_ratio,0.0010864356573588726
extra_trees,cat__geo_cluster_x_room_count_city_8||3+1,0.0010752006070019482
extra_trees,num__large_home_quality_x_m2,0.0010739480344848958
extra_trees,cat__floor_segment_Bahçe,0.00106848207746005
extra_trees,cat__geo_cluster_x_room_count_city_5||3+1,0.0010671409867732747
extra_trees,num__attr_effect_parking,0.0010665938998676234
extra_trees,num__is_ground_floor,0.0010614283398749774
extra_trees,num__demo_widow_count,0.001055733798797068
extra_trees,num__rooms,0.0010538049139198662
extra_trees,num__demo_female_ratio,0.0010460533671506741
extra_trees,num__demo_workplace_count,0.0010446901888848472
extra_trees,num__district_rent_m2_iqr,0.0010440465592955383
extra_trees,num__demo_age_0_14_count,0.0010376845127642068
extra_trees,num__demo_income_vs_county,0.001035453808078514
extra_trees,num__demo_education_middle_school_count,0.0010325001523501481
extra_trees,cat__geo_cluster_county_Karamürsel_0,0.0010238554427733821
extra_trees,num__demo_male_ratio,0.0010086067142574498
extra_trees,cat__detail_manzara_Deniz|Doğa|Park & Yeşil Alan|Şehir,0.0010069371093193431
extra_trees,num__basiskele_detail_inside_premium_signal,0.0009900019939635385
extra_trees,cat__building_age_group_1,0.0009897742403955797
extra_trees,cat__geo_cluster_x_room_count_city_10||3+1,0.0009878720921261577
extra_trees,num__demo_age_55_64_count,0.0009845316387364737
extra_trees,num__attr_has_parking,0.0009844889130071893
extra_trees,num__demo_ses_a_ratio,0.0009801726618041226
extra_trees,num__demo_education_non_literate_ratio,0.0009739058369639732
extra_trees,num__demo_education_doctorate_count,0.0009733558299153105
extra_trees,num__demo_education_unknown_ratio,0.0009714013367463314
extra_trees,num__demo_young_ratio_diff_county,0.0009700116643679517
extra_trees,num__demo_age_25_34,0.000964260155139975
extra_trees,cat__duplex_match_source_detail,0.0009611357766257639
extra_trees,num__demo_population_total,0.0009587309718581059
extra_trees,num__demo_high_school_diff_county,0.0009505720083047967
extra_trees,cat__detail_cephe_Batı|Doğu,0.0009491060673629603
extra_trees,num__is_large_flat,0.0009420622611217341
extra_trees,num__demo_ses_ab_diff_county,0.0009395592512896078
extra_trees,num__demo_education_primary_school_ratio,0.0009309253056806196
extra_trees,cat__parking_Yok,0.0009291960620807151
extra_trees,num__demo_single_ratio,0.0009278872726116818
extra_trees,num__demo_per_capita_income_try,0.0009136692228936689
extra_trees,cat__floor_segment_En Üst Kat,0.0009136581320837302
extra_trees,num__attr_effect_heating_quality_bucket,0.0009084592390911862
extra_trees,cat__detail_konut_tipi_Çatı Dubleksi,0.0008962286763686503
extra_trees,num__demo_age_15_24,0.0008908063312520917
extra_trees,num__demo_education_total,0.0008745197013395207
extra_trees,num__demo_university_diff_county,0.0008733977675344951
extra_trees,num__demo_middle_count,0.000869770571115041
extra_trees,num__demo_ses_d_count,0.0008621734341341547
extra_trees,num__demo_ses_cd_ratio,0.0008616072398540435
extra_trees,num__demo_household_income_try,0.0008584913854496153
extra_trees,cat__detail_cephe_Batı|Kuzey,0.0008524947095101211
extra_trees,num__is_large_home,0.000848287766610898
extra_trees,cat__detail_cephe_Doğu|Kuzey,0.0008466570582457079
extra_trees,cat__geo_cluster_x_room_count_missing||3+1,0.0008442610230590756
extra_trees,cat__large_home_bucket_180_220,0.000840603371221018
extra_trees,num__demo_age_45_54_count,0.0008403651753988957
extra_trees,num__demo_ses_a_plus_ratio,0.0008397211472546594
extra_trees,cat__geo_cluster_x_room_count_city_8||2+1,0.0008335453480135126
extra_trees,num__is_top_floor,0.0008321208815081933
extra_trees,num__demo_ses_c_count,0.0008305103756606727
extra_trees,cat__m2_group_200+,0.0008261410879925578
extra_trees,num__demo_education_primary_education_ratio,0.0008229988974934577
extra_trees,cat__detail_cephe_Güney|Kuzey,0.000814889093973854
extra_trees,num__demo_ses_ab_ratio,0.0008139540293142936
extra_trees,num__demo_household_income_vs_county,0.0008092447790970942
extra_trees,cat__site_inside_Hayır,0.0008062761499834803
extra_trees,num__is_small_flat,0.0008059799205350831
extra_trees,num__attr_is_top_floor,0.0008022697152288832
extra_trees,num__demo_education_high_school_count,0.000800235853881597
extra_trees,cat__detail_manzara_Doğa|Park & Yeşil Alan,0.0007969315226324119
extra_trees,num__distance_to_coast_x_site_inside,0.0007961122041627815
extra_trees,cat__geo_cluster_city_city_8,0.0007901918668156116
extra_trees,num__large_home_site_x_m2,0.0007899622551426647
extra_trees,cat__geo_cluster_x_room_count_city_3||3+1,0.000788721967859169
extra_trees,num__demo_young_count,0.000783943729103463
extra_trees,num__demo_education_graduate_ratio,0.000776683186656113
extra_trees,num__demo_education_university_ratio,0.0007723239439262064
extra_trees,cat__detail_konut_tipi_En Üst Kat,0.0007612473162712231
extra_trees,cat__geo_cluster_x_room_count_city_2||3+1,0.0007592268163354032
extra_trees,cat__geo_cluster_county_İzmit_0,0.0007584714684454663
extra_trees,num__is_duplex,0.0007571225025854892
extra_trees,num__demo_household_count,0.0007520430924988229
extra_trees,cat__detail_manzara_Deniz|Park & Yeşil Alan|Şehir,0.0007519095444135001
extra_trees,cat__geo_cluster_x_room_count_city_1||3+1,0.0007459783519920089
extra_trees,cat__geo_cluster_county_İzmit_1,0.0007458923212544624
extra_trees,num__demo_ses_cd_diff_county,0.0007367669390971079
extra_trees,num__basiskele_has_inside_luxury_signal,0.0007294365910837245
extra_trees,cat__m2_group_0-75,0.0007247305273924075
extra_trees,cat__site_project_match_source_title,0.0007216060070891719
extra_trees,num__demo_age_25_34_count,0.0007211012167162802
extra_trees,num__demo_education_middle_school_ratio,0.0007165340107868092
extra_trees,cat__detail_cephe_Doğu,0.0007074430417638865
extra_trees,cat__heating_Merkezi (Pay Ölçer),0.0007061320067691993
extra_trees,cat__site_project_id_county_scoped_missing,0.0007054066379646189
extra_trees,cat__geo_cluster_city_city_5,0.0007030035457178454
extra_trees,num__demo_education_doctorate_ratio,0.0007013501934392809
extra_trees,num__trend_count_rent,0.0007010842017543119
extra_trees,cat__large_home_x_site_project_id_bucket_non_lh,0.0006985429986142963
extra_trees,num__demo_ses_c_ratio,0.0006955460013099864
extra_trees,cat__room_count_4+1,0.0006896482749635162
extra_trees,cat__furnished_Evet,0.0006887921249258334
extra_trees,cat__large_home_bucket_lt180,0.0006836322749069684
extra_trees,cat__building_age_group_5,0.0006778306788728696
extra_trees,cat__site_project_match_source_missing,0.0006731189425660955
extra_trees,num__demo_education_graduate_count,0.0006722239247101857
extra_trees,num__demo_ses_a_plus_count,0.0006598995573937541
extra_trees,num__basiskele_detail_total_premium_signal,0.0006559215442842462
extra_trees,num__demo_population_male,0.0006555563976196003
extra_trees,cat__detail_cephe_Batı|Doğu|Kuzey,0.000653795718065118
extra_trees,cat__site_project_id_missing,0.000652996779537877
extra_trees,cat__duplex_x_site_project_duplex__missing,0.0006473077277966308
extra_trees,num__attr_is_furnished,0.0006470965655199072
extra_trees,cat__site_project_x_county_missing__golcuk,0.0006467504845937185
extra_trees,cat__demo_dominant_age_group_40-44,0.0006466592881975066
extra_trees,cat__detail_konut_tipi_Dubleks,0.0006408205155695307
extra_trees,num__detail_subtype_count,0.0006372522720020677
extra_trees,cat__geo_cluster_x_room_count_city_7||2+1,0.0006297017443405019
extra_trees,cat__site_tier_x_district_unknown__cumhuriyet mah.,0.000628409895203643
extra_trees,cat__demo_dominant_age_group_30-34,0.0006270191682760664
extra_trees,num__demo_bank_per_10k,0.0006253565977366395
extra_trees,num__attr_is_site_inside,0.0006241201216547166
extra_trees,cat__geo_cluster_x_room_count_missing||2+1,0.0006214431345663172
extra_trees,cat__detail_cephe_Batı,0.0006209729013225059
extra_trees,cat__building_age_group_3,0.0006201823735896517
extra_trees,cat__detail_manzara_Deniz|Şehir,0.0006132745787736514
extra_trees,num__demo_car_count,0.0006117350765019427
extra_trees,cat__detail_manzara_Doğa|Şehir,0.0006046185976840682
extra_trees,num__demo_ses_a_count,0.000599278235004275
extra_trees,num__demo_ses_b_count,0.0005961402918018302
extra_trees,num__demo_vehicle_count,0.0005914469476020025
extra_trees,cat__roof_duplex_x_floor_segment_roof__En Üst Kat,0.0005879703920134526
extra_trees,cat__site_inside_Evet,0.0005867422685886003
extra_trees,num__demo_residential_count,0.0005836023911025711
extra_trees,num__demo_education_university_count,0.0005759257501822428
extra_trees,cat__floor_segment_Çatı,0.0005670634936269342
extra_trees,cat__duplex_type_garden,0.0005640188411853175
extra_trees,cat__site_id_bucket_x_district_b0__cumhuriyet mah.,0.0005635927435159242
extra_trees,cat__district_Cumhuriyet Mah.,0.0005533625566252809
extra_trees,cat__geo_cluster_county_other,0.0005477612164556815
extra_trees,cat__site_project_id_izmit::other,0.0005455736282332236
extra_trees,cat__geo_cluster_city_city_3,0.000542965324118894
extra_trees,num__attr_has_premium_heating,0.0005397280446284417
extra_trees,num__demo_age_15_24_count,0.0005368930771037096
extra_trees,num__large_home_basiskele_premium,0.0005322775422828311
extra_trees,num__basiskele_has_pool_signal,0.0005299352389216474
extra_trees,cat__large_home_bucket_220_280,0.0005252333696740066
extra_trees,cat__rent_feature_level_district_room,0.0005251192049658315
extra_trees,num__demo_bank_count,0.000520542141446745
extra_trees,num__is_standard_duplex,0.0005121732611598991
extra_trees,num__demo_summer_house_count,0.0005099160542075396
extra_trees,num__is_garden_duplex,0.0005069284671567312
extra_trees,num__basiskele_premium_bucket_mid,0.000504649275266509
extra_trees,cat__detail_cephe_Doğu|Güney|Kuzey,0.0005025744300732869
extra_trees,cat__duplex_match_source_title,0.0005024518443732693
extra_trees,cat__duplex_type_standard,0.0005011961600825459
extra_trees,cat__geo_cluster_city_city_10,0.0004979640219612134
extra_trees,cat__site_project_id_county_scoped_izmit::other,0.0004968036978657048
extra_trees,cat__furnished_Belirtilmemiş,0.0004966526521601487
extra_trees,cat__detail_konut_tipi_Bahçe Dubleksi,0.0004933433048004759
extra_trees,num__basiskele_lat_lon_interaction,0.0004893577008052962
extra_trees,num__demo_never_married_count,0.0004887288247929626
extra_trees,cat__site_project_x_county_missing__kartepe,0.0004869966682515303
extra_trees,cat__balcony_Var,0.0004869640630579783
extra_trees,cat__detail_manzara_Deniz|Doğa|Şehir,0.00048076035124401364
extra_trees,cat__duplex_x_county_duplex__İzmit,0.00047329728502864995
extra_trees,cat__roof_duplex_x_floor_segment_roof__Ara Kat,0.0004720019136826544
extra_trees,cat__site_project_x_county_izmit::other__izmit,0.00046869471120988826
extra_trees,cat__building_age_group_2,0.0004625635936650463
extra_trees,cat__geo_cluster_x_room_count_city_7||3+1,0.0004571597241141274
extra_trees,cat__balcony_Yok,0.00045475034187400954
extra_trees,cat__geo_cluster_x_room_count_city_4||2+1,0.00045424590743111336
extra_trees,cat__rent_feature_level_district_m2_group,0.00045170150900077
extra_trees,num__basiskele_premium_x_new_building,0.0004507690644512796
extra_trees,cat__building_age_group_0 (Yapım Aşamasında),0.0004484583838337419
extra_trees,cat__geo_cluster_county_İzmit_3,0.0004479659644474095
extra_trees,cat__geo_cluster_x_room_count_city_1||2+1,0.00044592210103078716
extra_trees,cat__large_home_x_site_project_id_bucket_lh__n30p,0.00044325259120750455
extra_trees,cat__roof_duplex_x_floor_segment_nonroof,0.0004389915116288132
extra_trees,cat__geo_cluster_x_room_count_city_5||2+1,0.0004380340967074934
extra_trees,cat__geo_cluster_x_room_count_city_4||3+1,0.00043662333933759245
extra_trees,cat__detail_cephe_Batı|Güney|Kuzey,0.00043623709852444985
extra_trees,num__basiskele_detail_subtype_premium_signal,0.0004282598225576714
extra_trees,cat__building_age_group_31 ve üzeri,0.00042659390513751476
extra_trees,cat__detail_manzara_Doğa,0.0004250294928203524
extra_trees,cat__geo_cluster_county_İzmit_5,0.00042350375300359653
extra_trees,cat__geo_cluster_city_city_7,0.00041834700543910426
extra_trees,cat__building_age_group_26-30 arası,0.0004177077751902227
extra_trees,num__is_roof_duplex,0.00041605116476616823
extra_trees,num__attr_has_balcony,0.0004156957529438915
extra_trees,cat__duplex_type_roof,0.0004133938348179117
extra_trees,cat__demo_ses_group_B Grubu,0.00041319891443551693
extra_trees,num__basiskele_distance_to_coast_x_large_home,0.0004121608184950239
extra_trees,cat__basiskele_geo_cluster_x_m2_group_Başiskele_4||126-150,0.0004120990884949896
extra_trees,cat__demo_dominant_education_Lise,0.00041109628483050435
extra_trees,cat__detail_cephe_Kuzey,0.00040523639407719764
extra_trees,cat__geo_cluster_county_Gölcük_3,0.00040252434867484645
extra_trees,cat__geo_cluster_x_room_count_city_6||3+1,0.0003997394556387811
extra_trees,cat__geo_cluster_x_room_count_city_3||2+1,0.00039592788435393553
extra_trees,cat__geo_cluster_county_İzmit_2,0.0003944497421998274
extra_trees,num__basiskele_premium_x_detail_view,0.00039124061888306307
extra_trees,cat__demo_dominant_education_Lisans,0.00037790418498258777
extra_trees,num__basiskele_site_premium_signal,0.000376719413876948
extra_trees,num__basiskele_premium_x_gross_m2,0.00037339701839331815
extra_trees,cat__rent_feature_level_district,0.00037083420910030126
extra_trees,cat__roof_duplex_x_floor_segment_roof__Çatı,0.0003705092523188255
extra_trees,cat__building_age_group_4,0.0003603227107874855
extra_trees,num__duplex_x_site_inside,0.00035564864168588755
extra_trees,cat__geo_cluster_x_room_count_city_10||1+1,0.000352447456530523
extra_trees,num__basiskele_district_premium_bucket_count,0.0003512802925109541
extra_trees,cat__site_tier_x_district_premium__pasadag mh.,0.00035081792043915145
extra_trees,num__basiskele_premium_x_detail_outside,0.0003458415146830321
extra_trees,num__basiskele_detail_view_premium_signal,0.00034420917285031793
extra_trees,num__basiskele_premium_x_district_target_median,0.00034128245764071335
extra_trees,num__attr_county_elevator_premium,0.00034127290671803854
extra_trees,cat__site_project_x_county_missing__basiskele,0.00034018510086423104
extra_trees,cat__geo_cluster_county_Gölcük_1,0.00033922534354424266
extra_trees,cat__geo_cluster_x_room_count_city_2||2+1,0.000338462618471513
extra_trees,num__county_rent_m2_median,0.0003326074015504853
extra_trees,cat__district_Alikahya Fatih Mah.,0.000331210413690274
extra_trees,cat__site_tier_x_district_unknown__alikahya fatih mah.,0.00032537442852765007
extra_trees,cat__room_count_1+1,0.0003246361562479107
extra_trees,num__basiskele_detail_outside_premium_signal,0.0003231845764889593
extra_trees,num__basiskele_premium_x_site_inside,0.0003230914867741366
extra_trees,cat__detail_manzara_Deniz|Doğa,0.00031997688858901614
extra_trees,num__county_target_median,0.0003194590258294719
extra_trees,cat__detail_konut_tipi_Dubleks|Bahçe Dubleksi,0.0003154299401889053
extra_trees,cat__basiskele_geo_cluster_Başiskele_4,0.00031194788966141444
extra_trees,cat__geo_cluster_x_room_count_city_4||4+1,0.00030960922908299137
extra_trees,cat__geo_cluster_county_İzmit_4,0.00030507910766166104
extra_trees,cat__demo_ses_group_C Grubu,0.00030098349197948233
extra_trees,num__basiskele_has_view_signal,0.00029863933662355446
extra_trees,cat__geo_cluster_x_room_count_city_0||4+1,0.0002977960801354937
extra_trees,cat__geo_cluster_county_Başiskele_2,0.0002973024640485992
extra_trees,cat__geo_cluster_county_Başiskele_4,0.00029229589084957237
extra_trees,cat__basiskele_geo_cluster_x_m2_group_Başiskele_5||126-150,0.0002875600336752542
extra_trees,num__basiskele_premium_score,0.00028387861020842046
extra_trees,cat__geo_cluster_x_room_count_city_0||3+1,0.00028148053973340746
extra_trees,cat__detail_manzara_Deniz|Doğa|Park & Yeşil Alan,0.0002808840575123285
extra_trees,cat__site_id_bucket_x_district_b0__alikahya ataturk mh.,0.00027971002593505035
extra_trees,cat__site_id_bucket_x_district_b0__alikahya fatih mah.,0.0002736061825270932
extra_trees,cat__basiskele_geo_cluster_Başiskele_2,0.00027092355659644077
extra_trees,num__site_project_oof_residual_mean,0.00026512996362529915
extra_trees,num__attr_county_parking_premium,0.0002639834249776918
extra_trees,num__site_project_oof_price_level,0.0002635170038680359
extra_trees,num__county_rent_m2_mean,0.0002632222063458253
extra_trees,cat__site_tier_x_district_unknown__degirmendere yali mh.,0.0002629733003652262
extra_trees,cat__site_tier_x_district_unknown__alikahya ataturk mh.,0.0002604928672332609
extra_trees,cat__site_id_bucket_x_district_b0__korfez mh.,0.0002598797681556235
extra_trees,cat__geo_cluster_x_room_count_missing||1+1,0.00025583839521131185
extra_trees,cat__heating_Doğalgaz Sobası,0.00025333616341941917
extra_trees,cat__basiskele_geo_cluster_x_m2_group_Başiskele_0||151-200,0.0002526286686829164
extra_trees,cat__site_project_id_basiskele::other,0.00025096084568767375
extra_trees,cat__site_project_id_county_scoped_basiskele::other,0.00025051323720612855
extra_trees,cat__site_id_bucket_x_district_b0__kadikoy mh.,0.0002482506306683715
extra_trees,num__basiskele_premium_bucket_high,0.00024808982609019403
extra_trees,num__basiskele_premium_x_location_baseline,0.00024740861881023815
extra_trees,cat__basiskele_geo_cluster_x_m2_group_Başiskele_2||126-150,0.0002466169270578952
extra_trees,cat__district_Ataevler Mh.,0.00024191919522403255
extra_trees,cat__district_Körfez Mh.,0.0002402166396691741
extra_trees,num__basiskele_has_social_luxury_signal,0.0002398420998938527
extra_trees,cat__district_Değirmendere Yalı Mh.,0.00023235251088411072
extra_trees,cat__site_id_bucket_x_district_b0__degirmendere yali mh.,0.00023102547266245577
extra_trees,num__basiskele_distance_to_coast_x_quality,0.00023044623220621634
extra_trees,cat__geo_cluster_city_city_1,0.00022928488427186155
extra_trees,cat__site_project_x_county_missing__karamursel,0.00022926353147757745
extra_trees,num__attr_county_good_heating_premium,0.00022921544077759143
extra_trees,num__basiskele_has_security_signal,0.00022860595185628568
extra_trees,cat__site_tier_x_district_unknown__ataevler mh.,0.00022771095682970732
extra_trees,cat__site_id_bucket_x_district_b0__ataevler mh.,0.00022539923430861555
extra_trees,cat__district_Alikahya Atatürk Mh.,0.00022538221903453277
extra_trees,cat__demo_dominant_age_group_25-29,0.0002249685877119901
extra_trees,num__basiskele_premium_bucket_county_mean,0.0002248274566858007
extra_trees,cat__site_tier_x_district_unknown__kadikoy mh.,0.0002199871035182786
extra_trees,cat__site_project_x_county_kartepe::other__kartepe,0.00021981700491734046
extra_trees,num__county_demo_population_density_median,0.00021857746018213092
extra_trees,cat__site_project_id_county_scoped_kartepe::other,0.00021822049577967787
extra_trees,num__basiskele_premium_bucket_low,0.0002162986706362121
extra_trees,num__county_target_mean,0.00021569007012202715
extra_trees,cat__site_project_x_county_basiskele::other__basiskele,0.00021381160650625147
extra_trees,cat__detail_konut_tipi_Dubleks|Çatı Dubleksi,0.00021342176092529423
extra_trees,cat__detail_manzara_Boğaz|Deniz|Doğa|Park & Yeşil Alan|Şehir,0.00020961011824397206
extra_trees,cat__site_tier_x_district_unknown__korfez mh.,0.0002093847971841475
extra_trees,cat__detail_manzara_Doğa|Havuz|Park & Yeşil Alan,0.00020536345296781405
extra_trees,cat__duplex_x_district_duplex__Ataevler Mh.,0.0002049812628709157
extra_trees,cat__geo_cluster_x_room_count_city_5||4+1,0.00019654821335241712
extra_trees,cat__geo_cluster_county_Başiskele_5,0.00019445111675605009
extra_trees,num__known_premium_x_district_code,0.00019359001647473745
extra_trees,cat__district_Kadıköy Mh.,0.00019328462290787654
extra_trees,num__attr_county_high_quality_premium,0.0001903495069960743
extra_trees,num__county_demo_ses_cd_ratio_mean,0.00019013687448183543
extra_trees,cat__basiskele_geo_cluster_Başiskele_5,0.00019001466222038358
extra_trees,cat__site_project_x_county_golcuk::other__golcuk,0.0001860712429816761
extra_trees,num__basiskele_premium_bucket_county_median,0.00018549518599037738
extra_trees,cat__geo_cluster_x_room_count_city_0||2+1,0.00018448124287366685
extra_trees,num__county_demo_education_high_school_ratio_mean,0.0001832738003373355
extra_trees,cat__site_tier_x_county_unknown__golcuk,0.00018200735314570176
extra_trees,cat__duplex_x_district_duplex__Kadıköy Mh.,0.00018076446351537453
extra_trees,cat__site_project_id_county_scoped_karamursel::other,0.0001799040643297122
extra_trees,cat__duplex_x_county_duplex__Kartepe,0.00017728107779050765
extra_trees,cat__geo_cluster_city_city_6,0.0001765123049991231
extra_trees,cat__site_project_id_kartepe::other,0.00017567044508993355
extra_trees,cat__site_project_id_county_scoped_golcuk::other,0.00017313594110501652
extra_trees,num__attr_has_natural_gas_heating,0.00017033204679986098
extra_trees,cat__demo_dominant_age_group_45-49,0.00016919188926154668
extra_trees,cat__demo_ses_group_A Grubu,0.00016846602376861038
extra_trees,cat__geo_cluster_x_room_count_city_6||4+1,0.00016774417264734057
extra_trees,num__county_demo_married_ratio_mean,0.00016675971888143818
extra_trees,cat__county_Gölcük,0.00016640157152428197
extra_trees,num__county_demo_education_university_ratio_mean,0.0001645261038350664
extra_trees,num__county_demo_workplace_count_sum,0.00016377187788651468
extra_trees,num__attr_county_site_inside_premium,0.0001635300669230017
extra_trees,num__county_demo_old_ratio_mean,0.00016323287364864868
extra_trees,num__county_demo_ses_ab_ratio_mean,0.00016256431085351377
extra_trees,cat__geo_cluster_county_Karamürsel_1,0.0001622515085135013
extra_trees,cat__site_id_bucket_x_district_b0__piyalepasa mh.,0.00016222325513415794
extra_trees,cat__basiskele_geo_cluster_Başiskele_3,0.00016182379848092703
extra_trees,cat__district_Piyalepaşa Mh.,0.00016162573399062862
extra_trees,cat__site_project_id_golcuk::other,0.00015862889503261718
extra_trees,cat__duplex_x_site_project_duplex__izmit::other,0.00015852405158184248
extra_trees,cat__site_id_bucket_x_district_b0__yeni mah.,0.00015811022879947876
extra_trees,cat__duplex_x_district_duplex__Cumhuriyet Mah.,0.000157259900871937
extra_trees,num__county_demo_vehicle_count_sum,0.0001562007058884461
extra_trees,cat__detail_konut_tipi_Ters Dubleks,0.00015569277799412588
extra_trees,cat__site_project_x_county_basiskele::zeray_korupark__basiskele,0.0001554634961845701
extra_trees,cat__basiskele_geo_cluster_x_m2_group_Başiskele_5||151-200,0.00015444293068335468
extra_trees,num__county_site_project_count,0.00015383630084733684
extra_trees,cat__duplex_x_district_duplex__Gündoğdu Mh.,0.00015378431981683436
extra_trees,cat__duplex_x_district_duplex__Körfez Mh.,0.00015375797744059228
extra_trees,cat__geo_cluster_x_room_count_city_10||2+1,0.00015371292959606676
extra_trees,cat__geo_cluster_x_room_count_city_6||2+1,0.00015341413900465175
extra_trees,cat__basiskele_geo_cluster_x_m2_group_other||101-125,0.0001516987561040275
extra_trees,cat__geo_cluster_city_city_0,0.0001499538716090049
extra_trees,cat__county_İzmit,0.00014958557462857268
extra_trees,cat__district_Döngel Mh.,0.0001491550108729305
extra_trees,cat__basiskele_geo_cluster_Başiskele_0,0.00014749293302273442
extra_trees,cat__demo_dominant_age_group_5-9,0.00014633626120066437
extra_trees,cat__district_Topçular Mh.,0.00014586787323441527
extra_trees,cat__site_tier_x_district_unknown__gundogdu mh.,0.00014520999296873354
extra_trees,cat__site_tier_x_county_unknown__basiskele,0.0001442471370886739
extra_trees,num__county_demo_car_count_sum,0.00014415813499975099
extra_trees,cat__site_id_bucket_x_district_b0__kavakli mh.,0.00014331888578850727
extra_trees,cat__site_tier_x_district_unknown__kavakli mh.,0.00014273022361673086
extra_trees,num__attr_county_new_building_premium,0.0001421668033541519
extra_trees,cat__geo_cluster_county_Başiskele_3,0.0001414491985343272
extra_trees,cat__basiskele_geo_cluster_x_m2_group_Başiskele_0||76-100,0.00014129690389989475
extra_trees,num__county_demo_population_density_mean,0.00014040339000220294
extra_trees,num__county_demo_atm_count_sum,0.00013979442004951204
extra_trees,cat__site_tier_x_district_unknown__dongel mh.,0.0001390887480397334
extra_trees,num__county_demo_household_size_mean,0.00013790723298952982
extra_trees,cat__demo_dominant_age_group_20-24,0.00013622630659907572
extra_trees,cat__site_tier_x_district_unknown__fatih mah.,0.00013593921849207894
extra_trees,cat__site_tier_x_district_unknown__yeni mah.,0.0001349322260905667
extra_trees,num__location_backfill_listing_removed,0.0001341049110807482
extra_trees,cat__district_Donanma Mah.,0.00013399901869816302
extra_trees,cat__basiskele_geo_cluster_x_m2_group_Başiskele_2||101-125,0.00013397474290656778
extra_trees,num__basiskele_premium_x_large_home,0.00013349600432862216
extra_trees,cat__duplex_x_site_project_duplex__kartepe::other,0.00013337705585329403
extra_trees,cat__site_id_bucket_x_district_b0__dongel mh.,0.00013268677313428505
extra_trees,cat__geo_cluster_x_room_count_city_8||4+1,0.00013084379375969923
extra_trees,cat__basiskele_geo_cluster_x_m2_group_Başiskele_3||101-125,0.0001305036303081892
extra_trees,cat__geo_cluster_x_room_count_city_3||4+1,0.0001290700647060646
extra_trees,cat__geo_cluster_city_city_9,0.0001276158752969375
extra_trees,cat__site_tier_x_district_unknown__donanma mah.,0.0001272536412403356
extra_trees,num__attr_has_poor_heating,0.0001268315431471098
extra_trees,cat__site_id_bucket_x_district_b0__donanma mah.,0.0001267310791055142
extra_trees,cat__site_project_x_county_karamursel::other__karamursel,0.0001257620814451368
extra_trees,cat__district_Kavaklı Mh.,0.00012575414590399557
extra_trees,cat__site_project_id_karamursel::other,0.00012524418800055663
extra_trees,cat__site_tier_x_district_unknown__pasadag mh.,0.00012456429865152112
extra_trees,cat__detail_manzara_Deniz|Park & Yeşil Alan,0.00012361851525169904
extra_trees,num__county_demo_bank_count_sum,0.0001234474216096093
extra_trees,num__geo_context_has_exact_location,0.00012194863082166821
extra_trees,cat__location_source_missing,0.0001216009366552011
extra_trees,cat__coast_distance_bucket_missing,0.00012124449600358007
extra_trees,cat__district_Yeni Mah.,0.00012034052660471611
extra_trees,cat__site_tier_x_district_unknown__cayirkoy mh.,0.00011979328209275363
extra_trees,cat__site_tier_x_county_unknown__izmit,0.00011890229118272489
extra_trees,cat__basiskele_geo_cluster_x_m2_group_Başiskele_2||151-200,0.0001187923590751138
extra_trees,cat__basiskele_geo_cluster_x_m2_group_Başiskele_4||101-125,0.00011873312074620142
extra_trees,num__geo_context_missing,0.00011842763758646612
extra_trees,cat__site_project_id_basiskele::zeray_korupark,0.00011719362497745109
extra_trees,cat__duplex_x_county_duplex__Karamürsel,0.00011676028265247802
extra_trees,num__county_demo_pharmacy_count_sum,0.00011647643827410165
extra_trees,num__location_source_data_attr_map,0.00011616235814247643
extra_trees,cat__location_source_data_attr_map,0.00011573985835855041
extra_trees,num__geo_context_has_approx_location,0.00011541819522990265
extra_trees,cat__detail_manzara_Havuz|Park & Yeşil Alan|Şehir,0.00011540649963030981
extra_trees,cat__duplex_x_district_duplex__4 Temmuz Mah.,0.00011526425553964295
extra_trees,cat__location_precision_exact_map,0.00011474537431934155
extra_trees,cat__site_id_bucket_x_district_b0__4 temmuz mah.,0.0001143061994991806
extra_trees,cat__site_tier_x_district_mid__fatih mah.,0.00011410459601696829
extra_trees,cat__geo_cluster_county_Başiskele_0,0.00011409004718853986
extra_trees,cat__basiskele_geo_cluster_x_m2_group_other||76-100,0.00011357988572574177
extra_trees,num__location_quality_score,0.0001129721562843528
extra_trees,num__location_backfill_ok,0.00011296348982633829
extra_trees,num__county_rent_m2_count,0.00011155093801176638
extra_trees,num__location_precision_exact,0.00011091490299657968
extra_trees,cat__location_precision_missing,0.00011087998484945036
extra_trees,cat__duplex_x_county_duplex__Başiskele,0.00011066379526144675
extra_trees,cat__district_Turgut Mah.,0.00011047303881664155
extra_trees,cat__site_id_bucket_x_district_b0__cayirkoy mh.,0.00011022219866040883
extra_trees,cat__site_id_bucket_x_district_b0__gundogdu mh.,0.00011018551360657646
extra_trees,num__county_demo_residential_count_sum,0.00011015385304325889
extra_trees,num__has_lat_lon,0.00010887165556191567
extra_trees,cat__basiskele_geo_cluster_x_m2_group_Başiskele_2||76-100,0.00010882825495199331
extra_trees,num__county_demo_population_total_sum,0.0001087241038571669
extra_trees,cat__district_Çayırköy Mh.,0.000108635274286437
extra_trees,cat__site_tier_x_district_unknown__piyalepasa mh.,0.00010748668236487246
extra_trees,cat__duplex_x_county_duplex__Gölcük,0.00010734154960711042
extra_trees,num__location_precision_missing,0.00010721528389307618
extra_trees,cat__district_Gündoğdu Mh.,0.00010659886911096374
extra_trees,cat__heating_Yok,0.00010567841429593388
extra_trees,cat__basiskele_geo_cluster_x_m2_group_Başiskele_3||126-150,0.00010554992580922941
extra_trees,num__attr_county_old_building_discount,0.0001046260090449742
extra_trees,cat__detail_manzara_Havuz,0.00010453840043070458
extra_trees,cat__district_Hacıhızır Mh.,0.00010380616125999672
extra_trees,cat__geo_cluster_city_missing,0.00010371321936085743
extra_trees,cat__duplex_x_district_duplex__Fatih Sultan Mehmet Mh.,0.00010233707267190156
extra_trees,cat__district_Fatih Mah.,0.00010162376552288601
extra_trees,cat__site_tier_x_district_unknown__akpinar mh.,0.00010159367715191715
extra_trees,num__coast_distance_bucket_code,0.00010119577196063196
extra_trees,cat__site_tier_x_district_unknown__sirintepe mh.,9.989284674475577e-05
extra_trees,cat__duplex_x_site_quality_tier_duplex__mid,9.961661469126111e-05
extra_trees,cat__site_id_bucket_x_district_b0__topcular mh.,9.93465994203002e-05
extra_trees,cat__geo_cluster_city_city_4,9.908459256697403e-05
extra_trees,cat__duplex_x_site_project_duplex__basiskele::zeray_korupark,9.890710202141933e-05
extra_trees,cat__geo_cluster_county_Gölcük_0,9.851231948878716e-05
extra_trees,cat__duplex_x_site_project_duplex__basiskele::other,9.795087081545831e-05
extra_trees,num__county_demo_young_ratio_mean,9.661737822130799e-05
extra_trees,cat__duplex_x_district_duplex__Çayırköy Mh.,9.595886760729211e-05
extra_trees,cat__site_tier_x_district_unknown__yesilyurt mh.,9.547791009554841e-05
extra_trees,cat__site_tier_x_district_unknown__topcular mh.,9.534019063817815e-05
extra_trees,cat__site_tier_x_district_unknown__hacihizir mh.,9.34677365932304e-05
extra_trees,cat__site_tier_x_district_unknown__turgut mah.,9.304337069456762e-05
extra_trees,cat__site_id_bucket_x_district_b0__turgut mah.,9.222840833631547e-05
extra_trees,cat__demo_dominant_age_group_50-54,9.138590231454946e-05
extra_trees,cat__duplex_x_district_duplex__Şirintepe Mh.,9.112173962485448e-05
extra_trees,cat__basiskele_geo_cluster_x_m2_group_Başiskele_4||151-200,9.044855436999517e-05
extra_trees,cat__geo_cluster_x_room_count_city_4||1+1,8.980052128538775e-05
extra_trees,cat__basiskele_geo_cluster_x_m2_group_Başiskele_3||151-200,8.923488179038735e-05
extra_trees,cat__district_Kocatepe Mah.,8.712622965128766e-05
extra_trees,cat__site_tier_x_county_unknown__kartepe,8.546896919958722e-05
extra_trees,cat__basiskele_geo_cluster_other,8.471562448582974e-05
extra_trees,cat__geo_cluster_x_room_count_city_5||1+1,8.461125366789339e-05
extra_trees,cat__site_id_bucket_x_district_b0__yesilyurt mh.,8.372058118826915e-05
extra_trees,cat__site_id_bucket_x_district_b0__fatih mah.,8.312348539798004e-05
extra_trees,num__living_rooms,8.270237765331111e-05
extra_trees,cat__site_tier_x_county_mid__basiskele,8.224207066767171e-05
extra_trees,cat__site_id_bucket_x_district_b0__pasadag mh.,8.129347697057104e-05
extra_trees,cat__site_project_id_basiskele::yuvana_evleri,8.105394325945673e-05
extra_trees,cat__geo_cluster_x_room_count_city_10||4+1,8.097829366560455e-05
extra_trees,cat__geo_cluster_x_room_count_city_3||1+1,8.087303427836682e-05
extra_trees,cat__district_Şirintepe Mh.,8.076632833389452e-05
extra_trees,num__county_demo_single_ratio_mean,7.983839391449228e-05
extra_trees,cat__geo_cluster_x_room_count_city_9||3+1,7.890288439014034e-05
extra_trees,num__site_tier_x_coast_inv,7.889210161981066e-05
extra_trees,num__site_project_oof_count,7.793094115601833e-05
extra_trees,cat__site_project_id_county_scoped_basiskele::zeray_korupark,7.735722825824061e-05
extra_trees,cat__district_Paşadağ Mh.,7.671510775726733e-05
extra_trees,cat__detail_manzara_Havuz|Park & Yeşil Alan,7.66991825818751e-05
extra_trees,cat__site_quality_tier_mid,7.646448074615464e-05
extra_trees,cat__site_id_bucket_x_district_b0__akpinar mh.,7.631688726055122e-05
extra_trees,cat__geo_cluster_county_Gölcük_2,7.537587047736649e-05
extra_trees,cat__county_Kartepe,7.472595132483334e-05
extra_trees,cat__site_tier_x_county_premium__basiskele,7.465320174731513e-05
extra_trees,cat__district_Dumlupınar Mh.,7.46146921580369e-05
extra_trees,cat__district_Merkez Mah.,7.402782374138546e-05
extra_trees,cat__detail_konut_tipi_Dubleks|En Üst Kat|Çatı Dubleksi,7.227730876033669e-05
extra_trees,cat__district_Yeşilyurt Mh.,7.199004679707356e-05
extra_trees,cat__district_Akpınar Mh.,7.137054821800894e-05
extra_trees,cat__site_id_bucket_x_district_b0__hacihizir mh.,7.085718211033823e-05
extra_trees,cat__duplex_x_site_project_duplex__golcuk::other,7.081205545284399e-05
extra_trees,cat__geo_cluster_city_city_2,7.067165469281171e-05
extra_trees,cat__district_Akçakoca Mh.,7.02322522370756e-05
extra_trees,cat__site_id_bucket_x_district_b0__sirintepe mh.,6.990790808303996e-05
extra_trees,cat__site_id_bucket_x_district_b0__serdar mah.,6.943847859628289e-05
extra_trees,cat__site_project_x_county_basiskele::yuvana_evleri__basiskele,6.93023397839532e-05
extra_trees,cat__site_tier_x_district_unknown__merkez mah.,6.924623865516663e-05
extra_trees,cat__site_tier_x_district_mid__pasadag mh.,6.88138559841154e-05
extra_trees,cat__district_Tepeköy Mh.,6.714314162321228e-05
extra_trees,cat__site_tier_x_district_unknown__4 temmuz mah.,6.52066892280276e-05
extra_trees,cat__district_4 Temmuz Mah.,6.453229712156246e-05
extra_trees,cat__site_id_bucket_x_district_b0__kocatepe mah.,6.335089360435552e-05
extra_trees,cat__room_count_5+1,6.323667150759049e-05
extra_trees,cat__site_tier_x_district_unknown__kocatepe mah.,6.252180112769513e-05
extra_trees,cat__site_tier_x_district_unknown__dumlupinar mh.,6.219559089255465e-05
extra_trees,num__site_is_mid_tier,6.211476886820433e-05
extra_trees,cat__site_id_bucket_x_district_b0__rahmiye mah.,6.087631705423665e-05
extra_trees,cat__basiskele_geo_cluster_x_m2_group_Başiskele_3||76-100,6.0078007091909406e-05
extra_trees,cat__large_home_x_site_project_id_bucket_lh__n3_9,5.9834293225675684e-05
extra_trees,cat__duplex_x_district_duplex__Alikahya Fatih Mah.,5.982455957671079e-05
extra_trees,cat__large_home_bucket_280p,5.976528134973724e-05
extra_trees,cat__site_id_bucket_x_district_b0__kayacik mh.,5.9574297997346074e-05
extra_trees,cat__site_id_bucket_x_district_b0__altinkent mh.,5.9406230470576366e-05
extra_trees,cat__basiskele_geo_cluster_x_m2_group_Başiskele_0||101-125,5.888755824885901e-05
extra_trees,cat__district_Yüzbaşılar Mh.,5.875433040519056e-05
extra_trees,cat__geo_cluster_x_room_count_city_9||2+1,5.853211301820688e-05
extra_trees,cat__duplex_match_source_conflict_detail_wins,5.8276869463152736e-05
extra_trees,cat__duplex_x_district_duplex__Yeni Mah.,5.82433945277515e-05
extra_trees,cat__district_Değirmendere Merkez Mh.,5.81394911241736e-05
extra_trees,cat__site_id_bucket_x_district_b0__dumlupinar mh.,5.804504436994408e-05
extra_trees,cat__basiskele_geo_cluster_x_m2_group_other,5.785517428604285e-05
extra_trees,cat__detail_manzara_Deniz|Doğa|Havuz|Park & Yeşil Alan|Şehir,5.665819761618769e-05
extra_trees,cat__site_id_bucket_x_district_b0__kozluk mah.,5.6100551903268355e-05
extra_trees,cat__county_Başiskele,5.596565415579285e-05
extra_trees,cat__site_tier_x_district_unknown__yuzbasilar mh.,5.579564231470023e-05
extra_trees,cat__duplex_x_district_duplex__Topçular Mh.,5.295980434139392e-05
extra_trees,cat__geo_cluster_x_room_count_city_2||4+1,5.287358865814175e-05
extra_trees,cat__site_tier_x_district_unknown__tepekoy mh.,5.277102875564381e-05
extra_trees,num__duplex_source_conflict,5.268150208886461e-05
extra_trees,cat__site_id_bucket_x_district_b0__merkez mah.,5.267524452015728e-05
extra_trees,cat__district_M. Alipaşa Mh.,5.2542414660145114e-05
extra_trees,cat__district_Rahmiye Mah.,5.23271280331027e-05
extra_trees,cat__site_tier_x_district_unknown__serdar mah.,5.222076473065438e-05
extra_trees,cat__duplex_x_site_project_duplex__basiskele::yuvana_evleri,5.2036115922025784e-05
extra_trees,num__site_project_oof_confidence,5.1457160975904324e-05
extra_trees,cat__basiskele_geo_cluster_Başiskele_1,5.1218373916216054e-05
extra_trees,cat__site_project_id_county_scoped_basiskele::yuvana_evleri,5.0789526790193645e-05
extra_trees,cat__duplex_x_district_duplex__Orhan Mah.,4.99427286546244e-05
extra_trees,cat__site_id_bucket_x_district_b0__degirmendere merkez mh.,4.984862689002466e-05
extra_trees,num__site_is_premium_tier,4.979926519948062e-05
extra_trees,cat__duplex_x_district_duplex__Barbaros Mah.,4.935092606727461e-05
extra_trees,cat__basiskele_geo_cluster_x_m2_group_other||126-150,4.926212759573604e-05
extra_trees,cat__geo_cluster_x_room_count_city_9||1+1,4.8691977774708034e-05
extra_trees,cat__site_tier_x_district_unknown__rahmiye mah.,4.811136347864067e-05
extra_trees,cat__site_id_bucket_x_district_b0__tepekoy mh.,4.8073006844852395e-05
extra_trees,cat__district_Yahyakaptan Mah.,4.7670279007502014e-05
extra_trees,num__known_premium_x_county_code,4.76397940855509e-05
extra_trees,cat__site_tier_x_district_unknown__kozluk mah.,4.6798122819033645e-05
extra_trees,cat__site_id_bucket_x_district_b0__barbaros mah.,4.60981933456408e-05
extra_trees,cat__site_id_bucket_x_district_b0__akcakoca mh.,4.6021101215417536e-05
extra_trees,cat__duplex_x_district_duplex__Yeşilyurt Mh.,4.583239648066178e-05
extra_trees,cat__geo_cluster_x_room_count_city_1||4+1,4.468210859255928e-05
extra_trees,cat__site_tier_x_district_unknown__kayacik mh.,4.4585041508140445e-05
extra_trees,cat__site_project_id_county_scoped_basiskele::bahcekent_konutlari,4.443702724622988e-05
extra_trees,cat__duplex_x_district_duplex__Paşadağ Mh.,4.40146761360557e-05
extra_trees,num__site_project_known_premium_flag,4.388779305327538e-05
extra_trees,cat__detail_konut_tipi_En Üst Kat|Çatı Dubleksi,4.3730268825595034e-05
extra_trees,cat__site_tier_x_district_unknown__m. alipasa mh.,4.364295818831751e-05
extra_trees,cat__site_id_bucket_x_district_b0__fatih sultan mehmet mh.,4.341042768857909e-05
extra_trees,cat__site_tier_x_district_unknown__fatih sultan mehmet mh.,4.3212989280011804e-05
extra_trees,cat__site_tier_x_district_unknown__ertugrul gazi mh.,4.315822044155692e-05
extra_trees,cat__site_tier_x_district_unknown__mahmutpasa mh.,4.314322620080778e-05
extra_trees,cat__district_Altınkent Mh.,4.2741513988850426e-05
extra_trees,num__basiskele_large_home_premium_bucket_median,4.254777896563624e-05
extra_trees,cat__site_id_bucket_x_district_b0__cedit mah.,4.181277678737196e-05
extra_trees,cat__district_Barbaros Mah.,4.14614521066728e-05
extra_trees,cat__site_tier_x_district_unknown__cedit mah.,4.144588210596873e-05
extra_trees,cat__site_id_bucket_x_district_b0__ertugrul gazi mh.,4.1180051745228994e-05
extra_trees,cat__basiskele_geo_cluster_x_m2_group_other||151-200,4.110440127179837e-05
extra_trees,cat__site_tier_x_district_unknown__28 haziran mah.,4.061447442239885e-05
extra_trees,cat__district_Fatih Sultan Mehmet Mh.,4.045168938858417e-05
extra_trees,cat__basiskele_geo_cluster_x_m2_group_Başiskele_4||200+,4.015477707367666e-05
extra_trees,cat__geo_cluster_county_Başiskele_1,3.988926035276968e-05
extra_trees,cat__site_id_bucket_x_district_b0__omeraga mh.,3.9732566341993164e-05
extra_trees,cat__site_id_bucket_x_district_b0__m. alipasa mh.,3.969798591359923e-05
extra_trees,cat__room_count_Stüdyo (1+0),3.961040420719058e-05
extra_trees,cat__site_project_x_county_basiskele::bahcekent_konutlari__basiskele,3.9019482924809036e-05
extra_trees,cat__basiskele_geo_cluster_x_m2_group_Başiskele_0||126-150,3.881067792550329e-05
extra_trees,cat__site_tier_x_district_unknown__alikahya cumhuriyet mah.,3.817093006373076e-05
extra_trees,cat__site_tier_x_district_premium__yesilyurt mh.,3.817020279351161e-05
extra_trees,cat__site_project_id_basiskele::zeray_perla,3.8051561359399136e-05
extra_trees,cat__basiskele_geo_cluster_x_m2_group_Başiskele_5||101-125,3.796737175620317e-05
extra_trees,cat__duplex_x_district_duplex__Turgut Mah.,3.7746412426591774e-05
extra_trees,cat__site_id_bucket_x_district_b0__yenisehir mh.,3.762814180956384e-05
extra_trees,cat__district_Serdar Mah.,3.7476101903849954e-05
extra_trees,cat__site_quality_tier_premium,3.7238415571364516e-05
extra_trees,cat__duplex_x_district_duplex__Çiftlik Mh.,3.6993575158586654e-05
extra_trees,cat__district_Ertuğrul Gazi Mh.,3.664505455758319e-05
extra_trees,cat__site_tier_x_district_unknown__sehitler mh.,3.6109676548514723e-05
extra_trees,cat__basiskele_geo_cluster_x_m2_group_Başiskele_5||76-100,3.604808350898461e-05
extra_trees,cat__duplex_x_district_duplex__Rahmiye Mah.,3.5770460277089925e-05
extra_trees,cat__site_tier_x_district_unknown__yenisehir mh.,3.572353836157053e-05
extra_trees,cat__site_tier_x_district_unknown__omeraga mh.,3.5664587764315804e-05
extra_trees,num__has_site_x_site_inside,3.52778730816624e-05
extra_trees,num__site_tier_code,3.498007916779435e-05
extra_trees,cat__site_tier_x_district_unknown__barbaros mah.,3.4964395978891596e-05
extra_trees,cat__duplex_x_district_duplex__Karadenizliler Mah.,3.476612089693926e-05
extra_trees,cat__detail_konut_tipi_Dubleks|Ters Dubleks,3.456821956098572e-05
extra_trees,cat__duplex_x_district_duplex__Fatih Mah.,3.426395907050608e-05
extra_trees,cat__district_28 Haziran Mah.,3.414919111640049e-05
extra_trees,cat__basiskele_geo_cluster_x_m2_group_Başiskele_4||76-100,3.41086394026651e-05
extra_trees,cat__site_project_x_county_basiskele::zeray_perla__basiskele,3.3875505738343365e-05
extra_trees,cat__district_Şehitler Mh.,3.368128195741026e-05
extra_trees,cat__district_Karadenizliler Mah.,3.365509644889242e-05
extra_trees,cat__site_tier_x_district_unknown__yazlik yeni mh.,3.351126017159664e-05
extra_trees,cat__site_id_bucket_x_district_b0__atakent mah.,3.338865073153856e-05
extra_trees,cat__duplex_x_district_duplex__Merkez Mah.,3.33438209578068e-05
extra_trees,cat__district_Kozluk Mah.,3.325632885653089e-05
extra_trees,cat__site_tier_x_district_unknown__erenler mah.,3.2853699140308444e-05
extra_trees,cat__district_Kayacık Mh.,3.270263750954113e-05
extra_trees,cat__site_project_id_county_scoped_basiskele::zeray_perla,3.2416300298467844e-05
extra_trees,cat__site_id_bucket_x_district_b0__cukurbag mh.,3.17811751165946e-05
extra_trees,cat__duplex_x_district_duplex__Yenişehir Mh.,3.17035245970408e-05
extra_trees,cat__site_tier_x_district_unknown__akcakoca mh.,3.1625422137242096e-05
extra_trees,num__has_site_project_id,3.137185335928911e-05
extra_trees,cat__duplex_x_district_duplex__Serdar Mah.,3.131080283964906e-05
extra_trees,cat__basiskele_geo_cluster_x_m2_group_Başiskele_1||126-150,3.102804816828589e-05
extra_trees,cat__site_tier_x_district_unknown__yahyakaptan mah.,3.0882536179613234e-05
extra_trees,cat__detail_manzara_Doğa|Havuz|Park & Yeşil Alan|Şehir,3.071330107277527e-05
extra_trees,cat__site_tier_x_county_unknown__karamursel,3.068128435056783e-05
extra_trees,cat__site_tier_x_district_unknown__altinkent mh.,3.0445398990986396e-05
extra_trees,cat__geo_cluster_x_room_count_missing||4+1,2.9928772482183707e-05
extra_trees,cat__site_project_id_basiskele::zeray_gunesi,2.9717743999893703e-05
extra_trees,cat__duplex_x_district_duplex__Ertuğrul Gazi Mh.,2.9479080862144255e-05
extra_trees,cat__site_project_id_county_scoped_basiskele::zeray_gunesi,2.935964410840479e-05
extra_trees,cat__basiskele_geo_cluster_x_m2_group_Başiskele_0||0-75,2.9234524510077595e-05
extra_trees,cat__district_Yenişehir Mh.,2.8865837623968977e-05
extra_trees,cat__district_Halıdere Yalı Mh.,2.8554527165912084e-05
extra_trees,cat__site_id_bucket_x_district_b0__yuzbasilar mh.,2.8517717803008436e-05
extra_trees,cat__large_home_x_site_project_id_bucket_lh__n10_29,2.8321941849751702e-05
extra_trees,cat__district_Sarımeşe Mh.,2.7967987793579925e-05
extra_trees,cat__district_Orhan Mah.,2.7948464871120518e-05
extra_trees,cat__site_tier_x_district_unknown__halidere yali mh.,2.7805760680486085e-05
extra_trees,cat__district_Karabaş Mh.,2.7595729776813364e-05
extra_trees,cat__site_id_bucket_x_district_b0__yazlik yeni mh.,2.7478901320865765e-05
extra_trees,cat__site_id_bucket_x_district_b0__orhan mah.,2.7276238608495027e-05
extra_trees,cat__district_Atatürk Mh.,2.6958218757541268e-05
extra_trees,cat__site_project_id_basiskele::bahcekent_konutlari,2.678704908093776e-05
extra_trees,cat__site_id_bucket_x_district_b0__28 haziran mah.,2.6638966125611903e-05
extra_trees,cat__site_tier_x_district_unknown__atakent mah.,2.6608423195394977e-05
extra_trees,cat__site_tier_x_district_unknown__ciftlik mh.,2.6431222225528406e-05
extra_trees,cat__detail_manzara_Göl|Park & Yeşil Alan|Şehir,2.630438993946123e-05
extra_trees,cat__site_tier_x_district_unknown__cukurbag mh.,2.601176508024055e-05
extra_trees,num__site_tier_x_large_home,2.572411896139584e-05
extra_trees,cat__site_tier_x_district_unknown__karabas mh.,2.5560816339912148e-05
extra_trees,cat__site_id_bucket_x_district_b0__ataturk mh.,2.5189811046441177e-05
extra_trees,cat__duplex_x_district_duplex__İhsaniye Merkez Mh.,2.498084502839527e-05
extra_trees,cat__duplex_x_district_duplex__Emekevler Mh.,2.481238519108827e-05
extra_trees,cat__district_Çukurbağ Mh.,2.4767001914809144e-05
extra_trees,cat__site_project_x_county_basiskele::zeray_gunesi__basiskele,2.4043615425016022e-05
extra_trees,cat__district_Yenidoğan Mh.,2.4033572741277106e-05
extra_trees,cat__district_Yazlık Yeni Mh.,2.3811217953021065e-05
extra_trees,cat__site_id_bucket_x_district_b0__ciftlik mh.,2.37811478609437e-05
extra_trees,cat__site_tier_x_district_unknown__eregli mh.,2.3633408064529977e-05
extra_trees,cat__site_id_bucket_x_district_b0__sehitler mh.,2.357265234978764e-05
extra_trees,cat__district_Erenler Mah.,2.340976204157185e-05
extra_trees,cat__duplex_x_district_duplex__M. Alipaşa Mh.,2.3353828234183434e-05
extra_trees,cat__district_Cedit Mah.,2.3243607126482268e-05
extra_trees,cat__detail_konut_tipi_Ara Kat|Çatı Dubleksi,2.310333019410884e-05
extra_trees,cat__district_Çiftlik Mh.,2.3076957131568393e-05
extra_trees,cat__district_Emekevler Mh.,2.294627121998872e-05
extra_trees,cat__site_tier_x_district_unknown__cepni mh.,2.275559599281163e-05
extra_trees,cat__site_tier_x_district_unknown__sirinkoy mh.,2.2661794590786616e-05
extra_trees,cat__site_id_bucket_x_district_b0__karadenizliler mah.,2.2581187605897122e-05
extra_trees,cat__district_Çepni Mh.,2.2370382848925428e-05
extra_trees,cat__duplex_x_district_duplex__Piyalepaşa Mh.,2.219324281067463e-05
extra_trees,cat__basiskele_geo_cluster_x_m2_group_Başiskele_0||200+,2.2046829496457703e-05
extra_trees,cat__site_id_bucket_x_district_b0__hacihasan mh.,2.19935219205716e-05
extra_trees,cat__site_tier_x_district_unknown__karadenizliler mah.,2.144717890469183e-05
extra_trees,cat__district_Karaköprü Mh.,2.13851667122223e-05
extra_trees,cat__site_tier_x_district_unknown__degirmendere merkez mh.,2.1361937576693357e-05
extra_trees,cat__basiskele_geo_cluster_x_m2_group_Başiskele_3||0-75,2.108445738000559e-05
extra_trees,cat__geo_cluster_city_city_11,2.1058833771729424e-05
extra_trees,cat__district_Atakent Mah.,2.0439186936970852e-05
extra_trees,cat__site_id_bucket_x_district_b0__erenler mah.,2.033244752686781e-05
extra_trees,cat__duplex_x_district_duplex__Donanma Mah.,1.9892928826919344e-05
extra_trees,cat__site_tier_x_district_unknown__sarimese mh.,1.9759182225267907e-05
extra_trees,cat__site_id_bucket_x_district_b0__sarimese mh.,1.9624305578115733e-05
extra_trees,cat__heating_Klima,1.953631583371392e-05
extra_trees,cat__site_quality_tier_unknown,1.953292091251592e-05
extra_trees,cat__site_id_bucket_x_district_b0__yaylacik mh.,1.945721200995398e-05
extra_trees,cat__site_id_bucket_x_district_b0__yesilova mh.,1.942684111578851e-05
extra_trees,cat__district_Veliahmet Mah.,1.9306956191362012e-05
extra_trees,cat__site_id_bucket_x_district_b0__ihsaniye merkez mh.,1.9085663771375183e-05
extra_trees,cat__duplex_x_district_duplex__Altınkent Mh.,1.9052209983906466e-05
extra_trees,cat__middle_floor_duplex_x_floor_segment_nonmid,1.904667588858365e-05
extra_trees,cat__site_tier_x_district_unknown__ataturk mh.,1.885350042734407e-05
extra_trees,cat__district_Yazlık Merkez Mh.,1.8745188250696082e-05
extra_trees,cat__site_id_bucket_x_district_b0__yazlik merkez mh.,1.8580178661944903e-05
extra_trees,cat__basiskele_geo_cluster_x_m2_group_Başiskele_3||200+,1.8572615520445476e-05
extra_trees,cat__site_id_bucket_x_district_b0__ulasli yavuz sultan selim mh.,1.8546620184180834e-05
extra_trees,cat__duplex_x_district_duplex__Alikahya Atatürk Mh.,1.8542938107349458e-05
extra_trees,cat__district_Şirinköy Mh.,1.8083674264599482e-05
extra_trees,cat__district_Hacıhasan Mh.,1.79565388174163e-05
extra_trees,cat__site_id_bucket_x_district_b0__cepni mh.,1.7905817689590702e-05
extra_trees,cat__site_id_bucket_x_district_b0__karabas mh.,1.7558279837888417e-05
extra_trees,cat__site_tier_x_district_unknown__emekevler mh.,1.738600995746209e-05
extra_trees,cat__room_count_3.5+1,1.7217452670185954e-05
extra_trees,cat__district_Ömerağa Mh.,1.6995789400272982e-05
extra_trees,cat__detail_konut_tipi_Dubleks|En Üst Kat|Ara Kat|Ara Kat Dubleks|Bahçe Dubleksi|Çatı Dubleksi|Forleks|Ters Dubleks|Tripleks,1.6944319139987907e-05
extra_trees,cat__county_Karamürsel,1.6780763309032103e-05
extra_trees,cat__site_id_bucket_x_district_b0__halidere yali mh.,1.6701598916903164e-05
extra_trees,cat__site_tier_x_district_premium__fatih mah.,1.651978303475903e-05
extra_trees,cat__site_tier_x_district_unknown__ihsaniye merkez mh.,1.640814998996349e-05
extra_trees,cat__site_id_bucket_x_district_b0__mahmutpasa mh.,1.5990891343665172e-05
extra_trees,cat__district_Ereğli Mh.,1.5904202172290223e-05
extra_trees,cat__geo_cluster_county_Karamürsel_2,1.585758052158127e-05
extra_trees,cat__site_tier_x_district_unknown__yazlik merkez mh.,1.5727466483042302e-05
extra_trees,cat__duplex_x_district_duplex__Atakent Mah.,1.5499857046899584e-05
extra_trees,cat__elevator_missing,1.5203588338336169e-05
extra_trees,cat__district_Seymen Mah.,1.502891313718494e-05
extra_trees,cat__site_tier_x_district_unknown__karakopru mh.,1.4908074140991097e-05
extra_trees,cat__geo_cluster_x_room_count_city_9||4+1,1.477197184576381e-05
extra_trees,cat__room_count_4+2,1.4649358306595297e-05
extra_trees,cat__duplex_x_district_duplex__Kavaklı Mh.,1.4559523571733266e-05
extra_trees,cat__duplex_x_site_project_duplex__karamursel::other,1.4526996283949021e-05
extra_trees,cat__site_tier_x_district_unknown__dogan mh.,1.4299451874016056e-05
extra_trees,cat__site_id_bucket_x_district_b0__yukari mh.,1.4248614063133971e-05
extra_trees,cat__duplex_x_district_duplex__Dumlupınar Mh.,1.408873699858477e-05
extra_trees,cat__site_id_bucket_x_district_b0__karakopru mh.,1.4010113384542608e-05
extra_trees,cat__district_Tepecik Mah.,1.3794109364937623e-05
extra_trees,cat__site_id_bucket_x_district_b0__seymen mah.,1.3611096459790644e-05
extra_trees,cat__site_id_bucket_x_district_b0__kurucesme fatih mh.,1.3559077646366733e-05
extra_trees,cat__duplex_x_district_duplex__Sarımeşe Mh.,1.3548459668502709e-05
extra_trees,cat__district_Ulaşlı Yavuz Sultan Selim Mh.,1.327234595557613e-05
extra_trees,cat__site_tier_x_district_unknown__yukari mh.,1.31888840215726e-05
extra_trees,cat__district_Yeşilova Mh.,1.3090282731404717e-05
extra_trees,cat__district_Mahmutpaşa Mh.,1.308355303194151e-05
extra_trees,cat__site_tier_x_district_unknown__yesilova mh.,1.2844774572600813e-05
extra_trees,cat__site_id_bucket_x_district_b0__sirinkoy mh.,1.2785545923416113e-05
extra_trees,cat__parking_missing,1.2502105673422945e-05
extra_trees,cat__district_Yukarı Mh.,1.2445745190019472e-05
extra_trees,cat__duplex_x_district_duplex__Seymen Mah.,1.24382939140336e-05
extra_trees,cat__site_id_bucket_x_district_b0__veliahmet mah.,1.2100134809415326e-05
extra_trees,cat__district_Alikahya Cumhuriyet Mah.,1.2087545069730926e-05
extra_trees,cat__middle_floor_duplex_x_floor_segment_mid__Ara Kat,1.2085981663849725e-05
extra_trees,cat__district_Gültepe Mh.,1.2075310512482111e-05
extra_trees,cat__site_tier_x_district_unknown__tepecik mah.,1.19904384167573e-05
extra_trees,cat__detail_manzara_Doğa|Göl|Park & Yeşil Alan|Şehir,1.1965888786761412e-05
extra_trees,cat__site_id_bucket_x_district_b0__alikahya cumhuriyet mah.,1.1944750405136107e-05
extra_trees,cat__district_Kullar Yakacık Mh.,1.1829336390309376e-05
extra_trees,cat__site_tier_x_district_unknown__kurucesme fatih mh.,1.1635952037305175e-05
extra_trees,cat__site_id_bucket_x_district_b0__dogan mh.,1.1605493489983137e-05
extra_trees,cat__site_tier_x_district_unknown__orhan mah.,1.1533756751903145e-05
extra_trees,cat__detail_manzara_Doğa|Göl|Park & Yeşil Alan,1.1485043110706598e-05
extra_trees,cat__geo_cluster_x_room_count_city_1||1+1,1.1398266199673329e-05
extra_trees,cat__district_Kuruçeşme Fatih Mh.,1.1357430443747975e-05
extra_trees,cat__district_Yeniköy Merkez Mh.,1.1274428524880507e-05
extra_trees,cat__duplex_x_district_duplex__Cedit Mah.,1.1165571091197279e-05
extra_trees,cat__geo_cluster_x_room_count_city_1||4.5+1,1.106953001444917e-05
extra_trees,cat__site_tier_x_district_unknown__zabitan mh.,1.1041059333701577e-05
extra_trees,cat__site_id_bucket_x_district_b0__yenidogan mh.,1.0838678905649223e-05
extra_trees,cat__room_count_4.5+1,1.0626148302425265e-05
extra_trees,cat__site_tier_x_district_unknown__seymen mah.,1.0571766163314796e-05
extra_trees,cat__geo_cluster_x_room_count_city_0||1+1,1.0549064154135607e-05
extra_trees,cat__duplex_x_district_duplex__Halıdere Yalı Mh.,1.0474880908344855e-05
extra_trees,cat__district_Aydınkent Mh.,1.0277476674753195e-05
extra_trees,cat__duplex_x_site_project_duplex__basiskele::zeray_gunesi,1.0262312320315973e-05
extra_trees,cat__site_id_bucket_x_district_b0__hatipkoy mh.,1.0218863858183614e-05
extra_trees,cat__room_count_1.5+1,1.019238104107536e-05
extra_trees,cat__site_id_bucket_x_district_b0__aydinkent mh.,1.0190698730405582e-05
extra_trees,cat__district_Doğan Mh.,1.0177658071433185e-05
extra_trees,cat__site_tier_x_district_unknown__yaylacik mh.,1.0151412077165857e-05
extra_trees,cat__duplex_x_district_duplex__Aydınkent Mh.,1.0053991761380885e-05
extra_trees,cat__site_id_bucket_x_district_b0__gultepe mh.,1.0009130619398768e-05
extra_trees,num__duplex_x_site_project_known_premium,9.854694353494616e-06
extra_trees,cat__site_id_bucket_x_district_b0__eregli mh.,9.834616733139148e-06
extra_trees,cat__geo_cluster_x_room_count_city_2||4+2,9.779522068209598e-06
extra_trees,cat__site_project_id_basiskele::ritim_vadi_evleri,9.751562284849006e-06
extra_trees,cat__basiskele_geo_cluster_x_m2_group_Başiskele_1||101-125,9.351685435171104e-06
extra_trees,cat__site_id_bucket_x_district_b0__yenikoy merkez mh.,9.216810143523353e-06
extra_trees,cat__geo_cluster_x_room_count_city_4||1.5+1,9.037022007942776e-06
extra_trees,cat__duplex_x_district_duplex__Akpınar Mh.,8.946464416510559e-06
extra_trees,cat__duplex_x_district_duplex__Tepeköy Mh.,8.905995997922775e-06
extra_trees,cat__site_tier_x_district_unknown__kullar yakacik mh.,8.897148541512515e-06
extra_trees,cat__district_Kabaoğlu Mh.,8.895436165990795e-06
extra_trees,cat__site_tier_x_district_unknown__veliahmet mah.,8.88340776417356e-06
extra_trees,cat__basiskele_geo_cluster_x_m2_group_Başiskele_1||151-200,8.875707957454156e-06
extra_trees,cat__site_id_bucket_x_district_b0__ipek yolu mh.,8.851478687447769e-06
extra_trees,cat__detail_konut_tipi_Tripleks,8.828305586745205e-06
extra_trees,num__is_middle_floor_duplex,8.708209475467673e-06
extra_trees,cat__duplex_x_district_duplex__Atatürk Mh.,8.70104816964342e-06
extra_trees,cat__duplex_x_district_duplex__Karaköprü Mh.,8.662245232393382e-06
extra_trees,cat__furnished_missing,8.611490754593807e-06
extra_trees,cat__site_tier_x_district_unknown__ulasli yavuz sultan selim mh.,8.599796897214009e-06
extra_trees,cat__duplex_x_district_duplex__Değirmendere Yalı Mh.,8.529495154845639e-06
extra_trees,cat__duplex_x_district_duplex__Döngel Mh.,8.513029761485155e-06
extra_trees,cat__district_Derbent Mh.,8.321620428749072e-06
extra_trees,cat__site_tier_x_district_unknown__uzunciftlik mh.,8.291803440833155e-06
extra_trees,cat__duplex_x_site_project_duplex__basiskele::zeray_perla,8.29095969275873e-06
extra_trees,cat__duplex_x_site_quality_tier_duplex__premium,8.219716012096409e-06
extra_trees,cat__real_estate_type_Satılık Daire,8.186217562245925e-06
extra_trees,cat__site_tier_x_district_unknown__hatipkoy mh.,8.129536019845735e-06
extra_trees,cat__district_Uzunçiftlik Mh.,8.127015645958042e-06
extra_trees,cat__basiskele_geo_cluster_x_m2_group_Başiskele_1||76-100,7.894176609970058e-06
extra_trees,cat__site_inside_missing,7.857802421508943e-06
extra_trees,cat__site_tier_x_district_unknown__derekoy mh.,7.783808832313094e-06
extra_trees,cat__duplex_x_district_duplex__Karabaş Mh.,7.743731507937095e-06
extra_trees,cat__site_id_bucket_x_district_b0__kullar yakacik mh.,7.695471136254393e-06
extra_trees,cat__site_tier_x_district_mid__yesilyurt mh.,7.638260608631826e-06
extra_trees,cat__site_id_bucket_x_district_b0__uzunciftlik mh.,7.5674518468668535e-06
extra_trees,cat__geo_cluster_x_room_count_city_7||3+2,7.552204352330694e-06
extra_trees,cat__site_id_bucket_x_district_b0__emekevler mh.,7.505088539221042e-06
extra_trees,cat__geo_cluster_x_room_count_city_11||3+1,7.398054506228586e-06
extra_trees,cat__district_Hisareyn Merkez Mah.,7.344879491411498e-06
extra_trees,cat__district_İhsaniye Merkez Mh.,7.291372132910845e-06
extra_trees,cat__duplex_x_district_duplex__Hisareyn Merkez Mah.,7.14490180529436e-06
extra_trees,cat__site_tier_x_district_unknown__hacihasan mh.,7.139023835886218e-06
extra_trees,cat__duplex_x_district_duplex__Kocatepe Mah.,7.102241616150219e-06
extra_trees,cat__duplex_x_district_duplex__Hatipköy Mh.,7.020063296422042e-06
extra_trees,cat__site_tier_x_district_unknown__yenidogan mh.,6.98756492239888e-06
extra_trees,cat__duplex_x_district_duplex__Şehitler Mh.,6.982955415602434e-06
extra_trees,cat__detail_manzara_Deniz|Havuz,6.981848597200738e-06
extra_trees,cat__site_id_bucket_x_district_b0__derbent mh.,6.9524496470111e-06
extra_trees,cat__heating_missing,6.903930122760921e-06
extra_trees,cat__duplex_x_district_duplex__Kayacık Mh.,6.894413470361429e-06
extra_trees,cat__demo_dominant_marital_status_Evli,6.810112762281228e-06
extra_trees,cat__site_id_bucket_x_district_b0__yunus emre mah.,6.801755915731365e-06
extra_trees,cat__geo_cluster_x_room_count_city_7||4+1,6.675618114282995e-06
extra_trees,cat__heating_Kat Kaloriferi,6.657994302391758e-06
extra_trees,cat__geo_cluster_x_room_count_city_11||2+1,6.6430069840781385e-06
extra_trees,cat__district_Hatipköy Mh.,6.578872414528733e-06
extra_trees,cat__duplex_x_district_duplex__Şirinköy Mh.,6.503787252092587e-06
extra_trees,cat__site_id_bucket_x_district_b0__kabaoglu mh.,6.499441008995895e-06
extra_trees,cat__site_id_bucket_x_district_b0__hisareyn merkez mah.,6.434718753047828e-06
extra_trees,cat__duplex_x_district_duplex__Yazlık Yeni Mh.,6.421661406898708e-06
extra_trees,cat__duplex_x_district_duplex__Kabaoğlu Mh.,6.345247809260683e-06
extra_trees,cat__duplex_type_middle_floor,6.304495883139282e-06
extra_trees,cat__site_tier_x_district_unknown__yunus emre mah.,6.292531788395052e-06
extra_trees,cat__district_Tavşantepe Mh.,6.16536394608148e-06
extra_trees,cat__district_Malta Mah.,6.137045835619319e-06
extra_trees,cat__site_project_id_county_scoped_basiskele::ustpark_afraze,5.995982765805186e-06
extra_trees,cat__district_Dereköy Mh.,5.675818442832536e-06
extra_trees,cat__geo_cluster_x_room_count_city_7||5+1,5.6590680567359885e-06
extra_trees,cat__building_age_group_missing,5.608634107633896e-06
extra_trees,cat__site_tier_x_district_unknown__arslanbey mh.,5.5997114880471095e-06
extra_trees,cat__usage_status_missing,5.599099193686643e-06
extra_trees,cat__site_id_bucket_x_district_b0__yahyakaptan mah.,5.513593222176976e-06
extra_trees,cat__district_Zabıtan Mh.,5.50236736332382e-06
extra_trees,cat__detail_konut_tipi_En Üst Kat|Ara Kat,5.466299223338097e-06
extra_trees,cat__site_project_id_county_scoped_basiskele::orka_life_2,5.449041851949752e-06
extra_trees,cat__basiskele_geo_cluster_x_m2_group_Başiskele_1||0-75,5.40823847694322e-06
extra_trees,cat__detail_konut_tipi_Dubleks|En Üst Kat,5.380141886195187e-06
extra_trees,cat__duplex_x_district_duplex__Örcün Mh.,5.353783890844739e-06
extra_trees,cat__site_id_bucket_x_district_b0__istasyon mh.,5.346484605131032e-06
extra_trees,cat__basiskele_geo_cluster_x_m2_group_Başiskele_4||0-75,5.3270993233902895e-06
extra_trees,cat__site_project_id_county_scoped_basiskele::ritim_vadi_evleri,5.3247505777746735e-06
extra_trees,cat__site_tier_x_district_unknown__malta mah.,5.292403205836302e-06
extra_trees,cat__room_count_3+2,5.2193906671624496e-06
extra_trees,cat__site_id_bucket_x_district_b0__ayazma mah.,5.184035294369445e-06
extra_trees,cat__site_project_id_basiskele::orka_life,5.161268004563969e-06
extra_trees,cat__duplex_x_district_duplex__Mahmutpaşa Mh.,5.128912521373962e-06
extra_trees,cat__site_project_x_county_basiskele::orka_life_2__basiskele,5.093679084569868e-06
extra_trees,cat__district_İpek Yolu Mh.,5.092492114702193e-06
extra_trees,cat__geo_cluster_x_room_count_city_5||Stüdyo (1+0),5.060682027260399e-06
extra_trees,cat__site_id_bucket_x_district_b0__duzagac mh.,4.967525661353699e-06
extra_trees,cat__geo_cluster_x_room_count_city_2||1+1,4.939027658864887e-06
extra_trees,cat__site_id_bucket_x_district_b0__tepecik mah.,4.855068321209002e-06
extra_trees,cat__detail_konut_tipi_Dubleks|En Üst Kat|Ara Kat|Çatı Dubleksi,4.7912893428853585e-06
extra_trees,cat__district_İstasyon Mh.,4.6996971169342886e-06
extra_trees,cat__duplex_x_district_duplex__Yukarı Mh.,4.675127143969742e-06
extra_trees,cat__detail_manzara_Doğa|Havuz,4.663030064056612e-06
extra_trees,cat__district_Yaylacık Mh.,4.63782580902927e-06
extra_trees,cat__district_Arslanbey Mh.,4.621003691336247e-06
extra_trees,cat__demo_dominant_education_İlkokul,4.550640197110983e-06
extra_trees,cat__site_id_bucket_x_district_b0__kemalpasa mh.,4.486574817422619e-06
extra_trees,cat__site_id_bucket_x_district_b0__masukiye mh.,4.472350789263056e-06
extra_trees,cat__demo_dominant_marital_status_Bekar,4.4118232090170055e-06
extra_trees,cat__district_Fevzi Çakmak Mh.,4.375375373367315e-06
extra_trees,cat__site_id_bucket_x_district_b0__tuysuzler mh.,4.351354942257377e-06
extra_trees,cat__site_project_x_county_basiskele::ritim_vadi_evleri__basiskele,4.3059707535566235e-06
extra_trees,cat__site_tier_x_district_unknown__tuysuzler mh.,4.279455966518406e-06
extra_trees,cat__duplex_x_district_duplex__Yeşilova Mh.,4.277279997876754e-06
extra_trees,cat__site_tier_x_district_unknown__istasyon mh.,4.262953246893681e-06
extra_trees,cat__detail_konut_tipi_Dubleks|Ara Kat|Ara Kat Dubleks,4.197197790753791e-06
extra_trees,cat__duplex_x_district_duplex__Yazlık Merkez Mh.,4.182864427491957e-06
extra_trees,cat__site_tier_x_district_unknown__gultepe mh.,4.170475785132435e-06
extra_trees,cat__site_tier_x_district_unknown__kabaoglu mh.,4.161840519605218e-06
extra_trees,cat__site_project_id_county_scoped_basiskele::orka_life,4.0493606316710396e-06
extra_trees,cat__detail_konut_tipi_Ara Kat Dubleks,3.969623791556513e-06
extra_trees,cat__site_tier_x_district_unknown__hisareyn merkez mah.,3.964793750750081e-06
extra_trees,cat__site_tier_x_district_unknown__aydinkent mh.,3.9055506761440885e-06
extra_trees,cat__geo_cluster_x_room_count_city_8||1+1,3.856287732878365e-06
extra_trees,cat__duplex_x_district_duplex__Tüysüzler Mh.,3.842290597470735e-06
extra_trees,cat__district_Yunus Emre Mah.,3.840510690732194e-06
extra_trees,cat__duplex_x_district_duplex__Alikahya Cumhuriyet Mah.,3.8379953392749415e-06
extra_trees,cat__site_tier_x_district_premium__mahmutpasa mh.,3.8118389119573436e-06
extra_trees,cat__site_project_x_county_basiskele::orka_life__basiskele,3.8108673459317805e-06
extra_trees,cat__room_count_5+2,3.6678297374411395e-06
extra_trees,cat__site_id_bucket_x_district_b0__kosekoy mh.,3.6609036810512435e-06
extra_trees,cat__detail_manzara_Doğa|Göl,3.620684379907601e-06
extra_trees,cat__duplex_x_district_duplex__Bekirdere Mah.,3.603132263518958e-06
extra_trees,cat__site_id_bucket_x_district_b0__sanayi mah.,3.555247987118715e-06
extra_trees,cat__rent_feature_level_county,3.490760612153993e-06
extra_trees,cat__site_id_bucket_x_district_b0__halidere yeni mh.,3.4489840016204574e-06
extra_trees,cat__site_project_id_basiskele::zeraykent_yuvacik,3.443039997085738e-06
extra_trees,cat__heating_Kombi (Elektrik),3.4203299846608124e-06
extra_trees,cat__detail_konut_tipi_Bahçe Dubleksi|Ters Dubleks,3.4147969203323285e-06
extra_trees,cat__duplex_x_site_project_duplex__basiskele::ritim_vadi_evleri,3.411081543518482e-06
extra_trees,cat__site_tier_x_district_unknown__atasehir mh.,3.2369532476562773e-06
extra_trees,cat__geo_cluster_x_room_count_city_3||5+1,3.1903043012332348e-06
extra_trees,cat__district_Halıdere Yeni Mh.,3.1776209545699713e-06
extra_trees,cat__site_project_id_basiskele::orka_life_2,3.114499091496808e-06
extra_trees,cat__duplex_x_district_duplex__Kozluk Mah.,3.0761683523381803e-06
extra_trees,cat__detail_konut_tipi_Dubleks|Ara Kat,3.033003253244378e-06
extra_trees,cat__site_id_bucket_x_district_b0__malta mah.,2.9803930869146562e-06
extra_trees,cat__duplex_x_district_duplex__Çepni Mh.,2.9528607752982973e-06
extra_trees,cat__real_estate_type_Satılık Rezidans,2.9230335504290694e-06
extra_trees,cat__site_id_bucket_x_district_b0__orcun mh.,2.9224819558018453e-06
extra_trees,cat__site_project_id_county_scoped_basiskele::royal_country,2.9125585940601053e-06
extra_trees,cat__site_project_x_county_basiskele::alizepark_city__basiskele,2.8913538004201708e-06
extra_trees,cat__site_tier_x_district_unknown__damlar mah.,2.845815076912358e-06
extra_trees,cat__duplex_x_district_duplex__İstasyon Mh.,2.790037782407406e-06
extra_trees,cat__duplex_x_district_duplex__Maşukiye Mh.,2.775661555443419e-06
extra_trees,cat__basiskele_geo_cluster_x_m2_group_Başiskele_5||0-75,2.729566062094537e-06
extra_trees,cat__real_estate_type_Satılık Müstakil Ev,2.6948970508298398e-06
extra_trees,cat__site_project_x_county_basiskele::ustpark_afraze__basiskele,2.694394444921161e-06
extra_trees,cat__site_project_id_basiskele::mamik_reform,2.584366125274676e-06
extra_trees,cat__duplex_x_district_duplex__Derbent Mh.,2.544147683238892e-06
extra_trees,cat__district_Örcün Mh.,2.4764149427458548e-06
extra_trees,cat__detail_manzara_Boğaz|Deniz,2.459565241217385e-06
extra_trees,cat__site_tier_x_district_unknown__ayazma mah.,2.4351038282864794e-06
extra_trees,cat__duplex_x_district_duplex__Ereğli Mh.,2.3549077241746876e-06
extra_trees,cat__duplex_x_district_duplex__Köseköy Mh.,2.3400291410504067e-06
extra_trees,cat__site_id_bucket_x_district_b0__fevzi cakmak mh.,2.3123005808879085e-06
extra_trees,cat__site_tier_x_district_unknown__sahil mah.,2.27021840817936e-06
extra_trees,cat__detail_manzara_Boğaz|Deniz|Doğa,2.2692756245034786e-06
extra_trees,cat__site_project_x_county_basiskele::evimiz_kocaeli__basiskele,2.2342344598395315e-06
extra_trees,cat__site_project_id_county_scoped_basiskele::mamik_reform,2.229460283857502e-06
extra_trees,cat__duplex_x_site_project_duplex__basiskele::ustpark_afraze,2.2098275647919708e-06
extra_trees,cat__site_project_id_basiskele::royal_country,2.192470931454142e-06
extra_trees,cat__basiskele_geo_cluster_x_m2_group_Başiskele_2||200+,2.17591141226551e-06
extra_trees,cat__site_id_bucket_x_district_b0__arslanbey mh.,2.159627782908111e-06
extra_trees,cat__duplex_x_district_duplex__Hacıhızır Mh.,2.137964899003703e-06
extra_trees,cat__duplex_x_district_duplex__Dereköy Mh.,2.0750832626066936e-06
extra_trees,cat__site_tier_x_district_unknown__kosekoy mh.,2.0605330473773393e-06
extra_trees,cat__district_Düzağaç Mh.,2.042664498390015e-06
extra_trees,cat__site_tier_x_district_unknown__kullar tepecik mh.,2.0252752862285674e-06
extra_trees,cat__district_Ayazma Mah.,1.998081292369613e-06
extra_trees,cat__detail_manzara_Deniz|Doğa|Havuz|Park & Yeşil Alan,1.9439401471448344e-06
extra_trees,cat__district_Sepetçi Mh.,1.8944615268534871e-06
extra_trees,cat__site_tier_x_district_unknown__derbent mh.,1.8944456571817294e-06
extra_trees,cat__duplex_x_site_project_duplex__basiskele::zeraykent_yuvacik,1.7279020144122343e-06
extra_trees,cat__duplex_x_district_duplex__Kullar Yakacık Mh.,1.7130328985798883e-06
extra_trees,cat__geo_cluster_x_room_count_city_4||5+1,1.7126846450544098e-06
extra_trees,cat__duplex_x_district_duplex__Yeniköy Merkez Mh.,1.6926018051371945e-06
extra_trees,cat__district_Sekbanlı Mh.,1.6439171548395429e-06
extra_trees,cat__district_Akarca Mah.,1.6417762448735107e-06
extra_trees,cat__site_id_bucket_x_district_b0__atasehir mh.,1.6285622680051875e-06
extra_trees,cat__district_Köseköy Mh.,1.6153019694087693e-06
extra_trees,cat__duplex_x_district_duplex__İpek Yolu Mh.,1.6135482937117097e-06
extra_trees,num__demo_has_demographics,1.5791149700747315e-06
extra_trees,cat__district_Tüysüzler Mh.,1.5546236995609076e-06
extra_trees,cat__site_tier_x_district_unknown__sekbanli mh.,1.5468657789110685e-06
extra_trees,cat__geo_cluster_x_room_count_city_10||Stüdyo (1+0),1.53734483223353e-06
extra_trees,cat__site_id_bucket_x_district_b0__bahcecik kilicaslan mh.,1.5151406540949136e-06
extra_trees,cat__duplex_x_district_duplex__Çukurbağ Mh.,1.487622504890253e-06
extra_trees,cat__duplex_x_district_duplex__Yahyakaptan Mah.,1.4704195980922752e-06
extra_trees,cat__site_id_bucket_x_district_b0__damlar mah.,1.4386865907473826e-06
extra_trees,cat__site_tier_x_district_unknown__fevzi cakmak mh.,1.4271002915122772e-06
extra_trees,cat__geo_cluster_x_room_count_city_4||2.5+1,1.4089406580113372e-06
extra_trees,cat__basiskele_geo_cluster_x_m2_group_other||200+,1.397258573463348e-06
extra_trees,cat__site_tier_x_district_unknown__orcun mh.,1.3679986244600255e-06
extra_trees,cat__site_project_x_county_basiskele::royal_country__basiskele,1.3669339682374915e-06
extra_trees,cat__site_tier_x_district_unknown__sepetci mh.,1.3659307737664143e-06
extra_trees,cat__site_tier_x_district_unknown__yenikoy merkez mh.,1.342479079971505e-06
extra_trees,cat__site_project_id_county_scoped_basiskele::royal_city_akkurt,1.3377348360596714e-06
extra_trees,cat__site_project_id_county_scoped_basiskele::alizepark_city,1.2909713054207645e-06
extra_trees,cat__site_project_x_county_basiskele::royal_city_akkurt__basiskele,1.2379027576342777e-06
extra_trees,cat__site_project_x_county_basiskele::mamik_reform__basiskele,1.2141610917129247e-06
extra_trees,cat__district_İbrikdere Mh.,1.1945940134505294e-06
extra_trees,cat__detail_manzara_Boğaz|Deniz|Doğa|Şehir,1.119902046504362e-06
extra_trees,cat__site_id_bucket_x_district_b0__zabitan mh.,1.0916011895730396e-06
extra_trees,cat__site_id_bucket_x_district_b0__kullar tepecik mh.,1.0796101692944119e-06
extra_trees,cat__district_Kemalpaşa Mh.,1.0752820170504544e-06
extra_trees,cat__real_estate_type_Satılık Villa,1.0729079587536116e-06
extra_trees,cat__site_tier_x_district_unknown__ipek yolu mh.,1.0693350318189815e-06
extra_trees,cat__roof_duplex_x_floor_segment_roof__Zemin/Giriş,1.0449708362902143e-06
extra_trees,cat__site_project_x_county_basiskele::zeraykent_yuvacik__basiskele,1.0222658170706528e-06
extra_trees,cat__geo_cluster_x_room_count_city_2||5+1,9.8479922004263e-07
extra_trees,cat__duplex_x_district_duplex__Veliahmet Mah.,9.468276972567043e-07
extra_trees,cat__site_tier_x_district_unknown__kemalpasa mh.,9.338132541116227e-07
extra_trees,cat__geo_cluster_x_room_count_city_3||4+2,9.308842741911459e-07
extra_trees,cat__duplex_x_site_project_duplex__basiskele::royal_country,9.265039633389501e-07
extra_trees,cat__site_tier_x_district_unknown__bekirdere mah.,9.211120961039644e-07
extra_trees,cat__heating_Soba,9.153089584418801e-07
extra_trees,cat__duplex_x_district_duplex__Kullar Tepecik Mh.,8.793910150464839e-07
extra_trees,cat__demo_ses_group_missing,8.39222927728648e-07
extra_trees,cat__site_tier_x_district_unknown__ibrikdere mh.,7.908427362276554e-07
extra_trees,cat__duplex_x_district_duplex__Yaylacık Mh.,7.829237226738399e-07
extra_trees,cat__floor_segment_missing,7.716005134389143e-07
extra_trees,cat__site_tier_x_district_unknown__duzagac mh.,7.506590414484714e-07
extra_trees,cat__detail_manzara_Göl,7.327195671667959e-07
extra_trees,cat__site_tier_x_district_unknown__uzuntarla mh.,7.285928429869325e-07
extra_trees,cat__site_tier_x_district_unknown__yesilkent mh.,6.915501906337612e-07
extra_trees,cat__geo_cluster_x_room_count_city_10||5+1,6.871884779835869e-07
extra_trees,cat__site_project_id_basiskele::yakamoz_konutlari,6.755242652870325e-07
extra_trees,cat__basiskele_geo_cluster_x_m2_group_other||0-75,6.734212585762499e-07
extra_trees,cat__room_count_6+1,6.500473715970092e-07
extra_trees,cat__site_id_bucket_x_district_b0__sekbanli mh.,6.450224648799787e-07
extra_trees,cat__duplex_x_district_duplex__Kuruçeşme Fatih Mh.,6.426390408962297e-07
extra_trees,cat__duplex_x_district_duplex__Yüzbaşılar Mh.,6.228642722932271e-07
extra_trees,cat__duplex_x_district_duplex__Erenler Mah.,6.150879748179776e-07
extra_trees,cat__demo_dominant_education_missing,5.732596284746848e-07
extra_trees,cat__duplex_x_district_duplex__Uzunçiftlik Mh.,5.010191739342875e-07
extra_trees,cat__duplex_x_district_duplex__28 Haziran Mah.,4.798134999604022e-07
extra_trees,cat__room_count_2.5+1,4.683229681361324e-07
extra_trees,cat__site_id_bucket_x_district_b0__akarca mah.,4.6555301450060246e-07
extra_trees,cat__detail_konut_tipi_Dubleks|En Üst Kat|Ara Kat,4.556334342727869e-07
extra_trees,cat__site_project_id_county_scoped_basiskele::evimiz_kocaeli,4.498351759118837e-07
extra_trees,cat__district_Kullar Tepecik Mh.,4.481267955495067e-07
extra_trees,cat__demo_dominant_marital_status_missing,4.396655063186729e-07
extra_trees,cat__site_project_id_basiskele::evimiz_kocaeli,4.353924721828327e-07
extra_trees,cat__site_project_id_county_scoped_basiskele::kirazli_kent,4.2617075443223424e-07
extra_trees,cat__demo_dominant_age_group_missing,4.2427666936737854e-07
extra_trees,cat__site_project_id_county_scoped_basiskele::zeraykent_yuvacik,4.122795765224725e-07
extra_trees,cat__floor_segment_Bodrum,4.114639081158961e-07
extra_trees,cat__site_tier_x_district_mid__havuzlubahce mh.,4.0847971683199837e-07
extra_trees,cat__detail_konut_tipi_Ara Kat|Bahçe Dubleksi|Çatı Dubleksi,3.8237095091584935e-07
extra_trees,cat__site_id_bucket_x_district_b0__kullar merkez mh.,3.6596388176040093e-07
extra_trees,cat__geo_cluster_x_room_count_city_7||1+1,3.2874485240507396e-07
extra_trees,cat__site_project_id_county_scoped_basiskele::yakamoz_konutlari,3.227784698911713e-07
extra_trees,cat__site_project_id_basiskele::kirazli_kent,3.183830146814993e-07
extra_trees,num__is_basement,3.1833003991003415e-07
extra_trees,cat__district_Maşukiye Mh.,3.0890535418578446e-07
extra_trees,cat__geo_cluster_x_room_count_city_2||3.5+1,2.9445771771404044e-07
extra_trees,num__demo_has_county_demographics,2.834457812448042e-07
extra_trees,cat__district_Bekirdere Mah.,2.684773526826761e-07
extra_trees,cat__site_project_id_county_scoped_basiskele::royal_life,2.651961214395345e-07
extra_trees,cat__geo_cluster_x_room_count_city_8||5+1,2.1602384514275295e-07
extra_trees,cat__site_project_id_county_scoped_basiskele::ustgrup_mezire,2.0084447420732865e-07
extra_trees,cat__duplex_x_district_duplex__Bahçecik Kılıçaslan Mh.,1.9698240982028437e-07
extra_trees,cat__district_Kullar Merkez Mh.,1.9403919385220207e-07
extra_trees,cat__balcony_missing,1.8806351486577034e-07
extra_trees,cat__site_tier_x_district_mid__aydinkent mh.,1.786670565940797e-07
extra_trees,cat__geo_cluster_x_room_count_city_6||1+1,1.7266676609404805e-07
extra_trees,cat__duplex_x_district_duplex__İbrikdere Mh.,1.623246250093049e-07
extra_trees,cat__duplex_x_district_duplex__Damlar Mah.,1.5129528787528723e-07
extra_trees,cat__site_id_bucket_x_district_b0__bekirdere mah.,1.259409099379186e-07
extra_trees,cat__site_project_x_county_basiskele::ustgrup_mezire__basiskele,1.2141602200363754e-07
extra_trees,cat__site_project_id_basiskele::royal_city_akkurt,1.1454253971617091e-07
extra_trees,cat__site_tier_x_district_unknown__sanayi mah.,1.1049386061058993e-07
extra_trees,cat__geo_cluster_x_room_count_city_5||5+1,1.0883837848502983e-07
extra_trees,cat__site_tier_x_district_unknown__masukiye mh.,1.0003898804214817e-07
extra_trees,cat__site_project_id_basiskele::ustpark_afraze,9.752192714528562e-08
extra_trees,cat__site_tier_x_district_unknown__akarca mah.,9.005580260752564e-08
extra_trees,cat__duplex_x_district_duplex__Kullar Merkez Mh.,8.8764623157699e-08
extra_trees,cat__district_Yeşilkent Mh.,8.610558589141482e-08
extra_trees,cat__district_Ataşehir Mh.,8.460577253099735e-08
extra_trees,cat__detail_manzara_Boğaz|Deniz|Doğa|Park & Yeşil Alan,6.704712934708056e-08
extra_trees,cat__site_id_bucket_x_district_b0__yesilkent mh.,6.573739799074163e-08
extra_trees,cat__duplex_x_district_duplex__Uzuntarla Mh.,5.2539383875401045e-08
extra_trees,cat__district_Damlar Mah.,5.055046083085986e-08
extra_trees,cat__site_project_x_county_basiskele::kirazli_kent__basiskele,4.595277891228047e-08
extra_trees,cat__site_id_bucket_x_district_b0__ibrikdere mh.,4.460252920589273e-08
extra_trees,cat__site_project_id_basiskele::alizepark_city,4.0546598979014474e-08
extra_trees,cat__site_id_bucket_x_district_b0__sepetci mh.,3.814134560830477e-08
extra_trees,cat__geo_cluster_x_room_count_city_6||5+1,2.935589318195333e-08
extra_trees,cat__district_Havuzlubahçe Mh.,1.2333826758013388e-08
extra_trees,cat__district_Uzuntarla Mh.,7.550730958960797e-09
extra_trees,cat__district_Sahil Mah.,4.597089522407915e-09
extra_trees,cat__duplex_x_district_duplex__Sahil Mah.,4.590710829842354e-09
extra_trees,cat__site_tier_x_district_unknown__karsiyaka mh.,3.5318050747956836e-09
extra_trees,cat__duplex_x_site_project_duplex__basiskele::ustgrup_mezire,1.8434086745465588e-09
extra_trees,cat__site_id_bucket_x_district_b0__havuzlubahce mh.,1.7890227379481478e-09
extra_trees,cat__site_id_bucket_x_district_b0__sahil mah.,1.6265414449347193e-09
extra_trees,cat__site_project_x_county_basiskele::yakamoz_konutlari__basiskele,7.885652363544821e-10
extra_trees,num__open_area_m2,0.0
extra_trees,num__has_open_area,0.0
extra_trees,num__rent_feature_confidence,0.0
extra_trees,num__county_demo_per_capita_income_median,0.0
extra_trees,num__county_demo_household_income_median,0.0
extra_trees,num__demo_age_coverage,0.0
extra_trees,num__demo_education_coverage,0.0
extra_trees,num__demo_income_available,0.0
extra_trees,num__demo_ses_available,0.0
extra_trees,num__demo_market_activity_available,0.0
extra_trees,num__demo_infrastructure_available,0.0
extra_trees,num__demo_coverage_score,0.0
extra_trees,num__demo_real_estate_agent_count,0.0
extra_trees,num__demo_agent_listing_count,0.0
extra_trees,num__demo_owner_listing_count,0.0
extra_trees,num__demo_sale_count,0.0
extra_trees,num__demo_mortgage_count,0.0
extra_trees,num__demo_turnover_ratio,0.0
extra_trees,num__demo_computed_turnover_ratio,0.0
extra_trees,num__demo_listing_count_2024,0.0
extra_trees,num__demo_bb_sale_count_2024,0.0
extra_trees,num__demo_bb_mortgaged_sale_count_2024,0.0
extra_trees,num__county_demo_sale_count_sum,0.0
extra_trees,num__county_demo_turnover_ratio_median,0.0
extra_trees,num__demo_turnover_vs_county,0.0
extra_trees,num__demo_saving_total,0.0
extra_trees,num__demo_expense_total,0.0
extra_trees,num__demo_expense_food,0.0
extra_trees,num__demo_expense_shelter,0.0
extra_trees,num__demo_expense_transportation,0.0
extra_trees,num__demo_expense_education,0.0
extra_trees,num__demo_ecommerce_count,0.0
extra_trees,num__demo_ecommerce_density,0.0
extra_trees,num__demo_online_retail,0.0
extra_trees,num__attr_credit_eligible,0.0
extra_trees,num__location_precision_approx,0.0
extra_trees,num__location_precision_district_only,0.0
extra_trees,num__is_coastal_500m,0.0
extra_trees,num__is_coastal_1000m,0.0
extra_trees,num__is_coastal_2000m,0.0
extra_trees,num__distance_to_sea_m,0.0
extra_trees,num__log_distance_to_sea,0.0
extra_trees,num__is_coastal_250m,0.0
extra_trees,num__coastal_access_score,0.0
extra_trees,num__bsk_distance_to_sea_x_view_sea,0.0
extra_trees,num__bsk_distance_to_sea_x_near_sea_zero,0.0
extra_trees,num__bsk_distance_to_sea_x_large_home,0.0
extra_trees,num__bsk_distance_to_sea_x_site_inside,0.0
extra_trees,num__bsk_distance_to_sea_x_quality,0.0
extra_trees,num__bsk_coastal_x_large_home,0.0
extra_trees,num__bsk_coastal_x_geo_cluster,0.0
extra_trees,num__bsk_coastal_x_room_4p1,0.0
extra_trees,num__site_project_listing_count,0.0
extra_trees,num__site_project_freq_bucket,0.0
extra_trees,num__site_project_county_frequency,0.0
extra_trees,num__canonical_count_x_large_home,0.0
extra_trees,num__site_project_freq_x_county_code,0.0
extra_trees,num__garden_duplex_x_private_garden,0.0
extra_trees,cat__real_estate_type_Satılık Yazlık,0.0
extra_trees,cat__room_count_2+0,0.0
extra_trees,cat__room_count_2+2,0.0
extra_trees,cat__room_count_3+0,0.0
extra_trees,cat__room_count_4.5+2,0.0
extra_trees,cat__room_count_5.5+1,0.0
extra_trees,cat__room_count_6+2,0.0
extra_trees,cat__room_count_6+3,0.0
extra_trees,cat__room_count_7+1,0.0
extra_trees,cat__heating_VRV,0.0
extra_trees,cat__kitchen_Belirtilmemiş,0.0
extra_trees,cat__elevator_Belirtilmemiş,0.0
extra_trees,cat__site_inside_Belirtilmemiş,0.0
extra_trees,cat__credit_eligible_missing,0.0
extra_trees,cat__energy_certificate_missing,0.0
extra_trees,cat__deed_status_missing,0.0
extra_trees,cat__seller_type_missing,0.0
extra_trees,cat__barter_missing,0.0
extra_trees,cat__city_Kocaeli,0.0
extra_trees,cat__district_Acısu Mh.,0.0
extra_trees,cat__district_Alikahya Merkez Mah.,0.0
extra_trees,cat__district_Arızlı Mh.,0.0
extra_trees,cat__district_Avcıköy Mh.,0.0
extra_trees,cat__district_Bahçecik Kılıçaslan Mh.,0.0
extra_trees,cat__district_Bahçecik Şehitekrem Mh.,0.0
extra_trees,cat__district_Durhasan Mh.,0.0
extra_trees,cat__district_Karşıyaka Mh.,0.0
extra_trees,cat__district_Sanayi Mah.,0.0
extra_trees,cat__district_Saraylı Mh.,0.0
extra_trees,cat__district_Tepecik Mh.,0.0
extra_trees,cat__district_Ulaşlı Yalı Mh.,0.0
extra_trees,cat__district_Vezirçiftliği Mh.,0.0
extra_trees,cat__district_Yalakdere Mh.,0.0
extra_trees,cat__district_Yuvacık Yakacık Mh.,0.0
extra_trees,cat__district_Şevkatiye Mh.,0.0
extra_trees,cat__detail_manzara_Boğaz|Deniz|Doğa|Göl|Havuz|Nehir|Park & Yeşil Alan|Şehir,0.0
extra_trees,cat__detail_manzara_Boğaz|Deniz|Doğa|Göl|Park & Yeşil Alan|Şehir,0.0
extra_trees,cat__detail_manzara_Boğaz|Deniz|Doğa|Havuz|Park & Yeşil Alan|Şehir,0.0
extra_trees,cat__detail_manzara_Boğaz|Deniz|Göl|Park & Yeşil Alan,0.0
extra_trees,cat__detail_manzara_Boğaz|Deniz|Park & Yeşil Alan,0.0
extra_trees,cat__detail_manzara_Boğaz|Deniz|Park & Yeşil Alan|Şehir,0.0
extra_trees,cat__detail_manzara_Boğaz|Deniz|Şehir,0.0
extra_trees,cat__detail_manzara_Boğaz|Doğa|Havuz|Park & Yeşil Alan,0.0
extra_trees,cat__detail_manzara_Boğaz|Doğa|Park & Yeşil Alan,0.0
extra_trees,cat__detail_manzara_Boğaz|Doğa|Park & Yeşil Alan|Şehir,0.0
extra_trees,cat__detail_manzara_Deniz|Doğa|Göl|Park & Yeşil Alan,0.0
extra_trees,cat__detail_manzara_Deniz|Doğa|Göl|Park & Yeşil Alan|Şehir,0.0
extra_trees,cat__detail_manzara_Deniz|Doğa|Havuz,0.0
extra_trees,cat__detail_manzara_Deniz|Doğa|Havuz|Şehir,0.0
extra_trees,cat__detail_manzara_Deniz|Doğa|Nehir|Park & Yeşil Alan|Şehir,0.0
extra_trees,cat__detail_manzara_Deniz|Göl|Şehir,0.0
extra_trees,cat__detail_manzara_Deniz|Havuz|Park & Yeşil Alan,0.0
extra_trees,cat__detail_manzara_Deniz|Havuz|Park & Yeşil Alan|Şehir,0.0
extra_trees,cat__detail_manzara_Deniz|Havuz|Şehir,0.0
extra_trees,cat__detail_manzara_Deniz|Nehir|Park & Yeşil Alan,0.0
extra_trees,cat__detail_manzara_Doğa|Göl|Havuz|Park & Yeşil Alan|Şehir,0.0
extra_trees,cat__detail_manzara_Doğa|Göl|Havuz|Şehir,0.0
extra_trees,cat__detail_manzara_Doğa|Göl|Şehir,0.0
extra_trees,cat__detail_manzara_Doğa|Havuz|Şehir,0.0
extra_trees,cat__detail_manzara_Doğa|Nehir|Park & Yeşil Alan,0.0
extra_trees,cat__detail_manzara_Doğa|Nehir|Park & Yeşil Alan|Şehir,0.0
extra_trees,cat__detail_manzara_Göl|Havuz,0.0
extra_trees,cat__detail_manzara_Göl|Havuz|Park & Yeşil Alan,0.0
extra_trees,cat__detail_manzara_Göl|Park & Yeşil Alan,0.0
extra_trees,cat__detail_manzara_Göl|Şehir,0.0
extra_trees,cat__detail_manzara_Havuz|Şehir,0.0
extra_trees,cat__detail_konut_tipi_Ara Kat|Ara Kat Dubleks,0.0
extra_trees,cat__detail_konut_tipi_Ara Kat|Bahçe Dubleksi,0.0
extra_trees,cat__detail_konut_tipi_Ara Kat|Tripleks,0.0
extra_trees,cat__detail_konut_tipi_Bahçe Dubleksi|Tripleks,0.0
extra_trees,cat__detail_konut_tipi_Bahçe Dubleksi|Çatı Dubleksi,0.0
extra_trees,cat__detail_konut_tipi_Dubleks|Ara Kat Dubleks,0.0
extra_trees,cat__detail_konut_tipi_Dubleks|Ara Kat Dubleks|Ters Dubleks,0.0
extra_trees,cat__detail_konut_tipi_Dubleks|Ara Kat|Ara Kat Dubleks|Bahçe Dubleksi,0.0
extra_trees,cat__detail_konut_tipi_Dubleks|Ara Kat|Ara Kat Dubleks|Bahçe Dubleksi|Ters Dubleks,0.0
extra_trees,cat__detail_konut_tipi_Dubleks|Ara Kat|Ara Kat Dubleks|Ters Dubleks,0.0
extra_trees,cat__detail_konut_tipi_Dubleks|Ara Kat|Bahçe Dubleksi,0.0
extra_trees,cat__detail_konut_tipi_Dubleks|Ara Kat|Bahçe Dubleksi|Ters Dubleks,0.0
extra_trees,cat__detail_konut_tipi_Dubleks|Ara Kat|Bahçe Dubleksi|Çatı Dubleksi|Ters Dubleks,0.0
extra_trees,cat__detail_konut_tipi_Dubleks|Ara Kat|Çatı Dubleksi,0.0
extra_trees,cat__detail_konut_tipi_Dubleks|Bahçe Dubleksi|Ters Dubleks,0.0
extra_trees,cat__detail_konut_tipi_Dubleks|Bahçe Dubleksi|Çatı Dubleksi,0.0
extra_trees,cat__detail_konut_tipi_Dubleks|En Üst Kat|Ara Kat Dubleks|Bahçe Dubleksi|Çatı Dubleksi|Forleks|Ters Dubleks|Tripleks,0.0
extra_trees,cat__detail_konut_tipi_Dubleks|En Üst Kat|Ara Kat Dubleks|Bahçe Dubleksi|Çatı Dubleksi|Ters Dubleks,0.0
extra_trees,cat__detail_konut_tipi_Dubleks|En Üst Kat|Ara Kat Dubleks|Çatı Dubleksi|Ters Dubleks,0.0
extra_trees,cat__detail_konut_tipi_Dubleks|En Üst Kat|Ara Kat Dubleks|Çatı Dubleksi|Ters Dubleks|Tripleks,0.0
extra_trees,cat__detail_konut_tipi_Dubleks|En Üst Kat|Ara Kat|Ara Kat Dubleks|Bahçe Dubleksi|Çatı Dubleksi|Forleks|Ters Dubleks,0.0
extra_trees,cat__detail_konut_tipi_Dubleks|En Üst Kat|Ara Kat|Ara Kat Dubleks|Bahçe Dubleksi|Çatı Dubleksi|Ters Dubleks,0.0
extra_trees,cat__detail_konut_tipi_Dubleks|En Üst Kat|Ara Kat|Ara Kat Dubleks|Bahçe Dubleksi|Çatı Dubleksi|Ters Dubleks|Tripleks,0.0
extra_trees,cat__detail_konut_tipi_Dubleks|En Üst Kat|Ara Kat|Ara Kat Dubleks|Çatı Dubleksi,0.0
extra_trees,cat__detail_konut_tipi_Dubleks|En Üst Kat|Ara Kat|Ara Kat Dubleks|Çatı Dubleksi|Forleks|Ters Dubleks|Tripleks,0.0
extra_trees,cat__detail_konut_tipi_Dubleks|En Üst Kat|Ara Kat|Ara Kat Dubleks|Çatı Dubleksi|Ters Dubleks,0.0
extra_trees,cat__detail_konut_tipi_Dubleks|En Üst Kat|Ara Kat|Bahçe Dubleksi,0.0
extra_trees,cat__detail_konut_tipi_Dubleks|En Üst Kat|Ara Kat|Bahçe Dubleksi|Çatı Dubleksi,0.0
extra_trees,cat__detail_konut_tipi_Dubleks|En Üst Kat|Ara Kat|Çatı Dubleksi|Ters Dubleks,0.0
extra_trees,cat__detail_konut_tipi_Dubleks|En Üst Kat|Ters Dubleks,0.0
extra_trees,cat__detail_konut_tipi_Dubleks|En Üst Kat|Çatı Dubleksi|Ters Dubleks,0.0
extra_trees,cat__detail_konut_tipi_En Üst Kat|Ara Kat Dubleks|Çatı Dubleksi,0.0
extra_trees,cat__detail_konut_tipi_En Üst Kat|Ara Kat|Bahçe Dubleksi,0.0
extra_trees,cat__detail_konut_tipi_En Üst Kat|Ara Kat|Çatı Dubleksi,0.0
extra_trees,cat__detail_konut_tipi_En Üst Kat|Tripleks,0.0
extra_trees,cat__detail_konut_tipi_Forleks,0.0
extra_trees,cat__detail_konut_tipi_Kat Dubleksi,0.0
extra_trees,cat__detail_konut_tipi_Çatı Dubleksi|Ters Dubleks,0.0
extra_trees,cat__demo_dominant_age_group_10-14,0.0
extra_trees,cat__location_precision_district_only,0.0
extra_trees,cat__location_source_district_text,0.0
extra_trees,cat__basiskele_geo_cluster_x_m2_group_Başiskele_1||200+,0.0
extra_trees,cat__basiskele_geo_cluster_x_m2_group_Başiskele_2||0-75,0.0
extra_trees,cat__geo_cluster_x_room_count_city_0||1.5+1,0.0
extra_trees,cat__geo_cluster_x_room_count_city_0||2.5+1,0.0
extra_trees,cat__geo_cluster_x_room_count_city_0||3+2,0.0
extra_trees,cat__geo_cluster_x_room_count_city_0||3.5+1,0.0
extra_trees,cat__geo_cluster_x_room_count_city_0||4+2,0.0
extra_trees,cat__geo_cluster_x_room_count_city_0||4.5+1,0.0
extra_trees,cat__geo_cluster_x_room_count_city_0||5+1,0.0
extra_trees,cat__geo_cluster_x_room_count_city_0||5+2,0.0
extra_trees,cat__geo_cluster_x_room_count_city_0||6+1,0.0
extra_trees,cat__geo_cluster_x_room_count_city_10||6+1,0.0
extra_trees,cat__geo_cluster_x_room_count_city_11||4+1,0.0
extra_trees,cat__geo_cluster_x_room_count_city_1||1.5+1,0.0
extra_trees,cat__geo_cluster_x_room_count_city_1||3.5+1,0.0
extra_trees,cat__geo_cluster_x_room_count_city_1||4+2,0.0
extra_trees,cat__geo_cluster_x_room_count_city_1||5+1,0.0
extra_trees,cat__geo_cluster_x_room_count_city_1||5+2,0.0
extra_trees,cat__geo_cluster_x_room_count_city_1||5.5+1,0.0
extra_trees,cat__geo_cluster_x_room_count_city_2||2+2,0.0
extra_trees,cat__geo_cluster_x_room_count_city_2||2.5+1,0.0
extra_trees,cat__geo_cluster_x_room_count_city_2||3+2,0.0
extra_trees,cat__geo_cluster_x_room_count_city_2||4.5+1,0.0
extra_trees,cat__geo_cluster_x_room_count_city_2||4.5+2,0.0
extra_trees,cat__geo_cluster_x_room_count_city_2||5+2,0.0
extra_trees,cat__geo_cluster_x_room_count_city_2||5.5+1,0.0
extra_trees,cat__geo_cluster_x_room_count_city_2||6+1,0.0
extra_trees,cat__geo_cluster_x_room_count_city_2||6+2,0.0
extra_trees,cat__geo_cluster_x_room_count_city_3||2.5+1,0.0
extra_trees,cat__geo_cluster_x_room_count_city_3||3+0,0.0
extra_trees,cat__geo_cluster_x_room_count_city_3||3+2,0.0
extra_trees,cat__geo_cluster_x_room_count_city_3||3.5+1,0.0
extra_trees,cat__geo_cluster_x_room_count_city_3||5+2,0.0
extra_trees,cat__geo_cluster_x_room_count_city_3||6+1,0.0
extra_trees,cat__geo_cluster_x_room_count_city_3||6+3,0.0
extra_trees,cat__geo_cluster_x_room_count_city_3||Stüdyo (1+0),0.0
extra_trees,cat__geo_cluster_x_room_count_city_4||2+2,0.0
extra_trees,cat__geo_cluster_x_room_count_city_4||3+2,0.0
extra_trees,cat__geo_cluster_x_room_count_city_4||3.5+1,0.0
extra_trees,cat__geo_cluster_x_room_count_city_4||4+2,0.0
extra_trees,cat__geo_cluster_x_room_count_city_4||6+1,0.0
extra_trees,cat__geo_cluster_x_room_count_city_5||2+0,0.0
extra_trees,cat__geo_cluster_x_room_count_city_5||2.5+1,0.0
extra_trees,cat__geo_cluster_x_room_count_city_5||3.5+1,0.0
extra_trees,cat__geo_cluster_x_room_count_city_5||4+2,0.0
extra_trees,cat__geo_cluster_x_room_count_city_5||5+2,0.0
extra_trees,cat__geo_cluster_x_room_count_city_5||5.5+1,0.0
extra_trees,cat__geo_cluster_x_room_count_city_5||6+2,0.0
extra_trees,cat__geo_cluster_x_room_count_city_6||2.5+1,0.0
extra_trees,cat__geo_cluster_x_room_count_city_6||3.5+1,0.0
extra_trees,cat__geo_cluster_x_room_count_city_7||1.5+1,0.0
extra_trees,cat__geo_cluster_x_room_count_city_7||2.5+1,0.0
extra_trees,cat__geo_cluster_x_room_count_city_7||3.5+1,0.0
extra_trees,cat__geo_cluster_x_room_count_city_7||4+2,0.0
extra_trees,cat__geo_cluster_x_room_count_city_8||2+2,0.0
extra_trees,cat__geo_cluster_x_room_count_city_8||2.5+1,0.0
extra_trees,cat__geo_cluster_x_room_count_city_8||4+2,0.0
extra_trees,cat__geo_cluster_x_room_count_city_8||4.5+1,0.0
extra_trees,cat__geo_cluster_x_room_count_city_8||5+2,0.0
extra_trees,cat__geo_cluster_x_room_count_city_8||6+1,0.0
extra_trees,cat__geo_cluster_x_room_count_city_9||1.5+1,0.0
extra_trees,cat__geo_cluster_x_room_count_city_9||5+1,0.0
extra_trees,cat__geo_cluster_x_room_count_city_9||5+2,0.0
extra_trees,cat__geo_cluster_x_room_count_city_9||Stüdyo (1+0),0.0
extra_trees,cat__geo_cluster_x_room_count_missing||2+2,0.0
extra_trees,cat__geo_cluster_x_room_count_missing||2.5+1,0.0
extra_trees,cat__geo_cluster_x_room_count_missing||3+0,0.0
extra_trees,cat__geo_cluster_x_room_count_missing||3+2,0.0
extra_trees,cat__geo_cluster_x_room_count_missing||3.5+1,0.0
extra_trees,cat__geo_cluster_x_room_count_missing||4+2,0.0
extra_trees,cat__geo_cluster_x_room_count_missing||4.5+1,0.0
extra_trees,cat__geo_cluster_x_room_count_missing||5+1,0.0
extra_trees,cat__geo_cluster_x_room_count_missing||7+1,0.0
extra_trees,cat__geo_cluster_x_room_count_missing||Stüdyo (1+0),0.0
extra_trees,cat__site_project_id_basiskele::mamik_life,0.0
extra_trees,cat__site_project_id_basiskele::royal_life,0.0
extra_trees,cat__site_project_id_basiskele::ustgrup_mezire,0.0
extra_trees,cat__site_project_id_golcuk::yakamoz_konutlari,0.0
extra_trees,cat__site_project_id_kartepe::bahcekent_konutlari,0.0
extra_trees,cat__site_project_id_county_scoped_basiskele::mamik_life,0.0
extra_trees,cat__site_project_id_county_scoped_golcuk::yakamoz_konutlari,0.0
extra_trees,cat__site_project_id_county_scoped_kartepe::bahcekent_konutlari,0.0
extra_trees,cat__site_project_x_county_basiskele::mamik_life__basiskele,0.0
extra_trees,cat__site_project_x_county_basiskele::royal_life__basiskele,0.0
extra_trees,cat__site_project_x_county_golcuk::yakamoz_konutlari__golcuk,0.0
extra_trees,cat__site_project_x_county_kartepe::bahcekent_konutlari__kartepe,0.0
extra_trees,cat__site_tier_x_county_mid__golcuk,0.0
extra_trees,cat__site_tier_x_county_mid__kartepe,0.0
extra_trees,cat__site_tier_x_district_mid__ataevler mh.,0.0
extra_trees,cat__site_tier_x_district_mid__halidere yeni mh.,0.0
extra_trees,cat__site_tier_x_district_mid__yenikoy merkez mh.,0.0
extra_trees,cat__site_tier_x_district_premium__bahcecik kilicaslan mh.,0.0
extra_trees,cat__site_tier_x_district_unknown__acisu mh.,0.0
extra_trees,cat__site_tier_x_district_unknown__alikahya merkez mah.,0.0
extra_trees,cat__site_tier_x_district_unknown__arizli mh.,0.0
extra_trees,cat__site_tier_x_district_unknown__avcikoy mh.,0.0
extra_trees,cat__site_tier_x_district_unknown__bahcecik kilicaslan mh.,0.0
extra_trees,cat__site_tier_x_district_unknown__bahcecik sehitekrem mh.,0.0
extra_trees,cat__site_tier_x_district_unknown__durhasan mh.,0.0
extra_trees,cat__site_tier_x_district_unknown__halidere yeni mh.,0.0
extra_trees,cat__site_tier_x_district_unknown__havuzlubahce mh.,0.0
extra_trees,cat__site_tier_x_district_unknown__kullar merkez mh.,0.0
extra_trees,cat__site_tier_x_district_unknown__sarayli mh.,0.0
extra_trees,cat__site_tier_x_district_unknown__sevkatiye mh.,0.0
extra_trees,cat__site_tier_x_district_unknown__tavsantepe mh.,0.0
extra_trees,cat__site_tier_x_district_unknown__tepecik mh.,0.0
extra_trees,cat__site_tier_x_district_unknown__ulasli yali mh.,0.0
extra_trees,cat__site_tier_x_district_unknown__vezirciftligi mh.,0.0
extra_trees,cat__site_tier_x_district_unknown__yalakdere mh.,0.0
extra_trees,cat__site_tier_x_district_unknown__yuvacik yakacik mh.,0.0
extra_trees,cat__site_id_bucket_x_district_b0__acisu mh.,0.0
extra_trees,cat__site_id_bucket_x_district_b0__alikahya merkez mah.,0.0
extra_trees,cat__site_id_bucket_x_district_b0__arizli mh.,0.0
extra_trees,cat__site_id_bucket_x_district_b0__avcikoy mh.,0.0
extra_trees,cat__site_id_bucket_x_district_b0__bahcecik sehitekrem mh.,0.0
extra_trees,cat__site_id_bucket_x_district_b0__derekoy mh.,0.0
extra_trees,cat__site_id_bucket_x_district_b0__durhasan mh.,0.0
extra_trees,cat__site_id_bucket_x_district_b0__karsiyaka mh.,0.0
extra_trees,cat__site_id_bucket_x_district_b0__sarayli mh.,0.0
extra_trees,cat__site_id_bucket_x_district_b0__sevkatiye mh.,0.0
extra_trees,cat__site_id_bucket_x_district_b0__tavsantepe mh.,0.0
extra_trees,cat__site_id_bucket_x_district_b0__tepecik mh.,0.0
extra_trees,cat__site_id_bucket_x_district_b0__ulasli yali mh.,0.0
extra_trees,cat__site_id_bucket_x_district_b0__uzuntarla mh.,0.0
extra_trees,cat__site_id_bucket_x_district_b0__vezirciftligi mh.,0.0
extra_trees,cat__site_id_bucket_x_district_b0__yalakdere mh.,0.0
extra_trees,cat__site_id_bucket_x_district_b0__yuvacik yakacik mh.,0.0
extra_trees,cat__duplex_x_district_duplex__Akarca Mah.,0.0
extra_trees,cat__duplex_x_district_duplex__Arslanbey Mh.,0.0
extra_trees,cat__duplex_x_district_duplex__Bahçecik Şehitekrem Mh.,0.0
extra_trees,cat__duplex_x_district_duplex__Değirmendere Merkez Mh.,0.0
extra_trees,cat__duplex_x_district_duplex__Doğan Mh.,0.0
extra_trees,cat__duplex_x_district_duplex__Durhasan Mh.,0.0
extra_trees,cat__duplex_x_district_duplex__Fevzi Çakmak Mh.,0.0
extra_trees,cat__duplex_x_district_duplex__Gültepe Mh.,0.0
extra_trees,cat__duplex_x_district_duplex__Halıdere Yeni Mh.,0.0
extra_trees,cat__duplex_x_district_duplex__Kemalpaşa Mh.,0.0
extra_trees,cat__duplex_x_district_duplex__Sanayi Mah.,0.0
extra_trees,cat__duplex_x_district_duplex__Saraylı Mh.,0.0
extra_trees,cat__duplex_x_district_duplex__Sepetçi Mh.,0.0
extra_trees,cat__duplex_x_district_duplex__Tavşantepe Mh.,0.0
extra_trees,cat__duplex_x_district_duplex__Tepecik Mah.,0.0
extra_trees,cat__duplex_x_district_duplex__Ulaşlı Yavuz Sultan Selim Mh.,0.0
extra_trees,cat__duplex_x_district_duplex__Yeşilkent Mh.,0.0
extra_trees,cat__duplex_x_district_duplex__Yuvacık Yakacık Mh.,0.0
extra_trees,cat__duplex_x_district_duplex__Ömerağa Mh.,0.0
extra_trees,cat__duplex_x_site_project_duplex__basiskele::mamik_reform,0.0
extra_trees,cat__duplex_x_site_project_duplex__basiskele::orka_life_2,0.0
extra_trees,cat__duplex_x_site_project_duplex__basiskele::royal_city_akkurt,0.0
extra_trees,cat__duplex_x_site_project_duplex__golcuk::yakamoz_konutlari,0.0
extra_trees,cat__roof_duplex_x_floor_segment_roof__Bahçe,0.0
extra_trees,cat__middle_floor_duplex_x_floor_segment_mid__En Üst Kat,0.0
extra_trees,cat__middle_floor_duplex_x_floor_segment_mid__Zemin/Giriş,0.0
extra_trees,cat__large_home_x_site_project_id_bucket_lh__n1_2,0.0
gradient_boosting,num__district_m2_group_target_median,0.13440045209211446
gradient_boosting,num__attr_total_quality_score,0.09675447481868445
gradient_boosting,num__district_room_count_target_median,0.0918613609957183
gradient_boosting,num__attr_effect_building_age_bucket,0.07463498830912507
gradient_boosting,num__attr_m2_per_room,0.03068532055361323
gradient_boosting,num__building_age,0.028527354883851056
gradient_boosting,num__location_baseline_log,0.026944691573143463
gradient_boosting,num__detail_effect_outside_mean,0.026032930859919902
gradient_boosting,num__trend_sale_m2,0.023197624338715805
gradient_boosting,num__location_baseline_m2,0.02191732738682226
gradient_boosting,num__detail_effect_total_mean,0.019281220281408926
gradient_boosting,num__attr_effect_elevator,0.018886898760358248
gradient_boosting,num__detail_effect_inside_x_attr_quality,0.016240308196459097
gradient_boosting,num__duplex_x_gross_m2,0.015949561299118113
gradient_boosting,num__demo_old_ratio,0.014792150115303297
gradient_boosting,num__total_floors,0.013907246578524587
gradient_boosting,num__detail_effect_subtype_sum,0.013330524992883013
gradient_boosting,num__attr_building_age_inverse,0.011902053585177432
gradient_boosting,num__detail_effect_subtype_mean,0.011719028280157109
gradient_boosting,num__estimated_monthly_rent_gross,0.011046131837965777
gradient_boosting,num__dues,0.009518662907216214
gradient_boosting,num__detail_effect_outside_sum,0.00950874434452102
gradient_boosting,num__attr_quality_x_county_income,0.009004891876883848
gradient_boosting,num__demo_population_density,0.008893892776009073
gradient_boosting,cat__usage_status_Mülk Sahibi,0.008881821309711494
gradient_boosting,num__detail_effect_inside_sum,0.008542368360067162
gradient_boosting,cat__parking_Açık Otopark,0.008052315434021236
gradient_boosting,num__demo_age_65_plus,0.007708899985076248
gradient_boosting,num__bathroom_count,0.007432352887136206
gradient_boosting,num__demo_divorced_ratio,0.006852197105472191
gradient_boosting,num__distance_to_coast_x_near_sea_zero,0.005773201001166227
gradient_boosting,num__net_m2,0.005567302385702313
gradient_boosting,num__is_old_building,0.005552051181527722
gradient_boosting,num__attr_quality_x_demo_income,0.0054425059789651705
gradient_boosting,num__detail_effect_outside_x_attr_quality,0.005360965566964756
gradient_boosting,num__detail_effect_view_mean,0.005252478659910297
gradient_boosting,cat__large_home_x_site_project_id_bucket_lh__missing,0.005029969945546142
gradient_boosting,num__detail_effect_total_x_attr_quality,0.004777377745472497
gradient_boosting,num__trend_yield,0.004526683321925801
gradient_boosting,num__detail_effect_inside_mean,0.0044346122604403
gradient_boosting,num__district_target_mean,0.00393824312994115
gradient_boosting,num__location_baseline_vs_trend,0.00392648227882579
gradient_boosting,num__distance_to_district_centroid_m,0.003618031672258001
gradient_boosting,num__distance_to_karamursel_center_m,0.003583210090225906
gradient_boosting,num__detail_effect_front_sum,0.0034486123595103314
gradient_boosting,num__demo_atm_per_10k,0.003426248318136423
gradient_boosting,num__distance_to_coast_x_site_inside,0.00275217236696076
gradient_boosting,num__distance_to_coastline_inv,0.0027324405311528093
gradient_boosting,num__attr_old_building_x_no_elevator,0.002723333879100446
gradient_boosting,num__distance_to_coastline_m,0.0026774824878005674
gradient_boosting,num__remaining_floors,0.0024795906119832595
gradient_boosting,num__attr_effect_total_quality_bucket,0.0024670166919967206
gradient_boosting,num__basiskele_district_premium_bucket_mean,0.0022765600691145777
gradient_boosting,num__site_project_oof_residual_mean,0.0022237137811874203
gradient_boosting,num__demo_age_65_plus_count,0.0021422792311459565
gradient_boosting,num__lon_centered_county,0.0021138089252786202
gradient_boosting,num__distance_to_coast_x_view_sea,0.002072849961820317
gradient_boosting,num__distance_to_izmit_center_m,0.002011628518833212
gradient_boosting,num__attr_heating_quality_score,0.0020036161002119773
gradient_boosting,num__demo_workplace_density,0.0019805238174500114
gradient_boosting,num__distance_to_yuvacik_m,0.0019361112580027473
gradient_boosting,num__basiskele_premium_score,0.0019074091982924032
gradient_boosting,num__district_room_rent_m2_count,0.0018700078231404535
gradient_boosting,num__demo_car_per_capita,0.0017822784195126343
gradient_boosting,cat__heating_Kombi (Doğalgaz),0.001775905941637241
gradient_boosting,num__net_gross_ratio,0.0017385636776214009
gradient_boosting,num__detail_effect_front_mean,0.001723486107555232
gradient_boosting,num__detail_effect_county_total_sum,0.0017163124962955403
gradient_boosting,num__detail_effect_total_abs_sum,0.0017075807966423894
gradient_boosting,num__district_m2_group_rent_m2_count,0.0016854303071326521
gradient_boosting,num__large_home_quality_x_m2,0.0016803161011037097
gradient_boosting,num__detail_effect_total_sum,0.0016395207046764615
gradient_boosting,num__distance_to_county_centroid_m,0.0016271494324759936
gradient_boosting,num__detail_effect_transport_mean,0.0015970854383159962
gradient_boosting,num__district_room_rent_m2_median,0.0015665682311790743
gradient_boosting,num__detail_effect_negative_count,0.0015372701214044508
gradient_boosting,num__duplex_or_large_home,0.001496573845752113
gradient_boosting,num__trend_count_sale,0.0014875130964849422
gradient_boosting,num__detail_effect_view_x_location_baseline,0.001486623944685824
gradient_boosting,num__bearing_from_district_centroid_sin,0.0014844531634516725
gradient_boosting,num__lat_centered_city,0.0014477973378359702
gradient_boosting,num__attr_net_gross_ratio,0.0014044183165527735
gradient_boosting,num__site_project_oof_price_level,0.0013200852115398626
gradient_boosting,num__detail_selected_count,0.0012437389337913167
gradient_boosting,num__bearing_from_county_centroid_sin,0.0012170716399369306
gradient_boosting,num__demo_density_vs_county,0.0011931055148962375
gradient_boosting,num__distance_to_sahil_m,0.0011925412167780396
gradient_boosting,num__basiskele_detail_group_bucket_median,0.0011623262304119586
gradient_boosting,num__attr_effect_heating_quality_bucket,0.001160749933754713
gradient_boosting,num__demo_age_55_64,0.0011604080867890804
gradient_boosting,num__demo_vehicle_per_capita,0.0010979405039548563
gradient_boosting,num__bearing_from_county_centroid_cos,0.0010637948309398279
gradient_boosting,num__attr_quality_x_district_median,0.001053991042844865
gradient_boosting,num__floor_ratio,0.001034675348175436
gradient_boosting,num__basiskele_premium_x_new_building,0.0010226094034907899
gradient_boosting,num__detail_effect_used_count,0.0010154705115601526
gradient_boosting,num__distance_to_coast_x_large_home,0.000994523135898066
gradient_boosting,num__distance_to_kullar_m,0.0009868439137802022
gradient_boosting,num__distance_to_bahcecik_m,0.0009740346397634331
gradient_boosting,num__demo_widow_ratio,0.0009597659834801543
gradient_boosting,num__detail_effect_nearby_mean,0.0009443963106339208
gradient_boosting,num__detail_effect_district_total_sum,0.0008906155556045008
gradient_boosting,num__attr_quality_x_location_baseline,0.0008868945780257985
gradient_boosting,num__lon,0.0008810971686888982
gradient_boosting,num__attr_building_age_score,0.0008721902760676948
gradient_boosting,num__attr_compact_home_x_quality,0.0008716587588286406
gradient_boosting,num__detail_near_count,0.0008684483912116804
gradient_boosting,num__lon_centered_city,0.0008431066533733946
gradient_boosting,num__distance_to_basiskele_coast_m,0.0008257441591112714
gradient_boosting,num__attr_floor_ratio,0.0008245784771138338
gradient_boosting,num__demo_household_income_try,0.000818877819735586
gradient_boosting,num__county_room_count_target_median,0.0007940483303830342
gradient_boosting,num__known_premium_x_district_code,0.0007924979255068489
gradient_boosting,num__district_m2_group_rent_m2_median,0.0007882336323674334
gradient_boosting,num__detail_outside_count,0.000781929520683028
gradient_boosting,num__large_home_m2_excess,0.0007701016028361857
gradient_boosting,num__demo_middle_ratio,0.0007556624192202631
gradient_boosting,num__attr_new_building_x_site_inside,0.0007526639950567801
gradient_boosting,num__bearing_from_district_centroid_cos,0.0007502119239946691
gradient_boosting,num__location_baseline_level_code,0.0007458201511303813
gradient_boosting,num__demo_ses_a_plus_count,0.0007134943611042936
gradient_boosting,num__demo_education_graduate_count,0.0007097464931246953
gradient_boosting,num__attr_amenity_score,0.0006884318300810516
gradient_boosting,num__demo_ses_b_ratio,0.0006746136653237023
gradient_boosting,cat__detail_manzara_Deniz,0.0006597144202676699
gradient_boosting,num__attr_is_mid_age_building,0.0006546353039918149
gradient_boosting,num__detail_effect_view_sum,0.0006468807291687712
gradient_boosting,num__demo_young_ratio,0.0006265645720719015
gradient_boosting,num__transport_score,0.0006241986680526992
gradient_boosting,num__demo_married_ratio,0.0006054167099947957
gradient_boosting,num__district_rent_m2_count,0.0006010357425755004
gradient_boosting,num__demo_workplace_count,0.0005871053369514366
gradient_boosting,num__estimated_rent_m2_gross,0.0005793352807152411
gradient_boosting,num__large_home_room_density,0.0005667341136533567
gradient_boosting,num__gross_m2,0.0005602309917639162
gradient_boosting,cat__demo_dominant_age_group_35-39,0.0005524267391177416
gradient_boosting,num__trend_rent_m2,0.0005457769180930006
gradient_boosting,num__basiskele_premium_x_location_baseline,0.000538582998889732
gradient_boosting,num__basiskele_detail_inside_premium_signal,0.0005371116078468705
gradient_boosting,num__demo_ses_a_ratio,0.0005361272097050196
gradient_boosting,num__demo_age_0_14,0.0005299657751402308
gradient_boosting,num__lat,0.0005273560043167556
gradient_boosting,num__basiskele_district_premium_bucket_median,0.0005195811688920712
gradient_boosting,num__demo_ses_cd_diff_county,0.0005127441471494521
gradient_boosting,num__lat_centered_county,0.0005086527241977117
gradient_boosting,cat__duplex_x_site_quality_tier_duplex__unknown,0.0005060591276795787
gradient_boosting,num__detail_effect_level_code,0.0004948328448841087
gradient_boosting,cat__geo_cluster_x_room_count_city_2||3+1,0.000490847091018168
gradient_boosting,num__demo_pharmacy_count,0.0004780887855299225
gradient_boosting,cat__duplex_x_district_duplex__4 Temmuz Mah.,0.0004496860088139795
gradient_boosting,cat__site_tier_x_district_premium__pasadag mh.,0.0004463856196145329
gradient_boosting,num__location_baseline_count,0.00042832957234725767
gradient_boosting,num__demo_household_size,0.000402840721047574
gradient_boosting,num__trend_sale_annual_change,0.00038965814903090304
gradient_boosting,cat__duplex_x_county_duplex__Karamürsel,0.0003803732828047615
gradient_boosting,num__demo_ses_ab_diff_county,0.0003796281897318929
gradient_boosting,num__demo_age_15_24,0.0003787544145995441
gradient_boosting,num__basiskele_premium_x_district_target_median,0.0003617411192287781
gradient_boosting,num__demo_pharmacy_per_10k,0.00033775927252583765
gradient_boosting,num__detail_effect_nearby_sum,0.0003341272042230336
gradient_boosting,cat__heating_Merkezi,0.00033392719893044967
gradient_boosting,num__floor_num,0.0003312163489356708
gradient_boosting,num__demo_divorced_count,0.0003285591544389204
gradient_boosting,num__nearby_score,0.00032733608543657666
gradient_boosting,cat__floor_segment_Zemin/Giriş,0.00032027309361656116
gradient_boosting,num__outside_quality_score,0.0003168613351650035
gradient_boosting,cat__site_id_bucket_x_district_b0__cayirkoy mh.,0.0003117701062394035
gradient_boosting,num__demo_age_35_44,0.0003088454378116802
gradient_boosting,cat__duplex_x_site_project_duplex__missing,0.0003086627557913223
gradient_boosting,cat__furnished_Hayır,0.0003019132148000545
gradient_boosting,cat__district_Cumhuriyet Mah.,0.00029636742963139726
gradient_boosting,num__basiskele_premium_x_gross_m2,0.0002901604686564865
gradient_boosting,num__attr_floor_quality_score,0.00027441988304205184
gradient_boosting,num__district_rent_m2_iqr,0.00027184773156827723
gradient_boosting,num__demo_high_school_diff_county,0.0002649529435757472
gradient_boosting,num__site_tier_x_coast_inv,0.00026309723040059385
gradient_boosting,num__demo_ses_a_plus_ratio,0.00026175481765084227
gradient_boosting,num__district_target_median,0.0002593045869575372
gradient_boosting,num__demo_education_university_ratio,0.0002579077470553169
gradient_boosting,cat__geo_cluster_x_room_count_city_5||3+1,0.000245104252316362
gradient_boosting,num__demo_population_female,0.00024435068087370204
gradient_boosting,cat__geo_cluster_county_Karamürsel_0,0.00024347140908080657
gradient_boosting,num__detail_effect_positive_count,0.00023800682677146482
gradient_boosting,cat__district_Alikahya Fatih Mah.,0.0002332877707535479
gradient_boosting,num__demo_ses_ab_ratio,0.00022553134396231553
gradient_boosting,num__detail_transport_count,0.00022366850883688902
gradient_boosting,num__demo_old_ratio_diff_county,0.00022359681778679705
gradient_boosting,num__view_score,0.00021590975701674784
gradient_boosting,num__detail_inside_count,0.00021359887776228382
gradient_boosting,num__distance_to_geo_cluster_center_m,0.00020195797206785848
gradient_boosting,num__demo_age_0_14_count,0.00020001111957596143
gradient_boosting,num__site_is_premium_tier,0.00019740539072400954
gradient_boosting,cat__duplex_x_county_duplex__İzmit,0.00019712210299512132
gradient_boosting,num__large_home_detail_premium_x_m2,0.00018791667931515596
gradient_boosting,cat__building_age_group_1,0.0001875926454538189
gradient_boosting,num__district_rent_m2_median,0.00018683811165135793
gradient_boosting,num__large_home_log_m2,0.00018311771903506549
gradient_boosting,num__distance_to_golcuk_center_m,0.00018281593633710292
gradient_boosting,num__demo_residential_density,0.0001794700044619106
gradient_boosting,num__basiskele_lat_lon_interaction,0.00017059202217942587
gradient_boosting,num__large_home_net_gross_quality,0.00016884392382948623
gradient_boosting,cat__building_age_group_21-25 arası,0.00015740764934230557
gradient_boosting,num__basiskele_premium_x_detail_view,0.00014397687183039342
gradient_boosting,cat__detail_konut_tipi_Bahçe Dubleksi,0.00014350933940274785
gradient_boosting,cat__large_home_x_site_project_id_bucket_lh__n30p,0.00014199752738168324
gradient_boosting,num__basiskele_detail_view_premium_signal,0.0001408094405189877
gradient_boosting,cat__duplex_x_district_duplex__Sarımeşe Mh.,0.00013955582822621415
gradient_boosting,cat__kitchen_Kapalı,0.00013952655161668194
gradient_boosting,num__demo_age_25_34_count,0.0001390046202403941
gradient_boosting,cat__site_tier_x_district_unknown__kayacik mh.,0.00013497850167394832
gradient_boosting,num__detail_effect_transport_sum,0.00012450412427535953
gradient_boosting,num__inside_quality_score,0.0001241149877984831
gradient_boosting,num__demo_never_married_count,0.00012387174024760256
gradient_boosting,num__district_rent_m2_mean,0.00012189151212402261
gradient_boosting,cat__geo_cluster_x_room_count_city_1||3+1,0.00011557336516466692
gradient_boosting,num__trend_price_change_sale,0.0001131001528980585
gradient_boosting,num__demo_ses_cd_ratio,0.00011263628598709301
gradient_boosting,num__attr_is_young_building,0.00010536267485618191
gradient_boosting,cat__heating_Merkezi (Pay Ölçer),0.00010196056204122565
gradient_boosting,cat__building_age_group_0 (Oturuma Hazır),0.00010175001210468452
gradient_boosting,cat__floor_segment_Ara Kat,0.00010093428228534261
gradient_boosting,num__demo_ses_c_ratio,9.998909390709389e-05
gradient_boosting,num__is_roof_duplex,9.668563854984863e-05
gradient_boosting,num__site_project_oof_confidence,8.665142999710083e-05
gradient_boosting,num__attr_large_home_x_quality,8.398741055920928e-05
gradient_boosting,cat__site_project_x_county_missing__kartepe,7.827183880649366e-05
gradient_boosting,num__demo_young_ratio_diff_county,7.361388083682016e-05
gradient_boosting,cat__rent_feature_level_district_room,7.295293371694674e-05
gradient_boosting,cat__duplex_type_standard,6.926694379199448e-05
gradient_boosting,num__demo_education_doctorate_count,6.259676918865005e-05
gradient_boosting,num__large_home_site_x_m2,5.500036692834006e-05
gradient_boosting,cat__usage_status_Boş,5.49233476776737e-05
gradient_boosting,num__attr_net_gross_good,3.4335030536376036e-05
gradient_boosting,num__attr_effect_site_inside,2.6677840881924135e-05
gradient_boosting,num__open_area_m2,0.0
gradient_boosting,num__has_open_area,0.0
gradient_boosting,num__is_ground_floor,0.0
gradient_boosting,num__is_basement,0.0
gradient_boosting,num__is_top_floor,0.0
gradient_boosting,num__is_middle_floor,0.0
gradient_boosting,num__rooms,0.0
gradient_boosting,num__living_rooms,0.0
gradient_boosting,num__total_room_score,0.0
gradient_boosting,num__is_new_building,0.0
gradient_boosting,num__is_small_flat,0.0
gradient_boosting,num__is_large_flat,0.0
gradient_boosting,num__detail_quality_score,0.0
gradient_boosting,num__detail_front_count,0.0
gradient_boosting,num__detail_view_count,0.0
gradient_boosting,num__detail_subtype_count,0.0
gradient_boosting,num__front_score,0.0
gradient_boosting,num__site_security_score,0.0
gradient_boosting,num__accessibility_score,0.0
gradient_boosting,num__district_rent_m2_cv,0.0
gradient_boosting,num__county_rent_m2_median,0.0
gradient_boosting,num__county_rent_m2_mean,0.0
gradient_boosting,num__county_rent_m2_count,0.0
gradient_boosting,num__rent_feature_confidence,0.0
gradient_boosting,num__trend_count_rent,0.0
gradient_boosting,num__trend_listing_period_sale,0.0
gradient_boosting,num__county_target_median,0.0
gradient_boosting,num__county_target_mean,0.0
gradient_boosting,num__demo_population_total,0.0
gradient_boosting,num__demo_population_male,0.0
gradient_boosting,num__demo_young_count,0.0
gradient_boosting,num__demo_middle_count,0.0
gradient_boosting,num__demo_old_count,0.0
gradient_boosting,num__demo_female_ratio,0.0
gradient_boosting,num__demo_male_ratio,0.0
gradient_boosting,num__demo_single_ratio,0.0
gradient_boosting,num__demo_married_count,0.0
gradient_boosting,num__demo_widow_count,0.0
gradient_boosting,num__demo_age_25_34,0.0
gradient_boosting,num__demo_age_45_54,0.0
gradient_boosting,num__demo_age_15_24_count,0.0
gradient_boosting,num__demo_age_35_44_count,0.0
gradient_boosting,num__demo_age_45_54_count,0.0
gradient_boosting,num__demo_age_55_64_count,0.0
gradient_boosting,num__demo_education_total,0.0
gradient_boosting,num__demo_education_university_count,0.0
gradient_boosting,num__demo_education_high_school_ratio,0.0
gradient_boosting,num__demo_education_high_school_count,0.0
gradient_boosting,num__demo_education_middle_school_ratio,0.0
gradient_boosting,num__demo_education_middle_school_count,0.0
gradient_boosting,num__demo_education_primary_school_ratio,0.0
gradient_boosting,num__demo_education_primary_school_count,0.0
gradient_boosting,num__demo_education_primary_education_ratio,0.0
gradient_boosting,num__demo_education_graduate_ratio,0.0
gradient_boosting,num__demo_education_doctorate_ratio,0.0
gradient_boosting,num__demo_education_non_literate_ratio,0.0
gradient_boosting,num__demo_education_unknown_ratio,0.0
gradient_boosting,num__demo_ses_a_count,0.0
gradient_boosting,num__demo_ses_b_count,0.0
gradient_boosting,num__demo_ses_c_count,0.0
gradient_boosting,num__demo_ses_d_count,0.0
gradient_boosting,num__demo_ses_d_ratio,0.0
gradient_boosting,num__demo_household_count,0.0
gradient_boosting,num__demo_per_capita_income_try,0.0
gradient_boosting,num__demo_residential_count,0.0
gradient_boosting,num__demo_summer_house_count,0.0
gradient_boosting,num__demo_vehicle_count,0.0
gradient_boosting,num__demo_car_count,0.0
gradient_boosting,num__demo_atm_count,0.0
gradient_boosting,num__demo_bank_count,0.0
gradient_boosting,num__county_demo_population_total_sum,0.0
gradient_boosting,num__county_demo_population_density_median,0.0
gradient_boosting,num__county_demo_population_density_mean,0.0
gradient_boosting,num__county_demo_per_capita_income_median,0.0
gradient_boosting,num__county_demo_household_income_median,0.0
gradient_boosting,num__county_demo_household_size_mean,0.0
gradient_boosting,num__county_demo_education_university_ratio_mean,0.0
gradient_boosting,num__county_demo_education_high_school_ratio_mean,0.0
gradient_boosting,num__county_demo_ses_ab_ratio_mean,0.0
gradient_boosting,num__county_demo_ses_cd_ratio_mean,0.0
gradient_boosting,num__county_demo_old_ratio_mean,0.0
gradient_boosting,num__county_demo_young_ratio_mean,0.0
gradient_boosting,num__county_demo_married_ratio_mean,0.0
gradient_boosting,num__county_demo_single_ratio_mean,0.0
gradient_boosting,num__county_demo_residential_count_sum,0.0
gradient_boosting,num__county_demo_workplace_count_sum,0.0
gradient_boosting,num__county_demo_vehicle_count_sum,0.0
gradient_boosting,num__county_demo_car_count_sum,0.0
gradient_boosting,num__county_demo_atm_count_sum,0.0
gradient_boosting,num__county_demo_pharmacy_count_sum,0.0
gradient_boosting,num__county_demo_bank_count_sum,0.0
gradient_boosting,num__demo_income_vs_county,0.0
gradient_boosting,num__demo_household_income_vs_county,0.0
gradient_boosting,num__demo_university_diff_county,0.0
gradient_boosting,num__demo_bank_per_10k,0.0
gradient_boosting,num__demo_has_demographics,0.0
gradient_boosting,num__demo_has_county_demographics,0.0
gradient_boosting,num__demo_age_coverage,0.0
gradient_boosting,num__demo_education_coverage,0.0
gradient_boosting,num__demo_income_available,0.0
gradient_boosting,num__demo_ses_available,0.0
gradient_boosting,num__demo_market_activity_available,0.0
gradient_boosting,num__demo_infrastructure_available,0.0
gradient_boosting,num__demo_coverage_score,0.0
gradient_boosting,num__demo_real_estate_agent_count,0.0
gradient_boosting,num__demo_agent_listing_count,0.0
gradient_boosting,num__demo_owner_listing_count,0.0
gradient_boosting,num__demo_sale_count,0.0
gradient_boosting,num__demo_mortgage_count,0.0
gradient_boosting,num__demo_turnover_ratio,0.0
gradient_boosting,num__demo_computed_turnover_ratio,0.0
gradient_boosting,num__demo_listing_count_2024,0.0
gradient_boosting,num__demo_bb_sale_count_2024,0.0
gradient_boosting,num__demo_bb_mortgaged_sale_count_2024,0.0
gradient_boosting,num__county_demo_sale_count_sum,0.0
gradient_boosting,num__county_demo_turnover_ratio_median,0.0
gradient_boosting,num__demo_turnover_vs_county,0.0
gradient_boosting,num__demo_saving_total,0.0
gradient_boosting,num__demo_expense_total,0.0
gradient_boosting,num__demo_expense_food,0.0
gradient_boosting,num__demo_expense_shelter,0.0
gradient_boosting,num__demo_expense_transportation,0.0
gradient_boosting,num__demo_expense_education,0.0
gradient_boosting,num__demo_ecommerce_count,0.0
gradient_boosting,num__demo_ecommerce_density,0.0
gradient_boosting,num__demo_online_retail,0.0
gradient_boosting,num__attr_is_new_building,0.0
gradient_boosting,num__attr_is_old_building,0.0
gradient_boosting,num__attr_is_ground_or_below,0.0
gradient_boosting,num__attr_is_top_floor,0.0
gradient_boosting,num__attr_is_middle_floor,0.0
gradient_boosting,num__attr_net_gross_bad,0.0
gradient_boosting,num__attr_compactness_score,0.0
gradient_boosting,num__attr_has_elevator,0.0
gradient_boosting,num__attr_has_parking,0.0
gradient_boosting,num__attr_has_balcony,0.0
gradient_boosting,num__attr_is_furnished,0.0
gradient_boosting,num__attr_is_site_inside,0.0
gradient_boosting,num__attr_credit_eligible,0.0
gradient_boosting,num__attr_has_natural_gas_heating,0.0
gradient_boosting,num__attr_has_premium_heating,0.0
gradient_boosting,num__attr_has_poor_heating,0.0
gradient_boosting,num__attr_effect_parking,0.0
gradient_boosting,num__attr_county_new_building_premium,0.0
gradient_boosting,num__attr_county_old_building_discount,0.0
gradient_boosting,num__attr_county_elevator_premium,0.0
gradient_boosting,num__attr_county_site_inside_premium,0.0
gradient_boosting,num__attr_county_parking_premium,0.0
gradient_boosting,num__attr_county_good_heating_premium,0.0
gradient_boosting,num__attr_county_high_quality_premium,0.0
gradient_boosting,num__large_home_basiskele_premium,0.0
gradient_boosting,num__basiskele_detail_outside_premium_signal,0.0
gradient_boosting,num__basiskele_detail_subtype_premium_signal,0.0
gradient_boosting,num__basiskele_detail_total_premium_signal,0.0
gradient_boosting,num__basiskele_has_pool_signal,0.0
gradient_boosting,num__basiskele_has_security_signal,0.0
gradient_boosting,num__basiskele_has_social_luxury_signal,0.0
gradient_boosting,num__basiskele_has_view_signal,0.0
gradient_boosting,num__basiskele_has_inside_luxury_signal,0.0
gradient_boosting,num__basiskele_site_premium_signal,0.0
gradient_boosting,num__basiskele_premium_bucket_low,0.0
gradient_boosting,num__basiskele_premium_bucket_mid,0.0
gradient_boosting,num__basiskele_premium_bucket_high,0.0
gradient_boosting,num__basiskele_premium_x_large_home,0.0
gradient_boosting,num__basiskele_premium_x_site_inside,0.0
gradient_boosting,num__basiskele_premium_x_detail_outside,0.0
gradient_boosting,num__basiskele_district_premium_bucket_count,0.0
gradient_boosting,num__basiskele_premium_bucket_county_median,0.0
gradient_boosting,num__basiskele_premium_bucket_county_mean,0.0
gradient_boosting,num__basiskele_large_home_premium_bucket_median,0.0
gradient_boosting,num__has_lat_lon,0.0
gradient_boosting,num__location_precision_exact,0.0
gradient_boosting,num__location_precision_approx,0.0
gradient_boosting,num__location_precision_district_only,0.0
gradient_boosting,num__location_precision_missing,0.0
gradient_boosting,num__location_source_data_attr_map,0.0
gradient_boosting,num__location_backfill_ok,0.0
gradient_boosting,num__location_backfill_listing_removed,0.0
gradient_boosting,num__location_quality_score,0.0
gradient_boosting,num__is_coastal_500m,0.0
gradient_boosting,num__is_coastal_1000m,0.0
gradient_boosting,num__is_coastal_2000m,0.0
gradient_boosting,num__location_quality_x_detail_effect_total,0.0
gradient_boosting,num__basiskele_distance_to_coast_x_large_home,0.0
gradient_boosting,num__basiskele_distance_to_coast_x_quality,0.0
gradient_boosting,num__geo_context_missing,0.0
gradient_boosting,num__geo_context_has_exact_location,0.0
gradient_boosting,num__geo_context_has_approx_location,0.0
gradient_boosting,num__distance_to_sea_m,0.0
gradient_boosting,num__log_distance_to_sea,0.0
gradient_boosting,num__is_coastal_250m,0.0
gradient_boosting,num__coast_distance_bucket_code,0.0
gradient_boosting,num__coastal_access_score,0.0
gradient_boosting,num__bsk_distance_to_sea_x_view_sea,0.0
gradient_boosting,num__bsk_distance_to_sea_x_near_sea_zero,0.0
gradient_boosting,num__bsk_distance_to_sea_x_large_home,0.0
gradient_boosting,num__bsk_distance_to_sea_x_site_inside,0.0
gradient_boosting,num__bsk_distance_to_sea_x_quality,0.0
gradient_boosting,num__bsk_coastal_x_large_home,0.0
gradient_boosting,num__bsk_coastal_x_geo_cluster,0.0
gradient_boosting,num__bsk_coastal_x_room_4p1,0.0
gradient_boosting,num__has_site_project_id,0.0
gradient_boosting,num__site_project_listing_count,0.0
gradient_boosting,num__site_project_freq_bucket,0.0
gradient_boosting,num__site_project_known_premium_flag,0.0
gradient_boosting,num__site_project_county_frequency,0.0
gradient_boosting,num__county_site_project_count,0.0
gradient_boosting,num__site_is_mid_tier,0.0
gradient_boosting,num__site_tier_code,0.0
gradient_boosting,num__site_tier_x_large_home,0.0
gradient_boosting,num__canonical_count_x_large_home,0.0
gradient_boosting,num__has_site_x_site_inside,0.0
gradient_boosting,num__known_premium_x_county_code,0.0
gradient_boosting,num__site_project_freq_x_county_code,0.0
gradient_boosting,num__site_project_oof_count,0.0
gradient_boosting,num__is_duplex,0.0
gradient_boosting,num__is_garden_duplex,0.0
gradient_boosting,num__is_middle_floor_duplex,0.0
gradient_boosting,num__is_standard_duplex,0.0
gradient_boosting,num__duplex_source_conflict,0.0
gradient_boosting,num__is_large_home,0.0
gradient_boosting,num__duplex_x_site_inside,0.0
gradient_boosting,num__duplex_x_site_project_known_premium,0.0
gradient_boosting,num__garden_duplex_x_private_garden,0.0
gradient_boosting,cat__real_estate_type_Satılık Daire,0.0
gradient_boosting,cat__real_estate_type_Satılık Müstakil Ev,0.0
gradient_boosting,cat__real_estate_type_Satılık Rezidans,0.0
gradient_boosting,cat__real_estate_type_Satılık Villa,0.0
gradient_boosting,cat__real_estate_type_Satılık Yazlık,0.0
gradient_boosting,cat__room_count_1+1,0.0
gradient_boosting,cat__room_count_1.5+1,0.0
gradient_boosting,cat__room_count_2+0,0.0
gradient_boosting,cat__room_count_2+1,0.0
gradient_boosting,cat__room_count_2+2,0.0
gradient_boosting,cat__room_count_2.5+1,0.0
gradient_boosting,cat__room_count_3+0,0.0
gradient_boosting,cat__room_count_3+1,0.0
gradient_boosting,cat__room_count_3+2,0.0
gradient_boosting,cat__room_count_3.5+1,0.0
gradient_boosting,cat__room_count_4+1,0.0
gradient_boosting,cat__room_count_4+2,0.0
gradient_boosting,cat__room_count_4.5+1,0.0
gradient_boosting,cat__room_count_4.5+2,0.0
gradient_boosting,cat__room_count_5+1,0.0
gradient_boosting,cat__room_count_5+2,0.0
gradient_boosting,cat__room_count_5.5+1,0.0
gradient_boosting,cat__room_count_6+1,0.0
gradient_boosting,cat__room_count_6+2,0.0
gradient_boosting,cat__room_count_6+3,0.0
gradient_boosting,cat__room_count_7+1,0.0
gradient_boosting,cat__room_count_Stüdyo (1+0),0.0
gradient_boosting,cat__floor_segment_Bahçe,0.0
gradient_boosting,cat__floor_segment_Bodrum,0.0
gradient_boosting,cat__floor_segment_En Üst Kat,0.0
gradient_boosting,cat__floor_segment_missing,0.0
gradient_boosting,cat__floor_segment_Çatı,0.0
gradient_boosting,cat__heating_Doğalgaz Sobası,0.0
gradient_boosting,cat__heating_Kat Kaloriferi,0.0
gradient_boosting,cat__heating_Klima,0.0
gradient_boosting,cat__heating_Kombi (Elektrik),0.0
gradient_boosting,cat__heating_Soba,0.0
gradient_boosting,cat__heating_VRV,0.0
gradient_boosting,cat__heating_Yerden Isıtma,0.0
gradient_boosting,cat__heating_Yok,0.0
gradient_boosting,cat__heating_missing,0.0
gradient_boosting,cat__kitchen_Açık (Amerikan),0.0
gradient_boosting,cat__kitchen_Belirtilmemiş,0.0
gradient_boosting,cat__balcony_Var,0.0
gradient_boosting,cat__balcony_Yok,0.0
gradient_boosting,cat__balcony_missing,0.0
gradient_boosting,cat__elevator_Belirtilmemiş,0.0
gradient_boosting,cat__elevator_Var,0.0
gradient_boosting,cat__elevator_Yok,0.0
gradient_boosting,cat__elevator_missing,0.0
gradient_boosting,cat__parking_Açık & Kapalı Otopark,0.0
gradient_boosting,cat__parking_Kapalı Otopark,0.0
gradient_boosting,cat__parking_Yok,0.0
gradient_boosting,cat__parking_missing,0.0
gradient_boosting,cat__furnished_Belirtilmemiş,0.0
gradient_boosting,cat__furnished_Evet,0.0
gradient_boosting,cat__furnished_missing,0.0
gradient_boosting,cat__usage_status_Kiracılı,0.0
gradient_boosting,cat__usage_status_missing,0.0
gradient_boosting,cat__site_inside_Belirtilmemiş,0.0
gradient_boosting,cat__site_inside_Evet,0.0
gradient_boosting,cat__site_inside_Hayır,0.0
gradient_boosting,cat__site_inside_missing,0.0
gradient_boosting,cat__credit_eligible_missing,0.0
gradient_boosting,cat__energy_certificate_missing,0.0
gradient_boosting,cat__deed_status_missing,0.0
gradient_boosting,cat__seller_type_missing,0.0
gradient_boosting,cat__barter_missing,0.0
gradient_boosting,cat__city_Kocaeli,0.0
gradient_boosting,cat__county_Başiskele,0.0
gradient_boosting,cat__county_Gölcük,0.0
gradient_boosting,cat__county_Karamürsel,0.0
gradient_boosting,cat__county_Kartepe,0.0
gradient_boosting,cat__county_İzmit,0.0
gradient_boosting,cat__district_28 Haziran Mah.,0.0
gradient_boosting,cat__district_4 Temmuz Mah.,0.0
gradient_boosting,cat__district_Acısu Mh.,0.0
gradient_boosting,cat__district_Akarca Mah.,0.0
gradient_boosting,cat__district_Akpınar Mh.,0.0
gradient_boosting,cat__district_Akçakoca Mh.,0.0
gradient_boosting,cat__district_Alikahya Atatürk Mh.,0.0
gradient_boosting,cat__district_Alikahya Cumhuriyet Mah.,0.0
gradient_boosting,cat__district_Alikahya Merkez Mah.,0.0
gradient_boosting,cat__district_Altınkent Mh.,0.0
gradient_boosting,cat__district_Arslanbey Mh.,0.0
gradient_boosting,cat__district_Arızlı Mh.,0.0
gradient_boosting,cat__district_Ataevler Mh.,0.0
gradient_boosting,cat__district_Atakent Mah.,0.0
gradient_boosting,cat__district_Atatürk Mh.,0.0
gradient_boosting,cat__district_Ataşehir Mh.,0.0
gradient_boosting,cat__district_Avcıköy Mh.,0.0
gradient_boosting,cat__district_Ayazma Mah.,0.0
gradient_boosting,cat__district_Aydınkent Mh.,0.0
gradient_boosting,cat__district_Bahçecik Kılıçaslan Mh.,0.0
gradient_boosting,cat__district_Bahçecik Şehitekrem Mh.,0.0
gradient_boosting,cat__district_Barbaros Mah.,0.0
gradient_boosting,cat__district_Bekirdere Mah.,0.0
gradient_boosting,cat__district_Cedit Mah.,0.0
gradient_boosting,cat__district_Damlar Mah.,0.0
gradient_boosting,cat__district_Derbent Mh.,0.0
gradient_boosting,cat__district_Dereköy Mh.,0.0
gradient_boosting,cat__district_Değirmendere Merkez Mh.,0.0
gradient_boosting,cat__district_Değirmendere Yalı Mh.,0.0
gradient_boosting,cat__district_Donanma Mah.,0.0
gradient_boosting,cat__district_Doğan Mh.,0.0
gradient_boosting,cat__district_Dumlupınar Mh.,0.0
gradient_boosting,cat__district_Durhasan Mh.,0.0
gradient_boosting,cat__district_Döngel Mh.,0.0
gradient_boosting,cat__district_Düzağaç Mh.,0.0
gradient_boosting,cat__district_Emekevler Mh.,0.0
gradient_boosting,cat__district_Erenler Mah.,0.0
gradient_boosting,cat__district_Ereğli Mh.,0.0
gradient_boosting,cat__district_Ertuğrul Gazi Mh.,0.0
gradient_boosting,cat__district_Fatih Mah.,0.0
gradient_boosting,cat__district_Fatih Sultan Mehmet Mh.,0.0
gradient_boosting,cat__district_Fevzi Çakmak Mh.,0.0
gradient_boosting,cat__district_Gültepe Mh.,0.0
gradient_boosting,cat__district_Gündoğdu Mh.,0.0
gradient_boosting,cat__district_Hacıhasan Mh.,0.0
gradient_boosting,cat__district_Hacıhızır Mh.,0.0
gradient_boosting,cat__district_Halıdere Yalı Mh.,0.0
gradient_boosting,cat__district_Halıdere Yeni Mh.,0.0
gradient_boosting,cat__district_Hatipköy Mh.,0.0
gradient_boosting,cat__district_Havuzlubahçe Mh.,0.0
gradient_boosting,cat__district_Hisareyn Merkez Mah.,0.0
gradient_boosting,cat__district_Kabaoğlu Mh.,0.0
gradient_boosting,cat__district_Kadıköy Mh.,0.0
gradient_boosting,cat__district_Karabaş Mh.,0.0
gradient_boosting,cat__district_Karadenizliler Mah.,0.0
gradient_boosting,cat__district_Karaköprü Mh.,0.0
gradient_boosting,cat__district_Karşıyaka Mh.,0.0
gradient_boosting,cat__district_Kavaklı Mh.,0.0
gradient_boosting,cat__district_Kayacık Mh.,0.0
gradient_boosting,cat__district_Kemalpaşa Mh.,0.0
gradient_boosting,cat__district_Kocatepe Mah.,0.0
gradient_boosting,cat__district_Kozluk Mah.,0.0
gradient_boosting,cat__district_Kullar Merkez Mh.,0.0
gradient_boosting,cat__district_Kullar Tepecik Mh.,0.0
gradient_boosting,cat__district_Kullar Yakacık Mh.,0.0
gradient_boosting,cat__district_Kuruçeşme Fatih Mh.,0.0
gradient_boosting,cat__district_Körfez Mh.,0.0
gradient_boosting,cat__district_Köseköy Mh.,0.0
gradient_boosting,cat__district_M. Alipaşa Mh.,0.0
gradient_boosting,cat__district_Mahmutpaşa Mh.,0.0
gradient_boosting,cat__district_Malta Mah.,0.0
gradient_boosting,cat__district_Maşukiye Mh.,0.0
gradient_boosting,cat__district_Merkez Mah.,0.0
gradient_boosting,cat__district_Orhan Mah.,0.0
gradient_boosting,cat__district_Paşadağ Mh.,0.0
gradient_boosting,cat__district_Piyalepaşa Mh.,0.0
gradient_boosting,cat__district_Rahmiye Mah.,0.0
gradient_boosting,cat__district_Sahil Mah.,0.0
gradient_boosting,cat__district_Sanayi Mah.,0.0
gradient_boosting,cat__district_Saraylı Mh.,0.0
gradient_boosting,cat__district_Sarımeşe Mh.,0.0
gradient_boosting,cat__district_Sekbanlı Mh.,0.0
gradient_boosting,cat__district_Sepetçi Mh.,0.0
gradient_boosting,cat__district_Serdar Mah.,0.0
gradient_boosting,cat__district_Seymen Mah.,0.0
gradient_boosting,cat__district_Tavşantepe Mh.,0.0
gradient_boosting,cat__district_Tepecik Mah.,0.0
gradient_boosting,cat__district_Tepecik Mh.,0.0
gradient_boosting,cat__district_Tepeköy Mh.,0.0
gradient_boosting,cat__district_Topçular Mh.,0.0
gradient_boosting,cat__district_Turgut Mah.,0.0
gradient_boosting,cat__district_Tüysüzler Mh.,0.0
gradient_boosting,cat__district_Ulaşlı Yalı Mh.,0.0
gradient_boosting,cat__district_Ulaşlı Yavuz Sultan Selim Mh.,0.0
gradient_boosting,cat__district_Uzuntarla Mh.,0.0
gradient_boosting,cat__district_Uzunçiftlik Mh.,0.0
gradient_boosting,cat__district_Veliahmet Mah.,0.0
gradient_boosting,cat__district_Vezirçiftliği Mh.,0.0
gradient_boosting,cat__district_Yahyakaptan Mah.,0.0
gradient_boosting,cat__district_Yalakdere Mh.,0.0
gradient_boosting,cat__district_Yaylacık Mh.,0.0
gradient_boosting,cat__district_Yazlık Merkez Mh.,0.0
gradient_boosting,cat__district_Yazlık Yeni Mh.,0.0
gradient_boosting,cat__district_Yeni Mah.,0.0
gradient_boosting,cat__district_Yenidoğan Mh.,0.0
gradient_boosting,cat__district_Yeniköy Merkez Mh.,0.0
gradient_boosting,cat__district_Yenişehir Mh.,0.0
gradient_boosting,cat__district_Yeşilkent Mh.,0.0
gradient_boosting,cat__district_Yeşilova Mh.,0.0
gradient_boosting,cat__district_Yeşilyurt Mh.,0.0
gradient_boosting,cat__district_Yukarı Mh.,0.0
gradient_boosting,cat__district_Yunus Emre Mah.,0.0
gradient_boosting,cat__district_Yuvacık Yakacık Mh.,0.0
gradient_boosting,cat__district_Yüzbaşılar Mh.,0.0
gradient_boosting,cat__district_Zabıtan Mh.,0.0
gradient_boosting,cat__district_Çayırköy Mh.,0.0
gradient_boosting,cat__district_Çepni Mh.,0.0
gradient_boosting,cat__district_Çiftlik Mh.,0.0
gradient_boosting,cat__district_Çukurbağ Mh.,0.0
gradient_boosting,cat__district_Ömerağa Mh.,0.0
gradient_boosting,cat__district_Örcün Mh.,0.0
gradient_boosting,cat__district_İbrikdere Mh.,0.0
gradient_boosting,cat__district_İhsaniye Merkez Mh.,0.0
gradient_boosting,cat__district_İpek Yolu Mh.,0.0
gradient_boosting,cat__district_İstasyon Mh.,0.0
gradient_boosting,cat__district_Şehitler Mh.,0.0
gradient_boosting,cat__district_Şevkatiye Mh.,0.0
gradient_boosting,cat__district_Şirinköy Mh.,0.0
gradient_boosting,cat__district_Şirintepe Mh.,0.0
gradient_boosting,cat__building_age_group_0 (Yapım Aşamasında),0.0
gradient_boosting,cat__building_age_group_11-15 arası,0.0
gradient_boosting,cat__building_age_group_16-20 arası,0.0
gradient_boosting,cat__building_age_group_2,0.0
gradient_boosting,cat__building_age_group_26-30 arası,0.0
gradient_boosting,cat__building_age_group_3,0.0
gradient_boosting,cat__building_age_group_31 ve üzeri,0.0
gradient_boosting,cat__building_age_group_4,0.0
gradient_boosting,cat__building_age_group_5,0.0
gradient_boosting,cat__building_age_group_6-10 arası,0.0
gradient_boosting,cat__building_age_group_missing,0.0
gradient_boosting,cat__m2_group_0-75,0.0
gradient_boosting,cat__m2_group_101-125,0.0
gradient_boosting,cat__m2_group_126-150,0.0
gradient_boosting,cat__m2_group_151-200,0.0
gradient_boosting,cat__m2_group_200+,0.0
gradient_boosting,cat__m2_group_76-100,0.0
gradient_boosting,cat__detail_cephe_Batı,0.0
gradient_boosting,cat__detail_cephe_Batı|Doğu,0.0
gradient_boosting,cat__detail_cephe_Batı|Doğu|Güney,0.0
gradient_boosting,cat__detail_cephe_Batı|Doğu|Güney|Kuzey,0.0
gradient_boosting,cat__detail_cephe_Batı|Doğu|Kuzey,0.0
gradient_boosting,cat__detail_cephe_Batı|Güney,0.0
gradient_boosting,cat__detail_cephe_Batı|Güney|Kuzey,0.0
gradient_boosting,cat__detail_cephe_Batı|Kuzey,0.0
gradient_boosting,cat__detail_cephe_Doğu,0.0
gradient_boosting,cat__detail_cephe_Doğu|Güney,0.0
gradient_boosting,cat__detail_cephe_Doğu|Güney|Kuzey,0.0
gradient_boosting,cat__detail_cephe_Doğu|Kuzey,0.0
gradient_boosting,cat__detail_cephe_Güney,0.0
gradient_boosting,cat__detail_cephe_Güney|Kuzey,0.0
gradient_boosting,cat__detail_cephe_Kuzey,0.0
gradient_boosting,cat__detail_cephe_missing,0.0
gradient_boosting,cat__detail_manzara_Boğaz|Deniz,0.0
gradient_boosting,cat__detail_manzara_Boğaz|Deniz|Doğa,0.0
gradient_boosting,cat__detail_manzara_Boğaz|Deniz|Doğa|Göl|Havuz|Nehir|Park & Yeşil Alan|Şehir,0.0
gradient_boosting,cat__detail_manzara_Boğaz|Deniz|Doğa|Göl|Park & Yeşil Alan|Şehir,0.0
gradient_boosting,cat__detail_manzara_Boğaz|Deniz|Doğa|Havuz|Park & Yeşil Alan|Şehir,0.0
gradient_boosting,cat__detail_manzara_Boğaz|Deniz|Doğa|Park & Yeşil Alan,0.0
gradient_boosting,cat__detail_manzara_Boğaz|Deniz|Doğa|Park & Yeşil Alan|Şehir,0.0
gradient_boosting,cat__detail_manzara_Boğaz|Deniz|Doğa|Şehir,0.0
gradient_boosting,cat__detail_manzara_Boğaz|Deniz|Göl|Park & Yeşil Alan,0.0
gradient_boosting,cat__detail_manzara_Boğaz|Deniz|Park & Yeşil Alan,0.0
gradient_boosting,cat__detail_manzara_Boğaz|Deniz|Park & Yeşil Alan|Şehir,0.0
gradient_boosting,cat__detail_manzara_Boğaz|Deniz|Şehir,0.0
gradient_boosting,cat__detail_manzara_Boğaz|Doğa|Havuz|Park & Yeşil Alan,0.0
gradient_boosting,cat__detail_manzara_Boğaz|Doğa|Park & Yeşil Alan,0.0
gradient_boosting,cat__detail_manzara_Boğaz|Doğa|Park & Yeşil Alan|Şehir,0.0
gradient_boosting,cat__detail_manzara_Deniz|Doğa,0.0
gradient_boosting,cat__detail_manzara_Deniz|Doğa|Göl|Park & Yeşil Alan,0.0
gradient_boosting,cat__detail_manzara_Deniz|Doğa|Göl|Park & Yeşil Alan|Şehir,0.0
gradient_boosting,cat__detail_manzara_Deniz|Doğa|Havuz,0.0
gradient_boosting,cat__detail_manzara_Deniz|Doğa|Havuz|Park & Yeşil Alan,0.0
gradient_boosting,cat__detail_manzara_Deniz|Doğa|Havuz|Park & Yeşil Alan|Şehir,0.0
gradient_boosting,cat__detail_manzara_Deniz|Doğa|Havuz|Şehir,0.0
gradient_boosting,cat__detail_manzara_Deniz|Doğa|Nehir|Park & Yeşil Alan|Şehir,0.0
gradient_boosting,cat__detail_manzara_Deniz|Doğa|Park & Yeşil Alan,0.0
gradient_boosting,cat__detail_manzara_Deniz|Doğa|Park & Yeşil Alan|Şehir,0.0
gradient_boosting,cat__detail_manzara_Deniz|Doğa|Şehir,0.0
gradient_boosting,cat__detail_manzara_Deniz|Göl|Şehir,0.0
gradient_boosting,cat__detail_manzara_Deniz|Havuz,0.0
gradient_boosting,cat__detail_manzara_Deniz|Havuz|Park & Yeşil Alan,0.0
gradient_boosting,cat__detail_manzara_Deniz|Havuz|Park & Yeşil Alan|Şehir,0.0
gradient_boosting,cat__detail_manzara_Deniz|Havuz|Şehir,0.0
gradient_boosting,cat__detail_manzara_Deniz|Nehir|Park & Yeşil Alan,0.0
gradient_boosting,cat__detail_manzara_Deniz|Park & Yeşil Alan,0.0
gradient_boosting,cat__detail_manzara_Deniz|Park & Yeşil Alan|Şehir,0.0
gradient_boosting,cat__detail_manzara_Deniz|Şehir,0.0
gradient_boosting,cat__detail_manzara_Doğa,0.0
gradient_boosting,cat__detail_manzara_Doğa|Göl,0.0
gradient_boosting,cat__detail_manzara_Doğa|Göl|Havuz|Park & Yeşil Alan|Şehir,0.0
gradient_boosting,cat__detail_manzara_Doğa|Göl|Havuz|Şehir,0.0
gradient_boosting,cat__detail_manzara_Doğa|Göl|Park & Yeşil Alan,0.0
gradient_boosting,cat__detail_manzara_Doğa|Göl|Park & Yeşil Alan|Şehir,0.0
gradient_boosting,cat__detail_manzara_Doğa|Göl|Şehir,0.0
gradient_boosting,cat__detail_manzara_Doğa|Havuz,0.0
gradient_boosting,cat__detail_manzara_Doğa|Havuz|Park & Yeşil Alan,0.0
gradient_boosting,cat__detail_manzara_Doğa|Havuz|Park & Yeşil Alan|Şehir,0.0
gradient_boosting,cat__detail_manzara_Doğa|Havuz|Şehir,0.0
gradient_boosting,cat__detail_manzara_Doğa|Nehir|Park & Yeşil Alan,0.0
gradient_boosting,cat__detail_manzara_Doğa|Nehir|Park & Yeşil Alan|Şehir,0.0
gradient_boosting,cat__detail_manzara_Doğa|Park & Yeşil Alan,0.0
gradient_boosting,cat__detail_manzara_Doğa|Park & Yeşil Alan|Şehir,0.0
gradient_boosting,cat__detail_manzara_Doğa|Şehir,0.0
gradient_boosting,cat__detail_manzara_Göl,0.0
gradient_boosting,cat__detail_manzara_Göl|Havuz,0.0
gradient_boosting,cat__detail_manzara_Göl|Havuz|Park & Yeşil Alan,0.0
gradient_boosting,cat__detail_manzara_Göl|Park & Yeşil Alan,0.0
gradient_boosting,cat__detail_manzara_Göl|Park & Yeşil Alan|Şehir,0.0
gradient_boosting,cat__detail_manzara_Göl|Şehir,0.0
gradient_boosting,cat__detail_manzara_Havuz,0.0
gradient_boosting,cat__detail_manzara_Havuz|Park & Yeşil Alan,0.0
gradient_boosting,cat__detail_manzara_Havuz|Park & Yeşil Alan|Şehir,0.0
gradient_boosting,cat__detail_manzara_Havuz|Şehir,0.0
gradient_boosting,cat__detail_manzara_Park & Yeşil Alan,0.0
gradient_boosting,cat__detail_manzara_Park & Yeşil Alan|Şehir,0.0
gradient_boosting,cat__detail_manzara_missing,0.0
gradient_boosting,cat__detail_manzara_Şehir,0.0
gradient_boosting,cat__detail_konut_tipi_Ara Kat,0.0
gradient_boosting,cat__detail_konut_tipi_Ara Kat Dubleks,0.0
gradient_boosting,cat__detail_konut_tipi_Ara Kat|Ara Kat Dubleks,0.0
gradient_boosting,cat__detail_konut_tipi_Ara Kat|Bahçe Dubleksi,0.0
gradient_boosting,cat__detail_konut_tipi_Ara Kat|Bahçe Dubleksi|Çatı Dubleksi,0.0
gradient_boosting,cat__detail_konut_tipi_Ara Kat|Tripleks,0.0
gradient_boosting,cat__detail_konut_tipi_Ara Kat|Çatı Dubleksi,0.0
gradient_boosting,cat__detail_konut_tipi_Bahçe Dubleksi|Ters Dubleks,0.0
gradient_boosting,cat__detail_konut_tipi_Bahçe Dubleksi|Tripleks,0.0
gradient_boosting,cat__detail_konut_tipi_Bahçe Dubleksi|Çatı Dubleksi,0.0
gradient_boosting,cat__detail_konut_tipi_Dubleks,0.0
gradient_boosting,cat__detail_konut_tipi_Dubleks|Ara Kat,0.0
gradient_boosting,cat__detail_konut_tipi_Dubleks|Ara Kat Dubleks,0.0
gradient_boosting,cat__detail_konut_tipi_Dubleks|Ara Kat Dubleks|Ters Dubleks,0.0
gradient_boosting,cat__detail_konut_tipi_Dubleks|Ara Kat|Ara Kat Dubleks,0.0
gradient_boosting,cat__detail_konut_tipi_Dubleks|Ara Kat|Ara Kat Dubleks|Bahçe Dubleksi,0.0
gradient_boosting,cat__detail_konut_tipi_Dubleks|Ara Kat|Ara Kat Dubleks|Bahçe Dubleksi|Ters Dubleks,0.0
gradient_boosting,cat__detail_konut_tipi_Dubleks|Ara Kat|Ara Kat Dubleks|Ters Dubleks,0.0
gradient_boosting,cat__detail_konut_tipi_Dubleks|Ara Kat|Bahçe Dubleksi,0.0
gradient_boosting,cat__detail_konut_tipi_Dubleks|Ara Kat|Bahçe Dubleksi|Ters Dubleks,0.0
gradient_boosting,cat__detail_konut_tipi_Dubleks|Ara Kat|Bahçe Dubleksi|Çatı Dubleksi|Ters Dubleks,0.0
gradient_boosting,cat__detail_konut_tipi_Dubleks|Ara Kat|Çatı Dubleksi,0.0
gradient_boosting,cat__detail_konut_tipi_Dubleks|Bahçe Dubleksi,0.0
gradient_boosting,cat__detail_konut_tipi_Dubleks|Bahçe Dubleksi|Ters Dubleks,0.0
gradient_boosting,cat__detail_konut_tipi_Dubleks|Bahçe Dubleksi|Çatı Dubleksi,0.0
gradient_boosting,cat__detail_konut_tipi_Dubleks|En Üst Kat,0.0
gradient_boosting,cat__detail_konut_tipi_Dubleks|En Üst Kat|Ara Kat,0.0
gradient_boosting,cat__detail_konut_tipi_Dubleks|En Üst Kat|Ara Kat Dubleks|Bahçe Dubleksi|Çatı Dubleksi|Forleks|Ters Dubleks|Tripleks,0.0
gradient_boosting,cat__detail_konut_tipi_Dubleks|En Üst Kat|Ara Kat Dubleks|Bahçe Dubleksi|Çatı Dubleksi|Ters Dubleks,0.0
gradient_boosting,cat__detail_konut_tipi_Dubleks|En Üst Kat|Ara Kat Dubleks|Çatı Dubleksi|Ters Dubleks,0.0
gradient_boosting,cat__detail_konut_tipi_Dubleks|En Üst Kat|Ara Kat Dubleks|Çatı Dubleksi|Ters Dubleks|Tripleks,0.0
gradient_boosting,cat__detail_konut_tipi_Dubleks|En Üst Kat|Ara Kat|Ara Kat Dubleks|Bahçe Dubleksi|Çatı Dubleksi|Forleks|Ters Dubleks,0.0
gradient_boosting,cat__detail_konut_tipi_Dubleks|En Üst Kat|Ara Kat|Ara Kat Dubleks|Bahçe Dubleksi|Çatı Dubleksi|Forleks|Ters Dubleks|Tripleks,0.0
gradient_boosting,cat__detail_konut_tipi_Dubleks|En Üst Kat|Ara Kat|Ara Kat Dubleks|Bahçe Dubleksi|Çatı Dubleksi|Ters Dubleks,0.0
gradient_boosting,cat__detail_konut_tipi_Dubleks|En Üst Kat|Ara Kat|Ara Kat Dubleks|Bahçe Dubleksi|Çatı Dubleksi|Ters Dubleks|Tripleks,0.0
gradient_boosting,cat__detail_konut_tipi_Dubleks|En Üst Kat|Ara Kat|Ara Kat Dubleks|Çatı Dubleksi,0.0
gradient_boosting,cat__detail_konut_tipi_Dubleks|En Üst Kat|Ara Kat|Ara Kat Dubleks|Çatı Dubleksi|Forleks|Ters Dubleks|Tripleks,0.0
gradient_boosting,cat__detail_konut_tipi_Dubleks|En Üst Kat|Ara Kat|Ara Kat Dubleks|Çatı Dubleksi|Ters Dubleks,0.0
gradient_boosting,cat__detail_konut_tipi_Dubleks|En Üst Kat|Ara Kat|Bahçe Dubleksi,0.0
gradient_boosting,cat__detail_konut_tipi_Dubleks|En Üst Kat|Ara Kat|Bahçe Dubleksi|Çatı Dubleksi,0.0
gradient_boosting,cat__detail_konut_tipi_Dubleks|En Üst Kat|Ara Kat|Çatı Dubleksi,0.0
gradient_boosting,cat__detail_konut_tipi_Dubleks|En Üst Kat|Ara Kat|Çatı Dubleksi|Ters Dubleks,0.0
gradient_boosting,cat__detail_konut_tipi_Dubleks|En Üst Kat|Ters Dubleks,0.0
gradient_boosting,cat__detail_konut_tipi_Dubleks|En Üst Kat|Çatı Dubleksi,0.0
gradient_boosting,cat__detail_konut_tipi_Dubleks|En Üst Kat|Çatı Dubleksi|Ters Dubleks,0.0
gradient_boosting,cat__detail_konut_tipi_Dubleks|Ters Dubleks,0.0
gradient_boosting,cat__detail_konut_tipi_Dubleks|Çatı Dubleksi,0.0
gradient_boosting,cat__detail_konut_tipi_En Üst Kat,0.0
gradient_boosting,cat__detail_konut_tipi_En Üst Kat|Ara Kat,0.0
gradient_boosting,cat__detail_konut_tipi_En Üst Kat|Ara Kat Dubleks|Çatı Dubleksi,0.0
gradient_boosting,cat__detail_konut_tipi_En Üst Kat|Ara Kat|Bahçe Dubleksi,0.0
gradient_boosting,cat__detail_konut_tipi_En Üst Kat|Ara Kat|Çatı Dubleksi,0.0
gradient_boosting,cat__detail_konut_tipi_En Üst Kat|Tripleks,0.0
gradient_boosting,cat__detail_konut_tipi_En Üst Kat|Çatı Dubleksi,0.0
gradient_boosting,cat__detail_konut_tipi_Forleks,0.0
gradient_boosting,cat__detail_konut_tipi_Kat Dubleksi,0.0
gradient_boosting,cat__detail_konut_tipi_Ters Dubleks,0.0
gradient_boosting,cat__detail_konut_tipi_Tripleks,0.0
gradient_boosting,cat__detail_konut_tipi_missing,0.0
gradient_boosting,cat__detail_konut_tipi_Çatı Dubleksi,0.0
gradient_boosting,cat__detail_konut_tipi_Çatı Dubleksi|Ters Dubleks,0.0
gradient_boosting,cat__rent_feature_level_county,0.0
gradient_boosting,cat__rent_feature_level_district,0.0
gradient_boosting,cat__rent_feature_level_district_m2_group,0.0
gradient_boosting,cat__demo_dominant_age_group_10-14,0.0
gradient_boosting,cat__demo_dominant_age_group_20-24,0.0
gradient_boosting,cat__demo_dominant_age_group_25-29,0.0
gradient_boosting,cat__demo_dominant_age_group_30-34,0.0
gradient_boosting,cat__demo_dominant_age_group_40-44,0.0
gradient_boosting,cat__demo_dominant_age_group_45-49,0.0
gradient_boosting,cat__demo_dominant_age_group_5-9,0.0
gradient_boosting,cat__demo_dominant_age_group_50-54,0.0
gradient_boosting,cat__demo_dominant_age_group_65+,0.0
gradient_boosting,cat__demo_dominant_age_group_missing,0.0
gradient_boosting,cat__demo_dominant_marital_status_Bekar,0.0
gradient_boosting,cat__demo_dominant_marital_status_Evli,0.0
gradient_boosting,cat__demo_dominant_marital_status_missing,0.0
gradient_boosting,cat__demo_dominant_education_Lisans,0.0
gradient_boosting,cat__demo_dominant_education_Lise,0.0
gradient_boosting,cat__demo_dominant_education_missing,0.0
gradient_boosting,cat__demo_dominant_education_İlkokul,0.0
gradient_boosting,cat__demo_ses_group_A Grubu,0.0
gradient_boosting,cat__demo_ses_group_B Grubu,0.0
gradient_boosting,cat__demo_ses_group_C Grubu,0.0
gradient_boosting,cat__demo_ses_group_missing,0.0
gradient_boosting,cat__location_precision_district_only,0.0
gradient_boosting,cat__location_precision_exact_map,0.0
gradient_boosting,cat__location_precision_missing,0.0
gradient_boosting,cat__location_source_data_attr_map,0.0
gradient_boosting,cat__location_source_district_text,0.0
gradient_boosting,cat__location_source_missing,0.0
gradient_boosting,cat__geo_cluster_city_city_0,0.0
gradient_boosting,cat__geo_cluster_city_city_1,0.0
gradient_boosting,cat__geo_cluster_city_city_10,0.0
gradient_boosting,cat__geo_cluster_city_city_11,0.0
gradient_boosting,cat__geo_cluster_city_city_2,0.0
gradient_boosting,cat__geo_cluster_city_city_3,0.0
gradient_boosting,cat__geo_cluster_city_city_4,0.0
gradient_boosting,cat__geo_cluster_city_city_5,0.0
gradient_boosting,cat__geo_cluster_city_city_6,0.0
gradient_boosting,cat__geo_cluster_city_city_7,0.0
gradient_boosting,cat__geo_cluster_city_city_8,0.0
gradient_boosting,cat__geo_cluster_city_city_9,0.0
gradient_boosting,cat__geo_cluster_city_missing,0.0
gradient_boosting,cat__geo_cluster_county_Başiskele_0,0.0
gradient_boosting,cat__geo_cluster_county_Başiskele_1,0.0
gradient_boosting,cat__geo_cluster_county_Başiskele_2,0.0
gradient_boosting,cat__geo_cluster_county_Başiskele_3,0.0
gradient_boosting,cat__geo_cluster_county_Başiskele_4,0.0
gradient_boosting,cat__geo_cluster_county_Başiskele_5,0.0
gradient_boosting,cat__geo_cluster_county_Gölcük_0,0.0
gradient_boosting,cat__geo_cluster_county_Gölcük_1,0.0
gradient_boosting,cat__geo_cluster_county_Gölcük_2,0.0
gradient_boosting,cat__geo_cluster_county_Gölcük_3,0.0
gradient_boosting,cat__geo_cluster_county_Karamürsel_1,0.0
gradient_boosting,cat__geo_cluster_county_Karamürsel_2,0.0
gradient_boosting,cat__geo_cluster_county_other,0.0
gradient_boosting,cat__geo_cluster_county_İzmit_0,0.0
gradient_boosting,cat__geo_cluster_county_İzmit_1,0.0
gradient_boosting,cat__geo_cluster_county_İzmit_2,0.0
gradient_boosting,cat__geo_cluster_county_İzmit_3,0.0
gradient_boosting,cat__geo_cluster_county_İzmit_4,0.0
gradient_boosting,cat__geo_cluster_county_İzmit_5,0.0
gradient_boosting,cat__basiskele_geo_cluster_Başiskele_0,0.0
gradient_boosting,cat__basiskele_geo_cluster_Başiskele_1,0.0
gradient_boosting,cat__basiskele_geo_cluster_Başiskele_2,0.0
gradient_boosting,cat__basiskele_geo_cluster_Başiskele_3,0.0
gradient_boosting,cat__basiskele_geo_cluster_Başiskele_4,0.0
gradient_boosting,cat__basiskele_geo_cluster_Başiskele_5,0.0
gradient_boosting,cat__basiskele_geo_cluster_other,0.0
gradient_boosting,cat__coast_distance_bucket_0_500,0.0
gradient_boosting,cat__coast_distance_bucket_1000_3000,0.0
gradient_boosting,cat__coast_distance_bucket_3000_plus,0.0
gradient_boosting,cat__coast_distance_bucket_500_1000,0.0
gradient_boosting,cat__coast_distance_bucket_missing,0.0
gradient_boosting,cat__basiskele_geo_cluster_x_m2_group_Başiskele_0||0-75,0.0
gradient_boosting,cat__basiskele_geo_cluster_x_m2_group_Başiskele_0||101-125,0.0
gradient_boosting,cat__basiskele_geo_cluster_x_m2_group_Başiskele_0||126-150,0.0
gradient_boosting,cat__basiskele_geo_cluster_x_m2_group_Başiskele_0||151-200,0.0
gradient_boosting,cat__basiskele_geo_cluster_x_m2_group_Başiskele_0||200+,0.0
gradient_boosting,cat__basiskele_geo_cluster_x_m2_group_Başiskele_0||76-100,0.0
gradient_boosting,cat__basiskele_geo_cluster_x_m2_group_Başiskele_1||0-75,0.0
gradient_boosting,cat__basiskele_geo_cluster_x_m2_group_Başiskele_1||101-125,0.0
gradient_boosting,cat__basiskele_geo_cluster_x_m2_group_Başiskele_1||126-150,0.0
gradient_boosting,cat__basiskele_geo_cluster_x_m2_group_Başiskele_1||151-200,0.0
gradient_boosting,cat__basiskele_geo_cluster_x_m2_group_Başiskele_1||200+,0.0
gradient_boosting,cat__basiskele_geo_cluster_x_m2_group_Başiskele_1||76-100,0.0
gradient_boosting,cat__basiskele_geo_cluster_x_m2_group_Başiskele_2||0-75,0.0
gradient_boosting,cat__basiskele_geo_cluster_x_m2_group_Başiskele_2||101-125,0.0
gradient_boosting,cat__basiskele_geo_cluster_x_m2_group_Başiskele_2||126-150,0.0
gradient_boosting,cat__basiskele_geo_cluster_x_m2_group_Başiskele_2||151-200,0.0
gradient_boosting,cat__basiskele_geo_cluster_x_m2_group_Başiskele_2||200+,0.0
gradient_boosting,cat__basiskele_geo_cluster_x_m2_group_Başiskele_2||76-100,0.0
gradient_boosting,cat__basiskele_geo_cluster_x_m2_group_Başiskele_3||0-75,0.0
gradient_boosting,cat__basiskele_geo_cluster_x_m2_group_Başiskele_3||101-125,0.0
gradient_boosting,cat__basiskele_geo_cluster_x_m2_group_Başiskele_3||126-150,0.0
gradient_boosting,cat__basiskele_geo_cluster_x_m2_group_Başiskele_3||151-200,0.0
gradient_boosting,cat__basiskele_geo_cluster_x_m2_group_Başiskele_3||200+,0.0
gradient_boosting,cat__basiskele_geo_cluster_x_m2_group_Başiskele_3||76-100,0.0
gradient_boosting,cat__basiskele_geo_cluster_x_m2_group_Başiskele_4||0-75,0.0
gradient_boosting,cat__basiskele_geo_cluster_x_m2_group_Başiskele_4||101-125,0.0
gradient_boosting,cat__basiskele_geo_cluster_x_m2_group_Başiskele_4||126-150,0.0
gradient_boosting,cat__basiskele_geo_cluster_x_m2_group_Başiskele_4||151-200,0.0
gradient_boosting,cat__basiskele_geo_cluster_x_m2_group_Başiskele_4||200+,0.0
gradient_boosting,cat__basiskele_geo_cluster_x_m2_group_Başiskele_4||76-100,0.0
gradient_boosting,cat__basiskele_geo_cluster_x_m2_group_Başiskele_5||0-75,0.0
gradient_boosting,cat__basiskele_geo_cluster_x_m2_group_Başiskele_5||101-125,0.0
gradient_boosting,cat__basiskele_geo_cluster_x_m2_group_Başiskele_5||126-150,0.0
gradient_boosting,cat__basiskele_geo_cluster_x_m2_group_Başiskele_5||151-200,0.0
gradient_boosting,cat__basiskele_geo_cluster_x_m2_group_Başiskele_5||200+,0.0
gradient_boosting,cat__basiskele_geo_cluster_x_m2_group_Başiskele_5||76-100,0.0
gradient_boosting,cat__basiskele_geo_cluster_x_m2_group_other,0.0
gradient_boosting,cat__basiskele_geo_cluster_x_m2_group_other||0-75,0.0
gradient_boosting,cat__basiskele_geo_cluster_x_m2_group_other||101-125,0.0
gradient_boosting,cat__basiskele_geo_cluster_x_m2_group_other||126-150,0.0
gradient_boosting,cat__basiskele_geo_cluster_x_m2_group_other||151-200,0.0
gradient_boosting,cat__basiskele_geo_cluster_x_m2_group_other||200+,0.0
gradient_boosting,cat__basiskele_geo_cluster_x_m2_group_other||76-100,0.0
gradient_boosting,cat__geo_cluster_x_room_count_city_0||1+1,0.0
gradient_boosting,cat__geo_cluster_x_room_count_city_0||1.5+1,0.0
gradient_boosting,cat__geo_cluster_x_room_count_city_0||2+1,0.0
gradient_boosting,cat__geo_cluster_x_room_count_city_0||2.5+1,0.0
gradient_boosting,cat__geo_cluster_x_room_count_city_0||3+1,0.0
gradient_boosting,cat__geo_cluster_x_room_count_city_0||3+2,0.0
gradient_boosting,cat__geo_cluster_x_room_count_city_0||3.5+1,0.0
gradient_boosting,cat__geo_cluster_x_room_count_city_0||4+1,0.0
gradient_boosting,cat__geo_cluster_x_room_count_city_0||4+2,0.0
gradient_boosting,cat__geo_cluster_x_room_count_city_0||4.5+1,0.0
gradient_boosting,cat__geo_cluster_x_room_count_city_0||5+1,0.0
gradient_boosting,cat__geo_cluster_x_room_count_city_0||5+2,0.0
gradient_boosting,cat__geo_cluster_x_room_count_city_0||6+1,0.0
gradient_boosting,cat__geo_cluster_x_room_count_city_10||1+1,0.0
gradient_boosting,cat__geo_cluster_x_room_count_city_10||2+1,0.0
gradient_boosting,cat__geo_cluster_x_room_count_city_10||3+1,0.0
gradient_boosting,cat__geo_cluster_x_room_count_city_10||4+1,0.0
gradient_boosting,cat__geo_cluster_x_room_count_city_10||5+1,0.0
gradient_boosting,cat__geo_cluster_x_room_count_city_10||6+1,0.0
gradient_boosting,cat__geo_cluster_x_room_count_city_10||Stüdyo (1+0),0.0
gradient_boosting,cat__geo_cluster_x_room_count_city_11||2+1,0.0
gradient_boosting,cat__geo_cluster_x_room_count_city_11||3+1,0.0
gradient_boosting,cat__geo_cluster_x_room_count_city_11||4+1,0.0
gradient_boosting,cat__geo_cluster_x_room_count_city_1||1+1,0.0
gradient_boosting,cat__geo_cluster_x_room_count_city_1||1.5+1,0.0
gradient_boosting,cat__geo_cluster_x_room_count_city_1||2+1,0.0
gradient_boosting,cat__geo_cluster_x_room_count_city_1||3.5+1,0.0
gradient_boosting,cat__geo_cluster_x_room_count_city_1||4+1,0.0
gradient_boosting,cat__geo_cluster_x_room_count_city_1||4+2,0.0
gradient_boosting,cat__geo_cluster_x_room_count_city_1||4.5+1,0.0
gradient_boosting,cat__geo_cluster_x_room_count_city_1||5+1,0.0
gradient_boosting,cat__geo_cluster_x_room_count_city_1||5+2,0.0
gradient_boosting,cat__geo_cluster_x_room_count_city_1||5.5+1,0.0
gradient_boosting,cat__geo_cluster_x_room_count_city_2||1+1,0.0
gradient_boosting,cat__geo_cluster_x_room_count_city_2||2+1,0.0
gradient_boosting,cat__geo_cluster_x_room_count_city_2||2+2,0.0
gradient_boosting,cat__geo_cluster_x_room_count_city_2||2.5+1,0.0
gradient_boosting,cat__geo_cluster_x_room_count_city_2||3+2,0.0
gradient_boosting,cat__geo_cluster_x_room_count_city_2||3.5+1,0.0
gradient_boosting,cat__geo_cluster_x_room_count_city_2||4+1,0.0
gradient_boosting,cat__geo_cluster_x_room_count_city_2||4+2,0.0
gradient_boosting,cat__geo_cluster_x_room_count_city_2||4.5+1,0.0
gradient_boosting,cat__geo_cluster_x_room_count_city_2||4.5+2,0.0
gradient_boosting,cat__geo_cluster_x_room_count_city_2||5+1,0.0
gradient_boosting,cat__geo_cluster_x_room_count_city_2||5+2,0.0
gradient_boosting,cat__geo_cluster_x_room_count_city_2||5.5+1,0.0
gradient_boosting,cat__geo_cluster_x_room_count_city_2||6+1,0.0
gradient_boosting,cat__geo_cluster_x_room_count_city_2||6+2,0.0
gradient_boosting,cat__geo_cluster_x_room_count_city_3||1+1,0.0
gradient_boosting,cat__geo_cluster_x_room_count_city_3||2+1,0.0
gradient_boosting,cat__geo_cluster_x_room_count_city_3||2.5+1,0.0
gradient_boosting,cat__geo_cluster_x_room_count_city_3||3+0,0.0
gradient_boosting,cat__geo_cluster_x_room_count_city_3||3+1,0.0
gradient_boosting,cat__geo_cluster_x_room_count_city_3||3+2,0.0
gradient_boosting,cat__geo_cluster_x_room_count_city_3||3.5+1,0.0
gradient_boosting,cat__geo_cluster_x_room_count_city_3||4+1,0.0
gradient_boosting,cat__geo_cluster_x_room_count_city_3||4+2,0.0
gradient_boosting,cat__geo_cluster_x_room_count_city_3||5+1,0.0
gradient_boosting,cat__geo_cluster_x_room_count_city_3||5+2,0.0
gradient_boosting,cat__geo_cluster_x_room_count_city_3||6+1,0.0
gradient_boosting,cat__geo_cluster_x_room_count_city_3||6+3,0.0
gradient_boosting,cat__geo_cluster_x_room_count_city_3||Stüdyo (1+0),0.0
gradient_boosting,cat__geo_cluster_x_room_count_city_4||1+1,0.0
gradient_boosting,cat__geo_cluster_x_room_count_city_4||1.5+1,0.0
gradient_boosting,cat__geo_cluster_x_room_count_city_4||2+1,0.0
gradient_boosting,cat__geo_cluster_x_room_count_city_4||2+2,0.0
gradient_boosting,cat__geo_cluster_x_room_count_city_4||2.5+1,0.0
gradient_boosting,cat__geo_cluster_x_room_count_city_4||3+1,0.0
gradient_boosting,cat__geo_cluster_x_room_count_city_4||3+2,0.0
gradient_boosting,cat__geo_cluster_x_room_count_city_4||3.5+1,0.0
gradient_boosting,cat__geo_cluster_x_room_count_city_4||4+1,0.0
gradient_boosting,cat__geo_cluster_x_room_count_city_4||4+2,0.0
gradient_boosting,cat__geo_cluster_x_room_count_city_4||5+1,0.0
gradient_boosting,cat__geo_cluster_x_room_count_city_4||6+1,0.0
gradient_boosting,cat__geo_cluster_x_room_count_city_5||1+1,0.0
gradient_boosting,cat__geo_cluster_x_room_count_city_5||2+0,0.0
gradient_boosting,cat__geo_cluster_x_room_count_city_5||2+1,0.0
gradient_boosting,cat__geo_cluster_x_room_count_city_5||2.5+1,0.0
gradient_boosting,cat__geo_cluster_x_room_count_city_5||3.5+1,0.0
gradient_boosting,cat__geo_cluster_x_room_count_city_5||4+1,0.0
gradient_boosting,cat__geo_cluster_x_room_count_city_5||4+2,0.0
gradient_boosting,cat__geo_cluster_x_room_count_city_5||5+1,0.0
gradient_boosting,cat__geo_cluster_x_room_count_city_5||5+2,0.0
gradient_boosting,cat__geo_cluster_x_room_count_city_5||5.5+1,0.0
gradient_boosting,cat__geo_cluster_x_room_count_city_5||6+2,0.0
gradient_boosting,cat__geo_cluster_x_room_count_city_5||Stüdyo (1+0),0.0
gradient_boosting,cat__geo_cluster_x_room_count_city_6||1+1,0.0
gradient_boosting,cat__geo_cluster_x_room_count_city_6||2+1,0.0
gradient_boosting,cat__geo_cluster_x_room_count_city_6||2.5+1,0.0
gradient_boosting,cat__geo_cluster_x_room_count_city_6||3+1,0.0
gradient_boosting,cat__geo_cluster_x_room_count_city_6||3.5+1,0.0
gradient_boosting,cat__geo_cluster_x_room_count_city_6||4+1,0.0
gradient_boosting,cat__geo_cluster_x_room_count_city_6||5+1,0.0
gradient_boosting,cat__geo_cluster_x_room_count_city_7||1+1,0.0
gradient_boosting,cat__geo_cluster_x_room_count_city_7||1.5+1,0.0
gradient_boosting,cat__geo_cluster_x_room_count_city_7||2+1,0.0
gradient_boosting,cat__geo_cluster_x_room_count_city_7||2.5+1,0.0
gradient_boosting,cat__geo_cluster_x_room_count_city_7||3+1,0.0
gradient_boosting,cat__geo_cluster_x_room_count_city_7||3+2,0.0
gradient_boosting,cat__geo_cluster_x_room_count_city_7||3.5+1,0.0
gradient_boosting,cat__geo_cluster_x_room_count_city_7||4+1,0.0
gradient_boosting,cat__geo_cluster_x_room_count_city_7||4+2,0.0
gradient_boosting,cat__geo_cluster_x_room_count_city_7||5+1,0.0
gradient_boosting,cat__geo_cluster_x_room_count_city_8||1+1,0.0
gradient_boosting,cat__geo_cluster_x_room_count_city_8||2+1,0.0
gradient_boosting,cat__geo_cluster_x_room_count_city_8||2+2,0.0
gradient_boosting,cat__geo_cluster_x_room_count_city_8||2.5+1,0.0
gradient_boosting,cat__geo_cluster_x_room_count_city_8||3+1,0.0
gradient_boosting,cat__geo_cluster_x_room_count_city_8||4+1,0.0
gradient_boosting,cat__geo_cluster_x_room_count_city_8||4+2,0.0
gradient_boosting,cat__geo_cluster_x_room_count_city_8||4.5+1,0.0
gradient_boosting,cat__geo_cluster_x_room_count_city_8||5+1,0.0
gradient_boosting,cat__geo_cluster_x_room_count_city_8||5+2,0.0
gradient_boosting,cat__geo_cluster_x_room_count_city_8||6+1,0.0
gradient_boosting,cat__geo_cluster_x_room_count_city_9||1+1,0.0
gradient_boosting,cat__geo_cluster_x_room_count_city_9||1.5+1,0.0
gradient_boosting,cat__geo_cluster_x_room_count_city_9||2+1,0.0
gradient_boosting,cat__geo_cluster_x_room_count_city_9||3+1,0.0
gradient_boosting,cat__geo_cluster_x_room_count_city_9||4+1,0.0
gradient_boosting,cat__geo_cluster_x_room_count_city_9||5+1,0.0
gradient_boosting,cat__geo_cluster_x_room_count_city_9||5+2,0.0
gradient_boosting,cat__geo_cluster_x_room_count_city_9||Stüdyo (1+0),0.0
gradient_boosting,cat__geo_cluster_x_room_count_missing||1+1,0.0
gradient_boosting,cat__geo_cluster_x_room_count_missing||2+1,0.0
gradient_boosting,cat__geo_cluster_x_room_count_missing||2+2,0.0
gradient_boosting,cat__geo_cluster_x_room_count_missing||2.5+1,0.0
gradient_boosting,cat__geo_cluster_x_room_count_missing||3+0,0.0
gradient_boosting,cat__geo_cluster_x_room_count_missing||3+1,0.0
gradient_boosting,cat__geo_cluster_x_room_count_missing||3+2,0.0
gradient_boosting,cat__geo_cluster_x_room_count_missing||3.5+1,0.0
gradient_boosting,cat__geo_cluster_x_room_count_missing||4+1,0.0
gradient_boosting,cat__geo_cluster_x_room_count_missing||4+2,0.0
gradient_boosting,cat__geo_cluster_x_room_count_missing||4.5+1,0.0
gradient_boosting,cat__geo_cluster_x_room_count_missing||5+1,0.0
gradient_boosting,cat__geo_cluster_x_room_count_missing||7+1,0.0
gradient_boosting,cat__geo_cluster_x_room_count_missing||Stüdyo (1+0),0.0
gradient_boosting,cat__site_project_id_basiskele::alizepark_city,0.0
gradient_boosting,cat__site_project_id_basiskele::bahcekent_konutlari,0.0
gradient_boosting,cat__site_project_id_basiskele::evimiz_kocaeli,0.0
gradient_boosting,cat__site_project_id_basiskele::kirazli_kent,0.0
gradient_boosting,cat__site_project_id_basiskele::mamik_life,0.0
gradient_boosting,cat__site_project_id_basiskele::mamik_reform,0.0
gradient_boosting,cat__site_project_id_basiskele::orka_life,0.0
gradient_boosting,cat__site_project_id_basiskele::orka_life_2,0.0
gradient_boosting,cat__site_project_id_basiskele::other,0.0
gradient_boosting,cat__site_project_id_basiskele::ritim_vadi_evleri,0.0
gradient_boosting,cat__site_project_id_basiskele::royal_city_akkurt,0.0
gradient_boosting,cat__site_project_id_basiskele::royal_country,0.0
gradient_boosting,cat__site_project_id_basiskele::royal_life,0.0
gradient_boosting,cat__site_project_id_basiskele::ustgrup_mezire,0.0
gradient_boosting,cat__site_project_id_basiskele::ustpark_afraze,0.0
gradient_boosting,cat__site_project_id_basiskele::yakamoz_konutlari,0.0
gradient_boosting,cat__site_project_id_basiskele::yuvana_evleri,0.0
gradient_boosting,cat__site_project_id_basiskele::zeray_gunesi,0.0
gradient_boosting,cat__site_project_id_basiskele::zeray_korupark,0.0
gradient_boosting,cat__site_project_id_basiskele::zeray_perla,0.0
gradient_boosting,cat__site_project_id_basiskele::zeraykent_yuvacik,0.0
gradient_boosting,cat__site_project_id_golcuk::other,0.0
gradient_boosting,cat__site_project_id_golcuk::yakamoz_konutlari,0.0
gradient_boosting,cat__site_project_id_izmit::other,0.0
gradient_boosting,cat__site_project_id_karamursel::other,0.0
gradient_boosting,cat__site_project_id_kartepe::bahcekent_konutlari,0.0
gradient_boosting,cat__site_project_id_kartepe::other,0.0
gradient_boosting,cat__site_project_id_missing,0.0
gradient_boosting,cat__site_project_id_county_scoped_basiskele::alizepark_city,0.0
gradient_boosting,cat__site_project_id_county_scoped_basiskele::bahcekent_konutlari,0.0
gradient_boosting,cat__site_project_id_county_scoped_basiskele::evimiz_kocaeli,0.0
gradient_boosting,cat__site_project_id_county_scoped_basiskele::kirazli_kent,0.0
gradient_boosting,cat__site_project_id_county_scoped_basiskele::mamik_life,0.0
gradient_boosting,cat__site_project_id_county_scoped_basiskele::mamik_reform,0.0
gradient_boosting,cat__site_project_id_county_scoped_basiskele::orka_life,0.0
gradient_boosting,cat__site_project_id_county_scoped_basiskele::orka_life_2,0.0
gradient_boosting,cat__site_project_id_county_scoped_basiskele::other,0.0
gradient_boosting,cat__site_project_id_county_scoped_basiskele::ritim_vadi_evleri,0.0
gradient_boosting,cat__site_project_id_county_scoped_basiskele::royal_city_akkurt,0.0
gradient_boosting,cat__site_project_id_county_scoped_basiskele::royal_country,0.0
gradient_boosting,cat__site_project_id_county_scoped_basiskele::royal_life,0.0
gradient_boosting,cat__site_project_id_county_scoped_basiskele::ustgrup_mezire,0.0
gradient_boosting,cat__site_project_id_county_scoped_basiskele::ustpark_afraze,0.0
gradient_boosting,cat__site_project_id_county_scoped_basiskele::yakamoz_konutlari,0.0
gradient_boosting,cat__site_project_id_county_scoped_basiskele::yuvana_evleri,0.0
gradient_boosting,cat__site_project_id_county_scoped_basiskele::zeray_gunesi,0.0
gradient_boosting,cat__site_project_id_county_scoped_basiskele::zeray_korupark,0.0
gradient_boosting,cat__site_project_id_county_scoped_basiskele::zeray_perla,0.0
gradient_boosting,cat__site_project_id_county_scoped_basiskele::zeraykent_yuvacik,0.0
gradient_boosting,cat__site_project_id_county_scoped_golcuk::other,0.0
gradient_boosting,cat__site_project_id_county_scoped_golcuk::yakamoz_konutlari,0.0
gradient_boosting,cat__site_project_id_county_scoped_izmit::other,0.0
gradient_boosting,cat__site_project_id_county_scoped_karamursel::other,0.0
gradient_boosting,cat__site_project_id_county_scoped_kartepe::bahcekent_konutlari,0.0
gradient_boosting,cat__site_project_id_county_scoped_kartepe::other,0.0
gradient_boosting,cat__site_project_id_county_scoped_missing,0.0
gradient_boosting,cat__site_project_match_source_missing,0.0
gradient_boosting,cat__site_project_match_source_site_name,0.0
gradient_boosting,cat__site_project_match_source_title,0.0
gradient_boosting,cat__site_project_x_county_basiskele::alizepark_city__basiskele,0.0
gradient_boosting,cat__site_project_x_county_basiskele::bahcekent_konutlari__basiskele,0.0
gradient_boosting,cat__site_project_x_county_basiskele::evimiz_kocaeli__basiskele,0.0
gradient_boosting,cat__site_project_x_county_basiskele::kirazli_kent__basiskele,0.0
gradient_boosting,cat__site_project_x_county_basiskele::mamik_life__basiskele,0.0
gradient_boosting,cat__site_project_x_county_basiskele::mamik_reform__basiskele,0.0
gradient_boosting,cat__site_project_x_county_basiskele::orka_life_2__basiskele,0.0
gradient_boosting,cat__site_project_x_county_basiskele::orka_life__basiskele,0.0
gradient_boosting,cat__site_project_x_county_basiskele::other__basiskele,0.0
gradient_boosting,cat__site_project_x_county_basiskele::ritim_vadi_evleri__basiskele,0.0
gradient_boosting,cat__site_project_x_county_basiskele::royal_city_akkurt__basiskele,0.0
gradient_boosting,cat__site_project_x_county_basiskele::royal_country__basiskele,0.0
gradient_boosting,cat__site_project_x_county_basiskele::royal_life__basiskele,0.0
gradient_boosting,cat__site_project_x_county_basiskele::ustgrup_mezire__basiskele,0.0
gradient_boosting,cat__site_project_x_county_basiskele::ustpark_afraze__basiskele,0.0
gradient_boosting,cat__site_project_x_county_basiskele::yakamoz_konutlari__basiskele,0.0
gradient_boosting,cat__site_project_x_county_basiskele::yuvana_evleri__basiskele,0.0
gradient_boosting,cat__site_project_x_county_basiskele::zeray_gunesi__basiskele,0.0
gradient_boosting,cat__site_project_x_county_basiskele::zeray_korupark__basiskele,0.0
gradient_boosting,cat__site_project_x_county_basiskele::zeray_perla__basiskele,0.0
gradient_boosting,cat__site_project_x_county_basiskele::zeraykent_yuvacik__basiskele,0.0
gradient_boosting,cat__site_project_x_county_golcuk::other__golcuk,0.0
gradient_boosting,cat__site_project_x_county_golcuk::yakamoz_konutlari__golcuk,0.0
gradient_boosting,cat__site_project_x_county_izmit::other__izmit,0.0
gradient_boosting,cat__site_project_x_county_karamursel::other__karamursel,0.0
gradient_boosting,cat__site_project_x_county_kartepe::bahcekent_konutlari__kartepe,0.0
gradient_boosting,cat__site_project_x_county_kartepe::other__kartepe,0.0
gradient_boosting,cat__site_project_x_county_missing__basiskele,0.0
gradient_boosting,cat__site_project_x_county_missing__golcuk,0.0
gradient_boosting,cat__site_project_x_county_missing__izmit,0.0
gradient_boosting,cat__site_project_x_county_missing__karamursel,0.0
gradient_boosting,cat__site_quality_tier_mid,0.0
gradient_boosting,cat__site_quality_tier_premium,0.0
gradient_boosting,cat__site_quality_tier_unknown,0.0
gradient_boosting,cat__site_tier_x_county_mid__basiskele,0.0
gradient_boosting,cat__site_tier_x_county_mid__golcuk,0.0
gradient_boosting,cat__site_tier_x_county_mid__kartepe,0.0
gradient_boosting,cat__site_tier_x_county_premium__basiskele,0.0
gradient_boosting,cat__site_tier_x_county_unknown__basiskele,0.0
gradient_boosting,cat__site_tier_x_county_unknown__golcuk,0.0
gradient_boosting,cat__site_tier_x_county_unknown__izmit,0.0
gradient_boosting,cat__site_tier_x_county_unknown__karamursel,0.0
gradient_boosting,cat__site_tier_x_county_unknown__kartepe,0.0
gradient_boosting,cat__site_tier_x_district_mid__ataevler mh.,0.0
gradient_boosting,cat__site_tier_x_district_mid__aydinkent mh.,0.0
gradient_boosting,cat__site_tier_x_district_mid__fatih mah.,0.0
gradient_boosting,cat__site_tier_x_district_mid__halidere yeni mh.,0.0
gradient_boosting,cat__site_tier_x_district_mid__havuzlubahce mh.,0.0
gradient_boosting,cat__site_tier_x_district_mid__pasadag mh.,0.0
gradient_boosting,cat__site_tier_x_district_mid__yenikoy merkez mh.,0.0
gradient_boosting,cat__site_tier_x_district_mid__yesilyurt mh.,0.0
gradient_boosting,cat__site_tier_x_district_premium__bahcecik kilicaslan mh.,0.0
gradient_boosting,cat__site_tier_x_district_premium__fatih mah.,0.0
gradient_boosting,cat__site_tier_x_district_premium__mahmutpasa mh.,0.0
gradient_boosting,cat__site_tier_x_district_premium__yesilyurt mh.,0.0
gradient_boosting,cat__site_tier_x_district_unknown__28 haziran mah.,0.0
gradient_boosting,cat__site_tier_x_district_unknown__4 temmuz mah.,0.0
gradient_boosting,cat__site_tier_x_district_unknown__acisu mh.,0.0
gradient_boosting,cat__site_tier_x_district_unknown__akarca mah.,0.0
gradient_boosting,cat__site_tier_x_district_unknown__akcakoca mh.,0.0
gradient_boosting,cat__site_tier_x_district_unknown__akpinar mh.,0.0
gradient_boosting,cat__site_tier_x_district_unknown__alikahya ataturk mh.,0.0
gradient_boosting,cat__site_tier_x_district_unknown__alikahya cumhuriyet mah.,0.0
gradient_boosting,cat__site_tier_x_district_unknown__alikahya fatih mah.,0.0
gradient_boosting,cat__site_tier_x_district_unknown__alikahya merkez mah.,0.0
gradient_boosting,cat__site_tier_x_district_unknown__altinkent mh.,0.0
gradient_boosting,cat__site_tier_x_district_unknown__arizli mh.,0.0
gradient_boosting,cat__site_tier_x_district_unknown__arslanbey mh.,0.0
gradient_boosting,cat__site_tier_x_district_unknown__ataevler mh.,0.0
gradient_boosting,cat__site_tier_x_district_unknown__atakent mah.,0.0
gradient_boosting,cat__site_tier_x_district_unknown__atasehir mh.,0.0
gradient_boosting,cat__site_tier_x_district_unknown__ataturk mh.,0.0
gradient_boosting,cat__site_tier_x_district_unknown__avcikoy mh.,0.0
gradient_boosting,cat__site_tier_x_district_unknown__ayazma mah.,0.0
gradient_boosting,cat__site_tier_x_district_unknown__aydinkent mh.,0.0
gradient_boosting,cat__site_tier_x_district_unknown__bahcecik kilicaslan mh.,0.0
gradient_boosting,cat__site_tier_x_district_unknown__bahcecik sehitekrem mh.,0.0
gradient_boosting,cat__site_tier_x_district_unknown__barbaros mah.,0.0
gradient_boosting,cat__site_tier_x_district_unknown__bekirdere mah.,0.0
gradient_boosting,cat__site_tier_x_district_unknown__cayirkoy mh.,0.0
gradient_boosting,cat__site_tier_x_district_unknown__cedit mah.,0.0
gradient_boosting,cat__site_tier_x_district_unknown__cepni mh.,0.0
gradient_boosting,cat__site_tier_x_district_unknown__ciftlik mh.,0.0
gradient_boosting,cat__site_tier_x_district_unknown__cukurbag mh.,0.0
gradient_boosting,cat__site_tier_x_district_unknown__cumhuriyet mah.,0.0
gradient_boosting,cat__site_tier_x_district_unknown__damlar mah.,0.0
gradient_boosting,cat__site_tier_x_district_unknown__degirmendere merkez mh.,0.0
gradient_boosting,cat__site_tier_x_district_unknown__degirmendere yali mh.,0.0
gradient_boosting,cat__site_tier_x_district_unknown__derbent mh.,0.0
gradient_boosting,cat__site_tier_x_district_unknown__derekoy mh.,0.0
gradient_boosting,cat__site_tier_x_district_unknown__dogan mh.,0.0
gradient_boosting,cat__site_tier_x_district_unknown__donanma mah.,0.0
gradient_boosting,cat__site_tier_x_district_unknown__dongel mh.,0.0
gradient_boosting,cat__site_tier_x_district_unknown__dumlupinar mh.,0.0
gradient_boosting,cat__site_tier_x_district_unknown__durhasan mh.,0.0
gradient_boosting,cat__site_tier_x_district_unknown__duzagac mh.,0.0
gradient_boosting,cat__site_tier_x_district_unknown__emekevler mh.,0.0
gradient_boosting,cat__site_tier_x_district_unknown__eregli mh.,0.0
gradient_boosting,cat__site_tier_x_district_unknown__erenler mah.,0.0
gradient_boosting,cat__site_tier_x_district_unknown__ertugrul gazi mh.,0.0
gradient_boosting,cat__site_tier_x_district_unknown__fatih mah.,0.0
gradient_boosting,cat__site_tier_x_district_unknown__fatih sultan mehmet mh.,0.0
gradient_boosting,cat__site_tier_x_district_unknown__fevzi cakmak mh.,0.0
gradient_boosting,cat__site_tier_x_district_unknown__gultepe mh.,0.0
gradient_boosting,cat__site_tier_x_district_unknown__gundogdu mh.,0.0
gradient_boosting,cat__site_tier_x_district_unknown__hacihasan mh.,0.0
gradient_boosting,cat__site_tier_x_district_unknown__hacihizir mh.,0.0
gradient_boosting,cat__site_tier_x_district_unknown__halidere yali mh.,0.0
gradient_boosting,cat__site_tier_x_district_unknown__halidere yeni mh.,0.0
gradient_boosting,cat__site_tier_x_district_unknown__hatipkoy mh.,0.0
gradient_boosting,cat__site_tier_x_district_unknown__havuzlubahce mh.,0.0
gradient_boosting,cat__site_tier_x_district_unknown__hisareyn merkez mah.,0.0
gradient_boosting,cat__site_tier_x_district_unknown__ibrikdere mh.,0.0
gradient_boosting,cat__site_tier_x_district_unknown__ihsaniye merkez mh.,0.0
gradient_boosting,cat__site_tier_x_district_unknown__ipek yolu mh.,0.0
gradient_boosting,cat__site_tier_x_district_unknown__istasyon mh.,0.0
gradient_boosting,cat__site_tier_x_district_unknown__kabaoglu mh.,0.0
gradient_boosting,cat__site_tier_x_district_unknown__kadikoy mh.,0.0
gradient_boosting,cat__site_tier_x_district_unknown__karabas mh.,0.0
gradient_boosting,cat__site_tier_x_district_unknown__karadenizliler mah.,0.0
gradient_boosting,cat__site_tier_x_district_unknown__karakopru mh.,0.0
gradient_boosting,cat__site_tier_x_district_unknown__karsiyaka mh.,0.0
gradient_boosting,cat__site_tier_x_district_unknown__kavakli mh.,0.0
gradient_boosting,cat__site_tier_x_district_unknown__kemalpasa mh.,0.0
gradient_boosting,cat__site_tier_x_district_unknown__kocatepe mah.,0.0
gradient_boosting,cat__site_tier_x_district_unknown__korfez mh.,0.0
gradient_boosting,cat__site_tier_x_district_unknown__kosekoy mh.,0.0
gradient_boosting,cat__site_tier_x_district_unknown__kozluk mah.,0.0
gradient_boosting,cat__site_tier_x_district_unknown__kullar merkez mh.,0.0
gradient_boosting,cat__site_tier_x_district_unknown__kullar tepecik mh.,0.0
gradient_boosting,cat__site_tier_x_district_unknown__kullar yakacik mh.,0.0
gradient_boosting,cat__site_tier_x_district_unknown__kurucesme fatih mh.,0.0
gradient_boosting,cat__site_tier_x_district_unknown__m. alipasa mh.,0.0
gradient_boosting,cat__site_tier_x_district_unknown__mahmutpasa mh.,0.0
gradient_boosting,cat__site_tier_x_district_unknown__malta mah.,0.0
gradient_boosting,cat__site_tier_x_district_unknown__masukiye mh.,0.0
gradient_boosting,cat__site_tier_x_district_unknown__merkez mah.,0.0
gradient_boosting,cat__site_tier_x_district_unknown__omeraga mh.,0.0
gradient_boosting,cat__site_tier_x_district_unknown__orcun mh.,0.0
gradient_boosting,cat__site_tier_x_district_unknown__orhan mah.,0.0
gradient_boosting,cat__site_tier_x_district_unknown__pasadag mh.,0.0
gradient_boosting,cat__site_tier_x_district_unknown__piyalepasa mh.,0.0
gradient_boosting,cat__site_tier_x_district_unknown__rahmiye mah.,0.0
gradient_boosting,cat__site_tier_x_district_unknown__sahil mah.,0.0
gradient_boosting,cat__site_tier_x_district_unknown__sanayi mah.,0.0
gradient_boosting,cat__site_tier_x_district_unknown__sarayli mh.,0.0
gradient_boosting,cat__site_tier_x_district_unknown__sarimese mh.,0.0
gradient_boosting,cat__site_tier_x_district_unknown__sehitler mh.,0.0
gradient_boosting,cat__site_tier_x_district_unknown__sekbanli mh.,0.0
gradient_boosting,cat__site_tier_x_district_unknown__sepetci mh.,0.0
gradient_boosting,cat__site_tier_x_district_unknown__serdar mah.,0.0
gradient_boosting,cat__site_tier_x_district_unknown__sevkatiye mh.,0.0
gradient_boosting,cat__site_tier_x_district_unknown__seymen mah.,0.0
gradient_boosting,cat__site_tier_x_district_unknown__sirinkoy mh.,0.0
gradient_boosting,cat__site_tier_x_district_unknown__sirintepe mh.,0.0
gradient_boosting,cat__site_tier_x_district_unknown__tavsantepe mh.,0.0
gradient_boosting,cat__site_tier_x_district_unknown__tepecik mah.,0.0
gradient_boosting,cat__site_tier_x_district_unknown__tepecik mh.,0.0
gradient_boosting,cat__site_tier_x_district_unknown__tepekoy mh.,0.0
gradient_boosting,cat__site_tier_x_district_unknown__topcular mh.,0.0
gradient_boosting,cat__site_tier_x_district_unknown__turgut mah.,0.0
gradient_boosting,cat__site_tier_x_district_unknown__tuysuzler mh.,0.0
gradient_boosting,cat__site_tier_x_district_unknown__ulasli yali mh.,0.0
gradient_boosting,cat__site_tier_x_district_unknown__ulasli yavuz sultan selim mh.,0.0
gradient_boosting,cat__site_tier_x_district_unknown__uzunciftlik mh.,0.0
gradient_boosting,cat__site_tier_x_district_unknown__uzuntarla mh.,0.0
gradient_boosting,cat__site_tier_x_district_unknown__veliahmet mah.,0.0
gradient_boosting,cat__site_tier_x_district_unknown__vezirciftligi mh.,0.0
gradient_boosting,cat__site_tier_x_district_unknown__yahyakaptan mah.,0.0
gradient_boosting,cat__site_tier_x_district_unknown__yalakdere mh.,0.0
gradient_boosting,cat__site_tier_x_district_unknown__yaylacik mh.,0.0
gradient_boosting,cat__site_tier_x_district_unknown__yazlik merkez mh.,0.0
gradient_boosting,cat__site_tier_x_district_unknown__yazlik yeni mh.,0.0
gradient_boosting,cat__site_tier_x_district_unknown__yeni mah.,0.0
gradient_boosting,cat__site_tier_x_district_unknown__yenidogan mh.,0.0
gradient_boosting,cat__site_tier_x_district_unknown__yenikoy merkez mh.,0.0
gradient_boosting,cat__site_tier_x_district_unknown__yenisehir mh.,0.0
gradient_boosting,cat__site_tier_x_district_unknown__yesilkent mh.,0.0
gradient_boosting,cat__site_tier_x_district_unknown__yesilova mh.,0.0
gradient_boosting,cat__site_tier_x_district_unknown__yesilyurt mh.,0.0
gradient_boosting,cat__site_tier_x_district_unknown__yukari mh.,0.0
gradient_boosting,cat__site_tier_x_district_unknown__yunus emre mah.,0.0
gradient_boosting,cat__site_tier_x_district_unknown__yuvacik yakacik mh.,0.0
gradient_boosting,cat__site_tier_x_district_unknown__yuzbasilar mh.,0.0
gradient_boosting,cat__site_tier_x_district_unknown__zabitan mh.,0.0
gradient_boosting,cat__site_id_bucket_x_district_b0__28 haziran mah.,0.0
gradient_boosting,cat__site_id_bucket_x_district_b0__4 temmuz mah.,0.0
gradient_boosting,cat__site_id_bucket_x_district_b0__acisu mh.,0.0
gradient_boosting,cat__site_id_bucket_x_district_b0__akarca mah.,0.0
gradient_boosting,cat__site_id_bucket_x_district_b0__akcakoca mh.,0.0
gradient_boosting,cat__site_id_bucket_x_district_b0__akpinar mh.,0.0
gradient_boosting,cat__site_id_bucket_x_district_b0__alikahya ataturk mh.,0.0
gradient_boosting,cat__site_id_bucket_x_district_b0__alikahya cumhuriyet mah.,0.0
gradient_boosting,cat__site_id_bucket_x_district_b0__alikahya fatih mah.,0.0
gradient_boosting,cat__site_id_bucket_x_district_b0__alikahya merkez mah.,0.0
gradient_boosting,cat__site_id_bucket_x_district_b0__altinkent mh.,0.0
gradient_boosting,cat__site_id_bucket_x_district_b0__arizli mh.,0.0
gradient_boosting,cat__site_id_bucket_x_district_b0__arslanbey mh.,0.0
gradient_boosting,cat__site_id_bucket_x_district_b0__ataevler mh.,0.0
gradient_boosting,cat__site_id_bucket_x_district_b0__atakent mah.,0.0
gradient_boosting,cat__site_id_bucket_x_district_b0__atasehir mh.,0.0
gradient_boosting,cat__site_id_bucket_x_district_b0__ataturk mh.,0.0
gradient_boosting,cat__site_id_bucket_x_district_b0__avcikoy mh.,0.0
gradient_boosting,cat__site_id_bucket_x_district_b0__ayazma mah.,0.0
gradient_boosting,cat__site_id_bucket_x_district_b0__aydinkent mh.,0.0
gradient_boosting,cat__site_id_bucket_x_district_b0__bahcecik kilicaslan mh.,0.0
gradient_boosting,cat__site_id_bucket_x_district_b0__bahcecik sehitekrem mh.,0.0
gradient_boosting,cat__site_id_bucket_x_district_b0__barbaros mah.,0.0
gradient_boosting,cat__site_id_bucket_x_district_b0__bekirdere mah.,0.0
gradient_boosting,cat__site_id_bucket_x_district_b0__cedit mah.,0.0
gradient_boosting,cat__site_id_bucket_x_district_b0__cepni mh.,0.0
gradient_boosting,cat__site_id_bucket_x_district_b0__ciftlik mh.,0.0
gradient_boosting,cat__site_id_bucket_x_district_b0__cukurbag mh.,0.0
gradient_boosting,cat__site_id_bucket_x_district_b0__cumhuriyet mah.,0.0
gradient_boosting,cat__site_id_bucket_x_district_b0__damlar mah.,0.0
gradient_boosting,cat__site_id_bucket_x_district_b0__degirmendere merkez mh.,0.0
gradient_boosting,cat__site_id_bucket_x_district_b0__degirmendere yali mh.,0.0
gradient_boosting,cat__site_id_bucket_x_district_b0__derbent mh.,0.0
gradient_boosting,cat__site_id_bucket_x_district_b0__derekoy mh.,0.0
gradient_boosting,cat__site_id_bucket_x_district_b0__dogan mh.,0.0
gradient_boosting,cat__site_id_bucket_x_district_b0__donanma mah.,0.0
gradient_boosting,cat__site_id_bucket_x_district_b0__dongel mh.,0.0
gradient_boosting,cat__site_id_bucket_x_district_b0__dumlupinar mh.,0.0
gradient_boosting,cat__site_id_bucket_x_district_b0__durhasan mh.,0.0
gradient_boosting,cat__site_id_bucket_x_district_b0__duzagac mh.,0.0
gradient_boosting,cat__site_id_bucket_x_district_b0__emekevler mh.,0.0
gradient_boosting,cat__site_id_bucket_x_district_b0__eregli mh.,0.0
gradient_boosting,cat__site_id_bucket_x_district_b0__erenler mah.,0.0
gradient_boosting,cat__site_id_bucket_x_district_b0__ertugrul gazi mh.,0.0
gradient_boosting,cat__site_id_bucket_x_district_b0__fatih mah.,0.0
gradient_boosting,cat__site_id_bucket_x_district_b0__fatih sultan mehmet mh.,0.0
gradient_boosting,cat__site_id_bucket_x_district_b0__fevzi cakmak mh.,0.0
gradient_boosting,cat__site_id_bucket_x_district_b0__gultepe mh.,0.0
gradient_boosting,cat__site_id_bucket_x_district_b0__gundogdu mh.,0.0
gradient_boosting,cat__site_id_bucket_x_district_b0__hacihasan mh.,0.0
gradient_boosting,cat__site_id_bucket_x_district_b0__hacihizir mh.,0.0
gradient_boosting,cat__site_id_bucket_x_district_b0__halidere yali mh.,0.0
gradient_boosting,cat__site_id_bucket_x_district_b0__halidere yeni mh.,0.0
gradient_boosting,cat__site_id_bucket_x_district_b0__hatipkoy mh.,0.0
gradient_boosting,cat__site_id_bucket_x_district_b0__havuzlubahce mh.,0.0
gradient_boosting,cat__site_id_bucket_x_district_b0__hisareyn merkez mah.,0.0
gradient_boosting,cat__site_id_bucket_x_district_b0__ibrikdere mh.,0.0
gradient_boosting,cat__site_id_bucket_x_district_b0__ihsaniye merkez mh.,0.0
gradient_boosting,cat__site_id_bucket_x_district_b0__ipek yolu mh.,0.0
gradient_boosting,cat__site_id_bucket_x_district_b0__istasyon mh.,0.0
gradient_boosting,cat__site_id_bucket_x_district_b0__kabaoglu mh.,0.0
gradient_boosting,cat__site_id_bucket_x_district_b0__kadikoy mh.,0.0
gradient_boosting,cat__site_id_bucket_x_district_b0__karabas mh.,0.0
gradient_boosting,cat__site_id_bucket_x_district_b0__karadenizliler mah.,0.0
gradient_boosting,cat__site_id_bucket_x_district_b0__karakopru mh.,0.0
gradient_boosting,cat__site_id_bucket_x_district_b0__karsiyaka mh.,0.0
gradient_boosting,cat__site_id_bucket_x_district_b0__kavakli mh.,0.0
gradient_boosting,cat__site_id_bucket_x_district_b0__kayacik mh.,0.0
gradient_boosting,cat__site_id_bucket_x_district_b0__kemalpasa mh.,0.0
gradient_boosting,cat__site_id_bucket_x_district_b0__kocatepe mah.,0.0
gradient_boosting,cat__site_id_bucket_x_district_b0__korfez mh.,0.0
gradient_boosting,cat__site_id_bucket_x_district_b0__kosekoy mh.,0.0
gradient_boosting,cat__site_id_bucket_x_district_b0__kozluk mah.,0.0
gradient_boosting,cat__site_id_bucket_x_district_b0__kullar merkez mh.,0.0
gradient_boosting,cat__site_id_bucket_x_district_b0__kullar tepecik mh.,0.0
gradient_boosting,cat__site_id_bucket_x_district_b0__kullar yakacik mh.,0.0
gradient_boosting,cat__site_id_bucket_x_district_b0__kurucesme fatih mh.,0.0
gradient_boosting,cat__site_id_bucket_x_district_b0__m. alipasa mh.,0.0
gradient_boosting,cat__site_id_bucket_x_district_b0__mahmutpasa mh.,0.0
gradient_boosting,cat__site_id_bucket_x_district_b0__malta mah.,0.0
gradient_boosting,cat__site_id_bucket_x_district_b0__masukiye mh.,0.0
gradient_boosting,cat__site_id_bucket_x_district_b0__merkez mah.,0.0
gradient_boosting,cat__site_id_bucket_x_district_b0__omeraga mh.,0.0
gradient_boosting,cat__site_id_bucket_x_district_b0__orcun mh.,0.0
gradient_boosting,cat__site_id_bucket_x_district_b0__orhan mah.,0.0
gradient_boosting,cat__site_id_bucket_x_district_b0__pasadag mh.,0.0
gradient_boosting,cat__site_id_bucket_x_district_b0__piyalepasa mh.,0.0
gradient_boosting,cat__site_id_bucket_x_district_b0__rahmiye mah.,0.0
gradient_boosting,cat__site_id_bucket_x_district_b0__sahil mah.,0.0
gradient_boosting,cat__site_id_bucket_x_district_b0__sanayi mah.,0.0
gradient_boosting,cat__site_id_bucket_x_district_b0__sarayli mh.,0.0
gradient_boosting,cat__site_id_bucket_x_district_b0__sarimese mh.,0.0
gradient_boosting,cat__site_id_bucket_x_district_b0__sehitler mh.,0.0
gradient_boosting,cat__site_id_bucket_x_district_b0__sekbanli mh.,0.0
gradient_boosting,cat__site_id_bucket_x_district_b0__sepetci mh.,0.0
gradient_boosting,cat__site_id_bucket_x_district_b0__serdar mah.,0.0
gradient_boosting,cat__site_id_bucket_x_district_b0__sevkatiye mh.,0.0
gradient_boosting,cat__site_id_bucket_x_district_b0__seymen mah.,0.0
gradient_boosting,cat__site_id_bucket_x_district_b0__sirinkoy mh.,0.0
gradient_boosting,cat__site_id_bucket_x_district_b0__sirintepe mh.,0.0
gradient_boosting,cat__site_id_bucket_x_district_b0__tavsantepe mh.,0.0
gradient_boosting,cat__site_id_bucket_x_district_b0__tepecik mah.,0.0
gradient_boosting,cat__site_id_bucket_x_district_b0__tepecik mh.,0.0
gradient_boosting,cat__site_id_bucket_x_district_b0__tepekoy mh.,0.0
gradient_boosting,cat__site_id_bucket_x_district_b0__topcular mh.,0.0
gradient_boosting,cat__site_id_bucket_x_district_b0__turgut mah.,0.0
gradient_boosting,cat__site_id_bucket_x_district_b0__tuysuzler mh.,0.0
gradient_boosting,cat__site_id_bucket_x_district_b0__ulasli yali mh.,0.0
gradient_boosting,cat__site_id_bucket_x_district_b0__ulasli yavuz sultan selim mh.,0.0
gradient_boosting,cat__site_id_bucket_x_district_b0__uzunciftlik mh.,0.0
gradient_boosting,cat__site_id_bucket_x_district_b0__uzuntarla mh.,0.0
gradient_boosting,cat__site_id_bucket_x_district_b0__veliahmet mah.,0.0
gradient_boosting,cat__site_id_bucket_x_district_b0__vezirciftligi mh.,0.0
gradient_boosting,cat__site_id_bucket_x_district_b0__yahyakaptan mah.,0.0
gradient_boosting,cat__site_id_bucket_x_district_b0__yalakdere mh.,0.0
gradient_boosting,cat__site_id_bucket_x_district_b0__yaylacik mh.,0.0
gradient_boosting,cat__site_id_bucket_x_district_b0__yazlik merkez mh.,0.0
gradient_boosting,cat__site_id_bucket_x_district_b0__yazlik yeni mh.,0.0
gradient_boosting,cat__site_id_bucket_x_district_b0__yeni mah.,0.0
gradient_boosting,cat__site_id_bucket_x_district_b0__yenidogan mh.,0.0
gradient_boosting,cat__site_id_bucket_x_district_b0__yenikoy merkez mh.,0.0
gradient_boosting,cat__site_id_bucket_x_district_b0__yenisehir mh.,0.0
gradient_boosting,cat__site_id_bucket_x_district_b0__yesilkent mh.,0.0
gradient_boosting,cat__site_id_bucket_x_district_b0__yesilova mh.,0.0
gradient_boosting,cat__site_id_bucket_x_district_b0__yesilyurt mh.,0.0
gradient_boosting,cat__site_id_bucket_x_district_b0__yukari mh.,0.0
gradient_boosting,cat__site_id_bucket_x_district_b0__yunus emre mah.,0.0
gradient_boosting,cat__site_id_bucket_x_district_b0__yuvacik yakacik mh.,0.0
gradient_boosting,cat__site_id_bucket_x_district_b0__yuzbasilar mh.,0.0
gradient_boosting,cat__site_id_bucket_x_district_b0__zabitan mh.,0.0
gradient_boosting,cat__duplex_type_garden,0.0
gradient_boosting,cat__duplex_type_middle_floor,0.0
gradient_boosting,cat__duplex_type_none,0.0
gradient_boosting,cat__duplex_type_roof,0.0
gradient_boosting,cat__duplex_match_source_conflict_detail_wins,0.0
gradient_boosting,cat__duplex_match_source_detail,0.0
gradient_boosting,cat__duplex_match_source_detail_and_title,0.0
gradient_boosting,cat__duplex_match_source_none,0.0
gradient_boosting,cat__duplex_match_source_title,0.0
gradient_boosting,cat__large_home_bucket_180_220,0.0
gradient_boosting,cat__large_home_bucket_220_280,0.0
gradient_boosting,cat__large_home_bucket_280p,0.0
gradient_boosting,cat__large_home_bucket_lt180,0.0
gradient_boosting,cat__duplex_x_district_duplex__28 Haziran Mah.,0.0
gradient_boosting,cat__duplex_x_district_duplex__Akarca Mah.,0.0
gradient_boosting,cat__duplex_x_district_duplex__Akpınar Mh.,0.0
gradient_boosting,cat__duplex_x_district_duplex__Alikahya Atatürk Mh.,0.0
gradient_boosting,cat__duplex_x_district_duplex__Alikahya Cumhuriyet Mah.,0.0
gradient_boosting,cat__duplex_x_district_duplex__Alikahya Fatih Mah.,0.0
gradient_boosting,cat__duplex_x_district_duplex__Altınkent Mh.,0.0
gradient_boosting,cat__duplex_x_district_duplex__Arslanbey Mh.,0.0
gradient_boosting,cat__duplex_x_district_duplex__Ataevler Mh.,0.0
gradient_boosting,cat__duplex_x_district_duplex__Atakent Mah.,0.0
gradient_boosting,cat__duplex_x_district_duplex__Atatürk Mh.,0.0
gradient_boosting,cat__duplex_x_district_duplex__Aydınkent Mh.,0.0
gradient_boosting,cat__duplex_x_district_duplex__Bahçecik Kılıçaslan Mh.,0.0
gradient_boosting,cat__duplex_x_district_duplex__Bahçecik Şehitekrem Mh.,0.0
gradient_boosting,cat__duplex_x_district_duplex__Barbaros Mah.,0.0
gradient_boosting,cat__duplex_x_district_duplex__Bekirdere Mah.,0.0
gradient_boosting,cat__duplex_x_district_duplex__Cedit Mah.,0.0
gradient_boosting,cat__duplex_x_district_duplex__Cumhuriyet Mah.,0.0
gradient_boosting,cat__duplex_x_district_duplex__Damlar Mah.,0.0
gradient_boosting,cat__duplex_x_district_duplex__Derbent Mh.,0.0
gradient_boosting,cat__duplex_x_district_duplex__Dereköy Mh.,0.0
gradient_boosting,cat__duplex_x_district_duplex__Değirmendere Merkez Mh.,0.0
gradient_boosting,cat__duplex_x_district_duplex__Değirmendere Yalı Mh.,0.0
gradient_boosting,cat__duplex_x_district_duplex__Donanma Mah.,0.0
gradient_boosting,cat__duplex_x_district_duplex__Doğan Mh.,0.0
gradient_boosting,cat__duplex_x_district_duplex__Dumlupınar Mh.,0.0
gradient_boosting,cat__duplex_x_district_duplex__Durhasan Mh.,0.0
gradient_boosting,cat__duplex_x_district_duplex__Döngel Mh.,0.0
gradient_boosting,cat__duplex_x_district_duplex__Emekevler Mh.,0.0
gradient_boosting,cat__duplex_x_district_duplex__Erenler Mah.,0.0
gradient_boosting,cat__duplex_x_district_duplex__Ereğli Mh.,0.0
gradient_boosting,cat__duplex_x_district_duplex__Ertuğrul Gazi Mh.,0.0
gradient_boosting,cat__duplex_x_district_duplex__Fatih Mah.,0.0
gradient_boosting,cat__duplex_x_district_duplex__Fatih Sultan Mehmet Mh.,0.0
gradient_boosting,cat__duplex_x_district_duplex__Fevzi Çakmak Mh.,0.0
gradient_boosting,cat__duplex_x_district_duplex__Gültepe Mh.,0.0
gradient_boosting,cat__duplex_x_district_duplex__Gündoğdu Mh.,0.0
gradient_boosting,cat__duplex_x_district_duplex__Hacıhızır Mh.,0.0
gradient_boosting,cat__duplex_x_district_duplex__Halıdere Yalı Mh.,0.0
gradient_boosting,cat__duplex_x_district_duplex__Halıdere Yeni Mh.,0.0
gradient_boosting,cat__duplex_x_district_duplex__Hatipköy Mh.,0.0
gradient_boosting,cat__duplex_x_district_duplex__Hisareyn Merkez Mah.,0.0
gradient_boosting,cat__duplex_x_district_duplex__Kabaoğlu Mh.,0.0
gradient_boosting,cat__duplex_x_district_duplex__Kadıköy Mh.,0.0
gradient_boosting,cat__duplex_x_district_duplex__Karabaş Mh.,0.0
gradient_boosting,cat__duplex_x_district_duplex__Karadenizliler Mah.,0.0
gradient_boosting,cat__duplex_x_district_duplex__Karaköprü Mh.,0.0
gradient_boosting,cat__duplex_x_district_duplex__Kavaklı Mh.,0.0
gradient_boosting,cat__duplex_x_district_duplex__Kayacık Mh.,0.0
gradient_boosting,cat__duplex_x_district_duplex__Kemalpaşa Mh.,0.0
gradient_boosting,cat__duplex_x_district_duplex__Kocatepe Mah.,0.0
gradient_boosting,cat__duplex_x_district_duplex__Kozluk Mah.,0.0
gradient_boosting,cat__duplex_x_district_duplex__Kullar Merkez Mh.,0.0
gradient_boosting,cat__duplex_x_district_duplex__Kullar Tepecik Mh.,0.0
gradient_boosting,cat__duplex_x_district_duplex__Kullar Yakacık Mh.,0.0
gradient_boosting,cat__duplex_x_district_duplex__Kuruçeşme Fatih Mh.,0.0
gradient_boosting,cat__duplex_x_district_duplex__Körfez Mh.,0.0
gradient_boosting,cat__duplex_x_district_duplex__Köseköy Mh.,0.0
gradient_boosting,cat__duplex_x_district_duplex__M. Alipaşa Mh.,0.0
gradient_boosting,cat__duplex_x_district_duplex__Mahmutpaşa Mh.,0.0
gradient_boosting,cat__duplex_x_district_duplex__Maşukiye Mh.,0.0
gradient_boosting,cat__duplex_x_district_duplex__Merkez Mah.,0.0
gradient_boosting,cat__duplex_x_district_duplex__Orhan Mah.,0.0
gradient_boosting,cat__duplex_x_district_duplex__Paşadağ Mh.,0.0
gradient_boosting,cat__duplex_x_district_duplex__Piyalepaşa Mh.,0.0
gradient_boosting,cat__duplex_x_district_duplex__Rahmiye Mah.,0.0
gradient_boosting,cat__duplex_x_district_duplex__Sahil Mah.,0.0
gradient_boosting,cat__duplex_x_district_duplex__Sanayi Mah.,0.0
gradient_boosting,cat__duplex_x_district_duplex__Saraylı Mh.,0.0
gradient_boosting,cat__duplex_x_district_duplex__Sepetçi Mh.,0.0
gradient_boosting,cat__duplex_x_district_duplex__Serdar Mah.,0.0
gradient_boosting,cat__duplex_x_district_duplex__Seymen Mah.,0.0
gradient_boosting,cat__duplex_x_district_duplex__Tavşantepe Mh.,0.0
gradient_boosting,cat__duplex_x_district_duplex__Tepecik Mah.,0.0
gradient_boosting,cat__duplex_x_district_duplex__Tepeköy Mh.,0.0
gradient_boosting,cat__duplex_x_district_duplex__Topçular Mh.,0.0
gradient_boosting,cat__duplex_x_district_duplex__Turgut Mah.,0.0
gradient_boosting,cat__duplex_x_district_duplex__Tüysüzler Mh.,0.0
gradient_boosting,cat__duplex_x_district_duplex__Ulaşlı Yavuz Sultan Selim Mh.,0.0
gradient_boosting,cat__duplex_x_district_duplex__Uzuntarla Mh.,0.0
gradient_boosting,cat__duplex_x_district_duplex__Uzunçiftlik Mh.,0.0
gradient_boosting,cat__duplex_x_district_duplex__Veliahmet Mah.,0.0
gradient_boosting,cat__duplex_x_district_duplex__Yahyakaptan Mah.,0.0
gradient_boosting,cat__duplex_x_district_duplex__Yaylacık Mh.,0.0
gradient_boosting,cat__duplex_x_district_duplex__Yazlık Merkez Mh.,0.0
gradient_boosting,cat__duplex_x_district_duplex__Yazlık Yeni Mh.,0.0
gradient_boosting,cat__duplex_x_district_duplex__Yeni Mah.,0.0
gradient_boosting,cat__duplex_x_district_duplex__Yeniköy Merkez Mh.,0.0
gradient_boosting,cat__duplex_x_district_duplex__Yenişehir Mh.,0.0
gradient_boosting,cat__duplex_x_district_duplex__Yeşilkent Mh.,0.0
gradient_boosting,cat__duplex_x_district_duplex__Yeşilova Mh.,0.0
gradient_boosting,cat__duplex_x_district_duplex__Yeşilyurt Mh.,0.0
gradient_boosting,cat__duplex_x_district_duplex__Yukarı Mh.,0.0
gradient_boosting,cat__duplex_x_district_duplex__Yuvacık Yakacık Mh.,0.0
gradient_boosting,cat__duplex_x_district_duplex__Yüzbaşılar Mh.,0.0
gradient_boosting,cat__duplex_x_district_duplex__Çayırköy Mh.,0.0
gradient_boosting,cat__duplex_x_district_duplex__Çepni Mh.,0.0
gradient_boosting,cat__duplex_x_district_duplex__Çiftlik Mh.,0.0
gradient_boosting,cat__duplex_x_district_duplex__Çukurbağ Mh.,0.0
gradient_boosting,cat__duplex_x_district_duplex__Ömerağa Mh.,0.0
gradient_boosting,cat__duplex_x_district_duplex__Örcün Mh.,0.0
gradient_boosting,cat__duplex_x_district_duplex__İbrikdere Mh.,0.0
gradient_boosting,cat__duplex_x_district_duplex__İhsaniye Merkez Mh.,0.0
gradient_boosting,cat__duplex_x_district_duplex__İpek Yolu Mh.,0.0
gradient_boosting,cat__duplex_x_district_duplex__İstasyon Mh.,0.0
gradient_boosting,cat__duplex_x_district_duplex__Şehitler Mh.,0.0
gradient_boosting,cat__duplex_x_district_duplex__Şirinköy Mh.,0.0
gradient_boosting,cat__duplex_x_district_duplex__Şirintepe Mh.,0.0
gradient_boosting,cat__duplex_x_district_nonduplex,0.0
gradient_boosting,cat__duplex_x_county_duplex__Başiskele,0.0
gradient_boosting,cat__duplex_x_county_duplex__Gölcük,0.0
gradient_boosting,cat__duplex_x_county_duplex__Kartepe,0.0
gradient_boosting,cat__duplex_x_county_nonduplex,0.0
gradient_boosting,cat__duplex_x_site_quality_tier_duplex__mid,0.0
gradient_boosting,cat__duplex_x_site_quality_tier_duplex__premium,0.0
gradient_boosting,cat__duplex_x_site_quality_tier_nonduplex,0.0
gradient_boosting,cat__duplex_x_site_project_duplex__basiskele::mamik_reform,0.0
gradient_boosting,cat__duplex_x_site_project_duplex__basiskele::orka_life_2,0.0
gradient_boosting,cat__duplex_x_site_project_duplex__basiskele::other,0.0
gradient_boosting,cat__duplex_x_site_project_duplex__basiskele::ritim_vadi_evleri,0.0
gradient_boosting,cat__duplex_x_site_project_duplex__basiskele::royal_city_akkurt,0.0
gradient_boosting,cat__duplex_x_site_project_duplex__basiskele::royal_country,0.0
gradient_boosting,cat__duplex_x_site_project_duplex__basiskele::ustgrup_mezire,0.0
gradient_boosting,cat__duplex_x_site_project_duplex__basiskele::ustpark_afraze,0.0
gradient_boosting,cat__duplex_x_site_project_duplex__basiskele::yuvana_evleri,0.0
gradient_boosting,cat__duplex_x_site_project_duplex__basiskele::zeray_gunesi,0.0
gradient_boosting,cat__duplex_x_site_project_duplex__basiskele::zeray_korupark,0.0
gradient_boosting,cat__duplex_x_site_project_duplex__basiskele::zeray_perla,0.0
gradient_boosting,cat__duplex_x_site_project_duplex__basiskele::zeraykent_yuvacik,0.0
gradient_boosting,cat__duplex_x_site_project_duplex__golcuk::other,0.0
gradient_boosting,cat__duplex_x_site_project_duplex__golcuk::yakamoz_konutlari,0.0
gradient_boosting,cat__duplex_x_site_project_duplex__izmit::other,0.0
gradient_boosting,cat__duplex_x_site_project_duplex__karamursel::other,0.0
gradient_boosting,cat__duplex_x_site_project_duplex__kartepe::other,0.0
gradient_boosting,cat__duplex_x_site_project_nonduplex,0.0
gradient_boosting,cat__roof_duplex_x_floor_segment_nonroof,0.0
gradient_boosting,cat__roof_duplex_x_floor_segment_roof__Ara Kat,0.0
gradient_boosting,cat__roof_duplex_x_floor_segment_roof__Bahçe,0.0
gradient_boosting,cat__roof_duplex_x_floor_segment_roof__En Üst Kat,0.0
gradient_boosting,cat__roof_duplex_x_floor_segment_roof__Zemin/Giriş,0.0
gradient_boosting,cat__roof_duplex_x_floor_segment_roof__Çatı,0.0
gradient_boosting,cat__middle_floor_duplex_x_floor_segment_mid__Ara Kat,0.0
gradient_boosting,cat__middle_floor_duplex_x_floor_segment_mid__En Üst Kat,0.0
gradient_boosting,cat__middle_floor_duplex_x_floor_segment_mid__Zemin/Giriş,0.0
gradient_boosting,cat__middle_floor_duplex_x_floor_segment_nonmid,0.0
gradient_boosting,cat__large_home_x_site_project_id_bucket_lh__n10_29,0.0
gradient_boosting,cat__large_home_x_site_project_id_bucket_lh__n1_2,0.0
gradient_boosting,cat__large_home_x_site_project_id_bucket_lh__n3_9,0.0
gradient_boosting,cat__large_home_x_site_project_id_bucket_non_lh,0.0
