county,n,mape,mae,mean_bias,r2
Başiskele,919,0.11306085227092537,4668.284062229767,-449.67144998627634,0.43862025662700754
