rows,r2,log_r2,mape,median_ape,mae_tl_per_m2,median_ae_tl_per_m2,slice
283,0.2677299586340862,0.2873631767536914,0.12895735468528494,0.10715738362730089,5357.022793226648,4349.307671605267,all_rows
282,0.26352640747552813,0.2829029149614395,0.12844940381094677,0.10687552623808697,5349.233738735787,4348.831578593617,score_lt_25
283,0.2677299586340862,0.2873631767536914,0.12895735468528494,0.10715738362730089,5357.022793226648,4349.307671605267,score_lt_45
