is_large_home,n,mape,mae,mean_actual,mean_pred
0,205,0.12401090001837282,5342.047399895399,42328.824,41516.513239686756
1,78,0.14195765220729756,5396.381198776727,38712.0582051282,40115.84883077607
