county,n_tests,mean_abs_diff_tl_m2,mean_abs_diff_pct,pass_rate
Başiskele,8,1143.841777503676,0.029823115280920274,1.0
Gölcük,8,1353.3069753143154,0.03521065442446959,0.875
Karamürsel,8,1353.3069753143154,0.03521065442446959,0.875
İzmit,8,1353.3069753143154,0.03521065442446959,0.875
