county,rows,r2,log_r2,mape,median_ape,mae_tl_per_m2,median_ae_tl_per_m2
Başiskele,283,0.2677299586340862,0.2873631767536914,0.12895735468528494,0.10715738362730089,5357.022793226648,4349.307671605267
