county,n,mape,mae,mean_bias,r2
Başiskele,283,0.12895735468528494,5357.022793226648,-201.51249845823756,0.2677299586340862
