district,sale_pred_old,sale_pred_new,sale_diff_tl_m2,sale_diff_pct,warning
missing,38795.19235744483,41711.74335835597,2916.5510009111385,0.07517815542810294,
