rows,r2,log_r2,mape,median_ape,mae_tl_per_m2,median_ae_tl_per_m2,model
283,0.24877552219331622,0.26888954910968843,0.12945775237219379,0.10669516616613826,5386.141552668342,4253.176327006775,extra_trees
283,0.2366394625167676,0.25065991274177435,0.13240004391967808,0.10630417744596735,5503.877216706596,4275.766910606842,gradient_boosting
283,0.21674157527868165,0.22823905983535497,0.13423146747167272,0.11206330631247748,5553.134371614771,4393.8823040516145,random_forest
283,0.18318445928209415,0.1925886607020051,0.13678282269773612,0.11177111437107408,5696.690416480597,4248.876843926475,ridge
