segment,rows,r2,log_r2,mape,median_ape,mae_tl_per_m2,median_ae_tl_per_m2,model
mainstream_home,185,0.1357348878236545,0.17770554339473266,0.12481528519630226,0.10623440792650114,5277.467251500297,3931.768370026264,gradient_boosting
mainstream_home,185,0.09508257226246719,0.13690227811958267,0.1276920295326349,0.1043870699529568,5392.775207058885,4082.7652497656964,random_forest
mainstream_home,185,0.10391536400868007,0.1408456630080943,0.12945560639708764,0.10590389416143665,5444.698247066637,4254.377510040467,extra_trees
mainstream_home,185,-0.025105411779277054,0.06375111914441045,0.13271758698768962,0.10641469519288198,5561.791483933831,4276.147795781602,ridge
