model,feature,importance
extra_trees,num__basiskele_detail_group_bucket_median,0.06589778622001699
extra_trees,num__basiskele_detail_total_premium_signal,0.047009303325094176
extra_trees,num__detail_effect_total_mean,0.03136125287529735
extra_trees,cat__basiskele_geo_cluster_x_m2_group_Başiskele_0||200+,0.02883878340072645
extra_trees,num__detail_effect_total_sum,0.020336150459893475
extra_trees,cat__building_age_group_6-10 arası,0.020105598034929388
extra_trees,num__detail_effect_total_x_attr_quality,0.012983953699079958
extra_trees,num__detail_effect_county_total_sum,0.012851595743837364
extra_trees,num__attr_m2_per_room,0.011141644637529011
extra_trees,num__attr_effect_total_quality_bucket,0.011077545985641923
extra_trees,cat__duplex_type_none,0.010899187711637953
extra_trees,cat__detail_konut_tipi_Ara Kat,0.010564413290111348
extra_trees,num__attr_amenity_score,0.010184385193538882
extra_trees,num__district_m2_group_target_median,0.010061796787096896
extra_trees,num__building_age,0.008939509494164659
extra_trees,num__basiskele_premium_x_location_baseline,0.008711166503669208
extra_trees,num__detail_effect_district_total_sum,0.008188796046073244
extra_trees,cat__duplex_match_source_none,0.008121772692208177
extra_trees,cat__detail_manzara_Deniz|Doğa|Park & Yeşil Alan|Şehir,0.008036003132636377
extra_trees,num__is_duplex,0.007963685999950742
extra_trees,num__basiskele_premium_score,0.007910076521354576
extra_trees,num__bearing_from_district_centroid_cos,0.007894176458492623
extra_trees,cat__coast_distance_bucket_0_500,0.007690150098410351
extra_trees,num__attr_effect_elevator,0.007517810122812019
extra_trees,cat__geo_cluster_x_room_count_city_9||4+1,0.007325726342135935
extra_trees,num__attr_quality_x_county_income,0.006594701122737148
extra_trees,cat__basiskele_geo_cluster_x_m2_group_Başiskele_2||151-200,0.006560123549439559
extra_trees,num__district_room_count_target_median,0.0064270314125783115
extra_trees,num__attr_total_quality_score,0.0064116041796562825
extra_trees,num__detail_effect_subtype_mean,0.006173141691004265
extra_trees,cat__elevator_Var,0.005615425508070396
extra_trees,num__attr_new_building_x_site_inside,0.005527514894322364
extra_trees,cat__elevator_Yok,0.005501063247089373
extra_trees,num__attr_compactness_score,0.005304466411317504
extra_trees,cat__basiskele_geo_cluster_x_m2_group_Başiskele_0||151-200,0.0052036050700887794
extra_trees,num__basiskele_premium_x_large_home,0.005089131679733937
extra_trees,num__distance_to_geo_cluster_center_m,0.004923803155479597
extra_trees,num__is_roof_duplex,0.004856289221457513
extra_trees,num__total_floors,0.004854849737753744
extra_trees,num__attr_has_elevator,0.004794122352113207
extra_trees,num__attr_building_age_inverse,0.004687073345697421
extra_trees,cat__usage_status_Mülk Sahibi,0.004640367863496902
extra_trees,num__detail_effect_front_sum,0.0045647204803463065
extra_trees,num__distance_to_coast_x_large_home,0.00450083685751423
extra_trees,num__detail_effect_negative_count,0.004202098117784222
extra_trees,num__bearing_from_district_centroid_sin,0.004113133600732375
extra_trees,num__estimated_monthly_rent_gross,0.004091054294175129
extra_trees,num__attr_net_gross_ratio,0.00406372494188567
extra_trees,num__bearing_from_county_centroid_sin,0.004028754955545668
extra_trees,num__basiskele_district_premium_bucket_mean,0.004013295602513329
extra_trees,cat__detail_cephe_Doğu|Kuzey,0.003993019169624335
extra_trees,num__attr_quality_x_location_baseline,0.003946516908175601
extra_trees,num__detail_effect_front_mean,0.0038915680458254187
extra_trees,num__distance_to_coast_x_view_sea,0.003870996125270687
extra_trees,num__basiskele_district_premium_bucket_median,0.0038129615134108513
extra_trees,num__basiskele_premium_bucket_low,0.003746824093575879
extra_trees,cat__m2_group_151-200,0.003716506592088265
extra_trees,cat__duplex_type_roof,0.0036356618647635473
extra_trees,num__inside_quality_score,0.0036002003164473636
extra_trees,num__attr_quality_x_demo_income,0.0035595362930448534
extra_trees,num__distance_to_coast_x_site_inside,0.0035225988579687013
extra_trees,cat__detail_cephe_Batı|Güney,0.0035181982319830024
extra_trees,num__net_m2,0.0034753390165447122
extra_trees,num__large_home_detail_premium_x_m2,0.0034715422169050553
extra_trees,num__location_baseline_log,0.0034685168230364654
extra_trees,num__distance_to_yuvacik_m,0.0034207813516219446
extra_trees,num__gross_m2,0.003410810023658063
extra_trees,cat__detail_cephe_Batı|Doğu|Kuzey,0.003367620247776456
extra_trees,num__basiskele_has_pool_signal,0.0033592218414123915
extra_trees,num__detail_near_count,0.0033521726212233025
extra_trees,cat__site_id_bucket_x_district_b1__yesilyurt mh.,0.003312378950330711
extra_trees,num__detail_effect_inside_mean,0.0032742075288619355
extra_trees,num__basiskele_distance_to_coast_x_large_home,0.0032435045030365706
extra_trees,num__distance_to_district_centroid_m,0.0032284726301486898
extra_trees,num__location_baseline_m2,0.0032122002640916627
extra_trees,num__lat_centered_county,0.0030854395940258755
extra_trees,cat__basiskele_geo_cluster_x_m2_group_Başiskele_1||151-200,0.0030824032341112604
extra_trees,num__net_gross_ratio,0.0030764440783668727
extra_trees,num__accessibility_score,0.0030608879660418064
extra_trees,num__distance_to_izmit_center_m,0.0030487758496316906
extra_trees,num__detail_effect_outside_mean,0.003044504490325281
extra_trees,num__detail_effect_level_code,0.003040198985340971
extra_trees,cat__parking_Açık Otopark,0.002956076471911733
extra_trees,num__basiskele_premium_x_gross_m2,0.002902701638108458
extra_trees,num__location_baseline_count,0.0028915956334527853
extra_trees,cat__geo_cluster_x_room_count_city_3||3+1,0.002865546177189964
extra_trees,cat__parking_Açık & Kapalı Otopark,0.0028646005473880465
extra_trees,num__detail_effect_subtype_sum,0.0028549386400409374
extra_trees,cat__detail_konut_tipi_Bahçe Dubleksi,0.0027825813834586864
extra_trees,num__detail_effect_inside_sum,0.002761034780826098
extra_trees,cat__building_age_group_0 (Oturuma Hazır),0.0027127297458522525
extra_trees,cat__m2_group_200+,0.0026989398805389786
extra_trees,cat__geo_cluster_x_room_count_city_11||3+1,0.0026812539737322725
extra_trees,num__detail_effect_inside_x_attr_quality,0.002652233647898394
extra_trees,num__basiskele_premium_x_new_building,0.002630871061764829
extra_trees,num__is_garden_duplex,0.002630814204584135
extra_trees,num__large_home_m2_excess,0.002613555995330147
extra_trees,num__distance_to_sahil_m,0.0025737721505870097
extra_trees,num__large_home_log_m2,0.0025618607756351043
extra_trees,num__basiskele_detail_subtype_premium_signal,0.0025547264640650236
extra_trees,num__detail_effect_view_mean,0.0025220551528447083
extra_trees,num__large_home_net_gross_quality,0.0025135506126742076
extra_trees,num__lat_centered_city,0.002511213326280668
extra_trees,num__is_large_flat,0.0025077198319682593
extra_trees,cat__detail_konut_tipi_Ters Dubleks,0.0024958790288622853
extra_trees,num__distance_to_bahcecik_m,0.002486411972345081
extra_trees,num__bathroom_count,0.002479833902825484
extra_trees,num__estimated_rent_m2_gross,0.002423624708843299
extra_trees,cat__usage_status_Boş,0.0024077397757602615
extra_trees,num__view_score,0.002392745061986596
extra_trees,num__front_score,0.002370476254144285
extra_trees,cat__heating_Yerden Isıtma,0.0023668271034744956
extra_trees,cat__geo_cluster_x_room_count_city_0||3+1,0.002361450760661914
extra_trees,num__dues,0.0023606247497100154
extra_trees,num__detail_effect_nearby_mean,0.0023546564055019507
extra_trees,cat__usage_status_Kiracılı,0.0023540283402900598
extra_trees,num__location_baseline_vs_trend,0.0023243090925751525
extra_trees,num__basiskele_detail_inside_premium_signal,0.002298553741423031
extra_trees,num__attr_large_home_x_quality,0.002296069392189604
extra_trees,cat__duplex_match_source_detail_and_title,0.002263002172828544
extra_trees,num__basiskele_detail_outside_premium_signal,0.0022553459655502233
extra_trees,num__detail_effect_outside_x_attr_quality,0.002248096318979656
extra_trees,num__detail_inside_count,0.002225590183369707
extra_trees,num__basiskele_detail_view_premium_signal,0.002217091560519946
extra_trees,num__nearby_score,0.00221480297575628
extra_trees,num__district_m2_group_rent_m2_count,0.002200176428713064
extra_trees,num__basiskele_lat_lon_interaction,0.0021957048995572786
extra_trees,cat__detail_konut_tipi_Çatı Dubleksi,0.002189895400501752
extra_trees,num__detail_front_count,0.00217889854920426
extra_trees,num__basiskele_distance_to_coast_x_quality,0.002168116490988179
extra_trees,num__large_home_room_density,0.0021661995213890332
extra_trees,num__rooms,0.0021348708612854003
extra_trees,num__basiskele_premium_x_detail_outside,0.0021269134982586295
extra_trees,num__detail_transport_count,0.002094506595734309
extra_trees,num__detail_outside_count,0.0020920007587213398
extra_trees,num__basiskele_has_view_signal,0.0020568762417322623
extra_trees,num__attr_net_gross_good,0.002046316889566292
extra_trees,num__distance_to_county_centroid_m,0.002030779874721067
extra_trees,num__lat,0.0020254425530233473
extra_trees,cat__geo_cluster_city_city_4,0.002022068204509455
extra_trees,cat__heating_Kombi (Doğalgaz),0.0020143870697807726
extra_trees,cat__geo_cluster_x_room_count_city_9||3+1,0.0019927545291107216
extra_trees,num__detail_effect_view_sum,0.0019858178433847765
extra_trees,num__location_quality_x_detail_effect_total,0.0019846388207104835
extra_trees,num__detail_view_count,0.0019519211938578234
extra_trees,num__district_room_rent_m2_median,0.0019500871540335362
extra_trees,num__bearing_from_county_centroid_cos,0.0019429459836127262
extra_trees,cat__site_project_match_source_site_name,0.0019394212407795898
extra_trees,num__floor_num,0.001935532768968221
extra_trees,num__district_m2_group_rent_m2_median,0.001905114019769174
extra_trees,cat__detail_cephe_missing,0.0018969469826202016
extra_trees,num__detail_effect_outside_sum,0.001864550656347799
extra_trees,num__large_home_quality_x_m2,0.0018273622365660852
extra_trees,num__attr_is_new_building,0.0018251864406637203
extra_trees,num__detail_effect_used_count,0.00182436364768123
extra_trees,num__detail_selected_count,0.0018117597982295435
extra_trees,num__large_home_basiskele_premium,0.0018115015473878775
extra_trees,num__distance_to_karamursel_center_m,0.001811338443739484
extra_trees,num__location_baseline_level_code,0.001809041418131646
extra_trees,num__transport_score,0.00179543668324211
extra_trees,cat__geo_cluster_city_city_11,0.0017664133276463086
extra_trees,num__basiskele_premium_x_detail_view,0.001762346771400002
extra_trees,cat__duplex_type_garden,0.0017525189039060494
extra_trees,cat__coast_distance_bucket_1000_3000,0.0017490082073545452
extra_trees,num__detail_effect_positive_count,0.0017377484799245356
extra_trees,num__site_security_score,0.0017357822996509897
extra_trees,num__district_room_rent_m2_count,0.001729377414639157
extra_trees,num__remaining_floors,0.0017290754997618802
extra_trees,num__attr_floor_ratio,0.0017069725011702788
extra_trees,num__detail_effect_view_x_location_baseline,0.0016997395115454742
extra_trees,cat__site_id_bucket_x_district_b2__pasadag mh.,0.0016982943689508746
extra_trees,cat__detail_konut_tipi_missing,0.0016953463005602686
extra_trees,cat__room_count_3+1,0.0016905365158003908
extra_trees,cat__floor_segment_En Üst Kat,0.0016884497679667564
extra_trees,num__distance_to_basiskele_coast_m,0.0016870405136936869
extra_trees,num__floor_ratio,0.001680707954558123
extra_trees,cat__basiskele_geo_cluster_Başiskele_0,0.001663977094759538
extra_trees,num__distance_to_coastline_m,0.0016540712498894228
extra_trees,num__detail_effect_nearby_sum,0.001582123350117238
extra_trees,num__lon_centered_county,0.0015787087377301765
extra_trees,num__lon_centered_city,0.001570815201354004
extra_trees,num__known_premium_x_district_code,0.001541748493360639
extra_trees,num__detail_effect_total_abs_sum,0.0015356827832051193
extra_trees,cat__basiskele_geo_cluster_Başiskele_5,0.001527959186616745
extra_trees,num__attr_quality_x_district_median,0.0015230481480359884
extra_trees,cat__detail_cephe_Batı|Doğu|Güney,0.0015218881916252151
extra_trees,cat__room_count_4+1,0.001520354362719516
extra_trees,num__attr_is_top_floor,0.0015116747938728114
extra_trees,num__distance_to_kullar_m,0.0014938485095743986
extra_trees,cat__coast_distance_bucket_500_1000,0.0014887827541341264
extra_trees,num__basiskele_premium_bucket_county_mean,0.0014722975059237018
extra_trees,num__lon,0.0014603257628153824
extra_trees,num__total_room_score,0.0014582573005915967
extra_trees,cat__floor_segment_Zemin/Giriş,0.0014527153808928535
extra_trees,cat__site_quality_tier_unknown,0.0014288215097897588
extra_trees,num__site_project_known_premium_flag,0.0014168499296506314
extra_trees,cat__geo_cluster_county_Başiskele_0,0.001398638442197168
extra_trees,cat__m2_group_126-150,0.0013965493210303629
extra_trees,num__outside_quality_score,0.001388296168890952
extra_trees,num__distance_to_coastline_inv,0.0013820642100364215
extra_trees,num__attr_net_gross_bad,0.0013787076915090224
extra_trees,num__site_tier_x_coast_inv,0.001373027522919159
extra_trees,num__is_new_building,0.001354143827203814
extra_trees,num__is_middle_floor,0.0013312414555059632
extra_trees,num__attr_heating_quality_score,0.0013083884679717204
extra_trees,num__basiskele_site_premium_signal,0.001305016467719264
extra_trees,cat__basiskele_geo_cluster_x_m2_group_Başiskele_5||101-125,0.0012956525195598285
extra_trees,cat__detail_cephe_Doğu|Güney,0.0012777941832168853
extra_trees,num__large_home_site_x_m2,0.001252122182701501
extra_trees,cat__detail_manzara_missing,0.00125025089989005
extra_trees,num__basiskele_district_premium_bucket_count,0.0012483883701964746
extra_trees,num__distance_to_golcuk_center_m,0.001241559830303053
extra_trees,num__basiskele_premium_bucket_county_median,0.001230073818404245
extra_trees,num__detail_quality_score,0.0012061916541983
extra_trees,cat__coast_distance_bucket_3000_plus,0.0012036872745290169
extra_trees,num__attr_effect_building_age_bucket,0.0011958416956403854
extra_trees,cat__site_id_bucket_x_district_b1__fatih mah.,0.001176712690804434
extra_trees,num__is_top_floor,0.0011671370383930983
extra_trees,num__attr_floor_quality_score,0.0011666968118318347
extra_trees,num__detail_effect_transport_sum,0.0011593666380374692
extra_trees,cat__duplex_type_standard,0.0011494242777134386
extra_trees,num__attr_is_young_building,0.001145398433385994
extra_trees,cat__geo_cluster_x_room_count_city_0||4+1,0.001142072679785642
extra_trees,cat__floor_segment_Çatı,0.0011401447301627734
extra_trees,cat__site_id_bucket_x_district_b1__pasadag mh.,0.0011389798640261185
extra_trees,num__basiskele_has_inside_luxury_signal,0.0011383656764881078
extra_trees,cat__detail_manzara_Doğa|Park & Yeşil Alan,0.001121834525764072
extra_trees,num__site_tier_x_large_home,0.0011198685187188227
extra_trees,num__basiskele_has_security_signal,0.001112997892066719
extra_trees,num__site_tier_code,0.0010894625030469093
extra_trees,num__basiskele_has_social_luxury_signal,0.001088027905306627
extra_trees,num__site_is_premium_tier,0.0010796693152071548
extra_trees,num__detail_effect_transport_mean,0.0010793233383362504
extra_trees,num__demo_education_primary_school_ratio,0.0010621194763438138
extra_trees,num__is_standard_duplex,0.0010530533452056882
extra_trees,cat__geo_cluster_county_Başiskele_5,0.001047717897973954
extra_trees,num__basiskele_premium_bucket_mid,0.0010456875418312838
extra_trees,cat__detail_manzara_Doğa,0.0010044707494977732
extra_trees,num__site_project_oof_residual_mean,0.0009939934487264094
extra_trees,cat__detail_konut_tipi_En Üst Kat|Çatı Dubleksi,0.000989358267697657
extra_trees,num__attr_is_middle_floor,0.000978619252828459
extra_trees,cat__kitchen_Kapalı,0.0009695562214803143
extra_trees,num__demo_residential_density,0.0009677833557059133
extra_trees,cat__detail_manzara_Doğa|Park & Yeşil Alan|Şehir,0.0009381781950326658
extra_trees,cat__room_count_2+1,0.0009371216177269003
extra_trees,cat__floor_segment_Ara Kat,0.000932626391985386
extra_trees,num__attr_building_age_score,0.0009072238675248022
extra_trees,cat__m2_group_101-125,0.0008969183253858065
extra_trees,cat__geo_cluster_city_city_9,0.0008846769832136529
extra_trees,cat__detail_manzara_Park & Yeşil Alan|Şehir,0.0008781941833611265
extra_trees,cat__floor_segment_Bahçe,0.0008672382759531087
extra_trees,cat__site_quality_tier_premium,0.0008651326637402354
extra_trees,cat__demo_dominant_age_group_30-34,0.0008454802373030068
extra_trees,num__demo_age_15_24,0.0008439505552982694
extra_trees,cat__kitchen_Açık (Amerikan),0.000842191856636699
extra_trees,cat__basiskele_geo_cluster_Başiskele_2,0.0008386597781144858
extra_trees,num__is_ground_floor,0.0008135136628829498
extra_trees,cat__duplex_match_source_title,0.0008093607299868002
extra_trees,cat__parking_Kapalı Otopark,0.0007982504691173408
extra_trees,cat__site_project_id_my_yaka,0.0007915955386767592
extra_trees,num__has_site_project_id,0.0007864928748850215
extra_trees,cat__geo_cluster_x_room_count_city_5||3+1,0.0007811480150631238
extra_trees,cat__building_age_group_1,0.0007580428640220871
extra_trees,cat__site_tier_x_district_unknown__pasadag mh.,0.0007530571820948112
extra_trees,cat__m2_group_76-100,0.0007497317693854207
extra_trees,cat__detail_manzara_Doğa|Şehir,0.0007409961511088691
extra_trees,cat__detail_cephe_Batı|Güney|Kuzey,0.0007214873526370687
extra_trees,cat__site_project_match_source_title,0.0007208388820027645
extra_trees,cat__site_id_bucket_x_district_b1__dongel mh.,0.000718034921864187
extra_trees,cat__geo_cluster_county_Başiskele_2,0.000716696298002928
extra_trees,num__has_site_x_site_inside,0.0007082300849690628
extra_trees,num__county_room_count_target_median,0.0007049709204262607
extra_trees,cat__detail_manzara_Şehir,0.0007030875710585119
extra_trees,cat__site_id_bucket_x_district_b0__fatih mah.,0.0007005110038634115
extra_trees,cat__geo_cluster_city_city_0,0.0006893960959972436
extra_trees,cat__geo_cluster_x_room_count_city_4||3+1,0.0006876035099940878
extra_trees,cat__site_inside_Evet,0.0006596294190515126
extra_trees,num__site_project_oof_price_level,0.0006497959474422003
extra_trees,num__attr_is_ground_or_below,0.000646086599668733
extra_trees,num__demo_workplace_count,0.0006370664945303144
extra_trees,cat__site_inside_Hayır,0.0006326281809019868
extra_trees,num__district_target_mean,0.0006313291100793881
extra_trees,cat__site_project_id_zeray_perla,0.0006268615347444063
extra_trees,num__demo_household_size,0.0006225152813355361
extra_trees,cat__site_project_id_yuvana_evleri,0.0006154682048051653
extra_trees,num__demo_young_ratio_diff_county,0.0006085144718461198
extra_trees,cat__geo_cluster_city_city_3,0.000602841324319495
extra_trees,cat__geo_cluster_x_room_count_city_1||4+1,0.0005974442047327552
extra_trees,num__detail_subtype_count,0.0005880590935318207
extra_trees,cat__detail_cephe_Batı|Kuzey,0.0005820096161810559
extra_trees,cat__geo_cluster_x_room_count_city_1||2+1,0.0005796155384961381
extra_trees,cat__basiskele_geo_cluster_x_m2_group_Başiskele_0||126-150,0.0005679749726025154
extra_trees,cat__demo_dominant_education_Lisans,0.0005641633095691378
extra_trees,num__demo_male_ratio,0.0005608717656078725
extra_trees,cat__site_project_id_missing,0.0005417194412882626
extra_trees,cat__geo_cluster_x_room_count_city_0||2+1,0.0005333783230448217
extra_trees,num__canonical_count_x_large_home,0.0005311133066054076
extra_trees,cat__basiskele_geo_cluster_Başiskele_4,0.0005305925586488148
extra_trees,cat__geo_cluster_county_Başiskele_4,0.0005267224567710055
extra_trees,cat__detail_cephe_Batı|Doğu|Güney|Kuzey,0.0005243137063174444
extra_trees,cat__geo_cluster_city_city_5,0.0005113840941258262
extra_trees,num__site_project_listing_count,0.0005008067109472093
extra_trees,cat__basiskele_geo_cluster_x_m2_group_Başiskele_1||101-125,0.000495257700715155
extra_trees,cat__site_project_match_source_missing,0.0004948817328961848
extra_trees,num__demo_university_diff_county,0.00048629658101170955
extra_trees,cat__site_tier_x_district_premium__pasadag mh.,0.0004786608792747654
extra_trees,cat__basiskele_geo_cluster_x_m2_group_Başiskele_4||151-200,0.00047821546595115254
extra_trees,cat__site_quality_tier_mid,0.0004717973007095924
extra_trees,cat__detail_manzara_Park & Yeşil Alan,0.00047173589674279865
extra_trees,num__demo_vehicle_per_capita,0.0004667974271933354
extra_trees,cat__basiskele_geo_cluster_x_m2_group_Başiskele_2||126-150,0.00045949954827680567
extra_trees,cat__demo_dominant_education_Lise,0.0004534689556338317
extra_trees,num__attr_is_site_inside,0.000448312949438806
extra_trees,num__demo_female_ratio,0.00044704786621736233
extra_trees,num__demo_ses_d_ratio,0.0004421735869656845
extra_trees,cat__building_age_group_2,0.0004355486107951672
extra_trees,cat__site_id_bucket_x_district_b0__yesilyurt mh.,0.000418860739207361
extra_trees,num__attr_is_mid_age_building,0.0004164948272614771
extra_trees,cat__geo_cluster_x_room_count_city_1||3+1,0.00040710048928092066
extra_trees,num__demo_age_45_54_count,0.0004020864301954409
extra_trees,cat__district_Döngel Mh.,0.0003984803342330626
extra_trees,cat__detail_manzara_Deniz|Doğa|Şehir,0.0003950820021978961
extra_trees,cat__geo_cluster_county_Başiskele_3,0.0003934076455869983
extra_trees,num__district_target_median,0.0003906668693362916
extra_trees,num__demo_density_vs_county,0.000390426266115455
extra_trees,cat__building_age_group_4,0.0003847432520249296
extra_trees,num__trend_yield,0.0003773775016719561
extra_trees,cat__detail_cephe_Doğu|Güney|Kuzey,0.00037414740619989975
extra_trees,num__demo_population_density,0.00036426727101196394
extra_trees,cat__building_age_group_5,0.0003634828058731252
extra_trees,cat__basiskele_geo_cluster_Başiskele_3,0.0003633395942103016
extra_trees,num__attr_effect_site_inside,0.00035238677036711976
extra_trees,num__basiskele_premium_x_site_inside,0.00034804891388834846
extra_trees,num__site_is_mid_tier,0.00034596988452999385
extra_trees,num__demo_education_doctorate_count,0.00034473757439483445
extra_trees,num__demo_per_capita_income_try,0.0003359617536488601
extra_trees,cat__rent_feature_level_district_room,0.00033376374072850094
extra_trees,num__basiskele_premium_bucket_high,0.0003327938295938175
extra_trees,cat__site_tier_x_district_unknown__dongel mh.,0.00032546160563401004
extra_trees,cat__basiskele_geo_cluster_x_m2_group_Başiskele_3||151-200,0.00032362661342058286
extra_trees,num__demo_education_university_count,0.0003166092695778043
extra_trees,cat__building_age_group_11-15 arası,0.0003149863831112687
extra_trees,num__demo_age_55_64_count,0.0003118468067448093
extra_trees,cat__detail_cephe_Doğu,0.0003067590829691727
extra_trees,num__basiskele_premium_x_district_target_median,0.00030411942395998246
extra_trees,num__demo_age_55_64,0.00030209795676401885
extra_trees,num__demo_middle_ratio,0.0003018951993598011
extra_trees,num__trend_rent_m2,0.00030165723351597814
extra_trees,num__trend_price_change_sale,0.0002994951073688415
extra_trees,num__demo_widow_ratio,0.0002946587045389079
extra_trees,num__demo_widow_count,0.00029450443518661045
extra_trees,cat__geo_cluster_x_room_count_city_3||4+1,0.0002935296959142151
extra_trees,num__demo_young_ratio,0.0002894872343966547
extra_trees,cat__basiskele_geo_cluster_x_m2_group_Başiskele_1||126-150,0.00028888459538618165
extra_trees,cat__basiskele_geo_cluster_x_m2_group_Başiskele_5||126-150,0.0002816569970082867
extra_trees,num__trend_count_rent,0.00028009219502604047
extra_trees,num__demo_car_per_capita,0.00027975967013933376
extra_trees,num__demo_age_65_plus,0.00027955119857002626
extra_trees,num__demo_education_university_ratio,0.0002754405663261475
extra_trees,num__demo_ses_a_plus_ratio,0.0002725134965251237
extra_trees,num__demo_income_vs_county,0.00026472411750498787
extra_trees,num__demo_workplace_density,0.00026236872828033927
extra_trees,num__demo_pharmacy_count,0.0002497408209009051
extra_trees,num__demo_ses_cd_ratio,0.0002405393660406689
extra_trees,num__demo_old_ratio_diff_county,0.00023754316208355318
extra_trees,num__demo_age_25_34,0.00023361340466599464
extra_trees,num__demo_summer_house_count,0.00023182480827667855
extra_trees,num__demo_never_married_count,0.00023054597298002058
extra_trees,cat__detail_konut_tipi_Dubleks,0.00023010339940032635
extra_trees,cat__geo_cluster_x_room_count_city_3||2+1,0.0002273861992963209
extra_trees,num__demo_education_graduate_ratio,0.00022600267982000652
extra_trees,num__district_rent_m2_cv,0.00022554232230400333
extra_trees,num__demo_age_65_plus_count,0.0002251792173502671
extra_trees,num__demo_ses_ab_diff_county,0.00022295238442527322
extra_trees,num__demo_education_graduate_count,0.00022218731118223687
extra_trees,cat__geo_cluster_x_room_count_city_11||4+1,0.00022091809009126042
extra_trees,cat__geo_cluster_x_room_count_city_5||2+1,0.00021954159829540429
extra_trees,cat__basiskele_geo_cluster_x_m2_group_Başiskele_4||126-150,0.00021800779864347583
extra_trees,cat__geo_cluster_county_Başiskele_1,0.00021503637676940695
extra_trees,num__district_rent_m2_iqr,0.0002139392678239452
extra_trees,cat__site_tier_x_district_unknown__yesilyurt mh.,0.0002112262505600892
extra_trees,num__demo_age_25_34_count,0.00021118660862347473
extra_trees,num__demo_age_0_14_count,0.00020953620642020062
extra_trees,num__attr_compact_home_x_quality,0.00020906501901683778
extra_trees,num__demo_pharmacy_per_10k,0.00020460052879434218
extra_trees,cat__site_tier_x_district_mid__pasadag mh.,0.00020256017308353715
extra_trees,num__demo_education_high_school_count,0.00019514043684986016
extra_trees,cat__building_age_group_3,0.00019359970211179877
extra_trees,num__demo_middle_count,0.00019156949491127493
extra_trees,num__district_rent_m2_count,0.0001877787045184748
extra_trees,cat__site_id_bucket_x_district_b0__dongel mh.,0.00018762352456589483
extra_trees,num__demo_old_ratio,0.00018592819647023697
extra_trees,cat__demo_dominant_age_group_40-44,0.00018247942804884912
extra_trees,num__trend_sale_m2,0.00017821407902252848
extra_trees,num__site_project_oof_count,0.00017757725161464524
extra_trees,num__demo_car_count,0.0001748983642814778
extra_trees,num__demo_single_ratio,0.00017294915788535484
extra_trees,num__trend_listing_period_sale,0.00017217034534953844
extra_trees,cat__site_tier_x_district_unknown__fatih mah.,0.0001649301056676014
extra_trees,num__site_project_freq_bucket,0.00016332141344938266
extra_trees,cat__detail_konut_tipi_Ara Kat Dubleks,0.000162243352140278
extra_trees,num__demo_age_15_24_count,0.00015737002887558188
extra_trees,num__demo_age_35_44_count,0.00015692036086816164
extra_trees,num__demo_atm_per_10k,0.0001549842225102718
extra_trees,num__trend_count_sale,0.00015486064213806748
extra_trees,num__demo_divorced_count,0.00015233596083544755
extra_trees,num__demo_old_count,0.00015165520065267248
extra_trees,num__demo_ses_d_count,0.0001496846273874189
extra_trees,num__demo_high_school_diff_county,0.0001492424784481197
extra_trees,cat__basiskele_geo_cluster_Başiskele_1,0.00014860330885392423
extra_trees,num__demo_married_count,0.000147813873516114
extra_trees,num__demo_ses_cd_diff_county,0.0001449392391577906
extra_trees,num__demo_household_income_try,0.00014333685504458273
extra_trees,num__demo_age_45_54,0.00014206223503622283
extra_trees,num__demo_age_0_14,0.00014181960992752838
extra_trees,num__district_rent_m2_median,0.00014036308756476806
extra_trees,cat__furnished_Hayır,0.00013929758481538043
extra_trees,num__demo_population_female,0.0001382974620930269
extra_trees,num__demo_ses_c_count,0.00013827456383839793
extra_trees,cat__basiskele_geo_cluster_x_m2_group_Başiskele_2||101-125,0.00013692413288360724
extra_trees,cat__furnished_Belirtilmemiş,0.00013497648315828235
extra_trees,num__demo_ses_ab_ratio,0.00013271815687958185
extra_trees,cat__detail_manzara_Deniz|Park & Yeşil Alan|Şehir,0.00013172656402401085
extra_trees,num__demo_ses_a_ratio,0.00013011246978706644
extra_trees,cat__detail_manzara_Doğa|Havuz|Park & Yeşil Alan,0.00012865857281527815
extra_trees,cat__basiskele_geo_cluster_x_m2_group_Başiskele_5||151-200,0.00012759836126097045
extra_trees,num__demo_ses_c_ratio,0.00012600584365053138
extra_trees,cat__geo_cluster_city_city_1,0.00012576985829558588
extra_trees,cat__district_Paşadağ Mh.,0.00012378146577686914
extra_trees,cat__detail_manzara_Doğa|Havuz|Park & Yeşil Alan|Şehir,0.0001177362170205455
extra_trees,num__demo_residential_count,0.00011515146155220762
extra_trees,num__demo_atm_count,0.00011498877329237426
extra_trees,cat__geo_cluster_x_room_count_city_9||2+1,0.00011409821128595431
extra_trees,cat__site_project_id_iskar_elit_kent,0.00011349053328558415
extra_trees,num__demo_married_ratio,0.00011331229338106979
extra_trees,cat__site_id_bucket_x_district_b2__yesilyurt mh.,0.00011259200247663779
extra_trees,num__demo_ses_a_count,0.00011149400717354579
extra_trees,cat__detail_cephe_Güney,0.00011114151429703223
extra_trees,num__demo_ses_b_ratio,0.00011004021606734922
extra_trees,num__demo_vehicle_count,0.00010891929452402224
extra_trees,num__demo_young_count,0.00010730393035852993
extra_trees,cat__duplex_match_source_detail,0.00010614141465672521
extra_trees,cat__duplex_match_source_conflict_detail_wins,0.00010537534497799983
extra_trees,cat__site_project_id_panoramakent_1,0.00010178858915382799
extra_trees,num__demo_population_total,0.00010051682092487824
extra_trees,cat__geo_cluster_city_city_10,9.596028527318018e-05
extra_trees,num__demo_household_count,9.397366707193745e-05
extra_trees,num__demo_education_middle_school_count,9.237546268821265e-05
extra_trees,num__demo_education_doctorate_ratio,9.077166536011394e-05
extra_trees,cat__basiskele_geo_cluster_x_m2_group_Başiskele_4||200+,8.736375510150544e-05
extra_trees,cat__geo_cluster_x_room_count_city_8||3+1,8.680433345429925e-05
extra_trees,cat__detail_manzara_Deniz|Doğa|Park & Yeşil Alan,8.663250864332466e-05
extra_trees,cat__detail_manzara_Deniz,8.604746609342232e-05
extra_trees,cat__geo_cluster_x_room_count_city_4||4+1,8.603977158936154e-05
extra_trees,num__trend_sale_annual_change,8.265524710179499e-05
extra_trees,num__demo_age_35_44,8.260407858140517e-05
extra_trees,cat__site_project_id_zeray_gunesi,8.011786672627156e-05
extra_trees,num__demo_ses_b_count,7.795845722265977e-05
extra_trees,cat__district_Serdar Mah.,7.718784791224806e-05
extra_trees,num__demo_divorced_ratio,7.558599225141179e-05
extra_trees,cat__site_id_bucket_x_district_b0__pasadag mh.,7.507810945062875e-05
extra_trees,cat__demo_dominant_age_group_5-9,7.50327666017013e-05
extra_trees,num__district_rent_m2_mean,7.371704272315272e-05
extra_trees,cat__detail_konut_tipi_Dubleks|En Üst Kat|Çatı Dubleksi,7.214584975582486e-05
extra_trees,num__duplex_source_conflict,7.190052981914305e-05
extra_trees,cat__basiskele_geo_cluster_x_m2_group_Başiskele_2||76-100,7.092007477485087e-05
extra_trees,cat__geo_cluster_x_room_count_city_4||2+1,6.872509474752216e-05
extra_trees,cat__district_Yeşilyurt Mh.,6.422724880493331e-05
extra_trees,cat__basiskele_geo_cluster_x_m2_group_Başiskele_3||76-100,6.386018566640386e-05
extra_trees,cat__basiskele_geo_cluster_x_m2_group_Başiskele_3||126-150,6.374518572471028e-05
extra_trees,cat__detail_konut_tipi_En Üst Kat,5.961525400974004e-05
extra_trees,cat__detail_manzara_Deniz|Şehir,5.896829651126068e-05
extra_trees,num__demo_education_primary_education_ratio,5.706030208778435e-05
extra_trees,num__demo_ses_a_plus_count,5.69197685973004e-05
extra_trees,num__demo_education_middle_school_ratio,5.6365064967161343e-05
extra_trees,num__demo_household_income_vs_county,5.471845127066272e-05
extra_trees,cat__detail_konut_tipi_Dubleks|Bahçe Dubleksi,5.4597130921327056e-05
extra_trees,num__demo_population_male,5.293367485968217e-05
extra_trees,num__demo_education_primary_school_count,4.869520150199049e-05
extra_trees,cat__detail_konut_tipi_Ara Kat|Çatı Dubleksi,4.813967595247337e-05
extra_trees,num__demo_education_high_school_ratio,4.547029377147189e-05
extra_trees,num__demo_education_total,4.503815432342269e-05
extra_trees,cat__geo_cluster_x_room_count_city_5||4+1,4.3283437520250605e-05
extra_trees,num__is_small_flat,4.264278081475441e-05
extra_trees,num__site_project_oof_confidence,4.234430680625801e-05
extra_trees,cat__detail_manzara_Deniz|Doğa,4.11501012799293e-05
extra_trees,cat__site_project_id_mavi_yesil_park,3.9956616233398384e-05
extra_trees,cat__geo_cluster_x_room_count_city_8||2+1,3.850060320046549e-05
extra_trees,cat__geo_cluster_x_room_count_city_4||1+1,3.775610841545353e-05
extra_trees,cat__detail_cephe_Kuzey,3.739657624614644e-05
extra_trees,cat__site_project_id_zeraykent_yuvacik,3.6244194232828525e-05
extra_trees,num__distance_to_coast_x_near_sea_zero,3.38063413213208e-05
extra_trees,cat__geo_cluster_city_city_6,3.3760851120211895e-05
extra_trees,num__demo_education_unknown_ratio,3.1199318708230424e-05
extra_trees,cat__site_project_id_helin,3.118959410926e-05
extra_trees,cat__site_tier_x_district_unknown__serdar mah.,2.7088685128890946e-05
extra_trees,cat__basiskele_geo_cluster_x_m2_group_Başiskele_3||101-125,2.6307980712985672e-05
extra_trees,cat__detail_cephe_Batı|Doğu,2.4482193092463436e-05
extra_trees,cat__site_tier_x_district_premium__fatih mah.,2.370541629391421e-05
extra_trees,cat__basiskele_geo_cluster_x_m2_group_Başiskele_0||101-125,2.1235457547556215e-05
extra_trees,cat__site_id_bucket_x_district_b2__fatih mah.,1.900535654520382e-05
extra_trees,cat__basiskele_geo_cluster_x_m2_group_Başiskele_4||101-125,1.870395971138099e-05
extra_trees,cat__site_project_id_megatron_azize,1.860072077664121e-05
extra_trees,cat__detail_manzara_Havuz|Park & Yeşil Alan,1.811867617601463e-05
extra_trees,cat__detail_konut_tipi_Dubleks|Çatı Dubleksi,1.5773798114917518e-05
extra_trees,cat__room_count_1+1,1.186030203371272e-05
extra_trees,cat__site_id_bucket_x_district_b1__havuzlubahce mh.,1.1527753809160025e-05
extra_trees,num__demo_education_non_literate_ratio,1.0962731620502853e-05
extra_trees,num__is_middle_floor_duplex,1.0620986209862193e-05
extra_trees,cat__site_id_bucket_x_district_b0__serdar mah.,8.722088509574026e-06
extra_trees,cat__detail_cephe_Güney|Kuzey,8.517338437905301e-06
extra_trees,cat__site_project_id_kirazli_kent,5.490968487443798e-06
extra_trees,cat__site_tier_x_district_mid__fatih mah.,4.803450182673101e-06
extra_trees,num__attr_has_premium_heating,4.091883773218343e-06
extra_trees,cat__site_project_id_basiskele_de_havuzlu,3.862515592958041e-06
extra_trees,cat__parking_Yok,2.8771935269068815e-06
extra_trees,cat__district_Fatih Mah.,2.1735271762371937e-06
extra_trees,cat__basiskele_geo_cluster_x_m2_group_Başiskele_2||200+,1.9718394127058535e-06
extra_trees,cat__site_project_id_yuvacik_vadi,8.86876850792679e-07
extra_trees,num__open_area_m2,0.0
extra_trees,num__has_open_area,0.0
extra_trees,num__is_basement,0.0
extra_trees,num__living_rooms,0.0
extra_trees,num__is_old_building,0.0
extra_trees,num__county_rent_m2_median,0.0
extra_trees,num__county_rent_m2_mean,0.0
extra_trees,num__county_rent_m2_count,0.0
extra_trees,num__rent_feature_confidence,0.0
extra_trees,num__county_target_median,0.0
extra_trees,num__county_target_mean,0.0
extra_trees,num__demo_bank_count,0.0
extra_trees,num__county_demo_population_total_sum,0.0
extra_trees,num__county_demo_population_density_median,0.0
extra_trees,num__county_demo_population_density_mean,0.0
extra_trees,num__county_demo_per_capita_income_median,0.0
extra_trees,num__county_demo_household_income_median,0.0
extra_trees,num__county_demo_household_size_mean,0.0
extra_trees,num__county_demo_education_university_ratio_mean,0.0
extra_trees,num__county_demo_education_high_school_ratio_mean,0.0
extra_trees,num__county_demo_ses_ab_ratio_mean,0.0
extra_trees,num__county_demo_ses_cd_ratio_mean,0.0
extra_trees,num__county_demo_old_ratio_mean,0.0
extra_trees,num__county_demo_young_ratio_mean,0.0
extra_trees,num__county_demo_married_ratio_mean,0.0
extra_trees,num__county_demo_single_ratio_mean,0.0
extra_trees,num__county_demo_residential_count_sum,0.0
extra_trees,num__county_demo_workplace_count_sum,0.0
extra_trees,num__county_demo_vehicle_count_sum,0.0
extra_trees,num__county_demo_car_count_sum,0.0
extra_trees,num__county_demo_atm_count_sum,0.0
extra_trees,num__county_demo_pharmacy_count_sum,0.0
extra_trees,num__county_demo_bank_count_sum,0.0
extra_trees,num__demo_bank_per_10k,0.0
extra_trees,num__demo_has_demographics,0.0
extra_trees,num__demo_has_county_demographics,0.0
extra_trees,num__demo_age_coverage,0.0
extra_trees,num__demo_education_coverage,0.0
extra_trees,num__demo_income_available,0.0
extra_trees,num__demo_ses_available,0.0
extra_trees,num__demo_market_activity_available,0.0
extra_trees,num__demo_infrastructure_available,0.0
extra_trees,num__demo_coverage_score,0.0
extra_trees,num__demo_real_estate_agent_count,0.0
extra_trees,num__demo_agent_listing_count,0.0
extra_trees,num__demo_owner_listing_count,0.0
extra_trees,num__demo_sale_count,0.0
extra_trees,num__demo_mortgage_count,0.0
extra_trees,num__demo_turnover_ratio,0.0
extra_trees,num__demo_computed_turnover_ratio,0.0
extra_trees,num__demo_listing_count_2024,0.0
extra_trees,num__demo_bb_sale_count_2024,0.0
extra_trees,num__demo_bb_mortgaged_sale_count_2024,0.0
extra_trees,num__county_demo_sale_count_sum,0.0
extra_trees,num__county_demo_turnover_ratio_median,0.0
extra_trees,num__demo_turnover_vs_county,0.0
extra_trees,num__demo_saving_total,0.0
extra_trees,num__demo_expense_total,0.0
extra_trees,num__demo_expense_food,0.0
extra_trees,num__demo_expense_shelter,0.0
extra_trees,num__demo_expense_transportation,0.0
extra_trees,num__demo_expense_education,0.0
extra_trees,num__demo_ecommerce_count,0.0
extra_trees,num__demo_ecommerce_density,0.0
extra_trees,num__demo_online_retail,0.0
extra_trees,num__attr_is_old_building,0.0
extra_trees,num__attr_has_parking,0.0
extra_trees,num__attr_has_balcony,0.0
extra_trees,num__attr_is_furnished,0.0
extra_trees,num__attr_credit_eligible,0.0
extra_trees,num__attr_has_natural_gas_heating,0.0
extra_trees,num__attr_has_poor_heating,0.0
extra_trees,num__attr_old_building_x_no_elevator,0.0
extra_trees,num__attr_effect_parking,0.0
extra_trees,num__attr_effect_heating_quality_bucket,0.0
extra_trees,num__attr_county_new_building_premium,0.0
extra_trees,num__attr_county_old_building_discount,0.0
extra_trees,num__attr_county_elevator_premium,0.0
extra_trees,num__attr_county_site_inside_premium,0.0
extra_trees,num__attr_county_parking_premium,0.0
extra_trees,num__attr_county_good_heating_premium,0.0
extra_trees,num__attr_county_high_quality_premium,0.0
extra_trees,num__basiskele_large_home_premium_bucket_median,0.0
extra_trees,num__has_lat_lon,0.0
extra_trees,num__location_precision_exact,0.0
extra_trees,num__location_precision_approx,0.0
extra_trees,num__location_precision_district_only,0.0
extra_trees,num__location_precision_missing,0.0
extra_trees,num__location_source_data_attr_map,0.0
extra_trees,num__location_backfill_ok,0.0
extra_trees,num__location_backfill_listing_removed,0.0
extra_trees,num__location_quality_score,0.0
extra_trees,num__is_coastal_500m,0.0
extra_trees,num__is_coastal_1000m,0.0
extra_trees,num__is_coastal_2000m,0.0
extra_trees,num__geo_context_missing,0.0
extra_trees,num__geo_context_has_exact_location,0.0
extra_trees,num__geo_context_has_approx_location,0.0
extra_trees,num__distance_to_sea_m,0.0
extra_trees,num__log_distance_to_sea,0.0
extra_trees,num__is_coastal_250m,0.0
extra_trees,num__coast_distance_bucket_code,0.0
extra_trees,num__coastal_access_score,0.0
extra_trees,num__bsk_distance_to_sea_x_view_sea,0.0
extra_trees,num__bsk_distance_to_sea_x_near_sea_zero,0.0
extra_trees,num__bsk_distance_to_sea_x_large_home,0.0
extra_trees,num__bsk_distance_to_sea_x_site_inside,0.0
extra_trees,num__bsk_distance_to_sea_x_quality,0.0
extra_trees,num__bsk_coastal_x_large_home,0.0
extra_trees,num__bsk_coastal_x_geo_cluster,0.0
extra_trees,num__bsk_coastal_x_room_4p1,0.0
extra_trees,cat__real_estate_type_Satılık Daire,0.0
extra_trees,cat__room_count_4+2,0.0
extra_trees,cat__room_count_4.5+1,0.0
extra_trees,cat__room_count_5+1,0.0
extra_trees,cat__room_count_5+2,0.0
extra_trees,cat__floor_segment_Bodrum,0.0
extra_trees,cat__heating_Kat Kaloriferi,0.0
extra_trees,cat__heating_Kombi (Elektrik),0.0
extra_trees,cat__heating_Merkezi (Pay Ölçer),0.0
extra_trees,cat__heating_Yok,0.0
extra_trees,cat__balcony_Var,0.0
extra_trees,cat__balcony_Yok,0.0
extra_trees,cat__furnished_Evet,0.0
extra_trees,cat__credit_eligible_missing,0.0
extra_trees,cat__energy_certificate_missing,0.0
extra_trees,cat__deed_status_missing,0.0
extra_trees,cat__seller_type_missing,0.0
extra_trees,cat__barter_missing,0.0
extra_trees,cat__city_Kocaeli,0.0
extra_trees,cat__county_Başiskele,0.0
extra_trees,cat__district_Aydınkent Mh.,0.0
extra_trees,cat__district_Barbaros Mah.,0.0
extra_trees,cat__district_Damlar Mah.,0.0
extra_trees,cat__district_Havuzlubahçe Mh.,0.0
extra_trees,cat__district_Sahil Mah.,0.0
extra_trees,cat__district_Tepecik Mh.,0.0
extra_trees,cat__district_Yaylacık Mh.,0.0
extra_trees,cat__district_Yuvacık Yakacık Mh.,0.0
extra_trees,cat__building_age_group_16-20 arası,0.0
extra_trees,cat__m2_group_0-75,0.0
extra_trees,cat__detail_cephe_Batı,0.0
extra_trees,cat__detail_manzara_Boğaz|Deniz|Doğa|Göl|Havuz|Nehir|Park & Yeşil Alan|Şehir,0.0
extra_trees,cat__detail_manzara_Boğaz|Deniz|Doğa|Park & Yeşil Alan|Şehir,0.0
extra_trees,cat__detail_manzara_Deniz|Doğa|Havuz|Park & Yeşil Alan|Şehir,0.0
extra_trees,cat__detail_manzara_Deniz|Havuz,0.0
extra_trees,cat__detail_manzara_Deniz|Havuz|Park & Yeşil Alan,0.0
extra_trees,cat__detail_manzara_Deniz|Havuz|Park & Yeşil Alan|Şehir,0.0
extra_trees,cat__detail_manzara_Deniz|Park & Yeşil Alan,0.0
extra_trees,cat__detail_manzara_Doğa|Havuz,0.0
extra_trees,cat__detail_manzara_Havuz|Park & Yeşil Alan|Şehir,0.0
extra_trees,cat__detail_konut_tipi_Dubleks|Bahçe Dubleksi|Ters Dubleks,0.0
extra_trees,cat__detail_konut_tipi_Dubleks|En Üst Kat|Ara Kat|Ara Kat Dubleks|Bahçe Dubleksi|Çatı Dubleksi|Forleks|Ters Dubleks|Tripleks,0.0
extra_trees,cat__detail_konut_tipi_Dubleks|En Üst Kat|Ara Kat|Ara Kat Dubleks|Bahçe Dubleksi|Çatı Dubleksi|Ters Dubleks|Tripleks,0.0
extra_trees,cat__detail_konut_tipi_Dubleks|En Üst Kat|Ara Kat|Çatı Dubleksi,0.0
extra_trees,cat__detail_konut_tipi_Dubleks|En Üst Kat|Çatı Dubleksi|Ters Dubleks,0.0
extra_trees,cat__detail_konut_tipi_En Üst Kat|Ara Kat|Çatı Dubleksi,0.0
extra_trees,cat__rent_feature_level_county,0.0
extra_trees,cat__rent_feature_level_district,0.0
extra_trees,cat__rent_feature_level_district_m2_group,0.0
extra_trees,cat__demo_dominant_age_group_25-29,0.0
extra_trees,cat__demo_dominant_age_group_45-49,0.0
extra_trees,cat__demo_dominant_age_group_65+,0.0
extra_trees,cat__demo_dominant_marital_status_Evli,0.0
extra_trees,cat__demo_dominant_education_İlkokul,0.0
extra_trees,cat__demo_ses_group_C Grubu,0.0
extra_trees,cat__location_precision_exact_map,0.0
extra_trees,cat__location_source_data_attr_map,0.0
extra_trees,cat__geo_cluster_city_city_2,0.0
extra_trees,cat__geo_cluster_city_city_7,0.0
extra_trees,cat__geo_cluster_city_city_8,0.0
extra_trees,cat__basiskele_geo_cluster_x_m2_group_Başiskele_0||76-100,0.0
extra_trees,cat__basiskele_geo_cluster_x_m2_group_Başiskele_1||76-100,0.0
extra_trees,cat__basiskele_geo_cluster_x_m2_group_Başiskele_3||200+,0.0
extra_trees,cat__basiskele_geo_cluster_x_m2_group_Başiskele_4||76-100,0.0
extra_trees,cat__basiskele_geo_cluster_x_m2_group_Başiskele_5||0-75,0.0
extra_trees,cat__basiskele_geo_cluster_x_m2_group_Başiskele_5||200+,0.0
extra_trees,cat__basiskele_geo_cluster_x_m2_group_Başiskele_5||76-100,0.0
extra_trees,cat__geo_cluster_x_room_count_city_0||4+2,0.0
extra_trees,cat__geo_cluster_x_room_count_city_10||2+1,0.0
extra_trees,cat__geo_cluster_x_room_count_city_10||3+1,0.0
extra_trees,cat__geo_cluster_x_room_count_city_10||4+1,0.0
extra_trees,cat__geo_cluster_x_room_count_city_11||2+1,0.0
extra_trees,cat__geo_cluster_x_room_count_city_1||5+1,0.0
extra_trees,cat__geo_cluster_x_room_count_city_2||2+1,0.0
extra_trees,cat__geo_cluster_x_room_count_city_3||5+1,0.0
extra_trees,cat__geo_cluster_x_room_count_city_5||4.5+1,0.0
extra_trees,cat__geo_cluster_x_room_count_city_5||5+1,0.0
extra_trees,cat__geo_cluster_x_room_count_city_5||5+2,0.0
extra_trees,cat__geo_cluster_x_room_count_city_6||2+1,0.0
extra_trees,cat__geo_cluster_x_room_count_city_6||4+1,0.0
extra_trees,cat__geo_cluster_x_room_count_city_7||2+1,0.0
extra_trees,cat__geo_cluster_x_room_count_city_7||3+1,0.0
extra_trees,cat__geo_cluster_x_room_count_city_8||1+1,0.0
extra_trees,cat__geo_cluster_x_room_count_city_8||4+1,0.0
extra_trees,cat__geo_cluster_x_room_count_city_9||1+1,0.0
extra_trees,cat__site_project_id_akasya_modern,0.0
extra_trees,cat__site_project_id_akven_armoni_teras,0.0
extra_trees,cat__site_project_id_asrin,0.0
extra_trees,cat__site_project_id_bahcekent_konutlari,0.0
extra_trees,cat__site_project_id_basiskelede_prejtijli,0.0
extra_trees,cat__site_project_id_boyunegmez_yasam,0.0
extra_trees,cat__site_project_id_cadde_53,0.0
extra_trees,cat__site_project_id_cati_dubleks_havuzlu,0.0
extra_trees,cat__site_project_id_doga,0.0
extra_trees,cat__site_project_id_dongelde,0.0
extra_trees,cat__site_project_id_dream_gardens,0.0
extra_trees,cat__site_project_id_emar_delux_yuvacik,0.0
extra_trees,cat__site_project_id_esila_park,0.0
extra_trees,cat__site_project_id_hanzade_palace,0.0
extra_trees,cat__site_project_id_havuzlu,0.0
extra_trees,cat__site_project_id_lotus,0.0
extra_trees,cat__site_project_id_lotus_mahza,0.0
extra_trees,cat__site_project_id_mahall_yuvacik_2,0.0
extra_trees,cat__site_project_id_mamik_reform,0.0
extra_trees,cat__site_project_id_manaryuvacik,0.0
extra_trees,cat__site_project_id_may_kent_2,0.0
extra_trees,cat__site_project_id_memur_sen,0.0
extra_trees,cat__site_project_id_oksijen_konaklari,0.0
extra_trees,cat__site_project_id_oluklu_life,0.0
extra_trees,cat__site_project_id_orka_life_2,0.0
extra_trees,cat__site_project_id_pasadag_mah_full_deniz_manzarali,0.0
extra_trees,cat__site_project_id_remax_dreamden_fatih_de,0.0
extra_trees,cat__site_project_id_royal_city_akkurt,0.0
extra_trees,cat__site_project_id_royal_country,0.0
extra_trees,cat__site_project_id_royal_park,0.0
extra_trees,cat__site_project_id_rozna,0.0
extra_trees,cat__site_project_id_listing_portal_vadi_yuvacik,0.0
extra_trees,cat__site_project_id_supark_megaron,0.0
extra_trees,cat__site_project_id_teras_marmara,0.0
extra_trees,cat__site_project_id_terra_nova,0.0
extra_trees,cat__site_project_id_torunogullari_park_2,0.0
extra_trees,cat__site_project_id_twinkle_life,0.0
extra_trees,cat__site_project_id_ust_park_yuvacik,0.0
extra_trees,cat__site_project_id_ustgrup_lifeside,0.0
extra_trees,cat__site_project_id_venedik,0.0
extra_trees,cat__site_project_id_vistapark,0.0
extra_trees,cat__site_project_id_yesilyurtda,0.0
extra_trees,cat__site_project_id_yonca_evleri_2,0.0
extra_trees,cat__site_project_id_yuz_yapi_dan_deniz_ve_vadi,0.0
extra_trees,cat__site_project_id_zeray_kent,0.0
extra_trees,cat__site_project_id_zeray_korupark,0.0
extra_trees,cat__site_tier_x_district_mid__aydinkent mh.,0.0
extra_trees,cat__site_tier_x_district_mid__havuzlubahce mh.,0.0
extra_trees,cat__site_tier_x_district_mid__yesilyurt mh.,0.0
extra_trees,cat__site_tier_x_district_unknown__aydinkent mh.,0.0
extra_trees,cat__site_tier_x_district_unknown__barbaros mah.,0.0
extra_trees,cat__site_tier_x_district_unknown__damlar mah.,0.0
extra_trees,cat__site_tier_x_district_unknown__havuzlubahce mh.,0.0
extra_trees,cat__site_tier_x_district_unknown__sahil mah.,0.0
extra_trees,cat__site_tier_x_district_unknown__tepecik mh.,0.0
extra_trees,cat__site_tier_x_district_unknown__yaylacik mh.,0.0
extra_trees,cat__site_tier_x_district_unknown__yuvacik yakacik mh.,0.0
extra_trees,cat__site_id_bucket_x_district_b0__aydinkent mh.,0.0
extra_trees,cat__site_id_bucket_x_district_b0__barbaros mah.,0.0
extra_trees,cat__site_id_bucket_x_district_b0__damlar mah.,0.0
extra_trees,cat__site_id_bucket_x_district_b0__havuzlubahce mh.,0.0
extra_trees,cat__site_id_bucket_x_district_b0__sahil mah.,0.0
extra_trees,cat__site_id_bucket_x_district_b0__tepecik mh.,0.0
extra_trees,cat__site_id_bucket_x_district_b0__yuvacik yakacik mh.,0.0
extra_trees,cat__site_id_bucket_x_district_b1__aydinkent mh.,0.0
extra_trees,cat__site_id_bucket_x_district_b1__damlar mah.,0.0
extra_trees,cat__site_id_bucket_x_district_b1__serdar mah.,0.0
extra_trees,cat__site_id_bucket_x_district_b1__yaylacik mh.,0.0
extra_trees,cat__duplex_type_middle_floor,0.0
gradient_boosting,num__detail_effect_total_mean,0.16660493609709173
gradient_boosting,num__basiskele_detail_group_bucket_median,0.10629496077108226
gradient_boosting,num__attr_quality_x_location_baseline,0.039669711210303264
gradient_boosting,num__attr_m2_per_room,0.034254748399294495
gradient_boosting,num__distance_to_coast_x_site_inside,0.029123045831709025
gradient_boosting,num__large_home_detail_premium_x_m2,0.021305610329537348
gradient_boosting,num__bearing_from_district_centroid_cos,0.021270246958351096
gradient_boosting,num__attr_amenity_score,0.020098549426024452
gradient_boosting,num__estimated_monthly_rent_gross,0.019541476709356596
gradient_boosting,cat__building_age_group_6-10 arası,0.018700204848999438
gradient_boosting,num__location_baseline_count,0.01758060445805389
gradient_boosting,num__distance_to_geo_cluster_center_m,0.017410799241862736
gradient_boosting,num__large_home_room_density,0.016264815440164563
gradient_boosting,num__detail_effect_county_total_sum,0.015386828704979648
gradient_boosting,num__district_m2_group_target_median,0.015363178015043135
gradient_boosting,num__attr_quality_x_county_income,0.013101536815245455
gradient_boosting,num__basiskele_premium_x_new_building,0.013047392109475071
gradient_boosting,num__detail_effect_total_sum,0.012607377550239074
gradient_boosting,num__basiskele_premium_x_gross_m2,0.012111594834929131
gradient_boosting,num__detail_effect_district_total_sum,0.011780876543443087
gradient_boosting,num__basiskele_lat_lon_interaction,0.011651860889193214
gradient_boosting,num__district_room_count_target_median,0.011087770253035806
gradient_boosting,num__building_age,0.01102618463597508
gradient_boosting,num__distance_to_izmit_center_m,0.0095297276973704
gradient_boosting,num__bearing_from_county_centroid_cos,0.009441792698372635
gradient_boosting,num__attr_total_quality_score,0.009416210194036463
gradient_boosting,num__detail_effect_inside_x_attr_quality,0.009134682270662829
gradient_boosting,num__lat,0.008707456901365667
gradient_boosting,num__detail_effect_front_mean,0.008704625565532568
gradient_boosting,num__detail_effect_outside_x_attr_quality,0.008605715729983969
gradient_boosting,num__detail_effect_front_sum,0.007834735369700802
gradient_boosting,num__detail_effect_inside_mean,0.007584595221205973
gradient_boosting,num__distance_to_county_centroid_m,0.007280058076634538
gradient_boosting,num__location_baseline_log,0.007114760497952316
gradient_boosting,num__detail_near_count,0.00699663295926947
gradient_boosting,num__distance_to_bahcecik_m,0.006121506936881836
gradient_boosting,num__large_home_net_gross_quality,0.006111390642023061
gradient_boosting,num__bearing_from_district_centroid_sin,0.006051444334892963
gradient_boosting,num__detail_effect_view_mean,0.005862243196701384
gradient_boosting,num__basiskele_premium_x_district_target_median,0.005840182929513269
gradient_boosting,num__location_baseline_m2,0.005614056579310354
gradient_boosting,num__detail_effect_negative_count,0.0055614347546317335
gradient_boosting,num__net_m2,0.0054790303659918976
gradient_boosting,num__distance_to_yuvacik_m,0.00510693941103528
gradient_boosting,num__attr_quality_x_demo_income,0.005099544236513365
gradient_boosting,num__large_home_basiskele_premium,0.005079907825699354
gradient_boosting,num__attr_building_age_inverse,0.005042393414397515
gradient_boosting,num__attr_large_home_x_quality,0.005024253324049464
gradient_boosting,num__is_garden_duplex,0.004871105719837944
gradient_boosting,num__distance_to_sahil_m,0.00485136447549309
gradient_boosting,num__basiskele_premium_x_large_home,0.0048432572084898765
gradient_boosting,num__attr_effect_elevator,0.004553369556785365
gradient_boosting,num__basiskele_premium_x_location_baseline,0.004522174252475148
gradient_boosting,cat__duplex_match_source_none,0.0044896654647631215
gradient_boosting,num__distance_to_kullar_m,0.0044348771570923064
gradient_boosting,num__detail_effect_transport_mean,0.0041200681253891
gradient_boosting,num__nearby_score,0.003911593631216758
gradient_boosting,num__large_home_site_x_m2,0.003867066851656652
gradient_boosting,num__gross_m2,0.003757360353345634
gradient_boosting,num__distance_to_basiskele_coast_m,0.0037288057491790126
gradient_boosting,num__detail_effect_total_x_attr_quality,0.0037148271888873805
gradient_boosting,cat__detail_konut_tipi_Ara Kat,0.0035961632564462
gradient_boosting,num__attr_effect_total_quality_bucket,0.003595602089245692
gradient_boosting,num__detail_effect_transport_sum,0.0033312506009918735
gradient_boosting,num__attr_has_elevator,0.0032152110717178343
gradient_boosting,cat__geo_cluster_x_room_count_city_11||3+1,0.0031004160201124177
gradient_boosting,num__dues,0.0030933514751548927
gradient_boosting,num__attr_net_gross_ratio,0.0029942337996401356
gradient_boosting,num__detail_effect_subtype_mean,0.0029494195811985862
gradient_boosting,num__detail_inside_count,0.0028184396856189213
gradient_boosting,num__distance_to_district_centroid_m,0.002809032708548087
gradient_boosting,num__lat_centered_county,0.0027805083941368656
gradient_boosting,num__net_gross_ratio,0.0027532711719444746
gradient_boosting,num__district_m2_group_rent_m2_median,0.0027109234429425746
gradient_boosting,cat__duplex_type_none,0.002562009475012546
gradient_boosting,num__detail_effect_level_code,0.002402419516884208
gradient_boosting,num__total_floors,0.002397920705752905
gradient_boosting,cat__duplex_type_garden,0.002368791993901838
gradient_boosting,num__detail_effect_subtype_sum,0.002203930409571233
gradient_boosting,cat__usage_status_Mülk Sahibi,0.0021723719816192644
gradient_boosting,num__basiskele_detail_inside_premium_signal,0.0021519829131634812
gradient_boosting,num__basiskele_premium_x_detail_view,0.0019215121760732866
gradient_boosting,cat__furnished_Hayır,0.001887331655746588
gradient_boosting,num__large_home_m2_excess,0.0018861318429730484
gradient_boosting,cat__room_count_3+1,0.001845866015136648
gradient_boosting,num__basiskele_district_premium_bucket_median,0.0018074688134342033
gradient_boosting,num__detail_outside_count,0.0017449604864762543
gradient_boosting,num__distance_to_coast_x_view_sea,0.0016938605908522367
gradient_boosting,num__detail_effect_inside_sum,0.0016640037406930649
gradient_boosting,num__basiskele_premium_x_site_inside,0.0016374779334558161
gradient_boosting,cat__elevator_Yok,0.001629229189317208
gradient_boosting,num__location_baseline_vs_trend,0.00156060470145317
gradient_boosting,num__bearing_from_county_centroid_sin,0.0015420096965251822
gradient_boosting,num__distance_to_coastline_inv,0.0014904184017201453
gradient_boosting,num__front_score,0.0014225303402850109
gradient_boosting,num__estimated_rent_m2_gross,0.0013751054615257908
gradient_boosting,num__basiskele_premium_x_detail_outside,0.0013485287156503576
gradient_boosting,num__distance_to_karamursel_center_m,0.0013366470026045746
gradient_boosting,num__detail_effect_outside_mean,0.0013126941167482331
gradient_boosting,num__large_home_quality_x_m2,0.0012968513437091173
gradient_boosting,cat__geo_cluster_city_city_11,0.0012809576238796308
gradient_boosting,num__attr_floor_ratio,0.0012684415154188987
gradient_boosting,num__detail_effect_total_abs_sum,0.001244389263038224
gradient_boosting,num__basiskele_premium_score,0.0012385679053904652
gradient_boosting,num__detail_effect_outside_sum,0.0011982940283425231
gradient_boosting,num__detail_effect_used_count,0.0011851462019860895
gradient_boosting,num__detail_front_count,0.001171751887875181
gradient_boosting,cat__geo_cluster_county_Başiskele_5,0.0011561352702889641
gradient_boosting,num__attr_quality_x_district_median,0.0011390352440427398
gradient_boosting,num__basiskele_district_premium_bucket_count,0.0010544018044440575
gradient_boosting,num__location_baseline_level_code,0.0010519193792960524
gradient_boosting,cat__detail_cephe_Doğu|Kuzey,0.001001885388093462
gradient_boosting,num__basiskele_detail_view_premium_signal,0.0009767982254501007
gradient_boosting,num__detail_effect_nearby_mean,0.000945297403288336
gradient_boosting,num__site_project_listing_count,0.0009419980636822752
gradient_boosting,num__large_home_log_m2,0.0009040818774703316
gradient_boosting,num__inside_quality_score,0.0008838878968508427
gradient_boosting,cat__site_quality_tier_premium,0.000791134912956794
gradient_boosting,num__is_duplex,0.0007603917035572752
gradient_boosting,cat__usage_status_Boş,0.0006990398437162529
gradient_boosting,num__attr_building_age_score,0.0006837798410409436
gradient_boosting,cat__geo_cluster_x_room_count_city_1||3+1,0.000677944522887738
gradient_boosting,num__location_quality_x_detail_effect_total,0.0006755660625073893
gradient_boosting,cat__geo_cluster_city_city_9,0.0006683535931870171
gradient_boosting,num__basiskele_detail_total_premium_signal,0.0006512664243606614
gradient_boosting,num__floor_ratio,0.0006180221408392733
gradient_boosting,num__site_is_mid_tier,0.0006005360620424994
gradient_boosting,num__view_score,0.0005959221874669375
gradient_boosting,num__floor_num,0.0005606300667791679
gradient_boosting,cat__basiskele_geo_cluster_Başiskele_0,0.0005462657357986906
gradient_boosting,num__distance_to_coast_x_large_home,0.0005208853339019278
gradient_boosting,num__detail_selected_count,0.00041737500567124504
gradient_boosting,num__lon,0.0004066391479099214
gradient_boosting,cat__detail_cephe_Batı|Doğu|Güney,0.000396354191272916
gradient_boosting,cat__building_age_group_2,0.00037578334806946667
gradient_boosting,num__site_tier_x_coast_inv,0.0003418624004210414
gradient_boosting,cat__parking_Açık Otopark,0.00030259402759447575
gradient_boosting,num__distance_to_coastline_m,0.00021153430948602693
gradient_boosting,num__is_roof_duplex,0.00014948069998005863
gradient_boosting,num__bathroom_count,0.0
gradient_boosting,num__open_area_m2,0.0
gradient_boosting,num__has_open_area,0.0
gradient_boosting,num__remaining_floors,0.0
gradient_boosting,num__is_ground_floor,0.0
gradient_boosting,num__is_basement,0.0
gradient_boosting,num__is_top_floor,0.0
gradient_boosting,num__is_middle_floor,0.0
gradient_boosting,num__rooms,0.0
gradient_boosting,num__living_rooms,0.0
gradient_boosting,num__total_room_score,0.0
gradient_boosting,num__is_new_building,0.0
gradient_boosting,num__is_old_building,0.0
gradient_boosting,num__is_small_flat,0.0
gradient_boosting,num__is_large_flat,0.0
gradient_boosting,num__detail_quality_score,0.0
gradient_boosting,num__detail_view_count,0.0
gradient_boosting,num__detail_transport_count,0.0
gradient_boosting,num__detail_subtype_count,0.0
gradient_boosting,num__transport_score,0.0
gradient_boosting,num__outside_quality_score,0.0
gradient_boosting,num__site_security_score,0.0
gradient_boosting,num__accessibility_score,0.0
gradient_boosting,num__district_rent_m2_median,0.0
gradient_boosting,num__district_rent_m2_mean,0.0
gradient_boosting,num__district_rent_m2_count,0.0
gradient_boosting,num__district_rent_m2_iqr,0.0
gradient_boosting,num__district_rent_m2_cv,0.0
gradient_boosting,num__district_room_rent_m2_median,0.0
gradient_boosting,num__district_room_rent_m2_count,0.0
gradient_boosting,num__district_m2_group_rent_m2_count,0.0
gradient_boosting,num__county_rent_m2_median,0.0
gradient_boosting,num__county_rent_m2_mean,0.0
gradient_boosting,num__county_rent_m2_count,0.0
gradient_boosting,num__rent_feature_confidence,0.0
gradient_boosting,num__trend_sale_m2,0.0
gradient_boosting,num__trend_rent_m2,0.0
gradient_boosting,num__trend_count_sale,0.0
gradient_boosting,num__trend_count_rent,0.0
gradient_boosting,num__trend_listing_period_sale,0.0
gradient_boosting,num__trend_yield,0.0
gradient_boosting,num__trend_price_change_sale,0.0
gradient_boosting,num__trend_sale_annual_change,0.0
gradient_boosting,num__district_target_median,0.0
gradient_boosting,num__district_target_mean,0.0
gradient_boosting,num__county_target_median,0.0
gradient_boosting,num__county_target_mean,0.0
gradient_boosting,num__county_room_count_target_median,0.0
gradient_boosting,num__demo_population_total,0.0
gradient_boosting,num__demo_population_male,0.0
gradient_boosting,num__demo_population_female,0.0
gradient_boosting,num__demo_population_density,0.0
gradient_boosting,num__demo_young_ratio,0.0
gradient_boosting,num__demo_middle_ratio,0.0
gradient_boosting,num__demo_old_ratio,0.0
gradient_boosting,num__demo_young_count,0.0
gradient_boosting,num__demo_middle_count,0.0
gradient_boosting,num__demo_old_count,0.0
gradient_boosting,num__demo_female_ratio,0.0
gradient_boosting,num__demo_male_ratio,0.0
gradient_boosting,num__demo_married_ratio,0.0
gradient_boosting,num__demo_single_ratio,0.0
gradient_boosting,num__demo_divorced_ratio,0.0
gradient_boosting,num__demo_widow_ratio,0.0
gradient_boosting,num__demo_never_married_count,0.0
gradient_boosting,num__demo_married_count,0.0
gradient_boosting,num__demo_divorced_count,0.0
gradient_boosting,num__demo_widow_count,0.0
gradient_boosting,num__demo_age_0_14,0.0
gradient_boosting,num__demo_age_15_24,0.0
gradient_boosting,num__demo_age_25_34,0.0
gradient_boosting,num__demo_age_35_44,0.0
gradient_boosting,num__demo_age_45_54,0.0
gradient_boosting,num__demo_age_55_64,0.0
gradient_boosting,num__demo_age_65_plus,0.0
gradient_boosting,num__demo_age_0_14_count,0.0
gradient_boosting,num__demo_age_15_24_count,0.0
gradient_boosting,num__demo_age_25_34_count,0.0
gradient_boosting,num__demo_age_35_44_count,0.0
gradient_boosting,num__demo_age_45_54_count,0.0
gradient_boosting,num__demo_age_55_64_count,0.0
gradient_boosting,num__demo_age_65_plus_count,0.0
gradient_boosting,num__demo_education_total,0.0
gradient_boosting,num__demo_education_university_ratio,0.0
gradient_boosting,num__demo_education_university_count,0.0
gradient_boosting,num__demo_education_high_school_ratio,0.0
gradient_boosting,num__demo_education_high_school_count,0.0
gradient_boosting,num__demo_education_middle_school_ratio,0.0
gradient_boosting,num__demo_education_middle_school_count,0.0
gradient_boosting,num__demo_education_primary_school_ratio,0.0
gradient_boosting,num__demo_education_primary_school_count,0.0
gradient_boosting,num__demo_education_primary_education_ratio,0.0
gradient_boosting,num__demo_education_graduate_ratio,0.0
gradient_boosting,num__demo_education_graduate_count,0.0
gradient_boosting,num__demo_education_doctorate_ratio,0.0
gradient_boosting,num__demo_education_doctorate_count,0.0
gradient_boosting,num__demo_education_non_literate_ratio,0.0
gradient_boosting,num__demo_education_unknown_ratio,0.0
gradient_boosting,num__demo_ses_a_plus_count,0.0
gradient_boosting,num__demo_ses_a_count,0.0
gradient_boosting,num__demo_ses_b_count,0.0
gradient_boosting,num__demo_ses_c_count,0.0
gradient_boosting,num__demo_ses_d_count,0.0
gradient_boosting,num__demo_ses_a_plus_ratio,0.0
gradient_boosting,num__demo_ses_a_ratio,0.0
gradient_boosting,num__demo_ses_b_ratio,0.0
gradient_boosting,num__demo_ses_c_ratio,0.0
gradient_boosting,num__demo_ses_d_ratio,0.0
gradient_boosting,num__demo_ses_ab_ratio,0.0
gradient_boosting,num__demo_ses_cd_ratio,0.0
gradient_boosting,num__demo_household_count,0.0
gradient_boosting,num__demo_household_size,0.0
gradient_boosting,num__demo_per_capita_income_try,0.0
gradient_boosting,num__demo_household_income_try,0.0
gradient_boosting,num__demo_residential_count,0.0
gradient_boosting,num__demo_workplace_count,0.0
gradient_boosting,num__demo_summer_house_count,0.0
gradient_boosting,num__demo_vehicle_count,0.0
gradient_boosting,num__demo_car_count,0.0
gradient_boosting,num__demo_atm_count,0.0
gradient_boosting,num__demo_pharmacy_count,0.0
gradient_boosting,num__demo_bank_count,0.0
gradient_boosting,num__county_demo_population_total_sum,0.0
gradient_boosting,num__county_demo_population_density_median,0.0
gradient_boosting,num__county_demo_population_density_mean,0.0
gradient_boosting,num__county_demo_per_capita_income_median,0.0
gradient_boosting,num__county_demo_household_income_median,0.0
gradient_boosting,num__county_demo_household_size_mean,0.0
gradient_boosting,num__county_demo_education_university_ratio_mean,0.0
gradient_boosting,num__county_demo_education_high_school_ratio_mean,0.0
gradient_boosting,num__county_demo_ses_ab_ratio_mean,0.0
gradient_boosting,num__county_demo_ses_cd_ratio_mean,0.0
gradient_boosting,num__county_demo_old_ratio_mean,0.0
gradient_boosting,num__county_demo_young_ratio_mean,0.0
gradient_boosting,num__county_demo_married_ratio_mean,0.0
gradient_boosting,num__county_demo_single_ratio_mean,0.0
gradient_boosting,num__county_demo_residential_count_sum,0.0
gradient_boosting,num__county_demo_workplace_count_sum,0.0
gradient_boosting,num__county_demo_vehicle_count_sum,0.0
gradient_boosting,num__county_demo_car_count_sum,0.0
gradient_boosting,num__county_demo_atm_count_sum,0.0
gradient_boosting,num__county_demo_pharmacy_count_sum,0.0
gradient_boosting,num__county_demo_bank_count_sum,0.0
gradient_boosting,num__demo_income_vs_county,0.0
gradient_boosting,num__demo_household_income_vs_county,0.0
gradient_boosting,num__demo_density_vs_county,0.0
gradient_boosting,num__demo_university_diff_county,0.0
gradient_boosting,num__demo_high_school_diff_county,0.0
gradient_boosting,num__demo_ses_ab_diff_county,0.0
gradient_boosting,num__demo_ses_cd_diff_county,0.0
gradient_boosting,num__demo_old_ratio_diff_county,0.0
gradient_boosting,num__demo_young_ratio_diff_county,0.0
gradient_boosting,num__demo_residential_density,0.0
gradient_boosting,num__demo_workplace_density,0.0
gradient_boosting,num__demo_vehicle_per_capita,0.0
gradient_boosting,num__demo_car_per_capita,0.0
gradient_boosting,num__demo_pharmacy_per_10k,0.0
gradient_boosting,num__demo_bank_per_10k,0.0
gradient_boosting,num__demo_atm_per_10k,0.0
gradient_boosting,num__demo_has_demographics,0.0
gradient_boosting,num__demo_has_county_demographics,0.0
gradient_boosting,num__demo_age_coverage,0.0
gradient_boosting,num__demo_education_coverage,0.0
gradient_boosting,num__demo_income_available,0.0
gradient_boosting,num__demo_ses_available,0.0
gradient_boosting,num__demo_market_activity_available,0.0
gradient_boosting,num__demo_infrastructure_available,0.0
gradient_boosting,num__demo_coverage_score,0.0
gradient_boosting,num__demo_real_estate_agent_count,0.0
gradient_boosting,num__demo_agent_listing_count,0.0
gradient_boosting,num__demo_owner_listing_count,0.0
gradient_boosting,num__demo_sale_count,0.0
gradient_boosting,num__demo_mortgage_count,0.0
gradient_boosting,num__demo_turnover_ratio,0.0
gradient_boosting,num__demo_computed_turnover_ratio,0.0
gradient_boosting,num__demo_listing_count_2024,0.0
gradient_boosting,num__demo_bb_sale_count_2024,0.0
gradient_boosting,num__demo_bb_mortgaged_sale_count_2024,0.0
gradient_boosting,num__county_demo_sale_count_sum,0.0
gradient_boosting,num__county_demo_turnover_ratio_median,0.0
gradient_boosting,num__demo_turnover_vs_county,0.0
gradient_boosting,num__demo_saving_total,0.0
gradient_boosting,num__demo_expense_total,0.0
gradient_boosting,num__demo_expense_food,0.0
gradient_boosting,num__demo_expense_shelter,0.0
gradient_boosting,num__demo_expense_transportation,0.0
gradient_boosting,num__demo_expense_education,0.0
gradient_boosting,num__demo_ecommerce_count,0.0
gradient_boosting,num__demo_ecommerce_density,0.0
gradient_boosting,num__demo_online_retail,0.0
gradient_boosting,num__attr_is_new_building,0.0
gradient_boosting,num__attr_is_young_building,0.0
gradient_boosting,num__attr_is_mid_age_building,0.0
gradient_boosting,num__attr_is_old_building,0.0
gradient_boosting,num__attr_is_ground_or_below,0.0
gradient_boosting,num__attr_is_top_floor,0.0
gradient_boosting,num__attr_is_middle_floor,0.0
gradient_boosting,num__attr_floor_quality_score,0.0
gradient_boosting,num__attr_net_gross_good,0.0
gradient_boosting,num__attr_net_gross_bad,0.0
gradient_boosting,num__attr_compactness_score,0.0
gradient_boosting,num__attr_has_parking,0.0
gradient_boosting,num__attr_has_balcony,0.0
gradient_boosting,num__attr_is_furnished,0.0
gradient_boosting,num__attr_is_site_inside,0.0
gradient_boosting,num__attr_credit_eligible,0.0
gradient_boosting,num__attr_heating_quality_score,0.0
gradient_boosting,num__attr_has_natural_gas_heating,0.0
gradient_boosting,num__attr_has_premium_heating,0.0
gradient_boosting,num__attr_has_poor_heating,0.0
gradient_boosting,num__attr_new_building_x_site_inside,0.0
gradient_boosting,num__attr_old_building_x_no_elevator,0.0
gradient_boosting,num__attr_compact_home_x_quality,0.0
gradient_boosting,num__attr_effect_building_age_bucket,0.0
gradient_boosting,num__attr_effect_site_inside,0.0
gradient_boosting,num__attr_effect_parking,0.0
gradient_boosting,num__attr_effect_heating_quality_bucket,0.0
gradient_boosting,num__attr_county_new_building_premium,0.0
gradient_boosting,num__attr_county_old_building_discount,0.0
gradient_boosting,num__attr_county_elevator_premium,0.0
gradient_boosting,num__attr_county_site_inside_premium,0.0
gradient_boosting,num__attr_county_parking_premium,0.0
gradient_boosting,num__attr_county_good_heating_premium,0.0
gradient_boosting,num__attr_county_high_quality_premium,0.0
gradient_boosting,num__detail_effect_view_sum,0.0
gradient_boosting,num__detail_effect_nearby_sum,0.0
gradient_boosting,num__detail_effect_positive_count,0.0
gradient_boosting,num__detail_effect_view_x_location_baseline,0.0
gradient_boosting,num__basiskele_detail_outside_premium_signal,0.0
gradient_boosting,num__basiskele_detail_subtype_premium_signal,0.0
gradient_boosting,num__basiskele_has_pool_signal,0.0
gradient_boosting,num__basiskele_has_security_signal,0.0
gradient_boosting,num__basiskele_has_social_luxury_signal,0.0
gradient_boosting,num__basiskele_has_view_signal,0.0
gradient_boosting,num__basiskele_has_inside_luxury_signal,0.0
gradient_boosting,num__basiskele_site_premium_signal,0.0
gradient_boosting,num__basiskele_premium_bucket_low,0.0
gradient_boosting,num__basiskele_premium_bucket_mid,0.0
gradient_boosting,num__basiskele_premium_bucket_high,0.0
gradient_boosting,num__basiskele_district_premium_bucket_mean,0.0
gradient_boosting,num__basiskele_premium_bucket_county_median,0.0
gradient_boosting,num__basiskele_premium_bucket_county_mean,0.0
gradient_boosting,num__basiskele_large_home_premium_bucket_median,0.0
gradient_boosting,num__has_lat_lon,0.0
gradient_boosting,num__lat_centered_city,0.0
gradient_boosting,num__lon_centered_city,0.0
gradient_boosting,num__lon_centered_county,0.0
gradient_boosting,num__location_precision_exact,0.0
gradient_boosting,num__location_precision_approx,0.0
gradient_boosting,num__location_precision_district_only,0.0
gradient_boosting,num__location_precision_missing,0.0
gradient_boosting,num__location_source_data_attr_map,0.0
gradient_boosting,num__location_backfill_ok,0.0
gradient_boosting,num__location_backfill_listing_removed,0.0
gradient_boosting,num__location_quality_score,0.0
gradient_boosting,num__distance_to_golcuk_center_m,0.0
gradient_boosting,num__is_coastal_500m,0.0
gradient_boosting,num__is_coastal_1000m,0.0
gradient_boosting,num__is_coastal_2000m,0.0
gradient_boosting,num__distance_to_coast_x_near_sea_zero,0.0
gradient_boosting,num__basiskele_distance_to_coast_x_large_home,0.0
gradient_boosting,num__basiskele_distance_to_coast_x_quality,0.0
gradient_boosting,num__geo_context_missing,0.0
gradient_boosting,num__geo_context_has_exact_location,0.0
gradient_boosting,num__geo_context_has_approx_location,0.0
gradient_boosting,num__distance_to_sea_m,0.0
gradient_boosting,num__log_distance_to_sea,0.0
gradient_boosting,num__is_coastal_250m,0.0
gradient_boosting,num__coast_distance_bucket_code,0.0
gradient_boosting,num__coastal_access_score,0.0
gradient_boosting,num__bsk_distance_to_sea_x_view_sea,0.0
gradient_boosting,num__bsk_distance_to_sea_x_near_sea_zero,0.0
gradient_boosting,num__bsk_distance_to_sea_x_large_home,0.0
gradient_boosting,num__bsk_distance_to_sea_x_site_inside,0.0
gradient_boosting,num__bsk_distance_to_sea_x_quality,0.0
gradient_boosting,num__bsk_coastal_x_large_home,0.0
gradient_boosting,num__bsk_coastal_x_geo_cluster,0.0
gradient_boosting,num__bsk_coastal_x_room_4p1,0.0
gradient_boosting,num__has_site_project_id,0.0
gradient_boosting,num__site_project_freq_bucket,0.0
gradient_boosting,num__site_project_known_premium_flag,0.0
gradient_boosting,num__site_is_premium_tier,0.0
gradient_boosting,num__site_tier_code,0.0
gradient_boosting,num__known_premium_x_district_code,0.0
gradient_boosting,num__site_tier_x_large_home,0.0
gradient_boosting,num__canonical_count_x_large_home,0.0
gradient_boosting,num__has_site_x_site_inside,0.0
gradient_boosting,num__site_project_oof_price_level,0.0
gradient_boosting,num__site_project_oof_residual_mean,0.0
gradient_boosting,num__site_project_oof_count,0.0
gradient_boosting,num__site_project_oof_confidence,0.0
gradient_boosting,num__is_middle_floor_duplex,0.0
gradient_boosting,num__is_standard_duplex,0.0
gradient_boosting,num__duplex_source_conflict,0.0
gradient_boosting,cat__real_estate_type_Satılık Daire,0.0
gradient_boosting,cat__room_count_1+1,0.0
gradient_boosting,cat__room_count_2+1,0.0
gradient_boosting,cat__room_count_4+1,0.0
gradient_boosting,cat__room_count_4+2,0.0
gradient_boosting,cat__room_count_4.5+1,0.0
gradient_boosting,cat__room_count_5+1,0.0
gradient_boosting,cat__room_count_5+2,0.0
gradient_boosting,cat__floor_segment_Ara Kat,0.0
gradient_boosting,cat__floor_segment_Bahçe,0.0
gradient_boosting,cat__floor_segment_Bodrum,0.0
gradient_boosting,cat__floor_segment_En Üst Kat,0.0
gradient_boosting,cat__floor_segment_Zemin/Giriş,0.0
gradient_boosting,cat__floor_segment_Çatı,0.0
gradient_boosting,cat__heating_Kat Kaloriferi,0.0
gradient_boosting,cat__heating_Kombi (Doğalgaz),0.0
gradient_boosting,cat__heating_Kombi (Elektrik),0.0
gradient_boosting,cat__heating_Merkezi (Pay Ölçer),0.0
gradient_boosting,cat__heating_Yerden Isıtma,0.0
gradient_boosting,cat__heating_Yok,0.0
gradient_boosting,cat__kitchen_Açık (Amerikan),0.0
gradient_boosting,cat__kitchen_Kapalı,0.0
gradient_boosting,cat__balcony_Var,0.0
gradient_boosting,cat__balcony_Yok,0.0
gradient_boosting,cat__elevator_Var,0.0
gradient_boosting,cat__parking_Açık & Kapalı Otopark,0.0
gradient_boosting,cat__parking_Kapalı Otopark,0.0
gradient_boosting,cat__parking_Yok,0.0
gradient_boosting,cat__furnished_Belirtilmemiş,0.0
gradient_boosting,cat__furnished_Evet,0.0
gradient_boosting,cat__usage_status_Kiracılı,0.0
gradient_boosting,cat__site_inside_Evet,0.0
gradient_boosting,cat__site_inside_Hayır,0.0
gradient_boosting,cat__credit_eligible_missing,0.0
gradient_boosting,cat__energy_certificate_missing,0.0
gradient_boosting,cat__deed_status_missing,0.0
gradient_boosting,cat__seller_type_missing,0.0
gradient_boosting,cat__barter_missing,0.0
gradient_boosting,cat__city_Kocaeli,0.0
gradient_boosting,cat__county_Başiskele,0.0
gradient_boosting,cat__district_Aydınkent Mh.,0.0
gradient_boosting,cat__district_Barbaros Mah.,0.0
gradient_boosting,cat__district_Damlar Mah.,0.0
gradient_boosting,cat__district_Döngel Mh.,0.0
gradient_boosting,cat__district_Fatih Mah.,0.0
gradient_boosting,cat__district_Havuzlubahçe Mh.,0.0
gradient_boosting,cat__district_Paşadağ Mh.,0.0
gradient_boosting,cat__district_Sahil Mah.,0.0
gradient_boosting,cat__district_Serdar Mah.,0.0
gradient_boosting,cat__district_Tepecik Mh.,0.0
gradient_boosting,cat__district_Yaylacık Mh.,0.0
gradient_boosting,cat__district_Yeşilyurt Mh.,0.0
gradient_boosting,cat__district_Yuvacık Yakacık Mh.,0.0
gradient_boosting,cat__building_age_group_0 (Oturuma Hazır),0.0
gradient_boosting,cat__building_age_group_1,0.0
gradient_boosting,cat__building_age_group_11-15 arası,0.0
gradient_boosting,cat__building_age_group_16-20 arası,0.0
gradient_boosting,cat__building_age_group_3,0.0
gradient_boosting,cat__building_age_group_4,0.0
gradient_boosting,cat__building_age_group_5,0.0
gradient_boosting,cat__m2_group_0-75,0.0
gradient_boosting,cat__m2_group_101-125,0.0
gradient_boosting,cat__m2_group_126-150,0.0
gradient_boosting,cat__m2_group_151-200,0.0
gradient_boosting,cat__m2_group_200+,0.0
gradient_boosting,cat__m2_group_76-100,0.0
gradient_boosting,cat__detail_cephe_Batı,0.0
gradient_boosting,cat__detail_cephe_Batı|Doğu,0.0
gradient_boosting,cat__detail_cephe_Batı|Doğu|Güney|Kuzey,0.0
gradient_boosting,cat__detail_cephe_Batı|Doğu|Kuzey,0.0
gradient_boosting,cat__detail_cephe_Batı|Güney,0.0
gradient_boosting,cat__detail_cephe_Batı|Güney|Kuzey,0.0
gradient_boosting,cat__detail_cephe_Batı|Kuzey,0.0
gradient_boosting,cat__detail_cephe_Doğu,0.0
gradient_boosting,cat__detail_cephe_Doğu|Güney,0.0
gradient_boosting,cat__detail_cephe_Doğu|Güney|Kuzey,0.0
gradient_boosting,cat__detail_cephe_Güney,0.0
gradient_boosting,cat__detail_cephe_Güney|Kuzey,0.0
gradient_boosting,cat__detail_cephe_Kuzey,0.0
gradient_boosting,cat__detail_cephe_missing,0.0
gradient_boosting,cat__detail_manzara_Boğaz|Deniz|Doğa|Göl|Havuz|Nehir|Park & Yeşil Alan|Şehir,0.0
gradient_boosting,cat__detail_manzara_Boğaz|Deniz|Doğa|Park & Yeşil Alan|Şehir,0.0
gradient_boosting,cat__detail_manzara_Deniz,0.0
gradient_boosting,cat__detail_manzara_Deniz|Doğa,0.0
gradient_boosting,cat__detail_manzara_Deniz|Doğa|Havuz|Park & Yeşil Alan|Şehir,0.0
gradient_boosting,cat__detail_manzara_Deniz|Doğa|Park & Yeşil Alan,0.0
gradient_boosting,cat__detail_manzara_Deniz|Doğa|Park & Yeşil Alan|Şehir,0.0
gradient_boosting,cat__detail_manzara_Deniz|Doğa|Şehir,0.0
gradient_boosting,cat__detail_manzara_Deniz|Havuz,0.0
gradient_boosting,cat__detail_manzara_Deniz|Havuz|Park & Yeşil Alan,0.0
gradient_boosting,cat__detail_manzara_Deniz|Havuz|Park & Yeşil Alan|Şehir,0.0
gradient_boosting,cat__detail_manzara_Deniz|Park & Yeşil Alan,0.0
gradient_boosting,cat__detail_manzara_Deniz|Park & Yeşil Alan|Şehir,0.0
gradient_boosting,cat__detail_manzara_Deniz|Şehir,0.0
gradient_boosting,cat__detail_manzara_Doğa,0.0
gradient_boosting,cat__detail_manzara_Doğa|Havuz,0.0
gradient_boosting,cat__detail_manzara_Doğa|Havuz|Park & Yeşil Alan,0.0
gradient_boosting,cat__detail_manzara_Doğa|Havuz|Park & Yeşil Alan|Şehir,0.0
gradient_boosting,cat__detail_manzara_Doğa|Park & Yeşil Alan,0.0
gradient_boosting,cat__detail_manzara_Doğa|Park & Yeşil Alan|Şehir,0.0
gradient_boosting,cat__detail_manzara_Doğa|Şehir,0.0
gradient_boosting,cat__detail_manzara_Havuz|Park & Yeşil Alan,0.0
gradient_boosting,cat__detail_manzara_Havuz|Park & Yeşil Alan|Şehir,0.0
gradient_boosting,cat__detail_manzara_Park & Yeşil Alan,0.0
gradient_boosting,cat__detail_manzara_Park & Yeşil Alan|Şehir,0.0
gradient_boosting,cat__detail_manzara_missing,0.0
gradient_boosting,cat__detail_manzara_Şehir,0.0
gradient_boosting,cat__detail_konut_tipi_Ara Kat Dubleks,0.0
gradient_boosting,cat__detail_konut_tipi_Ara Kat|Çatı Dubleksi,0.0
gradient_boosting,cat__detail_konut_tipi_Bahçe Dubleksi,0.0
gradient_boosting,cat__detail_konut_tipi_Dubleks,0.0
gradient_boosting,cat__detail_konut_tipi_Dubleks|Bahçe Dubleksi,0.0
gradient_boosting,cat__detail_konut_tipi_Dubleks|Bahçe Dubleksi|Ters Dubleks,0.0
gradient_boosting,cat__detail_konut_tipi_Dubleks|En Üst Kat|Ara Kat|Ara Kat Dubleks|Bahçe Dubleksi|Çatı Dubleksi|Forleks|Ters Dubleks|Tripleks,0.0
gradient_boosting,cat__detail_konut_tipi_Dubleks|En Üst Kat|Ara Kat|Ara Kat Dubleks|Bahçe Dubleksi|Çatı Dubleksi|Ters Dubleks|Tripleks,0.0
gradient_boosting,cat__detail_konut_tipi_Dubleks|En Üst Kat|Ara Kat|Çatı Dubleksi,0.0
gradient_boosting,cat__detail_konut_tipi_Dubleks|En Üst Kat|Çatı Dubleksi,0.0
gradient_boosting,cat__detail_konut_tipi_Dubleks|En Üst Kat|Çatı Dubleksi|Ters Dubleks,0.0
gradient_boosting,cat__detail_konut_tipi_Dubleks|Çatı Dubleksi,0.0
gradient_boosting,cat__detail_konut_tipi_En Üst Kat,0.0
gradient_boosting,cat__detail_konut_tipi_En Üst Kat|Ara Kat|Çatı Dubleksi,0.0
gradient_boosting,cat__detail_konut_tipi_En Üst Kat|Çatı Dubleksi,0.0
gradient_boosting,cat__detail_konut_tipi_Ters Dubleks,0.0
gradient_boosting,cat__detail_konut_tipi_missing,0.0
gradient_boosting,cat__detail_konut_tipi_Çatı Dubleksi,0.0
gradient_boosting,cat__rent_feature_level_county,0.0
gradient_boosting,cat__rent_feature_level_district,0.0
gradient_boosting,cat__rent_feature_level_district_m2_group,0.0
gradient_boosting,cat__rent_feature_level_district_room,0.0
gradient_boosting,cat__demo_dominant_age_group_25-29,0.0
gradient_boosting,cat__demo_dominant_age_group_30-34,0.0
gradient_boosting,cat__demo_dominant_age_group_40-44,0.0
gradient_boosting,cat__demo_dominant_age_group_45-49,0.0
gradient_boosting,cat__demo_dominant_age_group_5-9,0.0
gradient_boosting,cat__demo_dominant_age_group_65+,0.0
gradient_boosting,cat__demo_dominant_marital_status_Evli,0.0
gradient_boosting,cat__demo_dominant_education_Lisans,0.0
gradient_boosting,cat__demo_dominant_education_Lise,0.0
gradient_boosting,cat__demo_dominant_education_İlkokul,0.0
gradient_boosting,cat__demo_ses_group_C Grubu,0.0
gradient_boosting,cat__location_precision_exact_map,0.0
gradient_boosting,cat__location_source_data_attr_map,0.0
gradient_boosting,cat__geo_cluster_city_city_0,0.0
gradient_boosting,cat__geo_cluster_city_city_1,0.0
gradient_boosting,cat__geo_cluster_city_city_10,0.0
gradient_boosting,cat__geo_cluster_city_city_2,0.0
gradient_boosting,cat__geo_cluster_city_city_3,0.0
gradient_boosting,cat__geo_cluster_city_city_4,0.0
gradient_boosting,cat__geo_cluster_city_city_5,0.0
gradient_boosting,cat__geo_cluster_city_city_6,0.0
gradient_boosting,cat__geo_cluster_city_city_7,0.0
gradient_boosting,cat__geo_cluster_city_city_8,0.0
gradient_boosting,cat__geo_cluster_county_Başiskele_0,0.0
gradient_boosting,cat__geo_cluster_county_Başiskele_1,0.0
gradient_boosting,cat__geo_cluster_county_Başiskele_2,0.0
gradient_boosting,cat__geo_cluster_county_Başiskele_3,0.0
gradient_boosting,cat__geo_cluster_county_Başiskele_4,0.0
gradient_boosting,cat__basiskele_geo_cluster_Başiskele_1,0.0
gradient_boosting,cat__basiskele_geo_cluster_Başiskele_2,0.0
gradient_boosting,cat__basiskele_geo_cluster_Başiskele_3,0.0
gradient_boosting,cat__basiskele_geo_cluster_Başiskele_4,0.0
gradient_boosting,cat__basiskele_geo_cluster_Başiskele_5,0.0
gradient_boosting,cat__coast_distance_bucket_0_500,0.0
gradient_boosting,cat__coast_distance_bucket_1000_3000,0.0
gradient_boosting,cat__coast_distance_bucket_3000_plus,0.0
gradient_boosting,cat__coast_distance_bucket_500_1000,0.0
gradient_boosting,cat__basiskele_geo_cluster_x_m2_group_Başiskele_0||101-125,0.0
gradient_boosting,cat__basiskele_geo_cluster_x_m2_group_Başiskele_0||126-150,0.0
gradient_boosting,cat__basiskele_geo_cluster_x_m2_group_Başiskele_0||151-200,0.0
gradient_boosting,cat__basiskele_geo_cluster_x_m2_group_Başiskele_0||200+,0.0
gradient_boosting,cat__basiskele_geo_cluster_x_m2_group_Başiskele_0||76-100,0.0
gradient_boosting,cat__basiskele_geo_cluster_x_m2_group_Başiskele_1||101-125,0.0
gradient_boosting,cat__basiskele_geo_cluster_x_m2_group_Başiskele_1||126-150,0.0
gradient_boosting,cat__basiskele_geo_cluster_x_m2_group_Başiskele_1||151-200,0.0
gradient_boosting,cat__basiskele_geo_cluster_x_m2_group_Başiskele_1||76-100,0.0
gradient_boosting,cat__basiskele_geo_cluster_x_m2_group_Başiskele_2||101-125,0.0
gradient_boosting,cat__basiskele_geo_cluster_x_m2_group_Başiskele_2||126-150,0.0
gradient_boosting,cat__basiskele_geo_cluster_x_m2_group_Başiskele_2||151-200,0.0
gradient_boosting,cat__basiskele_geo_cluster_x_m2_group_Başiskele_2||200+,0.0
gradient_boosting,cat__basiskele_geo_cluster_x_m2_group_Başiskele_2||76-100,0.0
gradient_boosting,cat__basiskele_geo_cluster_x_m2_group_Başiskele_3||101-125,0.0
gradient_boosting,cat__basiskele_geo_cluster_x_m2_group_Başiskele_3||126-150,0.0
gradient_boosting,cat__basiskele_geo_cluster_x_m2_group_Başiskele_3||151-200,0.0
gradient_boosting,cat__basiskele_geo_cluster_x_m2_group_Başiskele_3||200+,0.0
gradient_boosting,cat__basiskele_geo_cluster_x_m2_group_Başiskele_3||76-100,0.0
gradient_boosting,cat__basiskele_geo_cluster_x_m2_group_Başiskele_4||101-125,0.0
gradient_boosting,cat__basiskele_geo_cluster_x_m2_group_Başiskele_4||126-150,0.0
gradient_boosting,cat__basiskele_geo_cluster_x_m2_group_Başiskele_4||151-200,0.0
gradient_boosting,cat__basiskele_geo_cluster_x_m2_group_Başiskele_4||200+,0.0
gradient_boosting,cat__basiskele_geo_cluster_x_m2_group_Başiskele_4||76-100,0.0
gradient_boosting,cat__basiskele_geo_cluster_x_m2_group_Başiskele_5||0-75,0.0
gradient_boosting,cat__basiskele_geo_cluster_x_m2_group_Başiskele_5||101-125,0.0
gradient_boosting,cat__basiskele_geo_cluster_x_m2_group_Başiskele_5||126-150,0.0
gradient_boosting,cat__basiskele_geo_cluster_x_m2_group_Başiskele_5||151-200,0.0
gradient_boosting,cat__basiskele_geo_cluster_x_m2_group_Başiskele_5||200+,0.0
gradient_boosting,cat__basiskele_geo_cluster_x_m2_group_Başiskele_5||76-100,0.0
gradient_boosting,cat__geo_cluster_x_room_count_city_0||2+1,0.0
gradient_boosting,cat__geo_cluster_x_room_count_city_0||3+1,0.0
gradient_boosting,cat__geo_cluster_x_room_count_city_0||4+1,0.0
gradient_boosting,cat__geo_cluster_x_room_count_city_0||4+2,0.0
gradient_boosting,cat__geo_cluster_x_room_count_city_10||2+1,0.0
gradient_boosting,cat__geo_cluster_x_room_count_city_10||3+1,0.0
gradient_boosting,cat__geo_cluster_x_room_count_city_10||4+1,0.0
gradient_boosting,cat__geo_cluster_x_room_count_city_11||2+1,0.0
gradient_boosting,cat__geo_cluster_x_room_count_city_11||4+1,0.0
gradient_boosting,cat__geo_cluster_x_room_count_city_1||2+1,0.0
gradient_boosting,cat__geo_cluster_x_room_count_city_1||4+1,0.0
gradient_boosting,cat__geo_cluster_x_room_count_city_1||5+1,0.0
gradient_boosting,cat__geo_cluster_x_room_count_city_2||2+1,0.0
gradient_boosting,cat__geo_cluster_x_room_count_city_3||2+1,0.0
gradient_boosting,cat__geo_cluster_x_room_count_city_3||3+1,0.0
gradient_boosting,cat__geo_cluster_x_room_count_city_3||4+1,0.0
gradient_boosting,cat__geo_cluster_x_room_count_city_3||5+1,0.0
gradient_boosting,cat__geo_cluster_x_room_count_city_4||1+1,0.0
gradient_boosting,cat__geo_cluster_x_room_count_city_4||2+1,0.0
gradient_boosting,cat__geo_cluster_x_room_count_city_4||3+1,0.0
gradient_boosting,cat__geo_cluster_x_room_count_city_4||4+1,0.0
gradient_boosting,cat__geo_cluster_x_room_count_city_5||2+1,0.0
gradient_boosting,cat__geo_cluster_x_room_count_city_5||3+1,0.0
gradient_boosting,cat__geo_cluster_x_room_count_city_5||4+1,0.0
gradient_boosting,cat__geo_cluster_x_room_count_city_5||4.5+1,0.0
gradient_boosting,cat__geo_cluster_x_room_count_city_5||5+1,0.0
gradient_boosting,cat__geo_cluster_x_room_count_city_5||5+2,0.0
gradient_boosting,cat__geo_cluster_x_room_count_city_6||2+1,0.0
gradient_boosting,cat__geo_cluster_x_room_count_city_6||4+1,0.0
gradient_boosting,cat__geo_cluster_x_room_count_city_7||2+1,0.0
gradient_boosting,cat__geo_cluster_x_room_count_city_7||3+1,0.0
gradient_boosting,cat__geo_cluster_x_room_count_city_8||1+1,0.0
gradient_boosting,cat__geo_cluster_x_room_count_city_8||2+1,0.0
gradient_boosting,cat__geo_cluster_x_room_count_city_8||3+1,0.0
gradient_boosting,cat__geo_cluster_x_room_count_city_8||4+1,0.0
gradient_boosting,cat__geo_cluster_x_room_count_city_9||1+1,0.0
gradient_boosting,cat__geo_cluster_x_room_count_city_9||2+1,0.0
gradient_boosting,cat__geo_cluster_x_room_count_city_9||3+1,0.0
gradient_boosting,cat__geo_cluster_x_room_count_city_9||4+1,0.0
gradient_boosting,cat__site_project_id_akasya_modern,0.0
gradient_boosting,cat__site_project_id_akven_armoni_teras,0.0
gradient_boosting,cat__site_project_id_asrin,0.0
gradient_boosting,cat__site_project_id_bahcekent_konutlari,0.0
gradient_boosting,cat__site_project_id_basiskele_de_havuzlu,0.0
gradient_boosting,cat__site_project_id_basiskelede_prejtijli,0.0
gradient_boosting,cat__site_project_id_boyunegmez_yasam,0.0
gradient_boosting,cat__site_project_id_cadde_53,0.0
gradient_boosting,cat__site_project_id_cati_dubleks_havuzlu,0.0
gradient_boosting,cat__site_project_id_doga,0.0
gradient_boosting,cat__site_project_id_dongelde,0.0
gradient_boosting,cat__site_project_id_dream_gardens,0.0
gradient_boosting,cat__site_project_id_emar_delux_yuvacik,0.0
gradient_boosting,cat__site_project_id_esila_park,0.0
gradient_boosting,cat__site_project_id_hanzade_palace,0.0
gradient_boosting,cat__site_project_id_havuzlu,0.0
gradient_boosting,cat__site_project_id_helin,0.0
gradient_boosting,cat__site_project_id_iskar_elit_kent,0.0
gradient_boosting,cat__site_project_id_kirazli_kent,0.0
gradient_boosting,cat__site_project_id_lotus,0.0
gradient_boosting,cat__site_project_id_lotus_mahza,0.0
gradient_boosting,cat__site_project_id_mahall_yuvacik_2,0.0
gradient_boosting,cat__site_project_id_mamik_reform,0.0
gradient_boosting,cat__site_project_id_manaryuvacik,0.0
gradient_boosting,cat__site_project_id_mavi_yesil_park,0.0
gradient_boosting,cat__site_project_id_may_kent_2,0.0
gradient_boosting,cat__site_project_id_megatron_azize,0.0
gradient_boosting,cat__site_project_id_memur_sen,0.0
gradient_boosting,cat__site_project_id_missing,0.0
gradient_boosting,cat__site_project_id_my_yaka,0.0
gradient_boosting,cat__site_project_id_oksijen_konaklari,0.0
gradient_boosting,cat__site_project_id_oluklu_life,0.0
gradient_boosting,cat__site_project_id_orka_life_2,0.0
gradient_boosting,cat__site_project_id_panoramakent_1,0.0
gradient_boosting,cat__site_project_id_pasadag_mah_full_deniz_manzarali,0.0
gradient_boosting,cat__site_project_id_remax_dreamden_fatih_de,0.0
gradient_boosting,cat__site_project_id_royal_city_akkurt,0.0
gradient_boosting,cat__site_project_id_royal_country,0.0
gradient_boosting,cat__site_project_id_royal_park,0.0
gradient_boosting,cat__site_project_id_rozna,0.0
gradient_boosting,cat__site_project_id_listing_portal_vadi_yuvacik,0.0
gradient_boosting,cat__site_project_id_supark_megaron,0.0
gradient_boosting,cat__site_project_id_teras_marmara,0.0
gradient_boosting,cat__site_project_id_terra_nova,0.0
gradient_boosting,cat__site_project_id_torunogullari_park_2,0.0
gradient_boosting,cat__site_project_id_twinkle_life,0.0
gradient_boosting,cat__site_project_id_ust_park_yuvacik,0.0
gradient_boosting,cat__site_project_id_ustgrup_lifeside,0.0
gradient_boosting,cat__site_project_id_venedik,0.0
gradient_boosting,cat__site_project_id_vistapark,0.0
gradient_boosting,cat__site_project_id_yesilyurtda,0.0
gradient_boosting,cat__site_project_id_yonca_evleri_2,0.0
gradient_boosting,cat__site_project_id_yuvacik_vadi,0.0
gradient_boosting,cat__site_project_id_yuvana_evleri,0.0
gradient_boosting,cat__site_project_id_yuz_yapi_dan_deniz_ve_vadi,0.0
gradient_boosting,cat__site_project_id_zeray_gunesi,0.0
gradient_boosting,cat__site_project_id_zeray_kent,0.0
gradient_boosting,cat__site_project_id_zeray_korupark,0.0
gradient_boosting,cat__site_project_id_zeray_perla,0.0
gradient_boosting,cat__site_project_id_zeraykent_yuvacik,0.0
gradient_boosting,cat__site_project_match_source_missing,0.0
gradient_boosting,cat__site_project_match_source_site_name,0.0
gradient_boosting,cat__site_project_match_source_title,0.0
gradient_boosting,cat__site_quality_tier_mid,0.0
gradient_boosting,cat__site_quality_tier_unknown,0.0
gradient_boosting,cat__site_tier_x_district_mid__aydinkent mh.,0.0
gradient_boosting,cat__site_tier_x_district_mid__fatih mah.,0.0
gradient_boosting,cat__site_tier_x_district_mid__havuzlubahce mh.,0.0
gradient_boosting,cat__site_tier_x_district_mid__pasadag mh.,0.0
gradient_boosting,cat__site_tier_x_district_mid__yesilyurt mh.,0.0
gradient_boosting,cat__site_tier_x_district_premium__fatih mah.,0.0
gradient_boosting,cat__site_tier_x_district_premium__pasadag mh.,0.0
gradient_boosting,cat__site_tier_x_district_unknown__aydinkent mh.,0.0
gradient_boosting,cat__site_tier_x_district_unknown__barbaros mah.,0.0
gradient_boosting,cat__site_tier_x_district_unknown__damlar mah.,0.0
gradient_boosting,cat__site_tier_x_district_unknown__dongel mh.,0.0
gradient_boosting,cat__site_tier_x_district_unknown__fatih mah.,0.0
gradient_boosting,cat__site_tier_x_district_unknown__havuzlubahce mh.,0.0
gradient_boosting,cat__site_tier_x_district_unknown__pasadag mh.,0.0
gradient_boosting,cat__site_tier_x_district_unknown__sahil mah.,0.0
gradient_boosting,cat__site_tier_x_district_unknown__serdar mah.,0.0
gradient_boosting,cat__site_tier_x_district_unknown__tepecik mh.,0.0
gradient_boosting,cat__site_tier_x_district_unknown__yaylacik mh.,0.0
gradient_boosting,cat__site_tier_x_district_unknown__yesilyurt mh.,0.0
gradient_boosting,cat__site_tier_x_district_unknown__yuvacik yakacik mh.,0.0
gradient_boosting,cat__site_id_bucket_x_district_b0__aydinkent mh.,0.0
gradient_boosting,cat__site_id_bucket_x_district_b0__barbaros mah.,0.0
gradient_boosting,cat__site_id_bucket_x_district_b0__damlar mah.,0.0
gradient_boosting,cat__site_id_bucket_x_district_b0__dongel mh.,0.0
gradient_boosting,cat__site_id_bucket_x_district_b0__fatih mah.,0.0
gradient_boosting,cat__site_id_bucket_x_district_b0__havuzlubahce mh.,0.0
gradient_boosting,cat__site_id_bucket_x_district_b0__pasadag mh.,0.0
gradient_boosting,cat__site_id_bucket_x_district_b0__sahil mah.,0.0
gradient_boosting,cat__site_id_bucket_x_district_b0__serdar mah.,0.0
gradient_boosting,cat__site_id_bucket_x_district_b0__tepecik mh.,0.0
gradient_boosting,cat__site_id_bucket_x_district_b0__yesilyurt mh.,0.0
gradient_boosting,cat__site_id_bucket_x_district_b0__yuvacik yakacik mh.,0.0
gradient_boosting,cat__site_id_bucket_x_district_b1__aydinkent mh.,0.0
gradient_boosting,cat__site_id_bucket_x_district_b1__damlar mah.,0.0
gradient_boosting,cat__site_id_bucket_x_district_b1__dongel mh.,0.0
gradient_boosting,cat__site_id_bucket_x_district_b1__fatih mah.,0.0
gradient_boosting,cat__site_id_bucket_x_district_b1__havuzlubahce mh.,0.0
gradient_boosting,cat__site_id_bucket_x_district_b1__pasadag mh.,0.0
gradient_boosting,cat__site_id_bucket_x_district_b1__serdar mah.,0.0
gradient_boosting,cat__site_id_bucket_x_district_b1__yaylacik mh.,0.0
gradient_boosting,cat__site_id_bucket_x_district_b1__yesilyurt mh.,0.0
gradient_boosting,cat__site_id_bucket_x_district_b2__fatih mah.,0.0
gradient_boosting,cat__site_id_bucket_x_district_b2__pasadag mh.,0.0
gradient_boosting,cat__site_id_bucket_x_district_b2__yesilyurt mh.,0.0
gradient_boosting,cat__duplex_type_middle_floor,0.0
gradient_boosting,cat__duplex_type_roof,0.0
gradient_boosting,cat__duplex_type_standard,0.0
gradient_boosting,cat__duplex_match_source_conflict_detail_wins,0.0
gradient_boosting,cat__duplex_match_source_detail,0.0
gradient_boosting,cat__duplex_match_source_detail_and_title,0.0
gradient_boosting,cat__duplex_match_source_title,0.0
random_forest,num__detail_effect_total_mean,0.13944633900072023
random_forest,num__basiskele_detail_group_bucket_median,0.11324495640866054
random_forest,num__attr_quality_x_location_baseline,0.026930900422511964
random_forest,num__attr_m2_per_room,0.023630140133032544
random_forest,num__detail_effect_county_total_sum,0.021677998245713273
random_forest,num__basiskele_premium_x_new_building,0.01718396616825647
random_forest,num__distance_to_geo_cluster_center_m,0.016329551210624033
random_forest,num__detail_effect_total_sum,0.015712784439116972
random_forest,num__distance_to_coast_x_site_inside,0.01565224704209362
random_forest,num__attr_quality_x_county_income,0.015279603007878733
random_forest,num__distance_to_county_centroid_m,0.014588422015405172
random_forest,num__estimated_monthly_rent_gross,0.013503605705673835
random_forest,num__detail_effect_total_x_attr_quality,0.013177301485915085
random_forest,num__large_home_detail_premium_x_m2,0.0120558794709927
random_forest,num__basiskele_premium_x_gross_m2,0.011432067249227408
random_forest,num__distance_to_district_centroid_m,0.011021425861665733
random_forest,num__net_m2,0.01101260590820649
random_forest,num__attr_total_quality_score,0.010776754568165486
random_forest,num__bearing_from_district_centroid_cos,0.010363197682833716
random_forest,num__district_m2_group_target_median,0.009973658754351251
random_forest,num__building_age,0.009128945627056928
random_forest,num__attr_quality_x_demo_income,0.009015887341313889
random_forest,num__basiskele_detail_total_premium_signal,0.008708930807128834
random_forest,num__large_home_net_gross_quality,0.008524247400967817
random_forest,num__bearing_from_county_centroid_cos,0.008022312618600671
random_forest,num__detail_effect_front_mean,0.007695047279497108
random_forest,cat__building_age_group_6-10 arası,0.006947144487707612
random_forest,num__bearing_from_district_centroid_sin,0.006820222155460694
random_forest,num__basiskele_lat_lon_interaction,0.006787891841374004
random_forest,num__distance_to_yuvacik_m,0.006746964188900264
random_forest,num__basiskele_premium_x_location_baseline,0.00673731548892628
random_forest,num__distance_to_izmit_center_m,0.006594807643175505
random_forest,num__large_home_room_density,0.006536315192145201
random_forest,num__detail_effect_nearby_mean,0.006474171529943856
random_forest,cat__basiskele_geo_cluster_x_m2_group_Başiskele_0||200+,0.006315639334485503
random_forest,num__detail_effect_inside_mean,0.006158919800900504
random_forest,num__distance_to_bahcecik_m,0.006132852839892027
random_forest,num__distance_to_sahil_m,0.006113972305258236
random_forest,num__location_baseline_vs_trend,0.006055384711552062
random_forest,num__gross_m2,0.0059227516915902455
random_forest,num__detail_effect_front_sum,0.005876007107583923
random_forest,num__distance_to_kullar_m,0.005739344179002853
random_forest,num__attr_net_gross_ratio,0.005360909920636666
random_forest,num__bearing_from_county_centroid_sin,0.0053320272059539505
random_forest,num__location_baseline_log,0.005199145652091241
random_forest,num__large_home_quality_x_m2,0.00517059424292084
random_forest,num__location_baseline_count,0.005153872848501102
random_forest,num__basiskele_premium_x_detail_outside,0.005057114587000029
random_forest,num__net_gross_ratio,0.004933737716097845
random_forest,num__location_baseline_m2,0.0048176060842109614
random_forest,num__attr_building_age_inverse,0.004679998545719622
random_forest,num__basiskele_premium_x_district_target_median,0.0044632264214676635
random_forest,num__district_room_count_target_median,0.0044388967472770045
random_forest,num__detail_effect_level_code,0.00439963547354421
random_forest,num__attr_large_home_x_quality,0.0042609855646626605
random_forest,num__detail_effect_inside_sum,0.004254441483628035
random_forest,num__detail_effect_district_total_sum,0.004166291512968412
random_forest,num__detail_inside_count,0.004110608714868806
random_forest,num__detail_near_count,0.004096505462990675
random_forest,num__large_home_basiskele_premium,0.0038901802038990322
random_forest,num__detail_effect_nearby_sum,0.003839569141458849
random_forest,num__detail_effect_negative_count,0.0037928707311973334
random_forest,num__detail_effect_outside_x_attr_quality,0.0037817587070106207
random_forest,num__detail_selected_count,0.00376666029305375
random_forest,num__attr_quality_x_district_median,0.0037191415560515547
random_forest,num__detail_effect_view_mean,0.0037052608312677475
random_forest,num__distance_to_coastline_m,0.0037002818904663926
random_forest,num__detail_effect_inside_x_attr_quality,0.00363431133960753
random_forest,num__distance_to_coast_x_view_sea,0.003618198777217897
random_forest,num__attr_amenity_score,0.0035836331845540384
random_forest,num__detail_effect_transport_mean,0.003437274519709681
random_forest,num__lat_centered_county,0.003403732057368
random_forest,num__basiskele_premium_score,0.003393694603481007
random_forest,num__basiskele_distance_to_coast_x_quality,0.003355721180505038
random_forest,num__detail_effect_subtype_mean,0.0032627511586793426
random_forest,num__basiskele_detail_inside_premium_signal,0.003255012284929835
random_forest,num__district_m2_group_rent_m2_median,0.003179925239011858
random_forest,num__detail_effect_total_abs_sum,0.0030408270314679093
random_forest,num__distance_to_basiskele_coast_m,0.0030111776825416975
random_forest,num__basiskele_distance_to_coast_x_large_home,0.0029946615945064974
random_forest,num__lat_centered_city,0.0029874626533069972
random_forest,num__distance_to_coastline_inv,0.0029342040869999105
random_forest,num__dues,0.0028059996518472376
random_forest,cat__geo_cluster_x_room_count_city_9||4+1,0.002610249831055213
random_forest,num__basiskele_premium_x_detail_view,0.0025856332877413003
random_forest,num__inside_quality_score,0.002580934404770034
random_forest,num__lat,0.0025638778657476866
random_forest,num__detail_effect_used_count,0.0024654648362548337
random_forest,num__large_home_site_x_m2,0.0024411194921362613
random_forest,num__detail_transport_count,0.0023873179034741014
random_forest,num__detail_outside_count,0.0023175081087640406
random_forest,num__district_m2_group_rent_m2_count,0.0023162084092823586
random_forest,num__detail_effect_view_x_location_baseline,0.002255803594646003
random_forest,cat__detail_manzara_Deniz|Doğa|Park & Yeşil Alan|Şehir,0.0022532470695041445
random_forest,num__basiskele_district_premium_bucket_median,0.0022371671027237375
random_forest,num__district_room_rent_m2_count,0.0021812126207412753
random_forest,num__basiskele_premium_x_large_home,0.0021719074536670543
random_forest,cat__floor_segment_Zemin/Giriş,0.0021529855870787455
random_forest,num__remaining_floors,0.0021290376516903604
random_forest,cat__duplex_type_none,0.002125061256455709
random_forest,num__floor_num,0.002124266901888115
random_forest,num__distance_to_golcuk_center_m,0.002121195128159957
random_forest,num__district_room_rent_m2_median,0.0021036468563520073
random_forest,num__site_tier_x_coast_inv,0.0020068018145964063
random_forest,num__detail_effect_positive_count,0.001964440205648838
random_forest,num__nearby_score,0.0019204013641026935
random_forest,num__total_floors,0.0018868717566993178
random_forest,cat__detail_konut_tipi_Bahçe Dubleksi,0.0018865120999591257
random_forest,num__accessibility_score,0.0018778580591246288
random_forest,cat__duplex_match_source_none,0.001860933386356017
random_forest,num__basiskele_premium_x_site_inside,0.0018345359583929442
random_forest,num__basiskele_detail_subtype_premium_signal,0.001809378038282221
random_forest,num__distance_to_coast_x_large_home,0.0016974474765824989
random_forest,num__distance_to_karamursel_center_m,0.0016380386708010504
random_forest,cat__detail_konut_tipi_Ters Dubleks,0.0016245324579592375
random_forest,num__detail_effect_outside_sum,0.0015741577122228762
random_forest,num__detail_effect_subtype_sum,0.0015644403047966758
random_forest,num__detail_effect_view_sum,0.0015638306020791188
random_forest,num__basiskele_district_premium_bucket_mean,0.0014515132862571642
random_forest,cat__usage_status_Mülk Sahibi,0.0014475276158527086
random_forest,num__floor_ratio,0.0014239331274016377
random_forest,cat__parking_Açık & Kapalı Otopark,0.0014204245324064434
random_forest,num__detail_effect_outside_mean,0.0014181860732276597
random_forest,num__detail_effect_transport_sum,0.0014004904677318048
random_forest,num__basiskele_district_premium_bucket_count,0.0013802987153869225
random_forest,num__estimated_rent_m2_gross,0.0013678496358222553
random_forest,num__lon_centered_county,0.0013079866400149194
random_forest,cat__detail_cephe_Batı|Güney,0.0012370671728430614
random_forest,num__location_baseline_level_code,0.0012018720838443625
random_forest,num__basiskele_detail_view_premium_signal,0.0011888025745051805
random_forest,num__location_quality_x_detail_effect_total,0.0010900966608058222
random_forest,cat__room_count_4+1,0.0010719146309624203
random_forest,num__lon,0.0010578405674139034
random_forest,cat__geo_cluster_x_room_count_city_11||3+1,0.0010573296648429173
random_forest,num__lon_centered_city,0.001054030940170033
random_forest,cat__geo_cluster_x_room_count_city_9||3+1,0.0010300518435048132
random_forest,cat__basiskele_geo_cluster_x_m2_group_Başiskele_2||151-200,0.0010297086917689293
random_forest,cat__heating_Yerden Isıtma,0.0010179191219479974
random_forest,cat__basiskele_geo_cluster_x_m2_group_Başiskele_0||151-200,0.0009888069278654278
random_forest,num__basiskele_detail_outside_premium_signal,0.0009609406316116884
random_forest,num__attr_floor_ratio,0.0009521396801950916
random_forest,cat__usage_status_Kiracılı,0.0009499717050525904
random_forest,num__is_standard_duplex,0.0009234116645151492
random_forest,num__is_duplex,0.0008993030570582695
random_forest,num__attr_effect_total_quality_bucket,0.0008939262257644388
random_forest,num__is_roof_duplex,0.0008744193325545034
random_forest,num__attr_has_elevator,0.0008620333985691589
random_forest,cat__usage_status_Boş,0.0008437564261745806
random_forest,cat__basiskele_geo_cluster_x_m2_group_Başiskele_1||151-200,0.0008113328869036925
random_forest,num__large_home_log_m2,0.0007908637937668601
random_forest,cat__parking_Açık Otopark,0.000781119068469011
random_forest,cat__duplex_type_garden,0.000770317360444145
random_forest,num__detail_view_count,0.0007632287190546374
random_forest,cat__parking_Kapalı Otopark,0.0007444730685688009
random_forest,num__attr_floor_quality_score,0.0007416791318381513
random_forest,num__attr_compact_home_x_quality,0.0007144928905422464
random_forest,num__transport_score,0.0006892758208329043
random_forest,cat__detail_manzara_Doğa|Park & Yeşil Alan,0.0006742253778704793
random_forest,cat__elevator_Yok,0.0006598885961212158
random_forest,num__site_is_premium_tier,0.0006584202559869294
random_forest,num__site_security_score,0.0006467375318523515
random_forest,num__attr_new_building_x_site_inside,0.00064190987076131
random_forest,num__attr_is_young_building,0.000639961677410117
random_forest,cat__detail_konut_tipi_Çatı Dubleksi,0.0006346867941258967
random_forest,cat__geo_cluster_x_room_count_city_5||3+1,0.0006303686434939237
random_forest,cat__m2_group_126-150,0.000629594041590083
random_forest,cat__site_id_bucket_x_district_b1__yesilyurt mh.,0.0006287586435294198
random_forest,num__site_project_known_premium_flag,0.0006164536544249974
random_forest,num__basiskele_has_inside_luxury_signal,0.0006012398437631742
random_forest,cat__detail_cephe_Doğu|Güney,0.0005767246730977307
random_forest,num__view_score,0.000570819879264016
random_forest,num__attr_heating_quality_score,0.0005625358511256629
random_forest,num__is_garden_duplex,0.0005597403621865299
random_forest,cat__heating_Kombi (Doğalgaz),0.0005563982520187665
random_forest,num__attr_effect_elevator,0.0005520093693600256
random_forest,num__front_score,0.0005433952739116646
random_forest,num__rooms,0.0005371520840248596
random_forest,cat__building_age_group_5,0.0005201577329552502
random_forest,num__total_room_score,0.0005149957211119546
random_forest,cat__duplex_type_roof,0.0005138586231941183
random_forest,cat__site_id_bucket_x_district_b1__fatih mah.,0.0005132556451554237
random_forest,cat__room_count_3+1,0.000503254600461905
random_forest,num__basiskele_has_security_signal,0.000492129674140323
random_forest,num__basiskele_site_premium_signal,0.0004909599201852449
random_forest,num__site_project_freq_bucket,0.0004885838509267166
random_forest,num__large_home_m2_excess,0.0004813632588494921
random_forest,num__bathroom_count,0.0004635159105846902
random_forest,num__detail_front_count,0.0004588440021564465
random_forest,num__detail_quality_score,0.0004584231310675549
random_forest,cat__detail_manzara_Şehir,0.00043609177749533525
random_forest,cat__building_age_group_4,0.00042045888710029184
random_forest,num__attr_net_gross_bad,0.0004174050637224239
random_forest,cat__geo_cluster_x_room_count_city_3||3+1,0.00041513707530646716
random_forest,cat__floor_segment_Ara Kat,0.00041371496541422727
random_forest,num__basiskele_has_view_signal,0.0004109440674930058
random_forest,cat__site_quality_tier_premium,0.0004090609371757459
random_forest,cat__geo_cluster_city_city_11,0.0004066598922760414
random_forest,cat__building_age_group_0 (Oturuma Hazır),0.0003814144252162055
random_forest,num__demo_ses_a_count,0.0003798590383122661
random_forest,cat__detail_cephe_Doğu|Kuzey,0.00036316010764888965
random_forest,cat__detail_cephe_Batı|Güney|Kuzey,0.0003610565358266226
random_forest,cat__detail_cephe_missing,0.0003517025054970543
random_forest,cat__floor_segment_Çatı,0.0003397437415544103
random_forest,cat__duplex_match_source_detail_and_title,0.0003368460907343752
random_forest,num__detail_subtype_count,0.00033543725098124664
random_forest,num__attr_compactness_score,0.0003235394813648505
random_forest,num__site_project_oof_residual_mean,0.00032117218904376165
random_forest,num__is_middle_floor,0.0003198477338955953
random_forest,cat__geo_cluster_county_Başiskele_3,0.00031593291518086663
random_forest,num__attr_is_middle_floor,0.00031266730756315255
random_forest,cat__geo_cluster_county_Başiskele_5,0.0003116574237158396
random_forest,cat__detail_cephe_Batı|Doğu|Kuzey,0.00031117146273948524
random_forest,num__demo_divorced_ratio,0.0003108828471960738
random_forest,num__district_target_mean,0.00030361666047325474
random_forest,cat__detail_manzara_Doğa,0.0002977893139842153
random_forest,cat__detail_konut_tipi_missing,0.0002972505012160212
random_forest,cat__detail_manzara_Doğa|Park & Yeşil Alan|Şehir,0.00029454660817677665
random_forest,cat__site_project_id_missing,0.00029084912611773863
random_forest,cat__site_project_match_source_site_name,0.00029023562792966607
random_forest,cat__floor_segment_Bahçe,0.0002898786120543594
random_forest,num__attr_effect_building_age_bucket,0.00028888602798063064
random_forest,num__demo_ses_cd_ratio,0.0002811547872651772
random_forest,cat__detail_konut_tipi_En Üst Kat|Çatı Dubleksi,0.0002797114323250436
random_forest,cat__furnished_Hayır,0.0002785942321472927
random_forest,num__demo_age_15_24,0.0002749478548153306
random_forest,cat__building_age_group_1,0.00027442140792926074
random_forest,num__demo_middle_ratio,0.0002732000144795158
random_forest,num__attr_is_new_building,0.00027107519120202753
random_forest,num__demo_education_university_ratio,0.0002673537359175597
random_forest,cat__site_quality_tier_unknown,0.00026490877871523943
random_forest,cat__basiskele_geo_cluster_x_m2_group_Başiskele_0||126-150,0.00026420446968246987
random_forest,num__attr_is_top_floor,0.00026333488579028617
random_forest,cat__detail_cephe_Batı|Doğu|Güney,0.000261492842037939
random_forest,cat__elevator_Var,0.0002531886330032904
random_forest,cat__basiskele_geo_cluster_x_m2_group_Başiskele_4||151-200,0.00025124853619968673
random_forest,num__basiskele_has_social_luxury_signal,0.0002491495033762227
random_forest,num__attr_building_age_score,0.0002449585939607465
random_forest,num__outside_quality_score,0.00024394689832592898
random_forest,num__county_room_count_target_median,0.00024206374655980995
random_forest,num__demo_age_45_54,0.00023244407373094404
random_forest,cat__geo_cluster_county_Başiskele_0,0.00023213768017488404
random_forest,cat__duplex_type_standard,0.00022744923179375572
random_forest,cat__detail_cephe_Doğu,0.00022693575882030772
random_forest,num__demo_population_total,0.00022644610148412427
random_forest,num__is_top_floor,0.00021943628809501604
random_forest,num__demo_female_ratio,0.00021757953749831444
random_forest,cat__site_inside_Hayır,0.00021701044154811812
random_forest,num__demo_ses_b_count,0.00020613345933003082
random_forest,num__demo_population_density,0.0002037701798896212
random_forest,cat__basiskele_geo_cluster_x_m2_group_Başiskele_5||101-125,0.00020237967023926598
random_forest,cat__kitchen_Kapalı,0.00019363171797089892
random_forest,cat__site_project_match_source_title,0.00018902108967313366
random_forest,cat__detail_konut_tipi_Dubleks,0.00017917479409225665
random_forest,num__attr_is_ground_or_below,0.00017833813579638827
random_forest,cat__rent_feature_level_district_room,0.00017700743162000522
random_forest,cat__duplex_match_source_title,0.00017535632032959344
random_forest,cat__site_id_bucket_x_district_b0__fatih mah.,0.00017518496549863766
random_forest,num__site_project_listing_count,0.00017469406152898975
random_forest,cat__site_tier_x_district_unknown__pasadag mh.,0.00017308394751672413
random_forest,num__demo_young_ratio_diff_county,0.00017173321536773805
random_forest,num__demo_old_ratio_diff_county,0.00017128054493408503
random_forest,cat__detail_manzara_Park & Yeşil Alan,0.00016884990462872566
random_forest,num__demo_never_married_count,0.00016667950493553656
random_forest,cat__geo_cluster_city_city_1,0.00016529822650342198
random_forest,cat__geo_cluster_x_room_count_city_4||3+1,0.00016422131942176783
random_forest,cat__m2_group_200+,0.0001626256628097784
random_forest,cat__geo_cluster_city_city_0,0.0001576577668046286
random_forest,num__trend_sale_m2,0.00015544907271470055
random_forest,num__district_target_median,0.00015540153435359457
random_forest,num__is_ground_floor,0.0001553511866747895
random_forest,num__demo_population_female,0.00015436735359485756
random_forest,num__district_rent_m2_count,0.00014849644131307438
random_forest,cat__geo_cluster_city_city_9,0.0001484580133320765
random_forest,cat__site_inside_Evet,0.00014766422038828937
random_forest,num__demo_workplace_count,0.00014541602458933785
random_forest,num__attr_net_gross_good,0.000141570974753427
random_forest,num__demo_residential_density,0.000140602898441748
random_forest,num__demo_summer_house_count,0.00014034881978822487
random_forest,num__demo_age_35_44,0.0001363928082338633
random_forest,num__attr_effect_site_inside,0.000136063294094112
random_forest,cat__m2_group_101-125,0.00013112095284384382
random_forest,num__trend_listing_period_sale,0.00012786469549254097
random_forest,num__demo_residential_count,0.00012326115118916963
random_forest,cat__building_age_group_3,0.00012181745290370762
random_forest,num__demo_ses_cd_diff_county,0.00011928578243426242
random_forest,cat__basiskele_geo_cluster_x_m2_group_Başiskele_2||126-150,0.00011917233477855105
random_forest,cat__detail_manzara_Deniz|Doğa|Şehir,0.00011823597945444598
random_forest,num__demo_young_ratio,0.00011753896975845974
random_forest,num__demo_population_male,0.00010897531908041226
random_forest,num__is_large_flat,0.00010723328557692068
random_forest,cat__geo_cluster_city_city_5,0.00010662453171378555
random_forest,num__attr_is_site_inside,0.00010482109312600734
random_forest,cat__site_id_bucket_x_district_b0__yesilyurt mh.,0.00010459903623604877
random_forest,num__known_premium_x_district_code,0.00010385558844843378
random_forest,num__demo_education_graduate_count,0.00010327537601647374
random_forest,num__demo_ses_c_count,0.00010308979757551827
random_forest,num__demo_workplace_density,0.00010148970107043755
random_forest,num__site_tier_x_large_home,9.859063963093135e-05
random_forest,num__trend_yield,9.765489620139041e-05
random_forest,cat__detail_manzara_Doğa|Şehir,9.76544672790855e-05
random_forest,cat__floor_segment_En Üst Kat,9.761192353289326e-05
random_forest,num__demo_widow_ratio,9.329832355109997e-05
random_forest,num__basiskele_premium_bucket_mid,9.3181475099736e-05
random_forest,cat__site_tier_x_district_unknown__fatih mah.,8.78812305845099e-05
random_forest,cat__coast_distance_bucket_1000_3000,8.724932238561395e-05
random_forest,cat__basiskele_geo_cluster_x_m2_group_Başiskele_4||126-150,8.610137267428232e-05
random_forest,num__demo_education_doctorate_count,8.596941557978496e-05
random_forest,num__demo_divorced_count,8.56799011221718e-05
random_forest,num__has_site_project_id,8.460289622844721e-05
random_forest,cat__room_count_2+1,8.400589519306805e-05
random_forest,num__is_new_building,8.29828571076299e-05
random_forest,num__district_rent_m2_cv,8.12446216869283e-05
random_forest,num__demo_male_ratio,8.121389470075863e-05
random_forest,num__trend_rent_m2,8.059818737389494e-05
random_forest,num__demo_atm_per_10k,7.903544109623714e-05
random_forest,cat__basiskele_geo_cluster_x_m2_group_Başiskele_1||101-125,7.746811955592961e-05
random_forest,num__demo_density_vs_county,7.564262822497701e-05
random_forest,num__demo_age_55_64,7.2965003024272e-05
random_forest,num__demo_ses_ab_diff_county,7.253299256497074e-05
random_forest,num__demo_vehicle_per_capita,7.232313732492333e-05
random_forest,cat__basiskele_geo_cluster_Başiskele_2,7.08867032642069e-05
random_forest,cat__coast_distance_bucket_500_1000,7.061150915556078e-05
random_forest,num__demo_university_diff_county,6.92561690323996e-05
random_forest,num__site_project_oof_count,6.871780176348622e-05
random_forest,num__demo_young_count,6.575890467460987e-05
random_forest,cat__geo_cluster_county_Başiskele_2,6.206893768262468e-05
random_forest,num__trend_price_change_sale,6.193252445889403e-05
random_forest,num__district_rent_m2_iqr,6.189517594267815e-05
random_forest,cat__basiskele_geo_cluster_x_m2_group_Başiskele_5||151-200,6.1000759812946046e-05
random_forest,num__district_rent_m2_mean,5.984321674765108e-05
random_forest,cat__basiskele_geo_cluster_x_m2_group_Başiskele_3||151-200,5.9735778470417675e-05
random_forest,cat__geo_cluster_county_Başiskele_4,5.8695458827004256e-05
random_forest,cat__basiskele_geo_cluster_x_m2_group_Başiskele_2||101-125,5.675251912405428e-05
random_forest,num__demo_single_ratio,5.62616373128087e-05
random_forest,cat__detail_konut_tipi_En Üst Kat,5.563894674810633e-05
random_forest,cat__detail_konut_tipi_Dubleks|Çatı Dubleksi,5.504805067627529e-05
random_forest,num__demo_married_count,5.429621880564877e-05
random_forest,num__site_is_mid_tier,5.399413652982646e-05
random_forest,num__attr_is_mid_age_building,5.263501364676066e-05
random_forest,num__demo_household_income_try,5.245356549253977e-05
random_forest,num__demo_ses_ab_ratio,5.1760021866289174e-05
random_forest,cat__kitchen_Açık (Amerikan),5.1422557243915524e-05
random_forest,cat__detail_manzara_Deniz|Doğa|Park & Yeşil Alan,5.13742986931614e-05
random_forest,num__demo_ses_a_plus_ratio,5.1132017080586434e-05
random_forest,cat__building_age_group_2,4.9933493102667454e-05
random_forest,num__site_project_oof_confidence,4.9736970408119786e-05
random_forest,cat__detail_manzara_missing,4.9246044362760836e-05
random_forest,cat__demo_dominant_age_group_30-34,4.727692000008033e-05
random_forest,cat__site_project_match_source_missing,4.636460063027019e-05
random_forest,cat__geo_cluster_city_city_4,4.5839539638402946e-05
random_forest,cat__duplex_match_source_detail,4.5373265684740715e-05
random_forest,num__demo_vehicle_count,4.522756598983339e-05
random_forest,cat__furnished_Belirtilmemiş,4.5074638586486915e-05
random_forest,num__demo_education_primary_education_ratio,4.5064654195459754e-05
random_forest,num__demo_per_capita_income_try,4.364997774053532e-05
random_forest,cat__m2_group_151-200,4.357400195815344e-05
random_forest,num__demo_education_total,4.179008781449215e-05
random_forest,num__demo_ses_a_plus_count,4.057208926921075e-05
random_forest,cat__site_id_bucket_x_district_b0__pasadag mh.,4.018952435108142e-05
random_forest,num__demo_education_primary_school_ratio,3.920495639263344e-05
random_forest,num__demo_high_school_diff_county,3.880592095822156e-05
random_forest,cat__detail_manzara_Park & Yeşil Alan|Şehir,3.872721571599446e-05
random_forest,cat__building_age_group_11-15 arası,3.850530495825906e-05
random_forest,num__canonical_count_x_large_home,3.7511355906847193e-05
random_forest,cat__m2_group_76-100,3.6656571145958344e-05
random_forest,cat__geo_cluster_x_room_count_city_1||3+1,3.6637648623308874e-05
random_forest,cat__detail_konut_tipi_Dubleks|Bahçe Dubleksi,3.655660831348122e-05
random_forest,num__duplex_source_conflict,3.548826784513642e-05
random_forest,cat__detail_manzara_Doğa|Havuz|Park & Yeşil Alan|Şehir,3.5432981276455724e-05
random_forest,num__demo_pharmacy_per_10k,3.345455858266772e-05
random_forest,num__trend_count_rent,3.258964959661797e-05
random_forest,cat__coast_distance_bucket_3000_plus,3.114688499613746e-05
random_forest,cat__detail_cephe_Batı|Kuzey,3.0081162086152736e-05
random_forest,num__basiskele_premium_bucket_high,2.9729012723457765e-05
random_forest,cat__basiskele_geo_cluster_x_m2_group_Başiskele_5||126-150,2.942006998111399e-05
random_forest,cat__demo_dominant_education_Lisans,2.874800742620171e-05
random_forest,num__basiskele_premium_bucket_county_mean,2.8544374459731977e-05
random_forest,num__demo_car_per_capita,2.8317795184659415e-05
random_forest,cat__detail_cephe_Batı|Doğu,2.825788911098759e-05
random_forest,num__demo_education_primary_school_count,2.7190906385027605e-05
random_forest,cat__geo_cluster_x_room_count_city_0||2+1,2.69877270148425e-05
random_forest,num__has_site_x_site_inside,2.6458712742228362e-05
random_forest,cat__geo_cluster_x_room_count_city_8||3+1,2.526439134407501e-05
random_forest,cat__demo_dominant_age_group_65+,2.479679755413434e-05
random_forest,cat__detail_cephe_Doğu|Güney|Kuzey,2.4777830751846435e-05
random_forest,num__demo_age_0_14,2.3427034818597574e-05
random_forest,num__demo_age_45_54_count,2.298980683798422e-05
random_forest,num__district_rent_m2_median,2.2568889266276215e-05
random_forest,num__demo_ses_d_ratio,2.239844589780671e-05
random_forest,cat__geo_cluster_city_city_3,2.219090258366357e-05
random_forest,num__demo_old_count,2.150073282188384e-05
random_forest,num__demo_middle_count,2.149042052072706e-05
random_forest,num__demo_age_65_plus,2.117618896827938e-05
random_forest,num__demo_age_25_34_count,2.0696720186147534e-05
random_forest,num__basiskele_premium_bucket_county_median,1.8196444013326923e-05
random_forest,num__demo_education_high_school_count,1.7305361377795867e-05
random_forest,cat__duplex_match_source_conflict_detail_wins,1.5596122140736372e-05
random_forest,cat__basiskele_geo_cluster_Başiskele_0,1.5195870738526523e-05
random_forest,cat__detail_konut_tipi_Ara Kat|Çatı Dubleksi,1.4601412253833758e-05
random_forest,num__demo_income_vs_county,1.361932151105172e-05
random_forest,cat__geo_cluster_x_room_count_city_5||2+1,1.3128870026026346e-05
random_forest,num__demo_age_0_14_count,1.3117182336515585e-05
random_forest,num__basiskele_premium_bucket_low,1.280765007132367e-05
random_forest,cat__demo_dominant_age_group_5-9,1.2650410843382954e-05
random_forest,cat__site_tier_x_district_premium__fatih mah.,1.2515229835863572e-05
random_forest,num__demo_car_count,1.2381520755318864e-05
random_forest,num__demo_household_size,1.2238286474124913e-05
random_forest,num__basiskele_has_pool_signal,1.177948334444569e-05
random_forest,cat__detail_manzara_Deniz|Park & Yeşil Alan|Şehir,1.1020967870741487e-05
random_forest,cat__site_quality_tier_mid,1.074075505046566e-05
random_forest,num__demo_age_15_24_count,1.0259950710122062e-05
random_forest,num__demo_married_ratio,1.0101382045388982e-05
random_forest,num__demo_age_35_44_count,9.98541899120689e-06
random_forest,cat__geo_cluster_x_room_count_city_1||2+1,9.7456966984704e-06
random_forest,num__demo_pharmacy_count,9.451861193717596e-06
random_forest,num__trend_count_sale,9.021412256745852e-06
random_forest,cat__detail_manzara_Deniz|Doğa,9.014874508116333e-06
random_forest,num__distance_to_coast_x_near_sea_zero,8.443499938001498e-06
random_forest,num__demo_household_count,8.421206757869753e-06
random_forest,num__demo_education_non_literate_ratio,8.255167630388963e-06
random_forest,cat__site_id_bucket_x_district_b0__dongel mh.,8.090276923860862e-06
random_forest,num__demo_atm_count,7.950114101631713e-06
random_forest,num__demo_ses_c_ratio,7.883844425000019e-06
random_forest,num__site_tier_code,7.517039897808785e-06
random_forest,cat__basiskele_geo_cluster_Başiskele_5,7.441972877464909e-06
random_forest,num__demo_widow_count,7.1014916464498855e-06
random_forest,cat__site_tier_x_district_unknown__yesilyurt mh.,6.993023396165309e-06
random_forest,cat__detail_cephe_Batı|Doğu|Güney|Kuzey,6.5990909274556434e-06
random_forest,num__demo_ses_d_count,5.865629188749742e-06
random_forest,num__demo_education_high_school_ratio,5.198165596508591e-06
random_forest,cat__district_Yeşilyurt Mh.,5.08460347114266e-06
random_forest,num__demo_old_ratio,5.039781692240049e-06
random_forest,num__demo_age_25_34,4.494881864947213e-06
random_forest,num__demo_education_doctorate_ratio,4.258323483545422e-06
random_forest,cat__basiskele_geo_cluster_Başiskele_4,3.904892526428002e-06
random_forest,cat__basiskele_geo_cluster_x_m2_group_Başiskele_4||101-125,3.8066992791062966e-06
random_forest,num__demo_age_65_plus_count,3.713105046619592e-06
random_forest,cat__basiskele_geo_cluster_Başiskele_1,3.0312983537397227e-06
random_forest,num__demo_household_income_vs_county,2.5864061699868626e-06
random_forest,cat__geo_cluster_county_Başiskele_1,2.5183178258129833e-06
random_forest,cat__detail_konut_tipi_Ara Kat,2.2449481522487847e-06
random_forest,cat__basiskele_geo_cluster_x_m2_group_Başiskele_3||200+,2.212220956086561e-06
random_forest,cat__basiskele_geo_cluster_x_m2_group_Başiskele_1||76-100,1.9749854169637572e-06
random_forest,num__trend_sale_annual_change,1.9699971210590397e-06
random_forest,cat__geo_cluster_x_room_count_city_0||3+1,1.8025686687699502e-06
random_forest,num__demo_age_55_64_count,1.7550566609818914e-06
random_forest,cat__site_project_id_zeray_perla,1.7179397845112458e-06
random_forest,num__demo_education_graduate_ratio,1.4936704012425323e-06
random_forest,num__demo_education_middle_school_ratio,1.1231753956093867e-06
random_forest,cat__site_tier_x_district_unknown__dongel mh.,9.840566751557686e-07
random_forest,cat__basiskele_geo_cluster_x_m2_group_Başiskele_0||101-125,9.82181509946624e-07
random_forest,cat__demo_dominant_age_group_40-44,9.522275453425011e-07
random_forest,num__demo_ses_a_ratio,6.837632665251495e-07
random_forest,cat__basiskele_geo_cluster_x_m2_group_Başiskele_1||126-150,6.043386875422107e-07
random_forest,cat__demo_dominant_education_Lise,5.208718238171278e-07
random_forest,cat__detail_cephe_Güney,5.195371135314943e-07
random_forest,cat__district_Fatih Mah.,2.547248163138818e-07
random_forest,cat__site_id_bucket_x_district_b0__serdar mah.,8.992133122133096e-08
random_forest,num__demo_education_middle_school_count,4.45578657671103e-08
random_forest,num__open_area_m2,0.0
random_forest,num__has_open_area,0.0
random_forest,num__is_basement,0.0
random_forest,num__living_rooms,0.0
random_forest,num__is_old_building,0.0
random_forest,num__is_small_flat,0.0
random_forest,num__county_rent_m2_median,0.0
random_forest,num__county_rent_m2_mean,0.0
random_forest,num__county_rent_m2_count,0.0
random_forest,num__rent_feature_confidence,0.0
random_forest,num__county_target_median,0.0
random_forest,num__county_target_mean,0.0
random_forest,num__demo_education_university_count,0.0
random_forest,num__demo_education_unknown_ratio,0.0
random_forest,num__demo_ses_b_ratio,0.0
random_forest,num__demo_bank_count,0.0
random_forest,num__county_demo_population_total_sum,0.0
random_forest,num__county_demo_population_density_median,0.0
random_forest,num__county_demo_population_density_mean,0.0
random_forest,num__county_demo_per_capita_income_median,0.0
random_forest,num__county_demo_household_income_median,0.0
random_forest,num__county_demo_household_size_mean,0.0
random_forest,num__county_demo_education_university_ratio_mean,0.0
random_forest,num__county_demo_education_high_school_ratio_mean,0.0
random_forest,num__county_demo_ses_ab_ratio_mean,0.0
random_forest,num__county_demo_ses_cd_ratio_mean,0.0
random_forest,num__county_demo_old_ratio_mean,0.0
random_forest,num__county_demo_young_ratio_mean,0.0
random_forest,num__county_demo_married_ratio_mean,0.0
random_forest,num__county_demo_single_ratio_mean,0.0
random_forest,num__county_demo_residential_count_sum,0.0
random_forest,num__county_demo_workplace_count_sum,0.0
random_forest,num__county_demo_vehicle_count_sum,0.0
random_forest,num__county_demo_car_count_sum,0.0
random_forest,num__county_demo_atm_count_sum,0.0
random_forest,num__county_demo_pharmacy_count_sum,0.0
random_forest,num__county_demo_bank_count_sum,0.0
random_forest,num__demo_bank_per_10k,0.0
random_forest,num__demo_has_demographics,0.0
random_forest,num__demo_has_county_demographics,0.0
random_forest,num__demo_age_coverage,0.0
random_forest,num__demo_education_coverage,0.0
random_forest,num__demo_income_available,0.0
random_forest,num__demo_ses_available,0.0
random_forest,num__demo_market_activity_available,0.0
random_forest,num__demo_infrastructure_available,0.0
random_forest,num__demo_coverage_score,0.0
random_forest,num__demo_real_estate_agent_count,0.0
random_forest,num__demo_agent_listing_count,0.0
random_forest,num__demo_owner_listing_count,0.0
random_forest,num__demo_sale_count,0.0
random_forest,num__demo_mortgage_count,0.0
random_forest,num__demo_turnover_ratio,0.0
random_forest,num__demo_computed_turnover_ratio,0.0
random_forest,num__demo_listing_count_2024,0.0
random_forest,num__demo_bb_sale_count_2024,0.0
random_forest,num__demo_bb_mortgaged_sale_count_2024,0.0
random_forest,num__county_demo_sale_count_sum,0.0
random_forest,num__county_demo_turnover_ratio_median,0.0
random_forest,num__demo_turnover_vs_county,0.0
random_forest,num__demo_saving_total,0.0
random_forest,num__demo_expense_total,0.0
random_forest,num__demo_expense_food,0.0
random_forest,num__demo_expense_shelter,0.0
random_forest,num__demo_expense_transportation,0.0
random_forest,num__demo_expense_education,0.0
random_forest,num__demo_ecommerce_count,0.0
random_forest,num__demo_ecommerce_density,0.0
random_forest,num__demo_online_retail,0.0
random_forest,num__attr_is_old_building,0.0
random_forest,num__attr_has_parking,0.0
random_forest,num__attr_has_balcony,0.0
random_forest,num__attr_is_furnished,0.0
random_forest,num__attr_credit_eligible,0.0
random_forest,num__attr_has_natural_gas_heating,0.0
random_forest,num__attr_has_premium_heating,0.0
random_forest,num__attr_has_poor_heating,0.0
random_forest,num__attr_old_building_x_no_elevator,0.0
random_forest,num__attr_effect_parking,0.0
random_forest,num__attr_effect_heating_quality_bucket,0.0
random_forest,num__attr_county_new_building_premium,0.0
random_forest,num__attr_county_old_building_discount,0.0
random_forest,num__attr_county_elevator_premium,0.0
random_forest,num__attr_county_site_inside_premium,0.0
random_forest,num__attr_county_parking_premium,0.0
random_forest,num__attr_county_good_heating_premium,0.0
random_forest,num__attr_county_high_quality_premium,0.0
random_forest,num__basiskele_large_home_premium_bucket_median,0.0
random_forest,num__has_lat_lon,0.0
random_forest,num__location_precision_exact,0.0
random_forest,num__location_precision_approx,0.0
random_forest,num__location_precision_district_only,0.0
random_forest,num__location_precision_missing,0.0
random_forest,num__location_source_data_attr_map,0.0
random_forest,num__location_backfill_ok,0.0
random_forest,num__location_backfill_listing_removed,0.0
random_forest,num__location_quality_score,0.0
random_forest,num__is_coastal_500m,0.0
random_forest,num__is_coastal_1000m,0.0
random_forest,num__is_coastal_2000m,0.0
random_forest,num__geo_context_missing,0.0
random_forest,num__geo_context_has_exact_location,0.0
random_forest,num__geo_context_has_approx_location,0.0
random_forest,num__distance_to_sea_m,0.0
random_forest,num__log_distance_to_sea,0.0
random_forest,num__is_coastal_250m,0.0
random_forest,num__coast_distance_bucket_code,0.0
random_forest,num__coastal_access_score,0.0
random_forest,num__bsk_distance_to_sea_x_view_sea,0.0
random_forest,num__bsk_distance_to_sea_x_near_sea_zero,0.0
random_forest,num__bsk_distance_to_sea_x_large_home,0.0
random_forest,num__bsk_distance_to_sea_x_site_inside,0.0
random_forest,num__bsk_distance_to_sea_x_quality,0.0
random_forest,num__bsk_coastal_x_large_home,0.0
random_forest,num__bsk_coastal_x_geo_cluster,0.0
random_forest,num__bsk_coastal_x_room_4p1,0.0
random_forest,num__site_project_oof_price_level,0.0
random_forest,num__is_middle_floor_duplex,0.0
random_forest,cat__real_estate_type_Satılık Daire,0.0
random_forest,cat__room_count_1+1,0.0
random_forest,cat__room_count_4+2,0.0
random_forest,cat__room_count_4.5+1,0.0
random_forest,cat__room_count_5+1,0.0
random_forest,cat__room_count_5+2,0.0
random_forest,cat__floor_segment_Bodrum,0.0
random_forest,cat__heating_Kat Kaloriferi,0.0
random_forest,cat__heating_Kombi (Elektrik),0.0
random_forest,cat__heating_Merkezi (Pay Ölçer),0.0
random_forest,cat__heating_Yok,0.0
random_forest,cat__balcony_Var,0.0
random_forest,cat__balcony_Yok,0.0
random_forest,cat__parking_Yok,0.0
random_forest,cat__furnished_Evet,0.0
random_forest,cat__credit_eligible_missing,0.0
random_forest,cat__energy_certificate_missing,0.0
random_forest,cat__deed_status_missing,0.0
random_forest,cat__seller_type_missing,0.0
random_forest,cat__barter_missing,0.0
random_forest,cat__city_Kocaeli,0.0
random_forest,cat__county_Başiskele,0.0
random_forest,cat__district_Aydınkent Mh.,0.0
random_forest,cat__district_Barbaros Mah.,0.0
random_forest,cat__district_Damlar Mah.,0.0
random_forest,cat__district_Döngel Mh.,0.0
random_forest,cat__district_Havuzlubahçe Mh.,0.0
random_forest,cat__district_Paşadağ Mh.,0.0
random_forest,cat__district_Sahil Mah.,0.0
random_forest,cat__district_Serdar Mah.,0.0
random_forest,cat__district_Tepecik Mh.,0.0
random_forest,cat__district_Yaylacık Mh.,0.0
random_forest,cat__district_Yuvacık Yakacık Mh.,0.0
random_forest,cat__building_age_group_16-20 arası,0.0
random_forest,cat__m2_group_0-75,0.0
random_forest,cat__detail_cephe_Batı,0.0
random_forest,cat__detail_cephe_Güney|Kuzey,0.0
random_forest,cat__detail_cephe_Kuzey,0.0
random_forest,cat__detail_manzara_Boğaz|Deniz|Doğa|Göl|Havuz|Nehir|Park & Yeşil Alan|Şehir,0.0
random_forest,cat__detail_manzara_Boğaz|Deniz|Doğa|Park & Yeşil Alan|Şehir,0.0
random_forest,cat__detail_manzara_Deniz,0.0
random_forest,cat__detail_manzara_Deniz|Doğa|Havuz|Park & Yeşil Alan|Şehir,0.0
random_forest,cat__detail_manzara_Deniz|Havuz,0.0
random_forest,cat__detail_manzara_Deniz|Havuz|Park & Yeşil Alan,0.0
random_forest,cat__detail_manzara_Deniz|Havuz|Park & Yeşil Alan|Şehir,0.0
random_forest,cat__detail_manzara_Deniz|Park & Yeşil Alan,0.0
random_forest,cat__detail_manzara_Deniz|Şehir,0.0
random_forest,cat__detail_manzara_Doğa|Havuz,0.0
random_forest,cat__detail_manzara_Doğa|Havuz|Park & Yeşil Alan,0.0
random_forest,cat__detail_manzara_Havuz|Park & Yeşil Alan,0.0
random_forest,cat__detail_manzara_Havuz|Park & Yeşil Alan|Şehir,0.0
random_forest,cat__detail_konut_tipi_Ara Kat Dubleks,0.0
random_forest,cat__detail_konut_tipi_Dubleks|Bahçe Dubleksi|Ters Dubleks,0.0
random_forest,cat__detail_konut_tipi_Dubleks|En Üst Kat|Ara Kat|Ara Kat Dubleks|Bahçe Dubleksi|Çatı Dubleksi|Forleks|Ters Dubleks|Tripleks,0.0
random_forest,cat__detail_konut_tipi_Dubleks|En Üst Kat|Ara Kat|Ara Kat Dubleks|Bahçe Dubleksi|Çatı Dubleksi|Ters Dubleks|Tripleks,0.0
random_forest,cat__detail_konut_tipi_Dubleks|En Üst Kat|Ara Kat|Çatı Dubleksi,0.0
random_forest,cat__detail_konut_tipi_Dubleks|En Üst Kat|Çatı Dubleksi,0.0
random_forest,cat__detail_konut_tipi_Dubleks|En Üst Kat|Çatı Dubleksi|Ters Dubleks,0.0
random_forest,cat__detail_konut_tipi_En Üst Kat|Ara Kat|Çatı Dubleksi,0.0
random_forest,cat__rent_feature_level_county,0.0
random_forest,cat__rent_feature_level_district,0.0
random_forest,cat__rent_feature_level_district_m2_group,0.0
random_forest,cat__demo_dominant_age_group_25-29,0.0
random_forest,cat__demo_dominant_age_group_45-49,0.0
random_forest,cat__demo_dominant_marital_status_Evli,0.0
random_forest,cat__demo_dominant_education_İlkokul,0.0
random_forest,cat__demo_ses_group_C Grubu,0.0
random_forest,cat__location_precision_exact_map,0.0
random_forest,cat__location_source_data_attr_map,0.0
random_forest,cat__geo_cluster_city_city_10,0.0
random_forest,cat__geo_cluster_city_city_2,0.0
random_forest,cat__geo_cluster_city_city_6,0.0
random_forest,cat__geo_cluster_city_city_7,0.0
random_forest,cat__geo_cluster_city_city_8,0.0
random_forest,cat__basiskele_geo_cluster_Başiskele_3,0.0
random_forest,cat__coast_distance_bucket_0_500,0.0
random_forest,cat__basiskele_geo_cluster_x_m2_group_Başiskele_0||76-100,0.0
random_forest,cat__basiskele_geo_cluster_x_m2_group_Başiskele_2||200+,0.0
random_forest,cat__basiskele_geo_cluster_x_m2_group_Başiskele_2||76-100,0.0
random_forest,cat__basiskele_geo_cluster_x_m2_group_Başiskele_3||101-125,0.0
random_forest,cat__basiskele_geo_cluster_x_m2_group_Başiskele_3||126-150,0.0
random_forest,cat__basiskele_geo_cluster_x_m2_group_Başiskele_3||76-100,0.0
random_forest,cat__basiskele_geo_cluster_x_m2_group_Başiskele_4||200+,0.0
random_forest,cat__basiskele_geo_cluster_x_m2_group_Başiskele_4||76-100,0.0
random_forest,cat__basiskele_geo_cluster_x_m2_group_Başiskele_5||0-75,0.0
random_forest,cat__basiskele_geo_cluster_x_m2_group_Başiskele_5||200+,0.0
random_forest,cat__basiskele_geo_cluster_x_m2_group_Başiskele_5||76-100,0.0
random_forest,cat__geo_cluster_x_room_count_city_0||4+1,0.0
random_forest,cat__geo_cluster_x_room_count_city_0||4+2,0.0
random_forest,cat__geo_cluster_x_room_count_city_10||2+1,0.0
random_forest,cat__geo_cluster_x_room_count_city_10||3+1,0.0
random_forest,cat__geo_cluster_x_room_count_city_10||4+1,0.0
random_forest,cat__geo_cluster_x_room_count_city_11||2+1,0.0
random_forest,cat__geo_cluster_x_room_count_city_11||4+1,0.0
random_forest,cat__geo_cluster_x_room_count_city_1||4+1,0.0
random_forest,cat__geo_cluster_x_room_count_city_1||5+1,0.0
random_forest,cat__geo_cluster_x_room_count_city_2||2+1,0.0
random_forest,cat__geo_cluster_x_room_count_city_3||2+1,0.0
random_forest,cat__geo_cluster_x_room_count_city_3||4+1,0.0
random_forest,cat__geo_cluster_x_room_count_city_3||5+1,0.0
random_forest,cat__geo_cluster_x_room_count_city_4||1+1,0.0
random_forest,cat__geo_cluster_x_room_count_city_4||2+1,0.0
random_forest,cat__geo_cluster_x_room_count_city_4||4+1,0.0
random_forest,cat__geo_cluster_x_room_count_city_5||4+1,0.0
random_forest,cat__geo_cluster_x_room_count_city_5||4.5+1,0.0
random_forest,cat__geo_cluster_x_room_count_city_5||5+1,0.0
random_forest,cat__geo_cluster_x_room_count_city_5||5+2,0.0
random_forest,cat__geo_cluster_x_room_count_city_6||2+1,0.0
random_forest,cat__geo_cluster_x_room_count_city_6||4+1,0.0
random_forest,cat__geo_cluster_x_room_count_city_7||2+1,0.0
random_forest,cat__geo_cluster_x_room_count_city_7||3+1,0.0
random_forest,cat__geo_cluster_x_room_count_city_8||1+1,0.0
random_forest,cat__geo_cluster_x_room_count_city_8||2+1,0.0
random_forest,cat__geo_cluster_x_room_count_city_8||4+1,0.0
random_forest,cat__geo_cluster_x_room_count_city_9||1+1,0.0
random_forest,cat__geo_cluster_x_room_count_city_9||2+1,0.0
random_forest,cat__site_project_id_akasya_modern,0.0
random_forest,cat__site_project_id_akven_armoni_teras,0.0
random_forest,cat__site_project_id_asrin,0.0
random_forest,cat__site_project_id_bahcekent_konutlari,0.0
random_forest,cat__site_project_id_basiskele_de_havuzlu,0.0
random_forest,cat__site_project_id_basiskelede_prejtijli,0.0
random_forest,cat__site_project_id_boyunegmez_yasam,0.0
random_forest,cat__site_project_id_cadde_53,0.0
random_forest,cat__site_project_id_cati_dubleks_havuzlu,0.0
random_forest,cat__site_project_id_doga,0.0
random_forest,cat__site_project_id_dongelde,0.0
random_forest,cat__site_project_id_dream_gardens,0.0
random_forest,cat__site_project_id_emar_delux_yuvacik,0.0
random_forest,cat__site_project_id_esila_park,0.0
random_forest,cat__site_project_id_hanzade_palace,0.0
random_forest,cat__site_project_id_havuzlu,0.0
random_forest,cat__site_project_id_helin,0.0
random_forest,cat__site_project_id_iskar_elit_kent,0.0
random_forest,cat__site_project_id_kirazli_kent,0.0
random_forest,cat__site_project_id_lotus,0.0
random_forest,cat__site_project_id_lotus_mahza,0.0
random_forest,cat__site_project_id_mahall_yuvacik_2,0.0
random_forest,cat__site_project_id_mamik_reform,0.0
random_forest,cat__site_project_id_manaryuvacik,0.0
random_forest,cat__site_project_id_mavi_yesil_park,0.0
random_forest,cat__site_project_id_may_kent_2,0.0
random_forest,cat__site_project_id_megatron_azize,0.0
random_forest,cat__site_project_id_memur_sen,0.0
random_forest,cat__site_project_id_my_yaka,0.0
random_forest,cat__site_project_id_oksijen_konaklari,0.0
random_forest,cat__site_project_id_oluklu_life,0.0
random_forest,cat__site_project_id_orka_life_2,0.0
random_forest,cat__site_project_id_panoramakent_1,0.0
random_forest,cat__site_project_id_pasadag_mah_full_deniz_manzarali,0.0
random_forest,cat__site_project_id_remax_dreamden_fatih_de,0.0
random_forest,cat__site_project_id_royal_city_akkurt,0.0
random_forest,cat__site_project_id_royal_country,0.0
random_forest,cat__site_project_id_royal_park,0.0
random_forest,cat__site_project_id_rozna,0.0
random_forest,cat__site_project_id_listing_portal_vadi_yuvacik,0.0
random_forest,cat__site_project_id_supark_megaron,0.0
random_forest,cat__site_project_id_teras_marmara,0.0
random_forest,cat__site_project_id_terra_nova,0.0
random_forest,cat__site_project_id_torunogullari_park_2,0.0
random_forest,cat__site_project_id_twinkle_life,0.0
random_forest,cat__site_project_id_ust_park_yuvacik,0.0
random_forest,cat__site_project_id_ustgrup_lifeside,0.0
random_forest,cat__site_project_id_venedik,0.0
random_forest,cat__site_project_id_vistapark,0.0
random_forest,cat__site_project_id_yesilyurtda,0.0
random_forest,cat__site_project_id_yonca_evleri_2,0.0
random_forest,cat__site_project_id_yuvacik_vadi,0.0
random_forest,cat__site_project_id_yuvana_evleri,0.0
random_forest,cat__site_project_id_yuz_yapi_dan_deniz_ve_vadi,0.0
random_forest,cat__site_project_id_zeray_gunesi,0.0
random_forest,cat__site_project_id_zeray_kent,0.0
random_forest,cat__site_project_id_zeray_korupark,0.0
random_forest,cat__site_project_id_zeraykent_yuvacik,0.0
random_forest,cat__site_tier_x_district_mid__aydinkent mh.,0.0
random_forest,cat__site_tier_x_district_mid__fatih mah.,0.0
random_forest,cat__site_tier_x_district_mid__havuzlubahce mh.,0.0
random_forest,cat__site_tier_x_district_mid__pasadag mh.,0.0
random_forest,cat__site_tier_x_district_mid__yesilyurt mh.,0.0
random_forest,cat__site_tier_x_district_premium__pasadag mh.,0.0
random_forest,cat__site_tier_x_district_unknown__aydinkent mh.,0.0
random_forest,cat__site_tier_x_district_unknown__barbaros mah.,0.0
random_forest,cat__site_tier_x_district_unknown__damlar mah.,0.0
random_forest,cat__site_tier_x_district_unknown__havuzlubahce mh.,0.0
random_forest,cat__site_tier_x_district_unknown__sahil mah.,0.0
random_forest,cat__site_tier_x_district_unknown__serdar mah.,0.0
random_forest,cat__site_tier_x_district_unknown__tepecik mh.,0.0
random_forest,cat__site_tier_x_district_unknown__yaylacik mh.,0.0
random_forest,cat__site_tier_x_district_unknown__yuvacik yakacik mh.,0.0
random_forest,cat__site_id_bucket_x_district_b0__aydinkent mh.,0.0
random_forest,cat__site_id_bucket_x_district_b0__barbaros mah.,0.0
random_forest,cat__site_id_bucket_x_district_b0__damlar mah.,0.0
random_forest,cat__site_id_bucket_x_district_b0__havuzlubahce mh.,0.0
random_forest,cat__site_id_bucket_x_district_b0__sahil mah.,0.0
random_forest,cat__site_id_bucket_x_district_b0__tepecik mh.,0.0
random_forest,cat__site_id_bucket_x_district_b0__yuvacik yakacik mh.,0.0
random_forest,cat__site_id_bucket_x_district_b1__aydinkent mh.,0.0
random_forest,cat__site_id_bucket_x_district_b1__damlar mah.,0.0
random_forest,cat__site_id_bucket_x_district_b1__dongel mh.,0.0
random_forest,cat__site_id_bucket_x_district_b1__havuzlubahce mh.,0.0
random_forest,cat__site_id_bucket_x_district_b1__pasadag mh.,0.0
random_forest,cat__site_id_bucket_x_district_b1__serdar mah.,0.0
random_forest,cat__site_id_bucket_x_district_b1__yaylacik mh.,0.0
random_forest,cat__site_id_bucket_x_district_b2__fatih mah.,0.0
random_forest,cat__site_id_bucket_x_district_b2__pasadag mh.,0.0
random_forest,cat__site_id_bucket_x_district_b2__yesilyurt mh.,0.0
random_forest,cat__duplex_type_middle_floor,0.0
