county,n,mape,mae,mean_bias,r2
Başiskele,919,0.10598772218857219,4366.038912933185,-390.0444567163229,0.5016903390935203
