county,n,mape,mae,mean_bias,r2
Başiskele,944,0.10834791866965561,4419.453586109525,-469.64826968771445,0.4827457300856719
