district,sale_pred_old,sale_pred_new,sale_diff_tl_m2,sale_diff_pct,warning
missing,213349.47852208285,150644.62687203422,-62704.85165004863,-0.2939067490786406,
