county,n,mape,mae,mean_bias,r2
Başiskele,919,0.11035826267613813,4556.685081157848,-470.0021640062826,0.4640056082367585
