district,sale_pred_old,sale_pred_new,sale_diff_tl_m2,sale_diff_pct,warning
missing,114947.8368608867,108468.73315450996,-6479.1037063767435,-0.056365599243228454,
