rows,r2,log_r2,mape,median_ape,mae_tl_per_m2,median_ae_tl_per_m2,slice
282,0.2675177694932813,0.2855902954770817,0.12545714217363718,0.10156446131962152,5168.110431938371,4099.20802991755,all_rows
282,0.2675177694932813,0.2855902954770817,0.12545714217363718,0.10156446131962152,5168.110431938371,4099.20802991755,score_lt_25
282,0.2675177694932813,0.2855902954770817,0.12545714217363718,0.10156446131962152,5168.110431938371,4099.20802991755,score_lt_45
