is_large_home,n,mape,mae,mean_actual,mean_pred
0,204,0.11617047287003325,4981.056969241455,42230.52926470589,41527.70233670591
1,78,0.14974535419844745,5657.327180530307,38712.0582051282,40036.86360156254
