county,n_tests,mean_abs_diff_tl_m2,mean_abs_diff_pct,pass_rate
Başiskele,8,3428.197102466179,0.09466181585756869,1.0
Gölcük,8,1432.7528860733037,0.035001041531033325,0.625
Karamürsel,8,1432.7528860733064,0.035001041531033394,0.625
İzmit,8,1432.7528860733037,0.035001041531033325,0.625
