county,n,mape,mae,mean_bias,r2
Başiskele,282,0.12545714217363718,5168.110431938371,-141.99245528409824,0.2675177694932813
