district,sale_pred_old,sale_pred_new,sale_diff_tl_m2,sale_diff_pct,warning
missing,42386.169057396924,38466.0643604842,-3920.1046969127274,-0.09248546835181887,
