segment,rows,r2,log_r2,mape,median_ape,mae_tl_per_m2,median_ae_tl_per_m2,model
mainstream_home,184,0.12102473153147364,0.1556813553648252,0.12411099152868146,0.09626388383947337,5152.319376495082,3889.7514037060755,ridge
mainstream_home,184,0.07896929662133989,0.12318947157893878,0.12596952850586388,0.10381601691475802,5272.431091888118,4244.745574444136,extra_trees
mainstream_home,184,0.046129173573336124,0.0845840529198999,0.12918758607495986,0.11021956273183067,5416.015767636564,4290.600925734776,random_forest
mainstream_home,184,0.05254449801146743,0.09217506870170145,0.13127349942177266,0.1117344969774958,5484.026360921525,4181.926303601576,gradient_boosting
