rows,r2,log_r2,mape,median_ape,mae_tl_per_m2,median_ae_tl_per_m2,model
282,0.25603040988315906,0.2651124098012192,0.1260291207418431,0.10079345257405295,5178.281360506123,4207.275552308278,gradient_boosting
282,0.24130705862369395,0.26088052407485207,0.12735966166967588,0.11264032841337832,5265.476125466164,4360.95610181693,extra_trees
282,0.2021411852146877,0.2198809695021755,0.1297152378975942,0.10105950256102224,5335.2089930165075,4256.493997382648,random_forest
282,0.1937849569095733,0.2169494703186754,0.13193961352697106,0.1091210184903793,5418.839549412696,4222.009816110876,ridge
