detail_konut_tipi_raw,title_raw,duplex_type,is_duplex,is_roof_duplex,is_garden_duplex,is_middle_floor_duplex,is_standard_duplex,duplex_match_source,duplex_source_conflict,extraction_notes,classified_id
Ara Kat,BAŞİSKELE MERKEZ DE 2+1 ARA KAT DAİRE,none,0,0,0,0,0,none,0,,1324811712
,"EVİM,den BAŞİSKELE PERA SİTESİNDE KÖŞE BAŞI 3+1&135 M2 SATLIK",none,0,0,0,0,0,none,0,,1320360191
,BAŞİSKELE YEŞİLKENT KALICI KONUTLARI 3. KAT SATILIK DAİRE,none,0,0,0,0,0,none,0,,1319581083
Ara Kat,BAŞİSKELE ALTINKENT MARMARA ELİT EVLERİ'NDE 3+1 SATILIK DAİRE,none,0,0,0,0,0,none,0,,1321506087
Ara Kat,Başiskele Kullar Tepecik de Site İçi 2+1 Arakat Oturuma Hazır,none,0,0,0,0,0,none,0,,1287326980
,ARKUN GAYRİMENKUL'DEN MERKEZİ LOKAYONDA 2+1 KULLANIŞLI DAİRE,none,0,0,0,0,0,none,0,,1323434579
,ASİES GLOBAL EVİMİZ KOCAELİ SİTE 3+1 KAPALI OTOPARKLI KÖŞE DAİRE,none,0,0,0,0,0,none,0,,1272318225
,TANTA EMLAK'TAN BAHÇECİK'TE SATILIK DENİZ MANZARALI 3+1 DAİRE,none,0,0,0,0,0,none,0,,1320037824
,ÖZEL SPOR ALANI BAHÇESİ MÜSTAKİL YAŞAM ALANI SUNAN BİR 3+1 DAİRE,none,0,0,0,0,0,none,0,,1320248517
En Üst Kat,"Başiskele Barbaros'ta Deniz Manzaralı, Havuzlu lüks 3+1 Daire",none,0,0,0,0,0,none,0,,1326307042
Ara Kat,BAŞİSKELE BARBAROS MH SİTE İÇERSİNDE 3+1 EBEVEYN B. ARAKAT DAİRE,none,0,0,0,0,0,none,0,,1306034029
Ara Kat,BAŞİSKELE YAYLACIK MAH. HAVUZLU SİTEDE SATILIK 2+1 DAİRE,none,0,0,0,0,0,none,0,,1314623728
Çatı Dubleksi,BARBAROS MAHALLESİ MERKEZİ KONUMDA İÇİ YAPILI 3+1 SATILIK DAİRE,roof,1,1,0,0,0,detail,0,,1314952711
,MBK BİRİKİM GAYRMENKUL 2+1 ARAKAT SATILIK,none,0,0,0,0,0,none,0,,1322252435
Ara Kat,BAŞİSKELE KARŞIYAKA MAH.İÇİ YAPILI SATILIK 3+1 ARAKAT DAİRE,none,0,0,0,0,0,none,0,,1303195164
,Merkezi konumda 2+1 Müstakil tadında,none,0,0,0,0,0,none,0,,1326214681
Ara Kat,BAŞİSKELE BARBAROS SİTE İÇİ EBEVEYN BANYOLU 2+1 ARA KAT SATILIK,none,0,0,0,0,0,none,0,,1292984172
,BAŞİSKELE YAKACIKTA CADDE ÜSTÜ 1+1,none,0,0,0,0,0,none,0,,1313633705
,BAŞİSKELE BARBAROS MAH.DE GENİŞ 3+1,none,0,0,0,0,0,none,0,,1317833280
Ara Kat,3+1 ARAKAT DAİRE ASANSÖR + KAPALI OTOPARKLI,none,0,0,0,0,0,none,0,,1313565867
Ara Kat,BARBAROS MAHALLESİNDE SATILIK LÜKS 3+1 DAİRE,none,0,0,0,0,0,none,0,,1273361410
Çatı Dubleksi,CENEVİZ ADALARI Projesi 2+1 98m2 Balkonlu Satılık Daire,roof,1,1,0,0,0,detail,0,,1285317448
Dubleks,Kolaylı Kullar Sitesinde SAHİBİNDEN SATILIK,standard,1,0,0,0,1,detail,0,,1308930710
,KW ARVEN'DEN PEKDEMİR EVİMİZ KOCAELİ SİTE'SİNDE SATILIK 3+1,none,0,0,0,0,0,none,0,,1301434420
En Üst Kat|Çatı Dubleksi,Fotoğraflar Güncellendi Satılık 2+1 100 M² Ebeveyn Banyolu,roof,1,1,0,0,0,detail,0,,1322471550
Ara Kat,BAŞİSKELE KULLAR YAKACIK MAH.2+1 ARAKAT FIRSAT DAİRE,none,0,0,0,0,0,none,0,,1316607685
Dubleks,TANTA EMLAK'tan CADDE Üzerinde 1+1 Daire YATIRIM FIRSATI,standard,1,0,0,0,1,detail,0,,1319819010
Çatı Dubleksi,Başiskele barboros mahallesinde en işlek caddesi üzerinde,roof,1,1,0,0,0,detail,0,,1306143160
,DOĞA & DENİZ MANZARALI! 417 m² ARSA İÇİNDE 155 m² SATILIK DAİRE,none,0,0,0,0,0,none,0,,1314548647
Dubleks|En Üst Kat|Çatı Dubleksi,EMLAK YATIRIM'DAN LOTUS YAPI'DA SATILIK LÜKS DAİRE,roof,1,1,0,0,0,detail,0,,1314902324
Çatı Dubleksi,Başiskele'de Site İçi Havuzlu Doğa Manzaralı Satılık 3+1,roof,1,1,0,0,0,detail,0,,1314675555
Ara Kat,ALTIN EMLAK'tan EVİMİZ KOCAELİ SİTESİNDE GENİŞ TİP 2+1 DAİRE BOŞ,none,0,0,0,0,0,none,0,,1308949221
,REMAX MYRADAN SATILIK FIRSAT 3+1 DÜZ DAİRE DAİRE,none,0,0,0,0,0,none,0,,1317601518
Çatı Dubleksi,CENEVİZ ADALARI Projesi 2+1 91m2 Satılık Daire,roof,1,1,0,0,0,detail,0,,1285316340
,YATIRIMCIYA VE OTURUMA UYGUN FIRSAT DAİRE ACİL SATILIK !!!!!!!,none,0,0,0,0,0,none,0,,1317612850
Ara Kat,BAŞISKELE BARBAROS MH DE 3+1 ARA KAT SATILIK DAİREMİZ,none,0,0,0,0,0,none,0,,1291975637
Ara Kat,Başiskele'de Yüksek Kredili Satılık 2+1 Birinci Kat,none,0,0,0,0,0,none,0,,1313891151
,BAŞİSKELE BARBAROS'DA ELİTİUM SİTESİNDE EŞYALI 1+1 SATILIK DAİRE,none,0,0,0,0,0,none,0,,1319850750
,Bahçecikte Arakat Deniz Manzaralı 2+1 Satılık Daire,none,0,0,0,0,0,none,0,,1313838244
,ARABA UNUTTURAN KONUM...,none,0,0,0,0,0,none,0,,1316517261
Ara Kat,BAŞİSKELE'nin TAM MERKEZİNDE GENİŞ 3+1 SATILIK DAİRE,none,0,0,0,0,0,none,0,,1322924381
,"ARAÇ TAKASINA UYGUN, MERKEZİ LOKASYON, MASRAFSIZ 3+1 DAİRE",none,0,0,0,0,0,none,0,,1298646796
,PINAR CADDESİNDE SATILIK SIFIR 2+1 DAİRE,none,0,0,0,0,0,none,0,,1326202720
Ara Kat,BAŞİSKELE BARBAROS MAHALLESİNDE 2+1 ARA KAT SATILIK DAİRE,none,0,0,0,0,0,none,0,,1319682112
Ara Kat,BAŞİSKELE MERKEZ Barbaros DA 3+1 SİTE İÇİ SATILIK ARA KAT DAİRE,none,0,0,0,0,0,none,0,,1317049933
Ara Kat,AtticHouse'tan Satılık OTURUMA HAZIR MASRAFSIZ 2+1 daire,none,0,0,0,0,0,none,0,,1314568430
,Tarcanlar'dan Başiskele Karşıyaka'da Ferah 3+1 Satılık Daire,none,0,0,0,0,0,none,0,,1279892191
Ara Kat,CEPHESİ AÇIK DENİZ MANZARALI İSKANLI SATILIK 3+1 ARAKAT,none,0,0,0,0,0,none,0,,1318583778
,BAŞİSKELE YAYLACIK MAH. 2+1 ARAKAT DAiRE AMERİKAN MUTFAKLI,none,0,0,0,0,0,none,0,,1319471572
Ara Kat,AKBULUT EMLAKTAN | PEKDEMİR evlerinde | BAŞİSKELE | 3+1,none,0,0,0,0,0,none,0,,1314142380
Bahçe Dubleksi,HAVUZLU SİTENİN EN GÜZEL DAİRESİ HER ŞEY DAHİL FİYAT,garden,1,0,1,0,0,detail,0,,1300451534
Ara Kat,DERİN'DEN BAŞİSKELE DE SİTE İÇİ 3+1 ARAKAT SATILIK DAİRE,none,0,0,0,0,0,none,0,,1296134611
En Üst Kat,BAŞİSKELEDE KAÇIRILMAYACAK DENİZ MANZARALI 1+1 SIFIR DAİRE,none,0,0,0,0,0,none,0,,1273141467
,ŞENSEL EMLAKTAN SATILIK BAŞİSKELE BARBAROS MAH 3+1 LÜX DAİRE,none,0,0,0,0,0,none,0,,1262840721
,BAŞİSKELE BARBAROS MAHALLESİNDE 2+1 FERAH KALİTELİ SATILIK DAİRE,none,0,0,0,0,0,none,0,,1322697259
Ara Kat,YAPI EMLAK GAYRİMENKULDEN SATILIK ARAKAT GENİŞ 2+1 DAİRE,none,0,0,0,0,0,none,0,,1317368051
,Fırsat Daire! Başiskele Barbaros 1+1 78m² Temelden Satılık,none,0,0,0,0,0,none,0,,1314470506
,BU CADDE AVM'YE KOMŞU BAHÇE KULLANIMLI 2+1 YÜKSEK GİRİŞ,none,0,0,0,0,0,none,0,,1300245673
Ara Kat,Başiskele Kullar'da satılık sıfır daire,none,0,0,0,0,0,none,0,,1325610776
Ara Kat,BAŞİSKELE BARBAROS MAHALLESİNDE SATILIK 2+1 ARA KAT DAİRE,none,0,0,0,0,0,none,0,,1314570866
,ListingPortal satilik.Kullar Kapalı pazar yakininda.,none,0,0,0,0,0,none,0,,1325565176
Ara Kat,Başiskele Barbaros'ta Sıfır 3+1 Daire | 115m² | İskanlı,none,0,0,0,0,0,none,0,,1322572865
,BAŞİSKELE KULLAR YAYLACIK MAHALLESİ 2+1 SİTE İÇİ SIFIR DAİRE,none,0,0,0,0,0,none,0,,1322553716
,BAŞİSKELE BARBAROS'DA ELİTİUM TRİO SİTESİNDE 3+1 SATILIK DAİRE,none,0,0,0,0,0,none,0,,1314365578
Çatı Dubleksi,SAHİBİNDEN SATILIK للبيع من المالك مباشرة.,roof,1,1,0,0,0,detail,0,,1291146932
,KOCAELİ BAŞİSKELE SEYRİ VADİ SİTESİ SATILIK 3+1 ARA KAT DAİRE,none,0,0,0,0,0,none,0,,1298548815
Ara Kat,BAŞİSKELE BARBAROS 2+1 CADDE ÜZERİ DAİRE,none,0,0,0,0,0,none,0,,1270680867
,Merkezi konum,none,0,0,0,0,0,none,0,,1316519235
Ara Kat,CB MAHALL'DEN KULLAR'DA SATILIK 3+1 ARA KAT DAİRE,none,0,0,0,0,0,none,0,,1314237879
Ara Kat,"BAŞİSKELE'NİN MERKEZİNDE 2+1, 100 M2 SIFIR DAİRE/OFİS",none,0,0,0,0,0,none,0,,1325444340
,Ful Manzaralı Önü Kapanmaz,none,0,0,0,0,0,none,0,,1318050826
,ASİES GLOBAL'DEN FIRSAT 1.KALİTE EBEVEYN BANYO 3+1 YÜKSEK GİRİŞ.,none,0,0,0,0,0,none,0,,1311543382
Ara Kat,ROSE GARDEN SİTESİNDE SATILIK 2+1 EŞYALI ARA KAT DAİRE,none,0,0,0,0,0,none,0,,1260291665
Ara Kat,ÜST GRUP'TAN MEZİRE BAHÇECİK DENİZ MANZARALI 3+1 DAİRE,none,0,0,0,0,0,none,0,,1312433168
,BARBAROS MAHALLESİNDE KUPON DAİRE,none,0,0,0,0,0,none,0,,1325525624
,BARBAROS MAHALLESİ SATILIK YÜKSEK GİRİŞ KAT DAİRE,none,0,0,0,0,0,none,0,,1290874633
Ara Kat,ListingPortal moda pazarı karşısı geniş 2+1 arakat daire,none,0,0,0,0,0,none,0,,1314066473
Ara Kat,BAŞİSKELE ALTINKENT DÖNGEL MEVKİ'İNDE 3+1 SATILIK ARAKAT DAİRE,none,0,0,0,0,0,none,0,,1314073415
Dubleks|En Üst Kat|Ara Kat|Çatı Dubleksi,END'DEN BAŞİSKELE ALTINKENT MAH.SATILIK MANZARALI 3+1 DAİRE,roof,1,1,0,0,0,detail,0,,1249325376
Ara Kat,Başiskele Mezire Bahçecik 2+1 Ara Kat Satılık Daire,none,0,0,0,0,0,none,0,,1308397408
,Süper 4+1 Arayanlara...,none,0,0,0,0,0,none,0,,1325478345
Ara Kat,Tarcanlardan Başiskele Mahmutpaşa Mah.Satılık Arakat 3+1 Daire,none,0,0,0,0,0,none,0,,1312915485
Ara Kat,Acil Satılık!! Sıfır Ayarında 2+1 Daire | Barbaros Mah.,none,0,0,0,0,0,none,0,,1079246104
Ara Kat,REMAX'DAN SULTAN OKULLARINA KOMŞU 2+1 ARA KAT KÖŞE DAİRE,none,0,0,0,0,0,none,0,,1325149227
Ara Kat,MERKEZİ KONUM CADDE ÜSTÜ GENİŞ 3+1 ARAKAT DAİRE,none,0,0,0,0,0,none,0,,1311460942
,"MERKEZİ KONUMDA, MODERN MİMARİLİ 2+1 ARA KAT DAİRE!",none,0,0,0,0,0,none,0,,1319582613
,Cb Mahall'den Başiskele Sahilde Satılık Lüks 1+1,none,0,0,0,0,0,none,0,,1285308427
,REMAX MYRADAN SATILIK LÜX GENİŞ VE KULLANIŞLI 4+1 DAİRE,none,0,0,0,0,0,none,0,,1322280566
Ara Kat|Bahçe Dubleksi|Çatı Dubleksi,BAŞİSKELE YUVACIK DÖNGEL ALTINKENT MH3+1 134 M2 SATILIK DAİRELER,roof,1,1,0,0,0,detail,0,,1295080552
Ara Kat,BAŞİSKELE BARBAROS MAHALLESİNDE GENİŞ VE FERAH 3+1,none,0,0,0,0,0,none,0,,1321979067
Ara Kat,BAŞİSKELE YAYLACIK MAHALLESİ 2+1 LÜKS ARAKAT,none,0,0,0,0,0,none,0,,1316510739
Ara Kat,Başiskele Sahil'de Eşsiz Lokasyonda Satılık 2+1 Yüksek Giriş,none,0,0,0,0,0,none,0,,1299531863
Bahçe Dubleksi,ÇAKIR GAYRİMENKUL DEN 3+1 SATILIK DAİRE,garden,1,0,1,0,0,detail,0,,1313509387
Ara Kat,İMZA GM'DEN SINIRSIZ KREDİLİ BARBAROS MAH. GENİŞ 3+1 ARA KAT,none,0,0,0,0,0,none,0,,1301828064
Ara Kat,Başiskele körfez mah. denize 2 dk satılık daire,none,0,0,0,0,0,none,0,,1289657331
,Mezire bahçecik sitesinde satılık 2+1 arakat daire,none,0,0,0,0,0,none,0,,1324840036
Ara Kat,BAŞİSKELE MERKEZ DE 3+1 ARAKAT ASANSÖRLÜ DAİRE,none,0,0,0,0,0,none,0,,1324980580
Ara Kat,ASİES GLOBAL FIRSAT 1.KALİTE EBEVEYN BANYO 3+1 ARAKAT PANORAMİK!,none,0,0,0,0,0,none,0,,1311219329
,ŞANLI GAYRİMENKULDEN PEKDEMİR EVİMİZ KOCAELİ 4+1 BAHÇE DAİRE,none,0,0,0,0,0,none,0,,1298652975
,TANTA EMLAK'TAN YEŞİLKENT KALICI KONUTLARINDA SATILIK 3+1 DAİRE,none,0,0,0,0,0,none,0,,1321722468
,Sınırsız Kredi İmkanı Geniş Arakat,none,0,0,0,0,0,none,0,,1302216724
,Halk Bankası'ndan Kocaeli Başiskele Satılık Konut,none,0,0,0,0,0,none,0,,1325261633
Ara Kat,Tanta Emlak'tan Barbaros Mah. 3+1 Ara Kat Daire,none,0,0,0,0,0,none,0,,1321832561
Ara Kat,BAŞİSKELE KULLAR YAYLACIK MAHALLESİ SİTE İÇİ SATILIK 2+1 ARAKAT,none,0,0,0,0,0,none,0,,1324834728
,Evimiz Kocaeli Sitesinde Satılık 3+1 Daire!,none,0,0,0,0,0,none,0,,1310435636
Dubleks|Çatı Dubleksi,BAŞISKELE BARBOROS KONUMUYLA DEĞER KATAN ŞIK VE KULLANIŞLI 2+1,roof,1,1,0,0,0,detail,0,,1316089380
,REMAX EFFECT KULLAR YAKACIK MAH. SIFIR SATILIK 2+1 DAİRE,none,0,0,0,0,0,none,0,,1307348644
Ara Kat,Kullar Yakacık Mahallesinde Kaçırılmayacak 2+1 Satılık Ara Kat,none,0,0,0,0,0,none,0,,1321515007
Ara Kat,Kardelen sitesinde arakat 3+1 içi yapılı satılık daire,none,0,0,0,0,0,none,0,,1318942001
,Müstakil Tadında,none,0,0,0,0,0,none,0,,1043298236
,ALTIN EMLAK' tan KULLAR' da 2+1 SATILIK DAİRE,none,0,0,0,0,0,none,0,,1321505288
,TANTA EMLAK'TAN SATILIK 3+1 BAHÇELİ MÜSTAKİL TADINDA DAİRE,none,0,0,0,0,0,none,0,,1321504227
,YÜKSEK KREDİ İMKANLI 3+1 SIFIR ARA KAT OTURUMA HAZIR GENİŞ TERAS,none,0,0,0,0,0,none,0,,1316111042
,Halk Bankası'ndan Kocaeli Başiskele Satılık Konut,none,0,0,0,0,0,none,0,,1263720103
Dubleks,PAŞADAG MH DE TALHA PARKTA PROJEMİZDEN 2+1 GENİŞ FERAH DAİREMİZ,standard,1,0,0,0,1,detail,0,,1310283177
Çatı Dubleksi,MERKEZİ KONUM GENİŞ TERASLI 3+1 SATILIK DAİRE,roof,1,1,0,0,0,detail,0,,1313644364
Ara Kat,TURYAP'TAN KULLAR TEPECIK 3+1 ARAKAT EBEVEYN BANYOLU,none,0,0,0,0,0,none,0,,1324696628
,TANYILDIZ- BAŞİSKELE - KARŞIYAKA MH. 1+1 DENİZE SIFIR DAİRELER,none,0,0,0,0,0,none,0,,1324469239
Çatı Dubleksi,KAYA İNŞAATTAN SATILIK LÜKS 3+1 ASANSÖRLÜ DAİRE,roof,1,1,0,0,0,detail,0,,1303517927
Bahçe Dubleksi,ÜST GRUP'TAN MEZİRE BAHÇECİK'TE DENİZ MANZARALI 4+1 DAİRE,garden,1,0,1,0,0,detail,0,,1320478194
Ara Kat,PEKİN EMLAK'tan satılık daireler,none,0,0,0,0,0,none,0,,1303623790
,Ziraat Bankası'ndan Altınkent Mahallesi'nde Daire,none,0,0,0,0,0,none,0,,1307495237
Çatı Dubleksi,TURYAP'TAN BAŞİSKELE'DE DENİZ MANZARALI 4+1 FIRSAT,roof,1,1,0,0,0,detail,0,,1313144557
Ara Kat,SATILIK 2+1 DAİRE BAŞİSKELE,none,0,0,0,0,0,none,0,,1296313852
,Başiskele Seymende Doğa ile içiçe bir yaşam,none,0,0,0,0,0,none,0,,1289076697
Ara Kat,Altınkent Kalıcı Konutlarında acil satılık boş ara kat daire,none,0,0,0,0,0,none,0,,1324259267
Ara Kat,3+1 | ARA KAT EBEVEYN BANYOLU YERDEN ISITMALI | DENİZ MANZARALI,none,0,0,0,0,0,none,0,,1302676413
Ara Kat,BARBAROS MH'DE SAHİLE D130'A KOLEJLERE YAKIN KONUMDA ARA KAT 2+1,none,0,0,0,0,0,none,0,,1321123114
Ara Kat,BAŞİSKELE ALTINKENT MERKEZİ KONUMDA 110 M² 3+1 ARAKAT,none,0,0,0,0,0,none,0,,1317802615
Ara Kat,BAŞİSKELE YAYLACIK MAH.YATIRIMLIK ÖN CEPHELİ 2+1 ARAKAT DAİRE,none,0,0,0,0,0,none,0,,1316609473
,Erenoğlu Gayrimenkul'den Barbaros Mahallesinde Fırsat 2+1 Daire,none,0,0,0,0,0,none,0,,1310285846
Ara Kat,ÜST GRUP'TAN MEZİRE BAHÇECİK'TE DENİZ MANZARALI 2+1 DAİRE,none,0,0,0,0,0,none,0,,1289931971
,BAŞİSKELE BARBAROS MAH SATILIK ZEMİN KAT 3+1 DAİRE,none,0,0,0,0,0,none,0,,1324144829
Ara Kat,"BAŞİSKELE BAHÇECİKTE DOĞA İLE İÇ İÇE, MODERN VE DONANIMLI 3+1",none,0,0,0,0,0,none,0,,1312918014
,BAŞISKELE KULLAR'DA SATILIK 2 + 1 DAIRE,none,0,0,0,0,0,none,0,,1310047773
Ara Kat,BAŞİSKELE DENİZ MANZARALI SAHİL YAKINI 3+1 SATILIK DAİRE,none,0,0,0,0,0,none,0,,1263664821
,Barbaros Mh Düzayak 3+1 Satılık Ferah Daire,none,0,0,0,0,0,none,0,,1324089087
Dubleks|Bahçe Dubleksi,KOCAELİ BAŞİSKELE SİTE İÇİ BAHÇELİ 3+1 HAVUZLU SATILIK DAİRE,garden,1,0,1,0,0,detail,0,,1312946245
,BAŞİSKELE KÖRFEZ MAH. BAHÇE KULLANIMLI 2+1 SATILIK DAİRE,none,0,0,0,0,0,none,0,,1324033372
,KW 'DEN PEKDEMİR EVİMİZ KOCAELİ SİTE'SİNDE SATILIK 2+1 DAİRE,none,0,0,0,0,0,none,0,,1278586777
,TURYAP PALAS EVİMİZ KOCAELİ SİTESİ BAHÇEKATI YAPILI AYRI MUTFAK,none,0,0,0,0,0,none,0,,1323954402
En Üst Kat,"Başiskele Evimiz Kocaeli Satılık 2+1 Daire, 75m² Net",none,0,0,0,0,0,none,0,,1320893051
Ara Kat,AtticHouse'tan Satılık Merkezi Konumlu 2+1 Daire,none,0,0,0,0,0,none,0,,1307050577
Çatı Dubleksi,Bahama Proje 1 Projesi 3+1 175m2 Balkonlu Satılık Daire,roof,1,1,0,0,0,detail,0,,1324151113
,XXL bu m2 de bu fiyata bulmak zor,none,0,0,0,0,0,none,0,,1291101474
Ara Kat,BAŞİSKELE YAKACIK MH.DE LÜKS YAPILI SATILIK 2+1 ARAKAT DAİRE,none,0,0,0,0,0,none,0,,1318271904
,BAŞİSKELE BARBAROS'DA 3+1 110 m2 DAİRE,none,0,0,0,0,0,none,0,,1312666359
,Yaylacık mahallesi manzaralı geniş balkonlu 2+1,none,0,0,0,0,0,none,0,,1323824202
,SAHİBİNDEN BAŞİSKELE KULLAR'DA CADDE ÜZERİNDE 3+1 SIFIR DAİRE,none,0,0,0,0,0,none,0,,1323820919
Dubleks|En Üst Kat|Ara Kat|Bahçe Dubleksi|Çatı Dubleksi,BAŞİSKELE KULLAR'DA PRESTİJLİ YAŞAM PROJESİ SINIRLI SAYIDA DAİRE,roof,1,1,0,0,0,detail,0,,1306758060
Ara Kat,ESKİDJİDEN BAŞİSKELEDE SİTE İÇERİSİNDE AYRI MUTFAKLI ARAKAT 1+1,none,0,0,0,0,0,none,0,,1305234753
Ara Kat,Başiskele Altınkent Mah. Altın Vadi Evleri'nde Satılık 3+1 Daire,none,0,0,0,0,0,none,0,,1318362891
Ters Dubleks,Başiskele Kullar Tepecik Mah. Site İçerisinde Satılık 3+1,standard,1,0,0,0,1,detail,0,,1318370905
Ara Kat,BAŞİSKELE KULLARDA 2+1 ARA KAT FIRSAT DAİREMİZ,none,0,0,0,0,0,none,0,,1309819020
,Altın Vadi Sitesi Satılık,none,0,0,0,0,0,none,0,,1312409285
,BAŞİSKELE YAYLACIKTA 2+1 SATILIK GİRİŞ KAT DAİRE,none,0,0,0,0,0,none,0,,1323766198
Çatı Dubleksi,BAŞİSKELE DE YARISI PEŞİN YARISI DA DAİRE TESLİMİNDE SATILIK,roof,1,1,0,0,0,detail,0,,1304609704
Ara Kat,Başiskele'de 2+1 Deniz Manzaralı Arakat Amerikan Mutfak,none,0,0,0,0,0,none,0,,1318526663
,SATILIK YAYLACIK CADDE ÜZERİNDE 2+1 ARA KAT DAİRE,none,0,0,0,0,0,none,0,,1312476827
Çatı Dubleksi,BAŞİSKELE'DE BARBAROS MAH'DE SATILIK DENİZ MANZARALI 3+1 DAİRE,roof,1,1,0,0,0,detail,0,,1301391493
Ara Kat,BU GENİŞLİKTE YOK ! 2+1 ARA KAT DAİRE KULLAR YAKACIK,none,0,0,0,0,0,none,0,,1308755900
Dubleks|Ara Kat Dubleks|Ters Dubleks,Armağan Evler Sitesinde-Asansörlü-Otoparklı-Ebeveyn Banyolu-4+1,middle_floor,1,0,0,1,0,detail,0,,1284605717
Çatı Dubleksi,BAŞİSKELE BAHÇECİK'TE FUL DENİZ MANZARALI 4+1 LÜKS SATILIK DAİRE,roof,1,1,0,0,0,detail,0,,1318169288
En Üst Kat,SATILIK 3+1 DAİRE ALTINKENT KALICI KONUTLARI,none,0,0,0,0,0,none,0,,1323579353
,KOCAELİ BAŞİSKELE BARBAROS MAHALLESİ'NDE 2+1 SATILIK BAHÇE DAİRE,none,0,0,0,0,0,none,0,,1312618804
Ara Kat,KOCAELİ BAŞİSKELE BARBOROS MAH.SATILIK 2+1 ASANSÖRLÜ DAİRE,none,0,0,0,0,0,none,0,,1320724585
,Başiskele Kullar da Fırsat 2+1 yüksek giriş,none,0,0,0,0,0,none,0,,1320726005
Çatı Dubleksi,BAŞİSKELE DİVAN DELUXE PLAZA MERKEZİN İÇİNDE 2+1,roof,1,1,0,0,0,detail,0,,1274037916
,DOĞA İÇERİSİNDE,none,0,0,0,0,0,none,0,,1314277307
,Ful Deniz ve Doğa Manzaralı,none,0,0,0,0,0,none,0,,1315754408
,Başiskelede Satılık 3+1 Daire Fiyat 1 Haftalığına Geçerli !,none,0,0,0,0,0,none,0,,1318307334
Ara Kat,BAŞİSKELE BARBAROS MAH SATILIK 2+1 ARA KAT DAİRE,none,0,0,0,0,0,none,0,,1323434535
,elitum park 3+1 ebeveyn banyolu satılık daire,none,0,0,0,0,0,none,0,,1323406483
,BAŞİSKELE BARBAROS MAHALLESİ'NDE SATILIK DAİRE,none,0,0,0,0,0,none,0,,1310534840
Dubleks|Bahçe Dubleksi,BAŞİSKELE BARBAROS'DA ELİTİUM TRİO SİTESİNDE 3+1 SATILIK DAİRE..,garden,1,0,1,0,0,detail,0,,1306146962
,Başiskelenin Gözde Bölgesinde 83 m² Ara Kat Fırsatı,none,0,0,0,0,0,none,0,,1323504934
Çatı Dubleksi,RE/MAX MYRA'DAN BAŞİSKELE BARBAROSTA SATILIK 2+1 DAİRE,roof,1,1,0,0,0,detail,0,,1306685368
Ara Kat,Başiskele Barbaros Mah. Pınar Caddesinde Satılık 2+1 Daireler,none,0,0,0,0,0,none,0,,1304759317
En Üst Kat,ALTINKENT KONUTLARI 3+1 SİTE İÇİ SATILIK DAİRE,none,0,0,0,0,0,none,0,,1323426146
Ara Kat,Başiskelenin Gözde Konumunda Boş ve Hemen Teslim 3+1 Daire,none,0,0,0,0,0,none,0,,1323207805
Ara Kat,BAŞİSKLE TAM MRKEZİ 3+1(10 güne emlakçıya vereceğim),none,0,0,0,0,0,none,0,,1271310638
Ara Kat,2.500 KREDİ BAŞİSKELE BARBAROS MHL SİNDE KULANIŞLI 2+1 ARAKAT,none,0,0,0,0,0,none,0,,1323152902
Bahçe Dubleksi,listing_portal satılık,garden,1,0,1,0,0,detail,0,,1323134676
Ara Kat,BAŞİSKELE MERKEZİ KONUMDA 2+1 ARAKAT SATILIK DAİRE,none,0,0,0,0,0,none,0,,1323180523
En Üst Kat,"SİTEDE GİRİŞE YAKIN, FERAH ÖNÜ AÇIK DENİZ GÖREN BOŞ 3+1",none,0,0,0,0,0,none,0,,1322839452
,Başiskele'de 204m² Arsa Paylı Müstakil Bahçeli Satılık 3+1 Daire,none,0,0,0,0,0,none,0,,1322790074
Ara Kat,MAHMUTPAŞA MAH. SATILIK 2+1 ARAKAT DAİRE,none,0,0,0,0,0,none,0,,1323017284
,RİBANKTAN YAKACIKTA CADDE ÜZERİNDE SATILIK 1+1 65M2 FIRSAT DAİRE,none,0,0,0,0,0,none,0,,1322573903
,BAŞİSKELE KULLARDA SATILIK SIFIR GENİŞ 2+1 LÜKS DAİRE,none,0,0,0,0,0,none,0,,1306133493
,Başiskele Mahmutpaşa Mah. Karamürsel Cad. Satılık Giriş2+1 Daire,none,0,0,0,0,0,none,0,,1322982154
,ASAYRA EMLAKTAN BASİSKELE BARBOROZ DA 3+1 SATILIK DAİRE,none,0,0,0,0,0,none,0,,1305797875
Çatı Dubleksi,BAŞİSKELE MAHMUTPAŞA MAH. DENİZ MANZARALI SATILIK 3+1 DAİRE,roof,1,1,0,0,0,detail,0,,1322500970
,Remax Dream'den Pekdemir Evimiz Kocaeli'de 2+1 Satılık Daire,none,0,0,0,0,0,none,0,,1322490757
Ara Kat,BAŞİSKELE SEYMEN MAH.DENİZ MAZARALI 4+1SATILIK DAİRE,none,0,0,0,0,0,none,0,,1295373713
Ara Kat,BAŞİSKELE BARBAROS MH. DENİZ MANZARALI 3+1 SATILIK DAİRE,none,0,0,0,0,0,none,0,,1317157442
Dubleks|Ters Dubleks,BAŞİSKELENİN EN GÖZDE VE EN DEĞERLİ BÖLGESİNDE SATILIK 3+1 DAİRE,standard,1,0,0,0,1,detail,0,,1311049828
Ara Kat,ASİL GROUPTAN KULLARDA GENİŞ 2+1 ARAKAT,none,0,0,0,0,0,none,0,,1322333294
Ara Kat,BAŞİSKELE KULLAR'DA SATILIK 3+1 ZEMİN KAT SATILIK DAİRE,none,0,0,0,0,0,none,0,,1316997420
,BASİSKELE ZİRVE 77 DE SATILIK DAİRE,none,0,0,0,0,0,none,0,,1322511457
En Üst Kat,Başiskele Evimiz Kocaeli Sitesinde Satılık 3+1 Daire (Boş),none,0,0,0,0,0,none,0,,1316862629
,BAŞİSKELE KÖRFEZ MAH. 3+1 SATILIK YÜKSEK GİRİŞ,none,0,0,0,0,0,none,0,,1286719266
Dubleks,Kocaeli Başiskele seymen mh,standard,1,0,0,0,1,detail,0,,1288491307
,İMZA GM'DEN ALTINKENT 3+1 GİRİŞ KAT GENİŞ DAİRE KREDİYE UYGUN,none,0,0,0,0,0,none,0,,1322044350
,FIRSAT 4+1 SIFIR DAİRE,none,0,0,0,0,0,none,0,,1287204094
,BAŞİSKELE KULLAR'DA ULTRA LÜKS EBEVEYN BANYOLU SİTE İÇİNDE 3+1,none,0,0,0,0,0,none,0,,1316376230
Ara Kat,FIRSAT ARAYANLARA BAŞİSKELEDE ARA KAT 3+1 DAİRE KREDİYE UYGUN,none,0,0,0,0,0,none,0,,1321869915
Ara Kat,RİBANKTAN MERKEZİ KONUMDA SATILIK ARAKAT 3+1 140 M2 SIFIR DAİRE,none,0,0,0,0,0,none,0,,1316548436
,TANYILDIZ-BAŞİSKELE KÖRFEZ MH. 392 M2 İÇİNDE 3 KATLI BİNA,none,0,0,0,0,0,none,0,,1321857196
Ara Kat,Başiskele'de 3+1 iskanlı sıfır ara kat daire,none,0,0,0,0,0,none,0,,1321847925
,BAŞİSKELE DE SATILIK ARAKAT 3+1 DAİRE,none,0,0,0,0,0,none,0,,1321821650
Ara Kat,BAŞİSKELE YEŞİLYURT YA 3+1 SATILIK ARAKAT DAİRE,none,0,0,0,0,0,none,0,,1316464907
,BAŞİSKELE MERKEZDE 3+1 SATILIK GİRİŞ DAİRE,none,0,0,0,0,0,none,0,,1305868313
Ara Kat,DENİZ MANZARALI SAHİLE 100 m mesafe SAHİBİNDEN,none,0,0,0,0,0,none,0,,1321357328
Çatı Dubleksi,Başiskele Kullar'da Hazır Kiracılı Eşyalı Yatırımlık Daire!,roof,1,1,0,0,0,detail,0,,1309821712
Dubleks|Bahçe Dubleksi,"Site İçerisinde Havuzlu, Asansörlü, Bahçe Kullanımlı Lüx Daire",garden,1,0,1,0,0,detail,0,,1304607432
En Üst Kat,BAŞİSKELE SAHİLDE 3+1 SATILIK DAİRE,none,0,0,0,0,0,none,0,,1316212525
En Üst Kat,EVİMİZ KOCAELİ sitesinde,none,0,0,0,0,0,none,0,,1314892694
,BAŞİSKELE YAYLACIKTA HAVUZLU OTOPARKLI SİTEDE 2+1 REZİDANS,none,0,0,0,0,0,none,0,,1316116653
En Üst Kat,BAŞİSKELE SEYMEN SAHİL'DE DENİZ MANZARALI 3+1 ÇATI KATI DAİRE,none,0,0,0,0,0,none,0,,1315827031
Dubleks|Bahçe Dubleksi,BAŞİSKELE ALTINKENT SİTE İÇİNDE HAVUZLU SATILIK SIFIR DAİRELER,garden,1,0,1,0,0,detail,0,,1321310998
,TANYILDIZDAN KULLAR YAKACIK MAHALLESİ FIRSAT 4+1 SATILIK DAİRE,none,0,0,0,0,0,none,0,,1315695775
En Üst Kat,KALICI KONUTLARDA SİTE İÇİNDE ÖNÜ AÇIK 3+1 SATILIK DAİRE,none,0,0,0,0,0,none,0,,1316248790
Çatı Dubleksi,MİLLET CADDESİ 2+1 SAHİBİNDEN,roof,1,1,0,0,0,detail,0,,1255572123
,Ziraat Bankası'ndan Kullar Merkez Mahallesinde Mesken,none,0,0,0,0,0,none,0,,1321774875
Ara Kat,1+1 DENİZ MANZARALI SAHİLE 100 metre SIFIR DAİRE,none,0,0,0,0,0,none,0,,1285797175
,Halk Bankası'ndan Kocaeli Başiskele Satılık Konut,none,0,0,0,0,0,none,0,,1291769173
,BAŞİSKELE BARBAROS MH4+1 DAİRE,none,0,0,0,0,0,none,0,,1269434077
Çatı Dubleksi,başiskele sahilde satilik daire,roof,1,1,0,0,0,detail,0,,1320954889
Ara Kat,BARBAROS MAH PINAR CADDESİNE YAKIN 2+1 ARA KAT DAİRE,none,0,0,0,0,0,none,0,,1322536652
,BAŞİSKELE/KULLAR SATILIK 3+1 140M2 GENİŞ ARAKAT TERASLI DAİRE,none,0,0,0,0,0,none,0,,1320776792
Dubleks|En Üst Kat|Çatı Dubleksi,ListingPortal Başiskele Merkezde,roof,1,1,0,0,0,detail,0,,1263605700
Ara Kat,"LÜKS GENİŞ 2+1 ARAKAT ,3+1 FERAHLIĞINDA,KULLANIŞLI",none,0,0,0,0,0,none,0,,1321108613
,POYRAZDAN ARAKAT 2+1,none,0,0,0,0,0,none,0,,1284814876
,REMAX DREAMDEN SEYMENSAHİLE YÜRÜME MESAFESİNDE SATILIK 3+1 DAİRE,none,0,0,0,0,0,none,0,,1309529401
En Üst Kat,BAŞİSKELE EVİMİZ KOCAELİ SİTESİ'NDE SATILIK 2+1 DAİRE,none,0,0,0,0,0,none,0,,1320639899
Ara Kat,BAŞİSKELE MARMARA ELİT SİTESİ DOĞA MANZARALI HARİKA DAİRE,none,0,0,0,0,0,none,0,,1294259025
Ara Kat,"ARAKAT 2+1 DAİRE , FERAH ,KULLANIŞLI",none,0,0,0,0,0,none,0,,1321105030
,ASİL GROUPTAN KULLARDA 2+1 YÜKSEK GİRİŞ,none,0,0,0,0,0,none,0,,1310789944
,"2+1 GİRİŞ KATI DAİRE, FERAH, KULLANIŞLI",none,0,0,0,0,0,none,0,,1321084275
,SAHİBİNDEN SATILIK,none,0,0,0,0,0,none,0,,1320314496
Ara Kat,ALTINKENT KALICI KONUTLARDA 3+1 ARA KAT SATILIK TEMİZ DAİRE,none,0,0,0,0,0,none,0,,1320691749
Bahçe Dubleksi,CB ATLAS'TAN BAŞİSKELE BARBAROS'TA 3+1 SATILIK DAİRE,garden,1,0,1,0,0,detail,0,,1315514403
,ÖRS İNŞAAT TAN SERDARDA ARAKAT SATILIK 2+1 LÜKS DAİRE 85 M2,none,0,0,0,0,0,none,0,,1288130543
Ara Kat,ÖRS İNŞAAT'TAN CADDE ÜZERİNDE SATILIK 2+1 ARAKAT 90M2,none,0,0,0,0,0,none,0,,1288134897
Ara Kat,Acil SATILIK! ListingPortal Başiskelenin göbeğinde 2+1 cam balkonlu,none,0,0,0,0,0,none,0,,1318240003
,ÖRS İNŞAAT'TAN SATILIK 2+1 ARAKAT DENİZ MANZARALI CADDE ÜZERİNDE,none,0,0,0,0,0,none,0,,1312585156
,BAŞİSKELE YAYLACIKTA HAVUZLU OTOPARKLI SİTEDE 2+1 REZİDANS,none,0,0,0,0,0,none,0,,1315983359
,BAŞİSKELE YAYLACIK TA HAVUZLU OTOPARKLI SİTEDE 2+1 REZİDANS,none,0,0,0,0,0,none,0,,1315989599
,BAŞİSKELE YAYLACIK TA HAVUZLU OTOPARKLI SİTEDE 2+1 REZİDANS,none,0,0,0,0,0,none,0,,1315964267
Ara Kat,Başiskele Sıfır 3+1 Ara Kat ASANSÖRLÜ | D-130 Karayoluna 150 m,none,0,0,0,0,0,none,0,,1322753199
,Evimiz Kocaeli Sitesinde Strada AVM Yanında Prestijli Yaşam,none,0,0,0,0,0,none,0,,1279089788
,Elitkent sitesinde iskanlı geniş ful eşyalı 3+1 ara kat daire,none,0,0,0,0,0,none,0,,1321780418
Çatı Dubleksi,BAŞİSKELE DAMLAR DENİZ MANZARALI MÜSTAKİL GİRİŞ SATILIK4+1 DAİRE,roof,1,1,0,0,0,detail,0,,1324199147
Ara Kat,Yeniköy Kirazlıkent Konutlarında Satılık Ferah 2+1 Daire!,none,0,0,0,0,0,none,0,,1322973242
,ACİL KOCAELİ BAŞİSKELE DÖNGELDE ASANSÖRLÜ TERASLI 3+1 DAİRE,none,0,0,0,0,0,none,0,,1308703690
Bahçe Dubleksi,BAŞİSKELE DÖNGEL MAHALLESİ DENİZ MANZARALI SATILIK DAİRE,garden,1,0,1,0,0,detail,0,,1305987130
,ÇAKIR GAYRİMENKUL DEN BAŞİSKELE DÖNGEL MH.DE SATILIK DAİRE,none,0,0,0,0,0,none,0,,1322671222
Ara Kat,BAŞİSKELE DÖNGEL'DE 3+1 ARA KAT SATILIK DAİRE,none,0,0,0,0,0,none,0,,1325633845
Ara Kat,BAŞİSKELE SEMBOLKENT SİTESİ 3+1 HİÇ KULLANILMAMIŞ ARAKAT DAİRE,none,0,0,0,0,0,none,0,,1325832684
Ara Kat,TANTA EMLAKTAN BAŞİSKELE MERKEZDE SATILIK 3+1 ARA KAT DAİRE,none,0,0,0,0,0,none,0,,1297567444
Ara Kat,YBM Emlak'tan BAŞİSKELE KİRAZLIKENT SİTESİNDE SATILIK DAİRE,none,0,0,0,0,0,none,0,,1322582146
Ara Kat,"Başiskele Döngel'de Asansörlü, Havuzlu, 2+1 Satılık Daire",none,0,0,0,0,0,none,0,,1313971689
Ara Kat,Başiskele Sembolkent Sitesinde 2+1 Satılık Daire,none,0,0,0,0,0,none,0,,1325350914
En Üst Kat,"ListingPortal, Loft (yüksek tavanlı) eşyalı lüks daire",none,0,0,0,0,0,none,0,,1325278781
,BAŞİSKELE SEMBOLKENT SİTESİ 3+1 HİÇ KULLANILMAMIŞ SATILIK DAİRE,none,0,0,0,0,0,none,0,,1325648141
,4+1 XXL ARAYANLAR İÇİN İDEAL,none,0,0,0,0,0,none,0,,1294303408
En Üst Kat|Ara Kat,BAŞİSKELE SEMBOLKENT SİTESİ 2+1 HİÇ KULLANILMAMIŞ SATILIK DAİRE,none,0,0,0,0,0,none,0,,1325643986
,BAŞİSKELE DREAM GARDENS SİTESİNDE SATILIK DAİRE,none,0,0,0,0,0,none,0,,1324933199
,GK PRİME..BAŞİSKELE SAHİLDE MUHTEŞEM 3+1 100M2 SATILIK DAİRE,none,0,0,0,0,0,none,0,,1313515494
,Sıfır 3+1 Yerden ısıtmalı Asansörlü Önü Açık Kapanmaz Manzaralı,none,0,0,0,0,0,none,0,,1318686634
Ara Kat,BAŞİSKELE'DE DENİZ MANZARALI SATILIK ARAKAT,none,0,0,0,0,0,none,0,,1324557469
Ara Kat,TANTA EMLAK'TAN SİTE İÇERİSİNDE SATILIK 3+1 ARAKAT DAİRE,none,0,0,0,0,0,none,0,,1324766146
Dubleks|En Üst Kat|Ara Kat|Çatı Dubleksi,BAŞİSKELE'NİN EN DEĞERLİ KONUMUNDAN 4+1 SATILIK DAİRE,roof,1,1,0,0,0,detail,0,,1304577407
,Başiskele'de satılık lüks 2 + 1 ara kat daire site içerisinde,none,0,0,0,0,0,none,0,,1324469378
Ara Kat,REMAX MYRADAN KİRAZLIKENT KONUTLARI YATIRIMLIK 2+1 DAİRE,none,0,0,0,0,0,none,0,,1324600531
,GÖKKUR'DAN ENFES DENİZ MAZARALI 3+1 SATILIK DAİRE,none,0,0,0,0,0,none,0,,1310245708
,FEDERAL'DEN ACİL! KİRAZLIKENT 2+1 77m2 SATILIK DAİRE,none,0,0,0,0,0,none,0,,1318788468
,Harika konumda 2 + 1 yüksek giriş daire,none,0,0,0,0,0,none,0,,1324352583
,OLUKLU LİFE HAVUZLU SİTE İÇİ BOŞ OTURUMA HAZIR 3+1 SATILIK DAİRE,none,0,0,0,0,0,none,0,,1307082471
Ara Kat,CB MAHALL'DEN TERASLI DÖNGEL'DE 2+1 SATILIK ARA KAT DAİRE,none,0,0,0,0,0,none,0,,1318853225
Ara Kat,EMLAK PROPERTY'DEN KİRAZLI KENT KONUTLARINDA SATILIK 2+1 DAİRE,none,0,0,0,0,0,none,0,,1290502877
Çatı Dubleksi,"TAMAMI KREDİYE UYGUN DÖNGELDE, SİTEDE 3+1 DENİZ MAN 170M2 ÇATI D",roof,1,1,0,0,0,detail,0,,1307077526
Ara Kat,BAŞİSKELE DÖNGEL ÖNÜ TAMAMEN AÇIK DENİZ MANZARALI 3+1 ARAKAT,none,0,0,0,0,0,none,0,,1324275825
,Kirazlikent bakımlı yapılı daire,none,0,0,0,0,0,none,0,,1324054816
Ara Kat,BAŞİSKELE KARŞIYAKA KOLAYLI SİTESİ SATILIK,none,0,0,0,0,0,none,0,,1241144629
,DAMLAR OKSİJEN KONAKLAR 4+1 SATILIK EVİM SİSTEMİNE KREDİYE UYGUN,none,0,0,0,0,0,none,0,,1320789231
Bahçe Dubleksi,GÖKKUR'DAN 3+1 SIFIR DAİRE BAŞİSKELE Ş. DÖNGEL MAHALLESİ,garden,1,0,1,0,0,detail,0,,1309814559
Bahçe Dubleksi,GÖKKUR'DAN HOBİ BAHÇELİ (50 m2 ) 3+1 SATILIK DAİRE,garden,1,0,1,0,0,detail,0,,1309837450
Ara Kat,BAŞISKELE DÖNGEL MAH. 3+1 ARA KAT DAİRE ASANSÖRLÜ,none,0,0,0,0,0,none,0,,1278882859
Ara Kat,SAHİBİNDEN SİTE İÇİ ARA KAT 2+1,none,0,0,0,0,0,none,0,,1300512565
,Başiskele Kirazlıkent'te Bahçe katı 2+1 77 m2,none,0,0,0,0,0,none,0,,1317203265
,KOCAELİ BAŞİSKELE OLUKLU LİFE SİTESİ SATILIK 4+1 ARAKAT DAİRE,none,0,0,0,0,0,none,0,,1297978860
,KİRAZLIKENT SİTESİNDE SATILIK 2+1 DAİRE,none,0,0,0,0,0,none,0,,1322120851
En Üst Kat,BAŞİSKELE KARŞIYAKA KOLAYLI SİTESİNDE SATILIK 3+1 DAİRE,none,0,0,0,0,0,none,0,,1258621373
En Üst Kat,3+1 ÜST KAT DENİZ MANZARALI ASANSÖRLÜ SİTE İÇİ DAİRE,none,0,0,0,0,0,none,0,,1321393778
,SATILIK DAİRE,none,0,0,0,0,0,none,0,,1316152859
,ASİL GROUPTAN SEMBOLKENT SİTESİNDE YÜKSEK GİRİŞ 2+1,none,0,0,0,0,0,none,0,,1233595382
,Başiskelede 3+1 Lüks 125+85m2 Müstakil Bahçe Manzaralı Daire,none,0,0,0,0,0,none,0,,1292589838
Ara Kat,BAŞİSKELE KİRAZLIKENT SİTESİNDE SATILIK 2+1 ARAKAT DAİRE,none,0,0,0,0,0,none,0,,1309525376
,FULL DENİZ MANZARALI SIFIR LÜKS 2+1 110 M2 YERDEN ISITMABALKONLU,none,0,0,0,0,0,none,0,,1313216407
Ters Dubleks,Satılık 3+1 Daire,standard,1,0,0,0,1,detail,0,,1303420945
,"YENİKÖY'DE DENİZ MANZARALI, KONUT İMARLI ARSA PAYI İLE 3+1 DAİRE",none,0,0,0,0,0,none,0,,1325788946
,ListingPortal Deniz manzaralı Doğa ile iç içe 3+1,none,0,0,0,0,0,none,0,,1325203559
Çatı Dubleksi,Üst Grup'tan Başiskele Üstpark Afraze'de deniz manzaralı 2+1,roof,1,1,0,0,0,detail,0,,1258303848
Çatı Dubleksi,TANYILDIZ-BAŞİSKELE\YENİKÖY 150M2 GENİŞ KULLANIMLI SATILIK 4+1,roof,1,1,0,0,0,detail,0,,1317913802
Bahçe Dubleksi,REMAX EFFECT'TEN BAŞİSKELE ÜSTPARK AFRAZE SATILIK 3+1 DAİRE,garden,1,0,1,0,0,detail,0,,1322671971
Ara Kat,RE/MAX DREAM'den Yeniköy Kalıcı Konutlar Satılık 3+1 Ara Kat,none,0,0,0,0,0,none,0,,1317217431
,"Bahçeli, Mini Villa Havasında LÜKS 1+1 DAİRE",none,0,0,0,0,0,none,0,,1320985250
Bahçe Dubleksi,ÜST PARK SİTESİNDE ÖZEL BAHÇE KULLANIM ALANLI 3+1 SATILIK DAİRE,garden,1,0,1,0,0,detail,0,,1315632824
Ara Kat,BAŞİSKELE PAŞADAĞ'DA DOĞA MANZARALI SATILIK 3+1 ARAKAT DAİRE,none,0,0,0,0,0,none,0,,1322239422
Dubleks|Ara Kat,BAŞİSKELE PAŞADAĞ'DA SOSYAL DONATILI 2+1 SATILIK ARAKAT DAİRE,standard,1,0,0,0,1,detail,0,,1321999292
,BAHÇE KEYFİ BAŞLASIN,none,0,0,0,0,0,none,0,,1245321842
Ara Kat,"KAÇIRILMAYACAK FIRSAT! KİRACILI, GENİŞ 2+1 ARA KAT DAİRE",none,0,0,0,0,0,none,0,,1326386731
,YUVACIK PAŞADAĞINDA ARAKAT 2+1 SATILIK DAİRE,none,0,0,0,0,0,none,0,,1320254164
,BAŞİSKELE FATİH MAH.DE SATILIK 3+1 ARA KAT DAİRE,none,0,0,0,0,0,none,0,,1326377144
Bahçe Dubleksi,Attichouse'tan Satılık Bahçeli 4+1 Daire Manar 4 Sitesi Doğa Man,garden,1,0,1,0,0,detail,0,,1193538339
,BAŞİSKELE FATİH DE SATILIK MUHTEŞEM ARAKAT DAİRE,none,0,0,0,0,0,none,0,,1315045699
Bahçe Dubleksi,Zeray Korupark Bahçe Katında Satılık 4+1 Daire,garden,1,0,1,0,0,detail,0,,1286092985
Çatı Dubleksi,BAŞİSKELE PAŞADAĞ MH. YUVANA SİT. HAVUZ MANZARALI 4+1 SATILIK,roof,1,1,0,0,0,detail,0,,1326225998
Ara Kat,BAŞİSKELE FATİH MAHALLESİ FERAH 3+1 SATILIK ARAKAT DAİRE,none,0,0,0,0,0,none,0,,1314174188
,Başiskele Fatih Mahallesinde Site Satılık sıfır 3+1 Ara Kat,none,0,0,0,0,0,none,0,,1320259972
,ZERAY KENT SATILIK İÇİ YAPILDI 4+1,none,0,0,0,0,0,none,0,,1314269065
Ara Kat,BAŞİSKELE MAHALLESİ'NDE SATILIK ARA KAT 2+1 DAİRE,none,0,0,0,0,0,none,0,,1323161576
Ara Kat,BAŞİSKELE MY HOUSE HAVUZLU SİTE İÇİNDE SATILIK 2+1 ARA KAT DAİRE,none,0,0,0,0,0,none,0,,1295916259
Çatı Dubleksi,SY GAYRİMENKULDAN FATIH MAHALLESI'NDE BÜYÜK TERASLI 3 + 1 DAIRE,roof,1,1,0,0,0,detail,0,,1326043182
En Üst Kat,SY GAYRİMENKULDAN ORKA LIFE 2 MANZARALI İÇİ LÜKS 1 + 1 DAİRE,none,0,0,0,0,0,none,0,,1326035055
Dubleks|Çatı Dubleksi,BAŞİSKELE PAŞADAĞ MAHALLESİ'NDE FERAH VE KULLANIŞLI 4+1 DAİRE,roof,1,1,0,0,0,detail,0,,1319925096
,ROYAL COUNTRY SİTESİNDE SATILIK ARA KAT DAİRE,none,0,0,0,0,0,none,0,,1229378785
Ara Kat,Manar Cityde Kaçırılmayacak Fırsat,none,0,0,0,0,0,none,0,,1267544442
,BAŞİSKELE FATİH MAH.TINAZTEPE 2+1 ARKA ARA KAT KUPON DAİRE,none,0,0,0,0,0,none,0,,1319698340
Ara Kat,LOFT GROUP GM'DEN BAŞİSKELE FATİH'TE FIRSAT 3+1 ARA KAT,none,0,0,0,0,0,none,0,,1325980635
Ara Kat,FATİH MAH EŞSİZ DOĞA MANZARALI EBEVEYN B. 3+1 ARAKAT 172M2 DAİRE,none,0,0,0,0,0,none,0,,1314599610
Ara Kat,Yuvacık Armoni 2'de Deniz Manzaralı 2+1 Arakat Daire,none,0,0,0,0,0,none,0,,1314706740
,3+1 arakat daire,none,0,0,0,0,0,none,0,,1314504687
Dubleks,KOCAELİ BAŞİSKELE FATİH MAHALLESİ SATILIK DAİRE,standard,1,0,0,0,1,detail,0,,1325938204
,YUVACIKTA DOĞA MANZARALI 2+1 BAHÇELİ GİRİŞ KAT DAİRE,none,0,0,0,0,0,none,0,,1275931801
Dubleks,PAŞADAGINDA 3+1 VADİ MANZARALI SATILIK DAİRE,standard,1,0,0,0,1,detail,0,,1322475396
Ara Kat,BAŞİSKELE AKKURT ROYAL SİTESİNDE ARAÇ TAKASINA AÇIK 3+1 DAİRE,none,0,0,0,0,0,none,0,,1248859960
Çatı Dubleksi,BAŞİSKELE FATİH MAHALLESİN'DE SATILIK 4+1 182M2 TERASLI DAİRE,roof,1,1,0,0,0,detail,0,,1325798734
Ara Kat,EKSİOĞLU LİFECİTY'DE SATILIK DENİZ MANZARALI 3+1 ARAKAT DAİRE,none,0,0,0,0,0,none,0,,1292034727
,C&G GÜLŞEN EMLAK GAYRİMENKULDEN SATILIK 2+1 DAİRE,none,0,0,0,0,0,none,0,,1322873632
Ara Kat,BAŞİSKELE YUVACIK BAHÇEKENT KONUTLARI SATILIK 2+1 DAİRE,none,0,0,0,0,0,none,0,,1319745470
,KW ARVEN'den AKKURT ROYAL'de 3+1 GENİŞ BAHÇELİ KÖŞE DAİRE,none,0,0,0,0,0,none,0,,1202207928
,VakıfBank'tan Satılık 3+1 Daire,none,0,0,0,0,0,none,0,,1287137323
Ara Kat Dubleks,BAŞİSKELE'DE LÜKS SİTE İÇERİSİNDE SATILIK 3+1 DAİRE...,middle_floor,1,0,0,1,0,detail,0,,1233550656
,ASAF EMLAKtan Başiskelede Manzaralı 4+1 Satılık Daire,none,0,0,0,0,0,none,0,,1284596249
,"3+1 YÜKSEK KREDİLİ, İSKANLI ARAKAT BAŞİSKELE Paşadağ'da 137m²",none,0,0,0,0,0,none,0,,1314996803
En Üst Kat,Acil satılık,none,0,0,0,0,0,none,0,,1305191817
,TURYAP PALASTAN BAŞİSKELE ZERAY PERLA MÜSTAKİL BAHÇELİ 3+1 DAİRE,none,0,0,0,0,0,none,0,,1255583064
Ara Kat,SALMİYE SİTESİNDE 2+1 BOŞ DAİRE,none,0,0,0,0,0,none,0,,1319640235
Ara Kat,TED Koleji Yanı Zeray Güneşi Sitesi'nde Satılık Eşyalı 3+1,none,0,0,0,0,0,none,0,,1319604740
Ara Kat,REMAX MYRA'DAN ZERAY GÜNEŞİNDE SATILIK 3+1 ARAKAT DAİRE,none,0,0,0,0,0,none,0,,1308295898
Ara Kat,YUVACIK YAKAMOZ ASANSÖRLÜ ARA KAT KAPALI MUTFAK SATILIK 2+1,none,0,0,0,0,0,none,0,,1280845591
Bahçe Dubleksi,Royal Country Sitesinde Fırsat Daire,garden,1,0,1,0,0,detail,0,,1259369085
,HEM OTURUMLUK HEM YATIRIMLIK...,none,0,0,0,0,0,none,0,,1318524716
En Üst Kat|Çatı Dubleksi,ASİL GROUPTAN BAŞİSKELE FATİH MAH DE 3+1 FERAH DAİRE,roof,1,1,0,0,0,detail,0,,1289723075
En Üst Kat,YUVACIK MERKEZ'DE KAÇIRILMAYACAK FIRSAT DAİRE,none,0,0,0,0,0,none,0,,1281862211
,REMAX' PAŞADAĞ YAKAMOZ KONUTLARI 18.000₺ KİRACILI 2+1 DAİRE,none,0,0,0,0,0,none,0,,1319424900
Çatı Dubleksi,BAŞİSKELE ORKA BOUTIQUE TE FULL DOĞA MANZARALI SATILIK 3+1 DAİRE,roof,1,1,0,0,0,detail,0,,1319146766
Ara Kat,KW ARVEN'DEN FATİH MAH. SATILIK 3+1 DAİRE,none,0,0,0,0,0,none,0,,1325653814
Ara Kat,PAŞADAĞ MH 2+1 ARAKAT DAİREMİZ SATILIKTIR,none,0,0,0,0,0,none,0,,1313894943
,YATIRIMLIK KİRACI GARANTİLİ KUPON DAİRE,none,0,0,0,0,0,none,0,,1265556362
,SATIŞ OFİSİNDEN BAŞİSKELEDE 3+1 ARA KAT DAİRE,none,0,0,0,0,0,none,0,,1313799627
Çatı Dubleksi,Kocaeli Başiskele Fatih Mah Doğa ve Deniz Manzaralı 4+1 Daire,roof,1,1,0,0,0,detail,0,,1325543501
Ara Kat,BAŞİSKELE YUVACIK FATİH MAHALLESİ GENİŞ 2+1 ARAKAT DAİREMİZ,none,0,0,0,0,0,none,0,,1316953611
Ara Kat,REMAX MYRA'DAN ASANSÖRLÜ SATILIK 2+1 ARAKAT SIFIR DAİRE,none,0,0,0,0,0,none,0,,1308723468
Ara Kat,DERİN'DEN SİTE İÇİ YENİLENMİŞ 2+1 ACİL SATILIK DAİRE,none,0,0,0,0,0,none,0,,1325706019
Ara Kat,BAŞİSKELE FATİH MAH ÜSTPARK SİTESİ SATILIK 2+1 ARAKAT DAİRE,none,0,0,0,0,0,none,0,,1314265636
,VİZYON'DAN MUHTEŞEM KONUM TERAS-ASANSÖR,none,0,0,0,0,0,none,0,,1325469492
Ara Kat,ZERAY PERLA SİTESİNDE SATILIK ARAKAT 3+1,none,0,0,0,0,0,none,0,,1298829312
Ara Kat,Doku Gayrimenkul'den Tınaztepe Cad. Satılık 2+1 Arakat daire,none,0,0,0,0,0,none,0,,1319990729
Ara Kat,BAŞİSKELE YUVANA EVLERİNDE SATILIK 2+1 ARAKAT DAİRE SON 3 GÜN!,none,0,0,0,0,0,none,0,,1324037217
,Başiskele Yuvacık ta Manar 3 Sitesinde Düz Geniş Bahçeli Daire,none,0,0,0,0,0,none,0,,1317300321
,"Başiskele'de Bahçeli 3+1 Daire, Yüksek Giriş, 141m²",none,0,0,0,0,0,none,0,,1317129226
,DERİN'DEN FIRSAT!BAŞİSKELE AURAPARK SİTESİ'NDE SATILIK 2+1 DAİRE,none,0,0,0,0,0,none,0,,1316925913
Ara Kat,FIRSAT!! 2+1 ARA KAT DAİRE,none,0,0,0,0,0,none,0,,1313928639
,BAŞİSKELE FATİH MAH. TINAZTEPE 2+1 ÖN ARAKAT SATILIK DAİRE,none,0,0,0,0,0,none,0,,1319689531
,BAŞİSKELE FATİH MAH. SİTE İÇERİSİNDE SATILIK DAİRE,none,0,0,0,0,0,none,0,,1325339539
,ListingPortal Satılık arakat 3+1,none,0,0,0,0,0,none,0,,1325310403
,BAŞİSKELE FATİH MAHALLESİNDE SATILIK 2+1 GİRİŞ KAT DAİRE,none,0,0,0,0,0,none,0,,1325299030
Ara Kat,DENİZ MANZARALI ROYAL COUNTRY DE SATILIK 3+1 ARAKAT DAİRE,none,0,0,0,0,0,none,0,,1285269499
Ara Kat,YUVANA SİTESİNDE SATILIK 3+1 ARAKAT GENİŞ DAİRE,none,0,0,0,0,0,none,0,,1274177943
Ara Kat,BAŞİSKELE FATİH .MH LOKASYONU HARİKA FIRSAT 2+1 ARAKAT DAiRE,none,0,0,0,0,0,none,0,,1299525537
Çatı Dubleksi,LOFT GROUP GM'DEN BAŞİSKELE FATİH'TE ACİL SATILIK 4+1 ÇATI KATI,roof,1,1,0,0,0,detail,0,,1309915628
,Erenoğlu Gayrimenkulden Acil Satılık Fırsat Daire,none,0,0,0,0,0,none,0,,1325315089
,KELEPİR 2+1 YÜKSEK GİRİŞ EBEVEYN BANYOLU,none,0,0,0,0,0,none,0,,1325275246
,listing_portal satılık,none,0,0,0,0,0,none,0,,1325045089
Ara Kat,BAŞİSKELE YUVACIK ZERAY GÜNEŞİ 1+1 ARA KAT SATILIK DAİRE,none,0,0,0,0,0,none,0,,1322591225
,Başiskele havuzlu Satılık sitede 2+1,none,0,0,0,0,0,none,0,,1316510416
Ara Kat,ADAHAN GAYRİMENKUL'DEN BAŞİSKELE PAŞADAĞ MAH.SATILIK 2+1 ARA KAT,none,0,0,0,0,0,none,0,,1280146582
Ara Kat,PAŞADAĞ MAHALLESİNDE YATIRIMLIK SATILIK YÜKSEK GİRİŞ 2+1 DAİRE,none,0,0,0,0,0,none,0,,1296317272
Ara Kat,BAŞİSKELE FATİH MAH. E. BANYO 3+1 ARAKAT YERDEN ISITMALI,none,0,0,0,0,0,none,0,,1246570573
,Vadi Yuvacık Sitesi SINIRSIZ KREDİ İMKANI,none,0,0,0,0,0,none,0,,1317113920
En Üst Kat,YUVACIK YAKAMOZ EVLERİNDE SATILIK ASANSÖRLÜ 2+1 TEMİZ DAİRE,none,0,0,0,0,0,none,0,,1302420583
Ara Kat,BAŞİSKELE PAŞADAĞDA 2+1 KULLANIŞLI ARAKAT SIFIR DAİRE,none,0,0,0,0,0,none,0,,1307956109
,Aydınkent 20.Ada 1.kat 3+1,none,0,0,0,0,0,none,0,,1321832021
,FULL DENİZ MANZARALI 220 M2 3 BANYOLU 3+1 DAİRE (SİTEDE),none,0,0,0,0,0,none,0,,1322220367
,SATILIK YÜKSEK GİRİŞ 2+1 DAİRE,none,0,0,0,0,0,none,0,,1307987084
Ara Kat,ADAHAN GAYRİMENKUL'DEN BAŞİSKELE PAŞADAĞ MAH.SATILIK 2+1 ARA KAT,none,0,0,0,0,0,none,0,,1289538184
Ara Kat,CB Mahall'den Geniş 2+1 Ara Kat Daire,none,0,0,0,0,0,none,0,,1325293357
,FIRSAT DAİRE! BAŞİSKELE FATİH MH 2+1 ARA KAT,none,0,0,0,0,0,none,0,,1325277730
Bahçe Dubleksi,Attichouse'tan Satılık Villa Konseptli 4+1 Daire Manar 4 Sitesi,garden,1,0,1,0,0,detail,0,,1316297981
Ara Kat,BAŞİSKELE FATİH MAHALLESİN'DE 3+1 SATILIK ARA KAT DAİRE,none,0,0,0,0,0,none,0,,1305229294
Ara Kat,BAŞİSKELE' DE DENİZ MANZARALI ARAKAT 3+1 ( LİMİTSİZ KREDİ ),none,0,0,0,0,0,none,0,,1313033092
,KOCAELİ DİŞ HASTANESİNE KOMŞU FIRSAT 2+1 ARAKAT,none,0,0,0,0,0,none,0,,1321866817
Ara Kat,BAŞİSKELE FATİH MAHALLESİNDE 2+1 ARA KAT DAİRE,none,0,0,0,0,0,none,0,,1321865382
Ara Kat,BAŞİSKELE FATİH MAHALLESİ PROJEDEN 125 M2 SATILIK 3+1 ARAKAT,none,0,0,0,0,0,none,0,,1310823795
,SATIŞ OFİSİNDEN ASANSÖRLÜ 2+1 ARA KAT DAİRE,none,0,0,0,0,0,none,0,,1317326811
Çatı Dubleksi,RİBANKTAN SİTE İÇİ SATILIK 3+1 FIRSAT DAİRE,roof,1,1,0,0,0,detail,0,,1307688741
Ara Kat,DERİN'DEN FIRSAT! ZERAY PERLA2' DE SATILIK 2+1 ARA KAT DAİRE,none,0,0,0,0,0,none,0,,1316720831
Ara Kat,"Manar Terrace'ta Ebeveyn Banyolu, Kış Bahçeli 3+1 Daire",none,0,0,0,0,0,none,0,,1307633330
Ara Kat,Yuvacık Paşadağı MH. Site İçinde Satılık 3+1 Ara Kat,none,0,0,0,0,0,none,0,,1303484502
,PAŞADAĞ MAHHALESİ 4+1 FIRSAT DAİRE,none,0,0,0,0,0,none,0,,1322181739
,REMAX DREAMDEN AKKURT ROYAL CİTY DE GENİŞ 2+1 SATILIK DAİRE,none,0,0,0,0,0,none,0,,1255108973
Ara Kat,"CB Mahall""den Tınaztepede 2+1 Geniş Ara Kat",none,0,0,0,0,0,none,0,,1325315288
Ara Kat,BAŞISKELE YUVACIK 3+1 ASANSÖRLÜ DÜZ DAİRE,none,0,0,0,0,0,none,0,,1324773589
Ara Kat,Zeray Korupark'ta Satılık Eşyalı 2+1 Doğa Manzaralı Daire,none,0,0,0,0,0,none,0,,1324572415
Dubleks,AKKURT ROYAL CİTY YUVACIK 3+1 GENİŞ TERASLI FERAH DAİRE,standard,1,0,0,0,1,detail,0,,1311445862
Çatı Dubleksi,BAŞİSKELE ÜSTPARK YUVACIK SİTESİNDE KUSURSUZ 4+1 SATILIK DAİRE,roof,1,1,0,0,0,detail,0,,1283421763
,KOCAELİ/ BAŞİSKELE GEYLAN İNŞAAT PROJESİN'DEN SATILIK 2+1 DAİRE,none,0,0,0,0,0,none,0,,1310041365
Ara Kat,BAŞİSKELE PANORAMA 4 SİTESİNDE SATILIK SIFIR 4+1 ARA KAT,none,0,0,0,0,0,none,0,,1273312692
,1.69 KREDİ AVNATAJI BAŞLADI YUVACIKTA HEM YATIRIMLIK HEM OTURMLK,none,0,0,0,0,0,none,0,,1324511182
Dubleks|En Üst Kat|Çatı Dubleksi,GÜLŞEN EMLAKTAN PAŞADAĞ EVLERİNDE KACIRILMAYACAK FIRSAT,roof,1,1,0,0,0,detail,0,,1290628664
Ara Kat,"Başiskele Zeray Güneş'te 2+1 Lüks Daire, Muhteşem Manzaralı!",none,0,0,0,0,0,none,0,,1122171211
Ara Kat,ERENOĞLU GM'DEN SATILIK 2+1 ASANSÖRLÜ ARAKAT DAİRE,none,0,0,0,0,0,none,0,,1310965979
En Üst Kat,İMZA GY'DEN BAHÇEKENT KONUTLARINDA TEMİZ YAPILI 2+1 DAİRE,none,0,0,0,0,0,none,0,,1307066762
Ara Kat,REMAX EFFECT PAŞADAĞ MH. ASANSÖRLÜ GENİŞ 1+1 SATILIK DAİRE,none,0,0,0,0,0,none,0,,1307323672
,BAHÇEKENT SİTESİNDE GİRİŞ KAT SATILIK DAİRE,none,0,0,0,0,0,none,0,,1316270347
Ara Kat,ERENOĞLU GM'DEN PAŞADAĞ MAH ARA KAT 3+1 SATILIK DAİRE,none,0,0,0,0,0,none,0,,1322158435
Ara Kat,"Manar 3'te Eşyalı, Ara Kat 3+1 Satılık Daire",none,0,0,0,0,0,none,0,,1227858641
Ara Kat,"ACİL SATILIK , YATIRIMLIK DAİRE ! 1 Yaşında Bina, 1+1",none,0,0,0,0,0,none,0,,1324252252
Ara Kat,BAŞİSKELE YUVACIK'IN GÖZDE BÖLGESİNDE 1.69 KREDİ DESTEKLİ 3+1,none,0,0,0,0,0,none,0,,1324507330
Ara Kat,BAŞİSKELE FATİH MAHALLESİNDE SİTE İÇİ 3+1 119M2 SATILIK ARAKAT..,none,0,0,0,0,0,none,0,,1262484159
Ara Kat,ACİL Başiskele'Fatih Mah Site İçinde Manzaralı Lüks 3+1 Arakat,none,0,0,0,0,0,none,0,,1257298330
,"BAŞİSKELE AYDINKENT'TE ÖNÜ AÇIK, YATIRIMLIK MASRAFSIZ 3+1 DAİRE",none,0,0,0,0,0,none,0,,1324257390
Ara Kat,BAŞİSKELE FATİH MAH'DE SİTE İÇERİSİNDE FERAH 3+1 SATILIK DAİRE,none,0,0,0,0,0,none,0,,1316904142
,ilk gelen nasibini alır son bir hafta,none,0,0,0,0,0,none,0,,1324211723
Dubleks,HALİÇCİTY EMLAKTAN BAŞİSKELE FATİH MAH 3+1 // DENİZ MANZARALI //,standard,1,0,0,0,1,detail,0,,1321732893
Ara Kat,LİFESİDE SİTESİNDE MUHTEŞEM KONUMDA SATILIK 3+1 DAİRE,none,0,0,0,0,0,none,0,,1309590081
Ara Kat,REMAX MYRADAN BAŞİSKELEDE ASANSÖRLÜ 2 BANYOLU ARAKAT 3+1 DAİRE,none,0,0,0,0,0,none,0,,1324769117
Ara Kat,TINAZTEPE CAD. PANORAMİK DENİZ MANZARALI 3+1 ARAKAT DAİRE,none,0,0,0,0,0,none,0,,1226260812
,BAŞİSKELE FATİH MH. MANZARALI 2+1 ARA KAT SATILIK DAİRE,none,0,0,0,0,0,none,0,,1324048905
Ara Kat,SATIŞ OFİSİNDEN BAŞİSKELE FATİH MAH. ASANSÖRLÜ 3+1 ARA KAT DAİRE,none,0,0,0,0,0,none,0,,1271283064
En Üst Kat,TED Koleji Yanı Zeray Güneşin de köşe konumlu Satılık Eşyalı3+1,none,0,0,0,0,0,none,0,,1318620928
,Zeray Perla lüks geniş sıfır bahçeli 3+1 daire acil satılık,none,0,0,0,0,0,none,0,,1315776595
Ara Kat,Lotus Evleri 2/Site İçi Satılık 2+1 105 M² Arakat,none,0,0,0,0,0,none,0,,1322227566
,Orkalife2 Fırsat Satılık 4+1 daire,none,0,0,0,0,0,none,0,,1324434034
Ara Kat,Başiskele Vadi Prestij'de Manzaralı 4+1 Lüks Arakat Daire,none,0,0,0,0,0,none,0,,1293568460
Çatı Dubleksi,BAŞİSKELE ORKA BOUTIQUE TE SATILIK 3+1 ARAKATDÜZ DAİRE,roof,1,1,0,0,0,detail,0,,1204339281
Ara Kat,ListingPortal Yuvacık Doğa Evleri Bakımlı 3+1,none,0,0,0,0,0,none,0,,1312605184
Ara Kat,SATILIK 3+1 GENİŞ ARAKAT | ÖNÜ KAPANMAZ FULL DOĞA MANZARALI,none,0,0,0,0,0,none,0,,1296009672
Çatı Dubleksi,KOCAELİ BAŞİSKELE YUVACIK YUVANA EVLERİ'NDE 5+1 DAİRE,roof,1,1,0,0,0,detail,0,,1309684246
Bahçe Dubleksi,Kocaeli Başiskele Yuvacık Hayalinizdeki Bahçeli Aile Yaşamı,garden,1,0,1,0,0,detail,0,,1318418470
,ORKA LIFE 2 SİTESİ DÜZ 4+1 BAHÇE KATI ŞAHSİ ALANLI,none,0,0,0,0,0,none,0,,1320837800
Ara Kat,Başiskele Paşadağ Mah.de Arakat Asansörlü 2+1 Satılık Daire,none,0,0,0,0,0,none,0,,1318429077
Dubleks,"//Fırsat!// 3+1 daire, en lüks sitede satılık",standard,1,0,0,0,1,detail,0,,1318599810
,BAŞİSKELE - FATİH MAH - 3+1 - ARA KAT - MANAR YUVACIK SİTESİ,none,0,0,0,0,0,none,0,,1283594862
Bahçe Dubleksi,Kocaeli Başiskele Yuvacık EN GÖZDE LOKASYONUNDA LÜKS YAŞAM,garden,1,0,1,0,0,detail,0,,1318464114
Ara Kat Dubleks,TAMAMI KREDİLİ AKASYA MODERN SİTE SATILIK 4+1 (SİTENİN EN İYİSİ),middle_floor,1,0,0,1,0,detail,0,,1306996113
Ara Kat,Nicomedia'dan Paşadağ Yakamoz Sitesinde Boş 2+1 80m²Arakat Daire,none,0,0,0,0,0,none,0,,1323676115
Ara Kat,YUVACIK FATİH MAH ESILA PARK SİTESİNDE GENİŞ ARA KAT DAİRE,none,0,0,0,0,0,none,0,,1320608332
,Erenoğlu Gayrimenkul'den Akkurt Royal City de Arakat Daire,none,0,0,0,0,0,none,0,,1290460718
,Zeray Kentte 95 M2 2+1 Satılık Ara Kat Daire,none,0,0,0,0,0,none,0,,1293573938
Ara Kat,SOR TÜRKİYE'DEN PAŞADAĞ'DA GENİŞ AYRI MUTFAKLI 2+1 ARAKAT DAİRE,none,0,0,0,0,0,none,0,,1295142094
Ara Kat,Başiskele Fatih Mah. 2+1 Ara Kat Satılık Daire,none,0,0,0,0,0,none,0,,1323354871
,REYYAN KONAKLARINDA FULL DENİZ MANZARALI PRESTİJLİ 2+1 DAİRE,none,0,0,0,0,0,none,0,,1318016270
,ACİLSATILIK| Elegant Gardenda HavuzveDoğa Manzaralı 3+1AraKat,none,0,0,0,0,0,none,0,,1324098535
,Zeray Güneşinde Satılık 2+1 Deniz ve Şehir Man. Ara Kat Daire,none,0,0,0,0,0,none,0,,1318208382
Bahçe Dubleksi,ZerayGüneşi'nin EnPrestijli Bloğunda،Geniş Geniş Özel Bahçeli3+1,garden,1,0,1,0,0,detail,0,,1324473167
Çatı Dubleksi,24 AY TAKSİT SEÇENEKLERİMİZ İÇİN BİZİMLE İLETİŞİME GEÇİN,roof,1,1,0,0,0,detail,0,,1252581845
Ara Kat,"BAŞİSKELE PAŞADAĞDA MODERN TASARIMLI, FERAH 3+1 ARA KAT DAİRE!",none,0,0,0,0,0,none,0,,1295420816
Ara Kat|Çatı Dubleksi,BAŞİSKELE'DE 140 M² EMSALSİZ GENİŞLİKTE EBEVEYN BANYOLU DAİRE,roof,1,1,0,0,0,detail,0,,1315563218
En Üst Kat,DERİN'DEN YATIRIM FIRSATI! SİTE İÇERİSİNDE GENİŞ 3+1 DÜZ DAİRE,none,0,0,0,0,0,none,0,,1320757778
Ara Kat,REMAX MYRADAN ZERAY GÜNEŞİNDE SATILIK 2+1 ARAKAT 2 BANYO DAİRE,none,0,0,0,0,0,none,0,,1324426252
Ara Kat,BAŞİSKELEDE HAVUZLU SİTEDE EBVYN BANYOLU SATILIK DAİRE,none,0,0,0,0,0,none,0,,1318020124
,Havuzlu korunaklı daire arayanlar...,none,0,0,0,0,0,none,0,,1323416095
Dubleks|En Üst Kat|Çatı Dubleksi,INVEST GLOBALDEN ZERAY KENT SİTESİNDE SATILIK 3+1 SİTE İÇİ DAİRE,roof,1,1,0,0,0,detail,0,,1317804916
En Üst Kat,AYDINKENT KONUTLARI 3+1 100M² DENİZ MANZARALI DAİRE SATILIKTIR,none,0,0,0,0,0,none,0,,1312206600
Ters Dubleks,BAŞİSKELE YUVACIK SECRET GARDEN SİTESİ 3+1 SATILIK DAİRE,standard,1,0,0,0,1,detail,0,,1292711672
Ara Kat,SATILIK ARA KAT DAİRE 3+1 / 137 M²,none,0,0,0,0,0,none,0,,1300870949
Ara Kat,"Başiskele Yuvacık Satılık 2+1, Asansörlü, Sıfır Daire",none,0,0,0,0,0,none,0,,1309680631
,Halk Bankası'ndan Kocaeli Başiskele Satılık Konut,none,0,0,0,0,0,none,0,,1316413867
Ara Kat,BAŞİSKELE FATİH MAHALLESİNDE HAVUZLU SİTEDE 1+1 SATILIK DAİRE,none,0,0,0,0,0,none,0,,1312332609
Ara Kat,Başiskele Paşadağda Prestijli Yaşam Sunan Lüks 2+1 Daire,none,0,0,0,0,0,none,0,,1320636347
,BAŞISKELE YUVACIK SİTEİÇİ DENİZ MANZARALI 2+1,none,0,0,0,0,0,none,0,,1312447093
Ara Kat,Akademik Elit Park Sitesi'nde 3+1 Ferah Daire,none,0,0,0,0,0,none,0,,1299874731
Bahçe Dubleksi,Neşe Emlaktan Başiskele ritim vadi evlerinde muhteşem daire,garden,1,0,1,0,0,detail,0,,1278689409
Ara Kat,FIRSAT 2+1 ARAKAT DAİRE OTURUMA HAZIR GENİŞ METRE KARE,none,0,0,0,0,0,none,0,,1323129892
Dubleks|Bahçe Dubleksi,ZERAY KORUPARK VİLLA TADINDA MÜSTAKİL BAHÇELİ SATILIK 4+1,garden,1,0,1,0,0,detail,0,,1317663075
Ara Kat,PAŞADAĞ MAH ORKA BOUTIQUE SİTESİNDE FULL MANZARALI 2+1 DAİRE,none,0,0,0,0,0,none,0,,1266294877
Ara Kat,REMAX MYRADAN BAŞİSKELE ÜSTPARK YUVACIK SİTESİ ARAKAT 2+1 DAİRE,none,0,0,0,0,0,none,0,,1316020608
,"Sıfır Geniş Ferah 2+1 Arakat , Asansörlü , Ön Cephe",none,0,0,0,0,0,none,0,,1317297880
Ara Kat,EMLAKÇIM41'DE BAŞİSKELE/ FATİH MH.DE MANZARALI GENİŞ 3+1 ARA KAT,none,0,0,0,0,0,none,0,,1322777146
Ara Kat,BAŞİSKELE YUVACIK FATİH MAH.SATILIK 2+1 ARA KAT DAİRE,none,0,0,0,0,0,none,0,,1323999469
Ara Kat,BAŞİSKELE ROYAL COUNTRY SİTESİNDE SATILIK ARA KAT DAİRE,none,0,0,0,0,0,none,0,,1310286046
Ara Kat,BAŞİŞKELE PAŞADAĞ'DA FIRSAT SATILIK 2+1 ARAKAT DAİRE,none,0,0,0,0,0,none,0,,1322884021
Ara Kat,2+1 Site içinde Ara kat daire,none,0,0,0,0,0,none,0,,1322649921
,Ziraat Bankası'ndan Fatih Mahallesinde Çatı Piyesli Mesken,none,0,0,0,0,0,none,0,,1300567076
Ara Kat,Erenoğlu Gayrimenkulden Doğanın İçinde 3+1 Arakat Daire,none,0,0,0,0,0,none,0,,1312464826
,Halk Bankası'ndan Kocaeli Başiskele Satılık Konut,none,0,0,0,0,0,none,0,,1306002993
Ara Kat,Başiskele Paşadağ mahallesi yakamoz Sitesi satılık daire,none,0,0,0,0,0,none,0,,1322511520
Ara Kat,BAŞİSKELE ZERAYKENT SİTESİ SATILIK 1+1 ARA KAT DAİRE,none,0,0,0,0,0,none,0,,1322743664
,TAMAMI KREDİYE/EVİM FİNANSMANA UYGUN SATILIK KÖŞE BAHÇELİ 3+1,none,0,0,0,0,0,none,0,,1309521588
Ara Kat,SAHİBİNDEN HAVUZLU SİTEDE ARAKAT 2+ 1 DENİZ&DOĞA MANZARALI,none,0,0,0,0,0,none,0,,1322399279
,ERENOĞLU GM'DEN PAŞADAĞ MAH YÜKSEK GİRİŞ 3+1 SATILIK DAİRE,none,0,0,0,0,0,none,0,,1314914292
Ara Kat,Zeray Güneşi'nde Manzaralı Lüks 3+1 Daire - Yatırım Fırsatı,none,0,0,0,0,0,none,0,,1188417203
Çatı Dubleksi,Erenoğlu Gayrimenkulden Yuvacık ta Deniz Manzaralı Lüks Daire,roof,1,1,0,0,0,detail,0,,1312779446
,INVEST GLOBAL'DEN BAŞİSKELE YUVACIKTA SATILIK 2+1 DAİRE,none,0,0,0,0,0,none,0,,1322477546
Ara Kat,Başiskele Fatih Mah. Satılık 3+1 Arakat Manzaralı Daire,none,0,0,0,0,0,none,0,,1323349528
Dubleks,%10 İNDİRİM!!AKKURT ROYAL CİTY YUVACIK 270 M2 SATILIK 4+1 DAİRE,standard,1,0,0,0,1,detail,0,,1303245440
Çatı Dubleksi,REMAX MYRADAN ZERAY GÜNEŞİNDE 2+1 UYGUN FİYATLI YATIRIMLIK DAİRE,roof,1,1,0,0,0,detail,0,,1306786677
,ASAYRA EMLAKTAN BAŞISKELE FATİH MAH. 2+1 SATILIK DAİRE,none,0,0,0,0,0,none,0,,1316901672
Ara Kat,YATIRIMCILARA ÖZEL GENİŞ 2+1 ARA KAT,none,0,0,0,0,0,none,0,,1296498573
,Tarcanlardan Bahçekent Konaklarında Satılık 2+1 Daire,none,0,0,0,0,0,none,0,,1316896492
Ara Kat,Kocaeli Başiskele Zeray Perla Sitesi Satılık 1+1 Daire,none,0,0,0,0,0,none,0,,1325137125
,ZERAY PERLA 1 de önü açık sıfır arakat daire,none,0,0,0,0,0,none,0,,1322547125
Ara Kat,BAŞİSKELE YUVACIK'TA SATILIK 3+1 ARAKAT DAİRE,none,0,0,0,0,0,none,0,,1316956232
Bahçe Dubleksi,BAŞİSKELE FATİH MAHALLESİ'NDE SATILIK 3+1 LÜKS DAİRE,garden,1,0,1,0,0,detail,0,,1316532636
Ara Kat,BAŞİSKELE ZERAYKENT'TE SATILIK 2+1 ARAKAT GENİŞ BALKONLU DAİRE,none,0,0,0,0,0,none,0,,1322381863
Ara Kat,"Tınaztepe Cad. Satılık 3+1 Daire (0 Yaş, 110m² Net)",none,0,0,0,0,0,none,0,,1323024452
,BAŞİSKELE YUVACIK PAŞADAĞ'DA FIRSAT ARA KAT DAİRE,none,0,0,0,0,0,none,0,,1321939813
Ara Kat,BAŞİSKELE FATİH MAHALLESİ MASRAFSIZ ARAKAT 2+1 SATILIK DAİRE,none,0,0,0,0,0,none,0,,1316680051
Dubleks,BAŞİSKELE DE 4+1 GENİŞ EBEVEYİN BANYOLU 2500 MİLYNA KADAR KREDİ,standard,1,0,0,0,1,detail,0,,1311059351
Ara Kat,INVEST GLOBALDEN YUVACIKTA SİTE İÇİNDE HAVUZLU SATILIK 3+1 DAİRE,none,0,0,0,0,0,none,0,,1317056153
,BAŞİSKELE YUVACIK'TA SATILIK 2+1 DAİRE,none,0,0,0,0,0,none,0,,1316967376
Çatı Dubleksi,BAŞİSKELE PARLA 100.YIL HAVUZLU GÜVENLİKLİ SİTEDE SATILIK DAİRE,roof,1,1,0,0,0,detail,0,,1317002987
Dubleks|Bahçe Dubleksi,KW ARVEN'den TED KOLEJİNE KOMŞU HAVUZLU SİTE 3+1 4 MİLYON KREDİ,garden,1,0,1,0,0,detail,0,,1311135115
Ara Kat,ZERAY GÜNEŞİ SİTESİNDE ÖNÜ AÇIK 2+1 ARAKAT DAİRE,none,0,0,0,0,0,none,0,,1313669789
Ara Kat,BAŞİSKELE DE SATILIK ARAKAT 2+1 DAİRE,none,0,0,0,0,0,none,0,,1305241526
,BAŞİSKELE TINAZTEPEDE SATILIK 2+1DAİRE,none,0,0,0,0,0,none,0,,1322061605
Ara Kat,RİBANKTAN SATILIK 2+1 ARAKAT E.BANYOLU SIFIR DAİRE,none,0,0,0,0,0,none,0,,1316543252
,BAŞİSKELE ARAKAT 2+1 DAİREDE KAMPANYA,none,0,0,0,0,0,none,0,,1309031171
Ara Kat,CB MAHAL'DEN BAŞİSKELE FATİH MAHALLESİ 3+1 SATILIK DAİRE,none,0,0,0,0,0,none,0,,1324828399
Ara Kat|Çatı Dubleksi,CB MAHALL'DEN BAŞİSKELE FATİH MAH'DE 3+1 DOĞA MANZARALI,roof,1,1,0,0,0,detail,0,,1307534485
,BAŞİSKELE YUVACIKDA MERKEZİ KONUM SATILIK 3-1 SIFIR DAİRE,none,0,0,0,0,0,none,0,,1310464947
,YUVACIK PAŞADAŞ 2+1 DİŞ HASTANESİ YANİ YATIRIMLIK,none,0,0,0,0,0,none,0,,1304533284
Ara Kat,BAŞİSKELE PAŞADAĞ MAHALLESİGÜVENLİKLİ SİTE İÇİNDE SATILIK 2+1,none,0,0,0,0,0,none,0,,1321825892
,VİZYON'DAN SİTE İÇİ BAŞİSKELE 1+1 ARAKAT ASANSÖR OTOPARK,none,0,0,0,0,0,none,0,,1302091183
Ara Kat,BAŞİSKELE GÜNEŞ SİTESİNDE 3+1ARA KAT,none,0,0,0,0,0,none,0,,1259744391
,PARLA 100. YIL SİTESİ 1+1 GÜVENLİKLİ VE HAVUZLU SINIRSIZ KREDİ,none,0,0,0,0,0,none,0,,1317676853
,Deniz ve Orman Manzaralı 3+1 Büyük Teraslı Daire,none,0,0,0,0,0,none,0,,1314104765
,EKOMAXTAN BAŞISKELE F MAH 3+1 ARAKAT,none,0,0,0,0,0,none,0,,1313842985
,KREDİYE UYGUN MANAR SİTESİNDE 3+1 GENİŞ KULANIŞLI DÜZ DAİRE,none,0,0,0,0,0,none,0,,1308509684
En Üst Kat|Çatı Dubleksi,BAŞİSKELE YUVACIK MANAR CİTY DENİZ MANZARALI 3+1 SATILIK DAİRE,roof,1,1,0,0,0,detail,0,,1318026352
Bahçe Dubleksi,"Zeray Korupark'ta Yüksek Mahremiyetli,Özel Bahçeli Lüks 3+1Daire",garden,1,0,1,0,0,detail,0,,1325527002
,PARLA 100. YIL SiTESİ 2+1 DAİRE SINIRSIZ KREDİ İMKANI,none,0,0,0,0,0,none,0,,1313952196
Dubleks|En Üst Kat|Çatı Dubleksi,PAŞADAĞ MH'de KONSEPT TALHA PARK PROJEMİZDE YAŞAM BAŞLIYOR,roof,1,1,0,0,0,detail,0,,1268284948
Çatı Dubleksi,Erenoğlu Gayrimenkul den Yuvacık ta Fırsat Teraslı 4+1 Daire,roof,1,1,0,0,0,detail,0,,1313920495
Ara Kat,YUVACIK DOĞA EVLERİ SATILIK 3+1 ARAKAT DAİRE Full Eşyalı,none,0,0,0,0,0,none,0,,1254301917
Ara Kat,"BAŞİSKELE KULLAR'DA, FERAH VE AYDINLIK 2+1 ARA KAT DAİRE!",none,0,0,0,0,0,none,0,,1323511715
Ara Kat,DENİZ MANZARALI TINAZ TEPEDE 3+1 SATILIK 137 M² ARA KAT DAİRE,none,0,0,0,0,0,none,0,,1309667740
,TED KOLLEJİNE YAKIN ROYAL COUNTRY'DE SATILIK 2+1 GENİŞ DAİRE,none,0,0,0,0,0,none,0,,1281222274
Ara Kat,Başiskele Tınaztepede site içerisinde 3+1 asansörlü arakat Dair,none,0,0,0,0,0,none,0,,1310339326
,BAŞİSKELE PAŞADAĞDA SATILIK 2+1 GENİŞ VE KULLANIŞLI DAİRE,none,0,0,0,0,0,none,0,,1310281600
Dubleks,SÜPER SİTE İÇİ FULL MANZARALI GENİŞ 4+1 DAİRE,standard,1,0,0,0,1,detail,0,,1321346705
Çatı Dubleksi,BAŞİSKELE AURA PARK SİTESİ SATILIK 3+1 TERASLI DAİRE,roof,1,1,0,0,0,detail,0,,1321567251
,TINAZTEPE CAD.EMİNEVİM FUZULEV 2.5 milyon kredi 2+1 ARAKAT,none,0,0,0,0,0,none,0,,1322000619
Ara Kat,Yuvacık'ta Ara kat Asansörlü Geniş 3+1 Satılık Daire,none,0,0,0,0,0,none,0,,1321322190
Ara Kat,BAŞİSKELE FATİH MAH. ESİLA PARK SİTESİ SATILIK ARAKAT 2+1 DAİRE,none,0,0,0,0,0,none,0,,1308223438
Ara Kat,YUVACIK GENİŞ 3+1 ARAKAT LÜX YAPILI ASANSÖRLÜ KÖŞE PARSEL DAİRE,none,0,0,0,0,0,none,0,,1321303811
Ara Kat,BAŞİSKELE FATİHTE SATILIK 3+1 ARAKAT DAİRE,none,0,0,0,0,0,none,0,,1278274791
,BAŞİSKELE PARLA 100. YIL SİTESİ EN GENİŞ 1+1 SATILIK DAİRE,none,0,0,0,0,0,none,0,,1321504113
,SON FIRSAT 2+1 krediye uygun,none,0,0,0,0,0,none,0,,1321237078
En Üst Kat,Paşadağ Bahçekent konutlarında 2+1 satılık daire,none,0,0,0,0,0,none,0,,1321231150
Çatı Dubleksi,KOCAELİ BAŞİSKELE - MEGATRON PARLA'DA 1+1 SATILIK DAİRE,roof,1,1,0,0,0,detail,0,,1310655729
,Paşadağ Mah.de 180 m² Giriş Kat Satılık Daire İşletmeye Uygun,none,0,0,0,0,0,none,0,,1304790645
Ara Kat,BAHÇEKENT KONTULARINDA SATILIK ARA KAT DAİRE,none,0,0,0,0,0,none,0,,1315742326
Ara Kat,BAŞİSKELE YUVACIK'TA SATILIK DENİZ VE DOĞA MANZARALI 2+1 DAİRE.,none,0,0,0,0,0,none,0,,1315606803
,Remax Effect'ten Fatih Mah. Bahçe Kullanımlı 2+1 Sıfır Lüx Daire,none,0,0,0,0,0,none,0,,1241549293
Ara Kat,SAHİBİNDEN SATILIK SİTE İÇERİSİNDE ARAKAT DAİRE,none,0,0,0,0,0,none,0,,1312033086
Ara Kat,ORHAN KARAYEL DEN BAŞİSKELE PAŞADAĞ MAH.SATILIK 2+1 ARA KAT,none,0,0,0,0,0,none,0,,1316572537
,BAŞİSKELE TINAZTEPEDE SATILIK 3+1 DAİRE,none,0,0,0,0,0,none,0,,1232342685
Dubleks|Bahçe Dubleksi,RİTİM VADİ SİTESİ SATILIK SERAMİK ZEMİN BAHÇELİ 3+1 DAİRE,garden,1,0,1,0,0,detail,0,,1270568462
Ara Kat,REMAX DREAMDEN AKKURT ROYAL CİTY DE GENİŞ 2+1 SATILIK DAİRE,none,0,0,0,0,0,none,0,,1269185119
Ara Kat,BAŞİSKELE YUVACIK ZERAY GÜNEŞİNDE 3+1 ARA KAT,none,0,0,0,0,0,none,0,,1312625229
Dubleks|Bahçe Dubleksi,KW ARVEN'den BAŞİSKELE'de TEK 6+1 SATILIK EŞYALI SİTE İÇİ DAİRE,garden,1,0,1,0,0,detail,0,,1321210570
Ara Kat,YUVACIK EKŞİOĞLU METSAN EVLERİ SATILIK 2+1 DAİRE,none,0,0,0,0,0,none,0,,1321427665
Ara Kat,SAHİBİNDEN 160 M2 BİR EVDE ARADIĞIN HERŞEY !!!,none,0,0,0,0,0,none,0,,1315515134
,GÜNDEM GAYRİMENKUL'DEN BAHÇEKENT'TE 2+1 SATILIK DAİRE,none,0,0,0,0,0,none,0,,1321154667
,1.69 ŞOK KREDİ ORANI BU AYA ÖZEL UYGUN 3+1 ARAKAT,none,0,0,0,0,0,none,0,,1321156489
Ara Kat,BAŞİSKELE ORKA LİFE 2 SİTESİN DE ARA KAT 2+1 SATILIK DAİRE,none,0,0,0,0,0,none,0,,1320446179
Ara Kat,BAŞİSKELE PAŞADAĞ YAKAMOZ KONUTLARI'NDA SATILIK 2+1 DAİRE,none,0,0,0,0,0,none,0,,1320738213
Ara Kat,GK PRİME..KOCAELİ BAŞİSKELE'DE SİTE İÇİ 3+1 155M2 ARAKAT DAİRE..,none,0,0,0,0,0,none,0,,1298085957
Ara Kat,ROYAL COUNTRY SİTESİNDE SATILIK 2+1 DAİRE,none,0,0,0,0,0,none,0,,1310575046
Ara Kat,"Yuvacık Manar Sitesi'nde Satılık 3+1, 120m² Ara Kat Daire",none,0,0,0,0,0,none,0,,1320683802
En Üst Kat,BAŞİSKELE ROYAL COUNTRY SİTESİNDE SATILIK 151 M2 DÜZ DAİRE,none,0,0,0,0,0,none,0,,1087041361
Çatı Dubleksi,"ERENOĞLU Gayrimenkul,den Eşsiz Doğa Manzaralı Lüks 4+1 Daire",roof,1,1,0,0,0,detail,0,,1308541160
,YUVACIK FATİH MAHALLESİ SATILIK 3 + 1 ARAKAT,none,0,0,0,0,0,none,0,,1320576167
Ara Kat,BAŞİSKELE YUVACIK PANORAMA 4 SİTESİNDE DAĞ MANZARALI 2+1,none,0,0,0,0,0,none,0,,1282500325
En Üst Kat,BAŞISKELE FATIH MAH. GENIŞ DOĞA MANZARALI SATILIK 1+1 DAİRE,none,0,0,0,0,0,none,0,,1321112587
,Başiskele Yuvacıkta Site İçinde 186 m² 3+1 Satılık Bahçe Daire,none,0,0,0,0,0,none,0,,1292826926
,BAŞİSKELE YUVACIK AYDINKENT KONUTLARDA SATILIK FIRSAT 3+1!,none,0,0,0,0,0,none,0,,1282932350
Ara Kat,BAŞİSKELEDE SATILIK 3+1 ARA KAT DAİRE SİTE İÇİ HAVUZLU,none,0,0,0,0,0,none,0,,1320455146
,Zeraykentte satılık geniş tip 4+1 havuz mazaralı,none,0,0,0,0,0,none,0,,1315794797
,%10 İNDİRİM AKKURT ROYAL CİTY YUVACIK 3+1 BAHÇELİ DÜZ DAİRE,none,0,0,0,0,0,none,0,,1303301788
,Başiskele yuvacık ted kolejine yakın teraslı 3+1 satılık daire,none,0,0,0,0,0,none,0,,1318714635
,1.69 KONUT KREDİLİ DÜŞÜK FAİZ YÜKSEK KONFORLU SİTE İÇİ,none,0,0,0,0,0,none,0,,1321147921
Ara Kat,Akademik Elit Park/Site içi Satılık Asansörlü 3+1 140 m² Arakat,none,0,0,0,0,0,none,0,,1321107018
Ara Kat,Başiskele Yuvacık Ted Kolejine Yakın 2+1 Ara Kat Satılık Daire,none,0,0,0,0,0,none,0,,1315774217
Ara Kat,Yuvacık'ta Merkezi Konumda Satılık 2+1 95 M² Arakat Daire,none,0,0,0,0,0,none,0,,1324154595
Ara Kat,Remax Effect'ten Fatih Mah. Ara Kat 2+1 Sıfır Lüx Daire,none,0,0,0,0,0,none,0,,1241595162
Çatı Dubleksi,RİTİM VADİ SİTESİ SATILIK 3+1 DAİRE,roof,1,1,0,0,0,detail,0,,1268588104
Dubleks,AKKURT ROYAL CİTY YUVACIK 3+1 GENİŞ TERASLI DAİRE %10 İNDİRİM,standard,1,0,0,0,1,detail,0,,1303247407
En Üst Kat|Ara Kat,Manar 4 Sitesinde Satılık 4+1 Daire,none,0,0,0,0,0,none,0,,1281798338
,Yuvacık Paşadağda Manar Terraceta 3+1 155 m² Lüks Daire,none,0,0,0,0,0,none,0,,1292757058
Ara Kat,AKKURT ROYAL CİTY YUVACIK 3+1 ARA KAT DAİRE %10 İNDİRİM,none,0,0,0,0,0,none,0,,1303451399
En Üst Kat,Bahçekent Sitesi 2+1 Son Kat,none,0,0,0,0,0,none,0,,1170066341
,AKBULUT EMLAKTAN | BAHÇE KATI | BAŞİSKELE | 3+1 SATILIK,none,0,0,0,0,0,none,0,,1325524366
,YEŞİLYURTTA BU FİYATA SON ŞANS! GENİŞ 3+1 YÜKSEK GİRİŞ,none,0,0,0,0,0,none,0,,1263961625
Bahçe Dubleksi|Ters Dubleks,BAŞİSKELE 4+1 SİTE İÇİ HAVUZLU 4 MİLYON KREDİ İMKANI BAHÇELİ,garden,1,0,1,0,0,detail,0,,1269661762
,KOCAELİ BAŞİSKELE YUVACIK MAHALLESİ SATILIK DAİRE,none,0,0,0,0,0,none,0,,1320306978
,AKBULUT EMLAKTAN | BAHÇE KATI | BAŞİSKELE | 3+1 SATILIK,none,0,0,0,0,0,none,0,,1315625539
,YÜKSEK KREDİ'Lİ YEŞİLYURT MH'DE 2+1 110 M2 YÜKSEK GİRİŞ DAİRE..!,none,0,0,0,0,0,none,0,,1311462234
Ara Kat,BAŞİSKELE YEŞİLYURT MAH.DURUPARK EVLERİ SATILIK 3+1 ARAKAT DAIRE,none,0,0,0,0,0,none,0,,1326415507
,RİBANKTAN SATILIK 2+1 ZEMİN KAT SIFIR DAİRE KREDİYE UYGUN,none,0,0,0,0,0,none,0,,1279650997
Çatı Dubleksi,Başiskele Yeşilyurt Mahallesi Satılık 3+1 Daire,roof,1,1,0,0,0,detail,0,,1326326428
,Teras Marmara Projesinde Dağ Manzaralı Temiz Daire,none,0,0,0,0,0,none,0,,1260193285
Ara Kat,BAŞİSKELE'DE 2 BLOKLU BUTİK SİTE İÇERİSİNDE 2+1 ARA KAT DAİRE,none,0,0,0,0,0,none,0,,1314585499
Ara Kat,BAŞİSKELE YEŞİLYURT'TA 2+1 ARAKAT DAİRE,none,0,0,0,0,0,none,0,,1317604898
Ara Kat,Başiskele Yeşilyurtta Satılık 3+1 Ara Kat,none,0,0,0,0,0,none,0,,1314978487
,OKKA AVM ARKASI ÇOK GENİŞ BAHÇELİ 2+1 GİRİŞ,none,0,0,0,0,0,none,0,,1323196853
Dubleks,BAŞİSKELE YEŞİLYURT'UN GÖZDE LOKASYONUNDA SATILIK 3+1 DAİRE,standard,1,0,0,0,1,detail,0,,1319563495
Çatı Dubleksi,YEŞİLYURT MAHALLESİ PAZARYERİ KARŞISINDA SATILIK DAİRE 3+1,roof,1,1,0,0,0,detail,0,,1203072515
,"BAŞİSKELE YEŞİLYURT MAH. SATILIK 3+1 DAİRE (100m², Giriş Kat)",none,0,0,0,0,0,none,0,,1317937864
,SATILIK ARA KAT DAİRE 121 M²,none,0,0,0,0,0,none,0,,1250288491
En Üst Kat,KW.ARVEN GY. DEN BAŞİSKELE SERDAR DA SATILIK 3+1 DAİRE,none,0,0,0,0,0,none,0,,1314850413
,KW ARVEN'DEN SIĞINAKLI PANJURLU BAHÇELİ GENİŞ DÜZ 2+1 DAİRE,none,0,0,0,0,0,none,0,,1284535939
Dubleks,REMAX 'DEN SERDAR MAH. BAHÇE KULLANIMLI SATILIK 3+1 DAİRE,standard,1,0,0,0,1,detail,0,,1326066898
,BAŞİSKELE YEŞİLYURT MAH 2+1 SATILIK SIFIR ARAKAT DAİRE,none,0,0,0,0,0,none,0,,1325969771
Çatı Dubleksi,BAŞİSKELE YEŞİLYURTTA PANORAMİK DENİZ MANZARALI 3+1 ÖZEL DAİRE!,roof,1,1,0,0,0,detail,0,,1314796487
,EMİN EVİME UYGUN SİTE İÇİ 3+1 ARAKAT SATILIK DAİRE.!!!,none,0,0,0,0,0,none,0,,1326169807
Çatı Dubleksi,YEŞİLYURT'TA MERKEZİ KONUM EMSALSİZ FİYAT EBEVEYN BANYOLU DAİRE,roof,1,1,0,0,0,detail,0,,1314892862
Ara Kat,ÇELİK-AY GAYRİMENKUL'DEN SERDAR MAHALLESİNDE SATILIK 2+1 ARAKAT,none,0,0,0,0,0,none,0,,1325932074
Ara Kat,BAŞİSKELE YEŞİLYURT MAH. SATILIK GENİŞ 1+1 ARA KAT,none,0,0,0,0,0,none,0,,1291903467
Ara Kat,Başiskele Royal Lıfe Sitesi Satılık 2+1 Arakat Daire,none,0,0,0,0,0,none,0,,1322940149
Çatı Dubleksi,TANTA EMLAK'tan Başiskele Merkez'de 1+1 Daireler,roof,1,1,0,0,0,detail,0,,1257432241
,REMAX DREAM BAŞİSKELE MAMİKLER REFORM 2 SİTESİ 2+1 DAİRE,none,0,0,0,0,0,none,0,,1326036605
,GENİŞ KULLANIŞLI 2+1 BAHÇELİ,none,0,0,0,0,0,none,0,,1322755506
Bahçe Dubleksi,EMİNEVİME UYGUN BAŞİSKELE SERDAR MH ODALARI GENİŞ SIFIR 2+1,garden,1,0,1,0,0,detail,0,,1308708600
Çatı Dubleksi,BAŞİSKELE'DE MERKEZİ LOKASYONDA SATILIK 3+1 DAİRE,roof,1,1,0,0,0,detail,0,,1313918856
Dubleks,YUVACIK'TA PRESTİJLİ SİTE YAŞAMI SİZİ BEKLİYOR,standard,1,0,0,0,1,detail,0,,1326159005
Çatı Dubleksi,ÇELİK-AY GAYRİMENKUL'DEN SERDAR MAHALLESİNDE SATILIK 2+1 DAİRE,roof,1,1,0,0,0,detail,0,,1325927797
Bahçe Dubleksi,BAŞISKELE YEŞİLYURT MAHALLESİ GENİŞ BAHÇE KATI 1+1 DAİRE,garden,1,0,1,0,0,detail,0,,1317122018
,TERAS MARMARADA GENİŞ ARAKAT,none,0,0,0,0,0,none,0,,1255801708
Bahçe Dubleksi,KREDİYE UYGUN | 3+1 175 M2 | 100M2 BAHÇE KULLNMLI | MERKEZİ KONM,garden,1,0,1,0,0,detail,0,,1318210434
Ara Kat,BAŞİSKELE SERDAR MAHALLESİNDE SATILIK 2+1 ARA KAT DAİRE,none,0,0,0,0,0,none,0,,1303092457
En Üst Kat,ALİZEPARKCITY'DE DENİZ MANZARALI DAİRE,none,0,0,0,0,0,none,0,,1325875332
Ara Kat,ListingPortal Satılık2+1 Satılık Ferah Daire Tınaztepe 103m2,none,0,0,0,0,0,none,0,,1310550856
Ara Kat,ListingPortal Ara kat Serdar mah. Satılık 2+1,none,0,0,0,0,0,none,0,,1325604472
,SERDAR MAH KALICI KONUTLARINDA 3+1 İÇİ FUL YAPILI SINIRSIZ KREDİ,none,0,0,0,0,0,none,0,,1314344916
,SERDAR MAH 2+1 DÜZ GİRİŞ UYGUN FİYAT DAİRE SATILIK,none,0,0,0,0,0,none,0,,1325411476
,"ALİZEPARKCITY'DE BAHÇELİ ÜÇ CEPHELİ,DENİZ MANZARALI KÖŞE DAİRE",none,0,0,0,0,0,none,0,,1305676992
Ara Kat,BAŞİSKELE'DE BUTİK SİTE İÇİ SIFIR 3+1 ARAKAT DAİRE,none,0,0,0,0,0,none,0,,1324208658
Bahçe Dubleksi,"BAŞİSKELE YEŞİLYURT'TA,4+1 BAHÇE KATI, SÜPER LÜKS SIFIR DAİRE",garden,1,0,1,0,0,detail,0,,1273094442
,3+1 ebeveyn banyolu kullanışlı,none,0,0,0,0,0,none,0,,1325227050
Çatı Dubleksi,BAŞİSKELE YEŞİLYURT MAH'DE DENİZ MANZARALI FIRSAT 3+1 DAİRE,roof,1,1,0,0,0,detail,0,,1310467799
,KOCAELİ BAŞİSKELEDE PANORAMA 3 SİTESİNDE SATILIK 2+1 BAHÇE KATI,none,0,0,0,0,0,none,0,,1314541857
Ara Kat,BAŞİSKELE YUVACIK'TA DENİZ MANZARALI SATILIK ARA KAT GENİŞ DAİRE,none,0,0,0,0,0,none,0,,1321124300
,CB MAHALL'DEN BAŞİSKELE YEŞİLYURT'TA 3+1 GİRİŞ KAT SATILIK DAİRE,none,0,0,0,0,0,none,0,,1322514300
,TURYAP'TAN BAŞİSKELE SERDAR'DA FIRSAT 3+1 DAİRE,none,0,0,0,0,0,none,0,,1325103210
Dubleks|Çatı Dubleksi,BAŞİSKELE YEŞİLYURT DA SATILIK DAİRE,roof,1,1,0,0,0,detail,0,,1314090539
Çatı Dubleksi,TINAZTEPE CAD. SAHİBİNDEN SATILIK 0 DAİRE,roof,1,1,0,0,0,detail,0,,1325040843
En Üst Kat,BAŞİSKELE MAMİK REFORM SİTESİ SATILIK 3+1 EN ÜST KAT DAİRE 140 M,none,0,0,0,0,0,none,0,,1218323243
En Üst Kat,EMİN EVİME UYGUN SİTE İÇİ YEŞİLYURT MH'SİN DE SATILIK 2+1 DAİRE,none,0,0,0,0,0,none,0,,1313685018
,YEŞİLYURT MAHALLESİ OKKA AVM YAKINI 2+1 ARAKAT,none,0,0,0,0,0,none,0,,1285437518
Dubleks,CB MAHAL'DEN BAŞİSKELE YEŞİLYURT 3+1 SATILIK DAİRE,standard,1,0,0,0,1,detail,0,,1321679632
,ListingPortal satılık,none,0,0,0,0,0,none,0,,1324914466
,Yuvacık Sapağı'nda Sıfır 2+1 Daire,none,0,0,0,0,0,none,0,,1307968724
Çatı Dubleksi,BAŞİSKELE YEŞİLYURT MAHALLESİN'DE SİTE İÇİ SATILIK 5+1 DAİRE,roof,1,1,0,0,0,detail,0,,1313509836
,ACİLLL..YUVACIK AYDINKENT TE CADDE ÜZERİNDE,none,0,0,0,0,0,none,0,,1314062341
,Bulvar Başiskele Sitesi'nde Satılık 3+1 Daire,none,0,0,0,0,0,none,0,,1324908430
Ara Kat,İSKANI ALINMIŞ MERKEZİ KONUM SATILIK 2+1 ARA KAT,none,0,0,0,0,0,none,0,,1311021714
,FIRSAT TAPU DA 4 MİLYONA KADAR GÖSTREBİLECEĞİZ DAİRE,none,0,0,0,0,0,none,0,,1318198400
,SERDAR MH 2+1 90M² DAİREMİZ SATILIKTIR,none,0,0,0,0,0,none,0,,1324825838
Dubleks|En Üst Kat|Ara Kat,BAŞİSKELE YEŞİLYURT DA HAVUZLU SİTEDE LÜKS 4+1 SATILIK DAİRE,standard,1,0,0,0,1,detail,0,,1324615292
En Üst Kat,BAŞİSKELE BELEDİYE BİNASINA YAKIN CEPHESİ AÇIK EŞYALI SATILIK,none,0,0,0,0,0,none,0,,1274885838
,LOFT GROUP GM DEN YEŞİLYURT MAHALLESİNDE 2+1 GİRİŞ KAT DAİRE,none,0,0,0,0,0,none,0,,1302014340
Ara Kat,BAŞİSKELEDE KULANIŞLI ASANSÖRLÜ 2+1 ARAKAT DAİRE,none,0,0,0,0,0,none,0,,1324570534
,Merkezi Konum 2+1 Arakat Asansörlü,none,0,0,0,0,0,none,0,,1297092277
Çatı Dubleksi,HEMEN TAŞINMAYA HAZIR FERAH VE MODERN DAİRE SAHİBİNDEN.,roof,1,1,0,0,0,detail,0,,1137617568
,"ACİL Serdar'da 2+1 Daire 2,5Milyon Kredi,Eminevim,Fuzuleve Uygun",none,0,0,0,0,0,none,0,,1316366370
Ara Kat,BAŞİSKELE SERDAR MAH.BELEDİYE YANI SATILIK ARAKAT DAİRE 2+1,none,0,0,0,0,0,none,0,,1324471594
Ara Kat,Yeşilyurt'un Yükselen Değerinde Modern 2+1 Satılık Daire!,none,0,0,0,0,0,none,0,,1312882560
,BAŞİSKELE SERDAR KALICI KONUT İÇİ FULL YAPILI KREDİYE UYGUN 3+1,none,0,0,0,0,0,none,0,,1324388944
Ara Kat,BAŞİSKELE YEŞİLYURT'TA SATILIK ASANSÖRLÜ 2+1 ARAKAT DAİRE,none,0,0,0,0,0,none,0,,1316060922
Ara Kat,CB Mahall'den Yeşilyurtta Satılık 2+1 Ara Kat,none,0,0,0,0,0,none,0,,1325283001
,ListingPortal Erenkaya Anatolia da,none,0,0,0,0,0,none,0,,1312851475
Çatı Dubleksi,"Başiskele Yuvacık Panorama1 Deniz ve Şehir Manzaralı, Havuzlu",roof,1,1,0,0,0,detail,0,,1317008452
,Belediye Binası Üstü 3+1,none,0,0,0,0,0,none,0,,1315730293
Dubleks,TANTA EMLAK'TAN SATILIK SIFIR 2+1 DAİRE YUVACIK YEŞİLYURT MAH.,standard,1,0,0,0,1,detail,0,,1297499786
En Üst Kat,YEŞİLYURT MAHALLESİ SATILIK GENİŞ 3+1 DAİRE,none,0,0,0,0,0,none,0,,1293593840
,Attichouse'tan Panorama 3 Sitesi'nde Satılık 3+1 Lüks Daire,none,0,0,0,0,0,none,0,,1307158806
Ara Kat,BAŞİSKELE MAMİK LIFE SİT. ÖZEL TASARLANMIŞ SATILIK 3+1 ARAKAT,none,0,0,0,0,0,none,0,,1307589340
Ara Kat,BAŞİSKELE YEŞİLYURT MAHALLESİNDE SATILIK 2+1 DAİRE,none,0,0,0,0,0,none,0,,1324244437
Ara Kat,1 Haftaya Özel 3.650.000 TL | Yeşilyurt'ta 3+1 Ara Kat Satılık,none,0,0,0,0,0,none,0,,1321587802
,BAŞİSKELE YEŞİLYURT'TA SATILIK 3+1 ARAKAT DAİRE,none,0,0,0,0,0,none,0,,1316063221
Ara Kat,ERENOĞLU GM'DEN SATILIK SİTE İÇİ 2+1 ARAKAT DAİRE,none,0,0,0,0,0,none,0,,1325030630
,BAŞİSKELE ALİZEPARK CİTY'DE 3+1 DENİZ MANZARALI SATILIK DAİRE,none,0,0,0,0,0,none,0,,1309655087
En Üst Kat,DERİN'DEN BAŞİSKELE SERDAR MAH'DE 5+1 ÇATI EĞİMSİZ SATILIK DAİRE,none,0,0,0,0,0,none,0,,1304041341
Ara Kat,ÖZEL YAPIM SİTE İÇİ FIRSAT EN UYGUN FİYAT GARANTİSİ !!!!,none,0,0,0,0,0,none,0,,1297067451
,BAŞİSKELE YEŞİLYURT'TA CADDE ÜZERİ ASANSÖRLÜ SATILIK 3+1 DAİRE,none,0,0,0,0,0,none,0,,1293954474
,Liva Grup'tan ORKA LİFE 1 DE SATILIK 4+1 BAHÇE KATI,none,0,0,0,0,0,none,0,,1323886424
Ara Kat,REMAX MYRADAN BAŞİSKELE YEŞİLYURT MH. ARAKAT SATILIK 1+1 DAİRE,none,0,0,0,0,0,none,0,,1316279199
Bahçe Dubleksi,BAŞİSKELE PLATİNUM SİTESİNDE SATILIK 3+1 DENİZ MANZARALI DAİRE,garden,1,0,1,0,0,detail,0,,1170750036
,Cb Mahall'den Başiskele Yeşilyurt'ta 2+1 Yüksek Giriş Daire,none,0,0,0,0,0,none,0,,1307083669
Ara Kat,DERİN'DEN MAMİK LİFE'TA DENİZ MANZARALI SATILIK 4.5+1 DAİRE,none,0,0,0,0,0,none,0,,1298450799
Ara Kat,Bulvar Başiskele Sitesi'nde Satılık 2+1 Arakat Daire,none,0,0,0,0,0,none,0,,1324145617
Ara Kat,BAŞİSKELE 2+1 ARAKAT KULANIŞLI DAİRE E 5'e YÜRÜME MESAFESİNDE,none,0,0,0,0,0,none,0,,1312452304
,REMAX MAXİMUM'DAN BAŞİSKELEDE YEŞİLYURT DA SATILIK 3+1 DAİRE,none,0,0,0,0,0,none,0,,1310979560
,Serdar Mah. 4+1 Satılık Daire,none,0,0,0,0,0,none,0,,1323694030
,ÇAKIR GAYRİMENKUL DEN SATILIK DAİRE,none,0,0,0,0,0,none,0,,1315464599
Ara Kat,ACİLLL REMAX MYRA SERDAR MAH 3+1 DAİRE,none,0,0,0,0,0,none,0,,1318601048
Ara Kat,AYDINKENT KALICI KONUTLARI SATILIK 3+1 ARA KAT DAİRE,none,0,0,0,0,0,none,0,,1323583659
Ara Kat,REMAX 'DEN YEŞİLYURT MAH. İSKANLI 3+1ARA KAT DAİRE,none,0,0,0,0,0,none,0,,1318190109
Çatı Dubleksi,EŞSİZ DENİZ MANZARALI 4+1 EKSTRALI,roof,1,1,0,0,0,detail,0,,1310592590
Dubleks|Bahçe Dubleksi,REMAX MYRADAN BAŞİSKELE YEŞİLYURT MAHALLESİ SATILIK 1+1 DAİRE,garden,1,0,1,0,0,detail,0,,1316267649
,KW ARVEN'den YEŞİLYURT'da FERAH YÜKSEK GİRİŞ KREDİYE UYGUN DAİRE,none,0,0,0,0,0,none,0,,1302219767
Ara Kat,BAŞİSKELE YEŞİLYURT MAH FİLE MARKET YANI SATILIK DAİRE,none,0,0,0,0,0,none,0,,1310423785
,YEŞİLYURT SATILIK FULL YAPILI ASANSÖRLÜ ARAKAT,none,0,0,0,0,0,none,0,,1323723397
Ara Kat,4+1SIFIR EBEVEYN BANYOLU ARAKAT EMSALSİZ LÜKS DAİRE!!!,none,0,0,0,0,0,none,0,,1315565378
Ara Kat,BAŞİSKELE'DE ASEV MUHİT SİTESİ'NDE SATILIK LÜKS 2+1 ARAKAT DAİRE,none,0,0,0,0,0,none,0,,1311850151
,KALİTELİ YAŞAM İÇİN 3+1 DAİRELERİMİZ,none,0,0,0,0,0,none,0,,1323520693
,ARAÇ TAKASINA UYGUN YEŞİLYURT'TA SATILIK 1+1 DAİRE,none,0,0,0,0,0,none,0,,1264203970
,fırsat panoramalık deniz +şehir +dağ manzaralı asansörlu havuzlu,none,0,0,0,0,0,none,0,,1312542565
,DERİN'DEN YEŞİLYURT'UN EN AVANTAJLI KONUMUNDA SATILIK 2+1 DAİRE,none,0,0,0,0,0,none,0,,1318345483
Dubleks|Ara Kat|Bahçe Dubleksi|Çatı Dubleksi|Ters Dubleks,Tarcanlardan Başiskele Yeşilyurt Mahallesinde 3+1 Lüks Daireler,roof,1,1,0,0,0,detail,0,,1317971294
,BAŞISKELE MAHMUT PAŞADA FIRSAT 2 + 1 ARAKAT,none,0,0,0,0,0,none,0,,1323735231
,ALİZEPARK CİTY'DE BAHÇELİ ÖNÜ AÇIK 3+1 DAİRE,none,0,0,0,0,0,none,0,,1290617112
,ELİZLER EMLAK'TAN SERDAR MH 3+1 100M² DAİREMİZ SATILIKTIR,none,0,0,0,0,0,none,0,,1271260159
En Üst Kat,BAŞİSKELE MAMİK REFORM SİTESİ 2+1 SATILIK DAİRE,none,0,0,0,0,0,none,0,,1323747278
Bahçe Dubleksi,BAŞISKELE YEŞILYURT'TA MERKEZI YERDE SATILIK 3+1 DAIRE,garden,1,0,1,0,0,detail,0,,1308555597
Ara Kat,BAŞİSKELE YEŞİLYURT MAH. ASANSÖRLÜ İSKANLI 3+1 ARAKAT DAİRE,none,0,0,0,0,0,none,0,,1291971830
Ara Kat,Yeşilyurt Mah. Krediye Uygun 3+1 Arakat Daire,none,0,0,0,0,0,none,0,,1295238538
Ara Kat,YEŞİLYURT'TA 2+1 ARAKAT GENİŞ KULLANIM YERDEN ISITMA,none,0,0,0,0,0,none,0,,1268351672
,YUVACIK MERKEZİ KONUM SATILIK ARAKAT,none,0,0,0,0,0,none,0,,1317937062
Ara Kat,"ÖNÜ KAPANMAZ 2+1 GENİŞ ARAKAT DAİRE, İYİ KONUM, FERAH MANZARA",none,0,0,0,0,0,none,0,,1307535808
,Yesilyurt Mahallesi'nde Anahtar Teslim 2+1 Ferah Yuksek Giris,none,0,0,0,0,0,none,0,,1293384270
Ara Kat,REMAX EXCELLENCE BAŞİSKELE YEŞİLYURT 2+1 ARA KAT SIFIR DAİRE,none,0,0,0,0,0,none,0,,1322927037
,BAŞİSKELE TERAS MARMARA SİTESİ SATILIK DÜZ BAHÇELİ GENİŞ 3+1,none,0,0,0,0,0,none,0,,1321035680
Ara Kat,BAŞİSKELE YEŞİLYURT MAHALLESİNDE SATILIK GENİŞ 2+1 ARAKAT DAİRE,none,0,0,0,0,0,none,0,,1324259058
Çatı Dubleksi,BAŞİSKELE YEŞİLYURT FİYAT DÜŞTÜ!ARAÇ TAKASINA UYGUN FIRSAT DAİRE,roof,1,1,0,0,0,detail,0,,1322825399
,İMZA GM'DEN YEŞİLYURT'TA 2+1 BAHÇELİ GRİŞ DÜZ DAİRE (50m2) BAHÇE,none,0,0,0,0,0,none,0,,1322816299
Ara Kat,YEŞİLYURT MAHALLESİ'NDE DENİZ MANZARALI FIRSAT 3+1 ARAKAT,none,0,0,0,0,0,none,0,,1321470890
Dubleks,BAŞISKELE YEŞİLYURT MÜSTAKİL BAHÇELİ 2+1,standard,1,0,0,0,1,detail,0,,1312604362
Bahçe Dubleksi,BAŞİSKELE MAMİKLER REFORM 2'de 4+1 BAHÇE KULLANIMI HAVUZLU DAİRE,garden,1,0,1,0,0,detail,0,,1317750053
,KW ARVEN'DEN YEŞİLYURT MAH. SATILIK GİRİŞ KAT 3+1 DAİRE,none,0,0,0,0,0,none,0,,1324195573
Ara Kat,BAŞİSKELEDE YEŞİLYURTA 2+1 ARAKAT ASANSÖRLÜ GENİŞ DAİRE,none,0,0,0,0,0,none,0,,1317792947
Çatı Dubleksi,BAŞİSKELE YEŞİLYURT'TA DENİZ MANZARALI FIRSAT SATILIK 2+1 DAİRE,roof,1,1,0,0,0,detail,0,,1317587682
,BAŞİSKELE YEŞİLYURT MAH.MERKEZİ KONUMDA SATILIK ARAKAT 2+1 DAİRE,none,0,0,0,0,0,none,0,,1322912942
Ara Kat,BAŞİSKELE YEŞİLYURT MAHALLESİNDE SATILIK GENİŞ ODALI DAİRE,none,0,0,0,0,0,none,0,,1309601506
Ara Kat,KW ARVEN'den YEŞİLYURT MERKEZİ KONUM 3+1 ARA KAT DAİRE,none,0,0,0,0,0,none,0,,1324109253
Ara Kat|Çatı Dubleksi,MERKEZİ KONUMDA DENİZ MANZARALI 5+1 SATILIK DAİRE,roof,1,1,0,0,0,detail,0,,1316750988
,ALİZEPARK CİTY'DE 3+1 BAHÇELİ DÜZ DAİRE,none,0,0,0,0,0,none,0,,1305683753
Çatı Dubleksi,REMAX 'DEN YEŞİLYURT MAH SINIRSINIZ KREDİ İLE SATILIK DAİRE,roof,1,1,0,0,0,detail,0,,1311199676
,DEALLİFE GAYRİMENKUL SATILIK 2++1 YÜKSEK GİRİŞ ZEMİN KAT DAİRE,none,0,0,0,0,0,none,0,,1316854160
Ara Kat,Mamik Reform Sitesinde 2+1 Arakat Daire ListingPortal,none,0,0,0,0,0,none,0,,1322014665
Ara Kat,"YEŞİLYURT MH'DE, GENİŞ, YERDEN ISITMALI, ASANSÖRLÜ 3+1 DAİRE",none,0,0,0,0,0,none,0,,1321745224
Ara Kat,YUVACIK MAMİK REFORMDA SATILIK HAVUZ MANZARALI 2+1 ARA KAT DAİRE,none,0,0,0,0,0,none,0,,1321877401
Ara Kat,Terasta Life Sitesi Belirli Süreliğine Fırsat Fiyat!,none,0,0,0,0,0,none,0,,1316579227
,BAŞİSKELE YEŞİLYURT DA SATILIK ASANSÖRLÜ ARAKAT,none,0,0,0,0,0,none,0,,1311064203
,Başiskele Yeşilyurt'ta 17 Ağustos Bulvarı Üstü 2+1 Giriş Kat,none,0,0,0,0,0,none,0,,1315603893
Ara Kat,BAŞİSKELE YEŞİLYURT MAH DURU PARK SİTESİNDE 3+1 SATILIK DAİRE,none,0,0,0,0,0,none,0,,1309804411
,SAHİBİNDEN SATILIK LÜKS DAİRE YRDEN ISITMALI %80 KREDİ İMKANI,none,0,0,0,0,0,none,0,,1282607419
Ara Kat,BAŞİSKELEDE ÖNÜ AÇIK ASANSÖRLÜ 3+1 ARAKAT DAİRE,none,0,0,0,0,0,none,0,,1322733718
Dubleks|Ara Kat|Çatı Dubleksi,MERKEZİ KONUMDA DENİZ MANZARALI 4+1 SATILIK DAİRE,roof,1,1,0,0,0,detail,0,,1310481004
Dubleks|Çatı Dubleksi,CB Mahalleden Yeşilyurt Merkezi Lokasyon Deniz Manzaralı Daire,roof,1,1,0,0,0,detail,0,,1310355379
,Kocaeli Başiskele Yeşilyurt Mah. Satılık Daire,none,0,0,0,0,0,none,0,,1259283687
,Tınaztepe CD SATILIK EMSALSİZ 4+1 225 m2 FUL DENİZ MANZARALI,none,0,0,0,0,0,none,0,,1317131353
Çatı Dubleksi,BAŞİSKELE SERDAR MAHALLESİNDEKİ 4+1 DAİRE SATILIKTIR.,roof,1,1,0,0,0,detail,0,,1321377246
Çatı Dubleksi,"BAŞİSKELE YEŞİLYURT'TA,HARİKA DENİZ MANZARALI,4+1 LÜKS DAİRE",roof,1,1,0,0,0,detail,0,,1280652976
Ara Kat,RİBANKTAN BULVARA KOMŞU BİNADA SATILIK ARAKAT 2+1 TEMİZ DAİRE,none,0,0,0,0,0,none,0,,1317576343
En Üst Kat|Ara Kat,BAŞISKELE MAMİKLER REFORM SİTESİNDE MUHTEŞEM MANZARALI 3+1,none,0,0,0,0,0,none,0,,1287536259
En Üst Kat,BAŞİSKELE BELEDİYE KARŞISINDA TİCARİ RUHSATLI 2+1 SATILIK DAİRE,none,0,0,0,0,0,none,0,,1321068359
,BAŞİSKELEDE 1.99 KREDİYLE TAKASA AÇIK KİRA GETİRİLİ FIRSAT 2+1,none,0,0,0,0,0,none,0,,1310136102
Ara Kat,FIRSAT DAİRE 3+1 ARA KAT MERKEZİ KONUMDA,none,0,0,0,0,0,none,0,,1312851311
,YUVACIK KALICI KONUTLARI 1.ADA BAHÇE KATI 3+1 SATILIK DAIRE,none,0,0,0,0,0,none,0,,1309900628
,KW ARVEN'DEN MERKEZİ KONUMDA 1+1 GİRİŞ KAT DAİRE,none,0,0,0,0,0,none,0,,1324093808
Ara Kat,BAŞİSKELE YEŞİLYURTTA CADDEYE YAKIN ARAKAT 2+1,none,0,0,0,0,0,none,0,,1321223912
,BAŞİSKELE YEŞİLYURT SINIRSIZ KREDİLİ HAZIR 3+1 ARAKAT,none,0,0,0,0,0,none,0,,1306847058
,CB ÖMER ÜNSAL'DAN SIFIR LÜX ARAKAT 1+1 65 m2 DAİRE,none,0,0,0,0,0,none,0,,1320851098
Ara Kat,Kocaeli Başiskele Yeşilyurt Mahallesin'de Sıfır Arakat Daire,none,0,0,0,0,0,none,0,,1321306332
Bahçe Dubleksi,BAŞİSKELE DE 4+1 SİTE İÇİ HAVUZLU 4 MİLYONA KADAR KREDİ İMKANI,garden,1,0,1,0,0,detail,0,,1310975052
,ALİZEPARK CİTY SİTESİNDE 3+1 DÜZ KÖŞE BAHÇELİ,none,0,0,0,0,0,none,0,,1285850391
En Üst Kat,"YEŞİLYURT MH'DE, YERDEN ISITMALI, ASANSÖRLÜ, FERAH 2+1 DAİRE",none,0,0,0,0,0,none,0,,1298072995
,BAŞISKELE ORKA LİFE l DE 4+1 NORMAL BAHÇE KATI SATILIK,none,0,0,0,0,0,none,0,,1320863229
Dubleks|Çatı Dubleksi,YUVACIK'TA DENİZ MANZARALI 3+1 SATILIK DAİRE,roof,1,1,0,0,0,detail,0,,1299142335
,YEŞİLYURT MAHALLESİ CADDEYE CEPHE FIRSAT 3+1 ARAKAT DAİRE,none,0,0,0,0,0,none,0,,1300185398
Çatı Dubleksi,BAŞİSKELE YEŞİLYURT TA KUPON 2+1 SATILIK DAİRE,roof,1,1,0,0,0,detail,0,,1323813036
,YEŞİLYURT MAH. AYIN ÖZEL DAİRESİ YÜKSEK KREDİLİ UYGUN ARA KAT,none,0,0,0,0,0,none,0,,1321179271
Dubleks,GENİŞ TERASLI EBEVEYN BANYOLU 3+1 FERAH DAİRE,standard,1,0,0,0,1,detail,0,,1302378752
,YEŞİLYURT'TA 2+1 YÜKSEK GİRİŞ DAİRE MERKEZİ KONUM,none,0,0,0,0,0,none,0,,1310750524
,YEŞİLYURT HÜRLER CADDESİ ÜZERİ SIFIR 2+1 DAİRE,none,0,0,0,0,0,none,0,,1312620494
Dubleks|Ters Dubleks,"BAŞİSKELENİN TAM MERKEZİNDE, DENİZ, DOĞA, ŞEHİR MANZARALI 3+1",standard,1,0,0,0,1,detail,0,,1315318931
,YEŞİLYURT MH MERKEZİ KONUMDA YÜKSEK KREDİYE UYGUN 2+1 ARAKAT,none,0,0,0,0,0,none,0,,1321176286
Ara Kat,MERKEZİ KONUMDA 2+1 GENİŞ ARAKAT OTURMAYA HAZIR DAİRE,none,0,0,0,0,0,none,0,,1315348410
,BAŞİSKELE YEŞİLYURT 2+1 YÜKSEK GİRİŞ GENİŞ DAİRE,none,0,0,0,0,0,none,0,,1320518531
,BAŞİSKELE YEŞİLYURT MAHELLESİ'NDE 150M² 3+1 SATILIK DAİRE,none,0,0,0,0,0,none,0,,1308733305
Ara Kat,"YEŞİLYURT MAHALLESİNDE, TED KOLEJiNE KOMŞU İSKANLI 2+1 ARAKAT",none,0,0,0,0,0,none,0,,1315268928
,ASANSÖRLÜ 3+1 SIFIR ARAKAT DAİRE SINIRSIZ KREDİ İMKANLI,none,0,0,0,0,0,none,0,,1320626484
Çatı Dubleksi,BAŞİSKELE YEŞİLYURT'TA VİLLA KONSEPTLİ 4+1 SATILIK DAİRE,roof,1,1,0,0,0,detail,0,,1322010849
En Üst Kat,REMAX'DEN SERDAR MAH. 31.000₺ KİRACILI 3+1 DAİRE,none,0,0,0,0,0,none,0,,1315275259
Ara Kat,REMAX 'DEN YEŞİLYURT MAH. İSKANLI 21.000₺ KİRACILI DAİRE,none,0,0,0,0,0,none,0,,1320816608
,BAŞİSKELE YEŞİLYURTTA ASANSÖRLÜ DENİZ MANZARALI SATILIK 4+1DAİRE,none,0,0,0,0,0,none,0,,1316645980
Ara Kat,Yeşilyurt'ta Arakat 3+1 Satılık Daire,none,0,0,0,0,0,none,0,,1320795031
Ara Kat,BAŞİSKELEDE 3+1 ARAKAT ASANSÖRLÜ BUTİK SİTE İÇERİSİNDE,none,0,0,0,0,0,none,0,,1316296610
Dubleks,REMAX ' DEN YEŞİLYURT MAH OTURUMA HAZIR 3+1 DAİRE,standard,1,0,0,0,1,detail,0,,1298751283
Ara Kat,BAŞİKELE YEŞİLYURT MAHALLESİNDE 100 M2 2+1 ARAKAT,none,0,0,0,0,0,none,0,,1316285069
En Üst Kat,BAŞİSKELE YEŞİLYURT MAH. SATILIK 2+1 DÜZ DAİRE,none,0,0,0,0,0,none,0,,1315580218
Ara Kat,BAŞİSKELE PANORAMA 2'DE 3+1 DÜZ DAİRE,none,0,0,0,0,0,none,0,,1315453831
,BAŞİSKELE YEŞİLYURT MH. 2+1 YÜKSEK GİRİŞ,none,0,0,0,0,0,none,0,,1292149528
,KW ARVEN'den YEŞİLYURT'ta 2+1 DENİZ MANZARA EBEVEYN BANYO ARAKAT,none,0,0,0,0,0,none,0,,1322179544
Ara Kat,BAŞİSKELE YEŞİLYURT MAH. 2+1 ARAKAT DAiRE YERDEN ISITMALI,none,0,0,0,0,0,none,0,,1300096860
,BAŞİSKELE YEŞİLYURT MAH.2+1 YÜKSEK GİRİŞ DAİRE,none,0,0,0,0,0,none,0,,1315871462
,Başiskele Yeşilyurt'ta Satılık 2+1 Yüksek Giriş Daire (95m² Net),none,0,0,0,0,0,none,0,,1292796487
,BAŞİSKELE YEŞİLYURT'DA ACİL SATILIK 3+1 DAİRE FIRSAT FİYATINA,none,0,0,0,0,0,none,0,,1321533273
Çatı Dubleksi,YEŞİLYURT'TA DENİZ MANZARALI 3+1 EĞİMSİZ ÇATI,roof,1,1,0,0,0,detail,0,,1298992293
Ara Kat,SİTE İÇİ KREDİ VE EMİN EVİME UYGUN SATILIK 2+1 ARAKAT DAİRE,none,0,0,0,0,0,none,0,,1315898024
,BAŞİSKELEDE FİLE MARKETİN ARKASINDA 2+1 YÜKSEK GİRİŞ BUTİK SİTE,none,0,0,0,0,0,none,0,,1315530982
Ara Kat,YEŞİLYURTTA MERKEZİ KONUM SATILIK 2+1 ARAKAT 110 M2 SIFIR DAİRE,none,0,0,0,0,0,none,0,,1315492266
,FİLE MARKET YANI SATILIK 2+1 SATILIK 100 M2 ZEMİN KAT DAİRE,none,0,0,0,0,0,none,0,,1315501312
En Üst Kat|Çatı Dubleksi,DENİZ MAN.TAMAMI KREDİYE UYGUN SATILIK SIFIR 3+1 185 M2 DAİRE,roof,1,1,0,0,0,detail,0,,1315418000
Ara Kat,KW ARVEN'DEN SINIRSIZ KREDİ İMKANLI 3+1 ARA KAT DAİRE,none,0,0,0,0,0,none,0,,1304885422
Ara Kat,KW ARVEN'DEN | MERKEZİ KONUM | KREDİ/EMİNEVİM UYGUN | 2+1 ARAKAT,none,0,0,0,0,0,none,0,,1320982568
,Yeşilyurt Mah. 2+1 Yüksek Giriş Daire Yüksek Kredi İmkanı,none,0,0,0,0,0,none,0,,1315737011
Ara Kat,CB Mahall'den Merkezi Konum da 2+1 Ara kat Satılık Daire,none,0,0,0,0,0,none,0,,1327883020
Ara Kat,BAŞİSKELE SAHİLE YAKIN 3+1 SATILIK DAİRE,none,0,0,0,0,0,none,0,,1327882296
Ara Kat,ListingPortal Doğa ve Deniz Manzaralı Arakat 2+1 Daire,none,0,0,0,0,0,none,0,,1327877385
Ara Kat,Barbaros Mahallesi'nde kullanışlı ara kat daire,none,0,0,0,0,0,none,0,,1327871319
Ara Kat,BAŞİSKELE DE KULLAR MERKEZDE 2+1 ARAKAT GENİŞ KULANIŞLI,none,0,0,0,0,0,none,0,,1320271134
Bahçe Dubleksi,BELİRLİ SÜRELİĞİNE FIRSAT FİYAT! DETAYLI BİLGİ İÇİN ARAYINIZ!,garden,1,0,1,0,0,detail,0,,1316583136
Dubleks,BAŞİSKELE FATİH MH DE 4+1 SATILIK DAİRE,standard,1,0,0,0,1,detail,0,,1327815715
Çatı Dubleksi,BAŞİSKELE ZERAYKENT SİTESİNDE DENİZ MANZARALI ÖNÜ AÇIK 4+1,roof,1,1,0,0,0,detail,0,,1327821850
,SATILIK LÜKS DAİRE,none,0,0,0,0,0,none,0,,1327806609
,Satılık Merkezi Konum 1+1 Daire,none,0,0,0,0,0,none,0,,1327771838
Ara Kat,BAŞİSKELE ARA KAT KÖŞE LÜX DAİRE,none,0,0,0,0,0,none,0,,1327763261
En Üst Kat,3 KENT GAYRİMENKUL'DEN EVİMİZ KOCAELİ 2+1 SATILIK DAİRE,none,0,0,0,0,0,none,0,,1327759349
,Satılık Merkezi Konum 1+1 Daire,none,0,0,0,0,0,none,0,,1327767417
,T DEMİR GAYRİMENKULDEN HAVUZLU SİTEDE FIRSAT 3+1 DAİRE,none,0,0,0,0,0,none,0,,1308892054
Ara Kat,ZERAY PERLA'DA SATILIK 3+1 ARA KAT DAİRE,none,0,0,0,0,0,none,0,,1327603455
Ara Kat,ATTİCHOUSEtan Clover Premiumda Satılık 3+1 Lüks Daire,none,0,0,0,0,0,none,0,,1327606278
Çatı Dubleksi,RE/MAX MYRA SATILIK 4+1 DENİZ & DOĞA MANZARALI KREDİYE UYGUN,roof,1,1,0,0,0,detail,0,,1327582027
,Başiskelede süper konum da kullanışlı daire,none,0,0,0,0,0,none,0,,1327561678
Ara Kat,Satılık Merkezi Konum 1+1 Daire,none,0,0,0,0,0,none,0,,1327560502
Ara Kat,KW ARVEN'DEN SIĞINAKLI ASANSÖRLÜ AYRI MUTFAKLI 2+1 ARA KAT DAİRE,none,0,0,0,0,0,none,0,,1327540320
Ara Kat,Satılık 3+1 Full Eşyalı Daire Site İçinde - Ara Kat,none,0,0,0,0,0,none,0,,1327508842
Bahçe Dubleksi|Ters Dubleks,Tarcanlardan Başiskelede Deniz Manzaralı 3+1 Satılık Daire,garden,1,0,1,0,0,detail,0,,1327497951
,STAR CENTER BAŞİSKELE CEVİZLİ VADİ EVLERİ SATILIK ÖZEL DAİRE,none,0,0,0,0,0,none,0,,1321488557
Ara Kat,MY YAKA Sitesi'nde Satılık 3+1 Arakat Daire,none,0,0,0,0,0,none,0,,1327480288
Dubleks,BAŞISKELE YUVACIK TAMAMI KREDİYE UYGUN 3+1 ASANSÖRLÜ DAİRE,standard,1,0,0,0,1,detail,0,,1327462365
Bahçe Dubleksi,TEMİZEL İNŞAAT GÜVENCESİYLE 4+1 210 m2 ULTRA LÜKS DAİREMİZ,garden,1,0,1,0,0,detail,0,,1327461085
Ara Kat,YEŞİLYURT MH ARA KAT MERKEZİ LOKASYONDA 3+1 120 M2 DAİRE ...,none,0,0,0,0,0,none,0,,1327456881
En Üst Kat,önü kapanmaz manzaralı gün boyu ışık alan aydınlık yuva 3+1,none,0,0,0,0,0,none,0,,1314605680
,Basiskele Yesilyurt Mahallesin 2+1 Yuksek Giris Daire,none,0,0,0,0,0,none,0,,1327427642
,SANCAKTUTAN GM'DEN PAŞADAĞ MAH. ORKA LİFE 2'DE 2+1 SATILIK DAİRE,none,0,0,0,0,0,none,0,,1311885158
Ara Kat,"Sıfır Ayarında Masrafsız, Ferah, Taşınmaya Hazır 2+1 Daire",none,0,0,0,0,0,none,0,,1327229434
Bahçe Dubleksi,ÜstGrup'tan Üstpark Afraze:Doğanın Kalbinde Deniz Manzaralı 4+1,garden,1,0,1,0,0,detail,0,,1258294774
Ara Kat,BAŞİSKELE FATİH MAHALLESİ'NDE 2+1 98 M2 SATILIK DAİRE,none,0,0,0,0,0,none,0,,1327333617
Ara Kat,BAŞİSKELE YEŞİLYURT MAHALLESİNDE SATILIK 2+1 ARAKAT DAİRE,none,0,0,0,0,0,none,0,,1327339436
Ara Kat,BAŞİSKELE BARBAROSTA EŞSİZ DENİZ MANZARALI 3+1 DAİRE,none,0,0,0,0,0,none,0,,1327288872
,BAŞİSKELE YAYLACIK MH.'de HAVUZLU SİTE 2+1 YÜKSEK GİRİŞ DAİRE,none,0,0,0,0,0,none,0,,1306030512
,ÇELİK-AY GAYRİMENKUL'DEN SATILIK 3+1 GİRİŞ KAT DAİRE,none,0,0,0,0,0,none,0,,1327325926
Ara Kat,BAŞİSKELE BARBOROS MAH. 2+1 ARAKAT DAiRE,none,0,0,0,0,0,none,0,,1314855304
Ara Kat,Başiskele Kullar Yakacık'ta Kaçırılmayacak Butik Site Dairesi!,none,0,0,0,0,0,none,0,,1327310928
Ara Kat,BAŞİSKELE PAŞADAĞ MAH.3+1 ARAKAT DAiRE DOĞA MANZARALI,none,0,0,0,0,0,none,0,,1327247245
Ara Kat,BAŞİSKELE FATİH MAH.3+1 ARAKAT DAİRE,none,0,0,0,0,0,none,0,,1327236125
Ara Kat,BAŞİSKELE KÜBA SİTESİ 3+1 135 m2 ARAKAT SATILIK DAİRE,none,0,0,0,0,0,none,0,,1327228778
Ara Kat,BARBAROS MAH. SATILIK GENİŞ 2+1 DÜZ ARAKAT DAİRE (YÜKSEK KREDİ),none,0,0,0,0,0,none,0,,1327210424
Ara Kat,LÜKS ARAKAT ASANSÖRLÜ 4+1 GENİŞ DAİRE,none,0,0,0,0,0,none,0,,1320130348
,Satılık Başiskle Kullarda 2+1 Daire,none,0,0,0,0,0,none,0,,1327168014
Çatı Dubleksi,TANYILDIZ-BAŞİSKELE\YENİKÖY 150M2 GENİŞ KULLANIMLI SATILIK 4+1,roof,1,1,0,0,0,detail,0,,1327162337
,PANOROMA 4 FULL İÇİ YAPILI 2+1 ACİLL!,none,0,0,0,0,0,none,0,,1327055286
Ara Kat,DERİNDEN TERRA NOVA EVLERİNDE SATILIK 3+1 ARA KAT DAİRE,none,0,0,0,0,0,none,0,,1327138226
En Üst Kat,AYDINKENT KONUTLARI 3+1 100M² DAİREMİZ SATILIKTIR,none,0,0,0,0,0,none,0,,1327141975
Ara Kat,BAŞİKELE SEYMEN SAHİL'DE 3+1 ARAKAT SATILIK DAİRE,none,0,0,0,0,0,none,0,,1327132630
,ULTRA LÜKS 3+1 DAİRE,none,0,0,0,0,0,none,0,,1320976422
,LOFT GROUP GM'DEN BAŞİSKELE FATİH'TE FIRSAT 3+1 ÇATI KATI,none,0,0,0,0,0,none,0,,1327076419
Bahçe Dubleksi,BAŞİSKELE BARBAROS MAH. SİTE İÇİ LÜKS 4+1 SATILIK 239 M2 DAİRE !,garden,1,0,1,0,0,detail,0,,1324100916
,Süper 2+1 Arayan Bakmadan Geçmesin...,none,0,0,0,0,0,none,0,,1327013365
Ara Kat,Dongel'de Anahtar Teslim 3+1 Arakat Daire,none,0,0,0,0,0,none,0,,1327004934
Ara Kat,Her Penceresi Doğaya Açılan Özel arakat daire,none,0,0,0,0,0,none,0,,1326977218
,ARKUN GAYRİMENKUL'DEN EBEVEYN BANYOLU SATILIK 2+1 DAİRE,none,0,0,0,0,0,none,0,,1326937285
Ara Kat,YOLDAŞ EMLAKTAN BAŞİSKELE YAYLACIK MAH 2+1 SATILIK ARAKAT DAİRE,none,0,0,0,0,0,none,0,,1326933471
Çatı Dubleksi,BAŞİSKELE YEŞİLYURTTA FİLE MARKETİN HEMEN ARKASINDA SATILIK 4+1,roof,1,1,0,0,0,detail,0,,1326938346
En Üst Kat|Çatı Dubleksi,YEŞİLYURTTA VİLLA KONFORUNDA 250 M² ULTRA LÜKS 4+1,roof,1,1,0,0,0,detail,0,,1326882400
,Satılık daire,none,0,0,0,0,0,none,0,,1326859826
,KAYMAKAMLIK ve BELEDİYE BİNASINA YÜRÜME MESAFESİNDE,none,0,0,0,0,0,none,0,,1314051184
Ara Kat,4 MİLYON KREDİ İMKANLI 3+1 ARAKAT PAŞADAĞ MAH. CADDE ÜSTÜ,none,0,0,0,0,0,none,0,,1314766176
Ara Kat,BAŞİSKELE PAŞADAĞ'DA ULTRA LÜKS 3+1 SIFIR DAİRE,none,0,0,0,0,0,none,0,,1326814327
Bahçe Dubleksi,BAŞİSKELE SİTEİÇİ TINAZTEPE'DE LÜKS GENİŞ 2+1 DAİRE,garden,1,0,1,0,0,detail,0,,1326753194
Ara Kat,Başiskele Site içinde 2+1 Satılık Daire,none,0,0,0,0,0,none,0,,1297959362
,TINAZTEPE SATILIK 2+1 ARAKAT MERKEZİ KONUM İSKANI ALINMIŞ,none,0,0,0,0,0,none,0,,1326728464
Ara Kat,BAŞİSKELENİN TAM MERKEZİNDE CADDE ÜZERİ 3+1 ARAKAT (SİTE İÇİ),none,0,0,0,0,0,none,0,,1325526124
Çatı Dubleksi,REMAX MYRA EMİNEVİM UYGUN GENİŞ 4+1 KÖŞE DAİRE (AKADEMİK ELİT),roof,1,1,0,0,0,detail,0,,1326720496
En Üst Kat,Moda pazarı karşısı ferah ve aydınlık dairemiz satılıktır.,none,0,0,0,0,0,none,0,,1326692897
,INVEST GLOBAL'DEN BAŞİSKELE YEŞİLYURT'TA 2+1 YÜKSEK GİRİŞ DAİRE,none,0,0,0,0,0,none,0,,1298623538
,BAŞİSKELE YUVACIKTA SİTE İÇİ 2+1 ARAKAT EBEVEYN BANYOLU LÜKS,none,0,0,0,0,0,none,0,,1326684295
,Marmara Elit Evleri/Site İçi Satılık 2+1 100 M² Ebeveyn Banyolu,none,0,0,0,0,0,none,0,,1326655400
Ara Kat,Tanta Emlak'tan Başiskele Merkezde 2+1 Giyinme Odalı Ara Kat,none,0,0,0,0,0,none,0,,1326645689
,KİRAZLIKENT ARAKAT 2+1 KiRACISIZ,none,0,0,0,0,0,none,0,,1320088526
Çatı Dubleksi,BAŞİSKELE YEŞİLYURT MAH 1+1 Deniz Manzaralı Sıfır daire,roof,1,1,0,0,0,detail,0,,1320253902
Ara Kat,ListingPortal Satılık 3+1 Arakat Daire,none,0,0,0,0,0,none,0,,1326575719
Çatı Dubleksi,ÜST GRUP'TAN DENİZ MANZARALI BAŞİSKELE ÜSTPARK AFRAZE'DE 2+1,roof,1,1,0,0,0,detail,0,,1288474341
,"BAŞİSKELE YEŞİLKENT MAH, SATILIK DENİZ MANZARALI 3+1 DAİRE",none,0,0,0,0,0,none,0,,1326550100
,MK BİRİKİM GAYRİMENKULDEN SON FİYAT,none,0,0,0,0,0,none,0,,1314391441
Ara Kat,"İLAN SAHİBİNDEN 3+1 ARA KAT, ÖN CEPHE, KREDİYE UYGUN",none,0,0,0,0,0,none,0,,1291271233
Bahçe Dubleksi,CB Mahall'den Tınaztepede Site içi Geniş 4+1 Daire,garden,1,0,1,0,0,detail,0,,1315068550
Ara Kat,REMAX 'DEN YEŞİLYURT MAH DE İSKANLI 2+1 SATILIK DAİRE,none,0,0,0,0,0,none,0,,1326465333
Ara Kat,YEŞİLYURT MERKEZDE 170M2 3+1 TEK BLOK ARAKAT SATILIK DAİRE,none,0,0,0,0,0,none,0,,1294948017
,MERKEZDE EŞSİZ BİR PROJE FUL DENİZ MANZARALI ARA KAT 3+1,none,0,0,0,0,0,none,0,,1320076260
Ara Kat,BAŞİSKELE PAŞADAĞ 100. YIL PARLA SİT ARAKAT SATILIK 1+1 85 M2,none,0,0,0,0,0,none,0,,1314993103
,DAİREYE AİT BAHÇELİ 3+1 KISA SÜRELİ FİYAT...,none,0,0,0,0,0,none,0,,1316721514
Bahçe Dubleksi,EMSAL ALTINDA FİYAT YEŞİLYURTTA 145 m² NET 3+1 BAHÇE DUBLEKSİ,garden,1,0,1,0,0,detail_and_title,0,,1326223953
,Yunus Emre Caddesi 3+1 Dubleks,standard,1,0,0,0,1,title,0,,1328894532
,2+1 YÜKSEK GİRİŞ BARBAROS MAH.,none,0,0,0,0,0,none,0,,1328960659
,BİRİKİM GAYRİMENKULDEN SİTE İÇERSİNDE 3+1 SATILIK DAİRE,none,0,0,0,0,0,none,0,,1328289190
Dubleks,ROYAL COUNTRY SİT. DENİZ MANZARALI SATILIK 3+1 DUBLEKS DAİRE,standard,1,0,0,0,1,detail_and_title,0,,1330026938
Çatı Dubleksi,KELEPİR YEŞİLYURT MAH.2+1 ÇATI DUBLEKSİ TERASLI EBEVEYN B.,roof,1,1,0,0,0,detail_and_title,0,,1300785827
Çatı Dubleksi,Yeşilyurt ta Satılık 2+1 Çatı Dubleks Daire (105m²),roof,1,1,0,0,0,detail_and_title,0,,1309466527
Ara Kat,DERİN'DEN SİTE İÇERİSİNDE GENİŞ 3+1 SATILIK ARA KAT DAİRE,none,0,0,0,0,0,none,0,,1318226821
Bahçe Dubleksi,YUVACIK MERKEZİ KONUM FULL KREDİYE UYGUN 3+1 BAHÇE KATI DAİRE,garden,1,0,1,0,0,detail,0,,1329648315
Çatı Dubleksi,Tarcanlardan Başiskele Körfez Mah. 4+1 Satılık Çatı Dubleks,roof,1,1,0,0,0,detail_and_title,0,,1325338476
Çatı Dubleksi,BAŞİSKELE KULLAR YAYLACIKTA SATILIK 3+1 ÇATI DUBLEKS DAİRE,roof,1,1,0,0,0,detail_and_title,0,,1318211157
Ara Kat,ASİES GLOBAL'DEN BAŞİSKELE PAŞADAĞ'DA 2+1 ARAKAT MUHTEŞEM FIRSAT,none,0,0,0,0,0,none,0,,1329328471
Bahçe Dubleksi,BAŞİŞKELE KULLAR YAYLACIKTA 3+1 SATILIK BAHÇE DUBLEX DAİRE,garden,1,0,1,0,0,detail_and_title,0,,1318207945
,Projenin son dairesi 3+1 ÇATI DUBLEKS,roof,1,1,0,0,0,title,0,,1278782895
Çatı Dubleksi,BAŞİSKELE BAHÇECİK DOĞA VE DENİZ MANZ 4+1 SATILIK ÇATI DUBLEKS,roof,1,1,0,0,0,detail_and_title,0,,1315892231
Dubleks|En Üst Kat,Başiskele Fatih de Ultra Lüks 3+1 Eğimsiz Çatı Dubleks شقة فاخرة,standard,1,0,0,0,1,conflict_detail_wins,1,conflict detail=standard title=roof,1269089595
Ara Kat,Başiskele Yeşilyurt Memursen Sitesinde Satılık 3+1 Arakat,none,0,0,0,0,0,none,0,,1328907867
Dubleks|En Üst Kat|Ara Kat|Çatı Dubleksi,BAŞİSKELE YEŞİLYURT 3+1 ÖNÜ AÇIK 160 M2 DUBLEKS DAİRE,roof,1,1,0,0,0,detail_and_title,0,title_generic_confirms_detail_subtype,1325803114
Çatı Dubleksi,BAŞİSKELE MAHMUTPAŞA MH. STRADA AVM YANI 2+1 SATILIK ÇATI DUBLKS,roof,1,1,0,0,0,detail,0,,1324936440
Ara Kat,BAŞİSKELE YEŞİLKENT KALICI KONUTLARIN'DA DENİZ MANZARALI ARA KAT,none,0,0,0,0,0,none,0,,1330093035
,BAŞISKELE SİTEİÇİ EBEVEYN BANYOLU TERAS DUBLESKS DAİREMİZ,none,0,0,0,0,0,none,0,,1304322054
Bahçe Dubleksi,BARBAROS'DA YENİ OTURUMDA 3+1 BAHÇE DUBLEKS SATILIK DAİRE,garden,1,0,1,0,0,detail_and_title,0,,1330072150
,SAHİBİNDEN 4+1 MERKEZİ KONUMDA GENİŞ ÇATI DUBLEKSİ,roof,1,1,0,0,0,title,0,,1330062954
,FATİH MAHALLESİ POLEN PARK SİTESİNDE 2+1 BAHÇE DUBLEKS,garden,1,0,1,0,0,title,0,,1320766242
Bahçe Dubleksi,DREAM GARDENSTA HAVUZLU SIFIR 3+1 BAHÇE DUBLEKS!,garden,1,0,1,0,0,detail_and_title,0,,1320652786
Çatı Dubleksi,BAŞİSKELE FATİH MAHALLESİNDE SATILIK 4+1 GENİŞ DUBLEKS,roof,1,1,0,0,0,detail_and_title,0,title_generic_confirms_detail_subtype,1309845768
Bahçe Dubleksi,İLTER&AKYÜZ'DEN BAHÇECİK TE 274 M2 SATILIK BAHÇE DUBLEKSİ,garden,1,0,1,0,0,detail_and_title,0,,1327290206
,MODA PAZARI ÜSTÜ 3+1 Çatı Dubleks,roof,1,1,0,0,0,title,0,,1316493106
En Üst Kat,ATLAS EMLAK DENİZ MANZARALI SATILIK 3+1 SEMT BAHÇECİK,none,0,0,0,0,0,none,0,,1330147778
Dubleks|En Üst Kat|Ara Kat|Çatı Dubleksi,KOCAELİ BAŞİSKELE BARBAROS MAHALLESİNDE 3+1 SATILIK ÇATI DUBLEKS,roof,1,1,0,0,0,detail_and_title,0,,1312664636
,NOVA'DAN YEŞİLKENTTE SATILIK 3+1 DAİRE,none,0,0,0,0,0,none,0,,1330106680
Çatı Dubleksi,REMAX MYRADAN BAŞİSKELE BARBAROS SATILIK İSKANLI 2+1 GENİŞ DAİRE,roof,1,1,0,0,0,detail,0,,1330071476
Ara Kat,Bahama Proje 1 Projesi 3+1 130m2 Balkonlu Satılık Daire,none,0,0,0,0,0,none,0,,1324121030
Çatı Dubleksi,BAŞİSKELE BARBAROS MAH ATATÜRK CADDESİ ÜZERİNDE 5+1 ÇATI DUBLEKS,roof,1,1,0,0,0,detail_and_title,0,,1327120330
Ters Dubleks,BAŞİSKELE YAYLACIKTA HAVUZLU OTOPARKLI SİTEDE 1+1 DUBLEKS!,standard,1,0,0,0,1,detail_and_title,0,,1323871781
Bahçe Dubleksi,BAŞİSKELE-BARBAROS- FULL TADİLATLI 3+1 SATILIK 130 m2 DUBLEKS,garden,1,0,1,0,0,detail_and_title,0,title_generic_confirms_detail_subtype,1204230095
Dubleks|En Üst Kat|Çatı Dubleksi,KOCAELİ BAŞİSKELE SATILIK TWİNKLE LİFE SİTESİ 3+1 DUBLEKS DAİRE,roof,1,1,0,0,0,detail_and_title,0,title_generic_confirms_detail_subtype,1322778520
,SATILIK DAİRE - 100 m²- 2+1 - DUBLEKS - KULLAR TEPECİK MH.,standard,1,0,0,0,1,title,0,,1312454479
Dubleks|Çatı Dubleksi,BAŞİSKELE ALTINKENT DÖNGEL MEVKİ'İNDE 2+1 SATILIK DAİRE,roof,1,1,0,0,0,detail,0,,1329917949
Bahçe Dubleksi,BAŞİSKELE YENİKÖY AFRAZE SİTESİNDE SATILIK 3+1 BAHÇE DUBLEKSİ,garden,1,0,1,0,0,detail_and_title,0,,1318567360
,3+1 3.KAT ANAYOL CEPHELİ DAİRE,none,0,0,0,0,0,none,0,,1329893453
Ara Kat,BAŞİSKELE YENİKÖY'DE ARA KAT SATILIK 3+1 DAİRE,none,0,0,0,0,0,none,0,,1328532470
Çatı Dubleksi|Ters Dubleks,Başiskele merkezde,roof,1,1,0,0,0,detail,0,,1329753416
,YOLDAŞ EMLAKTAN BAŞİSKELE YAYLACIK MAH 2+1 SATILIK BAHÇE DUBLEKS,garden,1,0,1,0,0,title,0,,1326941796
,MÜKEMMEL KONUM DA İÇİ DIŞI HARİKA OLAN EĞİMSİZ ÇATI DUBLEKS,roof,1,1,0,0,0,title,0,,1323925480
Dubleks|En Üst Kat|Çatı Dubleksi,BARBAROS MH'de %70 KREDİ İMKANI DENİZ MANZARALI 4+1 DAİRE,roof,1,1,0,0,0,detail,0,,1312127065
Ara Kat,YENİKÖY KALICI KONUTLARINDA FIRSAT DAİRE,none,0,0,0,0,0,none,0,,1329845668
Çatı Dubleksi|Ters Dubleks,Başiskele Yeniköy Oturuma Hazır 2+1 Satılık Çatı Dubleks Daire,roof,1,1,0,0,0,detail_and_title,0,,1329836106
,7 GÜN GEÇERLİ KOCAELİ I BAŞİSKELE MÜSTAKİL BAHÇELİ 3+1 DUBLEKS,standard,1,0,0,0,1,title,0,,1288866104
Dubleks,ÜST GRUP'TAN MEZİRE BAHÇECİK DENİZ MANZARALI BAHÇE DUBLEX 3+1,standard,1,0,0,0,1,conflict_detail_wins,1,conflict detail=standard title=garden,1289968284
Bahçe Dubleksi,Başiskele Üstpark Afraze: Doğayla İç İçe Bahçeli 3+1,garden,1,0,1,0,0,detail,0,,1258277387
Bahçe Dubleksi,RW Nova'dan Altınkent Mh. Satılık 3+1 Bahçe Dubleks,garden,1,0,1,0,0,detail_and_title,0,,1312608062
Ara Kat,TUAL'DEN OTURUMA HAZIR İSKANLI YÜKSEK KREDİ İMKANI 3+1,none,0,0,0,0,0,none,0,,1329763507
Dubleks,TUAL'DEN OTURUMA HAZIR SIFIR İSKANLI KREDİYE UYGUN 3+1 DUBLEKS,standard,1,0,0,0,1,detail_and_title,0,,1329762844
Ara Kat,SAHİLE YÜRÜME EBEVEYN BANYOLU ÇİFT BALKONLU 3+1 ARAKAT DAİRE,none,0,0,0,0,0,none,0,,1328398163
Ters Dubleks,Altınkent Mh. 4+1 Satılık Dubleks Daire,standard,1,0,0,0,1,detail_and_title,0,,1320406679
Dubleks|En Üst Kat|Çatı Dubleksi|Ters Dubleks,KULLAR 2+1 EĞİMSİZ TERS DUBLEKS TERASLI DAİRE,roof,1,1,0,0,0,detail_and_title,0,title_generic_confirms_detail_subtype,1323810848
Dubleks|Çatı Dubleksi,BAŞİSKELE MAHMUTPAŞADA 1+1 DENİZ MANZARALI ASANSÖRLÜ,roof,1,1,0,0,0,detail,0,,1329719265
Ara Kat,ENKA gayrimenkul'den ACİL SATILIK DAİRE,none,0,0,0,0,0,none,0,,1329642542
Çatı Dubleksi,BAŞİSKELE BARBAROS MAHALLESİ'NDE SATILIK 4+1 SATILIK DUBLEKS,roof,1,1,0,0,0,detail_and_title,0,title_generic_confirms_detail_subtype,1291703423
,KOCAELİ KULLAR ULTRA LÜX 2+1 ARAKAT DAİRE,none,0,0,0,0,0,none,0,,1329703112
Çatı Dubleksi,BARBAROS MAH. SATILIK KAPALI TERASLI 3+1 Ç.DUBLEKSİ DAİRE,roof,1,1,0,0,0,detail_and_title,0,title_generic_confirms_detail_subtype,1329696641
,BAŞİSKELE KULLAR LÜX ARAKAT,none,0,0,0,0,0,none,0,,1329691205
Çatı Dubleksi,Eğimsiz 3+1 Çatı Dubleks Daire Önü Açık Deniz ve Şehir Manzaralı,roof,1,1,0,0,0,detail_and_title,0,,1323718404
Çatı Dubleksi,Reliance G.D. Başiskele Merkezde Satılık Daireler,roof,1,1,0,0,0,detail,0,,1329654732
Çatı Dubleksi,3+1 MODA PAZARI VE SAAT KULESİ ARASI ÇATI DUBLEKS SATILIK,roof,1,1,0,0,0,detail_and_title,0,,1323596539
,BAŞİSKELE EVİMİZ KOCAELİ SİTESİ 3+1 BAHÇE KATI SATILIK DAİRE,none,0,0,0,0,0,none,0,,1328278251
Çatı Dubleksi,C&G GÜLŞEN EMLAK GAYRİMENKULDEN SATILIK 3+1 ÇATI DUBLEX,roof,1,1,0,0,0,detail_and_title,0,,1329633458
En Üst Kat|Çatı Dubleksi,YBM'den Başiskele Pınar Caddesi Sahile 5dk KÖŞE BAŞI 4+1 DUBLEKS,roof,1,1,0,0,0,detail_and_title,0,title_generic_confirms_detail_subtype,1071861748
Ara Kat|Çatı Dubleksi,SATILIK KISMİ DENİZ MANZARALI DUBLEKS DAİRE,roof,1,1,0,0,0,detail_and_title,0,title_generic_confirms_detail_subtype,1317605564
Bahçe Dubleksi,BAŞİSKELE BARBAROS MAH'DE TERAS 2 EVLERİNDE SATILIK 3+1 DAİRE,garden,1,0,1,0,0,detail,0,,1329605159
Çatı Dubleksi,"BAŞİSKELE SAHİLDE, EMSALSİZ LOKASYONDA SATILIK DUBLEKS 4+1 DAİRE",roof,1,1,0,0,0,detail_and_title,0,title_generic_confirms_detail_subtype,1278010340
Bahçe Dubleksi,BAŞİSKELE BARBAROS MAHALLESİNDE SATILIK FIRSAT 3+1 DUBLEKS DAİRE,garden,1,0,1,0,0,detail_and_title,0,title_generic_confirms_detail_subtype,1326649355
Dubleks|Bahçe Dubleksi,BAŞİSKELE'de DENİZ MANZARALI SATILIK 3+1LÜKS BAHÇE DUBLEKS DAİRE,garden,1,0,1,0,0,detail_and_title,0,,1315671814
,3+1 | EĞİMSİZ | TERAS | LÜKS | BAŞİSKELE | BAHÇELİ | ARAÇ TAKAS,none,0,0,0,0,0,none,0,,1329565088
Dubleks,BAŞİSKELE MAHMUTPAŞADA SATILIK 4+1 DUBLEKS DAİRE,standard,1,0,0,0,1,detail_and_title,0,,1297278763
,FUL DENİZ MANZARALI GENİŞ 4+1,none,0,0,0,0,0,none,0,,1329939592
Bahçe Dubleksi,KULLAR SİTE İÇERİSİNDE 3+1 DENİZ MAN. SIFIR BAHÇE DUBLEKS DAİRE,garden,1,0,1,0,0,detail_and_title,0,,1329511003
Dubleks|En Üst Kat|Çatı Dubleksi,KULLAR 2+1 EĞİMSİZ DUBLEKS DAİRE,roof,1,1,0,0,0,detail_and_title,0,title_generic_confirms_detail_subtype,1323790020
,KULLAR YAYLACIK MAH.- SATILIK DAİRE -3+1 -136 m²-BAHÇE DUBLEKS,garden,1,0,1,0,0,title,0,,1275549658
En Üst Kat,BAŞİSKELE PEKDEMİR EVİMİZ KOCAELİ'DE 2+1 SATILIK DAİRE,none,0,0,0,0,0,none,0,,1329489722
Dubleks|Bahçe Dubleksi,Başiskele Yakacık Mah.Geniş Bahçeli 3+1 Satılık Bahçe Dubleks,garden,1,0,1,0,0,detail_and_title,0,,1321506124
,Denize Yürüme Mesafesinde | Asansörlü 3+1 Geniş Daire eşyalı,none,0,0,0,0,0,none,0,,1329477389
Ara Kat|Bahçe Dubleksi|Çatı Dubleksi,ALTINKENT MAHALLESİNDE EKONOMİK FİYATLARDA DUBLEKS DAİRELER,roof,1,1,0,0,0,detail_and_title,0,title_generic_confirms_detail_subtype,1308491318
Çatı Dubleksi,Kullar Merkez Mahallesinde Sıfır 3+1 Çatı Dubleksi Satılıktır.,roof,1,1,0,0,0,detail_and_title,0,,1329239922
,BAŞİSKELE BARBAROS SAAT KULESİ SATILIK 2+1 ÇATI DUBLEKS,roof,1,1,0,0,0,title,0,,1329650501
Ara Kat,3+1 Ara Kat Daire,none,0,0,0,0,0,none,0,,1329426383
Dubleks|Bahçe Dubleksi,BAŞİSKELE BARBAROS MAHALLESİ'NDE MERKEZİ KONUMDA 3+1 BAHÇE DBLK,garden,1,0,1,0,0,detail,0,,1329430251
,BAŞİSKELE'DE DENİZ MANZARALI 3+1 SATILIK BAHÇE DUBLEKS DAİRE,garden,1,0,1,0,0,title,0,,1286315713
Ara Kat,BAŞISKELE SAHİL DENİZ MANZARALI DÜZ DAİRE,none,0,0,0,0,0,none,0,,1329397076
,ACİL SATILIK Barbaros'ta 150 m2 3+1 Site içi B.Dubleks,standard,1,0,0,0,1,title,0,,1320156717
,BAŞİSKELE BARBAROS MAHALLESİNDE SATILIK 2+1 ÇATI DUBLEKS İSKANLI,roof,1,1,0,0,0,title,0,,1323369784
Çatı Dubleksi,VİRA EVLERİ Projesi 3+1 215m2 Balkonlu Satılık Daire,roof,1,1,0,0,0,detail,0,,1329367150
Dubleks|En Üst Kat|Ters Dubleks,ALAÇATI'dan YAYLACIK MH.'de HAVUZLU SİTE 1+1 DUBLEKS DAİRE,standard,1,0,0,0,1,detail_and_title,0,,1309301415
Bahçe Dubleksi,RE/MAX ARMİNA GÜVENCESİYLE BAHÇE DUBLEKS YAŞAM FIRSATI,garden,1,0,1,0,0,detail_and_title,0,,1329354359
Dubleks|En Üst Kat|Çatı Dubleksi,FIRSAT BAŞİSKELE DÖNGELDE SİTEDE 3+1 145M2 SATILIK ÇATI DUBLEKS.,roof,1,1,0,0,0,detail_and_title,0,,1317357625
Tripleks,TANTA EMLAK'TAN SATILIK SİTE İÇİ HAVUZLU ULTRA LÜKS VİLLA,none,0,0,0,0,0,none,0,,1323483849
Ters Dubleks,BAŞİSKELE DÖNGEL ALTINKENT MEVKİİNDE 3+1 SATILIK TERS DUBLEKS,standard,1,0,0,0,1,detail_and_title,0,,1312204162
En Üst Kat,Evimiz Kocaeli Sitesinde Satılık İçi Yapılı Daire,none,0,0,0,0,0,none,0,,1329322610
Bahçe Dubleksi,Attichouse'tan Deniz Manz 4+1 Bahçe Dubleks Başiskele'de Satılık,garden,1,0,1,0,0,detail_and_title,0,,1326455646
,BAŞİSKELE DÖNGEL SATILIK DUBLEKS,standard,1,0,0,0,1,title,0,,1329317061
,Barbaros mah.atatürk caddesinde satılık 2+1 dubleks daire,standard,1,0,0,0,1,title,0,,1329293871
Bahçe Dubleksi,YAYLACIK MAH. 2+1 AMERİKAN MUTFAK BAHÇE DUBLEKS,garden,1,0,1,0,0,detail_and_title,0,,1317813693
Dubleks|En Üst Kat|Çatı Dubleksi,BAŞİSKELE MERKEZ DE 3+1 ASANSÖRLÜ ÇATI DUBLEKS,roof,1,1,0,0,0,detail_and_title,0,,1324990435
Ara Kat,BAŞİSKELE BARBAROS MAH'DE SATILIK 3+1 ARA KAT DAİRE,none,0,0,0,0,0,none,0,,1318009491
Bahçe Dubleksi|Ters Dubleks,REMAX DREAM'DEN BAŞİSKELE SAHİLDE 2+1 SATILIK DUBLEX DAİRE,garden,1,0,1,0,0,detail_and_title,0,title_generic_confirms_detail_subtype,1309034297
Bahçe Dubleksi,RE/MAX ARMİNA GÜVENCESİYLE 3+1 Bahçe Dubleks,garden,1,0,1,0,0,detail_and_title,0,,1329353308
Çatı Dubleksi,DENİZ MANZARALI 3+1 135 M2 EĞİMSİZ ÇATI DUBLEX KREDİYE UYGUN,roof,1,1,0,0,0,detail_and_title,0,,1312125080
Dubleks,İNŞAAT MÜHENDİSİNDEN 4+1 DUBLEKS | 4 BALKONLU | YOLA SIFIR,standard,1,0,0,0,1,detail_and_title,0,,1323257269
Bahçe Dubleksi,İLK ve ORTAOKULA STRADAYA YÜRÜME MESAFESİNDE 3+1 BAHÇE DUBLEKS,garden,1,0,1,0,0,detail_and_title,0,,1312032538
,BİTİNYA HOMES SİTESİNDE SATILIK 3+1 ÇATI DUBLEX,roof,1,1,0,0,0,title,0,,1329108047
Dubleks|Bahçe Dubleksi,BAŞİSKELE ALTINKENT MAH. SATILIK SİTE İÇİ 3+1 BAHÇE DUBLEKS,garden,1,0,1,0,0,detail_and_title,0,,1317807835
,Site içerisinde havuzlu daire,none,0,0,0,0,0,none,0,,1183638035
Dubleks,SEYMEN SAHİLE YAKIN SATILIK 5+2 DUBLEX VİLLA TİPİ DAİRE,standard,1,0,0,0,1,detail_and_title,0,,1300389563
,Başiskele Kullar Tepecik Mah. Site İçerisinde Satılık 3+1,none,0,0,0,0,0,none,0,,1329073944
Dubleks|En Üst Kat|Çatı Dubleksi,BARBAROS MAHALLESİNDE PANAROMİK DENİZMANZARALI 3+1 ÇATI DUBLEKS,roof,1,1,0,0,0,detail_and_title,0,,1319864159
Bahçe Dubleksi,BAŞİSKELE BARBAROS MAH'DE KENDİNE AİT BAHÇELİ 3+1 DAİRE,garden,1,0,1,0,0,detail,0,,1329345480
,BAŞİSKELE BAHÇECİK MEZİRE EVLERİ - SATILIK VE KİRALIK DAİRELER,none,0,0,0,0,0,none,0,,1286443419
,BAŞİSKELE BARBAROS MAHALLESİNDE SİTE İÇİ SATILIK DAİRE;,none,0,0,0,0,0,none,0,,1314301680
Bahçe Dubleksi,BAŞİSKELE KÖRFEZ MAH. SATILIK 2+1 BAHÇE DUBLEKS DAİRE,garden,1,0,1,0,0,detail_and_title,0,,1317967667
Dubleks,BAŞİSKELE' DE FUL DENİZ MANZARALI SATILIK 4+1 DUBLEX DAİRE,standard,1,0,0,0,1,detail_and_title,0,,1305716629
Çatı Dubleksi,KOCAELİ BAŞİSKELE'DE 2+1 EĞİMSİZ SİTE İÇİNDE ÇATI DUBLEKSİ,roof,1,1,0,0,0,detail_and_title,0,,1322960670
Ara Kat,BAŞİSKELEDE MODA PAZARI CİVARINDA 3+1 ARA KAT DAİRE,none,0,0,0,0,0,none,0,,1311878594
,Başiskele Paşadağ Yakacık'ta Ultra Lüks 2+1 Dubleks Daire,standard,1,0,0,0,1,title,0,,1321593284
Ara Kat,ERENOĞLU GM'DEN BARBAROS MAH PINAR CEDDESİNDE SATILIK 3+1 ARAKAT,none,0,0,0,0,0,none,0,,1329094604
,BAŞİSKELE YENİKÖYDE SATILIK 4+1 DENİZ MANZARALI SIFIR VİLLA,none,0,0,0,0,0,none,0,,1277632854
,BAŞİSKELE KÖRFEZ MAH DE SATILIK FIRSAT 3+1 EBEVEYN BANYOLU DAİRE,none,0,0,0,0,0,none,0,,1328885606
,Moda Pazarı Üstü 3+1 Çatı Dubleks,roof,1,1,0,0,0,title,0,,1318055448
Dubleks,SEYMEN REZİDANS SATILIK DUBLEKS 1+1 DAİRE,standard,1,0,0,0,1,detail_and_title,0,,1328841314
Dubleks|En Üst Kat|Çatı Dubleksi,KULLAR MERKEZDE LÜKS 3+1 DUBLEKS DAİRE,roof,1,1,0,0,0,detail_and_title,0,title_generic_confirms_detail_subtype,1268047763
Ara Kat,BAŞİSKELE 2+1 ARA KAT | 3 BALKON | YERDEN ISITMALI |YÜKSEK KREDİ,none,0,0,0,0,0,none,0,,1328800120
Dubleks|Çatı Dubleksi,ListingPortal Satılık 140m2 Dubleks 2+1 Daire,roof,1,1,0,0,0,detail_and_title,0,title_generic_confirms_detail_subtype,1328124993
Çatı Dubleksi,KULLAR MERKEZDE ACİL SATILIK 3+1 140M2 ÇATI DUBLEX,roof,1,1,0,0,0,detail_and_title,0,,1317242813
Bahçe Dubleksi|Tripleks,"BAŞİSKELE'DE MERKEZİ KONUMDA, FERAH VE KULLANIŞLI BAHÇE DUBLEKS!",garden,1,0,1,0,0,detail_and_title,0,,1329116215
En Üst Kat,BAŞİSKELE YENİKÖY KALICI DEPREM KONUTLARINDA SATILIK 3+1 DAİRE,none,0,0,0,0,0,none,0,,1328698464
Çatı Dubleksi,BAŞİSKELE BARBOROS MAH. LÜKS ÇATI 3+1 ÇATI DUBLEKS,roof,1,1,0,0,0,detail_and_title,0,,1325741044
Dubleks,KULLAR'DA MERKEZİ KONUMDA 2+1 SATILIK ÇATI DUBLEKS,standard,1,0,0,0,1,conflict_detail_wins,1,conflict detail=standard title=roof,1313840125
,YENİKÖY ATAKENT SİTESİ İÇERİSİNDE SATILIK 4+1 BAHÇE DUBLEKS,garden,1,0,1,0,0,title,0,,1328684329
Ara Kat,DERİNDEN MAHMUTPAŞA MAHALLESİNDE SATILIK 2+1 ARA KAT DAİRE,none,0,0,0,0,0,none,0,,1328672159
Çatı Dubleksi,CB ENVOY Başiskele Seymen'de Deniz Manzaralı 3+1 Çatı Dubleks,roof,1,1,0,0,0,detail_and_title,0,,1314373917
Bahçe Dubleksi,YUVACIK MAHMUTPAŞA MAH. SATILIK 3+1 DUBLEX DAİRE,garden,1,0,1,0,0,detail_and_title,0,title_generic_confirms_detail_subtype,1261937884
,BAŞİSKELE KULLAR'DA 2+1 EBEVYN BANYOLU SATILIK ÇATI DUBLEKS,roof,1,1,0,0,0,title,0,,1322945323
,BAŞİSKELE BARBAROSTA 5+1 SATILIK ÇATI DUBLEKS DAİRE,roof,1,1,0,0,0,title,0,,1311419627
Dubleks,KAYA İNŞAATTAN SATILIK LÜKS DAİRE,standard,1,0,0,0,1,detail,0,,1328600410
Ara Kat Dubleks,BAŞİSKELE ALTINKENT DÖNGEL MEVKİ 3+1 SATILIK ARA DUBLEKS DAİRE,middle_floor,1,0,0,1,0,detail_and_title,0,title_generic_confirms_detail_subtype,1322798042
Çatı Dubleksi,BAŞİSKELE PINAR CADDESİ ÜZERİNDE SATILIK 4+1 DUBLEKS DAİRE,roof,1,1,0,0,0,detail_and_title,0,title_generic_confirms_detail_subtype,1302888207
En Üst Kat,BAŞİSKELE EVİMİZ KOCAELİ SİTESİ STRADA YANI 3+1 SATILIK DAİRE,none,0,0,0,0,0,none,0,,1328534859
Dubleks|Çatı Dubleksi,BAŞİSKELE BARBAROS MAH 2+1 EĞİMSİZ ÇATI DUBLEKS DAİRE,roof,1,1,0,0,0,detail_and_title,0,,1328547336
Çatı Dubleksi,BAŞİSKELE BARBAROS MAH. DENİZ MANZARALI 4+1 270 M2 SATILIK DAİRE,roof,1,1,0,0,0,detail,0,,1328543753
Bahçe Dubleksi,BAŞİSKELE KÖRFEZ MAH BAHÇE DUBLEKS SATILIK SIFIR DAİRE,garden,1,0,1,0,0,detail_and_title,0,,1328542579
,SEYMEN MAHALLESİNDE SATILIK 1+1 DAİRE,none,0,0,0,0,0,none,0,,1328515117
Ara Kat,Reliance G.D. Satılık Başiskele'de Geniş 1+1 Ara Kat Daire,none,0,0,0,0,0,none,0,,1328736530
Çatı Dubleksi,GEMA GAYRİMENKULDEN MERKEZİ KONUMDA LÜKS 3+1 DUBLEKS DAİRE,roof,1,1,0,0,0,detail_and_title,0,title_generic_confirms_detail_subtype,1316736443
Ara Kat,FIRSAT!!! BAŞİSKELE'DE DENİZ MANZARALI EĞİMSİZ 3+1 ÇATI DUBLEKS,roof,1,1,0,0,0,title,0,,1304799962
Çatı Dubleksi,BAŞİSKELE ALTINVADİ EVLERİNDE SATILIK 3+1 DUBLEKS DAİRE,roof,1,1,0,0,0,detail_and_title,0,title_generic_confirms_detail_subtype,1322698685
Dubleks,AMG EMLAKTAN YENİKÖYDE VİLLA KONSPETİNDE GENİŞ BAHÇELİ DUBLEKS,standard,1,0,0,0,1,conflict_detail_wins,1,conflict detail=standard title=garden,1311167672
Çatı Dubleksi,BAŞİSKELE MAHMUT PAŞA'DA 2+1 SATILIK ÇATI DUBLEKS,roof,1,1,0,0,0,detail_and_title,0,,1328436330
,Altın Vadi Evleri 3+1 çatı dubleks,roof,1,1,0,0,0,title,0,,1322610694
,MUHTEŞEM MANZARALI HAVUZLU SİTEDE SIFIR ÇATI DUBLEKS,roof,1,1,0,0,0,title,0,,1311232116
Dubleks|Çatı Dubleksi,BAŞİSKELE YENİKÖY MERKEZ'DE 155 m² NET LÜKS 3+1 DUBLEKS,roof,1,1,0,0,0,detail_and_title,0,title_generic_confirms_detail_subtype,1328565816
Çatı Dubleksi,DERİN'DEN MAHMUTPAŞA'DA SATILIK DENİZ MANZARALI 3+1 ÇATI DUBLEKS,roof,1,1,0,0,0,detail_and_title,0,,1328542623
,BAŞİSKELE Döngel'de Site içi Satılık 3+1 Dubleks Daire,standard,1,0,0,0,1,title,0,,1328339993
Çatı Dubleksi,BAŞİSKELE ALTINKENT DÖNGEL MEVKİ 3+1 SATILIK ÇATI DUBLEKS DAİRE,roof,1,1,0,0,0,detail_and_title,0,,1322781840
Çatı Dubleksi,"Başiskele Seymen Mah. Satılık ""0"" 3+1 çatı dubleks",roof,1,1,0,0,0,detail_and_title,0,,1328301303
Ara Kat,Bahama İnşaat Projesi 3+1 138m2 Satılık Lüks Daire,none,0,0,0,0,0,none,0,,1318681657
,KOCAELİ BAŞİSKELE SEYRİ VADİ SİTESİ SATILIK 4+1 DUBLEKS DAİRE,standard,1,0,0,0,1,title,0,,1298546532
Dubleks|En Üst Kat|Çatı Dubleksi,BAŞİSKELE KÖRFEZ MH'de SATILIK EBEVEYN BANYOLU 2+1 ÇATI DUBLEKS,roof,1,1,0,0,0,detail_and_title,0,,1328291179
Dubleks|En Üst Kat|Çatı Dubleksi,ListingPortal SatılıkEv,roof,1,1,0,0,0,detail,0,,1328286853
Çatı Dubleksi,SAHİBİNDEN BAŞİSKELE'NİN MANZARALI EN GÜZEL DUBLEX DAİRESİ,roof,1,1,0,0,0,detail_and_title,0,title_generic_confirms_detail_subtype,1328246815
Bahçe Dubleksi,GEMA GAYRİMENKULDEN MERKEZİ KONUMDA LÜKS 3+1 BAHÇE DUBLEKS,garden,1,0,1,0,0,detail_and_title,0,,1316733104
,FUL MANZARALI 2+1 Dubleks,standard,1,0,0,0,1,title,0,,1328448200
En Üst Kat|Çatı Dubleksi,BAHÇECİK ELİTİUM PARK EVLERİNDE MUHTEŞEM 4+1 208M2 ÇATI DUBLEKS.,roof,1,1,0,0,0,detail_and_title,0,,1317041438
,Moda Pazarı Üstü 3+1 Dubleks,standard,1,0,0,0,1,title,0,,1315890416
Çatı Dubleksi,KOCAELİ BAŞİSKELE'DE SATILIK 3+1 DUBLEKS MESKEN (306858),roof,1,1,0,0,0,detail_and_title,0,title_generic_confirms_detail_subtype,1322472652
,BAŞİSKELE SAHİLDE ARA KAT 3+1 GENİŞ KULLANIŞLI DAİRE,none,0,0,0,0,0,none,0,,1328223348
,SAHİBİNDEN BAŞİSKELE'DE TEMİZ DAİRE,none,0,0,0,0,0,none,0,,1328193188
Ara Kat,Başiskele Altınkent'te Deniz ve Doğa Manzaralı 3+1 Geniş Arakat,none,0,0,0,0,0,none,0,,1322153234
Dubleks|Çatı Dubleksi,EMLAK KOMİSYONU YOKTUR! 3+1 EĞİMSİZ ÇATI DUBLEKS,roof,1,1,0,0,0,detail_and_title,0,,1328154211
Bahçe Dubleksi,BARBAROS MAH LÜX SATILIK BAHÇE DUBLEKS DAİRE,garden,1,0,1,0,0,detail_and_title,0,,1313250454
,İL EMNİYETE YAKIN KONUMDA SATILIK ÇATI DUBLEX,roof,1,1,0,0,0,title,0,,1305345500
Ters Dubleks,Başiskele Barbaros'ta Satılık Lüks 3+1 Ters Dubleks Daire,standard,1,0,0,0,1,detail_and_title,0,,1325149576
Çatı Dubleksi,BAŞİSKELE KULLAR MAH. HİFA KONAKLARI YENİ 4+1 SATILIK DAİRE,roof,1,1,0,0,0,detail,0,,1328317940
,TANYILDIZ - BAŞİSKELE / KULLAR 2+1 ÇATI DUBLEKS 130 m2,roof,1,1,0,0,0,title,0,,1328106110
Bahçe Dubleksi,BARBAROS'DA MÜSTAKİL EV TADINDA 4+1 BAHÇE DUBLEKS DAİRE,garden,1,0,1,0,0,detail_and_title,0,,1328074774
Çatı Dubleksi,Remax 2+1 deniz manzaralı dubleks daire,roof,1,1,0,0,0,detail_and_title,0,title_generic_confirms_detail_subtype,1328096336
Çatı Dubleksi,KOCAELİ BAŞİSKELE'DE 3+1 EĞİMSİZ SİTE İÇİNDE ÇATI DUBLEKSİ,roof,1,1,0,0,0,detail_and_title,0,,1322535660
,Başiskelede Temiz ve Bakımlı 2+1 Daire,none,0,0,0,0,0,none,0,,1328071608
,Kullarda 2+1 lüks hazır bitmiş düz daire,none,0,0,0,0,0,none,0,,1328097143
Çatı Dubleksi,GEMA GAYRİMENKULDEN MERKEZİ KONUMDA LÜKS 2+1 DUBLEKS DAİRE,roof,1,1,0,0,0,detail_and_title,0,title_generic_confirms_detail_subtype,1316741419
,BAŞİSKELE PAŞADAĞ'DA MANZARALI SATILIK2+1 DUBLEKS DAİRE,standard,1,0,0,0,1,title,0,,1317250690
Ara Kat,Başiskele Barbaros Mah.de 3+1 Dubleks Satılık Daire,standard,1,0,0,0,1,title,0,,1321991365
Dubleks|Bahçe Dubleksi,BARBAROS MAHALLESİNDE MÜSTAKİL BAHÇE KULLANIMLI SATILIK DAİRE,garden,1,0,1,0,0,detail,0,,1322063504
Çatı Dubleksi,KULLAR MAHALLESİNDE 135 M2 3+1 SATILIK ÇATI DUBLEX SIFIR DAİRE,roof,1,1,0,0,0,detail_and_title,0,,1321742650
Çatı Dubleksi,MERKEZİ KONUM 3+1 ÇATI DUBLEKS ASANSÖRLÜ DAİRE SATILIK,roof,1,1,0,0,0,detail_and_title,0,,1311544626
Bahçe Dubleksi,FIRSAT! ALTINKEN'TA DOĞA MANZARALI 3+1 BAHÇELİ DUBLEKS DAİRE,garden,1,0,1,0,0,detail_and_title,0,,1266618718
,Acil Üst park Ata.sitesinde satılık açık manzaralı bahçe dubleks,garden,1,0,1,0,0,title,0,,1327987183
Çatı Dubleksi,Başiskele'de Yatırımın Adı: Üstpark Afraze 3+1 Daire,roof,1,1,0,0,0,detail,0,,1258289624
Dubleks|En Üst Kat|Çatı Dubleksi,YAKACIK'DA SATILIK 4+1 EĞİMSİZ ÇATI DUBLEKS,roof,1,1,0,0,0,detail_and_title,0,,1328135585
Dubleks,ASİES'TEN FIRSAT FERAH KULLANIM EMSALSİZ 4+1 DUBLEKS PANORAMİK..,standard,1,0,0,0,1,detail_and_title,0,,1311126565
Çatı Dubleksi,BAŞİSKELE BARBAROSTA NOTER KARŞISI SATILIK 2+1 ÇATI DUBLEX DAİRE,roof,1,1,0,0,0,detail_and_title,0,,1304597647
Çatı Dubleksi,SINIRSIZ KREDİYE UYGUN 3+1 GENİŞ EĞİMSİZ Ç.DUBLEKS DAİRE,roof,1,1,0,0,0,detail_and_title,0,title_generic_confirms_detail_subtype,1300139195
Çatı Dubleksi,BAŞİSKELE YAYLACIK MAH.FULL DENİZ MANZARALI 2+1 ÇATI DUBLEKS,roof,1,1,0,0,0,detail_and_title,0,,1328297435
,MERKEZİ KONUM 2+1 YÜKSEK GİRİŞ,none,0,0,0,0,0,none,0,,1328067179
,Kocaeli Başiskele Yuvacık merkez 2 + 1 satılık dubleks,standard,1,0,0,0,1,title,0,,1324940503
,ÇİFT TERAS DOĞA VE DENİZ MANZARALI 3+1 Dubleks,standard,1,0,0,0,1,title,0,,1296692868
Dubleks|En Üst Kat|Ters Dubleks,BAŞİSKELE MERKEZDE EMSALSİZ GENİŞLİKTE CADDE ÜZERİ FERAH DUBLEKS,standard,1,0,0,0,1,detail_and_title,0,,1316334792
,BARBAROS MAHALLESİNDE 3+1 SIFIR ÇATI DUBLEKS DENiZ MANZARALI,roof,1,1,0,0,0,title,0,,1286934802
Dubleks|En Üst Kat|Çatı Dubleksi,LENAHAN'DAN FIRSAT SATILIK SIFIR DUBLEKS DAİRE,roof,1,1,0,0,0,detail_and_title,0,title_generic_confirms_detail_subtype,1316012413
Çatı Dubleksi,SATILIK BAŞİSKELE BARBAROS'TA ASANSÖRLÜ 3+1 ÇATI DUBLEKS DAİRE,roof,1,1,0,0,0,detail_and_title,0,,1318834440
Ara Kat|Çatı Dubleksi,Kocaeli Başiskele Bahçecik'te Satılık 3+1 Çatı Dubleks,roof,1,1,0,0,0,detail_and_title,0,,1316504172
Ara Kat|Çatı Dubleksi,CADDE ÜZERİNDE DENİZ MANZARALI 2+1 ŞAHANE DUBLEX SIFIR FIRSAT !!,roof,1,1,0,0,0,detail_and_title,0,title_generic_confirms_detail_subtype,1305178441
Çatı Dubleksi,KARŞIYAKADA ÇOK GÜZEL KONUMDA SATILIK 2+1 ÇATI DUBLEKSİ DAİRE,roof,1,1,0,0,0,detail_and_title,0,,1327733843
Dubleks,ENVOY'DAN BAŞİSKELE MAHMUTPAŞA MAHALLESİN'DE EĞİMSİZ 3+1 DUBLEKS,standard,1,0,0,0,1,detail_and_title,0,,1313575680
,ASANSÖRLÜ İSKANI ALINMIŞ OTURUMA HAZIR 3+1 ÇATI DUBLEKS,roof,1,1,0,0,0,title,0,,1315549332
Dubleks|Çatı Dubleksi,BAŞİSKELE BARBAROS MERKEZ'DE ASANSÖRLÜ MODERN 3+1 DUBLEKS DAİRE,roof,1,1,0,0,0,detail_and_title,0,title_generic_confirms_detail_subtype,1321640461
Çatı Dubleksi,BAŞİSKELE BARBAROS'DA SATILIK SIFIR GENİŞ DUBLEKS DAİRE,roof,1,1,0,0,0,detail_and_title,0,title_generic_confirms_detail_subtype,1299432841
,BAŞİSKELE DE ÖZEL BAHÇELİ SATILIK 4+1 GENİŞ DAİRE,none,0,0,0,0,0,none,0,,1327595461
Çatı Dubleksi,"Başiskele Kullar'da, Deniz Manzaralı 3+1 Eğimsiz Dubleks",roof,1,1,0,0,0,detail_and_title,0,title_generic_confirms_detail_subtype,1321585805
Dubleks|En Üst Kat|Ara Kat|Çatı Dubleksi,KOCAELİ BAŞİSKELE BARBAROS MAHALLESİ'NDE 4+1 ÇATI DUBLEKS DAİRE,roof,1,1,0,0,0,detail_and_title,0,,1312668171
Dubleks|Çatı Dubleksi,BAŞİSKELE YENİKÖY'DE ÇATI DUBLEKS 2+1 GENİŞ SATILIK DAİRE,roof,1,1,0,0,0,detail_and_title,0,,1324643362
Çatı Dubleksi,Seyr-i Vadi'de Satılık 2+1 Çatı Dubleks,roof,1,1,0,0,0,detail_and_title,0,,1312251241
Çatı Dubleksi,Basiskele Yesilyurt Satilik Luks 3+1 Cati dubleks,roof,1,1,0,0,0,detail_and_title,0,,1327568344
Bahçe Dubleksi,Güvenlikli ve havuzlu sitede geniş bahçeli dubleks ferah daire,garden,1,0,1,0,0,detail_and_title,0,,1321410025
Çatı Dubleksi,Konutix'ten Başiskele Barbaros'ta Satılık 2+1 Dublex Daire,roof,1,1,0,0,0,detail_and_title,0,title_generic_confirms_detail_subtype,1315958416
Bahçe Dubleksi,Başiskele Yeniköy Üstpark Afraze'de Satılık 4+1 Bahçe Dubleks,garden,1,0,1,0,0,detail_and_title,0,,1316389614
Çatı Dubleksi,Başiskele'de Deniz Manzaralı Satılık 4+1 Çatı Dubleks (155m²),roof,1,1,0,0,0,detail_and_title,0,,1288041652
,BAŞİSKELE YENİKÖY MERKEZDE MÜSTAKİL TADINDA GENİŞ ÇATI DUBLEKS!,roof,1,1,0,0,0,title,0,,1313208786
Çatı Dubleksi,Başiskele yaylacık'da bulvara komşu 2+1 geniş çatı dubleks,roof,1,1,0,0,0,detail_and_title,0,,1313023983
Çatı Dubleksi,BAŞİSKELE BARBOROS MAH.2+1 ÇATI DUBLEKS GENİŞ TERASLI DAiRE,roof,1,1,0,0,0,detail_and_title,0,,1327548067
,TWINKLE LIFE SİTESİ BAŞISKELE 4+1 TERASLI LÜKS DUBLEKS DAİRE,standard,1,0,0,0,1,title,0,,1327345272
Dubleks|En Üst Kat|Çatı Dubleksi,RİBANKTAN MERKEZİ LOKASYONDA 205 M2 GENİŞ EĞİMSİZ ÇATI DUBLKS,roof,1,1,0,0,0,detail,0,,1293003793
,GÜMÜŞ GAYRİMENKULDEN BAŞİSKELE'DE SATILIK 2+1 BAHÇE DUBLEX,garden,1,0,1,0,0,title,0,,1327310046
Bahçe Dubleksi,KOCAELİ İZMİT BAŞİSKELE VİLLA LİVA'DA SATILIK 3+1 BAHÇE DUBLEKSİ,garden,1,0,1,0,0,detail_and_title,0,,1327293853
Çatı Dubleksi,LOFT GROUP GM'DEN BARBAROS MAH. 165 m2 3+1 ÇATI DUBLEKS DAİRE,roof,1,1,0,0,0,detail_and_title,0,,1327277817
Ters Dubleks,ACİLL 3+1 BAHÇE DUBLEKS SATILIK,standard,1,0,0,0,1,conflict_detail_wins,1,conflict detail=standard title=garden,1327242193
Çatı Dubleksi,BARBAROS MAH. SATILIK TAMAMI KREDİYE UYGUN 2+1 ÇATI DUBLEKS,roof,1,1,0,0,0,detail_and_title,0,,1327443859
Dubleks|En Üst Kat|Çatı Dubleksi,Başiskele merkezde 3+1 çatı dubleks (çatı eğimsiz),roof,1,1,0,0,0,detail_and_title,0,,1317523729
Çatı Dubleksi,BAŞİSKELE SEYMENDE 3+1 SATILIK GENİŞ ÇATI DUBLEKS,roof,1,1,0,0,0,detail_and_title,0,,1243679315
,"Elitium Trioda,Havuzlu,Kiracılı 3+1 düz giriş (dublex değildir)",standard,1,0,0,0,1,title,0,,1257678730
Çatı Dubleksi,BAŞİSKELE BARBAROS MAHALLESİNDE SATILIK 3+1 DUBLEKS DAİRE,roof,1,1,0,0,0,detail_and_title,0,title_generic_confirms_detail_subtype,1253179569
Dubleks|Çatı Dubleksi,Elitium Park Evlerinde doğayla içiçe Satılık 3+1 Dubleks,roof,1,1,0,0,0,detail_and_title,0,title_generic_confirms_detail_subtype,1320473873
Ters Dubleks,Başiskele Kullar'da Satılık 2+1 Çatı Dubleks Daire (85m² Net),standard,1,0,0,0,1,conflict_detail_wins,1,conflict detail=standard title=roof,1320457592
Dubleks,Merkezi konumda Satılık 3+1 teraslı çatı dubleks,standard,1,0,0,0,1,conflict_detail_wins,1,conflict detail=standard title=roof,1326769501
Çatı Dubleksi,BAŞİSKELE'NİN TAM MERKEZİNDE 2+1 ÇATIDUBLEKS SIFIR DAİRE,roof,1,1,0,0,0,detail_and_title,0,,1327346794
Bahçe Dubleksi,KOCAELİ BAŞİSKELE ROSE GARDEN SİTESİNDE 3+1 BAHÇE DUBLEX,garden,1,0,1,0,0,detail_and_title,0,,1314152369
Çatı Dubleksi,EKOL'den Başiskele/Altınkent Mah. Manzaraya Hakim3+1 Çatı Dublex,roof,1,1,0,0,0,detail_and_title,0,,1315025331
,Satılık 4+1 teraslı çatı dubleks,roof,1,1,0,0,0,title,0,,1326602554
Çatı Dubleksi,SATILIK MODERN LÜKS ÇATI DUBLEKS,roof,1,1,0,0,0,detail_and_title,0,,1326611939
Dubleks|Çatı Dubleksi,BAŞİSKELE YAYLACIK 'TA MÜSTAKİL GİBİ ÇATI EĞİMSİZ KUPON DAİRE,roof,1,1,0,0,0,detail,0,,1302280747
,KW Arven'den Başiskele Barbaros Mah. 2+1 Dubleks Daire,standard,1,0,0,0,1,title,0,,1326903731
Çatı Dubleksi,RE/MAX MYRADAN 4+1 GENİŞ KULANIŞLI DUBLEKS FULL DENİZ MANZARALI,roof,1,1,0,0,0,detail_and_title,0,title_generic_confirms_detail_subtype,1324418991
,KULLAR KARDELEN SITESI 2+1 SITE IÇI BAHÇE KATI DAIRE,none,0,0,0,0,0,none,0,,1075314796
,Başiskele Barbaros Mahallesinde Satılık 3+1 Dubleks Daire,standard,1,0,0,0,1,title,0,,1268322966
Çatı Dubleksi,BAŞİSKELE BARBAROS MAHALLESİ FULL MANZARALI DUBLEX,roof,1,1,0,0,0,detail_and_title,0,title_generic_confirms_detail_subtype,1308770499
Çatı Dubleksi,BAŞİSKELE YÜSRA EVLERİ SATILIK 4+1 DUBLEX DAİRE,roof,1,1,0,0,0,detail_and_title,0,title_generic_confirms_detail_subtype,1278245124
Dubleks|En Üst Kat|Ara Kat|Ara Kat Dubleks|Bahçe Dubleksi|Çatı Dubleksi|Forleks|Ters Dubleks|Tripleks,SATILIK 4+1 DUBLEKS DAİRE,roof,1,1,0,0,0,detail_and_title,0,title_generic_confirms_detail_subtype,1308979572
Dubleks|En Üst Kat|Çatı Dubleksi,KOCAELİ BAŞİSKELE BARBAROS SATILIK 4+1 GENİŞ DUBLEKS DAİRE,roof,1,1,0,0,0,detail_and_title,0,title_generic_confirms_detail_subtype,1315920515
Dubleks|En Üst Kat|Çatı Dubleksi,KOCAELİ BAŞİSKELE SEYRİ VADİ SİTESİ SATILIK 3+1 DUBLEKS DAİRE,roof,1,1,0,0,0,detail_and_title,0,title_generic_confirms_detail_subtype,1291391260
Bahçe Dubleksi,ALTINKENT'TE ALTINVADI EVLERİ 147.M2 3+1 BAHÇE DUBLEKS,garden,1,0,1,0,0,detail_and_title,0,,1303279475
Çatı Dubleksi,"BARBAROS MAHALLESİ MERKEZİ KONUMDA ""0"" SATILIK 2+1 DUBLEKS DAİRE",roof,1,1,0,0,0,detail_and_title,0,title_generic_confirms_detail_subtype,1314956304
Çatı Dubleksi,Tarcanlardan Başiskele Barbaros M Satılık 3+1 Çatı Dubleks Daire,roof,1,1,0,0,0,detail_and_title,0,,1319551235
Ters Dubleks,3+1 SİTE İÇİ TERS DUBLEKS DAİRE SATILIK,standard,1,0,0,0,1,detail_and_title,0,,1326871523
,Barbarosun En Güzel Noktasında 4+1 ultra ferah dubleks,standard,1,0,0,0,1,title,0,,1325864632
Çatı Dubleksi,BAŞİSKELE BARBAROS MAH. SATILIK 3+1 ÇATI DUBLEX DAİRE,roof,1,1,0,0,0,detail_and_title,0,,1308867027
,ACİL... BAŞİSKELENİN İNCİSİNDE 3+1 ÇATI DUBLEX,roof,1,1,0,0,0,title,0,,1325795496
Dubleks|Ters Dubleks,BAŞİSKELE BAHÇECİK'TE 5+1 İSKANLI DUBLEX DAİRE,standard,1,0,0,0,1,detail_and_title,0,,1325780953
Dubleks|Çatı Dubleksi,4+1 Çatı Dublex Barbaros Mah. Pınar Caddesi Üzerinde,roof,1,1,0,0,0,detail_and_title,0,,1325747325
Bahçe Dubleksi,BAŞİSKELE'DE ÖZEL BAHÇE KULANIMINA SAHİP 3+1 DUBLEKS DAİRE,garden,1,0,1,0,0,detail_and_title,0,title_generic_confirms_detail_subtype,1314142327
,SINIRSIZ KREDİ İMKANI 4+1 Dubleks,standard,1,0,0,0,1,title,0,,1322703087
,BAŞİSKELE ALTINKENT MAHALLESİ'NDE SATILIK ÇATI DUBKLEKSİ (V-630),none,0,0,0,0,0,none,0,,1253286945
Çatı Dubleksi,BAŞİSKELE YENİKÖY MERKEZ MAHALLESİ'NDE SATILIK 3+1 ÇATI DUBLEKS,roof,1,1,0,0,0,detail_and_title,0,,1325628383
Çatı Dubleksi,Turyap'tan Barbaros'ta Deniz Manzaralı Özel Tasarım 4+1 Dublex,roof,1,1,0,0,0,detail_and_title,0,title_generic_confirms_detail_subtype,1326048845
,Başiskele kullar merkez'de sıfır satılık daireler,none,0,0,0,0,0,none,0,,1303114292
,ÇELİK-AY GAYRİMENKUL'DEN SATILIK 3+1 BAHÇE DUBLEKS DAİRE,garden,1,0,1,0,0,title,0,,1325572897
Çatı Dubleksi,BAŞİSKELE PINAR CAD. MÜKEMMEL KONUMDA-LUX DAİRE,roof,1,1,0,0,0,detail,0,,1325356780
Bahçe Dubleksi,Başiskele Mezire Bahçecikte 3+1 Bahçe Dubleksi,garden,1,0,1,0,0,detail_and_title,0,,1308385275
,Başiskele kullar merkez sıfır daireler,none,0,0,0,0,0,none,0,,1303111532
Çatı Dubleksi,FIRSAT SAHİBİNDEN SATILIK 4+1 EĞİMSİZ ÇATI DUBLEKS,roof,1,1,0,0,0,detail_and_title,0,,963699058
Bahçe Dubleksi,BAŞİSKELE BARBAROSTA SATILIK 2+1 100m BAHÇE DUB PRESTİJLİ KONUM,garden,1,0,1,0,0,detail,0,,1298508015
Bahçe Dubleksi,BAŞİSKELE ALTIN VADİ EVLERİNDE BAHÇE DUBLEKS,garden,1,0,1,0,0,detail_and_title,0,,1296867585
Çatı Dubleksi,VADİ SUİT SİTESİ DENİZ VE DOĞA MANZARALI 3+1 ÇATI DUBLEKS,roof,1,1,0,0,0,detail_and_title,0,,1225291739
Çatı Dubleksi,BAŞİSKELE BARBAROS MAHALLESİNDE SÜPER UYGUN FİYAT DUBLEX DAİRE,roof,1,1,0,0,0,detail_and_title,0,title_generic_confirms_detail_subtype,1318822764
Çatı Dubleksi,ÇOCUK TRAFİK PARKI YANI 4+1 ÇATI DUBLEKS SATILIK,roof,1,1,0,0,0,detail_and_title,0,,1326333914
Bahçe Dubleksi,DREAMDEN ERGUVAN KONAKLARINDA 4+1 BAHÇE DUBLEKSİ,garden,1,0,1,0,0,detail_and_title,0,,1307847087
Ara Kat|Bahçe Dubleksi|Çatı Dubleksi,BAŞİSKELE DONGELDEKİ OTURUMA HAZIR 3+1 BAHÇE DUBLEKS,roof,1,1,0,0,0,conflict_detail_wins,1,conflict detail=roof title=garden,1324959012
Dubleks|Bahçe Dubleksi,END'DEN BAŞİSKELEDE SATILIK 3+1 BAHÇE DUBLEKS,garden,1,0,1,0,0,detail_and_title,0,,1313779164
Bahçe Dubleksi,BAŞİSKELE BARBAROS MAHALLESİNDE GENİŞ BAHÇE DUBLEKS SATILIKTIR,garden,1,0,1,0,0,detail_and_title,0,,1307458083
Bahçe Dubleksi,Dilek Ercan RE/MAX Çakra Başiskele Altınkent 2+1 Bahçeli Dubleks,garden,1,0,1,0,0,detail_and_title,0,,1318930294
Çatı Dubleksi,Liva Gruptan Başiskele Mahmutpaşa'da Satılık 2+1 Çatı Dubleks,roof,1,1,0,0,0,detail_and_title,0,,1324608701
Bahçe Dubleksi,BAŞİSKELE ALTINVADİ EVLERİNDE BAHÇE DUBLEKS,garden,1,0,1,0,0,detail_and_title,0,,1297066927
Çatı Dubleksi,KOCAELİ BAŞİSKELE MERKEZDE 3+1 ASANSÖRLÜ ÇATI DUBLEKS 180 M2,roof,1,1,0,0,0,detail_and_title,0,,1259080330
Dubleks,FEDERALDEN BAŞİSKELE'DE DENİZ MANZARALI 4+1 183m2 DUBLEKS DAİRE,standard,1,0,0,0,1,detail_and_title,0,,1324467886
Bahçe Dubleksi,INVEST GLOBAL'DEN BAŞİSKELE VİLLA LİVADA 3+1 BAHÇE DUBLEKSİ,garden,1,0,1,0,0,detail_and_title,0,,1318807225
Çatı Dubleksi,SATILIK 4+1 ÇATI DUBLEKS DAİRE BARBOROS MAH.,roof,1,1,0,0,0,detail_and_title,0,,1325724906
,Ziraat Bankası'ndan Yeniköy Merkez Mahallesi'nde Mesken,none,0,0,0,0,0,none,0,,1307495963
,Ziraat Bankası'ndan Yeniköy Merkez Mahallesi'nde Çatı Dubleksi,roof,1,1,0,0,0,title,0,,1307493881
,BAŞİSKELE PAŞADAĞ'DA GENİŞ SATILIK EBEVYN BANYOLU 2+1 DUBLEKS,standard,1,0,0,0,1,title,0,,1324568643
Çatı Dubleksi,KÖRFEZ MANZARALI DUBLEX DAİRE Bahama İnşaat BAŞİSKELE-KULLAR,roof,1,1,0,0,0,detail_and_title,0,title_generic_confirms_detail_subtype,1324194639
Çatı Dubleksi,ÖRS INŞAAT'TAN ÇATI DUBLEKSİ MERKEZİ KONUMDA SATILIK 3+1,roof,1,1,0,0,0,detail_and_title,0,,1267841567
,SAHİBİNDEN ACİLL SATILIK 3+1 ÇATI DUBLEKS MUHTEŞEM MANZARA.,roof,1,1,0,0,0,title,0,,1321237685
Ara Kat,Başiskele Altınkent Mah. Altın Vadi Evleri'nde Satılık 3+1 Daire,none,0,0,0,0,0,none,0,,1329068917
Çatı Dubleksi,BAŞİSKELE YEŞİLYURT MAH.3+1 ÇATI DUBLEKS ASANSÖRLÜ GENİŞ DAiRE,roof,1,1,0,0,0,detail_and_title,0,,1327244799
,BAŞİSKELE PAŞADAĞ MAH.SİTE iÇi 2+1 GENİŞ BAHÇE KAPALI MUTFAK,none,0,0,0,0,0,none,0,,1330159791
Bahçe Dubleksi,BAŞİSKELE'DE SİTE İÇİNDE HAVUZLU LÜKS 2+1 KONFORLU BAHÇE DUBLEKS,garden,1,0,1,0,0,detail_and_title,0,,1323412955
Bahçe Dubleksi,Platinium Evleri Satılık Kış Bahçeli Geniş 4+1 Dubleks Daire,garden,1,0,1,0,0,detail_and_title,0,title_generic_confirms_detail_subtype,1323683207
En Üst Kat,BAŞİSKELE YUVACIK PANORAMA 3 DENİZ MANZARALI 4+1 NORMAL DAİRE,none,0,0,0,0,0,none,0,,1327223254
,Paşadağ mahallesi eğimsiz geniş balkonlu sıfır dubleks 3+1 daire,standard,1,0,0,0,1,title,0,,1321199975
Ara Kat,YEŞİLYURT TINAZTEPEDE DENİZ MANZARALI 2+1 ARA KAT SATILIK DAİRE,none,0,0,0,0,0,none,0,,1330147074
Dubleks|En Üst Kat|Çatı Dubleksi,BAŞİSKELE YEŞİLYURT MH.KULLANIŞLI 2+1 SATILIK ÇATI DUBLEKS DAİRE,roof,1,1,0,0,0,detail_and_title,0,,1330128796
,REMAX DEN SATILIK VİLLA KONFORUNDA BAHÇE DUBLEX,garden,1,0,1,0,0,title,0,,1330120613
Ara Kat,BAŞİSKELE YEŞİLYURT MAH. ROYAL LİFE SİTESİ SATILIK GENİŞ 3+1 ARA,none,0,0,0,0,0,none,0,,1330120025
,VİZYON'DAN BAŞİSKELEDE SİTE İÇİ 2+1 ASANSÖRLÜ DAİRE,none,0,0,0,0,0,none,0,,1330108457
Çatı Dubleksi,DENİZ MANZARALI| SİTE |ASANSÖR |ÇOCUK OYUN PARKI | 3+1 Ç.DUBLEKS,roof,1,1,0,0,0,detail_and_title,0,title_generic_confirms_detail_subtype,1330065596
Ara Kat,Başiskele Yeşilyurt Site'de Asansörlü Satılık 3+1 Ara Kat Daire,none,0,0,0,0,0,none,0,,1330050002
Çatı Dubleksi,DENİZ MANZARALI 3+1 ÇATI DUBLEKS TERASLI LÜKS YAŞAM,roof,1,1,0,0,0,detail_and_title,0,,1324013169
,BAŞİSKELE'de 2 BLOKLU SİTEDE E.BANYOLU YÜKSEK GİRİŞ 2+1,none,0,0,0,0,0,none,0,,1330048541
Ara Kat,FIRSAT DAİRE İSKANI ALINMIŞ OTURUMA HAZIR 2+1 ARA KAT,none,0,0,0,0,0,none,0,,1330043931
Dubleks,BAŞİSKELEDE DENİZ MANZARALI 3+1 SAHİBİNDEN SATILIK EV,standard,1,0,0,0,1,detail,0,,1330037227
,İSKANI ALINMIŞ PAŞADAĞ MAHHALESİ ÖN CEPHE 2+1 ARA KAT,none,0,0,0,0,0,none,0,,1330037439
Ara Kat,STAR CENTER BAŞİSKELE YEŞİLYURT MH SATILIK ARAKAT 2+1 DAİRE,none,0,0,0,0,0,none,0,,1330026383
Ara Kat,Başiskele Orka Boutique'de Satılık 3+1 Ara Kat Daire,none,0,0,0,0,0,none,0,,1330011930
Çatı Dubleksi,ZERAY GÜNEŞİ SİTESİNDE FULL EŞYALI SATILIK 3+1 ÇATI DUBLEKS,roof,1,1,0,0,0,detail_and_title,0,,1259130520
Çatı Dubleksi,BAŞİSKELE YEŞİLYURT SATILIK 2+1 FUL DENİZ MANZARALI ÇATI DUBLEKS,roof,1,1,0,0,0,detail_and_title,0,,1329966383
Bahçe Dubleksi,BAŞİSKELE YEŞİLYURT MAHALLESİ SATILIK 2+1 BAHÇE DUBLEKS,garden,1,0,1,0,0,detail_and_title,0,,1329964722
Çatı Dubleksi,Nicomediadan Başiskele Fatih Mahallesinde 2+1 105m²Dubleks Daire,roof,1,1,0,0,0,detail,0,,1329957037
Bahçe Dubleksi|Ters Dubleks,The Gate Emlak'tan Yeşilyurt'ta satılık 4+1 Bahçe Dublex Daire,garden,1,0,1,0,0,detail_and_title,0,,1306833304
Çatı Dubleksi,BAŞİSKELE GÜNEŞ SİTESİNDE 4+1 ÇATI DUPLEKS,roof,1,1,0,0,0,detail,0,,1318363830
,BAŞİSKELE FATİH MAH 3+1 BAHÇE DUBLEKS KREDİ&EMİNEVİM UYGUN,garden,1,0,1,0,0,title,0,,1324044921
Çatı Dubleksi,BAŞİSKELE YUVACIK YEŞİLYUT MAH SATILIK SIFIR 3+1 DUBLEKS DAİRE,roof,1,1,0,0,0,detail_and_title,0,title_generic_confirms_detail_subtype,1309873168
Çatı Dubleksi,ERENOĞLU GM'DEN SATILIK MEGATRON SİTESİNDE 3+1 ÇATI DUBLEKS,roof,1,1,0,0,0,detail_and_title,0,,1312679854
Çatı Dubleksi,BAŞİSKELE ACİL SATILIK 3+1 EĞİMSİZ DUBLEX YENİ BİNA,roof,1,1,0,0,0,detail_and_title,0,title_generic_confirms_detail_subtype,1324038824
Bahçe Dubleksi,DERİN'DEN YÜKSEK KREDİLİ SATILIK 3+1 BAHÇE DUBLEKS DAİRE,garden,1,0,1,0,0,detail_and_title,0,,1318388354
Bahçe Dubleksi,BAŞİKELE FATİH MAHALLESİNDE SATILIK 3+1 BAHÇE DUBLEKS,garden,1,0,1,0,0,detail_and_title,0,,1323987780
,SOR TÜRKİYE'DEN PAŞADAĞ'DA ÇAMAŞIR ODALI 3+1 TERS DUBLEKS 180M2,standard,1,0,0,0,1,title,0,,1295134393
,SOR TÜRKİYE'DEN PAŞADAĞ'DA EBEVEYN BAN. ÇAMAŞIR ODALI 3+1 DUBLEX,standard,1,0,0,0,1,title,0,,1295147547
,KOCAELİ YEŞİLYURT SİTE İÇİNDE ULTRA LÜX 2+1 DUBLEX,standard,1,0,0,0,1,title,0,,1329903905
,ListingPortal Satılık Bahçe Dublex,garden,1,0,1,0,0,title,0,,1292207153
,KOCAELİ YEŞİLYURT ULTRA LÜX DUBLEX,standard,1,0,0,0,1,title,0,,1329900747
Bahçe Dubleksi,Başiskele Yeşilyurt'ta Satılık 3+1 Bahçe Dubleks Daire,garden,1,0,1,0,0,detail_and_title,0,,1326956915
Ara Kat,Panorama 4'te Satılık 2.5+1 Daire - Prestijli Konum!,none,0,0,0,0,0,none,0,,1329862101
,Doğa ve Deniz Manzaralı 4+1 Dubleks,standard,1,0,0,0,1,title,0,,1292752860
Bahçe Dubleksi,YEŞİLYURT MAH 150m2 BAHÇE KULLANIM ALANINA SAHİP 3+1 DUBLEX,garden,1,0,1,0,0,detail_and_title,0,title_generic_confirms_detail_subtype,1302496191
Bahçe Dubleksi,Başiskele Fatih Mahallesi'nde 4+1 Bahçe Dubleks | 195 m² | 80 m²,garden,1,0,1,0,0,detail_and_title,0,,1326932764
Çatı Dubleksi,DERİNDEN SERDAR MAHALLESİNDE SATILIK DENİZ MANZARALI 3+1,roof,1,1,0,0,0,detail,0,,1329826292
Ters Dubleks,LUXORA'DAN BAŞİSKELE PAŞADAĞ'DA SATILIK 3+1 170 M² TERS DUBLEKS,standard,1,0,0,0,1,detail_and_title,0,,1329832378
Ara Kat|Çatı Dubleksi,BAŞİSKELE TINAZTEPE'DE SATILIK 3+1 ÇATI DUBLEKS,roof,1,1,0,0,0,detail_and_title,0,,1323738860
,Başiskele Ted Kolejine Yakın 3+1 Çatı Dubleks,roof,1,1,0,0,0,title,0,,1329821696
Ara Kat,TURYAP'TAN HAVUZLU DENİZ MANZARALI 3+1 FIRSAT DAİRE,none,0,0,0,0,0,none,0,,1329829285
Bahçe Dubleksi,Manar yuvacık 2 manzaralı satılık bahçe dubleks 4+1,garden,1,0,1,0,0,detail_and_title,0,,1295795167
Dubleks|Bahçe Dubleksi,BAŞİSKELE FATİH MAH. 3+1 SATILIK BAHÇE DUBLEX,garden,1,0,1,0,0,detail_and_title,0,,1312788096
Bahçe Dubleksi,FATİH MAH TINAZTEPE 2+1 GENİŞ BAHÇE DUBLEKSİ,garden,1,0,1,0,0,detail_and_title,0,,1323331769
Ara Kat|Çatı Dubleksi,Mona Vadi den Başiskele/ 5+1/ Deniz Manzaralı/200m2/ Dubleks,roof,1,1,0,0,0,detail_and_title,0,title_generic_confirms_detail_subtype,1326857318
Bahçe Dubleksi|Ters Dubleks,MANAR 4 SİTESİ'NDE SATILIK 3+1 BAHÇE DUBLEKS,garden,1,0,1,0,0,detail_and_title,0,,1329767135
,DERİNDEN ORKA LIFE II SİTESİNDE SATILIK 2+1 DÜZ DAİRE,none,0,0,0,0,0,none,0,,1329685105
Dubleks|Bahçe Dubleksi,BAŞİSKELE YUVACIK PANAROMA 2'DE SATILIK 4+1 BAHÇE DUBLEKS DAİRE,garden,1,0,1,0,0,detail_and_title,0,,1329739379
Bahçe Dubleksi,YEŞİLYURT MH. BÜYÜK BAHÇELİ 3+1 BAHÇE DUBLEKS DAİRE,garden,1,0,1,0,0,detail_and_title,0,,1295735452
,KW ARVEN'den YEŞİLYURT CADDESİ 2+1 YÜKSEK GİRİŞ 108 m2 DAİRE,none,0,0,0,0,0,none,0,,1302212733
Dubleks|Ara Kat Dubleks,YEŞİLYURT MERKEZDE SATILIK GENİŞ ÇATI DUBLEKS,middle_floor,1,0,0,1,0,conflict_detail_wins,1,conflict detail=middle_floor title=roof,1318362175
Çatı Dubleksi,BAŞİSKELE YEŞİLYURT MAH. SATILIK ASANSÖRLÜ 3+1 Ç. DUBLEKS DAİRE,roof,1,1,0,0,0,detail_and_title,0,title_generic_confirms_detail_subtype,1329693226
,YEŞİLYURT MAHALLESİ SEMT PAZARINA YÜRÜME / İSKANLI BAHÇE DUBLEKS,garden,1,0,1,0,0,title,0,,1300233420
Çatı Dubleksi,SATILIK 4+1 GENİŞ DOĞA MANZARALI ÖNÜ KAPANMAZ DAİRE,roof,1,1,0,0,0,detail,0,,1296039037
Çatı Dubleksi,MERKEZİN KALBİNDE TERASLI 2+1 ÇATI DUBLEKS YATIRIMA VE OTURUM,roof,1,1,0,0,0,detail_and_title,0,,1326733667
Çatı Dubleksi,Başiskele Paşadağ'da Satılık 3+1 Dubleks Daire (120m²),roof,1,1,0,0,0,detail_and_title,0,title_generic_confirms_detail_subtype,1329672233
Çatı Dubleksi,BAŞİSKELE YUVACIKTA 3+1 SATILIK ULTRA LÜKS DUBLEKS DAİRE,roof,1,1,0,0,0,detail_and_title,0,title_generic_confirms_detail_subtype,1315581041
Bahçe Dubleksi,KOCAELİ BAŞİSKELE YUVANA EVLERİ 3+1 BAHÇE DUBLEKS,garden,1,0,1,0,0,detail_and_title,0,,1326738383
Dubleks|Bahçe Dubleksi,Başiskele Yuvacık Paşadağ Mah. Sıfır 3+1 Satılık Bahçe Dubleks,garden,1,0,1,0,0,detail_and_title,0,,1326716706
Ara Kat,"Paşadağ'da Satılık 2+1 Daire, Site İçinde, Okullara Yakın",none,0,0,0,0,0,none,0,,1327892075
,BAŞİSKELE YUVACIK YEŞİLYUT MAH. SATILIK SIFIR 2+1 DAİRE,none,0,0,0,0,0,none,0,,1329621068
Dubleks|Çatı Dubleksi,BAŞISKELE YEŞİLYURT'TA SATILIK DENİZ MANZARALI 3+1 ÇATI DUBLEKS,roof,1,1,0,0,0,detail_and_title,0,,1329589727
,Paşadağ mah.Bahçekent sitesi Satılık Daire,none,0,0,0,0,0,none,0,,1329605891
Dubleks,ACİL BAŞİSKELE'DE CADDE ÜZERİ MANZARALI 3+1 170M2 DUBLEKS DAİRE,standard,1,0,0,0,1,detail_and_title,0,,1299004522
Çatı Dubleksi,YEŞİLYURT MAHALLESİ'NDE 2+1 FULL ÖNÜ AÇIK ÇATI DUBLEKS SATILIK,roof,1,1,0,0,0,detail_and_title,0,,1329599030
Çatı Dubleksi,BAŞİSKELE FATİH MAHALLESİNDE SATILIK 4+1 GENİŞ DUBLEKS,roof,1,1,0,0,0,detail_and_title,0,title_generic_confirms_detail_subtype,1320160947
Ara Kat,"Başiskele Paşadağ'da Satılık 2+1 Daire, Doğa Manzaralı, Sıfır",none,0,0,0,0,0,none,0,,1329591604
Dubleks|En Üst Kat|Çatı Dubleksi,BAŞİSKELE FATİH MAH.SIFIR SATILIK 3+1 ÜST DUBLEKS DAİRE,roof,1,1,0,0,0,detail_and_title,0,title_generic_confirms_detail_subtype,1312572790
Bahçe Dubleksi,BAŞİSKELE MAHALL YUVACIK 1'DE SATILIK 3+1 DUBLEKS DAİRE!,garden,1,0,1,0,0,detail_and_title,0,title_generic_confirms_detail_subtype,1239351008
Bahçe Dubleksi,Korupark'ta Satılık Lüks 3+1 Eşyalı Bahçe Dubleksi,garden,1,0,1,0,0,detail_and_title,0,,1215244169
Dubleks|Bahçe Dubleksi,ZERAY GÜNEŞİ SİTESİNDE BÜYÜK BAHÇELİ KÖŞE 3+1BAHÇE DUBLEKS DAİRE,garden,1,0,1,0,0,detail_and_title,0,,1295416978
,MERKEZİ KONUM 3+1 Çatı dubleks,roof,1,1,0,0,0,title,0,,1293940621
Ara Kat Dubleks,YUVACIK PAŞADAĞ YEŞİL VADİ SİTESİNDE SATILIK ARA KAT DAİRE,middle_floor,1,0,0,1,0,detail,0,,1329557692
Çatı Dubleksi,CB Envoy'dan | Panoramik Deniz Manzaralı Özel Tasarım 4+1 Daire,roof,1,1,0,0,0,detail,0,,1329403829
Çatı Dubleksi,ERENOĞLU GM'DEN SATILIK D.MANZARALI ASANSÖRLÜ 3+1 DUBLEKS DAİRE,roof,1,1,0,0,0,detail_and_title,0,title_generic_confirms_detail_subtype,1329546919
Dubleks|Çatı Dubleksi,"Başiskele Zeray Kent'te Kiracılı, Eşyalı 2+1 Çatı Dubleks",roof,1,1,0,0,0,detail_and_title,0,,1317899224
Bahçe Dubleksi,Başiskele'de Site İçi Satılık 3+1 Bahçe Dubleks (Takasa Açık),garden,1,0,1,0,0,detail_and_title,0,,1298237926
Çatı Dubleksi,ERENOĞLU GM'DEN SATILIK DENİZ MANZARALI 3+1 ÇATI DUBLEKS DAİRE,roof,1,1,0,0,0,detail_and_title,0,,1329542773
,10 GÜNLÜK SON FIRSAT! MAYKENT 2 SİTESİNDE 2+1 GENİŞ ÇATIDUBLEKS,roof,1,1,0,0,0,title,0,,1312298173
En Üst Kat|Çatı Dubleksi,YEŞİLYURTTA SATILIK 155 M2 EĞİMSİZ DUBLEKS ASANSÖRLÜ SIFIR DAİRE,roof,1,1,0,0,0,detail_and_title,0,title_generic_confirms_detail_subtype,1318274355
Ara Kat,BAŞİSKELE PAŞADAĞ MAH 2+1 FERAH GENİŞ ARAKAT SATILIK DAİRE,none,0,0,0,0,0,none,0,,1329516650
,BAŞİSKELE FATİH MAH.2+1 YÜKSEK GİRİŞ DAİRE MERKEZİ KONUM,none,0,0,0,0,0,none,0,,1329513304
,Kocaeli Başiskele Fatih Mah. Satılık Çatı Dublex Daire,roof,1,1,0,0,0,title,0,,1318013558
Çatı Dubleksi,Eminevim ve Banka Kredisine Uygun 4+1 Çatı Dubleks,roof,1,1,0,0,0,detail_and_title,0,,1329491681
Çatı Dubleksi,Merkezi Konumda Ebeveyn Banyolu 3+1 Çatı Dubleks Fırsatı,roof,1,1,0,0,0,detail_and_title,0,,1299874566
Dubleks,BAŞİSKELE YEŞİLYURT MAHALLESİNDE SATILIK 3+1 DUBLEKS DAİRE,standard,1,0,0,0,1,detail_and_title,0,,1320596433
,BAŞİSKELE YEŞİLYURT MAH ARAKAT FIRSAT DAİRE,none,0,0,0,0,0,none,0,,1329492120
Çatı Dubleksi,BAŞİSKELE YEŞİLYURT'TA CADDE ÜSTÜ SATILIK 3+1 GENİŞ ÇATI DUBLEKS,roof,1,1,0,0,0,detail_and_title,0,,1316962874
Çatı Dubleksi,REAL CENTER KÖRFEZ'DEN BAŞİSKELE FATİH 2+1 GÜVENLİKLİ ÇATI DUB.,roof,1,1,0,0,0,detail,0,,1329450690
Bahçe Dubleksi|Ters Dubleks,Başiskele Serdar Mah. Gökçe Sitesinde 122 m² 3+1 Dubleks,garden,1,0,1,0,0,detail_and_title,0,title_generic_confirms_detail_subtype,1329436031
Dubleks|Çatı Dubleksi,BAŞİSKELEDE KULANIŞLI MERKEZİ KONUMDA 4+1 ASANSÖRLÜ ÇATI DUBLEKS,roof,1,1,0,0,0,detail_and_title,0,,1329433341
Çatı Dubleksi,BAŞİSKELE YUVACIK 3+1 GENİŞ KULLANIM TERAS DUBLEKS,roof,1,1,0,0,0,detail_and_title,0,,1313793082
Dubleks|Çatı Dubleksi,BAŞISKELE YEŞİLYURT 3+1 175 m2 TERAS DUBLEKS,roof,1,1,0,0,0,detail_and_title,0,,1329424367
Çatı Dubleksi,Tınaztepede Satılık 4+1 Teraslı Dubleks,roof,1,1,0,0,0,detail_and_title,0,title_generic_confirms_detail_subtype,1294419335
Bahçe Dubleksi,TURYAP'TAN BAŞİSKELE YEŞİLYURT'TA SATILIK 3+1 BAHÇE DUBLEKS,garden,1,0,1,0,0,detail_and_title,0,,1329409446
Bahçe Dubleksi,4+1 BAHÇE DUBLEKS,garden,1,0,1,0,0,detail_and_title,0,,1329394799
,listing_portal satılık 2+1 daire,none,0,0,0,0,0,none,0,,1329396920
Çatı Dubleksi,BAŞİSKELE FATİH MAH. SATILIK 2+1 ÇATI DUBLEX DAİRE,roof,1,1,0,0,0,detail_and_title,0,,1329386655
Ters Dubleks,KOCAELİ BAŞİSKELE AZİZE EVLERİ SATILIK 3+1 FERAH DUBLEKS,standard,1,0,0,0,1,detail_and_title,0,,1318154710
,Sınırsız kredi imkanı.3+1 çatı Dubleks,roof,1,1,0,0,0,title,0,,1311016483
,"MERKEZİ KONUMDA, AYDINLIK VE FERAH 4+1 ÇATI DUBLEKS",roof,1,1,0,0,0,title,0,,1292756782
Çatı Dubleksi,BAŞİSKELE LOCA TORUNOĞLU SİTESİ SATILIK 3+1 EĞİMSİZ DUBLEX,roof,1,1,0,0,0,detail_and_title,0,title_generic_confirms_detail_subtype,1329371820
En Üst Kat,BAŞİSKELE ROYAL COUNTRY SİTESİ SATILIK 2+1 DÜZ DAİRE,none,0,0,0,0,0,none,0,,1329370437
,BAŞİSKELE SERDAR MAHALLESİ MERKEZİ LOKASYON 2+1 SATILIK DAİRE,none,0,0,0,0,0,none,0,,1329363458
Çatı Dubleksi,BAŞİSKELE YEŞİLYURT MAH. SATILIK FULL DENİZ MAN. EĞİMSİZ DUBLEX,roof,1,1,0,0,0,detail_and_title,0,title_generic_confirms_detail_subtype,1322746689
,"BAŞİSKELE FATİH MAHALLESİ, 3+1 FERAH,GENİŞ SATILIK ÇATI DUBLEKS",roof,1,1,0,0,0,title,0,,1294937260
,SIFIR MANZARALI 3+1 GENİŞ ÇATI DUBLEKS,roof,1,1,0,0,0,title,0,,1320385728
,ÜStpark Yuvacık ta 4+1 satılık bahçe dubleksi,garden,1,0,1,0,0,title,0,,1312268320
Ters Dubleks,CB- MARK' TAN VADİ YUVACIKTA SATILIK 3+1 BAHÇE DUBLEKS,standard,1,0,0,0,1,conflict_detail_wins,1,conflict detail=standard title=garden,1323454382
Bahçe Dubleksi,Rw Nova'dan Başiskele Fatih Mah.Satılık 4+1 Bahçe Dubleks Daire,garden,1,0,1,0,0,detail_and_title,0,,1295428592
En Üst Kat|Çatı Dubleksi,BAŞİSKELE FATİH'DE KAÇIRILMAYACAK 4+1 ÇATI DUBLEKS DAİRE,roof,1,1,0,0,0,detail_and_title,0,,1323364943
Dubleks,C.G GÜLŞEN EMLAK GAYRİMENKUL DEN SATILIK 4+1 ÇATI DUBLEX,standard,1,0,0,0,1,conflict_detail_wins,1,conflict detail=standard title=roof,1323427035
Bahçe Dubleksi,CG GÜLŞEN EMLAKTAN SATILIK BAHÇE DUBLEX,garden,1,0,1,0,0,detail_and_title,0,,1323432836
Çatı Dubleksi,BAŞİSKELE YEŞİLYURT MAH. 2+1 ÇATI DUBLEKSİ SATILIK DAİRE,roof,1,1,0,0,0,detail_and_title,0,,1263518192
Çatı Dubleksi,CB Envoy'dan Yeşilyurt mah. Site içerisinde 2+1 Çatı Dubleks,roof,1,1,0,0,0,detail_and_title,0,,1326397697
,3+1 ÇATI DUBLEKS HARİKA KONUMDA,roof,1,1,0,0,0,title,0,,1320369171
Ara Kat,BAŞİSKELE YEŞİLYURT MAH.DURUPARK EVLERİ SATILIK 3+1 ARAKAT DAİRE,none,0,0,0,0,0,none,0,,1262740064
Çatı Dubleksi,SERDAR MAH.BELEDİYE KARŞISINDA 3+1 ARA DUBLEKS DAİRE SATILIK,roof,1,1,0,0,0,detail_and_title,0,title_generic_confirms_detail_subtype,1329254561
Dubleks|En Üst Kat|Ara Kat|Ara Kat Dubleks|Bahçe Dubleksi|Çatı Dubleksi|Forleks|Ters Dubleks|Tripleks,SİTE İÇERİSİNDE BAHÇE KULLANIMLI LÜKS SATILIK 2+1 DAİRE,roof,1,1,0,0,0,detail,0,,1306172013
Çatı Dubleksi,YEŞİLYURT MAH 2+1 ÇATI DUBLEKS,roof,1,1,0,0,0,detail_and_title,0,,1320071917
Bahçe Dubleksi,BAŞİSKELE YUVACIK SECRET GARDEN BAHÇELİ 3+1 SATILIK DAİRE,garden,1,0,1,0,0,detail,0,,1329246557
Dubleks|En Üst Kat,Satılık Merkezi Konum 2+1 Çatı dubleks daire eğimsiz,standard,1,0,0,0,1,conflict_detail_wins,1,conflict detail=standard title=roof,1326335641
Çatı Dubleksi,FIRSAT.!! YUVACIK ZERAY PERLA SİTESİ 3+1 DUBLEKS EĞİMSİZ DAİRE..,roof,1,1,0,0,0,detail_and_title,0,title_generic_confirms_detail_subtype,1294258602
Çatı Dubleksi,BAŞİSKELE YEŞİLYURT'TA MERKEZİ KONUMDA FERAH 2+1 ÇATI DUBLEKS,roof,1,1,0,0,0,detail_and_title,0,,1323159668
Dubleks|Bahçe Dubleksi,BAŞİSKELE AYDINKENT'TE SATILIK 3+1 SIFIR BAHÇE DUBLEKS DAİRE,garden,1,0,1,0,0,detail_and_title,0,,1317891614
Çatı Dubleksi,YEŞİLYURT MAHALLESİ BU CADDE AVM'YE KOMŞU 3+1 ÇATI DUBLEKS,roof,1,1,0,0,0,detail_and_title,0,,1320235580
,Başiskelede deniz ve doğa manzaralı Daire,none,0,0,0,0,0,none,0,,1329190614
Bahçe Dubleksi,FIRSAT BAŞİSKELE FATİH MAHALLESİNDE 3+1 BAHÇE DUBLEKS DAİRE,garden,1,0,1,0,0,detail_and_title,0,,1319974217
Ara Kat,YEŞİLYURT MAHALLESİNDE MERKEZİ KONUMDA 2+1 ARAKAT SATILIK DAİRE,none,0,0,0,0,0,none,0,,1329019229
Çatı Dubleksi,YEŞİLYURT MAHALLESİNDE 4+1 SATILIK GENİŞ ÇATI DUBLEKSİ,roof,1,1,0,0,0,detail_and_title,0,,1329171411
,BAŞİSKELE GÜNEŞ SİTESİNDE 3+1 ÇATI DUPLEKS,none,0,0,0,0,0,none,0,,1263879414
Bahçe Dubleksi,YEŞİLYURT MAHALLESİ'NDE BAHÇELİ VE VERANDALI 3+1 BAHÇE DUBLEKS,garden,1,0,1,0,0,detail_and_title,0,,1328874127
Dubleks,BAŞİSKELE PAŞADAĞ GREEN AREA'DA 3+1 DUBLEKS DAİRE,standard,1,0,0,0,1,detail_and_title,0,,1329137186
Dubleks|Bahçe Dubleksi,BAŞİSKELE YUVACIK'TA DENİZ MANZARALI GENİŞ BAHÇE DUBLEKSİ,garden,1,0,1,0,0,detail_and_title,0,,1323166610
Çatı Dubleksi,REAL CENTER KÖRFEZ'DEN BAŞİSKELE YEŞİLYURT MAH. 4+1 LÜKS DUBLEKS,roof,1,1,0,0,0,detail_and_title,0,title_generic_confirms_detail_subtype,1329093610
Dubleks|Bahçe Dubleksi,BAŞİSKELE PAŞADAĞ'DA | 3+1 BAHÇE DUBLEKS | ÖNÜ AÇIK FERAH,garden,1,0,1,0,0,detail_and_title,0,,1329112428
Ara Kat,EMİN EVİME UYGUN DAİRE BAŞİSKELE BAHÇEKENT 2+1 SATILIK ARAKAT,none,0,0,0,0,0,none,0,,1282978766
Dubleks,Gold House'dan Zeray Güneş'inde Satılık Daire,standard,1,0,0,0,1,detail,0,,1311271052
Bahçe Dubleksi,INVEST GLOBAL'DEN YUVACIK'TA SATILIK 3+1 BAHÇE DUBLEKS DAİRE,garden,1,0,1,0,0,detail_and_title,0,,1329050418
Bahçe Dubleksi,Başiskele Fatih Mahallesinde Lüks Bahçe Dubleks,garden,1,0,1,0,0,detail_and_title,0,,1316719885
,BAŞİSKELE YEŞİLYURT MAH. SATILIK ASANSÖRLÜ 3+1 DÜBLEKS DAIRE,standard,1,0,0,0,1,title,0,,1323185029
Dubleks,BAŞİSKELE'NİN MERKEZİNDE ULTRA KONFORLU 3+1 TERAS DUBLEKS,standard,1,0,0,0,1,conflict_detail_wins,1,conflict detail=standard title=roof,1314627222
,BAŞİSKELE EV FİNANSMANINA UYGUN 2+1 SATILIK ÇATI DUBLEX DAİRE,roof,1,1,0,0,0,title,0,,1329064713
,BAŞİSKELE DE EVFİNANSMANINA UYGUN SATILIK 2+1 ÇATI DUBLEKS DAİRE,roof,1,1,0,0,0,title,0,,1329064369
Dubleks|Bahçe Dubleksi,CB Envoy'dan Başiskele Cadde 53 Sitesi'nde 5+1 Dubleks Daire,garden,1,0,1,0,0,detail_and_title,0,title_generic_confirms_detail_subtype,1322959684
Bahçe Dubleksi,CB Mahall'den Özel Bahçe Kullanımlı 3+1 Dubleks,garden,1,0,1,0,0,detail_and_title,0,title_generic_confirms_detail_subtype,1314805377
,"EĞİMSİZ TERAS DUBLEKS,YUVACIK'A2KM",roof,1,1,0,0,0,title,0,,1306764070
Bahçe Dubleksi,"BAŞİSKELE YEŞİLYURT MAH, FERAH 3+1 BAHÇE DUBLEKS DAİRE SATILIK",garden,1,0,1,0,0,detail_and_title,0,,1317585424
Bahçe Dubleksi,REMAX DREAM BAŞİSKELE MAMİK REFORM 2 SİTESİ 4+1 DUBLEKS DAİRE,garden,1,0,1,0,0,detail_and_title,0,title_generic_confirms_detail_subtype,1317567697
En Üst Kat,KOCAELİ BAŞİSKELE YEŞİLYURT MAH. 3+1 DUBLEKS SATILIK DAİRE,standard,1,0,0,0,1,title,0,,1317006501
,BAŞİSKELE YEŞİLYURT MAHALLESİ NDE SATILIK ALT DUBLEKS DAİRE,standard,1,0,0,0,1,title,0,,1326082827
Çatı Dubleksi,FATİH MAHALLESİNDE 4+1 SATILIK LÜKS ÇATI DUBLEKSİ,roof,1,1,0,0,0,detail_and_title,0,,1323080991
Dubleks|En Üst Kat|Çatı Dubleksi,EMLAKÇIM41'DE BAŞİSKELE/ FATİH MH.DE MANZARALI GENİŞ 4+1 DUBLEKS,roof,1,1,0,0,0,detail_and_title,0,title_generic_confirms_detail_subtype,1328967840
Bahçe Dubleksi,BAŞİSKELE YUVACIK PANORAMA 1 DE BAHÇELİ 4+1 DUBLEKS DAİRE,garden,1,0,1,0,0,detail_and_title,0,title_generic_confirms_detail_subtype,1328971632
,BAŞİSKELE KULLAR MAHALLESİ'NDE 2+1 GİRİŞ KAT SATILIK DAİRE..,none,0,0,0,0,0,none,0,,1328951083
Ara Kat,CB MAHALDEN YEŞİLYURTTA 3+1 ŞIK GENİŞ DAİRE,none,0,0,0,0,0,none,0,,1328934119
En Üst Kat,YEŞİLYURT ROZNA SİTESİ 2+1 EN ÜST KAT ÇİFT CEPHE DAİRE,none,0,0,0,0,0,none,0,,1328927083
,YEŞİLYURT MAH. GENİŞ BAHÇELİ SATILIK 2+1 YÜKSEK GİRİŞ DÜZ DAİRE,none,0,0,0,0,0,none,0,,1328933128
Çatı Dubleksi,YEŞİLYURT MAH.MERKEZİ KONUMDA SATILIK 2+1 Ç.DUBLEKSİ DAİRE,roof,1,1,0,0,0,detail_and_title,0,title_generic_confirms_detail_subtype,1296891862
Çatı Dubleksi,KW ARVEN'DEN YEŞİLYURT MAH SATILIK ASANSÖRLÜ 3+1 ÇATI DUBLEKS D.,roof,1,1,0,0,0,detail_and_title,0,,1328929797
Çatı Dubleksi,BAŞİSKELE PAŞADAĞ MAH. GENİŞ KULLANIŞLI SATILIK 3+1 ÇATI DUBLEX,roof,1,1,0,0,0,detail_and_title,0,,1323001995
Bahçe Dubleksi,NEOS'TAN BAŞİSKELE ZERAYPERLA'DA 3+1 BAHÇE DUBLEKS SATILIK DAİRE,garden,1,0,1,0,0,detail_and_title,0,,1259512954
Bahçe Dubleksi,BAŞİSKELE YUVACIK'TA 3+1 BAHÇE KULLANIM ALANLI DUBLEKS DAİRE,garden,1,0,1,0,0,detail_and_title,0,title_generic_confirms_detail_subtype,1328879834
Ters Dubleks,BAŞİSKELE YUVACIKTA 3+1 YÜKSEK GİRİŞ SATILIK TERS DUBLEKS DAİRE,standard,1,0,0,0,1,detail_and_title,0,,1322475523
Ters Dubleks,Yuvacık Cadde Üzeri Satılık 2+1 Ters Dubleks Daire (130m²),standard,1,0,0,0,1,detail_and_title,0,,1324995136
Çatı Dubleksi,Başiskele Yeşilyurt Mahallesi'nde 1+1 Çatı Dubleks Daire,roof,1,1,0,0,0,detail_and_title,0,,1328891824
Çatı Dubleksi,KOCAELİ YUVACIK ZERAY GÜNEŞİ ÇOK TEMİZ SATILIK 3+1 ÇATI DUBLEKS,roof,1,1,0,0,0,detail_and_title,0,,1270736951
Çatı Dubleksi,BAŞİSKELE YEŞİLYURT MAHALLESİ SATILIK 3+1 ÇATI DUBLEX,roof,1,1,0,0,0,detail_and_title,0,,1310017843
Dubleks|Bahçe Dubleksi,YEŞİLYURT'TA MERKEZİ KONUMDA SATILIK 3+1 BAHÇE DUBLEKS,garden,1,0,1,0,0,detail_and_title,0,,1311720792
Çatı Dubleksi,"Başiskele'de Panoramik Manzaralı, Sıfır 2+1 Çatı Dubleks Daire",roof,1,1,0,0,0,detail_and_title,0,,1297879888
Bahçe Dubleksi,KOCAELİ BAŞİSKELE FATİH DE LÜKS 155 M2 3+1 BAHÇE DUBLEKSشقة فاخر,garden,1,0,1,0,0,detail_and_title,0,,1269106617
,"Zeray Güneş'te Önü Kapanmaz Manzaralı, Geniş 3+1 Çatı Dublek",none,0,0,0,0,0,none,0,,1325835584
Ara Kat,"BAŞİSKELE YEŞİLYURT'TA, SATILIK LÜKS 3+1 ARA KAT ASANSÖRLÜ DAİRE",none,0,0,0,0,0,none,0,,1328334009
,Başiskele Akkurt Royal City de Satılık 3+1 Dubleks Daire,standard,1,0,0,0,1,title,0,,1283276882
Dubleks,BAŞISKELE YEŞİLYURT 2+1 GENİŞ KULLANIM TERAS DUBLEKS,standard,1,0,0,0,1,conflict_detail_wins,1,conflict detail=standard title=roof,1314027634
Çatı Dubleksi,SATIŞ OFİSİNDEN BAŞISKELEDE ASANSÖRLÜ 4+1 EĞİMSİZ ÇATI DUBLEKS,roof,1,1,0,0,0,detail_and_title,0,,1271845226
Çatı Dubleksi,BAŞİSKELE YEŞİLYURT MAH. ASANSÖRLÜ 3+1 ÇATI DUBLEKS,roof,1,1,0,0,0,detail_and_title,0,,1298202529
Ara Kat,YEŞİLYURT MAH ARAKAT 1+1 DAİRE (Mopaş arkasında),none,0,0,0,0,0,none,0,,1328722730
,BASİSKELE BAHÇEKENT SİTESİNDE 2+1 SATILIK DAİRE,none,0,0,0,0,0,none,0,,1328714154
,Daireye Ait Bahçeli Dubleks,garden,1,0,1,0,0,title,0,,1328709499
Ara Kat,TANYILDIZ'DAN BAŞİSKELEDE SİTE İÇİ ARAKAT SATILIK 2+1 DAİRE,none,0,0,0,0,0,none,0,,1328629840
Bahçe Dubleksi,YONCA SİTEDE ÖZEL KIŞ BAHÇELİ 4+1 DUBLEKS FOR SALE,garden,1,0,1,0,0,detail_and_title,0,title_generic_confirms_detail_subtype,1328702313
Dubleks|Bahçe Dubleksi,Başiskele Yeşilyurt Da 2+1 Bahçe Dubleks شقة للبيع,garden,1,0,1,0,0,detail_and_title,0,,1328696198
Çatı Dubleksi,BAŞİSKELE FATİH MAH. EĞİMSİZ 2+1 ÇATI DUBLEKS DAİRE,roof,1,1,0,0,0,detail_and_title,0,,1312956963
Dubleks,ÜST GRUP'TAN BAŞİSKELE PAŞADAĞ'DA DENİZ MANZARALI DUBLEX 4+1,standard,1,0,0,0,1,detail_and_title,0,,1279206573
Dubleks,YEŞİLYURT MERKEZİ KONUMDA 2+1 SATILIK ÇATI DUBLEKS,standard,1,0,0,0,1,conflict_detail_wins,1,conflict detail=standard title=roof,1313846469
Dubleks,Başiskele'de Satılık 3+1 Dubleks Daire - Royal Country,standard,1,0,0,0,1,detail_and_title,0,,1268472878
Çatı Dubleksi,BAŞİSKELE FATİH MAH PANORAMİK DENİZ MANZARALI 3+1 ÇATI DUBLEKS,roof,1,1,0,0,0,detail_and_title,0,,1325725121
Dubleks|En Üst Kat|Çatı Dubleksi,BAŞİSKELE'DE HAVUZLU SİTEDE SATILIK 3+1 DUBLEKS DAİRE,roof,1,1,0,0,0,detail_and_title,0,title_generic_confirms_detail_subtype,1325717740
Bahçe Dubleksi,BAŞİSKELE ZERAY GÜNEŞİ / EŞYALI SATILIK 3+1 BAHÇE DUBLEKS,garden,1,0,1,0,0,detail_and_title,0,,1328659161
,BAŞİSKELE YEŞİLYURTTA SATILIK 3+1 ÇATI DUBLEKS,roof,1,1,0,0,0,title,0,,1328667120
,Başiskele Fatihte Site İçinde Satılık 3+1 Dubleks Krediye Uygun,standard,1,0,0,0,1,title,0,,1328662451
Çatı Dubleksi,YEŞİLYURT MAH.GENİŞ TERASLI SATILIK 2+1 Ç.DUBLEKS DAİRE,roof,1,1,0,0,0,detail_and_title,0,title_generic_confirms_detail_subtype,1311240789
,SERDAR MH 2+1 90M² DAİREMİZ SATILIKTIR,none,0,0,0,0,0,none,0,,1328655612
Çatı Dubleksi,YEŞİLYURT MAHALLESİNDE MERKEZİ KONUMDA 3+1 TERASLI ÇATI DUBLEKS,roof,1,1,0,0,0,detail_and_title,0,,1317226636
Bahçe Dubleksi,YEŞİLYURT MAHALLESİNDE MERKEZİ KONUMDA 2+1 BAHÇE DUBLEKS,garden,1,0,1,0,0,detail_and_title,0,,1317222815
Ara Kat,RW Nova'dan Paşadağ Mh.Emar Delüx Sitesi Satılık 2+1 Arakat,none,0,0,0,0,0,none,0,,1328621433
Ara Kat,Başiskele'de Ara Kat Asansörlü Geniş 3+1 Daire,none,0,0,0,0,0,none,0,,1328602336
Çatı Dubleksi,FATİH MAHALLESİNDE 4+1 SATILIK LÜKS ÇATI DUBLEKSİ,roof,1,1,0,0,0,detail_and_title,0,,1294621423
,ERENOĞLU GM'DEN SİTE İÇİ SATILIK 3+1 YÜKSEK GİRİŞ DAİRE,none,0,0,0,0,0,none,0,,1328593333
Bahçe Dubleksi,REMAX DREAM DEN BAŞISKELE YEŞİLYURT'TA SATILIK 4+1 DAİRE,garden,1,0,1,0,0,detail,0,,1328589706
Dubleks,DERIN'DEN ZERAY PERLA'DA SATILIK 3+1 DUBLEKS GENİŞ DAİRE,standard,1,0,0,0,1,detail_and_title,0,,1314085801
Dubleks,BAŞİSKELE SATILIK 3+1 BAHÇE DUBLEKS,standard,1,0,0,0,1,conflict_detail_wins,1,conflict detail=standard title=garden,1297071556
Dubleks,BAİŞKELE YEŞİLYURTTA YÜKSEK TAVAN 3+1 SATILIK DUBLEKS DAİRE,standard,1,0,0,0,1,detail_and_title,0,,1317178863
Çatı Dubleksi,BAŞİSKELE'DE HAVUZLU SİTE İÇİ SIFIR 3+1 ÇATI DUBLEKS DAİRE,roof,1,1,0,0,0,detail_and_title,0,,1328539343
Ara Kat,TURYAP'TAN ÜSTPARK'TA KAPANMAZ MANZARALI FIRSAT 2+1,none,0,0,0,0,0,none,0,,1328537969
,Havuz başı özel bahçeli acil satılık,none,0,0,0,0,0,none,0,,1328523710
Ara Kat,DERİN'DEN MEGATRON SİTESİ'NDE SATILIK 3+1 DUBLEKS DAİRE,standard,1,0,0,0,1,title,0,,1325551411
Bahçe Dubleksi,Başiskele Fatih Mahallesi'nde Sıfır Bahçe Dubleksi Satılık Daire,garden,1,0,1,0,0,detail_and_title,0,,1320526798
Ara Kat|Çatı Dubleksi,BU EVDE MANZARAYA DOYACAKSINIZ VİLLA TADINDA EMSALSİZ DUBLEKS,roof,1,1,0,0,0,detail_and_title,0,title_generic_confirms_detail_subtype,1324624082
Çatı Dubleksi,ListingPortal Panorama1 sitesinde deniz manzaralı köşe çatı dubleks,roof,1,1,0,0,0,detail_and_title,0,,1252244107
Çatı Dubleksi,KREDİYE UYGUN BAŞİSKELEDE GENİŞ TERASLI 3+1 ÇATI DUBLEKS DAİRE,roof,1,1,0,0,0,detail_and_title,0,,1315328494
Dubleks|Bahçe Dubleksi,BAŞİSKELE PAŞADAĞ'DA SATILIK 3+1 BAHÇE DUBLEKS,garden,1,0,1,0,0,detail_and_title,0,,1328484780
Ara Kat,Fatih Mh'de Satılık 1+1 ve 2+1 Arakat Daireler Asansörlü,none,0,0,0,0,0,none,0,,1328487748
Çatı Dubleksi,BAŞİSKELE MAVİ YEŞİL PARK EVLERİ SATILIK 4+1 ÇATI DUBLEKS DAİRE,roof,1,1,0,0,0,detail_and_title,0,,1298410966
Dubleks,BAŞİSKELEDE MERKEZİ KONUMDA 3+1 TERASLI ÇATI DUBLEKSİ,standard,1,0,0,0,1,conflict_detail_wins,1,conflict detail=standard title=roof,1328456040
,DEALLİFE'DAN BAŞİSKELE YUVACIKTA 4+1 EĞİMSİZ DUBLEKS,standard,1,0,0,0,1,title,0,,1311052956
Çatı Dubleksi,"Başiskele Panorama 1'de Deniz Manzaralı, Yapılı 4+1 Çatı Dubleks",roof,1,1,0,0,0,detail_and_title,0,,1316870951
,KOCAELİ BAŞİSKELE YUVACIK MAH SATILIK 3+1 SIFIR ÇATI DUBLEKS,roof,1,1,0,0,0,title,0,,1316248762
Çatı Dubleksi,"Tarcanlardan Başiskele ,Paşadağ'da 2+1 Dubleks Daire Satılık",roof,1,1,0,0,0,detail_and_title,0,title_generic_confirms_detail_subtype,1328405343
Ara Kat,2+1 ARA KAT Tertemiz - Bahçekent Sitesi 610 Konutlu Sitede Daire,none,0,0,0,0,0,none,0,,1328382618
Ara Kat,Yuvacık Lotus Mahza Sitesi'nde Satılık 3+1 ARAKAT Daire,none,0,0,0,0,0,none,0,,1328397664
Çatı Dubleksi,TERAS MARMARA SİTESİNDE SATILIK 3+1 FULL DENİZ MANZARALI DUBLEKS,roof,1,1,0,0,0,detail_and_title,0,title_generic_confirms_detail_subtype,1305741820
Çatı Dubleksi,ACİL SATILIK DENİZ MANZARALI EĞİMSİZ ÇATI DUBLEKS DAİRE,roof,1,1,0,0,0,detail_and_title,0,,1328379992
,BAŞİSKELE YEŞİLYURT MAHALLESİ'NDE SATILIK LÜKS 3+1 BAHÇELİ DAİRE,none,0,0,0,0,0,none,0,,1328280828
,"BAŞİSKELE'DE MERKEZİ KONUMDA, 100 m² BAHÇELİ FERAH 2+1 DAİRE!",none,0,0,0,0,0,none,0,,1328331671
,REMAX DREAMDEN BAŞİSKELE FATİH'DE SİTE İÇİ 3+1 DAİRE,none,0,0,0,0,0,none,0,,1312137615
,BAŞİSKELE PAŞADAĞ MAH. SATILIK 4+1 ASANSÖRLÜ DUBLEKS DAİRE,standard,1,0,0,0,1,title,0,,1328344009
Dubleks|Bahçe Dubleksi|Ters Dubleks,LUXORA'DAN BAŞİSKELE YEŞİLYURT MAH'DE SATILIK 3+1 BAHÇE DUBLEKS,garden,1,0,1,0,0,detail_and_title,0,,1321819069
,BAŞİSKELE YUVACIK DOĞA EVLERİ SİTESİ 3+1 SATILIK DAİRE,none,0,0,0,0,0,none,0,,1328310506
Çatı Dubleksi,"4+1 GENİŞ ÇATI DUBLEKS DAİRE, ÇATI EĞİMSİZ, İYİ KONUM, İSKANLI",roof,1,1,0,0,0,detail_and_title,0,,1300169006
Bahçe Dubleksi,BAŞİSKELE YUVACIK SİTE İÇİ BAHÇE DUBLEKS 4+1,garden,1,0,1,0,0,detail_and_title,0,,1282646283
Çatı Dubleksi,BAŞİSKELE YUVACIK YUVANA EVLERİ SİTESİ 3+1 ÇATI DUBLEKS,roof,1,1,0,0,0,detail_and_title,0,,1311450413
,Başiskele Bahçekent'te Satılık 2+1 Daire (77m²),none,0,0,0,0,0,none,0,,1287275506
,BAŞİSKELE FATİH MAHALESİNDE ÖNÜ KAPANMAZ 3+1 ÇATI DUBLEKS,roof,1,1,0,0,0,title,0,,1328270372
En Üst Kat|Ara Kat|Çatı Dubleksi,BAŞİSKELE YEŞİLYURT MERKEZİ KONUM 3+1SATILIK 165M2 DUBLEKS DAİRE,roof,1,1,0,0,0,detail_and_title,0,title_generic_confirms_detail_subtype,1328263976
Dubleks,KOCAELİ BAŞİSKELE FATİH MAHALLESİ SATILIK FIRSAT DAİRE,standard,1,0,0,0,1,detail,0,,1328267742
Çatı Dubleksi,YEŞİLYURTTA 3+1 DENİZ MANZARALI SATILIK EĞİMSİZ ÇATI DUBLEKS,roof,1,1,0,0,0,detail_and_title,0,,1318740218
,Yeşilyurt merkezi konumda sıfır 3+1 geniş arakat daire,none,0,0,0,0,0,none,0,,1328267407
Dubleks|Çatı Dubleksi,Başiskele Yeşilyurt Mah.de 3+1 Dubleks Satılık Daire,roof,1,1,0,0,0,detail_and_title,0,title_generic_confirms_detail_subtype,1322029815
,YUVACIK VADİ EVLERİNDE 2+1 GENİŞ BAHÇELİ DUBLEKS FIRSAT DAİRE,garden,1,0,1,0,0,title,0,,1328252264
,YUVACIK VADİ EVLERİNDE 3+1 GENİŞ BAHÇELİ DUBLEKS FIRSAT DAİRE,garden,1,0,1,0,0,title,0,,1328249426
Ara Kat,ORKA LIFE 2 SİTESİ'NDE FIRSAT 4+1 DAİRE,none,0,0,0,0,0,none,0,,1328237229
,YEŞİLYURT STRADA AVM'YE YAKIN | 2+1 YÜKSEK GİRİŞ FIRSAT DAİRE,none,0,0,0,0,0,none,0,,1328230276
,"ÇİFT TERASLI, MERKEZİ KONUMDA, UYGUN FİYAT 3+1 ÇATIDUBLEKS DAİRE",roof,1,1,0,0,0,title,0,,1313931531
Bahçe Dubleksi,"ÖZEL BAHÇE KULLANIMLI, MERKEZİ KONUMDA, 3+1 BAHÇEDUBLEKS DAİRE",garden,1,0,1,0,0,detail_and_title,0,,1300097262
Dubleks|Çatı Dubleksi,Lotus Evleri 2/Site İçi Satılık 2+1 120 M² Çatı Dubleks,roof,1,1,0,0,0,detail_and_title,0,,1322218232
Çatı Dubleksi,Re/max Mir Başiskele'de Satılık 2+1 Çatı Dubleks Daire,roof,1,1,0,0,0,detail_and_title,0,,1282847040
,YEŞİLYURT MAHALLESİ MERKEZİ KONUMLU BÜYÜK TERAS KULLANIŞLI 2+1,none,0,0,0,0,0,none,0,,1328168880
Dubleks|Çatı Dubleksi,BAŞİSKELE'DE FERAH VE ÖNÜ AÇIK 3+1 ÇATI DUBLEKS ASANSÖRLÜ,roof,1,1,0,0,0,detail_and_title,0,,1328194431
Ara Kat,SATILIK DAİRE KOCAELİ BAŞİSKELE'DE ZERAY PERLA 2+1 120 M²,none,0,0,0,0,0,none,0,,1328140419
Çatı Dubleksi,ARKUN GAYRİMENKUL'DEN MERKEZİ KONUMDA SATILIK 3+1 SIFIR DAİRE,roof,1,1,0,0,0,detail,0,,1328150793
Çatı Dubleksi,ARAÇ TAKASILI BAŞİSKELE YEŞİLYURT MAH. EĞİMSİZ 2+1 ÇATI DUBLEKS,roof,1,1,0,0,0,detail_and_title,0,,1322242064
Ara Kat,BAŞİSKELE YEŞİLYURT MAH 3+1 ULTRA LÜKS SATILIK ARAKAT DAİRE,none,0,0,0,0,0,none,0,,1328149236
Çatı Dubleksi,KAÇIRILMAYACAK FIRSAT 3+1 ÇATI DUBLEKS GENİŞ TERASLI MANZARALI,roof,1,1,0,0,0,detail_and_title,0,,1316875701
Dubleks|Bahçe Dubleksi|Ters Dubleks,BAŞİSKELE KULLAR'DA 2+1 DUBLEKS FIRSATI,garden,1,0,1,0,0,detail_and_title,0,title_generic_confirms_detail_subtype,1328125379
,BAŞİSKELE YEŞİLYURTDA SİTE İÇERİSİNDE SATILIK DAİRE,none,0,0,0,0,0,none,0,,1239765243
,TINAZTEPE CAD. SATILIK TERASLI 2+1 ÇATI DUBLEKS,roof,1,1,0,0,0,title,0,,1322198706
Bahçe Dubleksi,BAŞİSKELE FATİH MAH. OTURUMA HAZIR 3+1 BAHÇE DUBLEKS,garden,1,0,1,0,0,detail_and_title,0,,1322177629
Dubleks|En Üst Kat|Çatı Dubleksi,Site İçi Satılık 3+1 170 M² Geniş EĞİMSİZ Dubleks,roof,1,1,0,0,0,detail_and_title,0,title_generic_confirms_detail_subtype,1322199055
Çatı Dubleksi,DERİN'DEN YEŞİLYURT'TA SATILIK 4+1 DENİZ MANZARALI ÇATI DUBLEKS,roof,1,1,0,0,0,detail_and_title,0,,1315730731
Çatı Dubleksi,Başiskele Yuvacık'ta Satılık 1+1 Çatı Dubleks Daire Asansörlü,roof,1,1,0,0,0,detail_and_title,0,,1318766705
Çatı Dubleksi,REMAX MYRA SİTE İÇİNDE SATILIK 4+1 ÇATI DUBLEX GENİŞ KULLANIŞLI,roof,1,1,0,0,0,detail_and_title,0,,1308053579
Bahçe Dubleksi,YUVACIK AYDINKENTTE DOĞA İÇİNDE BAHÇE DUBLEKS 3+1 DAİRE,garden,1,0,1,0,0,detail_and_title,0,,1322188606
Çatı Dubleksi,CB Mahall'den Deniz manz. Yeşilyurtta Eğimsiz 2+1 Çatı Dubleks,roof,1,1,0,0,0,detail_and_title,0,,1319837793
Çatı Dubleksi,YOLDAŞ EMLAKTAN ÜSTPARK YUVACIK SİTESİ SATILIK 4+1 DUBLEKS DAİRE,roof,1,1,0,0,0,detail_and_title,0,title_generic_confirms_detail_subtype,1328076497
,MAMIKLER REFORM'DA HAVUZ CEPHELİ SİTE İÇİ GİRİŞ 3+1 DAİRE,none,0,0,0,0,0,none,0,,1241583743
Dubleks|En Üst Kat|Çatı Dubleksi|Ters Dubleks,BAŞİSKELE YEŞİLYURT DA 4+1 220 M2 VİLLA TİPİ ÇATI DUBLEKS,roof,1,1,0,0,0,detail_and_title,0,,1328060163
Bahçe Dubleksi,SATILIK 3+1 ZERAY GÜNEŞİ MÜSTAKİL BAHÇELİ DAİRE,garden,1,0,1,0,0,detail,0,,1294778590
,BAHÇEKENT SİTESİNDE 2+1 ZEMİN KAT | ️ AMERİKAN & KAPALIMUTFAK,none,0,0,0,0,0,none,0,,1328064302
,İSKANI ALINMIŞ MERKEZİ KONUM 2+1 ÇATI DUBLEKS,roof,1,1,0,0,0,title,0,,1314903502
Ara Kat,SATILIK 2+1 ARA KAT | 105 m² BRÜT | DURAK/MARKET/FIRIN,none,0,0,0,0,0,none,0,,1328055588
Çatı Dubleksi,ERENOĞLU GM'DEN FATİH MAH SATILIK 4+1 ÇATI DUBLEKS DAİRE,roof,1,1,0,0,0,detail_and_title,0,,1313561056
Bahçe Dubleksi,ERENOĞLU GM'DEN YEŞİLYURT MAH SATILIK 3+1 BAHÇE DUBLEX DAİRE,garden,1,0,1,0,0,detail_and_title,0,,1314938960
Ara Kat,ERENOĞLU GM'DEN FATİH MAH SATILIK 2+1 ARA KAT DAİRE,none,0,0,0,0,0,none,0,,1313572956
Çatı Dubleksi,Başiskele Yeşilyurt Mahallesinde 3+1 Çatı Dubleks Ekstralı,roof,1,1,0,0,0,detail_and_title,0,,1328050687
,DENİZ MANZARALI 2+1 ÇATI DUBLEKS | YEŞİLYURT MAHALLESİ,roof,1,1,0,0,0,title,0,,1312780417
Dubleks|En Üst Kat|Çatı Dubleksi,Başiskele Fatih de 155 m2 3+1 Çatı Dubleks شقة للبيع في باشيسكيل,roof,1,1,0,0,0,detail_and_title,0,,1322032511
Dubleks|Çatı Dubleksi,GENİŞ 2+1 ÇATI DUBLEKS DAİRE ŞEHİR VE DENİZ MANZARALI,roof,1,1,0,0,0,detail_and_title,0,,1321287924
Dubleks,BAŞİSKELE FATİH MAH SIFIR SATILIK 3+1 EYİMSİZ ÇATI DUBLEKS,standard,1,0,0,0,1,conflict_detail_wins,1,conflict detail=standard title=roof,1322150251
Çatı Dubleksi,SERDAR MH. 3+1 ÇATI DUBLEKS İSKANLI OTURUMA HAZIR,roof,1,1,0,0,0,detail_and_title,0,,1321950540
Çatı Dubleksi,YEŞİLYURT 3+1 ÇATI DUBLEKS DAİRE MERKEZİ KONUM,roof,1,1,0,0,0,detail_and_title,0,,1316785969
Çatı Dubleksi,BAŞİSKELE PAŞADAĞ 4+1 PRESTİJLİ TERAS DUBLEKS DAİRE,roof,1,1,0,0,0,detail_and_title,0,,1321775121
Ara Kat,ERENOĞLU GM'DEN SATILIK MERKEZİ LOKASYONDA 2+1 ARAKAT DAİRE,none,0,0,0,0,0,none,0,,1328043195
Çatı Dubleksi,BAŞİSKELE TINAZTEPE CADDESİNDE 2+1 EĞİMSİZ ARA DUBLEKS DAİRE,roof,1,1,0,0,0,detail_and_title,0,title_generic_confirms_detail_subtype,1322126977
Ara Kat,FIRSAT!! ZERAY PERLA 2+1 ARAKAT DOĞA MANZARALI SATILIK DAİRE,none,0,0,0,0,0,none,0,,1297738335
Ara Kat,ACİL FIRSAT...!! YEŞİLYURT MAH'DE ARA KAT 2+1 SATILIK DAİRE .!!,none,0,0,0,0,0,none,0,,1327993812
,Akasya Modern Sitede Özel Bahçeli 4+1 Dubleks Önü Kapanmaz,standard,1,0,0,0,1,title,0,,1264766521
Ara Kat,BAŞİSKELE PAŞADAĞ MAH. FULL DENİZ MANZARALI SİTE İÇERİSİ ARA KAT,none,0,0,0,0,0,none,0,,1327989606
Çatı Dubleksi,Cb Mahall'den Başiskele Fatih Mah. Satılık 3+1 Çatı Dubleks,roof,1,1,0,0,0,detail_and_title,0,,1307361345
Çatı Dubleksi,BAŞİSKELE PAŞADAĞ 4+1 SATILIK İÇİ BOŞ DAİRE,roof,1,1,0,0,0,detail,0,,1296917816
Çatı Dubleksi,Kaçırılmayacak Fırsat! Villa Konforunda 3+1 Dubleks,roof,1,1,0,0,0,detail_and_title,0,title_generic_confirms_detail_subtype,1318867214
Çatı Dubleksi,"Başiskele Paşadağda , Asansörlü Modern 3+1 Çatı Dublex",roof,1,1,0,0,0,detail_and_title,0,,1295420642
,SATIŞ OFİSİNDEN FATİH MAH. ASANSÖRLÜ 3+1 ÇATI DUBLEKS,roof,1,1,0,0,0,title,0,,1294143997
Bahçe Dubleksi,"Şehir Merkezinde Bahçeli, 3 Girişli, 2 Master Odalı Dubleks Dair",garden,1,0,1,0,0,detail_and_title,0,title_generic_confirms_detail_subtype,1318651810
Ara Kat,BAŞİSKELE YUVACIK YEŞİLYUT MAH. SATILIK SIFIR 2+1 ARAKAT DAİRE,none,0,0,0,0,0,none,0,,1327924382
Çatı Dubleksi,"2+1 GENİŞ TERASLI ÇATIDUBLEKS DAİRE, AVM BUCADDE ÜSTÜNDE",roof,1,1,0,0,0,detail_and_title,0,,1296319668
,4+1 BU FİYATA YOK . 185 M2 YEŞİLYURT MH'DE 2 BAHÇE DUBLEKS DAİRE,garden,1,0,1,0,0,title,0,,1313777917
Çatı Dubleksi,Cb Mahall'den Paşadağ'da Site İçi Satılık 2+1 Çatı Dubleks,roof,1,1,0,0,0,detail_and_title,0,,1316526053
Dubleks,"EMİN, FUZUL, KATILIM, SİNPAŞ GYO FİNANS YATIRIMA SATIŞI UYGUNDUR",standard,1,0,0,0,1,detail,0,,1327877264
Dubleks,BAŞİSKELE DENİZ MANZARALI DUBLEX TERASLI BÜYÜK 4+1 BOŞ DAİRE,standard,1,0,0,0,1,detail_and_title,0,,1316646935
Ara Kat|Çatı Dubleksi,KOCAELİ BAŞİSKELE'DE 2+1 ÇATI DUBLEKS 4 BALKONLU SATILIK DAİRE,roof,1,1,0,0,0,detail_and_title,0,,1318967659
Bahçe Dubleksi,BAHÇE KULANIMLI 3+1 BAHÇE DUBLEX ORMAN MANZARALI EŞSİZ DAİRE,garden,1,0,1,0,0,detail_and_title,0,,1316093366
Çatı Dubleksi,BAŞİSKELE YEŞİLYURT MAHLESİNDE KULANIŞLI 2+1 ÇATI DUBLEKS,roof,1,1,0,0,0,detail_and_title,0,,1319913251
Çatı Dubleksi,BAŞİSKELE BELEDİYE YAKININDA DENİZ MANZARALI 3+1 ÇATI DUBLEKS,roof,1,1,0,0,0,detail_and_title,0,,1293423850
Bahçe Dubleksi,BAŞİSKELE YUVACIK ZERAY GÜNEŞİ SİTESİNDE 3+1 BAHÇE DUBLEKS,garden,1,0,1,0,0,detail_and_title,0,,1327630786
Bahçe Dubleksi,BAŞİSKELE YUVACIK SUPARK MEGARON SİTESİ'NDE 3+1 BAHÇE DUBLEKS,garden,1,0,1,0,0,detail_and_title,0,,1294516047
Ters Dubleks,BAŞİSKELE TINAZ TEPEDE 3+1 SATILIK 140 M² DUBLEKS DAİRE,standard,1,0,0,0,1,detail_and_title,0,,1310029861
Çatı Dubleksi,BAŞİSKELE ZERAY KENT SİTESİNDE SATILIK 2+1 DUBLEKS DAİRE,roof,1,1,0,0,0,detail_and_title,0,title_generic_confirms_detail_subtype,1321797792
,BAŞİSKELE AKVEN ARMONI TERAS SATILIK BAHÇE DUBLEX,garden,1,0,1,0,0,title,0,,1299610100
,Ziraat Bankası'ndan Paşadağ Mahallesinde Dubleks Mesken,standard,1,0,0,0,1,title,0,,1316504550
,BAŞİSKELE FATİH MAHALLESİNDE SATILIK 3+1 BAHÇE DUBLEKS,garden,1,0,1,0,0,title,0,,1327727279
Çatı Dubleksi,SERDAR MH 3+1 120M² DENİZ MANZARALI ÇATI DUBLEKS SATILIKTIR,roof,1,1,0,0,0,detail_and_title,0,,1327739751
Çatı Dubleksi,BAŞİSKELE YEŞİLYURT MAH.2+1 ÇATI DUBLEKS,roof,1,1,0,0,0,detail_and_title,0,,1321597866
Çatı Dubleksi,HAVUZLU SİTEDE 3+1 140M² ÇATI DUBLEKS DAİREMİZ SATILIKTIR,roof,1,1,0,0,0,detail_and_title,0,,1327710327
Çatı Dubleksi,BAŞİSKELE YEŞİLYURT MAHALLESİNDE SATILIK 3+1 ÇATI DUBLEX DAİRE,roof,1,1,0,0,0,detail_and_title,0,,1321723601
Çatı Dubleksi,BAŞİSKELE TINAZ TEPEDE TED KORLEJİNE YÜRÜME MSFEDE 3+1 DUBLEKS,roof,1,1,0,0,0,detail_and_title,0,title_generic_confirms_detail_subtype,1321723501
,BAŞISKELE YEŞILYURT'TA SATILIK ASANSÖRLÜ 3 + 1 DUBLEKS DAIRE,standard,1,0,0,0,1,title,0,,1316065668
Bahçe Dubleksi,BAŞİSKELE PAŞADAĞDA 2+1 KULLANIŞLI BAHÇE DUBLEKS SIFIR DAİRE,garden,1,0,1,0,0,detail_and_title,0,,1309569340
,ACİL Yuvacık'ta Villa Konforunda 4+1 Bahçe Dubleks Daire,garden,1,0,1,0,0,title,0,,1313343884
Ters Dubleks,Serdar Mh. 3+1 Deniz Manzaralı Çatı Dubleks KREDİ SERBEST,standard,1,0,0,0,1,conflict_detail_wins,1,conflict detail=standard title=roof,1316357086
,Başiskele Yeşilyurt'ta Doğa Manzaralı Lüks 3+1 Çatı Dubleks,roof,1,1,0,0,0,title,0,,1320450682
Dubleks|En Üst Kat|Çatı Dubleksi,Tarcanlardan Başiskele Yeşilyurt 3+1 Satılık Eğimsiz Ç. Dublex,roof,1,1,0,0,0,detail_and_title,0,title_generic_confirms_detail_subtype,1299351409
,Kocaeli Başiskele Satılık Daire Yuvacık'ta Site İçinde,none,0,0,0,0,0,none,0,,1327639828
Ara Kat,%1.69 KREDİ İMKÂNIYLA YUVACIK MERKEZ'DE SATILIK LÜKS 2+1 DAİRE,none,0,0,0,0,0,none,0,,1327580501
Dubleks|En Üst Kat|Çatı Dubleksi,Yeşilyurt Başiskele'de Satılık 2+1 Çatı Dubleks Deniz Manzaralı,roof,1,1,0,0,0,detail_and_title,0,,1324676483
Dubleks,YEŞİLYURT MAH. MÜKEMMEL LOKASYONDA 3+1 SATILIK DUBLEKS DAİRE,standard,1,0,0,0,1,detail_and_title,0,,1321553299
,YEŞİLYURT MAHALLESİNDE SATILIK TERASLI 2+1 ÇATI DUBLEKS,roof,1,1,0,0,0,title,0,,1321561956
Bahçe Dubleksi,YATIRIM VE OTURUM İÇİN KAÇIRILMAYACAK 2+1 BAHÇE DUBLEKS,garden,1,0,1,0,0,detail_and_title,0,,1327570541
Çatı Dubleksi,BAŞİSKELE YEŞİLYURT MAH SİTE İÇİ 3+1 ÇATIDUBLEKS DAİRE,roof,1,1,0,0,0,detail_and_title,0,,1327548752
Çatı Dubleksi,Attichouse'tan Deniz Manzaralı Satılık 4+1 Çatı Dubleks Daire,roof,1,1,0,0,0,detail_and_title,0,,1304660210
Dubleks,BAŞİSKELE TINAZ TEPEDE KULANIŞLI 2+1 ÇATI DUBLEKS FERAH TERASLI,standard,1,0,0,0,1,conflict_detail_wins,1,conflict detail=standard title=roof,1303872254
Bahçe Dubleksi,BAŞİSKELE YEŞİLYURT MAH.2+1 BAHÇE DUBLEKS DAiRE,garden,1,0,1,0,0,detail_and_title,0,,1325530039
,SINIRSIZ KREDI IMKANI 3 + 1 ASANSÖRLÜ ÇATI DUBLEKS,roof,1,1,0,0,0,title,0,,1320300245
,BAŞİSKELE YUVACIK FATİH MAHALLESİN'de 3+1 EĞİMSİZ ÇATI DUBLEKS,roof,1,1,0,0,0,title,0,,1321453587
,SINIRSIZ KREDİ İMKANLI 3+1 BAHÇE DUBLEKS,garden,1,0,1,0,0,title,0,,1320628821
Bahçe Dubleksi,AZİZE EVLERİNDE SATILIK 3+1 BAHÇE DUBLEKS DAİRE,garden,1,0,1,0,0,detail_and_title,0,,1321495135
,BAŞİSKELE YEŞİLYURT MAH'DE SATILIK 3+1 BAHÇE DUBLEKS,garden,1,0,1,0,0,title,0,,1291472930
Bahçe Dubleksi,DERİN'DEN ZERAY PERLA'DA ÖZEL BAHÇE KULLANIMLI 3+1 DUBLEKS DAİRE,garden,1,0,1,0,0,detail_and_title,0,title_generic_confirms_detail_subtype,1295381901
Bahçe Dubleksi,BAŞİSKELE YUVACIK MERKEZ DE SATILIK 3+1 BAHÇE DUBLEKS DAİRE,garden,1,0,1,0,0,detail_and_title,0,,1327494780
Dubleks|Bahçe Dubleksi,HAVUZLU GÜVENLİKLİ SİTEDE 100M2 BAHÇE KULANIMLI DUBLEX DAİRE,garden,1,0,1,0,0,detail_and_title,0,title_generic_confirms_detail_subtype,1327361323
Çatı Dubleksi,BAŞİSKELE SERDAR MAH. ASANSÖRLÜ EĞİMSiZ 3+1 ÇATI DUBLEKS DAİRE,roof,1,1,0,0,0,detail_and_title,0,,1321354540
,Başiskele Paşadağ'da Eğimsiz 2+1 AraDubleks Daire,none,0,0,0,0,0,none,0,,1320453500
Çatı Dubleksi,BAŞİSKELE AYDINKENT SATILIK 3+1 ÇATI DUBLEKS DAİRE,roof,1,1,0,0,0,detail_and_title,0,,1327282500
,"5 + 2 çatı dubleks , Deniz manzaralı",roof,1,1,0,0,0,title,0,,1315704275
Çatı Dubleksi,KW.ARVEN G.Y.DEN BAŞİSKELE SERDAR DA SATILIK 3+1 DUBLEKS DAİRE..,roof,1,1,0,0,0,detail_and_title,0,title_generic_confirms_detail_subtype,1321238025
Çatı Dubleksi,BAŞİSKELE YEŞİLYURT MERKEZ'DE ULTRA LÜKS 3+1 TERAS DUBLEKS,roof,1,1,0,0,0,detail_and_title,0,,1324422116
Bahçe Dubleksi,BAŞİSKELE YUVACIK SİTE İÇİ 3+1 SATILIK GENİŞ BAHÇE DUBLEKS DAİRE,garden,1,0,1,0,0,detail_and_title,0,,1269675049
Ters Dubleks,BAŞİSKELE YEŞİLYURT'TA 3+1 SATILIK BAHÇE DUBLEKS,standard,1,0,0,0,1,conflict_detail_wins,1,conflict detail=standard title=garden,1310267707
Bahçe Dubleksi,RE/MAX MYRA'DAN VİLLA TADINADA 4+1 BAÇE DUBLEKS 5 BANYOLU,garden,1,0,1,0,0,detail_and_title,0,title_generic_confirms_detail_subtype,1324414221
Ters Dubleks,LİFESİDE SİTESİNDE MUHTEŞEM KONUMDA SATILIK 3+1 DUBLEKS DAİRE,standard,1,0,0,0,1,detail_and_title,0,,1309595018
Çatı Dubleksi,CB Envoy'dan Yeşilyurt Mahallesi'nde Geniş 2+1 Çatı Dubleks,roof,1,1,0,0,0,detail_and_title,0,,1316038795
Bahçe Dubleksi,YEŞİLYURT MAH. ASANSÖRLÜ 3+1 BAHÇE DUBLEKS LÜKS DAİRE,garden,1,0,1,0,0,detail_and_title,0,,1281338787
Dubleks|En Üst Kat|Çatı Dubleksi,DENİZ MANZARASIYLA AYRICALIKLI YAŞAM! YEŞİLYURTTA 4+1 DUBLEKS,roof,1,1,0,0,0,detail_and_title,0,title_generic_confirms_detail_subtype,1298583671
,BAŞİSKELE YEŞİLYURT'DA EBEVYN BANYOLU 3+1 SATILIK BAHÇE DUBLEKS,garden,1,0,1,0,0,title,0,,1327331514
Bahçe Dubleksi,Yuvacık'ta Deniz Manzaralı Bahçeli 3+1 Dubleks,garden,1,0,1,0,0,detail_and_title,0,title_generic_confirms_detail_subtype,1327317786
Çatı Dubleksi,BAŞISKELE YEŞİLYURT MERKEZ ULTRA LÜKS GENİŞ 3+1 TERAS DUBLEKS,roof,1,1,0,0,0,detail_and_title,0,,1324371637
Bahçe Dubleksi,BAŞİSKELE'DE HAVUZLU SİTE İÇİ SIFIR 3+1 ÇATI DUBLEKS DAİRE,garden,1,0,1,0,0,conflict_detail_wins,1,conflict detail=garden title=roof,1309993677
Ara Kat,BAŞİSKELE FATiH MAH.2+1 ARAKAT DAİRE SİTE İÇİ TESLİME YAKLAŞIYOR,none,0,0,0,0,0,none,0,,1327275757
Dubleks|Çatı Dubleksi,BAŞİSKELE FATİH MAHALLESİ SIFIR BİR AYA TESLİM SATILIK DAİRE,roof,1,1,0,0,0,detail,0,,1327275697
Çatı Dubleksi,RİBANKTAN SATILIK 3+1 ÇATI DUBLEKS 165 M2 LÜKS DAİRE,roof,1,1,0,0,0,detail_and_title,0,,1321238618
,ALAN PANORAMA 1.ETAPTA SATILIK 4+1 ÇATI DUBLEKS DAİRE,roof,1,1,0,0,0,title,0,,1321056327
Bahçe Dubleksi,LOFT GROUP GM'DEN YEŞİLYURT'TA 4+2 MÜSTAKİL BAHÇELİ DUBLEKS,garden,1,0,1,0,0,detail_and_title,0,,1321139992
Bahçe Dubleksi,MERKEZİ KONUMDA DUBLEKS DAİRE,garden,1,0,1,0,0,detail_and_title,0,title_generic_confirms_detail_subtype,1310215736
,BAŞİSKELE FATİH MAHALLESİN'DE 4+1 EBEVYN BANYOLU ÇATI DUBLEKS,roof,1,1,0,0,0,title,0,,1315915515
,SUPARK MEGARON EVLERİNDE BAHÇE DUBLEX,garden,1,0,1,0,0,title,0,,1274202447
,KOCAELİ BAŞİSKELE YUVACIK SATILIK 4+1 ÇATI DUBLEKS DAİRE,roof,1,1,0,0,0,title,0,,1315909815
,YUVACIKTA OTURMAYA HAZIR OKUL YANI CADDE ÜZERİ 210m2 DUBLEKS,standard,1,0,0,0,1,title,0,,1315849709
,MERKEZİ KONUM | 2+1 EĞİMSİZ DUBLEKS | İSKAN ALINDI | BÜYÜK TERAS,standard,1,0,0,0,1,title,0,,1320780307
Bahçe Dubleksi,Başiskele Yeşilyurt mahallesinde 2+1 bahçe dubleks,garden,1,0,1,0,0,detail_and_title,0,,1327079526
,BAHÇE KULLANIM HAKLI 4+1 BAHÇE DUBLEKS BU HAFTAYA ÖZEL FİYAT,garden,1,0,1,0,0,title,0,,1315419419
Dubleks,TANYILDIZ'DAN BAŞISKELE FATIH MH 3+1 SATILIK 0 DUBLEKS,standard,1,0,0,0,1,detail_and_title,0,,1298938490
Ara Kat|Çatı Dubleksi,BAŞİSKELE YEŞİLYURT'TA SATILIK 2+1 ÇATI DUBLEKS,roof,1,1,0,0,0,detail_and_title,0,,1315739813
Dubleks|Bahçe Dubleksi|Ters Dubleks,bahçe kullanımla bahçe dubleksi,garden,1,0,1,0,0,detail_and_title,0,,1327008241
,KW ARVEN'den FATİH MAH.de 4 MİLYON KREDİ İMKANI 3+1 BAHÇE DUBLEX,garden,1,0,1,0,0,title,0,,1318514021
Çatı Dubleksi,YUVACIK FATİH MAHALLESİNDE SATILIK 3+1 ÇATI DUBLEKS SIFIR DAİRE,roof,1,1,0,0,0,detail_and_title,0,,1309477215
Dubleks|En Üst Kat|Çatı Dubleksi,EMLAKÇIM41'DE BAŞİSKELE/ FATİH MH.DE MANZARALI GENİŞ 2+1 DUBLEKS,roof,1,1,0,0,0,detail_and_title,0,title_generic_confirms_detail_subtype,1326889729
Ara Kat|Çatı Dubleksi,Yeşilyurt'ta 3+1 Satılık Çatı Dubleks,roof,1,1,0,0,0,detail_and_title,0,,1315726202
Dubleks|Çatı Dubleksi,BAŞİSKELE YEŞİLYURT MAH. SATILIK 2+1 ÇATI DUBLEKS SIFIR DAİRE,roof,1,1,0,0,0,detail_and_title,0,,1269129972
,YAPI SAHİBİNDEN SIFIR DUBLEX 3*1 ANAHTAR TESLİM,standard,1,0,0,0,1,title,0,,1317968908
Çatı Dubleksi,BAŞİSKELE YUVACIK MERKEZ FIRSAT 3+1 GENİŞ EĞİMSİZ ÇATI DUBLEKS,roof,1,1,0,0,0,detail_and_title,0,,1302367370
,BAŞİSKELE FATİH'TE 3+1 İSKANI ALINMIŞ ÇATI DUBLEX DAİRE,roof,1,1,0,0,0,title,0,,1278275257
,"Deniz Manzaralı, Büyük Bahçeli 3+1 Satılık Daire",none,0,0,0,0,0,none,0,,1326853523
,FULL DENİZ MANZARALI 3+1 ÇATI DUBLEX,roof,1,1,0,0,0,title,0,,1314650304
Bahçe Dubleksi,BAŞİSKELE YEŞİLYURT'TA MUHTEŞEM 4+1 210M2 SATILIK BAHÇE DUBLEKS.,garden,1,0,1,0,0,detail_and_title,0,,1315664123
Çatı Dubleksi,BAŞİSKELE YEŞİLYURT MAH.3+1 ÇATI DUBLEKS DAİRE,roof,1,1,0,0,0,detail_and_title,0,,1315480618
Bahçe Dubleksi,BAŞİSKELE YEŞİLYURT MAH.3+1 BAHÇE DUBLEKS GENİŞ BAHÇE KULLANIMLI,garden,1,0,1,0,0,detail_and_title,0,,1315478777
Çatı Dubleksi,SERDAR MAHALLESİ'NDE 3+1 EĞİMSİZ ÇATI DUBLEKS,roof,1,1,0,0,0,detail_and_title,0,,1315567040
Bahçe Dubleksi,BAŞİSKELE ZERAY KENT'TE SATILIK 4+1 BAHÇE DUBLEKS DAİRE,garden,1,0,1,0,0,detail_and_title,0,,1315610624
Dubleks,Başiskele 3+1 dublex daire,standard,1,0,0,0,1,detail_and_title,0,,1169855282
Dubleks|En Üst Kat|Çatı Dubleksi,BAŞİSKELE'DE DENİZ MANZARALI 3+1 EĞİMSİZ DUBLEKS SATILIK DAİRE,roof,1,1,0,0,0,detail_and_title,0,title_generic_confirms_detail_subtype,1318800974
Çatı Dubleksi,BAŞİSKELE YEŞİLYURT MAH. SATILIK 105 M2 ÇATI DUBLEX 2+1,roof,1,1,0,0,0,detail_and_title,0,,1315560898
Dubleks,SON RAKAM BAŞİSKELE YUVACIK FATİH MAH'de 4+1 SATILIK DUBLEKS,standard,1,0,0,0,1,detail_and_title,0,,1315431725
,Başiskele KarpayLifeCenter'da 3+1 Havuzlu Bahçe Dubleksi Daire,garden,1,0,1,0,0,title,0,,1320425746
En Üst Kat|Çatı Dubleksi,BAŞİSKELE'DE DENİZ VE DOĞA MANZARALI SATILIK ÇATIDUBLEKS DAİRE,roof,1,1,0,0,0,detail_and_title,0,,1156905454
Çatı Dubleksi,RİBANKTAN BELEDİYEYE YAKIN SATILIK 3+1 EĞİMSİZ Ç.DUBLEKS DAİRE,roof,1,1,0,0,0,detail_and_title,0,title_generic_confirms_detail_subtype,1315359279
Çatı Dubleksi,RİBANKTAN SATILIK 2+1 ÇATI DUBLEKS DENİZ MANZARALI SIFIR DAİRE,roof,1,1,0,0,0,detail_and_title,0,,1279731409
,YEŞİLYURT MAH. OTURUMA HAZIR 2+1 SATILIK ARKA ÇATI DUBLEKS,roof,1,1,0,0,0,title,0,,1303615064
Dubleks|Bahçe Dubleksi,BAŞİSKELE FATİH MAHALLESİNDE SATILIK SİTE İÇİ 3+1 BAHÇE DUBLEKS,garden,1,0,1,0,0,detail_and_title,0,,1326477846
Çatı Dubleksi,YEŞİLYURT MAH. EBEVEYN BANYOLU SATILIK 2+1 EĞİMSİZ ÇATI DUBLEKS,roof,1,1,0,0,0,detail_and_title,0,,1298136149
Dubleks|En Üst Kat|Çatı Dubleksi,SERDAR MAHALLESİNDE SATILIK EĞİMSİZ 3+1 ÇATI DUBLEKS,roof,1,1,0,0,0,detail_and_title,0,,1315222866
Çatı Dubleksi,YEŞİLYURT MAH. SATILIK 135 M2 2+1 EĞİMSİZ ÇATI DUBLEKS,roof,1,1,0,0,0,detail_and_title,0,,1313944453
,BAŞİSKELE FATİH MAHALLESİ 110 M2 2+1 ÇATI DÜBLEKS HAVUZLU SİTE,roof,1,1,0,0,0,title,0,,1326409466
Çatı Dubleksi,Başiskele Zeray Kent Sitesinde Satılık 3+1 Çatı Dubleks,roof,1,1,0,0,0,detail_and_title,0,,1315248100
Bahçe Dubleksi,Başiskele Yeşilyurt Satılık Kredi'ye Uygun 3+1 BahçeDubleks,garden,1,0,1,0,0,detail_and_title,0,,1326398384
Ara Kat,BAŞİSKELE YUVACIK'TA SATILIK DENİZ MANZARALI 3+1 DUBLEKS DAİRE,standard,1,0,0,0,1,title,0,,1320280016
Çatı Dubleksi,YEŞİLYURT'TA DENİZ MANZARALI 3+1 ÇATI DUBLEKS,roof,1,1,0,0,0,detail_and_title,0,,1315159132
Dubleks|Çatı Dubleksi,Başiskele Paşadağ'da Yüksek Kredili 3+1 140 m² Dubleks Daire,roof,1,1,0,0,0,detail_and_title,0,title_generic_confirms_detail_subtype,1314990257
Çatı Dubleksi,Başikele Paşadağ'da 3+1 Çatı Dubleks Daire,roof,1,1,0,0,0,detail_and_title,0,,1309161078
En Üst Kat|Çatı Dubleksi,PAŞADAĞ MH 2+1 SATILIK ÇATI DUBLEKS DOĞA MANZARALI,roof,1,1,0,0,0,detail_and_title,0,,1292137095
Bahçe Dubleksi,"YEŞİLYURT'TA 4+1, 2 BAHÇE DUBLEKS 185M2 NET SIFIR DAİRE",garden,1,0,1,0,0,detail_and_title,0,,1320308654
,BAŞİSKELE YEŞİLYURTTA SIFIR 3+1 EĞİMSİZ ÇATI DUBLEKS,roof,1,1,0,0,0,title,0,,1326328697
Çatı Dubleksi,Başiskele Paşadağ'da Butik Sitede Sıfır 4+1 Çatı Dubleks,roof,1,1,0,0,0,detail_and_title,0,,1326272332
Dubleks|En Üst Kat|Çatı Dubleksi,BAŞISKELE YEŞILYURT DENIZ GÖREN 3+1 EĞİMSİZ BETON ÇATI DUBLEKS,roof,1,1,0,0,0,detail_and_title,0,,1320026055
Çatı Dubleksi,Başiskele Zeraykent Dublex Daire,roof,1,1,0,0,0,detail_and_title,0,title_generic_confirms_detail_subtype,1308716831
En Üst Kat,BAŞİSKELE TINAZTEPE DE 3+1 ÇATI DUBLEXS SATILIK DAİRE,roof,1,1,0,0,0,title,0,,1326082184
Bahçe Dubleksi,YÜKSEK KREDİ İMKANLI YEŞİLYURT MAH 180M2 4+1 BAHÇE D. DAİRE,garden,1,0,1,0,0,detail,0,,1314943054
Çatı Dubleksi,BAŞISKELE YEŞILYURT MAH.3+1 ÇATI DUBLEKS. GENİŞ TERASLI,roof,1,1,0,0,0,detail_and_title,0,,1314507870
,ROYAL COUNTRY DE SATILIK 3+1 DENİZ MANZARALI LÜX DUBLEKS DAİRE,standard,1,0,0,0,1,title,0,,1305199767
Bahçe Dubleksi,BAŞİSKELE YEŞİLYURT MAH. SATILIK 2+1 LÜX BAHÇE DUBLEX DAİRE,garden,1,0,1,0,0,detail_and_title,0,,1238673387
Bahçe Dubleksi,THE GATE EMLAK'tan Yuvacıkta satılık 4+1 Bahçe Dubleks Daire,garden,1,0,1,0,0,detail_and_title,0,,1297079908
Çatı Dubleksi,YUVACIK VADİ PARKI KARŞISI-İSKANI ALINMIŞ-ASANSÖRLÜ 3+1 DUBLEKS,roof,1,1,0,0,0,detail_and_title,0,title_generic_confirms_detail_subtype,1326092494
Çatı Dubleksi,BAŞİSKELE YEŞİLYURT MAH. SATILIK 2+1 DENİZ MAN. EĞİMSİZ DUBLEX,roof,1,1,0,0,0,detail_and_title,0,title_generic_confirms_detail_subtype,1238672114
Ara Kat,ESKİDJİden ZERAY GÜNEŞİNDE DOĞA MANZARALI ARA KAT GENİŞ 1+1,none,0,0,0,0,0,none,0,,1314405280
En Üst Kat|Çatı Dubleksi,BAŞİSKELE FATİH MH 3+1 ÇATI DUBLEKS KREDİYE UYGUN,roof,1,1,0,0,0,detail_and_title,0,,1244012731
En Üst Kat|Çatı Dubleksi,BAŞİSKELE YEŞİLYURT MAHALLESİNDE SATILIK 3+1 ÇATI DUBLEKS DAİRE,roof,1,1,0,0,0,detail_and_title,0,,1303490301
,BAŞİSKELE TINAZTEPEDE 4+1 200m2 BAHÇE DUBLEKS,garden,1,0,1,0,0,title,0,,1325971262
Bahçe Dubleksi,BAŞİSKELE YEŞİLYURT MAH. ULTRA LÜX YAPILI 3+1 BAHÇE DUBLEX,garden,1,0,1,0,0,detail_and_title,0,,1319895654
Çatı Dubleksi,END'DEN YUVACIK FATİH MAHALLESİNDE SATILIK 2+1 DUBLEKS DAİRE,roof,1,1,0,0,0,detail_and_title,0,title_generic_confirms_detail_subtype,1325961336
Dubleks|Çatı Dubleksi,BAŞİSKELE YEŞİLYURT'TA MERKEZİ KONUMDA SATILIK 3+1 DUBLEKS DAİRE,roof,1,1,0,0,0,detail_and_title,0,title_generic_confirms_detail_subtype,1325833426
Bahçe Dubleksi,SATILIK BAHÇE DUBLEKS 4+1 DAİRE,garden,1,0,1,0,0,detail_and_title,0,,1308882684
Ara Kat|Çatı Dubleksi,SERDAR MAHALLESİNDE SATILIK ÇATIDUPLEKS FERAH BİR DAİRE,roof,1,1,0,0,0,detail,0,,1319842150
Çatı Dubleksi,BAŞİSKELE FATİH MAH. LÜX 3+1 ÇATI DUBLEX DAİRE,roof,1,1,0,0,0,detail_and_title,0,,1308868300
Çatı Dubleksi,ELİZLER EMLAK'TAN SERDAR MH 3+1 160M² Ç.DUBLEKS DAİREMİZ SATILIK,roof,1,1,0,0,0,detail_and_title,0,title_generic_confirms_detail_subtype,1297784649
,BAŞİSKELE FATİH MAH.TINAZTEPE 2+1 SATILIK ARA ÇATI DUBLEKS,roof,1,1,0,0,0,title,0,,1319681077
,Satılık Bahçe Dubleks 3+1 Havuzlu Site,garden,1,0,1,0,0,title,0,,1319658346
Dubleks|Çatı Dubleksi,Deniz ve Doğa manzaralı ebeveyn banyolu 4+1 catı dubleks,roof,1,1,0,0,0,detail_and_title,0,,1155421373
Ara Kat Dubleks,FIRSAT ARAKAT DUBLEX DAİRE,middle_floor,1,0,0,1,0,detail_and_title,0,title_generic_confirms_detail_subtype,1325777804
En Üst Kat|Çatı Dubleksi,FIRSAT DAİRE FİYAT DÜŞTÜ 2+1 A.MUTFAK ÇATI DUBLEKS,roof,1,1,0,0,0,detail_and_title,0,,1314508605
Çatı Dubleksi,BAŞİSKELENİN EN PRESTİJLİ LOKASYONU PAŞADAĞDA SATILIK ÇATIDUBLEX,roof,1,1,0,0,0,detail_and_title,0,,1325518308
Bahçe Dubleksi,YEŞİLYURT'TA 4+1 BAHÇE DUBLEKS ACİL SATILIK,garden,1,0,1,0,0,detail_and_title,0,,1312900249
Bahçe Dubleksi,SÜRELİ FIRSAT BAŞİSKELE ASRIN EV. SATILIK DENİZ MAN 2+1 BAH. DUB,garden,1,0,1,0,0,detail,0,,1308569312
Çatı Dubleksi,ACİL SATILIK ListingPortal Deniz Manzaralı Dublex Daire,roof,1,1,0,0,0,detail_and_title,0,title_generic_confirms_detail_subtype,1319445368
,EKOMAXTAN BAŞİSKELE F MAH DE 3+1 ARA DUBLEKS,standard,1,0,0,0,1,title,0,,1313835754
Bahçe Dubleksi,YÜKSEK KREDİ İMKANI SİTE İÇİ 4+1 BAHÇE DUBLEKS HAVUZLU ASANSÖR,garden,1,0,1,0,0,detail_and_title,0,,1325513830
Dubleks|Bahçe Dubleksi,BAŞİSKELE YEŞİLYURT'TA SATILIK 3+1 BAHÇE DUBLEKS DAİRE,garden,1,0,1,0,0,detail_and_title,0,,1254949952
Ters Dubleks,Eminevime ve Krediye Uygun Yeşilyurt Mah. 3+1 Ters Dubleks,standard,1,0,0,0,1,detail_and_title,0,,1325469440
,SAHİBİNDEN SATILIK DENİZ MANZARALI 2+1 ÇATI DUBLEXS,roof,1,1,0,0,0,title,0,,1325333480
Ara Kat|Çatı Dubleksi,GÜNCEL ! EMAR DELUX YUVACIK 3+1 TERAS DUBLEKS FOR SALE,roof,1,1,0,0,0,detail_and_title,0,,1325322314
Ara Kat|Çatı Dubleksi,ACİL!!!ZERAY PERLA SİTESİNDE SATILIK 3+1 DUBLEKS FIRSAT DAİRE,roof,1,1,0,0,0,detail_and_title,0,title_generic_confirms_detail_subtype,1264489423
Çatı Dubleksi,PERLA'DA KAÇIRILMAYACAK 3+1 ÇATI DUBLEKS DAİRE,roof,1,1,0,0,0,detail_and_title,0,,1265326135
Dubleks,TANTA EMLAK'TAN FATİH MAH.DE 3+1 DENİZ VE DOĞA MANZARALI DUBLEKS,standard,1,0,0,0,1,detail_and_title,0,,1325264715
Dubleks,YEŞİLYURT MAH 170 M2 3+1 FERAH TAM DONANIMLI EĞİMSİZ ÇATI DUBLEX,standard,1,0,0,0,1,conflict_detail_wins,1,conflict detail=standard title=roof,1325169377
Dubleks|Çatı Dubleksi,YEŞİLYURT MAHALLESİ'NDE DENİZ MANZARALI MUHTEŞEM ÇATI DUBLEKSİ,roof,1,1,0,0,0,detail_and_title,0,,1325138943
Dubleks|Çatı Dubleksi,BAŞİSKELE PAŞADAĞDA YUVANA SİTESİNE KOMŞU 3+1 DUBLEKS DAİRE,roof,1,1,0,0,0,detail_and_title,0,title_generic_confirms_detail_subtype,1302275920
Çatı Dubleksi,BAŞİSKELE ORKA BOUTIQUE TE SATILIK SIFIR 4+1 ÇATI DUBLEKS DAİRE,roof,1,1,0,0,0,detail_and_title,0,,1142198929
Dubleks|En Üst Kat|Ara Kat|Çatı Dubleksi,FATİH MAHALLESİNDE EMİNEVİME UYGUN GENİŞ 2+1 ÇATI DUBLEKS DAİRE,roof,1,1,0,0,0,detail_and_title,0,,1325020732
Çatı Dubleksi,Tınaztepe 3+1 Sıfır Dubleks DilekErcan RE/MAXÇAKRA,roof,1,1,0,0,0,detail_and_title,0,title_generic_confirms_detail_subtype,1307110645
Dubleks,"Kocaeli'de Geniş Teraslı, Modern ve Satılık Dubleks Daire",standard,1,0,0,0,1,detail_and_title,0,,1324936376
Bahçe Dubleksi,BAŞİSKELE YEŞİLYURT MAH.SATILIK 4+1 BAHÇE DUBLEKS DAİRE 180 M2,garden,1,0,1,0,0,detail_and_title,0,,1290404754
Dubleks|En Üst Kat|Ara Kat|Ara Kat Dubleks|Bahçe Dubleksi|Çatı Dubleksi|Forleks|Ters Dubleks|Tripleks,ORKA BOUTIQUE FIRSAT 3+1 DUBLEKS DOĞA VE HAVUZ MANZARALI,roof,1,1,0,0,0,detail_and_title,0,title_generic_confirms_detail_subtype,1285061922
Dubleks,ERENOĞLU GM'DEN SATILIK YÜKSEK KREDİLİ 3+1 ÇATI DUBLEKS DAİRE,standard,1,0,0,0,1,conflict_detail_wins,1,conflict detail=standard title=roof,1307206586
Bahçe Dubleksi,BAŞİSKELE YEŞİLYURT MAH.SATILIK 3+1 BAHÇE DUBLEKS DAİRE,garden,1,0,1,0,0,detail_and_title,0,,1289708069
Çatı Dubleksi,YEŞİLYURT MAH 150 M2 ÖNÜ KAPANMAZ DENİZ MANZARALI 3+1 ÇATI D.,roof,1,1,0,0,0,detail,0,,1313550480
Çatı Dubleksi,BAŞİSKELE SERDAR MAH. SATILIK 1+1 DUBLEKS ASANSÖRLÜ DAİRE,roof,1,1,0,0,0,detail_and_title,0,title_generic_confirms_detail_subtype,1324793898
,ZERAY KORUPARK'ta 3+1 164 m2 ÇATI DUBLEKSİ,roof,1,1,0,0,0,title,0,,1324770092
Bahçe Dubleksi,Bol manzaralı bahçe dublex,garden,1,0,1,0,0,detail_and_title,0,,1292874003
,"Baṣiskele , Yeṣilyurt mah , Bahçe dubleks , 180 metre kare",garden,1,0,1,0,0,title,0,,1313167432
Çatı Dubleksi,BAŞİSKELEDE 4+1 ÇATI DUBLEKS 160m2 FIRSAT DAİRE,roof,1,1,0,0,0,detail_and_title,0,,1324709100
Çatı Dubleksi,(FIRSAT!!!) DENİZ MANZARALI 3+1 SIFIR ÇATI DUBLEKS,roof,1,1,0,0,0,detail_and_title,0,,1307376027
Çatı Dubleksi,YEŞİLYURTTA SATILIK 2+1 Ç.DUBLEKS ASANSÖRLÜ LÜKS SIFIR DAİRE,roof,1,1,0,0,0,detail_and_title,0,title_generic_confirms_detail_subtype,1313365725
Çatı Dubleksi,"Fatih Mah'de Önü Kapanmaz Manzara, Yerden Isıtma 3+1 Çatı Duble",roof,1,1,0,0,0,detail,0,,1318891520
Çatı Dubleksi,FATİH MH. 3+1 ÇATI DUBLEKS DAİRE OTURUMA HAZIR İSKANLI,roof,1,1,0,0,0,detail_and_title,0,,1318889430
,Başiskele Yeşilyurt mh. Satılık 3+1 Bahçe Dubleks Daire,garden,1,0,1,0,0,title,0,,1324413554
Çatı Dubleksi,BAŞİSKELE ORKA BOUTIQUE TE SATILIK SIFIR 4+1 ÇATI DUBLEKS DAİRE,roof,1,1,0,0,0,detail_and_title,0,,1190665407
Ters Dubleks,SAHİBİNDEN VADİ YUVACIK SİTE İÇİNDE 3+1 BAHÇE DUBLEKS (TAKASLI),standard,1,0,0,0,1,conflict_detail_wins,1,conflict detail=standard title=garden,1313189386
Bahçe Dubleksi,BAŞİSKELE 2+1 BAHÇE DUBLEX HAVUZLU GENİŞ KULANIŞLI DAİRE,garden,1,0,1,0,0,detail_and_title,0,,1324372679
,BAŞİSKELE MERKEZİ KONUM BAHÇELİ 3+1 BAHÇE DUBLEKS,garden,1,0,1,0,0,title,0,,1324397181
Çatı Dubleksi,YEŞİLYURT MAHALLESİNDE SATILIK 3+1 ÇATI DUBLEKS,roof,1,1,0,0,0,detail_and_title,0,,1289888125
,"Havuzlu sitede, deniz ve doğa manzaralı özel dubleks daire",standard,1,0,0,0,1,title,0,,1324313063
Bahçe Dubleksi,SİTEDE BAHÇELİ GENİŞ 3+1 BAHÇE DUBLEKSİ FOR SALE,garden,1,0,1,0,0,detail_and_title,0,,1323982933
Çatı Dubleksi,BAŞİSKELE MERKEZ DÖNGEL 3+1 ÇATI DUBLEKS 165 M2 SİTE İÇİ,roof,1,1,0,0,0,detail_and_title,0,,1271815159
Çatı Dubleksi,BAŞİSKELE DÖNGEL MAH. DENİZ MANZARALI 4+1 ÇATI DUBLEKS,roof,1,1,0,0,0,detail_and_title,0,,1329877571
,Başiskelede 3+1Çatı Dubleks Manzara Konfor Güven Bir Arada!,roof,1,1,0,0,0,title,0,,1277984425
,SAHİBİNDEN SATILIK,none,0,0,0,0,0,none,0,,1329525793
,"Sitenin En Güzeli, Yapılı, Masrafsız",none,0,0,0,0,0,none,0,,1329324426
,SAHİBİNDEN TÜM ODALAR DENİZ VE HAVUZ MANZARALI,none,0,0,0,0,0,none,0,,1329291766
Bahçe Dubleksi,END'DEN BAŞİSKLE DAMLAR 2+1 DUBLEKS SATILIK DAİRE,garden,1,0,1,0,0,detail_and_title,0,title_generic_confirms_detail_subtype,1317804165
,DÖNGELDE SİTE İÇERİSİNDE ASANSÖRLÜ 3+1 EĞİMSİZ ÇATI DUBLEKS,roof,1,1,0,0,0,title,0,,1323035743
Çatı Dubleksi,Tarcanlardan Başiskelede Satılık 3+1 Daire,roof,1,1,0,0,0,detail,0,,1317560704
,BAŞİSKELE DÖNGELDE 2+1 ÇATI DUBLEKS,roof,1,1,0,0,0,title,0,,1328763711
Bahçe Dubleksi,Başiskele Döngel'de Deniz Manzaralı 4+1 Bahçe Dubleks,garden,1,0,1,0,0,detail_and_title,0,,1313980718
Ara Kat,ListingPortal 2+1 Arakat Yeniköy Kirazlıkent'te Daire,none,0,0,0,0,0,none,0,,1311329885
,ACİLLLL . BAŞİSKELE DÖNGELDE DREM GARDEN SİTESİNDE BAHCE DUBLEX,garden,1,0,1,0,0,title,0,,1325665770
Bahçe Dubleksi,BAŞİSKELE DÖNGEL BARBAROS MAHALLESİ SINIRINDA 2+1 BAHÇE DUBLEKSİ,garden,1,0,1,0,0,detail_and_title,0,,1328593714
Ara Kat,BAŞİSKELEDE LEON SUITES'TE SATILIK SIFIR 2+1 DAİRE HAVUZLU SİTE,none,0,0,0,0,0,none,0,,1328515441
Ara Kat Dubleks,ASİL GROUPTAN BAŞİSKELE DÖNGEL MAH 3+1 ÇATI DUBLEKS,middle_floor,1,0,0,1,0,conflict_detail_wins,1,conflict detail=middle_floor title=roof,1322345258
Dubleks|En Üst Kat|Ara Kat|Ara Kat Dubleks|Bahçe Dubleksi|Çatı Dubleksi|Ters Dubleks|Tripleks,BAŞİSKELEDE PREJTİJLİ PROJE SON 2 ÇATI DUBLEKS 2+1 SATILIK DAİRE,roof,1,1,0,0,0,detail_and_title,0,,1305369124
Ara Kat,BAŞİSKELE DÖNGELDE SATILIK 3+1 BAHÇE DUBLEKSİ,garden,1,0,1,0,0,title,0,,1328415285
,Ziraat Bankası'ndan Döngel Mahallesinde Dubleks Mesken,standard,1,0,0,0,1,title,0,,1294518218
Ara Kat,RW Nova'dan Oluklu life Sit. Satılık 3+1 Arakat Ebeveyn Banyolu,none,0,0,0,0,0,none,0,,1328388907
Ara Kat,DENİZ MANZARALI ARAKAT 3+1 SIFIR DAİRE,none,0,0,0,0,0,none,0,,1288042140
,Harika konum da son 3+1 fırsat daire için hemen arayın,none,0,0,0,0,0,none,0,,1328306010
Ara Kat,BAŞİSKELE DÖNGEL DE 3+1 SATILIK DAİRE,none,0,0,0,0,0,none,0,,1328288707
,DÖNGEL MAH. VİLLA TADINDA 3+1 BAHÇE DUBLEKS,garden,1,0,1,0,0,title,0,,1283255123
Bahçe Dubleksi,TUAL'DEN ELİT KENTİN EN UYGUN 3+1 BAHÇE KATI DAİRESİ,garden,1,0,1,0,0,detail,0,,1314890134
Çatı Dubleksi,Başiskele Merkezde Satılık 4+1 Çatı Dubleks | Asansörlü,roof,1,1,0,0,0,detail_and_title,0,,1316839463
Ara Kat|Çatı Dubleksi,BAŞİSKELENİN KALBİ KARŞIYAYA DÖNGEL MEVKİİNDE Ç.DUBLEKS,roof,1,1,0,0,0,detail_and_title,0,title_generic_confirms_detail_subtype,1312062284
,Tarcanlardan Satılık Döngel'De Asansörlü Deniz Manzaralı Dubleks,standard,1,0,0,0,1,title,0,,1310821347
Ara Kat Dubleks,ASİL GROUPTAN DÖNGEL MAH.'DE 3+1 ARA DUBLEKS,middle_floor,1,0,0,1,0,detail_and_title,0,title_generic_confirms_detail_subtype,1321922090
Dubleks|Çatı Dubleksi,BAŞİSKELE OLUKLU LIFE SİTESİNDE MODERN YAPILI 2+1 ÇATI DUBLEKS,roof,1,1,0,0,0,detail_and_title,0,,1322024373
,BAŞİSKELE DÖNGEL MH. 3+1 DUBLEKS SATILIK DAİRE,standard,1,0,0,0,1,title,0,,1327876113
Bahçe Dubleksi,Haura Bahçe'de Satılık 2+1 Bahçe Dubleks Daire,garden,1,0,1,0,0,detail_and_title,0,,1282634581
Çatı Dubleksi,My Yaka Sitesi'nde Satılık 3+1 Çatı Dubleks Daire,roof,1,1,0,0,0,detail_and_title,0,,1321911180
Çatı Dubleksi,BAŞİSKELE SAHİL MAH.SATILIK DENİZ MAN.ÇATI DUBLEKS SIFIR DAİRE,roof,1,1,0,0,0,detail_and_title,0,,1321669991
Dubleks|Bahçe Dubleksi,Basiskele Dongelde Genis 3+1 Bahce Dubleks,garden,1,0,1,0,0,detail_and_title,0,,1327636291
Bahçe Dubleksi,Tarcanlar'dan Satılık Döngelde Modern Lüks 183Metre BahçeDubleks,garden,1,0,1,0,0,detail_and_title,0,,1276419918
Çatı Dubleksi,ÇATI DUBLEKSİ,roof,1,1,0,0,0,detail_and_title,0,,1111409910
,SINIRSIZ KREDİLİ SAHİBNDEN 160m 2+1 GENİŞ BAHÇE DUBLEX,garden,1,0,1,0,0,title,0,,1316157192
Çatı Dubleksi,Döngel'de Deniz Manzarali Luks 3+1 Geniş Çatı Dubleks,roof,1,1,0,0,0,detail_and_title,0,,1327435317
Bahçe Dubleksi,Yüz Yapı'dan Modern Mimarili 3+1 Bahçe Dubleksi,garden,1,0,1,0,0,detail_and_title,0,,1327305560
Çatı Dubleksi,Yüz Yapı'dan Deniz ve Vadi Manzaralı Lüks 4+1 Çatı Dubleksi,roof,1,1,0,0,0,detail_and_title,0,,1327133300
Bahçe Dubleksi,BAŞİSKELE DÖNGEL MAH. SATILIK 3+1 BAHÇE DUBLEKS DAİRE,garden,1,0,1,0,0,detail_and_title,0,,1306647260
,TAMAMI KREDİLİ SAHİBİNDEN 160 m 2+1 YÜKSEK GİRİŞLİ BAHÇE DUBLEX,garden,1,0,1,0,0,title,0,,1316151663
,SIFIR DENİZ MANZARALI VİLLA TADINDA 3+1 BAHÇE KATI,none,0,0,0,0,0,none,0,,1320515623
Dubleks|Bahçe Dubleksi,BAŞİSKELE / DAMLAR / VİLLA NİTELİKLİ/ 4+1/ÖZEL BAHÇELİ DUBLEKS,garden,1,0,1,0,0,detail_and_title,0,,1304168229
,ÇELİK-AY GAYRİMENKUL'DEN SATILIK 3+1 ÇATI DUBLEKS DAİRE,roof,1,1,0,0,0,title,0,,1326768783
,BAŞİSKELE 3+1 SIFIR DUBLEKS ÇATI EĞİMSİZ ÖN CEPHE MİLLET BAHÇESİ,standard,1,0,0,0,1,title,0,,1315278629
Bahçe Dubleksi,DÖNGEL MAH.SATILIK İSKANLI GENİŞ SIFIR 5+1 B.DUBLEKSİ DAİRE,garden,1,0,1,0,0,detail_and_title,0,title_generic_confirms_detail_subtype,1303839903
Çatı Dubleksi,Başiskele Döngel'de Deniz Manzaralı Satılık 3+1 Çatı Dubleks,roof,1,1,0,0,0,detail_and_title,0,,1326335569
Dubleks,SAHİBİNDEN DAMLAR MAH.DENİZ MANZARALI 3+1 DUBLEX DAİRE NET 155m,standard,1,0,0,0,1,detail_and_title,0,,1308796203
Bahçe Dubleksi,BAŞİSKELE BARBAROS'DA SATILIK GENİŞ 3+1 BAHÇE DUBLEKS,garden,1,0,1,0,0,detail_and_title,0,,1325995278
Dubleks,BAŞİSKELE DAMLAR MAH VİLLA KONSEPT 4+1 DUBLEKS DAİRE,standard,1,0,0,0,1,detail_and_title,0,,1314213618
,ÇARŞİ MERKEZDE SATİLİK DUBLEX DAİRE,standard,1,0,0,0,1,title,0,,1325723061
,Deniz manzarali dublex daire,standard,1,0,0,0,1,title,0,,1325364830
Ara Kat|Çatı Dubleksi,"Başıiskele Merkezde Deniz Manzaralı, Önü Açık 4+1 Çatı Dubleksi",roof,1,1,0,0,0,detail_and_title,0,,1308082052
,ENKA GYO'DAN BAŞİSKELEDE 4+1 DENİZ MANZARALI DUBLEKS DAİRE,standard,1,0,0,0,1,title,0,,1324745372
,MERKEZİ LOKASYONDA KAÇIRILMAYACAK FIRSAT,none,0,0,0,0,0,none,0,,1322839095
Ara Kat,BAŞİSKELE TWİNKLE LİFE SİTESİNDE 3+1 SATILIK BAHÇELİ DAİRE,none,0,0,0,0,0,none,0,,1292302818
,FIRSAT DAİRE 3+1 İSKANI ALINMIŞ OTURUMA HAZIR DAİRELER,none,0,0,0,0,0,none,0,,1315354860
