detail_konut_tipi_raw,title_raw,duplex_type,is_duplex,is_roof_duplex,is_garden_duplex,is_middle_floor_duplex,is_standard_duplex,duplex_match_source,duplex_source_conflict,extraction_notes,classified_id
Ara Kat,ÜMİTKÖY'DE ENDER SATILIK PANAROMİK MANZARALI PRESTİJLİ 4+1,none,0,0,0,0,0,none,0,,1320682529
,ÜMITKÖY MERKEZDE DORUKENT SITESINDE 3 + 1 SATILIK DAIRE,none,0,0,0,0,0,none,0,,1329517547
Ara Kat Dubleks,TURYAP'tan AKYILDIZ PRESTİJ de 1+1 GENİŞ BALKON K.GARAJ GÜVENLİK,middle_floor,1,0,0,1,0,detail,0,,1332697069
,ALACAATLI PRİMERA SATILIK 5+1 LÜKS DAİRE,none,0,0,0,0,0,none,0,,1304762757
Dubleks|En Üst Kat|Çatı Dubleksi,DİKMEN MÜRSEL ULUÇTA KOMPLE YAPILI DUBLEKS 3+1 MASRAFSIZ YAPILI,roof,1,1,0,0,0,detail_and_title,0,title_generic_confirms_detail_subtype,1332709174
Ara Kat,TURYAP 'TAN VİOLE DE PEYZAJ MANZARALI OTURUMA HAZIR SIFIR 1+1,none,0,0,0,0,0,none,0,,1330032105
Ara Kat,SİNPAŞ EGE VADİSİ KULE BLOKTA SATILIK SIFIR 2+1 REZIDANS,none,0,0,0,0,0,none,0,,1318190440
,ATA EVİM|SİNAN CD VE VADİ YAKINI DÜZ GİRİŞ LÜX YAPILI 3+1SATILIK,none,0,0,0,0,0,none,0,,1315165130
En Üst Kat,HAZAR'DAN PANORAMİK VADİ MANZARALI ULTRA LÜKS YAPILI 2+1+2 BANYO,none,0,0,0,0,0,none,0,,1332745611
Ara Kat,"KORU MAHALLESİ BUTİK SİTEDE FERAH,HUZURLU YENİ YAPILI 3+1 ARAKAT",none,0,0,0,0,0,none,0,,1315736413
Ara Kat,ÇAYYOLU'NUN KALBİNDE YAPILI 3+1 SATILIK DAİRE,none,0,0,0,0,0,none,0,,1332734139
Ara Kat,Çayyolu Konutkent 1 Sitesi'nde Taşınmaya Hazır 3+1 Boş Daire,none,0,0,0,0,0,none,0,,1329887457
Ara Kat,MEGAPOL'DEN 3+1 ASANSÖRLÜ LÜKS YAPILI KABİL CADDE YANI GENÇ BİNA,none,0,0,0,0,0,none,0,,1331422214
En Üst Kat,"ÇAMLI'DAN SATILIK 4+1,KAPALI DUBLEKS GÜNEY BATI CEPHE",standard,1,0,0,0,1,title,0,,1332797838
,GOP 'da Mahatma Gandhi 2+1 Fırsat Daire,none,0,0,0,0,0,none,0,,1329904584
Ara Kat,ANKARA'NIN EN GÖZDE PROJELERİNDEN NATURA VADİ'DE SÜPER LÜKS 4+1,none,0,0,0,0,0,none,0,,1320201258
Ara Kat,MENEKŞE SİTESİ ANKARA MANZARALI BÜYÜK TİP 3+1 FIRSAT DAİRE,none,0,0,0,0,0,none,0,,1327075611
Ara Kat,YAŞAMKENT DORLİN RESIDENCE 3.KATTA MANZARALI KÖŞE 2+1 LÜKS DAİRE,none,0,0,0,0,0,none,0,,1294994358
Ara Kat,"TURYAP 'TAN K.OTOPARKLI,CAM BALKONLU, SIFIR, 1+1, KÖŞE DAİRE",none,0,0,0,0,0,none,0,,1330036885
Ara Kat,CAFER'DEN FULL YAPILI ARA KATTA PARK MANZARALI G.BATI CEPHE 3+1,none,0,0,0,0,0,none,0,,1325713871
,İlker Cad. Yakını Tüm Bölümlerin Önü Açık Geniş Lüks Köşebaşı 3+,none,0,0,0,0,0,none,0,,1328721470
,Polat Emlak- 29 Mayıs Hastanesi Yakını Katta Full Yapılı 3+1,none,0,0,0,0,0,none,0,,1320791671
Dubleks|Çatı Dubleksi,NATURA VADİ YAKINI 5+1 SATILIK TERASLI DUBLEKS DAİRE - YENİ ORAN,roof,1,1,0,0,0,detail_and_title,0,title_generic_confirms_detail_subtype,1302769538
,BEYTEPE İNCEK ALACATLI AKSINDA OTURUMA HAZIR 5+1 YÜKSEK KAT LÜKS,none,0,0,0,0,0,none,0,,1326295112
Ara Kat,Çankaya Gayrimenkul'den Yeni Binada Manzaralı 3+1 Boş Daire,none,0,0,0,0,0,none,0,,1309795676
,GÖRAL EMLAK TAN 2+1 BAĞIMSIZ SALON GENİŞ 1.KOT BAHÇE CIKIŞLI BOŞ,none,0,0,0,0,0,none,0,,1330221222
En Üst Kat,John F. Kennedy'de Gözde Lokasyonda Mantolamalı ve Asansörlü,none,0,0,0,0,0,none,0,,1318817928
Ara Kat,"İncek Icon A-Blok Tapulu ve Boş, Sahibinden",none,0,0,0,0,0,none,0,,918525291
Ara Kat,sahibinden satılık 4+1 daire,none,0,0,0,0,0,none,0,,1315887409
Ara Kat,ＥＶＡＬＯＦＴ⫸ARAKATTA DİKMEN VADİ MANZARALI 3+1 AÇIK CEPHELİ ISI YLTM,none,0,0,0,0,0,none,0,,1332502664
,ÇAĞLAYAN'DAN BOŞ SOKULLU CADDE YAKINI KATTA FULL YAPILI GENİŞ,none,0,0,0,0,0,none,0,,1332166929
Ara Kat,DİKMEN SOKULLUDA SATILIK DAİRE 3+1 ORTA KATTA PARK MANZARALI,none,0,0,0,0,0,none,0,,1329606605
Ara Kat|Ara Kat Dubleks|Dubleks,ÇUKURAMBAR GÖKTEŞEHİR EVLERİ SATILIK 5+1 DAİRE,middle_floor,1,0,0,1,0,detail,0,,1332935567
Ara Kat,"İŞÇİ BLOKLARI'NDA FERAH, KULLANIŞLI VE MANZARALI DAİRE",none,0,0,0,0,0,none,0,,1333099191
,"CADDE ÜZERİNDE SATILIK ARA KAT, ÖN CEPHE, GENİŞ VE FERAH DAİRE",none,0,0,0,0,0,none,0,,1275743104
Ara Kat,CUBES ANKARA PANORAMİK MANZARALI SIFIR BOŞ ŞEREFİYELİ 3+1,none,0,0,0,0,0,none,0,,1268940737
Ara Kat,EMEK 25. CADDEDE 2+1 | 75 M² NET | 1. KAT | SATILIK DAİRE,none,0,0,0,0,0,none,0,,1333133338
,SİNPAŞ EGE VADİSİ SATILIK 1+1 DAİRE YAŞARKENT'TEN,none,0,0,0,0,0,none,0,,1318328691
,HİÇ MASRAF ETMEDEN HEMEN TAŞININ! NACİ ÇAKIR'DA ÖZEL TASARIM 2+1,none,0,0,0,0,0,none,0,,1330806626
Dubleks|En Üst Kat,"Ankara Manzaralı, 5+1 Satılık Anahtar Teslim Dubleks Daire",standard,1,0,0,0,1,detail_and_title,0,,1319574841
,BİLKENT 1 ÇAMLIK SİTESİ D BLOKTA 3+1 ÇİFT BANYOLU TEMİZ,none,0,0,0,0,0,none,0,,1238458337
,Fakültelere hastanelere ulaşıma yakın satılık 2 + 1 daire,none,0,0,0,0,0,none,0,,1327497324
,"BALGAT EHLİBEYT'TE LOKASYON FIRSATI! İÇİ YENİLENMİŞ, 3+1 GİRİŞ",none,0,0,0,0,0,none,0,,1321444755
,ARAKAT ÖN CEPHE FULL YAPILI OTO PARKLI,none,0,0,0,0,0,none,0,,1321408771
Ara Kat,Çukurambar'da harika lokasyonda 4+1 Satılık Daire,none,0,0,0,0,0,none,0,,1314037807
Ara Kat,Hilal Şahin'den (Fırsat Fiyat) Koordinat Çayyolu Satılık 4+1,none,0,0,0,0,0,none,0,,1328314940
Ara Kat,AMETİST RESİDENCES SATILIK 4+1 ULTRA LÜKS KONFORLU DAİRE,none,0,0,0,0,0,none,0,,1328417869
Ara Kat,"ÇİĞDEM MAHALLESİ GÖKKUŞAĞI SİTESİNDE,150 M2,ÖN CEPHE, 6.KAT",none,0,0,0,0,0,none,0,,1316766391
Dubleks|En Üst Kat|Çatı Dubleksi,ÇUKURAMBAR BUDAPEŞTE CAD.İTHAL LÜKS MOBİLYALI 5+1 DUBLEX DAİRE,roof,1,1,0,0,0,detail_and_title,0,title_generic_confirms_detail_subtype,1317231669
,ACİL.CEBECİ 2+1 KAT 2 YAPİLİ BAGİMSİZ,none,0,0,0,0,0,none,0,,1329411388
Ara Kat,ÇANKAYA BALGAT CONSEPT'TE FULL YAPILI ASANSÖRLÜ 1+1 DAİRE,none,0,0,0,0,0,none,0,,1316940300
Ara Kat,"Next Level Çayyolu Satılık Boş3,5+1 Daire Kısa Süre Fırsat Fiyat",none,0,0,0,0,0,none,0,,1324030560
,BİLKENT 2 PARK SİTESİNDE 3+1 SATILIK DAİRE,none,0,0,0,0,0,none,0,,1330140579
,KONYA YOLU CEPHELİ ATV KARŞISI BULVAR ÜZERİ 3+1 SATILIK DAİRE,none,0,0,0,0,0,none,0,,1324299959
Ara Kat,İNAN GROUP'DAN BEYTEPE ATASUPARK SİTESİ 4+1 LÜKS DAİRE,none,0,0,0,0,0,none,0,,1330311519
Ara Kat,CEYHUN ATUF KANSU CAD.TAURUS AVM YAKINI ARA KAT SATILIK 4+1,none,0,0,0,0,0,none,0,,1312431125
,ONLİNE EMLAKTAN ÇUKURAMBAR MUHSİN Y.CD YAKINI ARA KAT FIRSAT 4+1,none,0,0,0,0,0,none,0,,1324626682
,"SAHİBİNDEN MERKEZİ KONUMDA MARAFSIZ, BAHÇELİ ve EŞYALI DAİRE",none,0,0,0,0,0,none,0,,1330496270
,EVA INVEST OFFICIAL // BİLKENT NAZENDE 6+1 (KİRACILI),none,0,0,0,0,0,none,0,,1268894344
Ara Kat,İNCEPTİON BEYTEPE'DE NET 196M2 3 BANYOLU 4+1 SATILIK DAİRE,none,0,0,0,0,0,none,0,,1324712558
Ara Kat,"Beyhills Beytepe de Satılık Natamam,Geniş Teraslı Dublex",standard,1,0,0,0,1,title,0,,1319612971
Ara Kat,BULVAR BEYTEPE-1'DE EKSTRALI 2+1 SATILIK 130m² GENİŞ LÜKS DAİRE,none,0,0,0,0,0,none,0,,1331082229
Ara Kat,"ÇİĞDEM MAHALLESİ, KAPALI OTOPARK, İSKANLI 3+1, ARA KAT , SATILIK",none,0,0,0,0,0,none,0,,1325288247
,ANKARA BALGATTA SATILIK DAİRE,none,0,0,0,0,0,none,0,,1331490411
,ÇİĞDEM MAHALLESİ 'NDE YENİ ESENKENT SİTESİ KÖK TAPU SATILIK 3+1,none,0,0,0,0,0,none,0,,1331710961
En Üst Kat,BALGAT KARAKOL YAKINI 3+1 DAİRE KREDİYE UYGUN,none,0,0,0,0,0,none,0,,1325446648
Ara Kat,ODTÜ JOU ORMAN PROJESİNDE 1+1 DAİRE,none,0,0,0,0,0,none,0,,1312626173
Ara Kat,SUKENT BEYTEPE'de GENİŞ PEYZAJ ŞEHİR MANZARALI 4+1 DAİRE,none,0,0,0,0,0,none,0,,1236926341
Ara Kat,IF AJANS - EMSALSİZ REZİDANS AMETİST DE BÜYÜK TİP MANZARALI 4+1,none,0,0,0,0,0,none,0,,1296592574
,last pointte 11 kat doğu güney cephe 4+1 kombili daire,none,0,0,0,0,0,none,0,,1331755946
,ÇANKAYA NASUH AKAR MAH. SATILIK 2+1 KAPALI MUTFAKLI DAİRE,none,0,0,0,0,0,none,0,,1322971594
,"EVA INVEST OFFICIAL // AVEND BEYTEPE SIFIR 4,5+1 KDV AVANTAJLI",none,0,0,0,0,0,none,0,,1320185171
Dubleks,REHA MEDİN'DEN MANZARALI GENİŞ TERASIYLA SATILIK 3+1 DUBLEKS,standard,1,0,0,0,1,detail_and_title,0,,1320474432
En Üst Kat,FULL YAPILI 3+1 KAÇIRILMAZ FIRSAT,none,0,0,0,0,0,none,0,,1325680273
Ara Kat,ÇANKAYA ÇAMLITEPE MAHALLESİ 3+1 SATILIK DAİRE,none,0,0,0,0,0,none,0,,1315234370
Dubleks,CUMHURİYET GAYRİMENKULDEN 2+2 FULL+FULL YAPILI MASRAFSIZ,standard,1,0,0,0,1,detail,0,,1328557222
Ara Kat Dubleks,ÇANKAYA BEYSU KONAKLARI SATILIK 5+2 ORMAN VE ANKARA MANZARALI,middle_floor,1,0,0,1,0,detail,0,,1317809501
Ara Kat,BEYTEPE_PRESTİJLİ LOKASYONDA_4+1 DAİRE,none,0,0,0,0,0,none,0,,1330553926
,DORUK BEYTEPE 'NİN EN GÜZEL KATINDA ULTRA LÜKS DAİRE,none,0,0,0,0,0,none,0,,1311686596
Ara Kat,"NEXT LEVEL ÇAYYOLU KONUTLARINDA (YATAY) 3.5+1 ,150 M2 DAİRE",none,0,0,0,0,0,none,0,,1332548856
Ara Kat,AKINCI BEYTEPE DE ARA KAT 5+1 DAİRE,none,0,0,0,0,0,none,0,,1332804475
Çatı Dubleksi,MUSTAFA KEMAL'DE İSTER OTURUM İÇİN İSTERSENİZDE İŞ YERİ FIRSAT,roof,1,1,0,0,0,detail,0,,1332695042
Ara Kat,ÇANKAYA CEVİZLİDERE MERKEZDE DÜZLÜK ALANDA SATILIK 3+1 DAİRE,none,0,0,0,0,0,none,0,,1320888130
,HSN GAYRİMENKUL'DEN MUTLU VİŞNELİK SATILIK 2+1 EŞYALI DAİRE,none,0,0,0,0,0,none,0,,1315798795
,CEBECİ MERKEZDE KAÇIRILMAYACAK FIRSAT 2+1 SATILIK DAİRE!!!,none,0,0,0,0,0,none,0,,1315729012
Ara Kat,Emekte Yeni 2+1 Katta ÖnCephede Kombili Metro Yakını,none,0,0,0,0,0,none,0,,1327270879
,BAHÇE EMLAK TAN SIFIR 2+1,none,0,0,0,0,0,none,0,,1282345888
Ara Kat,İÇ MİMAR SAHİBİNDEN İSRAİL EVLERİNDE RESTORASYONLU DAİRE,none,0,0,0,0,0,none,0,,1303794352
En Üst Kat,AYRANCI'DA İÇİ BOŞ SATILIK | CADDEYE CEPHE | 3+1 DAİRE,none,0,0,0,0,0,none,0,,1322142866
Ara Kat,ANADOLUDAN BAHÇELİEVLERDE ASANSÖRLÜ 3+1 2.KATTA OTOPARKLI LÜX,none,0,0,0,0,0,none,0,,1329929273
Ara Kat,"ANITTEPE HEDEF SOKAK TA GENİŞ, 3 CEPHE, FERAH DAİRE",none,0,0,0,0,0,none,0,,1299836292
,AŞTİ YAKINI BAĞIMSIZ ODALI SATILIK 3+1,none,0,0,0,0,0,none,0,,1328723689
Ara Kat,"EMEK MAH. MİLLİ KÜTÜPHANE,HAZİNE,METRO YAKINI,2+1,SATILIK",none,0,0,0,0,0,none,0,,1317900454
En Üst Kat,HOŞDERE CADDESİ' nde; BALKONLU + BAKIMLI + GÖMME DOLAPLI 2+1,none,0,0,0,0,0,none,0,,1322274262
,REK GRUP DAN EMEKTE YENİ BİNADA SATILIK 1+1 TERASLI DAİRE,none,0,0,0,0,0,none,0,,1329875065
Ara Kat|Çatı Dubleksi,"Çankaya Bahçelievler, Azerbaycan Cad, Geniş Yapılı Dubleks Daire",roof,1,1,0,0,0,detail_and_title,0,title_generic_confirms_detail_subtype,1312290755
Dubleks,BAHÇELİEVLER 3.CAD PTT YANI SATILIK GENÇ BİNADA 2+1 DUBLEKS,standard,1,0,0,0,1,detail_and_title,0,,1329920165
Dubleks,Çankaya Aziziye Mah. Satılık 1.5+1 Eşyalı Dubleks Daire,standard,1,0,0,0,1,detail_and_title,0,,1330408234
En Üst Kat,ÇANKAYA AYRANCI KUZGUN SOKAK ÜZERİNDE SATILIK 2+1 DAİRE,none,0,0,0,0,0,none,0,,1301446971
Çatı Dubleksi,EMEKTE 5 YILLIK BİNADA GENİŞ MUTFAKLI 4+1 DUBLEKS ÇİFT BANYOLU,roof,1,1,0,0,0,detail_and_title,0,title_generic_confirms_detail_subtype,1327908644
Dubleks,BAHÇELİEVLER ANITKABİR ORMAN MANZARALI SATILIK DUBLEKS DAİRE,standard,1,0,0,0,1,detail_and_title,0,,1306854602
,ÇANKAYA KONUT KULELERİ'NDE DİKMEN VADİSİNİN KALBİNDE SATILIK,none,0,0,0,0,0,none,0,,1330373799
Ara Kat,"ÖZCAN EMLAK DAN CİNNAH CADDESİ ÜZERİ KOMPLE 3.KAT,TEK DAİRE",none,0,0,0,0,0,none,0,,1249064848
Ara Kat,ANADOLUDAN EMEKTE METRO KARŞISI 3+1 2.KATTA OTOPARKLI BOŞ TESLİM,none,0,0,0,0,0,none,0,,1329055230
Dubleks,EMEK 25. CADDE ANA CADDEYE 1. BİNA 3+1 AÇIK OTOPARKLI 140M2,standard,1,0,0,0,1,detail,0,,1321957039
,"ÇANKAYA PARK EVLERİNDE 4+1 ŞAHANE VADİ MANZARALI, TEMİZ DAİRE",none,0,0,0,0,0,none,0,,1330643118
Ara Kat,ŞİMŞEK SOKAK GÜVEN HASTANESİ YANI ARAKAT 3+1 ARKA CEPHE,none,0,0,0,0,0,none,0,,1330780271
,ANADOLUDAN BAHÇELİEVLERDE YENİ PRESTİJLİ 2+1 KÖŞE BAĞMSZ MUTFAK,none,0,0,0,0,0,none,0,,1332200847
Ara Kat,BAHÇELİEVLER ÇOK İYİ KONUMDA ARA KAT SATILIK 3+1 BAKIMLI DAİRE,none,0,0,0,0,0,none,0,,1307535968
En Üst Kat,Ayrancı Güvenlik Cad. Satılık 3+1 Daire - Merkezi Konum,none,0,0,0,0,0,none,0,,1316844745
Ara Kat,Alaçatı'dan - Katta - 2.07 Kredi - 0 Daire - Anıtkabir 100 Metre,none,0,0,0,0,0,none,0,,1330969888
Ara Kat,ANKARA 'NIN KALBİNDE SATILIK 3+1 120m2 DAİRE Atakule&Botanik,none,0,0,0,0,0,none,0,,1316852254
Ara Kat,EMEK YEŞİLTEPE SİTESİ 1.KAT 3+1 FIRSAT DAİRE,none,0,0,0,0,0,none,0,,1331385197
,BORSEM DEN YENİ BİNA ÖN CEPHE 3+1 DUBLEKS DAİRE,standard,1,0,0,0,1,title,0,,1328330695
,CİNNAH BUSINESS&RESIDENCE SATILIK 1+1 DAİRELER,none,0,0,0,0,0,none,0,,1325582925
,"""0"" 2+1 KAPALI MUTFAKLI EBEV.BANYOLU",none,0,0,0,0,0,none,0,,1331356193
Ara Kat,"*ŞAHİN EMLAK'TAN 3+1 BAKIMLI,ATAKULE.Y BOŞ,ARA KAT,MESA SİTESİ*",none,0,0,0,0,0,none,0,,1325567828
,Sahibinden başkent hastanesi üniversite 7 cad yanı daire,none,0,0,0,0,0,none,0,,1331297254
Çatı Dubleksi,CADDE ÜZERİNDE ANIT KABİR MANZARALI ULTRA LÜKS 3+1 DUBLEKS BAĞIM,roof,1,1,0,0,0,detail_and_title,0,title_generic_confirms_detail_subtype,1325702015
,ANADOLUDAN BAHÇELİEVLERDE 7 YILLIK 2+1 ÖN K.GARAJLI BOŞ!!!!,none,0,0,0,0,0,none,0,,1328734592
,ANITKABİR KARŞISI 1+1,none,0,0,0,0,0,none,0,,1326742587
,ANADOLUDAN BAHÇELİEVLERDE 3+1 ÖN 1.KATTA YENİ BİNADA,none,0,0,0,0,0,none,0,,1328841482
,Bahçelievler'de Sıfır 1+1 Teraslı Daire - Metroya Yakın,none,0,0,0,0,0,none,0,,1312691069
En Üst Kat,"AYRANCI GÜLERYÜZ SOK.BAKIMLI BİNADA,MASRAFSIZ 3+1.",none,0,0,0,0,0,none,0,,1332603252
Dubleks,"BAHÇELİEVLER,GAZİ HASTANESİ VE ÜNİVERSİTELER YAKINI 6+1 SATILIK",standard,1,0,0,0,1,detail,0,,1315592830
,Emekte 2+1 Bahçe Katında( Kentsel Dönüşüme Uygun ) Kombili Metro,none,0,0,0,0,0,none,0,,1326850170
Ara Kat,ANITTEPE TURGUT REİS CADDESİNDE UYGUN FİYATLI SATILIK DAİRE,none,0,0,0,0,0,none,0,,1323034307
,AYRANCI'DA GENİŞ VE FERAH DAİRE-KİRACI ÇIKACAK,none,0,0,0,0,0,none,0,,1322816252
,POLAT'TAN HOŞDERE CADDE ÜZERİ 3+1 ŞEHİR MANZARALI FULL YAPILI,none,0,0,0,0,0,none,0,,1320761706
,KAT EKSİKLİ YATIRIMLIK FULL YENİ YAPILI 3+1 BOŞ DAİRE,none,0,0,0,0,0,none,0,,1275902006
,EMEK MAH. MERKEZİ KONUMDA SATILIK 3+1 FIRSAT DAİRE,none,0,0,0,0,0,none,0,,1332081512
Ara Kat,"PORTAKAL ÇİÇEĞİ VADI SİTESİNDE SATILIK 3,5+1 | ÇİFT BANYO",none,0,0,0,0,0,none,0,,1332183395
En Üst Kat,Bahçelievler Taşkent Caddesi'nde Satılık 3+1 Daire,none,0,0,0,0,0,none,0,,1323588745
Dubleks|En Üst Kat|Çatı Dubleksi,BOŞ SATILIK HARİKA KONUMDA DUBLEKS DAİRE FIRSATI 5+1 ÇUKURAMBAR,roof,1,1,0,0,0,detail_and_title,0,title_generic_confirms_detail_subtype,1266280852
,SATILIK ANKARA ÇANKAYA ANITTEPEDE SIFIR 1+1 KOMBİLİ GİRİŞ KAT,none,0,0,0,0,0,none,0,,1333470705
En Üst Kat,ÇANKAYA EMEK MAHALLESİ MERKEZİ KONUMDA KATTA SATILIK 3+1 DAİRE,none,0,0,0,0,0,none,0,,1319981927
Ara Kat,FIRSAT! 2.(KATTA) ÇOKKATLILAR'DA BATI CEPHELİ SATILIK DAİRE,none,0,0,0,0,0,none,0,,1333456484
Ara Kat,ELİT ROYAL RESİDENCE BULVAR CEPHELİ 4+1 SATILIK DAİRE,none,0,0,0,0,0,none,0,,1333202737
,YAŞAMKENT KADRAJ PROJESİNDE TEK 3+1 SATILIK DAİRE,none,0,0,0,0,0,none,0,,1229920071
Ara Kat,Konutkent 1' de Yeşillikler İçinde SATILIK Ara Kat 3+1 Daire,none,0,0,0,0,0,none,0,,1321773200
En Üst Kat,YAŞAMKENT ŞEHİR MANZARALI ULTRA LÜKS 2+1 SATILIK DAİRE,none,0,0,0,0,0,none,0,,1301743794
Ara Kat,"Dodurga'da Satılık 4+1 Daire: Hobi Bahçeli, Kapalı Garajlı",none,0,0,0,0,0,none,0,,1327528141
Ara Kat,PRİMERADA SATIŞ OFİSİ GÜVENCESİYLE 30 AY VADE,none,0,0,0,0,0,none,0,,1325771081
,ALACAATLI'NIN EN ÖZEL PROJELERİNDEN PERGE SU'DA DUBLEKS 3+1 BOŞ,standard,1,0,0,0,1,title,0,,1332546501
Ara Kat,TURYAP'TAN BEKER PLAZA 'DA KAT VE CEPHE SEÇENEKLİ 3+1 DAİRELER,none,0,0,0,0,0,none,0,,1286471194
Bahçe Dubleksi,LİTA ASTORIA BEYTEPE'DE ULTRA LÜKS BAHÇE DUBLEKS DAİRE,garden,1,0,1,0,0,detail_and_title,0,,1322481792
Ara Kat,FİYAT DÜŞTÜ ! BOTANİK SİTESİ 4+1 ARA KATTA ÖNÜ AÇIK MANZARA,none,0,0,0,0,0,none,0,,1309392741
,YAŞAMKENT MERKEZDE ANGORA YAŞAM EVLERİ 1+1 LOFT SATILIK,none,0,0,0,0,0,none,0,,1332167925
Ara Kat,Konutkent'te Criter Residans'ta Geniş Ferah 1+1 Daire,none,0,0,0,0,0,none,0,,1320312380
Ara Kat,RELAX YAŞAMKENT'TE SATILIK 2+1 14. KAT,none,0,0,0,0,0,none,0,,1319852859
,VİOLE YAŞAMKENT'DE KÖŞE LÜKS 1+1 DAİRE,none,0,0,0,0,0,none,0,,1314059794
,WEST PARK EVLERİ BAHÇE KULLANIMLI 1.KAT LÜKS 4+1 (KİRACILI),none,0,0,0,0,0,none,0,,1331948912
,İNCEK PRESTIJ KONUTLARI NDA MANZARALI 4 + 1 SATILIK DAIRE,none,0,0,0,0,0,none,0,,1326177210
,GÜNIŞIĞI'NDA SAHİBİNDEN TAMAMEN YENİLENMİŞ KISA SÜRELİĞİNE,none,0,0,0,0,0,none,0,,1267170703
Ara Kat,BORDO YAŞAM'DA SIFIR SATILIK 1+1,none,0,0,0,0,0,none,0,,1328876253
Dubleks,"Eras Evleri'nde Manzaralı, Full Yapılı 6+2 Satılık Dubleks",standard,1,0,0,0,1,detail_and_title,0,,1307203199
Ara Kat,Çayyolu Ema Asma Bahçe Sitesi'de Satılık Boş 3+2 Dubleks Daire,standard,1,0,0,0,1,title,0,,1318994755
Ara Kat,TARA PARK SİTESİNDE MERKEZİ KONUMDA GENİŞ 4+1 SATILIK DAİRE,none,0,0,0,0,0,none,0,,1331639683
Ara Kat,SAMYA HOUSE GYM'DEN ELMAR TOWERS / FIRSAT / BÜYÜK TİP / BOŞ,none,0,0,0,0,0,none,0,,1331573937
,Avend Alacaatlı Geniş Bahçe Kullanımlı Lüks 2+1,none,0,0,0,0,0,none,0,,1311186419
Ara Kat|Ara Kat Dubleks,NOKTA ANKARA 4+1 SATILIK DUBLEX DAİRE,middle_floor,1,0,0,1,0,detail_and_title,0,title_generic_confirms_detail_subtype,1298715029
En Üst Kat,ÇAYYOLU'NDA OYAK-1 SİTESİ 2+1 FULL BAKIMLI MASRAFSIZ DAİRE,none,0,0,0,0,0,none,0,,1331477467
,ÇAYYOLU YENİKENTTE 1+0 MOBİLYALI SATILIK FIRSAT DAİRE,none,0,0,0,0,0,none,0,,1331634581
,YAŞAMKENT MERKEZ BASIN KULÜP 3 SİTESİNDE 3+1 BOŞ DAİRE,none,0,0,0,0,0,none,0,,1325352721
Ara Kat,"İncek Toki 2.Etap Masrafsız, Kolejler Bölgesi Satılık 3+1 Daire",none,0,0,0,0,0,none,0,,1304902279
Dubleks,Çayyolu Alacaatlıda Satılık Ultra Lüks Yatay Mimari Penthouse,standard,1,0,0,0,1,detail,0,,1322674056
,Ankara Çankaya Alacaatlı'da 332m² 4+1 Satılık Dubleks Mesken,standard,1,0,0,0,1,title,0,,1290500215
,Alacaatlı Park Tower Residence bağımsız mutfaklı geniş 2+1,none,0,0,0,0,0,none,0,,1292061762
,YAŞAMKENT YAŞAM KULE ' DE SATIŞ OFİSİNDEN 1+1 YATIRIMLIK DAİRE,none,0,0,0,0,0,none,0,,1304559167
Ara Kat,Alacaatlı Lodos Yamaç Evleri'nde Satılık 4+1 Sıfır Daire,none,0,0,0,0,0,none,0,,1282054114
Ara Kat,312 | TEONA ÜMİTKÖY'DE SATILIK ÖNÜ KOMPLE AÇIK 4+1 DAİRE,none,0,0,0,0,0,none,0,,1330954980
,EREN EMLAK / QUARTZ BEYTEPE DE SATILIK 1+1 DAİRE,none,0,0,0,0,0,none,0,,1330784057
Ara Kat,YAŞAMKENT FORTİS MERİDYEN DE EKSTRALI ŞÖMİNELİ 5+1 DAİRE,none,0,0,0,0,0,none,0,,1300028020
Ara Kat,KAHU GAYRİMENKUL TBMM İNCEK TOKİ 2.ETAP BÜYÜK TİP BOŞ FIRSAT 3+1,none,0,0,0,0,0,none,0,,1329363349
Ara Kat,312I CEPA EVLERİ 3+1 SATILIK MANZARALI BİLFEN KARŞISI,none,0,0,0,0,0,none,0,,1322926458
Ara Kat|Dubleks,ÇAYYOLU'NDA SİTE İÇİNDE 5+2 LOFT DUBLEKS | MANZARALI YAŞAM ALANI,middle_floor,1,0,0,1,0,detail_and_title,0,title_generic_confirms_detail_subtype,1322556735
,VİOLE YAŞAMKENTTE SATILIK BÜYÜK TİP 1+1 DAİRE,none,0,0,0,0,0,none,0,,1328098207
Ara Kat,POLAT 2'DEN ÖVEÇLERDE ARA KATTA ASANSÖRLÜ FULL YAPILI 3+1+2BN,none,0,0,0,0,0,none,0,,1333387812
,KIRKKONAKLAR ÇAGDAŞ YAKINI 1. KATTA GENÇ BİNA 4+1 SATILIK DAİRE,none,0,0,0,0,0,none,0,,1316474503
Dubleks,ÇANKAYA KIRKONAKLAR MAHALLESİ GENÇ BİNADA 3+1 MANZARALI DUBLEX,standard,1,0,0,0,1,detail_and_title,0,,1326964048
Ara Kat,ALaçaTı'dan*Esat Cad. Üzeri*2+1*NET 120 M²* Yapılı* Manzaralı*,none,0,0,0,0,0,none,0,,1333417141
,AZİZ SANCAR CADDESİ SATILIK 1+1 DAİRE,none,0,0,0,0,0,none,0,,1323827032
En Üst Kat,Çankaya GOP Yakını Satılık 3+1 Lüks Daire 123m²,none,0,0,0,0,0,none,0,,1330115698
,"TURGUTLU SOKAK'TA ÖZEL BAHÇELİ, LÜKS YAPILI 2+1 DAİRE",none,0,0,0,0,0,none,0,,1332507767
,NENEHATUNDA 2 +1 BAGIMSIZ BAHÇE ÇIKIŞLI DAİRE 7.350.000TL,none,0,0,0,0,0,none,0,,1312627178
Ara Kat,NENE HATUN CADDESİ ÜST KISMINDA 3+1 KOMBİLİ,none,0,0,0,0,0,none,0,,1307193819
,KIRKKONAKLAR' DA MERKEZİ KONUMDA SATILIK 3+1,none,0,0,0,0,0,none,0,,1326508488
,ÇANKAYA ŞEMSETTİN GÜNALTAY CADDESİNDE SATILIK 2+1 DAİRE,none,0,0,0,0,0,none,0,,1332135169
,FİLİSTİN CADDESİ'NDE MUADİLSİZ 4+1 ANKARA MANZARALI EŞSİZ CEPHE,none,0,0,0,0,0,none,0,,1285420365
,KAYA GAYRİMENKUL'DEN GENÇ BİNADA MUHTEŞEM ŞEHİR MANZARALI LOFT,none,0,0,0,0,0,none,0,,1307715741
En Üst Kat,Kırkkonaklar Anadolu Lisesi yanında KÖK TAPU satılık daire....,none,0,0,0,0,0,none,0,,1322018096
,"KAPTANPAŞA SOKAKTA KEYİFLİ BAHÇE KATI 3+1 BAKIMLI,KOMBİLİ",none,0,0,0,0,0,none,0,,1323628917
,KIRKKONAKLAR'TA YENİ BİNA 3+1 FUL LÜX YAPILI 135 M2 SATILK DAİRE,none,0,0,0,0,0,none,0,,1315177296
En Üst Kat|Çatı Dubleksi,ARJANTİN CADDESİ SATILIK OFİS&KONUT&YATIRIM FIRSATI,roof,1,1,0,0,0,detail,0,,1288005127
Ara Kat,"""ELİF DEN HARİKA ŞEMSETTİN GÜNALTAY CAD DE 1+1 ASANSÖRLÜ 1KAT""",none,0,0,0,0,0,none,0,,1331180165
Ara Kat,ÇUKUROVA'DAN CADDE YAKINI 3+1 KATTA BAKIMLI,none,0,0,0,0,0,none,0,,1331386649
,Çankaya Kaptanpaşa'da 3+1 Bahçe Katı Satılık Daire 140m²,none,0,0,0,0,0,none,0,,1328257983
Bahçe Dubleksi,450. CADDE'DE HELİA RESIDENCE'TA BAHÇE KEYİFLİ 2+1 LÜKS DAİRE,garden,1,0,1,0,0,detail,0,,1330953626
,KUVARS KULE 4+1 210m2(Şehir cepheli) SATILIK DAİRE,none,0,0,0,0,0,none,0,,1285805215
Bahçe Dubleksi|Ters Dubleks,KIRKKONAKLAR'DA DOĞAYLA İÇİÇE SATILIK 4+1 DAİRE,garden,1,0,1,0,0,detail,0,,1307987923
,KARAKUŞ'TAN EMİNEVİM KREDİSİNE UYGUN ŞEHİR MANZARALI 150 M2 3+1,none,0,0,0,0,0,none,0,,1322121577
Ara Kat,▄EVGA▄KAVAKLIDERE MAHALLESİ SIFIR TERASLI 3+1 DUBLEKS DAİRE,standard,1,0,0,0,1,title,0,,1289940298
,SAHİBİNDEN KOMBİLİ FULL EŞYALİ SUİT DAİRE,none,0,0,0,0,0,none,0,,1330359831
En Üst Kat,ESAT KAVAKLIDERE BANKACI SOK 4 KAT MERKEZİ SİS ASANSÖRLÜ ÖNCEPHE,none,0,0,0,0,0,none,0,,1329830536
,GAZİOSMANPAŞADA ÖZEL BAHÇE ÇIKIŞLI KOMBİLİ,none,0,0,0,0,0,none,0,,1323358052
,GOP KARACA SOKAK DA BAHÇE KATI 4+1 (HAYVANSEVERLER İÇİN İDEAL ),none,0,0,0,0,0,none,0,,1328096995
,GAZİOSMANPAŞA GÖLGELİ DE 3+1 GİRİŞ ÖN KOMBİLİ,none,0,0,0,0,0,none,0,,1331168752
,ASYAPIDAN 1+1 60M2 YENİ SÜPER LÜKS KOMBİLİLER,none,0,0,0,0,0,none,0,,1315012720
Ara Kat,ESAT B.DERESİ CAD 3.KAT ARKA CEPHE OTOPARKLI SATILIK DAİRE,none,0,0,0,0,0,none,0,,1321732848
En Üst Kat,MALTEPE'DE METROYA YAKIN EŞYALI SATILIK 1+1,none,0,0,0,0,0,none,0,,1323650759
,FORA EMLAKTAN SATİLİK 3+1 ARAKAT DAİRE,none,0,0,0,0,0,none,0,,1325661486
En Üst Kat,KÜLTÜR MAHALLESİ 3+1'DEN 2+1 SATILIK DAİRE,none,0,0,0,0,0,none,0,,1313836114
Ara Kat,ÇANKAYA DOĞUŞ MH BALLIBABA SATLIK ULTRA LÜKS 3+1DAİRE,none,0,0,0,0,0,none,0,,1325954006
,ANITKABİR YAKINI 1+1 OTOPARKLI BAKIMLI GİRİŞ KATI,none,0,0,0,0,0,none,0,,1325558803
Ara Kat,BAŞÇAVUŞ SOKAKTA YAPILI SATILIK 3+1 DAİRE,none,0,0,0,0,0,none,0,,1325845738
Ara Kat,"BARIŞ EMLAKTAN GMK BULVARINDA 3+1, KOMBİLİ",none,0,0,0,0,0,none,0,,1325286707
Ara Kat,KOCATEPE CAMİ YANI MEDİHA ELDEM SOKAK'TA 3.KAT 4+1 SATILIK,none,0,0,0,0,0,none,0,,1301272064
,Özveren Caddesinde 3+1 Ferah Yüksek Giriş Daire,none,0,0,0,0,0,none,0,,1330107863
,BAŞÇAVUŞ SOKAKTA 2+1 ÖNCEPHE SÜPER LOKASYON,none,0,0,0,0,0,none,0,,1297778304
,ERYILMAZ'DAN SATILIK..,none,0,0,0,0,0,none,0,,1328217846
,ÇANKAYA BANKACI SK YENİ BİNA DUBLEX MANZARALI KOCATEPE YAKINI,standard,1,0,0,0,1,title,0,,1328169673
,KÜÇÜKESAT BAĞLAYAN'DA ANKASTRE MUTFAKLI YAPILI SATILIK 2+1 DAİRE,none,0,0,0,0,0,none,0,,1310993516
Ara Kat,ÇANKAYA KÜÇÜK ESAT'DA 2+1 SIFIR DÜZ GİRİŞ YERDEN ISITMALI HAZIR,none,0,0,0,0,0,none,0,,1299669138
En Üst Kat,ÇANKAYA ESAT BAŞÇAVUŞ SOKAK'TA 2+1 SIFIR AMERİKAN MUTFAKLI,none,0,0,0,0,0,none,0,,1328012884
Ara Kat,DİKMEN PAZAR YERİ KARŞISINDA SATILIK SIFIR LÜKS 3+1 DAİRE,none,0,0,0,0,0,none,0,,1321753247
Ara Kat,REHA MEDİN'DEN AKPINAR'DA KONYA YOLU YAKINI ÖNÜ AÇIK 4+1 SATILIK,none,0,0,0,0,0,none,0,,1333442967
Çatı Dubleksi,Emaks'tan/Lizbon Cad.Yanı/İyi Konumda/Bakımlı/Geniş/Fırsat 6+1,roof,1,1,0,0,0,detail,0,,1330435555
Çatı Dubleksi,ETS'DEN ODTÜ ORMAN MANZARALI / YAPILI 4+1 DUBLEX DAİRE,roof,1,1,0,0,0,detail_and_title,0,title_generic_confirms_detail_subtype,1307898517
Ara Kat,ÖVEÇLER MAH. SATILIK DAİRE2+1 AMERİKAN MUTFAK 1.KATTA FUL YAPILI,none,0,0,0,0,0,none,0,,1325689074
En Üst Kat,BK GAYRİMENKUL'DEN LİZBON CADDE YAKINI 3+1 130M2 BAKIMLI DAİRE,none,0,0,0,0,0,none,0,,1330157363
Ara Kat,Kabil Cadde Üzeri 3+1 Balkonlu Ebeveyn Banyolu,none,0,0,0,0,0,none,0,,1332880560
,Sahibinden Aşağı Öveçler'de Satılık 2+1 Daire,none,0,0,0,0,0,none,0,,1332602455
,ÖVEÇLER KABİL CADDESİ ÜZERİ 2+1 100m2 TERASLI SATILIK DAİRE,none,0,0,0,0,0,none,0,,1309639785
,DİKMEN ÖVEÇLER'DE FULL ANK MANZARALI 6+1 KATTA DUBLEKS 320 m²,standard,1,0,0,0,1,title,0,,1320029082
Ara Kat,Dikmen Akpınar'da Manzaralı 3+1 Satılık Daire (5. Kat),none,0,0,0,0,0,none,0,,1332395920
,TÜZER │ KAT KONUMUNDA MANZARALI 3+1 DAİRE(BOŞ),none,0,0,0,0,0,none,0,,1314014111
Ara Kat,"""HG GAYRİMENKULDEN""VADİ MANZARALI ARA KATTA 130M2 GİYİNME ODALI!",none,0,0,0,0,0,none,0,,1328919629
,DİDEMDEN DİKMEN AKPINAR MAH 4+1+2 BANYO 170 M FUL YAPILI KOMBİLİ,none,0,0,0,0,0,none,0,,1331551595
,DİKMEN VE CEVİZLİDERE CAD.YAKIN ÖN CEPHE ASANSÖRLÜ YAPILI 3+1,none,0,0,0,0,0,none,0,,1318571426
Ara Kat,CEVİZLİDERE CADDE'Sİ YAKINI GENİŞ 3+1 OTOPARKLI MANTOLAMALI,none,0,0,0,0,0,none,0,,1325547394
Ara Kat,Dikmen Akpınar Mah. Katta manzaralı 3+1 130m2 kombili Daire,none,0,0,0,0,0,none,0,,1293432911
,*EMLAKOLOJİ*KATTA ÖN*BOŞ*3+1*KOMBİLİ*BAĞIMSIZ*BAKIMLI*OTOPARKLI*,none,0,0,0,0,0,none,0,,1307553846
,AKPINAR DA EN GÜZEL PROJESİNDE ULTRA LÜX 2+1 FIRSAT SATILIK,none,0,0,0,0,0,none,0,,1325330642
,AKARSUDAN BAHÇE ÇIKIŞLI YAPILI 2+1 KOMBİLİ BALKONLU ISIYALITIMLI,none,0,0,0,0,0,none,0,,1321716584
Çatı Dubleksi,DİKMEN AŞAĞI ÖVEÇLERDE CADDE ÜZERİNDE 4+1 DUBLEKS,roof,1,1,0,0,0,detail_and_title,0,title_generic_confirms_detail_subtype,1331149488
,!!! LİZBON CADDESİ YAKINI 3+1 ARAKAT ASANSÖRLÜ PARK MANZARALI,none,0,0,0,0,0,none,0,,1328428709
Ara Kat,Dikmen Akpınar Mahallesin'de Orman Manzaralı Satılık 3+1 Daire,none,0,0,0,0,0,none,0,,1325198012
Ara Kat,YILMAZ EMLAKTAN DİKMEN KARAPINARDA SATLIK FUUL YAPILI 3+1 DAİRE,none,0,0,0,0,0,none,0,,1330785059
En Üst Kat,ATAKANDAN DİKMENDE FULL LÜKS YAPILI SATILIK 4+1 DAİRE,none,0,0,0,0,0,none,0,,1324369478
Ara Kat,DİKMEN AKPINAR KONYA YOLUNA ÇOK YAKIN 3+1 DAİRE,none,0,0,0,0,0,none,0,,1322042086
,KELEPİR* Kabil Cd Üzeri 3+1 110m² SüperLx Yapı Verandalı Bahçeli,none,0,0,0,0,0,none,0,,1301449262
Ara Kat,Çankaya Öveçler Cadde üstü 110m2 3+1 Satılık Daire,none,0,0,0,0,0,none,0,,1330413565
Ara Kat,TÜZER │KONYA YOLUNA YAKIN LÜKS VE YAPILI KULLANIŞLI 2+1,none,0,0,0,0,0,none,0,,1325024535
En Üst Kat,ACİL SATILIK Kabil Caddesi Üzeri 3+1 Daire,none,0,0,0,0,0,none,0,,1329924680
,MAXIDIUM REAL ESTATE | VADİ ÖVEÇLER-4 YILLIK-LÜKS 3+1 DAİRE,none,0,0,0,0,0,none,0,,1283206113
Ara Kat,ÖVEÇLER VADİSİ YANI KABİL CAD VE SOKULLU CAD YAKINI,none,0,0,0,0,0,none,0,,1329434363
Ara Kat,ERAY GAYRİMENKUL'DEN A.ÖVEÇLER'DE SIFIR BİNADA SATILIK 2+1 DAİRE,none,0,0,0,0,0,none,0,,1270721815
Ara Kat,EGEMEN | AKPINAR MAH. 3+1 E.BANYOLU ODTÜ ORMAN MANZARALI DAİRE,none,0,0,0,0,0,none,0,,1323173208
En Üst Kat,SOYLU'DAN HUZURDA 3+1 GENİŞ METRAJLI MANZARALI OTOPARKLI SATILIK,none,0,0,0,0,0,none,0,,1328461822
,AKÇA'DAN AKAĞ SUİT'TE 1+1 YENİ LÜKS YAPILI,none,0,0,0,0,0,none,0,,1317053759
Ara Kat,Sıhhiye Metro Durağı Yakını 3+1 110 m2 SATILIK DAİRE,none,0,0,0,0,0,none,0,,1332847831
Dubleks|En Üst Kat,CB ELİTTEN BİLLUR SOKAKTA 2+1 DUBLEKS YENİ BİNA,standard,1,0,0,0,1,detail_and_title,0,,1323994530
Ara Kat,Kurtuluş Toki Sitesinde Tapu Masrafsız Borçsuz 3+1 Daire,none,0,0,0,0,0,none,0,,1329960986
Ara Kat,KOLEJ METRO YAK. FULL SIFIR YAPILI ARA KATTA 3+1 SATILIK DAİRE,none,0,0,0,0,0,none,0,,1310797321
En Üst Kat,SAHİBİNDEN 270 M2 AÇIK OFİS (2 OFİS BİRLEŞTİRİLMİŞ) Mithatpaşada,none,0,0,0,0,0,none,0,,1318161941
Ara Kat,STRAZBURG CADDE ÜZERİ 3.KATTA 2+1 70M2 ASANSÖRLÜ DAİRE,none,0,0,0,0,0,none,0,,1322033509
Ara Kat,"SATILIK, YILDIZEVLER, 4+1, 1. KAT, ASANSÖRLÜ, FULL YAPILI, BOŞ",none,0,0,0,0,0,none,0,,1304223800
Ara Kat,"ÇANKAYA YILDIZ'DA SİTE İÇİNDE,200 M2, 4+1,8.KAT",none,0,0,0,0,0,none,0,,1325052163
Dubleks,"YILDIZEVLERDE,350 m², GENİŞ VE FERAH,7+1,KÖŞE,DUBLEKS DAİRE",standard,1,0,0,0,1,detail_and_title,0,,1330914583
Ara Kat,AKARSUDAN SOKULLU CD PARALELİ LÜKS YAPILI ARAKATTA 2+1 KOMBİLİ,none,0,0,0,0,0,none,0,,1305984897
En Üst Kat,"BİRİMDEN,NİĞDE SOKAKTA,3+1,KATTA,BAĞIMSIZ,MASRAFSIZ",none,0,0,0,0,0,none,0,,1325947003
Ara Kat,DİKMEN MERKEZDE 3+1 LÜKS YENİ YAPILI ÖNCEPHE KATTA OTOPARKLI,none,0,0,0,0,0,none,0,,1314843249
Ara Kat,"Hürriyet Caddesi Üzeri Satılık 3+1 Daire 2. Kat, 115m², Kiracılı",none,0,0,0,0,0,none,0,,1331713518
Ara Kat,*EMLAK YILDIZI* SIFIR YENİLENMİŞ ARA KAT ÖN CEPHE 3+1 LÜKS DAİRE,none,0,0,0,0,0,none,0,,1328131678
,DİKMEN SOKULLU CADDESİ PARALELİ 2+1 SATILIK DAİRE,none,0,0,0,0,0,none,0,,1331043202
Ara Kat,"Sokullu Caddesi Üzeri 3+1 : Balkonlu, Yüksek Giriş, Full Yapılı",none,0,0,0,0,0,none,0,,1328005931
En Üst Kat,"ÇETİN EMEÇ BLV YAKINI,3+1+2 BANYO, KATTA, BAĞIMSIZ, S.LÜX YAPILI",none,0,0,0,0,0,none,0,,1317758218
,MUTLU'DAN DİKMEN CADDE YAKINI MİMAR SOKAKTA 3+1 KATTA BAĞIMSIZ,none,0,0,0,0,0,none,0,,1331153296
Ara Kat,HÜRRİYET CADDESİ ÜZERİNDE 3+1 SATILIK BOŞ DAİRE,none,0,0,0,0,0,none,0,,1312576844
Ara Kat,"Merkezi Konum | Dikmen Caddesi Girişi, Kızılaya Yakın 3+1",none,0,0,0,0,0,none,0,,1298836120
En Üst Kat,BAĞCI'DAN PANORAMİK ŞEHİR MANZARALI 3+1 FULL YAPILI MERKEZİ,none,0,0,0,0,0,none,0,,1328643481
Ara Kat,Dikmen Girişi Harbiye Mh. 3+1 Harika Daire,none,0,0,0,0,0,none,0,,1328012002
,Dikmen Caddesi Yakını 2+1 Yüksek Giriş Balkonlu,none,0,0,0,0,0,none,0,,1320548663
,DİKMEN CADDE ÜZERİ EŞYALI 2+1 75 M YAPILI 26000 TL KİRACILI,none,0,0,0,0,0,none,0,,1321960261
Ara Kat,CKM'DEN PARKVADİ EVLERİNDE VADİ YANI GÜVENLİKLİ MANZARALI 3+1,none,0,0,0,0,0,none,0,,1333852966
,AKAĞ PANORAMA SİTESİNDE 1+1 SATILIK MANZARALI DAIRE,none,0,0,0,0,0,none,0,,1330744900
En Üst Kat,DİKMEN SİNAN CADDESİ ÜZERİ 3+1 SATILIK DAİRE,none,0,0,0,0,0,none,0,,1324798341
Ara Kat,"GÖRAL DAN Dikmen Vadisi Manzaralı, Köşe Başında Satılık 2+1",none,0,0,0,0,0,none,0,,1333388344
Ara Kat,CRYSTAL TOWER VADİ 2+1 YÜKSET KAT SEVENLER İÇİN SIFIR DAİRE,none,0,0,0,0,0,none,0,,1318932320
Ara Kat,AND EMLAKTAN PARK VADİ DE SİTE İÇERİSİNDE 3+1 KOMBİLİ 15. KAT,none,0,0,0,0,0,none,0,,1320556859
Ara Kat,"ATAYOLU SOKOKTA 2.KAT 3+1,FUL YAPILI KİLERLİ SATILIK DAİRE",none,0,0,0,0,0,none,0,,1332562183
Ara Kat|Dubleks,ESRA GOLD'DAN DİKMEN'DE TERASLI 6+1 SATILIK DUBLEKS,middle_floor,1,0,0,1,0,detail_and_title,0,title_generic_confirms_detail_subtype,1320361959
Ara Kat,ÇANKAYA DİKMEN'DE LÜKS SİTE İÇİNDE MANZARALI SIFIR 2+1 DAİRE,none,0,0,0,0,0,none,0,,1322927668
Dubleks,YENİ BİNA FULL ANKARA MANZARALI TOPLU ULAŞIMA 3 DK 290 M2,standard,1,0,0,0,1,detail,0,,1314419716
,ECE DEN DİKMEN VADİSİ DİBİ GİRİŞ KAT ULTRA LÜX YAPILI KREDİ %80,none,0,0,0,0,0,none,0,,1308494174
En Üst Kat,!!SIFIR BOŞ!! DİKMEN MALAZGİRT MAH. 3+1 KOMBİLİ KAT'TA DAİRE,none,0,0,0,0,0,none,0,,1312632401
En Üst Kat,KEKLİKPINAR YILDIZ 87 SİTESİNDE PANORAMİK ANKARA MANZARALI 3+1,none,0,0,0,0,0,none,0,,1331164564
Ara Kat,CRYSTAL TOWER'DA 27. KATTA SATILIK 2+1 LÜKS DAİRE,none,0,0,0,0,0,none,0,,1331150388
,ÇANKAYA MÜRSEL ULUÇ İLKER CADDESİ YAKINI ÇİFT BANYOLU 3+1,none,0,0,0,0,0,none,0,,1313519941
Ara Kat,"KEKLİKPINARI MAH. MANZARALI, GİYİNME ODALI 3+1 SATILIK",none,0,0,0,0,0,none,0,,1325073954
Ara Kat,PARK PINAR EVLERİ SAHİBİNDEN SATILIK,none,0,0,0,0,0,none,0,,1330599040
,ILKER'DE SATILIK 2+1 YAPILI DAIRE,none,0,0,0,0,0,none,0,,1312589734
Ara Kat,"SİTE İÇERİSİNDE, MODERN DEKORASYONLU ve MASRAFSIZ LÜKS DAİRE",none,0,0,0,0,0,none,0,,1316227924
Ara Kat,DİKMEN MALAZGİRT MAH. MANZARALI BOŞ 3+1 ARA KATTA SATILIK DAİRE,none,0,0,0,0,0,none,0,,1329074061
Ara Kat,SAHİBİNDEN DİKMEN VADİ MANZARALI 2+1 ŞELALE SİTESİNDE MERKEZİ,none,0,0,0,0,0,none,0,,1322940438
Ara Kat,"SOYLU'DAN CRYSTAL TOWER VADİ 2+1, 75 M2 GÜNEY CEPHE ASANSÖRLÜ",none,0,0,0,0,0,none,0,,1328514290
En Üst Kat,DİKMEN CADDESİ PARALELİ NAME SOKAK'TA SATILIK YAPILI 3+1 DAİRE,none,0,0,0,0,0,none,0,,1328318704
,ÇANKAYA İLKADIM PARK VADİ'DE E BLOK 3+1 SİTE İÇİ SOSYAL DONATILI,none,0,0,0,0,0,none,0,,1328235644
Ara Kat,KOZ ORAN 2.Katta Panora Manzaralı 4+1 Satılık Daire,none,0,0,0,0,0,none,0,,1287463129
Ara Kat,SİNPAŞ EGE VADİSİ MORE SUITTE VADİ MANZARALI SATILIK 1+1 DAİRE,none,0,0,0,0,0,none,0,,1319204701
,BİR EMLAKTAN SATILIK SIFIR 1+1 DAİRE,none,0,0,0,0,0,none,0,,1315502626
Ara Kat,"ÇAMLI'DAN 19.MAY.HAS.YAKINI GİRİŞ,3+1,KOMBİLİ,BALKONLU BOŞ",none,0,0,0,0,0,none,0,,1333701984
,"ÇAMLI EMLAKTAN 2+1,KOMBİLİ,BAHÇE ÇIKIŞLI MASRAFSIZ",none,0,0,0,0,0,none,0,,1333694657
En Üst Kat,Oran da Örmes Sitesinde Satılık 4+1 Daire GoldKey den,none,0,0,0,0,0,none,0,,1329385442
,ÇANKAYADA İÇİ YAPILI MANZARALI 2+1 |KAT MÜLKİYETLİ KREDİYE UYGUN,none,0,0,0,0,0,none,0,,1329679456
Dubleks|En Üst Kat|Çatı Dubleksi,AKARSUDAN SOKULLU CAD PARALELİ 5+1+2 BANYOLU+TERASLI ÖNCEPHE,roof,1,1,0,0,0,detail,0,,1313175874
Ara Kat,UĞURAY EMLAK TAN MANZARALI GENİŞ ARAKAT 3+1,none,0,0,0,0,0,none,0,,1329427240
,CERATECH'DEN SIFIR BİNADA 4 KATDA MANZARALI 2+1+2 BANYOLU DAİRE,none,0,0,0,0,0,none,0,,1308458278
Ara Kat,DİKMEN OSMAN TEMİZ 2.5+1 FULL YAPILI İSKANLI SATILIK DAİRE,none,0,0,0,0,0,none,0,,1332237200
,PRİME ORAN 3+1 YÜKSEK KAT ŞEREFİYELİ SATILIK DAİRE,none,0,0,0,0,0,none,0,,1332395707
,HAZAR'DAN 29 MAYIS VE 19 MAYIS HAST.YAKN.3+1+BANYO BAHÇE ÇIKIŞLI,none,0,0,0,0,0,none,0,,1320057064
Ara Kat,ÇOK ACİL FİYAT DÜŞTÜ!!! DUBLEKS GÖRÜLMEYE DEĞER 2+1 DAİRE,standard,1,0,0,0,1,title,0,,1325665557
,ÇANKAYA MÜRSEL ULUÇ'TA İLKER CADDESİNE 4. BİNA 3+1 KREDİYE UYGUN,none,0,0,0,0,0,none,0,,1325699033
Ara Kat,ORAN NATURA VADİ MANZARALI A1 24 KAT SATILIK 4+1 KONUT,none,0,0,0,0,0,none,0,,1325675867
Dubleks,ACİLLLL!!! SATILIK DİKMEN MALAZGİRT MAHALLESİNDE DUBLEX DAİRE,standard,1,0,0,0,1,detail_and_title,0,,1295992089
En Üst Kat,FATİH'ten +2.KAT İSKANLI BOŞ İLKER&SİNAN cd KESİŞİMİNDE,none,0,0,0,0,0,none,0,,1331283201
,YILDIZ KULE YAKINI 3+1 YERDEN ISITMALI BAHÇE KATI SATILIK DAİRE,none,0,0,0,0,0,none,0,,1299689914
Ara Kat,PARLEMENTERLER SİTESİNDE ARAKAT MANZARALI 4+1 KÖK TAPULU DAİRE,none,0,0,0,0,0,none,0,,1323259268
,Halk Bankası'ndan Ankara Çankaya Satılık Konut,none,0,0,0,0,0,none,0,,1332162745
Ara Kat,ORAN AKIN 4 SİTESİNDE YÜKSEK KATTA 4+1 SATILIK DAİRE,none,0,0,0,0,0,none,0,,1331808160
Ara Kat,HİLAL'DE VADİ MANZARALI 3+1 İÇİ FULL YAPILI TEMİZ DAİRE,none,0,0,0,0,0,none,0,,1210177314
,CAFER'DEN SOKULLU CADDESİ YAKININDA GENİŞ METRAJLI 4+1 KİLERLİ,none,0,0,0,0,0,none,0,,1322998138
,SAHİBİNDEN | YATIRIM DEĞERİ YÜKSEK | PREMIUM SIFIR PROJE | 1 +1,none,0,0,0,0,0,none,0,,1317411579
Dubleks|En Üst Kat|Çatı Dubleksi,FULL ANKARA MANZARALI FULL YAPILI 5+2 DUBLEKS,roof,1,1,0,0,0,detail_and_title,0,title_generic_confirms_detail_subtype,1329888741
Ara Kat,PRESTİJLİ SİTEDE FULYAPILI 3+1 ÇİFT BANYO ASANSÖR K.OTOPARKLI,none,0,0,0,0,0,none,0,,1322643410
Ara Kat,Sinpaş Ege Vadisi More Suitste Yatırımlık Satılık 1+1 Daire,none,0,0,0,0,0,none,0,,1269984367
Ara Kat,NATURA VADİ ORAN MÜKEMMEL MANZARALI ŞEREFİYESİ YÜKSEK ÖN CEPHE,none,0,0,0,0,0,none,0,,1251152529
Ters Dubleks,"Migros yakını genç binada 3,5+1 asansörlü k. Otoparklı ön cephe",standard,1,0,0,0,1,detail,0,,1298436877
Dubleks,MANZARA EVLERİNDE 7/24 GÜVENLİKLİ SİTEDE MANZARALI 160 M2 3+1,standard,1,0,0,0,1,detail,0,,1316917452
,DİKMEN OSMAN TEMİZ MAH. CADDEYE YAKIN 2+1+KİLERLİ YAPILI DAİRE,none,0,0,0,0,0,none,0,,1322368115
Ara Kat,Prıme Oran sitesinde C-4 Blok 7 kat Vadi ve Peyzaj cepheli konut,none,0,0,0,0,0,none,0,,1300219999
Ara Kat,ÇANKAYA BAĞCILAR MAH. G.O.P YAKINI ARA KAT YÜKSEK GİRİŞ 3+1,none,0,0,0,0,0,none,0,,1327865781
Ara Kat,Çankaya Umut Mahallesi | Sıfır 2+1 | Kapalı Otopark,none,0,0,0,0,0,none,0,,1316739194
Çatı Dubleksi,BÜYÜKESATTA KREDİYE UYGUN GENİŞ 4+1 SATILIK DAİRE,roof,1,1,0,0,0,detail,0,,1333462559
Ara Kat,Çankaya Seyranbağları'nda Metro Yakını 3+1 Satılık Daire,none,0,0,0,0,0,none,0,,1330611686
,"*ŞAHİN EMLAK'TAN 3+1 BAHÇE KATI SEYRANBAĞLARI,TORTUM SOKAK'TA*",none,0,0,0,0,0,none,0,,1317108334
En Üst Kat,"Metin Oktay'da Satılık 3+1 Daire, 115m², Güney-Batı Cepheli",none,0,0,0,0,0,none,0,,1333395872
Ara Kat,SEYRANBAĞLARI MİMAR SİNAN CAD YENİ YAPILI 3+1 SATILIK DAİRE,none,0,0,0,0,0,none,0,,1330446535
,FULL YAPILI SAHİBİNDEN 2+1 (ACİL ŞEHİR DEĞİŞİKLİĞİ),none,0,0,0,0,0,none,0,,1333279893
Ara Kat,Eryılmaz'dan Sıfır katta 3+1.,none,0,0,0,0,0,none,0,,1333446551
Ara Kat,| HGE | 'DEN İNCESU CD. ÜZERİNDE SIFIR LÜX 2+1 - 1+1 DAİRELER,none,0,0,0,0,0,none,0,,1321270444
Ara Kat,SATILIK 3+1 ARAKAT GÜNEY CEHPE.,none,0,0,0,0,0,none,0,,1304399330
,GOP YAKINI MAÇKA SOKAK YATIRIMLIK YAPILI GENİŞ KAT KONUMUNDA 1+1,none,0,0,0,0,0,none,0,,1320950086
Ara Kat,ANK ÇANKAYA METİN OKTAY MAH. NARMAN CAD.145 m2 SATILIK 4+1 DAİRE,none,0,0,0,0,0,none,0,,1332652680
Ara Kat,YAPRAK SK. MERKEZİ LOKASYONDA ARA KAT 3+1 SATILIK DAİRE,none,0,0,0,0,0,none,0,,1329752607
,Çankaya Seyranbağları'nda Merkezi Konumda 2+1 Daire,none,0,0,0,0,0,none,0,,1331612960
,ANKARA ÇANKAYA KOZA CADDESİNDE SATILIK EŞYALI 2+1 DAİRE,none,0,0,0,0,0,none,0,,1307821330
Ara Kat,YNK GAYRİMENKULDEN SATILIK 3+1 ARA KAT FULL YAPILI DAİRE FIRSATI,none,0,0,0,0,0,none,0,,1319202854
,'0' DAİRE CADDE ÜZERİ KULLANIŞLI 1+1,none,0,0,0,0,0,none,0,,1329455697
,Eminevim Katılımevim Fuzulevime Uygun Kök Tapulu Fırsatı daire,none,0,0,0,0,0,none,0,,1311990871
Ara Kat,"PRİME ORAN, A2 BLOK, 28.KAT, 2 BALKONLU 3+1",none,0,0,0,0,0,none,0,,1334012156
Ara Kat,OKSİJEN ORANDA GENİŞ 2+1 DAİRE GÖL MANZARALI SIFIR HEMEN TESLİM,none,0,0,0,0,0,none,0,,1305398828
Ara Kat,"ÖZTÜRK'TEN KATTA,4+1+2BANYOLU,ANKARA MANZARLI,ASANSÖRLÜ,SATILK",none,0,0,0,0,0,none,0,,1334032626
,ANADOLUDAN TED ÜNİVERSİTESİNE YAKIN 3+1 KATTA ÖN ASANSÖRLÜ,none,0,0,0,0,0,none,0,,1334041782
,Lüx yapılı 3+1 ( ACİL ),none,0,0,0,0,0,none,0,,1334059456
Ara Kat,BİRLİK MAHALLESİNDE GENİŞ BAHÇE KULLANIMLI 2+1SATILIK DAİRE,none,0,0,0,0,0,none,0,,1325287427
Ara Kat,ATAKULENİN YANI BAŞI VİOLETTADA 1+1 SIFIR SATILIK DAİRE,none,0,0,0,0,0,none,0,,1334071735
Ara Kat,ALAÇATI'DAN İLKER CADDESİNDE ARAKAT KAPALI MUTFAK LÜX DAİRE,none,0,0,0,0,0,none,0,,1317030766
Ara Kat,"Cevizliderede Ferah, Kullanışlı ve Geniş 4+1 Daire",none,0,0,0,0,0,none,0,,1334075675
Ara Kat,KAHU GAYRİMENKUL TBMM İNCEK TOKİ 2.ETAP BÜYÜK TİP 3+1 GÜNEY CEPE,none,0,0,0,0,0,none,0,,1334114183
Çatı Dubleksi,SAHİBİNDEN MERKEZİ KONUMDA TERASLI YAPILI,roof,1,1,0,0,0,detail,0,,1334152138
Ara Kat,Çankaya Hilal Mah. Yıldız 4+1 fırsatP,none,0,0,0,0,0,none,0,,1334149719
Ara Kat,"ÖZTÜRK'TEN ANADOLU BULVARI YAKINI,2.KATTA,3+1,ÖN CEPHE,ASANSÖRLÜ",none,0,0,0,0,0,none,0,,1333882236
Ara Kat,"ÇANKAYA YILDIZ'DA, ÇOK DEĞERLİ BİR KONUMDA, 4+1, BAKIMLI DAİRE",none,0,0,0,0,0,none,0,,1278687101
Ara Kat,BİRLİK DE YAŞAM HAST YAKIN KATTA MANZARALI 175 M2 4+1 DAİRE,none,0,0,0,0,0,none,0,,1331710285
Ara Kat,ALKAN EMLAKTAN MERKEZDE 2+1 ARAKAT GENİŞ SIFIR YAPI FIRSAT DAİRE,none,0,0,0,0,0,none,0,,1324777414
,ALKAN EMLAKTAN CADDEDE GÜNEY CEPHE SINIRSIZ KREDİLİ FIRSAT DAİRE,none,0,0,0,0,0,none,0,,1323578333
En Üst Kat,KILIÇ GOURUP'TAN FIRSAT 3.KAT YOL CEPHE 3ADET BALKON İSKANLI 3+1,none,0,0,0,0,0,none,0,,1318071479
,KUZEYDEN YEŞİLTEPEDE İLKOKULA YAKIN KONUMDA EN ÜST KAT SIFIR 3+1,none,0,0,0,0,0,none,0,,1316643032
,ZİRVEDEN YILDIRIMDA SINIRSIZ KREDİLİ KOMBİ PETEKLİ FULL DAİRE,none,0,0,0,0,0,none,0,,1322728953
,KUZEYDEN BİRUNİ ÇEVRESİNDE ÖN CEPHE SATILIK 3+1 SIFIR DAİRE,none,0,0,0,0,0,none,0,,1319595029
En Üst Kat,ALSANCAK'TAN KÖK TAPU GÜNEY CEPHE 3+1 MASRAFSIZ DAİRE !,none,0,0,0,0,0,none,0,,1328311375
Ara Kat,KILIÇ GROUP'TAN 2+1 A.MUTFAK İSKANLI CAM BALKON GENİŞ FERAH,none,0,0,0,0,0,none,0,,1334501394
,/LİDER'DEN/YEŞİLTEPE'DE 3+1 GİRİŞ KAT KREDİ SORUNSUZ DAİRE /,none,0,0,0,0,0,none,0,,1308544833
Ara Kat,KILIÇ GROUP'TAN AKYURT ÇARŞI MERKEZDE YAPILI 1+1 DAİRE!!!,none,0,0,0,0,0,none,0,,1264193062
,ALSANCAK'TAN MERKEZİ KONUMDA CADDE CEPHELİ 4+1 KAT KONUMUNDA D.,none,0,0,0,0,0,none,0,,1334037581
Ara Kat,KILIÇ GROUP'TAN KÖK TAPU BİRUNİ KARŞISINDA ARA KAT 2+1!!!,none,0,0,0,0,0,none,0,,1322492273
Ara Kat,!!ATLAS EMLAK'TAN YILDIRIMDA ARA KAT EMİN EVİME UYGUN 3+1 DAİRE,none,0,0,0,0,0,none,0,,1325368170
,Sarsılmaz'dan Yeşiltepe Mahallesinde 3+1 Köşe Başı Daire,none,0,0,0,0,0,none,0,,1325991774
,ATLAS'TAN YENİ BİNA KOMBİ PETEK E.BANYO İSKANLI 2+1,none,0,0,0,0,0,none,0,,1318105823
,ASİLDEN HASTANE VE ANACADDE YANI KAT YÜKSEKLİĞİNDE 2+1 DAİRE !!,none,0,0,0,0,0,none,0,,1331238162
Ara Kat,ÜÇYILDIZ'DAN MÜKEMMEL KONUMDA ARAKAT 3+1 GÜNEYCEPHE KUPON !!,none,0,0,0,0,0,none,0,,1333921730
,/LİDER'DEN/ASKİ ARKASI 3+1 KÖK TAPU GENİŞ MASRAFSIZ DAİRE/,none,0,0,0,0,0,none,0,,1333895993
Ara Kat|En Üst Kat,ASİLDEN AKYURTUN EMSALSİZ 170m2 ARA KAT GÜNEY 3+1 LÜX 3+1 DAİRE,none,0,0,0,0,0,none,0,,1327861496
,ÜÇYILDIZ'DAN SINIRSIZ KREDİLİ CADDE YANI KELEPİR GENİŞ DAİRE,none,0,0,0,0,0,none,0,,1333839714
,ERTAN KARAKOÇ'DAN G.ODALI | E.BANYOLU | TERAS B. | İSKANLI 3+1!!,none,0,0,0,0,0,none,0,,1327684636
Ara Kat,ALSANCAK'TAN YEŞİLTEPEDE KURUŞ MASRAFSIZ 130M2 SATILIK DAİRE,none,0,0,0,0,0,none,0,,1315094042
Ara Kat,PROTOKOL YOLU PARALELİ OTONOMİ KARŞISI 1+1 / 6.KAT SİTE İÇERİSİ,none,0,0,0,0,0,none,0,,1327692429
,ÇİMEN'DEN YILDIRIM MAH. KAT KONUMUNDA KİLER EBEVEYN BANYOLU 3+1,none,0,0,0,0,0,none,0,,1325503163
Ara Kat|En Üst Kat,DERMAN'DAN EŞSİZ KONUMDA ULTRA-LÜKS 3+1 YAPIYA SAHİP DAİRELER,none,0,0,0,0,0,none,0,,1322627211
Ara Kat,ZİRVEDEN BEYAZIT MAHALLESİNDE MUHTEŞEM KONUMDA SİTE DAİRESİ,none,0,0,0,0,0,none,0,,1327282879
Ara Kat,ERTAN KARAKOÇ'DAN ARA KAT MASRAFSIZ İSKANLI | C.BALKONLU | 3+1 !,none,0,0,0,0,0,none,0,,1327354642
Ara Kat,SARSILMAZ'DAN DEVLET HASTANESİ YAKINI 3+1 ARAKAT FIRSAT DAİRE !!,none,0,0,0,0,0,none,0,,1326868453
Ara Kat,SARSILMAZ GRUP KÖŞE BAŞI GÜNEY ORTA KAT 3+1 GİYİNME ODALI DAİRE,none,0,0,0,0,0,none,0,,1322244253
,ATLAS'TAN SINIRSIZ KREDİLİ ORTAKAT GÜNEYCEPHE KÖŞEDAİRE 3+1,none,0,0,0,0,0,none,0,,1284931235
Ara Kat,!ATLAS'TAN CADDE ARKASI 3+1 GİYİNME ODALI MASRAFSIZ 130 M2 DAİRE,none,0,0,0,0,0,none,0,,1330625046
,KILIÇ GROUP'TAN 2+1 GİRİŞ KAT FIRSAT YATIRIMLIK DAİRE!!!,none,0,0,0,0,0,none,0,,1333694344
,*ACAREMLAK*3+1 1 KAT KONUMUNDA YÜKSEK GİRİŞ UYGUN FİYAT !,none,0,0,0,0,0,none,0,,1327568393
,/LİDER'DEN/ÇARŞI MERKEZDE 3+1 Y.GİRİŞ KAT KONUMUN'DA SIFIR DAİRE,none,0,0,0,0,0,none,0,,1333711915
Ara Kat,ASİLDEN SATILIK YILDIRIMDA ARAKAT G.ODALI TERASBALKON 3+1 DAİRE,none,0,0,0,0,0,none,0,,1324819399
,ÜÇYILDIZ'DAN CADDEYANI A KALİTE GÜNEYCEPHE 3+1 GENİŞ FIRSAT !!,none,0,0,0,0,0,none,0,,1328873745
En Üst Kat,M.ŞENTÜRK'DEN YILDIRIM'DA 3+1 YÜKSEK KREDİLİ DAİRE,none,0,0,0,0,0,none,0,,1311731655
En Üst Kat,ZİRVEDEN YILDIRIMDA MUHTEŞEM KONUMDA 3+1 GENİŞ LÜX DAİRE,none,0,0,0,0,0,none,0,,1321942533
,ALKAN EMLAKTAN OKUL KARŞISI KÖŞEBAŞI GÜNEYCEPHE 3+1 FIRSAT DAİRE,none,0,0,0,0,0,none,0,,1331718329
,|AĞAOĞULLARINDAN|YEŞİLTEPE'de 2+1 FUL YAPILI FIRSAT DAİRE,none,0,0,0,0,0,none,0,,1333237557
,//AKTÜRK EMLAK\\BÜYÜK MUTFAK+İSKAN+KAPALI OTOPARK 2+1SIFIR DAİRE,none,0,0,0,0,0,none,0,,1334567359
,ALKAN EMLAKTAN CADDEDE SINIRSIZ KREDİLİ GÜNEY CEPHE FIRSAT DAİRE,none,0,0,0,0,0,none,0,,1331717239
,ALSANCAK'TAN MERKEZİ KONUMDA MASRAFSIZ KÖK TAPU 3+1 DAİRE !,none,0,0,0,0,0,none,0,,1333385635
Ara Kat,ÇİMEN'DEN YILDIRIM MAH. MERKEZİ KONUMDA 4+1 ARA KAT MASRAFSIZ,none,0,0,0,0,0,none,0,,1314606272
Ara Kat,SATILIK PROTOKOL YOL ÜSTÜNDE İSKANLI 1+1 40M2 DAİRE,none,0,0,0,0,0,none,0,,1328721614
En Üst Kat,ÇİMEN'DEN MERKEZ'DE EMİN EVİME UYGUN GÜNEY CEPHE ULTRA LÜKS 4+1,none,0,0,0,0,0,none,0,,1311076149
,MERKEZDE EMİNEVİME UYGUN 140 M2 ARA KAT GÜNEY CEPHE DAİRE,none,0,0,0,0,0,none,0,,1328520781
Ara Kat,|AĞAOĞULLARINDAN|YILDIRIM'da ARA KAT 3+1 EMİNEVİM'e UYGUN DAİRE,none,0,0,0,0,0,none,0,,1325572333
Ara Kat,NATURA PORT OTONOMİ CEPHE YÜKSEK KAT OTURUMA HAZIR 1+1 FIRSAT!,none,0,0,0,0,0,none,0,,1334470973
Ara Kat,KILIÇ GROUP'TAN FIRSAT 2+1 A.MUTFAK İSKANLI GİRİŞ KAT,none,0,0,0,0,0,none,0,,1310650550
En Üst Kat,ÇARŞININ GÖBEĞİNDE MÜKEMMEL KONUMDA KAÇMAZ FIRSAT 3+1 DAİRE !!,none,0,0,0,0,0,none,0,,1327635935
Ara Kat,BRUNİ OKUL YANI 2+1 LÜKS DAİRE FIRSAT,none,0,0,0,0,0,none,0,,1334448186
,KILIÇ GROUP'TAN YILDIRIM'DA 4. KAT MASRAFSIZ 3+1 DAİRE!!!,none,0,0,0,0,0,none,0,,1333675433
Ara Kat,***ALİOĞLU EMLAK'TAN YILDIRIM MAH 3+1 KÖK TAPU ARA KAT DAİRE***,none,0,0,0,0,0,none,0,,1333447604
Ara Kat,/LİDER EMLAK'TAN YILDIRIM MAH 3+1 KÖK TAPU ARA KAT DAİRE***/,none,0,0,0,0,0,none,0,,1334428155
Ara Kat,!!ATLAS'TAN PARK CEPHELİ ARA KAT 3+1 KÖK TAPU MASRAFSIZ DAİRE!!,none,0,0,0,0,0,none,0,,1330927801
Ara Kat,ÜÇYILDIZ'DAN KAYMAKAMLIK YANI 2+1 ÖN CEPHE SIFIR LÜX DAİRE !!,none,0,0,0,0,0,none,0,,1321522639
,YILDIRIM MAH. BİRUNİ ÇEVRESİ 3+1SON KAT ÖN CEPHE DAİRE,none,0,0,0,0,0,none,0,,1316213970
Ara Kat,ALSANCAK'TAN İSKANI ALINMIŞ KATTA 2+1 - 3+1 LÜKS DAİRELER !,none,0,0,0,0,0,none,0,,1321579333
,KEMER SOKAKTA FUUL YAPI FUUL KREDİLİ 3+1 SATILIK DAİRE,none,0,0,0,0,0,none,0,,1311477060
,AKYURT YILDIRIM MAHALLESİ'NDE GÜNEY-BATI CEPHE 3+1 DAİRE,none,0,0,0,0,0,none,0,,1317453179
,NATURA PORT C BLOK OTURUMA HAZIR SİTE İÇERİSİNDE DAİRE,none,0,0,0,0,0,none,0,,1334332646
En Üst Kat,OZAN EMLAK/İNCE DÜŞÜNCE HASSAS İŞÇİLİK SATILIK 3+1 DAİRE,none,0,0,0,0,0,none,0,,1331458574
,//AKTÜRK EMLAK\\ EBEVEYN BANYO VE KİLERLİ GENİŞ SIFIR 3+1 DAİRE*,none,0,0,0,0,0,none,0,,1334312328
Ara Kat,//AKTÜRK EMLAK\\ YÜKSEK KREDİLİ ULTRA LÜKS İSKAN SIFIR 3+1 DAİRE,none,0,0,0,0,0,none,0,,1328681356
Ara Kat,MAL SAHİBİNDEN YEŞİLTEPEDE GÜNEY CEPHE ÖNÜ AÇIK 3+1,none,0,0,0,0,0,none,0,,1322353479
Ara Kat,Sahibinden Acil Satılık 8. Kat Site dairesi,none,0,0,0,0,0,none,0,,1294011350
,FK İNŞAAT'TAN LÜKS SIFIR FIRSAT DAİRELER,none,0,0,0,0,0,none,0,,1331413720
,[PRESTİJDEN]ÇARŞIDA LÜKS SIFIR ÇOK GENİŞ TERAS BALKONLU DAİRE,none,0,0,0,0,0,none,0,,1334251591
,//AKTÜRK EMLAK\\KATILIM EV SİSTEMLERİNE UYGUN MASRAFSIZ 3+1DAİRE,none,0,0,0,0,0,none,0,,1334407397
En Üst Kat,#ÇİMEN'DEN BEYAZIT MAH. 170M2 NET KULLANIMA SAHİP KÖK TAPU 4+1#,none,0,0,0,0,0,none,0,,1330203103
Ara Kat,/LİDER'DEN YILDIRIM MAH 3+1 KÖK TAPULU ARA KATTA DAİRELER/,none,0,0,0,0,0,none,0,,1327535430
,ZİRVEDEN ÇARŞI MERKEZDE 3+1 ARAKAT ÖN CEPHE LÜX YAPILI DAİRE,none,0,0,0,0,0,none,0,,1320549536
,SARSILMAZ GRUP LÜKS SIFIR GENİŞ BALKON KULLANIŞLI 3+1 DAİRE,none,0,0,0,0,0,none,0,,1333754657
,İSKANLI Akyurt ta yeni binada uygun fiyata 2+1 satılık daire,none,0,0,0,0,0,none,0,,1311321321
Ara Kat,**ALİOĞLU EMLAK'TAN OKUL YANI 3+1 ARA KAT KÖK TAPU DAİRE**,none,0,0,0,0,0,none,0,,1327372510
,sahibinden süper konumda,none,0,0,0,0,0,none,0,,1333998219
En Üst Kat,KILIÇ GROUP'TAN 6.KAT KÖŞE BAŞI E.BANYO 2 BALKONLU MANZARALI 3+1,none,0,0,0,0,0,none,0,,1281333664
Ara Kat,MÜKEMMEL KONUMDA YÜKSEK KREDİLİ KÖŞE BAŞI ARAKAT DAİRE,none,0,0,0,0,0,none,0,,1317286539
,EMLAK MERKEZİNDEN ÖZAL BULVARINDA SATILIK 1+1 DAİRE,none,0,0,0,0,0,none,0,,1315577385
,Sahibinden Akyurt Yıldırım Mahallesinde 2+1 zemin Kat Daire,none,0,0,0,0,0,none,0,,1327945845
,"ŞIK TASARIM, KALİTELİ İŞÇİLİK! AKYURTTA FIRSAT DAİRE",none,0,0,0,0,0,none,0,,1332536802
Ara Kat,ALSANCAK'TAN FARKLI KATVECEPHE SEÇENEKLERİ İLE 3+1 LÜKS DAİRELER,none,0,0,0,0,0,none,0,,1304318791
,HAVALİMANI YAKINI JOVEN PORT'TA SATILIK 1+1 DAİRE,none,0,0,0,0,0,none,0,,1333727676
,AKYURT MERKEZ DE GENİŞ 3+1 DAİRE,none,0,0,0,0,0,none,0,,1295319320
Ara Kat,//AKTÜRK EMLAK\\KOMBİ PETEK TAKILI İSKAN MASRAFSIZ FIRSAT DAİRE*,none,0,0,0,0,0,none,0,,1334389979
,//AKTÜRK EMLAK\\MERKEZİ KONUM ULTRA LÜKS İSKANLI SIFIR 3+1 DAİRE,none,0,0,0,0,0,none,0,,1334303623
En Üst Kat,YILDIRIM MAHALLESİ'NDE ELİT YAŞAMA UYGUN FIRSAT DAİRE,none,0,0,0,0,0,none,0,,1334106034
,ANKARA AKYURT YILDIRIM MAHALLESI 3 + 1 GÜNEYDOĞU CEPHE,none,0,0,0,0,0,none,0,,1318104108
,//KILIÇ GROUP'TAN YEŞİLTEPE MAHALLESİNDE FIRSAT 2+1 DAİRE//,none,0,0,0,0,0,none,0,,1333864192
,"JOVEN PORTTA FULL EŞYALI,BALKONLU 1+1 GÜVENLİKLİ",none,0,0,0,0,0,none,0,,1333640312
Ara Kat,*_*PRESTİJDEN YILDIRIMDA CADDEYE YAKIN SIFIR ARA KAT DAİRE**--**,none,0,0,0,0,0,none,0,,1327502097
,/ASİL EMLAKTAN/KÖK TAPU KÖŞE BAŞI 120MT,none,0,0,0,0,0,none,0,,1329397358
,ESENBOĞADA JOVEN PORTTA SATILIK 1+1 DAİRE,none,0,0,0,0,0,none,0,,1321996846
,//AKTÜRK EMLAK\\ MERKEZİ KONUM BÖLGEDE EN UYGUN MASRAFSIZ DAİRE,none,0,0,0,0,0,none,0,,1334315088
,|AĞAOĞULLARINDAN| KOMBİ PETEKLİ 2+1 GENİŞ SIFIR DAİRE,none,0,0,0,0,0,none,0,,1323006489
Ara Kat,ERTAN KARAKOÇ'DAN EMİNEVİME UYGUN KÖK TAPU 3+1 ÇARŞI MERKEZDE !!,none,0,0,0,0,0,none,0,,1320373665
Ara Kat,ESENBOĞA HAVALİMANI YAKINI / YATIRIMLIK /1+1 SATILIK DAİRE,none,0,0,0,0,0,none,0,,1321774950
Ara Kat,PROTOKOL PARALELİ OTURUM HAZIR EŞYALI 1+1 3.KATTA FIRSAT DAİRE,none,0,0,0,0,0,none,0,,1326355674
Dubleks|En Üst Kat|Çatı Dubleksi,YILDIRIM MAHALLESİ KÖŞE BAŞI MASRAFSIZ DUBLEKS DAİRE,roof,1,1,0,0,0,detail_and_title,0,title_generic_confirms_detail_subtype,1334082549
Ara Kat,ALSANCAK'TAN ARA KAT İSKANI ALINMIŞ 3+1 SIFIR LÜKS DAİRE !,none,0,0,0,0,0,none,0,,1327106502
,Akyurt Saraçlar' da Site İçi Ebeveyn B.li 2+1 Satılık Daire,none,0,0,0,0,0,none,0,,1324771285
,ATLAS'TAN ÖN VE GÜNEYCEPHE ASANSÖR SINIRSIZKREDİ ÖZELTASARIM,none,0,0,0,0,0,none,0,,1305524691
,ALTINŞAH EMLAK'TAN 2+1 E.BANYOLU SIFIR FIRSAT DAİRESİ,none,0,0,0,0,0,none,0,,1326333102
Ara Kat,*_*PRESTİJDEN 2+1 SIFIR ARA KAT GENİŞ BALKONLU LÜKS DAİRELER*-*,none,0,0,0,0,0,none,0,,1327811734
,ERTAN KARAKOÇ'DAN Y.TEPE MAH. | 3+1 LÜX YAPILI | İSKANLI DAİRE !,none,0,0,0,0,0,none,0,,1332343461
En Üst Kat,ONAY'DAN 130M2 3+1 EBEVEYN KİLERLİ FERAH YAPIDA SIFIR LÜX DAİRE,none,0,0,0,0,0,none,0,,1314579395
Ara Kat,Akyurt Atatürk Mah. 1. Kat 3+1 Sıfır Daire,none,0,0,0,0,0,none,0,,1327570029
Ara Kat,YILDIRIM MAH. GENİŞ KULLANIMLI 3+1 DAİRE,none,0,0,0,0,0,none,0,,1327094001
Ara Kat,Ankara Akyurt -MESKENİ ALINDI Yatay Mimari Satılık Lüks Daireler,none,0,0,0,0,0,none,0,,1279858008
,*ALİOĞLU EMLAK'TAN YILDIRIM MAH 2+1GİRİŞ KAT KOMBİPETEKLİ DAİRE*,none,0,0,0,0,0,none,0,,1315306372
,ATLAS'TAN SAĞLIKO.KARŞISI MERKEZ'DE GİYİNMEO E.BANY KİLER 4+1,none,0,0,0,0,0,none,0,,1324170790
,ALSANCAK'TAN CADDE CEPHELİ EMİNEVİME UYGUN ARA KAT FIRSAT DAİRE,none,0,0,0,0,0,none,0,,1331832315
,PRİME'DEN ÇARŞI MERKEZ DE GENİŞ 3+1,none,0,0,0,0,0,none,0,,1327334076
En Üst Kat,PİYASANIN İSKANLI EN UYGUN 3+1 SIFIR DAİRESİ,none,0,0,0,0,0,none,0,,1321282189
Ara Kat,//AKTÜRK EMLAK\\ TOKİ BLOKLARINDA ARA KAT MASRAFSIZ FIRSAT DAİRE,none,0,0,0,0,0,none,0,,1334108345
En Üst Kat,ALSANCAK'TAN MERKEZİ KONUMDA 3+1 LÜKS DAİRE !,none,0,0,0,0,0,none,0,,1332731978
Ara Kat,ALSANCAK'TAN ARA KAT MASRAFSIZ KÖK TAPU 4+1 DAİRE !,none,0,0,0,0,0,none,0,,1326114153
Ara Kat,SATILIK ESENBOĞA HAVALİMANI YANI 1+1,none,0,0,0,0,0,none,0,,1315655411
,*NAİL DEMİREL*GAYRİMENKUL'den KAPALI OTOPARK KİLER KATTA 0 DAİRE,none,0,0,0,0,0,none,0,,1327055102
,*NAİL DEMİREL*GAYRİMENKUL 'de CAM BALKON MASRAFSIZ DAİRE,none,0,0,0,0,0,none,0,,1332994596
En Üst Kat,ÇİMEN'DEN CADDE ÜZERİ EMİNEVİME UYGUN GÜNEYBATI CEPHE LÜX 3+1,none,0,0,0,0,0,none,0,,1323162001
Ara Kat,//AKTÜRK EMLAK\\ ARA KAT SIFIR İSKANI ALINMIŞ ÖN CEPHE 3+1 DAİRE,none,0,0,0,0,0,none,0,,1327401248
,***ALİOĞLU EMLAK'TAN LÜX YAPILI 3+1 REZİDANS DAİRESİ***,none,0,0,0,0,0,none,0,,1320871344
,ERTAN KARAKOÇ'DAN Y.TEPE MAH. | İSKANLI GENİŞ | K.PETEKLİ 2+1,none,0,0,0,0,0,none,0,,1326309829
,ALKAN EMLAK'TAN MERKEZDE 3+1 SINIRSIZ KREDİLİ 200m2 FIRSAT DAİRE,none,0,0,0,0,0,none,0,,1333076715
,PRİME GROUP'TAN MERKEZDE HAZIR KİRACILI 3+1 SATILIK DAİRE,none,0,0,0,0,0,none,0,,1320880704
Ara Kat,AKYURT YILDIRIM MAH CADDE DE ARA KATTA KÖŞE BİNA GENİŞ 3+1DAİRE,none,0,0,0,0,0,none,0,,1314229406
Ara Kat,OZAN EMLAKAKYURTUN EN UYGUN BİTMİŞ ARA KAT 3+1 DAİRESİ,none,0,0,0,0,0,none,0,,1330152754
,/LİDER'DEN/YILDIRIM'DA 3+1 1.KAT YERDEN ISITMALI ÇİFT BANYOLU /,none,0,0,0,0,0,none,0,,1332478347
,Havalimanı Yolu Yakınında 1+1 Lüks Daire,none,0,0,0,0,0,none,0,,1322531993
Ara Kat,|AĞAOĞULLARINDAN|YILDIRIM'da 2+1 LÜX YAPILI SIFIR DAİRE,none,0,0,0,0,0,none,0,,1322721231
,FİRSAT DAİRE SATILIK SAHİBİNDEN,none,0,0,0,0,0,none,0,,1218367180
,|AĞAOĞULLARINDAN|ARAKAT GÜNEY CEPHE KÖK TAPU 3+1 DAİRE,none,0,0,0,0,0,none,0,,1332729793
,ZİRVEDEN TİMURHAN MAHALLESİNDE ARAKAT GÜNEY CEPHE FIRSAT DAİRE,none,0,0,0,0,0,none,0,,1331409061
,PROTOKOL YOLUNDA SATILIK 1+1 DAİRE.,none,0,0,0,0,0,none,0,,1333086040
,ONAY'DAN YILDIRIM MAH. Kaçırılmayacak Fırsat: 145 m² 3+1,none,0,0,0,0,0,none,0,,1327285359
,//AKTÜRK EMLAK\\ KÖK TAPU KREDİ SORUNSUZ KATTA ÇİFT BALKON DAİRE,none,0,0,0,0,0,none,0,,1327081044
,Satılık Süperlüx 3+1 Daireler Harmony GM Farkıyla,none,0,0,0,0,0,none,0,,1329777598
En Üst Kat,SERKAN ÜNVER GAYRİMENKUL'DEN AKYURT MERKEZDE 3+1 FIRSAT!!!!!,none,0,0,0,0,0,none,0,,1329741496
Ara Kat,***ALİOĞLU EMLAK'TAN YILDIRIM MAH 3+1 KÖK TAPU KREDİLİ DAİRE***,none,0,0,0,0,0,none,0,,1309186578
Ara Kat,YILDIRIMDA SATILIK 2+1 YÜKSEK GİRİŞ LÜX DAİRE,none,0,0,0,0,0,none,0,,1308077670
Ara Kat,ASİLDEN BULVAR ÜSTÜ MERKZDE ARAKAT SIFIR ULTRALÜX3+1 135m2 DAİRE,none,0,0,0,0,0,none,0,,1321581170
Ara Kat,BEYAZIT MAH. SİTE İÇİ GENİŞ 3+1 ÇİFT CAM BALKONLU LÜKS DAİRE,none,0,0,0,0,0,none,0,,1315184147
En Üst Kat,"BOZKUŞ EMLAK'TAN AKYURT'TA LÜKS YAPILI, ALTTAN ISITMALI DAİRE.",none,0,0,0,0,0,none,0,,1332550465
,ALSANCAK'TAN BİRİNCİ KAT KONUMUNDA 2+1 SIFIR CAM BALKONLU DAİRE,none,0,0,0,0,0,none,0,,1331356437
Ara Kat,Joven Port Satılık 1+1 daire,none,0,0,0,0,0,none,0,,1332376129
,SARSILMAZ GRUP LÜKS GENİŞ MUTFAK GENİŞ SALON 3+1 DAİRE,none,0,0,0,0,0,none,0,,1320701685
Ara Kat,BEYAZIT MAHALLESİNDE SATILIK 3+1 LÜKS DAİRE KÖK TAPU,none,0,0,0,0,0,none,0,,1332443242
,ALKAN EMLAK'TAN İLÇENİN EN GENİŞ 2+1 ARAKAT EKSİKSİZ DAİRESİ,none,0,0,0,0,0,none,0,,1332573444
,"4+1 170 M2 2 BALKONLU ,KİLERLİ,GİYİNME ODALI, KAPALI OTOPARKLI",none,0,0,0,0,0,none,0,,1292749917
Ara Kat,Joven Port'ta Havalimanı Komşusu Tam Eşyalı Satılık 1+1,none,0,0,0,0,0,none,0,,1326506131
En Üst Kat,ÜÇYILDIZ'DAN MERKEZİ KONUMDA SON KAT 3+1 ULTRA LÜX GÜNEYCEPHE !!,none,0,0,0,0,0,none,0,,1331584763
,' ÜNALLAR EMLAKTAN TEK YETKİLİ SATILIK 3+1 DAİRE ',none,0,0,0,0,0,none,0,,1331775121
Ara Kat,ZEYBEK'DEN7/24GÜVENLKLİ SİTEDE SIFIR EŞYALI KAÇIRILMAYACAKFIRSAT,none,0,0,0,0,0,none,0,,1326309869
Ara Kat,***ALİOĞLU EMLAK'TAN YILDIRIM MAH 3+1 2.MİLYON KREDİLİ DAİRE***,none,0,0,0,0,0,none,0,,1332402136
En Üst Kat,4.KAT SAHİBİNDEN TEMİZ,none,0,0,0,0,0,none,0,,1332250852
Ara Kat,ASİLDEN HASTANE VE ANACADDE YANI LÜX 140m2 G.ODALI 3+1 DAİRE,none,0,0,0,0,0,none,0,,1329523118
Ara Kat,** PRESTİJDEN 2+1 ARA KAT İSKANLI GÜNEY CEPHE CAM BALKON 1.KAT**,none,0,0,0,0,0,none,0,,1301802425
,KILINIÇ İNŞAAT EMLAK'DAN SATILIK 3+1 DAİRE SINIRSIZ KREDİLİ,none,0,0,0,0,0,none,0,,1332097719
,SAHİBİNDEN ÇARŞI MERKEZDE,none,0,0,0,0,0,none,0,,1332098671
,/LİDER'DEN/YILDIRIM'DA 3+1 GÜNEY CEPHE OTURUMA HAZIR DAİRELER/,none,0,0,0,0,0,none,0,,1332097718
Ara Kat,BERKER'DEN AKYURT SARACALARDA TAMAMINA KREDİ İMKANLI DAİRELER,none,0,0,0,0,0,none,0,,1323021649
,4+1 giyinme odalı kilerli,none,0,0,0,0,0,none,0,,1332007104
,NATURA PORTUN UZMANINDAN C BLOK 12.KAT 2+1 OTURUMA HAZIR,none,0,0,0,0,0,none,0,,1329499808
Ara Kat,Hava Alanı Yolunda Lüks Eşyalı Satılık İskanlı 1+1 Daire,none,0,0,0,0,0,none,0,,1329123864
Ara Kat,***ALİOĞLU EMLAK'TAN YILDIRIM MAH 3+1 KÖK TAPU DAİRE**,none,0,0,0,0,0,none,0,,1332346283
Ara Kat,ATATÜRK MH İMAM HATİP YANI 2.KAT GÜNEY CEPHE KAPALI GARAJ KİLER,none,0,0,0,0,0,none,0,,1331936911
Ara Kat,BÖLGENİN EN PRESTİJLİ PROJESİ NATURA PORT'DA SATILIK 1+1,none,0,0,0,0,0,none,0,,1313761235
Ara Kat,ATLAS'TAN SİTE İÇERİSİNDE ORTAKAT ÇİFT ASANSÖR GENİŞBALKON,none,0,0,0,0,0,none,0,,1317443457
,ALSANCAK'TAN SİTEDE GÜNEY CEPHE KÖK TAPU MASRAFSIZ SATILIK DAİRE,none,0,0,0,0,0,none,0,,1331838386
,SAHİBİNDEN ESENBOĞA HAVAALANI YANINDA LÜXS 1+1 DAİRE,none,0,0,0,0,0,none,0,,1216519933
En Üst Kat,ACİİLL FİYAT DÜŞTÜ !!! JOVEN PORTTA KAÇIRILMAYACAKbFIRSATI!,none,0,0,0,0,0,none,0,,1326320866
,AKYURT YEŞİLTEPE MERKEZİ KONUM 2+1 İSKANLI 1MİLYON KREDİ FIRSATI,none,0,0,0,0,0,none,0,,1332306837
Ara Kat,ESENBOĞA HAVALİMANI YAKINI DR. ALP TOWER 1'DE İSKANLI 1+1,none,0,0,0,0,0,none,0,,1331732637
Ara Kat,ÖNCÜ'DEN YILDIRIM MAHALLESİNDE 3+1 SATILIK DAİRE,none,0,0,0,0,0,none,0,,1331902466
Ara Kat,ALSANCAK'TAN E.BANYOLU KİLERLİ ARA KAT GÜNEY CEPHE SATILIK DAİRE,none,0,0,0,0,0,none,0,,1325687474
Ara Kat,KÖK TAPU (EMİN EVİM VE KREDİ FIRSATI) 3+1 KÖŞE BAŞI GÜNEY CEPHE,none,0,0,0,0,0,none,0,,1331618563
Ara Kat|Ara Kat Dubleks|Dubleks|En Üst Kat|Çatı Dubleksi,KARAHAN EMLAK'TAN 2 CADDE ARASI GÜNEY DOĞU CEPHELİ 6+1 DUBLEKS,roof,1,1,0,0,0,detail_and_title,0,title_generic_confirms_detail_subtype,1263110290
Ara Kat,//AKTÜRK EMLAK\\***İLÇENİN EN UYGUN ARA KAT SIFIR 3+1 DAİRESİ***,none,0,0,0,0,0,none,0,,1330613817
Ara Kat,FIRSAT !! Aslanlar Sitesinde 7. Kat EminEvim Ve FuzulEv'e Uygun,none,0,0,0,0,0,none,0,,1331598780
En Üst Kat,AKYURT YILDIRIM MAH. ÜST KAT 3+1 SIFIR LÜX DAİRE UYGUN FİYAT!!!,none,0,0,0,0,0,none,0,,1332577070
,ATLAS'TAN EMİNEVİM FUZULEVİM SINIRSIZ KREDİ ORTAKAT 4+1,none,0,0,0,0,0,none,0,,1318688153
En Üst Kat,ZİRVEDEN ÇARŞI MERKEZDE KOMBİ PETEKLİ 3+1 SIFIR DAİRE,none,0,0,0,0,0,none,0,,1325798572
Ara Kat,ESENBOĞA JOVEN PORTTA 1 +1 SATILIK DAİRE,none,0,0,0,0,0,none,0,,1314442166
,Acil ihtiyaçtan Natura Port 1+1 son 1 hafta,none,0,0,0,0,0,none,0,,1331516830
,ALSANCAK'TAN MERKEZİ KONUMDA MEMUR KİRACILI 3+1 DAİRE !,none,0,0,0,0,0,none,0,,1319805603
Ara Kat,ESENBOĞA HAVALİMANI PROTOKOL YOLU ÜZERİNDE SATILIK 1+1 DAİRE,none,0,0,0,0,0,none,0,,1325854165
,Son fiyat. Bu fiyat daha gelmez. Avm li önü açık daire,none,0,0,0,0,0,none,0,,1268357379
,ATLAS'TAN EMİNEVİM FUZULEVİM UYGUN ÖNCEPHE GÜNEYCEPHE 4+1,none,0,0,0,0,0,none,0,,1330152321
Ara Kat,YEŞİLTEPE'DE GENİŞ FERAH KREDİYE UYGUN KÖK TAPU SATILIK DAİRE,none,0,0,0,0,0,none,0,,1318398609
Ara Kat,//AKTÜRK EMLAK\\MANZARALI MASRAFSIZ ULTRA LÜKS YAPI 3+1 DAİRELER,none,0,0,0,0,0,none,0,,1331608966
,AKYURT YEŞİLTEPE KÖŞE BİNADA GİRİŞ KAT 3+1 DAİRE,none,0,0,0,0,0,none,0,,1331417088
En Üst Kat,YILDIRIM MAHALLESİNDE SATILIK 3+1 ULTRA LÜKS FIRSAT DAİRE,none,0,0,0,0,0,none,0,,1332126797
Ara Kat,ASİLDEN YILDIRIMDA ARAKAT GÜNEY 135m2 KÖŞE SIFIR 3+1 DAİRE,none,0,0,0,0,0,none,0,,1324123207
Ara Kat,//AKTÜRK EMLAK\\ PARK KÖŞESİ ARA KAT SIFIR 2+1 FIRSAT DAİRELER**,none,0,0,0,0,0,none,0,,1334137330
,Satılık daire,none,0,0,0,0,0,none,0,,1322557238
En Üst Kat,KÖK TAPU (EMİN EVİM VE KREDİ FIRSATI) 3+1 KÖŞE BAŞI MASRAFSIZ,none,0,0,0,0,0,none,0,,1331451905
,ZİRVE GAYRİMENKULDEN 3+1 ARA KAT ULTRA LÜX DAİRE!!!,none,0,0,0,0,0,none,0,,1317818119
En Üst Kat,ZİRVEDEN YILDIRIMDA KÖŞEBAŞI 3+1 LÜX SATILIK DAİRE,none,0,0,0,0,0,none,0,,1319668801
Ara Kat,//AKTÜRK EMLAK\\EBEVEYN KİLER ANKASTRE SET KATTA SIFIR DAİRELER*,none,0,0,0,0,0,none,0,,1327790973
,/ASİL EMLAKTAN/3+1 KÖK TAPU MERKEZİ KONUMDA ALTINDA DAİRE VAR,none,0,0,0,0,0,none,0,,1301656804
Ara Kat,KILIÇ GROUP'TAN E.BANYO MERKEZİ KONUM ARA KAT 2+1 SIFIR DAİRE!!!,none,0,0,0,0,0,none,0,,1329829801
Ara Kat,**ACAR EMLAK CADDE DİBİ 2+1 KÖK TAPU | ARA KAT Y GİRİŞ | KAÇMAZ,none,0,0,0,0,0,none,0,,1320294996
Ara Kat,//AKTÜRK EMLAK\\ EBEVEYN BANYOLU KİLERLİ ARA KAT LÜKS DAİRELER**,none,0,0,0,0,0,none,0,,1332485216
,OLCAY EMLAK'TAN YILDIRIM MAHALLESİNDE ARAKAT 2 BALKONLU GENİŞ3+1,none,0,0,0,0,0,none,0,,1324885778
,AKYURT YEŞİLTEPE MAHALLESİNDE OKUL YANINDA YÜKSEK GİRİŞ 2+1DAİRE,none,0,0,0,0,0,none,0,,1307105322
,ALSANCAK'TAN CADDE-GÜNEY CEPHE SNRSZ KREDİLİ 3+1 SATILIK DAİRE,none,0,0,0,0,0,none,0,,1330286161
Ara Kat,İSKANLI 1+1 ESENBOĞA HAVALİMANINA SADECE 900 METRE MESAFEDE!,none,0,0,0,0,0,none,0,,1313229962
Dubleks|Çatı Dubleksi,YILDIRIMDA MERKEZİ KONUMDA SIFIR DUBLEKS DAİRE //TAKASLI//,roof,1,1,0,0,0,detail_and_title,0,title_generic_confirms_detail_subtype,1331015352
,*=*[PRESTİJDEN]ANA CADDEYE 20MT 2+1 A.MUTFAK SIFIR LÜKS YAPILI *,none,0,0,0,0,0,none,0,,1326386693
,ALSANCAK'TAN MAKUL FİYATLI 3+1 YÜKSEK GİRİŞ SIFIR DAİRE !,none,0,0,0,0,0,none,0,,1331223864
Ara Kat,SARACALARDA SİTE İÇERİSİNDE MANZARALI HEM YATIRIM HEM OTURUMA !!,none,0,0,0,0,0,none,0,,1324828247
,//AKTÜRK EMLAK\\ KİLER ANKASTRE UYGUN FİYATA KAÇMAZ SIFIR DAİRE*,none,0,0,0,0,0,none,0,,1330251444
,ŞENTÜRK İNŞAAT EMLAKDAN SATILIK 2+1 BAHÇE KAT,none,0,0,0,0,0,none,0,,1331191380
Ara Kat,SARSILMAZ'DAN YEŞİLTEPE MAH.2+1 FUL+FUL YAPILI FIRSAT DAİRE !!!,none,0,0,0,0,0,none,0,,1330417990
,ASİLDEN BİRUNİ OKULU ANACADDE YANI KAÇMAZ FIRSAT SIFIR 2+1 DAİRE,none,0,0,0,0,0,none,0,,1315194171
,BEYAZIT MAHALLESİN SİTE İÇERİSİNDE 140 M2 3+1 KÖK TAPU DAİRE,none,0,0,0,0,0,none,0,,1325286423
,EMLAKCELL'den 3+1 Ara Kat Kök Tapu,none,0,0,0,0,0,none,0,,1330938310
Ara Kat,K0CABEy İNŞ GAYRIMENKül SATILIK lüks DAİRE 3+1,none,0,0,0,0,0,none,0,,1307893377
,ÜNALLAR EMLAKTAN SIFIR DAİRE 3+1,none,0,0,0,0,0,none,0,,1324773272
,/EMLAKTAN SATILIK/MERKEZİ KONUMDA CADDE ÜSTÜ 4+1MASRAFSIZ,none,0,0,0,0,0,none,0,,1332411135
En Üst Kat,SATILIK DAİRE,none,0,0,0,0,0,none,0,,1330814373
,ZİRVEDEN ARAKAT KÖK TAPU 4+1 DAİRE,none,0,0,0,0,0,none,0,,1331429467
,KILIÇ İNŞAAT EMLAK'TAN YILDIRIM'DA KÖK TAPU FIRSAT FİYATA 2+1!!!,none,0,0,0,0,0,none,0,,1329429104
,KILINIÇ İNŞAAT EMLAK'DAN SATILIK 2+1 DAİRE,none,0,0,0,0,0,none,0,,1330988999
En Üst Kat,PURSAKLAR OTONOMİ KARŞISI 2+1 EN ÜST KÖŞE 0 DAİRE -OTURUMA HAZIR,none,0,0,0,0,0,none,0,,1285356073
,ZİRVEDEN YEŞİLTEPEDE 3+1 MERKEZİ KONUMDA KÖK TAPU DAİRE,none,0,0,0,0,0,none,0,,1330502683
En Üst Kat,ÜNALLAR GRUP'TAN KOCAMAN 135 METRE KÖK TAPU SIFIR DAİRE,none,0,0,0,0,0,none,0,,1307881544
,FK İNŞAAT'TAN FIRSAT DAİRE ARAC TAKASINA AÇIK,none,0,0,0,0,0,none,0,,1330952110
En Üst Kat,ESENBOĞA HAVAALANI YOLU ÜZERİ SATILIK 2+1 ACİL SATILIK DAİRE,none,0,0,0,0,0,none,0,,1330561541
Ara Kat,''PRESTİJDEN ULTRA LÜKS ARA KAT MAZNARALI EMSALSİZ FIRSAT DAİRE',none,0,0,0,0,0,none,0,,1307133861
,*ACAREMLAK*950-KREDİ LÜKS YAPILI KÖŞE BAŞI SIFIR 3+1 FIRSAT !,none,0,0,0,0,0,none,0,,1329934554
,Waw protokol de yatırımlık sıfır daire,none,0,0,0,0,0,none,0,,1331214013
,Sahibinden satılık 4+1,none,0,0,0,0,0,none,0,,1330496132
Ara Kat,İSKANLI SİTE İÇİ PROTKOL YOL ÜSTÜNDE 1+1 DAİRE!!,none,0,0,0,0,0,none,0,,1331206159
En Üst Kat,*ACAREMLAK*KREDİYE UYGUN KÖK TAPU 2+1 GÜNEY MANZARALI DAİRE !!,none,0,0,0,0,0,none,0,,1330968044
,//AKTÜRK EMLAK\\İSKANLI EBEVEYN KİLERLİ MASRAFSIZ SIFIR 3+1DAİRE,none,0,0,0,0,0,none,0,,1332054264
,OTONOMİ KARŞISI 3+1 MASRAFSIZ SATILIK SİTE İÇİ DAİRE,none,0,0,0,0,0,none,0,,1303251255
,2+1 SIFIR ARA KAT GÜNEY CEPHE DAİRE,none,0,0,0,0,0,none,0,,1323232191
Ara Kat,ÇİMEN'DEN YILDIRIMDA CADDE ÜZERİ DOĞU CEPHE ARAKAT 3+1 FIRSAT,none,0,0,0,0,0,none,0,,1308925708
,^^PRESTİJDEN SINIRSIZ KREDİLİ ANA CADDEYE ÇOK YAKIN MASRAFSIZ **,none,0,0,0,0,0,none,0,,1331604398
Ara Kat,[PRESTİJ]BEYAZIT MAHALLESİ SIFIR 5. KAT REZİDANSTA OTURUMA HAZIR,none,0,0,0,0,0,none,0,,1318494182
Ara Kat,VEGA EMLAK'TAN HAVALİMANI YAKINI UÇAK MANZARALI YATIRIMLIK,none,0,0,0,0,0,none,0,,1324212411
Ara Kat,!!ATLAS EMLAK'TAN MERKEZDE ULTRA LÜX YAPIDA 3+1 130 M2 DAİRELER!,none,0,0,0,0,0,none,0,,1322783785
,[PRESTİJDEN] ÇARŞIDA SINIRSIZ KREDİLİ MASRAFSIZ ARA KAT CAM BLKN,none,0,0,0,0,0,none,0,,1324243127
Ara Kat,AKAYCA'DAN NATURA PORT`TA SATILIK 1+1 ARAKAT DAİRE,none,0,0,0,0,0,none,0,,1306659638
Ara Kat,**SİTE İÇERİSİNDE KÖK TAPU FULL YAPILI LÜKS 2+1 UYGUN FİYATLI !!,none,0,0,0,0,0,none,0,,1329624203
,ATLAS'TAN ÖNÜAÇIK MERKEZ'DE İSKAN ASANSÖR KOMBİPETEK 3+1,none,0,0,0,0,0,none,0,,1324048902
,ATLAS'TAN KÖŞEBAŞI GÜNEYCEPHE ÖNÜAÇIK ASANSÖR İSKAN 3+1,none,0,0,0,0,0,none,0,,1317234317
Ara Kat,!!ATLAS'TAN KOMBİ-PETEKLİ GİYİNME ODALI 3+1 ARA KAT 135 M2 DAİRE,none,0,0,0,0,0,none,0,,1322507820
Ara Kat,ATLASTAN YILDIRIMDA EŞSİZ YAPIYA SAHİP MANZARALI 120M2 3+1 DAİRE,none,0,0,0,0,0,none,0,,1322987825
,SARSILMAZ GRUP ASKİ ÇEVRESİNDE YÜKSEK KREDİYE UYGUN 3+1 DAİRE,none,0,0,0,0,0,none,0,,1331383552
,CANTÜRKTEN AKYURT MERKEZDEN SATILIK DAİRE,none,0,0,0,0,0,none,0,,1329832522
Ara Kat,akyurtda sahibinden satılık ev,none,0,0,0,0,0,none,0,,1329753281
Ara Kat,ASİLDEN YILDIRIMDA ARA KAT LÜX MANZARALI 3+1 SIFIR DAİRE,none,0,0,0,0,0,none,0,,1317821104
En Üst Kat,!!ATLAS'TAN CADDE ÜZERİ 3+1 EKSİKSİZ GÜNEY CEPHE 125 M2 DAİRE!!,none,0,0,0,0,0,none,0,,1322977962
Ara Kat,!!ATLAS EMLAK'TAN YILDIRIMDA MANZARALI ARA KAT 3+1-120 M2 DAİRE!,none,0,0,0,0,0,none,0,,1322774731
,AKYURT YILDIRIM MAHALLESİNDE KAÇIRILMAYACAK 3+1 DAİRE,none,0,0,0,0,0,none,0,,1329715350
,*ACAREMLAK*FULL YAPILI 2+1 KAÇMAZ FIRSAT SON DAİRELER !!!!,none,0,0,0,0,0,none,0,,1323177700
Ara Kat,ASİLDEN YILDIRIMDA ULTRA LÜX ŞIK TASARIM ARA KAT 3+1 SIFIR DAİRE,none,0,0,0,0,0,none,0,,1315185705
,ALSANCAK'TAN MASRAFSIZ 2+1 LÜKS DAİRE !,none,0,0,0,0,0,none,0,,1325352169
,Kelepir temiz kullanışlı 2+1 Daire,none,0,0,0,0,0,none,0,,1323232491
,//AKTÜRK EMLAK\\YÜKSEK KREDİ KAPALI OTOPARK KİLER KATTA 0 DAİRE*,none,0,0,0,0,0,none,0,,1325253944
,ACİL SATILIK GİRİŞ KAT 2+1 SIFIR DAİRE OTURUMA HAZIR,none,0,0,0,0,0,none,0,,1329477253
,/LİDER'DEN/YILDIRIM'DA OKULLAR YAKINI 3+1 ORTA KAT GÜNEY CEPHE /,none,0,0,0,0,0,none,0,,1329842027
,ZİRVE GAYRİMENKULDEN YILDIRIMDA GENİŞ LÜX DAİRE,none,0,0,0,0,0,none,0,,1330965873
,ZİRVE GAYRİMENKULDEN 3+1 ULTRA LÜX MÜKEMMEL KONUMDA DAİRELER,none,0,0,0,0,0,none,0,,1330968559
Ara Kat,3+1 Satılık Daire,none,0,0,0,0,0,none,0,,1329295800
,//AKTÜRK EMLAK\\ MERKEZİ KONUMDA UYGUN FİYATLI SIFIR 3+1 DAİRE**,none,0,0,0,0,0,none,0,,1312144883
Ara Kat,^_^ PRESTİJDEN 1.800.000 KREDİLİ ARA KAT GENİŞ LÜX DAİRE ^_^,none,0,0,0,0,0,none,0,,1318035948
,aciliyeti yok,none,0,0,0,0,0,none,0,,1329289580
En Üst Kat|Bahçe Dubleksi|Çatı Dubleksi|Ters Dubleks|Tripleks,YILDIRIM DA SIFIR/ASANSÖRLÜ BÜTÜN CEPHELER AÇIK,roof,1,1,0,0,0,detail,0,,1329275380
,/ASİL EMLAKTAN SATILIK/LÜKS 3+1 ARAKAT SIFIR iSKANLI DAİRE,none,0,0,0,0,0,none,0,,1320373188
,[PRESTİJDEN]ANA CADDE ÜSTÜNDE KÖK TAPU MASRAFSIZ ARA KAT DAİRE**,none,0,0,0,0,0,none,0,,1329654648
,Şentürk İnşaat Emlakdan Satılık 2+1 orta kat sıfır,none,0,0,0,0,0,none,0,,1300221578
,JOVEN PORT SAHİBİNDEN SATILIK 1+1 FIRSAT DAİRE,none,0,0,0,0,0,none,0,,1329061018
Ara Kat,ŞENTÜRK İNŞAAT EMLAKDAN SATILIK 3+1 ORTA KAT,none,0,0,0,0,0,none,0,,1329707603
,*ACAREMLAK* 2+1YÜKSEK KİRA GETİRİLİ EŞYALI FIRSAT DAİRE !!,none,0,0,0,0,0,none,0,,1324678290
,Kaçırlmıyacak fırsat daire sıfır oturuma hazır full yapılı daire,none,0,0,0,0,0,none,0,,1328989451
,ÜNALLAR GRUP'TAN YILDIRIM'DA SATILIK KÖK TAPU 3+1 DAİRE,none,0,0,0,0,0,none,0,,1330457889
,ALSANCAK'TAN Y.GİRİŞ BALKONLU E.BANYOLU 2+1 SATILIK DAİRE,none,0,0,0,0,0,none,0,,1324563904
Ara Kat,NATURA PORT'DA 9.KAT GÜNEY CEPHE HAZIR TAPULU SATILIK 1+1 DAİRE,none,0,0,0,0,0,none,0,,1317648341
Ara Kat,"ACAR EMLAK""TAN 3+1 ARA KAT GÜNEY CEPHE MERKEZİ KONUMDA MASRAFSIZ",none,0,0,0,0,0,none,0,,1330432697
,Şentürk inşaat emlakdan satılık 3+1 son kat daire,none,0,0,0,0,0,none,0,,1300331904
,ALSANCAK'TAN YILDIRIMDA CADDE ÜZERİNDE SATILIK 3+1 GENİŞ DAİRE,none,0,0,0,0,0,none,0,,1324325755
,MERKEZDE ARAKAT KÖŞE BAŞI GÜNEY CEPHE KREDİ SORUNSUZ FIRSAT DAİR,none,0,0,0,0,0,none,0,,1331533124
,ALSANCAK'TAN MÜKEMMEL KONUMDA SNRSZKREDİ 3+1 135M2 SATILIK DAİRE,none,0,0,0,0,0,none,0,,1330203009
Ara Kat,ALSANCAK'TAN ARA KAT GÜNE CEPHE 2+1 MASRAFSIZ LÜKS YAPI !,none,0,0,0,0,0,none,0,,1330075659
,// PRESTİJDEN \\ KREDİ SORUNSUZ KÖK TAPU İSKANLI SIFIR 3+1 DAİRE,none,0,0,0,0,0,none,0,,1323000028
,//AKTÜRK EMLAK\\ KAT KONUMUNDA KAÇMAZ FİYATA KUPON SIFIR DAİRE**,none,0,0,0,0,0,none,0,,1326307076
Ara Kat,//AKTÜRK EMLAK\\***SINIRSIZ KREDİ KÖK TAPU 3+1 ARA KAT DAİRE***,none,0,0,0,0,0,none,0,,1331254208
Ara Kat,//AKTÜRK EMLAK\\KREDİ SORUNSUZ KÖK TAPU ARA KAT MASRAFSIZ DAİRE*,none,0,0,0,0,0,none,0,,1331227657
Ara Kat,ÜÇYILDIZ'DAN YEŞİLTEPE MAH. SINIRISIZ KREDİLİ 160M2 4+1 FIRSAT!!,none,0,0,0,0,0,none,0,,1323284789
,3+1 KÖK TAPU TAMAMI KREDİYE UYGUN YÜKSEK GİRİŞ BALKONLU DAİRE,none,0,0,0,0,0,none,0,,1329481577
Ara Kat,//AKTÜRK EMLAK\\ K.OTOPARK VE İSKANLI ARA KAT SIFIR 3+1 DAİRELER,none,0,0,0,0,0,none,0,,1331948879
Ara Kat,//AKTÜRK EMLAK\\ULTRA LÜX ARA KAT MASRAFSIZ SIFIR 3+1 DAİRELER**,none,0,0,0,0,0,none,0,,1319447482
,ÜNALLAR EMLAKTAN ALICIYA HAZIR GENİŞ MASRAFSIZ 3+1 DAİRE,none,0,0,0,0,0,none,0,,1305716193
,ÜNALLAR EMLAKTAN GÜNEY CEPHE MERKEZİ KONUMDA SIFIR DAİRE,none,0,0,0,0,0,none,0,,1329343689
Ara Kat,YILDIRIMDA KUPON ARA KAT FIRSAT DAİRE,none,0,0,0,0,0,none,0,,1323157857
,ALSANCAK'TAN İLÇENİN EN MAKUL FİYATLI 2+1 MERKEZİ KONUMDA DAİRES,none,0,0,0,0,0,none,0,,1324651860
Ara Kat,//AKTÜRK EMLAK\\ KREDİ SORUNSUZ KÖK TAPU MASRAFSIZ ARA KAT DAİRE,none,0,0,0,0,0,none,0,,1331721130
Ara Kat,//AKTÜRK EMLAK\\ARAKAT YERDEN ISITMA GÜNEY ÖN CEPHE LÜX DAİRELER,none,0,0,0,0,0,none,0,,1319445986
,//AKTÜRK EMLAK\\ KREDİ SORUNSUZ KÖK TAPU İSKANLI SIFIR 3+1 DAİRE,none,0,0,0,0,0,none,0,,1318835084
,ZİRVE'DEN SINIRSIZ KREDİ KÖK TAPU LÜKS ÇOK KATLI SİTE DAİRESİ,none,0,0,0,0,0,none,0,,1330204771
Ara Kat,ÜÇYILDIZ'DAN KAYMAKMALIK KARŞISI ARAKAT YERDENISTIMALI EŞSİZ 2+1,none,0,0,0,0,0,none,0,,1323387236
Ara Kat,**ACAREMLAK*YILDIRIM MAH 2+1 ARA KAT YERDEN ISITMA LÜKSS !!!,none,0,0,0,0,0,none,0,,1318598413
Ara Kat,//AKTÜRK EMLAK\\ %80'ine KREDİ İMKANI ÖN CEPHE ARA KAT 3+1 DAİRE,none,0,0,0,0,0,none,0,,1330110080
,//AKTÜRK EMLAK\\ EBEVEYN+GİYİNME ODA+CAM BALKON MASRAFSIZ DAİRE*,none,0,0,0,0,0,none,0,,1331338483
,//AKTÜRK EMLAK\\ ANKASTRE EBEVEYN K.OTOPARK İSKANLI SIFIR DAİRE*,none,0,0,0,0,0,none,0,,1324258743
,SARSILMAZ'DAN 1. KAT KONUMUNDA 3+1 Y.GİRİŞ SIFIR FIRSAT DAİRE,none,0,0,0,0,0,none,0,,1329454097
Ara Kat,//AKTÜRK EMLAK\\**ARA KAT GÜNEY ÖN CEPHE MASRAFSIZ 2+1 DAİRE**,none,0,0,0,0,0,none,0,,1318832953
,ZİRVEDEN YILDIRIMDA KÖŞEBAŞI FUL GÜNEY CEPHE YERDEN ISITMA DAİRE,none,0,0,0,0,0,none,0,,1317888964
,ZİRVEDEN YILDIRIM MAHALLESİNDE ARAKAT 3+1 GENİŞ DAİRE,none,0,0,0,0,0,none,0,,1329216239
,''PRESTİJDEN MERKEZİ KONUMDA 2+1 LÜKS KİLERLİ Y.GİRİŞ DAİRE'',none,0,0,0,0,0,none,0,,1304353496
,ZİRVE'DEN YILDIRIM MAHALLESİ MERKEZİ KONUM KÖK TAPU DAİRE!,none,0,0,0,0,0,none,0,,1328920121
Ara Kat,ALSANCAK'TAN MÜKEMMEL MANZARAYA SAHİP İSKANI ALINMIŞ 3+1 DAİRE !,none,0,0,0,0,0,none,0,,1322910965
,//AKTÜRK EMLAK\\MÜKEMMEL KONUMDA SIFIR YAPILMIŞ MASRAFSIZ DAİRE*,none,0,0,0,0,0,none,0,,1310988004
Ara Kat,AKYURT YILDIRIM MAH 3+1 125m2 KÖK TAPU ARA KATTA YAPILI DAİRELER,none,0,0,0,0,0,none,0,,1329212396
,//AKTÜRK EMLAK\\KAT KONUMU+KOMBİ+PETEK+İSKAN MASRAFSIZ LÜX DAİRE,none,0,0,0,0,0,none,0,,1329250126
Ara Kat,//AKTÜRK EMLAK\\***CADDE ÜSTÜNDE 150M2 ÇİFT BALKONLU 4+1 DAİRE**,none,0,0,0,0,0,none,0,,1330009070
,//AKTÜRK EMLAK\\MÜKEMMEL KONUM YERDEN ISITMA SIFIR LÜKS DAİRELER,none,0,0,0,0,0,none,0,,1323530878
Ara Kat,/AKTÜRK EMLAK\\MERKEZİ KONUM KREDİ SORUNSUZ KÖK TAPU SIFIR DAİRE,none,0,0,0,0,0,none,0,,1320666975
,//AKTÜRK EMLAK\\MASRAFSIZ KREDİ SORUNSUZ KÖK TAPU 3+1 YENİ DAİRE,none,0,0,0,0,0,none,0,,1329208410
Ara Kat,//AKTÜRK EMLAK\\ ARA KAT İSKANLI ASANSÖRLÜ MASRAFSIZ 3+1 DAİRE**,none,0,0,0,0,0,none,0,,1329205563
Ara Kat,"*ERTAŞ'TAN ARAKAT,FULL,YERDEN ISITMA, K.OTOPARK,OKUL,PAZAR YKN",none,0,0,0,0,0,none,0,,1325511617
Ara Kat,//AKTÜRK EMLAK\\ARAKAT KÖKTAPU KREDİ SORUNSUZ MASRAFSIZ 3+1DAİRE,none,0,0,0,0,0,none,0,,1328934530
,ＰＵＳＵＬＡ ＥＭＬＡＫ'ＤＡＮ ZAFER FIRINA 2'DK MESAFEDE 3+1 SATILIK DAİRE,none,0,0,0,0,0,none,0,,1319729492
,HEDEF EMLAK`TAN 3+1 M2 GENİŞ KİLERLİ MERKEZİ KONUM CEPHESİ AÇIK!,none,0,0,0,0,0,none,0,,1330373253
,REHA EMLAK'TAN CELAL ESAT ARSEVEN CAD.YAKIN MASRAFSIZ GENİŞ 2+1,none,0,0,0,0,0,none,0,,1334442243
Ara Kat,GARANTİ EMLAK'TAN FULL YAPILI *ÖN CEPHE* 3+1 SİTE DAİRESİ,none,0,0,0,0,0,none,0,,1317126897
Ara Kat,ＰＵＳＵＬＡＥＭＬＡＫ'ＤＡＮ DOĞU CAD. YAKIN ÖNÜ AÇIK MANZARALI 3+1 DAİRE,none,0,0,0,0,0,none,0,,1312690164
,LİDER EMLAKTAN TÜRKİŞ BLOKLARI KENTSELDE ALTINPARK KENAR SATILIK,none,0,0,0,0,0,none,0,,1328020528
Ara Kat,VİP'DEN BULVAR ÜZERİ ÖNÜ AÇIK SATILIK LÜKS YAPISATILIK 3+1 DAİRE,none,0,0,0,0,0,none,0,,1315658912
Ara Kat,AKYÜZLER DEN C. ESAT ARSEVEN CAD YANI 1.KAT ÖN CEPHE ÇOK GENİŞ,none,0,0,0,0,0,none,0,,1328878194
En Üst Kat,AYDINLIKEVLER ŞEHİT CEMALLETTİN CADDESİNDE SATILIK MASRAFSIZ 4+1,none,0,0,0,0,0,none,0,,1322861741
Ara Kat,VİP'DEN 17. CADDEDE KÖK TAPU GENİŞ BALKON SATILIK 1+1 DAİRE,none,0,0,0,0,0,none,0,,1327703621
Ara Kat,GÜNEŞEVLERDE KATTA FIRSAT DAİRE,none,0,0,0,0,0,none,0,,1312900494
Dubleks,AYDINLIKEVLER'DE ALTINPARK'A YAKIN DUBLEKS 5+1 SATILIK DAİRE,standard,1,0,0,0,1,detail_and_title,0,,1289720809
Ara Kat,ＰＵＳＵＬＡ 'ＤＡＮ DOĞU CADDESİNE YAKIN KONUMDA MASRAFIZ 3+1 DAİRE,none,0,0,0,0,0,none,0,,1323466662
Dubleks|En Üst Kat,KENT PRO EMLAK'TAN GÜNEŞEVLER'DE 6+1 SATILIK DUBKELKS DAİRE,standard,1,0,0,0,1,detail,0,,1318614263
Ara Kat,MİGROS YAKINI CADDE ÜZERİ YÜKSEK KAT SIFIR GENİŞ DAİRE,none,0,0,0,0,0,none,0,,1315109700
Ara Kat,REHA EMLAK'TAN GÜNEŞEVLERDE 8.KAT 4+1 ÖN CEPHE LÜKS SİTE DAİRESİ,none,0,0,0,0,0,none,0,,1329824335
Ara Kat,***NASİP'TEN*** SATIKLIK MANZARALI GENİŞ BALKONLU 3+1 DAİRE,none,0,0,0,0,0,none,0,,1321777098
Ara Kat,COŞKUN EMLAK'TAN VEGA AVM YAKINI 3+1 KATTA MASRAFSIZ DAİRE !!,none,0,0,0,0,0,none,0,,1318528975
Ters Dubleks,POLATLİVE EMLAK'TAN GÜNEŞEVLERDE TERS DUBLEKS SATILIK 4+1 DAİRE,standard,1,0,0,0,1,detail_and_title,0,,1328048781
Ara Kat,▅▆█ＨＡＹＡＬ ＥＭＬＡＫ█▆▅' TAN DOĞANTEPE MASRAFSZ 3+1 DAİRE !!!,none,0,0,0,0,0,none,0,,1323331117
,HEDEF EMLAK`TAN 3+1 MASRAFSIZ 1.SINIF İŞÇİLİK GİRİŞ KAT DAİRE!..,none,0,0,0,0,0,none,0,,1333079666
Ara Kat,YILDIZTEPE'DE 3+1 ZAFER FIRIN YAKINI SAHİBİNDEN SATILIK !!!,none,0,0,0,0,0,none,0,,1331889007
,/ASİL EMLAKTAN/SATILIK 17.CAD.ULTURA LÜKS 8+1 DAİRE,none,0,0,0,0,0,none,0,,1330853983
Ara Kat,AYDINLIK EVLER TÜRKİŞ BLOKLARI SATILIK 3+1 YATIRIM DAİRE,none,0,0,0,0,0,none,0,,1322356191
Ara Kat,SAHİBİNDEN ÖZEL YAPILI MANZARALI 4+1 ULTRA LÜKS DAİRE,none,0,0,0,0,0,none,0,,1321754610
,LİDER EMLAK`TAN DOĞANTEPE`DE ANKARA MANZARALI ARA KATTA DAİRE,none,0,0,0,0,0,none,0,,1333879099
Ara Kat,ASGARDIA AYDINLIKEVLERDE SATILIK GENİŞ 4+1 BALKONLU DAİRE,none,0,0,0,0,0,none,0,,1294080314
Ara Kat,VEGA AVM YANI - PROTOKOL YOLUNDA SATILIK 2+1 KUPON DAİRE,none,0,0,0,0,0,none,0,,1299381564
Ara Kat,ALTINDAĞ GÜNEŞEVLER SATILIK 3+1 DAİRE GENİŞ 125M² KÖK TAPULU,none,0,0,0,0,0,none,0,,1326860945
,HEDEF EMLAK`TAN 3+1 CEMRE PARKI YAKINI M2 GENİŞ ÖNÜ AÇIK FIRSAT,none,0,0,0,0,0,none,0,,1330025716
,HEDEF EMLAK 3+1 MASRAFSIZ ÖNÜ AÇIK ULAŞIM KOLAY CADDE ÜSTÜ DAİRE,none,0,0,0,0,0,none,0,,1329810112
Ara Kat,GARANTİ EMLAK'TAN GÜNEŞEVLER MERKEZ'DE *ORTA KAT ÖN CEPHE*3+1,none,0,0,0,0,0,none,0,,1332885093
Dubleks,TORUN GAYRİMENKULDEN ÖZEL YAPIM MANZARALI 7+2 ÇİFT DAİRE,standard,1,0,0,0,1,detail,0,,1332408037
En Üst Kat,VİP'DEN GÜNEŞEVLER'DE MERKEZİ KONUM ÖN CEPHE MANZARALI 3+1 DAİRE,none,0,0,0,0,0,none,0,,1330976510
Ara Kat,KOZANLAR GAYRİMENKUL'DEN MERKEZİ KONUMDA 3+1 SATILIK DAİRE,none,0,0,0,0,0,none,0,,1333265990
Ara Kat,ALTINDAĞ YILDIZTEPEDE 3+1 ARA KAT 130 M2 ASANSÖRLÜ SATILIK DAİRE,none,0,0,0,0,0,none,0,,1284871605
Ters Dubleks,HOŞCAN EMLAKTAN 4+1 YENİ BİNADA GİRİŞ KAT TERS DUBLEKS SATILIK,standard,1,0,0,0,1,detail_and_title,0,,1330722561
Ara Kat,KÖK TAPU GÜNEŞEVLER MERKEZ'DE 2.KAT ARA KAT GÜNEY CEPHE ACİL !!!,none,0,0,0,0,0,none,0,,1327108601
,LİDER EMLAK'TAN AYDINLIKEVLERDE 1.KAT ÖN CEPHE 3+1 SATILIK DAİRE,none,0,0,0,0,0,none,0,,1332086776
Ara Kat,ＰＵＳＵＬＡ 'ＤＡＮ CADDE ÜZERİ KREDİYE UYGUN FUL YAPILI 3+1 FERAH DAİRE,none,0,0,0,0,0,none,0,,1317151065
Ara Kat,UZMAN EMLAK'TAN SIFIR 2+1 KATTA AMERİKAN MUTFAK KONFORU.,none,0,0,0,0,0,none,0,,1313699792
Ara Kat,GÜNEŞEVLER'DE KOCAMAN LİFE SİTESİNDE 7.KAT 4+1 SIFIR DAİRE,none,0,0,0,0,0,none,0,,1326744180
Ara Kat,Zafer Fırın Üstü Satılık Geniş 3+1 Daire,none,0,0,0,0,0,none,0,,1316332519
Ara Kat,Aydınlıkevlerde Merkezi Konumda 3+1 daire,none,0,0,0,0,0,none,0,,1324160283
Ara Kat,KÜLTEPE GAYRİMENKUL'DEN 1.KAT 3+1 MASRAFSIZ SATILIK DAİRE,none,0,0,0,0,0,none,0,,1330446178
Dubleks,YAŞAM EMLAKTAN 2+1 MASRAFSIZ LÜKS DUBLEX,standard,1,0,0,0,1,detail_and_title,0,,1307719686
Ara Kat,LİDER EMLAK'TAN FULL YAPILI ARAKAT KİLERLİ SATILIK 3+1 DAİRE,none,0,0,0,0,0,none,0,,1333093046
Ara Kat,3+1 LÜKS DAİRE SİTE İÇİ 8. KAT ÇİFT BALKON GÜNEY CEPE,none,0,0,0,0,0,none,0,,1307552873
Ara Kat,ASGARDIA AYDINLIKEVLER PEYZAJ CEPHE GENİŞ 4+1,none,0,0,0,0,0,none,0,,1311806475
Dubleks,BAŞER'DEN SATILIK AYDINLIKEVLER LÜKS 5+1 DUBLEKS DAİRE ASANSÖRLÜ,standard,1,0,0,0,1,detail_and_title,0,,1329818352
Ara Kat,LİDER EMLAKTAN GÜLPINAR CAMİ YANINDA SATILIK DAİRE,none,0,0,0,0,0,none,0,,1332979971
,HEDEF EMLAK 3+1 KAT KONUMDA MASRAFSIZ CADDE ÜSTÜ MERKEZİ KONUM!,none,0,0,0,0,0,none,0,,1332476424
Ara Kat,CEMRE EMLAK^TAN 8.KATTA 3+1 ŞEHİR MANZARALI FUL YAPILI SİTE DAİR,none,0,0,0,0,0,none,0,,1331213921
Ara Kat,Yıldıztepe'de son durağa yakın. 1. Katta yapılı fırsat daire,none,0,0,0,0,0,none,0,,1332213217
Ara Kat,*CEMRE EMLAK^TAN 3+1 SIFIR 1.KATTA OTURUMA HAZIR SATILIK DAİRE**,none,0,0,0,0,0,none,0,,1331206113
,doğantepe'de yapılı daire,none,0,0,0,0,0,none,0,,1326308932
Dubleks,HOŞCAN EMLAKTAN ÇEVRELİ CADDESİNDE 5+1 SATILIK DUBLEKS,standard,1,0,0,0,1,detail_and_title,0,,1320576500
Ara Kat,ANKALIFE'TAN | GÜNEŞEVLERDE SATILIK 4+1 DAİRE,none,0,0,0,0,0,none,0,,1314767391
Ara Kat,ANKARA GAYRİMENKULDEN SATILIK 3+1 DAİRE,none,0,0,0,0,0,none,0,,1312334991
Dubleks,HOŞCAN EMLAKTAN 5+1 DUBLEKS MERKEZİ KONUMDA,standard,1,0,0,0,1,detail_and_title,0,,1308719510
,HANAYLAR EMLAKTAN YÜKSEK GİRİŞ 3+1 FIRSAT DAİRESİ,none,0,0,0,0,0,none,0,,1331737039
,Sahibinden Satılık Altınpark Yanı 3+1,none,0,0,0,0,0,none,0,,1218414499
Ara Kat,SAHİBİNDEN MERKEZİ KONUMDA 3+1 GÜNEY CEPHE DAİRE KREDİYE UYGUN,none,0,0,0,0,0,none,0,,1331575352
,GÜNEŞEVLER MAHALLESİNDE ACİL ORTA KATTA 3+1 SATILIK DAİRE,none,0,0,0,0,0,none,0,,1332495733
Ara Kat,MARKA EMLAK'TAN ARA KAT 3+1 ACİL SATILIK DAİRE,none,0,0,0,0,0,none,0,,1311050673
Ara Kat,GÜNEŞEVLER'DE SIFIR 3+1 BÜYÜK TERASLI FIRSAT DAİRESİ,none,0,0,0,0,0,none,0,,1292031162
,ACİLL SATILIK DAİRE,none,0,0,0,0,0,none,0,,1331266978
Ara Kat,ALTINDAĞ YILDIZTEPEDE 3+1 KATTA 135 M2 ASANSÖRLÜ MASRAFSIZ ACİL,none,0,0,0,0,0,none,0,,1331196528
Ara Kat,CORESCO'DAN VEGA AVM.YE YAKIN CADDEDE ARA KAT YAPILI 3+1 DAİRE,none,0,0,0,0,0,none,0,,1330810664
Ara Kat,112 GAYRİMENKUL GÜVENCESİYLE YÜKSEK KREDİYE UYGUN DAİRE,none,0,0,0,0,0,none,0,,1330773909
Ara Kat,VEGA EMLAK'TAN CEMRE PARK NETİZ GROS YANI 4+1 GENİŞ SİTE DAİRESİ,none,0,0,0,0,0,none,0,,1325522407
Ara Kat,"DOĞANTEPE DE 3+1 GENİŞ, FULL YAPILI, TAM GÜNEY CEPHE DAİRE",none,0,0,0,0,0,none,0,,1296776237
Ara Kat,HOŞCAN EMLAKTAN AYDINLIKEVLERDE 4+1 ARA KAT YAPILI SATILIK DAİRE,none,0,0,0,0,0,none,0,,1323021776
,LİDER EMLAK'TAN YILDIZ GÖBEĞE YÜRÜME MESAFESİNDE SATILIK DAİRE,none,0,0,0,0,0,none,0,,1329681983
En Üst Kat,OĞUZ GEZER'DEN İÇİ YAPILI KİLERLİ 3+1 SATILIK DAİRE,none,0,0,0,0,0,none,0,,1331013428
Ara Kat,Aydınlıkevler'de Samsun Yolu Yakını 3+1 Ara Katta Mantolamalı!,none,0,0,0,0,0,none,0,,1300243118
Ara Kat,"AKÇAOĞLU EMLAK- BULVAR ÜZERİ, 3.KAT, 3+1, FULL YAPILI, MANZARALI",none,0,0,0,0,0,none,0,,1325258605
,EMİN EMLAKTAN FUUL YAPILI 4+1 DAİRE,none,0,0,0,0,0,none,0,,1322052089
,TURHAS'TAN GÜNEŞEVLER MERKEZE 2 DAKİKA MESAFEDE KÖŞE BAŞI D.,none,0,0,0,0,0,none,0,,1320879626
,"GÜNEŞEVLER'DE, GİRİŞ KAT, YÜKSEK TAVAN, 3+1, YAPILI, CADDE YANI",none,0,0,0,0,0,none,0,,1329119534
Ara Kat,"VEGA EMLAKTAN ""AÇIKLAMAYI OKUYUNUZ"" BULVAR CEPHE MİGROS KARŞISI",none,0,0,0,0,0,none,0,,1324113999
Ara Kat,FUL YAPILI EMSALSİZ 3.CEPHELİ ASANSÖRLÜ İSKANLI FIRSAT DAİRESİ..,none,0,0,0,0,0,none,0,,1328903801
,LİNA PARK 1 Projesi 3+1 125m2 Balkonlu Satılık Daire,none,0,0,0,0,0,none,0,,1289134506
Ara Kat,ERKILIÇ GAYRİMENKUL'DEN TERAS BALKONLU GİYİNME ODALI MANZARALI,none,0,0,0,0,0,none,0,,1328723536
Ara Kat,BİR EMLAK'DAN ALTINDAĞ BEŞİKKAYA'DA ORTA KAT 3+1 SATILIK DAİRE,none,0,0,0,0,0,none,0,,1328739441
En Üst Kat,BATTALGAZİ MAHALLESİ'DE KÖK TAPU 3.KAT ASANSÖRLÜ 3+1,none,0,0,0,0,0,none,0,,1334466203
Ara Kat,YAPSAN'DAN GENİŞ AİLELERE ÖZEL SİTE İÇİ TERAS BALKONLU 3+1 DAİRE,none,0,0,0,0,0,none,0,,1331602152
En Üst Kat,HÜSEYİN GAZİ MERKEZE YAKIN 5.KAT MANZARALI 3+1 SATILIK DAİRE,none,0,0,0,0,0,none,0,,1328311871
,ZİRVE EMLAK'TAN BATTALGAZİ MAHALLESİNDE ÖNÜ AÇIK 3+1 SATILIK,none,0,0,0,0,0,none,0,,1330372011
Ara Kat,4+1 SATILIK KISA BLOKLARDA ORMAN MANZARALI DAİRE TOKİ BARAJ MH,none,0,0,0,0,0,none,0,,1329995083
,ZİRVE EMLAK'TAN HÜSEYİN GAZİ GÖBEĞE YAKIN KÖK TAPU DAİREMİZ,none,0,0,0,0,0,none,0,,1333927634
En Üst Kat,ZİRVE EMLAK TAN BEŞİKKAYA DA 3+1 FIRSAT DAİREMİZ,none,0,0,0,0,0,none,0,,1329881532
,ZÜMRÜDÜ A EMLAK'TAN BATTALGAZİ 4+1 TERAS FULL YAPILI,none,0,0,0,0,0,none,0,,1322993386
Ara Kat,SATILIKDAİRE3+1 ASANSÖRLüKARAPÜRÇEKBeşikkayaMAH,none,0,0,0,0,0,none,0,,1320432300
Ara Kat,_İPEK GAYRİMENKUL'DEN BATTALGAZİ MAH 1.KAT KÖK TAPU FIRSAT DAİRE,none,0,0,0,0,0,none,0,,1334572908
,KÖY PARKINA CEPHE KÖK TAPU FUL YAPILI SATILIK 3+1 DAİRE,none,0,0,0,0,0,none,0,,1322574521
Ara Kat|En Üst Kat,H.KOÇ 'TAN BEŞİKKAYA MAH. SATILIK 3.KAT 3+1 FULL YAPILI DAİRE,none,0,0,0,0,0,none,0,,1334567142
Ara Kat,NUR EMLAK' DAN BATTALGAZİ DE 3+1 DAİRE AKBABA YAKINI,none,0,0,0,0,0,none,0,,1331639882
Ara Kat,Altındağ Dutluk TOKİ'de Satılık Lüks 2+1 Daire (90m²),none,0,0,0,0,0,none,0,,1257210418
En Üst Kat,MUHTEŞEM DOĞA MANZARALI SİTE İÇERİSİNDE 3+1 LÜKS SATILIK DAİRE,none,0,0,0,0,0,none,0,,1323768318
Ara Kat,masrafsız daıre,none,0,0,0,0,0,none,0,,1334473743
Dubleks|En Üst Kat,YILDIZPARKTAN BATTALGAZİDE ASANSÖRLÜ 4+1 YAPILI ÖN CEPHE DUBLEKS,standard,1,0,0,0,1,detail_and_title,0,,1324338948
Ara Kat,AKSOY GAYRIMENKULDEN BEŞİKKAYA MAH. 3+1 FIRSAT FULL YAPILI,none,0,0,0,0,0,none,0,,1334401338
,BATTALGAZİ'de SIFIR FIRSAT 2+1 DAİRE,none,0,0,0,0,0,none,0,,1334380023
,SAHIBINDEN SATILIK DAIRE,none,0,0,0,0,0,none,0,,1317261846
Ters Dubleks,TREND'DEN 1.KAT KONUMLU 2+1 YÜKSEK GİRİŞ TERS DUBLEX 5 YILLIK**,standard,1,0,0,0,1,detail_and_title,0,,1328548228
,"Beşikkaya'da Yapılı 2+1 Daire, Gazi Göbeği Yakını, Acil Satılık",none,0,0,0,0,0,none,0,,1303291183
Ara Kat,BİR EMLAK'DAN BEŞİKKAYA KÖYPARK MANZARALI 3+1 FUL YAPILI SATILIK,none,0,0,0,0,0,none,0,,1320530325
Ara Kat,H.KOÇ'TAN H.GAZİ GÖBEK'TE 3+1 DÜZ GİRİŞ YENİ BİNA (+VİDEO),none,0,0,0,0,0,none,0,,1266595212
,BİR EMLAK'DAN BATTAL GAZİ MAHALLESİNDE 115 M2 2+1 SATILIK DAİRE,none,0,0,0,0,0,none,0,,1332897437
Ara Kat Dubleks,P.E.H.L.I.V.A.N'D.A.N 474 KONUTLARINDA KATTA KÖK TAPU SATILIK,middle_floor,1,0,0,1,0,detail,0,,1334472919
Ara Kat,TAMAMINA KREDİLİ 3+1 SATILIK DAİRE,none,0,0,0,0,0,none,0,,1307728480
Ara Kat,"ANKARA ULUS'TA ŞEHİR MANZARALI, FERAH SATILIK 3+1",none,0,0,0,0,0,none,0,,1334044543
Ara Kat,BAŞPINAR MH MANZARALI FULL LÜX YAPILI 3+1 ARA KAT DAİRE!,none,0,0,0,0,0,none,0,,1333932673
Ara Kat,AYDOĞDU'DAN ÇOK GENİŞ ANKARA MANZARALI ULTRA LÜX DAİRE!!!,none,0,0,0,0,0,none,0,,1320283437
En Üst Kat,EVİM EMLAK'TAN ORHAN KEMAL CADDE YAKINI GÜNEY CEPHE 3+1,none,0,0,0,0,0,none,0,,1318358643
En Üst Kat,YILMAZER'DEN SATLIK ANKARA MANZARALI DAİRE ÇAMLIK TOKİ,none,0,0,0,0,0,none,0,,1333863628
,İL-SA'DAN HÜSEYİNGAZİ GÖBEĞE YÜRÜME MESAFESİNDE 3+1 FIRSAT DAİRE,none,0,0,0,0,0,none,0,,1324631532
,_İPEK GAYRİMENKUL'DEN BEŞİKKAYA MAH.KÖK TAPU BAHÇE KATI DAİRE_,none,0,0,0,0,0,none,0,,1324352347
Ara Kat,ERKILIÇ GAYRİMENKUL'DEN BEŞİKKAYA MAH ASANSÖRLÜ 3+1 BAHÇE KATI,none,0,0,0,0,0,none,0,,1332994450
Ara Kat,BEŞİKKAYA MAH. SATILIK 5+1 KAPALI TERASLI ASANSÖR SATILIK DAİRE,none,0,0,0,0,0,none,0,,1296739432
Ara Kat,NORTH & WEST'TEN MERKEZİ KONUMDA KÖK TAPULU SATILIK 4+1 DAİRE,none,0,0,0,0,0,none,0,,1327918821
,ACİL HÜSEYİNGAZİ GÖBEKTE 3+1 SATILIK DAİRE GÜLER EMLAK ÇINARLAR,none,0,0,0,0,0,none,0,,1332675873
En Üst Kat,MF'DEN H.GAZİ'DE PARK MANZARALI 3+1 KİLER KÖK TAPU SATILIK DAİRE,none,0,0,0,0,0,none,0,,1320177312
,BAYSU'DAN CADDE ÜZERİ AKBABA YAKINI MANZARALI 4.KAT LÜKS YAPILI,none,0,0,0,0,0,none,0,,1333522563
,ŞAHİN GROUPTAN H.GAZİ GÖBEĞE YÜRÜME MESAFESİNDE 3+1 GENİŞ DAİRE!,none,0,0,0,0,0,none,0,,1327271415
Ara Kat,sahibinden satılık 3+1 ev,none,0,0,0,0,0,none,0,,1308030561
Ara Kat,LİDER'DEN AT ÇİFTLİĞİ MEVKİİ YENİ BİNA KATTA LÜKS YAPILI SATILIK,none,0,0,0,0,0,none,0,,1295805943
,EMİNEVİM/FUZEVİM/KATILIMEVİM/BİREVİM KÖK TAPU 3+1,none,0,0,0,0,0,none,0,,1318647764
Ara Kat,SAHİBİNDEN/ÖZEL TASARIMLI/GİY. ODALI/KISMİ EŞYALI,none,0,0,0,0,0,none,0,,1333358228
,ALTINDAĞ BAŞPINAR MAHALLESİ'NDE 3+1 SATILIK LÜKS DAİRE,none,0,0,0,0,0,none,0,,1333364834
,YEŞİLYURT'TAN KUZEY ANKARA 10. ETAPTA ÖZEL DİZAYN BÜYUK 4+1,none,0,0,0,0,0,none,0,,1333410524
En Üst Kat,İMZA GAYRİMENKUL CAD ÜZER 7.KAT 3+1 ANAHTAR TESLİM SATILIK DAİRE,none,0,0,0,0,0,none,0,,1333288929
Ara Kat,VİP'DEN KORU EVLERİ SİTESİNDE ANA CADDE 7.KAT SATILIK 3+1 DAİRE,none,0,0,0,0,0,none,0,,1325530897
,Ziraat Bankası'ndan Baraj Mahallesi'nde Mesken,none,0,0,0,0,0,none,0,,1321768406
Ara Kat,ÖZCAN EMLAK'TAN CADDE ÜZERİ ÖN CEPHE GENİŞ FERAH ARA KAT DAİRE..,none,0,0,0,0,0,none,0,,1333662080
Ara Kat,ŞAHİN AHMETTEN BEŞİKKAYADA ARA KAT ASANSÖRLÜ 3+1 DAİRE!!!,none,0,0,0,0,0,none,0,,1308869430
Ara Kat,BEŞİKKAYA MAH ALTIN KÖY YAKINI 1.KAT YAPILI 3+1 SATILIK DAİRE,none,0,0,0,0,0,none,0,,1330740571
En Üst Kat,ULAŞIM VE YAŞAM ALANLARININ YANINDA SATILIK 3+1 KUPON YENİ DAİRE,none,0,0,0,0,0,none,0,,1316850261
Ara Kat,UZMAN'DAN 11.ETAP GÜNEY CEPHE OTURUMA HAZIR KÖK TAPU 4+1,none,0,0,0,0,0,none,0,,1315200989
,BEŞİKKAYA DA YÜKSEK GİRİŞ ALTINDA 3 KAT VAR YAPILI,none,0,0,0,0,0,none,0,,1330399282
,EMİN EMLAKTAN KÖK TAPU ÖN CEPHE DAİRE SINIRSIZ KREDİ İMKANI,none,0,0,0,0,0,none,0,,1313256040
Ara Kat,GAZİDEN BEŞİKKAYA DA ASANSÖRLÜ ARA KATTA 3+1 ÖN CEPHELİ SATILIK,none,0,0,0,0,0,none,0,,1318654712
Dubleks,BATTALGAZİ HÜSEYİN GAZi GÖBEK'TE MERKEZİ MANZARALI 5+1 DUBLEX,standard,1,0,0,0,1,detail_and_title,0,,1257830109
,ACİL FİYATI DÜŞTÜ BAŞPINAR' DA 3+1 SİTE DAİRESİ,none,0,0,0,0,0,none,0,,1321179872
Ara Kat,Sahibinden temiz masrafsız ara katta daire,none,0,0,0,0,0,none,0,,1333039003
Ara Kat,GÜLER^DEN KUZEY KENT TOKİDE 7.000TL TAKSİTLE MÜSTAKİLE UYGUN 3+1,none,0,0,0,0,0,none,0,,1328950907
,SAHİBİNDEN KUZEY ANKARA TOKİ 10. ETAPTA BORÇSUZ 4+1 DAİRE,none,0,0,0,0,0,none,0,,1143727943
Ara Kat,BAŞPINAR MH. 1048 CAD. YAKINI ÖN CEPHE 1.KAT 3+1 SATILIK DAİRE,none,0,0,0,0,0,none,0,,1327343756
Ara Kat,ERKILIÇ GAYRİMENKUL'DEN 1.KATTA MANZARALI SIFIR 3+1 DAİRE,none,0,0,0,0,0,none,0,,1325898698
,BEŞİKKAYADA KOT 1 DE 2+1 SIFIR MASRAFSIZ LÜKS DAİRE,none,0,0,0,0,0,none,0,,1326722125
,TREND'DEN H.GAZİ GÖBEKTE GİRİŞ KAT KONUMUNDA KOT 1 2+1 DAİRE,none,0,0,0,0,0,none,0,,1333398427
Ara Kat,"TRUVA,DAN 686.ETAP KATTA MUAZZAM DAİRE LİMİTSİZ KREDİ*",none,0,0,0,0,0,none,0,,1327195000
Ara Kat,ACİL BAŞPINAR MAH. LÜX YAPILI ASANSÖRLÜ KATTA SATILIK SIFIR 3+1,none,0,0,0,0,0,none,0,,1326709969
Ara Kat,DERYA'DAN ANA CADDE ÜZERİNDE EBEVEYN BANYO 3+1 KÖK TAPU SATILIK,none,0,0,0,0,0,none,0,,1264329821
Ara Kat,EVİM EMLAKTAN CADDE ÜZERİ ARA KAT 3+1 GÜNEY CEPHE GENİŞ DAİRE,none,0,0,0,0,0,none,0,,1332303216
,BATTALGAZİ MAH 3 KAT 3+1 GENİŞ BALKONLU,none,0,0,0,0,0,none,0,,1329791992
Ara Kat,BAŞPINAR MAH ORHAN KEMAL CADDE YAKINI 4 KATTA FULLL YAPILI 3+1 D,none,0,0,0,0,0,none,0,,1332961959
Ara Kat,_İPEK GAYRİMENKUL'DEN MERKEZİ KONUMDA FUL YAPILI 3+1 DAİRE__,none,0,0,0,0,0,none,0,,1331135691
Ara Kat,BEŞİKKAYA CADDE ÇOK YAKIN DÜZ GİRİ 2/1 İSKANLI SATILIK,none,0,0,0,0,0,none,0,,1332342387
,"Altınköy Yakını Ultra Lüks 2+1 Daire, Zemin Kat, 100m²",none,0,0,0,0,0,none,0,,1320368574
Ara Kat,Battalgazi Mahallesin'de Satılık 3+1 Daire 145 net Cadde üstü,none,0,0,0,0,0,none,0,,1332117921
Ara Kat,Ankara Altındağ Beşikkaya Mahallesi Satılık 3+1 Daire,none,0,0,0,0,0,none,0,,1300820064
Ara Kat,KÖK TAPU 1. KAT KONUMUNDA YÜKSEK GİRİŞ,none,0,0,0,0,0,none,0,,1314877770
,CANDAN EMLAK'TAN BEŞİKKAYA 8.CADDE YANI FULL YAPILI GİRİŞKAT 2+1,none,0,0,0,0,0,none,0,,1308077078
Dubleks,ŞAHİN GROUPTAN BAŞPINAR MAH ALİBEY GÖBEK 6+1 ÇİFT MUTFAK DUBLEKS,standard,1,0,0,0,1,detail_and_title,0,,1326544872
,TEKİNDAĞ Emlak'tan Satılık 3+0 Giriş Kat Daire,none,0,0,0,0,0,none,0,,1315128976
Ara Kat,Elif Emlak'tan Kuzey Ankara Toki'de 3+1 Kapalı Otoparklı Daire,none,0,0,0,0,0,none,0,,1330390540
,ACİL ÇOK ACİLİYETTEN SATILIK 2+1 DAİRE GÜLER EMLAK ÇINARLAR İNŞA,none,0,0,0,0,0,none,0,,1332044390
Ara Kat,ALTINDAĞ BEŞİKKAYA 'DA ANA CADDE ÜSTÜ FIRSAT 3+1 SIFIR DAİRE,none,0,0,0,0,0,none,0,,1325696505
En Üst Kat,"Beşikkaya'da Satılık 3+1 Daire, 130m², Hüseyin Gazi'ye Yakın",none,0,0,0,0,0,none,0,,1317572897
En Üst Kat,BEŞİKKAYA DA GAZİ DEN 140 M2 ULTRA LÜKS EKSTRALI SATILIK DAİRE,none,0,0,0,0,0,none,0,,1332109374
Ara Kat,ALTINDAĞ BEŞİKKAYA MAHALLESİ İSTANBUL BORSA LİSE KARŞISI 2.KAT,none,0,0,0,0,0,none,0,,1320504134
,SAHİBİNDEN | KUZEYKENT KONUTLARINDA 3+1 FIRSAT DAİRE,none,0,0,0,0,0,none,0,,1331526370
,ACİL SATILIK BEŞİKKAYA MH 2+1 DAİRE GÜLER EMLAK ÇINARLAR İNŞAAT,none,0,0,0,0,0,none,0,,1332044058
Ara Kat,809 ETAP KÖK TAPU KREDİYE UYGUN / ARA KAT ÖNÜ AÇIK GB CEPHE 3+1,none,0,0,0,0,0,none,0,,1313556746
,MELEK EMLAKTAN FIRSAT BÖLGENİN EN UYGUN DAİRESİ,none,0,0,0,0,0,none,0,,1331238208
Ara Kat,NUR EMLAKTAN BATTALGAZİDE KUPON 2+1 DAİRE,none,0,0,0,0,0,none,0,,1326504505
En Üst Kat,Sahibinden,none,0,0,0,0,0,none,0,,1320763918
,ASANSÖRLÜ ANKASTRELİ KİLERLİ CAM BALKON VESTİYER/KAPALI OTOPARK,none,0,0,0,0,0,none,0,,1331012738
,MERKEZİ LOKASYON ULTRALÜX YAPILI SİTE DAİRESİ,none,0,0,0,0,0,none,0,,1329253125
Ara Kat,ASEL GAYRİMENKUL'DEN CADDE ÜZERİ 2. KAT KÖK TAPU,none,0,0,0,0,0,none,0,,1330948673
En Üst Kat,YÜKSELEN'DEN/BAŞPINAR MAH/KUDÜS PARK MEVKİ/6.KAT/KUPON DAİRE,none,0,0,0,0,0,none,0,,1313599488
,EW ARSAM'DAN E.BANYOLU 70m2 CAMLARI AÇIK 2+1 GENİŞ DAİRE!!,none,0,0,0,0,0,none,0,,1324770565
,Altındağ Alemdağ'da (Battalgazi) Geniş 3+1 Daire,none,0,0,0,0,0,none,0,,1316791869
,SAHİBİNDEN 3+1 FULL YAPILI,none,0,0,0,0,0,none,0,,1330332637
Ara Kat,UZMAN'DAN PANAROMİK VADİ MANZARALI YAPILI GAZİ HAKLI TERAS EV,none,0,0,0,0,0,none,0,,1316215057
,"""""FUZULEV, KATILIMEVİM, EMİNEVİM İÇİN UYGUN DAİRE """"",none,0,0,0,0,0,none,0,,1331772717
Ara Kat,NASİP EMLAKTAN SATILIK BATTALGAZİ MAH. 1.KAT ASANSÖRLÜ DAİRE,none,0,0,0,0,0,none,0,,1324407587
Ara Kat,KAVAKLI EMLAKTAN BEŞİKKAYADA SIFIR ORTA KAT3+1 FULL YAPILI,none,0,0,0,0,0,none,0,,1330224179
Ara Kat,*GÜLEÇ EMLAK^TAN BEŞİKKYA DA KAT KONUMUNDA 2+1 SIFIR FUL DAİRE**,none,0,0,0,0,0,none,0,,1330269515
Ara Kat,BEŞİKKAYA MAH 9. CADDEYE 2 BİNA DÜZ GİRİŞ ÖN-GÜNEY CEPHE,none,0,0,0,0,0,none,0,,1324394425
,SAHİBİNDEN SATILIK GENİŞ DAİRE,none,0,0,0,0,0,none,0,,1329607978
En Üst Kat,CANDAN EMLAK'TAN ALİBEY GÖBEK'TE ASANSÖRLÜ FERAH 3.KAT 4+1,none,0,0,0,0,0,none,0,,1317400154
Ara Kat,EVİM EMLAKTAN YÜKSEK KREDİLİ OTURUMA HAZIR GÜNEY CEPHE 3+1 DAİRE,none,0,0,0,0,0,none,0,,1310395448
,BAŞPINARDA GİRİŞTE 3+1 SIFIR LÜKS ÖN CEPHE DAİRE,none,0,0,0,0,0,none,0,,1329457649
Ara Kat,ŞEHZADE'DEN SIFIR BU FİYATA KALMAZ 2. KAT 3+1 CADDE ÜZERİ FULL,none,0,0,0,0,0,none,0,,1329480128
Ara Kat,KUZEYKENT TOKİ 4+1 NET 160m2 FULL YAPILI,none,0,0,0,0,0,none,0,,1329232668
Ara Kat,EMLAK MERKEZİMDEN BATTALGAZİDE 3+1 KOT1 DE KAT KONUMUNDA!!!,none,0,0,0,0,0,none,0,,1317636509
,caddeye yakın satılık sahibinden 3+1,none,0,0,0,0,0,none,0,,1327918768
En Üst Kat,5A GAYRİMENKULDEN 4+1 FULL YAPILI ve MANZARALI FIRSAT DAİRE,none,0,0,0,0,0,none,0,,1288259468
,ZARARSIZLAR GRUPTAN KARAPÜRÇEK MAH. 2+1 MASRAFSIZ SATILIK DAİRE,none,0,0,0,0,0,none,0,,1334239216
,TOKSAL'DAN SINIRSIZ KREDİLİ 1.KAT MASRAFSIZ DAİRE,none,0,0,0,0,0,none,0,,1331834711
Dubleks,DOĞRU'DAN 5+1 TERAS -OPET KARŞISI LUNA PARK YANI-TAMAMINA KREDİ,standard,1,0,0,0,1,detail,0,,1311113576
Ara Kat,UÇAKLI PARKA YAKIN SİTE İÇERİSİN'DE 7.KAT 3+1 ÖN CEPHE KÖK TAPU,none,0,0,0,0,0,none,0,,1328458631
,"BİR EMLAK'DAN' 2+1 110m², GİRİŞ KAT, SIFIR, ÇİFT BANYO SATILIK",none,0,0,0,0,0,none,0,,1331742354
Ara Kat,ERKILIÇ GAYRİMENKUL'DEN KAT KONUMUNDA TERAS BALKONLU 130m2 3+1,none,0,0,0,0,0,none,0,,1331708925
Ara Kat,ZİRVE DAİRE OFİSİNDEN FERUDUNÇELİK'TE FIRSAT SATILIK DAİRE,none,0,0,0,0,0,none,0,,1332341765
Ara Kat,İLSA EMLAK'TAN FERİDUNÇELİK'TE 3+1 ARA KAT GENİŞ OTURUMLU DAİRE,none,0,0,0,0,0,none,0,,1325131315
,DOĞRU'DAN-3+1 5nci KAT - 2 AYA FUL TESLİM PARK OKUL KARŞISI ACİL,none,0,0,0,0,0,none,0,,1325081947
Ara Kat,ERKILIÇ GAYRİMENKUL'DEN %50 KREDİ İMKANI İLE MANZARALI SIFIR 3+1,none,0,0,0,0,0,none,0,,1320869708
Ara Kat,EMİR GAYRİMENKULDEN FERİDUN ÇELİK'TE SIFIR SATILIK 3+1 DAİRELER!,none,0,0,0,0,0,none,0,,1330788035
Ara Kat,BİR EMLAK'DAN FERİDUNÇELİK CADDE ÜZERİ ÖN CEPHE SIFIR DAİRE,none,0,0,0,0,0,none,0,,1320284666
En Üst Kat,ZİRVE EMLAK'TAN FERUDUNÇELİK 7.KATTA GÜNEY CEPHE SATILIK DAİRE,none,0,0,0,0,0,none,0,,1329919068
,"GÜLTEPE MAHALLESİN,DE 4+1 SATILIK DUBLEKS FIRSAT DAİRE",standard,1,0,0,0,1,title,0,,1331455359
Ara Kat,ÖZBABAT'DAN CADDEDE MANZARALI GÜNEY CEPHE YAPILI GENİŞ 3+1 DAİRE,none,0,0,0,0,0,none,0,,1257858261
,ŞEHİT TALİP YENER CAD. YANI MERKEZİ KONUM SATILIK DAİRE,none,0,0,0,0,0,none,0,,1333137819
,Zümrütevler Sitesinde Satılık 4+1 Ara Kat Çift Cepheli Daire !,none,0,0,0,0,0,none,0,,1331391152
,FERİDUNÇELİKTE 1. KAT KONUMDA ALTINDA DAİRE VAR İSKANLI KÖK TAPU,none,0,0,0,0,0,none,0,,1334263400
Ara Kat,GÜLTEPE MAH Ş.TALİP YENER CAD YAK. SATILIK YAPILI ARA KAT DAİRE,none,0,0,0,0,0,none,0,,1333134186
Ara Kat,ÖZBABAT'DAN CADDE ÜZERİNDE ÖN CEPHE KATTA 3+1 DAİRE,none,0,0,0,0,0,none,0,,1328893963
Ara Kat,FERİDUN ÇELİK MAH. MANZARALI KREDİYE UYGUN 3+1 SATILIK DAİRE,none,0,0,0,0,0,none,0,,1331150543
,ÖZCAN EMLAK'TAN 1048. CD ÜZERİ MASRAFSIZ LÜKS DAİRE....,none,0,0,0,0,0,none,0,,1332198985
,"Altındağ Gültepe'de Satılık 3+1 Daire, 100m², Merkezi Konum",none,0,0,0,0,0,none,0,,1326635209
Ara Kat,FERİDUNÇELİK 4.CADDE ÜZERİN'DE 3+1 KÖK TAPU GENİŞ BALKON 155m2,none,0,0,0,0,0,none,0,,1332076901
Ara Kat,GÜLTEPE'DE 4. ETAPTA TERAS BALKONLU LÜX YAPILI 2+1 SATILIK DAİRE,none,0,0,0,0,0,none,0,,1327518444
,Sahibinden 0 daire,none,0,0,0,0,0,none,0,,1304193323
,ALTINDAĞ FERİDUNÇELİK MAHALLESİ CADDE YANI 1.KAT 3+1,none,0,0,0,0,0,none,0,,1324166087
,HAYAT GAYRİMENKULDEN SATILIK 4+1 FULL YAPILI DAİRE...,none,0,0,0,0,0,none,0,,1318936207
En Üst Kat,FERİDUN ÇELİK TE CADDE ÜSTÜ ANKARA MANZARALI,none,0,0,0,0,0,none,0,,1312165014
,ORKIDE GAYRİMENKULDEN ORKİDE G BLOKLARDA SATILIK DAİRE,none,0,0,0,0,0,none,0,,1320582212
,Gültepe mah.1+1 sıfır daire,none,0,0,0,0,0,none,0,,1332800929
Ara Kat,EMLAKKENT'TEN FERİDUNÇELİK MAH. MİGROS MARKET MEVKİ 5.KATTA 3+1',none,0,0,0,0,0,none,0,,1325998204
Ara Kat,FERİDUNÇELİK'TE GİRİŞ ÖN CEPHE 3+1 GENİŞ DAİRE,none,0,0,0,0,0,none,0,,1326856364
,MERYEM'DEN 1048.CD ALTI OKULUN YANINDA KOTTA 3+1 GENİŞ DAİRE,none,0,0,0,0,0,none,0,,1315795409
En Üst Kat,ALTINDAĞ GÜLTEPE MAHALLESİ MEVLANA SİTESİ SATILIK 3+1 DAİRE,none,0,0,0,0,0,none,0,,1320551754
Ara Kat,TOKİ'DE BORÇSUZ YAPILI HASTANELERE YAKIN SATILIK 2+1 REALTY GATE,none,0,0,0,0,0,none,0,,1284250054
En Üst Kat,ÖZBABAT'DAN FERİDUN ÇELİKTE YAPILI TERAS BALKONLU DAİRE,none,0,0,0,0,0,none,0,,1303429467
Ara Kat,GAZİDEN AKBABA YAKININDA FULL YAPILI ÇİFT MANZARALI 3+1 SATILIK,none,0,0,0,0,0,none,0,,1332292276
Ara Kat,AYDOĞDU'DAN 1048.CADDE YAKINI FULL YAPILI 3+1 ÖN CEPHE FIRSAT,none,0,0,0,0,0,none,0,,1329589886
,Acil satılık,none,0,0,0,0,0,none,0,,1331710220
En Üst Kat,EVİM EMLAK'TAN LÜKS YAPILI GÜNEY CEPHE MANZARALI 3+1,none,0,0,0,0,0,none,0,,1318665771
Ara Kat,EVİM EMLAK'TAN FERİDUNÇELİK'TE OTURUMA HAZIR GENİŞ 3+1 DAİRE,none,0,0,0,0,0,none,0,,1333103726
Ara Kat,ERKILIÇ GAYRİMENKUL'DEN MÜKEMMEL LOKASYONDA FIRSAT SIFIR 3+1!,none,0,0,0,0,0,none,0,,1317963800
,SAHİBİNDEN YENİ BİNADA MİLLET BAHÇESİ YANI,none,0,0,0,0,0,none,0,,1330656912
Ara Kat,Orkide Park Konutları G bloklarda Mutfağı Yapılı 2+1,none,0,0,0,0,0,none,0,,1330577257
,3+1 ÇİFT BALKONLU FULL YAPILI,none,0,0,0,0,0,none,0,,1263920899
Ara Kat,1048 CADDE ÜZERİNDE ULTRA LÜKS 4+1 İSKANLI GENİŞ DAİRE,none,0,0,0,0,0,none,0,,1238784922
Ara Kat,EVİM EMLAK'TAN 1048. CADDE YANI ARA KAT ÖN CEPHE FULL YAPILI 3+1,none,0,0,0,0,0,none,0,,1318156167
,YILMAZER'DEN 1048 CADDE ÜZERİ 3+1 MASRAFSIZ ÖNCEPHE İSKANLI ACİL,none,0,0,0,0,0,none,0,,1313280580
Ara Kat,EVİM EMLAK'TAN 1048 CADDE ÜSTÜ GÜNEY CEPHE YÜKSEK KREDİLİ 3+1,none,0,0,0,0,0,none,0,,1332493145
,Sahibinden Guvenlikli ve Spor Salonlu Sitede Sifir 3+1 (Acil),none,0,0,0,0,0,none,0,,1329453326
En Üst Kat,YILMAZER'DEN CADDE YAKINI EN ÜSTKAT İSKANLI MASRAFSIZ 3+1,none,0,0,0,0,0,none,0,,1307050335
,SAHİBİNDEN ACİL !!! Aktaş Toki Bloklarında 2. Etap Doruk Sitesi,none,0,0,0,0,0,none,0,,1321093708
,FERİDUNÇELİK MAHALLESİNDE 3+1 GİRİŞ KAT DAİRE,none,0,0,0,0,0,none,0,,1329313764
Ara Kat,sahibinden site içersinde merkezi konumda güney cepheli 3+1,none,0,0,0,0,0,none,0,,1299267317
Ara Kat,YAPSAN'DAN KÖK TAPU 3+1 CADDE YAKIN ÇİFT BANYO ÇİFT BALKON GENİŞ,none,0,0,0,0,0,none,0,,1333813809
,İL-SA EMLAK'TAN KARAPÜRÇEK'TE 3+1 GENİŞ OTURUMLU FIRSAT DAİRE !!,none,0,0,0,0,0,none,0,,1327888686
,İL-SA EMLAK'TAN KARAPÜRÇEK'TE 4+1 GENİŞ OTURUMLU MASRAFSIZ DAİRE,none,0,0,0,0,0,none,0,,1325772740
Ara Kat,İL-SA EMLAK'TAN KARAPÜRÇEK'TE 3+1 YÜKSEK GİRİŞ FIRSAT DAİRE,none,0,0,0,0,0,none,0,,1316666464
Ara Kat,BİR EMLAK'DAN KARAPÜRÇEK MAHALLESİ 2+1 DÜZ GİRİŞ SATILIK DAİRE,none,0,0,0,0,0,none,0,,1316878708
Ara Kat,Karapürçek'te Tamamen Yenilenmiş Masrafsız 3+1 Daire,none,0,0,0,0,0,none,0,,1331606116
Ara Kat,KARAPÜRÇEK'TE SİTEDE KOT-1 ASANSÖRLÜ EKONOMİK 3+1 DAİRE,none,0,0,0,0,0,none,0,,1321359762
,MUTLU EMLAK GAYRİMENKUL KARAPÜRÇEK MH SATILIK 3+1 DAİRE,none,0,0,0,0,0,none,0,,1322494989
Dubleks|Çatı Dubleksi,Karapürçek Merkezde Önü Park Kapalı Garajlı Çift Girişli,roof,1,1,0,0,0,detail,0,,1303704753
Ara Kat,KARDEŞLER'DEN 3+1 GENİŞ KULLANIŞLI KAT KONUMUNDA FULL FIRSAT,none,0,0,0,0,0,none,0,,1323392729
,ŞEHZADE'DEN **SIFIR** UÇAKLI PARK MEVKİ 2+1 GİRİŞ KAT BALKONLU,none,0,0,0,0,0,none,0,,1327797935
Ara Kat,SALI PAZARINA YAKIN YÜKSEK GİRİŞ 3+1 ASANSÖR'LÜ ÇİFT BANYO'LU D.,none,0,0,0,0,0,none,0,,1321064602
,YSF EMLAKTAN SATILIK SIFIR DAİRELER 4+1/3+1,none,0,0,0,0,0,none,0,,1294854542
,karapürçek sahibinden,none,0,0,0,0,0,none,0,,1334012802
,"MARKA GAYRİMENKUL'DEN 6+2 BAĞIMSIZ, FULL YAPILI DAİRE",none,0,0,0,0,0,none,0,,1334223798
Dubleks|En Üst Kat,FIRSAT ANKARA HASTANESİ YANI 5+1 DUBLEKS / OTOPARKLI / AİDATSIZ,standard,1,0,0,0,1,detail_and_title,0,,1321263787
Ara Kat,FIRSAT FULL YAPILI GÖRÜLMEYE DEĞER KARAPÜRÇEKTE 4+1,none,0,0,0,0,0,none,0,,1322015391
,KARAPÜRÇEKTE 3+1 DAİRE,none,0,0,0,0,0,none,0,,1321021439
Ara Kat,Hacettepe Mahallesi 3+1 Şık Ferah Kullanışlı Masrafsız Daire,none,0,0,0,0,0,none,0,,1333949322
,ÇOKK ACİL.ARA KAT 3+1 İHTİYAÇTAN ...,none,0,0,0,0,0,none,0,,1331038293
En Üst Kat,"ÖZGÜVEN EMLAK'TAN KARAPÜRÇEK'TE 3+1 3,KAT PARK MANZARALI",none,0,0,0,0,0,none,0,,1328463249
En Üst Kat,SATILIK 140 m² 3+1 | ÇİFT BANYO | YERDEN ISITMALI | TAKASA UYGUN,none,0,0,0,0,0,none,0,,1305361468
,Cebeci Millet Bahçesi Karşısı Bahçe Kullanımlı 2+1 Giriş Kat,none,0,0,0,0,0,none,0,,1233146325
,ALTINDAĞ KARAPÜRÇEK MAHALLESİ STADYUM ARKASI 5+1 TERAS,none,0,0,0,0,0,none,0,,1287183532
Dubleks,Karapürçek'te Geniş Teraslı 5+1 Dubleks Daire,standard,1,0,0,0,1,detail_and_title,0,,1313385894
,PURSAKLAR KARACAÖREN 3+1 MANZARALI UYGUN DAİRE,none,0,0,0,0,0,none,0,,1327696303
,ÇOK ACİL SATILIK 6+2+2 DUBLEKS,standard,1,0,0,0,1,title,0,,1327553257
Ara Kat,"Karapürçek'te At Çiftliğine Cephe, 3+1, Manzaralı Satılık Daire",none,0,0,0,0,0,none,0,,1333625281
En Üst Kat,TAŞ GAYRİMENKUL'DEN KARAPÜRÇEK MH. CADDE YAKINI 3+1,none,0,0,0,0,0,none,0,,1333150493
En Üst Kat,"仺 A.D 仺ARADIĞINIZ EV! KARAPÜRÇEK MH.ASANSÖRLÜ,KİLERLİ GENİŞ 3+1",none,0,0,0,0,0,none,0,,1330191332
,NUR EMLAK'TAN KARAPÜRÇEK'TE 3+1 SATILIK FULL YAPILI DAİRE,none,0,0,0,0,0,none,0,,1333268675
,İG TOWER DAN FIRSAT ÇOK HESAPLI YATIRIMLIK DAİRE,none,0,0,0,0,0,none,0,,1330038188
,ZARARSIZLAR GRUPTAN KARAPÜRÇEKTE B.KATI 3+1 100M2 SATILIK DAİRE,none,0,0,0,0,0,none,0,,1318383063
,TAŞCILAR'DAN YÜKSEK GİRİŞ 4+1 FULL YAPILI FIRSAT SİTE DAİRESİ,none,0,0,0,0,0,none,0,,1332728189
Ara Kat Dubleks|Dubleks|Ters Dubleks,AKSOY'DAN MURADİYE LİSESİNİN ARKASI 4+2 TERS DUBLEKS DAİRE,middle_floor,1,0,0,1,0,detail_and_title,0,title_generic_confirms_detail_subtype,1323960840
Ara Kat,BİR EMLAK'DAN KARAPÜRÇEK CADDE YAKINI 1.KAT 3+1 SATILIK DAİRE,none,0,0,0,0,0,none,0,,1331333667
,3+1 SÜPER KONUMDA ACİL SATILIK,none,0,0,0,0,0,none,0,,1332646446
,KALENDER EMLAK'TAN KARAPÜRÇEK'TE /3+1 3.KAT/ASANSÖR/EBEVYN B./,none,0,0,0,0,0,none,0,,1333316315
,TOKSAL EMLAKTAN KAÇIRILMAYACAK FIRSAT CADDE KENARI DAİRE,none,0,0,0,0,0,none,0,,1323780652
Ara Kat,ZİRVE EMLAK'TAN UÇAKLI PARKA YAKIN GENİŞ OTURUMLU SATILIK DAİRE,none,0,0,0,0,0,none,0,,1331905236
En Üst Kat,SAHİBİNDEN SATILIK 3+1,none,0,0,0,0,0,none,0,,1331588552
En Üst Kat,NUR EMLAK'TAN KARAPÜRÇEK ÇARŞIDA MASRAFSIZ 3+1 DAİRE,none,0,0,0,0,0,none,0,,1327175734
,"4,5+1 9.KAT ULTRA LÜKS GÜNEŞTEN SIKLMAK İSTEYENLERE KOMPLE GÜNEY",none,0,0,0,0,0,none,0,,1333441597
En Üst Kat,KARAPÜRÇEK MAHALLESİ 3+1 SATILIK DAİRE,none,0,0,0,0,0,none,0,,1332188271
,SAHİBİNDEN 3+1 STAT-KÜLLİYE MEVKİİ,none,0,0,0,0,0,none,0,,1332182904
Ara Kat|Ara Kat Dubleks|Dubleks|En Üst Kat|Bahçe Dubleksi|Çatı Dubleksi|Forleks|Ters Dubleks|Tripleks,--FIRSAT-- AKTAŞ CD ÜZERİ YENİ BİNA DA 150M² 1.KAT EMSALSİZ 3+1,roof,1,1,0,0,0,detail,0,,1324099148
,ALTINDAĞ - K.PÜRÇEK MAH. ASANSÖRLÜ 3+1 KÖK TAPU SATILIK DAİRE !,none,0,0,0,0,0,none,0,,1332347989
Ara Kat,LİDER EMLAKTAN 2+1 ÖN CEPHE SİTE DAİRESİ MASRAFSIZ MERKEZİ KONUM,none,0,0,0,0,0,none,0,,1320615162
,GÜL EMLAKTAN SALI PAZARI YAKINI CADDE ÜZERİ FUL YAPILI DAİRE,none,0,0,0,0,0,none,0,,1315422312
Dubleks,5+2 dubleks,standard,1,0,0,0,1,detail_and_title,0,,1331861262
Ara Kat,█ REŞATOĞLUN'DAN SATILIK KARACAÖRENDE ASANSÖRLÜ 4+1SIFIR DAİRE █,none,0,0,0,0,0,none,0,,1301838818
,EW ARSAM'DAN UÇAKLI PARK YAKINI 3+1 135 M2 BAHÇEKAT FIRSAT!!,none,0,0,0,0,0,none,0,,1325410184
Ara Kat,HİLAL'DEN KARAPÜRÇEKTE 4+1 ARA KAT ASANSÖR EYÜP CAMİ MEVKİ,none,0,0,0,0,0,none,0,,1300961482
En Üst Kat,ZARARSIZLAR GRUPTAN KARAPÜRÇEK MAH. 3. KATTA 3+1 SATILIK DAİRE,none,0,0,0,0,0,none,0,,1329848985
,sahibinden satılık daire,none,0,0,0,0,0,none,0,,1325119245
Ara Kat,TAKASA UYGUN KARAPÜRÇEK TE EN ÜST KAT 3+1 ASANSÖRLÜ,none,0,0,0,0,0,none,0,,1325997568
,OTOPARKLI ASANSORLU BAKIMLI 3+1,none,0,0,0,0,0,none,0,,1331169737
Bahçe Dubleksi,ZİRVE EMLAK TAN BEŞİKKAYA DA FIRSAT DAİREMİZ,garden,1,0,1,0,0,detail,0,,1329706147
Ara Kat,ZİRVE EMLAK TAN TAM MERKEZDE 4+1 DAİREMİZ,none,0,0,0,0,0,none,0,,1331613535
,Karapürçek Satılık Daire,none,0,0,0,0,0,none,0,,1301780308
,HİLAL EMLAK'TAN KARAPÜRÇEKTE 3+1 2 KAT ÖN CEPHE CADDEYE YAKIN,none,0,0,0,0,0,none,0,,1330920856
,ŞENTÜRK GAYRİMENKUL'DEN**SİTE İÇERİSİMDE**1.KAT**FULL YAPILI!!,none,0,0,0,0,0,none,0,,1308949800
Ara Kat,VEGA EMLAKTAN ÖN CEPHE ASANSÖRLÜ MERKEZİ KONUMDA 3+1 KATTA DAİRE,none,0,0,0,0,0,none,0,,1321539345
En Üst Kat,HAVALİMANI YOLUNA YAKIN LÜKS MODERN YAPI SIFIR 4+1 SATILIK DAİRE,none,0,0,0,0,0,none,0,,1330773445
Ara Kat,H.KOÇ'TAN SATILIK KREDİYE UYGUN 3+1 ULTRA GENİŞ DAİRE (+VİDEO),none,0,0,0,0,0,none,0,,1330822135
Ara Kat,ŞOK! ANKARANIN MERKEZİNDE 1.KAT ÖN CEPHE SATILIK 2+1 120m² DAİRE,none,0,0,0,0,0,none,0,,1324788186
Ara Kat,KARDEŞLER'DEN 3+1 EBEVEYNLİ FULL YAPILI MERKEZİ KONUM KARAPÜRÇEK,none,0,0,0,0,0,none,0,,1316209955
,ÖZGÜVEN EMLAK'TAN KARAPÜRÇEK'TE 3+1 ASANSÖRLÜ BAHÇE KATI,none,0,0,0,0,0,none,0,,1308932782
,Halk Bankası'ndan Ankara Altındağ Satılık Konut,none,0,0,0,0,0,none,0,,1254548653
Ara Kat,KARAPÜRÇEK MAHALLESİNDE SATILIK 3+1 DAİRE,none,0,0,0,0,0,none,0,,1330415951
Ara Kat,Karapürçek'te Diş hastanesi Cephe Muhteşem Lokasyon 3+1 Boş,none,0,0,0,0,0,none,0,,1318750113
,IHTIYAÇTAN ACIL SATILIK KARAPÜRÇEK MERKEZDE ŞOK MARKET USTU 3+1,none,0,0,0,0,0,none,0,,1330315036
,NUR EMLAK'TAN KARAPÜRÇEK'DE 3+1 DAİRE,none,0,0,0,0,0,none,0,,1329030581
,KARAPÜRÇEKTE BAHÇE KATINDA 2+1 ACİL SATILIK DAİRE,none,0,0,0,0,0,none,0,,1330123298
,ALTINDAĞ KARAPÜRÇEK MAHALLESİ'NDE SATILIK ÇATI DUBLEKSİ (1025),roof,1,1,0,0,0,title,0,,1330087308
Ara Kat,KAVAKLI EMLAKTAN ULTRA LÜX 3+1 VE 4+1 SIFIR DAİRELER,none,0,0,0,0,0,none,0,,1330240159
,KARAPÜRÇEK MAH ACİL SATILIK FIRSAT DAİRESİ KÖK TAPU!,none,0,0,0,0,0,none,0,,1330302377
Ara Kat,İL-SA EMLAK'TAN KARAPÜRÇEK'TE 3+1 KAT KONUMUNDA Y.GİRİŞ DAİRE,none,0,0,0,0,0,none,0,,1332562981
Ara Kat,NASİP EMLAKTAN KARAPÜRÇEK MERKEZDE 1.KAT ASANSÖRLÜ 4+1 DAİRE,none,0,0,0,0,0,none,0,,1307562961
En Üst Kat,KARACAÖREN TOKİ ÇARŞI YANI YAPILI SATILIK 2+1 DAİRE,none,0,0,0,0,0,none,0,,1323631405
Ara Kat,İŞİN UZMANINDAN 3+1 130 METRE AÇIK CEPHELİ,none,0,0,0,0,0,none,0,,1324145577
,BAYSU'DAN UÇAKLI PARK CİVARI ÇİFT BALKONLU KULLANIŞLI 3+1 DAİRE,none,0,0,0,0,0,none,0,,1329040496
,NASİP EMLAKTAN KARAPÜRÇEK MERKEZDE SATILIK BAHÇE KATI 2+1 DAİRE,none,0,0,0,0,0,none,0,,1330106858
Ara Kat,ZİRVE'DEN YEMEK YEME BÖLÜMLÜ ÇİFTBANYO TERAS BALKON FIRSAT DAİRE,none,0,0,0,0,0,none,0,,1320254065
Ara Kat,KARAPÜRÇEK MAH.PARKA CEPHE HİSARKENT SİTESİNDE TERAS BALKONLU3+1,none,0,0,0,0,0,none,0,,1329603291
Ara Kat,KAVAKLI EMLAKTAN YÜKSEK GİRİŞ 3+1 ÖN CEPHE FIRSAT DAİRE!!!,none,0,0,0,0,0,none,0,,1330234157
En Üst Kat,ŞENTÜRK GAYRİMENKUL'DEN**KARAPÜRÇEK CADDE ÜZERİ**3+1,none,0,0,0,0,0,none,0,,1303853359
,DERMAN'DAN*2+1*STADYUM MEVKİ*İSKANLI-MANTOLAMALI*,none,0,0,0,0,0,none,0,,1314394775
Ara Kat,BİR EMLAK'DAN KARAPÜRÇEK'TE ORTA KAT 2+1 ASANSÖRLÜ SATILIK DAİRE,none,0,0,0,0,0,none,0,,1332184271
,KALENDER EMLAK'TAN KARAPÜRÇEK'TE GİRİŞ KAT SIFIR DAİRE ÖN CEPHE,none,0,0,0,0,0,none,0,,1317776489
Ara Kat,BİR EMLAK'DAN KARAPÜRÇEK FUL YAPILI CADDE ÜZERİ SATILIK DAİRE,none,0,0,0,0,0,none,0,,1315895427
Ara Kat,ŞEHZADE'DEN KARAPÜRÇEK MH. 3+1 ARA KAT KÖŞE BAŞI ÖN CEPHE,none,0,0,0,0,0,none,0,,1317948905
,LİDER'DEN İHYA KÜLLİYE MEVKİİ 2+1 BAHÇE KATI FULL YAPILI KUPON!!,none,0,0,0,0,0,none,0,,1329059886
En Üst Kat,SİTEDE 13.KATTA PANORAMİK ANKARA MANZARALI TERAS BALKONLU DAİRE.,none,0,0,0,0,0,none,0,,1334063184
,ÖRNEK MAHHALESİNDE YATIRIM FIRSATI 2+1 95m2 ARSA PAYLI,none,0,0,0,0,0,none,0,,1331692860
,_İPEK GAYRİMENKUL'DEN ÖNDER MAH. 3+1 FIRSAT DAİRE_,none,0,0,0,0,0,none,0,,1332387152
Ara Kat,Korkmazlar Emlaktan Alemdağ Cadde Üzeri Satılık 3+1 Daire,none,0,0,0,0,0,none,0,,1305182301
Ara Kat,ERKILIÇ GAYRİMENKUL'DEN SİTE İÇERİSİNDE 10.KAT 165m2MANZARALI3+1,none,0,0,0,0,0,none,0,,1332603588
,ORNEK MAH KATTA SATILIK 2+1 KENTSEL DÖNÜŞÜM PROJESİ KAPSAMINDA,none,0,0,0,0,0,none,0,,1331214058
,ÖRNEK MH. 95 M² ARSA PAYLI SIFIR DAİRE GARANTİLİ YATIRIM,none,0,0,0,0,0,none,0,,1330737942
Ara Kat,DIŞKAPI HAST. YANI KENTSEL DÖNŞ. UYGUN 2+1 MERKEZİ KONUMDA DAİRE,none,0,0,0,0,0,none,0,,1327736901
Ara Kat,AKSOY GAYRIMENKUL 7KATTA GÜNEŞEVLERE KOMŞU KONUM FULL YAPILI 3+1,none,0,0,0,0,0,none,0,,1327366973
Ara Kat,ZİRAAT MAH. MUHTEŞEM KONUM YÜKSEK KÂR GETİRİLİ KÖKTAPU ASANSÖRLÜ,none,0,0,0,0,0,none,0,,1332112690
Ara Kat,"ALTINDAĞ İSKİTLER GÜNEŞ SİTESİNDE, BOŞ, SATILIK 2+1 DAİRE",none,0,0,0,0,0,none,0,,1294931310
Ara Kat,LİDER EMLAK'TAN *4+1 FULL YAPILI* MANZARALI SİTE DAİRESİ,none,0,0,0,0,0,none,0,,1331539589
Dubleks,ZÜBEYDE HANIM MAHALLESİ / 5+1 / 260 M2 / SATILIK DAİRE,standard,1,0,0,0,1,detail,0,,1332501400
,A101 VE PARK YANI ASANSÖRLÜ GENİŞ 130 M2 KATTA ACİLL SATILIK,none,0,0,0,0,0,none,0,,1311653564
Ara Kat,AYDINLIKEVLER KARŞISINDA MERKEZİ KONUM 1+1 YAPILI SATILIK DAİRE,none,0,0,0,0,0,none,0,,1296657212
Ara Kat,ŞEHZADE'DEN SIFIR 9. KAT 2+1 CADDE ÜZERİ SİTE DAİRESİ MANZARALI,none,0,0,0,0,0,none,0,,1331975645
Ara Kat,SAMİ ULUS HASTANESİ YAKINI ARA KAT GÜNEY CEPHE 3+1 DAİRE,none,0,0,0,0,0,none,0,,1324613923
,Sahibinden 3+1 yerden ısıtmalı süper lüks daire,none,0,0,0,0,0,none,0,,1307828144
Ara Kat,METROYA 2 DAKİKA ZÜBEYDE HANIMDA 3+1BAKIMLI ARAKAT FIRSAT DAİRE,none,0,0,0,0,0,none,0,,1310917011
Ara Kat,"ÖRNEK MAHALLESİNDE SIFIR DAİRE GETİRİLİ KENTSEL DÖNÜŞÜM, 9953/1",none,0,0,0,0,0,none,0,,1318340166
,SELİM HANEFİOĞLUNDAN YILDIRIM BEYAZITDA FULL YAPILI 3+1 DAİRE,none,0,0,0,0,0,none,0,,1311216564
Ara Kat,ÇUBUK YILDIRIM BEYAZIT 'da SİTE İÇERİSİ 3+1 YERDEN ISITMA DAİRE,none,0,0,0,0,0,none,0,,1325702153
Ara Kat,▇ YAVUZ HANEFİOĞLU GAYRİMENKUL ▇ CUMHURİYET MAH. 2+1 LÜX DAİRE,none,0,0,0,0,0,none,0,,1323588875
Ara Kat,▇ YAVUZ HANEFİOĞLU GAYRİMENKUL ▇ ALTIN Y. SİTESİNDE SATILIK 3+1,none,0,0,0,0,0,none,0,,1314317936
,SELİM HANEFİOĞLUN'DAN YAVUZ SELİM'DE 1+1 YRDEN ISTMA SIFIR DAİRE,none,0,0,0,0,0,none,0,,1334470707
,▇ YAVUZ HANEFİOĞLU GAYRİMENKUL ▇ÇOK UYGUN FİYATA 2+1 BAGIMSIZ. M,none,0,0,0,0,0,none,0,,1323768964
,▇YAVUZ HANEFİOĞLU GAYRİMENKUL▇ CUMHURİYET MAH ARANAN KONUMDA 3+1,none,0,0,0,0,0,none,0,,1308252868
,SAĞLAM EMLAKTAN BARBAROS MH EMİNEVİM VB UYGUN 3+1 YAPILI DAİRE,none,0,0,0,0,0,none,0,,1333945338
En Üst Kat,"Yıldırım Beyazıt'ta Millet Bahçesi Yakını, 3+1, 115m² En Üst Kat",none,0,0,0,0,0,none,0,,1333726728
,2+1 Bağımsız Mutfak Ara Kat Lüx Daire,none,0,0,0,0,0,none,0,,1321106479
Ara Kat,SELİM HANEFİOĞLUN'DAN 1.99 KREDİ İMKANLI 2+1 LÜKS DAİRELER,none,0,0,0,0,0,none,0,,1322215774
Ara Kat,▇YAVUZ HANEFİOĞLU GAYRİMENKUL▇YOLACEPHE MERKEZ KREDİ SINIRSIZ4+1,none,0,0,0,0,0,none,0,,1323227658
Ara Kat,BARBAROS'TA LÜKS 2+1 SATILIK DAİRE,none,0,0,0,0,0,none,0,,1321273350
,ESENBOĞA DA EŞYALI 2+1 BALKONLU SATILIK DAİRE,none,0,0,0,0,0,none,0,,1334648689
,RAVZA'DAN ANKARA BULVARINDA Y.GİRİŞ BALKONLU MASRAFSIZ 1+1 ACİL,none,0,0,0,0,0,none,0,,1317595027
En Üst Kat,"OSMANLIDAN ÜST KATTA HER ZAMAN BULUNMAZ 4,5+1 ULTRALÜX DAİRE",none,0,0,0,0,0,none,0,,1334609461
,Hastane Arkası M.akif Ersoy caddesi sahibinden krediye uygun,none,0,0,0,0,0,none,0,,1170156528
,Atatürk Mahallesinde Satılık 3+1,none,0,0,0,0,0,none,0,,1334599796
En Üst Kat,DUMLUPINAR ÜNİVERSİTE YAKINI KATTA SIFIR 1+1 TERAS BALKON KAÇIRM,none,0,0,0,0,0,none,0,,1334591392
,Havalimanı karşısı Eşyalı 2+1,none,0,0,0,0,0,none,0,,1328473858
,FIRSAT 3+1/ATATÜRK MAH./ARA KAT/GENİŞ BALKONLU/,none,0,0,0,0,0,none,0,,1327109524
Ara Kat,SAĞLAM EMLAKTAN ÇUBUK CUMHURİYET MAHALLESİNDE SATILIK 2+1 DAİRE,none,0,0,0,0,0,none,0,,1333625260
En Üst Kat,SELİM HANEFİOĞLUN'DAN ÜST KATTA YAPILI 3+1 SATILIK DAİRE,none,0,0,0,0,0,none,0,,1302548613
Ara Kat,ESENBOĞA MAH SİTE İÇERİSİNDE HER KATTA 1+1 HAZIR DAİRE,none,0,0,0,0,0,none,0,,1317471412
,Sahibinden satilik yildirimbeyazit mah ziyaulhak cad,none,0,0,0,0,0,none,0,,1334558675
,EMİN EVİME UYGUN SIFIR ARAKAT 3+1 SATILIK MERKEZE YAKIN EMSALSİZ,none,0,0,0,0,0,none,0,,1315612649
Ara Kat,MİLLET BAHÇESİ VE ANKARA BULVARINA YAKIN SATILIK 1+1 DAİRE,none,0,0,0,0,0,none,0,,1334495157
,ESENBOĞA MERKEZ MAHALLESİNDE SATILIK 1+1 DAİRE YÜKSEK KREDİLİ,none,0,0,0,0,0,none,0,,1334635137
Ara Kat,"ORSA'dan █ Emlak Ücreti YOK! ÇİFT BANYOLU, ARA KAT, SIFIR DAİRE",none,0,0,0,0,0,none,0,,1300382061
,AKTAŞ GRUPTAN ARAKAT MÜKEMMEL KONUM 3+1,none,0,0,0,0,0,none,0,,1325489426
,SIFIR 2+1 BAĞIMSIZ MUTFAK ARA KAT YERDEN ISITMA ÇİFT BALKON,none,0,0,0,0,0,none,0,,1328742039
,AYYILDIZLARDAN 2+1 ULTRA LÜX 95 M2 ARA KATTA SATILIK DAİRELER,none,0,0,0,0,0,none,0,,1328057898
Ara Kat,HİLAL EMLAKTAN 3+1 KİLERLİ TERAS BALKONLU YERDEN ISITMALI DAİRE,none,0,0,0,0,0,none,0,,1305525700
,Sahibinden 3+1 hastahane arkasında daire,none,0,0,0,0,0,none,0,,1334421734
Ara Kat,Y.BEYAZIT ÜNİVERSİTESİ KAMPUS YAKINI 1+1 OTURUMA HAZIR DAİRE !!,none,0,0,0,0,0,none,0,,1328637860
,Sahibinden Satılık 1+1 İskanlı Daire,none,0,0,0,0,0,none,0,,1334350136
Ara Kat,▉▉MERCAN'dan PARK CEPHE 2+1 NET 85m² BAĞIMSZ MUTFAK GENİŞ BALKON,none,0,0,0,0,0,none,0,,1334507374
En Üst Kat,ESENBOĞA MERKEZ'DE İSKANLI KİRACILI SATILIK 1+1 LÜKS DAİRE,none,0,0,0,0,0,none,0,,1311786996
,ESENBOĞA MAHALLESİNDE YOLA YALIN BAĞIMSIZ MUTFAKLI SATILIK DAİRE,none,0,0,0,0,0,none,0,,1318573044
,VİZYON'DAN ÇUBUK Y.BEYAZIT MAHALLESİNDE FULL YENİLENMİŞ 3+1,none,0,0,0,0,0,none,0,,1317084659
Ara Kat,BULVAR GAYRİMENKUL'DEN SATILIK ARA KAT GÜNEYDOĞU CEPHE SIFIR 3+1,none,0,0,0,0,0,none,0,,1311476784
,YILDIRIM BEYAZIT MAHALLESİ SATILIK 2+1 DAİRE BAĞIMSIZ MUTFAK,none,0,0,0,0,0,none,0,,1334283242
,GÜZEL KONUMDA KATTA 2+1 FULL YAPILI İSKANLI SIFIR DAİRE,none,0,0,0,0,0,none,0,,1310960007
Ara Kat,▇YAVUZ HANEFİOĞLU GAYRİMENKUL▇ SATILIK 3+1 MERKEZİ KONUMDA,none,0,0,0,0,0,none,0,,1316438276
Ara Kat,ESENBOĞA'DA BERKER'DEN ÜNİVERSİTE YANI KATTA KUPON DAİRE,none,0,0,0,0,0,none,0,,1334396713
,YAVUZ SELİM MAHALLESİNDE SATILIK 3+1 CADDE ÜZERİ KÖK TAPU,none,0,0,0,0,0,none,0,,1328433301
Ara Kat,NOVA CAMPUS'TE 4. KAT KONUMUNDA GENİŞ TİP SATILIK 1+1 DAİRE,none,0,0,0,0,0,none,0,,1315065768
Ara Kat,Sahibinden Acil Satılık,none,0,0,0,0,0,none,0,,1334146185
Ara Kat,Esenboğa'da Satılık 1+1 Oturuma Hazır Fırsat Daire,none,0,0,0,0,0,none,0,,1329908174
Ara Kat,Esenboğa Mahallesi 1+1 Satılık Daire,none,0,0,0,0,0,none,0,,1282615635
,AKTAŞ GRUPTAN FIRSAT DAİRESİ GÜNEY DOĞU CEPHE,none,0,0,0,0,0,none,0,,1322797713
Ara Kat,▇YAVUZ HANEFİOĞLU GAYRİMENKUL▇ COSKUNLAR ARKASI ANA YOL YANI 3+1,none,0,0,0,0,0,none,0,,1322001318
,ESENBOĞA MERKEZDE FULL EŞYALI SATILIK 1+1,none,0,0,0,0,0,none,0,,1317400544
Ara Kat,ÇUBUK ESENBOĞA İSKANLI SIFIR 1+1 SATILIK YATIRIMLIK DAİRE,none,0,0,0,0,0,none,0,,1334091001
,YILDIRIM BEYAZIT HİSAR PARK SİTESİ 9. KATTA SATILIK SIFIR 4+1,none,0,0,0,0,0,none,0,,1328289785
Ara Kat,AYYILDIZLARDAN SÜPER LÜX 2+1 ARAKATTA 90M2 BAĞIMSIZ MUTFAK DAİRE,none,0,0,0,0,0,none,0,,1316273045
Ara Kat|Ara Kat Dubleks|Dubleks|En Üst Kat|Bahçe Dubleksi|Çatı Dubleksi|Forleks|Ters Dubleks|Tripleks,ESBAX'DAN ESENBOĞA MERKEZDE 1+1 SATILIK FIRSAT DAİRE,roof,1,1,0,0,0,detail,0,,1322222149
,Kök Tapu Çarşı Merkez İçi Yapılı 3+1 Daire,none,0,0,0,0,0,none,0,,1322329380
,Satılık Daire,none,0,0,0,0,0,none,0,,1312790280
,FİNANS GAYRİMENKUL'DEN ULTRA LÜX DAİRE'MİZ SATILIKTIR,none,0,0,0,0,0,none,0,,1334029395
Ara Kat,Çubuk Yıldırım Beyazıt'ta Yerden Isıtmalı 2+1 Satılık Daire,none,0,0,0,0,0,none,0,,1331132147
Ara Kat,YENİCE HARMONY PRİME'DA 2+1 BALKONLU ARAKAT FIRSAT SATILIK DAİRE,none,0,0,0,0,0,none,0,,1328182271
,ESENBOĞA'DA ÜNİVERSİTE GİRİŞİNDE SATILIK UYGUN YATIRIMLIK DAİRE,none,0,0,0,0,0,none,0,,1328183355
,ÇUBUK DUMLUPINARDA 2+1 ARA KAT DAIRE,none,0,0,0,0,0,none,0,,1325054477
Ara Kat,MERKEZİ KONUM ARA KAT FULL YAPILI MASRAFSIZ GÜNEY BATI 3+1,none,0,0,0,0,0,none,0,,1316644267
Ara Kat,AKTAŞ GRUPTAN HESAPLI İSKANLI ARAKAT GÜNEY CEPHE,none,0,0,0,0,0,none,0,,1322180342
Ara Kat,Çarşı Merkezde Satılık 3+1 Daire: Konut & İş Yeri İçin İdeal!,none,0,0,0,0,0,none,0,,1333920489
,"Cumhuriyette Çok Güzel Konumda, Yüksek Giriş 3+1 Geniş Daire",none,0,0,0,0,0,none,0,,1327332771
,SAĞLAM EMLAKTAN ÇUBUK YAVUZSELİMDE SATILIK 3+1 DAİRE,none,0,0,0,0,0,none,0,,1334086633
Ara Kat,YAVUZSELIM MAH BAĞIMSIZ MUTFAK 2+1 İSKANI ALINMIŞ DAİRE,none,0,0,0,0,0,none,0,,1334086320
,SELİM HANEFİOĞLU'NDAN CUMHURİYET MAH. 3+1 SIFIR LÜX DAİRE,none,0,0,0,0,0,none,0,,1331171351
,SAHİBİNDEN SATILIK MERKEZİ KONUMDA DAİRE,none,0,0,0,0,0,none,0,,1333866266
,"▇YAVUZ HANEFİOĞLU GAYRİMENKUL▇ YÜKSEK KAT SİTE İÇERİSİNDE 4,5+1",none,0,0,0,0,0,none,0,,1321959421
Ara Kat,ORSA'dan █ ESENBOĞA'da 3. KAT - HAZIR BİTMİŞ SİTE DAİRESİ,none,0,0,0,0,0,none,0,,1333838371
Ara Kat,SAHİBİNDEN YAPILI MASRAFSIZ DAİRE,none,0,0,0,0,0,none,0,,1333769798
Ara Kat,ESENBOĞA'NIN GÖZDESİ PLATİN LOFT'TA SIFIR 55 m² 1+1,none,0,0,0,0,0,none,0,,1315565953
Ara Kat,HASTANE ARKASINDA MERKEZİ KONUMDA ARA KATTA LÜX YAPILI 2+1,none,0,0,0,0,0,none,0,,1326178347
Ara Kat,2+1 SIFIR FIRSAT SÜPER DAİRE,none,0,0,0,0,0,none,0,,1316452516
,Esenboğa Merkezde Satılık 1+1 Eşyalı Kaçırılmıyacak Fırsat,none,0,0,0,0,0,none,0,,1333721945
,▉▉MERCAN'dan YA.SELİM'DE 4+1 NET 150m² ÇİFT BANYO ARA KAT,none,0,0,0,0,0,none,0,,1309258025
,RAVZA'DAN MERKEZE YÜRÜME MESAFESİNDE 3+1 İSKANLI ASANSRÖLÜ ACİL,none,0,0,0,0,0,none,0,,1330819359
Ara Kat,AYBÜ & HAVALİMANI YAKINI OTURUMA HAZIR EŞYALI SATILIK LÜKS DAİRE,none,0,0,0,0,0,none,0,,1333666003
Ara Kat,HİLAL EMLAKTAN CUMHURİYET MAH. GENİŞ 3+1,none,0,0,0,0,0,none,0,,1305381441
,BULVAR GAYRİMENKUL'DEN SATILIK FULL YAPILI SIFIR 2+1 DAİRE,none,0,0,0,0,0,none,0,,1328066452
En Üst Kat,▉▉MERCAN'dan DOKTORLAR PARKI 3+1 NET 115m² KAT/5 KREDİ SORUNSUZ,none,0,0,0,0,0,none,0,,1328271067
Ara Kat,▉▉MERCAN'dan ATATÜRKTE 3+1 NET 115m² KREDİ SORUNSUZ EKSİ 1.KAT,none,0,0,0,0,0,none,0,,1328253988
,"GÖKÇE A.Ş EMLAK""TAN ÜNİVERSİTE YAKINI FIRSAT 1+1 GENİŞ FERAH",none,0,0,0,0,0,none,0,,1325262927
Ara Kat,KILIÇ GROUP'TAN DUMLUPINAR MAHALLESİNDE 1+1 FIRSAT DAİRE!!!,none,0,0,0,0,0,none,0,,1319810103
Ara Kat,ESENBOĞA HAVALİMANI KARŞISI 2+1 SIFIR 5.KAT,none,0,0,0,0,0,none,0,,1334025410
Ara Kat,ESENBOĞA OTONOMİ HAVAALANI ÜNIVERSİTE YAKIN SATILIK 1+1 DAİRE,none,0,0,0,0,0,none,0,,1327850890
Ara Kat,ᯓ SELİM HANEFİOĞLUN'DAN oturuma hazır HEMEN TESLİM sıfır daire,none,0,0,0,0,0,none,0,,1310463264
En Üst Kat,ÜNİVERSİTEYE YAKIN MESAFEDE GELİŞEN BÖLGEDE İSKANLI 1+1 DAİRE,none,0,0,0,0,0,none,0,,1325949614
Ara Kat,FİNANS GAYRİMENKUL'DEN SATILIK MÜKEMMEL KONUM'DA ARA KAT DAİRE,none,0,0,0,0,0,none,0,,1321592885
,WAW UNİVERSİTY SATILIK EŞYALI 10.KAT 1+1 DAİRE,none,0,0,0,0,0,none,0,,1321877298
Ara Kat,SAFİR GRUP' tan Ara Kat Ön Cephe İskanlı 2+0 Ful Yapılı Daire,none,0,0,0,0,0,none,0,,1327740079
,Güney cephe lüks daire,none,0,0,0,0,0,none,0,,1321673486
,ATATÜRK MAH. ULTRA LÜX MANZARALI 3+1,none,0,0,0,0,0,none,0,,1333547457
Ara Kat,ESENBOĞA DA YILDIRIM BEYAZIT ÜNİ 5 DK 1+1 YATIRIMLIK DAİRELER,none,0,0,0,0,0,none,0,,1297607503
,ESENBOĞADA YATIRIMLIK OTURUMA HAZIR SEVİYEDE 1+1,none,0,0,0,0,0,none,0,,1300305581
Ara Kat|Ara Kat Dubleks|Dubleks|En Üst Kat|Bahçe Dubleksi|Çatı Dubleksi,ESENBOĞA MERKEZDE OTURUMA HAZIR FULL YAPILI 2+1 SATILIK DAİRE,roof,1,1,0,0,0,detail,0,,1327755781
,SELİM HANEFİOĞLUN'DAN ÇUBUK MERKEZDE 3+1 FUL YAPILI SATLIK DAİRE,none,0,0,0,0,0,none,0,,1324213104
En Üst Kat,Yıldırım Beyazıt'ta Satılık Sıfır 2+1 Daire (Güney & Cadde Cephe,none,0,0,0,0,0,none,0,,1333915998
,ESENBOĞA'DA BERKER'DEN MERKEZİ KONUMDA KUPON FIRSAT DAİRE!!!!!!,none,0,0,0,0,0,none,0,,1333897551
,YÜkSEK KİRA GETİRİLİ YILDIRIM BEYAZIT'TA 2+1 SATILIK DAİRE,none,0,0,0,0,0,none,0,,1327576286
,DOĞAN TOWER SIFIR 1+1 KÖK TAPU SİTE İÇİ TAM KREDİ İMKANI!,none,0,0,0,0,0,none,0,,1333472624
,YÜKSEK KATTA LÜX MOBİLYALI 4+1 G.ODALI SIFIR DAİRE,none,0,0,0,0,0,none,0,,1332728482
,ÇUBUK'TA KAÇIRILMAYACAK 3+1! | STAD CADDESİ ÜZERİ | 120 m² NET,none,0,0,0,0,0,none,0,,1333405445
Ara Kat,Çubuk Yenice'de Esenboğa Manzaralı Sitede 1+1 Sıfır Daire,none,0,0,0,0,0,none,0,,1020299422
Ara Kat,CEPHESİ AÇIK ŞIK TASARIMLI 2+1 BAĞIMSIZ M. SATILIK ARA KAT,none,0,0,0,0,0,none,0,,1303343742
,AKTAŞ GRUPTAN 2+1 FULL YAPILI YENİ YÜKSEK GİRİŞ,none,0,0,0,0,0,none,0,,1334032005
Ara Kat,STANDARTLARIN ÜSTÜNDE 4.5+1 DAİRE,none,0,0,0,0,0,none,0,,1283632680
,ACİLLL!ÇUBUK ATATÜRK MAHALLESİ'NDE KAÇIRILMAYACAK 2+1 DAİRE!,none,0,0,0,0,0,none,0,,1321604924
Ara Kat,SELİM HANEFİOĞLUN'DAN BULVAR KONUTLARINDA 2+1 SATILIK DAİRELER,none,0,0,0,0,0,none,0,,1310461163
,Eşyalı 1+1 Merkezi Lokasyon,none,0,0,0,0,0,none,0,,1327622403
,"ESENBOĞADA, PRESTİJLİ ESENLIFE SİTESİNDE SATILIK 1+1 DAİRE",none,0,0,0,0,0,none,0,,1324828866
,"ÜNİVERSİTE'YE 300 METRE,İSKANI ALINMIŞ,OTURUMA HAZIR 2+1 DAİRE",none,0,0,0,0,0,none,0,,1316244261
Ara Kat,HAYALİNİZDEKİ YAŞAM ALANI ÇUBUK YENİCE MAH. 1+1 KONFORLU DAİRE,none,0,0,0,0,0,none,0,,1313746445
Ara Kat,YILDIRIM BEYAZIT MAH ARAKATTA İÇİ FULL YAPILI DAİRE KÖK TAPU,none,0,0,0,0,0,none,0,,1327867006
Ara Kat,SAĞLAM EMLAKTAN KÖKTAPU YAVUZSELİM ÇARŞI MERKEZDE SATILIK DAİRE,none,0,0,0,0,0,none,0,,1333632376
,KAYRA GAYRİMENKUL DEN 4.5+1,none,0,0,0,0,0,none,0,,1316022708
Ara Kat,YÜKSEK KİRA GETİRİLİ FULL EŞYALI SATILIK 1+1 REZİDANS DAİRE,none,0,0,0,0,0,none,0,,1306624341
,YETİŞEN ALIR.....,none,0,0,0,0,0,none,0,,1323818734
,▇ YAVUZ HANEFİOĞLU GAYRİMENKUL ▇ MERKEZ KONUMDA 2+1 BAGIMSIZ,none,0,0,0,0,0,none,0,,1321350595
Ara Kat,OSMANLIDAN İSKANLI GÜNEYBATI CEPHE ÇOK GENİŞ ŞIK DAİRE,none,0,0,0,0,0,none,0,,1333171222
Ara Kat,"Yıldırım Beyazıt'ta Sıfır, Okul,Hastane,Emniyet,Yola Yakın Daire",none,0,0,0,0,0,none,0,,1318592676
Bahçe Dubleksi,SELİM HANEFİOĞLUN'DAN MERKEZDE YAVUZ SELİM MAH. FIRSAT 2+0 DAİRE,garden,1,0,1,0,0,detail,0,,1319868218
Ara Kat,Tam aranan konumda hastane arkası tek daire üzerine asansörlü3+1,none,0,0,0,0,0,none,0,,1316031663
,YILMAZLAR GRUP TAN YAVUZ SELİM MAH.DE 3+1 FULL YAPILI MASRAFSIZ,none,0,0,0,0,0,none,0,,1315610291
,ASLAN İNŞAATTAN CUMHURiYET MAHALLESİNDE SATILIK 2+1 DAİRE,none,0,0,0,0,0,none,0,,1318227179
,ASLAN İNŞAATTAN Y.BEYAZIT SATILIK 3+1 DAİRE,none,0,0,0,0,0,none,0,,1318051181
Ara Kat,BAŞERDEN YILDIRIMBEYAZIT MH. KATTA YERDEN ISITMALI SIFIR 1+1 LER,none,0,0,0,0,0,none,0,,1327309746
Ara Kat,MERKEZE YAKIN GÜNEY-BATI CEPHE KÖŞE BAŞI 3+1 SIFIR DAİRE,none,0,0,0,0,0,none,0,,1326650323
,DUMLUPINAR ÇARŞIDA ARAKAT 1+1 SATILIK DAİRE,none,0,0,0,0,0,none,0,,1330223546
,ESENBOĞA MAH. ÇUBUK YOLUNA YAKIN SIFIR BİNA 2. KAT ACİLLLL,none,0,0,0,0,0,none,0,,1333091542
Ara Kat|Ara Kat Dubleks|Dubleks|En Üst Kat|Bahçe Dubleksi|Çatı Dubleksi|Forleks|Ters Dubleks|Tripleks,SAKALAR'DAN ESENBOĞA MAH. ÖZEL PROJEDE İSKANLI 1+1 DAİRE!,roof,1,1,0,0,0,detail,0,,1330204305
Ara Kat,ESENBOĞA'DA BERKER'DEN ÜNİVERSİTE YAKINI OTURUMA HAZIR DAİRE!!!!,none,0,0,0,0,0,none,0,,1330923102
,SATILIK | YATIRIMA UYGUN | PLATİN PANORA | KAÇIRILMAYACAK FİYAT,none,0,0,0,0,0,none,0,,1324309762
,Sahibinden en iyi konumda 140 M2 iskanlı daire,none,0,0,0,0,0,none,0,,1332959842
,Sahibinden 3+1 yapılı kullanışlı aile binasında daire,none,0,0,0,0,0,none,0,,1333031299
Ara Kat,Sakin Mahalle Merkezi Konum Ulaşım ve Sosyal Yaşam Kolaylığı 3+1,none,0,0,0,0,0,none,0,,1326903538
,Esenboğa merkez mahallesi köşe daire,none,0,0,0,0,0,none,0,,1333002477
En Üst Kat,ESENBOĞA'DA AVANTAJLI YATIRIM FIRSATI 1+1 LÜKS SIFIR DAİRE,none,0,0,0,0,0,none,0,,1332961218
Ara Kat,3+1 GİYİNME ODALI TERAS BALKONLU ARA KAT SIFIR LUX DAİRE,none,0,0,0,0,0,none,0,,1319582583
Ara Kat,ESENBOĞA MERKEZ MAHALLESİNDE SATILIK 1+1 DAİRE,none,0,0,0,0,0,none,0,,1321081435
Ara Kat,**SARIYILDIZ**DAN ÇARŞI MERKEZE YAKIN 1+1 ARA KAT PARK CEPHELİ,none,0,0,0,0,0,none,0,,1317937871
Ara Kat,UYGUN FİYATLI MODERN 1+1 HEMEN TAŞINMAYA HAZIR,none,0,0,0,0,0,none,0,,1316057289
En Üst Kat,"SAĞLAM EMLAKTAN ESENBOĞADA SIFIR , 1+1, 40m² SATILIK DAİRE |",none,0,0,0,0,0,none,0,,1333630028
En Üst Kat,2+1 BAĞIMSIZ M./KİLERLİ/ÇOK GENİŞ/SIFIR AYARINDA,none,0,0,0,0,0,none,0,,1319824087
Ara Kat,HASTANE ARKASI ARA KAT KİLERLİ 3+1 KÖK TAPU FUZUL EV.. UYGUN,none,0,0,0,0,0,none,0,,1326889807
En Üst Kat,SAĞLAM EMLAKTAN ÇUBUK CUMHURİYETTE KÖK TAPU SATILIK 3+1 DAİRE,none,0,0,0,0,0,none,0,,1327470309
,ACİL SATILIKK!!!,none,0,0,0,0,0,none,0,,1332855875
Ara Kat,3+1 SAHİBİNDEN ARA KAT ÖN CEPHE SATILIK DAİRE !!,none,0,0,0,0,0,none,0,,1332639163
,SAHİBİNDEN 1+1 LÜKS DAİRE,none,0,0,0,0,0,none,0,,1267222195
,Esenboğa merkezde satılık 1+1 daire,none,0,0,0,0,0,none,0,,1316790200
Ara Kat,ESENLİFE BULVAR'DA FIRSAT 1+1 DAiRE,none,0,0,0,0,0,none,0,,1321753397
,ESENLİFE ÜNİVERSİTY PROJESİNDE SATILIK LÜKS DAİRELER!,none,0,0,0,0,0,none,0,,1314024821
Ara Kat,YBÜ Yakını | Hazır Kiracılı | Sıfır Eşyalı | 1+0 Fırsat,none,0,0,0,0,0,none,0,,1287908102
,▉ASMA EMLAK OTURUMA HAZIR İSKANI ALINMIŞ 3+1 MERKEZE YAKIN 130m²,none,0,0,0,0,0,none,0,,1333040987
En Üst Kat|Çatı Dubleksi,YILDIRIM BEYAZIT MAH.5+1 DUBLEKS DAİRE,roof,1,1,0,0,0,detail_and_title,0,title_generic_confirms_detail_subtype,1289374337
Ara Kat,GİRİŞİM EMLAK'TAN ÇARŞI MERKEZDE KATTA BAĞIMSIZ SATILIK 2+1,none,0,0,0,0,0,none,0,,1317216216
Ara Kat,ESENBOĞA'DA BERKER'DEN KATTA 2+0 FIRSAT DAİRESİ MERKEZİ KONUM!!!,none,0,0,0,0,0,none,0,,1330608328
,CUMHURİYET MAHALLESİ DOKTORLAR PARKI YANI SIFIR BÜYÜK 3+1,none,0,0,0,0,0,none,0,,1269310885
,YÜKSELEN EMLAK'TAN SATILIK UYGUN FİYATLI 3+1 DAİRE,none,0,0,0,0,0,none,0,,1332561972
Ara Kat,▇ YAVUZ HANEFİOĞLU GAYRİMENKUL ▇ CUMHURİYET MAH. SATILIK 3+1,none,0,0,0,0,0,none,0,,1326153079
,YAVUZ SELİM DE MÜKEMMEL KONUMDA 3+1 DAİRE,none,0,0,0,0,0,none,0,,1326713125
,ANAYOLA YAKIN / ARAÇ TAKASI OLUR ( yeni model),none,0,0,0,0,0,none,0,,1248059175
Ara Kat,SELİM HANEFİOĞLUN'DAN ARA KAT YERDEN ISITMALI 3+1 SATILIK DAİRE,none,0,0,0,0,0,none,0,,1307670730
Ara Kat,▉▉MERCAN'dan KARAGÖL CAD. 3+1 NET 110m² İSKANLI İÇİ SIFIR YAPILI,none,0,0,0,0,0,none,0,,1326686261
Ara Kat,ANKARA'NIN YÜKSELEN DEĞERİ ESENBOĞA DA YENİ YAŞAM BAŞLIYOR!,none,0,0,0,0,0,none,0,,1321828843
Ara Kat,CaddeÜzeri SüperLokasyon Muhteşem TerasBalkonlu KapalıMutfak 2+1,none,0,0,0,0,0,none,0,,1305676790
Ara Kat,ESENBOĞA'DA 2+1 SATILIK DAİRE,none,0,0,0,0,0,none,0,,1329610051
,AKTAŞ GRUP'TAN YAVUZ SELİMDE 3+1 ÖNÜ AÇIK GENİŞ FUL YAPILI DAİRE,none,0,0,0,0,0,none,0,,1332912272
Ara Kat,SAHİBİNDEN 2+1 SATILIK DAİRE,none,0,0,0,0,0,none,0,,1332499207
,Merkeze Yakın 1+1 daire hazır kiracılı,none,0,0,0,0,0,none,0,,1332492182
,SELİM HANEFİOĞLU'NDAN BARBAROS MAH. 3+1 SÜPER DAİRE,none,0,0,0,0,0,none,0,,1332480203
,Y.B ÜNİVERSİTESİNE HAVAALANINA 10 DK MESAFEDE UYGUN 1+1 DAİRE,none,0,0,0,0,0,none,0,,1315326775
En Üst Kat,OSMANLIDAN KREDİ LİMİTSİZ EMİNEVİM VS UYGUN 180 M2 DAİRE,none,0,0,0,0,0,none,0,,1326979600
Ara Kat,Sahibinden Yatırımlık 1+1 Daire,none,0,0,0,0,0,none,0,,1326585879
Ara Kat Dubleks|En Üst Kat|Bahçe Dubleksi|Tripleks,CUMHURİYET MAHALLESİ MERKEZDE SÜPER LÜX 2+1 (AKILLI EV),garden,1,0,1,0,0,detail,0,,1299551493
,AYYILDIZLARDAN CUMHURİYET MAHALLESİNDE ARA KATTA 3+1 DAİRE,none,0,0,0,0,0,none,0,,1332784345
,EMLAX'TAN DUMLUPINAR ÜNİVERSİTE BÖLGESİNDE 2+1 DAİRE,none,0,0,0,0,0,none,0,,1332573794
,SAFİR GRUP' tan Yavuzselim' de Yüksek Giriş 2+0 Sıfır Daire,none,0,0,0,0,0,none,0,,1329476563
En Üst Kat,ESENBOĞA MERKEZ DE FUL YAPILI ASANSÖRLÜ SIFIR EŞYALI 1+1 DAİRE,none,0,0,0,0,0,none,0,,1313554873
Ara Kat,AY-BÜ'ye EN KOLAY ULAŞIM HEMEN TESLİM ZEMİN+1. KATTA 1+1,none,0,0,0,0,0,none,0,,1326918988
Ara Kat,"ESENBOĞA MAH.SATILIK SIFIR 1+1 DAİRE, HEMEN TAPU",none,0,0,0,0,0,none,0,,1315315418
,Sahibinden satılık ACİL!!!,none,0,0,0,0,0,none,0,,1332306007
En Üst Kat,ESENBOĞA MERKEZDE SATILIK FULL EŞYALI 1+1 DAİRE,none,0,0,0,0,0,none,0,,1324339890
,ESENBOĞA MERKEZDE_MARKET-EGO YAKIN_TAKSİT İMKANI_1+1 SIFIR DAİRE,none,0,0,0,0,0,none,0,,1327197159
En Üst Kat,ESENBOĞA MERKEZDE - HAVALİMANI MANZARALI - İSKANLI SIFIR 1+1,none,0,0,0,0,0,none,0,,1329361643
Ara Kat,ÖZ BARUT EMLAK'TAN HASTANE-KYK- YAKINI ARA KAT SATILIK DAİRE,none,0,0,0,0,0,none,0,,1286726139
,ORSA'dan█ KATTA - HESAPLI - EBEVEYN BANYOLU 3+1 DAİRE,none,0,0,0,0,0,none,0,,1332183671
Ara Kat,YAVUZ SELİM MAHALLESİ 4+1,none,0,0,0,0,0,none,0,,1320279085
,SAHİBİNDEN MİLLET BAHÇESİ YANI YÜKSEK KAT GENİŞ LÜKS 4.5+1,none,0,0,0,0,0,none,0,,1328080282
,sahibinden satılık 1+1 daire,none,0,0,0,0,0,none,0,,1332151354
,"ANKARA BULVARI ÜZERİNDEYÜKSEK KATTA 4,5+1 ULTRA LÜKS DAİRE",none,0,0,0,0,0,none,0,,1320567247
En Üst Kat,YİĞİT GAYRİMENKUL'DEN SATILIK GÜNEY CEPHE GENİŞ 2+1 DAİRE !!,none,0,0,0,0,0,none,0,,1321006087
En Üst Kat,YÜKSELEN EMLAK'TAN CUMHURİYETTE BULVARA YAKIN 3+1 DAİRE,none,0,0,0,0,0,none,0,,1320144357
,!!!SON İNDİRİM!!! DUMLUPINAR DA 1+1 YATIRIMLIK SATILIK DAİRE,none,0,0,0,0,0,none,0,,1309450267
En Üst Kat,Yavuz Selimde 3+1 lüks daire/Sıfır ayarında,none,0,0,0,0,0,none,0,,1332104997
,DUMLUPINAR'da YILDIRIM BEYAZIT Ü. YÜRÜME MESAFESİ SIFIR 2+1,none,0,0,0,0,0,none,0,,1314022673
Ara Kat,"▉▉MERCAN'dan MY CİTY'DE 4,5+1 NET 155m² EB.BANYO GİY.ODASI KAT/9",none,0,0,0,0,0,none,0,,1327039572
En Üst Kat,▉▉MERCAN'dan CUMHURİYETTE 3+1 NET 110m² KAT/4 SIFIR KREDİ SORNSZ,none,0,0,0,0,0,none,0,,1332701318
,PRESTİJ'DEN ATATÜRK MAH. 1+1 BALKONLU DAİRE,none,0,0,0,0,0,none,0,,1332054347
,▉ASMA EMLAK ACİL!FİYAT DÜŞTÜ 96 m² 2+1 EMİN EVİM UYGUN KÖK TAPU,none,0,0,0,0,0,none,0,,1332670666
Çatı Dubleksi,FUL YAPILI DUBLEX DAİRE,roof,1,1,0,0,0,detail_and_title,0,title_generic_confirms_detail_subtype,1304852176
Ara Kat,YÜKSELEN EMLAK'TAN YILDIRIM BEYAZITTA SATILIK 3+1 DAİRE,none,0,0,0,0,0,none,0,,1308258253
,ÜNALLAR EMLAKTAN 3+1 ARANAN LOKASYONDA DAİRE,none,0,0,0,0,0,none,0,,1319600219
En Üst Kat,ORSA'dan █ HUZUR SİTESİNDE - 3 CEPHELİ - FULL YAPILI - 3+1 DAİRE,none,0,0,0,0,0,none,0,,1326385742
,KARAGÖL CAD ÜZERİNDE EMİNEVİM FUZUL EV UYGUN 3+1,none,0,0,0,0,0,none,0,,1331932732
,ANKARA ÇUBUK YILDIRIM B. MAH. SATILIK SIFIR 2+1 KÖŞE DAİRE,none,0,0,0,0,0,none,0,,1332945944
,ESENLİFE SATILIK 1+1 DAİRE,none,0,0,0,0,0,none,0,,1329055908
Ara Kat,SELİM HANEFİOĞLUNDAN ANKARA BULVARI YANI SATILIK 2+1 DAİRE,none,0,0,0,0,0,none,0,,1314128296
,HİLAL EMLAKTAN HASTANE ARKASINDA KREDİYE UYGUN ASANSÖRLÜ 3+1,none,0,0,0,0,0,none,0,,1332412936
,ANKARA BULVARINDA 4+1 ULTRA LÜX DAİRE,none,0,0,0,0,0,none,0,,1211075388
En Üst Kat,YBÜ'YE YAKIN | ASANSÖRLÜ BİNADA SIFIR 1+1 | YÜKSEK KİRA GETİRİLİ,none,0,0,0,0,0,none,0,,1324419193
,ÇUBUK ESENBOĞA MAHALLESİNDE 1+1 SIFIR DAİRE,none,0,0,0,0,0,none,0,,1285420409
Ara Kat,DUYZADE GRUP'DAN MERKEZDE SATILIK 3+1 DAIRE,none,0,0,0,0,0,none,0,,1331765225
,ANKARA BULVARINA CEPHE 4.5+1 1.KAT 160 M2 GÜNEY BATI CEPHE DAİRE,none,0,0,0,0,0,none,0,,1329083839
Ara Kat,AKTAŞ GRUP TAN 2+1 ARA KAT GÜNEY 90M2 EBEVEYN BANYOL FULL DAİRE,none,0,0,0,0,0,none,0,,1332916254
Ara Kat,OSMANLI DAN PARK CEPHE SALON BAĞIMSIZ 2+1 KATTA GÜNEY CEPHE,none,0,0,0,0,0,none,0,,1167593349
Ara Kat,SELİM HANEFİOĞLUN'DAN 375 m2 ARSALI 3 KATLI KOMPLE SATILIK BİNA,none,0,0,0,0,0,none,0,,1313963179
Ara Kat,ESENBOĞA PLATİN DELUXE'TE LÜX 2+1,none,0,0,0,0,0,none,0,,1326196277
Ara Kat,ÇINAR KULE APT. 7 KAT 4+1 BRÜT:170M2 GÜNEY BATI CEPHE SATILIK,none,0,0,0,0,0,none,0,,1323605741
,CUMHURİYET MH YÜKSEK GİRİŞ KİLERLİ E.BANYOLU 150m² SATILIK DAİRE,none,0,0,0,0,0,none,0,,1326030427
,ASMA EMLAK Y.BEYAZIT SİTE İÇERİSİNDE TÜRK HAMAMLI 3+1 LÜX DAİRE,none,0,0,0,0,0,none,0,,1329489982
,HEDEF EMLAKTAN SATILIK 3+1 DAİRE,none,0,0,0,0,0,none,0,,1324095817
En Üst Kat,OSMAN GÜLCAN'dan KÖŞE BAŞI GÜNEY-BATI CEPHE KATTA 3+1 DAİRE,none,0,0,0,0,0,none,0,,1323608782
Ara Kat,"▉▉MERCAN'dan PANAROMİK MANZARALI 4,5+1 NET 180m² KAT//12 EKSİKSZ",none,0,0,0,0,0,none,0,,1326938298
Ara Kat,HİLAL EMLAKTAN MİLLET BAHÇESİ YANI SATILIK DAİRELER,none,0,0,0,0,0,none,0,,1332533845
Ara Kat,OturumaHazır! YıldırımBeyazıt Mah SeçkinYaşam BağımsızMutfak 2+1,none,0,0,0,0,0,none,0,,1313596710
En Üst Kat,BERKER'DEN ESENBOĞA İÇİ BULVARDA ÜNİVERSİTEYE YAKIN KUPON DAİRE!,none,0,0,0,0,0,none,0,,1332925331
,ÖZ BARUT EMLAK'TAN DUMLUPINARDA KATTA 1+1 YATIRIMLIK SIFIR DAİRE,none,0,0,0,0,0,none,0,,1314185862
En Üst Kat,FİNANS GAYRİMENKUL'DEN BULVAR CEPHE'Lİ 3+1 140 m2 DAİRE,none,0,0,0,0,0,none,0,,1331708554
,Halk Bankası'ndan Ankara Çubuk Satılık Konut,none,0,0,0,0,0,none,0,,1326182635
Ara Kat,▉▉MERCAN'dan SATILIK MERKEZ'de ARAKAT 3+1 İÇİ SIFIR YAPILI,none,0,0,0,0,0,none,0,,1332449670
Ara Kat,DUYZADE GRUP'DAN YILDIRIM BEYAZIT MAH.BAGIMSIZ MUTFAKLI 2+1,none,0,0,0,0,0,none,0,,1313749714
,ÇARŞI MERKEZİNDE MASRAFSIZ 3+1 DAİRE,none,0,0,0,0,0,none,0,,1312442523
Ara Kat,YILMAZLAR GRUP TAN HASTANE ARKASINDA 3+1 SIFIR EMSALSİZ DAİRE !!,none,0,0,0,0,0,none,0,,1308409155
Ara Kat,YÜKSEK KREDİLİ HESAPLI MERKEZ DE 1.KAT SIFIR 2+0 DAİRE,none,0,0,0,0,0,none,0,,1313561070
En Üst Kat,"YILDIRIM BEYAZIT'TA PARK MANZARALI, MASRAFSIZ 3+1 SATILIK DAİRE",none,0,0,0,0,0,none,0,,1323614005
,İSKANLI EŞYALI MERKEZDE SIFIR FUL LÜX YAPILI KAT SEVİYESİNDE 1+1,none,0,0,0,0,0,none,0,,1331769675
,▇ YAVUZ HANEFİOĞLU GAYRİMENKUL ▇ YILDIRIM BEYAZIT MAH. 2+1,none,0,0,0,0,0,none,0,,1332960373
Ara Kat|Ara Kat Dubleks|Dubleks|En Üst Kat|Bahçe Dubleksi|Çatı Dubleksi|Forleks|Ters Dubleks|Tripleks,HARMONY PRİME 1+1 FIRSAT DAİRE,roof,1,1,0,0,0,detail,0,,1331751631
Ara Kat,BERKER'DEN ESENBOĞADA KATTA ÜNİVERSİTEYE YAKIN UYGUN DAİRE ACİLL,none,0,0,0,0,0,none,0,,1332923513
,DEVELİ EMLAK'TAN DUMLUPINAR MERKEZ'DE 2+1 EŞYALI SATILIK DAİRE,none,0,0,0,0,0,none,0,,1331713692
,ARAÇ TAKASLI 1+1,none,0,0,0,0,0,none,0,,1331341532
,ESENBOĞA PLATİN LİFE'TA LÜX 1+1,none,0,0,0,0,0,none,0,,1332055765
Ara Kat,SAHİBİNDEN ACİL SATILIK EV,none,0,0,0,0,0,none,0,,1331294374
Ara Kat,ESENBOĞA MAH.DE 1+1 ARAKAT EMSALSİZ SİTEDE SIFIR SATILIK DAİRE !,none,0,0,0,0,0,none,0,,1324771810
Ara Kat,YAVUZSELİM MH KÖŞE BAŞI ARAKAT DAİRE 3+1 HARİKA LOKASYON SATILIK,none,0,0,0,0,0,none,0,,1308582447
Ara Kat,YILMAZLAR GRUP TAN HASTANE ARKASI 2+1 FULL YAPILI SIFIR DAİRE !!,none,0,0,0,0,0,none,0,,1291675600
Ara Kat,ORSA'dan █ Şehir Merkezinde UYGUN FİYATLI Ultra Lüx SIFIR Daire,none,0,0,0,0,0,none,0,,1331792647
,ÜNALLAR EMLAKTAN 2+1 BAĞIMSIZ MUTFAK,none,0,0,0,0,0,none,0,,1324566747
,YILDIRIM BEYAZIT ÜNİVERSİTESİ YÜRÜME MESAFESİ 1+1 DAİRELER,none,0,0,0,0,0,none,0,,1277326601
Ara Kat,OSMAN GÜLCAN'dan KAT KONUMUNDA YÜKSEK GİRİŞ 3+1 DAİRE,none,0,0,0,0,0,none,0,,1323586473
Ara Kat,Çubuk Dumlupınar'da Kira Getirili Eşyalı Satılık 1+1 Daire,none,0,0,0,0,0,none,0,,1325493149
,ACİL.FIRSAT DAİREMİZ SATIŞTA YAVUZ SELİM'DE 3+1 HESAPLI DAİRE,none,0,0,0,0,0,none,0,,1291056926
,ORSA'dan █ SAMUR HALININ YANI - MASRAFSIZ GENİŞ 3+1 DAİRE,none,0,0,0,0,0,none,0,,1307735713
,FULL YAPILI KATTA 4+1 DAİRE,none,0,0,0,0,0,none,0,,1292650866
,**SARIYILDIZ**DAN YÜKSEK KREDİ İMKANI İLE 3+1 SATILIK DAİRE,none,0,0,0,0,0,none,0,,1314242734
Ara Kat,▇YAVUZ HANEFİOĞLU GAYRİMENKUL▇ YUNUS MARKET ARKASI 130m² NET 3+1,none,0,0,0,0,0,none,0,,1320756881
,AYDOS KIYAK EMLAKDAN SATILIK,none,0,0,0,0,0,none,0,,1331027820
,satılık daire,none,0,0,0,0,0,none,0,,1319158338
Ara Kat,sahibinden çubuk esenboğa mahallesinde 53 m2 satılık daire,none,0,0,0,0,0,none,0,,1316081485
,ESENBOĞA MERKEZ MAHALLESİ'NDE KAÇIRILMAYACAK 1+1 FIRSAT DAİRE,none,0,0,0,0,0,none,0,,1323231808
,YILDIRIM BEYAZITTA 2+1 BAĞIMSIZ MUTFAK SATILIK DAİRE,none,0,0,0,0,0,none,0,,1325373990
Ara Kat,YILMAZLAR GRUP TAN HASTANE ARKASINDA 3+1 SATILIK EMSALSİZ DAİRE,none,0,0,0,0,0,none,0,,1308376244
En Üst Kat,FİNANS GAYRİMENKUL'DEN SATILIK MERKEZİ KONUMDA DAİRE,none,0,0,0,0,0,none,0,,1317400896
Ara Kat,HİLAL EMLAKTAN CUMHURİYETİN GÖBEĞİNDE 4+1 ULTRA LÜX DAİRE,none,0,0,0,0,0,none,0,,1331555614
Ara Kat,DUYZADE GRUP'DAN YAVUZ SELİM MAH.3+1,none,0,0,0,0,0,none,0,,1302946185
En Üst Kat,DUYZADE GRUP'DAN CUMHURIYET MAH.SATILIK 3+1 DAIRE,none,0,0,0,0,0,none,0,,1301802149
Ara Kat,ESENBOGADA 1+1 LÜX EŞYALI SİTE İÇERİSİN DE KİRACILI,none,0,0,0,0,0,none,0,,1313556231
,HASTANE ARKASI 2.KAT ÖNÜ KOMPLE AÇIK GÜNEY CEPHE E.BANYOLU 3+1,none,0,0,0,0,0,none,0,,1321335463
Ara Kat,ESENLİFE BULVAR SİTESİ ULTRA LÜKS AKILLI İSKANLI 1+1 EMİNEVİM,none,0,0,0,0,0,none,0,,1304547754
,Yüksek Giriş 140 m² Merkezi Konumda 4+1,none,0,0,0,0,0,none,0,,1318745358
Ara Kat,▉▉MERCAN'dan YILD.BEYAZIT 3+1 NET 120m² TERAS CAM BALKONLU ARAKT,none,0,0,0,0,0,none,0,,1332192281
,OSMANLIDAN SIFIR AYARINDA TAMAMINA KREDİ KULLANILABILIR 4+1,none,0,0,0,0,0,none,0,,1325380606
,MERKEZE YAKIN LÜX BAĞIMSIZ 2+1,none,0,0,0,0,0,none,0,,1330813496
,EMİN EVİME UYGUN SIFIR 2+1 BAĞIMSIZ MUTFAK DAİRE EMSALSİZ !!!!!!,none,0,0,0,0,0,none,0,,1308413410
,Eşyalı Yatırımlık Daire,none,0,0,0,0,0,none,0,,1324686681
,YILDIRIM BEYAZIT MAHALLESİNDE KATTA SIFIR 3+1 DAİRE,none,0,0,0,0,0,none,0,,1330800548
,ESENBOĞA'DA OTURUMA HAZIR KİRAYA VERİLEBİLİR 1+1 LÜKS DAİRE,none,0,0,0,0,0,none,0,,1330728670
,TEK DAİRE ÜZERİNE MÜSTAKİL TADINDA 3*1 FIRSAT DAİRESİ,none,0,0,0,0,0,none,0,,1321615096
,İskanı Yeni Alınmış Sıfır Daire,none,0,0,0,0,0,none,0,,1331351316
Ara Kat,HİLAL EMLAKTAN CUMHURİYETTE SIFIR BAĞIMSIZ MUTFAK 2+1 TERASLI,none,0,0,0,0,0,none,0,,1329245199
,SAHİBİNDEN MERKEZDE DAİRE,none,0,0,0,0,0,none,0,,1330555203
Ara Kat,SELİM HANEFİOĞLUN'DAN MERKEZDE 2+1 BAĞIMSIZ MUTFAK SATILIK DAİRE,none,0,0,0,0,0,none,0,,1314436823
Ara Kat,ESENBOĞA MERKEZDE SATILIK FULL EŞYALI ORTA KAT KIRACILI DAİRE,none,0,0,0,0,0,none,0,,1318944096
Ara Kat,Satılık Daire,none,0,0,0,0,0,none,0,,1330486256
,AYYILDIZLARDAN CUMHURİYET MAHALLESİNDE 3+1 160M2 GENİS SATILIK,none,0,0,0,0,0,none,0,,1331038789
Ara Kat,▉▉MERCAN'dan YILD.BEYAZITTA 3+1 NET 120m² KİLER EB.BANYOLU SIFIR,none,0,0,0,0,0,none,0,,1332187475
Ara Kat,HİLAL EMLAKTAN ULTRA LÜX 3.5+1 STANDARTLARDAN UZAK ÖZEL DİZAYN,none,0,0,0,0,0,none,0,,1331792617
,ATATÜRK MAHALLESİNDE KATTA SATILIK SIFIR 3+1 LÜKS DAİRE,none,0,0,0,0,0,none,0,,1330440135
Ara Kat,Memurdan İskanlı 7/24 Güv. Residence Akıllı 1+1Araç Takaslı,none,0,0,0,0,0,none,0,,1318267444
,"GÖKÇE A.Ş EMLAK""TAN YILDIRIM BEYAZIT ÜNİVERSTESİ YÜRÜME MESAFESİ",none,0,0,0,0,0,none,0,,1324319975
,Halk Bankası'ndan Ankara Çubuk Satılık Konut,none,0,0,0,0,0,none,0,,1325282645
,ÜNALLAR EMLAKTAN 3+1 KÖŞE BAŞI GÜNEY CEPHE,none,0,0,0,0,0,none,0,,1318137327
,ATATÜRK MAHALLESİNDE SIFIR BİNADA SATILIK 3+1 DAİRE |,none,0,0,0,0,0,none,0,,1324574655
,"Merkezi Konumda, 5. Kat Geniş ve ferah masrafsız 3+1 Daire",none,0,0,0,0,0,none,0,,1305392575
,**SARIYILDIZ*DAN 3+1 YÜKSEK GİRİŞ ÇARŞI MERKEZE YÜRÜME MESAFESİ,none,0,0,0,0,0,none,0,,1301277384
,SAHİBİNDEN ESENBOĞA YBÜ YANIBAŞINDA SİTE İÇİ 1+1,none,0,0,0,0,0,none,0,,1330401094
Ara Kat,ÇUBUK ESENBOĞA MAH SIFIR HİÇ OTURULMAMIŞ KATTA 1+1 SATILIK DAİRE,none,0,0,0,0,0,none,0,,1287940652
Ara Kat,CUMHURİYET MAHALLESİ'NDE SIFIR BİNADA LÜKS ALTTAN ISITMA 2+1,none,0,0,0,0,0,none,0,,1324630591
Dubleks,Mükemmel Lokasyon'da Dubleks Daire,standard,1,0,0,0,1,detail_and_title,0,,1324576628
Ara Kat,KELEŞOĞLU GRUP TAN ESENBOĞA MERKEZDE SATILIK 2+1,none,0,0,0,0,0,none,0,,1330204521
Ara Kat,SELİM HANEFİOĞLUN'DAN ARA KATTA GÜNEY CEPHE 3+1 SATILIK DAİRE,none,0,0,0,0,0,none,0,,1323920532
,2+1 AMARIKAN MUTFAK HESAPLI ARAKAT İSKANLI ASANSÖRLÜ DAÍRE,none,0,0,0,0,0,none,0,,1319422121
En Üst Kat,▉▉MERCAN'dan ESENBOĞA 2+1 NET 95m² BAĞIMSIZ MUTFAK KAT/3 EKSİKSZ,none,0,0,0,0,0,none,0,,1324338785
,ATATÜRK MAH. 3+1 EN ÜST KAT SATILIK DAİRE,none,0,0,0,0,0,none,0,,1330462273
Ara Kat,ANKARA ÇUBUK CUMHURİYET MAHALLESİNDE SİTEDE LÜX 2+1 EBEVYN BANYO,none,0,0,0,0,0,none,0,,1324625099
,SELİM HANEFİOĞLUN'DAN BULVARA YAKINNET 100m² LUXYAPILI 2+1 DAİRE,none,0,0,0,0,0,none,0,,1323718168
,sahibinden merkeze yakın tek daire üzerine kösebaşi daire,none,0,0,0,0,0,none,0,,1329993010
,▇YAVUZ HANEFİOĞLU GAYRİMENKUL▇ YILDIRIM BEYAZIT AMERİKAN M. 1+1,none,0,0,0,0,0,none,0,,1326540955
Ara Kat,Favorilere özel satılk daire ara kat 3+1 manzaralı araç taks olr,none,0,0,0,0,0,none,0,,1324065818
Ara Kat,SELİM HANEFİOĞLUN'DAN JANDARMA YANI ARA KAT 3+1 SATILIK DAİRE,none,0,0,0,0,0,none,0,,1318233871
Ara Kat,ORSA'dan █ ÇARŞIYA YAKIN - ARA KAT - SIFIR 2+1 DAİRE,none,0,0,0,0,0,none,0,,1324221563
,Sahibinden Acil satılık fiyat düştü,none,0,0,0,0,0,none,0,,1329930267
,ESENBOĞA MERKEZ'DE SATILIK 1+1 YÜKSEK GİRİŞ DEPOLU SIFIR DAİRE,none,0,0,0,0,0,none,0,,1330820457
Ara Kat,DİMAXTAN SON DAİRELER. CUMHURİYET MAH. ARI CAD. 2+1 LER.,none,0,0,0,0,0,none,0,,1318393437
En Üst Kat,ÖZAR GRUPTAN YILDIRIM BEYAZITTA SATILIK 2+1 DAIRE,none,0,0,0,0,0,none,0,,1329814379
Ara Kat,YÜKSELEN EMLAK'TAN YAVUZSELİMDE KİLERLİ SIFIR 3+1 DAİRE,none,0,0,0,0,0,none,0,,1330009695
,**SARIYILDIZ**DAN 3+1 SATILIK DAİRE,none,0,0,0,0,0,none,0,,1321558760
,Y.BEYAZIT MİLLET BAHÇESİ YAKINI PARK CEPHELİ HESAPLI SATILIK 3+1,none,0,0,0,0,0,none,0,,1330189545
Ara Kat,"OSMANLI DAN 5 MİLYONA KADAR FİNANSMAN KULLANILABİLİR 4,5+1",none,0,0,0,0,0,none,0,,1296703915
En Üst Kat,ESENBOĞA DA SATILIK YATIRIMLIK SIFIR 1+1 DAIRE,none,0,0,0,0,0,none,0,,1317832629
,Cumhuriyet mahallesinde 160 m2 3+1 daire,none,0,0,0,0,0,none,0,,1329770098
,Satlık Daire,none,0,0,0,0,0,none,0,,1329553908
,Sahininden Satılık 1+1 Daire,none,0,0,0,0,0,none,0,,1329676858
Ara Kat,Hastane Yanı Merkeze Yakın Yatırım İçin Fırsat 3+1 Dairemiz,none,0,0,0,0,0,none,0,,1274003630
Ara Kat,DİMAXTAN 2+1 YENİ BİNADA SON DAİRELER.,none,0,0,0,0,0,none,0,,1318403641
,Çubuk Esenboğa Merkez Mahallesinde Yatırıma Uygun Satılık Daire,none,0,0,0,0,0,none,0,,1329627176
Ara Kat,▇YAVUZ HANEFİOĞLU GAYRİMENKUL▇EBEVEYN BANYOLU KİLERLİ SATILIK3+1,none,0,0,0,0,0,none,0,,1266558736
,**SARIYILDIZ**DAN** 3+1 KREDİ LİMİTSİZ SATILIK DAİRE,none,0,0,0,0,0,none,0,,1298304700
,ESENBOĞADA BÖLGENİN EN PRESTİJLİ PROJESİNDE 9.KATTA 1+1 SATILIK,none,0,0,0,0,0,none,0,,1312038010
,ACİL KİRACILI EŞYALI SATILIK 1+1,none,0,0,0,0,0,none,0,,1301351738
,HASTANE YANINDA PARK CEPHE 3+1,none,0,0,0,0,0,none,0,,1323685305
,▇YAVUZ HANEFİOĞLU GAYRİMENKUL▇ YILDIRIM BEYAZIT MAH. 3+1 SATILIK,none,0,0,0,0,0,none,0,,1314929109
En Üst Kat,ÇUBUK 3+1 LÜKS DAİRE,none,0,0,0,0,0,none,0,,1323296539
,YÜKSELEN EMLAK'TAN YAVUZSELİMDE GİRŞ KAT 3+1 DAİRE,none,0,0,0,0,0,none,0,,1329922985
,CUMHURİYET MAH 3+1 KÖK TAPU CADDE CEPHELİ SATILIK ARAKAT DAİRE,none,0,0,0,0,0,none,0,,1330115165
Ara Kat,AKTAŞ GRUPTAN SÜPER GENİŞ ÜÇ CEPHELİ,none,0,0,0,0,0,none,0,,1325021671
,FULL YAPILI MASRAFSIZ 1. NOTER KARŞISI 3+1 SATILIK DAİRE,none,0,0,0,0,0,none,0,,1324172179
Ara Kat,BULVAR GAYRİMENKUL'DEN SATILIK ARA KAT ASANSÖRLÜ 3+1 DAİRE,none,0,0,0,0,0,none,0,,1312644502
Ara Kat,ARAKAT İÇİ YAPILI 3+1 GÜNEY BATI CEPHELİ SATILIK DAİRE,none,0,0,0,0,0,none,0,,1324096914
,KURBAN TEPE'DE SIFIR YÜKSEK GİRİŞ 2+1 HESAPLI DAİRE,none,0,0,0,0,0,none,0,,1329408089
,SELİM HANEFİOĞLUN'DAN JANDARMA YANI SATILIK 1+1,none,0,0,0,0,0,none,0,,1330398052
Ara Kat,ÖZALP&HARUN GRUP'TAN 3+1 GENİŞ YAPILI FERAH DAİRE,none,0,0,0,0,0,none,0,,1317126732
En Üst Kat,ESENBOĞA'DA BERKER'DEN MERKEZDE KATTA FIRSAT DAİRESİ,none,0,0,0,0,0,none,0,,1329374562
Ara Kat,ESENBOĞA'DA BERKER'DEN HAVUZLU SİTEDE KUPON DAİRE,none,0,0,0,0,0,none,0,,1329372594
Ara Kat,DEMİRTAŞ TAN CUMHURİYET MAH FUL YAPILI GÜNEY CEP 2.KAT 4+1 DAİRE,none,0,0,0,0,0,none,0,,1323526991
,**SARIYILDIZ**DAN GÜNEY CEPHELİ 3+1 ARA KAT LÜX SATILIK DAİRE,none,0,0,0,0,0,none,0,,1316694078
,sahibinden çarsi merkezinde 3+1 daire,none,0,0,0,0,0,none,0,,1329338757
En Üst Kat,Çubuk Satılık Daire | Lale 92 Sitesi | Geniş ve Kullanışlı 3+1,none,0,0,0,0,0,none,0,,1329280300
Ara Kat,ANKARA BULVARINA CEPHE YATIRIMLIK FIRSAT DAİRE,none,0,0,0,0,0,none,0,,1318236398
Ara Kat,VİP AKADEMİ 1+1 SİTE İÇERİSİNDE YATIRIMLIK DAİRE,none,0,0,0,0,0,none,0,,1329243778
,ÖZAR GRUPTAN YILDIRIM BEYAZIT MAH. SATILIK 3+1 DAİRE,none,0,0,0,0,0,none,0,,1329448758
,YÜKSELEN EMLAK'TAN YILDIRIM BEYAZITTA YÜKSEK GİRİŞ 3+1 DAİRE,none,0,0,0,0,0,none,0,,1329642872
En Üst Kat,ESENBOĞA'DA BERKER'DEN KATTA MERKEZDE KUPON DAİRE,none,0,0,0,0,0,none,0,,1329234976
Ara Kat,ESENBOĞA'DA BERKER'DEN ANKARA YOLUNA ÇOK YAKIN KATTA DAİRE,none,0,0,0,0,0,none,0,,1323371076
Ara Kat,ARGE GRUP'TAN LUXURY APT 1 2+1 DAİRELERİMİZ,none,0,0,0,0,0,none,0,,1211062998
En Üst Kat,ÇUBUK YILDIRIM BEYAZID MAH.3+1 SATILIK DAİRE,none,0,0,0,0,0,none,0,,1320836075
Ara Kat,DİMAXTAN CUMHURİYET MAH.ARI CAD. YENİ BİNADA 2+1 LÜKS DAİRE BOŞ.,none,0,0,0,0,0,none,0,,1318390543
Ara Kat,"SAHİBİNDEN ULTRA LÜX DAİRE ,SIFIR EŞYALI, HAZIR KIRACILI YATIRIM",none,0,0,0,0,0,none,0,,1323323777
,yıldırim Beyazıt mah 3+1,none,0,0,0,0,0,none,0,,1329168135
,"SON FIRSAT, BU FİYATA BAĞIMSIZ MUTFAK 2+1 DAİRE BULAMAZSINIZ !!!",none,0,0,0,0,0,none,0,,1317240838
,ESENBOĞA DUMLPINARDA ÜNİVERSİTE YAKINI SATILIK 1+1 DAİRE,none,0,0,0,0,0,none,0,,1323167217
,ŞOK FİYAT KİLERLİ EBEVEYN BANYOLU LÜX DAİRE,none,0,0,0,0,0,none,0,,1329075443
,"Cumhuriyet mahallesi 2,5+1 BAĞIMSIZ MUTFAK",none,0,0,0,0,0,none,0,,1329048772
,İMAREMLAK2'DEN SIFIR EKSİKSİZ GENİŞ 1+1 AYBÜ YAKINI TERAS BALKON,none,0,0,0,0,0,none,0,,1316632522
,**SARIYILDIZ**DAN SATILIK ÇOK UYGUN FİYATLI SATILIK DAİRE,none,0,0,0,0,0,none,0,,1323631812
En Üst Kat,YÜKSELEN EMLAK'TAN YAVUZ SELİM MHALLESİNDE ÜST KAT SATILIK DAİRE,none,0,0,0,0,0,none,0,,1311842509
Ara Kat,Y.BEYAZIT MERKEZİ KONUM 3+1 İLKEVİM EMİNEVİM FUZULEVİME UYGUN,none,0,0,0,0,0,none,0,,1310729804
,ANK.ASAF EMLAKTAN ESENBOĞA :DA SIFIR EŞYALI GENİŞ FERAH DAİRE,none,0,0,0,0,0,none,0,,1323593185
,CUMHURIYET 3+1 SATILIK YATIRIM FIRSATI,none,0,0,0,0,0,none,0,,1313492902
,ESENBOĞA MAHALLESİNDE EŞSİZ KONUMDA SATILIK 1+1,none,0,0,0,0,0,none,0,,1323830331
Ara Kat,▉▉MERCAN'dan YA.SELİMDE 4+1 NET 170m² EB.BANYO KAT/ 7 EMSALSİZ.!,none,0,0,0,0,0,none,0,,1319613885
Ara Kat,HİLAL EMLAK'TAN MÜSTAKİL DAİRE,none,0,0,0,0,0,none,0,,1325583165
Ara Kat,YILMAZLAR GRUP TAN HASTANE ARKASINDA EMSALSİZ 3+1 SATILIK DAİRE,none,0,0,0,0,0,none,0,,1321503837
,ATATÜRK MAH. LÜX YAPIM SIFIR 3+1 DAİRE,none,0,0,0,0,0,none,0,,1323150115
,YILMAZLAR GRUP TAN HASTANE ARKASINDA 3+1 SIFIR GÜNEY CEPHE !!!!!,none,0,0,0,0,0,none,0,,1247239732
Ara Kat,"TERAS BALKONLU EN MERKEZİ KONUMDA 150 M2 3,5+1 FULL DAİRE",none,0,0,0,0,0,none,0,,1317242606
Ara Kat,"▉▉MERCAN'dan CUMHURİYETTE 4,5+1 NET 155m² YÜKSEK GİRİŞ EB.BANYO",none,0,0,0,0,0,none,0,,1329726106
Ara Kat,OSMANLI DAN CUMHURİYET MAHALLESİ KÖŞEBAŞI ARAKATTA ŞIK GÜZEL 3+1,none,0,0,0,0,0,none,0,,1270651701
Ara Kat,AKTAŞ GRUPTAN CADDE CEPHELİ ÖNÜ AÇIK SIFIR DAİRE,none,0,0,0,0,0,none,0,,1323916603
Ara Kat,ESENBOĞA'DA BERKER'DEN SİTE İÇERİSİNDE İSKANLI KUPON DAİRE,none,0,0,0,0,0,none,0,,1326317430
Ara Kat,"▉▉MERCAN'dan ÇINAR KULE 4,5+1 NET 170m² EB.BANYO GİYİNME O KAT/8",none,0,0,0,0,0,none,0,,1317396679
Ara Kat,İSKANLİ HAZIR KİRACILI 1+1 DAİRE ANA YOL YAKINI,none,0,0,0,0,0,none,0,,1329471544
,▇ YAVUZ HANEFİOĞLU GAYRİMENKUL ▇ KREDİ SORUNSUZ 3+1 KÖK TAPU,none,0,0,0,0,0,none,0,,1331902361
Ara Kat,▉▉MERCAN'dan YILD.BEYAZITTA 3+1 NET 120m² EB.BANYO KREDİ SORUNSZ,none,0,0,0,0,0,none,0,,1324184833
,DUMLUPINARDA ÜNİVERSİTEYE YAKIN 1+1 YATIRIMA UYGUN,none,0,0,0,0,0,none,0,,1333836362
Ara Kat,PARK CEPHELİ 2+1 İSKANLI,none,0,0,0,0,0,none,0,,1307989539
,ESENBOĞADA 1+1 ŞEÇKİN PROJE,none,0,0,0,0,0,none,0,,1323450253
,Sahibinden ! Katta Fırsat Dairesi 1+1,none,0,0,0,0,0,none,0,,1329037575
,ÇUBUK YILDIRIM BEYAZIT MAH. KULE SİTEMİZDE 3+1 ULTRA LÜX EVLER!!,none,0,0,0,0,0,none,0,,1332352183
Ara Kat,FIRSAT! ARA KATTA EBEVEYN BANYOLU 3+1 MASRAFSIZ SATILIK DAİRE,none,0,0,0,0,0,none,0,,1328116078
,LÜX VE ŞIK TASARIM/KONFORLU YAŞAM/KİLERLİ/2+1 B.M.,none,0,0,0,0,0,none,0,,1327053048
Ara Kat,SAĞLAM EMLAKTAN HASTANE ARKASIN DA SIFIR 2+1 AMERİKAN MUTFAK,none,0,0,0,0,0,none,0,,1286732477
Ara Kat,SELİM HANEFİOĞLUN'DAN YAVUZ SELİMDE 3+1 YAPILI ARA KAT DAİRE,none,0,0,0,0,0,none,0,,1335022401
Ara Kat,SAĞLAM EMLAKTAN YAVUZ SELİM MH MERKEZE YAKIN ARA KAT 3+1 DAİRE,none,0,0,0,0,0,none,0,,1334745516
Ara Kat,ARAS'dan Çubuk Esenboğa'da Full Yapılı 2+1 Satılık Daire,none,0,0,0,0,0,none,0,,1335033735
Ara Kat|En Üst Kat,BAŞKENT YAPI'DAN ESENBOĞA'DA SATILIK MODERN & FERAH DAİRELER,none,0,0,0,0,0,none,0,,1334992138
En Üst Kat,ESENBOĞADA CADDEDE BAĞIMISIZ MUTFAKLI FULL EYŞALI SATILIK DAİRE,none,0,0,0,0,0,none,0,,1335018702
Ara Kat,HASTANE ARKASI SÜPER KONUM ARAKAT 2+1 SIFIR LÜKS DAİRE,none,0,0,0,0,0,none,0,,1334991234
En Üst Kat,ORSA'dan █ ÖNÜ PARK - HAZIR KİRACILI - KÖŞE 1+1 DAİRE,none,0,0,0,0,0,none,0,,1334827487
Ara Kat,FIRSAT3+1/ATATÜRK MAH./GENİŞ FERAH /TERAS BALKONLU/EVBEYİN BANYO,none,0,0,0,0,0,none,0,,1334816950
,YILDIRIM BEYAZIT MAHALLESİ 1+1,none,0,0,0,0,0,none,0,,1334758757
,YILDIRIM BEYAZIT ÜNİVERSİTESİ YAKININDA PLATİN PANORA SİTESİNDE,none,0,0,0,0,0,none,0,,1334732454
Ara Kat,ETİMESGUT AHİ MESUT MAHALLESİNDE 175 M2 SİTE İÇERİSİNDE 3+1,none,0,0,0,0,0,none,0,,1329623729
Ara Kat,FIRSATT ELVANKENT 14.CAD YANI ARA KAT ÖN CEPHE 3+1 GENİŞ DAİRE,none,0,0,0,0,0,none,0,,1307262276
,AYYILDIZ MAH. SİTE İÇİ GÜNEY CEPHE MASRAFSIZ 145m2 3+1 FIRSAT !,none,0,0,0,0,0,none,0,,1323601163
Dubleks|En Üst Kat|Çatı Dubleksi,4+1 ASANSÖRLÜ DUBLEKS ATAKENT MAHALLESİNDE ÇARŞI DİBİNDE,roof,1,1,0,0,0,detail_and_title,0,title_generic_confirms_detail_subtype,1335211862
Ara Kat,KAYNAK'tan Alsancak Mahallesinde Satılık 3+1 Daire,none,0,0,0,0,0,none,0,,1322504810
Ara Kat,AHİMESGUT MAH 3+1 160 M2 KİLER'Lİ SATILIK 2 BLOKLU SİTE DAİRESİ,none,0,0,0,0,0,none,0,,1325135922
Ara Kat,AHİMESUT BULVARI TERAS BALKON FUL YAPILI SATILIK GENİŞ 3+1 DAİRE,none,0,0,0,0,0,none,0,,1318244006
,EŞYALI SATILIK_2+1_105M2_FİNANS KATILIMLARA UYGUN_,none,0,0,0,0,0,none,0,,1328771320
,ALSANCAK MAH 'DE ASANSÖRLÜ GENİŞ 3+1 KÖK TAPU DAİRE,none,0,0,0,0,0,none,0,,1328545207
,Bahçen Elvanşehir Sitesi Sahibinden Satılık Lüks Daire,none,0,0,0,0,0,none,0,,1311763768
Ara Kat,"AHIMESUT BAHÇEM KONUTLARI 3,5+1 EBEVEYN BANYOLU",none,0,0,0,0,0,none,0,,1322317503
Ara Kat,Pİ GAYRİMENKULDEN ETİMESGUT AYYILDIZ'DA 3+1 SIFIR LÜKS DAİRE,none,0,0,0,0,0,none,0,,1313206705
Ara Kat,ALSANCAK MAH DE KOT ALTI SATILIK 2+1 DAİRE,none,0,0,0,0,0,none,0,,1335250480
Ara Kat,Alsancak'ta Satılık Bahçe Katı 3+1 Daire - 120m² Net,none,0,0,0,0,0,none,0,,1325476004
,AYYILDIZ'DA BAĞIMSIZ MUTFAKLI 90m2 GENİŞ BALKONLU YATIRIMLIK 2+1,none,0,0,0,0,0,none,0,,1328873503
Ara Kat,Etimesgut Alsancak'ta Ultra Lüks 3+1 Satılık Daire,none,0,0,0,0,0,none,0,,1324660444
,Etimesgut Alsancak mah. 2+1 asansörlü Dairemiz,none,0,0,0,0,0,none,0,,1331478753
Ara Kat,ETİMESGUT ATAKENT'TE 152 m² NET 4+1 | EBEVEYN BANYOLU,none,0,0,0,0,0,none,0,,1327190720
Ara Kat,BAĞLICA 2'DE GENİŞ 135M2 ARA KAT 3+1 SATILIK DAİRE,none,0,0,0,0,0,none,0,,1321060009
Ara Kat,AHİ MESUTTA 170 M² ASANSÖR 2 CAM BALKON FULL YAPILI 3+1,none,0,0,0,0,0,none,0,,1334001654
Ara Kat,AYYILDIZ MAHALLESİ HUZUR SİTESİNDE EMSALSİZ MİMARİ SATILIK 3+1..,none,0,0,0,0,0,none,0,,1294103803
,FIRSAT!ALSANCAK MAHALLESİ ASANSÖRLÜ LÜKS YAPILI FULL EŞYALI 2+1,none,0,0,0,0,0,none,0,,1330219371
Ara Kat,ELVAN CAD. BAĞLICA SINIRI ADA PARK BALLI RESIDENCE SATILIK 3+1,none,0,0,0,0,0,none,0,,1333497059
,ALSANCAKDA KONUMU VEİÇ TASARIMIYLA FARK YARATAN ULTRA LÜKS DAİRE,none,0,0,0,0,0,none,0,,1333725814
En Üst Kat,AYYILDIZ MAHALLESİNDE 3+1 SATILIK DAİRE,none,0,0,0,0,0,none,0,,1327552209
Ara Kat,NET GAYRİMENKUL'DEN ETİMESGUT'TA SATILIK FIRSAT DAİRE,none,0,0,0,0,0,none,0,,1327103930
Ters Dubleks,Alsancak mahallesinde 3+1 geniş fırsat dairee! KİRA GETİRİLİ!,standard,1,0,0,0,1,detail,0,,1290642359
Ara Kat,ALSANCAK'DA HALK EKMEK ARKASI SIFIR E.BANYOLU GENİŞ BALKONLU 3+1,none,0,0,0,0,0,none,0,,1330572378
En Üst Kat,ALSANCAK MAH. 125m² ULTRA LÜKS YENİLENMİŞ 3+1 DAİRE FIRSATI,none,0,0,0,0,0,none,0,,1313959900
Ara Kat,֍֍UĞUR YALÇIN GYO֍֍│ARA KAT│SİTE│GÜVENLİK│SERVİS GÜZERGAHI,none,0,0,0,0,0,none,0,,1334219804
,ELVANKENT AYYILDIZ MAHALLESİ SİTE İÇİ SÜPERLÜX YAPILI 4+1 SATILI,none,0,0,0,0,0,none,0,,1321487440
Ara Kat,AYYILDIZ MH. SIFIR ARAKAT ÖN CEPHE GENİŞ BALKONLU VESTİYER ODALI,none,0,0,0,0,0,none,0,,1324133039
,BAKİ DEN ELVANKENT ATAKENT MAH SAĞLIK OCAĞI TREN GARI YANI 3+1,none,0,0,0,0,0,none,0,,1330442946
Ara Kat|Dubleks|Çatı Dubleksi,ATAKENT MAH. SATILIK 6+1 JAKUZİLİ TERASLI DUBLEX,roof,1,1,0,0,0,detail_and_title,0,title_generic_confirms_detail_subtype,1333256606
,ETİMESGUT AYYILDIZ'DA 3.5+1 YÜKSEK GİRİŞ YAPILI SİTE DAİRESİ,none,0,0,0,0,0,none,0,,1321099087
Ara Kat,Sahibinden satılık daire,none,0,0,0,0,0,none,0,,1332996182
Ara Kat,EMRE EMLAK'TAN ATAKENT'TE ARAKAT ÇİFT BALKONLU SATILIK 3+1 DAİRE,none,0,0,0,0,0,none,0,,1333300988
,ALSANCAK MAHALLESİNDE SATILIK 3+1 DAİRE,none,0,0,0,0,0,none,0,,1311024712
Dubleks,ACT GAYRİMENKUL ALSANCAK BULVAR ÜZERİ TERASLI 3+1 DUBLEKS DAİRE!,standard,1,0,0,0,1,detail_and_title,0,,1330033709
Ara Kat,EMLAK PALACE | AYYILDIZ MAH FIRSAT SÜPER LÜX 140M2,none,0,0,0,0,0,none,0,,1313368444
Ara Kat,ARASTA'DAN ALSANCAK'TA ARA KAT 3+1 KREDİYE UYGUN DAİRE,none,0,0,0,0,0,none,0,,1321039800
Dubleks,AHİMESUT MAHALLESİNDE 5+1 MANZARALI SATILIK GENİŞ DUBLEKS TERAS,standard,1,0,0,0,1,detail_and_title,0,,1326710040
Ara Kat,EVİNBURDA CONCEPT GÜVENCESİYLE AYYILDIZDA 3+1 ARAKAT DAİRE,none,0,0,0,0,0,none,0,,1329697406
En Üst Kat,Bahçen Elvanşehir Sitesi Satılık Manzaralı Lüks 4+1 Daire,none,0,0,0,0,0,none,0,,1332572724
Ara Kat,AYILDIZ-MAHALLESIN'DE-3+1-SÜPERLÜKS-GENİŞM2-DAİRE_FIRSATI,none,0,0,0,0,0,none,0,,1320690456
Ara Kat,HOBİ BAHÇELİ_ARA KAT_GİYİNME ODALI_GENİŞ BALKONLU_ULTRA LÜX 3+1,none,0,0,0,0,0,none,0,,1326664668
Ara Kat,Pİ GAYRİMENKUL'DEN AHİ MESUT'TA KÖK TAPU 3+1 SATILIK DAİRE,none,0,0,0,0,0,none,0,,1332515606
Ara Kat,DİALOG BORDO'DAN BAHÇEN ELVAN ŞEHİR SİT. 7/24 GÜV. K.HAVUZ 3+1,none,0,0,0,0,0,none,0,,1301086534
,Alsancak Mah. Halk Ekmek Tarafı Satılık 2+1 Daire,none,0,0,0,0,0,none,0,,1326536194
Ara Kat,ETİMESGUT ATAKENT MAH BANKA BLOKLARI YAPILI 3+1 SATILIK DAİRE,none,0,0,0,0,0,none,0,,1319882536
,VATANGAYRİMENKUL DEN SATILIK 3+1 DAİRE,none,0,0,0,0,0,none,0,,1319532359
Ara Kat,"AHİ MESU'TTA GENİŞ,FERAH VE ULTRA LÜKS YAŞAM SİZLERİ BEKLİYOR",none,0,0,0,0,0,none,0,,1331833613
En Üst Kat,AYYILDIZ'DA PANORAMİK MANZARALI FERAH SON KATTA LÜX 4+1 DAİRE,none,0,0,0,0,0,none,0,,1326217709
Ara Kat,AYYILDIZ'DA ARAKATTA ÖN CEPHE KÖŞE CEPHE 3+1 SATILIK DAİRE,none,0,0,0,0,0,none,0,,1331795593
Ara Kat,ATAKENT MAH. KAT KONUMUNDA ALTINDA DAİRE OLAN Y.GİRİŞ 3+1,none,0,0,0,0,0,none,0,,1324451478
Çatı Dubleksi,SAHİBİNDEN,roof,1,1,0,0,0,detail,0,,1313913758
En Üst Kat,█ COŞKUNSEL'DEN█ 175M2*█*4+2 MASRAFSIZ MANZARALI ÖNÜ AÇIK TERAS█,none,0,0,0,0,0,none,0,,1331581466
Çatı Dubleksi,ADARYA'DAN ALSANCAK MAH. GENÇ BİNADA FULL+FULL YAPI 4+1 DUBLEKS,roof,1,1,0,0,0,detail_and_title,0,title_generic_confirms_detail_subtype,1279693303
Ara Kat,14. Cadde ile Okulların Ortasında Temiz Bakımlı Daire,none,0,0,0,0,0,none,0,,1048282784
,*** ALSANCAK 4+1 FULL YAPILI MASRAFSIZ ***,none,0,0,0,0,0,none,0,,1318041540
Ara Kat|En Üst Kat,ALSANCAK DA GÜNEY CEPHE ÇİFT BALKONLU 3.KAT ÖN CEPHE LÜX 3+1,none,0,0,0,0,0,none,0,,1330634432
Ara Kat,BAĞLICA 2 BÖLGESI'NDE ÖN CEPHE ARA KAT 2+1 KREDİYE UYGUN SATILIK,none,0,0,0,0,0,none,0,,1323421585
Ara Kat,BAĞLICA CADDE ÜZERİ-KÖK TAPULU-SİTE İÇİ-KAPALI OTOPRK-ÇİFT BANYO,none,0,0,0,0,0,none,0,,1332092996
Ara Kat,BAŞKENT TERAS EVLER SİTESİ YAPILI VİLLA TİPİ TERASLI BOŞ 4+1,none,0,0,0,0,0,none,0,,1331848265
,TÜRK BEYLERİ KENT MEYDANI KARŞISI CEPHELERİ AÇIK GENİŞ 3+1 DAİRE,none,0,0,0,0,0,none,0,,1307515797
En Üst Kat,DİLAYDAN HOBİ BAHÇELİ K.OTOPARKLI 4+1 SATILIK LÜKS DAİRE,none,0,0,0,0,0,none,0,,1335416802
Ara Kat,IRMAK EMLAK-Bağlıca Satılık2+1 Site İçinde Bağımsız Mutfak Daire,none,0,0,0,0,0,none,0,,1334762441
,İKİZLER EMLAKTAN BAĞLICA BULVAR 145 M2 3+1 FIRSAT DAİRE TAKAS,none,0,0,0,0,0,none,0,,1335356613
,BAĞLICA DA MERKEZİ KONUMDA LÜX DAİRE,none,0,0,0,0,0,none,0,,1239994172
Ara Kat,AKEL PARK SİTESİ SATILIK 4+1 CAM BALKON AÇIK-KAPALI OTOPARK,none,0,0,0,0,0,none,0,,1332200842
Ara Kat,PLUS LİFE SİTESİN'DE SATILIK ULTRA LÜKS 4+1 DAİRE,none,0,0,0,0,0,none,0,,1309302641
,Çakırlar Merkezinde Geniş Ve Ferah3+1 Satılık Daire/REMAX ENBATI,none,0,0,0,0,0,none,0,,1323442133
Ara Kat,İSTGATEDE EMSALSİZ 40M² TERASLI GİYİNME ODALI KİLERLİ GENİŞ 2+1,none,0,0,0,0,0,none,0,,1269556803
,HSN GAYRİMENKUL'DEN GAMADOR PARLA'DA SATILIK 1+1 45m2 7.KATTA,none,0,0,0,0,0,none,0,,1317719011
,Velux Ankara'da Lüks 4+1 Daire: 223m² + 200m² Bahçe PZ.,none,0,0,0,0,0,none,0,,1290428977
,"Ara kat,Manzaralı,3+1 Sahibinden Satılık Boş Daire",none,0,0,0,0,0,none,0,,1324767667
,VELUX ANKARA YETKİLİ ÇÖZÜM ORTAĞINDAN EŞYALI SATILIK DAİRE,none,0,0,0,0,0,none,0,,1320680789
Ara Kat,ÇAKIRLAR MAH'NİN GÖZDE SİTESİNDE FULL YAPILI 4+1 SATILIK DAİRE,none,0,0,0,0,0,none,0,,1295277203
,"ERGAZİ MAH.& ÇAĞLAR KENT SİTESİ, Y. GİRİŞ",none,0,0,0,0,0,none,0,,1304973372
,''EVİNBİZDEN'' YENİ BATI PLUS METRO YANI BAŞI,none,0,0,0,0,0,none,0,,1334948212
,CB'dan Fixgross yakını boş 3+1 Satılık Daire,none,0,0,0,0,0,none,0,,1335381302
,BATIKENT ORKOOP SİTESİNDE BAKIMLI FERAH 3+1 SATILIK DAİRE,none,0,0,0,0,0,none,0,,1335385215
Ara Kat,"ANKARA BATIKENT MERKEZDE, LÜKS YAPILI 4+1 SATILIK DAİRE",none,0,0,0,0,0,none,0,,1335374221
Ara Kat,ERGAZİ'DE ORJİNAL MARKALARLA FUL+FUL YAPILI SATILIK 3+1 DAİRE,none,0,0,0,0,0,none,0,,1329359946
Ara Kat,MERKEZ ANKARA'DA ÖZEL BAHÇE TAHSİSLİ HİÇ KULLANILMAMIŞ 1+1 DAİRE,none,0,0,0,0,0,none,0,,1326172810
,Gazi Mahallesi Yeni Bina Satılık 1+1 Ahududu sok. Harika Konum,none,0,0,0,0,0,none,0,,1329915444
Dubleks,GAZİ MAH 4+1 KIŞ BAHÇELİ TERASLI SATILIK DAİRE,standard,1,0,0,0,1,detail,0,,1329972273
Dubleks,"GAZİ Üni-Cumhurbaşkanlığına yakın, Teras bağımsız olur,220 M2",standard,1,0,0,0,1,detail,0,,1318575256
Ara Kat,MERKEZ ANKARA ŞEHİR SUİTLERİNDE ŞEHİR MANZARALI SATILIK 2+1,none,0,0,0,0,0,none,0,,1244224255
En Üst Kat,GAZİ MAH. CADDE ÜZERİ 2.KAT YAPILI 3+1 SATILIK DAİRE.,none,0,0,0,0,0,none,0,,1325322124
En Üst Kat|Çatı Dubleksi,"EMNİYET MAHALLESİNDE AYDINLIK TERASLI, KREDİYE UYGUN DUBLEKS",roof,1,1,0,0,0,detail_and_title,0,title_generic_confirms_detail_subtype,1323981530
Ters Dubleks,GAZİ MAHALLESİ DUBLEKS DAİRE,standard,1,0,0,0,1,detail_and_title,0,,1308507939
Ara Kat,GAZİ MAH AHUDUDU SK 1+1 DAİRE YENİ BİNA 4.600.000 TL,none,0,0,0,0,0,none,0,,1331653981
Ara Kat,"Gazi üniversitesine yakın , yapılı ayrı mutfaklı 1,5 +1 daire",none,0,0,0,0,0,none,0,,1331758326
Ara Kat,GAZİ ÜNİVERSİTESİ KARŞISI SIFIR BİNADA 1+1 2+1 SATILIK DAİRELER,none,0,0,0,0,0,none,0,,1332536876
,MERKEZ ANKARA ŞEHİR SÜİTİ 2+1 144 m2,none,0,0,0,0,0,none,0,,1327113226
Dubleks,ARIKAN YATIRIMDAN 3+1 GAZİ MAHALLESİNDE DUBLEX SATILIK DAİRE,standard,1,0,0,0,1,detail_and_title,0,,1315433059
Çatı Dubleksi,KUZEYDEN GAZİ MAHALLESİNİN MERKEZİNDE SATILIK TERAS DUBLEKS DAİR,roof,1,1,0,0,0,detail_and_title,0,,1323384443
,KUZEYDEN 3. KAT 3+1 YATIRIMA KENTSEL DÖNÜŞÜME UYGUN DAİRE,none,0,0,0,0,0,none,0,,1333675824
,MERKEZ ANKARA'DA MÜSTAKİL ÖZEL BAHÇE TAHSİSLİ SATILIK 5+1 DAİRE,none,0,0,0,0,0,none,0,,1257178668
Ara Kat,EMNİYET-GAZİ MAHALLESİNDE YAPILI 3+1 SATILIK DAİRE,none,0,0,0,0,0,none,0,,1322881731
,GAZİ ÜNİV KARŞISINDA SIFIR BİNADA 1+1 2+1 SATILIK DAİRELER,none,0,0,0,0,0,none,0,,1300045383
Ara Kat,ACİL GAZİ'DE CADDE ÜZERİNDE 2+1 ÇİFT BALKON SATILIK DAİRE,none,0,0,0,0,0,none,0,,1332558235
,ACİL ACİL ! GÜVENTEPE CD. ÜZERİ KATTA ÖN CEPHE İÇİ KOMPLE YAPILI,none,0,0,0,0,0,none,0,,1335812494
Ara Kat,"MERKEZİ,AYDINLIK,FERAH! EROL KAYA CD PARALELİ YAPILI İSKANLI 3+1",none,0,0,0,0,0,none,0,,1324646686
,ABY DEN VEYSEL ŞAT.CAD.EMSALSİZ FULL YAPILI FIRSAT DAİRESİ,none,0,0,0,0,0,none,0,,1324164932
Ara Kat,PAMUKLAR'DA 3+1 İSKANLI PARK MANZARALI ANTARESE 5 DK. FUL YAPILI,none,0,0,0,0,0,none,0,,1324213550
Dubleks|En Üst Kat,Satlık Dublex daire,standard,1,0,0,0,1,detail_and_title,0,,1328923453
Çatı Dubleksi,Şehir Hastanesine ve adliye binasına çok yakın sıfır daire,roof,1,1,0,0,0,detail,0,,1322762067
Ara Kat,BARIŞTEPEDE ÇİFT TERAS BALKONLU CADDE ÜZERİ 3+1 SİTE DAİRESİ,none,0,0,0,0,0,none,0,,1325749381
Ara Kat,1453_İSTNBUL_EMLKTAN_ÇİĞDEMTEPEDE_GENİŞ_BALKONLU_ACİL_SATLIK_3+1,none,0,0,0,0,0,none,0,,1331764206
,PAMUKLAR'DA//KREDİYE UYGUN//SIFIR//MANZARALI//KAÇMAYACAK FIRSAT,none,0,0,0,0,0,none,0,,1331593984
Ara Kat,YENİMAHALLA KALETEPE MAHALLESİ KATTA 3+1 140 M2 KREDİYE UYGUN,none,0,0,0,0,0,none,0,,1325760296
,ALTERNATİFİ YOKKK ÇİFT GİRİŞLİ 8+2 SÜPER LÜKS YAPILI MANZARALI,none,0,0,0,0,0,none,0,,1325930333
Ara Kat,BARIŞTEPEDE PARK VE ŞEHİR MANZARALI 3+1 YÜKSEK KAT SİTE DAİRESİ,none,0,0,0,0,0,none,0,,1326323241
,1453_İSTANBUL_EMLAKTAN_PİRİ_CAD_ALTI_SATILIK_3+1_YAPILI_DAİRE,none,0,0,0,0,0,none,0,,1324795369
,PARK STARE SİTESİ'NDE SATILIK 4+1 LÜKS DAİRE,none,0,0,0,0,0,none,0,,1331835511
Ara Kat,PANAROMİK MANZARALI TERAS BALKON GENİŞ MUTFAKLI E.BANYOLU,none,0,0,0,0,0,none,0,,1332074912
En Üst Kat,EGEMEN│ANKARA MANZARALI GENİŞ YÜKSEK KAT 3+1 MASRAFSIZ DAİRE,none,0,0,0,0,0,none,0,,1325735223
Ara Kat,AVCILAR MAH'DE GENİŞ VE MODERN YAPIDA MANZARALI SATILIK 3+1,none,0,0,0,0,0,none,0,,1326206744
,GÜVENTEPE MAH. GENİŞ 4+1 FIRSAT DAİRE | AHMED DOĞAN'dan,none,0,0,0,0,0,none,0,,1315253411
Ara Kat,SELİM CADDESİ ÜZERİNDE ÇOK GENİŞ 4+1 FULL+FULL YAPILI,none,0,0,0,0,0,none,0,,1322940291
Ara Kat,PAMUKLAR MAH FULL YAPILI SİTE DAİRESİ,none,0,0,0,0,0,none,0,,1326661205
,AY STAR EMLAKTAN KAYALAR EROL KAYA CADDESİNDE YAPILI 5+1 DAİRE**,none,0,0,0,0,0,none,0,,1303321490
Ara Kat,SAHİBİNDEN ACİL SATILIK Bölgenin En Geniş Dairesi,none,0,0,0,0,0,none,0,,1332721635
Ara Kat,**SEVİNÇ EMLAK'TAN SEYRANİ GÖBEK YAKINI MASRAFSIZ YAPILI DAİRE**,none,0,0,0,0,0,none,0,,1333448614
Ara Kat,"ŞENTEPE GÜVENTEPE MAHALLESİNİN EN GÜVENİLİR SİTESİ 12,KAT +KİLER",none,0,0,0,0,0,none,0,,1332799081
Ara Kat|Ara Kat Dubleks,"MANZARALI DEV 7+2 DUBLEKS,2DAİRE KULLANIMLI,ULAŞIM KAPIDA,FIRSAT",middle_floor,1,0,0,1,0,detail_and_title,0,title_generic_confirms_detail_subtype,1327174767
Ara Kat,EGEMEN│FULL YAPILI 4+1 ANKARA MANZARALI MUHTARLIK ARKASI DAİRE,none,0,0,0,0,0,none,0,,1321270164
Ara Kat,GÜVENTEPE CAD ÜZERİ 3+1 LÜKS YAPILI SIFIR BİNADA ŞEHİR MANZARALI,none,0,0,0,0,0,none,0,,1333117070
Ara Kat,Saklıkent Vadisinde Sahibinden Satılık 3+1 Daire,none,0,0,0,0,0,none,0,,1327045018
Ara Kat,GÜVENTEPE'NİN PRESTİJLİ SİTESİ ULTRA LÜX ACİL SATILIK 4+1 DAİRE.,none,0,0,0,0,0,none,0,,1332981519
,"ŞENTEPE BURÇ MAH ""G.ODASI E.BANYO"" SIFIR ACİL SATILIK 3+1 DAİRE.",none,0,0,0,0,0,none,0,,1333090001
Ara Kat,BARIŞTEPEDE PİRİ CADDE YAKINI TELEFERİĞE YAKIN SATLIK 2+1 DAİRE,none,0,0,0,0,0,none,0,,1326185273
Ara Kat,İDEAL'DEN MANZARALI EBEVEYN BANYO-GİYİNME ODALI SIFIR 3+1 DAİRE!,none,0,0,0,0,0,none,0,,1327318294
Ara Kat,BU FIRSAT KAÇMAZ PAMUKLAR'DA SİVAS CAD ÜZERİ TERAS BALKONLU 3+1,none,0,0,0,0,0,none,0,,1333482897
Ara Kat,"İDEAL'DEN BOŞ DAİRE ŞEHİR HASTANESİNE 3,5 KM ARA KAT 3+1 DAİRE !",none,0,0,0,0,0,none,0,,1310108303
,POLAT'tan Teras Balkonlu Ankara Manazaralı 3+1,none,0,0,0,0,0,none,0,,1310217884
Ara Kat,"CİHANDAN KALABALLI, DEMİRDAĞ CAD YAKINI SIFIR SATLIK 3+1 DAİRE",none,0,0,0,0,0,none,0,,1314109148
Ara Kat,GÜVENTEPE MAH ETLİK ŞEHİR HASTANESİ 5DAKİKA SIFIR SATLIK 2+1 DAİ,none,0,0,0,0,0,none,0,,1320027417
Ara Kat,PAMUKLAR MAH'DE KIZILCAHAMAM CAD. PARALELİ ARA KAT MASRAFSIZ 3+1,none,0,0,0,0,0,none,0,,1314524660
Ara Kat|Ara Kat Dubleks|Dubleks|En Üst Kat|Bahçe Dubleksi|Çatı Dubleksi|Forleks|Ters Dubleks|Tripleks,VİVA EMLAKTAN PAMUKLARIN EN PRESTİJLİ SİTESİNDE 4+1 ACİL SATILIK,roof,1,1,0,0,0,detail,0,,1333416629
Dubleks,1453_İSTANBUL_EMLKTAN_FULLA_MAĞZASNIN_YANINDA_4+1_SATILIK_DUBLEX,standard,1,0,0,0,1,detail,0,,1320695041
Ara Kat,"Avcılar'da Şehir Manzaralı, Kök Tapulu, 3+1 Satılık Daire",none,0,0,0,0,0,none,0,,1321376182
,PAMUKLAR'DA TEMİZ SİTE İÇİ 3+1 PAZARLIKLI KREDİ SERBEST,none,0,0,0,0,0,none,0,,1331047198
Ara Kat,GÜVENLİKLİ TAM DONANIMLI NEZİH SİTE İÇERİSİNDE 3+1 FULL YAPILI,none,0,0,0,0,0,none,0,,1307714298
,!! E&G'DEN ANA CADDE ÜZERİ LÜX YAPILI ARA KAT GÜNEY CEPHE 4+1 !!,none,0,0,0,0,0,none,0,,1324013157
Ara Kat,GALİP EMLAKTAN PAMUKLARDA BU DAİRE KAÇMAZ,none,0,0,0,0,0,none,0,,1333649413
,YENİMAHALLEDE EMİNEVİME UYGUN ANTERES AVM YAKINI 3+1SATILIKDAİRE,none,0,0,0,0,0,none,0,,1321974827
,Fiyat geçici süreliğine düştü.Satilik Daire,none,0,0,0,0,0,none,0,,1333624140
Ara Kat|Ara Kat Dubleks|Dubleks|En Üst Kat|Bahçe Dubleksi|Çatı Dubleksi|Forleks|Ters Dubleks|Tripleks,KADİR EMLAKTAN BARIŞTEPE MAH FUL YAPILI CADDE ÜZERİ G.BATI CEPHE,roof,1,1,0,0,0,detail,0,,1328018754
,YENİMAHALLE ÇİĞDEMTEPE MAH KERMES CAD. BİRLİK SİTESİ 3+1 148 M2,none,0,0,0,0,0,none,0,,1305431980
Ara Kat,CİHANDAN ÇİĞDEMTEPE SELİM CADDE YAKINI MANZARALI SATLIK 4+1 DAİR,none,0,0,0,0,0,none,0,,1322784379
Ara Kat,"Şentepede Satılık 3+1 Daire, 120m²",none,0,0,0,0,0,none,0,,1328242552
Ara Kat,KAYALAR_PARK_YAKINI_EB.BANYO+GİY.ODALI_İSKANLI_SIFIR_ARA_KAT_3+1,none,0,0,0,0,0,none,0,,1317287151
,AVCILARDA ÇARŞAMBA PAZARI YANI MANZARALI 11.KAT KÖK TAPU İSKANLI,none,0,0,0,0,0,none,0,,1334598274
,SEVİNÇ EMLAK'TAN SEYRANİ GÖBEKTE FULL YAPILI 3+1 MASRAFSIZ DAİRE,none,0,0,0,0,0,none,0,,1334647158
Ara Kat,PAMUKLAR TOKİDE KREDİYE UYGUN 2+1 DAİRE,none,0,0,0,0,0,none,0,,1331952530
Ara Kat,KAYALAR SAKLIKENT VADİ ÜSTÜNDE GİYİNME ODALI FULL YAPILI 4+1**,none,0,0,0,0,0,none,0,,1295616764
Ara Kat,AY STARDAN CADDENİN EN GENİŞ 3+1 'İ YAPILI YÜKSEK KATTA**,none,0,0,0,0,0,none,0,,1316705435
Dubleks,Kaletepe'de Teraslı 6+1 Net 270 m² Satılık Daire,standard,1,0,0,0,1,detail,0,,1327163425
Ara Kat,SIFIR OTURUMA HAZIR İSKANI ALINMIŞ GENİŞ YAPILI 2.KAT 3+1 DAİRE,none,0,0,0,0,0,none,0,,1334457220
Ara Kat,MERKEZİ LOKASYONDA 3+1 GENİŞ FERAH BALKONLU YÜKSEK KAT SİTE İÇİ,none,0,0,0,0,0,none,0,,1316729287
Ara Kat,ANKARA MANZARALI 120 M2 NET KULLANIM ALANLI SATILIK 3+1 DAİRE,none,0,0,0,0,0,none,0,,1322812150
Ara Kat,CİHANDAN KALATEPE DEMİRDAĞ CADDE ÜZERİ SATLIK YAPILI 4+1 DAİRE,none,0,0,0,0,0,none,0,,1316423478
Ara Kat,KAYALARDA CADDE ÜZERİ 4+1 LÜKS YAPILI REZİDANS KONFORU**,none,0,0,0,0,0,none,0,,1322785615
Ara Kat,EGEMEN | PAMUKLAR MAH 4+1 MUAZZAM GENİŞLİ VE MANZARASI BÜYÜLECEK,none,0,0,0,0,0,none,0,,1322809133
,ÇAĞRI EMLAK BU FIRSAT KAÇMAZ CADDE ÜZERİ YENİLENMİŞ MASRAFSIZ3+1,none,0,0,0,0,0,none,0,,1320136166
Ara Kat,ATA EMLAK DAN CADDEYE YKN KATDA İSKANLI SIFIR DAİRELER,none,0,0,0,0,0,none,0,,1333671655
Ara Kat,JOLİ EMLAK'TAN PAMUKLARDA FULL YAPILI ANKARA MANZARALI 3+1 SİTE,none,0,0,0,0,0,none,0,,1301828917
Ara Kat|Ara Kat Dubleks|Dubleks|En Üst Kat|Bahçe Dubleksi|Çatı Dubleksi|Forleks|Ters Dubleks|Tripleks,GOLDTAN CADDE YANI *140 M2 LÜX KATTA MANZARALI *SIFIR 3+1 DAİRE,roof,1,1,0,0,0,detail,0,,1334963895
,Kullanıma hazır 4+1 Ankara manzaralı ev,none,0,0,0,0,0,none,0,,1335782345
En Üst Kat|Çatı Dubleksi,SİTE İÇERİSİNDE KAPALI TERASLI YAPILI 5+1 SATILIK DUBLEKS DAİRE,roof,1,1,0,0,0,detail_and_title,0,title_generic_confirms_detail_subtype,1223797981
,ÇİĞDEMTEPE'DE İSKANLI KÖK TAPU ARA KAT BOŞ 3+1 DAİRE,none,0,0,0,0,0,none,0,,1318335741
,BARIŞTEPE MAH. CADDE YAKINI YAPILI Y. GİRİŞ 2+1 SATILIK DAİRE,none,0,0,0,0,0,none,0,,1328060277
,ANKARA MANZARALI SATILIK 3 + 1 LÜKS DAIRE,none,0,0,0,0,0,none,0,,1335233258
Dubleks,PAMUKLAR'DA MANZARALI BAKIMLI GENİŞ 5+1 SATILIK DAİRE,standard,1,0,0,0,1,detail,0,,1317838588
Ara Kat Dubleks|Dubleks|En Üst Kat|Bahçe Dubleksi|Çatı Dubleksi|Forleks|Ters Dubleks|Tripleks,BARIŞTEPE'DE EROLKAYA CAD ÜZERİ KREDİYE UYGUN SİTEDE YAPILI 3+1,roof,1,1,0,0,0,detail,0,,1321474832
Ara Kat,KAÇIRILMAYACAK FIRSAT! BARIŞTEPE'DE HER YERE YAKIN GENİŞ 3+1**,none,0,0,0,0,0,none,0,,1326658304
Ara Kat,AKATLI'DAN SIFIR-3+1-EBEVEYN-ANK MANZARA-KÖK TAPU FULLA GÖBEK,none,0,0,0,0,0,none,0,,1324631030
,PAMUKLAR'IN SİVAS CD.DE SİTE İÇİ ÇOK BAKIMLI 3+1 !!,none,0,0,0,0,0,none,0,,1329643675
Ara Kat,Lüks -Giyinme Odalı- Yapılı-Cam Balkonlu - Manzaralı 4+1 SATILIK,none,0,0,0,0,0,none,0,,1270883926
,PAMUKLAR KIZILCAHAMAM CADDESİ YANI 3+1 KÖK TAPU FIRSAT DAİRE,none,0,0,0,0,0,none,0,,1334320833
,Pamuklar Sivas Caddesi'nin Tek Sıfır Dairesi,none,0,0,0,0,0,none,0,,1326692922
,AKTÜER'DEN ARA KAT GİYİNME ODASI EBVYN BANYO 4+1 MODERN MİMARİ,none,0,0,0,0,0,none,0,,1332981700
Ara Kat,AKATLIDAN PAMUKLARIN İNCİSİ! SİTE İÇİ 4. KAT T.BALKON S.LÜX 3+1!,none,0,0,0,0,0,none,0,,1335322732
Ara Kat|Ara Kat Dubleks|Dubleks|En Üst Kat|Bahçe Dubleksi|Çatı Dubleksi|Forleks|Ters Dubleks|Tripleks,ŞEHİR HASTANESİ YAKINI PAMUKLAR SEVAL CAD. 26.000TL KİRACILI 2+1,roof,1,1,0,0,0,detail,0,,1334771265
Ara Kat,PAMUKLAR'DA MANZARANIN ZİRVESİ! PRESTİJLİ SİTE İÇİ LÜX YAPI 4+1,none,0,0,0,0,0,none,0,,1333310190
Ara Kat,AKATLI'DAN PAMUKLARDA MASRAFSIZ TERAS BALKONLU FULL YAPILI 3+1,none,0,0,0,0,0,none,0,,1325899069
En Üst Kat,AKATLIDAN MANZARA SEVENLERE ÖZEL SİTE İÇİ G.ODA T.BALKON LÜX 4+1,none,0,0,0,0,0,none,0,,1335829592
Ara Kat,"ARS Susuz'da Satılık 4+1 Daire (168m²) - Oturuma Hazır, Yerden",none,0,0,0,0,0,none,0,,1327450545
,LOFT GAYRİMENKUL'DEN GÖKSU PARK MANZARALI-MODERN YAPI 4+1 DAİRE,none,0,0,0,0,0,none,0,,1333482348
Ara Kat,OKKO'DAN BÖLGENİN EN KEYİFLİ DAİRESİ 4+1 165 M2 ULTRA LÜKS!!!!!!,none,0,0,0,0,0,none,0,,1325368695
,İKON YENİ BATI Projesi 2+1 Satılık Daire,none,0,0,0,0,0,none,0,,1328278972
Ara Kat,"Göksu Parkına Yakın, Ebeveyn Banyolu 2+1",none,0,0,0,0,0,none,0,,1313525254
,PROJEDEN %50 peşinatla 4+1 daire,none,0,0,0,0,0,none,0,,1311203717
Ara Kat,İDEAL'DEN RELAX CADDE 7/24 GÜVENLİKLİ MANZARALI 11.KAT GÜNEY 1+1,none,0,0,0,0,0,none,0,,1328082768
Ara Kat,"Susuz'da Sıfır 2+1 Daire: 90m², Krediye Uygun, 3 Ay Sonra Teslim",none,0,0,0,0,0,none,0,,1331166066
Ara Kat,CUMHURİYET MAHALLESİ'NDE İSTANBUL YOLU CEPHE SATILIK 2+1 DAİRE,none,0,0,0,0,0,none,0,,1327877850
,Susuz Ana Cadde Üzeri Giyinme Odalı Lüks 3+1,none,0,0,0,0,0,none,0,,1333980387
Ara Kat|En Üst Kat,*BÖLGENİN EN GENİŞ PROJESİNDE %50 PEŞİNAT İLE 4+1 DAİRE FIRSATI*,none,0,0,0,0,0,none,0,,1315696330
Ara Kat,SUSUZ BULVAR LENORA YAŞAM İSTANBUL YOLU 4+1 SATILIK DAİRE!,none,0,0,0,0,0,none,0,,1331359459
,KAREM YAŞAM AYRICALIKLI VE MODERN YAŞAMIN YENİ ADRESİ,none,0,0,0,0,0,none,0,,1315263256
Ara Kat,Susuz'da Yeni Bina 1+1 Daire - Yatırım Fırsatı!,none,0,0,0,0,0,none,0,,1314481502
Ara Kat,ERYAMANDA SON FIRSAT ÖZEL ÖDEME İMKANLI 4+1 PROJE DAİRELER,none,0,0,0,0,0,none,0,,1314975732
,ÖN CEPHE İSKANLI HAZIR KİRACILI YATIRIMA UYGUN MÜLK,none,0,0,0,0,0,none,0,,1313198634
Ara Kat,GÜZELYAKADA ANA CADDE ÜZERİ 3+1 MANZARALI FIRSAT SİTE DAİRESİ,none,0,0,0,0,0,none,0,,1324844374
Ara Kat,YAVUZDAN 3+1 KOMBİLİ ASANSÖRLÜ KAPALI GARAJLI ISI YALITIMLI,none,0,0,0,0,0,none,0,,1324493309
Ara Kat,"Cadde Üzeri, İçi yapılı, Masrafsız, Manzaralı 3+1 Satılık Daire",none,0,0,0,0,0,none,0,,1331056554
,ANKARA MANZARALI İSKANLI 6+1 250 M2 DUBLEX ÇİFT GİRİŞ,standard,1,0,0,0,1,title,0,,1284295236
Ara Kat,İstanbul Yolu Ankapark Karş Mega 1453 Projesi 1+1 Satılık Daire,none,0,0,0,0,0,none,0,,1326322186
Ara Kat,İPEKTAŞ CADDE Satış Ofisinden 1+1 55 m2 Satılık Lüx Daire,none,0,0,0,0,0,none,0,,1288250591
Ara Kat,TR İNVEST'TEN İSTANBUL YOLUNDA MEGA 1453 PROJESİ DAİRELERİ,none,0,0,0,0,0,none,0,,1326322565
Ara Kat,MEGA 1453 PROJESİNDE SATILIK 1+1 DAİRE,none,0,0,0,0,0,none,0,,1329425837
Ara Kat,SESSİZ SAKİN EN GÜZEL BÖLGEDE 3+1 4.KAT SALON BAĞIMSIZ ASANSÖRLÜ,none,0,0,0,0,0,none,0,,1335340052
Ara Kat,ACİL FUL YAPILI SATILIK DAİRE,none,0,0,0,0,0,none,0,,1332284480
Dubleks,"Gold Wings 2 KATTA VİLLA KEYFİ 7,5+1 ve 2 Teras HARİKA 2 KAT",standard,1,0,0,0,1,detail,0,,1275349392
,ERYAMAN SUSUZDA SIFIR İSKANLI 4+1 KAPALI OTOPARKLI SATILIK DAİRE,none,0,0,0,0,0,none,0,,1326708383
,AYCAN'DAN İVEDİK CADDESİ CEPHE 3+1 SATILIK İSKANLI DAİRE,none,0,0,0,0,0,none,0,,1298851469
Ara Kat,Susuz'da Göksu Parkı Yakını Ara Kat Satılık 4+1 Daire.,none,0,0,0,0,0,none,0,,1297410194
Ara Kat,"TURYAP'TAN ÖVGÜ LİFE'TA,GİYİNME ODALI,ÇİFT BANYOLU,GENİŞ,BOŞ 3+1",none,0,0,0,0,0,none,0,,1326933387
,ACİL VARLIK MAHALLESİNDE 3+1 100 M² BAHÇE KAT,none,0,0,0,0,0,none,0,,1333103619
Ara Kat,"İSTANBUL YOLUNDA,SIFIR 2+1,İSKANLI,ARAKAT,94M2,EBEV.BANYO,BALKON",none,0,0,0,0,0,none,0,,1333193801
,"Eminevim uygun 3+1 GENİŞ FERAH 150M2 KİLERLİ, SATILIK DAİRE...",none,0,0,0,0,0,none,0,,1312888723
,MEMURDAN SATILIK KİRACILI TOKİ ÇINAR KONAKLARI SİTESİNDE LÜX,none,0,0,0,0,0,none,0,,1327218277
,YENİMAHALLE YEŞİLEVLERDE 3+1 SATILIK DAİRE,none,0,0,0,0,0,none,0,,1323618197
,OSTİM SANAYİYE KOMŞU EŞSİZ MANZARASIYLA İSKANLI SON DAİRELER,none,0,0,0,0,0,none,0,,1333340713
En Üst Kat,Varlık mah .SAHİBİNDEN satılık daire,none,0,0,0,0,0,none,0,,1333349887
Ara Kat|Ara Kat Dubleks|Dubleks|En Üst Kat|Bahçe Dubleksi|Çatı Dubleksi|Forleks|Ters Dubleks|Tripleks,YENİMAHALLE KARŞIYAKADA METRO 900 MT SATILIK 3+1 GENİŞ DAİRE !,roof,1,1,0,0,0,detail,0,,1316236527
,METROYA YÜRÜYÜŞ MESAFESİNDE 2. KAT,none,0,0,0,0,0,none,0,,1330928832
Ara Kat,RELAX CADDE 1+1 SATILIK DAİRE,none,0,0,0,0,0,none,0,,1333410124
Ara Kat,Selçuklu Cad. Üzeri 3+1 E. Banyolu Satılık Daire,none,0,0,0,0,0,none,0,,1333648823
,YEŞİLEVLER MH 4+1 GENİŞ SATILIK DAİRELER,none,0,0,0,0,0,none,0,,1328081663
Ara Kat,YENİMAHALLE SUSUZ 2+1 90m² İST. YOLU CEPHE SATILIK FIRSAT DAİRE,none,0,0,0,0,0,none,0,,1305208055
,3+1 SATILIK SERHAT MAHALLESİ OSTİM YENİMAHALLE ANKARA,none,0,0,0,0,0,none,0,,1325144101
Ara Kat,'Natura'dan*FIRSAT* Yatay Mimari*Sıfır*Kap.Otopark*Peyzaj Manzlı,none,0,0,0,0,0,none,0,,1322175295
,SAHİBİNDEN SATILIK 3+1 KUPON DAİRE,none,0,0,0,0,0,none,0,,1333884781
,"SER İNCİ'DE SATILIK 4+1 175 M2, KİLERLİ, EBEVEYN BANYOLU DAİRE",none,0,0,0,0,0,none,0,,1331665683
Ara Kat,ADEN-FIRSAT FİYATA MEYDAN GÖKSUDA ÇİFT BANYOLU 2+1,none,0,0,0,0,0,none,0,,1328260412
,Satılık Daire,none,0,0,0,0,0,none,0,,1315982933
Ara Kat,Eryaman Majör Sitesi'nde Satılık 4+1 Lüks Daire,none,0,0,0,0,0,none,0,,1326401865
Ara Kat,YENİMAHALLE SERHATTA EMİNEVİME UYGUN SATILIK FIRSAT DAİRE,none,0,0,0,0,0,none,0,,1305169214
En Üst Kat,"Yenimahalle Susuz'da Göksu Yakını Boş Satılık 4,5+1 Daire",none,0,0,0,0,0,none,0,,1334352898
Ara Kat,ERYAMAN SUSUZ'DA 4+1 ARA KATTA HARİKA GENİŞ SATILIK SİTEDE DAİRE,none,0,0,0,0,0,none,0,,1328676838
Ara Kat,KUZEY EMLAK'TAN GÜZEL YAKA MAHALLESİNDE MANZARALI 3+1 DAİRE,none,0,0,0,0,0,none,0,,1334439385
Ara Kat,SUSUZ MAH' DE SIFIR LÜKS YAPILI 2+1 SATILIK DAİRE!,none,0,0,0,0,0,none,0,,1326942032
,AP FOREST GATE SİTESİNDE SAHİBİNDEN SATILIK YAPILI DAİRE,none,0,0,0,0,0,none,0,,1322636199
Ara Kat|Çatı Dubleksi,MARKA EVLER 2 ÜST KAT DUBLEX DAİRE,roof,1,1,0,0,0,detail_and_title,0,title_generic_confirms_detail_subtype,1297347103
En Üst Kat,YENİMAHALLE DEMETEVLER SATILIK 3+1 EPA PUSULA'DAN,none,0,0,0,0,0,none,0,,1328845622
,"Yeni Adliye yakını manzaralı, yapılı,kilerli 4,5+1 satılık daire",none,0,0,0,0,0,none,0,,1331754590
,BÖLGENİN GÖZDE DAİRESİ GENİŞ VE FERAH 2+1,none,0,0,0,0,0,none,0,,1322965099
Ara Kat,ERYAMAN SUSUZ ENDE YAŞAM SİTESİNDE SATILIK 6+1 DAİRE,none,0,0,0,0,0,none,0,,1311207733
Dubleks,Sahibinden Satılık Muhteşem Manzaralı 5+1 Dublex,standard,1,0,0,0,1,detail_and_title,0,,1323070086
Ara Kat,GÜZELYAKA MAH.4+1 ÜST SEGMENT MODERN YAPILI SATILIK DAİRE,none,0,0,0,0,0,none,0,,1334890810
Ara Kat,SERKAN KASAP G.MENKULDEN ANT PRESTİJ SİTESİNDE FULL YAPILI DAİRE,none,0,0,0,0,0,none,0,,1317554673
Ara Kat,GÖKSUDA FREKANS ERYAMANDA SIFIR SATILIK 4+1 DAİRE,none,0,0,0,0,0,none,0,,1325940505
Ara Kat,GÖKSU SUSUZ DA İSKANLI 2+1 KAPALI MUTFAK DAİRE,none,0,0,0,0,0,none,0,,1328012899
Ara Kat,ÜNLÜ'DEN KARŞIYAKA MAH.MASRAFSIZ YAPILI KAT SATILIK 3+1 DAİRE,none,0,0,0,0,0,none,0,,1323230275
Ara Kat,60 m² DEV TERAS BALKON! BÖYLESİ YOK FULL+FULL YENİ 3+1!,none,0,0,0,0,0,none,0,,1294642127
Ara Kat|Ara Kat Dubleks|Dubleks|En Üst Kat|Bahçe Dubleksi|Çatı Dubleksi|Forleks|Ters Dubleks|Tripleks,***KENTSELE UYGUN*** KARŞIYAKA MH. MANZARALI GENİŞ EMSALSİZ 3+1,roof,1,1,0,0,0,detail,0,,1313518710
Ara Kat,DEMETEVLER İVEDİK CADDESİ ÜZERİNDE 3+1 SATILIK DAİRE,none,0,0,0,0,0,none,0,,1335441595
Ara Kat,ERYAMAN SUSUZ'UN KALBİNDE ENDE YAŞAM EVLERİNDE LÜKS 4+1 DAİRE,none,0,0,0,0,0,none,0,,1332619248
,ÇOK KULLANIŞLI 4+1,none,0,0,0,0,0,none,0,,1335486044
Ara Kat,RELAX CADDE'DE BAHÇE TAHSİSLİ 1+1'LER,none,0,0,0,0,0,none,0,,1318665409
Ara Kat,Mood Altınok'ta Eşsiz Satılık Sıfır 4+1 Daireler | REMAX ENBATI,none,0,0,0,0,0,none,0,,1329787629
Ara Kat,"""LIFE CITY GYD"" 2+1 SATILIK İÇİ YAPILI METROYA YAKIN FIRSAT",none,0,0,0,0,0,none,0,,1324034487
En Üst Kat,YENİMAHALLE SERHAT OTOPARKLI FERAH 3+1 DAİRE,none,0,0,0,0,0,none,0,,1334661804
Ara Kat,KUZEY EMLAK'TAN METROYA YAKIN 4.KAT FULL YAPILI 3+1,none,0,0,0,0,0,none,0,,1323945751
,METRO KARŞISI / MERKEZİ SİSTEM / ASANSÖRLÜ / FUL YAPILI /ÖNCEPHE,none,0,0,0,0,0,none,0,,1330323190
Ara Kat,NOVA WEST 3+1 SIFIR SATILIK DAİRE,none,0,0,0,0,0,none,0,,1325617245
,FULLLL YAPILI ANA CADDE ÜZERİNDE 3+1 ASANSÖRLÜ,none,0,0,0,0,0,none,0,,1313350281
Ara Kat,Yeni Batıda Geniş Ferah Mükemmel Lokasyon,none,0,0,0,0,0,none,0,,1330205543
Ara Kat,YONCADAN ÖZEVLERDE 5.KAT 3+1 YAPILI ARAKAT GÜNEY CEPHE DAİRE,none,0,0,0,0,0,none,0,,1324953619
Ara Kat,ANADOLU 1919 PROJESİ'NDE 2+1 ARAKAT EŞSİZ DAİRE & HOME-OFİS,none,0,0,0,0,0,none,0,,1257275120
Ara Kat,ANADOLU 1919 PROJESİ'NDE 2+1 ARAKAT EŞSİZ DAİRE & HOME-OFİS,none,0,0,0,0,0,none,0,,1257276990
En Üst Kat,YONCADAN ÖZEVLERDE İSKANLI SATILIK DAİRE,none,0,0,0,0,0,none,0,,1307765595
Ara Kat,Demetevler 1.Cadde Bağımsız Ara Kat Ön Cephe Asansörlü Metro1dk,none,0,0,0,0,0,none,0,,1331001591
,"MERKEZİ KONUMDA, ADLİYE YANI 3+1 ASANSÖRLÜ ÖNÜ AÇIK",none,0,0,0,0,0,none,0,,1331209336
,KAPLAN DAN ÖZEVLER DE FULL+FULL YAPILI ÖN CEPHE İSKANLI SATILIK,none,0,0,0,0,0,none,0,,1331198083
Ara Kat,YDA MEHMET AKİF ERSOY KONUTLARINDA 1.KAT 2+1 SATILIK DAİRE,none,0,0,0,0,0,none,0,,1332323724
Ara Kat,DEMET METRO YANI BAĞIMSIZ SLON FULL YAPLI ACİL SATILIK 3+1 DAİRE,none,0,0,0,0,0,none,0,,1313760881
Ara Kat,PUSULA DAN 1.KATTA KOMBİLİ ASANSÖRLÜ DAİRE,none,0,0,0,0,0,none,0,,1307059104
,ARİSSA NOVA DA SAHİBİNDEN SATILIK DAİRE,none,0,0,0,0,0,none,0,,1331463665
Ara Kat,ANADOLU 1919 PROJESİNDE 2+1 90M2 TERASLI EŞSİZ DAİRE HOME-OFİS,none,0,0,0,0,0,none,0,,1320627359
,413 sok 3+1 katta boş daire metroya ve toplu ulaşıma çok yakin,none,0,0,0,0,0,none,0,,1313198742
Ara Kat,NATURA ÇAKIRLAR SATILIK KONUT,none,0,0,0,0,0,none,0,,1331573568
,SAHİBİNDEN 3+1 İSKANLI YAPILI MERKEZİ KONUMDA EŞYALI,none,0,0,0,0,0,none,0,,1325768350
Ara Kat,ANADOLU 1919 KAZANDIRAN YATIRIM SATILIK 1+1 DAİRE,none,0,0,0,0,0,none,0,,1315025954
Ara Kat,Global GYD'den YDA Park Avenue Peyzaj Manzaralı Satılık 3+1daire,none,0,0,0,0,0,none,0,,1332121923
,URANKENTTE SATILIK 1+1 DAİRE,none,0,0,0,0,0,none,0,,1283226301
Ara Kat,ÇAKIRLAR KATRE ROYAL---- SIFIR 4+1 OTURUMA HAZIR,none,0,0,0,0,0,none,0,,1320502493
Ara Kat,ANADOLU 1919DA BÜYÜK TİP SATILIK 1+1 DAİRE,none,0,0,0,0,0,none,0,,1315443278
Ara Kat,ANKARA MORDEN LİFE SIFIR 4.5+1 SATILIK DAİRE,none,0,0,0,0,0,none,0,,1332220638
Ara Kat,İKİZ KULE EVLERİ SATILIK 4+1,none,0,0,0,0,0,none,0,,1332416306
Ara Kat,DEMETEVLER METRO YAKINI 3+1 KİRACILI,none,0,0,0,0,0,none,0,,1325704236
Ara Kat,YDA PARK AVENUE TWIN SİTESİ 4+1 Daire,none,0,0,0,0,0,none,0,,1312065522
,BOTANİK METRO VE HASTANE YANI TERASEVLERDE BAHÇELİ SATILIK 2+1,none,0,0,0,0,0,none,0,,1326902050
Ara Kat,DEMET 12 CADDE HAVACILAR SİTESİ KARŞISI SÜPER LOKASYONDA 3+1,none,0,0,0,0,0,none,0,,1332744367
Ara Kat,MC' DEN BOTANİK METROYA 100M ARA KAT 3+1 MERKEZİ KONUMDA DAİRE,none,0,0,0,0,0,none,0,,1326911005
Ara Kat,"ÇAKIRLAR ANKA YAŞAM SİTESİ 4+1 SATILIK, Kredi Sınırlaması yok",none,0,0,0,0,0,none,0,,1287536504
En Üst Kat,PANORAMİK ANKARA MANZARALI FULL YAPILI SATILIK 2+1,none,0,0,0,0,0,none,0,,1324228472
,DEMETGÜLDE YENİ ADLİYE YANINDA YATIRIMLIK FIRSAT!,none,0,0,0,0,0,none,0,,1321522195
,MİR EMLAK'TAN HARİKA KONUM YATIRIMLIK METRO YAKINI 3+1 DAİRE,none,0,0,0,0,0,none,0,,1315185152
,Astim Park Modern'de Satılık Lüks 2+1 Daire (7. Kat),none,0,0,0,0,0,none,0,,1306086190
Ara Kat,MEHMET AKİF ERSOY SİTESİNDE 2+1 SATILIK DAİRE,none,0,0,0,0,0,none,0,,1330752049
,SEÇİL & NORM BULVAR YÜKSEK KAT FIRSAT DAİRE,none,0,0,0,0,0,none,0,,1333506353
Ara Kat,Demetlale Mah.Asansörlü Ara Kat Bağımsız Salon Fırsat 3+1 Daire,none,0,0,0,0,0,none,0,,1333305712
Ara Kat,ONKOLOJİ VE HASTANE METROYAYAKIN ASANSÖRLÜBAĞIMSIZ SATILIKDAİRE,none,0,0,0,0,0,none,0,,1333363954
Ara Kat,SİMGE'DEN DEMETEVLER'DE MERKEZİ LOKASYONDA SATILIK DAİRE,none,0,0,0,0,0,none,0,,1315408733
Ara Kat,ÖZEVLER MAH. 4+1 DAİRE,none,0,0,0,0,0,none,0,,1333411348
Ara Kat,YDA MEHMET AKİF ERSOY KONUTLARINDA BOŞ 3+1 SATILIK DAİRE,none,0,0,0,0,0,none,0,,1333850345
,ÖZ ELİF SİTESİNDE FUL YAPILI 2+1 SATILIK DAİRE,none,0,0,0,0,0,none,0,,1333680899
,Satılık3+1 DaireMetro 2 Dk yürüme mesafe de,none,0,0,0,0,0,none,0,,1333906345
Ara Kat,YDA PARK AVENUE' DE SATILIK 4+1 MUHTEŞEM DAİRE,none,0,0,0,0,0,none,0,,1250535248
Ara Kat,"HASTANEMETROYA 3DK 120m² 3,5+1 FULLYAPILI MASRAFSIZSATILIK",none,0,0,0,0,0,none,0,,1330965492
Ara Kat,BİLİCİ'DEN KARŞIYAKA DA SIFIR DAİRELER 3+1 KATLARDA,none,0,0,0,0,0,none,0,,1328238962
,"İPEKTAŞ CADDE MERKEZİ KONUM 1+1 (GÜVENLİK,K.OTOPARK) SEÇENEK VAR",none,0,0,0,0,0,none,0,,1331437479
,CEMRE PARKINA 5 DAKİKA YÜRÜME MESAFESİNDE,none,0,0,0,0,0,none,0,,1334095126
Ara Kat,2.CADDE'DE 3+1 1.KAT ASANSÖRLÜ + KİLERLİ İSKANLI SATILIK DAİRE,none,0,0,0,0,0,none,0,,1322575061
Ara Kat,YÜKSELLER'DEN İPEKTAŞ CADDE Projesi 1+1 55m2 Balkonlu Satılık,none,0,0,0,0,0,none,0,,1320491142
Ara Kat,Metro Yanında İvedik Cadde Cepheli 3.Kat Asansörlü Yapılı Daire,none,0,0,0,0,0,none,0,,1321722096
Ara Kat|Çatı Dubleksi,YNR EMLAK 5+1 TERASLI DUBLEKS METROYA YAKIN YAPILI ASANSÖRLÜ,roof,1,1,0,0,0,detail_and_title,0,title_generic_confirms_detail_subtype,1160059219
Ara Kat,DEMETEVLER DEMETGÜL CADDESİNDE YAPILI KATTA SATILIK 3+1 DAİRE,none,0,0,0,0,0,none,0,,1334738400
,DEMETEVLER HASTANE METROSU CIKIŞINDA TABELA DİĞERİ OLAN BOŞ3+1,none,0,0,0,0,0,none,0,,1326775529
Ara Kat,"Anadolu 1919'da 7. Kat, 2+1, Kapalı Mutfaklı Daire",none,0,0,0,0,0,none,0,,1278664028
Ara Kat,ÜNLÜ EMLAK'TAN DEMET METRO'YA 600 MT MES.ARA KAT SATILIK 3+1 DAİ,none,0,0,0,0,0,none,0,,1323058850
En Üst Kat,"İvedik Cadde Üzeri Manzaralı, Asansörlü ve Otoparklı 3+1 Daire",none,0,0,0,0,0,none,0,,1332103800
,YNR EMLAK TAN METRO YANINDA 3+1 BAGIMSIZ ASANSÖRLÜ 10 SOKAKTA,none,0,0,0,0,0,none,0,,1334957291
Ara Kat,DEMETEVLER METRO YAKINI ASANSÖRLÜ SATILIK 3+1,none,0,0,0,0,0,none,0,,1326365291
,Sahibinden Yeni Adliye Karşısı 3+1 Daire,none,0,0,0,0,0,none,0,,1270300229
Ara Kat,"Demetevler 1. cadde Satılık 3+1 Daire Çift Balkon, Çift Asansör)",none,0,0,0,0,0,none,0,,1329278700
Ara Kat,"YDA PARK AVENUE'DE 4+1 SATILIK DAİRE, 2 Araç Kapalı Otoparklı",none,0,0,0,0,0,none,0,,1323388130
Ara Kat,MARKADAN 3+1 METRO YAKINI YAPILI MÜKEMMEL KONUM SATILIK DAİRE,none,0,0,0,0,0,none,0,,1328862225
Ara Kat,ANADOLU 1919 PROJESİ 2+1 kapali mutfak 122 m2 iki cephe sonhafta,none,0,0,0,0,0,none,0,,1222990611
,ANA CADDE ÜZERİNDE SATILIK DAİRE,none,0,0,0,0,0,none,0,,1329428934
Ara Kat,"Demetevler 1. Cadde'de Metro Yakını, 3+1 Satılık Daire",none,0,0,0,0,0,none,0,,1323462959
,KUZEY EMLAK'TAN 1. CADDE ÜZERİNDE 2+1 YAPILI %80 KREDİYE UYGUN,none,0,0,0,0,0,none,0,,1335466286
Ara Kat,DEMETEVLER 1.CAD(408.cad) TEB BANKASININ ÜSTÜ 2 KAT ASANSÖRLÜ,none,0,0,0,0,0,none,0,,1248270340
,"İPEKTAŞ CADDE MERKEZİ KONUM 1+1 (GÜVENLİK,K.OTOPARK) SEÇENEK VAR",none,0,0,0,0,0,none,0,,1326753286
Ara Kat,YENİ ADLİYE VE METRO YAKINI 3+1 SATILIK DAİRE,none,0,0,0,0,0,none,0,,1323819428
Ara Kat,ONUR'DAN 422.SOKAK'DA 3+1 YENİ ADLİYE CEPHELİ METROYA YAKIN,none,0,0,0,0,0,none,0,,1310367001
Ara Kat,DEMETEVLER İVEDİK CD. ÜZERİNDE ASANSÖRLÜ KATTA SATILIK 3+1 DAİRE,none,0,0,0,0,0,none,0,,1323899603
,ILICA EMLAK TAN ÇAMLICA MAH TEMEL ENENJİ SİTESİNDE 3+1,none,0,0,0,0,0,none,0,,1335741868
Ara Kat,YDA MEHMET AKİF ERSOY KONUTLARINDA 7.KAT 3+1 SATILIK DAİRE,none,0,0,0,0,0,none,0,,1335761186
Ara Kat,"DEMETEVLER MAH. ÖNÜ AÇIK MANZARALI, ASANSÖRLÜ, SATILIK 3+1 DAİRE",none,0,0,0,0,0,none,0,,1330094929
Ara Kat,MÜKEMMEL KONUM-FIRSAT SATILIK 3+1 BAĞIMSIZ SALON-ASANSÖRLÜ,none,0,0,0,0,0,none,0,,1328198218
Ara Kat,MİVERA'DAN MAVİLER DEEP TOWERDA HARİKA PEYZAJLI 4+1 LÜX DAİRE,none,0,0,0,0,0,none,0,,1333826959
Ara Kat,SİBEL EMLAK'TAN BATIKENT TURGUT ÖZAL MH SATILIK 4+1 LÜKS DAİRE,none,0,0,0,0,0,none,0,,1318680179
Dubleks,İNCİ SARAY SİTESİNDE 6+1 TERASLI DUBLEKS SATILIK DAİRE,standard,1,0,0,0,1,detail_and_title,0,,1323870571
,ANKARA EMLAK 'TAN KARDELEN DE ATLANTİSE YÜRÜME MESAFESİNDE,none,0,0,0,0,0,none,0,,1330713927
,MESA METRO DURAĞINA YAKIN FUL YAPILI 2+1 .100.M2 SATILIK DAİRE,none,0,0,0,0,0,none,0,,1303135715
Ara Kat,Batıkent Sgk Metro Central Park Yakını Yapılı 3+1 Satılık Daire,none,0,0,0,0,0,none,0,,1330567977
Ara Kat,Ağaç-iş20 Sitesinde İçi Dışı Komple Yapılı İlk Sahibinden,none,0,0,0,0,0,none,0,,1330406156
Ara Kat,"EMSALSİZ ŞEREFİYE REZİDANS PANORAMİK MANZARA 6+2 HİSSİ 4,5+1",none,0,0,0,0,0,none,0,,1313290046
,TURGUT ÖZALDA SÜPER YAPILI İSKANLI 3+1 DAİRE,none,0,0,0,0,0,none,0,,1324984883
Ara Kat,1940. CADDE ÜZERİ ÖNÜ AÇIK 2. BANYOLU ARA KATTA ASANSÖRLÜ 3+1,none,0,0,0,0,0,none,0,,1331149595
En Üst Kat,BATIKENT TURGUT ÖZAL MAH. YAPILI 3+1 DAİRE,none,0,0,0,0,0,none,0,,1325284555
En Üst Kat,ÖZCAN EMLAK FARKIYLA BOTANİK METRONUN YANINDA YAPILI 3+1 DAİRE,none,0,0,0,0,0,none,0,,1331011907
,ALP EMLAK'TAN YAKUT PARK EVLERİ'NDE 4+1 LUX YAPILI DAİRE,none,0,0,0,0,0,none,0,,1324165361
Ara Kat,ADA GROSS YANI 1.SINIF SİTE İÇERİSİNDE 7.KATTA BALKONLU 2+1,none,0,0,0,0,0,none,0,,1318291387
Ara Kat,BATIKENT AKKENT-5 SİTESİ C BLOK 20.KATTA BOŞ 3+1 146 m2 SATILIK,none,0,0,0,0,0,none,0,,1330914151
En Üst Kat,TES-İŞ 2 SİTESİ SAHİBİNDEN SATILIK 3+1 Daire,none,0,0,0,0,0,none,0,,1331080591
En Üst Kat,HEMEN OTURUMA HAZIR 140M2 SİTE İÇERİSİN'DE 3+1 BAKIMLI DAİRE,none,0,0,0,0,0,none,0,,1313995017
,BOTANİK METRO'ya 650m EBEVEYN BANYOLU Y.GİRİŞ SATILIK 3+1,none,0,0,0,0,0,none,0,,1331562598
Çatı Dubleksi,DAMLA'DAN ATAKENT 2 DE ŞAHANE DUBLEKS 5+1 GÖRMELİSİNİZ!,roof,1,1,0,0,0,detail_and_title,0,title_generic_confirms_detail_subtype,1324570030
En Üst Kat,BOTANİK METRO YANI SÜPER LOKASYONDA SATILIK 3+1,none,0,0,0,0,0,none,0,,1326034987
Ara Kat,ANKARA BATIKENT KARDELEN MH. ATLANTİS AVM YANI 3+1 SATILIK DAİRE,none,0,0,0,0,0,none,0,,1275702344
Ara Kat,Sahibinden Satılık 3+1 site içi 6. kat önü açık,none,0,0,0,0,0,none,0,,1284941225
Ara Kat,"LİDER'DEN TURGUT ÖZAL'DA,ÇOK İYİ YAPILI, 5.ARA KAT, KİLERLİ 4+1",none,0,0,0,0,0,none,0,,1313248133
,MEYDAN EMLAK'TAN METRO YAKINI FULL YAPILI ASANSÖRLÜ 2+1 ÜST KAT,none,0,0,0,0,0,none,0,,1326878946
En Üst Kat,'Natura'dan Kardelen'de Full Yapılı Mükemmel Konumda 3+1,none,0,0,0,0,0,none,0,,1321257768
Ara Kat,AHSENLER MANZARA KONUTLARINDA ÖN CEPHE 4+1,none,0,0,0,0,0,none,0,,1295151775
Ara Kat,"Çakırlar'da Sıfır Lüks 4+1 Daire, 18. Kat, Hazır İskanlı",none,0,0,0,0,0,none,0,,1300211861
Ara Kat,ATAYILDIZ BATI KONUTLARI B.MUTFAK-MANZARALI 2+1 SATILIK DAİRE,none,0,0,0,0,0,none,0,,1335736930
,DENGE'DEN METRO YANI KELEPİR DÜŞÜK FİYAT 2+1 GİRİŞ,none,0,0,0,0,0,none,0,,1333464812
,"Sahibinden Ahsenler konutlarında,lüks yapılı,Merkezi Konumda",none,0,0,0,0,0,none,0,,1297164977
Ara Kat,BATIKENT ÇAKIRLAR SATILIK 3+1 ARAKAT FIRSAT DAİRE,none,0,0,0,0,0,none,0,,1333500196
,ONLİNE EMLAKTAN BATIKENT ÇAKIRLAR BAKAN TOWER'DA ARA KAT 2+1,none,0,0,0,0,0,none,0,,1308635215
,NORTH STAR'DAN BATIPORT'DA TERASLI 1+1 SATILIK DAİRE,none,0,0,0,0,0,none,0,,1333643837
Ara Kat|En Üst Kat,İKON ÇAKIRLAR 2 Projesi 2+1 66m2 Balkonlu Satılık Daire,none,0,0,0,0,0,none,0,,1328268437
,"Ulaşım Sitesi (Kardelen Mahallesi) de, Yapılı, Satılık 3+1",none,0,0,0,0,0,none,0,,1297558074
Ara Kat,ARS'DEN YUVA MAH BÖLGEDE BU FİYATA İMKAN YOK ŞANS BİRKERE GELİR,none,0,0,0,0,0,none,0,,1334242156
Ara Kat,Batıkent'te Sıfır Lüks 4+1 Daire - 157m² Net,none,0,0,0,0,0,none,0,,1334017859
Tripleks,BATIKENT BANKNOT SİTESİ SATILIK TRİPLEKS MANZARALI ÖNÜ AÇIK,none,0,0,0,0,0,none,0,,1263300645
,PRO İNVEST'TEN KARDELEN DE SİTE İÇERİSİNDE SATILIK 3+1 DAİRE,none,0,0,0,0,0,none,0,,1328441761
Ara Kat|Ara Kat Dubleks|Dubleks|En Üst Kat|Bahçe Dubleksi|Çatı Dubleksi|Forleks|Ters Dubleks|Tripleks,2+1 DAİRE HARBİŞ /UĞURMUMCU ANKARA,roof,1,1,0,0,0,detail,0,,1325254237
,"Batıkent Merkezde.Batıkent Ve Meydan Metro Yakını,3+1 Y.Giriş",none,0,0,0,0,0,none,0,,1309107010
,PUSULA EMLAKTAN KAÇMAZ FIRSAT,none,0,0,0,0,0,none,0,,1334081800
Ara Kat,Batıkent Turgut Özal 4+1 Satılık Daire Krediye Uygun,none,0,0,0,0,0,none,0,,1328279178
Ara Kat|En Üst Kat,ÇAKIRLAR İKONDA 2026 TESLİM FIRSAT 2+1 ÜST KAT,none,0,0,0,0,0,none,0,,1319605810
Bahçe Katı|Bahçeli,İKON ÇAKIRLAR 2 Projesi 1+1 40m2 Satılık Daire,none,0,0,0,0,0,none,0,,1328267331
Ara Kat,TURGUT ÖZAL MAH ASANSÖRLÜ ARA KAT YAPILI 3+1 SATILIK DAİRE,none,0,0,0,0,0,none,0,,1310696915
Ara Kat,BATIKENT KILIÇARSLAN CD. SİTE İÇİNDE ARA KAT 3+1 SATILIK DAİRE,none,0,0,0,0,0,none,0,,1311244148
,Batıkent'te Avm ve Metro Durağına yakın Yapılı 3+1 Daire,none,0,0,0,0,0,none,0,,1334248567
Ara Kat,SAHİBİNDEN İPEK YUVAMDA FULL YAPILI ÖNÜ AÇIK,none,0,0,0,0,0,none,0,,1310839896
Ara Kat,"Özlem Sitesi'nde, 3+1 Merkezi Konumda 3. Kat Boş Ferah Daire",none,0,0,0,0,0,none,0,,1325155464
Ara Kat,SATILIK SIFIR 2+1 DAİRE,none,0,0,0,0,0,none,0,,1334548940
,Batıkent Harb iş 2 Sitesi Krediye Uygun Yapılı 2+1 Satılık Daire,none,0,0,0,0,0,none,0,,1331547556
Ara Kat,YENİ BATI LAVİVA ZİRVE SİTESİNDE ULTRA LÜKS SATILIK DAİRE,none,0,0,0,0,0,none,0,,1277204949
En Üst Kat,ÇAKIRLAR'DA SATILIK 2+1 DAİRE / BAĞIMSIZ MUTFAK / 94 M2 BRÜT,none,0,0,0,0,0,none,0,,1328454263
,Atılım'dan Çakırlar Esnaf 84 Sitesi'nde 3+1 Daire,none,0,0,0,0,0,none,0,,1331598025
,PARK VADİ GÜVENLİKLİ SİTEDE SATILIK FIRSAT 3+1 DAİRE,none,0,0,0,0,0,none,0,,1315028493
,-ALC PARTNERS- NORM BULVARDA FIRSAT!! 1+1,none,0,0,0,0,0,none,0,,1335733410
Ara Kat,TURGUT ÖZAL'DA SİTE İÇİNDE FULL YAPILI GENİŞ 3+1 SATILIK DAİRE,none,0,0,0,0,0,none,0,,1327082367
Ara Kat,"ÖĞRETMEN EMLAK'TAN FULL YAPILI, MANZARALI, FERAH SATILIK 4+1",none,0,0,0,0,0,none,0,,1335747452
Ara Kat,HKN EMLAKTAN GENİŞ ARAKATTA BAKIMLI OSTİMKENT1 DE 3+1 DAİRE,none,0,0,0,0,0,none,0,,1324125884
Ara Kat|Ara Kat Dubleks|Dubleks|En Üst Kat|Bahçe Dubleksi|Çatı Dubleksi|Forleks|Ters Dubleks|Tripleks,"Batıkent Kardelen'de Bahçeli, Yapılı 4+1 Dubleks Daire",roof,1,1,0,0,0,detail_and_title,0,title_generic_confirms_detail_subtype,1335792762
En Üst Kat,MAX KREDİLİ 4+1 ÖNÜ AÇIK FULL YAPILI 165M2 SATILIK DAİRE,none,0,0,0,0,0,none,0,,1332985640
Ara Kat,Yuva Mah. Emsal Altı 4.5+1 Lüks Daire (185m²),none,0,0,0,0,0,none,0,,1313914495
Ara Kat,"MASTERS'DAN ALTINDORUK 3 'TE SATILIK 4,5+1 GİRİŞ KAT UYGUN FİYAT",none,0,0,0,0,0,none,0,,1334785320
Ara Kat,BATI YAMAÇ SİTESİNDE 150 M² NET GÜNEYBATI CEPHE,none,0,0,0,0,0,none,0,,1311671631
,"Yuva mahallesinde 4,5+1 sıfır bina",none,0,0,0,0,0,none,0,,1335480215
Ara Kat,֍֍UĞUR YALÇIN GYO֍֍│ ÇAKIRLAR │KATRE ROYAL │SIFIR │LÜKS 4+1,none,0,0,0,0,0,none,0,,1320021014
Ara Kat,TURYAP'TAN KATRE ROYAL ÇAKIRLAR'DA MUHTEŞEM MANZARALI DAİRE,none,0,0,0,0,0,none,0,,1297571755
Ara Kat,ATLANTİS CİTY'DE DENİZATI APT AVM CEPHELİ SATILIK 4+1 SAHİBİNDEN,none,0,0,0,0,0,none,0,,1311726074
,[ UYG YATIRIM ] 130 m² NET | 3 BALKON | KAT MÜLKİYETLİ |KÖK TAPU,none,0,0,0,0,0,none,0,,1323141766
Ara Kat,-ALC PARTNERS- KATRE 2 'DE SIFIR YÜKSEK KAT 4.5+1 DAİRE,none,0,0,0,0,0,none,0,,1335323189
,MERKEZİ LOKASYONDA OKUL YAKINI 4+1 ARA KAT SIFIR LÜKS DAİRE,none,0,0,0,0,0,none,0,,1320206459
Ara Kat,24 SAAT CANLI GÜVENLİKLİ KAPALI OTOPARKLI MEĞA LÜKS DAİRELER,none,0,0,0,0,0,none,0,,1333658632
Ara Kat,"KAPALI OTOPARKLI, 9. ARA KAT, GÜNEY BATI, ÇOK İYİ YAPILI 3,5+1",none,0,0,0,0,0,none,0,,1332125219
Ara Kat,BATIKENT UĞUR MUMCU MAHALLESİNDE ARAKAT 2+1 SATILIK DAİRE,none,0,0,0,0,0,none,0,,1332151726
Ara Kat,"BATIKENT AHSENLER Zirve 4,5+1 + ADA MUTFAK + G.ODALI + K.OTOPARK",none,0,0,0,0,0,none,0,,1333725566
Ara Kat,HARB İŞ 4 DE YAPILI 2+1 BOŞ DAİRE,none,0,0,0,0,0,none,0,,1323451013
,TURGUT ÖZAL DA 1+1 GÜNEY CEPHE EN İYİ PROJEDE GÜVENLİKLİ SİTEDE,none,0,0,0,0,0,none,0,,1323024041
Ara Kat,SAHİBİNDEN SATILIK BATIKENT BOTANİK METRO'YA 2 DAKİKA,none,0,0,0,0,0,none,0,,1329356810
Ara Kat,GÜNGÖR EMLAK'TAN KENT KOOP. MAHALLESİNDE SATILIK DAİRE,none,0,0,0,0,0,none,0,,1335348376
Ara Kat,TURGUT ÖZAL'DA 7/24 GÜVENLİKLİ SİTEDE ÖNÜ KAPANMAZ DAİRE,none,0,0,0,0,0,none,0,,1335294598
Ara Kat,Batıkent Alya Park Premium'da Lüks 4+1 Daire,none,0,0,0,0,0,none,0,,1274290386
,! E&G'DEN DAİRE FİYATINA BAHÇE KULLANIM ALANLI 3+1 LOFT DAİRE !,none,0,0,0,0,0,none,0,,1322497291
Ara Kat,"BOTANİK METRO YAKINI,GENİŞ METRAJLI,200m²4+1 SATILIK LÜKS DAİRE",none,0,0,0,0,0,none,0,,1315114926
Ara Kat,İKON ÇAKIRLAR 4+1 DAİRE,none,0,0,0,0,0,none,0,,1318033256
Ara Kat,KARDELEN' DE ÇİFT ASANSÖRLÜ YAPILI 3+1 ARA KAT MANTOLAMALI DAİRE,none,0,0,0,0,0,none,0,,1322595813
Ara Kat,Turgut Özal Mahallesi'nde İskan alınmış Satılık 4+1 Daire,none,0,0,0,0,0,none,0,,1318268830
Ara Kat,TURGUT ÖZAL'DA ARA KAT YAPILI ÇİFT BALKONLU GÜNEY DOĞU CEPHE,none,0,0,0,0,0,none,0,,1302008548
En Üst Kat,BATIKENT HARB -İŞ SİTESİNDE YAPILI 2+1 SATILIK DAİRE,none,0,0,0,0,0,none,0,,1335646840
Ara Kat,"""REMAX VOGUE"" KATRE ROYAL ÇAKIRLAR'DA 4+1 FERAH 190 m² DAİRE",none,0,0,0,0,0,none,0,,1185036478
Ara Kat,REMAX VOGUE KATRE ROYAL ÇAKIRLAR'DA 4+1 FERAH 190 M² DAİRE,none,0,0,0,0,0,none,0,,1312439427
Ara Kat,2+1 Kapalı Mutfak Ebeveyn Banyolu Site İçerisinde,none,0,0,0,0,0,none,0,,1331573066
Ara Kat,"HİTPARK ANKARA PROJESİ 2,5+1 EŞSİZ LOKASYON FIRSAT DAİRE",none,0,0,0,0,0,none,0,,1260762411
Ara Kat|Ara Kat Dubleks|Dubleks|En Üst Kat|Bahçe Dubleksi|Çatı Dubleksi|Forleks|Ters Dubleks|Tripleks,ASTiM GÖKSÜ BULVARDA ORMAN CEPHELİ 4+1 YERDEN ISITMALI KİLERlİ,roof,1,1,0,0,0,detail,0,,1327336578
Ara Kat,ARS'DEN GÖKSU PARKINA YÜRÜME MESAFESİNDE 2+1 BAĞIMSIZ SATILIK,none,0,0,0,0,0,none,0,,1331402582
Ara Kat,EMİR GRUP GÖKSU PARK 5 DK 4+1 FIRSAT 180m2 KUPON,none,0,0,0,0,0,none,0,,1334941933
Ara Kat,GAMADOR PARLA'DA GÖL MANZARALI YATIRIMLIK SATILIK 1+1 DAİRE,none,0,0,0,0,0,none,0,,1323196796
,1+1 GENİŞ TİP DAİRE | SİTE İÇERİSİNDE | METROYA YAKIN,none,0,0,0,0,0,none,0,,1329623187
,ONYX METRO 2+1 Fırsat Daireler,none,0,0,0,0,0,none,0,,1323535774
,ONYX METRO Projesi Ebeveyn Banyolu 2+1 Büyük Daireler,none,0,0,0,0,0,none,0,,1323536924
Ara Kat,"1+1 eşyalı,kiracılı daire",none,0,0,0,0,0,none,0,,1324032450
,"ÇAKIRLAR GÖBEK YAKINI 4,5+1 FIRSAT DAİRESİ",none,0,0,0,0,0,none,0,,1330443680
,Yeni Boyut Sitesinde Ful yapılı 3+1,none,0,0,0,0,0,none,0,,1318439080
,SİTENİN EN ÖZEL YAPILI ARA KAT DAİRELERİNDEN BİRİ,none,0,0,0,0,0,none,0,,1330359049
Ara Kat,BATIKENT ÇAKIRLAR MAH. SATILIK 4+1 DAİRE VERA PARK,none,0,0,0,0,0,none,0,,1298758363
Ara Kat,RÜZGAR EMLAK'TAN DEMİRÖZ SİT. ARA KATTA YAPILI SATILIK 3+1,none,0,0,0,0,0,none,0,,1330610656
Ara Kat,EBRU'DAN GALA'DA PEYZAJ CEPHE E TİPİ SATILIK DAİRE,none,0,0,0,0,0,none,0,,1331778794
,POLAT LİVE EMLAK'TAN ÇAKIRLAR'DA 330M² ULTRA LÜKS GENİŞ DAİRE,none,0,0,0,0,0,none,0,,1325552305
Ara Kat,CUMHURİYET MAH. Maksar Göksu'da SATILIK FIRSAT 5+1 DAİRE,none,0,0,0,0,0,none,0,,1313749232
Ara Kat,'ALaçaTı'dan*Cumhuriyet Mah*4+1*Sıfır Daire*Ada Mutfaklı*Kilerli,none,0,0,0,0,0,none,0,,1320271166
Ara Kat,EMAR'DAN BATIKENT MERKEZDE**SAYGINLAR SİT.**BOŞ ve ARA KATTA 3+1,none,0,0,0,0,0,none,0,,1331639009
Ara Kat,HİSAR PREMIUM'DAN HEMEN OTURUM YEMEK ODALI KİLERLİ 4+1 DAİRE,none,0,0,0,0,0,none,0,,1324374701
Ara Kat|Ara Kat Dubleks|En Üst Kat|Bahçe Dubleksi|Çatı Dubleksi|Forleks|Ters Dubleks|Tripleks,BATIKENT BATI SİTESİ MAH SİTE İÇİ FULL YAPILI UYGUN FİYATLI 3+1,roof,1,1,0,0,0,detail,0,,1331900864
,Sahibinden Merkezde 4+1 Daire,none,0,0,0,0,0,none,0,,1331961013
En Üst Kat,SAHİBİNDEN İNÖNÜ MAH.MASRAFSIZ FIRSAT DAİRE,none,0,0,0,0,0,none,0,,1314941619
Ara Kat,ÇAKIRLAR GÖBEK YAKINI GENİŞ LÜKS 3+1,none,0,0,0,0,0,none,0,,1332811291
Ara Kat,İSTANBUL YOLU METROSUNA 30 ADIM SIFIR SİTE İÇİ 2+1 SATILIK DAİRE,none,0,0,0,0,0,none,0,,1326538037
Ara Kat,YD PRİM BATIKENT VELUX ANKARA'DA 4+1 180 M2 NET YAPILI SIFIR,none,0,0,0,0,0,none,0,,1315742467
Ara Kat,ÇAKIRLAR GÖBEKTE 3+1 FUL YAPILI ARAKAT SATILIK DAİRE,none,0,0,0,0,0,none,0,,1320125206
Ara Kat,"LİDER'DEN,GÜNEY DOĞU VE CADDE CEPHELİ, 2. ARA KAT,ASANSÖRLÜ 3+1",none,0,0,0,0,0,none,0,,1330350178
Ara Kat,"ATAYILDIZ BATI KONUTLARI B.MUTFAK-MANZARALI 2,5+1 SATILIK DAİRE",none,0,0,0,0,0,none,0,,1329990946
Ara Kat,ÇAKIRLAR BÜYÜK GÖBEK YAKINI BULVAR ÜZERİ GENİŞ FERAH BOŞ 4+1,none,0,0,0,0,0,none,0,,1326918569
Ara Kat,VELÜX ANKARADA SATILIK 1+1 SÜPER LÜX HOME-OFİS (BÜYÜK TİP),none,0,0,0,0,0,none,0,,1332659440
Ara Kat,İNÖNÜ MAH. GÜLŞEHİR SİTESİNDE ASANSÖRLÜ ARA KATTA 3+1,none,0,0,0,0,0,none,0,,1326411910
Ara Kat,ARI DAN GÖLDE LÜX KONUTLARINDA BOŞ SATILIK 2+1 DAİRE,none,0,0,0,0,0,none,0,,1332711200
,PRO İNVEST GAMADOR PARLA BATI CEPHE 1+1 DAİRE,none,0,0,0,0,0,none,0,,1321760660
Ara Kat,GÖKDEMİR WEST'TE ARA KAT CAM BALKONLU YATIRIMLIK 1+1 DAİRE,none,0,0,0,0,0,none,0,,1327136303
Ara Kat,GÖKSU YAKINI MERKEZİ LOKASYON GENİŞ ARAKAT SATILIK 4+1 DAİRE,none,0,0,0,0,0,none,0,,1326753656
Ara Kat,"BATIKENT CUMHURİYET MAH. NATURAL KONUTLARI SATILIK 4,5+1 KUZEY",none,0,0,0,0,0,none,0,,1324031965
,VELUX ANKARA YETKİLİ SATIŞ ORTAĞINDAN 4+1 PEYZAJ SATILIK DAİRE,none,0,0,0,0,0,none,0,,1318982192
Ara Kat,REMAX NEPTÜN BATI SİTESİ MAH. FSM BULVAR ÜZERİ SATILIK 2+1 DAİRE,none,0,0,0,0,0,none,0,,1292606907
Ara Kat,KAŞMİR YONCA SİTESİNDE GÖKSU PARKI CEPHELİ SATILIK 5+1 DAİRE,none,0,0,0,0,0,none,0,,1318789683
Ara Kat,"Asansörlü 3+1 Süper Lüks Osman Bey Çarş. Yanı 1.Kat, Giriş Üstü",none,0,0,0,0,0,none,0,,1332964502
Ara Kat,YENİMAHALLE ZİRVEDEN BATI SİTESİ'NDE 4.5+1 SATILIK LÜKS DAİRE,none,0,0,0,0,0,none,0,,1332977615
Ara Kat,VELUX'DE AVM MANZARA UYGUN FİYAT EŞYASIZ 2+1 SATILIK DAİRE!,none,0,0,0,0,0,none,0,,1320355847
Ara Kat,BATIKENT'TE- 2'NCİ (ARA) KAT- 120 M2-SİTE İÇİ-SATILIK DAİRE,none,0,0,0,0,0,none,0,,1333000344
Ara Kat,Batıkent Çakırlar Park Sera evlerinde 184 m2 3+1 satılık daire,none,0,0,0,0,0,none,0,,1324219228
,SEVGİ EMLAK'TAN FİX GROSS METRO YAKINI TERASLI 2+1,none,0,0,0,0,0,none,0,,1333620851
Ara Kat,Sahibinden yapılı daire,none,0,0,0,0,0,none,0,,1333107244
,"LİDER'DEN ÇAKIRLAR'DA MÜKEMMEL KONUMDA, SÜPER MANZARALI 3+1",none,0,0,0,0,0,none,0,,1321897969
Ara Kat,GALA BATIKENT ÖN CEPHEDE B TİPİ 2+1 SATILIK DAİRE,none,0,0,0,0,0,none,0,,1315006579
Ara Kat,SEVGİ EMLAK'TAN İST PORT TERRACE 3+1 METRO YAKINI OTURUMA HAZIR,none,0,0,0,0,0,none,0,,1303042785
Ara Kat,HİFA KONUTLARI'NDA MANZARALI | GİYİNME ODALI | EBV. BANYOLU 4+1,none,0,0,0,0,0,none,0,,1327870645
Ara Kat,KALİTEDEN ÖDÜN VERMEYENLERE*ŞIK VE KONFORLU BİR YAŞAM 2+1+B.MTFK,none,0,0,0,0,0,none,0,,1326506241
En Üst Kat,! FIRSAT ! ÇAKIRLAR KAVŞAKTA ŞEHİR MANZARALI MASRAFSIZ 4+1,none,0,0,0,0,0,none,0,,1324584866
Ara Kat,BATIKENT BATI SİTESİ CADDE ÜZERİ SİTE İÇERİSİNDE FUUL YAPILI 3+1,none,0,0,0,0,0,none,0,,1320277810
Dubleks,Çakırlar Yeşil Kent Sitesi'nde Satılık 5+1 Teraslı Dubleks Daire,standard,1,0,0,0,1,detail_and_title,0,,1304764220
Ara Kat,VELÜX ...KISA SÜRELİĞİNE SON FİYAT,none,0,0,0,0,0,none,0,,1316529356
Ara Kat,CUMHURİYET MAHALLESİ BAŞAKŞEHİR 1 SİTESİNDE SATILIK 4+1 DAİRE,none,0,0,0,0,0,none,0,,1294470573
,VİZYON TOWER SİTESİ FULL YAPILI 2.5+1 ORMAN MANZARALI !!!,none,0,0,0,0,0,none,0,,1333563957
Ara Kat,Arissa Ayrıcalığı İle Orman Manzaralı Geniş 3+1,none,0,0,0,0,0,none,0,,1316251235
En Üst Kat,GALA BATIKENT'TE E TİPİ REKREASYON CEPHELİ...,none,0,0,0,0,0,none,0,,1296380089
Ara Kat,''EVİNBİZDEN'' ATK YENİ BATI PLUS AOÇ MANZARALI 1+1,none,0,0,0,0,0,none,0,,1331768842
En Üst Kat,"Yenimahalle İnönü'de Merkezi Konumda 3+1, 115m² Satılık Daire",none,0,0,0,0,0,none,0,,1331201340
Ara Kat,"VERA WEST'TE ARA KAT MANZARALI SATILIK ULTRA LÜKS 3,5+1 DAİRE",none,0,0,0,0,0,none,0,,1330829533
,CUMHURİYET MAH. SATILIK 1+1 TERASLI DAİRE GÖL MANZARALI ÖN CEPHE,none,0,0,0,0,0,none,0,,1321816290
Ara Kat,BATIKENT SEYHAN 90 SİTESİ'nde SATILIK 3+1 DAİRE,none,0,0,0,0,0,none,0,,1323384774
,"Batıkent Metroya Yakın, Bahçe Katı 3+1 Satılık Daire",none,0,0,0,0,0,none,0,,1322133293
Ara Kat,CUMHURİYET (YENİ BATI) MAH. WİND GÖKSU EŞYALI SATILIK 1+1 DAİRE,none,0,0,0,0,0,none,0,,1328348257
,CasaNoradan Mercan Towerda Göl Manzaralı Satılık 1+1,none,0,0,0,0,0,none,0,,1333849263
En Üst Kat,BATIKENT BATI BULVARI PARALELİNDE VELUX YAKINI SATILIK 3+1,none,0,0,0,0,0,none,0,,1319687002
En Üst Kat,SAHİBİNDEN FULL YAPILI YENİ HUZUR SİTESİ,none,0,0,0,0,0,none,0,,1318988356
Ara Kat,Sahibinden Çınar Ağaçları Sitesinde Okula yakın 3+1 geniş daire.,none,0,0,0,0,0,none,0,,1333900024
Ara Kat,VELUX 2+1 GENİŞ TERAS AVM CEPHELİ,none,0,0,0,0,0,none,0,,1313889010
,BATIKENT İNÖNÜ MAHALLESİ'NDE YATIRIMLIK 3+1 DAİRE,none,0,0,0,0,0,none,0,,1322033944
Ara Kat,ÇAKIRLAR - IN EN DEĞERLİ NOKTASINDA BÜYÜK GÖBEĞE CEPHE 3+1 DAİRE,none,0,0,0,0,0,none,0,,1325289393
Ara Kat,2+1 BATIKENT LÜKS SİTEDE BOŞ HAVUZ+K.GARAJ ** NEVADİUM EMLAK **,none,0,0,0,0,0,none,0,,1334279604
,"SAHİBİNDEN MABEYN BAŞPINAR SİTESİNDE 4,5+1 DAİRE",none,0,0,0,0,0,none,0,,1334108452
Ara Kat,Laviva Zirve'de Sıfır 3+1 Lüks Satılık Daire,none,0,0,0,0,0,none,0,,1312594514
,HİPODROM YAKINI BATISİTESİNDE ACİLL SATILIK UYGUN DAİRE,none,0,0,0,0,0,none,0,,1334138526
Ara Kat,BETONTAŞ GÖKSU'DA ARA KATTA 4+1 LÜKS DAİRE,none,0,0,0,0,0,none,0,,1326093416
Ara Kat,''evinbizden'' BAŞAKŞEHİR Konutları Satılık Boş 4+1,none,0,0,0,0,0,none,0,,1321919409
Ara Kat,HİFA KONUTLARINDA KAPAL OTOPARKLI KİLERLİ YERDEN ISITMA LÜKS 4+1,none,0,0,0,0,0,none,0,,1334247162
En Üst Kat,"Göksu Parkı Yakını, Sıfır Lüks 1+1 Daire (55 m²)",none,0,0,0,0,0,none,0,,1325735867
Ara Kat,İDEALDEN MAKSAR GÖKSUDA 230 m2 GENİŞ ULTRA LÜKS 5+1 SATILIK!!!!,none,0,0,0,0,0,none,0,,1331389868
En Üst Kat,BATIKENT LİDERDEN İNÖNÜ ÖRNEK SİTESİNDE ÖNÜ AÇIK BOŞ 3+1 ÜSTKAT,none,0,0,0,0,0,none,0,,1328459953
Ara Kat,BATIKENT GİMSA METRO YAKINI ATRİUM SİTESİNDE 1+1 DAİRE,none,0,0,0,0,0,none,0,,1324190207
Ara Kat,Cumhuriyet Mah. Metro Yakını Krediye Uygun 4+1 Satılık Daire,none,0,0,0,0,0,none,0,,1328726905
Ara Kat,MERYILDIZ'DAN İSTPORT TERRACE YÜKSEK KATTA OTURUMA HAZIR 2+1,none,0,0,0,0,0,none,0,,1321647929
Dubleks,Çakırlar BP Westar'da Çift Teraslı 4.5+1 Dubleks FIRSAT KONUT,standard,1,0,0,0,1,detail_and_title,0,,1317233247
Ara Kat,ERGAZİ MAHALLESİ ODAK SİTESİ KOMPLE YAPILI SATILIK 3+1 DAİRE,none,0,0,0,0,0,none,0,,1324906097
Ara Kat,POLAT LİVEDAN ÇİFT ASANSÖRLÜ EBEVEYN BANYOLU GENİŞ SATILIK 3+1,none,0,0,0,0,0,none,0,,1273168167
Ara Kat,AGEN'DEN ÇİMTAŞ GÖKSU KONUTLARI'NDA MANZARALI FULL YAPILI 4+1,none,0,0,0,0,0,none,0,,1313756458
Tripleks,Saygınlar Sitesinde Tek! 7+2 Tripleks Villa,none,0,0,0,0,0,none,0,,1279349021
Ara Kat,VELÜX ANKARA'DA EMSALLERİNDEN UYGUN 4+1 FIRSATI,none,0,0,0,0,0,none,0,,1309653006
Ara Kat,***ÇAKIRLAR GÖBEKTE***OKULLAR BÖLGESİNDE***ETRAFI AÇIK***,none,0,0,0,0,0,none,0,,1316863639
Ara Kat,"Cumhuriyet Mah. Metro Yakını, 2+1 Lüks Satılık Daire",none,0,0,0,0,0,none,0,,1311016795
Ara Kat,VELUX 4+1 (11.KAT) SATILIK EŞSİZ MANZARA,none,0,0,0,0,0,none,0,,1313789515
Ara Kat,CNR DEN ÇAKIRLAR GÖBEK YAKINI 3+1 KOMBİLİ BAKIMLI SATILIK DAİRE,none,0,0,0,0,0,none,0,,1314084897
Ara Kat,SAHİBİNDEN-EŞŞİZ KONUMDA-FERAH-BAĞIMSIZ MUTFAKLI-2+1,none,0,0,0,0,0,none,0,,1322943050
Ara Kat|Ara Kat Dubleks|Dubleks,"ERGAZİ MAHALLESİ, 6+2, MUHTEŞEM ŞEHİR MANZARALI, ""KREDİYE UYGUN""",middle_floor,1,0,0,1,0,detail,0,,1309931332
,Yenimahalle Cumhuriyet Yenibatı Bağımsız Fırsat 2+1 Satılık,none,0,0,0,0,0,none,0,,1334962105
En Üst Kat,BATIKENT BATI SİTESİ MAH. SEYMEN 90 SİTESİ SATILIK 3+1 DAİRE,none,0,0,0,0,0,none,0,,1323161125
Ara Kat,Sahibinden Göldelüks 2.Etapta Yüzme Havuzlu ve Güvenlikli 1+1,none,0,0,0,0,0,none,0,,1228230058
Ara Kat,ÇAKIRLAR'DA 1+1 50 M2 ÖZEL BAHÇESİYLE SATILIK OTURUMA HAZIR,none,0,0,0,0,0,none,0,,1314902479
Ara Kat,YENİBATI DA 4+1 GÖZ ALICI DETAYLARLA 200 M² LÜKS DAİRE,none,0,0,0,0,0,none,0,,1306910340
Ara Kat,ANKARA BATIKENT CUMHURİYET MAH DE SATILIK 4+1 SIFIR DAİRE,none,0,0,0,0,0,none,0,,1310717004
Ara Kat,BATI YILDIZLARI- GÖKSU YAKINI ARA KAT MASRAFSIZ SATILIK 4+1,none,0,0,0,0,0,none,0,,1334925188
Ara Kat,BATIKENT BATI SİTESİ MAH. FULL YAPILI 2+1 SATILIK FIRSAT DAİRE,none,0,0,0,0,0,none,0,,1319810948
,BATIKENT İNÖNÜ MAHALLESİ'NDE GENİŞ VE FERAH 3+1 SATILIK DAİRE,none,0,0,0,0,0,none,0,,1326737796
Ara Kat,MESA-METROYA YÜRME MESAFESİNDE 3+1 FIRSAT DAİRE ACİL SATILIK,none,0,0,0,0,0,none,0,,1334942791
,CADDE İSTANBUL İSKANLI UYGUN 2+1 BAĞIMSIZ MUTFAK,none,0,0,0,0,0,none,0,,1326391509
Ara Kat,İK'DAN İLKYERLEŞİM MAH. 130 M2 METRO VE GİMSA YANI ŞAHANE DAİRE,none,0,0,0,0,0,none,0,,1335216147
En Üst Kat,Acil Satılık 3+1,none,0,0,0,0,0,none,0,,1329040254
Ara Kat,"ÇAKIRLAR MAH./ UMAY SİT.FULL YAPILI,G-BATI,KOMBİLİ,3+1,DAİRE",none,0,0,0,0,0,none,0,,1315103815
Ara Kat|Ara Kat Dubleks|Dubleks|En Üst Kat|Bahçe Dubleksi|Çatı Dubleksi|Forleks|Ters Dubleks|Tripleks,ERGAZİ'DE SİTE İÇERİSİNDE 3+1 ANKARA MANZARALI FIRSAT DAİRESİ !,roof,1,1,0,0,0,detail,0,,1325511514
,BATISİTESİ MH.DE ARAKAT BAKIMLI 3+1 DAİRE,none,0,0,0,0,0,none,0,,1329372896
Ara Kat,RETHİNK'DEN 4+1 7/24 GÜVENLİKLİ SİTEDE **KREDİ SINIRI YOKTUR**,none,0,0,0,0,0,none,0,,1329817081
En Üst Kat,ACİL ACİL FIRSAT!!EMEK EVLERDE GENİŞ 2+1 ASANSÖRLÜ TEMİZ DAİRE,none,0,0,0,0,0,none,0,,1335604575
Dubleks,"MAMAK,GENARAL ZEKİ DOĞAN 519.SOK.DÜPLEX 5+1+TERAS,GÜNEY ÇEPHE...",standard,1,0,0,0,1,detail_and_title,0,,1322765992
Ara Kat,KAZIM ORBAY MAH. 3+1 ÖN CEPHE SATILIK SİTE DAİRESİ,none,0,0,0,0,0,none,0,,1323902569
,GENERALZEKİDOĞAN MAH. YAPILI SATILIK 2 .KAT,none,0,0,0,0,0,none,0,,1332861515
Ara Kat,█MİRANBEY█ YATIRIMLIK 3+1 KELEPİR BU FİYATA BÖYLESİ YOK,none,0,0,0,0,0,none,0,,1306835178
Dubleks|Çatı Dubleksi,MUTLU'DA 3+1 SIFIR BİNADA MANZARALI 140 m2 SATILIK DUBLEKS DAİRE,roof,1,1,0,0,0,detail_and_title,0,title_generic_confirms_detail_subtype,1335792720
Ara Kat,KUTLUDA 3+1 KATTA SIFIR AYARINDA SATILIK KONUT**CADDE YAKINI,none,0,0,0,0,0,none,0,,1335891800
Dubleks,Akdere Merkezde Geniş Metrekareli 5+2 Dubleks Fırsatı,standard,1,0,0,0,1,detail_and_title,0,,1322738542
,MK PRESTİGE'DEN GENERAL ZEKİ DOĞAN'DA NATOYOLU PARALELİ,none,0,0,0,0,0,none,0,,1332147218
,ATZ EMLAK'TAN 1. KAT 2+1 FULL YAPILI BAĞIMSIZ ÖN CEPHE DAİRE,none,0,0,0,0,0,none,0,,1314212525
Ara Kat,YILDIRIM GAYRİMENKUL'DEN ASIM GÜNDÜZ'DE KATTA 3+1 SATILIK DAİRE,none,0,0,0,0,0,none,0,,1325683794
,ATZ EMLAK'TAN 2+1 GİRİŞ ALTI GENİŞ DAİRE,none,0,0,0,0,0,none,0,,1326967806
Ara Kat,⫸UZUNYIL⫷A.PAŞA MAHALLESİNDE CADDEYE YÜRÜME MESAFESİNDE KATTA3+1,none,0,0,0,0,0,none,0,,1316934312
,ARSLAN EMLAKTAN ASIM GÜNDÜZ CAD 1. KAT FULL YAPILI,none,0,0,0,0,0,none,0,,1327575958
,SIR EMLAKTAN KATTA ACİL SATILIK BOŞ DAİRE,none,0,0,0,0,0,none,0,,1300829520
Ara Kat,SAİMEKADIN'DA 90M2 2+1 ÇİFT BALKON BAĞIMLI KOT 2 SATILIK DAİRE,none,0,0,0,0,0,none,0,,1321783157
Ara Kat,▄EVGA▄AŞIK VEYSEL MAH.KATTA KÖK TAPULU 3+1 DAİRE,none,0,0,0,0,0,none,0,,1333824684
Ara Kat,AYNUR EMLAK'DAN 3+1 ABİDİN PAŞA'DA SATILIK DAİRE,none,0,0,0,0,0,none,0,,1333857314
En Üst Kat,▃۩ VİZYON ۩▃ TIP FAKÜLTESİ CD. ÜZERİ 3+1 ŞIK TASARIMLI MASRAFSIZ,none,0,0,0,0,0,none,0,,1323360538
En Üst Kat,ETHEM ÜNLÜ GAYRIMENKULDEN TIP FAKÜLTESİ CD ÜZERİ 3+1 FUL+FUL,none,0,0,0,0,0,none,0,,1323386641
,A.PAŞA Okul SK.1.Kat.3+1,none,0,0,0,0,0,none,0,,1336067417
,ROTANIZ GAYRİMENKULDEN ŞEHİTLİK MAHALLESİNDE SATILIK 3+1 DAİRE,none,0,0,0,0,0,none,0,,1332112445
,Şehitlik Mah. 4+1 Konumu güzel satılık daire,none,0,0,0,0,0,none,0,,1325317149
,4 katlı Doğa sokak D bloklarda Yapılı 3+1 140 M2 Daire,none,0,0,0,0,0,none,0,,1325814812
En Üst Kat,ŞEHİTLİK NAZLICAN SİTESİ ULTRA LÜKS 4+1 MASRAFSIZ DAİRE,none,0,0,0,0,0,none,0,,1330923737
,ANKA'DAN ASKERİYE CİVARI BAĞIMSIZ ODALI 3+1 YATIRIMLIK DAİRE,none,0,0,0,0,0,none,0,,1325745838
Ara Kat,AN-KA'DAN İNÖNÜ CAD. FIRSAT 1. KAT TERASLI KİLERLİ 3+1 DAİRE,none,0,0,0,0,0,none,0,,1324872736
Ara Kat,AN-KA'DAN SATILIK ULTRA LÜKS A KALİTE 3+1 SATILIK DAİRE,none,0,0,0,0,0,none,0,,1331775173
,ME-TA GAYRİMENKULDEN ŞEHİTLİK MAHALLESİ YAPILI 4+1 SATILIK DAİRE,none,0,0,0,0,0,none,0,,1326204515
,KARAKAYA'DAN ŞENTEPE SAĞ'DA MASRAFSIZ DAİRE,none,0,0,0,0,0,none,0,,1331241378
,ŞEHİTLİK MAHALLESİ 3+1 SATILIK DAİRE,none,0,0,0,0,0,none,0,,1331127624
,YILDIRIM EMLAK'TAN ŞEHİTLİKTE ENFES 4+1 FUL YAPILI SİTEİÇİ DAİRE,none,0,0,0,0,0,none,0,,1331073795
,AN-KA'DAN ŞEHİTLİK'TE KREDİYE UYGUN YAPILI ASANSÖRLÜ 3+1 GİRİŞ,none,0,0,0,0,0,none,0,,1307907088
,KARAKAYA EMLAK OFİSİNDEN ŞENTEPE MÜSTAKİL DAİRE,none,0,0,0,0,0,none,0,,1319140021
,KARAKAYA EMLAK'TAN FATİH'TE BAHÇELİ YAPILI DAİRE,none,0,0,0,0,0,none,0,,1330593567
,HARİKA KONUMDA 2+1 EBEVEYN BANYOLU SIFIR SATILIK DAİRE,none,0,0,0,0,0,none,0,,1324688489
,DİŞ HASTANESİ KARŞISINDA SATILIK 1+1 DAİRE,none,0,0,0,0,0,none,0,,1325569262
Ara Kat,ÇETİNLER EMLAKTAN CUMHURİYRT MH 3+1 YÜKSEK GİRİŞ Doğu-Batı ceph,none,0,0,0,0,0,none,0,,1324144850
,YATIRIM FIRSATI BU DAİRE KAÇMAZ ÇARŞI İÇİ 3+1,none,0,0,0,0,0,none,0,,1330560541
,ONUR EMLAK GAYRİMENKUL | ŞEHİTLİK 4+1 & ASANSÖRLÜ & 8 YILLIK,none,0,0,0,0,0,none,0,,1331210087
,KARAKAYA EMLAK OFİSİNDEN BAHÇELİ DAİRE,none,0,0,0,0,0,none,0,,1330810175
,AN-KA'DAN MEHMET A. TOKİDE FIRSAT YÜKSEK GİRİŞ 3+1 DAİRE,none,0,0,0,0,0,none,0,,1324958188
,Ş.G. GAYRİMENKUL'DEN ZAFER MAHALLESİ'NDE 3+1 SATILIK DAİRE,none,0,0,0,0,0,none,0,,1312676963
,ÇETİNLER EMLAKTAN İSTİKLAL MAHALLESİNDE 3+1 SATILIK DAİRE,none,0,0,0,0,0,none,0,,1325612125
,BU PARAYA BÖYLE DAİRE KALDI MI? Yeni Mahalle'de Fırsat 3+1,none,0,0,0,0,0,none,0,,1324716764
,KURTULUŞ MAH. FULL YAPILI ARA KAT SATILIK DAİRE,none,0,0,0,0,0,none,0,,1313522034
,AN-KA'DAN FATİH MAHALLESİNDE İÇİ FULL YAPILI SATILIK DAİRE,none,0,0,0,0,0,none,0,,1297119145
,KARAKAYA EMLAK'TAN ADLİYE ARKASI SATILIK SIFIR AYARINDA DAİRE,none,0,0,0,0,0,none,0,,1331726740
Ara Kat,TAMER GAYRİMENKULDEN ŞENTEPE SOL DA ORTAKAT,none,0,0,0,0,0,none,0,,1324677879
,YIKILMAZ EMLAKTAN SENTEPE SAĞ YÜKSEK GİRİŞ 2+1 SATILIK,none,0,0,0,0,0,none,0,,1330821755
,Ziraat Bankası'ndan Basrı Mahallesi'nde Mesken,none,0,0,0,0,0,none,0,,1314207447
Ara Kat,Ş.G GAYRİMENKUL'DEN İSTİKLAL MAHALLESİ 3+1 SATILIK DAİRE,none,0,0,0,0,0,none,0,,1325593940
Ara Kat,Ş.G GAYRİMENKUL'DEN ŞEHİTLİK MH.SİNDE ORTA KAT 3+1 SATILIK DAİRE,none,0,0,0,0,0,none,0,,1332420980
,AN-KA'DAN MEHMET AKİF TOKİ KONUTLARINDA SATILIK DAİRE,none,0,0,0,0,0,none,0,,1326036682
,Ümit gayrimenkul den satılık !!!,none,0,0,0,0,0,none,0,,1327836336
,AN-KA'DAN ŞEHİTLİK'TE 3+1 SIFIR YAPILI GİRİŞ KAT DAİRE,none,0,0,0,0,0,none,0,,1301902510
,EL CASA'DAN FULL YAPILI 2+1 120 M2 DAİRE ZAFER MAHALLESİ,none,0,0,0,0,0,none,0,,1325314641
,AN-KA'DAN ÇARŞI MERKEZDE SATILIK DAİRE,none,0,0,0,0,0,none,0,,1320542434
Ara Kat,YILDIRIM EMLAK'TAN ŞENTEPE SOLDA 3+1 ARA KAT SIFIR YAPILI DAIRE,none,0,0,0,0,0,none,0,,1255689993
Ara Kat,CAN HASTANESİ YANI ARA KAT 3+1 CADDE CEPHELİ GÜNEY CEPHE,none,0,0,0,0,0,none,0,,1330883421
Dubleks,ÇAĞDAŞ GAYRİMENKUL'DAN ŞEHİTLİK MAH SATILIK 5+1 DAİRE,standard,1,0,0,0,1,detail,0,,1297699969
En Üst Kat,KARAKAYA EMLAK OFİSİNDEN ZAFER MAHALLESİNDE FUL YAPILI DAİRE,none,0,0,0,0,0,none,0,,1318695490
,ONUR EMLAK GAYRİMENKUL | 3+1 & 140m2 & CAM BALKON,none,0,0,0,0,0,none,0,,1331205569
Ara Kat,SERVER EMLAKTAN FATİH TE SIFIR SATILIK 3+1 DAİRE,none,0,0,0,0,0,none,0,,1324963784
,ME- TA GAYRİMENKULDEN EMEK SİTESİ SATILIK DAİRE,none,0,0,0,0,0,none,0,,1309649640
,Polatlı Şehitlik Mahallesinde Site İçersinde 3+1 Satılık Daire,none,0,0,0,0,0,none,0,,1332184191
Ara Kat,Ferah Bir Manzara İsteyene Ara Kat Eşyalı Kiracılı,none,0,0,0,0,0,none,0,,1291617014
,NET GAYRIMENKUL'DEN MEHMET AKİF MAH. 3+1 SATILIK DAİRE,none,0,0,0,0,0,none,0,,1295266542
En Üst Kat,TAMER GAYRİMENKULDEN GAZİ DE 4+1,none,0,0,0,0,0,none,0,,1324863314
,ÇAĞDAŞ GAYRİMENKUL'DAN FATİH MAH SATILIK 3+1 DAİRE,none,0,0,0,0,0,none,0,,1320153523
,KARAKAYA EMLAK'TAN İSTİKLAL'DE GENİŞ KREDİYE UYGUN DAİRE,none,0,0,0,0,0,none,0,,1319446047
,Ş.G GAYRİMENKUL'DEN ŞEHİTLİK MAHALLESİ SATILIK 2+1 DAİRE,none,0,0,0,0,0,none,0,,1310752864
,KARAKAYA EMLAK OFİSİNDEN ŞENTEPE'DE ARA KAT YAPILI DAİRE,none,0,0,0,0,0,none,0,,1336220600
,ME-TA GAYRİMENKUL'DEN ŞENTEPE MAH. SATILIK FIRSAT DAİRE,none,0,0,0,0,0,none,0,,1336125451
,BİZİM EMLAK'TAN FATİH MAH. SATILIK DAİRE,none,0,0,0,0,0,none,0,,1336154739
,BÖLGENİN EN UYGUN EN KALİTELİ FIRSATI İLK GELEN KAZANIR.,none,0,0,0,0,0,none,0,,1333290654
Ara Kat,YILDIRIM EMLAK'TAN ŞENTEPEDE 4+1 ARA KAT YAPİLİ SIFIR DAİRE,none,0,0,0,0,0,none,0,,1243604628
,KÜBRA ÇELİK GAYRİMENKULDEN ZAFERDE 3+1 SATILIK DAİRE,none,0,0,0,0,0,none,0,,1336162173
,Sahibinden uygun fiyatlı daire,none,0,0,0,0,0,none,0,,1336180709
En Üst Kat,TAMER GAYRİMENKULDEN ZAFER DE ÜSTKAT,none,0,0,0,0,0,none,0,,1336221237
Ara Kat,ŞENTEPE MAH. SOL TARAFTA SIFIR 3+1 DAİRE,none,0,0,0,0,0,none,0,,1336228822
,KARAKAYA EMLAK'TAN ŞENTEPE SOL'DA YERDEN ISITMA SIFIR DAİRE,none,0,0,0,0,0,none,0,,1336229592
Ara Kat,NET'TEN ŞEHİTLİK MAH.4+1 KAPALI OTOPARKLI EVİM PROJ. UYGUN DAİRE,none,0,0,0,0,0,none,0,,1336225168
,"KARAKUŞ'TAN ▓ KAVACIK MODERN'DE 8.KAT 2 BLOK, SIFIR 95m² LÜX 2+1",none,0,0,0,0,0,none,0,,1330706105
Ara Kat,HEM YAŞAM HEM YATIRIM İÇİN KAÇIRILMAYACAK FIRSAT!,none,0,0,0,0,0,none,0,,1324325996
,CESUR EMLAK 4+1 SIFIR SİTE DAİRESİ,none,0,0,0,0,0,none,0,,1330407431
,PURSAKLAR SARAY CUMHURİYET MAH.DE ÇARŞI İÇİNDE 4+1 SATILIK,none,0,0,0,0,0,none,0,,1336095586
En Üst Kat,Pursaklar Sarayda En Üst Kat Konforu: 170 m² 4+1 Satılık Daire,none,0,0,0,0,0,none,0,,1330273214
Ara Kat,NAM-AK EMLAKTAN FATİH MAH. ÇİFT BANYOLU GENİŞ MUTFAKLI 4+1 DAİRE,none,0,0,0,0,0,none,0,,1336055309
,ERTEKİN EMLAKTAN HAST YAK YERDEN ISITMALI G.ODALI 4+1 LÜKS DAİRE,none,0,0,0,0,0,none,0,,1330298963
Ara Kat,ÖZGÜL EMLAK'tan HASTANE YAKINI LÜX SİTEDE FULL YAPILI 4+1 DAİRE,none,0,0,0,0,0,none,0,,1336057390
Ara Kat,Ş.G GAYRİMENKUL'DEN ŞEHİTLİK'DE 4+1 ULTRA LÜKS SATILIK DAİRE,none,0,0,0,0,0,none,0,,1314405236
Ara Kat,ÇAĞDAŞ GAYRİMENKUL'DAN ŞEHİTLİK MAH SATILIK 4+1 DAİRE,none,0,0,0,0,0,none,0,,1319812602
Ara Kat,SAHİBİNDEN ŞENTEPE MAHALLESİ'NDE MASRAFSIZ BAKIMLI 4+1 DAİRE,none,0,0,0,0,0,none,0,,1331185353
Ara Kat,YIKILMAZ EMLAKTAN ULTRA LÜKS ŞEHİTLİK MAH 4+1 SIFIR DAİRE,none,0,0,0,0,0,none,0,,1308543492
Ara Kat,GORDİON EMLAK'TAN FATİH MAHALLESİ 3+1 FULL YAPILI 0 DAİRE,none,0,0,0,0,0,none,0,,1270136455
,ZAFER MAHALLESİNDE SATILIK 3+1 YÜKSEK GİRİŞ DAİRE,none,0,0,0,0,0,none,0,,1331236135
Ara Kat,ROTA GAYRİMENKULDEN ŞEHİTLİK MAHALLESİNDE SATILIK 3+1 DAİRE,none,0,0,0,0,0,none,0,,1325580054
,ME-TA GAYRİMENKUL'DEN ŞENTEPE SOL DA ADLİYE ARKASI SATILIK DAİRE,none,0,0,0,0,0,none,0,,1332618789
Ara Kat,ÇAĞDAŞ GAYRİMENKUL'DAN FATİH MAH 3+1 SATILIK AVANTAJLI DAİRE,none,0,0,0,0,0,none,0,,1298034392
Ara Kat,Karakaya Emlaktan İstiklal Mah. 4+1 Satılık Ara Kat Daire,none,0,0,0,0,0,none,0,,1331579077
,Halk Bankası'ndan Ankara Polatlı Satılık Konut,none,0,0,0,0,0,none,0,,1326240398
,SATILIK 3+1 DAİRE POLATLI GAZİ MAHALLESİ,none,0,0,0,0,0,none,0,,1331439065
,Zafer Mahallesi'nde satılık 3 + 1 orta kat daire,none,0,0,0,0,0,none,0,,1308808540
,Gazi Mahallesi'nde satılık 3 + 1 orta kat daire,none,0,0,0,0,0,none,0,,1269404295
,NET GAYRİMENKUL'DEN İNÖNÜ CAD. 5+1 SATILIK DAİRE,none,0,0,0,0,0,none,0,,1291489536
,MURAT İNŞAAT EMLAKTAN CUMHURİYET MAHELLESİNDE SATILK 2+1 DAİRE,none,0,0,0,0,0,none,0,,1325551053
,DS'DEN ŞEHİTLİK MAH.KATTA TEK ARA KAT FIRSAT 3+1 DAİRE,none,0,0,0,0,0,none,0,,1333089477
Dubleks,DS'DEN ZAFER MH.4+1 YENİ YAPIM SATILIK DUBLEKS DAİRE,standard,1,0,0,0,1,detail_and_title,0,,1326669811
Ara Kat,ŞENTEPE MAH SATİLİK2+1 ORTAKATTA,none,0,0,0,0,0,none,0,,1298233084
,Ümit gayrimenkul den satılık !!!,none,0,0,0,0,0,none,0,,1187991778
,AN-KA'DAN CUMHURİYET 'TE ARA KAT YAPILI MASRAFSIZ 3+1 DAİRE,none,0,0,0,0,0,none,0,,1315719832
,Ankara Polatlı Zafer Mahallesinde 112m² 3+1 Satılık Mesken,none,0,0,0,0,0,none,0,,1302354792
,AN-KA'DAN FATİH MH. 2+1 MÜKEMMEL KONUMDA YENİ YAPI DAİRE!,none,0,0,0,0,0,none,0,,1332190586
Ara Kat,ÇAĞDAŞ GAYRİMENKUL'DEN ŞEHİTLİK MAH'DE PRESTİJLİ LÜKS 4+1 DAİRE,none,0,0,0,0,0,none,0,,1319837890
Ara Kat,DS'DEN ŞENTEPE SOLDA MAKİNA İKMAL O. ARKASI 3+1 SIFIR DAİRE,none,0,0,0,0,0,none,0,,1333368499
Ara Kat,"MERKEZİ KONUM OKULLAR,ÇARŞI YANI MANZARALI 4+1 ACİLL SATILIK",none,0,0,0,0,0,none,0,,1312767683
,İstiklal Mahallesi'nde satılık 3 + 1 yüksek giriş daire,none,0,0,0,0,0,none,0,,1331718408
,ÇETİNLER EMLAKTAN İSTİKLALDE 2+1 SATILIK DAİRE,none,0,0,0,0,0,none,0,,1310286833
,SEHİTLİKLE FULL YAPILI BAHÇELİ YERDEN YÜKSEK DAİRE 3+1,none,0,0,0,0,0,none,0,,1267432043
,sahibinden satılık 140 m2 bakımlı daire,none,0,0,0,0,0,none,0,,1319746855
,3.5 +1 satılık yüksek giriş daire kurtuluş mah.,none,0,0,0,0,0,none,0,,1253339732
Ara Kat,YILDIRIM EMLAK'TAN FATİHTE 3+1 ARA KAT YAPILI LOKASYONLU DAIRE,none,0,0,0,0,0,none,0,,1286600239
,ONUR EMLAK GAYRİMENKULDEN ŞEHİTLİKTE 5+1 DUBLEKS,standard,1,0,0,0,1,title,0,,1300025587
Ara Kat,BAŞKENT EMLAK TAN ŞEHİTLİK ŞAHİN TEPESİN DE 4+1,none,0,0,0,0,0,none,0,,1326142885
Ara Kat,ROTANIZ GAYRİMENKULDEN ZAFERDE SATILIK 3+1 DAİRE,none,0,0,0,0,0,none,0,,1332205108
,ME-TA GAYRİMENKUL'DEN KURTULUŞ MAH. SATILIK ARA KAT DAİRE,none,0,0,0,0,0,none,0,,1332414557
,NAZAR EMLAK'TAN SATILIK FIRSAT KÖŞEBAŞI DAİRE,none,0,0,0,0,0,none,0,,1325986667
,İSTİKLAL MAH.DA ANKARA YOLU VE AWM YE YAKIN 2+1 GRİŞ KAT DAİRE,none,0,0,0,0,0,none,0,,1325965067
Ara Kat,SERVERDEN M.AKİF TOKİDE 2+1 ARA KAT DAİRE,none,0,0,0,0,0,none,0,,1313759800
,BİZİM EMLAK'TAN BATTALGAZİ CAD. SATILIK DAİRE,none,0,0,0,0,0,none,0,,1325773345
,HAKTAN EMLAKTAN SENTEPE SOL HAZIR 3+1,none,0,0,0,0,0,none,0,,1332081827
Ara Kat,ME-TA GAYRİMENKUL'DEN ZAFER MAHALLESİNDE SATILIK DAİRE,none,0,0,0,0,0,none,0,,1326132450
,Ş.G GAYRİMENKUL'DEN FATİH MAHALLESİ 3+1 SATILIK DAİRE,none,0,0,0,0,0,none,0,,1326383549
En Üst Kat,AN-KA'DAN ŞENTEPE MAKINA İKMAL ARKASI ASANSÖRLÜ 3+1 DAİRE,none,0,0,0,0,0,none,0,,1332387871
Ara Kat,*SAHİBİNDEN* ATATURK CADDESİNDE SATİLİK DAİRE,none,0,0,0,0,0,none,0,,1326131488
,ONUR EMLAK GAYRİMENKULDEN,none,0,0,0,0,0,none,0,,1282342885
Ara Kat,ÇETİNLER EMLAKTAN POLATLI İSTİKLAL MAH. 3+1 BAGIMSIZ DAİRE.,none,0,0,0,0,0,none,0,,1326379927
Ara Kat,Askeriye Karşısı 3+1 Daire,none,0,0,0,0,0,none,0,,1332066924
,ŞENTEPENİN GÖZDE KONUMUNDA 2 BALKONLU 135 m² NET 3+1 SATILIK!!,none,0,0,0,0,0,none,0,,1332719699
Ara Kat,Ş.G GAYRİMENKUL'DEN ŞENTEPE MAHALLESİ 3+1 SATILIK DAİRE,none,0,0,0,0,0,none,0,,1320346400
,Şentepe ful yapılı daire,none,0,0,0,0,0,none,0,,1316677577
,site içerisinde 2+1 yapılı sahibinden satılık,none,0,0,0,0,0,none,0,,1320083684
,POLATLI ŞEHİTLİK MAHALLESİ'NDE SATILIK 3+1 DAİRE,none,0,0,0,0,0,none,0,,1332732512
En Üst Kat,KURTULUŞ MAHALLESİNDE 2+1 SATILIK TERAS KAT,none,0,0,0,0,0,none,0,,1332160500
Ara Kat,POLATLI CUMHURİYET MAH SATILIK DAİRE,none,0,0,0,0,0,none,0,,1326063731
,YIKILMAZ EMLAKTAN MEHMET AKİF TOKİ SATILIK 2+1,none,0,0,0,0,0,none,0,,1332400885
,ROTA GAYRİMENKULDEN BU FİYATA EMSALİ YOK FATİH MAHALLESİNDE,none,0,0,0,0,0,none,0,,1325577035
,POLATLI ELİFKENT'TE GÜNEY CEPHE ARA KAT SATILIK EŞYALI 3+1 DAİRE,none,0,0,0,0,0,none,0,,1315324561
,YILDIRIM EMLAK'TAN İNÖNÜ CAD. UZERINDE FUL YAPILI DAİRE,none,0,0,0,0,0,none,0,,1278901791
,ŞENTEPE MAHALLESİ SATILIK 3+1 ARA KAT DAİRE,none,0,0,0,0,0,none,0,,1325551608
,ONUR EMLAK GAYRİMENKUL | GÜLVEREN MAH. & 3+1 & FULL YAPILI,none,0,0,0,0,0,none,0,,1326301918
,AN-KA'dan ŞENTEPENİN 3+1 KUPON DAİRESİ,none,0,0,0,0,0,none,0,,1332427420
,SaTILIK EV ŞENTEPE,none,0,0,0,0,0,none,0,,1332424260
Ara Kat,ŞEHİTLİK MAH. POLATLININ EN GÜZEL YERİNDE 3+1 SATILIK DAİRE,none,0,0,0,0,0,none,0,,1332451123
Ara Kat,SERVER EMLAKTAN SATILIK 3+1 KIREDİYE UGUN FIRSAT DAİRE,none,0,0,0,0,0,none,0,,1320324580
,AN-KA'DAN GAZİ MAH. SATILIK BULUNMAZ ARA KAT DAİRE,none,0,0,0,0,0,none,0,,1326030606
Ara Kat,AN-KA'DAN 3+1 SİTE İÇİ ARA KAT SATILIK FIRSAT DAİRE,none,0,0,0,0,0,none,0,,1321059607
,Çarşı İçi Üst Kat Bağımsız 3+1 Masrafsız Geniş Satılık Daire,none,0,0,0,0,0,none,0,,1332479707
,ŞENTEPE MAHALLESİNDE LÜKS 3+1 DAİRE,none,0,0,0,0,0,none,0,,1266300001
En Üst Kat,ZAFER MAHALLESİ MENEKŞE CADDESİNDE SATILIK DAİRE,none,0,0,0,0,0,none,0,,1315504857
,Mehmet Akif TOKİ satılık 3+1,none,0,0,0,0,0,none,0,,1244114980
Ara Kat,Ş.G GAYRİMENKUL'DEN GAZİ MAHALLESİ'NDE 6+1 SATILIK DUBLEKS DAİRE,standard,1,0,0,0,1,title,0,,1314997187
,TOPCU FÜZE OKULUN KARŞINDA 3+1 EŞYALARI İLE SATILIK,none,0,0,0,0,0,none,0,,1269089165
,SAHİBİNDEN HASTANE YANI,none,0,0,0,0,0,none,0,,1320157830
,ARBETTADAN ŞENTEPEDE 4+1 ARA KAT SATILIK DAİRE,none,0,0,0,0,0,none,0,,1332573304
En Üst Kat,"Şehitlik Mahallesi'nde, Satılık Lüks 4+1 Daire",none,0,0,0,0,0,none,0,,1332969253
,YIKILMAZ EMLAKTAN MEHMET AKİF SATILIK ULTRA LÜKS 4+1,none,0,0,0,0,0,none,0,,1332582378
,2+1 MERKEZ DE EŞYALI SAHİBİNDEN SATILIK DAİRE,none,0,0,0,0,0,none,0,,1332601438
,YILDIRIM EMLAK'TAN ATATURK CAD. ÜZERİ ASANSORLU 3+1 DAİRE,none,0,0,0,0,0,none,0,,1333172626
,Ş.G GAYRİMENKUL'DEN KURTULUŞ MH.SİNDE ORTA KAT 3+1 SATILIK DAİRE,none,0,0,0,0,0,none,0,,1332615879
,SAHİBİNDEN GAZİ MAHALLESİNDE YAPILI FIRSAT DAİRE,none,0,0,0,0,0,none,0,,1332632755
Ara Kat,DS'DEN ZAFER MH.4+1 ÇOK GENİŞ YENİ YAPIM FIRSAT DAİRE,none,0,0,0,0,0,none,0,,1325612412
Ara Kat,YILDIRIM EMLAK'TAN ŞENTEPE SOLDA 3+1 IMKB BOLGESI ARA KAT DAİRE,none,0,0,0,0,0,none,0,,1333111320
,Ş.G. GAYRİMENKUL'DEN ÇAMLICA MAHALLESİ'NDE 3+1 SATILIK DAİRE,none,0,0,0,0,0,none,0,,1314874589
,ME-TA GAYRİMENKUL'DEN ZAFER MAH SATILIK DAİRE,none,0,0,0,0,0,none,0,,1332783751
,ŞEHİTLİK MAHALLESİ 4+1 FULL+FULL YAPILI MÜKEMMEL KONUMDA,none,0,0,0,0,0,none,0,,1325944455
,ROTA EMLAKDAN ŞENTEPE SAĞDA SATILIK 2+1 DAİRE,none,0,0,0,0,0,none,0,,1332796685
Ara Kat,ÇAĞDAŞ GAYRİMENKUL'DEN PREMİUM YAŞAMSUNAN LÜKS 4+1 SAUNALI DAİRE,none,0,0,0,0,0,none,0,,1332808715
En Üst Kat,YILDIRIM EMLAK'TAN KURTULUSTA 3+1 YOL CEPHELI YAPILI DAİRE,none,0,0,0,0,0,none,0,,1333175398
Ara Kat,AN-KA'DAN FIRSAT ASANSÖRLÜ ARA KAT ÇARŞI MERKEZDE DAİRE,none,0,0,0,0,0,none,0,,1333539671
,EL CASA'DAN ULTRA LÜKS PRESTİJLİ 4+1 180 M2 DAİRELER !,none,0,0,0,0,0,none,0,,1320978853
Ara Kat,SAHİBİNDEN Satılık-Şehitlik Mahallesinde Lüks ve Geniş 4+1 Daire,none,0,0,0,0,0,none,0,,1332863473
Ara Kat,ÇETİNLER'DEN LÜKS PROJEDE SATILIK DAİRE,none,0,0,0,0,0,none,0,,1307620924
,AN-KA'DAN GAZİ'DE ŞİMŞEK SİTESİ 3+1 FIRSAT DAİRE!!,none,0,0,0,0,0,none,0,,1332913674
,Ş.G GAYRİMENKUL'DEN ŞEHİTLİK MAHALLESİ HAVUZLU TRİPLEKS VİLLA,none,0,0,0,0,0,none,0,,1181253038
,YILDIRIM EMLAK'TAN ZAFERDE 3+1 CADDE CEPHELI GENİS BAHCELI DAIRE,none,0,0,0,0,0,none,0,,1333102829
,NET GAYRİMENKUL'DEN İNÖNÜ CADDESİ 3+1 DAİRE,none,0,0,0,0,0,none,0,,1333111991
,ÇARŞIYA ÇOK YAKIN / BAHÇE KULLANIMLI / 2+1,none,0,0,0,0,0,none,0,,1332951484
Ara Kat,ÇAĞDAŞ GAYRİMENKUL'DAN FATİH MAH SATILIK ARA KAT DAİRE 3+1,none,0,0,0,0,0,none,0,,1299233583
Ara Kat,ME-TA GAYRİMENKUL'DEN ŞEHİTLİKTE ULTRA LÜKS 4+1 SATILIK DAİRELER,none,0,0,0,0,0,none,0,,1328551623
,ONUR EMLAK GAYRİMENKULDEN SATILIK ARA KAT,none,0,0,0,0,0,none,0,,1326023999
,Polatlı Merkezde Ara Kat Satılık Daire- Eminevime Uygun,none,0,0,0,0,0,none,0,,1333694751
En Üst Kat,AN-KA' dan ŞENTEPE MH ÜST KAT 3+1 GENİŞ SIFIR DAİRE,none,0,0,0,0,0,none,0,,1320224729
,Ş.G. GAYRİMENKUL'DEN CUMHURİYET MAHALLESİ'NDE 3+1 SATILIK DAİRE,none,0,0,0,0,0,none,0,,1309395919
,ÇETİNLER EMLAKTAN POLATLI şehitlik mah. 4+1 NET:180M2 SATILIK.,none,0,0,0,0,0,none,0,,1324601660
,MURAT İNŞAAT EMLAKTAN ŞENTEPE MAHELLSİNDE SATILIK 3+1 DAİRE,none,0,0,0,0,0,none,0,,1310283497
Ara Kat,TAMER GAYRİMENKULDEN İSTİKLAL DE ARAKAT,none,0,0,0,0,0,none,0,,1327207394
Ara Kat,TAMER GAYRİMENKULDEN BASRİ DE 4+1 ŞEHİR MANZARALI,none,0,0,0,0,0,none,0,,1327206173
,ŞEHİTLİK MAHALLE'SİNDE SATILIK 5+2 FULL YAPILI AYRI GİRİŞLER,none,0,0,0,0,0,none,0,,1324805818
,ŞEHİTLİK MAHALLESİNDE FIRSAT 3+1 SATILIK DAİRE!,none,0,0,0,0,0,none,0,,1331383464
,AN-KA'DAN FATİH MAH. KAÇMAZ SATILIK DAİRE,none,0,0,0,0,0,none,0,,1333462925
En Üst Kat,POLATLI - ŞEHİTLİK MAHALLESİNDE - SAHİBİNDEN SATILIK - 3+1 EV,none,0,0,0,0,0,none,0,,1315731709
,MURAT İNŞAAT EMLAKTAN ŞEHİTLİK MAHALLESİ SATILIK 3+1 DAİRE,none,0,0,0,0,0,none,0,,1326218541
,DS'DEN KURTULUŞ MAH.YÜKSEK GİRİŞ YENİ YAPIM SATILIK DAİRE,none,0,0,0,0,0,none,0,,1326398744
,Polatlı Mehmet Akif Tokide 2+1 Masrafsız Daire,none,0,0,0,0,0,none,0,,1333179772
,EL CASA'DAN ZAFER MAH YÜKSEK GİRİŞ 3+1 DAİRE,none,0,0,0,0,0,none,0,,1321202936
Ara Kat,SAHİBİNDEN ŞEHİTLİKTE 3+1 DAİRE,none,0,0,0,0,0,none,0,,1333209542
,TOPRAK EMLAKTAN CUMHURİYET MAHALLESİNDE SATILIK 3+1 DAİRE,none,0,0,0,0,0,none,0,,1333582781
,Halk Bankası'ndan Ankara Polatlı Satılık Konut,none,0,0,0,0,0,none,0,,1214844382
,ŞENTEPE MAHALLESİNDE 3+1 SATILIK FIRSAT DAİRE,none,0,0,0,0,0,none,0,,1333826861
Ara Kat,YILDIRIM EMLAK'TAN FATİHTE 3+1 ARA KAT YAPILI SAHANE DAİRE,none,0,0,0,0,0,none,0,,1333403420
,KÜBRA ÇELİK GAYRİMENKULDEN ŞENTEPEDE SATILIK 4+1 DAİRE,none,0,0,0,0,0,none,0,,1327541474
Ara Kat,ÇETİNLER EMLAKTAN İSTİKALDE MÜKEMMEL KONUMDA SATILIK 3+1 DAİRE,none,0,0,0,0,0,none,0,,1333830217
,Ş.G GAYRİMENKUL'DEN CUMHURİYET MAHALLESİ 3+1 SATILIK DAİRE,none,0,0,0,0,0,none,0,,1315325652
,İNÖNÜ CADDESİNDE 3+1 TERASLI FIRSAT DAİRE,none,0,0,0,0,0,none,0,,1320523836
,AN-KA'DAN MEHMET AKİF TOKİ'DE FULL YAPILI SATILIK DAİRE,none,0,0,0,0,0,none,0,,1333466331
,"Zafer Mahallesi'nde Satılık 3+1 Daire, 100m², Merkezi Konum",none,0,0,0,0,0,none,0,,1333482615
,Ankara Polatlı Şentepe Mahallesi Satılık 4+1 Arakat Sıfır Daire,none,0,0,0,0,0,none,0,,1333492996
,Ümit gayrimenkul den satılık !!!,none,0,0,0,0,0,none,0,,1314860922
,YILDIRIM EMLAK'TAN CUMHURİYETTE YATIRIMLIK ARA KAT DAIRE,none,0,0,0,0,0,none,0,,1333727159
,BİZİM EMLAK'TAN ŞEHİTLİK MAH. SATILIK LÜKS DAİRE,none,0,0,0,0,0,none,0,,1333728443
,DS'DEN KURTULUŞ MAHALLESİNDE SATILIK 3+1 YENİ BİNA,none,0,0,0,0,0,none,0,,1330653496
,"AYYILDIZ KOLEJİ YAKININDA 4+1 LÜKS, SIFIR DAİRELER",none,0,0,0,0,0,none,0,,1318891084
,EL CASA'DAN ZAFER MAH SIFIR YAPILI 3+1 130M2 BAĞIMSIZ ODA DAİRE,none,0,0,0,0,0,none,0,,1327582542
,YILDIRIM EMLAK'TAN ŞEHİTLİKTE TED KOLEJI BOLGESINDE 3+1 DAİRE,none,0,0,0,0,0,none,0,,1311092488
,ME-TA GAYRİMENKULDEN ŞEHİTLİH MAH FULL YAPILI 4+1 DAİRELER,none,0,0,0,0,0,none,0,,1316768201
En Üst Kat,SATILIK 4+1 200 m² HİÇ KULLANILMAMIŞ GENİŞ DAİRE,none,0,0,0,0,0,none,0,,1333363294
,Gazi Mahallesi'nde satılık 5 + 1 dubleks daire,standard,1,0,0,0,1,title,0,,1327091777
,Kurtuluş Mahallesi'nde satılık 3 + 1 orta kat daire,none,0,0,0,0,0,none,0,,1309460768
,POLZEN GAYRİMENKUL'DEN MEHMET AKİF MAH. FULL YAPILI 4+1 DAİRELER,none,0,0,0,0,0,none,0,,1324600261
,BAŞKENT EMLAK TAN ÇARŞI MERKEZ DE 3+1,none,0,0,0,0,0,none,0,,1327746651
,KARTALTEPE KONUTLARINDA FULL YAPILI 3+1,none,0,0,0,0,0,none,0,,1333410232
Ara Kat,AN-KA'DAN ESKİŞEHİR YOLU ÜZERİ 3+1 FULL YAPILI ASANSÖRLÜ DAİRE,none,0,0,0,0,0,none,0,,1315507617
,AN-KA'DAN ÇARŞI MERKEZDE ARA KAT YATIRIMLIK 3+1 FIRSAT DAİRE,none,0,0,0,0,0,none,0,,1334059494
,KURTULUŞ MAH.3+1 ODALAR BAĞIMSIZ CADDE CEPHELİ SATILIK DAİRE,none,0,0,0,0,0,none,0,,1327871754
Ara Kat,POLZEN GAYRİMENKUL'den Basri'de Satılık 3+1 Daire,none,0,0,0,0,0,none,0,,1298295597
Ara Kat,GAZİ MAHALLESİNDE KİRA GETİRİLİ,none,0,0,0,0,0,none,0,,1330761999
,AKGÜÇ GAYRİMENKULDEN ŞEHİTLİK MAH MANZARALI 4+1 ULTRA LÜKS DAİR,none,0,0,0,0,0,none,0,,1309987496
,ZAFER MAHALLESİNDE 3+1 YÜKSEK GİRİŞ ARA KAT DAİRE,none,0,0,0,0,0,none,0,,1333676711
,FATİH MAHALLESİ SATILIK 3+1 YÜKSEK GİRİŞ DAİRE,none,0,0,0,0,0,none,0,,1301960193
,Ümit gayrimenkul den satılık!!!,none,0,0,0,0,0,none,0,,1314873040
,Ş.G GAYRIMENKUL'DEN ŞEHİTLİK MAH 3+1 SATILIK DAİRE,none,0,0,0,0,0,none,0,,1303141574
Ara Kat,Ankara Polatlı Şentepe Solda Full Yapılı Satılık 3 +1Daire,none,0,0,0,0,0,none,0,,1304738644
Ara Kat,ÇAĞDAŞ GAYRİMENKUL'DAN ŞEHİTLİK MAH SATILIK SIFIR 2+1 DAİRE,none,0,0,0,0,0,none,0,,1304637449
,ŞEHİTLİK MAH SATILIK 4+1 DAİRE,none,0,0,0,0,0,none,0,,1321989716
Ara Kat,FATİH MAHALLE'SİNDE FIRSAT SATILIK 5+2 DUBLEKS,standard,1,0,0,0,1,title,0,,1324956987
,ŞENTEPE SOLDA SATILIK 3+1 DAİRE,none,0,0,0,0,0,none,0,,1334031774
Ters Dubleks,ONUR EMLAK GAYRİMENKUL | TERS DUBLEKS & 3+1 & YOL CEPHE,standard,1,0,0,0,1,detail_and_title,0,,1328047866
,TUNA GAYRİMENKUL'DEN SATILIK GAZİ MAH.DE ARA KAT 3+1,none,0,0,0,0,0,none,0,,1332343777
Ara Kat,MEHMET AKİF MAH. KAÇIRILMAYACAK SATILIK ORTA KAT 3+1 DAİRE,none,0,0,0,0,0,none,0,,1333691816
,NET GAYRİMENKUL'DEN ZAFER MAH. 3+1 SATILIK DAİRE,none,0,0,0,0,0,none,0,,1333710833
Ara Kat|En Üst Kat,POLATLI ŞEHİTLİK MAHALLESİ SÜPER KONUM 3+1 SİTEDE SATILIK DAİRE,none,0,0,0,0,0,none,0,,1333707052
,BİZİM EMLAK'TAN ŞEHİTLİK MAH. SATILIK 4+1 DAİRE,none,0,0,0,0,0,none,0,,1288655720
,EL CASA'DAN ŞENTEPE MAH KURULUŞ SİTESİ ARA KAT 2+1 110 M2,none,0,0,0,0,0,none,0,,1319621853
Ara Kat,TAMER GAYRİMENKULDEN ŞEHİTLİKTE ULTRA LÜKS,none,0,0,0,0,0,none,0,,1327772571
Dubleks|En Üst Kat,ÇETİNLER EMLAKTAN MASRAFSIZ UYGUN FİYAT 4+1 DUBLEKS DAİRE.,standard,1,0,0,0,1,detail_and_title,0,,1328101351
Ara Kat,ME-TA GAYRİMENKUL'DEN ŞENTEPE SOLDA SATILIK FIRSAT DAİRE,none,0,0,0,0,0,none,0,,1316683853
,Şentepe mahallesi satılık daire,none,0,0,0,0,0,none,0,,1333986732
,HAKTAN EMLAKTAN SUPER KONUM BAGIMSIZ 3+1,none,0,0,0,0,0,none,0,,1333813599
,AN-KA'dan ŞEHİTLİK MH. BAHÇELİ 3+1 SATILIK DAİRE,none,0,0,0,0,0,none,0,,1321178569
Ara Kat,ARBETTADAN ŞEHİTLİK MAHALLESİNDE ARA KAT 4+1 SATILIK DAİRE,none,0,0,0,0,0,none,0,,1321539769
,İSTİKLAL MAHALLE'SİNDE SATILIK FULL+FULL 3+1 FIRSAT DAİRE,none,0,0,0,0,0,none,0,,1324965785
Ara Kat,CUMHURİYET MAHALLESİ ALTAY CADDESİNDE SATILIK ORTA KAT DAİRE,none,0,0,0,0,0,none,0,,1313007225
,FATİH MAHALLESİNDE FULL YAPIILI 3+1 SATILIK DAİRE,none,0,0,0,0,0,none,0,,1334034318
,POLZEN'DEN ANKARA POLATLI GAZİ MAHALLESİNDE SATILIK 4+1 DAİRE,none,0,0,0,0,0,none,0,,1331175536
Ara Kat,ŞENTEPE TOKİDE FIRSAT DAİRE!,none,0,0,0,0,0,none,0,,1284260080
Ara Kat,POLZEN'DEN ŞEHİTLİK MAHALLESİNDE FULL YAPILI 4+1 LÜKS DAİRELER,none,0,0,0,0,0,none,0,,1319827996
,SAHİBİNDEN ŞEHİTLİK MAHALLESİNDE 4+1 FULL YAPILI SATILIK DAİRE,none,0,0,0,0,0,none,0,,1256431162
Ara Kat,"POLATLI BASRİ MAH.'DE ARA KAT, ÜÇ CEPHELİ SATILIK 4+1 DAİRE",none,0,0,0,0,0,none,0,,1322146106
,ŞEHİTLİK MAHALLE'SİNDE 185M2 NET 4+1 SIFIR FULL YAPILI DAİRE,none,0,0,0,0,0,none,0,,1334303432
Ara Kat,SAHİBİNDEN SATILIK 3.KAT 3+1 İÇİ YAPILI DAİRE,none,0,0,0,0,0,none,0,,1333922317
,KÜBRA ÇELİK GAYRİMENKUL'DEN ÇARŞI MERKEZDE SATILIK 3+1 DAİRE,none,0,0,0,0,0,none,0,,1331041139
Ara Kat,AN-KA'DAN ŞENTEPE'DE SİTE İÇİ ASANSÖRLÜ FIRSAT ARA KAT DAİRE,none,0,0,0,0,0,none,0,,1323015352
,KAÇIRILMAYACAK FIRSAT! 4+1 DAİRE,none,0,0,0,0,0,none,0,,1310704864
,ME-TA GAYRİMENKUL'DEN ŞENTEPE SAĞDA 4+1 SATILIK DAİRE,none,0,0,0,0,0,none,0,,1328542570
,Zafer Mahallesi'nde Satılık 3+1 Daire - 120m²,none,0,0,0,0,0,none,0,,1309399298
,ÇAĞDAŞ GAYRİMENKUL'DAN FATİHTE TEK TAPU 2 DAİRE! 1+1 2+1 AYRI,none,0,0,0,0,0,none,0,,1311449417
,ÇETİNLER EMLAKTAN İSTİKLALDE SİTE İÇERSİNDE SATILIK 3+1 DAİRE,none,0,0,0,0,0,none,0,,1334212446
,GORDİON EMLAK'TAN ZAFER MAHALLESİ 3+1 MÜKEMMEL KONUMDA,none,0,0,0,0,0,none,0,,1334224181
,Ş.G GAYRİMENKUL'DEN CUMHURİYET MAH FULL YAPILI 3+1 SATILIK DAİRE,none,0,0,0,0,0,none,0,,1316230506
,Ümit gayrimenkul den !!!,none,0,0,0,0,0,none,0,,1334951255
,Ş.G GAYRİMENKUL'DEN ELİFKENT SİTESİN'DE 3+1 SATILK DAİRE,none,0,0,0,0,0,none,0,,1328555649
,NET EMLAK'TAN MEZAİM K. BÖLGESİNDE GÖZDE SİTESİNDE SATILIK DAİRE,none,0,0,0,0,0,none,0,,1334053396
,AKGÜÇ GAYRİMENKULDEN ESENTEPE DE KOMPLE SATILIK 3 KATLI BİNA,none,0,0,0,0,0,none,0,,1334049577
,Şehitlik Mahallesi Ultra Lüks 4.5+1 -1.69 Faiz İmkanlı,none,0,0,0,0,0,none,0,,1334241517
,Şentepe mahallesi satılık daire,none,0,0,0,0,0,none,0,,1334063533
Ara Kat,ACİL SATILIK ... ŞENTEPE MAHALLESİ 3+1 FULL YAPILI DAİRE,none,0,0,0,0,0,none,0,,1313196182
Ara Kat,GORDİON EMLAK'TAN ŞEHİTİK MAHALLESİNDE SİTE İÇERİSİNDE 4.5+1,none,0,0,0,0,0,none,0,,1334117335
,GAZİ MAHALLE'SİNDE ODALARI BAĞIMSIZ 3+1 SATILIK FIRSAT DAİRE,none,0,0,0,0,0,none,0,,1330744664
,YILDIRIM EMLAK'TAN ŞENTEPEDE 3+1 EXTRA YAPILI 2YILLIK DAİRE,none,0,0,0,0,0,none,0,,1328303475
,lüks daire,none,0,0,0,0,0,none,0,,1334151329
En Üst Kat,SAHİBİNDEN 156 m DAİRE,none,0,0,0,0,0,none,0,,1298788125
,12.KAT 4.5+1 YIL SONU TESLİM SAHİBİNDEN SATILIK PAZARLIK YOKTUR,none,0,0,0,0,0,none,0,,1334869258
Ara Kat,GAZİ MAH .DA MERKEZE YAKIN CADDEYE BAKAN İŞ YERİ VE OFİSE UYGUN,none,0,0,0,0,0,none,0,,1293173492
,ÇETİNLER EMLAKTAN MASRAFSIZ SATILIK 3+1 ARAKAT CUMHURİYET MAH.,none,0,0,0,0,0,none,0,,1327205405
,ZAFER MAHALLE'SİNDE 185M2 NET OTURUM 4+1 SATILIK DAİRE,none,0,0,0,0,0,none,0,,1334407491
,ÇETİNLER EMLAKTAN ŞEHİTLİK MAHALLESİNDE SATILIK 3+1 DAİRE,none,0,0,0,0,0,none,0,,1334736026
Ara Kat,ŞENTEPE VİZYON PROJESİ | 3+1 SIFIR | SATIŞLAR BAŞLADI!,none,0,0,0,0,0,none,0,,1321943599
,Cumhuriyet mahallesi çarşı satılık 3+1,none,0,0,0,0,0,none,0,,1322485557
Ara Kat,İSTİKLAL'DE SAHİBİNDEN ACİL SATILIK 4+1 ARA KAT 3 CEPHELİ DAİRE,none,0,0,0,0,0,none,0,,1302394407
En Üst Kat,Ankara Polatlı Şehitlik te Satılık 3 +1Daire,none,0,0,0,0,0,none,0,,1331367665
,Polzen'den Şentepe mahallesinde full yapılı 2+1 daireler,none,0,0,0,0,0,none,0,,1313259240
,Acil satılık fırsat daire,none,0,0,0,0,0,none,0,,1334279156
En Üst Kat,Gazi mahallesinde sahibinden satılık,none,0,0,0,0,0,none,0,,1328331871
,POLATLİ SEHİTLİKTE HAZİRAN TESLİM ARA KAT LUKS 4+1 DAİRE,none,0,0,0,0,0,none,0,,1311247936
,CUMHURİYET MAHALLESİ CADDE CEPHELİ 3+1 90 M² NET YATIRIM FIRSATI,none,0,0,0,0,0,none,0,,1334810137
Ara Kat,"Polatlı Şehitlik Önü Kapanmaz 4,5+1 Sıfır Ara kat Uygun Fiyat",none,0,0,0,0,0,none,0,,1334303587
,GAZİ MAHALLE'SİNDE SATILIK ULTRA LUX 4+1 FIRSAT DAİRELER,none,0,0,0,0,0,none,0,,1331428521
Ara Kat,SERVERDEN GAZİ'DE YATIRIMA UYGUN MERKEZİ KONUM KİRACILI 3+1,none,0,0,0,0,0,none,0,,1334334165
En Üst Kat,AN-KA'DAN EŞSİZ MANZARALI 4+1 195m2 FIRSAT DAİRE,none,0,0,0,0,0,none,0,,1327666950
En Üst Kat,POLATLININ EN GÖZDE YERİNDE SATILIK DAİRE,none,0,0,0,0,0,none,0,,1309011587
Ara Kat,Fiyat Düştü.. Ada Mutfak ve Giyinme Odalı Satılık Lüks 4+1 Daire,none,0,0,0,0,0,none,0,,1319913596
,ME-TA GAYRİMENKUL'DEN ŞEHİTLİK MAH. ARA KAT SATILIK DAİRE,none,0,0,0,0,0,none,0,,1320776081
,Ş.G GAYRİMENKUL'DEN FATİH MAHALLESİ 3+1 SATILIK DAİRE,none,0,0,0,0,0,none,0,,1316830953
,EL CASA'DAN ŞEHİTLİK MAH SIFIR 4+1 165 M2 ARA KAT,none,0,0,0,0,0,none,0,,1334598950
Ara Kat,İNÖNÜ CADDESİ ÜZERİNDE SAHİBİNDEN SATILIK ARA KAT DAİRE,none,0,0,0,0,0,none,0,,1322524234
,Sahibinden sıfır 4+1 Daire,none,0,0,0,0,0,none,0,,1316480487
Ara Kat,YİĞİT GAYRİMENKUL'DEN SATILIK 4+1 GENİŞ DAİRE,none,0,0,0,0,0,none,0,,1325767425
Ara Kat,ROTANIZ GAYRİMENKULDEN ŞEHİTLİK MAHALLESİNDE SATILIK DAİRE,none,0,0,0,0,0,none,0,,1306841987
Ara Kat,DS'DEN ŞENTEPE SOLDA M.İKMAL ARKASI SIFIR 3+1 DAİRE,none,0,0,0,0,0,none,0,,1335216332
,ROTA GAYRİMENKULDEN BATTAL GAZİ CADDESİNDE SATILIK 3+1 DAİRE,none,0,0,0,0,0,none,0,,1334497514
Ara Kat,"Şehitlik Mahallesi'nde, Uğurlu Emlak'tan satılık fırsat daire!",none,0,0,0,0,0,none,0,,1305377093
Ara Kat,AN-KA'DAN HARİKA KONUMDA FIRSAT ARA KAT MASRAFSIZ DAİRE,none,0,0,0,0,0,none,0,,1334714296
,ÇETİNLER EMLAKTAN ŞEHİTLİKTE ULTRA LÜKS 4+1 DARE,none,0,0,0,0,0,none,0,,1334929479
,İSTİKLAL MAHALLESİ SATILIK 2+1 DAİRELER,none,0,0,0,0,0,none,0,,1334772088
Ara Kat,KARAKAYA EMLAKTAN ŞEHİTLİK MAH. 4+1 KREDİYE UYGUN,none,0,0,0,0,0,none,0,,1323638203
,Ziraat Bankası'ndan Kurtuluş Mahallesi'nde Daire,none,0,0,0,0,0,none,0,,1334780493
Ara Kat,Şehitlikte sahibinden 3+1 batı cephe önü açık,none,0,0,0,0,0,none,0,,1317296055
,Ümit gayrimenkul den satılık !!!,none,0,0,0,0,0,none,0,,1289103656
Ara Kat,Ş.G GAYRİMENKUL'DEN ŞEHİTLİK MAH. SATILIK 4+1 DAİRE,none,0,0,0,0,0,none,0,,1322919154
Ara Kat,Şehitlik Mahallesi'nde Satılık Full Yapılı 4+1 Daire,none,0,0,0,0,0,none,0,,1326393383
Ara Kat,DS'DEN ŞENTEPE SOLDA 3+1 FUL YAPILI CADDE CEPHELİ SIFIR DAİRW,none,0,0,0,0,0,none,0,,1335221714
Ara Kat,ME-TA GAYRİMENKUL'DEN KOMPLE POLATLI MANZARALI SATILIK 4+1 DAİRE,none,0,0,0,0,0,none,0,,1322852249
,CUMHURİYET MAHALLESİ 3+1 SATILIK DAİRE,none,0,0,0,0,0,none,0,,1335027735
,SERVER EMLAKTAN SIFIR ASANSÖRLÜ 4+1 SATILIK DAİRE,none,0,0,0,0,0,none,0,,1322811573
,AN-KA'DAN 2+1 YARISI PEŞİN YARISI TESLİMDE FIRSAT DAİRE!!,none,0,0,0,0,0,none,0,,1323656287
,YILDIRIM EMLAK'TAN FATİHTE 3+1 YENI YAPIM HARIKA KONUM DAİRE,none,0,0,0,0,0,none,0,,1309680418
,Polatlı Gülveren 1+1 Lüks Daire,none,0,0,0,0,0,none,0,,1288534400
,İSTİKLAL MAHALLESİNDE SATILIK LÜX 3+1 ARA KAY DAİRE,none,0,0,0,0,0,none,0,,1317703567
Ara Kat,KAÇMAZ FIRSAT!!!_3+1_SALON BAĞIMSIZ__ASANSÖRLÜ_KATTA_CADDE ÜSTÜ_,none,0,0,0,0,0,none,0,,1303780471
En Üst Kat,ROTANIZ GAYRİMENKUL DEN ZAFER MAHALLESİNDE SATILIK DAİRE,none,0,0,0,0,0,none,0,,1322716978
,Sahibinden Satılık 2+1 Site içi Arakatta Asansörlü Mutfak Yapılı,none,0,0,0,0,0,none,0,,1331894357
,ME-TA GAYRİMENKUL'DEN KURTULUŞ MAH SATILIK 2+1 DAİRE,none,0,0,0,0,0,none,0,,1329381704
,ÇETİNLER EMLAKTAN KURTULUŞ MAHALLESİNDE 3+1 SATILIK DAİRE,none,0,0,0,0,0,none,0,,1323139837
,BAŞKENT EMLAK TAN ASKERİYE BÖLGESİNE YAKIN DAİRE,none,0,0,0,0,0,none,0,,1334953549
,GORDİON EMLAK'TAN BASRI MAHALLESİNDE 3+1 MÜKEMMEL KONUMDA,none,0,0,0,0,0,none,0,,1335234898
,Ankara Polatlı Şentepe Mahallesi 3+1 Full Yapılı Satılık Daire,none,0,0,0,0,0,none,0,,1321676112
,DS'DEN ŞEHİTLİKTE ULTRA LÜX 4+1 TASARIM HARİKASI DAİRE,none,0,0,0,0,0,none,0,,1329424544
Ara Kat,Karakaya Emlaktan Şehitlik Mah. 4+1 Ara Kat Krediye Uygun,none,0,0,0,0,0,none,0,,1329354741
,BİZİM İÇİN ÇOK DEĞERLİ & ÖNEMLİSİNİZ!!!,none,0,0,0,0,0,none,0,,1238954870
Ara Kat,ANKARA POLATLI ŞENTEPE SOLDA FULL YAPILI SATILIK 4+1 DAİRE,none,0,0,0,0,0,none,0,,1326389870
,FATİH MAHALLESİ SATILIK 3+1 ARA KAT DAİRE,none,0,0,0,0,0,none,0,,1335024694
,FATİH MAHALLE'SİNDE ODALARI BAĞIMSIZ 3+1 YAPILI DAİRE,none,0,0,0,0,0,none,0,,1331969150
,Ümit gayrimenkul den satılık!!!,none,0,0,0,0,0,none,0,,1314918789
,AN-KA'DAN İSTİKLALDE SIFIR İSKANLI GENİŞ 3+1 KREDİYE UYGUN DAİRE,none,0,0,0,0,0,none,0,,1317841764
,Ziraat Bankası'ndan İstiklal Mahallesinde Mesken,none,0,0,0,0,0,none,0,,1240793998
Ara Kat,YILDIRIM EMLAK'TAN ŞEHİTLİKTE SITE İÇİ 4+1 ARA KAT SAHANE DAİRE,none,0,0,0,0,0,none,0,,1335074294
Ara Kat|Dubleks,KILINÇ EMLAK'TAN İSTİKLAL DE 4+1 DUBLEKS,middle_floor,1,0,0,1,0,detail_and_title,0,title_generic_confirms_detail_subtype,1321778207
,Cumhuriyet Mahallesi'nde Askerire karşısında satılık 3 + 1,none,0,0,0,0,0,none,0,,1328644572
Ara Kat,Caria Residence'ta Lüks 4+1 Daire - 190m² Net,none,0,0,0,0,0,none,0,,1328954129
,ÇETİNLER EMLAKTAN İSTİKLAL MAHALLESİNDE SATILIK 3+1 DAİRE,none,0,0,0,0,0,none,0,,1334919800
,Polatlı Zafer mahallesinde satılık 3+1 daire,none,0,0,0,0,0,none,0,,1333074049
Ara Kat,POLZEN GAYRİMENKUL'DEN FATİH MAHALLESİNDE YAPILI 2+1 DAİRE,none,0,0,0,0,0,none,0,,1308727500
,DS'DEN GAZİ MAH. EN GÜZEL YERİNDE MASRAFSIZ 6+1 SATILIK DUBLEKS,standard,1,0,0,0,1,title,0,,1323372803
,ME-TA GAYRİMENKULDEN ŞENTEPE MAHALLESİ 4+1 DUBLEKS SATILIK DAİRE,standard,1,0,0,0,1,title,0,,1315290712
,AN-KA'DAN ZAFER'DE YÜKSEK GİRİŞ FIRSAT 3+1 DAİRE,none,0,0,0,0,0,none,0,,1280166531
,KARAKAYA EMLAK'TAN CUMHURİYET'TE YÜKSEK GİRİŞ DAİRE,none,0,0,0,0,0,none,0,,1318005167
Dubleks,ZAFER MAHALLESİNDE FERAH VE KONFORLU 5+1 DUBLEKS DAİRE!,standard,1,0,0,0,1,detail_and_title,0,,1332158048
,MURAT İNŞAAT EMLAKTAN ŞENTEPE MAHALLESİNDE SATILIK 3+1 DAİRE,none,0,0,0,0,0,none,0,,1335001255
,KILINÇ EMLAK'TAN GAZİ DE 4+1 SATILIK,none,0,0,0,0,0,none,0,,1323118457
Ara Kat,FATİH MAHALLESİNDE SATILIK GENİŞ VE FERAH 3+1 DAİRE,none,0,0,0,0,0,none,0,,1320380030
,BİZİM EMLAK'TAN FATİH MAH. SATILIK DAİRE,none,0,0,0,0,0,none,0,,1335037012
,İSTİKLAL MAHALLESİ ÖRNEK SİTESİNDE SATILIK 3+1 GİRİŞ DUBLEKS,standard,1,0,0,0,1,title,0,,1329297594
Ara Kat,Şentepe'de Site İçi Satılık Fırsat Daire 3+1,none,0,0,0,0,0,none,0,,1329406315
Dubleks,POLATLI ÖRNEK SİTESİ'NDE 140 m² GENİŞ VE FERAH DUBLEKS,standard,1,0,0,0,1,detail_and_title,0,,1335133460
Ara Kat,Ş.G GAYRİMENKUL'DEN KATTA TEK 4+1 ULTRA LÜKS SATILIK DAİR,none,0,0,0,0,0,none,0,,1311020136
Ara Kat,ÇETİNLER EMLAKTAN ŞEHİTLİK MAHALLESİNDE ARA KAT 3+1 DAİRE,none,0,0,0,0,0,none,0,,1335338579
Ara Kat,YILDIRIM EMLAK'TAN TOPÇU OKULU KARSISINDA ARA KAT YAPILI DAİRE,none,0,0,0,0,0,none,0,,1329598081
,Ş.G GAYRİMENKUL'DEN İSTİKLAL MAHALLESİ 2+1 SATILIK DAİRE,none,0,0,0,0,0,none,0,,1323447809
Dubleks,AKGÜÇ GAYRİMENKULDEN ZAFER DE TERASLI DUBLEKS 4+1 YENİ DAİRE,standard,1,0,0,0,1,detail_and_title,0,,1326946367
Ara Kat,ŞEHİTLİK MAHALLESİNDE YİNE EŞSİZ BİR PROJE DAHA SİZLERLE...,none,0,0,0,0,0,none,0,,1308886537
Ara Kat,KILINÇ EMLAK'TAN FATİH TE SATILIK 3+1,none,0,0,0,0,0,none,0,,1322819215
,GORDİON EMLAK'TAN ACİL SATILIK BASRI MAHALLESİNDE 3+1,none,0,0,0,0,0,none,0,,1335373396
,DSDEN ŞENTEPE SOL SATILIK FULL YAPILI 4+1 ULTRA LÜX DAİRE,none,0,0,0,0,0,none,0,,1329384905
Ara Kat,AKKAYA EMLAK'DAN GAZİ MAHALLESİNDE SATILIK DAİRE,none,0,0,0,0,0,none,0,,1335149564
,ME-TA GAYRİMENKUL'DEN ŞEHİTLİK MAHALLESİ LÜKS YAPILI DAİRELER,none,0,0,0,0,0,none,0,,1318214551
,EL CASA'DAN ŞEHİTLİK MAH SATILIK 4+1 180M2 İSKANLI ARA KAT DAİRE,none,0,0,0,0,0,none,0,,1329176218
,KARAKAYA EMLAKTAN M.AKİFTE KREDİYE UYGUN SATILIK 3+1 DAİRE,none,0,0,0,0,0,none,0,,1329142336
Ara Kat,KARAKAYA EMLAKTAN ŞENTEPE ADLİYE YAKINI KREDİYE UYGUN 3+1,none,0,0,0,0,0,none,0,,1329349219
,DS'DEN FATİH MAH. MASRAFSIZ ARA KAT 3+1 DAİRE,none,0,0,0,0,0,none,0,,1323446446
En Üst Kat,ŞEHİTLİK MAH SIFIR SATILI 4+1DAİRE,none,0,0,0,0,0,none,0,,1329396958
Dubleks,DS'DEN ŞEHİTLİK MAH.5+1 ULTRA LÜKS YENİ YAPIM DUBLEKS DAİRE,standard,1,0,0,0,1,detail_and_title,0,,1335184806
,Karakaya Emlaktan 4+1 Fatih Mah. krediye Uygun Satılık Daire,none,0,0,0,0,0,none,0,,1317972877
,AKGÜÇ GAYRİMENKULDEN 3+1 MÜKEMMEL LOKASYONDA SATILIK DAİRE,none,0,0,0,0,0,none,0,,1335403436
,NET GAYRİMENKUL'DEN GAZİ MAH.4+1 SATILIK DAİRE,none,0,0,0,0,0,none,0,,1335193433
Ara Kat,"AKKAYA EMLAK'TAN SATILIK ULTRA LÜKS 4,5+1 REZİDANS",none,0,0,0,0,0,none,0,,1335208687
,ANKARA POLATLI KURTULUŞ MAHALLESİNDE SATILIK YAPILI 3+1 DAİRE,none,0,0,0,0,0,none,0,,1326383586
,KARAKAYA EMLAK'TAN İSTİKAL ' DE KREDİYE UYGUN SIFIR DAİRE,none,0,0,0,0,0,none,0,,1335218441
,AKKAYA EMLAK'DAN KURTULUŞ MAHALLESİNDE SATILIK DAİRE,none,0,0,0,0,0,none,0,,1335226025
,DS'DEN GAZİDE ULTRA LÜX FULL YAPILI ACİL SATILIK 4+1 DAİRE,none,0,0,0,0,0,none,0,,1325582162
,YENİMAHALLEDE CADDE CEPHELİ 2+1 MASRAFSIZ DAİRE,none,0,0,0,0,0,none,0,,1329479939
,Ziraat Bankası'ndan Zafer Mahallesinde Mesken,none,0,0,0,0,0,none,0,,1240788043
En Üst Kat,GORDİON EMLAK'TAN ZAFER MAHALLESİ 3+1 FULL YAPILI,none,0,0,0,0,0,none,0,,1302891026
,SAHİBİNDEN mehmet Akif toki de 2+1 kiracılı,none,0,0,0,0,0,none,0,,1335285345
Dubleks,"Fatih Mahallesi'nde Satılık 5+1 Dubleks Daire, 190m² 80m2 terası",standard,1,0,0,0,1,detail_and_title,0,,1322940238
,AN-KA'DAN FUL YAPILI MASRAFSIZ MÜKEMMEL KONUM 3+1 (FİYAT DÜŞTÜ),none,0,0,0,0,0,none,0,,1300832921
,"İstiklal'de Satılık 3+1 Daire (120m², Cadde Üzeri)",none,0,0,0,0,0,none,0,,1297666517
,Polatlı Merkezde Eşyalı 3+1 Satılık Fırsat Daire,none,0,0,0,0,0,none,0,,1321605455
,Polatlı Şentepe TOKİ'de Satılık 3+1 Geniş Daire,none,0,0,0,0,0,none,0,,1323586500
,ROTANIZ GAYRİMENKULDEN GORDİON CADDESİNDE SATILIK 3+1 DAİRE,none,0,0,0,0,0,none,0,,1335344627
Ara Kat,Ş.G GAYRİMENKUL'DEN ŞEHİTLİK MAHALLESİ SATILIK 3+1 DAİRE,none,0,0,0,0,0,none,0,,1317058782
,FATİH MAH.DE KREDİYE UYGUN 3+1 BAHÇE KATI DAİRE,none,0,0,0,0,0,none,0,,1335353575
,YIKILMAZ EMLAKTAN SENTEPE SATILIK 3+1 UYGUN FİYATA ARA KAT,none,0,0,0,0,0,none,0,,1316533755
,ME-TA GAYRİMENKUL'DEN ŞEHİTLİK MAH. 3+1 KÖŞE BAŞI SATILIK DAİRE,none,0,0,0,0,0,none,0,,1306741783
,ÇETİNLER EMLAKTAN YENİ MAHALLEDE SATILIK 3+1 DAİRE,none,0,0,0,0,0,none,0,,1329632450
,DS'DEN ŞENTEPE SAĞDA FULL YAPILI SIFIR FIRSAT 2+1 DAİRE,none,0,0,0,0,0,none,0,,1328474148
,KARAKAYA EMLAKTAN ŞENTEPE ADLİYE TARAFI 3+1 SATILIK DAİRE,none,0,0,0,0,0,none,0,,1328180413
Ara Kat,Karakaya Emlaktan İnkılap Okulu Yakını 3+1 Ara Kat,none,0,0,0,0,0,none,0,,1319643502
,ME-TA GAYRİMENKUL'DEN KURTULUŞ MAH BAĞIMSIZ ODA SATILIK DAİRE,none,0,0,0,0,0,none,0,,1329682989
,Şehitlik Mah. 4+1 Lüks Daire,none,0,0,0,0,0,none,0,,1335379694
,ROTANIZ GAYRİMENKULDEN MEHMET AKİF MAHALLESİNDE SATILIK 4+1 DAİR,none,0,0,0,0,0,none,0,,1335420371
,Gazi Mah. 4 Cepheli İçi Tamamen Yenilenmiş 4+1 Satılık Daire,none,0,0,0,0,0,none,0,,1335430699
,Şentepe'de 4+1 150 M2 Lüks Daire,none,0,0,0,0,0,none,0,,1329674026
,DS'DEN ŞEHİTLİK MAH. SEVİM ARAS YAKINI ARAKAT 3+1 DAİRE,none,0,0,0,0,0,none,0,,1335238607
,KÜBRA ÇELİK GAYRİMENKULDEN FATİH MAHALLESİNDE SATILIK 3+1 DAİRE,none,0,0,0,0,0,none,0,,1332610394
Ara Kat,AN-KA' dan ŞENTEPE MH MAKİNA İKMAL ARKASI ARA KAT SATILIK DAİRE,none,0,0,0,0,0,none,0,,1317694624
Ara Kat,ÇAĞDAŞ GAYRİMENKUL'DAN FATİH MAH KAÇIRILMAZ SATILIK 3+1 DAİRE,none,0,0,0,0,0,none,0,,1329707356
Ara Kat,ŞENTEPE MAHALLESİ'NDE ARA KAT 3+1 KREDİYE UYGUN SATILIK DAİRE!,none,0,0,0,0,0,none,0,,1328756009
,BAŞKENT EMLAK TAN ŞENTEPE SOL DA 3+1 DAİRE,none,0,0,0,0,0,none,0,,1329635053
,AKGÜÇ GAYRİMENKUL DEN KURTULUŞ MH FULL YAPILI 3+1 FIRSAT DAİRE,none,0,0,0,0,0,none,0,,1335537756
Ara Kat,BAŞKENT EMLAK TAN ÇARŞI MERKEZDE 3+1,none,0,0,0,0,0,none,0,,1186850822
,"Şehitlik'te Satılık 3+1 Daire, 125m², Giriş Kat",none,0,0,0,0,0,none,0,,1314123816
,AN-KA'DAN ŞEHİTİLK MAH. SİTE İÇİ ARA KAT SATILIK DAİRE,none,0,0,0,0,0,none,0,,1335557709
,Merkezi Konumda Satılık 3+1 Krediye Uygun Daire,none,0,0,0,0,0,none,0,,1318407629
,YIKILMAZ EMLAKTAN SEHİTLİK MAH SATILIK 4+1,none,0,0,0,0,0,none,0,,1298808065
Ara Kat,ŞEHİTLİK TEPEHAN'DA | 4+1 | 170m2 | POLATLI AYAKLARININ ALTINDA,none,0,0,0,0,0,none,0,,1335620694
En Üst Kat,ASKERİYE KARŞISI 3+1 FIRSAT DAİRE,none,0,0,0,0,0,none,0,,1323204494
Ara Kat,AKGÜÇ GAYRİMENKUL'DEN M. AKİF MAH. ULTRA LÜKS SATLIK DAİRE,none,0,0,0,0,0,none,0,,1292466364
,Şehitlik mahallesi satılık orta kat daire,none,0,0,0,0,0,none,0,,1335630935
,ME-TA GAYRİMENKUL'DEN KURTULUŞ MAHALLESİ SATILIK GİRİŞ KAT DAİRE,none,0,0,0,0,0,none,0,,1335647718
,AN-KA'DAN FATİHTE MÜKEMMEL KONUMDA TEK DAİRE FİYATINA İKİ DAİRE,none,0,0,0,0,0,none,0,,1311058712
Ara Kat,POLATLI ŞENTEPE DE SATILIK DAİRE,none,0,0,0,0,0,none,0,,1310163748
,Ümit gayrimenkul den satılık!!!,none,0,0,0,0,0,none,0,,1326965747
Ara Kat,"ŞEHİTLİK MAHALLESİ'NDE SATILIK FULL+FULL ULTRA LÜX 4,5+1 DAİRE",none,0,0,0,0,0,none,0,,1323843695
,MEHMET AKİF MAHALLESİNDE MASRAFSIZ TERTEMİZ ORTA KAT,none,0,0,0,0,0,none,0,,1335713213
,ŞENTEPE SOL'DA FULL+FULL SATILIK DAİRELER,none,0,0,0,0,0,none,0,,1323685172
,KARAKAYA EMLAK OFİSİNDEN YAPILI ÜST KAT DAİRE,none,0,0,0,0,0,none,0,,1321043939
,AN-KA'dan ASKERİYE KARŞISI 3+1 KENDİNE AİT BAHÇELİ DAİRE,none,0,0,0,0,0,none,0,,1322515773
,SAHİBİNDEN SATILIK DAİRE,none,0,0,0,0,0,none,0,,1329839615
,İSTİKLAL DE BORSA YOLU ÜZERİ FULL YAPILI 3+1 DAİRE,none,0,0,0,0,0,none,0,,1332889925
,BİZİM EMLAK'TAN ŞEHİTLİK MAH. SATILIK DAİRE,none,0,0,0,0,0,none,0,,1329896768
En Üst Kat,AKGÜÇ GAYRİMENKULDEN GAZİ MAH. MÜKEMMEL LOKASYONDA 3+1 DAİRE,none,0,0,0,0,0,none,0,,1311236354
,AKGÜÇ GAYRİMENKUL DEN YENİMAHALLE İNÖNÜ CADDESİNDE 3+1 DAİRE,none,0,0,0,0,0,none,0,,1335743494
,KILINÇ EMLAK'TAN FATİH TE 3+1,none,0,0,0,0,0,none,0,,1323281541
,AN-KA'DAN 3+1 ARA KAT KREDİYE UYGUN MERKEZİ FERAH DAİRE!,none,0,0,0,0,0,none,0,,1335622808
,DS'DEN ŞEHİTLİK FAHRİ ALTAN CAMİ YAKINI 3+1 BAHÇE KATI DAİRE,none,0,0,0,0,0,none,0,,1335371224
Ara Kat,"Sahibinden Satılık , Merkezi Konumda Ferah , Geniş ve Kullanışlı",none,0,0,0,0,0,none,0,,1335783541
Ara Kat,İNÖNÜ CADDESİNDE SAHİBİNDEN YÜKSEK GİRİŞ MASRAFSIZ DAİRE,none,0,0,0,0,0,none,0,,1329954651
,AKKAYA EMLAK'DAN MEHMET AKİF MAHALLESİNDE SATILIK DAİRE,none,0,0,0,0,0,none,0,,1335797533
,Polatlı'da sıfır 4+1,none,0,0,0,0,0,none,0,,1332980645
,ARBETTADAN İSTİKLALDE SIFIR ARA KAT 3+1 150 m2 DAİRE,none,0,0,0,0,0,none,0,,1330082574
Ara Kat,KURTULUŞ MAHALLESİNDE KURUŞ MASRAFSIZ ASANSÖRLÜ 3+1 DAİRE,none,0,0,0,0,0,none,0,,1323893085
Ara Kat,AN-KA'DAN ŞENTEPE'DE 3+1 LÜXS FULL YAPILI PARK CEPHE DAİRE!,none,0,0,0,0,0,none,0,,1335825905
,ŞENTEPE(SOL)MAH.3+1 ORTA KAT KREDİYE UYGUN SATILIK DAİRE,none,0,0,0,0,0,none,0,,1335825262
,AN-KA'DAN CUMHURİYET 'TE FULL YAPILI MASRAFSIZ OTURUMA HAZIR 3+1,none,0,0,0,0,0,none,0,,1307113375
,CUMHURİYET MAHALLESİNDE 3+1 FULL YAPILI SATILIK DAİRE,none,0,0,0,0,0,none,0,,1335847479
,SAHIBINDEN SİTE İÇERİSİNDE | ÖN CEPHE |GENİŞ 3+1,none,0,0,0,0,0,none,0,,1335855619
,Ümit gayrimenkul den satılık!!!,none,0,0,0,0,0,none,0,,1327165336
,"Zafer Mahallesi, inkılap okulu yanı eşyalı veya eşyasız satılık",none,0,0,0,0,0,none,0,,1330148640
,SIFIR 4+1 MANZARALI DAİRE,none,0,0,0,0,0,none,0,,1264019999
,ÇETİNLER EMLAK'TAN POLATLI ŞEHİTLİK MAH. 2+3 MASRAFSIZ DUBLEKS,standard,1,0,0,0,1,title,0,,1335889945
Ara Kat,Zafer Mahallesi Satılık 3+1 Daire - Merkezi Konum,none,0,0,0,0,0,none,0,,1333090268
En Üst Kat,Cumhuriyet Mahallesi Satılık 3+1 Daire - Merkezi Konum,none,0,0,0,0,0,none,0,,1327121271
Ara Kat,Karakaya Emlaktan Şehitlik 4+1 Merkezi Konumda Satılık Daire,none,0,0,0,0,0,none,0,,1330153393
,DS'DEN TEPEHANDA ULTRALÜX HAVUZLU TRİPLEX VİLLA,none,0,0,0,0,0,none,0,,1329614527
En Üst Kat,DS'DEN ZAFER MAH.ULTRA LÜKS FUL YAPILI 4+1 YENİ DAİRE,none,0,0,0,0,0,none,0,,1328382358
,Zaferde 4+1 Daire,none,0,0,0,0,0,none,0,,1335931955
,Şehir Merkezinde Bahçeli 2+1 Daire: Yatırım Fırsatı!,none,0,0,0,0,0,none,0,,1179595308
,AN-KA'DAN MEZAİM KİRAZ BÖLGESİNDE LÜKS 4+1 ARA KAT DAİRE,none,0,0,0,0,0,none,0,,1330307421
,ŞENTEPE MAHALLESİ SATILIK 3+1 ARA KAT DAİRE,none,0,0,0,0,0,none,0,,1329839359
,ŞENTEPE MAHALLESİNDE FULL YAPILI 3+1 ASANSÖRLÜ DAİRE,none,0,0,0,0,0,none,0,,1330295064
,Ankara Polatlı Çarşı Merkez de Satılık 4+1 Daire,none,0,0,0,0,0,none,0,,1320332621
Ara Kat,YILDIRIM EMLAK'TAN ŞEHİTLİKTE 1+1 SIFIR YATIRIMLIK HARIKA DAİRE,none,0,0,0,0,0,none,0,,1330342873
,TOPRAK EMLAKTAN | GAZİ MAHALLESİNDE KAÇIRILMAYACAK SATILIK 3+1,none,0,0,0,0,0,none,0,,1327439657
Ara Kat,Sahibinden yatırımlık ve oturmaya uygun 3+1 daire,none,0,0,0,0,0,none,0,,1336054027
,İSTİKLAL MAHALLESİ SATILIK 1+1 FULL YAPILI DAİRELER,none,0,0,0,0,0,none,0,,1215888763
,KURTULUŞ MAHALLESİ SATILIK 5+1 SATILIK DAİRE DUBLEKS,standard,1,0,0,0,1,title,0,,1329901562
,Fatih mahallesinde 3+1 yapılı satılık daire,none,0,0,0,0,0,none,0,,1322938643
,NET GAYRİMENKUL'DEN AVM BLOKLARINDA 4+1 SATILIK DAİRE,none,0,0,0,0,0,none,0,,1329666952
,KURTULUŞ MAHALLESİNİN GÖZDE DAİRESİ,none,0,0,0,0,0,none,0,,1336089501
,ERDOĞAN EMLAKTAN SATILIK 2+1 ORTAKAT FULL YAPILI,none,0,0,0,0,0,none,0,,1321380591
,EL CASA'DAN FATİH MAH SATILIK 3+1 120 M2 ARA KAT SİTE İÇİ,none,0,0,0,0,0,none,0,,1336112532
,DS'DEN ZAFER MAH.INKILAP OKULU YAKINI SATILIK 3+1 DAİRE,none,0,0,0,0,0,none,0,,1335180208
Ara Kat,AN-KA'DAN ŞENTEPE SOLDA TRENDEN ÖNCE ARA KAT FIRSAT 3+1 DAİRE,none,0,0,0,0,0,none,0,,1329504919
En Üst Kat,DS'DEN ZAFER MAH.KÖŞE BAŞI MASRAFSIZ 3+1 SATILIK DAİRE,none,0,0,0,0,0,none,0,,1323647280
Ara Kat,AN-KA'DAN ŞEHİTLİKTE FIRSAT 4+1 5. KAT SIFIR DAİRE,none,0,0,0,0,0,none,0,,1329592483
En Üst Kat,DS'DEN GAZİ MH.BAĞIMSIZ 3+1 MASRAFSIZ SATILIK DAİRE,none,0,0,0,0,0,none,0,,1335219995
Ara Kat,DS'DEN ŞENTEPE YENİ ADLİYE KARŞISINDA SİTE İÇİ 3+1 SATILIK DAİRE,none,0,0,0,0,0,none,0,,1335571670
Ara Kat,ŞENTEPE SOL'DA SATILIK FULL+FULL FIRSAT DAİRELER,none,0,0,0,0,0,none,0,,1323813871
En Üst Kat,DS'DEN ZAFER MH.3+1 FULL YAPILI ÇARŞI MERKEZDE FIRSAT DAİRE,none,0,0,0,0,0,none,0,,1329915678
En Üst Kat,DS'DEN ŞEHİTLİK MH.4+1 170 M2 POLATLI MANZARALI DAİRE,none,0,0,0,0,0,none,0,,1324245277
,DS'DEN ŞENTEPESOL TRENDEN ÖNCE 4+1 SIFIR DAİRE,none,0,0,0,0,0,none,0,,1335762394
,KARTALTEPE KONUTLARINDA EMİNEVİM VB. FİRMALARA UYGUN DAİRE,none,0,0,0,0,0,none,0,,1333950305
,"KAVACIK MODERN'DE ▓ 9.KAT, SIFIR, 110m² AYRI MUTFAKLI, EŞSİZ 2+1",none,0,0,0,0,0,none,0,,1334053735
,viento protokol projesinde satilik,none,0,0,0,0,0,none,0,,1331019739
En Üst Kat,___ ACİL SATILIK PROTOKOL YOLUNDA 2+1 BAĞIMSIZ MUTFAKLI,none,0,0,0,0,0,none,0,,1318864696
Ara Kat,ÇETİN EMLAK ▓ SİTEDE GÜNEY-DOĞU CEPHE 8.KAT İÇİ YAPILI 3+1 DAİRE,none,0,0,0,0,0,none,0,,1332914222
Ara Kat,NORTH STAR'DAN Protokol Yolu MBA TOWER'da Satılık 1+1 Daire,none,0,0,0,0,0,none,0,,1281538855
Dubleks,FUAR EMLAK'TAN TEVFİK İLERİ MAHALLESİNDE SATILIK DUBLEX,standard,1,0,0,0,1,detail_and_title,0,,1324405599
,BEDİRHAN'DAN PURSAKLAR KAVACIK MODERNDE KAPALI MUTFAK FIRSAT 2+1,none,0,0,0,0,0,none,0,,1333877366
,SAHİBİNDEN 2+1 SIFIR DAİRE,none,0,0,0,0,0,none,0,,1333822136
Ara Kat,PURSAKLAR PROTOKOL YOLU MBA TOWER DA 1+1SATILIK DAİRE,none,0,0,0,0,0,none,0,,1310751650
Ara Kat,!-!- TEKRAR SATIŞTA !-!- KAVACIK MODERN'DE 3.KAT 3+1 SIFIR SİTE,none,0,0,0,0,0,none,0,,1300290086
,ÖZBARUT EMLAKTAN PROLTOKOL YOLU VE BELEDİYE YAKINI 2+1 DAİRE,none,0,0,0,0,0,none,0,,1329116480
Ara Kat,"GÜROL'DAN ▓ PROTOKOL YANI, BAĞIMSIZ MUTFAK, SIFIR ULTRALÜX 2+1",none,0,0,0,0,0,none,0,,1333831739
Ara Kat,YÜKSEK KREDİLİ SIFIR YERDEN ISITMALI 2+1 85m2 TERAS BALKON SİTE,none,0,0,0,0,0,none,0,,1334997408
,ALTINŞAH EMLAK'TAN 3+1 ASANSÖRLÜ KATILIM EVLERE UYGUN DAİRE,none,0,0,0,0,0,none,0,,1335121098
Ara Kat,KREDİ SORUNSUZ TAM DONANIMLI LÜX SİTEDE 4+1 KABASAKAL EMLAK'TA,none,0,0,0,0,0,none,0,,1331227639
,SAHİBİNDEN SIFIR 2+1 DAİRE,none,0,0,0,0,0,none,0,,1327983033
,MERKEZİ KONUMDA SATILIK KATTA 2+1 SIFIR DAİRE,none,0,0,0,0,0,none,0,,1335806941
,PURSAKLAR KAVACIK MODERN 2+1 DAİRE,none,0,0,0,0,0,none,0,,1318634705
Ara Kat,KAVACIK MODERN▓ KREDİ SIKINTISIZ 7/24 GÜVENLİKLİ SIFIR 4+1 DAİRE,none,0,0,0,0,0,none,0,,1335118645
Ara Kat,UZUNLAR EMLAK'TAN ÇİFT BLOKLU SİTE İÇERİSİNDE MODERN 2+1 DAİRE,none,0,0,0,0,0,none,0,,1335179459
,KALECİK EMLAK'TAN █ YENİ BİNADA FULL YAPILI ASANSÖRLÜ ORTA KAT,none,0,0,0,0,0,none,0,,1335729276
,ÖZGÜL EMLAKtan SİTEDE ÇİFT BANYOLU KİLERLİ MASRAFSIZ G.CEPHE 3+1,none,0,0,0,0,0,none,0,,1332796579
Ara Kat,"KAVACIK MODERN ▓ 4.KAT, SIFIR, 110m² AYRI MUTFAKLI, TERASLI 2+1",none,0,0,0,0,0,none,0,,1326726963
Ara Kat,YUVAM EMLAK'TAN İLKÖĞRETİM OKULUNA ÇOK YAKIN MESAFDE ARA KAT 3+1,none,0,0,0,0,0,none,0,,1324800508
,ALİ İPEK EMLAKTAN BUGÜN DÜŞÜNÜN YARIN TAŞININ GENİŞ SİTE DAİRESİ,none,0,0,0,0,0,none,0,,1319586999
,ALİ İPEK EMLAK'TAN BUGÜN DÜŞÜNÜN YARIN TAŞININ SİTEDE 3+1 DAİRE,none,0,0,0,0,0,none,0,,1330837824
Ara Kat,PURSAKLAR PROTOKOL YOLU ÜZERİNDE LÜKS 1+1 DAİRE !!!,none,0,0,0,0,0,none,0,,1291037649
,"GÖKÇE A.Ş EMLAK""TAN SİTEDE KAPALI OTOPARKLI EMİNEVİM UYGUN",none,0,0,0,0,0,none,0,,1330637933
,SAHİBİNDEN 3+1 GÜNEY CEPHE TAM MERKEZDE ÇARŞIDA,none,0,0,0,0,0,none,0,,1330672833
Ara Kat,REŞATOĞLUN'DAN PROTOKOL YOLUNA CEPHE 1+1SATILIK SİTEDE DAİRE,none,0,0,0,0,0,none,0,,1331275264
,ALİ İPEK EMLAK'TAN BUGÜN DÜŞÜNÜN YARIN TAŞININ 4+1 DAİRE,none,0,0,0,0,0,none,0,,1332585830
Ara Kat,Fırsat Satılık Twin Towers Sitesi'nde Lüks 3+1 Sİte Dairesi,none,0,0,0,0,0,none,0,,1331591154
Ara Kat,Pursaklar Saray'da Seçkin Projesinde Satılık 3+1 Daire,none,0,0,0,0,0,none,0,,1332111016
,ALİ İPEK EMLAK'TAN BUGÜN DÜŞÜNÜN YARIN TAŞININ 3+1 DAİRE,none,0,0,0,0,0,none,0,,1325971943
Ara Kat,2+1 Bağımsız Mutfaklı Protokol Yolu Yakını Daire,none,0,0,0,0,0,none,0,,1325359120
En Üst Kat,YUVAM'DAN MERKEZİ KONUMDA K.OTOPARKLI KİLERLİ ÇİFT BALKONLU 3+1,none,0,0,0,0,0,none,0,,1326047110
En Üst Kat,RECEP TAMKOÇ GAYRİMENKUL'DEN MERKEZİ KONUMDA CADDE CEPHELİ 3+1 !,none,0,0,0,0,0,none,0,,1311899923
,Acil Protokol yolu üzeri son fiyat,none,0,0,0,0,0,none,0,,1287688400
Ara Kat,PURSAKLARDA 3+1 TERASLI DUBLEKS LANSMAN FİYATLARIYLA...,standard,1,0,0,0,1,title,0,,1237037830
Ara Kat,GÖKÇE EMLAK'TAN SARAYDA E.BANYO-KİLERLİ ÇİFT BALKON ULTRALÜX 3+1,none,0,0,0,0,0,none,0,,1325746701
Ara Kat,ERTEKİN EMLAK'TAN KAYMAKAMLIK YAK LÜKS SİTE'DE G.ODALI 4+1 DAİRE,none,0,0,0,0,0,none,0,,1318519573
En Üst Kat,SİRKELİ YEŞİLOVA APARTMAN DAİRESİ SATILIK (3+1),none,0,0,0,0,0,none,0,,1325424665
,PROTOKOL YOLU PARALELİ 2 AYA TESLİM 4. KAT SIFIR SİTE DAİRESİ,none,0,0,0,0,0,none,0,,1325964396
Ara Kat,MEHMET ZENGİN'DEN KREDİ LİMİTSİZ ULTRA LÜX SİTE 3+1 3.KAT GÜNEY,none,0,0,0,0,0,none,0,,1330493525
,ALİ İPEK EMLAK'TAN MERKEZİ KONUMDA 6+2 K.OTOPARKLI G.CEPHE DAİRE,none,0,0,0,0,0,none,0,,1286996106
,VOLKAN SARIYILDIZ EMLAKTAN MERKEZDE ARA KAT G.CEPHE 3+1,none,0,0,0,0,0,none,0,,1333407397
,ALİ İPEK EMLAKTAN BUGÜN DÜŞÜNÜN YARIN TAŞININ 3+1 MERKEZDE DAİRE,none,0,0,0,0,0,none,0,,1320273366
,ALİ İPEK EMLAK'TAN BUGÜN DÜŞÜNÜN YARIN TAŞININ 3+1 DAİRE,none,0,0,0,0,0,none,0,,1315927095
Ara Kat,''alaçatı''dan Ankara Ataşehir projesinde satılık 2+1 daire,none,0,0,0,0,0,none,0,,1261630887
Ara Kat,SARAY FEN LİSESİ BİTİŞİĞİNDE FULL YAPILI SÜPER YATIRIMLIK,none,0,0,0,0,0,none,0,,1134279989
,▓ YUVAM EMLAK'TAN CADDE ÜZERİNDE SIFIR ULTRALÜX 2+1 DAİRE ▓,none,0,0,0,0,0,none,0,,1321072775
Ara Kat,ÖZGÜNE EMLAK'TAN SİTE İÇERİSİNDE 2+1 LÜX E.BANYOLU FIRSAT DAİRE,none,0,0,0,0,0,none,0,,1326339862
,GÖKDAĞ GRUP'TAN PROTOKOL CEPHE 1+1 DAİRE K.MUTFAK+K.GARAJ+BALKON,none,0,0,0,0,0,none,0,,1286807175
En Üst Kat,ERTEKİN EMLAK'TAN YENİ BİNADA ÇİFT BANYOLU K.OTOPARK'LI GÜNEY C.,none,0,0,0,0,0,none,0,,1325252634
,█-KALECİK EMLAK'TAN SİTE'DE YÜKSEK KREDİ T. BALKONLU 4+1 DAİRE-█,none,0,0,0,0,0,none,0,,1325717747
,ALP KORKMAZ'DAN SIFIR 3+1 DAİRE,none,0,0,0,0,0,none,0,,1324411535
,ALİ İPEK EMLAK'TAN SİTE'DE FULL+FULL PARK MANZARALI 4+1 DAİRE,none,0,0,0,0,0,none,0,,1327538396
Ara Kat,ÇANKAYA EMLAK'TAN MERKEZDE 2. KATTA 3+1 ASANSÖRLÜ,none,0,0,0,0,0,none,0,,1332558125
Ara Kat,VİZYON'DAN PROTOKOLE YAKIN ARA KAT FIRSAT 2+1 DAİRE,none,0,0,0,0,0,none,0,,1332817997
,AYZEN EMLAK'TAN SARAY MERKEZDE 3+1 SATILIK DAİRE,none,0,0,0,0,0,none,0,,1324942417
,YUVAM EMLAK'TAN ÇİFT BANYOLU ASANSÖRLÜ GÜNEY C. FULL YAPILI 3+1,none,0,0,0,0,0,none,0,,1324454730
Ara Kat,EYMEN EMLAK'TAN CADDEYE YAKIN SARAY MERKEZDE ARA KAT 3+1 DAİRE,none,0,0,0,0,0,none,0,,1333271282
Ara Kat,"SARAY FATİH MAHALLESİNDE 3+1 3,KAT ASANSÖRLÜ TERAS CAM BALKONLU",none,0,0,0,0,0,none,0,,1325748426
Ara Kat,GÖKÇE EMLAK'TAN SARAYDA TAM MERKEZDE ÖNÜ AÇIK SATILIK 3+1 DAİRE,none,0,0,0,0,0,none,0,,1332400237
,TOPÇUOĞLU*DAN BULUNMAZ SATILIK FIRSAT ASANSÖRLÜ 3+1 DAİRE,none,0,0,0,0,0,none,0,,1302038397
Ara Kat,YUVAM EMLAK'TAN SİTE İÇERİSİNDE ARA KAT PARK MANZARALI 4+1 DAİRE,none,0,0,0,0,0,none,0,,1328242515
,NATURA PORT 9.KAT B BLOK ÖN CEPHE EN FIRSAT DAİRESİ KAÇMAZ,none,0,0,0,0,0,none,0,,1324393257
Ara Kat,▓ YUVAM EMLAK'TAN PROTOKOL YOLU ÜZERİNDE 8.KAT 1+1 DAİRE ▓,none,0,0,0,0,0,none,0,,1328073340
Ara Kat,PROTOKOL YOLU ÜZERİ FULL YAPILI 8.KAT SATILIK 1+1 DAİRE,none,0,0,0,0,0,none,0,,1319868085
En Üst Kat,REŞATOĞLUN'DAN SARAY MERKEZDE YAPILI MASRAFSIZ KÖK TAPU 3+1,none,0,0,0,0,0,none,0,,1333150939
,Prestijli Yaşam! Esnek Ödeme & Takas Fırsatıyla Satılık Daireler,none,0,0,0,0,0,none,0,,1331099421
Ara Kat,PURSAKLAR SARAY MERKEZDE KATTA YAPILI 3+1 FIRSAT DAİRESİ,none,0,0,0,0,0,none,0,,1332465200
,OTONOMİ HAVALİMANI AVM NATURA PORTTA 20M2 BAHÇESİ İLE 1+1,none,0,0,0,0,0,none,0,,1324391005
Ara Kat,GÖKÇE EMLAK'TAN SARAY'DA SİTEDE SATILIK 3+1 E.BANYOLU DAİRE,none,0,0,0,0,0,none,0,,1326711204
Ara Kat,PURSAKLAR -PROTOKOL YOLU ÜZERİNDE SAN DIEGO PROJESİNDE 1+1 FRST,none,0,0,0,0,0,none,0,,1321559358
,PROTOKOL YOLUNDA | TAPUSU HAZIR KAÇIRILMAYACAK FIRSAT 1+1 DAİRE,none,0,0,0,0,0,none,0,,1330524354
Ara Kat,IŞIK EMLAK'TAN SİTEDE ASANSÖRLÜ 3+1 ÇİFT BANYO YAPILI GÜNEY CEP.,none,0,0,0,0,0,none,0,,1320280897
,**İMAR EMLAK'TAN 1+1 SIFIR OTURUMA HAZIR SATILIK DAİRE**,none,0,0,0,0,0,none,0,,1305136501
Ara Kat,ÖZDOĞAN GRUP'DAN PURSAKLAR SARAY'DA Ş.Ö.H BUL. SİTE İÇİ ACİL..,none,0,0,0,0,0,none,0,,1316339739
Ara Kat,"ECG'den, Saray Saat Kulesi Karşısı, 3+1, Emin Evime Uygun Daire",none,0,0,0,0,0,none,0,,1333409678
En Üst Kat,Merkezi Konumda Kök Tapu Masrafsız 3+1,none,0,0,0,0,0,none,0,,1303161816
,KIZKARDEŞLERDEN 4+1 SİTEDE GÜNEY FULL,none,0,0,0,0,0,none,0,,1319752145
En Üst Kat,"İMAR EMLAK'TAN 2+1 EBVYN BANYOLU, KAPALI MUTFAKLI SİTE DAİRESİ",none,0,0,0,0,0,none,0,,1333920806
Ara Kat,RECEP TAMKOÇ GAYRİMENKUL'DEN PROTOKOL YOLU ÜZERİNDE LÜKS 2+1 !,none,0,0,0,0,0,none,0,,1333632417
Ara Kat,GÖKÇE EMLAK'TAN SARAYDA KAT KONUMUNDA FULL YAPILI 3+1 DAİRE,none,0,0,0,0,0,none,0,,1332726855
Ara Kat,ALTINTAŞ'TAN SİTEDE 10.KAT 3+1 LÜKS YAPILI FULL DAİRE,none,0,0,0,0,0,none,0,,1313831005
,EYMEN EMLAKTAN CADDE ÜZERİ YAPILI 3+1 DAİRE,none,0,0,0,0,0,none,0,,1333533697
,MS NOVION'DAN QUARTZ PROTOKOL PROJESİN'DE OTURUMA HAZIR 1+1,none,0,0,0,0,0,none,0,,1321786289
Ara Kat,ALTINTAŞ'TAN SİTEDE MERKEZDE 6.KAT 4+1 YERDEN ISITMA SIFIR DAİRE,none,0,0,0,0,0,none,0,,1331201576
Ara Kat,PURSAKLAR SARAYDA SİTE İÇERİSİNDE LÜKS VE FIRSAT DAİRE,none,0,0,0,0,0,none,0,,1333983632
Ara Kat,YÜCE 'DEN SARAY MERKEZ'DE ORTA KAT 3+1 İÇİ SIFIR YAPILI FIRSAT..,none,0,0,0,0,0,none,0,,1324616611
Ara Kat,KADİR EMLAK'TAN KÖFTECİ YUSUF YAKINI SIFIR ASANSÖRLÜ 2+1 DAİRE,none,0,0,0,0,0,none,0,,1322240354
,"IŞIK'TAN KAYMAKAMLIK YANI 3+1 Ç. BANYO,GİYİNME ODALI LÜKS SİTE",none,0,0,0,0,0,none,0,,1325265158
En Üst Kat,PROTOKOL YOLU ÜZERİ ÖN CEPHE 1+1 FIRSAT DAİRE,none,0,0,0,0,0,none,0,,1334087103
Ara Kat,*SAN REZİDANSTA KAPALI VE AÇIK HAVUZLU FIRSAT SATILIK 1+1 DAİRE*,none,0,0,0,0,0,none,0,,1316832446
,VOLKAN SARIYILDIZ EMLAKTAN SİTEDE 11.KAT FULL YAPILI 3+1,none,0,0,0,0,0,none,0,,1334222243
,█-SİTE'DE 12.KAT TERAS BALKONLU YERDEN ISITMA LÜX SIFIR 2+1-█,none,0,0,0,0,0,none,0,,1331359480
,ALİ İPEK EMLAK'TAN 1 DAİRE FİYATINA 2 ADET 2+1 FIRSAT DAİRE,none,0,0,0,0,0,none,0,,1316531907
En Üst Kat,"GLOBAL,DEN SARAY CUMHURİYET NAH FEN LİSESİ CEPHE 3+1 DAİRE",none,0,0,0,0,0,none,0,,1334516556
En Üst Kat,ACİL FEN LİSESİ CİVARINDA GÜNEY CEPHE İSKANLI KÖK TAPU 3+1 DAİRE,none,0,0,0,0,0,none,0,,1326926231
En Üst Kat,SARAY'DA PARK MANZARALI GÜNEY CEPHE 3+1 SATILIK KÖK TAPU DAİRE,none,0,0,0,0,0,none,0,,1325694290
,YUVAM'DAN MERKEZE ÇOK YAKIN ÖNÜ AÇIK FULL YAPILI 3+1 LÜX DAİRE,none,0,0,0,0,0,none,0,,1317850663
Ara Kat,VİZYON'DAN SİTE İÇİNDE E.BANYO.KİLERLİ 4+1 DAİRE,none,0,0,0,0,0,none,0,,1327179585
Ara Kat,"ECG'den, Havalimanı Yolunda, Havuzlu Projede, Fırsat 1+1 Daire..",none,0,0,0,0,0,none,0,,1320475440
,ALP KORKMAZ'DAN FULL YAPILI 4+1 SİTE DAİRESİ,none,0,0,0,0,0,none,0,,1329052957
En Üst Kat,İMAR EMLAK'TAN KAÇIRILMAYACAK FIRSAT 3+1 SİTE DAİRESİ,none,0,0,0,0,0,none,0,,1328877003
,VOLKAN SARIYILDIZ EMLAKTAN PROTOKOL YOLUNA YAKIN FULL YAPILI 4+1,none,0,0,0,0,0,none,0,,1330735137
Ara Kat,PROTOKOL YOLU ÜZERİNDE İSKANLI 1+1 ÖN CEPHE SATILIK DAİRE,none,0,0,0,0,0,none,0,,1332019107
,VOLKAN SARIYILDIZ EMLAKTAN CADDE ÜZERİ ASANSÖRLÜ 3+1,none,0,0,0,0,0,none,0,,1303436361
,EMLAX'TAN PURSAKLAR SARAY MERKEZDE SIFIR MASRAFSIZ 2+1,none,0,0,0,0,0,none,0,,1333848227
,SARAY MERKEZDE SATILIK 2+1 DAİRE,none,0,0,0,0,0,none,0,,1334763732
,PROTOKOL YOLUNA CEPHE 1 MİLYON KREDİLİ 1+1 SATILIK DAİRE,none,0,0,0,0,0,none,0,,1334733299
,"GÖKÇE A.Ş EMLAK""TAN GÜVENLİKLİ KREDİ LİMİTSİZ SİTEDE FIRSAT 4+1",none,0,0,0,0,0,none,0,,1328947846
Ara Kat,"HAVALİMANI PROTOKOL YOLUNA CEPHE,MERKEZDE,FONKSİYONEL KULLANIM",none,0,0,0,0,0,none,0,,1300208634
Ara Kat,VOLKAN SARIYILDIZ EMLAKTAN SİTEDE ARA KAT PARK MANZARALI 4+1,none,0,0,0,0,0,none,0,,1311199549
Ara Kat,PROTOKOL YOLU'NDA GÖKDEMİR PORT 1+0 SATILIK DAİRELER,none,0,0,0,0,0,none,0,,1332033097
Ara Kat,LÜXOVA'DAN PURSAKLARDA TASARIM HARİKASI LÜX HAVUZLU 1+1 REZİDANS,none,0,0,0,0,0,none,0,,1326217515
,GÖZDE EMLAKTAN 3+1 EMİNEVİNE UYGUN KAPALI OTOPARKLI DAİRE,none,0,0,0,0,0,none,0,,1334952585
Ara Kat,TWIN TOWERS SARAY- SATILIK 4+1 DAİRE,none,0,0,0,0,0,none,0,,1334954388
,ALTINTAŞ'TAN CADDDEYE CEPHE 3+1 LÜKS YAPILI GÜNEY CEPHE DAİRE,none,0,0,0,0,0,none,0,,1331227811
Ara Kat,"BULVAR'DAN█KAYMAKAMLIK YANI, SIFIR 5.KAT K.OTOPARKLI KİLERLİ 2+1",none,0,0,0,0,0,none,0,,1331218454
Ara Kat,Pursaklar Fatih Mahallesin'de Yatırıma Uygun 3+1 Asansörlü Daire,none,0,0,0,0,0,none,0,,1324963146
Ara Kat,SARAY'IN EN PRESTİJLİ SİTESİNDE HAYALİNİZDEKİ YAŞAMI SUNAN DAİRE,none,0,0,0,0,0,none,0,,1335025758
,AYZEN EMLAKTAN SARAY TAM MERKEZDE KELEPİR DAİRE,none,0,0,0,0,0,none,0,,1335594721
Ara Kat,PURSAKLAR SARAY CUMHURİYET MH PROTOKOL YOLU YAKINI 3+1 SATILIK,none,0,0,0,0,0,none,0,,1325349668
En Üst Kat,HAS GAYRİMENKUL'DEN KÖFTECİ YUSUFUN OLDUĞU BİNA DA 3+1 DAİRE,none,0,0,0,0,0,none,0,,1314606629
,VOLKAN SARIYILDIZ EMLAKTAN SİTEDE MASRAFSIZ 3+1,none,0,0,0,0,0,none,0,,1331919795
Ara Kat,Pursaklar Saray'da Ebeveyn Banyolu & Amerikan Mutfaklı Lüks 2+1,none,0,0,0,0,0,none,0,,1326700500
,GAZİ YILDIRIM EMLAKTAN PURSAKLAR SARAYDA . SATILIK 3+1 DAİRE,none,0,0,0,0,0,none,0,,1335431422
,█ REŞATOĞLUN'DAN SATILIK SARAY FATİH 3+1 SIFIR LÜKS DAİRE █,none,0,0,0,0,0,none,0,,1329588084
Ara Kat,LOTUS KULE GENİŞ m² KAPALI MUTFAK OFİS&KONUT 2+1 1+1,none,0,0,0,0,0,none,0,,1332591951
Ara Kat,"HAVALİMANI PROTOKOL YOLU ÜZERİ SARAY MERKEZDE 1+1, 72 M2",none,0,0,0,0,0,none,0,,1323601120
,ECG'den; Saray Saat Kulesi Karşısında Süper Geniş Asansörlü 3+1,none,0,0,0,0,0,none,0,,1332055789
Ara Kat,YETKİLİ SATIŞ OFİSİNDEN - SIFIR PEŞİNAT - 24 AY VADE - % 0 FAİZ-,none,0,0,0,0,0,none,0,,1310996030
Ara Kat,PURSAKLAR SARAY FATİH MAH.DE ARAS LİFE'DA YATIRIMA UYGUN 1+1,none,0,0,0,0,0,none,0,,1329888947
Ara Kat,"*İMAR EMLAK'TAN 3+1 EBVYN BANYOLU, ÇİFT BALKON, ASANSÖRLÜ DAİRE*",none,0,0,0,0,0,none,0,,1305148648
En Üst Kat,ERTEKİN EMLAK'TAN MODERN YAPIDA TERAS BALKON'LU G.ODALI DAİRE,none,0,0,0,0,0,none,0,,1334410940
,KARAKUŞ'TAN ▓ KAYMAKAMLIK YANI LÜX SİTE 3+1 GİYİNME ODALI 14.KAT,none,0,0,0,0,0,none,0,,1334765752
Ara Kat,ALTINŞAH EMLAK'TAN SİTE İÇERİSİNDE E.BANYOLU 2+1,none,0,0,0,0,0,none,0,,1316319950
Ara Kat,PURSAKLAR SARAY FATİH MAH. AKYURT MARKET ARKASI 3+1 DAİRE,none,0,0,0,0,0,none,0,,1330023026
,DADAŞ GAYRİMENKUL'DEN 3+1 FULL YAPILI SİTEDE 9.KAT,none,0,0,0,0,0,none,0,,1318862975
,Satilik Daire,none,0,0,0,0,0,none,0,,1336029004
,UZUNLAR EMLAK'TAN SARAY GÜMÜŞOLUKTA SATILIK SIFIR 1+1 LOFT DAİRE,none,0,0,0,0,0,none,0,,1317548746
,VOLKAN SARIYILDIZ EMLAKTAN CADDE ÜZERİ MASRAFSIZ YAPILI 3+1,none,0,0,0,0,0,none,0,,1323384287
En Üst Kat,VİZYON'DAN MERKEZDE FULL YAPILI KİLERLİ 125M2 3+1 DAİRE,none,0,0,0,0,0,none,0,,1323379053
,EMLAX'TAN YÜKSEK KREDİ LİMİTLİ TERAS BALKONLU LÜX 4+1,none,0,0,0,0,0,none,0,,1335013538
Ara Kat,YÜCE'DEN ▓SİTE İÇERİSİNDE 3+1 EMİN EVİM VE BANKA KREDİ UYGUN ...,none,0,0,0,0,0,none,0,,1323607327
,KARAKUŞ'TAN ▓ SARAY FATİH'TE KÖK TAPU 3+1 YAPILI TERAS BALKONLU,none,0,0,0,0,0,none,0,,1335428326
,VOLKAN SARIYILDIZ EMLAKTAN FULL YAPILI 1. KAT KONUMUNDA 3+1,none,0,0,0,0,0,none,0,,1332564652
,KALECİK EMLAK'TAN █ SARAY FATİH'TE KÖK TAPU TERAS BALKONLU 3+1,none,0,0,0,0,0,none,0,,1335621830
,█ █PURSAKLAR SARAY'DA SİTE'DE 3+1 2.KAT KÖK TAPU HESAPLI DAİRE,none,0,0,0,0,0,none,0,,1335445676
Ara Kat,VOLKAN SARIYILDIZ EMLAKTAN SİTEDE 10.KAT FULL YAPILI 3+1,none,0,0,0,0,0,none,0,,1314102856
,ALTINTAŞ'TAN MERKEZDE 4+1 FULL YAPILI LÜKS DAİRE,none,0,0,0,0,0,none,0,,1326943341
Ara Kat,PİNETA KONUTLARI_7/24 GÜVENLİK K.OTOPAR YÜKSEK KREDİLİ 6KAT 3+1,none,0,0,0,0,0,none,0,,1336021368
,YÜCELEN EMLAK'TAN SIFIR EŞYALI ASANSÖRLÜ 1+1 DAİRE,none,0,0,0,0,0,none,0,,1330230969
Ara Kat,"ECG'den; Sitede 4+1, Full+Full Yapılı, Kök Tapu Lüx Daire",none,0,0,0,0,0,none,0,,1330090746
Ara Kat,EVİNBİZDE PURSAKLAR █ MİMAR SİNAN DA FERAH GENİŞ 3+1 FIRSAT!,none,0,0,0,0,0,none,0,,1331217441
Ara Kat,MERKEZ EMLAK'TAN ASANSÖRLÜ KAPALI OTOPARKLI 2+1 SATILIK DAİRE,none,0,0,0,0,0,none,0,,1324610086
Ara Kat,ÇETİN EMLAK▓HASTANE YANI GENİŞ PEYZAJ 6.KAT KREDİ SIKINTISIZ 4+1,none,0,0,0,0,0,none,0,,1316932757
En Üst Kat,MERKEZ EMLAK'TAN 3+1 CADDE ÜZERİ 130M2 SATILIK DAİRE,none,0,0,0,0,0,none,0,,1330979855
Ara Kat,ÇETİN EMLAK ▓ CADDE ÜZERİ ÖNÜ KOMPLE AÇIK 11.KAT GİY.ODALI 4+1,none,0,0,0,0,0,none,0,,1331345553
Ara Kat,BURAK'TAN HASTANE YAK. ÇAMAŞIR ODALI KİLERLİ K.GARAJLI 190M2 4+1,none,0,0,0,0,0,none,0,,1331406007
Ara Kat,DÜZGÜN EMLAK'TAN MERKEZİ YERDE G.CEPHE 2+1 MASRAFSIZ DAİRE,none,0,0,0,0,0,none,0,,1324548074
Ara Kat,UYGUN EMLAK'TAN█HASTANE YAKINI 3+1 2.ARAKAT 130m² MASRAFSIZDAİRE,none,0,0,0,0,0,none,0,,1330391852
,GÜNEŞ EMLAKTAN K.OTOPARKLI GENİŞ VE FERAH LÜX YAPILI SİTE DAİRE,none,0,0,0,0,0,none,0,,1324449621
Ara Kat,BURAK'TAN BULVARDA 7/24 GÜVENLİK K.OTOPARK GENİŞ PEYZAJ LÜKS 4+1,none,0,0,0,0,0,none,0,,1331789100
,KREDİYE UYGUN 1.KATTA 3+1 MASRAFSIZ DAİRE,none,0,0,0,0,0,none,0,,1331388352
Ara Kat,ÇETİN EMLAK ▓ GENİŞ PEYZAJLI SİTEDE K.GARAJLI 2.KAT GENİŞ 4+1,none,0,0,0,0,0,none,0,,1326176902
Ara Kat,ÇETİN EMLAK ▓ HASTANE YANI SİTEDE 5.KAT ÖNÜ KAPANMAZ 4+1 DAİRE,none,0,0,0,0,0,none,0,,1332165861
Ara Kat,EFE EMLAKDAN MERKEZDE 2.KATTA YENİ BİNADA 1+1 VE 2+1 DAİRELER,none,0,0,0,0,0,none,0,,1333510350
Ara Kat,"█BARUT EMLAKTAN ""KÖK TAPU"" 3 CEPHELİ E. BANYOLU 4+1 DAİRE 5. KAT",none,0,0,0,0,0,none,0,,1331448446
Ara Kat,"ÇETİN EMLAK ▓ HASTANE YANI,GENİŞ PEYZAJ 8.KAT YAPILI 4+1 DAİRE",none,0,0,0,0,0,none,0,,1332271313
,GAZİ YILDIRIM EMLAKTAN PURSAKLAR MERKEZ MAH. SATILIK 3+1,none,0,0,0,0,0,none,0,,1324920009
,KADİR EMLAKTAN KÖKTAPU EMİN-FUZUL EVİME UYGUN 4+1 KÖŞEBAŞI DAİRE,none,0,0,0,0,0,none,0,,1324938042
Ara Kat,BURAKTAN HASTANE YAK. ÖZEL İŞÇİLİKLİ PROJEDE K.OTOPARKLI LÜX 4+1,none,0,0,0,0,0,none,0,,1332380168
En Üst Kat,ADA EMLAK _ ŞEHİR MANZARALI SİTE İÇERİSİNDE 3+1 MERKEZ LOKASYON_,none,0,0,0,0,0,none,0,,1324738662
En Üst Kat,"BULVAR YAKINI ▓ ÇİFT BLOK,7/24 GÜVENLİKLİ SIFIR/ 8.KAT 4+1 DAİRE",none,0,0,0,0,0,none,0,,1296767767
,ZİRVEDEN PURSAKLARDA 2 AYRI DAİREYE AYRILMIŞ 6+2 DUBLEX,standard,1,0,0,0,1,title,0,,1312747437
,GÜNEŞ EMLAK'TAN █ MİMAR SİNAN MH KÖKTAPULU 3+1 YAPILI DAİRE,none,0,0,0,0,0,none,0,,1311510994
En Üst Kat,EFE EMLAKDAN**KÖK TAPU** 3.KAT 3+1 FULL YAPILI MERKEZDE DAİRE,none,0,0,0,0,0,none,0,,1334142192
,BEYOĞLU'NDAN MERKEZDE SEMTPAZARI YAKINI 3+1 GENİŞ SATILIK DAİRE,none,0,0,0,0,0,none,0,,1324165448
Ara Kat,EFE EMLAK**KREDİ SINIRSIZ**LÜX SİTEDE GÜVENLİKLİ KAPALI GARAJLI,none,0,0,0,0,0,none,0,,1322463886
En Üst Kat,sahibinden temiz daire 3+1,none,0,0,0,0,0,none,0,,1330631452
Ara Kat,PURSAKLAR FATİHTE HASTANE YANINDA SATILIK 4+1 DAİRELER,none,0,0,0,0,0,none,0,,1315549697
Ara Kat,PURSAKLAR'DA 2+1 VE 4+1 EV SAHİBİ OLMANIN TAM ZAMANI,none,0,0,0,0,0,none,0,,1312862894
Ara Kat,2 BLOKLU LÜKS SİTEDE 4+1 GYNME ODALI KAPALI OTPRKLI MASRAFSIZ,none,0,0,0,0,0,none,0,,1334421137
Ara Kat,YILDIZESER'DEN█ÇOK ACİLL KREDİ LİMİTSİZ 3+1 110m2 Y.GİRİŞ DAİRE!,none,0,0,0,0,0,none,0,,1330487226
Ara Kat,ÖZDEMİR EMLAK'TAN PARKA CEPHE ÇİFT BANYOLU G.CEPHE 2+1 DAİRE,none,0,0,0,0,0,none,0,,1330920809
Ara Kat,█ █PROTOKOL YOLU YAKINI 3+1 KİLERLİ ORTA KAT ASANSÖRLÜ DAİRE,none,0,0,0,0,0,none,0,,1316823171
Ara Kat,DÜZGÜN EMLAK'TAN PARKA CEPHE ÇİFT BANYOLU G.CEPHE 2+1 DAİRE,none,0,0,0,0,0,none,0,,1326963275
Ara Kat,▅▇ GÖKTAŞLAR'DAN ▇▅ PROTOKOL YAKINI SINIRSIZ KREDİ YAPILI 1.KAT,none,0,0,0,0,0,none,0,,1332373317
Ara Kat,KUZENLER'DN SATI ÖZTÜRK YAKINI SİTEDE 1KAT KREDİ SIKINTISIZ 4+1,none,0,0,0,0,0,none,0,,1325024107
,KALECİK EMLAK'TAN █PROTOKOL YOLU YANI KÖK TAPU FULL YAPILI 1.KAT,none,0,0,0,0,0,none,0,,1332378036
,BOZKUŞ EMLAK'TAN KATTA 3+1 FULL YAPILI 125 M2 KÖK TAPULU DAİRE,none,0,0,0,0,0,none,0,,1332379196
Ara Kat,"Sahibinden Satilik, Ara Kat Guney/Dogu Cepheli Manzara Ara Kat",none,0,0,0,0,0,none,0,,1332705398
Ara Kat,▃ÇİFTÇİOĞULLARINDAN▃ PROTOKOL YAKINI 1.KAT KÖK TAPU KİLERLİ 3+1,none,0,0,0,0,0,none,0,,1332306561
,4+1 ARAKATTA GÜNEY CEPHELİ,none,0,0,0,0,0,none,0,,1331657750
,SAFA'DAN ▓ YENİ BİNA'DA ASANSÖRLÜ E BANYOLU 150M² LÜX YAPILI 4+1,none,0,0,0,0,0,none,0,,1298889335
,"SAFA'DAN ▓ KİLERLİ, E. BANYOLU, GÜNEY CP. 2+1 ALTI DAİRE Y.GİRİŞ",none,0,0,0,0,0,none,0,,1327138372
Ara Kat,ALKAYIŞ'TAN ▓ EMİNEVİME UYGUN FUL MANZARALI 3+1 150 M2 DAİRE,none,0,0,0,0,0,none,0,,1331805938
,PURSAKLAR TEKİN EMLAKTAN YUNUS EMRE MAH 2+1 LİMİTSİZ DAİRE,none,0,0,0,0,0,none,0,,1320331690
Ara Kat,*YUVAM EMLAK'TAN PROTOKOL YAKINI 2.KAT KONUMUNDA MASRAFSIZ 3+1*,none,0,0,0,0,0,none,0,,1332979495
Ara Kat,ADRES EMLAK`TAN 1.KATTA 3+1 OKULLAR BÖLGESİNDE UYGUN FİYAT DAİRE,none,0,0,0,0,0,none,0,,1319674974
Ara Kat,SOLMAZ EMLAKTAN PROTOKOL YAKINI 7.KATTA 2+1 BAGIMSIZ MUTFAK,none,0,0,0,0,0,none,0,,1334051392
Ara Kat,ALKAYIŞ'tan LÜX SİTEDE YERDEN ISITMA K.GARAJLI 12.KAT 4+1 FIRSAT,none,0,0,0,0,0,none,0,,1312787021
En Üst Kat,İMİR EMLAK OFİSİNDEN 3+1 125m2 3.KAT AYYILDIZ ÇARŞI YAKINI,none,0,0,0,0,0,none,0,,1319694554
,IŞIK EMLAK'TAN 3+1 KİLERLİ GÜNEY CEPHE K.OTOPARKLI FULL YAPILI,none,0,0,0,0,0,none,0,,1320517813
Ara Kat,"Pursaklar'da Site İçi, 2+1 Satılık Sıfır Daire",none,0,0,0,0,0,none,0,,1321606073
Ara Kat,ASİL GAYRİMENKULDEN YERDEN ISITMALI SIFIR 2+1 SİTE DAİRESİ,none,0,0,0,0,0,none,0,,1328706207
,"SAFA'DAN ▓ YENİ BİNA'DA 145M² ASANSÖR, 2 BANYO, GENİŞ BALKON 3+1",none,0,0,0,0,0,none,0,,1334106532
Ara Kat,ALKAYIŞ EMLAK'tan KREDİ LİMİTSİZ K.OTOPARKLI G.CEP SIFIR 2+1,none,0,0,0,0,0,none,0,,1308175046
,SAFA'DAN ▓ SİTE'DE SIFIR Y.ISITMA MANZARALI GİY.ODALI ARAKAT 2+1,none,0,0,0,0,0,none,0,,1334133982
,**YUVAM EMLAK'TAN SATILIK KİLERLİ MASRAFSIZ KÖK TAPU 3+1 DAİRE**,none,0,0,0,0,0,none,0,,1327685910
Ara Kat,DÜZGÜN EMLAK'TAN ORTA KATTA K.OTOPARKLI MASRAFSIZ 3+1 DAİRE,none,0,0,0,0,0,none,0,,1328235452
Ara Kat,PURSAKLAR'DA SIFIR 2+1 ÖN CEPHE SATILIK DAİRE,none,0,0,0,0,0,none,0,,1321957236
Ara Kat,GÖKTAŞ'TAN█ SİTE İÇİNDE SIFIR 2+1 FULL YAPILI ULTRA LÜX DAİRE,none,0,0,0,0,0,none,0,,1333872600
,ÖZGÜL EMLAK'tan GÜNEY CEPHE YAPILI MASRAFSIZ 3+1 GİRİŞ KAT DAİRE,none,0,0,0,0,0,none,0,,1331719970
,Asansörlü ebeveyn b. full yapılı kilerli Pursaklar SAVAŞ EMLAK,none,0,0,0,0,0,none,0,,1332167209
,ÖZGÜL EMLAKtan FULL YAPILI KİLERLİ K.OTOPARKLI G.CEPHE 3+1 DAİRE,none,0,0,0,0,0,none,0,,1331750755
Ara Kat,EFE EMLAK**KÖK TAPU**SİTE İÇERİSİNDE TERAS BALKONLU 5.KAT 3+1,none,0,0,0,0,0,none,0,,1318430332
En Üst Kat,ENGİN EMLAK'TAN CADDE ÜZERİ'NDE MASRAFSIZ KİLER'Lİ 4+1 DAİRE,none,0,0,0,0,0,none,0,,1329499462
,"PURSAKLAR 4+1 FULL YAPILI, KİLERLİ,DUŞAKABİNLİ 4750000 TL",none,0,0,0,0,0,none,0,,1335363863
,PURSAKLAR UFUK KILIÇ EMLAK 3+1 ORMAN MANZARALI MASRAFSIZ DAİRE,none,0,0,0,0,0,none,0,,1334301008
Ara Kat,▃ÇİFTÇİOĞULLARINDAN▃ASANSÖRLÜ ARA KAT KİLERLİ FULL YAPILI 3+1,none,0,0,0,0,0,none,0,,1316734081
,"BULVAR'DAN █ SİTEDE A'DAN Z'YE FULL YAPILI, 155 M2 7.KAT LÜX 3+1",none,0,0,0,0,0,none,0,,1334149349
,ÖZGÜL EMLAK'tan PROTOKOL YOLU YAKINI ARA KAT MASRAFSIZ 3+1 DAİRE,none,0,0,0,0,0,none,0,,1334914642
,"KARAKUŞ ▓ YUNUS EMRE'DE ÇİFT BANYO, 2.KAT KİLER 135M² YAPILI 3+1",none,0,0,0,0,0,none,0,,1331770171
,MERKEZDE FULL GÜNEY 3+1 FİRMA BÜNYESİNDE KREDİ İMKANI,none,0,0,0,0,0,none,0,,1318868292
En Üst Kat,█BENT EMLAK'TAN█ 3.KAT 3+1 MERKEZİ KONUMDA SATILIK DAİRE!!!!!,none,0,0,0,0,0,none,0,,1304756738
Ara Kat,ERTEKİN EMLAK'TAN SİTE'DE YERDEN ISITMALI G.ODALI 2+1 LÜKS DAİRE,none,0,0,0,0,0,none,0,,1334715510
,UZUNLAR EMLAKTAN OKULLARA YÜRÜME MESAFESİNDE MERKEZİ KONUMDA 3+1,none,0,0,0,0,0,none,0,,1335175324
,█ █SATI ÖZTÜRK OKLU YAKINI 3+1 ÜST KAT ÖNÜ AÇIK HESAPLI DAİRE,none,0,0,0,0,0,none,0,,1330097012
Ara Kat,"KARAKUŞ'TAN ▓ MERKEZDE ULTRALÜX K.GARAJLI, 7.Kat Sıfır 195m² 4+1",none,0,0,0,0,0,none,0,,1322487283
Ara Kat,ONYX ANKARA 3. ETAP LANSMAN SATIŞLARIMIZ BAŞLADI.,none,0,0,0,0,0,none,0,,1264842147
Ara Kat,Törekent Mah.8. Kat Güneydoğu cephe Kilerli 4+1 Satılık Daire,none,0,0,0,0,0,none,0,,1330190442
Ara Kat,YUVAM EMLAK'TAN TAM MERKEZDE ARA KAT KREDİ LİMİTSİZ SATILIK 3+1,none,0,0,0,0,0,none,0,,1323638164
,PURSAKLAR BEŞYOL YAKINI Y.GİRİŞ 2+1 DAİRE,none,0,0,0,0,0,none,0,,1332596528
Ara Kat,IŞIK EMLAK'TAN █ MERKEZDE ''SIFIR'' 2+1 ASANSÖRLÜ LÜKS DAİRELER,none,0,0,0,0,0,none,0,,1323349433
Ara Kat,ÖZBARUT EMLAK'TAN 4+1 ULTRALÜX KAPALI OTOPARKLI FIRSAT DAİRE,none,0,0,0,0,0,none,0,,1326114258
Ara Kat,"""COŞKUN EMLAK'TAN""FULL+FULL""ULTRA LÜX""K.OTOPARKLI""4+1""210M2!!!!!",none,0,0,0,0,0,none,0,,1325971572
,ALTINŞAH'TAN MESLEK LİSESİ YAKINI K.OTOPARKLI E.BANYOLU 4+1,none,0,0,0,0,0,none,0,,1324585709
Ara Kat,BURAKTAN PRESTİJLİ SİTEDE Y.ISITMALI E.BANYOLU AYRI MUTFAKLI 2+1,none,0,0,0,0,0,none,0,,1332388304
Ara Kat,MEHMET ZENGİN'DEN DEVLET HASTANESİ YAKINI 1.KAT YAPILI MASRAFSIZ,none,0,0,0,0,0,none,0,,1332399082
Ara Kat,SAHİBİNDEN SATILIK DAİRE,none,0,0,0,0,0,none,0,,1332013533
,SAHİBİNDEN BULVARDA KAPALI OTOPARKLI 4+1,none,0,0,0,0,0,none,0,,1314132774
Ara Kat,ÖZGÜNE EMLAK'TAN 4+1 CADDE ÜZERİ SİTE İÇERİSİNDE 9.KATTA,none,0,0,0,0,0,none,0,,1326682274
,PURSAKLAR MERKEZDE 3+1 FULL YAPILI PARK CEPHELİ FIRSAT DAİRE,none,0,0,0,0,0,none,0,,1320303842
Ara Kat,ÇİFTÇİOĞULLARINDAN▃HASTANE YAKINI SİTEDE K.OTOPARKLI G.ODALI 4+1,none,0,0,0,0,0,none,0,,1331635095
,Sahibinden acil satılık,none,0,0,0,0,0,none,0,,1332221695
Ara Kat,MERKEZ EMLAK'TAN 3+1 MERKEZDE YAPILI SATILIK DAİRE,none,0,0,0,0,0,none,0,,1304420480
Ara Kat,MERKEZ EMLAK'DAN MERKEZDE 3+1 1.KAT MASRAFSIZ SATILIK DAİRE,none,0,0,0,0,0,none,0,,1320335430
En Üst Kat,SOLMAZ EMLAK'TAN OKUL YAKINI SATILIK 3+1 GENİŞ VE FERAH DAİRE,none,0,0,0,0,0,none,0,,1332785945
,sahibinden merkezi konumda 3+1,none,0,0,0,0,0,none,0,,1332415087
Ara Kat,MERKEZ EMLAK'TAN HİCRET CAMİİ YANI 3+1 130M2 SATILIK DAİRE,none,0,0,0,0,0,none,0,,1309905671
,KÖK TAPULU 3+1 YÜKSEK GİRİŞ FIRSAT DAİRE!,none,0,0,0,0,0,none,0,,1332693796
,BURAKTAN HASTANE YAK. ASANSÖRLÜ E.BANYOLU AYRI MUTFAK SIFIR 2+1,none,0,0,0,0,0,none,0,,1332556914
,"KALECİK EMLAK'TAN █ M. SİNAN'DA ORTA KAT KÖK TAPU, 3+1 MASRAFSIZ",none,0,0,0,0,0,none,0,,1332330888
En Üst Kat,ALKAYIŞ'TAN ▓ PURSAKLAR MERKEZDE FULL YAPILI MASRAFSIZ DAİRE,none,0,0,0,0,0,none,0,,1334107012
,MİMARSİNANDA İÇİ YENİLENMİŞ KELEPİR FİYATA UYGUN DAİRE,none,0,0,0,0,0,none,0,,1332774743
,KOÇAK EMLAK'TAN BULVAR ÜZERİNDE 4+1 ULTRA LÜX SİTE DAİRESİ...,none,0,0,0,0,0,none,0,,1326973209
,ALTINŞAH EMLAK'TAN PAZARTESİ PAZARI YAKINI Y.GİRİŞ 3+1,none,0,0,0,0,0,none,0,,1299613536
Ara Kat,ERTEKİN EMLAK'TAN SİTE İÇERİSİNDE KÖK TAPU TERAS BALK. 4+1 DAİRE,none,0,0,0,0,0,none,0,,1332154012
Ara Kat,Elif 2 Emlak'tan Merkezde 3+1 Ful Lüks Yapılı Ara Kat Daire,none,0,0,0,0,0,none,0,,1308121576
Ara Kat,ÖZDEMİR EMLAK'TAN M.SİNANDA MASRAFSIZ KÖK TAPU ARA KAT 3+1 DAİRE,none,0,0,0,0,0,none,0,,1332079207
,Elif 2 Emlak'tan Kapalı Otopark 4+1 Geniş Peyzajlı Site Dairesi,none,0,0,0,0,0,none,0,,1332710230
,YAŞAM EMLAKTAN MERKEZDE SATILIK 2+1 DAİRE,none,0,0,0,0,0,none,0,,1333119034
,"KARAKUŞ'TAN ▓ MERKEZDE ORTA KAT, FULL YAPILI, 3+1 FIRSAT DAİRESİ",none,0,0,0,0,0,none,0,,1330459093
Ara Kat,GÜROL'DAN▓ BULVAR'DA KÖK TAPU 4+1 195M² K.GARAJLI G.ODALI 11.KAT,none,0,0,0,0,0,none,0,,1333513658
,MİMAR SİNAN MAHALLE'SİNDE 3+1 ARA KAT DAİRE,none,0,0,0,0,0,none,0,,1333655858
Ara Kat,ALKAYIŞ EMLAK'tan BULVAR ÜZERİ LÜXSİTEDE TERAS BALKON 4.KAT 4+1,none,0,0,0,0,0,none,0,,1308429041
,*YUVAM EMLAK'TAN MERKEZDE KREDİ LİMİTSİZ SATILIK MASRAFSIZ 3+1*,none,0,0,0,0,0,none,0,,1326763148
Ara Kat,MİMAR SİNAN MAH OKULLAR BÖLGESİNDE ARA KAT 3+1 SATILIK DAİRE.,none,0,0,0,0,0,none,0,,1333590467
,UZUNLAR EMLAK'TAN MERKEZİ LOKASYONDA K.OTOPARKLI ASANSÖRLÜ 3+1,none,0,0,0,0,0,none,0,,1309819404
,VADİM'DEN ALİ İHSAN LEZGİ OKULU YAKINI KAT KONUMUNDA 2+1 Y.GİRİŞ,none,0,0,0,0,0,none,0,,1333518610
Ara Kat,EVİNBİZDE PURSAKLAR █ 210 M2 ULTRA LÜX K.OTOPARKLI 4+1 FIRSAT!!!,none,0,0,0,0,0,none,0,,1333814486
En Üst Kat,ASİLDEN CUMARTESİ PAZARI YANI YAPILI 3.KAT 3+1 DAİRE,none,0,0,0,0,0,none,0,,1334035672
En Üst Kat,ADRES EMLAK`TAN MASRAFSIZ ŞIK YAPIDA MERKEZİ KONUMDA 3+1 DAİRE.,none,0,0,0,0,0,none,0,,1320571805
Ara Kat,KILIÇ GROUP'TAN PURSAKLAR YÜKSEK KATTA SIFIR DAİRE!!!,none,0,0,0,0,0,none,0,,1314942286
,"BULVAR YAKINI ▓ ÇİFT BLOK,7/24 GÜVENLİKLİ SIFIR/ 2.KAT 4+1 DAİRE",none,0,0,0,0,0,none,0,,1333477803
En Üst Kat,EFE EMLAKDAN OKULLAR GÖLGESİNDE LÜX SİTEDE 14.KAT 4+1 DOĞU CEPHE,none,0,0,0,0,0,none,0,,1318055902
En Üst Kat,YATIRIMA UYGUN MERKEZİ KONUMDA 3+1 SATILIK DAİRE,none,0,0,0,0,0,none,0,,1328263674
En Üst Kat,"Devlet Hastanesi yakını, yapılı, manzaralı daire",none,0,0,0,0,0,none,0,,1328128483
Ara Kat,EVİNBİZDE PURSAKLAR █ SIFIR ARA KAT İSKANLI ASANSÖRLÜ 120 M2 3+1,none,0,0,0,0,0,none,0,,1331119474
,BURAK'TAN MERKEZİ KONUMDA HİCRET CAMİ YAKINI 115M2 3+1 DAİRE,none,0,0,0,0,0,none,0,,1332725575
,SAFA'DAN ▓ MERKEZ'DE ÇARŞI İÇİRESİNDE 120M² YAPILI GÜNEY CEP 3+1,none,0,0,0,0,0,none,0,,1298088040
,BULVAR'DAN█ YENİ BİNADA MERKEZİ KONUMDA 120 M2 İÇİ MASRAFSIZ 3+1,none,0,0,0,0,0,none,0,,1334334045
,DÜZGÜN EMLAK'TAN BULVARDA K.OTOPARKLI FULL YAPILI 4+1 LÜX DAİRE,none,0,0,0,0,0,none,0,,1315536203
,BERA EMLAK'TAN 4+1 OKUL YAKINI MASRAFSIZ DAİRE,none,0,0,0,0,0,none,0,,1334220114
Ara Kat,MERKEZ EMLAK'DAN 3+1 FUL YAPILI GENİŞ BALKONLU SATILIK DAİRE,none,0,0,0,0,0,none,0,,1328043325
,TÜRTAŞ'TAN MERKEZDE SATILIK DAİRE,none,0,0,0,0,0,none,0,,1305319517
Ara Kat,MERKEZ EMLAK SİTEDE 4+1 9.KAT KÖŞEBAŞI GÜNEY CEPHE DAİRE,none,0,0,0,0,0,none,0,,1310455972
Ara Kat,PURSAKLAR MERKEZDE YENİ BİNADA ASANSÖRLÜ K.OTOPARKLI 2+1 DAİRE,none,0,0,0,0,0,none,0,,1315694912
Dubleks,PURSAKLAR BEŞ YOL YAKINI 5+1 MASRAFSIZ DUBLEX DAİRE,standard,1,0,0,0,1,detail_and_title,0,,1331794952
,PURSAKLAR GÜNEŞ EMLAKTAN OKULLAR BÖLGESİNDE TEMİZ 3+1 DAİRE,none,0,0,0,0,0,none,0,,1334433142
,PURSAKLAR TEKİN EMLAK'TAN MİMAR SİNAN MAH ASANSÖRLÜ 1.KAT 3+1,none,0,0,0,0,0,none,0,,1334813834
Ara Kat,GÜROL'DAN ▓ ŞIK VE MODER K.GARAJLI 2 BLOKLU SİTEDE 4+1 ULTRALÜX,none,0,0,0,0,0,none,0,,1331643149
Dubleks,PURSAKLARDA 5+1+KAPALI TRS+KİLER 3 BANYO2 MUTFAK K.OTO KÖK TAPU,standard,1,0,0,0,1,detail,0,,1334391539
,ESKAN GAYRİMENKUL █PURSAKLAR M.SİNANDA 4+1 210M2 LÜKS SİTE DAİRE,none,0,0,0,0,0,none,0,,1331777922
Ara Kat,ÖZGÜL EMLAK'tan LÜX SİTEDE G.ODALI KİLERLİ K.OTOPARKLI 4+1 DAİRE,none,0,0,0,0,0,none,0,,1331328808
Ara Kat,Pursaklar Merkez'de 190 m² MASRAFSIZ FERAH 4+1,none,0,0,0,0,0,none,0,,1322917484
,ANADOLU EMLAK'TAN SINIRSIZ KREDİ İMKANLI YAPILI 3+1 DAİRE,none,0,0,0,0,0,none,0,,1326193521
,CANTÜRKTEN KÖK TAPU MERKEZDE 3+1,none,0,0,0,0,0,none,0,,1334820185
Ara Kat,UFUK KILIÇ EMLAK HASTANE YANI 4+1LÜX SİDE SATILIK 8. KAT DAİRE,none,0,0,0,0,0,none,0,,1334141517
Ara Kat,YİĞİTLER'DEN PROTOKOL YOLU YAKINI ARA KATTA 3+1 120m CADDE ÜZERİ,none,0,0,0,0,0,none,0,,1334720121
En Üst Kat,DURU EMLAK'TAN MERKEZDE E.BANYOLU KÖK TAPU SATILIK 3+1 DAİRE,none,0,0,0,0,0,none,0,,1334716307
,IŞIK EMLAK'TAN MERKEZDE 3+1 PAZARTESİ PAZAR YAKINI FULL YAPILI,none,0,0,0,0,0,none,0,,1305644344
En Üst Kat,"GÜROL'DAN ▓ K.GARAJLI YENİ BİNA, 3+1 FULL YAPILI GÜNEY ASANSÖRLÜ",none,0,0,0,0,0,none,0,,1334511835
,Fırsat Pursaklar Merkezde İhtiyaçtan Acil Satılık 6+2 Dubleks,standard,1,0,0,0,1,title,0,,1328917575
Ara Kat,ELİF EMLAK'tan Hastahane Yakını 4+1 Satılık Fırsat Daire !,none,0,0,0,0,0,none,0,,1335116871
En Üst Kat,█BENT EMLAK'TAN█ 4+1 ASANSÖRLÜ 2 Banyo HİCRETE YAKIN,none,0,0,0,0,0,none,0,,1327591972
,ÇETİN EMLAK▓ BULVAR CEPHE SIFIR 15.KAT GÜNEY C./ 180M² 4+1 DAİRE,none,0,0,0,0,0,none,0,,1334396175
Ara Kat,UYGUN EMLAK'TAN█OKULLAR BÖLGESİN'DE MASRAFSIZ 2.KAT 3+1 120m²,none,0,0,0,0,0,none,0,,1334959012
Ara Kat,ÖZDEMİR EMALK'TAN MERKEZDE 1. KAT MASRAFSIZ 3+1 DAİRE !!!!!,none,0,0,0,0,0,none,0,,1321983524
,UFUK KILIÇ EMLAK'TAN 2 BLOKLU LÜX SİTEDE UYGUN FİYATLI 4+1 DAİRE,none,0,0,0,0,0,none,0,,1331452170
,"SAHİBİNDEN 3+1 Pursaklar Mimar Sinan Mh, pazarlık payı vardır",none,0,0,0,0,0,none,0,,1319008445
Ara Kat,ADA EMLAK _ MERKEZ MAH. 1.KAT GÜNEY CEPHE 3+1 FIRSAT DAİRE _,none,0,0,0,0,0,none,0,,1335129424
,ALTINŞAH EMLAK'TAN SİTE İÇERİSİNDE ÖNÜ AÇIK YAPILI 4+1,none,0,0,0,0,0,none,0,,1320687370
Ara Kat,COŞKUN``DAN PURSAKLAR SİTEDE 3+1 MASRAFSIZ KAÇIRILMAZ FIRSAT,none,0,0,0,0,0,none,0,,1335118288
,PURSAKLAR MERKEZDE FUUL YAPILI ASANSÖRLÜ K.OTOPARKLI 1.KAT 3+1,none,0,0,0,0,0,none,0,,1335183992
,!! EMİNEVİM & FUZULEV'E UYGUN MİMAR SİNAN'DA 1.KAT 3+1 DAİRE !!,none,0,0,0,0,0,none,0,,1331594288
,"SİTE İÇERİSİNDE , ÖNÜ AÇIK VE GENİŞ KULLANIMLI 4+1 , TAKASA AÇIK",none,0,0,0,0,0,none,0,,1320403665
Ara Kat,PURSAKLAR TEKİN EMLAKTAN MİMAR SİNAN MAH 3+1 GÜNEY CEPHE DAİRE,none,0,0,0,0,0,none,0,,1329822087
,EMİN EVİM ŞARTLARINA UYGUN 3+1 YÜKSEK GİRİŞ DAİRE,none,0,0,0,0,0,none,0,,1332700800
,ATLAS'TAN 5YOL GÖBEKDE PARK MANZARALI İÇİYENİLENMİŞ ORTAKAT,none,0,0,0,0,0,none,0,,1335341003
,ÖZGÜL EMLAK'tan MERKEZDE ÇİFT B. FULL YAPILI KATTA MASRAFIZ 3+1,none,0,0,0,0,0,none,0,,1334727300
,PURSAKLAR'DA ÇEVRE YOLU YAKINI 3+1 KUPON DAİRE,none,0,0,0,0,0,none,0,,1335365800
Ara Kat,MEHMET ZENGİN'DEN 2 BLOKLU ULTRA LÜKS SİTEDE 4.KAT 4+1 SIFIR,none,0,0,0,0,0,none,0,,1322066611
En Üst Kat,PURSAKLAR TEKİN EMLAK'TAN HASTANE YAKINI SIFIR 4+1 DAİRE,none,0,0,0,0,0,none,0,,1329674565
Ara Kat,ÖZGÜNE EMLAK'TAN 3+1 DEVLET HASTANESİ YANINDA MASRAFSIZ YAPILI,none,0,0,0,0,0,none,0,,1335538312
En Üst Kat,pursaklar saray da mimar sinan mah 130m2 asansörlü iskanlı 3+1,none,0,0,0,0,0,none,0,,1332709769
En Üst Kat,ALKAYIŞ'TAN ▓ MERKEZİ KONUMDA E. BANYOLU YAPILI MASRAFSIZ DAİRE,none,0,0,0,0,0,none,0,,1332724820
,!! NASİP'TEN 2+1 KÖK TAPU UYGUN FİYATLI KAÇIRILMIYACAK DAİRE !!!,none,0,0,0,0,0,none,0,,1328872840
Ara Kat,DÜZGÜN EMLAK'TAN HASTANE BÖLGESİNDE ULTRALÜX SİTEDE 16.KATTA 4+1,none,0,0,0,0,0,none,0,,1330069739
,"KARAKUŞ'TAN▓ MERKEZDE YERDEN ISITMA, 3+1 130M² FULL YAPILI SIFIR",none,0,0,0,0,0,none,0,,1334837036
,SAFA'DAN ▓ MERKEZ'DE KREDİYE UYGUN 85M² BAHÇE KATI MASRAFSIZ 2+1,none,0,0,0,0,0,none,0,,1328878423
,GÜROL'DAN ▓ SATI ÖZTÜRK OKULU YANI 3+1 MASRAFSIZ KREDİ LİMİTSİZ,none,0,0,0,0,0,none,0,,1334939003
Ara Kat,PURSAKLAR KOCALAR BULVARINDA KONFORLU YAŞAM SUNAN SATILIK 3+1,none,0,0,0,0,0,none,0,,1328013357
En Üst Kat,MERKEZ MAHALLESİ 3+1 3.KAT MERKEZİ LOKASYONDA ÇİFT BALKONLU,none,0,0,0,0,0,none,0,,1335796129
,"EROĞLU EMLAK'tan MERKEZ MAH.3+1,KOT 1,ÖNÜ AÇIK,MASRAFSIZ,GÜNEY",none,0,0,0,0,0,none,0,,1316213366
,NASİP'TEN MERKEZDE FUUL YAPILI MASRASIZ 3+1 DAİRE,none,0,0,0,0,0,none,0,,1318335310
Ara Kat,EFE EMLAK BÜYÜK BULVARDA**KAPALI OTOPARKLI**TERAS BALKONLU 2+1,none,0,0,0,0,0,none,0,,1333187540
,█-KALECİK EMLAK'TAN MERKEZ'DE LÜX 3+1 DAİRE-█,none,0,0,0,0,0,none,0,,1325729282
En Üst Kat,BEŞYOL YAKINI FIRSAT 2+1 SATILIK DAİRE KABASAKAL EMLAK'TA,none,0,0,0,0,0,none,0,,1334924849
Ara Kat,BEYOĞLU'NDAN KAPALI OTOPARKLI 11.KAT GÜNEYCEPHE 4+1 SİTE DAİRESİ,none,0,0,0,0,0,none,0,,1335041522
,PUSULA'DAN MİMAR SİNAN MAHALLESİ'NDE 3+1 SİTE DAİRESİ KÖK TAPU,none,0,0,0,0,0,none,0,,1332488243
,*YUVAM EMLAK'TAN KREDİ LİMİTSİZ EBEVEYN BANYOLU KATTA 3+1 DAİRE*,none,0,0,0,0,0,none,0,,1311626099
,SAFA'DAN ▓ SİTE'DE E. BANYOLU 6.KAT 200M² G. ODALI ULTRALÜX 4+1,none,0,0,0,0,0,none,0,,1334941753
Ara Kat,GÜROL'DAN ▓ K.GARAJLI LÜX SİTEDE 4+1 205M² GİYİNME ODALI DAİRE,none,0,0,0,0,0,none,0,,1326109252
Ara Kat,GÖKTAŞ'TAN█ ULTRA LÜX SİTEDE ARA KAT K.GARAJLI 190 m2 4+1 DAİRE,none,0,0,0,0,0,none,0,,1332364542
Ara Kat,ÇİFTÇİOĞULLARINDAN▃MİMAR SİNAN MAH. ASANSÖRLÜ KATTA KÖK TAPU 3+1,none,0,0,0,0,0,none,0,,1335036130
Ara Kat,EVİNBİZDE PURSAKLAR █ HASTANE YAKINI SİTEDE 4+1 KATTA FIRSAT !!!,none,0,0,0,0,0,none,0,,1335248056
Ara Kat,ÇETİN EMLAK▓ HİCRET CAMİ YAK.ÖN CEPHE 2.KAT KREDİ SIKINTISIZ 3+1,none,0,0,0,0,0,none,0,,1334940847
Ara Kat,KUZEY'DEN ULTRA LÜX SİTE'DE 4+1 K.OTOPARKLI HASTANE YAKINI DAİRE,none,0,0,0,0,0,none,0,,1323540344
,UZUNLAR EMLAK'TAN MERKEZİ LOKASYONDA K.OTOPARKLI ASANSÖRLÜ 3+1,none,0,0,0,0,0,none,0,,1335171848
Ara Kat,EVİNBİZDE PURSAKLAR █DEVLET HASTANESİ YAKINI 1.KAT MASRAFSIZ 3+1,none,0,0,0,0,0,none,0,,1332365725
Ara Kat,GÖKTAŞ'TAN█ HASTANE YANI 4+1 ULTRA LÜX SİTEDE FULL YAPILI DAİRE,none,0,0,0,0,0,none,0,,1332481622
Dubleks,REHA EMLAKTAN PURSAKLAR MERKEZ MAH.ÖN CEPHE 5+1 FUL+FULL DUBLEKS,standard,1,0,0,0,1,detail_and_title,0,,1317966861
Ara Kat,PURSAKLAR UFUK KILIÇ EMLAK'TAN MERKEZDE 3+1 ORTA KAT DAİRE,none,0,0,0,0,0,none,0,,1335427697
Ara Kat,IŞIK EMLAK'TAN MERKEZDE 3+1 ORTA KAT GÜNEY CP. YAPILI,none,0,0,0,0,0,none,0,,1321924807
Ara Kat,ALTINŞAH EMLAK'TAN ASANSÖRLÜ SİTE İÇERİSİNDE GÜNEY CEPHE 3+1,none,0,0,0,0,0,none,0,,1326764983
,SAFA'DAN ▓ HASTANE YANI 15.KAT PRESTİJLİ SİTE'DE 200M² LÜKS 4+1,none,0,0,0,0,0,none,0,,1335403236
,KALECİK EMLAK'TAN █ HASTANE YAKINI Y.ISITMA K.OTOPARK 4+1 12.KAT,none,0,0,0,0,0,none,0,,1335539185
,"BULVAR'DAN █ MERKEZDE, ASANSÖRLÜ KÖK TAPU, 125 M2 MASRAFSIZ 3+1",none,0,0,0,0,0,none,0,,1320673724
,UFUK KILIÇ EMLAK'TAN HASTANE YANI 4+1 SİTE İÇERİSİNDE LÜX DAİRE,none,0,0,0,0,0,none,0,,1335647226
,VİZYON'DAN SEMTİN EN AVANTAJLI NOKTASIN'DA GENİŞ FIRSAT 2+1,none,0,0,0,0,0,none,0,,1323186929
En Üst Kat,ERTEKİN EMLAKTAN YENİ BİNADA ASANSÖR'LÜ BAĞIMSIZ 2+1 SIFIR DAİRE,none,0,0,0,0,0,none,0,,1329662522
,IŞIK EMLAK'TAN TAM MERKEZDE 3+1 KOT 1 FULL YAPILI GÜNEY CEPHE,none,0,0,0,0,0,none,0,,1317632595
Ara Kat,MEHMET ZENGİN'DEN ARA KAT HESAPLI FİYATA 3+1 MASRAFSIZ DAİRE,none,0,0,0,0,0,none,0,,1329717645
Ara Kat,UFUK KILIÇ EMLAK'TAN ASANSÖRLÜ 1. KAT KÖK TAPU FIRSAT 3+1 DAİRE,none,0,0,0,0,0,none,0,,1335656361
,ESKAN GAYRİMENKUL █ Pursaklar Merkezde 3+1 Satılık Daire 120m²,none,0,0,0,0,0,none,0,,1335649022
,NASİP'TEN BULVAR YAKINI LÜX SİTE'DE 190M² 2 BANYOLU ORTAKAT 4+1,none,0,0,0,0,0,none,0,,1335840692
,ÖZGÜL EMLAK'tan MERKEZDE FULL YAPILI KATTA 3+1 FIRSAT DAİRE,none,0,0,0,0,0,none,0,,1335725805
En Üst Kat,GÜROL'DAN ▓ DURU TIP YANI FULL YAPILI 3+1 125M² KÖK TAPU DAİRE,none,0,0,0,0,0,none,0,,1332982070
En Üst Kat,NAM-AK EMLAK'TAN OKULLARA YAKIN ŞIK TASARIM MASRAFSIZ 3+1 DAİRE,none,0,0,0,0,0,none,0,,1335841797
En Üst Kat,IŞIK EMLAK'TAN MERKEZDE 3+1 PAZARTESİ PAZAR YAKINI FULL YAPILI,none,0,0,0,0,0,none,0,,1312651117
,BULVAR'DAN█BEŞYOL YANI 95 M2 MASRAFSIZ KÖK TAPU GENİŞ 2+1 FIRSAT,none,0,0,0,0,0,none,0,,1328981261
Ara Kat,GÖKTAŞ'TAN█YENİ BİNADA ASANSÖRLÜ KREDİ LİMİTSİZ 2+1 LÜX DAİRE,none,0,0,0,0,0,none,0,,1335168907
Ara Kat,DÜZGÜN EMLAKTAN SÜPER FIRSAT ORTA KATTA YAPILI G.CEPHE 3+1 DAİRE,none,0,0,0,0,0,none,0,,1325809436
Ara Kat,DÜZGÜN EMLAK'TAN İYİ KONUMDA LÜX SİTEDE FULL YAPILI 4+1 SÜPERLÜX,none,0,0,0,0,0,none,0,,1311898555
Ara Kat,DÜZGÜN EMLAKTAN SİTEDE ESTETİK MİMARİLİ K.OTOPARKLI 4+1 ULTRALÜX,none,0,0,0,0,0,none,0,,1313161575
Ara Kat,DÜZGÜN EMLAK'TAN KONUMU GÜZEL ASANSÖRLÜ ÇİFT BANYOLU KATTA 3+1,none,0,0,0,0,0,none,0,,1320510191
Ara Kat,AYKUT EMLAKTAN SATILIK SİTE İÇERİSİNDE 2+1 PURSAKLARDA DAİRE,none,0,0,0,0,0,none,0,,1330435374
En Üst Kat,DÜZGÜN EMLAK'TAN MERKEZİ KONUMDA KATTA GÜNEY CEPHE 3+1 DAİRE,none,0,0,0,0,0,none,0,,1309500427
Ara Kat,DÜZGÜN EMLAK'TAN ŞIK VE MODERN YAPIDA K.OTOPARKLI 4+1 ULTRA LÜX,none,0,0,0,0,0,none,0,,1333087881
,ÖZTÜRK EMLAK'TAN SALI PAZARI YANI 3+1 ARA KAT MASRAFSIZ DAİRE,none,0,0,0,0,0,none,0,,1330394950
Ara Kat,UYGUN EMLAK'TAN█KREDİ LİMİTSİZ ÇİFT BLOKLU KAPALI GARAJLI 4+1,none,0,0,0,0,0,none,0,,1330444865
,(1241) PROTOKOL YOLU YAKINI SİTEDE SATILIK 3+1 SATILIK DAİRE!!!!,none,0,0,0,0,0,none,0,,1330445619
Ara Kat,ERTEKİN EMLAK'TAN FATİH MAH. YENİ BİNADA ÇİFT BANYOLU 4+1 DAİRE,none,0,0,0,0,0,none,0,,1319811967
,NAM-AK EMLAK'TAN FATİH MAH. SİTE İÇİNDE GÜNEY CEPHE 4+1 DAİRE,none,0,0,0,0,0,none,0,,1330779844
Ara Kat,SAHİBİNDEN SATILIK 3+1 OTURUMA HAZIR DAİRE,none,0,0,0,0,0,none,0,,1330604348
,PURSAKLAR ADELİSA SİTESİ'NDE SATILIK DAİRE (AB-1287),none,0,0,0,0,0,none,0,,1330814032
Ara Kat,EFE EMLAK LÜX SİTEDE HAVAALANI YOLU YAKINI 13KAT 4+1 GÜNEY CEPHE,none,0,0,0,0,0,none,0,,1333638372
Ara Kat,█ █HASTANE YAKINI SİTE İÇERİSİNDE 4+1 9.KAT FULL YAPILI DAİRE,none,0,0,0,0,0,none,0,,1331123955
Dubleks,"Pursaklar Fatih Mahallesinde Satılık Geniş, Dubleks Daire",standard,1,0,0,0,1,detail_and_title,0,,1308634213
En Üst Kat,MERKEZ EMLAK'TAN 3+1 3.KAT KOMBİLİ BÜYÜK ALİFE HASTANESİ YAKINI*,none,0,0,0,0,0,none,0,,1324839781
,NAM-AK EMLAK'TAN MERKEZDE ORTA KAT FIRSAT 3+1 DAİRE,none,0,0,0,0,0,none,0,,1331828909
,ZİRVEDEN PURSAKLAR FATİH MAHALLESİNDE SATILIK ARAKAT DAİRE,none,0,0,0,0,0,none,0,,1290564953
Ara Kat,ÇETİN EMLAK ▓ CADDE ÜZERİ 13.KAT GÜNEY KREDİ LİMİTSİZ 4+1 DAİRE,none,0,0,0,0,0,none,0,,1332483785
,ÖZGÜL EMLAK'tan MERKEZİ KONUMDA ÇİFT BANYOLU KİLERLİ G.CEPHE 3+1,none,0,0,0,0,0,none,0,,1333617222
,ŞENTÜRK'ten Hicret Camisine Yakın 4+1 1.kat Güney,none,0,0,0,0,0,none,0,,1303509488
Ara Kat,PURSAKLAR FATİH MAH. 4+1 ARA KAT ASANSÖRLÜ FULL YAPILI DAİRE,none,0,0,0,0,0,none,0,,1332556830
,"KARAKUŞ'TAN ▓ BULVARDA, KÖK TAPU, KİLERLİ, FULL YAPILI 1.KAT 3+1",none,0,0,0,0,0,none,0,,1334093582
Ara Kat,Elif 2 Emlak'tan Manzaralı 4+1 9.Kat Lüks Yapılı Site Dairesi,none,0,0,0,0,0,none,0,,1311262257
Ara Kat,AYKUT EMLAKTAN SATILIK SIFIR 2+1 HASTAHANE YAKINI,none,0,0,0,0,0,none,0,,1332986323
Ara Kat,MEHMET ZENGİN'DEN HASTANE YAKINI SIFIR SİTEDE 10.KAT 4+1 DAİRE,none,0,0,0,0,0,none,0,,1302448268
En Üst Kat,▅▇ GÖKTAŞLAR'DAN ▇▅ HİCRET CAMİ YAKINI ASANSÖR'LÜ 4+1 3 BALKONLU,none,0,0,0,0,0,none,0,,1327591360
,PURSAKLAR FATİH MAH DE ACİLL SATILIK DAİRE,none,0,0,0,0,0,none,0,,1327461573
Ara Kat,"KARAKUŞ'TAN ▓ MERKEZDE SALI PAZARI YANI, ORTA KAT KÖK TAPU DAİRE",none,0,0,0,0,0,none,0,,1325367443
Ara Kat,KIZ KARDEŞLER'DEN FATİH MAH. SINIRSIZ KREDİ 3+1 2.KAT,none,0,0,0,0,0,none,0,,1320320410
,ERTEKİN EMLAK'TAN FATİH MAH SİTE İÇERİSİNDE ÇİFT BANY. 3+1 DAİRE,none,0,0,0,0,0,none,0,,1317212018
Dubleks,ACİLLLLLL FATİH MAH A LİFE HAST YAK FUUL YAPILI 5+1 DUBLEX DAİRE,standard,1,0,0,0,1,detail_and_title,0,,1320780960
Ara Kat,ADRES`DEN HİTAY CAMİİ YAKINI YERDEN ISITMALI G.ODALI 4+1 DAİRE.,none,0,0,0,0,0,none,0,,1314989070
,█ █FATİH MAH.SİTE İÇERİSİNDE 4+1 1.KAT GÜNEY CEPHE LÜX DAİRE,none,0,0,0,0,0,none,0,,1312886338
En Üst Kat,PURSAKLAR FATİH MAHALLESİNDE 4+1 ÇİFT BANYOLU ASANSÖRLÜ,none,0,0,0,0,0,none,0,,1328222952
Ara Kat,Elif Emlak'tan Merkezde 3+1 Ara Kat Güney Cephe Daire,none,0,0,0,0,0,none,0,,1332784123
Ara Kat,NAM-AK EMLAK'TAN ÖNÜ AÇIK PARK MANZARALI ORTA KAT 3+1 DAİRE,none,0,0,0,0,0,none,0,,1333177189
,FATİH MAHALLESİNDE FULL YAPILI 4+1 DUBLEKS KİLERLİ,standard,1,0,0,0,1,title,0,,1333608192
En Üst Kat,ERTEKİN EMLAK'TAN FATİH MAH ÇİFT BANY. ASANSÖRLÜ KATTA 4+1 DAİRE,none,0,0,0,0,0,none,0,,1327693802
En Üst Kat,AYYILDIZ'DA 2+1 LÜKS YAPILI FIRSAT DAİRE,none,0,0,0,0,0,none,0,,1333843806
Ara Kat,YÜKSEK KREDİLİ ADA MUTFAKLI SON DAİRE KABASAKAL EMLAK'TA,none,0,0,0,0,0,none,0,,1325493251
,PUSULA'DAN SALI PAZARI ÇİFT BANYOLU ISI YALITIMLI KÖK TAPU 3+1 !,none,0,0,0,0,0,none,0,,1333930403
,PURSAKLAR'DA HİCRET CAMİİ YAKINI OTURMAYA HAZIR SIFIR 2+1 DAİRE,none,0,0,0,0,0,none,0,,1293200624
Ara Kat,DÜZGÜN EMLAK'TAN LÜX SİTE İÇİNDE MODERN KONFORLU FULL YAPILI 4+1,none,0,0,0,0,0,none,0,,1310215441
,!! FATİH MAH.DE YÜKSEK GİRİŞ KREDİ SINIRSIZ 3+1 SATILIK DAİRE !!,none,0,0,0,0,0,none,0,,1303860686
,ÖZDEMİR EMLAK'TAN SALI PAZARI YAKINI 2 BANYOLU 3+1 DAİRE !!!!!,none,0,0,0,0,0,none,0,,1333413953
,PROTOKOLYOLU 2+1 SiTE İÇİNDE YERDEN ISITMA SIFIR YÜKSEK KREDİ,none,0,0,0,0,0,none,0,,1334326052
Ara Kat,BULVAR'DAN█SÜPERLÜX SİTEDE 9.KAT KÖK TAPU T.BALKONLU G.ODALI 4+1,none,0,0,0,0,0,none,0,,1333739135
Ara Kat,2+1 BAĞIMSIZ MUTFAK 6.KAT,none,0,0,0,0,0,none,0,,1324986951
Ara Kat,DÜZGÜN EMLAK'TAN MERKEZDE 1.KATTA GÜNEY CEPHE YAPILI 3+1 DAİRE,none,0,0,0,0,0,none,0,,1335161252
,ALKAYIŞ'TAN ▓ KAT KONUMUNDA 3+1 SIFIR ÇİFT ASANSÖRLÜ DAİRE,none,0,0,0,0,0,none,0,,1335187374
,PURSAKLARDA 3+1 SIFIR Y.ISITMA EBEVEYN MANZARALI FIRSAT DAİRE,none,0,0,0,0,0,none,0,,1322794127
,"KARAKUŞ'TAN ▓ HASTANE YAKINI 2+1 105m²,ASANSÖRLÜ KATTA LÜX SIFIR",none,0,0,0,0,0,none,0,,1326116468
Ara Kat,MEHMET ZENGİN'DEN ULTRA LÜKS SİTEDE 9.KAT 4+1 MANZARALI HESAPLI,none,0,0,0,0,0,none,0,,1321826666
Ara Kat,ÖZBARUT EMLAKTAN PURSAKLARIN EN UYGUN SIFIR 2+1 DAİRESİ,none,0,0,0,0,0,none,0,,1334780094
Ara Kat,EFE EMLAKDAN**KREDİ SIKINTSIZ**9 KAT 4+1 GÜNEY CEPHE LÜX SİTEDE,none,0,0,0,0,0,none,0,,1312506720
,"BULVAR'DAN █ A-LİFE YAKINI, SIFIR 90 M2 YERDEN ISITMALI, LÜX 2+1",none,0,0,0,0,0,none,0,,1333935283
,YUVAM EMLAK'TAN ARANAN LOKASYONDA ASANSÖRLÜ YAPILI MASRAFSIZ 3+1,none,0,0,0,0,0,none,0,,1333818984
Ara Kat,IŞIK EMLAK'TAN FATİH MAH. YENİ BİNA 4+1 ÇİFT BANYOLU K.OTOPARK,none,0,0,0,0,0,none,0,,1321353263
,"KARAKUŞ'TAN ▓ LÜKS SİTE'DE, 4+1 195M² YÜKSEK KREDİLİ 7.KAT SIFIR",none,0,0,0,0,0,none,0,,1334964954
Ara Kat,DÜZGÜN EMLAK'TAN ŞIK MODERN TASARIMLI K.OTOPARKLI 4+1 SİTE DAİRE,none,0,0,0,0,0,none,0,,1311832661
,NAM-AK EMLAK'TAN BULVAR ÜZERİ FULL YAPILI KİLERLİ 3+1 DAİRE,none,0,0,0,0,0,none,0,,1334138524
,ALTINŞAH EMLAK'TAN SALI PAZARI YAKINI ASANSÖRLÜ YAPILI 3+1,none,0,0,0,0,0,none,0,,1319608577
Ara Kat,ÖZDEMİR EMLAK'TAN BELEDİYE YAKINI CADDE ÜZERİNDE KÖK TAPU 3+1,none,0,0,0,0,0,none,0,,1334038227
Ara Kat,SIFIR LÜX SİTEDE YERDEN ISITMALI 4+1 █ KABASAKAL EMLAK'TA,none,0,0,0,0,0,none,0,,1332104865
Ara Kat,Pursaklar Fatih Mah. Satılık 3+1 Daire 130m² - Bağımsız Yaşam,none,0,0,0,0,0,none,0,,1326328620
Ara Kat,ALKAYIŞ'TAN ▓ PURSAKLAR MERKEZ'DE 2+1 2.KAT Y.ISITMA LÜX DAİRE,none,0,0,0,0,0,none,0,,1314313248
,UFUK KILIÇ EMLAKTAN MERKEZDE CADDE ÜSTÜNDE ASANSÖRLÜ 1.KAT DAİRE,none,0,0,0,0,0,none,0,,1334297951
Ara Kat,EFE EMLAKDAN FATİH MAH.ASANSÖRLÜ 2.KAT 3+1 GÜNEY CEPHE,none,0,0,0,0,0,none,0,,1326969904
,KIZKARDEŞLERDEN 5+1 K.TERASLI GÜNEY CEPHE DUBLEKS,standard,1,0,0,0,1,title,0,,1329338306
Ara Kat,EVİNBİZDE PURSAKLAR █ FATİH'TE CADDE'DE 3+1 KİLERLİ FULL YAPILI,none,0,0,0,0,0,none,0,,1334988696
En Üst Kat,EFE EMLAKDAN**KÖK TAPU**FATİH MAH.3.KAT 3+1 GÜNEY CEPHE KİLERLİ,none,0,0,0,0,0,none,0,,1335779810
,█ █PURSAKLAR AYYILDIZ MAHALLESİNDE 2+1 3.KAT SATILIK DAİRE,none,0,0,0,0,0,none,0,,1329784569
Ara Kat,ADRES EMLAKTAN MODERN TASARIMI İLE DİKKAT ÇEKEN 4+1 LÜKS DAİRE..,none,0,0,0,0,0,none,0,,1334396547
Ara Kat,SİTE İÇİNDE 4+1 KAPALI OTOPARKLI ÖZEL GÜVENLİKLİ YAŞAM İÇİN,none,0,0,0,0,0,none,0,,1323404794
Ara Kat,SAFA'DAN ▓ YENİ BİNADA 135M² 4.KAT ASANSÖRLÜ 2 BANYOLU GÜNEY 3+1,none,0,0,0,0,0,none,0,,1319686175
Ara Kat|En Üst Kat,PURSAKLAR FATİH MAH DE SATILIK DAİRE LER,none,0,0,0,0,0,none,0,,1304889416
En Üst Kat,TAŞCILAR'DAN FATİH MAH.DE MASRAFSIZ CADDE ÜZERİ 3.KAT 3+1 DAİRE,none,0,0,0,0,0,none,0,,1321372779
Ara Kat,PURSAKLAR TEKİN EMLAK'TA FATİH MAH HASTANE YAKINI 9.KAT FULL 4+1,none,0,0,0,0,0,none,0,,1329794522
Ara Kat,ALKAYIŞ'TAN ▓ HASTANE YAKINI 1. KATTA MASRAFISZ 3+1 FIRSAT DAİRE,none,0,0,0,0,0,none,0,,1332925906
,EYMEN EMLAK'TAN KATILIM BANKALARINA UYGUN ASANSÖRLÜ 3+1 DAİRE,none,0,0,0,0,0,none,0,,1334489862
Ara Kat,█BARUT'TAN CADDE ÜZERİ GÜNEY C. MANZARALI 4+1 SİTE DAİRESİ 8.KAT,none,0,0,0,0,0,none,0,,1317758647
Ara Kat,ÇORAK EMLAK'TAN FATİH MAH. SİTEDE KREDİ LİMİTSİZ 9. KAT 4+1,none,0,0,0,0,0,none,0,,1334714181
Ara Kat,EVİNBİZDE PURSAKLAR █ FATİH TE MANZARALI 4+1 KAÇIRILMIYACAK SİTE,none,0,0,0,0,0,none,0,,1335245963
Ara Kat,IŞIK EMLAK'TAN TAM MERKEZDE 3+1 ORTA KAT ÖN CEPHE DAİRE,none,0,0,0,0,0,none,0,,1304576978
,UZUNLAR EMLAK'TAN MERKEZİ KONUMDA ÇİFT BANYOLU 5+1 DUBLEKS DAİRE,standard,1,0,0,0,1,title,0,,1335320648
,█ █FATİH MAH. SALI PAZARI YAKINI 3+1 ÇİFT BANYOLU YAPILI DAİRE,none,0,0,0,0,0,none,0,,1310205645
,ADRES EMLAK`TAN MERKEZİ KONUMDA KİLERLİ MASRAFSIZ 3+1FERAH DAİRE,none,0,0,0,0,0,none,0,,1321585824
Ara Kat,*YUVAM EMLAK'TAN HASTANE YAKINI SİTE İÇERİSİNDE 4+1 LÜKS DAİRE*,none,0,0,0,0,0,none,0,,1311196270
,ERTEKİN EMLAK'TAN FATİH MAH. ISI YALITIMLI KİLER'Lİ KATTA 3+1 ..,none,0,0,0,0,0,none,0,,1335385811
Ara Kat,"BURAKTAN 185m² 7.KAT GENİŞ PEYZAJ SIFIR 4+1, YÜKSEK KREDİ İMKANI",none,0,0,0,0,0,none,0,,1335196113
Ara Kat,"BULVAR'DAN █ CADDE ÜZERİ, SIFIR 4.KAT, YERDEN ISITMALI ŞIK 2+1",none,0,0,0,0,0,none,0,,1314453901
Ara Kat,GÜROL'DAN ▓ YENİ BİNADA 3+1 GÜNEY 4.KAT ÇİFT BANYO ASANSÖRLÜ LÜX,none,0,0,0,0,0,none,0,,1320180202
,ÖZGÜL EMLAK'tan HİCRET CAMİİ YAKINI FULL YAPILI G.CEPHE 3+1DAİRE,none,0,0,0,0,0,none,0,,1335736816
Ara Kat,EVİNBİZDE PURSAKLAR █ FATİH' DE SIFIR 3+1 4.KAT KONUMUNDA FIRSAT,none,0,0,0,0,0,none,0,,1332938028
Ara Kat,NAM-AK EMLAK'TAN ÇİFT BANYOLU KİLERLİ 2. KAT MASRAFSIZ 4+1 DAİRE,none,0,0,0,0,0,none,0,,1335607741
En Üst Kat,YILDIZESER'DEN▓MERKEZ'DE ÇARŞI İÇERİSİNDE KATTA YAPILI 3+1 120m!,none,0,0,0,0,0,none,0,,1302792774
,TOPGÜLLER'DEN ALTINOVA MAHALLESİ GİRİŞ KAT 2+1,none,0,0,0,0,0,none,0,,1331534997
,ZİRVEDEN ALTINOVA MAHALLESİNDE 3+1 GİRİŞ KAT DAİRE,none,0,0,0,0,0,none,0,,1332208914
Ara Kat,UZMAN'DAN ARAÇ TAKASLI ALTINOVA'DA SIFIR LÜX YAPILI 3+1,none,0,0,0,0,0,none,0,,1303840890
Ara Kat,PURSAKLAR ALTINOVA 3+1 GENİŞ KULLANIMLI SATILIK FIRSAT DAİRE,none,0,0,0,0,0,none,0,,1322103176
En Üst Kat,ALTINOVADA 3+1 LÜX SATILIK DAİRE SIFIR (İSKANLI)!!!,none,0,0,0,0,0,none,0,,1334962440
En Üst Kat,AKTAŞLARDN MERKEZDE CADDE CEPHE ULTRA LÜKS 2+1 DAİRE FULL YAPILI,none,0,0,0,0,0,none,0,,1313157575
Ara Kat,AKOL'DEN_CADDE_ÜSTÜNDE_ULTRA_LÜKS_YAPILI_MASRAFSIZ_ARA_KAT_3+1,none,0,0,0,0,0,none,0,,1330470253
,METİN ÖZDEMİR'DEN MKM'DE ARAKAT ÖNCEPHEDE CAM BALKONLU 3+1,none,0,0,0,0,0,none,0,,1330440905
Ara Kat,"ÖZDEMİR'DEN 2.650.000TL KREDİLİ EŞSİZ ŞIK TASARIM 2,5+1 DAİRELER",none,0,0,0,0,0,none,0,,1332812911
,BAŞKENT GAYRİMENKUL'DEN BELEDİYENİN ARKASINDA KREDİ LİMİTSİZ 2+1,none,0,0,0,0,0,none,0,,1331657021
,YENİKENT M KEMAL MAH ACİL SATILIK 3+1 FUL LÜX DAİRE,none,0,0,0,0,0,none,0,,1324738247
,*HTC'den YETKİLİ//MERKEZİ KONUM FUL YAPILI ÖNCEPHE Y.GİRİŞ 2+1*,none,0,0,0,0,0,none,0,,1332193825
Ara Kat,EYMEN'DEN KREDİ LİMİTSİZ,none,0,0,0,0,0,none,0,,1325784063
En Üst Kat,SİNERJİDEN BULVAR CEPHE ÇİFT BALKON KİLERLİ*KONUM HARİKASI 4+1*,none,0,0,0,0,0,none,0,,1331827727
En Üst Kat,KARDELENDEN KREDİ LİMİTSİZ 3+1 ÇOK GENİŞ TERTEMİZ MERKEZ İÇİ !!!,none,0,0,0,0,0,none,0,,1332639748
,AYD'DEN SATILIK M.KEMAL MAH 2+0 YATIRIMLIK FIRSAT DAİRE,none,0,0,0,0,0,none,0,,1334217590
,ÇINAR DAN SATILIK MERKEZDE 3+1 ÇİFTBANYOLU GİYİNME ODALI DAİRE,none,0,0,0,0,0,none,0,,1331774780
Ara Kat,AKOL'DEN_ULTRA_LÜKS_3+1_FULL_YAPILI_YÜKSEK_KREDİLİ_ARA_KAT_DAİRE,none,0,0,0,0,0,none,0,,1331418718
Ara Kat,AKOL'DEN GÜVENLİKLİ SİTE İÇİNDE KATTA DELÜXE 2+1 DAİRE,none,0,0,0,0,0,none,0,,1334650564
,2+1.Daire.sitede yerden ısıtmalı cam bolkonlu caddeye ikidakika.,none,0,0,0,0,0,none,0,,1326763290
Ara Kat,SARAYCIK'TA OTURUMA HAZIR 1+1 FIRSAT DAİRELER,none,0,0,0,0,0,none,0,,1329582877
En Üst Kat,TANDOĞAN MAH. KATTA// MASRAFSIZ//ASANSÖRLÜ//GENİŞ M2,none,0,0,0,0,0,none,0,,1335340205
Ara Kat,SYM'DEN TANDOĞAN MAHALLESİN'DE ARA KATTA 3+1 DAİRE FIRSATI,none,0,0,0,0,0,none,0,,1335464365
,HAS'TAN TANDOĞAN MAH. FUL YAPILI 2+1 ARA KATDA DAİRE,none,0,0,0,0,0,none,0,,1329662533
,SARAYCIKDA LÜX YAŞAM SİZLERİ BEKLİYOR | 4+1 ŞIK TASARIM DAİRELER,none,0,0,0,0,0,none,0,,1323751079
,SELÇUKLU MAH'DE 3+1 KATTA ULTRA LÜKS YAPILI DAİRE.....,none,0,0,0,0,0,none,0,,1325729956
Ara Kat,TANDOĞAN MAH MERKEZİ KONUM 3+1 Y.GİRİŞ ARAKATTA SATILIK DAİRE,none,0,0,0,0,0,none,0,,1332953054
,SR EMLAK'TN TANDOĞAN MH'DE ASANSÖRLÜ KREDİ LİMİTSZ SATILIK DAİRE,none,0,0,0,0,0,none,0,,1329992197
,!KATILIMA UYGUN! SELÇUKLUDA SALON BĞMSİZ FUL UYGUN FİYAT 2+1 Y.G,none,0,0,0,0,0,none,0,,1335840170
,*MESADAN SARAYCIKTA 4+1 EŞSİZ TASARIMLI MUAZZAM LÜX DAİRELER*,none,0,0,0,0,0,none,0,,1323719969
En Üst Kat,3+1 BAĞIMSIZ 4 KAT CD CPLİ SATILIK DAİRE SİNCAN SELÇUKLU MAH,none,0,0,0,0,0,none,0,,1323729201
Ara Kat,**UYG YATIRIM**SARAYCIK TA YENİ BİNADA 160M2+KİLERLİ,none,0,0,0,0,0,none,0,,1321333556
Ara Kat,KULE'den SARAYCIK TOKİ 1 BÖLGE 3 ETAPTA SATILIK 97 M2 KATTA 2+1,none,0,0,0,0,0,none,0,,1333175807
,SAYGIN EMLAK'TAN PLEVNE MAH 3+1 KATTA MASRAFSIZ KUPON DAİRE,none,0,0,0,0,0,none,0,,1330435038
,PINARBAŞI MAH'DE 3+1 EBEVEYN B. BAĞIMSIZ ÖN CEPHE FULL YAPILII,none,0,0,0,0,0,none,0,,1330474793
Ara Kat,PLEVNE MAH ÖN CEPE BAĞIMSIZ SALON FUL+FUL YAPILI GENİŞ 3+1 DAİRE,none,0,0,0,0,0,none,0,,1331358599
Ara Kat,UÇAR EMLAK'TAN OSMANLI MAH 2 KAT 3+1 SALON BAĞIMSIZ ÖN CEPHE,none,0,0,0,0,0,none,0,,1330721434
,sahibinden satılık 2+1 daire merkezi konumda,none,0,0,0,0,0,none,0,,1331834942
En Üst Kat,PINARBAŞI MH'DE 3+1 2. KATTA BAĞIMSIZ FULL YAPILI GENİŞ M2 DAİRE,none,0,0,0,0,0,none,0,,1331740637
Ara Kat,SR EMLAK'TAN PINARBAŞI MAH'DE ARA KATTA PARK CEPHE SATILIK DAİRE,none,0,0,0,0,0,none,0,,1330620403
Ara Kat,SR EMLAK'TAN PLEVNE MAH'DE 2+1 ARA KATTA BAĞIMSIZ SATILIK DAİRE,none,0,0,0,0,0,none,0,,1333629698
Ara Kat,Sahibinden Ultra Lüks Geniş Daire,none,0,0,0,0,0,none,0,,1332723292
En Üst Kat,PLEVNE'DE KATTA 3+1 YAPILI KREDİYE UYGUN FIRSAT DAİRESİ!,none,0,0,0,0,0,none,0,,1333330539
Ara Kat,OSMANLI MAH. SİTE İÇERİSİNDE FULL YAPILI SATILIK FIRSAT DAİRESİ,none,0,0,0,0,0,none,0,,1326348564
,PLEVNE MH. 3+1 YÜKSEK GİRİŞ PAZAR CADDESİNE YAKIN KELEPİR DAİRE!,none,0,0,0,0,0,none,0,,1327090440
En Üst Kat,DOĞANAY'DAN PINARBAŞI MAH. KATTA YAPILI 3+1 FRANSIZ CAMLI DAİRE,none,0,0,0,0,0,none,0,,1321723188
,AHİMESUT BULVARINDA SİTE İÇERİSİNDE 3+1 YAPILI DAİRE,none,0,0,0,0,0,none,0,,1333777936
,Pınarbaşı Mahallesi'nde 3 + 1 daire,none,0,0,0,0,0,none,0,,1325144363
Ara Kat,ÖLMEZ EMLAK TAN ARA KATTA ÖN CEPHE EMİN EVİME UYGUN KOK TAPU,none,0,0,0,0,0,none,0,,1327794572
Çatı Dubleksi,TARLACIMDAN PINARBAŞI MAH ÇİFT ASANSÖRLÜ FUUL YAPILI 4+2 TERAS,roof,1,1,0,0,0,detail,0,,1315949865
Ara Kat,LK GROUP SİNCAN PINARBAŞINDA SATILIK 3+1 DAİRE,none,0,0,0,0,0,none,0,,1321984496
Ara Kat,Sitede katta full yapılı ön cephe,none,0,0,0,0,0,none,0,,1334176593
Ara Kat,SİNCAN OSMANLI MAH. 3+1 SİTE İÇERİSİNDE GENİŞ SATILIK DAİRE,none,0,0,0,0,0,none,0,,1327731459
Ara Kat,█YTM█PINARBAŞI MH ÇOK GENİŞ M² ARA KATTA ÖN CEPHE MANZARALI 3+1█,none,0,0,0,0,0,none,0,,1334403567
,*MESADAN PINARBAŞINDA 3+1 BAHÇE KATI KREDİYE UYGUN GENİŞ DAİRE*,none,0,0,0,0,0,none,0,,1329120062
En Üst Kat,SYM'DEN PINARBAŞI MAH'DE 5+1 FUL+FUL YAPILI SATILIK TERAS DAİRE,none,0,0,0,0,0,none,0,,1334833562
Ara Kat,PLEVNE MAH.DE ULTRA LÜX ÖN CEPHE 3+1 ULAŞIMA YAKIN ACİL SATILIK,none,0,0,0,0,0,none,0,,1334569944
Ara Kat,█TMC EMLAKTAN█PINARBAŞI MAH 3+1 ARA KATTA ÖN CEPHE FIRSAT DAİRE,none,0,0,0,0,0,none,0,,1309855119
En Üst Kat,PLEVNE MAHALLESİ 3+1 KATTA ÖN CEPHE MASRAFSIZ FIRSAT DAİRESİ !!,none,0,0,0,0,0,none,0,,1322721562
Ara Kat,FIRSAT BOSNA CADDESİ ÜZERİ SALON BAĞIMSIZ ASANSÖRLÜ 3+1 DAİRE,none,0,0,0,0,0,none,0,,1321018560
En Üst Kat,BEY'DEN PINARBAŞINDA SALON BAĞIMSIZ ÖN CEPHE ÇİFT BALKONLU DAİRE,none,0,0,0,0,0,none,0,,1334833057
En Üst Kat,ilk sahibinden plevnede temiz satılık daire,none,0,0,0,0,0,none,0,,1334840658
,PINARBAŞIN'DA GENİŞ 3+1 MASRAFIZ 11 15 YILLIK YÜKSEK GİRİŞ DAİRE,none,0,0,0,0,0,none,0,,1310788733
Ara Kat,Sıfır Ev Tadında 3+1 SIFIR MASRAF,none,0,0,0,0,0,none,0,,1306934658
Ara Kat,GAMZE EMLAK'TAN PINARBAŞI'NDA ARA KAT 3+1^PARK CEPHELİ KUP10!,none,0,0,0,0,0,none,0,,1323601033
Ara Kat,ES-AS'TAN PLEVNE'DE CADDE ÜSTÜ YAPILI 2+1 DAİRE,none,0,0,0,0,0,none,0,,1335239485
,_PLEVNE MAH'DE BAHÇE KATI FİYATNA!!! 3+1 BOŞ YÜKSEK GİRİŞ DAİRE_,none,0,0,0,0,0,none,0,,1326700679
,PALACE'DAN AHİMESUD BULVARI ÜZERİ 3+1 YAPILI 120 M2 BAĞIMSIZ,none,0,0,0,0,0,none,0,,1327534962
Ara Kat,SYM'DEN PINARBAŞIN'DA ARA KATTA YAPILI 3+1 DAİRE FIRSATI,none,0,0,0,0,0,none,0,,1333750684
Ara Kat,PLEVNE'DE ARA KATTA 2+1 FULL YAPILI FIRSAT SATILIK DAİRE!!!,none,0,0,0,0,0,none,0,,1323767477
Ara Kat,ADARYA'DAN SİTE İÇİ ARAKAT FULL YAPILI SATILIK 3+1 DAİRE FIRSATI,none,0,0,0,0,0,none,0,,1312999568
Ara Kat,SR EMLAK'TAN PLEVNE MAH'DE 3+1 ARA KATTA ÖN CEPHE SATILIK DAİRE,none,0,0,0,0,0,none,0,,1326861324
,NAZAR EMLAK DAN PINARBAŞI MH. MERKEZİ KONUMDA SATILIK DAİRE,none,0,0,0,0,0,none,0,,1311624663
Ara Kat,SR EMLAK'TAN PLEVNE MAH'DE 3+1 ARA KATTA ÖN CEPHE SATILIK DAİRE,none,0,0,0,0,0,none,0,,1327085555
Ara Kat,ARSEV'DEN PLEVNE MH.3+1 BAĞMSZ LÜXX DİZAYN YAPILI ARA KAT DAİRE,none,0,0,0,0,0,none,0,,1335420892
,ARSEV'DEN TANDOĞAN MH. 3+1 FULL YAPILI YÜKSEK G. ALTTA TAM DAİRE,none,0,0,0,0,0,none,0,,1333402953
Ara Kat,SARAYCIK LAGOM 1+1 55M2 LÜKS SATILIK DAİRE,none,0,0,0,0,0,none,0,,1326508653
Ara Kat,█ ULTRA LÜKS SIFIR DAİRELER █ 4+1 GENİŞ m² ÇİFT BANYOLU FIRSAT █,none,0,0,0,0,0,none,0,,1335578706
Ara Kat,YUVANDAN YENİCİMŞİTTE ARAKATTA 4+1 YAPILI ÖNÜ AÇIK KUPON,none,0,0,0,0,0,none,0,,1325496999
Ara Kat,*****KAÇMAZ DAN SATILIK TAPULU İSKANLI DAİRE *******,none,0,0,0,0,0,none,0,,1324607291
,ES AS'TN MAREŞAL ÇKMK MH MASRAFSIZ ULAŞIMA YAKIN FIRST 5+1 TERAS,none,0,0,0,0,0,none,0,,1330564337
,SR EMLAK'TAN M.ÇAKMAK MH'DE 3+1 BAĞIMSIZ ASANSÖRLÜ SATILIK DAİRE,none,0,0,0,0,0,none,0,,1333742539
Ara Kat,ES AS EMLAK'TAN MAREŞAL ÇAKMAK MH KATTA ÖN CEPHE FIRST 3+1 DAİRE,none,0,0,0,0,0,none,0,,1325584009
En Üst Kat,BAYHAN GAYRİMENKUL'DEN MERKEZİ LOKASYON'DA 3+1 FULL YAPILI,none,0,0,0,0,0,none,0,,1331135475
,FSN DEN ÇİFT BANYO GİYİNME ODALI SIFIR 3+1 FULL YAPILI Y.GİRİŞ,none,0,0,0,0,0,none,0,,1326206300
Ara Kat,█ 9 YILLIK █ PARK CP. ARAKATTA LÜKS YAPI UYGUN FİYAT 3+1 DAİRE █,none,0,0,0,0,0,none,0,,1315122214
Ara Kat,M.ÇAKMAK MAH.'DE ARA KATTA KREDİ LİMİTSİZ GENİŞ YAPILI KUPON 3+1,none,0,0,0,0,0,none,0,,1331385795
,MARAŞALDA MERKEZİ KONUM BAĞIMSIZ 3+1 GENİŞ m2 KAÇMAZ FIRSAT !!,none,0,0,0,0,0,none,0,,1325646873
,Hamza türlüdür,none,0,0,0,0,0,none,0,,1331628167
,MALAZGİRT MAHALLESİ 1+1 YÜKSEK GİRİŞ BU FİYATA KAÇMAZ FIRSAT,none,0,0,0,0,0,none,0,,1314180320
Ara Kat|En Üst Kat,SİNCAN MALAZGİRT SİTE'DE BAĞIMSIZ GENİŞ YAPILI 3+1 SATILIK DAİRE,none,0,0,0,0,0,none,0,,1309610721
Ara Kat,MALAZGİRT'TE SIFIR AYARINDA KÖK TAPULU ARA KAT DAİRESİ SATIŞTA!!,none,0,0,0,0,0,none,0,,1330458977
,MMG'DEN 3+1KAT KONUMUN'DA YÜKSEK GİRİŞ FIRSAT DAİRE,none,0,0,0,0,0,none,0,,1332586153
En Üst Kat,ELVANKENT'TE SİTE İÇİ GENİŞ PEYZAJLI YALITIMLI 110M2 TEMİZ DAİRE,none,0,0,0,0,0,none,0,,1296748062
,Sahibinden temiz 2+1 tamamına kredi imkanı kök tapu,none,0,0,0,0,0,none,0,,1328596033
Çatı Dubleksi,SİNCAN MALAZGİRT MAH TERAS DUBLEKS 5+1 BOŞ,roof,1,1,0,0,0,detail_and_title,0,,1299178572
En Üst Kat,SAHİBİNDEN SATILIK FULL YAPILI 3+1 DAİRE,none,0,0,0,0,0,none,0,,1254133856
Ara Kat,SİNCAN İSTASYON MAHALLESİNDE MERKEZİ KONUMDA 3+1 SATLIK DAİRE,none,0,0,0,0,0,none,0,,1333455821
En Üst Kat,ÇELİK'TEN İSTASYON MH'DE CAM BALKONLU MANZARALI SATILIK DAİRE,none,0,0,0,0,0,none,0,,1316020037
,TORUN^DAN AHIMESUT BUL.ULTRALÜX YAPILI GENİŞ BAĞIMSIZ 3+1 DAİRE,none,0,0,0,0,0,none,0,,1331422057
,█TMC EMLAK'TAN█ ERTUĞRULGAZİ MAH. 3+1 GENİŞ FERAH DAİRE,none,0,0,0,0,0,none,0,,1320066794
Çatı Dubleksi,SR EMLAK'TAN İSTASYON MH'DE 5+1 FULL YAPILI DUBLEX SATILIK TERAS,roof,1,1,0,0,0,detail_and_title,0,title_generic_confirms_detail_subtype,1284054105
,İSTASYON MAH PARK KARŞISI ARA KAT 3+1 GENİŞ KÖK TAPU SATILIK,none,0,0,0,0,0,none,0,,1334242741
,İSTASYON MH. KREDİ LİMİTSİZ MERKEZİ KONUM'DA ÇARŞI DİBİ Y.GİRİŞ,none,0,0,0,0,0,none,0,,1331547214
Ara Kat,İSTASYON MAH.DE 2.ARA KAT KREDİ LİMİTSİZ BAĞIMSIZ SATILIK DAİRE!,none,0,0,0,0,0,none,0,,1318692096
,M.ÇAKMAK MAH.3+1 ÖN CEPHE CADDE ÜZERİ YAPILI DAİRE,none,0,0,0,0,0,none,0,,1333924570
Ara Kat,ACİLEN SİTE İÇİNDE 3+1 ORTAKAT LÜKS YAPILI GÜNEY MASRAFSIZ,none,0,0,0,0,0,none,0,,1333822818
,MERKEZE YAKIN__3+1__YOL CEPHELİ__GÖMÜSÜ YOK__İLK GELEN ALIR,none,0,0,0,0,0,none,0,,1334943401
Ara Kat,GAMZE EMLAK'TAN BULVAR CEPHE^FULL YAPILI^ARA KAT KÖŞE BİNA!,none,0,0,0,0,0,none,0,,1329062116
Ara Kat,█ ASANSÖRLÜ █ MALAZGİRT MH ARA KATTA FULL YAPILI 3+1 DAİREE!!!█,none,0,0,0,0,0,none,0,,1331200666
,TORUN^DAN YAPILI GENİŞ YENİ BİNADA 3+1 DAİRE,none,0,0,0,0,0,none,0,,1331576855
Ara Kat,KGE'DEN E.GAZİ'DE PARK CEPHELİ ARAKATTA MASRAFSIZ 3+1 DAİRE,none,0,0,0,0,0,none,0,,1334289858
Ara Kat,YILMAZ GAYRİMENKULDEN 8 YILLIK 2 ARA KAT 3+1 FUL YAPILI MASRAFSI,none,0,0,0,0,0,none,0,,1334132802
,EMK GAYRİMENKULDEN MALAZGİRTTE Y.GİRİŞ TEK TAPU ÇİFT DAİRE !!!!!,none,0,0,0,0,0,none,0,,1316736089
Ara Kat,SİNCAN ERTUĞRULGAZİ MAH 2.ARAKATTA SALON BAĞIMSIZ ÖN CEPHE DAİRE,none,0,0,0,0,0,none,0,,1330450025
En Üst Kat,MALAZGİRT MAH. ULAŞIMA YAKIN MASRAFSIZ ÖN CEPHE 3+1 DAİRE !!!!,none,0,0,0,0,0,none,0,,1321716162
Ara Kat,FUZUL EV-EMİN EVİM-SİNPAŞA UYGUN BAĞIMSIZ FULL YAPILI ARAKAT 3+1,none,0,0,0,0,0,none,0,,1332768599
Ara Kat,TURYAP 'tan EVKUR 92 Sitesinde Katta Ön Cephe Satılık 3+1 Daire,none,0,0,0,0,0,none,0,,1328666628
En Üst Kat,·LOTUS· MALAZGİRT MH. SIFIR 2+1 ASANSÖRLÜ GENİŞ BALKON !FIRSAT!,none,0,0,0,0,0,none,0,,1334650517
Ara Kat,SİNCAN ANAKARA CADDESİ ÜZERİ ÖN CEPHE YAPILI 3+1 DAİRE,none,0,0,0,0,0,none,0,,1328845024
Ara Kat,LOCA'DAN MALAZGİRT MH. 130M2 ÇİFT CAM BALKON PARK CEPHE LÜX 3+1!,none,0,0,0,0,0,none,0,,1332593108
,꧁꧂MALAZGİRT'TE #TEK TAPU ÇİFT DAİRE #TÜM CEPHE AÇIK 5+1 SATILIK,none,0,0,0,0,0,none,0,,1331712288
,MAREŞAL ÇAKMAK MAH.DE 3+1 FULL YAPILI BAĞIMSIZ KREDİ LİMİTSİZ,none,0,0,0,0,0,none,0,,1334581488
,█ÇINARDAN PARK CEPHELİ GENİŞ METREKARELİ 3+1 DAİRE SATIŞTA█,none,0,0,0,0,0,none,0,,1332444431
Ara Kat,MALAZGİRT'TE FIRSAT ! SIFIR ASANSÖRLÜ ARA KAT ULTRA LÜKS 3+1,none,0,0,0,0,0,none,0,,1329421372
Ara Kat,"MAREŞAL ÇAKMAK MAH,ARA KATTA YAPILI FIRSAT DAİRE BAKMADAN GEÇME,",none,0,0,0,0,0,none,0,,1332162965
,*MAREŞALDA KUPON CADDE ÜZERİ 3+1 YÜKSEK GİRİŞ MUHTEŞEM LOKASYON*,none,0,0,0,0,0,none,0,,1313482512
,MARAŞAL ÇAK MH'DE GENİŞ KULLANIŞLI MASRAFSIZ UYGUN RAKAM,none,0,0,0,0,0,none,0,,1332291791
En Üst Kat,█TMC EMLAK█TAN MALAZGİRT MAH.CAD.ÜZERİNDE ASANSÖRLÜ TERAS DAİRE█,none,0,0,0,0,0,none,0,,1307175780
Ara Kat,EMİNEVİM - FÜZULEVİM' E UYGUN KÖK TAPU İSKANLI!!! HEMEN TAŞIN!!!,none,0,0,0,0,0,none,0,,1335148113
Ara Kat,"CB NEW YAŞAM'DAN SATILIK 3+1 DAİRE,",none,0,0,0,0,0,none,0,,1312379274
Ara Kat,FIRSAT!!!!___ 29 EKİM MAHALLESİN'DE KATTA 4+1 DAİRE,none,0,0,0,0,0,none,0,,1322833044
,AKŞEMSETTİN MAH YAPILI 3+1 YÜKSEK GİRİŞ DAİRE..,none,0,0,0,0,0,none,0,,1332113437
,ACİL SATILIK MİRAN YAPI DAN 4+1 LUKS DAİRE,none,0,0,0,0,0,none,0,,1314068400
Ara Kat Dubleks,SİNCAN YENİKENTE-ACİL-İSKANLI PARK CEPELİ FUL YAPILI ÇİFT BALKON,middle_floor,1,0,0,1,0,detail,0,,1333845435
,TAYFUN_YAVUZDAN_ULTRA_LÜX_YAPILI_G.ODALI_DEV_BALKONLU_3+1_DAİRE,none,0,0,0,0,0,none,0,,1331637936
Ara Kat,KAZIMOĞLU'NDAN 29 EKİM MAHALLESİNDE LUX YAPILI KATTA 2+1,none,0,0,0,0,0,none,0,,1316475357
Ara Kat,BULVAR GAYRİMENKUL`den_İSKANLI FULL+FULL_130 m2_FIRSAT_ARA KAT,none,0,0,0,0,0,none,0,,1334947874
Ara Kat,DORA PARK BULV. ÜZERİ 4+1 ARAKATTA 205m2 E.BANYOLU KİLERLİ DAİRE,none,0,0,0,0,0,none,0,,1335048974
,DOĞANOĞLU'NDAN ANDİÇEN MAH.DE 4+1 SATILIK BAHÇE KATI DAİRE,none,0,0,0,0,0,none,0,,1326277436
Ara Kat,ELİTKENT EMLAK'TAN ARA KATTA İSKANLI KÖŞE BAŞI KREDİYE UYGUN 2+1,none,0,0,0,0,0,none,0,,1332384970
,SİNCAN AKŞEMSETTİN MAH ÖN CEPHE MASRAFSIZ SATILIK DAİRE,none,0,0,0,0,0,none,0,,1331439332
Ara Kat,M.Ç EMLAK TAN ANDİÇEN DE 3+1 FULL YAPILI SATILIK DAİRE,none,0,0,0,0,0,none,0,,1335457020
Ara Kat,Merkezi Konumda Satılık 3+1 Geniş Ferah Daire,none,0,0,0,0,0,none,0,,1326571756
Ara Kat,EMLAK GOLD'DAN 29 EKİM MAH. ULTRA LÜX 2+1 DAİRE İMKANI,none,0,0,0,0,0,none,0,,1331710793
Ara Kat,GÜNEŞ EMLAK*MERKEZİ KONUMDA* ULTRA LÜKS 3+1 KATTA SATILIK DAİRE,none,0,0,0,0,0,none,0,,1331322320
Ara Kat,--HALK EMLAK'tan-AKŞEMSETTİN MAH.de-3+1-SALON BAĞIMSIZ-ARA KAT--,none,0,0,0,0,0,none,0,,1287483835
En Üst Kat,ANDİÇEN MAH.3+1 ASANSÖRLÜ GİYSİ ODALI TÜRK HAMAMLI LÜKS DAİRE,none,0,0,0,0,0,none,0,,1331236961
,Lokman hekim hastanesine yanında ferah önü açık yola bakan cephe,none,0,0,0,0,0,none,0,,1322241783
En Üst Kat,ES-AS EMLAK'TAN ANDİÇEN MH ASANSÖRLÜ FIRSAT 6+1 TERAS DAİRE,none,0,0,0,0,0,none,0,,1335555733
Ara Kat,KGE ANDİÇEN MAHALESİNDE SİTE İÇİNDE ARA KATTA BAĞIMSIZ 3+1 DAİRE,none,0,0,0,0,0,none,0,,1335567649
Bahçe Dubleksi,Mç Emlak'tan Akşemsettin Mahallesin'de 3+1 Satılık Daire,garden,1,0,1,0,0,detail,0,,1335615284
Ara Kat,SİNERJİ'DEN ŞIK TASARIMLI ARA KAT SIFIR 2+1 FIRSAT DAİRE,none,0,0,0,0,0,none,0,,1318369544
,SAHİBİNDEN SATILIK ÖNÜ AÇIK 3+1,none,0,0,0,0,0,none,0,,1329532138
Ara Kat,İSTASYON'DAN 29 EKİM MAH.DE 2+1 KATTA LÜX MERKEZİ KONUM SATILIK,none,0,0,0,0,0,none,0,,1331623095
,SİNCAN YENİKENTTE ACİL ÖN CEPHE 2+1 FUL YAPILI YÜKSEK GİRİŞ,none,0,0,0,0,0,none,0,,1326299130
,SR EMLAK'TAN AKŞEMSETTİN MAH'DE BAĞIMSIZ ARA KATTA SATILIK DAİRE,none,0,0,0,0,0,none,0,,1326539552
,SİNCAN ATATÜRK MAH KREDİLİMİTSİZ KATTA MERKEZDE 3+1 FIRSAT DAİRE,none,0,0,0,0,0,none,0,,1332617006
Ara Kat,DY'DEN ATATÜRK MH 3+1 ARA KATTA BAĞIMSIZ FULL YAPILI DAİRE,none,0,0,0,0,0,none,0,,1335470138
Ara Kat,SİNCAN ANDİÇEN MAH SIFIR ASANSÖRLÜ ÖN CEPHE 3.ARAKAT SATILIK 3+1,none,0,0,0,0,0,none,0,,1332614490
,SR EMLAK'TAN AKŞEMSETTİN MAH'DE ÖN CEPHE BAĞIMSIZ SATILIK DAİRE,none,0,0,0,0,0,none,0,,1332984153
Ara Kat,Life Tower da Önü Açık Manzaralı 2+1 Ebeveyn Banyolu,none,0,0,0,0,0,none,0,,1260491447
En Üst Kat,**FATİH MAH. KAYMAKAM SOKAKTA YAPILI 3+1 DAİRE**,none,0,0,0,0,0,none,0,,1330429233
En Üst Kat,SAHİBİNDEN 3+1 SATILIK DAİRE,none,0,0,0,0,0,none,0,,1295055356
,"ACİL SATILIK , 31 AĞUSTOS'A KADAR GEÇERLİ 1+1 OFİS VEYA KONUT",none,0,0,0,0,0,none,0,,1331697369
Ara Kat,TÖREKENT SERRA BULVAR SİTESİ OTURUMA HAZIR SATILIK 4+1 DAİRE,none,0,0,0,0,0,none,0,,1326125638
Ara Kat,SİNCAN MEVLANA MAH. 3+1 KİLERLİ ASANSÖRLÜ SATILIK DAİRE,none,0,0,0,0,0,none,0,,1281223527
Ara Kat,SİNCAN YUNUS EMRE DE METRO GİMSA YAKINI MASRAFSIZ SATILIK 3+1,none,0,0,0,0,0,none,0,,1331885242
Ara Kat,PARO İNCİ KONUTLARINDA SATILIK 3+1 LÜKS DAİRE,none,0,0,0,0,0,none,0,,1320573997
Ara Kat,SATILIK 3+1 YAPILI DAIRE MEVLANA MAHALLESI,none,0,0,0,0,0,none,0,,1332282244
Ara Kat,İPEK DEN BAĞIMSIZ MUTFAKLI SATILIK HASTANE CEPHE LÜKS DAİRE,none,0,0,0,0,0,none,0,,1287873655
Ara Kat,"Polsan Prestij'de Peyzaj Cepheli, 4. Kat 3+1 Satılık Daire",none,0,0,0,0,0,none,0,,1333137466
Ara Kat,Fatih Yunus Emre Ara Kat Satılık 3+1 Daire,none,0,0,0,0,0,none,0,,1334011796
Ara Kat,FIRSAT!!! ONYX ANKARA PROJESI SATILIK 2+1 SIFIR SÜPER LÜX DAİRE,none,0,0,0,0,0,none,0,,1328009459
Çatı Dubleksi,TÖREKENT MAHALLESİN'DE METROYA YAKIN SATILIK 4+1 DUBLEKS DAİRE..,roof,1,1,0,0,0,detail_and_title,0,title_generic_confirms_detail_subtype,1316447012
Ara Kat,SİNCAN YUNUS EMRE MH.'DE 3+1 PARK CEPHELİ BAĞIMSIZ SATILIK DAİRE,none,0,0,0,0,0,none,0,,1315962021
Ara Kat,Yunus Emre Mahallesi Merkezi Konum Satılık Daire,none,0,0,0,0,0,none,0,,1331320102
,Törekent Serra Bulvar Satılık Geniş 4+1 Daire,none,0,0,0,0,0,none,0,,1334034302
Ara Kat,Ulubatkı hasan mah aküzüm sitesinde ara katta satılık daire...,none,0,0,0,0,0,none,0,,1326645279
En Üst Kat,Gazi Osmanpaşa Mahallesinde Sera Park Yakını SATILIK 3+1 Daire.,none,0,0,0,0,0,none,0,,1328444446
Ara Kat,YILMAZ EMLAK GÜVENCESİYLE SATILIK 3+1 YAPILI DAİRE,none,0,0,0,0,0,none,0,,1322640489
En Üst Kat,ACİL GÖKÇEK MAH . 3+1 SATILIK DAİRE,none,0,0,0,0,0,none,0,,1322579348
,"MOOD METRO, İLK EVİM KREDİSİNE UYGUN SATILIK 1+1 BOŞ BAHÇE KAT",none,0,0,0,0,0,none,0,,1283630719
,3+1 Satılık daire,none,0,0,0,0,0,none,0,,1334995828
,Newera Venüs Site Satılık Lüks Geniş 4+1 Daire,none,0,0,0,0,0,none,0,,1335071245
En Üst Kat,Gop mah merkezinde 100m2 geniş 2+1 satılık daire...,none,0,0,0,0,0,none,0,,1322143195
,"ANKARA SİNCAN ONYX 1+1,BÜYÜK TİP DAİRE -ANAYOL CEPHELİ-",none,0,0,0,0,0,none,0,,1329459299
Ara Kat|Dubleks,KAZAN'DAN TÖREKENT METRO YANI DUBLEKS GENİŞ FULL YAPILI DAİRE,middle_floor,1,0,0,1,0,detail_and_title,0,title_generic_confirms_detail_subtype,1323610988
En Üst Kat,Yunusemre Mahallesi Cadde Üzeri 3+1 Satılık Daire,none,0,0,0,0,0,none,0,,1332723075
,BAŞKENT GAYRİMENKUL'DEN METRO VE HASTANE YAKININDA 3+1 DAİRE,none,0,0,0,0,0,none,0,,1334327753
,YUVAM'DAN HASTANEYE CEPHE METROYA YÜRÜME MESAFESİNDE 3+1 DAİRE,none,0,0,0,0,0,none,0,,1334328062
Ara Kat,A L C DEN CADDE ÜSTÜ ARA KATTA SALON BAĞIMSIZ 3+1 SATILIK DAİRE,none,0,0,0,0,0,none,0,,1335754230
Ara Kat,MARKA INVEST/ ONYX ANKARA 1+1 DAİRE ( KAT CEPHE SEÇENEKLİ),none,0,0,0,0,0,none,0,,1334784626
En Üst Kat,"SİTE İÇERİSİNDE KREDİ LİMİTSİZ HASTANE METRO YAKINI 3+1""evimm""",none,0,0,0,0,0,none,0,,1310742384
En Üst Kat,NAZAR EMLAK DAN 3+1 METRO KARŞISI KAPALI GARAJLI ŞEHİR MANZARALI,none,0,0,0,0,0,none,0,,1335848476
En Üst Kat,A L C DEN FULL YAPILI MASRAFSIZ METRO YAKINI 3+1 FIRSAT DAİRE,none,0,0,0,0,0,none,0,,1306936784
Ara Kat,MUTLU CADDE YAKINI 3+1 ARA KATTA İSKANLI ASANSÖRLÜ SATILIK DAİRE,none,0,0,0,0,0,none,0,,1323235278
Ara Kat,█TR FİNANS█KUTLU MAH. KAT KONUMLU 3+1 SINIRSIZ KREDİ MANZARA CP.,none,0,0,0,0,0,none,0,,1328685028
Ara Kat,"Peyami Sefa'da 1. Kat İskanlı, Güney Cephe 3+1 Daire",none,0,0,0,0,0,none,0,,1334523660
Dubleks|En Üst Kat|Çatı Dubleksi,KAZIM ORBAY SATILIK 4+1 DUBLEKS DAİRE | SÜPER KONUM,roof,1,1,0,0,0,detail_and_title,0,title_generic_confirms_detail_subtype,1309471472
,TÜRKÖZÜ HAVUZ YAKINI KAT KONUMUNDA YÜKSEK GİRİŞ GENİŞ 3+1 DAİRE,none,0,0,0,0,0,none,0,,1332068790
,SAHİBİNDEN SATILIK 4+1 FULL YAPILLI DAİRE,none,0,0,0,0,0,none,0,,1305569606
,Ön Cephe 3+1 Bağımsız salon...,none,0,0,0,0,0,none,0,,1325798157
,"Bakımlı, Geniş ve Merkezi Konumda kat konumlu 3+1",none,0,0,0,0,0,none,0,,1317563191
En Üst Kat,PEYAMİ SEFA'DA 3+1 3.KAT MERKEZİ KONUMDA 115m2 SATILIK DAİRE,none,0,0,0,0,0,none,0,,1317638303
Ara Kat,SERKAN EMLAK'TAN 3+1 YAPILI OTURUMA HAZIR SATILIK FIRSAT DAİRESİ,none,0,0,0,0,0,none,0,,1331921213
En Üst Kat,▄YUSUF EMLAK▄ NATOYOLU CD. ÜSTÜ ÖN CEPHE FIRSAT!! FUL YAPILI 3+1,none,0,0,0,0,0,none,0,,1326157919
,MUTLU MH. 2+1 BAHÇE KATI FULL YAPILI SATILIK DAİRE,none,0,0,0,0,0,none,0,,1334799126
Ara Kat,PEYAMİSEFA MAH. 3+1 KATTA SÜPER DAİRE M.ALİ ALTUN CADDESİ YAKINI,none,0,0,0,0,0,none,0,,1335104661
,"EMLAK ŞEHRİDEN NATOYOLU CADDESİ YAKINI, İSKANLI & ÇİFT BANYOLU",none,0,0,0,0,0,none,0,,1332069802
Ara Kat,ARA KAT ÖN CEPHE 3+1 MERKEZ İÇİ FIRSAT ÇOK GENİŞ NOKTA MASRAFSIZ,none,0,0,0,0,0,none,0,,1335249358
Ara Kat,DİNÇ'TEN SATILIK MUAZZAM İŞÇİLİK İLE ULTRA LÜX YAPILI 3+1 DAİRE,none,0,0,0,0,0,none,0,,1329071649
,AKOL'DEN MENDERES MAHA ULTRA LÜKS YAPILI SİTE İÇERİSİNDE 4+1 Y.G,none,0,0,0,0,0,none,0,,1335727789
Ara Kat,MENDERESTE ARA KAT CADDE ÜZERİ FUL YAPILI ULTRA LÜKS 3+1 DAİRE,none,0,0,0,0,0,none,0,,1317298756
Ara Kat,KARAMAN EMLAKTAN MENDERESİN GÖBEĞİNDE KAT CEPHE SEÇENEKLİ 3+1,none,0,0,0,0,0,none,0,,1333875442
Ara Kat,GÜNEŞ EMLAK*BULVAR YAKINI KATTA MASRAFSIZ 3+1 SATILIK DAİRE,none,0,0,0,0,0,none,0,,1335588765
,OKULLAR_BÖLGESİNDE_MASRAFSIZ_ULTRA_LÜX_YAPILI_Y.KREDİLİ_3+1_DAİR,none,0,0,0,0,0,none,0,,1334806265
,BALCİTY- Sincan Menderes Mah.| 3+1 135m2 | Lüks Daire,none,0,0,0,0,0,none,0,,1335345149
,^KONUMDAN^PARK CEPE OKUL-HASTANE DİBİNDE KATTA FIRSAT 3+1 DAİRE^,none,0,0,0,0,0,none,0,,1330390676
Ara Kat,SİNERJİ'DEN KATTA KULLANIŞLI USTA İŞÇİLİK 2+1 FIRSAT DAİRE,none,0,0,0,0,0,none,0,,1306024745
,DİNÇ'TEN SATILIK YÜKSEK GİRİŞ E.BANYO'LU 3+1 DAİRE,none,0,0,0,0,0,none,0,,1330441747
,SİNERJİDEN YÜKSEK GİRİŞ KULLANIŞLI HAFTAYA ÖZEL FIRSAT 2+1 DAİRE,none,0,0,0,0,0,none,0,,1325002177
Ara Kat,MERT'DEN BULVAR CEPHE'Lİ ARA KATTA CAM BALKON'LU 3+1 DAİRE,none,0,0,0,0,0,none,0,,1323967590
,ÖZDEMİR'DEN MASRAFSIZ ANAHTAR TESLİM GİYİNME O.- EBEVEYN B. 3+1,none,0,0,0,0,0,none,0,,1301238147
,Trene Yakın 2. Ara Kat 3+1 Yüksek Krediye Uygun Asansörlü Fırsat,none,0,0,0,0,0,none,0,,1330821459
,GÜVENDEN_ARA KATTA_ YÜKSEK KREDİLİ FULL DAİRE,none,0,0,0,0,0,none,0,,1331225266
Ara Kat,3+1 140 MT 2 TANE TERAS CAM BALKON G.ODASI ÇİFT BANYO ARA KAT,none,0,0,0,0,0,none,0,,1326703194
,ACİL SATILIK ARA KAT ÖN CEPHE ULTRA GENİŞ 3+1 FIRSAT!!!!,none,0,0,0,0,0,none,0,,1331635934
Ara Kat,*AKGÜNEŞDEN KREDİ LİMİTSİZ HASTANE DİBİNDE ULTRA LÜKS 3+1 DAİRE,none,0,0,0,0,0,none,0,,1324271146
,ACİL SATILIK KURUŞ MASRAFSIZ EBEVEYN GİYİNME 3+1 FIRSAT DAİRESİ!,none,0,0,0,0,0,none,0,,1331835122
En Üst Kat,*AKGÜNEŞDEN FULL YAPILI MASRAFSIZ ACİL SATILIK BU HAFTAYA ÖZEL!!,none,0,0,0,0,0,none,0,,1334513275
,TEMEL'DEN- LÜX YAPILI -YÜKSEK GİRİŞ - SIFIR,none,0,0,0,0,0,none,0,,1332140284
,AKOL'DEN FEVZİ ÇAKMAK'TA PAZARA YÜRÜME MESAFELİ 3+1 DAİRE,none,0,0,0,0,0,none,0,,1334847575
Ara Kat,TEKİN EMLAK'TAN MERKEZDE ULTRA LUX 3+1 DAİRE,none,0,0,0,0,0,none,0,,1330984392
Ara Kat,GENİŞ BALKONLU ÖN CEPHE KATTA SIFIR SATILIK KAPALI MUTFAK DAİRE,none,0,0,0,0,0,none,0,,1332429895
Ara Kat,^KONUMDAN^EBEVEYN BANYOLU GİYİNME ODALI 4+1 FISAT DAİRE^,none,0,0,0,0,0,none,0,,1333943293
,SİNERJİ'DEN KAT KONUMUNDA VE GENİŞLİĞİNDE E.BANYOLU FIRSAT 3+1,none,0,0,0,0,0,none,0,,1332907410
Ara Kat,FX'DEN_1+1_BULVAR LOFT'DA_YÜKSEK KİRA GETİRİLİ_SATILIK DAİRE,none,0,0,0,0,0,none,0,,1333658964
Ara Kat,ACARLAR'DAN 1. ARA KATTA 3+1 ULAŞIMA YAKIN SIFIR,none,0,0,0,0,0,none,0,,1327310277
,LANSMANA ÖZEL 1+1 SATILIK DAİRE,none,0,0,0,0,0,none,0,,1297486970
Ara Kat,AşAnDaN-YENİKENTE LÜX YAPILI teras balkon ARAKATA 3+1 LÜX DAİREE,none,0,0,0,0,0,none,0,,1322064533
,3+1 hastane yanı full yapılı bu fiyata kacmaz daire 0,none,0,0,0,0,0,none,0,,1333848684
Ara Kat,"LOCA'DAN F.ÇAKMAK'TA ARA KAT TERAS BALKON, E.BANYOLU SIFIR 3+1",none,0,0,0,0,0,none,0,,1332396508
Ters Dubleks,4+1 0 CİFT BALKON CİFT BANYO PARK CEPHELİ FULLL 130 m2,standard,1,0,0,0,1,detail,0,,1327237099
Ara Kat|En Üst Kat,UMUT'TAN FEVZİ ÇAKMAK'TA YENİ HASTANE VE OKUL'A CEPHE 3+1 DAİRE!,none,0,0,0,0,0,none,0,,1327150485
Ara Kat,SİNCAN YENİKENT ORTAKENT TOKİ 1+1 MOBİLYALI 3. KAT ÖNÜ AÇIK,none,0,0,0,0,0,none,0,,1314164540
Ara Kat,ROTA DAN SEMTİN EN GÖZDE 3+1 DAİRESİ SATIŞTA KAÇMAZ BU FIRSAT,none,0,0,0,0,0,none,0,,1328282951
Ara Kat,FX GAYRİMENKUL'DEN SİTE ŞEKLİNDE YAPILMIŞ 3.ARA KAT 130m2 3+1!!!,none,0,0,0,0,0,none,0,,1319931710
,2 MT YÜKSEKLİK / 3+1 / SIFIR / 1.500.000 TL KREDİ / FIRSAT DAİRE,none,0,0,0,0,0,none,0,,1333957529
Ara Kat,UMUTTAN_KAÇIRILMAYACAK_YÜKSEK_GİRİŞ_FİYATINA_ARA_KATTA_3+1_DAİRE,none,0,0,0,0,0,none,0,,1333608857
,TEKİN EMLAKTA OKULLAR BÖLGESİNDE PARK CEPHELİ LÜX 2+1 DAİRE,none,0,0,0,0,0,none,0,,1334935075
,KAZIMOĞLU'NDAN FEVZİ ÇAKMAKTA KATTA OKULA ULLAŞIMA YAKIN 3+1,none,0,0,0,0,0,none,0,,1322760891
En Üst Kat,SİTE_İÇERİSİNDE_YÜKSEK_KİRA_GETİRİLİ_BULVAR_ÜZERİ_1+1_KONUT!!!,none,0,0,0,0,0,none,0,,1335506068
,TEKİN EMLAKTAN FEVZİ ÇAKMAĞIN MERKEZŞN 3+1 YÜKSEK GRİŞ DAİRE,none,0,0,0,0,0,none,0,,1334937127
Ara Kat,BAŞKENT GAYRİMENKUL'DEN AYAŞ YOLUNA CEPHELİ 2+1 LÜKS DAİRE,none,0,0,0,0,0,none,0,,1334322722
,Satılık 2+1 depolu daire Fevzi Çakmak mah.,none,0,0,0,0,0,none,0,,1334872490
,YUSUF'TAN FEVZİ Ç. MH'DE EMİN EVİM'E UYGUN MERKEZİ KONUMDA DAİRE,none,0,0,0,0,0,none,0,,1320862004
Ara Kat,GÜNEŞ EMLAK*MERKEZİ KONUM ARA KAT ULTRA LÜK 3+1 SATILIK DAİRE,none,0,0,0,0,0,none,0,,1334390661
Ara Kat,SAHİBİNDEN 1.KAT ÖN CEPHE 3+1 ALTİNDA DAİRE VAR,none,0,0,0,0,0,none,0,,1334940572
Ara Kat|Ara Kat Dubleks|Dubleks|En Üst Kat|Bahçe Dubleksi|Çatı Dubleksi|Forleks|Ters Dubleks|Tripleks,ATKDAN KAÇIRILMAYACAK FIRSAT! MÜKEMMEL KONUMDA ARA KAT DAİRE,roof,1,1,0,0,0,detail,0,,1335005507
Ara Kat,ACİLL! YENİKENT'TE SEFADAN 3+1 EBEVYN BNYOLU SATILIK DAİRE,none,0,0,0,0,0,none,0,,1314867683
Ara Kat,AYAŞ YOLUNA YAKIN FIRSAT 2 + 1 DAIRE AŞAN GAYRIMENKUL'DAN,none,0,0,0,0,0,none,0,,1334259753
Ara Kat,"BUCUK İ.Ö.O KARŞISI ARA KAT KOMBİ, PETEK, CAM BALKON FULL 3+1 !!",none,0,0,0,0,0,none,0,,1335450639
Ara Kat,KIZILTAN'DAN_GENİŞ_METREKARE_İLE_KAT'TA_FULL_YAPILI_2+1_KONUT!!!,none,0,0,0,0,0,none,0,,1335831923
Ara Kat,GÜNEŞ EMLAK*MODERN MİMARİ 3 BANYO KATTA ÖN CEPHE 4+1 SATILIK,none,0,0,0,0,0,none,0,,1334574563
,ERMANLARDAN_YENİKENTTE 3+1MUHTEŞEM KONUMDA_KREDİ LİMİTSİZ_DAİRE,none,0,0,0,0,0,none,0,,1331759030
Ara Kat,SINCAN YENIKENT 3 + 1 DAIRE AŞAN GRUP GAYRIMENKUL'DAN,none,0,0,0,0,0,none,0,,1334286405
Ara Kat,YENİKENT FEVZİ ÇAKMAK MAH.DE FUL YAPLI CADDE CEPHE ARA KAT DAİRE,none,0,0,0,0,0,none,0,,1328084433
Ara Kat,ATASEVENLER'DEN MERKEZDE ARA KATTA ÇOOK GENİŞ 3+1 YAPILI DAİRE,none,0,0,0,0,0,none,0,,1329621277
En Üst Kat,AKOL'DEN ASANSÖRLÜ SON KAT 3+1 ÇİFT BALKONLU FULL YAPILI DAİRE,none,0,0,0,0,0,none,0,,1335849117
Ara Kat,LOCA'DAN BUCUK İ.Ö.O YANI PARK CEPHE ARA KAT GENİŞ MASRAFSIZ 3+1,none,0,0,0,0,0,none,0,,1335835592
,DİNÇ'TEN SATILIK MASRAFSIZ YÜKSEK GİRİŞ 2+1 LÜX YAPILI DAİRE,none,0,0,0,0,0,none,0,,1317463455
Ara Kat,KUŞ SESLERİ İÇERİSİNDE EŞYALI 1+1,none,0,0,0,0,0,none,0,,1318589481
,AYDIN'DAN F.ÇAKMAK'TA %80 KREDİLİ ULTRA LÜKS 3+1 DAİRE,none,0,0,0,0,0,none,0,,1335965308
Ara Kat,SİNCAN YENİKENTTE ARA KAT ÖN CEPHE FUL YAPILI 3+1 MÜKEML İŞÇİLİK,none,0,0,0,0,0,none,0,,1332271325
,KÖŞE BAŞI!! 5+1 NEW ANKADAN ÇİFT BALKONLU,none,0,0,0,0,0,none,0,,1317808931
,IRMAK'TAN EVİM KURULUŞLARINA UYGUN 3+1 ARA KATTA SATILIK DAİRE,none,0,0,0,0,0,none,0,,1333398190
Ara Kat,AKTAŞLARDN_ULTRA LÜX_YERDEN ISITMALI_ARAKAT_3+1 DAİRE SEÇNEKLERİ,none,0,0,0,0,0,none,0,,1329783761
Ara Kat,SİNCAN YENİKENTTE BULVAR ÜZERİ AYAŞ YOLUNA CEPHE FULL YAPILI 3+1,none,0,0,0,0,0,none,0,,1333000182
,**ÖZKIR*EMLAKTAN*YÜKSEK*KİRA*GETİRİLİ*FIRSAT*YATIRIMLIK*DAİRE**,none,0,0,0,0,0,none,0,,1335642866
Ara Kat,TEZAL'dan 3+1 CADDE ÜZERİ E.BANYOLU ÖN CEPHE Y.GİRİŞ SIFIR DAİRE,none,0,0,0,0,0,none,0,,1333102022
,TEMELLİ MERKEZDE SATILIK DAİRE 3+1 Full YAPILI,none,0,0,0,0,0,none,0,,1307575061
,ALCI Mah. SATILIK DAİRE,none,0,0,0,0,0,none,0,,1331236850
Ara Kat,EVGO GAYRİMENKULDEN LÜKS SİTEDE FULL YAPILI İSKANLI,none,0,0,0,0,0,none,0,,1318824202
Ara Kat,"ALCI MH.SİTEDE,EBEVEYN BANYO,OTOPARK,NİZAMİYE,GENİŞ İÇ BAHÇE",none,0,0,0,0,0,none,0,,1324668938
,YAVUZLARDAN ALCIDA İSKANLI SİTEDE KREDİ LİMİTSİZ ULTRA LÜX_3+1,none,0,0,0,0,0,none,0,,1327560804
Ara Kat,EVGO GAYRİMENKULDEN ALCI'DA LÜKS YAPIM KÖK TAPULU 3+1 DAİRE,none,0,0,0,0,0,none,0,,1322729491
Ara Kat,CEYLAN GAYRIMENKULDA ALCI MAH SİTE İÇİNDE SATILIK 3+1 DAİRE,none,0,0,0,0,0,none,0,,1334079834
En Üst Kat,Sahibinden Rüştü D.,none,0,0,0,0,0,none,0,,1302069234
Ara Kat,SINCAN ALCI MAH SATILIK YAPILI KIRACILI 3+1 DAIRE,none,0,0,0,0,0,none,0,,1305418615
,ALCI MAHALLESİNDE 3+1 GÜNEY CEPHE SİTE İÇERİSİNDE 3+1 DAİRE,none,0,0,0,0,0,none,0,,1317452784
,AC GAYRİMENKULDEN 3+1 KREDİYE UYGUN DAİRE,none,0,0,0,0,0,none,0,,1331523782
,İSKANLI AYAKENT SİTESİNDE ALCI'NIN MERKEZİ YERİNDE,none,0,0,0,0,0,none,0,,1321788499
,"MERTALP,TEN YÜKSEK GİRİŞ KAT İRTİFAK TAPULU",none,0,0,0,0,0,none,0,,1323809029
En Üst Kat,SAHİBİNDEN SİNCAN ALCI MAH. ARA KATTA DAİRE YENİ BİNA -5- KAT,none,0,0,0,0,0,none,0,,1328736921
Ara Kat,Temelli TOKİ'de Yapılı 3+1 Satılık Daire - 125m²,none,0,0,0,0,0,none,0,,1288655914
Ara Kat,!!!SATILIK FIRSAT KREDİYE UYGUN DAİRE!! BATI GAYRİMENKUL,none,0,0,0,0,0,none,0,,1329483615
Ara Kat,ALCI MAHALLESİ BULVAR ÜZERİ SİTE İÇERİSİNDE SIFIR 3+1 DAİRE,none,0,0,0,0,0,none,0,,1317776435
Ara Kat,*****KAÇMAZ'DAN SATILIK KELEPİR DAİRE*****,none,0,0,0,0,0,none,0,,1319436933
Ara Kat,WON'DAN YONCA YILDIZ EVLERİ'NDE İSKANLI 4+1,none,0,0,0,0,0,none,0,,1335558003
Ara Kat,WELLMAX GAYRİMENKULDEN 4+1 ÇOK GENİŞ MANZARALI FERAH DAİRE,none,0,0,0,0,0,none,0,,1330426844
Ara Kat,"ALTINKENT'TEN SARAYCIK'TA, 2+1 C TİPİ, ACİL SATILIK DAİRE",none,0,0,0,0,0,none,0,,1331459290
Ara Kat,Merkez TOKİ'lerde/ Site İçinde/ Asansörlü/ Peyzaj Manzaralı/ 2+1,none,0,0,0,0,0,none,0,,1324113382
Ara Kat,Merkez TOKİ 3+1 Kök Tapu Kredi Limitsiz 123m² Satılık Daire,none,0,0,0,0,0,none,0,,1326770755
Bahçe Dubleksi,YEŞİLYURT GYO'DAN SİNCAN SELÇUKLU MAHALLESİ'NDE SATILIK DAİRE,garden,1,0,1,0,0,detail,0,,1325107023
,SELÇUKLU MAH. 3+1 BAĞIMSIZ YÜKSEK GİRİŞ ÖN CEPHE MERKEZİ KONUM,none,0,0,0,0,0,none,0,,1330759556
Ara Kat,_SİNCAN SELÇUKLU MAH'DE ARA KAT ASANSÖRLÜ 3+1 ÖN CEPHE DAİRE_,none,0,0,0,0,0,none,0,,1330708499
Ara Kat,FSN DEN SARAYCIK BULVAR CEPHE 4+1 LÜKS SIFIR DAİRE,none,0,0,0,0,0,none,0,,1302767772
,SİNCAN SELÇUKLU MAH 3+1 BATI ADLİYESİNE YAKIN BAĞIMSIZ DAİRE,none,0,0,0,0,0,none,0,,1331154711
Ara Kat,SİNCAN SARAYCIK TOKİ KONUTLARINDA 2+1 SATILIK FIRSAT DAİRE,none,0,0,0,0,0,none,0,,1330977393
Ara Kat,TANDOĞAN MAH ARA KATTA SALON BAĞIMSIZ FULL+FUL YAPILI SON 10 GÜN,none,0,0,0,0,0,none,0,,1325134240
Ara Kat,SARAYCIK TOKİ OTURUMA HAZIR 3+1 E.BANYOLU BORÇSUZ SATILIK DAİRE!,none,0,0,0,0,0,none,0,,1331026582
Ara Kat,HAYAL'DEN YENİÇİMŞİT MH'DE ASANSÖRLÜ E. BANYOLU GİYİNME ODALI,none,0,0,0,0,0,none,0,,1331413443
Ara Kat,Özel Daire İsteyenlere/ Yüksek Katta/ 104m2 Geniş Satılık 2+1,none,0,0,0,0,0,none,0,,1332393962
,Tandoğan mah'de 2+1 ful yapılı daire,none,0,0,0,0,0,none,0,,1331667177
Ara Kat,NEXUS'DAN SARAYCIK TOKİ 3. BÖLGE 3. ETAPTA SATILIK 3+1 DAİRE,none,0,0,0,0,0,none,0,,1320679366
,ACİL SAHİBİNDEN 3+1,none,0,0,0,0,0,none,0,,1331831740
,TANDOĞAN MH'DE KREDİ LİMİTSİZ PARK CEPHELİ SATILIK 3+1 DAİRE,none,0,0,0,0,0,none,0,,1333607743
Ara Kat,9843 Ankara Sincan'da Daire,none,0,0,0,0,0,none,0,,1298106359
Ara Kat,█TMC EMLAK'TAN█ SARAYCIK MAH. 2+1 SIFIR LÜX SATILIK DAİRE,none,0,0,0,0,0,none,0,,1332770006
,█ MERKEZİ KONUM █ 3+1 YAPILI PARK CP. ÇİFT BALKONLU FERAH DAİRE█,none,0,0,0,0,0,none,0,,1332161222
,SELÇUKLU MAH. DE GENİŞ BALKONLU FULL YAPILI KATTA DAİRE,none,0,0,0,0,0,none,0,,1330482273
,*MESADAN TANDOĞANDA 3+1 KATTA ÖN CEPHE BAĞIMSIZ DAİRE*,none,0,0,0,0,0,none,0,,1327482538
,Saraycık x yapı satılık 1+1 daire,none,0,0,0,0,0,none,0,,1310208709
Ara Kat,[ACİL ]TANDOĞAN MAH 3+1 BAĞIMSIZ SALON ÖNÜ AÇIK PARK MANZARALI,none,0,0,0,0,0,none,0,,1327095618
En Üst Kat,Saracık Toki/Yapılı/K.Otopark/E.Banyolu/Geniş Balkon/3.Kat/2+1,none,0,0,0,0,0,none,0,,1334089308
Ara Kat Dubleks,MERKEZE YAKIN 5+1 BOŞ GÜNEY CEPHE 10 YILLIK YAPILI 250 m2 !!!,middle_floor,1,0,0,1,0,detail,0,,1319932999
En Üst Kat,GAMZE EMLAK'TAN TANDOĞAN'DA KÖŞE BİNA FULL+FULL YAPILI 5+1 TERAS,none,0,0,0,0,0,none,0,,1288002175
,SİNCAN SELÇUKLU MAH'DE BAĞIMSIZ ULTRA LÜX DAİRE,none,0,0,0,0,0,none,0,,1317213366
,BARBAROS CADDESİ ÜZERİNDEN 3+1,none,0,0,0,0,0,none,0,,1317467441
Ara Kat,꧁꧂SARAYCIK TOKİ SC-3'DE EMİNEVİME UYG.#ARAKAT#YAPILI 3+1 SATILIK,none,0,0,0,0,0,none,0,,1333626146
,** UYG ** SELÇUKLU MAH. * YÜKSEK GİRİŞ * 3+1 * SATILIK DAİRE,none,0,0,0,0,0,none,0,,1333439904
Ara Kat,ULUKAN'dn ARA KATTA EMİN EVİM'e UYGUN KELEPİR FIRSAT 3+1 DAİRE !,none,0,0,0,0,0,none,0,,1315364355
Ara Kat,Selçuklu'da LaleTren Yakını 1.AraKat 115m2 3+1 Satılık Daire,none,0,0,0,0,0,none,0,,1321733618
En Üst Kat,SR EMLAK'TAN SARAYCIK TOKİNİN EN UYGUN 3+1 DAİRESİ !!,none,0,0,0,0,0,none,0,,1330815111
Ara Kat,EPA'DAN TOKİ'DE II 4. KAT II 2+1 II OKUL YANI II MUHTEŞEM KONUM,none,0,0,0,0,0,none,0,,1329444322
Ara Kat|En Üst Kat,YENİ ÇİMŞİTTE ÇORUM CAD. ÜZERİ 4+1 GENİŞ M2 SIFIR ULTRA LÜX YAPI,none,0,0,0,0,0,none,0,,1330982312
,"SELÇUKLU MAH. SAHİBİNDEN SATILIK, YAPILI, MASRAFSIZ 2+1 DAİRE",none,0,0,0,0,0,none,0,,1333993970
,SİNCAN SELÇUKLU MAHALLESİ SATILIK 3+1 EPA PUSULA'DAN,none,0,0,0,0,0,none,0,,1333927074
,KÖK TAPULU SAHİBİNDEN SATILIK,none,0,0,0,0,0,none,0,,1327482198
Ara Kat,SİNCAN TANDOĞANDA SATILIK ARA KATTA 2+1,none,0,0,0,0,0,none,0,,1311453178
,SR EMLAK'TAN SİNCAN SARAYCIK TOKİ'DE 2+1 85m² SATILIK DAİRE,none,0,0,0,0,0,none,0,,1334297596
,SELÇUKLU MAH KREDİ LİMİTSİZ SALON BAĞIMSIZ ÖN CEPHE YAPILI 3+1,none,0,0,0,0,0,none,0,,1330632294
,TORUN^DAN FULL YAPILI BAĞIMSIZ GENİŞ KATTA 3+1 DAİRE,none,0,0,0,0,0,none,0,,1325560117
,Sincan Saraycık C Tip Ebeveyn Banyolu/Kapalı Otoparklı/2+1,none,0,0,0,0,0,none,0,,1326333320
,NEXUS'DAN EBEVEYN BANYOLU / KAPALI OTOPARKLI 2+1 SATILIK DAİRE !,none,0,0,0,0,0,none,0,,1334776077
Ara Kat,SARAYCIKTA ASM 500 EVLERDE 7/24 GÜVENLİKLİ SİTEDE LÜKS 3+1,none,0,0,0,0,0,none,0,,1314736323
Ara Kat,Saraycık Toki'de Satılık 3+1 Daire (143m²),none,0,0,0,0,0,none,0,,1326101264
,Sincan Tandoğan'da Yüksek Kira Getirili 70 m² 2+1 Satılık Daire,none,0,0,0,0,0,none,0,,1334740356
Ara Kat,Lagom'da Satılık 2+1 Daire | Fikret Deniz Gayrimenkul,none,0,0,0,0,0,none,0,,1328531758
,SAHİBİNDEN,none,0,0,0,0,0,none,0,,1326470702
,"TANDOĞAN MH 3+1 BAĞIMSIZ KATTA YAPILI ÖN CP,DE FIRSAT DAİRE",none,0,0,0,0,0,none,0,,1325140409
Ara Kat,█ SARAYCIH MH█ BULVAR ÜZERİNDE X YAPIDA █1+1 OTURUMA HAZIR DAİRE,none,0,0,0,0,0,none,0,,1334928801
Ara Kat,SARAYKENT'İN HAVUZLU LÜX PROJESİNDE 2+1 FULL YAPILI DAİRE,none,0,0,0,0,0,none,0,,1332416610
,SAYGIN'DAN SARAYCIK MAH 1+1 55m2 OTURUMA HAZIR KUPON DAİRE,none,0,0,0,0,0,none,0,,1335117992
,NEXUS'DAN EBEVEYN BANYOLU / KAPALI OTOPARKLI 2+1 SATILIK DAİRE !,none,0,0,0,0,0,none,0,,1335329167
Ara Kat,SYM'DEN TANDOĞAN MAHALLESİN'DE KATTA BAĞIMSIZ 3+1 DAİRE FIRSATI,none,0,0,0,0,0,none,0,,1335452322
En Üst Kat,BEY'DEN YEİÇİMŞİT TE AMERİKAN MUTFAKLI 1+1 ASANSÖRLÜ SIFIR DAİRE,none,0,0,0,0,0,none,0,,1335237025
Ara Kat,ERTUĞRULGAZİ MAHALLESİN'DE ARA KAT SALON BAĞIMSIZ FIRSAT 3+1,none,0,0,0,0,0,none,0,,1332486078
Ara Kat,ES-AS'TAN FIRSAT MAREŞAL'DE MASRAFSIZ YAPILI 3+1,none,0,0,0,0,0,none,0,,1335538041
En Üst Kat,HG'DEN MAREŞAL ÇAKMAK MH'DE 3+1 ÖN CEPHE MASRAFSIZ SATILIK DAİRE,none,0,0,0,0,0,none,0,,1325107375
Ara Kat,█TMC EMLAK'TAN█ ERTUĞRULGAZİ MAH. 3+1 ÖN ÇEPHE KÖK TAPU DAİRE,none,0,0,0,0,0,none,0,,1328706608
En Üst Kat,_SİNCAN MAREŞAL ÇAKMAK MAH'DE KATTA FULL YAPILI 3+1 ÖN CEPHE_,none,0,0,0,0,0,none,0,,1335414429
En Üst Kat,"Satılık 3+1 Daire, 110m², Köroğlu 1 Sitesi'nde",none,0,0,0,0,0,none,0,,1335801398
Ara Kat,MALAZGİRT MAHALLESİ ULTRA LÜX YAPILI 4+1 SATILIK FIRSAT DAİRE,none,0,0,0,0,0,none,0,,1335443784
,SAYGIN EMLAK'TAN 3+1 ÖN CEPHE FULL+FULL YAPI KATTA FIRSAT DAİRE,none,0,0,0,0,0,none,0,,1335616802
,Sincan Mareşal Çakmak'ta Satılık 3+1 Daire,none,0,0,0,0,0,none,0,,1329710686
Çatı Dubleksi,SİNCAN İSTASYON MAHALLESİNDE FULL YAPILI 5+1 DUBLEKS,roof,1,1,0,0,0,detail_and_title,0,title_generic_confirms_detail_subtype,1335842290
Ara Kat,SİNCAN İSTASYON MH KREDİ LİMİTSİZ 2.ARAKAT ÖNCEPHE SATILIK DAİRE,none,0,0,0,0,0,none,0,,1331851350
,SİNCAN İSTASYON MHDE 1.ARA KAT FUL YAPILI SATILIK ÖN CEPHE DAİRE,none,0,0,0,0,0,none,0,,1335035515
Ara Kat,KOZA EMLAKTAN MAREŞAL ÇAKMAK MAH. ARA KATTA KÖŞE BAŞI ACİLLLLLLL,none,0,0,0,0,0,none,0,,1335228743
,SİNCAN İSTASYON MAH.DE LÜKS SIFIR 2+1 DAİRELER,none,0,0,0,0,0,none,0,,1330108509
Ara Kat,Eymen'den_Yetkili_Site_İçerisinde_Ara_Katta_3+1_Satılık_Daire_,none,0,0,0,0,0,none,0,,1324764396
Ara Kat,Eymen'den_Yetkili_Site_İçerisinde_Kredi_Limitsiz_Katta_3+1_Daire,none,0,0,0,0,0,none,0,,1324823766
Ara Kat|En Üst Kat,ANDİÇEN MAH. BÖLGENİN GÖZDE PROJESİNDEN SIFIR 3+1 SATILIK DAİRE!,none,0,0,0,0,0,none,0,,1330829340
,SİNERJİ'DEN EBEVEYİN BANYOLU Y.GİRİŞ +DEPOLU FIRSAT 2+1 DAİRE,none,0,0,0,0,0,none,0,,1306030036
,MERT'DEN 29 EKİM'DE SİTE İÇERİSİN'DE Y.GİRİŞ 3+1 FIRSAT DAİRE,none,0,0,0,0,0,none,0,,1325118815
,RS EMLAKTAN- ANDİÇEN DORAPARK SİTESİNDE SATILIK 2+1 DAİRE,none,0,0,0,0,0,none,0,,1319217497
,ATA`DAN KREDİ SINIRSIZ MERKEZİ KONUMDA ÇİFT BANYO ÇOK GENİŞ 2+1,none,0,0,0,0,0,none,0,,1314880468
Dubleks,İNAN EMLAK'TAN AHİEVRAN MAH 3+1 D.PROJELİ ÖN CEPHE TERAS,standard,1,0,0,0,1,detail,0,,1325027365
,ANDİÇEN'DE 1+1 FULL+FULLYAPILI DAİREYE ÖZEL BAHÇELİ YÜKSEK GİRİŞ,none,0,0,0,0,0,none,0,,1331820304
En Üst Kat,sincan akşemsettinde iki katlı binada ön cephe satılık daire,none,0,0,0,0,0,none,0,,1331739552
,29 EKİM MAH'DE 3+1 KREDİ LİMİTSİZ Y.GRŞ FUZUL KATILM EVİNE UYGUN,none,0,0,0,0,0,none,0,,1326342637
,ATATÜRK MAHALLESİ SİNCAN DA SATILIK 2+1 DAİRE,none,0,0,0,0,0,none,0,,1332243140
En Üst Kat,GAMZE EMLAK'TAN AKŞEMSETTİN'DE 3+1^FULL+FULL YAPILI^KATTA DAİRE!,none,0,0,0,0,0,none,0,,1314747831
,GÜVENDEN KREDİ LİMİTSİZ BULVAR ÜZERİNDE ARAKATTA FIRSAT DAİRE,none,0,0,0,0,0,none,0,,1326569180
Ara Kat,YENİKENT EMLAK'TAN 29 Ekim Mahallesinde Satılık Sİte Konseptli,none,0,0,0,0,0,none,0,,1324791644
Ara Kat,ANDİÇEN MAH 3+1 BAĞIMSIZ ARAKATTA YAPILI DAİRE,none,0,0,0,0,0,none,0,,1325977058
Ara Kat,ANDİÇEN MAH. 3+1 ARA KATTA FULL YAPILI GENİŞ M2 MERKEZİ KONUM !!,none,0,0,0,0,0,none,0,,1320502924
,"AKOL'DENEMİNEVİM,FUZULEV UYGUN PARK KARŞISI 3+1 KATTA ÇOK GENİŞ",none,0,0,0,0,0,none,0,,1333305424
,ATATÜRK MAH'DE ACİL LOKMAN HEKİM HASTANESİNE KOMŞU ÖN CEPHE,none,0,0,0,0,0,none,0,,1332637115
,SİNCAN ÇAĞLAYAN ALT GEÇİTİNE YAKIN SATILIK 3+1 DAİRE,none,0,0,0,0,0,none,0,,1333254420
Ara Kat,RS EMLAK- ANDİÇEN MH. 1. ARA KATTA 3+1 FULL YAPILI SATILIK DAİRE,none,0,0,0,0,0,none,0,,1333291329
Dubleks,CB NEW YAŞAM'DAN-SATILIK 4+1 DAİRE.,standard,1,0,0,0,1,detail,0,,1315830767
,RS EMLAK- ANDİÇEN MH. YÜKSEK GİRİŞ SATILIK 2+1 DAİRE,none,0,0,0,0,0,none,0,,1333293351
Ara Kat,Sincan Andiçen'de Merkezi Konum Yapılı 3+1 Daire /REMAX ENBATI,none,0,0,0,0,0,none,0,,1333329985
Ara Kat,İK'DAN AHİEVRAN MH'DE 3+1 BAĞIMSIZ EBEVEYN_B. FULL YAPILI DAİREE,none,0,0,0,0,0,none,0,,1321824974
,S'ARAS DAN AHİ EVRAN MAH'DE BAĞIMSIZ 3+1 2 BALKONLU SATILIK !!,none,0,0,0,0,0,none,0,,1327726002
,KARAMAN'DAN_ 29_EKİM_MAH_3+1 PARK CEPHE ULTRA LÜX_SATILIK_DAİRE,none,0,0,0,0,0,none,0,,1332154276
Ara Kat,FIRSAT! SİNCAN MERKEZ 3+1 115 M² BALKONLU ALTINDA DAİRE VAR,none,0,0,0,0,0,none,0,,1333542543
Dubleks,Şahin'den 2+1 PARK CEPHELİ LÜKS MODERN YAPI,standard,1,0,0,0,1,detail,0,,1309592919
,TEK DAİRE FİYATINA ÇİFT DAİRE *Yatırımın en kazançlı fırsatı,none,0,0,0,0,0,none,0,,1327690741
Ara Kat,KREDİ LİMİTSİZ 2+1 ULTRA LÜX EMSALSİZ FIRSAT DAİRE İMKANI !!,none,0,0,0,0,0,none,0,,1332814176
,OTURUMA HAZIR SIFIR YÜKSEK KREDİ İMKANI LÜX 2+1 DAİRE FIRSATI,none,0,0,0,0,0,none,0,,1333975237
,KUZEY EMLAK'TAN ATATÜRK MH'DE FULL YAPILI 3+1 BAĞIMSIZ DAİRE,none,0,0,0,0,0,none,0,,1319698715
,29 EKİM'DE SEFA'DAN GİRİŞ KAT UYGUN FİYAT FIRSAT SATILIK DAİRE,none,0,0,0,0,0,none,0,,1327885579
Dubleks|Çatı Dubleksi,AHİ EVRAN MAHALLESİNDE PANORAMİK CEPHE KUPON TERAS DAİRE...,roof,1,1,0,0,0,detail,0,,1317040481
,"SİNCAN, 29 EKİM MAH, MERKEZİ KONUMDA SATILIK 3+1 LÜKS DAİRE",none,0,0,0,0,0,none,0,,1334248412
Dubleks,SR EMLAK'TAN AHİ EVRAN MH'DE 5+1 BAĞIMSIZ ÖN CEPHE SATILIK TERAS,standard,1,0,0,0,1,detail,0,,1302182406
,"Sincan Andiçen'de Merkezi Konumlu, Hastaneye Yakın 3+1 Daire",none,0,0,0,0,0,none,0,,1331617046
,ARASBEY'DEN VATAN CAD. LOKASYONU ARA KAT FUL YAPIM TERTEMİZ 3+1!,none,0,0,0,0,0,none,0,,1334508107
Ara Kat,TORUN^FAN FULL YAPILI ÖN CEPHE HARİKA LOKASYONDA 3+1 DAİRE,none,0,0,0,0,0,none,0,,1331598555
Ara Kat,KUZEY EMLAK'TAN AKŞEMSETTİN'DE 3+1 ARA KAT ULTRA LÜKS YAPI,none,0,0,0,0,0,none,0,,1327216390
,MUTLUDA 5+1 DUBLEX 250 M2 GÜNEY BATI MANTOLAMALI,standard,1,0,0,0,1,title,0,,1335087755
Ara Kat,▇EVİN BURADA▇NATOYOLU CAD.YAKINI FULL YAPILI 2+1 ARA KAT DAİRE_!,none,0,0,0,0,0,none,0,,1315305131
Dubleks,MRN ÖZKAN DAN PEYAMİ SEFADA KAÇIRILMAZ FIRSAT 195M2 5+1 DUBLEKS,standard,1,0,0,0,1,detail_and_title,0,,1316845887
Ara Kat,▄KALE▄SÜPER KONUM! ALTINGROSS YANI CADDE ÜZERİ ÖN CEPHE 2+1,none,0,0,0,0,0,none,0,,1331788173
Ara Kat,▇EVİN BURADA▇MUTLU CD PARALELİ TERAS BALKONLU 3+1 ARA KAT 125m2!,none,0,0,0,0,0,none,0,,1316923165
,MEHMET ALİ ALTUN CAD. ÜZERİNDE 2+1 SATILIK KUPON DAİRE !!!,none,0,0,0,0,0,none,0,,1316669272
Ara Kat,MUTLU CD ÜZERİ YÜKSEK KREDİLİ 3+1 ARAKAT MASRAFSIZ 110m² DAİRE.!,none,0,0,0,0,0,none,0,,1332517715
Ara Kat,MEHMET ALİ ALTUN CADDEYE 4 BİNA MESAFEDE YENİLENMİŞ 1+1 DAİRE,none,0,0,0,0,0,none,0,,1332537577
Çatı Dubleksi,MAMAK TÜRKÖZÜ'NDE YAPILI SATILIK 4+1 DUBLEKS DAİRE,roof,1,1,0,0,0,detail_and_title,0,title_generic_confirms_detail_subtype,1325323449
,GENERALZEKİ DOĞAN'DA 3+1 FIRSAT DAİRE!!!,none,0,0,0,0,0,none,0,,1323248410
,GENERAL ZEKİ DOGAN MAHALLESİNDE FIRSAT 3+1 SATILIK DAİRE,none,0,0,0,0,0,none,0,,1335606917
Ara Kat,MUTLU MAH'DE 3+1 FULL YAPILI İSKANLI FIRSAT DAİRE,none,0,0,0,0,0,none,0,,1332970775
Ara Kat,AŞAN GAYRIMENKULDAN ŞIK TASARIMLI 3 + 1 SITEDE DAIRE,none,0,0,0,0,0,none,0,,1309232106
Ara Kat,Eymen'den_Yetkili_Ultra_Lüx_Park_Cepheli_Ada_Mutfaklı_4+1_Daire,none,0,0,0,0,0,none,0,,1326975541
,GÖRKEM'DEN ÇARŞI İÇİNDE KREDİ LİMİTSİZ KATTA GENİŞ 4+1,none,0,0,0,0,0,none,0,,1332724251
En Üst Kat,OKUL AVM ULAŞIM YAKINI KREDİ LİMİTSİZ FULL+FULL YAPILI LÜKS 3+1,none,0,0,0,0,0,none,0,,1333111469
,ÖZKAYA İNŞAAT EMLAK'TAN MERKEZİ KONUM'DA FIRSAT DAİRESİ!!!,none,0,0,0,0,0,none,0,,1320833617
Ara Kat,YENİKENT MUSTAFA KEMAL MAH'NDE SATILIK SİTE İÇERİSİNDE 3+1 DAİRE,none,0,0,0,0,0,none,0,,1286865234
,TEKİN EMLAKTAN OKULLAR BÖLGESİNDE KREDİ LİMİTSİZ 3+1 DAİRE,none,0,0,0,0,0,none,0,,1334574282
,SAHİBİNDEN SATILIK 3+1,none,0,0,0,0,0,none,0,,1333662322
Ara Kat,AKOL'DEN HAFTANIN FIRSATI PARK KARŞISI 3+1 ÖN CEPHE KATTA DAİRE,none,0,0,0,0,0,none,0,,1332371341
Ara Kat,KREDİ LİMİTSİZ 3 YAŞINDA 3+1 2. ARA KAT ÖN CEPHE AYAŞ YOLU DİBİ,none,0,0,0,0,0,none,0,,1333953326
,ROTA DAN MERKEZİN KALBİNDE 3+1 DAİRE FIRSATI KAÇMAZ BU FİYATA,none,0,0,0,0,0,none,0,,1321095243
,DENİZ GAYRİMENKUL'DEN SİTE İÇİ 3+1 125 M2 SATILIK DAİRE,none,0,0,0,0,0,none,0,,1331133928
Ara Kat,·LOTUS·MUSTAFA KEMAL'DE SİTE İÇİ KÖK TAPU FULL YAPILI 3+1 DAİRE,none,0,0,0,0,0,none,0,,1332318347
Ara Kat,GÜVENLİKLİ SİTE İÇERİSİNDE ARAKAT SIFIR ULTRA LÜKS SATILIK 2+1,none,0,0,0,0,0,none,0,,1327892435
,YUVAM'DAN OKULLAR BÖLGESİNDE YÜKSEK KREDİ İMKANLI 3+1 DAİRE,none,0,0,0,0,0,none,0,,1334318852
,SR EMLAK'TN M.KEMAL MH'DE ARAKATTA E.BANYOLU 135m² SATILIK DAİRE,none,0,0,0,0,0,none,0,,1305644301
,BULVAR'DAN EMİN EVİM FUZUL EVİME UYGUN MASRAFSIZ FIRSAT LÜX 2+1,none,0,0,0,0,0,none,0,,1330421782
,ARAC TAKASI DA OLUTAMAMINA KREDİ İMKANI MİRAN YAPIDAN LÜKS DAİRE,none,0,0,0,0,0,none,0,,1279362747
Ara Kat,OLTAN EMLAK'TAN SİTE İÇERİSİNDE GENİŞ OTURUM ULTRA LÜX 2+1DAİRE,none,0,0,0,0,0,none,0,,1335058658
Ara Kat,ÇELİK'DEN SİTEDE ULTRA LÜX YAPILI KALİTELİ İŞÇİLİKLİ 3+1 DAİRE,none,0,0,0,0,0,none,0,,1322870274
,ERMANLAR'DAN_3+1 MODERN YAPIDA_MUHTEŞEM LOKASYONDA_DAİRE,none,0,0,0,0,0,none,0,,1333850016
Ara Kat,EMLAK GOLD'DAN 3 BLOKLU SİTE KONSEPTLİ ULTRA LÜKS ARA KATTA 3+1,none,0,0,0,0,0,none,0,,1333861809
,ÖKSÜZ KARDEŞLER'DEN_3+1_MUAZZAM_KONUM_ULTRA_LÜX_DAİRE_,none,0,0,0,0,0,none,0,,1332482229
Ara Kat,Bulvar_Gayrimenkulden_Sitede_sıfır_fırsat_daire_kredi_limitsizzz,none,0,0,0,0,0,none,0,,1329271531
,AKOL EMLAK'TAN OKUL ÇARŞI PAZAR YAKININDA 3+1 BAHÇE KATI DAİRE,none,0,0,0,0,0,none,0,,1335242236
,BATI'DAN OKULLAR BÖLGESİNDE 3+1 FULL YAPILI MASRAFSIZ DAİRE,none,0,0,0,0,0,none,0,,1334600278
Ara Kat,BAŞKENT GAYRİMENKUL'DEN ARA KATTA ÖNÜ AÇIK GENİŞ 3+1 DAİRE,none,0,0,0,0,0,none,0,,1334324882
Ara Kat,\YTM EMLAK/LÜKS 2+1 MASRAFSIZ OKULLAR BÖLGESİNDE KAT SEÇENEKLERİ,none,0,0,0,0,0,none,0,,1331976271
,DESA LİFE'DAN BÖLGENİN EN GENİŞ 3+1 ULTRALÜX DAİRESİ SİZLERLE,none,0,0,0,0,0,none,0,,1299658262
En Üst Kat,YENIKENT MUSTAFA KEMAL'DE EBEVEYN BANYOLU GENIŞ 3+1 FIRSAT DAIRE,none,0,0,0,0,0,none,0,,1313240677
,YUVAM'DAN EMİNEVİM GİBİ KURULUŞLARA UYGUN KREDİ LİMİTSİZ 3+1,none,0,0,0,0,0,none,0,,1328753104
,YILDIZ'DAN OKULLAR BÖLGESİNDE SIFIR AYARINDA MASRAFSIZ 4+1 !!!,none,0,0,0,0,0,none,0,,1332799733
,EFE'DEN MUSTAFA KEMALDE KÖK TAPU KREDİ LİMİTSİZ ULTRA LÜKS 3+1,none,0,0,0,0,0,none,0,,1335776824
,YENİKENTTE OKULA ÇARŞIYA YAKIN 3+1 SATILIK DAİRE,none,0,0,0,0,0,none,0,,1335611538
En Üst Kat,*KREDİ LİMİTSİZ MERKEZ İÇİ BEDAVA EMSALİ YOK 3+1 150M2 ÖN CEPHE*,none,0,0,0,0,0,none,0,,1331471622
Ters Dubleks,Yenikent'te 5+1 Ters Dubleks 155m² Satılık Daire,standard,1,0,0,0,1,detail_and_title,0,,1294129974
Ara Kat,GÜNEŞ EMLAK*ARA KAT GENİŞ ÖN CEPHE 4+1 SATILIK ULTRA LÜKS DAİRE,none,0,0,0,0,0,none,0,,1335211919
,FX'DEN SİTE İÇERİSİNDE_3+1_KAT KONUMUNDA_ULTRA LÜX DAİRELER,none,0,0,0,0,0,none,0,,1330065973
Ara Kat,BULVAR GAYRİMENKUL`den_SİTE İÇERİSİNDE KAÇIRILMAYACAK FIRSAT_,none,0,0,0,0,0,none,0,,1335820234
Ara Kat,ÇINARKENTTEN ACİL YENİKENTTE SİTE İÇİNDE KÖK TAPU SINIRSIZ KREDİ,none,0,0,0,0,0,none,0,,1312173733
Ara Kat,KARAMAN EMLAK'TAN M.KEMAL_MH_CADDE ÜZERİNDE_3+1_ULTRA_LÜKS_DAİRE,none,0,0,0,0,0,none,0,,1334105675
,SİTEDE 2+1 ULTRA LÜKS DAİRE,none,0,0,0,0,0,none,0,,1335986994
,IRMAK'TAN BULVAR DİBİ ARA KATTA 160m² FULL+FULL SATILIK DAİRE,none,0,0,0,0,0,none,0,,1334925645
Ara Kat,\YTM EMLAK/ YETKİLİ SİTE İÇİNDE ARA KAT DEV BALKONLU FIRSAT 3+1,none,0,0,0,0,0,none,0,,1324630234
,Yenikent Emlak Eminevim-Fuzulev-Birevim-Sinpaş'a UYGUN 3+1 Daire,none,0,0,0,0,0,none,0,,1327165636
Ara Kat,SİNCAN YENİKENTTE MERKEZDE İSKANLI FUL YAPILI 3+1 SON FRST DAİRE,none,0,0,0,0,0,none,0,,1333064201
,BULVAR ÜSTÜNDE SİTE İÇİNDE BOŞ 1.ARA KAT 2+1 ÇİFT BALKONLU,none,0,0,0,0,0,none,0,,1335180769
,YENİKENTTE 1 DAİRE PARASINA 2 DAİRE VERİYORUZ..4+2 SATILIK DAİRE,none,0,0,0,0,0,none,0,,1335258111
Ara Kat,ARA KAT ÖN CEPHE MASRAFSZ YAPILI GENŞ KULLANM 3+1 MERKEZİ KONUM,none,0,0,0,0,0,none,0,,1325037128
Ara Kat,ARA KAT ULTRA LÜX MASRAFSZ YAPILI AYAŞ YOLUNA CEPHE GENİŞ M² 3+1,none,0,0,0,0,0,none,0,,1331819052
Ara Kat,METİN ÖZDEMİR'DEN BULVAR'DA MASRAFSIZ ANAHTAR TESLİM 3+1 SATILK,none,0,0,0,0,0,none,0,,1330415889
Ara Kat,MÜLKOLOG | Menderes Mahallesi'nde Trene Yürüme Mesafesinde 3+1,none,0,0,0,0,0,none,0,,1330475783
Ara Kat,HAZARDAN MENDERESTE-İSKANLI-YÜZDE -80- KREDİ ARAKAT SATILIK 3+1,none,0,0,0,0,0,none,0,,1313555711
,"AKOL EMLAKTAN EMİNEVİM,FUZULEVE UYGUN 2+1 YERDEN ISITMALI LÜX",none,0,0,0,0,0,none,0,,1330637964
,"SAHİBİNDEN 3+1 ful yapılı,BOŞ oturumaHazir.Ebeveyn banyolu,geniş",none,0,0,0,0,0,none,0,,1329841879
,*HTC'den YETKİLİ KÖŞEBAŞI PARK CEPHELİ %80 KREDİLİ KÖKTAPU 3+1*,none,0,0,0,0,0,none,0,,1332804910
Ara Kat,ACİLLL-MENDERES MAHALESİNDE MÜKEMEL KONUMDA ÖN CEPHE SATILK 3+1,none,0,0,0,0,0,none,0,,1322041957
Ara Kat,BULVAR GAYRİMENKUL'DEN MANZARALI KREDİ LİMİTSİZ 4+1 LÜX DAİRE,none,0,0,0,0,0,none,0,,1323631154
Ara Kat,YENİKENT MENDERES MAH ACİL SATILIK 3+1 KATTA FUL DAİRE,none,0,0,0,0,0,none,0,,1324848021
Ara Kat,MENDERES MAH. ULTRA LÜX 3+1 ----+35 m2 DEPOO,none,0,0,0,0,0,none,0,,1315410821
,MENDERES'TE_PARK_VE_CADDELER_DİBİ_İSKANLI_SIFIR_ULTRA_LÜX_3+1_,none,0,0,0,0,0,none,0,,1334335974
Ara Kat,ÇOK GENİŞ 3+1 KREDİ LİMİTSİZ BULVAR DİBİ FIRSAT DAİRE İMKANI !!,none,0,0,0,0,0,none,0,,1334356079
Ara Kat,SİNCAN MENDRSTE KÖŞE BAŞI ARA KAT 2+1 FUL YAPLI SIFIR DAİRLR,none,0,0,0,0,0,none,0,,1333238824
Ara Kat,MÜLKOLOG | Menderes Mahallesi'nde Trene Yürüme Mesafesinde 3+1,none,0,0,0,0,0,none,0,,1320102373
Ara Kat,"VURAL,DAN MENDERES MH 3+1 HAFTANIN FIRSATI YERDEN ISITMALI",none,0,0,0,0,0,none,0,,1333686018
Ara Kat,HER ŞEY ELİNİZİN ALTIN'DA TÜM EVİM KURULUŞLARI SATIŞINA UYGUN,none,0,0,0,0,0,none,0,,1333644854
,Ziraat Bankası'ndan Menderes Mahallesinde Mesken,none,0,0,0,0,0,none,0,,1294520243
Ara Kat,YENİKENT MENDERES MH.3+1_145 M²_2. KAT _ASANSÖRLÜ_TERAS BALKONLU,none,0,0,0,0,0,none,0,,1333679488
En Üst Kat,HALK EMLAK'TAN MENDERES MAH SIFIR ULTRA LÜKS KREDİ LİMİTSİZ DAİR,none,0,0,0,0,0,none,0,,1333711933
,ROYAL KENT'DEN MENDERES'DE İSKANI ALINMIŞ 3+1 YÜKSEK GİRİŞ,none,0,0,0,0,0,none,0,,1322509507
,ÖZKIR*EMLAK'TAN*SIFIR*LÜKS*YAPILI*G.ODALI*2+1*FIRSAT*DAİRE,none,0,0,0,0,0,none,0,,1331002529
Ara Kat,KARAMAN EMLAKTAN YERDEN ISITMALI KREDİ LİMİTSİZ TRENE YAKIN 3+1,none,0,0,0,0,0,none,0,,1334795835
,Sahibinden satılık ULTRA LÜXX DAİRE LİMİTSİZ KREDİ,none,0,0,0,0,0,none,0,,1328793947
Ara Kat,BULVAR'DAN MENDERES MAHALLESİNDE OTURUMA HAZIR GENİŞ 3+1,none,0,0,0,0,0,none,0,,1331949094
Ara Kat,ATK'DAN MENDERES MAH MERKEZİ KONUM DAİRE,none,0,0,0,0,0,none,0,,1326956921
Ara Kat,ELİTKENT'TEN MERKEZ 2+1 KATILIM BANKALARINA UYGUN TAMAMINA KREDİ,none,0,0,0,0,0,none,0,,1317621160
En Üst Kat,GÜNEŞ EMLAK*ULTRA LÜKS KATTA MODERN MİMARİ 3+1 SATILIK DAİRE,none,0,0,0,0,0,none,0,,1331708677
,SİNERJİDEN KONUM HARİKASI YATIRIM FIRSATI KAT KONUMU 3+1**105M2,none,0,0,0,0,0,none,0,,1335030609
,5+1 ÖN CEPHE!!! NEW ANKADAN AYAŞ YOLUNDA LÜX DAİRE,none,0,0,0,0,0,none,0,,1314385686
En Üst Kat,EMLAK DÜNYASINDAN ŞIK TASARIMLI MERKEZİ FULL YAPILI 2+1 DAİRE,none,0,0,0,0,0,none,0,,1334966930
Ara Kat,ROYAL KENT'TEN MENDERESİN ARA KATTA EN UYGUN 3+1 SIFIR DAİRESİ,none,0,0,0,0,0,none,0,,1335017798
,DİNÇ'TEN SATILIK KOMBİ C.BALKON DAHİL ULTRA LÜX 3+1 DAİRE,none,0,0,0,0,0,none,0,,1307768767
Ara Kat,MENDERES'TE_FULL_FULL_ULTRA_LÜX_OTURUMA_HAZIR_3+1_KONUT!!!,none,0,0,0,0,0,none,0,,1335501922
Ara Kat,YENİKENT EMLAK'TAN GÜZEL İŞÇİLİKLİ SATILIK 2+1 DAİRELER,none,0,0,0,0,0,none,0,,1326168591
,MENDERESTE MERKEZDE BULVAR ÜZERİ FUL YAPILI ÖN CEPHE 3+1 DAİRE,none,0,0,0,0,0,none,0,,1325988870
,Sahibinden Arakat Kapalı ve Açık otoparkı olan 3+1 daire,none,0,0,0,0,0,none,0,,1335223721
Ara Kat|Ara Kat Dubleks|Dubleks|En Üst Kat|Bahçe Dubleksi|Çatı Dubleksi|Forleks|Ters Dubleks|Tripleks,YOZGAT BUL.ÜZERİ CUMARTESİ PAZARI KARŞISI ASANSÖRLÜ 2 BALKON 3+1,roof,1,1,0,0,0,detail,0,,1336100258
En Üst Kat,"OĞULBEY'DEN DR. TEVFİK SAĞLAM CAD. ÜSTÜNDE 2,5+1 LÜKS YAPILI GNY",none,0,0,0,0,0,none,0,,1325993152
Ara Kat|Ara Kat Dubleks|Dubleks|En Üst Kat|Bahçe Dubleksi|Çatı Dubleksi|Forleks|Ters Dubleks|Tripleks,ACİL YOZGAT BULVARI MEVKİ 6+1 MANZARALI K.TERASLI MASRAFSIZ,roof,1,1,0,0,0,detail,0,,1325156264
Ara Kat Dubleks|Dubleks|En Üst Kat|Bahçe Dubleksi|Çatı Dubleksi|Forleks|Ters Dubleks|Tripleks,CADDE ÜZERİ KATTA 1 ODA BAĞIMLI GENİŞ M2 MANTOLAMALI BİNA 3+1 !,roof,1,1,0,0,0,detail,0,,1315083913
,ETLİK BARIŞYOLUNDA 5.KAT KONUMLU ASANSÖRLÜ GENİŞ 3+1,none,0,0,0,0,0,none,0,,1336376149
Dubleks,DOST'tan ŞEHİR MANZARALI 6+1+2 MUTFAK+2 BANYO+ASANSÖRLÜ KOMBİLİ,standard,1,0,0,0,1,detail,0,,1294636575
Ara Kat,ACİİL YÜKSELTEPEDE KREDİYE UYGUN ARA KATTA KAÇIRILMAZ FIRSAT 3+1,none,0,0,0,0,0,none,0,,1317472040
Ara Kat|Ara Kat Dubleks|Dubleks|En Üst Kat|Bahçe Dubleksi|Çatı Dubleksi|Forleks|Ters Dubleks|Tripleks,SEÇKİN'DEN YAYLA MAH GENİŞ M2 ASANSÖRÜ 3+1 KATTA EMSALSİZ DAİRE!,roof,1,1,0,0,0,detail,0,,1327097089
,FUL+FULL LÜKS YAPILI MASRAFSIZ KAÇIRILMAYACAK DAİRE,none,0,0,0,0,0,none,0,,1335231257
Ara Kat,FULL YAPILI 130M2 3+1 GENİŞ FERAH SATILIK KÖK TAPU DAİRE,none,0,0,0,0,0,none,0,,1318541207
Ara Kat|Ara Kat Dubleks|Dubleks|En Üst Kat|Bahçe Dubleksi|Çatı Dubleksi|Forleks|Ters Dubleks|Tripleks,"PANOROMİK ANKARA MANZARASIYLA 4,5+1 ZİRVE 1071 SİTESİ SATILIK",roof,1,1,0,0,0,detail,0,,1335323117
Ara Kat,GALA'DAN CADDE ÜZERİ 2+1 ORTA KATTA MASRAFSIZ LÜX YAPIDA DAİRE,none,0,0,0,0,0,none,0,,1335344573
Ara Kat,BU FİYATA EMSAL YOK! 3+1 MEGA LÜX 30.000₺KİRAGARANTİLİ SONFIRSAT,none,0,0,0,0,0,none,0,,1313858820
Ara Kat,AHİLER'DEN PANORAMİK ŞEHİR MANZARALI KİLERLİ 11.KAT SİTE DAİRESİ,none,0,0,0,0,0,none,0,,1331765651
Ara Kat,HEDEF EMLAK'TAN ORTA KAT ASANSÖRLÜ GENİŞ KULLANIŞLI 3+1 SATILIK.,none,0,0,0,0,0,none,0,,1316076877
,VADİ_YAKINI_YÜKSEK_KREDİ_İMKANI_BALKONLU_MASRAFSIZ_ASANSÖRLÜ_3+1,none,0,0,0,0,0,none,0,,1334959592
,VAROL'DAN YAYLADA EMSALSİZ RAKAM Y.GİRİŞ 2+1 ULTRA LÜX YAPILI,none,0,0,0,0,0,none,0,,1334840895
Ara Kat,YAYLA MAHALLESİNDE 4+1 FULL YAPILI MERKEZİ KONUMDA DAİRE,none,0,0,0,0,0,none,0,,1322948489
,"Keçiören Yükseltepe 3+1 Lüx,BahçeKullanım,Kapalı Garaj,Asansörlü",none,0,0,0,0,0,none,0,,1319072513
Ara Kat,OVACIK YAKINI ÖRNEK DAİRE EXSTRA YAPILI SİTE DAİRESİ,none,0,0,0,0,0,none,0,,1335615187
,"Keçiören Eva Kulede Araç Takaslı, Çift Girişli Satılık LüksDaire",none,0,0,0,0,0,none,0,,1323601649
Ara Kat,KEÇIÖREN YAYLA MAHALLESİNDE YAPILI 3+1 SATILIK DAİRE,none,0,0,0,0,0,none,0,,1325319334
Ara Kat,YÜKSELTEPE'DE CADDE ÜZERİ GENİŞ KULLANIM ÖN CEPHE 140m² 3+1 ACİL,none,0,0,0,0,0,none,0,,1322819948
,YÜKSELTEPE'DE KİRACILI EŞYALI KAT KONUMUNDA 3+1 SATILIK KÖK TAPU,none,0,0,0,0,0,none,0,,1332124122
En Üst Kat,HERŞEY YAKIN OLSUN MERKEZİ KONUMDA OLSUN DEDİĞİN DAİRE,none,0,0,0,0,0,none,0,,1320922754
Ara Kat|Ara Kat Dubleks|Dubleks|En Üst Kat|Bahçe Dubleksi|Çatı Dubleksi|Forleks|Ters Dubleks,OVACIK_CD._PARALELİ_FULL_YAPILI_140m2_ÇİFT_BALKON_MONTALAMA_3+1,roof,1,1,0,0,0,detail,0,,1336213986
Ara Kat|Ara Kat Dubleks|Dubleks|En Üst Kat|Bahçe Dubleksi|Çatı Dubleksi|Forleks|Ters Dubleks|Tripleks,ETLİK'TE EMSALSİZ! İNANILMAZ MİMARİLİ PRESTİJLİ SİTE İÇİ LÜX 5+1,roof,1,1,0,0,0,detail,0,,1332378751
Dubleks|En Üst Kat,OĞULBEY'DEN SİTE İÇİNDE 5+1 KAPALI TERAS ASANSÖR EBEVEYN BANYOSU,standard,1,0,0,0,1,detail,0,,1335768369
Ara Kat,BAĞCI CADDESİ ÜZERİNDE ANKARA MANZARALI 9.KATTA 3+1 SATILIK,none,0,0,0,0,0,none,0,,1332602157
Ara Kat,ETLİK'TE ÖN CEPHE CADDE ÜZERİ ARAKAT MANZARALI KÖK TAPULU 3+1,none,0,0,0,0,0,none,0,,1336092428
En Üst Kat,ETLİK MAH. BAĞCI CAD. ÜZERİ MANZARALI GÜNEY CEPHE YAPILI 3+1,none,0,0,0,0,0,none,0,,1327528545
En Üst Kat,VAROL'DAN 3 KATTA 3+1 MANZARALI G.CEPHE ANA CADDE YAKINI,none,0,0,0,0,0,none,0,,1320324690
Ara Kat,3+1 1.KAT ÖN CEPHE BAĞIMSIZ MERKEZİ KONUM YATIRIMA UYGUN FIRSAT,none,0,0,0,0,0,none,0,,1331022892
Çatı Dubleksi,ANTARES & ŞEHİR HAST.MEVKİİ KAÇMAZ 6+1 ÇİFTBANYOLU SAUNALI,roof,1,1,0,0,0,detail,0,,1326880109
Ara Kat,3+1 Y.GİRİŞ KAT KONUMUNDA ANTARES YAKINI YATIRIMA UYGUN KÖK TAPU,none,0,0,0,0,0,none,0,,1332064417
Ara Kat,Yunus Emre Cadde Üzeri 3+1 Orta Kat Salona 1 Oda Kilerli Satılık,none,0,0,0,0,0,none,0,,1331559783
Ara Kat,AYVALI'DA ANTARES ŞEHİR HASTANESİ YÜRÜME MESAFESİN'DE 2+1 DAİRE,none,0,0,0,0,0,none,0,,1327469902
,UFUK'TAN YUNUS EMRE CD YANI 3+1 FULL YAPILI KAÇMAZ FIRSAT !,none,0,0,0,0,0,none,0,,1332814076
,AYVALI MAHALLESİ ANTARES AVM ARKASI 3+1 BAĞIMSIZ LÜXYAPILI DAİRE,none,0,0,0,0,0,none,0,,1333881532
Ara Kat,3+1 ANTARS VE ŞEHİR HAST KOMŞU BAGIMSIZ 1 KAT TA GENÇ BİNA,none,0,0,0,0,0,none,0,,1308740089
,*ETLİK ŞEHİR HAST. ANTARES*FULL YAPILI ÖNÜ AÇIK CEPHE*6+1,none,0,0,0,0,0,none,0,,1332571565
Ara Kat,4+1 ORTA KAT SEVAL CAD PARALELİ CEPHELERİ AÇIK ÖNÜ PARK FIRSAT,none,0,0,0,0,0,none,0,,1333641568
Çatı Dubleksi,ANTARES AVM' YE 10 DK ANKARA MANZARALI FULL YAPILI 4+1 DUBLEKS.,roof,1,1,0,0,0,detail_and_title,0,title_generic_confirms_detail_subtype,1322495097
Dubleks,AYVALI ETLİK ŞEHİR HAST. YAKINI ULTRALÜKS YAPILI 4+1 DUBLEKS,standard,1,0,0,0,1,detail_and_title,0,,1333387363
Ara Kat,SIFIR OTURUMA HAZIR ORTA KAT ÖN CEPHE FULL+FULL YAPILI 3+1 DAİRE,none,0,0,0,0,0,none,0,,1317615926
Ara Kat|Ara Kat Dubleks|Dubleks|En Üst Kat|Bahçe Dubleksi|Çatı Dubleksi|Forleks|Ters Dubleks|Tripleks,AYVALIDA ANTERAS AVM Ş.HASTANESİ YAKINI 3+1 FULL YAPILI DAİRE.,roof,1,1,0,0,0,detail,0,,1316236827
Ara Kat|Ara Kat Dubleks|Dubleks|En Üst Kat|Bahçe Dubleksi|Çatı Dubleksi|Forleks|Ters Dubleks|Tripleks,AYVALIDA MERKEZİ KONUMDA 3+1 YÜKSEK KREDİ İMKANLI SATILIK DAİRE,roof,1,1,0,0,0,detail,0,,1310106754
Ara Kat,KARDEŞLER'DE ORTAKAT ASANSÖRLÜ 3+1 ÇİFTBANYO -HİÇ KULLANILMAMIŞ-,none,0,0,0,0,0,none,0,,1317961526
Ara Kat,AYVALIDA ANTARESE YÜRÜME MESAFESİ 3+1 YAPILI ARAKAT FIRSAT DAİRE,none,0,0,0,0,0,none,0,,1334286727
En Üst Kat,ASLIMLAR'DAN_ETLİK ŞEHİR.HAS._YAKINI_3+1_GÜNEY LÜKS_KOMBİLİ_____,none,0,0,0,0,0,none,0,,1325321441
Ara Kat|Ara Kat Dubleks|Dubleks|En Üst Kat|Bahçe Dubleksi|Çatı Dubleksi|Forleks|Ters Dubleks|Tripleks,ÜÇ ANA CADDE ARASI 2+1 GİRİŞ BAĞIMSIZ ÖN MÜKEMMEL KONUM KAÇMAZ,roof,1,1,0,0,0,detail,0,,1334739978
,AYVALI SEVAL CD 5+1 DUBLEKS EVİM SİSTEMLERİN UYGUN CAZİP FİYATLI,standard,1,0,0,0,1,title,0,,1329059766
Çatı Dubleksi,ANTARES AVM & ŞEHİR HASTANESİ MEVKİİNDE CADDE ÜSTÜ 6+1 DUBLEKS,roof,1,1,0,0,0,detail_and_title,0,title_generic_confirms_detail_subtype,1315332914
,FAİK ERBAĞ İ.Ö.O YAKINI ANKARA MANZARALI 3+1 ÖNÜ AÇIK EMSALSİZ,none,0,0,0,0,0,none,0,,1328441778
Ara Kat,MERT EMLAK TAN 3.5+1 11.KAT NED ÇİÇEKLİ SİTESİNDE MANZARALI,none,0,0,0,0,0,none,0,,1306170351
Ara Kat,ELİF4 EMLAK'TAN SELÇUKLU CD. ÜZERİ ORTA KAT BAĞIMSIZ 3+1 FULL,none,0,0,0,0,0,none,0,,1334779061
Ters Dubleks,KARDEŞLER'DE YATIRIMCILARA ÖZEL EŞYALI 20.000₺ KİRACILI 2.5+1 !!,standard,1,0,0,0,1,detail,0,,1333168192
Ara Kat,ÇİÇEKLİ'DE KENTSEL DÖNÜŞÜMDE KAÇMAZ FIRSAT BAĞIMSIZ KATA ÖN CEPE,none,0,0,0,0,0,none,0,,1322772490
Ara Kat,KAPALI_PAZAR_YAKINI_KATTA_YENİ_BİNA_ASANSÖRLÜ_FULL_YAPI_3+1_125M,none,0,0,0,0,0,none,0,,1316828884
,"Çiçekli, Başaran'da 2+1 Giriş, Satılık daire",none,0,0,0,0,0,none,0,,1295345509
,AYVALI MAHALLESİ 3+1 YÜKSEK GİRİŞ MASRAFSIZ MERKEZİ KONUM DAİRE,none,0,0,0,0,0,none,0,,1332360583
Ara Kat,ÇARŞI'DAN ŞEHİRHASTANESİ YAKINI ORTA KAT FULL YAPILI GÜNEY,none,0,0,0,0,0,none,0,,1322190527
Ara Kat,AYVALI 'da SEVAL CADDE PARALELİ 2+1 ARA KAT KÖŞE BAŞI ÖN CEPHE,none,0,0,0,0,0,none,0,,1322748899
Çatı Dubleksi,"TUNA'DAN ASANSÖRLÜ,AÇIK TERASLI,5+1,ÜÇ CEPHELİ,",roof,1,1,0,0,0,detail,0,,1335406573
Dubleks,AHİLER'DEN MERKEZİ KONUMDA 4+1 DUBLEX ASANSÖRLÜ UYGUN FİYAT,standard,1,0,0,0,1,detail_and_title,0,,1320530647
Ara Kat,YATIRIMIN ADRESİ ! A.EĞLENCE'DE ARA KAT 2 BALKONLU ÖN CEPHE 2+1,none,0,0,0,0,0,none,0,,1330100340
Ara Kat,EPADAN AYVALI MERKEZDE HASTANELER BÖLGESİ YÜRÜME MESAFESİ FIRSAT,none,0,0,0,0,0,none,0,,1328030093
,Aşağı Eğlence Yakını Satılık 3+1 Daire - Yatırım Fırsatı,none,0,0,0,0,0,none,0,,1303632079
Ara Kat,YOZGAT BULVAR PARALELİ 3+1 / 1.KAT KONUMU GENİŞ ASANSÖRLÜ DAİRE,none,0,0,0,0,0,none,0,,1335041815
Ara Kat,AYVALI SEVAL CADDESİ YAKINI SIFIR YAPILI 50 m² 1+1 SATILIK DAİRE,none,0,0,0,0,0,none,0,,1309871520
,KARDEŞLERDE 5+1 ASANSÖRLÜ FULL YAPILI DUBLEKS DAİRE,standard,1,0,0,0,1,title,0,,1335931812
Dubleks,"Ayvalıda Masrafsız, Park Cepheli, Lüks 5+1 Dubleks",standard,1,0,0,0,1,detail_and_title,0,,1312431174
Ara Kat,ASLIMLAR'DAN_ETLİK ŞEHİR HAS.YAKINI_3+1_ORTAKAT_ÖN_120M2_ULTRA_,none,0,0,0,0,0,none,0,,1313377476
Ara Kat,AYVALI MEHTAP CADDESİ PARALELİ KÖK TAPU MANZARALI 2+1 DAİRE,none,0,0,0,0,0,none,0,,1333631285
Ara Kat,AYVALI'DA YENİ BİNA ARA KAT İSKANLI ASANSÖRLÜ EBEVYN BANYOLU 3+1,none,0,0,0,0,0,none,0,,1336525195
Ara Kat,YİĞİTLER'DEN AYVALI'DA CADDE ÜZERİ 2.KAT 3+1 KÖK TAPU ÖN CEPHE !,none,0,0,0,0,0,none,0,,1336533126
Ara Kat,OĞULBEY'DEN GAZZE CAD YAKINI 3+1 BAĞIMSIZ FUL YAPILI 1.KAT GÜNEY,none,0,0,0,0,0,none,0,,1308481683
Ara Kat,KENT EMLAK''TAN MENDİL SOKAKTA 3+1 YAPILI 1.KAT KONUMUNDA DAİRE,none,0,0,0,0,0,none,0,,1335758710
,AŞAĞI EĞLENCE DE AÇIK TERASLI 5+1 KÖK TAPU DUBLEX,standard,1,0,0,0,1,title,0,,1336483265
,AŞAĞI EĞLENCE DE CADDE ÜZERİ ÖN CEPHE BAĞIMSIZ SALON KÖK TAPU,none,0,0,0,0,0,none,0,,1332817461
Ara Kat,"Vadi Manzaralı, 2. Kat 3+1 Daire: 140m², Masrafsız, Merkezi Konu",none,0,0,0,0,0,none,0,,1334819231
,"ETLİK ŞELALE PARK EVLERİNDE ARAKAT, FERAH SATILIK LÜKS 4+1 DAİRE",none,0,0,0,0,0,none,0,,1331006158
Ara Kat,Keçiören Yükseltepede 3+1 geniş D. 130 m2 inş: 2015,none,0,0,0,0,0,none,0,,1218130038
,VAROL'DAN KAT KONUMUNDA 137 MT KARE NET KULLANIM CADDE YANI 3+1,none,0,0,0,0,0,none,0,,1325615710
,YÜKSELTEPE'DE PARK MANZARALI KAT KONUMLU FULL YAPILI 3+1 DAİRE,none,0,0,0,0,0,none,0,,1320389506
Ara Kat|Ara Kat Dubleks|Dubleks|En Üst Kat|Bahçe Dubleksi|Çatı Dubleksi|Forleks|Ters Dubleks|Tripleks,NECİP ALBAY'DAN YAYLA MH CD ÜZERİ E.BANYO KÖK TAPU 4+1 SATILIK,roof,1,1,0,0,0,detail,0,,1332069822
Ara Kat|Ara Kat Dubleks|Dubleks|En Üst Kat|Bahçe Dubleksi|Çatı Dubleksi|Forleks|Ters Dubleks|Tripleks,PUSULA'DAN YENİ BİNADA ULAŞIM YAKINI LÜX YAPILI MASRAFSIZ 4+1,roof,1,1,0,0,0,detail,0,,1332130800
Ara Kat,2+1 SIFIR BİNA YERDEN ISITMALI EBEVEYN BANYOLU YATIRIMLIK YAPI,none,0,0,0,0,0,none,0,,1326514546
Ara Kat|Ara Kat Dubleks|Dubleks|En Üst Kat|Bahçe Dubleksi|Çatı Dubleksi|Forleks|Ters Dubleks|Tripleks,SEÇKİN'DEN YAYLA MAH. CAD. ÜZERİ 3+1 ORTA KAT ASANSÖRLÜ DAİRE.!!,roof,1,1,0,0,0,detail,0,,1314190541
Ara Kat,KEÇİÖREN DE CADDE ÜZERİ SATILIK 3+1 DAİRE,none,0,0,0,0,0,none,0,,1320742931
Dubleks,*OVACIK YUVAM EMLAKTAN*MANZARALI ÇİFT GİRİŞLİ 5+1 DUBLEKS,standard,1,0,0,0,1,detail_and_title,0,,1315159562
Ara Kat|Ara Kat Dubleks|Dubleks|En Üst Kat|Bahçe Dubleksi|Çatı Dubleksi|Forleks|Ters Dubleks|Tripleks,METROPOL'DEN YÜKSELTEPE MAH. EŞSİZ YAPI VE KONUMU İLE 4+1SATILIK,roof,1,1,0,0,0,detail,0,,1315576194
En Üst Kat,EROKLAR'DAN FIRSAT 3+1 FULL YAPILI 2 CEPHE 2BALKON KREDİYE UYGUN,none,0,0,0,0,0,none,0,,1328140627
Ara Kat,YAYLA MAHALLESİ 1481 CADDE ÜZERİ 1KAT 3+1 BAĞIMSIZ 130M2 ARAKAT,none,0,0,0,0,0,none,0,,1330998029
Ara Kat,ERKANLAR'DAN_YÜKSELTEPE'DE_CADDE_PARALELİ_KAT_KONUMU_3+1_DAİRE,none,0,0,0,0,0,none,0,,1320164773
En Üst Kat,AHİLER'DEN ESERTEPE PARKINA YAKIN 3 ODA 1 SALON KATTA DAİRE !!,none,0,0,0,0,0,none,0,,1321070031
,OVACIK YANI!! ÜST KAT 140 m2 NET ULTRA YAPILI 3+1+ KİLER,none,0,0,0,0,0,none,0,,1320220645
Ara Kat,Yayla Mah. Manzaralı 4+1 2.Kat -E.Banyo-KrediyeUygun-Asansörlü,none,0,0,0,0,0,none,0,,1329653725
Ara Kat,YÜKSELTEPE KARAKEÇİLİ CD. YAKINI ÖN CEPHE 3+1 FIRSAT DAİRESİ !!!,none,0,0,0,0,0,none,0,,1329999250
Ara Kat,TURAN'DAN ÖZLEM CAD. PARALELİ 2+1 110m2 YATIRIMLIK FIRSAT DAİRE*,none,0,0,0,0,0,none,0,,1298660407
,ESERTEPE DİLEKCAMİ ARKASI 5+1 TERASLI DUBLEX MANZARALI MASRAFSIZ,standard,1,0,0,0,1,title,0,,1330954016
,DOĞAN EMLAK'TAN ÖZLEM CADDESİ ÜZERİ KATDA FIRSAT,none,0,0,0,0,0,none,0,,1331215835
Ara Kat|Dubleks|En Üst Kat|Bahçe Dubleksi|Çatı Dubleksi|Ters Dubleks|Tripleks,ZEN'DEN SANCAKTEPE HAYRİ ERİŞEN YANI ARA KAT YENİ BİNA 3+1!FIRSA,roof,1,1,0,0,0,detail,0,,1331426749
Ara Kat,ETLİK ŞEH HAS 4 KM MESF.KATTA FULL YAPILI ACİL SATILIK 3+1 DAİRE,none,0,0,0,0,0,none,0,,1313764206
Ara Kat,EGEMEN│2. KAT KONUMUNDA YAPILI MASRAFSIZ 3+1 UYGUN FİYATA DAİRE,none,0,0,0,0,0,none,0,,1301959050
Ara Kat,ETLİK'TE 4+1 LÜXSİTE VETERİNERLİK ARKASI 210 m2 MANZARA KÖK TAPU,none,0,0,0,0,0,none,0,,1272868911
,ESERTEPE'DE MASRAFSIZ CADDE YAKINI ASANSÖRLÜ 2+1,none,0,0,0,0,0,none,0,,1320956277
Ara Kat,FUAT ÇETİN'DEN VADİ YANI ORTA KAT ÖN CEPHE FUL YAPILI 4+1 !!!,none,0,0,0,0,0,none,0,,1312673248
En Üst Kat,KARAKEÇİLİ CAD YAKINI FULL YAPILI ÖN CEPHE MANZARALI 3+1,none,0,0,0,0,0,none,0,,1333643058
,Mehtap Caddesi'nde lüks yapılı 4+1 daire,none,0,0,0,0,0,none,0,,1321629374
Ara Kat|Ara Kat Dubleks|Dubleks|En Üst Kat|Bahçe Dubleksi|Çatı Dubleksi|Forleks|Ters Dubleks|Tripleks,SANCAKTEPE MH.KÖK TAPU MASAFSIZ ÇİFT GİRİŞLİ 2+1 DAİRE,roof,1,1,0,0,0,detail,0,,1333839987
Ara Kat|Ara Kat Dubleks|Dubleks|En Üst Kat|Bahçe Dubleksi|Çatı Dubleksi|Forleks|Ters Dubleks|Tripleks,|ARDEN| FULL YAPILI İSKANLI KÖK TAPULU KAT KONUMUNDA 3+1 DAİRE,roof,1,1,0,0,0,detail,0,,1331551857
Ara Kat,Yozgat bulvarı Paraleli K.Otoparklı 4+1Köşe Daire,none,0,0,0,0,0,none,0,,1243707742
,DOĞAN EMLAKTAN CADDE ÜSTÜ ASANSÖRLÜ KÖK TAPU DAİRE !!!,none,0,0,0,0,0,none,0,,1322183831
,^YOZGAT BULVARI PARALELİ SİTE İÇERİSİNDE -SOSYAL DONATILI- 4+1^,none,0,0,0,0,0,none,0,,1334051882
En Üst Kat,MERKEZİ KONUMDA 3+1 3.KAT YAPILI SATILIK DAİRE,none,0,0,0,0,0,none,0,,1334118714
Ara Kat,"Sancaktepe'de Site İçinde Satılık 4+1 Daire, 200m², Masrafsız",none,0,0,0,0,0,none,0,,1334349302
Ara Kat,OTURUM VE YATIRIMIN TEK DOĞRU ADRESİ! KAT KONUMU LÜX YAPILI 2+1*,none,0,0,0,0,0,none,0,,1308075377
,ESERTEPE SALI PAZARI YANI 3+1 BAĞIMSIZ ÇİFT BALKONLU GİRİŞ KAT,none,0,0,0,0,0,none,0,,1334459174
Ara Kat|Ara Kat Dubleks|Dubleks|En Üst Kat|Bahçe Dubleksi|Çatı Dubleksi|Forleks|Ters Dubleks|Tripleks,KADİR EMLAKTAN CADDE ÜSTÜ YAPILI KATTA MASRAFSIZ GENİŞ 3+1 DAİRE,roof,1,1,0,0,0,detail,0,,1328882892
En Üst Kat,BMF EMLAK ESERTEPE MH MANZARALI İSKANLI 3+1,none,0,0,0,0,0,none,0,,1331764899
Ara Kat,ANKARA ESERTEPE MAHALLESİ'NDE FERAH MANZARALI 3+1 SATILIK DAİRE,none,0,0,0,0,0,none,0,,1328109888
,ALYAN'tan ÇAMBAŞI CADDE YAKINI ÇİFT BANYOLU LÜKS YAPI GENİŞ 3+1,none,0,0,0,0,0,none,0,,1334996077
Ara Kat|Ara Kat Dubleks|Dubleks|En Üst Kat|Bahçe Dubleksi|Çatı Dubleksi|Forleks|Ters Dubleks|Tripleks,SARIKAMIŞ CADDESİ TERAS BALKONLU BAĞIMSIZ 3+1 DAİRE,roof,1,1,0,0,0,detail,0,,1322491391
Ara Kat,ŞEHİTKUBİLAY CADDESİ YAKINI 3+1 ARAKATTA TERAS BALKONLU LÜKS DAİ,none,0,0,0,0,0,none,0,,1325571375
Ara Kat,"PRESTİJ KONUTLARINDA PANORAMİK MANZARALI,SATILIK3,5+1GENİŞ DAİRE",none,0,0,0,0,0,none,0,,1332338243
Ara Kat,GÜLTEK'TEN ESERTEPE VADİ YAKINI MANZARALI GENİŞ M2 4+1 DAİRE !,none,0,0,0,0,0,none,0,,1332492933
,KEÇİÖREN OVACIK 5. KAT FUL YAPILI LÜX 4+1,none,0,0,0,0,0,none,0,,1309408883
En Üst Kat,EGEMEN│ETLİK LİS. 5 DAKİKA MESAFEDE 3+1 BAĞIMSIZ 115 M2 DAİRE,none,0,0,0,0,0,none,0,,1318142751
Ara Kat,ÖZLEM CADDESİ ÜZERİ ÖN CEPHE ORTA KAT KÖK TAPU GENİŞ YAPILI 3+1,none,0,0,0,0,0,none,0,,1333293921
,ESERTEPE DE MEGA LÜKS YAPILI 4+1 ASANSÖRLÜ 4. KAT KAÇMAZ!,none,0,0,0,0,0,none,0,,1329963756
Ara Kat,MÜKEMMEL KONUMDA ANKARA MANZARALI CADDE ÜZERİ 3+1,none,0,0,0,0,0,none,0,,1335870421
Ara Kat,ESERTEPE MAHALLESİNDE FIRSAT 3+1 SATILIK DAİRE,none,0,0,0,0,0,none,0,,1312766327
,KEÇİÖREN ŞEHİT KUBİLAY MAH CADDE ÜSTÜ 3+1 2.KAT YENİ BİNA ACİL!,none,0,0,0,0,0,none,0,,1327304114
Dubleks,AGEN'DEN TELEFERİK SON DURAKTA FULL YAPILI 3+1 EŞSİZ DUBLEKS,standard,1,0,0,0,1,detail_and_title,0,,1335040809
Ara Kat,ESTERGON cad üzeri SİTE İÇİ geniş ferah ve KONFORLU LÜX 3+1,none,0,0,0,0,0,none,0,,1333314992
,ESERTEPE MAH FULL YAPILI KREDİYE UYGUN SATILIK 4+1 DAİRE !!!,none,0,0,0,0,0,none,0,,1322128854
En Üst Kat,ANKARA KEÇİÖREN ESERTEPE MAHALLESİNDE SAHİBİNDEN SATILIK DAİRE,none,0,0,0,0,0,none,0,,1336323874
Ara Kat,ŞEHİT KUBİLAY MAHALLESİ 2+1 3. KAT ÇİFT BALKON SATILIK DAİRE,none,0,0,0,0,0,none,0,,1333629733
En Üst Kat,ZİRWE'DEN YOZGAT BULVARI YAKINI ULTRA LÜX YAPILI ARA KAT 4+1...,none,0,0,0,0,0,none,0,,1330752168
Ara Kat,EROKLAR'DAN SANCAKTEPE GÖBEKTE FULL YAPILI 4+1 SİTE DAİRESİ,none,0,0,0,0,0,none,0,,1312843638
Ara Kat,Mehtap caddesine 1 bina mesafede! Arakat Asansörlü 3+1,none,0,0,0,0,0,none,0,,1330557773
Ara Kat,VADİ'DEN KAFKAS'TA SİTE İÇİNDE-FULL YAPILI-ARA KAT-KÖK TAPU 3+1!,none,0,0,0,0,0,none,0,,1330920869
,"YASA'DAN HİSAR'DA EMİNEVİM,FUZULEVİME UYGUN 3+1 FULL YAPILI !!!",none,0,0,0,0,0,none,0,,1331794741
,GÜVENDEN KARAKAYADA GİRİŞ KAT KONUMUNDA 2+1 MASRAFSIZ YAPILI,none,0,0,0,0,0,none,0,,1325580016
,BAĞLUM'DA MASRAFSIZ 2+1 FIRSAT DAİRESİ,none,0,0,0,0,0,none,0,,1325890092
Ara Kat,KEÇIÖREN BAĞLUM'da SURA'dan SATILIK SIFIR DAİRE 4.750.000TL,none,0,0,0,0,0,none,0,,1302808244
Ara Kat,KEÇİÖREN KARAKAYA'DA KREDİYE UYGUN FULL YAPILI KATTA 3+1 DAİRE,none,0,0,0,0,0,none,0,,1332156452
Ara Kat,UZMAN'DAN BAĞLUM KAFKASLAR'DA KÖK TAPU KAT KONUMLU 3+1,none,0,0,0,0,0,none,0,,1326751099
,VADİ'DEN KAFKASLARDA CADDE YAKINI-YATIRIMA UYGUN-2+1-DAİRE !,none,0,0,0,0,0,none,0,,1331903352
Ara Kat,ARICI'DAN BAĞLUM MERKEZDE 3+1 120 M2 KÖK TAPU DAİRE.,none,0,0,0,0,0,none,0,,1307130827
,KEÇİÖRENDE YATIRIMCILARA ÖZEL! EMSAL ALTINDA 1.KAT KAÇMAZ,none,0,0,0,0,0,none,0,,1310200612
Ara Kat,BAĞLUMDA KAÇIRILMAYACAK FIRSAT 3+1 MASRAFSIZ DAİRE,none,0,0,0,0,0,none,0,,1333184881
Dubleks,HAN GAYRİMENKULDEN HİSARDA 3+1 FİYATINA 5+1 SATILIK DUBLEKS,standard,1,0,0,0,1,detail_and_title,0,,1324829827
,KEÇİÖREN KARAKAYA MAH. SATILIK 2+1 SIFIR DAİRE,none,0,0,0,0,0,none,0,,1317772198
Ara Kat,Bağlum Kafkaslar'da 3+1 7. KAT 135 M GENİŞ BALKONLU,none,0,0,0,0,0,none,0,,1323007024
Ara Kat,BAĞLUM BULVAR ÜZERİNDE 2.KAT3+1GÜNEY CEPHE K.OTOPARKLI ŞIK DAİRE,none,0,0,0,0,0,none,0,,1331770347
,KEÇİÖREN ARA KATTA ACİL SATILIK EMSALSİZ GENİŞ DAİRE,none,0,0,0,0,0,none,0,,1332485371
,KARAKAYA MERKEZDE ACİL SATILIK YENİ BİNADA 4+1 FUL YAPILI DAİRE,none,0,0,0,0,0,none,0,,1335728261
Ara Kat,KAFKAS MAH.DE 3+1 GENİŞ M2 BALKON'LU KREDİ'YE UYGUN ACİL FIRSAT!,none,0,0,0,0,0,none,0,,1330095487
En Üst Kat,OTURUMA HAZIR SIFIR BİNADA CADDE ÜZERİ E.BANYOLU LÜKS 3*1 DAİRE,none,0,0,0,0,0,none,0,,1319888568
Ara Kat,LÜX BİNA'da BULVAR YAKINI GİYENME ODALI K.GARAJLI 4+1 150 m²,none,0,0,0,0,0,none,0,,1299107668
En Üst Kat,DAĞ GAYRİMENKUL'DAN KARAKAYA'DA FULL YAPILI ASANSÖRLÜ 3+1 DAİRE,none,0,0,0,0,0,none,0,,1327371705
,SAHİBİNDEN SATILIK 3+1 DAİRE,none,0,0,0,0,0,none,0,,1329982363
Dubleks,ARTI EMLAKTAN TERAS LI 6+1 BAGLUM DA FIRSAT DAİRESİ,standard,1,0,0,0,1,detail,0,,1326517818
Ara Kat,"VADİ SİTESİN'DE FIRSAT KİLERLİ 2.BALKON,2.BANYO 150M2 MANZARALI",none,0,0,0,0,0,none,0,,1332573498
Ara Kat,SATILIK MASRAFSIZ SIFIR DAİRE KEÇİÖREN BAĞLUM,none,0,0,0,0,0,none,0,,1324786327
,JEST'TEN KAT KONUMLU GENİŞ 4+1 KREDİYE UYGUN SATILIK DAİRE,none,0,0,0,0,0,none,0,,1332780529
Ara Kat,DEMİRTAŞ'DAN Bağlum Merkez Katılım Evi Finansmanlarına Uygun 3+1,none,0,0,0,0,0,none,0,,1335418990
,UYANIŞ MH DÜZ GİRİŞ 110 m2 BALKONLU ÖN CEPHE MASRAFSIZ DAİRE,none,0,0,0,0,0,none,0,,1325718481
,"ASCELİK""DEN""BU HAFTAYA ÖZEL_1 KAT KONUMUNDA_DELUX GENİSLİKTE_3+1",none,0,0,0,0,0,none,0,,1320700923
Ara Kat,5A GAYRİMENKULDEN ÇOK TUTALAN 5.ETAP 2. KAT SATILIK FIRSAT DAİRE,none,0,0,0,0,0,none,0,,1332923851
,ROZA EMLAKTAN AKTEPE 2005 TE KOT 1 ASANSÖRLÜ 3+1 İSKANLI GENİŞ,none,0,0,0,0,0,none,0,,1314231958
Dubleks|En Üst Kat|Çatı Dubleksi,ANKARA KEÇİÖREN UYANIŞ DA SATILIK DUBLEKS DAİRE,roof,1,1,0,0,0,detail_and_title,0,title_generic_confirms_detail_subtype,1315326145
Ara Kat,TOKİ 7.ETAPTA KREDİYE UYGUN 3+1 SATILIK DAİRE,none,0,0,0,0,0,none,0,,1334109690
En Üst Kat,UYANIŞ MAH GÜLBABA CADDESİ ÜZERİ FULL YAPILI 5+1 ASANSÖRLÜ TERAS,none,0,0,0,0,0,none,0,,1334832166
En Üst Kat,**LİYAREL GAYRİMENKUL'DEN KATTA BAĞIMSIZ YAPILI MANZARALI 3+1**,none,0,0,0,0,0,none,0,,1325565000
Ara Kat,PARK EVLERİ SİTESİNDE 3+1 ÖNÜ AÇIK ASANSÖRLÜ SATILIK DAİRE,none,0,0,0,0,0,none,0,,1322755888
,(3023) UYANIŞ GÜLBABA CADDE ÜZERİ DUTLUK YAKINI 3+1 KATTA !,none,0,0,0,0,0,none,0,,1328715012
Ara Kat|En Üst Kat,DEMİRAY'DAN UYANIŞ MAH ANA CADDE ÜZERİ LÜX 3+1 SIFIR DAİRELER !!,none,0,0,0,0,0,none,0,,1317757257
,(1253) ITRİ CADDEDE 3+1 KÖK TAPU ASANSÖRLÜ 1.KATTA SATILIK,none,0,0,0,0,0,none,0,,1335382062
Ara Kat,AYYILDIZ EMLAK'TAN K.ÖREN UYANIŞ'TA 3+1 ASANSÖRLÜ DAİRE !!!!!,none,0,0,0,0,0,none,0,,1329937217
Dubleks,SAHİBİNDEN-SATILIK-4+1-ASANSÖRLÜ-ÇİFT TERASLI-DUBLEX,standard,1,0,0,0,1,detail_and_title,0,,1335955636
Ara Kat,"TOKİ Kuzey Ankara'da Kök Tapulu, Krediye Uygun 4+1 Daire",none,0,0,0,0,0,none,0,,1324136621
Ara Kat,UYANIŞ GÜLBABA CAD.ÜZERİNDE KATTA FULL YAPILI MASRAFSIZ LÜX 3+1,none,0,0,0,0,0,none,0,,1336287036
Ara Kat,ORTADİREK'TEN ŞEFKAT'TE 3+1 FULL YAPILI KENTSELE UYGUN ÖN CEPHE,none,0,0,0,0,0,none,0,,1317985815
,NOVA GAYRİMENKUL'DEN ŞEFKAT MAHALLESİ'NDE 3+1 DAİRE,none,0,0,0,0,0,none,0,,1324890803
Ters Dubleks,ÇİFT BANYOLU ÇİFT LAVABOLU MASRAFSIZ SATILIK DAİRE,standard,1,0,0,0,1,detail,0,,1252801889
Ara Kat,8.ETAP* 20.000 TL KİRACILI* ARA KAT* CADDE CEPHELİ* 3.350.000 TL,none,0,0,0,0,0,none,0,,1336600837
Ara Kat,YEŞİLYURT'DAN 4.ETAP NEBAHAT TAŞKIN OKULU YANI 4.KAT KONUMLU 4+1,none,0,0,0,0,0,none,0,,1335618640
Ara Kat,DUTLUK METRO YAKINI 3+1 108 M² NET LÜKS YAPILI 8 YILLIK BİNA,none,0,0,0,0,0,none,0,,1336464188
Ara Kat,ÇAĞLAYAN'DAN KUZEY ANKARA VADİ MANZARALI ARA KATTA BAKIMLI 3+1,none,0,0,0,0,0,none,0,,1320594155
Ara Kat,BADEMLİK CADDE ÜZERİ 2+1 BAHÇE KATI CEPHE KOMPLE AÇIK MASRAFSIZ!,none,0,0,0,0,0,none,0,,1307887350
,GÖKÇEK PARKI YANI KUYUBAŞI METRO YAKINI FULL YAPILI SATILIK,none,0,0,0,0,0,none,0,,1331366175
Ara Kat,BADEMLİK MAH.DE 2+1 ASANSÖR'LÜ GENİŞ M2 KAT KONUMUNDA FUL YAPILI,none,0,0,0,0,0,none,0,,1320262545
Ara Kat,BAĞLARBAŞI'NDA ACİL KATTA 3+1 YAPILI SİTE DAİRESİ,none,0,0,0,0,0,none,0,,1325385840
Dubleks|En Üst Kat|Çatı Dubleksi,KEÇİÖREN 23 NİSAN MAH ASANSÖRLÜ 5+1 ÖNÜ AÇIK VADİ MANZARA DUBLEX,roof,1,1,0,0,0,detail_and_title,0,title_generic_confirms_detail_subtype,1331402496
En Üst Kat,SAHİBİNDEN BADEMLİK MAHALLESİNDE 3+1 SATILIK DAİRE,none,0,0,0,0,0,none,0,,1331519866
,BADEMLİK CADDESİ YAKINI ORTA KAT 3+1 GENİŞ 140M2 ASANSÖRLÜ,none,0,0,0,0,0,none,0,,1331753426
Dubleks|En Üst Kat,7 YILLIK BİNADA SIFIR AYARINDA GENİŞ ANKARA MANZARALI ÇİFT GİRİŞ,standard,1,0,0,0,1,detail,0,,1325805824
Ara Kat,EMNİYETTEN FULL MANZARALI ÖN CEPHE SİTE DAİRESİ,none,0,0,0,0,0,none,0,,1325931906
Ara Kat Dubleks,BAĞLARBAŞI CAD. YAKINI OKUL YANI 3+1 DUBLEKS YAPILI TURYAP'TAN,middle_floor,1,0,0,1,0,detail_and_title,0,title_generic_confirms_detail_subtype,1268991120
Ara Kat|Ara Kat Dubleks|Dubleks|En Üst Kat|Bahçe Dubleksi|Çatı Dubleksi|Forleks|Ters Dubleks|Tripleks,ON9'DAN AKTEPE STADI YANI GİRİŞ KAT 3+1 EMSALSİZ FİYAT KÖK TAPU,roof,1,1,0,0,0,detail,0,,1332196327
,fatih lisesi arkası sahibinden 2+1,none,0,0,0,0,0,none,0,,1332510701
Ara Kat,KEÇİÖREN BAĞLARBAŞINDA SİTE İÇERİSİNDE ASANSÖRLÜ DAİRE,none,0,0,0,0,0,none,0,,1316768986
Ara Kat,ACİL FİYAT DÜŞTÜ!!LÜX YAPILI METRO KIZLARPINARI YAKINI 4+1 DAİRE,none,0,0,0,0,0,none,0,,1332745082
,VEGA AVME YAKINI ORTA KAT SATİLİK DAİRE,none,0,0,0,0,0,none,0,,1332843627
,BAĞLARBAŞI MAH BURSA CAD YAKIN 3+1 BALKONLU 1 BAĞIMLI FULL YAP.,none,0,0,0,0,0,none,0,,1333394085
Dubleks|Çatı Dubleksi,"AKTEPE STADINA KOMŞU, GENİŞ TERASLI, SATILIK 6+1 DUBLEKS DAİRE",roof,1,1,0,0,0,detail_and_title,0,title_generic_confirms_detail_subtype,1321255414
,KEÇİÖREN BAĞLARBAŞI MAHALLLESİNDE SATILIK 4+1,none,0,0,0,0,0,none,0,,1333164322
Ara Kat,ARIKAN YATIRIMDAN 3+1 ÇALDIRANDA SATILIK YAPILI DAİRE,none,0,0,0,0,0,none,0,,1314445250
Ara Kat,"Keçiören Bademlik'te Satılık 4+1, 150m² Manzaralı Daire",none,0,0,0,0,0,none,0,,1331705359
Ara Kat,BADEMLİK'TE CADDE YANI KAT KONUMLU MASRAFSIZ/ASANSÖRLÜ,none,0,0,0,0,0,none,0,,1327680730
Ara Kat,ÖZKOÇ EMLAKTAN 1. KAT KONUMUNDA METRO YAKINI SATILIK DAİRE,none,0,0,0,0,0,none,0,,1316549093
Ara Kat,HAYAL'DE ADNAN MENDERES MH METRO YAKINI ULTRA LÜX 3+1 ARA KAT!!,none,0,0,0,0,0,none,0,,1334154384
,KEÇİÖREN KÖŞK'TE 3.5+1 TÜM CEPHELER AÇIK MASRAFSIZ ACİL SATILIK,none,0,0,0,0,0,none,0,,1327771362
Ara Kat,SUFFE'DEN ORTA KAT ÖN CEPHE MASRAFSIZ CADDENİN BİR SIRTI FIRSAT,none,0,0,0,0,0,none,0,,1330929858
,BADEMLİK CADDE ÜZERİ FULL YAPILI GİRİŞ 2+1 SATILIK DAİRE,none,0,0,0,0,0,none,0,,1314512490
,DOĞDU EMLAK'TAN GENİŞ AİLE'LERE 6+2 375M2 FUL YAPILI DUBLEXX,none,0,0,0,0,0,none,0,,1320671982
,Alana Hayırlı Olsun,none,0,0,0,0,0,none,0,,1331757654
,EMLAK DÜNYASINDAN 1. KAT ÖN CEPHE 3+1 BAĞIMSIZ BALKONLU DAİRE,none,0,0,0,0,0,none,0,,1322519448
,DUTLUK ANAVATAN CADDE YAKINI 3+1 MASRAFSIZ SATILIK KUPON DAİRE..,none,0,0,0,0,0,none,0,,1326218324
Dubleks,AKTEPE MAH. ELİT EMLAK'TAN 5+1 ÇİFT GİRİŞ LÜKS YAPILI DUBLEKS,standard,1,0,0,0,1,detail_and_title,0,,1334398431
,HAYAL EMLAKTAN ÇALDIRAN MAHALLESİNDE CADDEYE YAKIN 2.5+1,none,0,0,0,0,0,none,0,,1334229539
Ara Kat,AKTEPE MERKEZDE 4+1 İKİ BANYOLU ASANSÖRLÜ MANZARALI,none,0,0,0,0,0,none,0,,1334425846
Çatı Dubleksi,DÜŞTÜ!!DUTLUK GÖBEK YAKINI MANZARALI 5+1 260 M2 GENİŞ FULL YAPI!,roof,1,1,0,0,0,detail,0,,1334452327
En Üst Kat,PRESTİJ KONUTLARI'NDA 340 M² NET | 50 M² TERAS | 6+1 ÖN CEPHE,none,0,0,0,0,0,none,0,,1335019952
,"BADEMLİK MH ""120 m2 GENİŞ"" BALKONLU KÖK TAPU ""3+1"" KUPON DAİRE",none,0,0,0,0,0,none,0,,1334243026
En Üst Kat,DK PRİME'DAN 3.ETAP'TA 4+1 ASANSÖRLÜ ANKARA MANZARALI!!,none,0,0,0,0,0,none,0,,1334289692
,Sevgi Sitesi'nde Satılık Giriş Kat 3+1 Daire (135m²),none,0,0,0,0,0,none,0,,1331417070
,KADİR AYDINTEPEDEN HAVACILAR SİTESNDE KENTSL DÖNÜŞÜMDE KATTA 2+1,none,0,0,0,0,0,none,0,,1322721933
,BAĞIMSIZ SALON 3. KAT MASRAFSIZ GENİŞ M2 KUPON 3+1 DAİRE,none,0,0,0,0,0,none,0,,1328497056
Ara Kat,KAMER EMLAK'TAN KEÇİÖREN KÖŞK MAH.YAPILI ACİLL SATILIK 3+1 DAİRE,none,0,0,0,0,0,none,0,,1312151657
Ara Kat,"AÇIK CEPHE! ŞEHİR MANZARALI,YAPILI SATILIK 3+1 (DUBLEX TAKASLI)",standard,1,0,0,0,1,title,0,,1305662882
Ara Kat,HAYAL'DE KUYUBAŞI METRO YAKINI 3+1 1.KATTA 120 M2 İLK GELEN ALIR,none,0,0,0,0,0,none,0,,1335234954
,Güzelyurt mahallesinde yapılı 3+1 daire sahibinden,none,0,0,0,0,0,none,0,,1334622759
,NEWER GLOBAL'DEN ITRİ CD.YAKINI BİNA YAŞI GENÇ BAĞIMSIZ 3+1,none,0,0,0,0,0,none,0,,1334734344
Ara Kat,4+1 Geniş Ferah Bakımlı Aktepe TOKİ Sahibinden,none,0,0,0,0,0,none,0,,1334753427
,DEMİRAY'DAN*BAĞLARBAŞINDA*KATTA*3+1*TEMİZ*KÖK TAPU*ACİL,none,0,0,0,0,0,none,0,,1335025287
,Halk Bankası'ndan Ankara Keçiören Satılık Konut,none,0,0,0,0,0,none,0,,1323868116
Ara Kat,**KEÇİÖREN BAĞLARBAŞINDA KİRACILI 3+1! YATIRIM İÇİN KAÇMAZ!**,none,0,0,0,0,0,none,0,,1232405244
,DOĞDU EMLAK'TAN MELEK ÖZEN İLKOKULU ARKASI 3+1 DAİRE,none,0,0,0,0,0,none,0,,1334983478
,sahibinden satılık 3+1 daire,none,0,0,0,0,0,none,0,,1334935013
Ara Kat,HAYAL'DE 23 NİSAN MH'DE 2+1 FULL YAPILI ALTI DAİRE GİRİŞ KUPON !,none,0,0,0,0,0,none,0,,1329465409
,VADİM EMLAK'TAN KEÇİÖREN ADNAN MENDERES MAH ACİL SATILIK 4+1 DAİ,none,0,0,0,0,0,none,0,,1301479628
,eXpress'ten KEÇİÖREN DE UYGUN FİYATLI 3+1 BALKONLU GİRİŞ KAT !!!,none,0,0,0,0,0,none,0,,1322136634
,VADİ EMLAK'TAN KUYUBAŞI METRO YAKINI 3+1 Y.GİRİŞ TEMİZ DAİRE,none,0,0,0,0,0,none,0,,1277857580
Ara Kat,SAHİBİNDEN SATILIK CADDE ÜZERİNDE 3+1 ASANSÖRLÜ DAİRE,none,0,0,0,0,0,none,0,,1309158103
Ara Kat|Ara Kat Dubleks|Dubleks|En Üst Kat|Bahçe Dubleksi|Çatı Dubleksi|Forleks|Ters Dubleks|Tripleks,ADNAN KAHVECİ CAD. YAKINI ASANSÖRLÜ EBEVEYN BANYOLU YAPILI 3+1,roof,1,1,0,0,0,detail,0,,1326314524
,KEÇİÖREN'DE YAPILI 3+1 | ARA KAT | GÜNEYBATI CEPHE | ASANSÖRLÜ,none,0,0,0,0,0,none,0,,1335225955
Ara Kat|Ara Kat Dubleks|Dubleks|En Üst Kat|Bahçe Dubleksi|Çatı Dubleksi|Forleks|Ters Dubleks|Tripleks,FULL YAPILI MASRAFSİZ ARA KAT BAĞIMSIZ 3+1 DAİRE !!!!,roof,1,1,0,0,0,detail,0,,1329443810
,ortak kat manzaralı daire,none,0,0,0,0,0,none,0,,1329884353
Ara Kat,DÜŞTÜ!! DUTLUK METRO YAKINI 3+1 1.KATTA İLK GELEN ALIR KUPOON !,none,0,0,0,0,0,none,0,,1332902547
,HACI KADIN PAZARI ALTINDA ANAVATAN CADDESİNE 1 BİNA 2+1 .....,none,0,0,0,0,0,none,0,,1335764509
Ara Kat,DUTLUK GÖBEK YAKINI KOZLUCA SOK. ARA KAT SATILIK BAĞIMSIZ 3+1,none,0,0,0,0,0,none,0,,1335587777
,HAYAL'DE DUTLUK METRO & ÖZYURT CADDE YAKINI ASANSÖRLÜ 2+1 DAİRE,none,0,0,0,0,0,none,0,,1335613421
En Üst Kat,SEV-AL EMLAK'TAN ANKARA MANZARALI YAPILI 3+1 DAİRE,none,0,0,0,0,0,none,0,,1317237947
Ara Kat,Sahibinden Bağımsız 3+1 Gökçek Parkı Arkası Metroya Yakın Daire,none,0,0,0,0,0,none,0,,1335784241
,X GAYRİMENKUL'DEN Köşk Mahallesi Satılık 2+1 Giriş Kat Daire,none,0,0,0,0,0,none,0,,1327324599
En Üst Kat,VADİ EMLAK'TAN BAĞLARBAŞI MAH.FULL+FULL YAPILI AÇIK CEPHELİ 3+1,none,0,0,0,0,0,none,0,,1313751290
Ara Kat|Ara Kat Dubleks|Dubleks|En Üst Kat|Bahçe Dubleksi|Çatı Dubleksi|Forleks|Ters Dubleks|Tripleks,HARİKA LOKASYON YENİ BİNA VİLLA KONSEPT 4+1 GENİŞ M2 KUPON DAİRE,roof,1,1,0,0,0,detail,0,,1330732409
,KEÇİÖREN TURYAP TA DUTLUK METROYA YAKIN GİRİŞ KAT KONUMLU 2+1,none,0,0,0,0,0,none,0,,1325379054
,KÖŞK MAHALLESİNDE 5+1 DUBLEX KAPALI TERASLI.....,standard,1,0,0,0,1,title,0,,1336138740
En Üst Kat,VADİM EMLAK'TAN KEÇİÖREN KÖŞK MAH ACİL SATILIK 3+1 DAİRE,none,0,0,0,0,0,none,0,,1309689157
Ara Kat,KEÇİÖREN AKTEPE 23 NİSAN MAHALLESİNDE KATTA SATILIK 2+1 DAİRE,none,0,0,0,0,0,none,0,,1324838902
,ÇALDIRAN MAH BAĞIMSIZ 3+1 SATILIK ÖN CEPHE DAİRE,none,0,0,0,0,0,none,0,,1312682575
Ara Kat,▄SEYİT GAYRİMENKUL▄DUTLUK TOKİ'DE 4.KAT MANZARA CEP.FULL YAPILI!,none,0,0,0,0,0,none,0,,1334736201
Ara Kat,HEMEN TAŞIN!!! NATO YAKINI DÜZLÜKTE SIFIR EBEVEYN BANYOLU FULL,none,0,0,0,0,0,none,0,,1331761655
Ara Kat,仺EXTRA仺KAT KONUMUN'DA MERKEZİ LOKASYON MASRAFSIZ FERAH 3+1DAİRE,none,0,0,0,0,0,none,0,,1324146687
Ara Kat,"TUZLUÇAYIR MAHALLESİNDE YAPILI, MASRAFSIZ 3+1 SATILIK DAİRE",none,0,0,0,0,0,none,0,,1319623729
,TUZLUÇAYIR MH. 2+1 BU FİYATA BÖYLE BİR DAİRE YOK!! KAÇMAZ FIRSAT,none,0,0,0,0,0,none,0,,1331832383
,NATOYOLUNDA 2+1 GİRİŞKAT BALKONLU ALTINDA DAİRE VAR GÜNEŞ FIRSAT,none,0,0,0,0,0,none,0,,1324943023
Ara Kat,AYIN FIRSATI ASANSÖRLÜ SATILIK 3+1 DAİRE SEÇİLMİŞ GAYRİMENKUL'de,none,0,0,0,0,0,none,0,,1331955145
,SAHİBİNDEN CADDE ÜZERİ FULL YAPILI,none,0,0,0,0,0,none,0,,1331868509
Ara Kat,MANZARALI TERAS BALKONLU ASANSÖRLÜ TAMAMEN YAPILI 3+1 SATILIK,none,0,0,0,0,0,none,0,,1319812831
Ara Kat|Dubleks,MAMAK BELEDİYE KARŞISI ASANSÖRLÜ SATILIK 4+1 DUBLEX,middle_floor,1,0,0,1,0,detail_and_title,0,title_generic_confirms_detail_subtype,1309126857
,"GÜLER EMLK,TAN MİSKETDE SATLIK 3+1 GİRİŞ KAT DAIRE İSKANLI",none,0,0,0,0,0,none,0,,1325977857
Dubleks|En Üst Kat|Çatı Dubleksi,ŞAHİNTEPE'DE 4+1 TERAS DUBLEKS MANZARALI FULL+FULL YAPILI İSKANL,roof,1,1,0,0,0,detail_and_title,0,,1315977550
,ONLİNE EMLAKTAN MAMAK MISKET MH ARAKAT ÖN CEPHE YAPILI 3+1,none,0,0,0,0,0,none,0,,1320850721
Çatı Dubleksi,MAMAK ŞAHINTEPE MAH NATO YOLU CAD ÜSTÜ 4+1 SATILIK DUBLEKS,roof,1,1,0,0,0,detail_and_title,0,title_generic_confirms_detail_subtype,1327314367
Dubleks,KRC'DEN ÇAĞLAYAN MAHALLESİNDE ÖNÜ AÇIK YAPILI 4+1 DUBLEKS DAİRE,standard,1,0,0,0,1,detail_and_title,0,,1328099463
Ara Kat,ŞAHİNTEPEDE CADDE YAKINI FULL YAPILI 2+1 DAİRE!!!,none,0,0,0,0,0,none,0,,1333326958
,ŞİRİNTEPE'DE ULTRA LÜKS YAPILI KELEPİR 3+1 DAİRE FIRSATI,none,0,0,0,0,0,none,0,,1331737833
Ara Kat,SEÇ'TEN MİSKET MH ASANSÖRLÜ CADDE ÜZERİ 3+1 YAPILI ARA KAT!,none,0,0,0,0,0,none,0,,1327276774
,SAHİBİNDEN Şahintepe mahallesinde 2+1 satılık daire,none,0,0,0,0,0,none,0,,1334028961
,AKSOY EMLAK'TAN HOCALI CADDE YAKINI FIRSAT 2+1 DAİRE,none,0,0,0,0,0,none,0,,1317621824
,SAFARİDEN TUZLUÇAYIR GÖBEK YAKINI ARA KAT 120 M2 3+1 DAİRE,none,0,0,0,0,0,none,0,,1334290111
,"Tuzluçayır Merkezde, Yüksek Giriş 2+1 Daire",none,0,0,0,0,0,none,0,,1328483459
Dubleks|En Üst Kat|Çatı Dubleksi,▃ARVEN▃ŞAHİNTEPE ÇİFT ASANSÖRLÜ LÜX TASARIMLI K.TERAS 4+1 DAİRE,roof,1,1,0,0,0,detail,0,,1328502759
Ara Kat,"""HG GAYRİMENKULDEN""MEHMET ÇEKİÇ OKULU KARŞISI KATTA 3+1 110M2!!!",none,0,0,0,0,0,none,0,,1325334945
Ara Kat,FIRSAT! NATOYOLU CD YANI 3+1 TERAS BALKONLU MASRAFSIZ DAİRE.!,none,0,0,0,0,0,none,0,,1331789562
Ara Kat,HOCALI CADDE DİBİ ARA KATTA MASRAFSIZ DAİRE,none,0,0,0,0,0,none,0,,1332775519
Dubleks,█MİRANBEY█BELEDİYE ÖNÜ FULL YAPILI TREN KARŞISI 5+1 DUBLEX,standard,1,0,0,0,1,detail_and_title,0,,1321760001
Ara Kat|Ara Kat Dubleks|Dubleks|En Üst Kat|Bahçe Dubleksi|Çatı Dubleksi|Forleks|Ters Dubleks|Tripleks,Tuzluçayır Göbekte Köşe Konum Yüksek Görünürlüklü İş Yeri,roof,1,1,0,0,0,detail,0,,1294453182
Ara Kat,ANKARA MAMAK ŞAHİNTEPE MAH CAD DE ÜSTÜNDE SATLIK DAİRE,none,0,0,0,0,0,none,0,,1326341988
Ara Kat,NATOYOLU CADDE YAKINI FULL YAPILI 3+1 MASRAFSIZ SATILIK DAİRE !!,none,0,0,0,0,0,none,0,,1313746172
,NATO YOLU CADDESİ 4+1 SATILIK TERASLI DUBLEKS YAPILI,standard,1,0,0,0,1,title,0,,1335036417
Ara Kat,MK PRESTİGE'DEN NATOYULU CADDE DİBİNDE YÜKSEK KREDİ İMKANI2+1,none,0,0,0,0,0,none,0,,1329619275
,TUZLUÇAYIR'DA UYGUN FİYATLI GÖBEĞE YAKIN DAİREMİZ,none,0,0,0,0,0,none,0,,1335314238
Ara Kat,KREDİYE UYGUN CADDE DİBİ MERKEZİ KONUMDA 3+1 SATILIK DAİRE,none,0,0,0,0,0,none,0,,1335566879
,KONUT YATIRIM DAN FIRSAT DAİRE,none,0,0,0,0,0,none,0,,1335395823
Ara Kat,█TR FİNANS█MUHTAR GANİ PİLAVCI CD ASANSÖRLÜ FULL MANZARALI 130M2,none,0,0,0,0,0,none,0,,1323743419
Ara Kat,MAMAK ŞAHİNTEPE'DE NATAYOLU'NA 1 DK | 3+1 | 120 M² SATILIK DAİRE,none,0,0,0,0,0,none,0,,1335446111
Dubleks,⫸UZUNYIL⫷ MİSKET MAHALLESİNDE KAÇIRILMAYACAK FIRSAT 4+1 DUBLEKS,standard,1,0,0,0,1,detail_and_title,0,,1305367885
,HOCALI CADDE YAKINI İSKANLI ISI YALITIMLI FULL YAPILI KATTA 2+1,none,0,0,0,0,0,none,0,,1324370726
Ara Kat,ALN'DEN | ŞİRİNTEPE MAH. | SATILIK 3+1 | CAM BALKONLU | KÖK TAPU,none,0,0,0,0,0,none,0,,1332777350
,BALDEMİR'DEN ŞAHİNTEPE MH KÖK TAPULU 2+1 SATILIK,none,0,0,0,0,0,none,0,,1335740754
Ara Kat,ASKEY'DEN TUZLUÇAYIR'DA MASRAFSIZ DÜZ AYAK YAPILI Y.GİRİŞ DAİRE!,none,0,0,0,0,0,none,0,,1335806743
,▄EVGA▄ŞAHİNTEPE MAHALLESİ GAMZE ÖZDEMİR CADDESİ ÜZERİ 3+1 DAİRE,none,0,0,0,0,0,none,0,,1324000203
Ara Kat,ANKARA MAMAK ŞİRİNTEPE MAH AİLE SAGLIK OCAĞINA YAKIN ASANSÖRLÜ,none,0,0,0,0,0,none,0,,1336100808
,TUZLUÇAYIR MEYDANINA 300 M MESAFEDE SATILIK YAPILI 1+1 DAİRE,none,0,0,0,0,0,none,0,,1301091633
Ara Kat|En Üst Kat,HOCALI CAD YAKINI %70 KREDİ İMKANI İLE KATTA MASRAFSIZ KUPON 3+1,none,0,0,0,0,0,none,0,,1322531525
,NATOYOLU YAKIN MUAZZAM KONUM DÜZ GİRİŞ 2+1,none,0,0,0,0,0,none,0,,1326921882
Ara Kat,CANTANEM | TEB BANKASI YANI -NATO YOLU DİBİ KONUM^KULLANIŞLI 3+1,none,0,0,0,0,0,none,0,,1321249731
Ara Kat,"Satılık 3+1 Daire: Masrafsız, İskanlı, Yalıtımlı, 105m²",none,0,0,0,0,0,none,0,,1336345513
Dubleks,█ 7KAPI █ HOCALI CAD ÜZERİ 4+1 YAPILI ASANSÖRLÜ SATILIK DUBLEKS,standard,1,0,0,0,1,detail_and_title,0,,1318937931
Ara Kat,"TUZLUÇAYIRDA CADDE ÜZERİ 1,KATTA 3+1 120M2 YATIRIMLIK DAİRE",none,0,0,0,0,0,none,0,,1316486811
,▃ŞAHİNTEPE MAH. CADDE KENARI TERASLI İSKANLI MASRAFSIZ DUBLEX!▃,standard,1,0,0,0,1,title,0,,1336374398
En Üst Kat,TREN-BELEDİYE YAKINI-HAZIR KİRACILI-EŞYALI SATILIK DAİRE !!!,none,0,0,0,0,0,none,0,,1297919511
Ara Kat,KARAAĞAÇ TOKİ SİTE İÇERİSİNDE ARAKAT 2+1 SATILIK DAİRE,none,0,0,0,0,0,none,0,,1294088012
Ara Kat,sahibinden acil,none,0,0,0,0,0,none,0,,1330857515
,KIBRISKÖYÜ'NDE 3+1 TERAS BALKONLU FIRSAT SİTE DAİRESİ...!!!,none,0,0,0,0,0,none,0,,1331346433
Ara Kat,ERSU DAN GOP SİTESİ GÜLVEREN LİSESİ YAKINI SATILIK KONUT3+1,none,0,0,0,0,0,none,0,,1329848266
Ara Kat,AVANTAJ'DAN KIBRISKÖY'DE CADDE ÜZERİ ULTRA LÜX TERAS BALK. 3+1 !,none,0,0,0,0,0,none,0,,1336413807
Ara Kat,KRC'DEN HÜSEYİNGAZİ MAHALLESİNDE 3+1 SATILIK DAİRE !!!,none,0,0,0,0,0,none,0,,1331782233
En Üst Kat,JÜPİTER'DEN MEHTAP MAHALLESİNDE FULL YAPILI 3+1 SATILIK DAİRE,none,0,0,0,0,0,none,0,,1319721329
Ara Kat,ZİRVEKENT'TE SATILIK 1+1 ANK MANZRALI DAİREMİZ WATCH VİDEO,none,0,0,0,0,0,none,0,,1332918561
,TORUNLİFE'DEN MAMAK ÇARŞI YAKINI 2+1 GİRİŞ KAT & BAHÇELİ DAİRE!!,none,0,0,0,0,0,none,0,,1326323008
Ara Kat,MAMAK BELEDİYE YAKINI Y.GİRİŞ 2+1 FUL YAPILI SATILIK DAİRE,none,0,0,0,0,0,none,0,,1326311860
En Üst Kat,"""SATILIK ""ZiRVEKENT'te 1+1 DAiRE/DOĞALGAZ KOMBİLİ/ANKARA CEPHELİ",none,0,0,0,0,0,none,0,,1320735113
,ZİRVEKENTTe 1+1 TERTEMİZ MASRAFSIZ 1+1 SATILIK DAİRE WATCH VİDEO,none,0,0,0,0,0,none,0,,1326291589
Ara Kat,ÖZDEMİR İNŞAAT'TAN KIBRISKÖY'DE FULL YAPILI 4+1 YERDEN ISITMALI,none,0,0,0,0,0,none,0,,1330738250
,sahibinden borçsuz 1+1,none,0,0,0,0,0,none,0,,1332820869
En Üst Kat,"!!TAMKOÇ""DAN HER KATTA UYGUN SIFIR FIRSAT DAİRELER",none,0,0,0,0,0,none,0,,1331755902
,Masrafsız bakımlı 3+1,none,0,0,0,0,0,none,0,,1315184734
Ara Kat,KIBRISKÖY PRESTİJ EVLERİNDE 1. KAT GÜNEY CEPHE SIFIR DAİRE | AGG,none,0,0,0,0,0,none,0,,1333826085
,MAMAK BELEDİYE YAKINI CADDE ÜZERİ 3+1 SATILIK DAİRE ÇİFT BALKON,none,0,0,0,0,0,none,0,,1334261333
Ara Kat,Kıbrısköy'de Sıfır Binada Masrafsız Yapılı 3+1 ~Yılmaz Emlak,none,0,0,0,0,0,none,0,,1327073373
Ara Kat,KRC'DEN SİTE İÇERİSİNDE MASRAFSIZ 4 + 1 SATILIK DAİRE!,none,0,0,0,0,0,none,0,,1333670235
En Üst Kat,"Kayaş'ta Şehir Manzaralı, 3+1, Lüks Yapılı,FİYAT DÜŞTÜ ACİLLL!",none,0,0,0,0,0,none,0,,1320268315
Ara Kat,OKULLAR CADDESİNDE ÖN CEPHE YAPILI 2. KAT SATILIK DAİRE,none,0,0,0,0,0,none,0,,1319632898
Ara Kat,"Altıneller'de mah 2+1 Daire, 90m², Güney Cepheli, Merkezi Konum",none,0,0,0,0,0,none,0,,1305218734
,NOR'DAN KARAAĞAÇ TOKİ BLOKLARI 3+1 HİÇ KULLANILMAMIŞ 0 DAİRE !,none,0,0,0,0,0,none,0,,1334431739
Ara Kat,⫸UZUNYIL⫷KARAAĞAÇ MAHALLESİNDE CADDE ÜZERİNDE KATTA 3+1 SATILIK,none,0,0,0,0,0,none,0,,1315726631
,Yüksek kira getirili 1+1 daire,none,0,0,0,0,0,none,0,,1334101242
Ara Kat,"BUKULE'DE SATILIK 2+1 KUPON FİYAT, 24 SAAT GÜVENLİKLİ",none,0,0,0,0,0,none,0,,1334302281
Ara Kat|Ara Kat Dubleks|En Üst Kat,CADDE YAKINI FULL YAPILI 6+1 SATILIK DUBLEKS DAİRE,middle_floor,1,0,0,1,0,detail_and_title,0,title_generic_confirms_detail_subtype,1328338071
Ara Kat,ASLAN PRİME TOKİ BLOKLARINDA 1.KAT 1+1 HAZIR TAPULU EŞYALI,none,0,0,0,0,0,none,0,,1335022085
Ara Kat,YAREN GAYRİMENKULDEN MASRAFSIZ 3+1 SATILIK SİTE DAİRESİ,none,0,0,0,0,0,none,0,,1328928537
Ara Kat,ERCİYAS EMLAK'TAN ALTIAĞAÇ TOKİDE BORÇSUZ TAPULU 3.5+1 DAİRE,none,0,0,0,0,0,none,0,,1322989646
Ara Kat,ULTRA LÜX_İskanlı_ARA KAT_ASANSÖRLÜ_BALKONLU_2+1_Satılık,none,0,0,0,0,0,none,0,,1332107639
Ara Kat,AVANTAJDAN KAYAŞTA TREN YAKINI YÜKSEK KİRA GETİRİLİ EŞYALI DAİRE,none,0,0,0,0,0,none,0,,1329146269
Ara Kat,VALENTİADAN ZİRVEKENT TOKİ FULL EŞYALI ARA KAT 1+1 SATILIK DAİRE,none,0,0,0,0,0,none,0,,1327541955
Dubleks,Kayaş'ta Satılık 4+1 Dubleks Daire | Başer Gayrimenkul,standard,1,0,0,0,1,detail_and_title,0,,1329481218
En Üst Kat,▇EVİN BURADA▇100.YIL SİTESİ 3+1 MANZARALI BOŞ MASRAFSIZ DAİRE,none,0,0,0,0,0,none,0,,1321278863
Ara Kat,GÜVEN EMLAK'TAN SİTE İÇİNDE SORUNSUZ KREDİ İMKANI 3+1 MASRAFSIZ,none,0,0,0,0,0,none,0,,1313832617
,ZERDALİ TEPEDE TEMİZ DAYRE,none,0,0,0,0,0,none,0,,1323413799
,NUR EMLAK'TAN KIBRISKÖY'DE TERAS BALKONLU ASANSÖRLÜ 3+1 DAİRE!,none,0,0,0,0,0,none,0,,1335403941
Ara Kat,AVANTAJDAN KIBRISKÖYDE CADDE DİBİ KATTA 3+1 GENİŞ BALKONLU DAİRE,none,0,0,0,0,0,none,0,,1335419530
Ara Kat,ALTINEVLER'DE SİTE İÇİ FULL YAPILI KÖK TAPU SATILIK DAİRE仺EXTRA仺,none,0,0,0,0,0,none,0,,1333301181
En Üst Kat,CİHAN EMLAKTAN ALTIAĞAÇ TOKİ FULL YAPILI SATILIK 3+1 DAİRE,none,0,0,0,0,0,none,0,,1323711311
,MAMAK BELEDİYE YAKINI ANA CADDE DE SATILIK 3+1 BAKIMLI ÖN CEPHE,none,0,0,0,0,0,none,0,,1311827302
Ara Kat,⫸MRT DEN ⫷SÜPER LOKASYON KIBRISKÖY MH SIFIR ULTRA LÜX YAPILI 3+1,none,0,0,0,0,0,none,0,,1329227717
Ara Kat,HARMAN MAHALLESİ ASANSÖRLÜ ÖN CEPHE 3+1TEMİZ DAİRE,none,0,0,0,0,0,none,0,,1335824912
,ALTINEVLER TOKİDE MERKEZİ YERDE 3+1 KATTA DAİRE,none,0,0,0,0,0,none,0,,1335835679
En Üst Kat,Karaağaçta Sahibinden İhtiyaçtan Satılık 3+1 Takasa Açık,none,0,0,0,0,0,none,0,,1335877368
,sahibinden satılık daire,none,0,0,0,0,0,none,0,,1335975833
En Üst Kat,| METROPOL |SİTE İÇERİSİNDE MAVİ GÖL MANZARALI ULTRA GENİŞ 3.5+1,none,0,0,0,0,0,none,0,,1322720647
,KRC'DEN MERKEZİ KONUMDA YAPILI SATILIK 3+1 DAİRE,none,0,0,0,0,0,none,0,,1324546461
Ara Kat,▄ASİL▄SUZAN MEHMET GÖNÇ DİBİ ASANSÖRLÜ 3+1 FULL YAPILI ACİL!,none,0,0,0,0,0,none,0,,1330305515
,Sahibinden 3+1 Satılık Daire,none,0,0,0,0,0,none,0,,1336165328
En Üst Kat,BAHÇELERİÇİ MAHALLESİ MAMAK MERKEZDE MANZARALI DUBLEKS DAİRE,standard,1,0,0,0,1,title,0,,1327586409
En Üst Kat,YAREN GAYRİMENKUL'DEN 1 YAŞINDA İSKANLI 3+1 FIRSAT DAİRE,none,0,0,0,0,0,none,0,,1330261684
Ara Kat,ALBAYRAK MUHTARLIK/PAZARYERİ BÖLGESİN'DE ( KÖK TAPU) 2+1 FIRSAT.,none,0,0,0,0,0,none,0,,1336317870
Ara Kat,KAYA GRUP'TAN TERAS BALKONLU 3+1 YAPILI SİTE DAİRESİ,none,0,0,0,0,0,none,0,,1336299212
Ara Kat,"BAŞER'DEN SATILIK 3+1 BAKIMLI,ASANSÖRLÜ,GENİŞ BALKON VE MUTFAKLI",none,0,0,0,0,0,none,0,,1303334082
En Üst Kat,"!!TAMKOÇ""DAN SATILIK YENİ BİNA LÜKS YAPILI GENİŞ M2 3+1 DAİRE",none,0,0,0,0,0,none,0,,1320778492
Ara Kat,Ankara Mamak Üreğil Mahallesi 5+1 294m²Satılık Çatı Aralı Mesken,none,0,0,0,0,0,none,0,,1314926462
Ara Kat,▄GENÇASLAN▄ SAMSUN YOLUNA CEPHELİ MANOLYA SİTESİ 3+1 YÜKSEK KAT,none,0,0,0,0,0,none,0,,1334254631
,GAZİ GÖBE'ĞE YÜRÜME MESAFESİ KİLER'Lİ 2+1 MASRAFSIZ DAİRE,none,0,0,0,0,0,none,0,,1310719587
Ara Kat,YONCA MARKET ARKASI TERAS B. CAM B. ÖN CEPHE,none,0,0,0,0,0,none,0,,1331838604
Ara Kat,KARACAN'DAN***KARAPÜRÇEK CADDESİNDE 3+1 2.KAT ASANSÖRLÜ DAİRE***,none,0,0,0,0,0,none,0,,1333156878
Dubleks,İŞİN UZMANINDAN ÖN CEPHE MANZARALI DUBLEKS FULL YAPILI,standard,1,0,0,0,1,detail_and_title,0,,1320764001
Ara Kat,BOSTANCIK MAHALLESİNDE 3+1 140 M² NET 2 BANYO GENİŞ VE BAKIMLI,none,0,0,0,0,0,none,0,,1333143081
Ara Kat,1.kat asansörlü ana cadde üzerinde,none,0,0,0,0,0,none,0,,1333440169
,Başak Mh. kök'tapu Satılık 3+1 Daire 120m² - Çadır Matbaa Yakını,none,0,0,0,0,0,none,0,,1333781704
Ara Kat,SAHİBİNDEN ACİL SATILIK ARA KAT 3+1 KULLANIMA HAZIR DAİRE,none,0,0,0,0,0,none,0,,1311080438
,ŞEHZADE'DEN BAŞAK MH. YÜKSEK GİRİŞ 2+1 KÖK TAPU,none,0,0,0,0,0,none,0,,1333859912
Dubleks,NUREMLAK'TAN BAŞAK'TA 5+1 DUBLEX GAZİ GÖBEGE YAKIN,standard,1,0,0,0,1,detail_and_title,0,,1331952148
Ara Kat,"Mamak, Başak Mahallesi, Satılık 3+1, Ara Kat, Kök Tapu, Ön Cephe",none,0,0,0,0,0,none,0,,1334153525
,EKİN. MH. KAT KONUMUNDA YÜKSEK GİRİŞ 3+1 ACİL SATILIK DAİRE,none,0,0,0,0,0,none,0,,1334970560
Ara Kat,MAMAK BOSTANCIK MAH. CADDE ÜZERİ ARA KAT ASANSÖRLÜ 3+1 SATILIK,none,0,0,0,0,0,none,0,,1320261470
,EMİN EMLAKTAN 3. KAT KÖK TAPULU SINIRSIZ KREDİ İMKANI,none,0,0,0,0,0,none,0,,1331429222
Ara Kat,ÖZ VADİ'DEN EKİN MAH. YÜKSEK GİRİŞ 150m2 FIRSAT 3+1 DAİRE,none,0,0,0,0,0,none,0,,1335065520
Ara Kat,_İPEK GAYRİMENKUL DANIŞMANLIKTAN BAŞAK MAH. 2.KAT FIRSAT DAİRE_,none,0,0,0,0,0,none,0,,1307602188
Ara Kat,ŞAHİN GROUPTAN BAŞAK MAH ŞEHİTLER OKULU YAKINI 1.KATTA 3+1 KUPON,none,0,0,0,0,0,none,0,,1325724909
,dubleks daire,standard,1,0,0,0,1,title,0,,1335498180
,ZÜMRÜDÜ A EMLAK'TAN BAŞAK'TA 1+1 FULL EŞYALI SATILIK,none,0,0,0,0,0,none,0,,1329684994
Ara Kat,''ÖZCAN EMLAK'' KAT KONUMUNDA FUL YAPILI FIRSAT DAİRESİ...,none,0,0,0,0,0,none,0,,1333718393
,BAŞAK MAH.3+1 ÖN CEPHE,none,0,0,0,0,0,none,0,,1335905253
Ara Kat,YAZICI EMLAK'TAN H.GAZİ GÖBEKTE MÜKEMMEL KONUM ARA KAT DAİRE.!!!,none,0,0,0,0,0,none,0,,1336153966
Ara Kat,AYDOĞDU'DAN CADDE DİBİ SINIRSIZ KREDİLİ KATTA ASANSÖRLÜ 3+1,none,0,0,0,0,0,none,0,,1333159406
Ara Kat,NUR EMLAK'TAN GAZİ GÖBEK'DE 3+1 FUL YAPILI DAİRE,none,0,0,0,0,0,none,0,,1333241841
,HİLAL'DEN ÜÇKIZLAR CAMİ YAKINI 3+1 GİRİŞ KAT ÖN CEPHE,none,0,0,0,0,0,none,0,,1322458691
,GÜLVEREN MAHALLESİ 83 SOKAKTA 3+1 GİRİŞ KAT DAİRE,none,0,0,0,0,0,none,0,,1308331145
,BAHÇELERÜSTÜ MAHALLESİ 57.SOKAK KOT 2 BALKONLU 2+1 ACİL SATILIK,none,0,0,0,0,0,none,0,,1331378380
,SİTE İÇERİSİNDE 2+1,none,0,0,0,0,0,none,0,,1331713728
En Üst Kat,HÜREL DÜZLÜKTE TREN YAKINI KATTA ÖN CEPHEDE 3+1 SATILIK DAİRE,none,0,0,0,0,0,none,0,,1328104106
,Acil satılık yüksek giriş,none,0,0,0,0,0,none,0,,1333688221
,GÜLVEREN MAHALLESİNDE FULL YAPILI YATIRIMLIK 1+1 SATILIK DAİRE,none,0,0,0,0,0,none,0,,1331437322
Ara Kat,GÜLVEREN CADDE ÜZERİNDE 3+1 SATILIK,none,0,0,0,0,0,none,0,,1334176208
,MAMAK HÜREL'DE AYNI BİNADA 3+1 VE 1+1 OLMAK ÜZERE 2DAİRE FIRSATI,none,0,0,0,0,0,none,0,,1319580158
Dubleks,BAHÇELERÜSTÜ MAH 5+1 DUBLEXS FULL MANZARA GÜNEY ASANSÖRLÜ 250m2,standard,1,0,0,0,1,detail,0,,1325748906
Dubleks|En Üst Kat|Çatı Dubleksi,Bahçeler Üstü'nde Satılık 5+2 Dubleks Daire (250m²),roof,1,1,0,0,0,detail_and_title,0,title_generic_confirms_detail_subtype,1307542339
Ara Kat,WİNNEST'TEN GÜLVERENDE YAPILI BAĞIMSIZ ARA KAT 3+1 DAİRE,none,0,0,0,0,0,none,0,,1335030493
,GÜLVEREN MAH 3+1 KAT 1 ÖN CEPHE BAĞIMSIZ 120M2 KOMBİLİ,none,0,0,0,0,0,none,0,,1332781257
,ANKARA'NIN KALBİNDE YÜKSEK KİRA GETİRİLİ YATIRIM FIRSATI,none,0,0,0,0,0,none,0,,1315633994
Dubleks,SATILIK DUBLEX DAİRE,standard,1,0,0,0,1,detail_and_title,0,,1335493384
Dubleks,BİR EMLAK'DAN MAMAK GÜLSEREN'DE SATILIK 6+1 TERASLI DUBLEX DAİRE,standard,1,0,0,0,1,detail_and_title,0,,1326967260
En Üst Kat,⫸UZUNYIL⫷ BAHÇELER Ü. ANKARA HASTANESİ 2 KM MESAFEDE 3. KAT 3+1,none,0,0,0,0,0,none,0,,1317133695
Ara Kat,ANAYURT EMLAKTAN 1 ETAP 3+1 BOŞ AİLE SAĞLIK MERKEZİ YANI,none,0,0,0,0,0,none,0,,1324435504
En Üst Kat,*BAHÇELER ÜSTÜ MH. 30 AĞUSTOS İLKOKUL KARŞISI 3+1 SATILIK DAİRE*,none,0,0,0,0,0,none,0,,1313365628
,Merkezi Lokasyonda 3+1 Sahibinden,none,0,0,0,0,0,none,0,,1336217655
Çatı Dubleksi,▀İMPARATOR▀ GENİŞ AİLELERE ÖZEL MAMAK CAD.DİBİ GENİŞ 4+1 DUBLEX,roof,1,1,0,0,0,detail_and_title,0,title_generic_confirms_detail_subtype,1273535031
Ara Kat,100.YIL EMLAK'TAN FULL SIFIR YAPILI UZGÖREN SK.TA ARA KAT 3+1,none,0,0,0,0,0,none,0,,1317980418
Ara Kat,BÖLGENİN İNCİSİ! PRESTİJLİ BİNADA FULL YAPILI ŞIK TASARIM/3+1,none,0,0,0,0,0,none,0,,1333274419
Dubleks,DİKİMEVİ 5+1 KAPALI TERASLI DUBLEKS SERKAN EMLAK TAN,standard,1,0,0,0,1,detail_and_title,0,,1314183590
Ara Kat,KRC'DEN ŞAFAKTEPE MAHALLESİNDE 3+1 130M2 SATILIK DAİRE,none,0,0,0,0,0,none,0,,1316453703
Ara Kat,"Demirbahçe'de Satılık 3+1 Daire, 120m², Asansörlü, Otoparklı",none,0,0,0,0,0,none,0,,1331549647
,33.000TL KİRACILI DİKİMEVİ METROYA 50MT LÜX YAPILI SATILIK 2+1,none,0,0,0,0,0,none,0,,1316913875
Ara Kat,WİNNEST'TEN HAKAN CAD. KÖK TAPU 3+1 ARA KAT SATILIK DAİRE,none,0,0,0,0,0,none,0,,1329103248
Ara Kat,TIP FAKÜLTESİNE YAKIN 3+1DAİRE YILMAZ EMLAK'TAN,none,0,0,0,0,0,none,0,,1323135032
,"Şafaktepe'de 4+1 Dubleks Daire: 175m², Güney-Doğu Cepheli",standard,1,0,0,0,1,title,0,,1308219591
Ara Kat,MAMAK DEMIRLIBAHÇE MAHALLESINDE 3+1 SATILIK DAIRE,none,0,0,0,0,0,none,0,,1316317636
Ara Kat,Ankara Mamak Demirlibahçe Mahallesinde bulunan 3+1 daire satılı,none,0,0,0,0,0,none,0,,1316734853
Ara Kat,METROYA YAKIN 3+1YÜKSEK GİRİŞ BAĞIMSIZ SALON DAİRE,none,0,0,0,0,0,none,0,,1329798119
Ara Kat,ŞAFAKTEPE HAKAN SOK. 2+1 MASRAFSIZ KOT 2 BALKONLU SATILIK DAİRE,none,0,0,0,0,0,none,0,,1335370767
Ara Kat,"Şafaktepe Platin Evleri'nde Manzaralı, FULL YAPILI LÜKS DAİRE",none,0,0,0,0,0,none,0,,1325763656
Ara Kat,DEMİRLİBAHÇE DE ACİL YAPILI CAD. DİBİ UYGUN FİYATLI DAİRE仺EXTRA,none,0,0,0,0,0,none,0,,1331903471
Ara Kat,"HİLAL'DEN OKUL,CADDE DİBİ KİLER'Lİ 1'NCİ KAT MASRAFSIZ 3+1 DAİRE",none,0,0,0,0,0,none,0,,1325154309
Ara Kat,HİLAL'DEN YEŞİLBAYIR'DA ASANSÖRLÜ 2'NCİ KAT FUL YAPILI 3+1 DAİRE,none,0,0,0,0,0,none,0,,1320354182
En Üst Kat,ÖZTÜRK GAYRİMENKUL'DEN SATILIK YENİBAYINDIR'DA CADDE ÜSTÜ DAİRE,none,0,0,0,0,0,none,0,,1331140554
Ara Kat,YEŞİLBAYIRIN EN GÖZDE SİTESİNDE LÜKS VE KONFORLU SATILIK DAİRE,none,0,0,0,0,0,none,0,,1324946184
En Üst Kat,ALTINKULE'DEN CADDE ÜZERİ LİMİTSİZ KREDİLİ KELEPİR UYGUN DAİRE !,none,0,0,0,0,0,none,0,,1312769348
,Mamak Yeşilbayır'da 3+1 Fırsat Daire,none,0,0,0,0,0,none,0,,1331345673
Ara Kat,"""GÜLER GAYRİMENKUL'DEN CADDE OKUL DİBİ YAPILI 2+1""",none,0,0,0,0,0,none,0,,1314385876
Ara Kat,İKİBLOKLU SİTE'DE ÖN CEPHEDE ÇİTF BANYO 125 M² 3+1 OTURUMA HAZIR,none,0,0,0,0,0,none,0,,1331017348
,ADA GÜVEN EMLAKTAN OKUL KARŞISI CADDE ÇARŞI DİBİ SATILIK DAİRE,none,0,0,0,0,0,none,0,,1335311069
Ara Kat,▇ŞAHBAZ▇SAĞDUYU CAD. ÜZERİ FULL YAPILI MASRAFSIZ 3+1 FIRSAT!!!,none,0,0,0,0,0,none,0,,1332724735
Ara Kat,AVANTAJ'DAN YEŞİLBAYIR'DA CADDE DİBİ KAT KONUMLU GENİŞ 2+1 DAİRE,none,0,0,0,0,0,none,0,,1311625783
En Üst Kat,MEYA GAYRİMENKUL'DEN YENİBAYINDIR'DA CADDE ÜZERİ ASANSÖRLÜ DAİRE,none,0,0,0,0,0,none,0,,1330944299
,DİVA'DAN YEŞİLBAYIR'DA 3+1 MANZARALI FIRSAT DAİRE,none,0,0,0,0,0,none,0,,1328265625
Ara Kat,ÖZTÜRK GAYRİMENKULDEN SATILIK 7.KATTA GENİŞ OTURUMLU SIFIR DAİRE,none,0,0,0,0,0,none,0,,1333817948
Ara Kat,HİLAL'DEN YEŞİLBAYRDA YENİ BİNADA AÇIK CEPHELİ Y.GİRİŞ 4+1 DAİRE,none,0,0,0,0,0,none,0,,1328659607
Ara Kat,ÖZDEMİR İNŞAAT'TAN YÜKSEK KREDİ LİMİTLİ YEŞİLBAYIR CADDE DİBİ,none,0,0,0,0,0,none,0,,1334228394
Ara Kat,Yeni Bayındır'da Site İçersinde Ara Kat Sıfır 3+1 ~Yılmaz Emlak,none,0,0,0,0,0,none,0,,1317260629
,İMZA GRUP GAYRIMENKUL'DEN 4+1 MERKEZİ LOKASYON DUBLEX,standard,1,0,0,0,1,title,0,,1334741034
En Üst Kat,"!!TAMKOÇ""DAN SİTE BAZINDA KATTA KULLANIŞLI 3+1 SIFIR DAİRE",none,0,0,0,0,0,none,0,,1332064202
Çatı Dubleksi,HAN EMLAK'TAN AYAZ LİFE SİTESİN'DE ULTRA LÜKS CİFT TERASLI 3+1,roof,1,1,0,0,0,detail,0,,1328876855
Ara Kat,AKIN GAYRIMENKUL'DEN EMİN EVİME UYGUN KÖK TAPU DAİRE!!!!!,none,0,0,0,0,0,none,0,,1334138928
Ara Kat,Yeşilbayır'da Amerikan Mutfaklı Sitede 2+1 ~Yılmaz Emlak,none,0,0,0,0,0,none,0,,1318160910
Ara Kat,ÖZBOĞA'DAN YEŞİLBAYIR'DA KREDİYE UYGUN YÜKSEK GİRİŞ DAİRE 3+1,none,0,0,0,0,0,none,0,,1334287173
Ara Kat,ADA GÜVEN EMLAK'DAN ARA KATTA KÖK TAPULU 3+1 ASANSÖRLÜ DAİRE !!!,none,0,0,0,0,0,none,0,,1326685038
,ORAK GAYRİMENKUL'DEN CADDE ÜZERİNDE GENİŞ AÇIK CEPHELİ 3+1 DAİRE,none,0,0,0,0,0,none,0,,1317137142
,NUR EMLAK'TAN YEŞİLBAYIR CADDE'DE ÇİFT AİLEYE UYGUN DUBLEKS,standard,1,0,0,0,1,title,0,,1307585475
,LİDER'DEN YENİ BAYINDIR'DA SIFIR 3+1 MASRAFSIZ KUP10 DAİRE!!!!!!,none,0,0,0,0,0,none,0,,1317091721
Ara Kat,SEÇ'TEN MAVİ GÖL MANZARALI FULL YAPILI 3+1 LÜX SİTE DAİRESİ!,none,0,0,0,0,0,none,0,,1334582136
,YEŞİLBAYIR'DA ASANSÖRLÜ İSKANLI GENİŞ m2 2+1 KELEPİR DAİREE!!!!,none,0,0,0,0,0,none,0,,1321705284
Ara Kat,▄KALE▄BULMUŞKEN KAÇIRMA! TÜM CEPHELERİ AÇIK MASRAFSIZ 3+1 DAİRE,none,0,0,0,0,0,none,0,,1334949272
,Yeni Bayındır'da Merkezi Konumlu Ara Katta 2.5+1 ~Yılmaz Emlak,none,0,0,0,0,0,none,0,,1292612845
Ara Kat,YENİ BAYINDIR MAH. SATILIK SEMA REZİDANSTA SATILIK DAİRE,none,0,0,0,0,0,none,0,,1289965455
Ara Kat,LİDER'DEN YONCA ŞEHİR'DE KAPALI OTOPARKLI GENİŞ M2 LÜX DAİRE!!!!,none,0,0,0,0,0,none,0,,1326415673
Ara Kat,ÖZDEMİR EMLAK'TAN GENİŞ VE AYDINLIK YAŞAM ALANI SUNAN 3+1!!!!,none,0,0,0,0,0,none,0,,1331708666
,KAYA GRUP'TAN SİTE İÇERİSİNDE FULL+FULL YAPILI 3+1 KONSEPT DAİRE,none,0,0,0,0,0,none,0,,1332997200
Ara Kat,▄KALE▄LÜKSÜN HAKKINI VEREN DAİRE! YENİ ÇANKAYA EVLERİNDE 3+1,none,0,0,0,0,0,none,0,,1333818243
Ara Kat,LİDER'DEN YEŞİLBAYIR'DA CADDE YAKINI ARA KAT MASRAFSIZ 3+1 DAİRE,none,0,0,0,0,0,none,0,,1319624310
Ara Kat,YEŞİLBAYIR SAĞDUYU CADDE ÜZERİ EBEVEYN BANYOLU KREDİYE UYGUN 3+1,none,0,0,0,0,0,none,0,,1327498855
Ara Kat,SON 2 DAİRE! KIBRISKÖYÜ'NÜN EN GÜZEL NOKTASINDA CADDE ÜZERİ,none,0,0,0,0,0,none,0,,1324167731
,"!!TAMKOÇ""DAN SATILIK MÜKEMMEL LOKASYONLU KAT KONUMLU 3+1 DAİRE",none,0,0,0,0,0,none,0,,1320711148
Ara Kat,YEŞİLBAYIR MAHALLE KÖK TAPU 3+1 ASANSÖR'LÜ SATILIK DAİRE仺EXTRA仺,none,0,0,0,0,0,none,0,,1336297201
Ara Kat,HAN EMLAK'TAN FULL+FULL YAPILI MASRAFSIZ ARA KATTA 3+1 DAİRE..!!,none,0,0,0,0,0,none,0,,1309825857
Ara Kat,ULUCAN'DAN YEŞİLBAYIR'DA BÖLGENİN EN İYİ FIRSATLARINDAN! ARA KAT,none,0,0,0,0,0,none,0,,1336413182
,ORAK GAYRİMENKUL'DEN CADDE ÜZERİ ASANSÖRLÜ SATILIK 3+1 DAİRE!!!!,none,0,0,0,0,0,none,0,,1321180273
Ara Kat,AKBAL GAYRİMENKUL'DEN YENİ BİNA'DA CADDE DİBİ YAPILI 3+1 DAİRE!!,none,0,0,0,0,0,none,0,,1335362572
En Üst Kat,"!!TAMKOÇ""DAN SATILIK FULL+FULL YAPILI G.CEPHE GENİŞ M2 4+1 DAİRE",none,0,0,0,0,0,none,0,,1315804899
Ara Kat,!LİDER'DEN! YEŞİLBAYIR'DA CADDE&OKUL DİBİ 2+1 MASRAFSIZ DAİRE!!!,none,0,0,0,0,0,none,0,,1336052328
En Üst Kat,!!TAMKOÇ''DAN MASRAFSIZ OTURUMA HAZIR 5+1 SATILIK DUBLEX,standard,1,0,0,0,1,title,0,,1267375523
Ara Kat,YEŞİLBAYIR CADDE DİBİ 3+1 HASTANE YAKINI DAİRE! *BAŞKENT EMLAK*,none,0,0,0,0,0,none,0,,1333442457
Ara Kat,EFE GAYRİMENKUL'DEN ARA KAT CADDE DİBİ 135 METRE !!!,none,0,0,0,0,0,none,0,,1316485410
,*ÖZTÜRK 2.DEN SATILIK CADDE ÜZERİNDE KAT KONUMUNDA 3+1 DAİRE*,none,0,0,0,0,0,none,0,,1320100259
Ara Kat,*ÖZTÜRK 2.DEN OKUL DİBİNDE ARA KAT ÇİFT BALKONLU 3+1 DAİRE*,none,0,0,0,0,0,none,0,,1327577984
Ara Kat,HAN EMLAK TAN CADDE YAKINI KÖKTAPU ARA KATTA ASANSÖRLÜ 3+1 DAİRE,none,0,0,0,0,0,none,0,,1327860335
,ÖZBOĞA'DAN KÜÇÜKKAYAŞ'TA UYGUN FİYATLI SATILIK 3+1 KUPON DAİRE,none,0,0,0,0,0,none,0,,1331619869
,SÖZÜER'DEN K.KAYAŞ CADDE DİBİ İSKAN-ASANSÖRLÜ 3+1 FIRSAT DAİRE,none,0,0,0,0,0,none,0,,1314602591
Ara Kat,ARSLAN MİRZA'DAN KÜÇÜK KAYAŞTA SİTE İÇİ CADDE DİBİ FERAH3+1DAİRE,none,0,0,0,0,0,none,0,,1331795144
En Üst Kat,Şahap Gürler'de Okul Yakını Katta Masrafsız 3+1 ~Yılmaz Emlak,none,0,0,0,0,0,none,0,,1322695363
,"!!TAMKOÇ""DAN SATILIK MERKEZİ KONUMLU KULLANIŞLI 2+1 DAİRE",none,0,0,0,0,0,none,0,,1311158563
Ara Kat,"!!TAMKOÇ""DAN ŞAHAP GÜRLER""DE YAPILI KATTA 3+1 DAİRE",none,0,0,0,0,0,none,0,,1321917375
,"!!TAMKOÇ""DAN SATILIK CADDE DİBİNDE KULLANIŞLI 3+1 DAİRE",none,0,0,0,0,0,none,0,,1319885316
Ara Kat,ŞAHAPGÜRLER MAHALLESİNDE DOĞA MANZARALI SATILIK DAİRE 3+1,none,0,0,0,0,0,none,0,,1303255197
Dubleks,EFE GAYRİMENKUL'DEN MANZARALI ASANSÖRLÜ 4+1 DUBLEX!!!!!,standard,1,0,0,0,1,detail_and_title,0,,1277000652
Ara Kat,HASİBE GAYRİMENKULDEN ŞAHAPGÜRLERDE KATTA YAPILI 3+1 DAİRE,none,0,0,0,0,0,none,0,,1331748061
,"!!TAMKOÇ""DAN SATILIK CADDE DİBİ MASRAFSIZ GÜNEY CEPHE 3+1 DAİRE",none,0,0,0,0,0,none,0,,1332080378
,ı4+1Düblesk daire mavi gölün dış hastanesi üstünde merkezi konum,none,0,0,0,0,0,none,0,,1215056760
,!!HAN EMLAK'TAN CADDE YAKINI FULL YAPILI 2+1 KELEPİR DAİRE !!,none,0,0,0,0,0,none,0,,1323169689
,ÖZTÜRK 2.DEN ARA KATTA FUL YAPILI MASRAFSIZ KELEPİR 2+1 DAİRE,none,0,0,0,0,0,none,0,,1328846014
Ara Kat,ÖZDEMİR İNŞAAT'DAN **YÜKSEK KREDİLİ** 3+1**FULL YAPILI DAİRE**,none,0,0,0,0,0,none,0,,1331201976
Ara Kat,Şahap Gürler'de Sıfır Masrafsız Ara Kat 3+1 Daire ~Yılmaz Emlak,none,0,0,0,0,0,none,0,,1335443234
,Mamak Fırsat 3+1 SATILIK,none,0,0,0,0,0,none,0,,1318879247
En Üst Kat,YAREN GAYRİMENKUL'DEN İSKANLI ASANSÖRLÜ 3+1 DAİRE,none,0,0,0,0,0,none,0,,1322158440
Ara Kat,Küçük Kayaş'ta Cadde Yakını Masrafsız Ara Kat 3+1 ~Yılmaz Emlak,none,0,0,0,0,0,none,0,,1327889036
,OSMANOĞLUN'DAN CADDE YAKINI YAPILI MANZARALI SATILIK DAİRE!!,none,0,0,0,0,0,none,0,,1332080209
,HİLAL'DEN K.KAYAŞ'TA OKUL DİBİ TERAS BALKON'LU YAPILI 3+1 DAİRE!,none,0,0,0,0,0,none,0,,1323397829
Ara Kat,YENİ ÇINARDAN MASRAFSIZ KİLERLİ MERKEZİ LOKASYONLU 2+1 DAİRE...,none,0,0,0,0,0,none,0,,1311093105
Dubleks,!!OSMANOĞLUN'DAN ÇİFT TERAS GENİŞ m² SATILIK 4+1 DAİRE!!,standard,1,0,0,0,1,detail,0,,1329649472
,GÜVEN EMLAKTAN ASANSÖRLÜ OKUL SAĞLIK OCAĞI DİBİ 3+1 UYGUN DAİRE,none,0,0,0,0,0,none,0,,1318384950
Ara Kat,Şahap Gürler'de Merkezi Konumlu Giriş Kat 3+1 ~Yılmaz Emlak,none,0,0,0,0,0,none,0,,1334095783
,DİVA'DAN KÜÇÜK KAYAŞ'DA 2+1 KATTA ASANSÖRLÜ DAİRE,none,0,0,0,0,0,none,0,,1335761693
Ara Kat,ŞAHAPGÜRLER MAH.'DE 3+1 ULTRA LUX KUPON DAİRE YETKİLİ DAİREMİZ,none,0,0,0,0,0,none,0,,1329719743
Ara Kat,"!!TAMKOÇ""DAN SATILIK KATTA İSKANLI MASRAFSIZ 3+1 DAİRE",none,0,0,0,0,0,none,0,,1335619339
Ara Kat,LİDER'DEN ŞAHAPGÜRLER'DE CADDE ARKASI ASANSÖRLÜ 1.KAT 3+1 DAİRE!,none,0,0,0,0,0,none,0,,1334949816
,ULUCAN GÜVENCESİYLE! HAYALİNİZDEKİ 3+1 SATILIK DAİRE..!İSKANLI,none,0,0,0,0,0,none,0,,1336100634
Ara Kat,OSMANOĞLUN'DAN ARA KATTA 3+1 MASRAFSIZ SATILIK DAİRE,none,0,0,0,0,0,none,0,,1336126781
En Üst Kat,KÜÇÜK KAYAŞ'DA CADDE DİBİNDE İSKANLI GENİŞ M2'Lİ 3+1 DAİRE !!!,none,0,0,0,0,0,none,0,,1303299858
Ara Kat,ŞAHAPGÜRLER MAHALLESİ OTURUMA HAZIR SIFIR LÜKS DAİRE 仺EXTRA仺,none,0,0,0,0,0,none,0,,1332400790
Ara Kat,ALTINKULE'DEN K.KAYAŞ'TA CADDE DİBİ OKUL YAKINI 3+1KİLERLİ DAİRE,none,0,0,0,0,0,none,0,,1336262429
Ara Kat,KAÇIRILMIYCAK KONUM!▄AKDAĞ'DAN▄ASANSÖRLÜ GENİŞ VE KULLANIŞLI 3+1,none,0,0,0,0,0,none,0,,1322775387
Ara Kat,EFE GAYRİMENKUL'DEN KAT KONUMLU MASRAFSIZ KUPON DAİRE,none,0,0,0,0,0,none,0,,1335379592
Ara Kat,"!!TAMKOÇ""DAN SATILIK ARA KAT GENİŞ METREKARE 2+1 FIRSAT DAİRESİ",none,0,0,0,0,0,none,0,,1321282371
,LİDER'DEN CADDEYE YAKIN KAÇMAZ FIRSAT 90m² 2+1 ÖNCEPHE ARA KAT,none,0,0,0,0,0,none,0,,1332962201
Ara Kat,ÖZDEMİR EMLAK'TAN CADDE DİBİNDE 2+1 GİRİŞ BU FİYATA YOK BÖYLESİ,none,0,0,0,0,0,none,0,,1309240924
Ara Kat,██TR FİNANS██BÖLGENİN GÖZDE SİTESİ PARK WALLEYDE 3+1 ULTRA LÜX !,none,0,0,0,0,0,none,0,,1331249513
Ara Kat,AĞBULUT EMLAK'TAN 846 CAD. ÜZERİNDE ASANSÖRLÜ SATILIK DAİRE,none,0,0,0,0,0,none,0,,1331904408
Ara Kat,▃▆█▓ EV-YAP ▓█▆▃EGE MAHALLESİNDE SİTEDE KATTA SIFIR 4+1 DAİRE,none,0,0,0,0,0,none,0,,1331650567
Ara Kat,NATOYOLU CADDE YAKINI ARAKAT GENİŞ 3+1 SATILIK DAİRE,none,0,0,0,0,0,none,0,,1332362328
Çatı Dubleksi,꧁TEKDAG꧂SEHİTLER CADDESİNDE SİTEDE FULL YAPILI 4+1 DUBLEKS,roof,1,1,0,0,0,detail_and_title,0,title_generic_confirms_detail_subtype,1327558973
Ara Kat,"KAÇMAZ FIRSATTT! EGE""DE FULL YAPILI TERAS BALKONLU 3+1",none,0,0,0,0,0,none,0,,1326688415
Dubleks,Satılık Dublex Mamak Boğaziçi,standard,1,0,0,0,1,detail_and_title,0,,1304919322
Ara Kat,▃۩ VİZYON ۩▃EGE'DE MASRAFSIZ KİLERLİ ÇİFT BALKONLU GENİŞ DAİRE !,none,0,0,0,0,0,none,0,,1326971435
Ara Kat,SAHİBİNDEN NATOYOLUNA YAKIN 3+1 KATTA 125 M²,none,0,0,0,0,0,none,0,,1215128073
Ara Kat,▇EVİN BURADA▇SİTE İÇERİSİ 3+1 FULL YAPILI SINIRSIZ KREDİ İMKANI!,none,0,0,0,0,0,none,0,,1315522731
,AĞBULUT EMLAK'TAN NATOYOLU CAD. YAKINI YAPILI SATILIK DAİRE,none,0,0,0,0,0,none,0,,1327532918
Ara Kat,KREDİYE UYGUN | NATOYOLUNA YAKIN | TERAS BALKONLU | FERAH 3+1,none,0,0,0,0,0,none,0,,1333819886
Ara Kat,▄NORA▄EGE MH - NATOYOLU CADDE ÜZERİ - TERAS BALKONLU İSKANLI 3+1,none,0,0,0,0,0,none,0,,1331180239
Ara Kat,ALN'DEN | NATOYOLU CAD. ÜZERİ | 3+1 | TERASLI | UYGUN FİYAT,none,0,0,0,0,0,none,0,,1306685172
En Üst Kat|Çatı Dubleksi,AYNUR EMLAK'DAN 4+1 SATILIK LÜKS DUBLEKS,roof,1,1,0,0,0,detail_and_title,0,title_generic_confirms_detail_subtype,1322807138
Ara Kat,MOTTO ANKARA YATIRIMA UYGUN SATILIK 1+1 DAİRE!!!,none,0,0,0,0,0,none,0,,1303428518
En Üst Kat,ZARA | FAHRİKORUTÜRK MH ASANSÖRLÜ KÖK TAPU 3+1 125m² DAİRE,none,0,0,0,0,0,none,0,,1333689918
En Üst Kat,GÜÇLÜ YATIRIM'DAN EGE MAH.ANA CADDE ÜZERİ FULL YAPILI 200MT2 3+1,none,0,0,0,0,0,none,0,,1325763239
Ara Kat,Ful Yapılı Ön Cephe Balkon Manzaralı Masrafsız 3+1 Daire,none,0,0,0,0,0,none,0,,1321677030
,NEŞET ERTAŞ CADDESİNDE SATILIK 3+1 DAİRE,none,0,0,0,0,0,none,0,,1308152099
En Üst Kat,▄TEK YETKİLİ▄ŞEHİTLER CD.ÜZERİ %70 KREDİYE UYGUN_İSKANLI_3+1!!!,none,0,0,0,0,0,none,0,,1332548122
Ara Kat,VALENTİA'DAN SİTE İÇERİSİNDE ASANSÖRLÜ YAPILI 3+1 SATILIK DAİRE!,none,0,0,0,0,0,none,0,,1322558387
Ara Kat,Fahrikorutürkte Sıfır Full Yapılı Lüx Geniş Balkonlu 3+1,none,0,0,0,0,0,none,0,,1335469068
Ara Kat,ZARA | ŞEHİTLER CD. ÜZERİ EGE İ.Ö.O YANI 3+1 125m² ARA KAT DAİRE,none,0,0,0,0,0,none,0,,1333622817
Ara Kat,仺EXTRA仺 EGE'DE VADİ MANZARALI ULTRA LÜX SATILIK 3+1 FIRSAT DAİRE,none,0,0,0,0,0,none,0,,1322007509
Ara Kat,▄KALE▄BU FİYATA YOOK NATOYOLU ÜZERİ KATTA MASRAFSIZ CADDE CEPHE!,none,0,0,0,0,0,none,0,,1335565817
En Üst Kat,▀MERKEZ▀CADDE YAKINI KATTA KÖK TAPU ASANSÖRLÜ 3+1 SATILIK DAİRE,none,0,0,0,0,0,none,0,,1335649771
Ara Kat,█TR FİNANS█ 9.KAT LÜX SİTEDE 3+1 GÜNEY DOĞU 145m2 SINIRSIZ KREDİ,none,0,0,0,0,0,none,0,,1335818919
Ara Kat,▄KALE▄EGE'DE VADİ MANZARALI ÇİFT TERASLI SİTEDE 150M² NET 3+1 !!,none,0,0,0,0,0,none,0,,1319963201
Ara Kat,"Mamak Ege Mah. Vadi Manzaralı, Metroya Yakın, İskanlı Lüks Daire",none,0,0,0,0,0,none,0,,1336150455
Ara Kat,NATAVEGA AVM YAKINI SİTEDE 4 KAT KONUMLU EBEVEYN BANYOLU 130m²,none,0,0,0,0,0,none,0,,1326358866
Ara Kat,▄KALE▄ŞEHİTLER CADDE PARALELİ KİLERLİ KATTA 3+1 FERAH DAİRE,none,0,0,0,0,0,none,0,,1331597585
Ara Kat,DURALİALİÇ MAH.SEHİTLER CADDESİ YAKINI 2 KATTA SATILIK 3+1 DAİRE,none,0,0,0,0,0,none,0,,1318652383
Ara Kat,▃▆█▓ EV-YAP ▓█▆▃SPOR KOMPLEKSİ KARŞISI SİTEDE TERAS BALKONLU 3+1,none,0,0,0,0,0,none,0,,1333314965
Ara Kat,▄KALE▄ANA CADDE YAKINI SIFIR BİNADA ÖN CEPHE İSKANLI 3+1 DAİRE,none,0,0,0,0,0,none,0,,1317638591
Ara Kat,仺 A.D 仺 EMİNEVİM-FUZULEV'E UYGUN ŞEHİTLER CAD. ÜZERİ 3+1 DAİRE,none,0,0,0,0,0,none,0,,1326186750
,DURALİ ALIÇ MAHALLE SİTE İÇİ KÖK TAPU SATILIK 3+1 DAİRE 仺EXTRA仺,none,0,0,0,0,0,none,0,,1314599440
Çatı Dubleksi,MAMAK DURALİ ALIÇ MAHALLESİ'NDE YAPILI 4+1 DUBLEKS DAİRE,roof,1,1,0,0,0,detail_and_title,0,title_generic_confirms_detail_subtype,1331726644
Ara Kat,ZARA | DURALİ ALIÇ MH ŞEHİTLER CD YANI ASANSÖRLÜ 3+1 135m² DAİRE,none,0,0,0,0,0,none,0,,1334967930
Ara Kat,Cengizhan Mh. Yola Cepheli Manzaralı (Paylaşıma açığız),none,0,0,0,0,0,none,0,,1298454561
Ara Kat,NUR'DAN SPOR SALONU YAKINI YAPILI MANZARALI 7.KATTA 140 M2 3+1,none,0,0,0,0,0,none,0,,1331233083
,AGC | CENGIZHAN MAH AHMET YESEVİ OKUL YAKINI KATTA FULL YAPILI,none,0,0,0,0,0,none,0,,1319476156
Ara Kat,CENGİZHAN MAH. MERKEZİ KONUMDA ARA KAT 3+1 SATILIK DAİRE,none,0,0,0,0,0,none,0,,1331744915
,SATILIK 2.5+1 LÜKS DUBLEX DAİRE,standard,1,0,0,0,1,title,0,,1331939709
,"3+1 FULL YAPILI , BÜYÜK M2 DAİRE",none,0,0,0,0,0,none,0,,1331795952
Ara Kat,DOGUKENT CAD.YAKINI ASANSÖRLÜ ÇOK KATLI SİTEDE AYIN FIRSATI 3+1,none,0,0,0,0,0,none,0,,1324837130
Ara Kat,Mamak Duralialıç Site İçerisinde Krediye Uygun 3+1 Satılık daire,none,0,0,0,0,0,none,0,,1332145019
Ara Kat,ACİLL..! CD. ÜZERİ *KÖK TAPU1.KAT_ASANSÖRLÜ**ÇİFT BANYO 130M 3+1,none,0,0,0,0,0,none,0,,1333251754
Dubleks,SİTE İÇİNDE SATILIK KÖK TAPULU 5+1 DUBLEKS DAİRE,standard,1,0,0,0,1,detail_and_title,0,,1332535366
Ara Kat,▃ARVEN▃DURALİ ALIÇ MH SİTE İÇERİSİNDE ÇİFT BANYO 135M² 3+1 DAİRE,none,0,0,0,0,0,none,0,,1333845096
Ara Kat,| METROPOL | ERGENEKON İ.Ö.O. YANI ARA KATTA ASANSÖRLÜ SIFIR 3+1,none,0,0,0,0,0,none,0,,1311018467
Ara Kat,█DIAMOND PRIME█'TEK YETKİLİ' 3.KAT KONUMLU YAPILI 2+1 İSKANLI!,none,0,0,0,0,0,none,0,,1317470735
Ara Kat,SAHİBİNDEN SATILIK 3+1 DAİRE,none,0,0,0,0,0,none,0,,1268087712
Ara Kat,YONCA EMLAK DURALİ ALIÇ MAH. SATILIK 3+1 DAİRE,none,0,0,0,0,0,none,0,,1333734362
,Halk Bankası'ndan Ankara Mamak Satılık Konut,none,0,0,0,0,0,none,0,,1209488296
Ara Kat,PARLADAN DURALİALIÇ MAH.CADDE ÜZERİ FULL YAPILI GÜNEY CEPHE 3+1,none,0,0,0,0,0,none,0,,1333649183
Ara Kat,▃ARVEN▃DURALİALIÇ MH SPOR KOMPLEKSİ YAKINI 3+1 !MASRAFSIZ! DAİRE,none,0,0,0,0,0,none,0,,1334073720
Ara Kat,▄NORA▄ FIRSAT DOĞUKENT CD DİBİ MERKEZİ KONUMDA ARA KAT 3+1 DAİRE,none,0,0,0,0,0,none,0,,1334094365
Ara Kat,AYNUR EMLAK'DAN 3+1 SATILIK ASANSÖRLÜ DAİRE,none,0,0,0,0,0,none,0,,1333836725
Ara Kat,▄ASİL▄SINIRSIZ KREDİ İMKANI İLE ARAKAT 2+1 KAÇMAZ FIRSAT ACİL.!,none,0,0,0,0,0,none,0,,1327093255
Ara Kat,▄TİGRA▄AKADİA MODERN KONUTLARINDA 4+1 SATILIK DAİRE..!,none,0,0,0,0,0,none,0,,1323059595
En Üst Kat,"ROYAL RESİDANCE'DE, 3+1, GÜNEY, AVRUPA MİMARİLİ SATILIK DAİRE",none,0,0,0,0,0,none,0,,1316515151
,MAMAK GÖRGÜLÜ SİTESİ'NDE SATILIK ÇATI DUBLEKSİ (R-1516),roof,1,1,0,0,0,title,0,,1298078175
En Üst Kat,⫸LAÇİNDEN⫷ŞEHİTLER CADDESİ PARALELİ GÜNEŞİ İÇERİSİNDE 4+1 DUBLEX,standard,1,0,0,0,1,title,0,,1327759545
Ara Kat,▄YUSUF EMLAK▄ACİL FIRSAT.! İLK GELEN ALIR ŞEHİTLER CD. ÜZERİ 1+1,none,0,0,0,0,0,none,0,,1331367354
Ara Kat,| METROPOL | YENİ BİNADA 2.KAT KONUMLU ÇİFT BALKONLU İSKANLI 3+1,none,0,0,0,0,0,none,0,,1328866868
Ara Kat,GÜNAY'dan CADDE ÜZERİ FUUL YAPILI G.D CEPHELİ 3+1 MASRAFSIZ,none,0,0,0,0,0,none,0,,1325534301
Ara Kat,▀▄MERKEZ▀▄ CADDE ÜZERİ KATTA SIFIR ASANSÖRLÜ 3+1 SATILIK DAİRE,none,0,0,0,0,0,none,0,,1325480085
Ara Kat,█ 7KAPI █ HİDAYET TÜRKOĞLU SPOR SALONU YAKIN PARK MANZARALI 3+1,none,0,0,0,0,0,none,0,,1333872605
Dubleks,İNANILMAZ FİYATA ÇOK ACİL FULL MANZARALI GÜNEY CEPHE,standard,1,0,0,0,1,detail,0,,1315755358
Ara Kat,▄GENÇASLAN'DAN▄CENGİZHAN MH 846CAD.DİBİ ASANSÖRLÜ FUL YAPILI 3+1,none,0,0,0,0,0,none,0,,1321507109
Ara Kat,AKSOY'DAN CENGİZHAN'DA ER-CE SİTESİ'NDE TERAS BALKONLU 3+1 DAİRE,none,0,0,0,0,0,none,0,,1304442722
Ara Kat,| METROPOL | ŞEHİTLER CAD. ÜZERİ SİTE İÇİNDE SINIRSIZ KREDİ 3+1,none,0,0,0,0,0,none,0,,1335034913
Dubleks|En Üst Kat|Çatı Dubleksi,ŞEHİTLER CD. ÜZERİ SİTEDE LÜKS DONANIMLI 220 M² 5+1 DUBLEKS,roof,1,1,0,0,0,detail_and_title,0,title_generic_confirms_detail_subtype,1321933330
Dubleks,ZARA | SON FIRSAT! DURALİ ALIÇ MH 928 CD ÜZERİ 260m² 5+1 DUBLEKS,standard,1,0,0,0,1,detail_and_title,0,,1291545887
Ara Kat,▄SEYİT GAYRİMENKUL▄ŞEHİTLER CD.PARALEL 1.KAT KONUMLU2+1 NET_110M,none,0,0,0,0,0,none,0,,1329060954
En Üst Kat,GÜNAY EMLAKTAN CENGİZHAN MAHALLESİNDE SATILIK 3+1 DAİRE,none,0,0,0,0,0,none,0,,1332138980
Ara Kat,▅ALBAYRAK▅ ŞEHİTLER CADDESİ ÜZERİN'DE %80 KREDİ İMKANI FIRSAT,none,0,0,0,0,0,none,0,,1304083635
Ara Kat,Durali Alıç Mah. Satılık 4+1 Daire 145m² Krediye Uygun,none,0,0,0,0,0,none,0,,1315961978
Dubleks,EMLAK ŞEHRİ'NDEN CENGİZHANDA NATOYOLUNA YAKIN YAPILI DUBLEX !!,standard,1,0,0,0,1,detail_and_title,0,,1329053990
Ara Kat,ZARA | DURALİALIÇ MH. SPOR SALONU YANI 125m² 3+1 SİTE DAİRESİ,none,0,0,0,0,0,none,0,,1330204228
,CENGİZHAN MAH. N.YOLU CAD. 3.BİNA GİRİŞ 2+1 DAİRE,none,0,0,0,0,0,none,0,,1318204703
Ara Kat,CADDE YAKINI CEPHELERİ AÇIK MASRAFSIZ 3+1 LÜKS SİTE DAİRESİ,none,0,0,0,0,0,none,0,,1335738682
Ara Kat,仺 EGE 仺 CENGİZHAN DA FULL YAPILI 3+1 5.KAT KONUMUNDA %80 KREDİ !,none,0,0,0,0,0,none,0,,1307503793
Ara Kat,SİTE İÇERİSİNDE 3. KAT TERAS BALKONLU 3+1 SATILIK DAİRE,none,0,0,0,0,0,none,0,,1335329160
Ara Kat,⫸︎B*G⫷MUHTEŞEM KONUM!!!NATOYOLU DİBİ ARA KATTA ASANSÖRLÜ 3+1,none,0,0,0,0,0,none,0,,1335546190
Ara Kat,| METROPOL| ANA CAD.YAKINI SİTEDE ÇİFT BALKONLU ÖN CEPHELİ 3+1,none,0,0,0,0,0,none,0,,1335620713
Çatı Dubleksi,▄KALE▄FIRSAT DAİRESİ !NATOYOLU YAKINI 3+1 DUBLEKS!!,roof,1,1,0,0,0,detail_and_title,0,title_generic_confirms_detail_subtype,1335838146
Ara Kat,▇EVİN BURADA▇NATOYOLU CAD. YAKINI %70 KREDİ İMKANLI 3+1 DAİRE,none,0,0,0,0,0,none,0,,1332073174
Ara Kat|En Üst Kat,█MİRANBEY█KOMPLE ŞEHİR MANZARALI TERAS BALKONLU 0 OTURUMA HAZIR!,none,0,0,0,0,0,none,0,,1329468149
Dubleks,CANTANEM | SPOR KOMPLEKSİ DİBİ GENİŞ 2+1 BALKONLU DUBLEX,standard,1,0,0,0,1,detail_and_title,0,,1333446374
Ara Kat,"▄TEK YETKİLİ▄ŞEHİTLER CD.ÜZERİ EGE İ.O.YANI FULL YAPILI 3,5+1",none,0,0,0,0,0,none,0,,1303645766
Ara Kat,▅ALBAYRAK HAFTANIN FIRSATI CADDE DİBİ FUL+FUL 3+1 SIFIR DAİRE,none,0,0,0,0,0,none,0,,1317105488
En Üst Kat,█ BALDEMİR █ Duralialıç Mah Doğukent Cadde Pareleli 3+1 Satılık,none,0,0,0,0,0,none,0,,1333240857
Dubleks,▄NORA▄ FIRSAT !! FULL YAPILI MASRAFSIZ 220m² ASANSÖRLÜ 4+1 DUBLX,standard,1,0,0,0,1,detail,0,,1313183975
Ara Kat,CENGİZ TOPEL'DE CD. ÜZERİ KIZILAY YAKINI 4+1 160 M2 DAİRE_!!,none,0,0,0,0,0,none,0,,1325340422
Ara Kat,▃▆ COLDWELL BANKER GÜLDALI ▆▃CEPHELERİ AÇIK MUHTEŞEM KONUMDA 3+1,none,0,0,0,0,0,none,0,,1316298584
Ara Kat,▄SEYİT GAYRİMENKUL▄DURALİALIÇ MH.LÜX SİTEDE FULL YAPILI 1.KAT4+1,none,0,0,0,0,0,none,0,,1332480448
Ara Kat,█ 7KAPI █ HİDAYET TÜRKOĞLU SPOR SALONU 100 M MESAFEDE 130 M2 3+1,none,0,0,0,0,0,none,0,,1303314562
Ara Kat,▄BALDEMİR▄ŞEHİTLER CAD. SİTEDE FULL YAPILI ÇİFT ASANSÖRLÜ DAİRE,none,0,0,0,0,0,none,0,,1321394026
Ara Kat,DAMLA'DAN ACİL DURALİALIÇ MAH. ŞAHANE KONUM 6.KAT DAİREMİZ SAT.,none,0,0,0,0,0,none,0,,1336283624
Ara Kat,DURALİ ALIÇ MAH MASRAFSIZ ARA KAT ASANSÖRLÜ CADDE DİBİ 3+1,none,0,0,0,0,0,none,0,,1313380076
Ara Kat,DURALİALIÇ MAH KAT KONUMUNDA 3+1 SİTE İÇİNDE AÇIK CEPHE ASANSÖR,none,0,0,0,0,0,none,0,,1333519411
Dubleks,MAMAK DURALI ALIÇ NATA VEGA YAKINI SATILIK DUBLEX DAIRE,standard,1,0,0,0,1,detail_and_title,0,,1327086852
Ara Kat,ZARA | DURALİ ALIÇ MH ŞEHİTLER CD ÜZERİ SİTEDE ARA KAT 130m² 3+1,none,0,0,0,0,0,none,0,,1334299642
Çatı Dubleksi,NATOYOLU YAKINI SİTE İÇERİSİNDE ACİLLLL SATILIK 5+1 DUBLEKS,roof,1,1,0,0,0,detail_and_title,0,title_generic_confirms_detail_subtype,1335040063
Ara Kat,▄ASİL▄MODERN SİTE'DE CADDE CEPHE FULL YAPI 3+1 FIRSAT DAİRE.!,none,0,0,0,0,0,none,0,,1313214820
,█ SERDAR GAYRİMENKUL █ DOĞUKENT CAD. PARALELİ ASANSÖRLÜ 3+1,none,0,0,0,0,0,none,0,,1325719053
Ara Kat,▇ŞAHBAZ▇SINIRSIZ KREDİ! 1080 CD ÜZERİ 3+1 130M2 MASRAFSIZ FIRSAT,none,0,0,0,0,0,none,0,,1314544183
Ara Kat,▄KALE▄DOĞUKENT HAMAMI YAKINI SİTEDE YÜKSEK KREDİLİ 3+1 ARA KAT,none,0,0,0,0,0,none,0,,1332939911
Ara Kat,"GREEN LİFE/CADDE ÜZERİ,7/24 GÜVENLİKLİ SİTE/ÖN CEPHE SATILIK4+1",none,0,0,0,0,0,none,0,,1325704390
Ara Kat,GÖNÜL ÇARSISI YAKINI MERKEZİ KONUM ÖN CEPHE 3+1 DAİRE VİZYON'DA,none,0,0,0,0,0,none,0,,1314760903
En Üst Kat,▃▆█▓ EV-YAP ▓█▆▃ FIRSAT!! CADDE DİBİ SIFIR LUX 2+1 DAİRE,none,0,0,0,0,0,none,0,,1312183448
Ara Kat,█DIAMOND PRIME█1080 CADDE ÜZERİ KİLERLİ 3+1 DUBLEX MANZARA CEPHE,standard,1,0,0,0,1,title,0,,1322036732
Ara Kat,MRN ÖZKAN'DAN AKŞEMSETTİN MH. MERKEZİ KONUM KÖK TAPU 3+1 DAİRE,none,0,0,0,0,0,none,0,,1332503017
Ara Kat,▄YUSUF EMLAK▄ KREDİYE UYGUN!DOĞUKENT CD. YANI 2.KAT ÖN CEPHE 3+1,none,0,0,0,0,0,none,0,,1324949704
Ara Kat,VADİ MANZARADA ARA KATTA 3+1 İÇİ FUL YAPILI 140m² SATILIK DAİRE!,none,0,0,0,0,0,none,0,,1309165576
En Üst Kat,ZARA | AKŞEMSETTİN MH ANA CD ÜZERİ 3+1 ORMAN MANZARALI ASANSÖRLÜ,none,0,0,0,0,0,none,0,,1331046114
Ara Kat,ZARA | AKŞEMSETTİN MH. KREDİYE UYGUN 3+1 ARA KAT ASANSÖRLÜ,none,0,0,0,0,0,none,0,,1309676457
Ara Kat,▄ASİL▄DORMANLI'DA 3.KAT_3+1 ORMAN CEPHE KÖK TAPU ACİL FIRSAT.!,none,0,0,0,0,0,none,0,,1331373955
Ara Kat,NATAVEGA AVM DİBİ FULL LÜX YAPILI 3+1 SIFIR ARA KAT DAİRE!,none,0,0,0,0,0,none,0,,1327695802
Ara Kat,"Nata Vega Konut Kuleleri C Blok 18. Kat 4,5+1 Daire",none,0,0,0,0,0,none,0,,1326904723
Ara Kat,"Akşemsettin'de 1080.cadde,üzeri. Yapılı3+1Daire:Yatırım Fırsatı!",none,0,0,0,0,0,none,0,,1302270662
En Üst Kat,"Boğaziçi'nde 9. Kat, 3+1, 135m² Ultra Lüks Daire",none,0,0,0,0,0,none,0,,1331521735
Ara Kat,"NATAVEGA KONUTLARINDA 33.KAT ŞEHİR MANZARALI 4,5+1 SATILIK DAİRE",none,0,0,0,0,0,none,0,,1319596024
Ara Kat,▃ARVEN▃BÖLGENİN EN UYGUNU EBEVEYN BANYOLU ASANSÖRLÜ 3+1 DAİRE,none,0,0,0,0,0,none,0,,1335233577
Ara Kat,KAÇMAZ FIRSAT ! VADİ MANZARA EVLERİ HAZIR OTURUM FULL YAPILI 3+1,none,0,0,0,0,0,none,0,,1326133448
,BOĞAZİÇİ MAHALLESİ ACİL! İÇİ YAPILI VADİ MANZARALI DAİRE 仺EXTRA仺,none,0,0,0,0,0,none,0,,1334609440
Ara Kat,"AKŞEMSETTİN MAH,SÜPER LÜXS 3+1 DAİRE 3 BALKONLU %/ 80 KREDİ",none,0,0,0,0,0,none,0,,1263487408
Ara Kat,İMPARATOR | AKŞEMSETTİN MAH. 1080.CADDE ÜZERİNDE/ %80 KREDİ/3+1,none,0,0,0,0,0,none,0,,1314763381
Çatı Dubleksi,MAMAK BOĞAZİÇİ MAHALLEİNDE 6+2 300 M2 TERASLI SATILIK DAİRE,roof,1,1,0,0,0,detail,0,,1329323210
Dubleks,仺 A.D GAYRİMENKUL 仺 928 CADDE ÜZERİ SIFIR YAPILI 4+1 DUBLEKS,standard,1,0,0,0,1,detail_and_title,0,,1335734445
Ara Kat,ASLAN PRİME PRESTİJLİ GÜVENLİ KONUT VADİ MANZARA EVLERİ /140m²,none,0,0,0,0,0,none,0,,1333311918
Ara Kat,PARLADAN DOĞUKENT CADDE ÜZERİ YERDEN ISITMALI 75m² 2+1 DAİRE,none,0,0,0,0,0,none,0,,1313169798
Ara Kat Dubleks,AKIN GAYRIMENKUL'DEN 4+1 NATAYOLUN DA SIFIR DUBLEX,middle_floor,1,0,0,1,0,detail_and_title,0,title_generic_confirms_detail_subtype,1318030985
Ara Kat,"▄KALE▄İLANA DEĞİL,FIRSATA BAK! GEMİ AVM YAKINI YÜKSEK KREDİLİ3+1",none,0,0,0,0,0,none,0,,1328473806
Ara Kat,仺EXTRA仺AKŞEMSETTİN MAH. KÖK TAPU FUL YAPILI SATILIK 3+1 DAİRE,none,0,0,0,0,0,none,0,,1332405407
,Mamak Akşamsettin Mahallesi'nde 3+1 Satılık Daire,none,0,0,0,0,0,none,0,,1336228910
Ara Kat,| VADİ | AKŞEMSETTİN MH. % 80 KREDİ İMKANI Y.GİRİŞ 2+1 ASANSÖRLÜ,none,0,0,0,0,0,none,0,,1323544130
Ara Kat,█DIAMOND PRIME█VADİ MANZARA EVLERİ PREMİUM ETAP 1.KAT 2+1 FIRSAT,none,0,0,0,0,0,none,0,,1324400951
Ara Kat,NATA VEGA YANI SKYLİNE TOWERS'DA YÜKSEK ŞEREFİYELİ 4+1LÜKS DAİRE,none,0,0,0,0,0,none,0,,1333405271
Ara Kat,▇EVİN BURADA▇DOĞUKENT BULV. ÜZERİ SİTEDE 3+1 160m² FIRSAT DAİRE!,none,0,0,0,0,0,none,0,,1327680731
Ara Kat,ZARA | AKŞEMSETTİN MH. ANA CD. YANI 2.5+1 110m² MASRAFSIZ DAİRE.,none,0,0,0,0,0,none,0,,1321840308
,LEGEND LİFE TOWERS 12.KAT 3+1 SIFIR DAİRE,none,0,0,0,0,0,none,0,,1330787959
Ara Kat,█ ÖMER . █ 3+1 SIFIR KATTA *SAAT KULESİ YAKINI ASANSÖRLÜ,none,0,0,0,0,0,none,0,,1314965246
Ara Kat,PEYAMI SAFA MAH CADDE YAKINI MASRAFSIZ ARA KAT 3+1 MANTOLAMALI,none,0,0,0,0,0,none,0,,1331189946
,GENERALZEKİ DOĞANDA CADDE DİBİ 3+1 FIRSAT DAİRE !!!,none,0,0,0,0,0,none,0,,1324924058
Ara Kat,MERKEZİ KONUMDA CD DİBİ 3+1 110M² 1.KAT MASRAFSIZ FIRSAT DAİRE.!,none,0,0,0,0,0,none,0,,1317616457
Ara Kat,▃▆█▓EV-YAP▓█▆▃FIRSAT! MUTLU MAH. SAAT KULESİ YAKINI SATILIK 3+1,none,0,0,0,0,0,none,0,,1318235807
,ACİL 3.KATTA 3+1 BAĞIMSIZ YAPILI MANZARALI DAİRE,none,0,0,0,0,0,none,0,,1325008558
Ara Kat Dubleks|Dubleks|En Üst Kat,█ ÖMER █ 4+1 MUHTEŞEM MANZARALI SÜPER SATILIK DUBLEX**,middle_floor,1,0,0,1,0,detail_and_title,0,title_generic_confirms_detail_subtype,1326605317
,SAAT KULESİ YAKINI BÜTÜN CEPHELERİ AÇIK 2+1 YÜKSEK KREDİYE UYGUN,none,0,0,0,0,0,none,0,,1331943780
Ara Kat Dubleks,PEYAMİ SAFADA ÖZEL YAPISI İLE ÇİFT GİRİŞLİ 2+1 DUBLEX FIRSATI!,middle_floor,1,0,0,1,0,detail_and_title,0,title_generic_confirms_detail_subtype,1331547269
Ara Kat,PEYAMİ SEFA MAHALLESİNDE ASANSÖRLÜ İSKANLI SATILIK DAİRE,none,0,0,0,0,0,none,0,,1331815810
Ara Kat,AKDERE MAHALLESİNDE Y.GİRİŞ FULL YAPILI KAT KONUMUNDA DAİRE,none,0,0,0,0,0,none,0,,1316205757
Ara Kat,GEL GÖR AL FİYAT AVANTAJLI! %80 KREDİ İMKANI ASANSÖRLÜ 3+1 DAİRE,none,0,0,0,0,0,none,0,,1331597227
Dubleks,* CUMHURİYET PARKI KARŞISI KAPALI TERASLI KREDİYE UYGUN DUBLEKS*,standard,1,0,0,0,1,detail_and_title,0,,1308671674
Ara Kat,▃▆█▓ EV-YAP ▓█▆▃SAAT KULESİ YAKINI 3.KAT KONUMUNDA MANZARALI 2+1,none,0,0,0,0,0,none,0,,1332167771
Dubleks|En Üst Kat,SATILIK DÜBLEX BUNDAN İYİSİ VE GENİŞİ YOK,standard,1,0,0,0,1,detail_and_title,0,,1308488268
Ara Kat,MUTLU MAH. SAAT KULESİNE YAKIN 3+1 120M2 KÖK TAPU ARA KAT DAİRE,none,0,0,0,0,0,none,0,,1315001936
Ara Kat,PARLADAN MUTLU MAH.NATOYOLUNA YAKIN KONUMDA GİRİŞ 2+1 DAİRE,none,0,0,0,0,0,none,0,,1332486842
,KUTLU MAH SONAR EMLAKTAN İSKANLI KOT 1 DEACIK CEPHELİ SATLIK 3+1,none,0,0,0,0,0,none,0,,1315220394
En Üst Kat,ACİL! KAZIMORBAY MAH. 2+1 ASANSÖRLÜ FULL YAPILI SIFIR DAİRE,none,0,0,0,0,0,none,0,,1332967022
Ara Kat,MAMAK KUTLU MAHH.CADDE ÜZERİNDE 3+1 SAHİBİNDEN SATILIK DAİRE,none,0,0,0,0,0,none,0,,1320656964
Ara Kat,PEYAMI SAFA MAH CADDE YAKINI ARA KAT MANTOLAMALI 3+1 SATILIK,none,0,0,0,0,0,none,0,,1325720922
Ara Kat,▄NORA▄ACİLL !!! NATOYOLU CADDE DİBİ %80 KREDİ İMKANI 3+1 DAİRE,none,0,0,0,0,0,none,0,,1328295272
Dubleks,MUTLU'DA SAAT KULESİ YAKINI 3+1 MASRAFSIZ SATILIK DUBLEKS DAİRE,standard,1,0,0,0,1,detail_and_title,0,,1333606773
En Üst Kat,KONUŞMAYA GEREK YOK...!!! İLK ARAYAN ALIR....HAYIRLI ISLER,none,0,0,0,0,0,none,0,,1302222335
,Halk Bankası'ndan Ankara Mamak Satılık Konut,none,0,0,0,0,0,none,0,,1243273998
Ara Kat,PEYAMI SAFA MAH ARA KAT YALITIMLI CADDE YAKINI 3+1 SATILIK DAİRE,none,0,0,0,0,0,none,0,,1333862443
Ara Kat,ön cephe kira getirisi yüksek masrafsız daire oturma hazır,none,0,0,0,0,0,none,0,,1332616137
Ara Kat,TÜRKÖZÜ'NÜN PRESTİJLİ SİTESİNDE | 4+1 140m2 SATILIK DAİRE,none,0,0,0,0,0,none,0,,1333920142
,ERA CİTY'DEN SATILIK 3+1 DAİRE,none,0,0,0,0,0,none,0,,1333944550
,ONLİNE EMLAKTAN MAMAK MUTLU MH KAPALI TERASLI DUBLEKS GENİŞ 4+1,standard,1,0,0,0,1,title,0,,1333781381
Çatı Dubleksi,KUTLU MAHALLESİ 463 SK TA ASANSÖRLÜ MASRAFSIZ 5+1 DUBLEX,roof,1,1,0,0,0,detail_and_title,0,title_generic_confirms_detail_subtype,1334211751
,AKDERE'DE SIFIR 1+1-2+1-3+1 FIRSAT DAİRE'LER / KREDİYE UYGUN!!!,none,0,0,0,0,0,none,0,,1321812715
Dubleks,AYTEKİN EMLAK`TAN 4+1 ÇİFT GİRİŞLİ İSKANLI SATILIK DUBLEKS DAİRE,standard,1,0,0,0,1,detail_and_title,0,,1333862864
,NATOYOLU CADDE ÜZERİ OFİS İÇİN UYGUN SATILIK 3+1 DAİRE,none,0,0,0,0,0,none,0,,1325127484
Ara Kat,EMLAK ŞEHRİNDEN PEYAMİSAFA DA ARA KAT MANZARALI DAİRE FIRSATI,none,0,0,0,0,0,none,0,,1333939860
Ara Kat,| METROPOL |G.Z.D. MH NATO YOLU ANA CAD YANI 2.KAT MASRAFSIZ 2+1,none,0,0,0,0,0,none,0,,1318866181
Ara Kat,ASKEY'DEN NATOYOLU CADDE PARALELİ 3+1 ARA KAT MASRAFSIZ DAİRE!!!,none,0,0,0,0,0,none,0,,1334976806
Ara Kat,KUTLU MAHALLESİNDE MASRAFSIZ SIFIRDAN FARKSIZ 3+1 SATILIK DAİRE,none,0,0,0,0,0,none,0,,1334277274
Ara Kat,MUTLU MAH.SAAT KULESİ YAK.3+1 ASANSÖRLÜ YERDEN ISITMALI DAİRE**,none,0,0,0,0,0,none,0,,1334542183
,PEYAMİ SAFA MH. 3+1 MANZARALI YAPILI SATILIK DAİRE,none,0,0,0,0,0,none,0,,1328324848
Dubleks,ESAT MALİYE BLOKLARINDA // DUBLEX // YAPILI // ŞÖMİNELİ,standard,1,0,0,0,1,detail_and_title,0,,1336863299
,!! E&G'DEN NECATİBEY CADDESİNDE ARA KATTA 1+1 !!,none,0,0,0,0,0,none,0,,1312263500
Çatı Dubleksi,YILDIRIM GAYRİMENKUL'DEN KIZILAY MAH.4+1 ASANSÖRLÜ DUBLEX DAİRE,roof,1,1,0,0,0,detail_and_title,0,title_generic_confirms_detail_subtype,1335821597
Ara Kat,KIZILAY G.M.K BULV SATILIK DAİRE,none,0,0,0,0,0,none,0,,1307892422
,ÇANKAYADA ATAKULE YE ÇOK YAKIN SATILIK OFİS/DAİRE,none,0,0,0,0,0,none,0,,1336606380
,KONUR 2 SOKAK GİRİS ARKA CEPHE 2+1 OTOPARK 75 m2,none,0,0,0,0,0,none,0,,1336904845
Ara Kat,GAZİOSMANPAŞA CEHRE'DE 3+1 135M YAPILI ÇIFT BANYO,none,0,0,0,0,0,none,0,,1333750949
,UĞUR MUMCU CADDESİNE 1 BİNA MESAFEDE 4+1 270 M2 3.KATTA MANZARA,none,0,0,0,0,0,none,0,,1327786054
,GAZİOSMANPAŞA NENEHATUN CADDE ÜZERİ GİRİŞ KAT 3+1 SATILIK DAİRE,none,0,0,0,0,0,none,0,,1336357604
Ara Kat,KAZIM ÖZALP'TE ELÇİLİĞE KOMŞU SIFIR 1+1 DAİRE,none,0,0,0,0,0,none,0,,1336792713
,G.O.P BÜYÜKESAT ÇİFT MUTFAKLI GENİŞ 1+1BAHÇE KAT DAİRE,none,0,0,0,0,0,none,0,,1337312887
Ara Kat,KÖROĞLU UĞUR MUMCUNUN EVİNE İKİ BİNA KOZA SOKAK CEPHE,none,0,0,0,0,0,none,0,,1334524021
Ara Kat,ÇANKAYA'NIN GÖZDESİ KOZ ORAN'DA FIRSAT SATILIK 3+1 DAİRE,none,0,0,0,0,0,none,0,,1335757370
En Üst Kat,SIFIRYAPILI BAĞIMSIZ MANZARALI ÇİFT BNY ARAKAT YILDIZ KPR YAKINI,none,0,0,0,0,0,none,0,,1334962675
Dubleks|Çatı Dubleksi,HİSAR'DAN DİKMEN CD PARALEL MERKEZ 'DE 6+1 DUBKEX FULL ;MANZARA,roof,1,1,0,0,0,detail,0,,1253365756
En Üst Kat,DİKMEN CADDESİNDE GÜNEY DOĞU CEPHELİ 3+1 YAPILI SÜPER LÜKS,none,0,0,0,0,0,none,0,,1335325240
Ara Kat,DİKMEN İLKER METİNAKKUŞ MAH.SATILIK 3+1 YAPILI DAİRE,none,0,0,0,0,0,none,0,,1335579812
Ara Kat,NATURA VADİDE KÖŞE 4+1 | PANORAMİK MANZARA,none,0,0,0,0,0,none,0,,1335835035
,BİR EMLAKTAN SATILIK SİTE İÇERİSİNDE YAPILI BAKIMLI 3+1 DAİRE,none,0,0,0,0,0,none,0,,1335739409
,CKM DEN ÖVEÇLER VADİDE MANZARALI KAT KONUMUNDA GENİŞ 3+1,none,0,0,0,0,0,none,0,,1336429269
Ara Kat,NATURA VADİ ORAN B2 BLOK 32. KATTA SATILIK 4+1 LÜKS DAİRE,none,0,0,0,0,0,none,0,,1336910240
,GALEN GRUP REZİDANSDA SIFIR OTURUMA HAZIR SATILIK 1+1 DAİRELER,none,0,0,0,0,0,none,0,,1336749083
Ara Kat,MU-SE'den ORTA KAT GÜNEY CEPHE SATILIK 3+1,none,0,0,0,0,0,none,0,,1327729022
,Sahibinden satılık,none,0,0,0,0,0,none,0,,1332710691
,KANAAT'TEN YENİLENMİŞ 2+1 KAT KONUMUNDA FERAH DAİRE,none,0,0,0,0,0,none,0,,1314819047
,**DİKMEN ANA CD ÜZERİ 2+1 AMERİKAN MUTFAKLI FUL YAPILI SATILIK**,none,0,0,0,0,0,none,0,,1285092569
,ACİL FIRSAT Çetin Emeç Bulvarı Üzerinde 3+1 Bahçe Kullanımlı,none,0,0,0,0,0,none,0,,1335433470
,!!! KONYA YOLU YAKINI 3+1 SATILIK BALKONLU YENİ BİNA DAİRE,none,0,0,0,0,0,none,0,,1335630523
Dubleks,AKPINAR'DA MASRAFSIZ FERAH ORMAN MANZARALI 5+1 DUBLEX DAİRE,standard,1,0,0,0,1,detail_and_title,0,,1337449733
,"LEVENT'TEN NACİ ÇAKIR MAHALLESİNDE 3+1, 110 M2 GİRİŞ KATTA",none,0,0,0,0,0,none,0,,1337596282
En Üst Kat,NACİ ÇAKIR'DA UFKU AÇIK MANZARALI 3+1 | 115 M² NET | BOŞ TESLİM,none,0,0,0,0,0,none,0,,1337459298
Ara Kat,DİKMEN MERKEZDE 3+1 LÜKS YENİ YAPILI ÖNCEPHE KATTA OTOPARKLI,none,0,0,0,0,0,none,0,,1338363963
Ara Kat,"SİNPAŞ EGE VADİSİ'NDE MANZARALI, EŞYALI , BOŞ 1+1 FIRSAT DAİRE",none,0,0,0,0,0,none,0,,1337744642
Çatı Dubleksi,"Tarz Evlerinde, Yapılı, Bakımlı, 5+2 Dubleks",roof,1,1,0,0,0,detail_and_title,0,title_generic_confirms_detail_subtype,1335759432
Ara Kat,AKYILDIZ PRESTİJ 2+1 ÖNÜ AÇIK BOŞ KÖŞE FIRSAT DAİRE !!,none,0,0,0,0,0,none,0,,1334922949
,YAŞAMKENT MERKEZDE | AYARSLAN CITY | 185 m² EŞSİZ KONUMDA 4+1,none,0,0,0,0,0,none,0,,1335525370
Ara Kat,ALACAATLI SATILIK 4+1 BUTİK SİTE,none,0,0,0,0,0,none,0,,1335721352
Ara Kat,LK GROUP KONUTKENT 1 EMLAK BANKASI KONUTLARI SATILIK 3+1 DAİRE,none,0,0,0,0,0,none,0,,1336103072
,VİOLE YAŞAMKENT 1+1 KÖŞE DAİRE K.OTOPARK GÜVENLİK,none,0,0,0,0,0,none,0,,1337220551
Ara Kat,"TÜRKKONUT Manzara Evleri'nde 4+1 Satılık Güvenlikli, Lüks Daire",none,0,0,0,0,0,none,0,,1337191606
Ara Kat,Yaşamkent Yaşam Kule'de 2+1 Çift Banyolu Satılık Daire!,none,0,0,0,0,0,none,0,,1337599736
Ara Kat,Yaşamkent de Nev Yaşam Sitesinde Satılık 4.5+1 Daire,none,0,0,0,0,0,none,0,,1334647686
En Üst Kat,DEDEEFENDİ CAD 2+1 +GİYİNME ODALI BAKIMLI SATILIK KONUT,none,0,0,0,0,0,none,0,,1334785938
,Sahibinden full yapılı 4+1 boş daire,none,0,0,0,0,0,none,0,,1335266810
,CEBECİ'DE KARLI YATIRIM!! GİRİŞ KAT KONUMUNDA KOTTA SIFIR 1+1,none,0,0,0,0,0,none,0,,1337616155
Ara Kat,Beta Sitesinde Full Yapılı,none,0,0,0,0,0,none,0,,1336687965
Ara Kat,"Esenpark'ta Satılık 4+1 Lüks Daire, 165m²,Mülk Sahibi Kullanımlı",none,0,0,0,0,0,none,0,,1337315540
Ara Kat Dubleks,BEYTEPE ANKA NATURA SİTESİ SATILIK 4+1 ARA KAT DUBLEKS DAİRE,middle_floor,1,0,0,1,0,detail_and_title,0,,1337508876
,MENEKŞE BONİTA'DA SATILIK LÜX 2+1 DAİRE,none,0,0,0,0,0,none,0,,1335509872
Ara Kat,"CEVİZLİDERE' DE , CADDE ÜZERİ, 3+1 TİPTE , YAPILI , OTOPARKLI",none,0,0,0,0,0,none,0,,1336141849
Ara Kat,ÇUKURAMBAR'DA 4+1 ARA KAT ULTRA LÜX YAPI KİLERLİ ŞEHİR MANZARALI,none,0,0,0,0,0,none,0,,1336154038
Ara Kat,"Ceyhun Atuf Kansu'da Satılık 4+1 Daire, 150m² Net",none,0,0,0,0,0,none,0,,1330717767
Ara Kat,BALGAT EHLİBEYT'DE YENİ YAPILI BAĞIMSIZ 3+1 SATILIK DAİRE,none,0,0,0,0,0,none,0,,1337186418
,M.KORKMAZ'DAN SIFIR BİNADA SÜPERLÜX 2+1 K.GARAJ-ASANSÖRLÜ,none,0,0,0,0,0,none,0,,1336290427
,BAHÇELİEVLER METROSUNA YAKIN 3+1 ÖN 120M2 ULTRA LÜX,none,0,0,0,0,0,none,0,,1336766491
,REK GRUPTAN EMEK MAHALLESİNDE SIFIR BİNADA SATILIK 2+1 DUBLEKS,standard,1,0,0,0,1,title,0,,1336528696
Ara Kat,M.KORKMAZ'dan BAHÇELİNİN EN GÜZEL YERİNDE ARAKAT SIFIR LÜX 1+1,none,0,0,0,0,0,none,0,,1336588471
Ara Kat,"BAHÇELİEVLER SATILIK YENİ,ASANSÖRLÜ,K.OTOPARKLI ARAKAT 2+1 DAİRE",none,0,0,0,0,0,none,0,,1337296834
Ara Kat,BAHÇELİEVLER 56. SOKAKTA ( ESKİ 9. SOKAK ) 3+1 2. KATTA KOMBİLİ,none,0,0,0,0,0,none,0,,1337561803
Ara Kat,BAHÇELİEVER 7. CADDE METRO YAKINI 3+1 SATILIK DAİRE,none,0,0,0,0,0,none,0,,1337650966
,DİKMEN CADDESİ PARALELİ ATAYOLU SOKAKTA 3+1 SATILIK DAİRE,none,0,0,0,0,0,none,0,,1335339293
,SÖĞÜTÖZÜ KONUTLARINDA SATILIK DUBLEKS 7+2 LÜKS DAİRE,standard,1,0,0,0,1,title,0,,1316708168
,ŞAHİNLER SİTESİ TURAN GÜNEŞ FULL YAPILI LÜKS 270 m² | 5+1,none,0,0,0,0,0,none,0,,1338259370
,CEBECİ EVREN SOKAKTA SATILIK 2+1,none,0,0,0,0,0,none,0,,1335452848
Ara Kat,"SATILIK, SANCAK, KONRAD ADENAUER,4+1, 2.KAT, ASANSÖRLÜ, ÖNÜ AÇIK",none,0,0,0,0,0,none,0,,1320787484
,TURAN GÜNEŞ'E CEPHE GÜÇ KOLEJİ KARŞISI FULL YAPILI 4+1,none,0,0,0,0,0,none,0,,1332597328
,ATAYOLU SOKAKTA FULL YAPILI ÖN CEPHE KAPALI OTOPARKLI DAİRE,none,0,0,0,0,0,none,0,,1338359728
Ara Kat,ÇANKAYA KEKLİKPINARI MH. OTURUMA HAZIR 1+1 SATILIK DAİRELER,none,0,0,0,0,0,none,0,,1337434761
Ara Kat,Altındağ Feridun Çelik Mah. Ara Kat Avantajlı 3+1 Daire,none,0,0,0,0,0,none,0,,1315523227
Ara Kat,SAHİBİNDEN SATILIK 3+1 DAİRE MERKEZİ KONUM,none,0,0,0,0,0,none,0,,1334861648
Ara Kat,"ANKALİFE'TAN MERKEZİ LOKASYON, MASRAFSIZ, MANZARALI, SATILIK 3+1",none,0,0,0,0,0,none,0,,1335355213
Ara Kat,ANKA 21 BLOKLARINDA 3+1 KATTA SATILIK DAİRE,none,0,0,0,0,0,none,0,,1336021925
En Üst Kat,"ALTINDAĞ ULUCANLAR CD.3,5+1, ASANSÖRLÜ, ÖN CEPHE, ÜST KAT, BOŞ",none,0,0,0,0,0,none,0,,1336075736
Ara Kat,Atlas Modern Sitesi'nde 3+1 Sıfır Fırsat Daire,none,0,0,0,0,0,none,0,,1298180675
Ara Kat,CANDAN EMLAK'TAN FERUDUNÇELİK'TE 2.KAT KONUMUNDA SIFIR 3+1,none,0,0,0,0,0,none,0,,1314865634
Ara Kat,FERİDUN ÇELİK MAHALLESİNDE ALİBEY GÖBEKTE FULL YAPILI 3+1 DAİRE,none,0,0,0,0,0,none,0,,1336348639
Ara Kat,Ankara altındağ feridün mahallesi 3+1 diare,none,0,0,0,0,0,none,0,,1337415989
Ara Kat,112 GAYRİMENKUL'DEN 1048 CADDE ÜZERİNDE FUL YAPILI 3+1,none,0,0,0,0,0,none,0,,1334726285
,BAŞPINAR MAHALLESİ 3+1 YÜKSEK GİRİŞ SIFIR DAİRE KREDİ 1.99,none,0,0,0,0,0,none,0,,1335621710
,2.KAT EBEVEYNBANYOLU BÜYÜKKiLERLİNET140M HR KENDİDAİRESİ YAPIYOR,none,0,0,0,0,0,none,0,,1315539376
Ara Kat,YÜKSELEN EMLAK GÜVENCESİYLE BAŞPINAR MAH 2+1 SATILIK DAİRE,none,0,0,0,0,0,none,0,,1332524190
,BEŞİKAYA MAH SATILIK DAİRE 3+1ASANSöRLÜ 2KATDAOSMANLİNŞEMLAKDAN,none,0,0,0,0,0,none,0,,1322884145
,YAPSAN'DAN GİRİŞ KATTA 3+1 SIFIR OTURUMA HAZIR FIRSAT DAİRE,none,0,0,0,0,0,none,0,,1336116502
Ara Kat,BAYSU'DAN CADDE ÜZERİ PARK MANZARALI 2.KAT YAPILI-SIFIR DAİRE,none,0,0,0,0,0,none,0,,1334703728
Ara Kat,KARACAN'DAN***BEŞİKKAYA KARAPÜRÇEK CD'SİNE YAKIN 3+1 YÜKSEK KOT*,none,0,0,0,0,0,none,0,,1335409111
,ULUBEY'DE 3+1 YENİ BİNA LÜKS SİTE DAİRESİ 4.KAT TERAS BALKONLU,none,0,0,0,0,0,none,0,,1335211931
Ara Kat,İL-SA EMLAK'TAN BATTALGAZİ DE YÜKSEK KOT CEPHELERİ AÇIK FIRSAT !,none,0,0,0,0,0,none,0,,1336299188
,YATIRIMLIK KAYBETTİRMEZ ANKARA MANZARALI,none,0,0,0,0,0,none,0,,1335479227
En Üst Kat,Beşikkaya merkezi konumda gazı göbeğe yakın,none,0,0,0,0,0,none,0,,1335638051
,ALTINDAĞ-BEŞİKKAYA SATILIK KÖK TAPU 3+1 DUBLEX DAİRE!!!,standard,1,0,0,0,1,title,0,,1336132813
,MARKA GAYRİMENKUL'DEN KREDİLİ 2+1 BAHÇE KATI DAİRE,none,0,0,0,0,0,none,0,,1335798589
,AKSOY'DAN BATTALGAZİ MAH GENİŞ FERAH KATTA YAPILI EBEVEYN BANYOL,none,0,0,0,0,0,none,0,,1334632728
,ŞAHİN GROUPTAN BEŞİKKAYA MH CADDE YAKINI 1.KAT 3+1 ASANSÖR İSKAN,none,0,0,0,0,0,none,0,,1336975793
,Arsa Sahibinden Ana yola 50 MT.,none,0,0,0,0,0,none,0,,1336086824
Ara Kat,SARI'DAN BEŞİKKAYADA VADİ MANZARALI 3+1 1.KAT SIFIR,none,0,0,0,0,0,none,0,,1317159253
Çatı Dubleksi,ALTINDAĞ-BATTALGAZİ 4+1 KÖK TAPU SATILIK DUBLEX,roof,1,1,0,0,0,detail_and_title,0,title_generic_confirms_detail_subtype,1336371572
Ara Kat,BİÇER EMLAK'DAN YERDEN ISITMALI SIFIR FULL YAPILI SATILIK DAİRE,none,0,0,0,0,0,none,0,,1336493616
Ara Kat,AĞIRTAŞ EMLAKTAN ACİL SATILIK YENİ BİNA 2+1 DAİRE,none,0,0,0,0,0,none,0,,1326886204
Ara Kat,YAPSAN'DAN ORHAN KEMAL CADDESİ YAKINI 3+1 SİTE İÇİ DAİRELER,none,0,0,0,0,0,none,0,,1336769745
,BATTALGAZİ MH ÇARŞAMBA PAZARI YANI CADDE ÜSTÜ 3+1 SATILIK DAİRE,none,0,0,0,0,0,none,0,,1336632514
Ara Kat,GİDER EMLAKTAN BEŞİKKAYA MAH. KATTA FULL YAPILI SIFIR DAİRE,none,0,0,0,0,0,none,0,,1337400873
Ara Kat,Başpınar'da Merkezi Konumda Satılık 3+1 Daire (125m²),none,0,0,0,0,0,none,0,,1300046766
Ara Kat,SAHİBİNDEN YENİ NESİL YAŞAM PROJESİNDE SATILIK 2+1 FIRSAT DAİRE,none,0,0,0,0,0,none,0,,1331465277
,112GAYRİMENKUL'DEN CADDE DİBİNDE AVANTAJLI KONUMDA SATILIK DAİRE,none,0,0,0,0,0,none,0,,1338011780
Ara Kat|Ara Kat Dubleks|Dubleks|En Üst Kat|Bahçe Dubleksi|Çatı Dubleksi|Forleks|Ters Dubleks|Tripleks,MDG GAYRİMENKUL DEN FERİDUNÇELİK MAHALLESİNDE SATILIK DAİRE,roof,1,1,0,0,0,detail,0,,1337952478
Dubleks|En Üst Kat,CEBECİ MİLLET BAHÇESİ'NİN KARŞISINDA SATILIK DUBLEKS 3+1 DAİRE,standard,1,0,0,0,1,detail_and_title,0,,1336964830
Ara Kat,SARI'DAN FERİDUNÇELİKTE MİGROS YAKINI 3+1 6.KAT SIFIR BİNA,none,0,0,0,0,0,none,0,,1337068066
Ara Kat,EVİM EMLAK'TAN ORHAN KEMAL CADDE YANI GÜNEY CEPHE ARA KAT 3+1,none,0,0,0,0,0,none,0,,1336888873
,YAPSAN'DAN KARAPÜRÇEKTE LUX SIFIR OTURUMA HAZIR CADDE YAKINI,none,0,0,0,0,0,none,0,,1336260819
Ara Kat,FERDUNÇELİKTE FUL +FUL YAPILI 3+1140M2 NET,none,0,0,0,0,0,none,0,,1337380089
Dubleks,KARAPÜRÇEK'TE FUL YAPILI ASANSÖRLÜ 5+1 SATILIK DUBLEKS DAİRE,standard,1,0,0,0,1,detail_and_title,0,,1337392284
Ara Kat,GÜLEÇ EMLAK^TAN 8.KATTA 3+1 ŞEHİR MANZARALI MERKEZİ KONUM SİTE D,none,0,0,0,0,0,none,0,,1336326528
Ara Kat,4+1 Kök tapulu full yapılı,none,0,0,0,0,0,none,0,,1337311394
En Üst Kat,SAHİBİNDEN KÖK TAPULU GENİŞ MANZARALI GÜZEL KONUMDA,none,0,0,0,0,0,none,0,,1337310179
Ara Kat,BAYTAR EMLAK'tan PANORAMİK ŞEHİR MANZARALI 3+1 YAPILI FIRSAT!!!,none,0,0,0,0,0,none,0,,1336059190
En Üst Kat,Full yapılı güney batı cephe Sahibinden satılık daire,none,0,0,0,0,0,none,0,,1337376394
Ara Kat,SAMSUN_YOLUNA_CEPHE_SİTE_İÇİ_YÜKSEK_KAT_YÜKSEK_KREDİ_2+1_110M²_!,none,0,0,0,0,0,none,0,,1337387722
Ara Kat,belediye parkı yakını geniş temiz manzaralı daire,none,0,0,0,0,0,none,0,,1337377079
,Ziraat Bankası'ndan Yıldıztepe Mahallesi'nde Daire,none,0,0,0,0,0,none,0,,1337982330
,"Başpınar'da Manzaralı, Teras Balkonlu, Ebeveyn Banyolu 3+1 Satıl",none,0,0,0,0,0,none,0,,1337407597
Ara Kat,OĞUZ GEZER'DEN PEYZAJLI ELİT BİR SİTE SIFIR AYARINDA KREDİLİ 4+1,none,0,0,0,0,0,none,0,,1337460317
,KARAPÜRÇEK MAH 3+1 1. KAT GENİŞ MASRAFSIZ SATILIK DAİRE,none,0,0,0,0,0,none,0,,1334781157
Ara Kat,ÖZLİNE'DEN PRESTİJLİ SİTEDE ULTRA LÜKS MODERN TASARIM 3+1,none,0,0,0,0,0,none,0,,1334649138
Ara Kat,alana hayırlı olsun,none,0,0,0,0,0,none,0,,1337511069
En Üst Kat,HARPUT EMLAK'TAN 3+1 ÇİFT BALKONLU KATTA GENİŞ SATILIK DAİRE,none,0,0,0,0,0,none,0,,1337542986
,4+1 SATILIK FIRSAT DAİRE,none,0,0,0,0,0,none,0,,1337549103
,GÜNEŞEVLER'DE GENİŞ VE KULLANIŞLI ASANSÖRLÜ 3+1 SATILIK DAİRE,none,0,0,0,0,0,none,0,,1337791583
En Üst Kat,TREND'DEN 8.CADDE ÜZERİ 4.KAT ÖN CEPHE EBEVEYN+TERAS SIFIR 3+1**,none,0,0,0,0,0,none,0,,1328732071
Ara Kat,KARAPÜRÇEK MAH SALI PAZARI STATA YAKIN SATILIK 3+1 BAHÇE KATI,none,0,0,0,0,0,none,0,,1337812082
Ara Kat,BEŞİKKAYA MH. LÜX YAPILI SİTE İÇERİSİ 2.KAT 3+1 KREDİ 1.99,none,0,0,0,0,0,none,0,,1337602182
En Üst Kat,'YÜKSELEN EMLAK'FERİDUNÇELİK ANKARA MANZARALI SATILIK 3+1DAİRE,none,0,0,0,0,0,none,0,,1331832127
,ARAKATTA YAPILI 3+1 DORUK SİTESİNDE,none,0,0,0,0,0,none,0,,1337619889
Ara Kat,BAŞPINARDA TOKİLERE YAKIN 1.KATTA İSKANLI 2+1 DAİRE,none,0,0,0,0,0,none,0,,1337622964
Ara Kat,EMLAKKENT'TEN FERİDUNÇELİK MAH.'MÜKEMMEL LOKASYONDA KATTA 2+1',none,0,0,0,0,0,none,0,,1334785818
Ara Kat,3+1 100 m2 FULL YAPILI ASANSÖR İSKANLI GİRİŞ KAT 3.CEPHELİ DAİRE,none,0,0,0,0,0,none,0,,1336577919
,GÜNEŞEVLER EMLAKTAN CELAL ESATA YAKIN YENİ BİNA,none,0,0,0,0,0,none,0,,1337135193
Ara Kat,YAPSAN'DAN BÖLGENİN EN PRESTİJLİ PROJESİNDEN 3+1 FIRSAT DAİRELER,none,0,0,0,0,0,none,0,,1337280159
,ACİL SAHİBİNDEN GÜNEY CEPHE 3+1 DAİRE,none,0,0,0,0,0,none,0,,1337727135
,CANDAN EMLAK'TAN BEŞİKKAYA SAGLIK OCAGI YANI 3.KAT 3+1,none,0,0,0,0,0,none,0,,1325105263
,MDG GAYRİMENKUL'DEN BEŞİKKAYA da SATILIK 3+1 DAİRE,none,0,0,0,0,0,none,0,,1335130496
Ara Kat,SAHİBİNDEN DAİRE FULL YAPILI,none,0,0,0,0,0,none,0,,1337716598
,satılık daire,none,0,0,0,0,0,none,0,,1337472688
,YSF EMLAKTAN SATILIK 3+1 DAİRE ANA CADDE ÜZERİ KÖK TAPU,none,0,0,0,0,0,none,0,,1334983275
,ZİRAAT MAH. 3+1 ASANSÖRLÜ KÖK TAPU SATILIK DAİRE,none,0,0,0,0,0,none,0,,1337843299
,sahibinden satılık giriş,none,0,0,0,0,0,none,0,,1337865546
Dubleks,YILDIZ EMLAK'TAN FULL YAPILI KAPALI TERASLI DUBLEX 4+1,standard,1,0,0,0,1,detail_and_title,0,,1316428683
Ara Kat,TORUN GAYRİMENKULDEN GÜNEŞEVLERİN EN GÜZEL 4+1 DAİRESİ,none,0,0,0,0,0,none,0,,1337892600
,▃KENT'TEN ÖRNEK MH.KENTSEL DÖNÜŞÜM PLANINDA EŞYALI YATIRIMA UYG▃,none,0,0,0,0,0,none,0,,1337882566
,CADDEYE YAKIN 2+1 FİYATINA 4+1 GİRİŞ,none,0,0,0,0,0,none,0,,1337900972
En Üst Kat,BATTALGAZİ MAH H.GÜLLÜ CEYLAN OKULU YAKINI 3+1 3.KAT SATILIK,none,0,0,0,0,0,none,0,,1337903142
Ara Kat,FERIDUNÇELİKTE FULL YAPILI ANKARA MANZARALI CİFT BANYO GIYINME O,none,0,0,0,0,0,none,0,,1337903517
,MDG GAYRİMENKUL'DEN KARAPÜRÇEK TE SATILIK 3+1 DAİRE,none,0,0,0,0,0,none,0,,1337919583
,F.CELİK BÖLGESİNİN EN GÜZEL SİTESİNDEN SATLIK 4+1 DAİRE,none,0,0,0,0,0,none,0,,1337930438
Ara Kat,İSRA'DAN BAŞPINARDA MERKEZİ LOKASYON ULTRALÜX EBEVEYN/TERAS 3+1,none,0,0,0,0,0,none,0,,1306117618
,MDG GAYRİMENKUL'DEN DOĞANTEPEDE SATILIK 3+1 DAİRE,none,0,0,0,0,0,none,0,,1335128506
Ara Kat,ZİRVE DAİRE OFİSİNDEN BEŞİKKAYADA ÖN CEPHE SIFIR SATILIK DAİRE,none,0,0,0,0,0,none,0,,1327309432
Ara Kat,143m2! KREDİYE UYGUN SATILIK DAİRE! GENİŞ DAİRE ARAYANLARA ÖZEL!,none,0,0,0,0,0,none,0,,1322355470
Ara Kat,ORKİDEPARK SİTESİ 3+1 FULL YAPILI MERKEZİ KONUM,none,0,0,0,0,0,none,0,,1338030182
,ALTINDAĞ TAPU MÜDÜRLÜĞÜ DİBİNDE SİTELER YAKINI 2+1 SIFIR DAİRE !,none,0,0,0,0,0,none,0,,1338079758
Ara Kat,AYDOĞDU'DAN BAŞPINARDA 5.KAT FULL MANZARALI SIFIR 3+1,none,0,0,0,0,0,none,0,,1321827126
,KARAPÜRÇEK'TE 4.KAT KONUMDA YÜKSEK GİRİŞ SATILIK DAİRE,none,0,0,0,0,0,none,0,,1328947053
,ALTINDAĞ KARAPÜRÇEK MERK.KON. KOT1 2+1 DAİRE,none,0,0,0,0,0,none,0,,1335276368
Ara Kat,3+1 GİRİŞ KAT FUL CAM BALKONLU VESTİYERLİ SIFIR FIRSAT DAİRE..,none,0,0,0,0,0,none,0,,1336892028
Ara Kat,İL-SA EMLAK'TAN BATTALGAZİ'DE ANKARA MANZARALI 3+1 SİTE DAİRESİ,none,0,0,0,0,0,none,0,,1323025178
Dubleks,CEMRE PARKINA YÜRÜME MESAFESİNDE *MASRAFSIZ*4+1 DUBLEKS,standard,1,0,0,0,1,detail_and_title,0,,1337574923
Ara Kat,630.ETAP*MUHTEŞEM MANZARALI* BOŞ* 4+1* 7.700.000 TL,none,0,0,0,0,0,none,0,,1337416898
Ara Kat,EMİNEVİM/FUZULEVİM/KATILIMEVİM/BİREVİM KÖK TAPU 3+1,none,0,0,0,0,0,none,0,,1334916719
Ara Kat,BİZİM'DEN SATILIK FERİDUNÇELİK DE SIFIR 1.KATTA LÜX DAİRE,none,0,0,0,0,0,none,0,,1322584675
Ara Kat,VİP'DEN GÜNEŞEVLER MERKEZDE FULL YAPILI SATILIK 3+1 DAİRE,none,0,0,0,0,0,none,0,,1337884591
Ara Kat,"BİR EMLAK'DAN BEŞİKKAYA'DA SIFIR,3+1,125M²ÖN CEPHE SATILIK DAİRE",none,0,0,0,0,0,none,0,,1337684702
Ara Kat,UZMAN'DAN 686'DA ÇEVREYOLU MANZARALI OTURUMA HAZIR FERAH 3+1,none,0,0,0,0,0,none,0,,1337699201
Ara Kat,YEŞİLYURT'TAN KORU EVLERİNDE FIRSAT KATTA SATILIK 3+1,none,0,0,0,0,0,none,0,,1338045938
Ara Kat,EVİM EMLAK'TAN GENİŞ KULLANIŞLI CADDE YAKINI 3+1 DAİRE,none,0,0,0,0,0,none,0,,1338065034
Ara Kat,EVİM EMLAKTAN AKBABA AVM YAKINI 3+1 ARA KAT GENİŞ DAİRE,none,0,0,0,0,0,none,0,,1335211409
Ara Kat,ZARARSIZLAR GRUPTAN KARAPÜRÇEK MAH. Y.GİRİŞ 3+1 MASRAFSIZ DAİRE,none,0,0,0,0,0,none,0,,1337882720
Ara Kat,ŞİMŞEK EMLAKTAN YENİ YAPILMIŞ MODERN MUTFAK 4+1 DAİRE,none,0,0,0,0,0,none,0,,1335119043
Ara Kat,ARIKANDAN KUZEY ANKARA YENİ 12. ETAP 3+1 SATILIK DAİRE,none,0,0,0,0,0,none,0,,1313201562
Ara Kat,AİLENİZ İÇİN KONFORLU VE GENİŞ **KAÇIRILMAYACAK**4+1,none,0,0,0,0,0,none,0,,1338017079
Ara Kat,HEDEF EMLAK`TAN 4+1 ARA KAT TERAS BALKON FULL YAPILI GENİŞ M2!.,none,0,0,0,0,0,none,0,,1335323622
Ara Kat,//AKTÜRK EMLAK\\ ÖN KÖŞE PARK CEPHELİ CADDE ÜSTÜ SIFIR 3+1 DAİRE,none,0,0,0,0,0,none,0,,1334737826
,//AKTÜRK EMLAK\\ CADDE ÜSTÜ ÖN CEPHE MASRAFSIZ SIFIR 3+1 DAİRE**,none,0,0,0,0,0,none,0,,1334711663
,//AKTÜRK EMLAK\\ MERKEZİ KONUMDA MASRAFSIZ LÜKS YAPI 3+1 DAİRE**,none,0,0,0,0,0,none,0,,1335150718
,//AKTÜRK EMLAK\\***MUHTEŞEM KONUMDA MASRAFSIZ 3+1 DAİRE***,none,0,0,0,0,0,none,0,,1335527542
,#ASİL EMLAK-MERKEZ ARAKAT ÖN GÜNEY C. ALTTAN ISITMALI LÜX DAİRE,none,0,0,0,0,0,none,0,,1335601005
Ara Kat,!!EMSALSİZZ!!BU GENİŞLİKTE BU KONUMDA BAŞKA SATILIK YOK,none,0,0,0,0,0,none,0,,1335664441
,ZİRVE GAYRİMENKULDEN YILDRIM MAH. SIFIR KOMBİ PETEKLİ 2+1LÜKS,none,0,0,0,0,0,none,0,,1334734920
,ZİRVE GAYRİMENKULDEN YILDIRIM MAH. 2+1 SIFIR LÜKS MERKEZİ KONUM,none,0,0,0,0,0,none,0,,1334972669
Ara Kat,//AKTÜRK EMLAK\\ MÜKEMMEL KONUMDA ARA KAT 150m2 MASRAFSIZ DAİRE*,none,0,0,0,0,0,none,0,,1335932963
Ara Kat,//AKTÜRK EMLAK\\ARA KAT İSKANLI KAPALI OTOPARKLI SIFIR 3+1 DAİRE,none,0,0,0,0,0,none,0,,1335219209
Ara Kat,ÜNALLAR GRUP'TAN YILDIRIM'DA SATILIK 3+1 DAİRE,none,0,0,0,0,0,none,0,,1320686436
Ara Kat,//AKTÜRK EMLAK\\EBEVEYN BANYO KİLER ANKASTRE SET ARAKAT 3+1DAİRE,none,0,0,0,0,0,none,0,,1335936888
,AKYURT YEŞİLTEPE MAH. YÜKSEK GİRİŞ 3+1 UYGUN FİYAT DAİRE,none,0,0,0,0,0,none,0,,1332583311
,[PRESTİJDEN]BİRUNİ OKULU YANINDA ÇOK GENİŞ LÜKS MASRAFSIZ DAİRE,none,0,0,0,0,0,none,0,,1335580897
,ALSANCAK'TAN HEM MERKEZDE HEM MANZARALI 3+1 GENİŞ SATILIK DAİRE,none,0,0,0,0,0,none,0,,1335341718
Ara Kat,OZAN EMLAK/ÇARŞIDA İSKANLI GÜNEY CEPHE EKSİKSİZ ARA KAT 3+1,none,0,0,0,0,0,none,0,,1335793558
,ÇİMEN'DEN YILDIRIM MAH. CADDEYE YAKIN ORTA KAT CAM BALKONLU 3+1,none,0,0,0,0,0,none,0,,1335787464
,ZİRVEDEN YILDIRIMDA GÖZDE KONUMDA 3+1 BAHÇE KAT FIRSAT DAİRE,none,0,0,0,0,0,none,0,,1334615470
,ZİRVEDEN TEKİN GROSS YANI KÖK TAPU DAİRE,none,0,0,0,0,0,none,0,,1328849724
,#ASİL EMLAK-3+1 ULTRA LÜX FIRSAT DAİRE,none,0,0,0,0,0,none,0,,1336177241
,OZAN EMLAK/MERKEZİ KONUMLU UYGUN FİYATLI SIFIR 3+1 DAİRE,none,0,0,0,0,0,none,0,,1336343076
Ara Kat,!ATLAS'TAN ASKİ ARKASI 3+1 YÜKSEK KREDİLİ ARA KAT ÖN CEPHE DAİRE,none,0,0,0,0,0,none,0,,1336057532
Ara Kat,//AKTÜRK EMLAK\\ KREDİ SORUNSUZ MASRAFSIZ SÜPER 145m2 3+1 DAİRE*,none,0,0,0,0,0,none,0,,1336468153
,//AKTÜRK EMLAK\\**YÜKSEK KREDİ-YERDEN ISITMA+KOMBİ+CAM BALKON***,none,0,0,0,0,0,none,0,,1336660312
,!!ATLAS'TAN CADDE YANI SIFIR MASRAFSIZ 3+1 YÜKSEK GİRİŞ DAİRE!!,none,0,0,0,0,0,none,0,,1335586672
,*ACAREMLAK*3+1 KÖK TAPU YÜKSEK GİRİŞ E BANYO KİLER FIRSAT KONUM,none,0,0,0,0,0,none,0,,1335655263
,//AKTÜRK EMLAK\\ ANA CADDE ARKASI MERKEZİ KONUMDA SIFIR DAİRE***,none,0,0,0,0,0,none,0,,1337037778
,Protokolde 1+1 Köşe Daire,none,0,0,0,0,0,none,0,,1322881117
,PRİME GROUPTAN YILDIRIMDA SIFIR 3+1 LÜX DAİRELER,none,0,0,0,0,0,none,0,,1298506382
,*ACAREMLAK* 1 MLYON KREDİLİ 3+1 ARA KAT SIFIR E BANYO KİLER !!,none,0,0,0,0,0,none,0,,1335845725
,ÇİMEN'DEN AKYURT'UN EN GÖZDE YERİNDE KÖŞE BAŞI ORTA KAT 3+1,none,0,0,0,0,0,none,0,,1336265789
,ASİL'DEN FIRSAT YEŞİLTEPE MERKEZ DE 2+1 Y.GİRİŞ Y.ISITMA,none,0,0,0,0,0,none,0,,1336294144
Ara Kat,ALSANCAK'TAN ARA KAT 2+1 MASRAFSIZ CAM BALKONLU LÜKS YAPI !,none,0,0,0,0,0,none,0,,1336169524
,Köşe Emlaktan Tamamına Kredili Biruni Okulu Yanı Daire,none,0,0,0,0,0,none,0,,1311060630
Dubleks|En Üst Kat,Acillll takaslı rezidans dubleks,standard,1,0,0,0,1,detail_and_title,0,,1328869325
,/ASİL EMLAKTAN/MERKEZİ KONUMDA ULTRA SÜPER LÜKS DAİRELER,none,0,0,0,0,0,none,0,,1336270606
Ara Kat,HATİPOĞLU GAYRİMENKUL'DEN ANA CADDE ÜZERİ SATILIK 3+1 DAİRE,none,0,0,0,0,0,none,0,,1292578074
Ara Kat,Esenboğa Protokol Yolu 1+1 Satılık Daire,none,0,0,0,0,0,none,0,,1334793373
Ara Kat,ŞENTÜRK İNŞAAT EMLAKDAN SATILIK ENZİ SİTESİNDE 4+1 KAT1,none,0,0,0,0,0,none,0,,1334821483
,ATLAS'TAN FIRSAT!!SIFIRDAİRE YÜKSEKİRA GET.BALKON-İSKAN,none,0,0,0,0,0,none,0,,1336386705
,KÖK TAPU | MASRAFSIZ | ÇİFT CEPHELİ | GENİŞ 3+1 AİLE DAİRESİ,none,0,0,0,0,0,none,0,,1326559507
Ara Kat,İSKANLI HARİKA FIRSAT YILDIRIMDA MERKEZE COK YAKIN,none,0,0,0,0,0,none,0,,1335569814
,*NAİL DEMİREL 'den PARK KÖŞESİ ARA KAT SIFIR 2+1 FIRSAT DAİRELER,none,0,0,0,0,0,none,0,,1335629160
,ESB HAVALİMANINA YÜRÜME MESAFESİNDE ÖZEL BAHÇELİ 1+1 FIRSAT,none,0,0,0,0,0,none,0,,1301943759
,SARSILMAZ GRUP ÖN CEPHE İSKANLI GENİŞ KULLANIŞLI 3+1 DAİRE,none,0,0,0,0,0,none,0,,1335335831
,PRİME DEN KÖK TAPU BAHÇE KATI 2+1,none,0,0,0,0,0,none,0,,1336528133
Ara Kat,NOUVA PORT'TA ULTRA LÜKS SÜPER SATILIK FIRSAT 1+1 DAİRELER,none,0,0,0,0,0,none,0,,1287287135
Ara Kat,Havaalanına Komşu Güvenlikli Sitede Tam Eşyalı Satılık 1+1Daire,none,0,0,0,0,0,none,0,,1335652628
Ara Kat,!!ATLAS EMLAK'TAN ANA CADDE YANI CAMBALKONLU ULTRA LÜKS DAİRELER,none,0,0,0,0,0,none,0,,1305186830
En Üst Kat,"Çankırı Yolu'na Cephe, Yeşiltepe'de 2+1 Üst Kat Daire",none,0,0,0,0,0,none,0,,1335586370
Ara Kat,PROTOKOL YOLUNA CEPHE YATIRIMLIK 1+1,none,0,0,0,0,0,none,0,,1335616807
Ara Kat,ESENBOĞA JOVEN PORT SİTE İÇİNE BAKAN 1+1 DAİRE,none,0,0,0,0,0,none,0,,1312422664
Ara Kat,YILDIRIM MAH. ARAKAT MASRAFSIZ KREDİYE UYGUN G.BATI CEPHE DAİRE,none,0,0,0,0,0,none,0,,1336578931
Ara Kat,YILDIRIM MAH. EN ÖZEL LOKASYONDA MÜKEMEL İŞÇİLİĞİ İLE FIRSAT 3+1,none,0,0,0,0,0,none,0,,1335428732
Ara Kat,Sahibinden 3+1 geniş yapılı,none,0,0,0,0,0,none,0,,1335467722
,HATİPOĞLU GAYRİMENKUL'DEN|YILDIRIM MAHALLESİNDE|SIFIR 3+1 DAİRE,none,0,0,0,0,0,none,0,,1335556675
,**ACAREMLAK**3+1 SÜPER KONUMDA MASRAFSIZ KAÇMAZ FIRSAT DAİRE,none,0,0,0,0,0,none,0,,1335972850
Ara Kat,Esenboğa'ya En Yakın Sitede SIFIR 1+1 Havalimanı Manzaralı,none,0,0,0,0,0,none,0,,1328469667
,ALSANCAK'TAN ALTTAN ISITMA KOMBİ-C.BALKON MASRAFSIZ FIRSAT DAİRE,none,0,0,0,0,0,none,0,,1336093962
,YATIMCILARA FIRSAT_OTONOMİNİN YANINDA_YÜKSEK KİRA GETİRİLİ_1+1,none,0,0,0,0,0,none,0,,1335861906
,ERTAN KARAKOÇ'DAN İLÇENİN EN UYGUN 3+1 |MASRAFSIZ| ARA KAT DAİRE,none,0,0,0,0,0,none,0,,1334730841
Ara Kat,LÜX YAPILI BRUNİ YANİ 3+1 ARA KAT SIFIR SATLIK DAİRE,none,0,0,0,0,0,none,0,,1320569307
Ara Kat,OTONOMİ KARŞISI MAN FABRİKASI YANI 2+1 SATILIK DAİRE,none,0,0,0,0,0,none,0,,1238569186
En Üst Kat,[PRESTİJDEN]YILDIRIMDA SIFIR ÖN CEPHE MERKEZE YAKIN DAİRE,none,0,0,0,0,0,none,0,,1336689075
Ara Kat,ÜÇYILDIZ'DAN CADDE YANI KOMBİ-PETEKLİ GÜNEYCEPHE 3+1 SIFIR DAİRE,none,0,0,0,0,0,none,0,,1335566056
,ATLAS'TAN ŞEHİRMANZARALI GÜNEYCEPHE ORTAKAT ÖNÜAÇIK 3+1,none,0,0,0,0,0,none,0,,1336499552
,YILDIRIM MAHALLESİNDE 2+1 YÜKSEK GİRİŞ ÖN CEPHE SÜPERLÜX DAİRE,none,0,0,0,0,0,none,0,,1336353257
,AKYURTTA YENİ YAPI FIRSAT FİYATLI MASRAFSIZ DAİRE,none,0,0,0,0,0,none,0,,1336583688
Ara Kat,!!ATLAS EMLAK'TAN FIRSAT GÜNEY CEPHE 3+1-120 M2 ARA KAT DAİRE!!,none,0,0,0,0,0,none,0,,1336175730
,YILDIRIM MAHALLESİNDE 3+1 LÜX '0' DAİRE İSKANLI,none,0,0,0,0,0,none,0,,1336474182
Ara Kat,ÜÇYILDIZ'DAN OKUL VE CADDE YANI 3+1 ULTRA LÜX YAPILI İSKANLI !!,none,0,0,0,0,0,none,0,,1335569930
Ara Kat,"KAYMAKAMLIK KARŞISI, YENİ BİNA, LÜX, KAPALI GARAJ, 135m2. 3+1",none,0,0,0,0,0,none,0,,1336536324
,|AĞAOĞULLARINDAN|YEŞİLTEPE MAH GENİŞ UYGUN FİYATLI İSKANLI DAİRE,none,0,0,0,0,0,none,0,,1328443839
,SARSILMAZ GRUP GİYİNME ODALI EBEVEYN BANYOLU KÖŞE BAŞI 3+1 DAİRE,none,0,0,0,0,0,none,0,,1335822374
,ŞIK VE GÖSTERİŞLİ MERKEZİ KONUMLU BEŞ YILDIZLI KÖK TAPU,none,0,0,0,0,0,none,0,,1336940109
Ara Kat,*ACAREMLAK*İLÇENİN EN UYGUN 3+1 KATTA YAPILI KREDİYE UYGUN !,none,0,0,0,0,0,none,0,,1335416415
Ara Kat|En Üst Kat,ONAY'DAN 3+1 125M2 ÖN CEPHE EBEVEYN BANYOLU SIFIR LÜX DAİRE,none,0,0,0,0,0,none,0,,1337628773
Ara Kat,ATLAS EMLAK'TAN YÜKSEK KREDİLİ ARA KAT MASRAFSIZ 3+1 FIRSATDAİRE,none,0,0,0,0,0,none,0,,1335631462
,ÇİMEN'DEN YILDIRIM MAH.KAT KONUMUNDA ALTINDA DAİRE VAR SIFIR 3+1,none,0,0,0,0,0,none,0,,1336794527
Ara Kat,PROTOKOL YOLU ÜZERİ HAVAALANINA 1 KM FIRSAT DAİRE,none,0,0,0,0,0,none,0,,1337079162
Ara Kat,OZAN EMLAK/YÜKSEK KREDİLİ ARA KAT 3+1 DAİRELER,none,0,0,0,0,0,none,0,,1337079136
Ara Kat,ONAY'DAN 2.KAT 3+1 125M2 KİLER EBEVEYN CAMBALKON FIRSAT DAİRE,none,0,0,0,0,0,none,0,,1337630703
,ÇİMEN'DEN YEŞİLTEPE MAH. KÖŞE BAŞI YÜKSEK GİRİŞ ANAHTAR TESLİM,none,0,0,0,0,0,none,0,,1337443514
Ara Kat,KILIÇ GROUP'TAN 2+1 ARA KAT İSKANLI 2 BALKON %75'NE KREDİ İMKANI,none,0,0,0,0,0,none,0,,1335781381
,/ASİL EMLAKTAN SATILIK/YILIRIM MAH.EN UYGUN DİRESİ,none,0,0,0,0,0,none,0,,1337477235
,**ALİOĞLU EMLAK'TAN 3+1 KÖK TAPU YÜKSEK GİRİŞ E.BNANYOLU DAİRE**,none,0,0,0,0,0,none,0,,1336562642
,TAMAMINA KREDİ İMKANI KÖK TAPU YÜKSEK GİRİŞ 3+1 GENİŞ DAİRE,none,0,0,0,0,0,none,0,,1337175925
,Sahibinden satılık 2+1 daire,none,0,0,0,0,0,none,0,,1337156810
Ara Kat Dubleks|En Üst Kat,ONAY'DAN 3+1 120M2 SON KAT ŞIK YAPIYA SAHİP FIRSAT DAİRE,middle_floor,1,0,0,1,0,detail,0,,1337636429
,TOKİ BLK güney cephe daire,none,0,0,0,0,0,none,0,,1337286926
,*NAİL DEMİREL*GAYRİMENKUL'den SINIRSIZ KREDİLİ BÖLGEDE EN UYGUN,none,0,0,0,0,0,none,0,,1337569965
,SARSILMAZ GRUP KÖŞE BAŞI GÜNEY CEPHE ETRAFI AÇIK 3+1 SIFIR DAİRE,none,0,0,0,0,0,none,0,,1336491668
,SAYGIDEĞER GAYRIMENKÜL DEN SATILIK 1+1 DAİRE,none,0,0,0,0,0,none,0,,1334952079
Ara Kat,ESENBOĞA HAVALİMANI 2KM KAPALI OTOPARKLI 1+1 SATILIK LÜKS DAİRE,none,0,0,0,0,0,none,0,,1337431878
,ALSANCAK'TAN MERKEZİ KONUMDA 3+1 YÜKSEK GİRİŞ MASRAFSIZ DAİRE !,none,0,0,0,0,0,none,0,,1337127685
,ALKAN EMLAK'TAN 3+1 MERKEZİ KONUM 1.SINIF İŞÇİLİK LÜX YAPI DAİRE,none,0,0,0,0,0,none,0,,1336566801
,ESKAN GAYRİMENKUL █ OTONOMİ NATURA PORT'DA LÜX 1+1 DAİRE FIRSATI,none,0,0,0,0,0,none,0,,1337479985
Ara Kat,AKYURTTA SIFIR BİNADA CADDE CEPHELİ GENİŞ 3+1 DAİRE,none,0,0,0,0,0,none,0,,1337716404
,İNŞAAT FİRMASINDAN UYGUN DAİRELER,none,0,0,0,0,0,none,0,,1337566853
,|AĞAOĞULLARINDAN|YILDIRIM'da MÜKEMMEL LOKASYON 3+1 FIRSAT DAİRE,none,0,0,0,0,0,none,0,,1337582294
,YILDIRIM MAHALLESİNDE KAÇIRILMAYACAK FIRSAT DAİRE,none,0,0,0,0,0,none,0,,1337603775
Ara Kat,█ESENBOĞA HAVALİMANI YANI█GÜVENLİKLİ SİTEDE 5.KAT PEYZAJ CP. 1+1,none,0,0,0,0,0,none,0,,1323216326
,DEVELİ EMLAK'TAN AKYURT'TA 3+1 SATILIK DAİRE,none,0,0,0,0,0,none,0,,1328603780
En Üst Kat,️ JOVEN PORT YÜKSEK KAT FERAH DAİRE,none,0,0,0,0,0,none,0,,1337647798
,SARSILMAZ GRUP EBEVEYN BANYOLU GENİŞ BALKON 3+1 SIFIR DAİRE,none,0,0,0,0,0,none,0,,1336346249
,HAVAALANINA ÇOK YAKIN LOKASYONDA SATILIK1+1 SİTE İÇİNDE DAİRE,none,0,0,0,0,0,none,0,,1334804372
Ara Kat,"Panoramik Manzaralı, Şık ve Ergonomik Sıfır 3+1 Daire!",none,0,0,0,0,0,none,0,,1335282427
,/LİDER'DEN/YILDIRIM'DA OKULLAR BÖLGESİ 3+1 1.KAT GENİŞ DAİRE/,none,0,0,0,0,0,none,0,,1336663396
Ara Kat,//AKTÜRK EMLAK\\K.OTOPARK KİLER EBEVEYN B.XL BALKON 3+1 DAİRELER,none,0,0,0,0,0,none,0,,1337991215
,ALKAN EMLAK'TAN 3+1 SIFIR YAPI ULTRA LÜX YÜKSEK KREDİLİ DAİRE,none,0,0,0,0,0,none,0,,1334920601
,EMLAKCELL'den 3+1 Kök Tapu Masrafsız Daire,none,0,0,0,0,0,none,0,,1337792796
,*NAİL DEMİREL* GAYRİMENKUL 'den İSKANLI ARA KAT SIFIR 3+1 DAİR,none,0,0,0,0,0,none,0,,1337995183
Ara Kat,ASİLDEN MERKEZDE 140 m2 ULTRA LÜX ARA KAT GENİŞ 3+1 SIFIR DAİRE,none,0,0,0,0,0,none,0,,1337374681
,ZİRVE GAYRİMENKULDEN ÇARŞI MERKEZDE SATILIK LÜXDAİRE,none,0,0,0,0,0,none,0,,1336865149
,OZAN EMLAK/2+1 YÜKSEK GİRİŞ KONUMLU BAHÇE KAT DAİRE,none,0,0,0,0,0,none,0,,1334972863
En Üst Kat,ATLAS'TAN FIRSAT!!!!GÜNEYCEPHE ÖNCEPHE E.BANYO KİLER GENİŞBALKON,none,0,0,0,0,0,none,0,,1337081210
,[PRESTİJDEN] ÇARŞIDA ARA KAT ÖN CEPHE GENİŞ LÜKS DAİRE *_*,none,0,0,0,0,0,none,0,,1337863809
Ara Kat,ÖĞRETMENDEN ACİL SATILIK DAİRE,none,0,0,0,0,0,none,0,,1337858610
En Üst Kat,GÖZELCEOĞLU İNŞATTAN KATTA 3+1 DAİRE ÇANKIRI YOLUNA CEPHE,none,0,0,0,0,0,none,0,,1335013428
Ara Kat,PROTOKOL YOLU NATURA PORT PROJESİNDE SATILIK 1+1 DAİRE,none,0,0,0,0,0,none,0,,1310143555
,*NAİL DEMİREL* GAYRİMENKUL 'den YER. ISITMA+İSKAN KAPALİ OTOPARK,none,0,0,0,0,0,none,0,,1337793661
Dubleks,Şehre Hakim Yüksek Konumda Park Cepheli Sıfır Lüks Dubleks,standard,1,0,0,0,1,detail_and_title,0,,1335286483
Ara Kat,Sahibinden Kullanıma Hazır krediye uygun sıfır daire,none,0,0,0,0,0,none,0,,1334909636
,ALKAN EMLAK'TAN KÖŞE BAŞI 3+1 PARK CEPHELİ LÜX YAPI FIRSAT DAİRE,none,0,0,0,0,0,none,0,,1338019502
,Ankara akyurt satılık 3 + 1 daire,none,0,0,0,0,0,none,0,,1338051403
Ara Kat,PRIME GROUP'TAN YILDIRIMDA ARA KAT SIFIR KÖK TAPU DAİRE,none,0,0,0,0,0,none,0,,1301815672
Ara Kat,GÜZEL KONUMDA 3+1 KÖK TAPU EBEVEYNLİ KİLERLİ ÇİFT BALKONLU DAİRE,none,0,0,0,0,0,none,0,,1338072401
Ara Kat,AKYURTTA SIFIR CADDEYE CEPHE 3+1 DAİRE,none,0,0,0,0,0,none,0,,1338058659
,KENT EMLAK'TN MERKEZİ KONUMDA 2+1 YÜKSEK GİRİŞ ÖN CEPHE DAİRE,none,0,0,0,0,0,none,0,,1338101713
Ara Kat,ATLAS'TAN ÖNCEPHE GENİŞMUTFAK BİRUNİ OKULUYAKN YÜKSEKREDİ ORTAKA,none,0,0,0,0,0,none,0,,1337150847
En Üst Kat,//KILIÇ GRUOP'TAN YILDIRIM MAHALLESİNDE 2+1 KATTA SIFIR DAİRE//,none,0,0,0,0,0,none,0,,1337532955
En Üst Kat,İLK GELEN ALIR / SIFIR BİNADA MASRAFSIZ FIRSAT DAİRESİ,none,0,0,0,0,0,none,0,,1335290281
Ara Kat,ASİL'DEN 3+1 ATATÜRK - MANZARALI ULTRA LÜKS GENİŞ MUTFAK BALKON,none,0,0,0,0,0,none,0,,1335325274
En Üst Kat,AKYURT YEŞİLTEPEDE ANA CADDEDE KATTA 3+1 SIFIR DAİRE,none,0,0,0,0,0,none,0,,1335341197
,/LİDER'DEN/YILDIRIM'DA 2+1SIFIR GİRİŞ KAT UYGUN FİYAT DAİRE/,none,0,0,0,0,0,none,0,,1337056722
Ara Kat,//KILIÇ GROUP'TAN 3+1 ARA KAT FIRSAT DAİRE GENİŞ MUTFAK FIRSAT//,none,0,0,0,0,0,none,0,,1337631029
,ÜÇYILDIZ'DAN PARKCEPHELİ 3+1 KOMBİPETEKLİ MASRAFSIZ FIRSAT DAİRE,none,0,0,0,0,0,none,0,,1337279595
Ara Kat,!!ATLAS'TAN SIFIR YAPIDA ARA KAT 3+1 YÜKSEK KREDİLİ 125 M2 DAİRE,none,0,0,0,0,0,none,0,,1337126789
Ara Kat,ALSANCAK'TAN BEYAZITTA Y.GİRİŞ ARA AT KÖK TAPU SATILIK 3+1 DAİRE,none,0,0,0,0,0,none,0,,1337398332
,█-AKYURT MERKEZ'DE SIFIR K.OTOPARKLI GENİŞ 3+1 DAİRELER-█,none,0,0,0,0,0,none,0,,1315334377
En Üst Kat,#ÇİMEN'DEN MASRAF ETMİYECEĞİNİZ 17 METREKARE MUTFAĞA SAHİP 3+1#,none,0,0,0,0,0,none,0,,1334795194
En Üst Kat,/ASİL EMLAKTAN/KREDİLİ KÖK TAPU KATTA 3+1 MERKEZİ KONUMDA,none,0,0,0,0,0,none,0,,1327910232
Ara Kat,KILIÇ GROUP'TAN YILIDIRIM MAHALLESİNDE 2+1 ÖN CEPHE KATTA DAİRE!,none,0,0,0,0,0,none,0,,1337713890
,ÜNALLAR EMLAKTAN YILDIRIM MAH SIFIR DAİRE,none,0,0,0,0,0,none,0,,1338052200
,ALSANCAK'TAN KOMBİ PETEĞİ TAKILI 2+1 İSKANLI MASRAFSIZ DAİRE !,none,0,0,0,0,0,none,0,,1337879593
,*ACAREMLAK*3+1 BAHÇE KAT KÖK TAPU -OKUL YAKINI KAÇMAZ !!,none,0,0,0,0,0,none,0,,1337901682
En Üst Kat,ASİLDEN SATILIK ANACADDE YANI ULTRALÜX A KALİTE SIFIR 3+1 DAİRE,none,0,0,0,0,0,none,0,,1316732889
,ALSANCAK'TAN MÜKEMMEL KONUMDA 3+1 GENİŞ SATILIK FIRSAT DAİRE,none,0,0,0,0,0,none,0,,1338022011
,*ACAREMLAK*OKULA YAKIN 2+0 PARK YANI ÖN CEPHE SIFIR DAİRE !!,none,0,0,0,0,0,none,0,,1338053685
Ara Kat,!!ATLAS'TAN CADDE ÜZERİNDE 3+1 KÖK TAPU (YÜKSEK KREDİLİ) DAİRE!!,none,0,0,0,0,0,none,0,,1335330476
Ara Kat,PROTOKOL YOLU ÜZERİ HAVAALANINA 1 DAKİKA 1+1 KUPON DAİRELER!!,none,0,0,0,0,0,none,0,,1335206564
Ara Kat,LİNA PARK 1 PROJESİ 2+1 85m2 7/24 GÜVENLİKLİ SİTE İÇERİSİNDE,none,0,0,0,0,0,none,0,,1287042799
,ATLAS'TAN PARK CEPHE 140M2 ORTAKAT GENİŞBALKON İSKAN ASANSÖR,none,0,0,0,0,0,none,0,,1335299983
,AVŞAR GAYRİMENKUL'DEN KÖROĞLU PARKI 1.KAT 3+1 ÖN CEPHE KÖK TAPU,none,0,0,0,0,0,none,0,,1336488010
Dubleks,ANITTEPE 4+1 FUL YAPILI METRO YAKINI GENİŞ MUTFAK,standard,1,0,0,0,1,detail,0,,1331457112
Ara Kat,ÇANKAYA EVLERİ SİTESİNDE EŞSİZ KONUMDA 4+1 GENİŞ DAİRE,none,0,0,0,0,0,none,0,,1335038247
Ara Kat,"AYR.TOMURCUK SOK'DA SIFIR BİNADA,3 BANYOLU,TERASLI,DUBLEKS,3+1",standard,1,0,0,0,1,title,0,,1277434206
Dubleks,GARDEN GAYRİMENKULDEN HOŞDEREDE 3+1 DUBLEKS,standard,1,0,0,0,1,detail_and_title,0,,1321205468
,ŞİLİ MEYDANI İÇ SOKAK 1.KAT ÖN 4+1 160M2 ASANSÖRLÜ OTOPARKLI,none,0,0,0,0,0,none,0,,1336151394
En Üst Kat,KONUTKENT OYAK 9. KISIM SİTESİNDE SATILIK FERAH 3+1 DAİRE,none,0,0,0,0,0,none,0,,1337805003
,BİRLİK ZİRAAT MÜHENDİSLERİ SİT.FULL YAPILI 3+1 SATILIK,none,0,0,0,0,0,none,0,,1331940846
,DİRİM SOKAKTA 1.5+1 KİLERLİ SATILIK DAİRE,none,0,0,0,0,0,none,0,,1337835199
Ara Kat,KÜÇÜKESAT 'TA 2+1 SATILIK DAİRE,none,0,0,0,0,0,none,0,,1334969146
Ara Kat,ÇANKAYA İLKER CRSTYAL TOWER VADİ PANORA'YA 5 DK 27. KAT SATILIK,none,0,0,0,0,0,none,0,,1326276923
En Üst Kat,MİLLİ KÜTÜPHANE YAKINI GENİŞ VE BAKIMLI BOŞŞŞ 3+1 DAİRE,none,0,0,0,0,0,none,0,,1337872888
Ara Kat,** AŞIKPAŞA MH.DE GİRİŞ KAT FULL YAPILI SATILIK 2+1 DAİRE***,none,0,0,0,0,0,none,0,,1337893887
,SBELL'DEN BAHÇELİEVLER'DE 1.KAT KONUMUNDA 2+1 SIFIR DAİRE,none,0,0,0,0,0,none,0,,1325790569
En Üst Kat,ÇANKAYA DİKMEN 931.CADDE 3.KATTA MANZARALI 3+1,none,0,0,0,0,0,none,0,,1337934823
Ara Kat,'alaçatı' LİZBON CADDESİNE YAKIN / 1.KATTA FULL YAPILI 3+1 DAİRE,none,0,0,0,0,0,none,0,,1336633853
Ara Kat,"Çankaya gayrimekulden Dikmen Vadisi Manzaralı, Lüks 3+1 Daire",none,0,0,0,0,0,none,0,,1337990970
Ara Kat,KIZILAYA YÜRÜME MESAFESİNDE YENİ BİNA BALKONLU 1+1 ACİL FİYATA,none,0,0,0,0,0,none,0,,1337996665
,Ş.GÜNALTAY CADDE ÜZERİ G.O.P YAKINI 3+1 SATILIK DAİRE,none,0,0,0,0,0,none,0,,1320511678
,ÇANKAYA SİNPAŞ GÜNEYPARK 1 SİTESİNDE SATILIK 3+1,none,0,0,0,0,0,none,0,,1338119440
Ara Kat,ÖVEÇLER'DE 8. CADDEDE YAPILI 2+1 UYGUN FİYATA SATILIK DAİRE,none,0,0,0,0,0,none,0,,1335270784
En Üst Kat,GAZİOSMANPAŞA KÜPE SOKAKTA GENİŞ 5+1 SATILIK DAİRE/ OFİS,none,0,0,0,0,0,none,0,,1334557031
Ara Kat|Ara Kat Dubleks|Dubleks|En Üst Kat|Bahçe Dubleksi|Çatı Dubleksi|Forleks|Ters Dubleks|Tripleks,MİR'DEN TAURUS AVM KARŞISI TÜRK HAMAMLI 150M2 ULTRA LÜX MİMARİ,roof,1,1,0,0,0,detail,0,,1335041823
Ara Kat,"ÖZTÜRK'TEN NAKIŞ SOKAKTA,2+1,EBEVEYN BANYOLU,BALKONLU,LÜKS YAPLI",none,0,0,0,0,0,none,0,,1335237054
En Üst Kat,BAĞLICA DA 4+1 SATILIK MERKEZİ KONUMDA DAİRE,none,0,0,0,0,0,none,0,,1323367467
Ara Kat,GÖKSU PARK MANZARALI SATLIK DAİRE,none,0,0,0,0,0,none,0,,1338157282
,SAHİBİNDEN ACİL SATILIK,none,0,0,0,0,0,none,0,,1338101374
,ESENBOĞA BULVAR ÜZERİ İSKANLI 2+1 SİTE İÇERİSİNDE GENİŞ PEYZAJ,none,0,0,0,0,0,none,0,,1335923766
,"fuzul, Emin evimden kuruluşlara uygun 3+1yapılı daire",none,0,0,0,0,0,none,0,,1298036374
Ara Kat,OSMAN GÜLCAN'dan MAXİMUM AVM YANI KATTA GÜZEL KONUMDA 3+1 DAİRE,none,0,0,0,0,0,none,0,,1336550990
,▉▉MERCAN'dan YILD.BEYAZITTA 3+1 NET 100m² BAHÇEKAT MERKEZE YAKIN,none,0,0,0,0,0,none,0,,1336753854
Ara Kat,DİMAXTAN CUMHURİYET MAH.ARI CAD. YENİ BİNADA 2+1 LÜKS DAİRELER,none,0,0,0,0,0,none,0,,1335727498
En Üst Kat,CUMHURİYET'te ULTRA LUX GENİŞ 2+1,none,0,0,0,0,0,none,0,,1335771579
,HARİKA KONUM SIFIR 3+1 DAİRE,none,0,0,0,0,0,none,0,,1283601849
,ÇUBUK ÇARŞISIN'DA HEM İŞ YERİ HEM DEPOYA UYGUN DAİRE..,none,0,0,0,0,0,none,0,,1336482804
Ara Kat,ORSA'dan █ ÇARŞI MERKEZDE - 2. KAT SIFIR - 3+1 LÜX DAİRE,none,0,0,0,0,0,none,0,,1326990582
,Cumhuriyet mah 3+1 Fırsat Daire,none,0,0,0,0,0,none,0,,1336111733
,Sahibinden Cumhuriyet Mah. 160 metre kare 3+1 daire,none,0,0,0,0,0,none,0,,1336151491
Ara Kat,ESENBOĞA PLATİN LOFT LÜX 1+1 DAİRELER,none,0,0,0,0,0,none,0,,1336135256
,▇YAVUZ HANEFİOĞLU GAYRİMENKUL▇ CUMHURİYET MAH ARANAN KONUMDA 3+1,none,0,0,0,0,0,none,0,,1335833399
,**SARIYILDIZ**DAN SATILIK 3+1 ULTRA LÜX DAİRE,none,0,0,0,0,0,none,0,,1335454191
,ÖZALP&HARUN GRUP'TAN SIFIR LÜX BAĞIMSIZ MUTFAK 2+0 DAİRE,none,0,0,0,0,0,none,0,,1336682617
Ara Kat,ÇUBUK YILDIRIMBEYAZIT MAHALLESİNDE SİTE İÇİNDE İSKANLI 1+1 DAİRE,none,0,0,0,0,0,none,0,,1336496407
,ESENBOĞADA HAZIR KİRACILI FULL EŞYALI FIRSAT SATILIK 1+1 DAİRE,none,0,0,0,0,0,none,0,,1336626001
,ULTRA LÜX 2+1 BAĞIMSIZ MUTFAKLI EBEVEYN BANYOLU TERAS BALKONLU,none,0,0,0,0,0,none,0,,1336695765
,YENİCE MAHALLESİNDE LÜKS SİTEDE SATILIK DAİRE,none,0,0,0,0,0,none,0,,1336757657
,YILMAZLAR GRUP TAN ÇARŞI MERKEZE YAKIN 3+1 SATILIK DAİRE !!!!!!!,none,0,0,0,0,0,none,0,,1302578604
En Üst Kat,HİLAL EMLAKTAN CADDE ÜZERİ FULL YAPILI 3+1,none,0,0,0,0,0,none,0,,1336871366
Ara Kat,YÜKSEK KREDİ LİMİTLİ MUHTEŞEM LOKASYON DA KAÇIRILMAYACAK DAİRE,none,0,0,0,0,0,none,0,,1336929811
Ara Kat,DUMLUPINAR MAHALLESİNDE ARA KATTA SATILIK DAİRE,none,0,0,0,0,0,none,0,,1336951410
,ESENBOĞA MERKEZ_20 BİN TL KİRACILI_1.KAT_1+1_EŞYALI SIFIR DAİRE,none,0,0,0,0,0,none,0,,1336988451
Ara Kat,RAVZA'DAN CUMHURİYET MAH'DE ARAKAT FUL YAPILI ISI YALITIMLI ACİL,none,0,0,0,0,0,none,0,,1336993324
,ÇUBUK ESENBOĞA'DA SIFIR EŞYALI SATILIK DAİRE,none,0,0,0,0,0,none,0,,1337050560
,Türk Telekom Ortaokulu Yanı Bağımsız Geniş Mutfaklı 2+1 Daire,none,0,0,0,0,0,none,0,,1336762048
En Üst Kat,PIRLANTA EMLAKTAN KÖK TAPU 3+1,none,0,0,0,0,0,none,0,,1337375848
,YILMAZLAR GRUP TAN ANAYOLA YAKIN 1+1 SIFIR SATILIK EMSALSİZ !!!!,none,0,0,0,0,0,none,0,,1284688779
,ESENBOĞA PLATİN LİFE'TA LÜX 1+1 ACİL SATILIK!!,none,0,0,0,0,0,none,0,,1337808288
,İskanı alınmış,none,0,0,0,0,0,none,0,,1337220636
,▇YAVUZ HANEFİOĞLU GAYRİMENKUL▇ YILDIRIM BEYAZIT MAH BAĞIMSIZ 1+1,none,0,0,0,0,0,none,0,,1337663332
En Üst Kat,YATIRIMA UYGUN 1+1 DAİRE,none,0,0,0,0,0,none,0,,1320245414
En Üst Kat,İSKANLI ASANSÖRLÜ OTURUMA HAZIR 2.KAT 1+1 DAİRE,none,0,0,0,0,0,none,0,,1337400342
Ara Kat,EMİNEVİM VB. UYGUN HAZIR KİRACILI ARA KATTA MASRAFSIZ DAİRE,none,0,0,0,0,0,none,0,,1336096184
Ara Kat,ATLAS'TAN ESENBOĞANIN EN GÖZDE SİTESİNDE 2+1/65 M2 FIRSAT DAİRE!,none,0,0,0,0,0,none,0,,1337423978
,ACİL SATILIK KAÇMAZ FIRSAT YATIRIM İÇİN UYGUN İSKANLI DAİRE,none,0,0,0,0,0,none,0,,1337653022
Ara Kat,CEKARE'DEN ESENBOĞA'DA ARA KAT KAP. OTOPARK YATIRIMLIK 1+1 DAİRE,none,0,0,0,0,0,none,0,,1337449006
Ara Kat,▇YAVUZ HANEFİOĞLU GAYRİMENKUL ▇ SİTE İÇERİSİNDE 2+1 AMERİKAN M.,none,0,0,0,0,0,none,0,,1337693069
En Üst Kat,Y. BEYAZIT'TA ANKARA BULVARINA YAKIN 2+1 LÜKS DAİRE,none,0,0,0,0,0,none,0,,1337487643
Ara Kat|Ara Kat Dubleks,"▉▉MERCAN İNŞAAT'tan 4,5+1 NET 155m² EB.BANYO GİY.ODALI LÜX DAİRE",middle_floor,1,0,0,1,0,detail,0,,1337731071
En Üst Kat,AKILLI EV SİSTEMİ - CAM BALKON - 6.KAT ULTRA LÜKS 1+1 DAİRE,none,0,0,0,0,0,none,0,,1337524332
,KAÇMAZ! BOŞ VE OTURUMA HAZIR | GÜNEY CADDE CEPHE | YÜKSEK KAT,none,0,0,0,0,0,none,0,,1337524118
,▇ YAVUZ HANEFİOĞLU GAYRİMENKUL ▇ ÇARŞI MERKEZDE 2+1 GİRİŞ KAT,none,0,0,0,0,0,none,0,,1288468332
Ara Kat,FIRSAT DAİRESİ !!! 20.000 TL Kiracılı-Eşyalarıyla Satılık 1+1,none,0,0,0,0,0,none,0,,1337584824
,akyurt ünallar emlak dan merkezi lokasyonda 3+1 daire,none,0,0,0,0,0,none,0,,1337597246
,SAFİR GRUP 'tan Özen Ekmek Yanı Yüksek Giriş 3+1,none,0,0,0,0,0,none,0,,1337617158
,DEVELİ EMLAK'TAN DUMLUPINAR MERKEZ'DE 1+1 SATILIK EŞYALI DAİRE,none,0,0,0,0,0,none,0,,1328021632
,3+1 MERKEZİ KONUMDA SATILIK DAİRE,none,0,0,0,0,0,none,0,,1337620243
,CADDE ÜZERİNDE YATIRIM İÇİN UYGUN MERKEZE YAKIN DAİRE,none,0,0,0,0,0,none,0,,1337655348
,AKTAŞ GRUPTAN PİYASANIN EN UYGUN SIFIR 1+1 DAİRESİ,none,0,0,0,0,0,none,0,,1337896875
Ara Kat|Ara Kat Dubleks|Dubleks|En Üst Kat|Bahçe Dubleksi|Çatı Dubleksi|Forleks|Ters Dubleks|Tripleks,KILIÇSOY'DAN YAVUZ SELİM MAHALLESİNDE 4+1 MASRAFSIZ YAPILI DAİRE,roof,1,1,0,0,0,detail,0,,1328258853
,PLATİN GRUP'TAN PLATİN GOLD'TA LÜX 1+1,none,0,0,0,0,0,none,0,,1322340888
,3+1 uygun fiyat satılık,none,0,0,0,0,0,none,0,,1337449501
Ara Kat,ESENBOĞA / YILDIRIM BEYAZIT ÜNİVERSİTESİ KAPISI 1+1 EŞYALI,none,0,0,0,0,0,none,0,,1325799078
Ara Kat Dubleks|Dubleks,genis ve ferah 6+1 dublex teraslı ev,middle_floor,1,0,0,1,0,detail_and_title,0,title_generic_confirms_detail_subtype,1337911369
,**SARIYILDIZ**DAN ACİL SATILIK UYGUN FİYAT,none,0,0,0,0,0,none,0,,1321736595
,"Güney ve Batı cepheli 3+1 daire, Çubuk",none,0,0,0,0,0,none,0,,1337954595
Ara Kat,KILIÇ GROUP'TAN Y.BEYAZIT ÜNİ-METRO-HAVALİMANI YANI İSKANLI 1+1!,none,0,0,0,0,0,none,0,,1336748235
Ara Kat|Ara Kat Dubleks|Dubleks|En Üst Kat|Bahçe Dubleksi|Çatı Dubleksi|Forleks|Ters Dubleks|Tripleks,FIRSAT DAİRE Havalimanı B.| Metro + Üniv. Yakını Giriş Kat 1+1,roof,1,1,0,0,0,detail,0,,1291073367
Ara Kat,YAVUZ SELİMDE ARA KATTA SIFIR OKULLAR BÖLGESİNDE SATILIK DAİRE,none,0,0,0,0,0,none,0,,1337652935
,CUMHURİYET MAHALLESİNDE EBEVEYN BANYOLU 2+1 SATILIK DAİRE,none,0,0,0,0,0,none,0,,1337893221
Ara Kat,ESENBOĞA'DA BERKER'DEN ÜNİVERSİTEYE YAKIN KUPOAN DAİRE!!!,none,0,0,0,0,0,none,0,,1335173385
En Üst Kat,▇ YAVUZ HANEFİOĞLU GAYRİMENKUL ▇ ATATÜRK MAH. LÜX 3+1 MANZARALI,none,0,0,0,0,0,none,0,,1338069160
,TURKUAZPARK KONUTLARI SATILIK.4+1,none,0,0,0,0,0,none,0,,1068184955
Ara Kat,TURKUAZ PARK KONUTLARINDA SATILIK 3+1 DAİRE,none,0,0,0,0,0,none,0,,1275991156
Ara Kat,ÇAĞRI EMLAK'TAN YAPRACIK TOKİ'DE ÖNÜ KAPANMAZ KREDİYE UYGUN 2+1,none,0,0,0,0,0,none,0,,1326877216
,EMLAK DANIŞMANIM'DAN║EBEVEYN BANYOLU║OTURUMA HAZIR║3+1 SATILIK,none,0,0,0,0,0,none,0,,1335821104
Ara Kat,Sahibinden Turkuaz Çiğdem Adası'nda 2+1 Full Yapılı daire...,none,0,0,0,0,0,none,0,,1332851434
,Over 'dan Ulucan Çevre Sitesinde Özel Yapım 4+1 Satılık Daire,none,0,0,0,0,0,none,0,,1327722107
Ara Kat,SIFIR 2+1 90M2 HANSA YAŞAM' DA BAĞIMSIZ MUTFAK,none,0,0,0,0,0,none,0,,1334146394
Ara Kat,ÇAĞRI EMLAKTAN 3+1 KREDİYE UYGUN ARA KAT BOŞ SATILIK,none,0,0,0,0,0,none,0,,1323716792
Ara Kat,Yapracık 14.Bölgede Sahibinden Satılık 4+1 Daire,none,0,0,0,0,0,none,0,,1334535315
Ara Kat,"SATIŞ OFİSİNDEN YARISI PEŞİN, KALANI VADE FARKSIZ 25 AY TAKSİT",none,0,0,0,0,0,none,0,,1123305538
Ara Kat,"Turkuaz'da Eşyalı, Kullanıma Hazır 2+1 Satılık Daire",none,0,0,0,0,0,none,0,,1321532299
,ODTÜ TOKİ KONUTLARI FIRSAT 3+1 SATILIK BOŞ DAİRE,none,0,0,0,0,0,none,0,,1328886640
,SAHİBİNDEN Yapracık TOKi 6. Etapda Temiz 2+1 Daire,none,0,0,0,0,0,none,0,,1334840989
Ara Kat,EMLAKMÜLK'TEN OTURUMA HAZIR LÜKS SIFIR İSKANLI 2+1 DAİRE,none,0,0,0,0,0,none,0,,1333253718
Ara Kat,SATILIK TOKİ TURKUAZ'DA 3+1 DAİRE ESKİŞEHİR YOLU TÜLAY'DAN,none,0,0,0,0,0,none,0,,1332603934
Ara Kat,Yüksek Model Araç Takas Turkuaz'da Eşyalı Satılık 2+1 Daire,none,0,0,0,0,0,none,0,,1321837079
Ara Kat,"Toki Turkuaz'da Satılık 2+1 Daire, 92m², Market Yanı",none,0,0,0,0,0,none,0,,1320577523
Ara Kat,"Turkuaz'da Panoramik Manzaralı, Migros Üstü 3+1 Satılık Daire",none,0,0,0,0,0,none,0,,1321297899
Ara Kat,"Panaroma Turkuaz'da Satılık 4+1 Daire, 14. Kat,",none,0,0,0,0,0,none,0,,1316920735
Ara Kat,30 AĞUSTOS MAH ÖN CEPHE 2. ARA KAT SATILIK 3+1 DAİRE,none,0,0,0,0,0,none,0,,1317454397
,TUNÇAL'DAN ATAYURT MAH ÖZEL MİMARİ SİTEDE SATILIK ULTRA LUX 2+1,none,0,0,0,0,0,none,0,,1328840084
,EMRE EMLAK'TAN 30 AĞUSTOS'DA ÖN CEPHE BOŞ SATILIK 2+1 DAİRE,none,0,0,0,0,0,none,0,,1333093414
Ara Kat,LOFT GAYRİMENKUL'DEN SIFIR BİNADA BÖLGENİN EN GENİŞ 2+1 DAİRESİ,none,0,0,0,0,0,none,0,,1293417613
Ara Kat,AÇIL GAYRİMENKULDEN 30 AĞUSTOS MAHALLESİ SATILIK 3+1 DAİRE,none,0,0,0,0,0,none,0,,1332712439
Ara Kat,LOFT GAYRİMENKUL'DEN SIFIR BİNADA BÖLGENİN EN GENİŞ 2+1 DAİRESİ,none,0,0,0,0,0,none,0,,1276000687
Ara Kat,Yapracık TOKİ'nin Merkezinde Her Yere Yakın Manzaralı 3+1,none,0,0,0,0,0,none,0,,1322320914
,ACEF-GYD Yapracık Atayurt'ta 2+1 İskanlı Oturum Hazır,none,0,0,0,0,0,none,0,,1335633781
Ara Kat,EMLAK DANIŞMANIM'DAN║ATAYURT MH.║2+1 FULL YAPILI║SATILIK DAİRE,none,0,0,0,0,0,none,0,,1333523636
Ara Kat,ACEF GYD-ATAYURT MAH OTURUMA HAZIR 2+1 SATILIK DAİRE,none,0,0,0,0,0,none,0,,1337652342
,ATAYURT MAHDE SİTE İÇİNDE BAĞIMSIZ MUTFAKLI 2+1 SATILIK DAİRELER,none,0,0,0,0,0,none,0,,1317121845
Ara Kat,MANZARALI ASANSÖRLÜ FUL YAPILI OTOPARK SATILIK 3+1,none,0,0,0,0,0,none,0,,1323988062
Ara Kat,İLYAP'TAN YAPRACIK TOKİ 14.BÖLGEDE OKULARIN YANINDA BOŞ 4+1,none,0,0,0,0,0,none,0,,1336741581
,PORTAŞ GOLF LİFE 5.KAT SATILIK 3+1 DAİRE,none,0,0,0,0,0,none,0,,1310764498
Ara Kat,TUNÇAL'DAN YAPRACIK'TA 2 BLOKLU SİTEDE 2+1 SATILIK DAİRE,none,0,0,0,0,0,none,0,,1284032880
Ara Kat,ÇAĞRI EMLAK'TAN YAPRACIK TOKİ'DE 4+1 MERKEZİ KONUM KREDİYE UYGUN,none,0,0,0,0,0,none,0,,1325703301
Ara Kat,EMLAKMÜLK'TEN 3.000.000 TL KREDİYLE 98 M² İSKANLI DAİRE.,none,0,0,0,0,0,none,0,,1337902303
,YENİ PROJE BAĞLICA'DA 4+1 186 m2 YATIRIM FIRSATI,none,0,0,0,0,0,none,0,,1335192552
Ara Kat,BORDO 145 YAPI A.Ş' DEN BORDO İCON SATILIK DAİRE,none,0,0,0,0,0,none,0,,1220560954
,EMLAK DANIŞMANIM'DAN║BAĞIMSIZ MUTFAKLI║YERDEN ISITMALI║LUX 2+1,none,0,0,0,0,0,none,0,,1334485824
Ara Kat,Sahibinden Yapracık 12. bölgede katta boş daire,none,0,0,0,0,0,none,0,,1337771034
Ara Kat,SR EMLAK'TAN 30 AĞUSTOS MAH'DE 3+1 110m² ARA KATTA SATILIK DAİRE,none,0,0,0,0,0,none,0,,1332097070
Ara Kat,Yapracık Atayurt Mahallesi Katta Satılık 2+1 Oturuma Hazır,none,0,0,0,0,0,none,0,,1338114162
Ara Kat,ÇAĞLAYAN'DAN TURKUAZDA YARISI PEŞİN YARISI VADE FARKSIZ TAKSİT,none,0,0,0,0,0,none,0,,1335240861
,Bağlıca Anemoon Sitesi'nde Satılık 4+1 Daire 170m²,none,0,0,0,0,0,none,0,,1337667484
,SUİTE'DEN PİYADE'DE ARA KAT ÖN CEPHE FULL YAPILI 130M2 3+1 DAİRE,none,0,0,0,0,0,none,0,,1330767367
En Üst Kat,█COŞKUNSEL'DEN█ARAÇ TAKASINA UYGUN█ 4+2***220M2█MERKEZİ KONUMDA█,none,0,0,0,0,0,none,0,,1336561456
,SR EMLAK'TAN SÜVARİ MAH'DE 4+1 200m² ÖN CEPHE SATILIK TERAS,none,0,0,0,0,0,none,0,,1337613489
Ara Kat,Süvari Mh'de Ahimesut Blv. Yakını Park Cepheli 3+1 Satılık Daire,none,0,0,0,0,0,none,0,,1337237460
,SÜVARİ'DE ÖN CEPHE 120M2 ULTRA LÜKS YAPILI 3+1 İSKANLI DAİRE,none,0,0,0,0,0,none,0,,1338022447
,PİYADE MAH SATILIK 2+1_CADDE YANI_KULLANIŞLI BAHÇE KATI DAİRE,none,0,0,0,0,0,none,0,,1338027489
En Üst Kat,ETİMESGUT SÜVARİ MAHALLESİNDE SATILIK FULL YAPILI 3+1 DAİRE,none,0,0,0,0,0,none,0,,1338059406
,MİMAX'TAN MERKEZİ LOKASYONDA SIFIR SÜPER FIRSAT 2+1,none,0,0,0,0,0,none,0,,1338034805
,KUZEY EMLAK'TAN SÜVARİ'DE 3+1 KATTA ULTRA LÜKSYAPI MERKEZİ KONUM,none,0,0,0,0,0,none,0,,1338106273
,K KARABEKİR MAHALLESİ'NDE YÜKSEK GİRİŞ DAİRE,none,0,0,0,0,0,none,0,,1337659707
,Sahibinden Acil satlık 3 +1 daire,none,0,0,0,0,0,none,0,,1337383888
,İSTASYON MAHALLESİNDE 80M2 GENİŞ 2+1 SATILIK DAİRE,none,0,0,0,0,0,none,0,,1337836301
Ara Kat,Merkez Konumda Full Yapılı Ön Cephe 2.5+1 Ara Kat Satılık Daire,none,0,0,0,0,0,none,0,,1338007307
,"Etimesgut İstasyon'da Satılık 3+1 Ful Yapılı, Ön Cephe Daire",none,0,0,0,0,0,none,0,,1338010964
Ara Kat,KAZIM KARABEKİR MAH 100 m2 3+1 DAİRE,none,0,0,0,0,0,none,0,,1338036918
Ara Kat,"""ACİL''ALAÇATI'DAN GARDENYA PARK SİTESİNDE GENİŞ 3+1 DAİRE",none,0,0,0,0,0,none,0,,1332942066
Ara Kat,BAĞLICA MAH PANORAMİK MANZARALI ARA KAT SATILIK 4+1 DAİRE,none,0,0,0,0,0,none,0,,1334290391
Ara Kat,DOĞA KOLEJ KARŞISI 4+1 KAPALI OTOPARK KREDİ İMKANLI ULTRA LÜX,none,0,0,0,0,0,none,0,,1326701540
,Botanik İnşattan BOTANİK YONCA'DA 4+1 ve 2+1 Daire Seçeneği,none,0,0,0,0,0,none,0,,1337370468
,EMLAK SEPETİNDEN MERKEZİ KONUMDA SATILIK SÜPER LÜKS 3+1 DAİRE!!,none,0,0,0,0,0,none,0,,1337420969
Ara Kat,"ETİMESGUTTA MERKEZİ KONUMDA, PARK CEPHELİ 3+1 2 BALKONLU",none,0,0,0,0,0,none,0,,1337432097
,AHİ MESUT'TA MERKEZDE 3+1 SİTE İÇERİSİNDE EBEVEYN BANYOLU,none,0,0,0,0,0,none,0,,1337099100
Ara Kat,█ COŞKUNSEL'DEN ASANSÖRLÜ KAT KONUMUNDA FULL YAPILI 130M2 DAİRE█,none,0,0,0,0,0,none,0,,1337431482
Ara Kat,YAPRACIK TOKİ 8. BÖLGE CK KONUTLARINDA YENİLENMİŞ 4+1 DAİRE,none,0,0,0,0,0,none,0,,1329490523
,İZMERDEN 30 AĞUSTOS MAH BAHÇE KATINDA SATILIK DAİRE,none,0,0,0,0,0,none,0,,1332725851
Ara Kat,CB ERVA'DAN PARLEMENTERLER GOLF LIFE SİTESİNDE 3+1 SIFIR DAİRE,none,0,0,0,0,0,none,0,,1335355726
,EMLAK DANIŞMANIM║OTURUMU BAŞLAMIŞ║BAĞIMSIZ MUTFAKLI║SATILIK 2+1,none,0,0,0,0,0,none,0,,1336724550
,ÇANKAYA Ü.YAKINI ATAYURT MAH.AURA PROJESİNDE 2+1,none,0,0,0,0,0,none,0,,1329989133
,ÇANKAYA ÜNİVERSİTESİ YAKINI | AURA MEYDAN SİTESİNDE SATILIK 2+1,none,0,0,0,0,0,none,0,,1319804709
Ara Kat,Yapracık 4.Etap-Pazar-Okul-Sağlık Ocağı Yanı-Ara Kat-2+1 Satılık,none,0,0,0,0,0,none,0,,1335604379
Ara Kat,IRMAK EMLAK-Atayurt Mah. Satılık Ara Kat Yeni Projede 3+1 Daire,none,0,0,0,0,0,none,0,,1330819901
Ara Kat,YAPRACIK MERKEZDE FIRSAT!! 1+1 SATILIK DAİRELER,none,0,0,0,0,0,none,0,,1336272261
Ara Kat,TURYAP'TAN YAPRACIK'TA EŞSİZ MANZARALI YAPILI SATILIK 2+1 DAİRE,none,0,0,0,0,0,none,0,,1329597666
Ara Kat,'KOÇAK'tan' Bölgenin En Geniş 3+1 Dairesi-Yapılı-Güney-Manzaralı,none,0,0,0,0,0,none,0,,1336674608
Ara Kat,TURYAP 'tan Avm-Ulaşım & OKULLAR Yakını Satılık 2+1 Daireler,none,0,0,0,0,0,none,0,,1337409147
Ara Kat,ETİMESGUT MERKEZ'DE 3+1 ARA KAT YAPILI ÖNÜ AÇIK MUAZZAM CEPHE,none,0,0,0,0,0,none,0,,1335427709
Ara Kat,TUNÇAL'DAN ATAYURT MAH ÖZEL MİMARİ SİTEDE SATILIK ULTRA LUX 2+1,none,0,0,0,0,0,none,0,,1316498505
,30 AĞUSTOS MAHALLESİNDE 2+1 DAİRE KÖK TAPU ACİL,none,0,0,0,0,0,none,0,,1334046455
Ara Kat,Yapracık Atayurt'ta Vade İmkanı İle Satılık Sıfır 2+1 Daire,none,0,0,0,0,0,none,0,,1330434893
Ara Kat,ETİMESGUT MERKEZDE ASANSÖRLÜ ARA KATTA CEPHELERİ AÇIK 2+1 DAİRE,none,0,0,0,0,0,none,0,,1335044800
Ara Kat,YERKÜRE'DEN YUKARIYURTÇUDA TAKASLANABİLİR DAİRELER,none,0,0,0,0,0,none,0,,1297423308
,EMLAK DANIŞMANIM'DAN║EN PRESTİJLİ VE PRİM YAPAN BÖLGESİNDEN 2+1,none,0,0,0,0,0,none,0,,1333885349
Ara Kat,YENİ YAPILI 3+1 DAİRE,none,0,0,0,0,0,none,0,,1337106699
,EVİMYENİKENTDE 30 AĞUSTOS'DA LİMİTSİZ KREDİLİ KAT KONUMUNDA 2+1,none,0,0,0,0,0,none,0,,1334405301
Ara Kat,ETİMESGUT 30 AGUSTOS BAŞAK SİTESİ'NDE GENİŞ 3+1 SATILIK DAİRE,none,0,0,0,0,0,none,0,,1337026267
,"YAPRACIK TAM MERKEZDE BOŞ,GÜNEY CEPHELİ 3+1 SATILIK DAİRE",none,0,0,0,0,0,none,0,,1328522974
,Etimesgut 30 Ağustos'ta Satılık 3+1 Daire (Kot 1),none,0,0,0,0,0,none,0,,1317389257
,ANKARA ETİMESGUT MİT KARŞISI BAĞLICA 2 DE 2+1 KUPON DAİRE,none,0,0,0,0,0,none,0,,1334498291
,FULL KREDİ KATILIMA UYGUN KAT KONUMUNDA CEPHELERİ AÇIK 3+1,none,0,0,0,0,0,none,0,,1324948690
En Üst Kat,30 AGUSTOS MAHALLESINDE 3+1 3.KAT DAIRE,none,0,0,0,0,0,none,0,,1337762980
,"Yapracık TOKİ'de Satılık 3+1 Daire (117m², Kiracılı)",none,0,0,0,0,0,none,0,,1327553155
,SÜPER LÜX 2+1 YÜKSEK KREDİ VE UYGUN ÖDEME SEÇENEKLERİ İLE,none,0,0,0,0,0,none,0,,1337995810
Ara Kat,MERKEZİ LOKASYONDA HARİKA MANZARALI 1+1,none,0,0,0,0,0,none,0,,1313909920
Ara Kat,FIRSAT DAİRESİ 2+1 YAŞAM BAŞLIYOR,none,0,0,0,0,0,none,0,,1319930655
,ULTRA LÜKS YAPILI ARA KAT K. ISI YALITIMLI İSKANLI,none,0,0,0,0,0,none,0,,1323083676
Ara Kat,YAPRACIK'TA ÖZŞEKER'DEN LANSMAN FİYATI İLE FIRSAT 1+1 DAİRELER,none,0,0,0,0,0,none,0,,1336345879
Ara Kat,HAKAAN GAYRİMENKUL'DEN 4 CEPHELİ ARAKATTA 2+1 YÜKSEK GİRİŞ,none,0,0,0,0,0,none,0,,1330586274
,YAPRACIKTA YATIRIMLIK 1+1 EYLÜL TESLİM FIRSAT DAİRE,none,0,0,0,0,0,none,0,,1336473693
,'ALaçaTı'dan*Balkonlu*Site İçerisinde*Uygun Fiyat*Yatırımlık*2+1,none,0,0,0,0,0,none,0,,1318829571
,Yapracık TOKİ'de Full yapılı 3+1 daireli,none,0,0,0,0,0,none,0,,1333468473
,YAPRACIK-DURAK MARKET ÖNÜ-KREDIYE UYGUN//Kapalı Mutfak 2+1,none,0,0,0,0,0,none,0,,1315980102
,SON FIRSATLAR BELEDİYE OKUL YAKINI 3+1 DAİRE,none,0,0,0,0,0,none,0,,1324974036
Ara Kat,SIFIR FAİZ ve 41.000₺'den Başlayan Taksitlerle Hemen Tapu İmkanı,none,0,0,0,0,0,none,0,,1266205615
,SR EMLAK'TN 30 AĞUSTOS MH'DE 3+1 115m²KATTA YAPILI SATILIK DAİRE,none,0,0,0,0,0,none,0,,1326855859
Ara Kat,YAPRACIK MERKEZ 4.BÖLGE PAZAR VE YUNUS MARKET YAKINI YAPILI 3+1,none,0,0,0,0,0,none,0,,1325363914
Ara Kat,ERYAMAN RELAX GÖKSU'DA GÖL MANZARASINA KOMŞU SATILIK 1+1 DAİRE,none,0,0,0,0,0,none,0,,1320877975
Ara Kat,GÖKSUPARK GÖL MANZARALI 4+1 SATILIK MAYBAK KONUTLARI,none,0,0,0,0,0,none,0,,1287280320
Ara Kat,ERYAMAN ŞEHİT OSMAN AVCI MAH.SATILIK 1+1 DAİRE,none,0,0,0,0,0,none,0,,1318946463
Ara Kat,EMPA'DAN BOSPHORUS ANKARA KONUTLARINDA SATILIK 3+1,none,0,0,0,0,0,none,0,,1326426040
Ara Kat,BOSPHORUS'TA BULVAR MANZARALI 3+1 LÜKS | İSKANLI SATILIK DAİRE,none,0,0,0,0,0,none,0,,1315977665
Ara Kat,ERYAMAN ŞEHİT OSMAN AVCI MAH. ARAKAT 1+1 DAİRE,none,0,0,0,0,0,none,0,,1308985083
Ara Kat,ETİMESGUT ŞEYH ŞAMİL MAHALLESİ FIRSAT SATILIK 3+1,none,0,0,0,0,0,none,0,,1327062366
Ara Kat,Eryaman Özahikent Ana Caddeye Sıfır Güney Cephe 3+1 Daire,none,0,0,0,0,0,none,0,,1299992546
,Creative'den Şeyh Şamilde 11 Kat Süper Lüx Daire,none,0,0,0,0,0,none,0,,1334266148
Ara Kat,"ERYAMANIN KALBİNDE GÖLDEKENT SİTESİNDE SATILIK 3,5+1 DAİRE",none,0,0,0,0,0,none,0,,1309203523
Ara Kat,ERYAMAN ŞEHİT OSMAN AVCI BOSPHORUS'DA 2+1 95M2 SATILIK DAİRE,none,0,0,0,0,0,none,0,,1303765614
Ara Kat,ALaçaTı'dan *5.etap Sarıgül Sitesinde *Metro Yakını **2+1,none,0,0,0,0,0,none,0,,1323753027
Ara Kat,ERYAMAN RELAX GÖKSU'DA YENİ EŞYALI SATILIK 1+1 SEÇİL GYO,none,0,0,0,0,0,none,0,,1298704492
Ara Kat,Efor'dan Metroya 300 m mesafede GÜNEY Cephe SATILIK 3+1,none,0,0,0,0,0,none,0,,1335630415
Ara Kat,"GÖL MANZARALI ŞEREFİYESİ YÜKSEK MAYBAK SİTESİ ULTRA LÜKS 4,5+1",none,0,0,0,0,0,none,0,,1324306069
Ara Kat,Eryaman Metro Yakını Eşyalı 1+1 Satılık Daire,none,0,0,0,0,0,none,0,,1330001218
Ara Kat,CAMLI KLİMA BLOKLARINDA ARA KAT EŞYALI KLİMALI SATILIK DAİRE,none,0,0,0,0,0,none,0,,1316648079
Ara Kat,ERYAMANDA İKİZLER EMLAKTAN 3+1 145 M2 CADDE AVM YANI,none,0,0,0,0,0,none,0,,1330416877
Ara Kat,ERYAMAN ŞEYH ŞAMİL MAHALLESİ GÖKSU YAKINI SIFIR 3+1 DAİRE,none,0,0,0,0,0,none,0,,1324403919
Ara Kat,ERYAMAN SİTE İÇERİSİNDE YAPILI 135 M2 SATILIK 3+1 KÖK TAPU DAİRE,none,0,0,0,0,0,none,0,,1330392095
En Üst Kat,LOFT GAYRİMENKUL'DEN*3. ETAPTA*MERKEZİ LOK.*KİLERLİ*TERASLI*2+1,none,0,0,0,0,0,none,0,,1336487149
Ara Kat|Ara Kat Dubleks,ERYAMAN BOSPHORUS SİTESİNDE SATILIK 4+2 LÜKS DAİRE,middle_floor,1,0,0,1,0,detail,0,,1263968754
Ara Kat,ERYAMAN SATILIK 3+1** 2 BANYO MERKEZİ KONUM ŞEHİT OSMAN AVCI,none,0,0,0,0,0,none,0,,1315977622
Ara Kat,ERYAMAN RELAX GÖKSU DA EŞYALI KİRACILI SATILIK 1+1 DAİRE,none,0,0,0,0,0,none,0,,1332375881
Ara Kat,Eryaman Göksu Park Yakını Demirer Sitesi 2+1 Satılık,none,0,0,0,0,0,none,0,,1336386497
,SAHİBİNDEN UYGUN FİYATLI KLİMA BLOKLARINDA 2+1 (KİRACILI),none,0,0,0,0,0,none,0,,1336435553
Ara Kat,'ALaçaTı'dan*BOSPHORUS'DA 2+1 95M2 SATILIK DAİRE***,none,0,0,0,0,0,none,0,,1336690262
,ERYAMAN TUNAHAN MAHALLESİ ÖZTAŞ SİTESİ'NDE 2+1 SATILIK DAİRE,none,0,0,0,0,0,none,0,,1330730554
Ara Kat,BOSPHORUS ANKARA KONUTLARI KAPALI OTP. HAVUZLU SATILIK 3+1 DAİRE,none,0,0,0,0,0,none,0,,1331031137
,ATILIM'DAN GÖKDEMİR PREMIUM'DA 2+1 YÜKSEK GİRİŞ DAİRE,none,0,0,0,0,0,none,0,,1336922416
En Üst Kat,GÜNGÖR DEN SİTE İÇERİSİNDE FUKK YAPILI KELEPİR DAİRE,none,0,0,0,0,0,none,0,,1334109330
Ara Kat,ERYAMAN2 ESTON'da BAKIMLI VE BOŞ 1+1,none,0,0,0,0,0,none,0,,1322553574
Ara Kat,Karaca'dan Eryaman 3.Etap da Full Yapılı Boş 1+1 Satılık Daire,none,0,0,0,0,0,none,0,,1325712451
En Üst Kat,ŞEYH ŞAMİL MAH'DE SİTE İÇERSİNDE GENİŞ BAŞKONLU ASANSÖRLÜ KUPON,none,0,0,0,0,0,none,0,,1329884062
Ara Kat,DOMEARC GAYRİMENKULDEN AKTÜRK SİTESİNDE SATILIK 3+1,none,0,0,0,0,0,none,0,,1334873657
Ara Kat,"SAHİBİNDEN SATILIK | CANBERK SİTESİNDE MASRAFSIZ, ÖZEL YAPIM 3+",none,0,0,0,0,0,none,0,,1337217140
Ara Kat,KAŞMİR AVM YAKINI /YÜKSEK KREDİ/ BAĞIMSIZ MUTFAK/ FIRSAT 1+1,none,0,0,0,0,0,none,0,,1325076870
Ara Kat,Eryaman Metro Yakını Satılık 3+1 Daire,none,0,0,0,0,0,none,0,,1328681394
,ANKALİFE'DAN SUTEK SİTESİNDE SATILIK 3+1 DAİRE,none,0,0,0,0,0,none,0,,1323842085
Ara Kat,Eryaman 4. Etap da satılık daire,none,0,0,0,0,0,none,0,,1308363952
Ara Kat Dubleks,ARMONİA RESİDENCE EKSTRA FULL YAPILI LÜKS DAİRE ES GAYRİMENKUL,middle_floor,1,0,0,1,0,detail,0,,1331799747
Ara Kat,Eryaman Tunahan Mah. METROMALL AVM Yanı EŞYALI Satılık Daire 3+1,none,0,0,0,0,0,none,0,,1331940630
,S'ARAS DAN MAVİÇAM SİTESİ 3 + 1 SATILIK DAIRE TAKASA UYGUN,none,0,0,0,0,0,none,0,,1326212519
En Üst Kat,Eryaman Utku Sitesi'nde Satılık 3+1 Daire,none,0,0,0,0,0,none,0,,1328911759
Ara Kat|Çatı Dubleksi,DALGIÇ İNŞ EMLAK'TAN SATILIK 2+2 DALGIÇ REZİDANS DUBLEKS DAİRE,roof,1,1,0,0,0,detail_and_title,0,title_generic_confirms_detail_subtype,1119354806
Ara Kat,"GÖLDEKENTTE SATILIK 3,5+1 DAİRE",none,0,0,0,0,0,none,0,,1331828832
,PRO İNVEST GARİMENKULDEN BOSBORUS SİTESİNDE SATILIK 2+1,none,0,0,0,0,0,none,0,,1337938012
Ara Kat,"Armonia Residence ' de 1+1, Kiracılı, K. Otoparklı Satılık Daire",none,0,0,0,0,0,none,0,,1303906567
Ara Kat,EV AÇ'tan ERYAMAN2 DEMİRER'de EŞYALI VE BOŞ 1+1,none,0,0,0,0,0,none,0,,1332344803
,LOFT GAYRİMENKUL'DEN 4+1 SIFIR KAPALI OTP. ULTRA LUX DAİRE,none,0,0,0,0,0,none,0,,1316649298
,LOFT GAYRİMENKUL'DEN CADDE ÜZERİ LÜKS YAPILI KIŞ BAHÇELİ 4.5+1,none,0,0,0,0,0,none,0,,1328029309
Ara Kat,LOFT GAYRİMENKUL'DEN FIRSAT! GÖKSU PARK KONUTLARI-METRO YANI 4+1,none,0,0,0,0,0,none,0,,1333729210
Ara Kat,TEPE'DEN ERYAMAN ALTAY MH 1. ETAP AKTÜRK BLK. YAPILI 2+1 SATILIK,none,0,0,0,0,0,none,0,,1332572938
En Üst Kat,ERYAMAN PAŞA KONAKLARI SİTRSİNDE SATILIK 3+1 DAİRE,none,0,0,0,0,0,none,0,,1324472106
Ara Kat,OYAK Göksupark Konutları'nda Peyzaj Manzaralı Boş 4+1 | Doğu Cph,none,0,0,0,0,0,none,0,,1309521994
Ara Kat,ATAKENT SİTESİ LÜKS YAPILI MASRAFSIZ SATILIK 2+1,none,0,0,0,0,0,none,0,,1332694927
Ara Kat,"'ALaçaTı'dan*MAXİMUM AVM'de, METRO VE METROMALL AVM KARŞISI*",none,0,0,0,0,0,none,0,,1333334024
Ara Kat,ERYAMANDA FIRAT LIFE SİTESİNDE ARAKAT 1+1 BALKONLU DAİRE,none,0,0,0,0,0,none,0,,1313778582
Ara Kat,ERYAMAN GÖLKENT 1 SİTESİNDE YAPILI ARA KAT SATILIK DAİRE,none,0,0,0,0,0,none,0,,1333424139
Ara Kat,ERYAMAN GÖKSU KAŞMİR GÖL EVLERİ DURUSU 4 BLOKTA 5.KAT 4+1 DAİRE,none,0,0,0,0,0,none,0,,1332619673
Dubleks|En Üst Kat,SAHİBİNDEN SATILIK TERAS DUBLEX,standard,1,0,0,0,1,detail_and_title,0,,1333756905
Ara Kat,GÖKSU'DA 4+1 MUHTEŞEM KONUMDA GENİŞ PEYZAJ GÜNEY CEPHE BOŞ !!!,none,0,0,0,0,0,none,0,,1334074533
Ara Kat,"ANKALİFE'TAN GENİŞ PEYZAJ, OTURUMA HAZIR, ÇAMAŞIR-ODALI 4+1",none,0,0,0,0,0,none,0,,1317913389
Ara Kat,Devlet mahallesi 3+1 manzaralı çift balkon aile yaşamına uygun,none,0,0,0,0,0,none,0,,1328805926
Ara Kat,ARIKANDAN GÖKSU MANZARALI 4+1SATILIK DAİRE BU HAFTAYA ÖZEL FİYAT,none,0,0,0,0,0,none,0,,1329085528
Ara Kat,Eryaman Altay Mahallesi Fırat Residance de Satılık 1+1 da,none,0,0,0,0,0,none,0,,1317433367
Ara Kat,Eryaman Kaşmir Göl Evleri Satılık 4+1 Göl & Peyzaj Manzara,none,0,0,0,0,0,none,0,,1329154352
Ara Kat,SAHİBİNDEN 3+1 ÇİFT BANYO - ÇİFT TUVALET ARAKAT YAPILI BOŞ DAİRE,none,0,0,0,0,0,none,0,,1328284725
Ara Kat,Eryaman Gölkent 1 sitesinde satılık katta 3+1,none,0,0,0,0,0,none,0,,1335351604
En Üst Kat,"MEHMET GAYGISIZ'danSatılık 3+1 Daire, Yenilenmiş & Merkezi Konum",none,0,0,0,0,0,none,0,,1263279357
,ERYAMAN ALTAY MAH AKTÜRK SİTESİNDE ÇİFT CEPHE BOŞ 4.KAT FULL YAP,none,0,0,0,0,0,none,0,,1335899511
Ara Kat,YENİÇERİ KULE FIRSAT 4+1 DAİRE GÖKSU YAKINI,none,0,0,0,0,0,none,0,,1314119602
,֍֍UĞUR YALÇIN GYO֍֍│AKTÜRK SİTESİ│FULL YAPILI│A PLUS,none,0,0,0,0,0,none,0,,1333136427
Dubleks,İKON Yeşilovada 150 m² Geniş Kullanım Alanlı 4+1 Lüks Daire,standard,1,0,0,0,1,detail,0,,1321356032
Ara Kat,'KOÇAK'tan' Kaşmir Mavi Orkide Sitesinde 12.Kat Güney Cepheli,none,0,0,0,0,0,none,0,,1333625443
Ara Kat,ERYAMAN REFERANS ANKARA SİTESİ SATILIK 2+1 DAİRE,none,0,0,0,0,0,none,0,,1330236648
Ara Kat,ERYAMAN REFERANS ANKARA SATILIK 2+1 EŞYALI BOŞ,none,0,0,0,0,0,none,0,,1336164906
Ara Kat,ERYAMANDA DOĞAKENT KONUTLARINDA SATILIK 3+1 DAİRE,none,0,0,0,0,0,none,0,,1313650111
Çatı Dubleksi|Ters Dubleks,"ERYAMAN METROMAL YANI, İTALYAN DUBLEX, FULL YAPILI, SİTE İÇİ 3+1",roof,1,1,0,0,0,detail_and_title,0,title_generic_confirms_detail_subtype,1326195864
En Üst Kat,"*METROMALL AWM YANI,METROYA YÜRÜME MESAFESİNDE SİTE İÇİ 3+1",none,0,0,0,0,0,none,0,,1321783675
Ara Kat,ERYAMAN GÖKSU ŞELALE EVLERİ SİTESİ SATILIK 3+1 DAİRE,none,0,0,0,0,0,none,0,,1320280957
En Üst Kat,ERYAMAN FİNEST SİTESİ FULL YAPILI SATILIK 4+1 LÜKS BOŞ DAİRE,none,0,0,0,0,0,none,0,,1151451308
,Eryaman Merkezde Satılık 3+1 Daire - 110m²,none,0,0,0,0,0,none,0,,1325119096
Ara Kat,ERYAMAN KONUTA ÖZLEM SİTESİ YAPILI 3+1 FIRSAT DAİRE,none,0,0,0,0,0,none,0,,1330765808
Ara Kat,"Eryaman Doğakent'te Satılık 3+1, Ara Kat ( Dairemiz Boştur)",none,0,0,0,0,0,none,0,,1312570011
Ara Kat,ERYAMAN MAHALLESİ MERKEZİ LOKASYONDA SATILIK 3+1 DAİRE,none,0,0,0,0,0,none,0,,1331083022
Ara Kat,FIRSAT! DEVLET MAH. 2+1 FUL YAPILI YATIRIMA UYGUN SATILIK DAİRE,none,0,0,0,0,0,none,0,,1331613336
Ara Kat,ERYAMAN MAH. -ARA KAT- CAM BALKON 3+1 ''KÖK TAPU'' SATILIK DAİRE,none,0,0,0,0,0,none,0,,1334967245
Ara Kat,BUSE KONUTLARINDA KREDİYE UYGUN SATILIK 2+1 DAİRE,none,0,0,0,0,0,none,0,,1337106955
Ara Kat,█ZENTA'DAN ASM PLATİN'DE█AYAŞ YOLUNA CEPHE ULTRA LÜKS 4+1 DAİRE█,none,0,0,0,0,0,none,0,,1332991149
,ERYAMAN GÖKSU MAHALLESİ SÜPER LÜKS 4+1 DAİRE,none,0,0,0,0,0,none,0,,1325385870
Ara Kat,"OYAK 555 SİTESİ ERYAMAN SAHİBİNDEN, 3+1, 7.KAT, A3 BLOK",none,0,0,0,0,0,none,0,,1337174088
En Üst Kat,"Sahibinden Son Günleri, Aktürk'te 2+1 En Üst Kat",none,0,0,0,0,0,none,0,,1317598391
,SAHİBİNDEN,none,0,0,0,0,0,none,0,,1335712652
,ERYAMAN DA AYAŞ YOLUNA CEPHE SATILIK 2+1,none,0,0,0,0,0,none,0,,1334576136
Ara Kat,ERYAMAN DEVLETMAH. SİTE İÇERİSİNDE 3+1 FULL YAPILI SATILIK DAİRE,none,0,0,0,0,0,none,0,,1328917148
Ara Kat,VADİTEPE BAŞPINAR SİTESİ 5+1 ULTRA LÜX DAİRE,none,0,0,0,0,0,none,0,,1331786760
,SURA'DAN ERYAMAN MAH. SATILIK YAPILI DUBLEX 5+1 DAİRE 7.350.000₺,standard,1,0,0,0,1,title,0,,1302825526
Ara Kat,BİLGİ OFİSİ EMLAK TAN GÖL BÖLGESİNDE SATILIK 3+1 DAİRA,none,0,0,0,0,0,none,0,,1323431901
Ara Kat,ERYAMAN GÖKSU GÖLÜ YANI SPOR SİTESİ 3+1 SATILIK DAİRE,none,0,0,0,0,0,none,0,,1337618413
Ara Kat,TAŞ KONAK EMLAK'TAN ERYAMAN MAHALLESİNDE ACİL SATILIK 3+1 DAİRE,none,0,0,0,0,0,none,0,,1305989562
Ara Kat,Eryaman Optimum Karşısı Ayaş Yol Üzeri Eşyalı Satılık 1+1 Daire,none,0,0,0,0,0,none,0,,1331146368
,*** KAŞMİR GÖL EVLERİ PEYZAJ MANZARALI 4+1 ***,none,0,0,0,0,0,none,0,,1337736815
Ara Kat,ERTAŞ EMLAK'tan Eryaman'da 3+1 Satılık Daire,none,0,0,0,0,0,none,0,,1328760492
Ara Kat,ETİMESGUT TUNAHAN MH SIFIR OTURUMA HAZIR MANZARALI SATILIK DAİRE,none,0,0,0,0,0,none,0,,1336767282
Çatı Dubleksi,TOPÇU'da FULL+FULL YAPILI ÖN CEPHE 6+1 SATILIK TERAS DUBLEKS,roof,1,1,0,0,0,detail_and_title,0,,1337588895
Ara Kat,TOPÇU MAH'DE FULL YAPILI ARA KAT CADDE YAKINI 3+1 DAİRE,none,0,0,0,0,0,none,0,,1330738645
Ara Kat,"ETIMESGUT ELVANKENT ,TOPÇU MAHALLESİ 3+1 SATILIK DAİRE",none,0,0,0,0,0,none,0,,1337636095
Ara Kat,TOPÇU MAH. FULL YAPILI 1.KAT 3+1,none,0,0,0,0,0,none,0,,1337712701
En Üst Kat,MURAT'TAN TOPÇU MAH.'DE MERKEZİ KONUMDA 3+1 SATILIK DAİRE,none,0,0,0,0,0,none,0,,1337485552
,OĞUZLAR MAHALLESİNDE SİTE İÇİ 7/24 GÜVENLİKLİ 4+1 SATILIK DAİRE,none,0,0,0,0,0,none,0,,1337732780
Ara Kat,Elvankent Oğuzlar'da Satılık 3+1 Daire - 100m²,none,0,0,0,0,0,none,0,,1325032287
En Üst Kat,EMRE EMLAKTAN TOPÇU'DA MANZARALI GENİŞ ÖN CEPHE SATILIK 3+1 DAİR,none,0,0,0,0,0,none,0,,1331829512
Ara Kat,BÜTÜN KREDİLERE UYGUN BU FİYATA YAPILI SON DAİRELERDEN,none,0,0,0,0,0,none,0,,1331695060
Ara Kat,ETİMESGUT SÜVARİ MAH SATILIK 2+1 ARAKAT ÖN CEPHE DAİRE 3.200.000,none,0,0,0,0,0,none,0,,1331651755
Çatı Dubleksi,MURAT TÜRKMEN'den EMİNEVİM'e_uygun TOPÇU_Mah. 4+1_DUBLEKS_daire,roof,1,1,0,0,0,detail,0,,1331669722
,WELLMAX'TAN TOPÇU MAH./3+1/100m2/1.KAT SATILIK DAİRE,none,0,0,0,0,0,none,0,,1332146843
En Üst Kat|Çatı Dubleksi,DÖNÜŞÜM EMLAKTAN 5+1 150 m² BÖLÜNMÜŞ TERAS 2 BAĞIMSIZ DAİRE,roof,1,1,0,0,0,detail,0,,1332271190
En Üst Kat|Çatı Dubleksi,AÇIL GAYRİMENKUL SÜVARİ MH CADDE ÜSTÜ SATILIK ASANSÖRLÜ 6+1TERAS,roof,1,1,0,0,0,detail,0,,1331949074
Ara Kat,ADDRESS YEŞİLOVA'DA BAĞIMSIZ MUTFAK ÇİFT BANYO SATILIK 2+1 DAİRE,none,0,0,0,0,0,none,0,,1326651400
,ERYAMAN YEŞİLOVA'DA 3+1 FULL YAPILI DAİRE,none,0,0,0,0,0,none,0,,1332515250
,ERYAMAN KOZOVA 85 M2 KAPALI MUTFAK EBEVEYİN BANYOLU 2+1,none,0,0,0,0,0,none,0,,1325720767
Ara Kat,ERYAMAN' DA BAĞIMSIZ MUTFAKLI/KREDİSİNE UYGUN/SATILIK 2+1 DAİRE,none,0,0,0,0,0,none,0,,1304498739
,"LOFT GAYRİMENKUL""DEN MEYDAN ADA SİTESİNDE LÜKS 3+1",none,0,0,0,0,0,none,0,,1309744090
Ara Kat,Sahibinden Bağlıca Tam Merkezde Geniş Ferah ve Kullanışlı Daire,none,0,0,0,0,0,none,0,,1332990414
Ara Kat,SAHİBİNDEN SATILIK,none,0,0,0,0,0,none,0,,1333029758
Ara Kat,TOPÇU MAHALLESİNDE MERKEZİ KONUMDA ULTRA LÜKS 1.KAT FIRSAT DAİRE,none,0,0,0,0,0,none,0,,1317608306
Ara Kat,YEŞİLOVA MAHALLESİ DOĞAN CİTY SATILIK 3+1,none,0,0,0,0,0,none,0,,1321528839
,"SAHİBİNDEN, 145 m², 3+1, GENİŞLETİLMİŞ BALKONLU, EBEVEYN BANYOLU",none,0,0,0,0,0,none,0,,1297824828
Dubleks,SÜVARİ DE CADDE ÜSTÜ 5+1 YAPILI DAİRE,standard,1,0,0,0,1,detail,0,,1321550709
Ara Kat,YENİ BAĞLICA MAH. OPEN SKY KONUTLARINDA EŞYALI 1+1 SATILIK DAİRE,none,0,0,0,0,0,none,0,,1333476552
,TOPÇU'da TREN VE 14.CAD. YAKINI 3+1 FULL YAPILI ÜÇ CEPHELİ DAİRE,none,0,0,0,0,0,none,0,,1332286994
Ara Kat,֍֍UĞUR YALÇIN GYO֍֍│3 CEPHE│HOBİ BAHÇESİ│A PLUS│GENİŞ LÜKS DAİRE,none,0,0,0,0,0,none,0,,1331754733
Ara Kat,ERYAMAN AYAŞ YOLU ÜZERİ SATILIK SIFIR 2+1 LÜKS DAİRE,none,0,0,0,0,0,none,0,,1322089392
,İSTER KENDİN KULLAN İSTER YATIRIMLIK MERKEZİ KONUMDA,none,0,0,0,0,0,none,0,,1316995283
Dubleks,Y. BAĞLICA DA FAKÜLTE KARŞISI 1+1 APART DUBLEX DAİRE K.GARAJLI,standard,1,0,0,0,1,detail_and_title,0,,1322040256
Ara Kat,EMRE EMLAK'TAN ELVANKENT TOPÇU'DA MERKEZİ YERDE GENİŞ 145M2 3+1,none,0,0,0,0,0,none,0,,1334769078
En Üst Kat,Aradığın Evden Topçu Mah Satılık 3+1,none,0,0,0,0,0,none,0,,1334515430
Ters Dubleks,ETİMESGUT TOPÇU MAH.ÇEVRE YOLU YANI SATILIK 3+1 TERS DUBLEKS,standard,1,0,0,0,1,detail_and_title,0,,1328700149
Ara Kat,TOPÇU'da_ÇARŞI YANI_SİTE İÇİ FULL YAPILI ÖN CEPHE ULTRA LÜX 3+1,none,0,0,0,0,0,none,0,,1329075578
Ara Kat,BAĞLICA'DA KAPALI OTOPARKLI KREDİ LİMİTSİZ GENİŞ 4+1 DAİRE,none,0,0,0,0,0,none,0,,1305548843
Ara Kat,"Yeşilova'da Sıfır, Bağımsız Mutfaklı 1+1 Daire (45m², Yerden Isı",none,0,0,0,0,0,none,0,,1332078395
,YENİ NESİL'DEN GÖRÜLMEYE DEĞER (6+1) DUBLEX,standard,1,0,0,0,1,title,0,,1318546954
,"MEVAŞEHİR'DE OPTİMUM, YOL VE GÖL MANZARALI 4+1 DAİRE",none,0,0,0,0,0,none,0,,1335252073
,KORU KONFOR GÜVENLİKLİ 4+1,none,0,0,0,0,0,none,0,,1323768911
Ara Kat,BAĞLICA MAHALLESİ OZAN CİTY 2+1 KİRACISIZ SATILIK DAİRE,none,0,0,0,0,0,none,0,,1322298300
Ara Kat,ANADOLUDAN TOPÇUDA ALTI DOLU GENİŞ IŞIL IŞIL 3+1 GENİŞ M2,none,0,0,0,0,0,none,0,,1330087592
Ara Kat,TOPÇU MAHALLESİNDE 90 M² GENİŞ 2+1 SATILIK DAİRE,none,0,0,0,0,0,none,0,,1335746378
,PRESTİJLİ BÖLGE YEŞİLOVA MAH 3+1 MERKEZİ KONUM FIRSAT DAİRESİ !!,none,0,0,0,0,0,none,0,,1335919104
,Topçu Mahallesi 3+1 Aile Sitesinde satılık daire,none,0,0,0,0,0,none,0,,1335761797
,ASANSÖRLÜ 5+1 ÇİFT TERASLI YAPILI GÜNEY,none,0,0,0,0,0,none,0,,1212268084
,SR EMLAK'TAN TOPÇU MAH'DE 3+1 ARA KATTA E.BANYOLU SATILIK DAİRE,none,0,0,0,0,0,none,0,,1333307227
,BAĞLICA BULVAR ÜZERİNDE SATILIK 4+1,none,0,0,0,0,0,none,0,,1309984163
,SİMGE'DEN YEŞİLOVA'DA 1+1 SATILIK DAİRE,none,0,0,0,0,0,none,0,,1336078597
,CB ULTRA DAN TOPÇU MAHALLESİ ÖN CEPHE 3+1 SATILIK DAİRE,none,0,0,0,0,0,none,0,,1313372075
En Üst Kat,LOKASYON ERYAMANDA 2+1 SIFIR SATILIK DAİRE,none,0,0,0,0,0,none,0,,1336374167
Ara Kat,POLAT'tan Mevaşehir'de Ara Kat Göl Manzaralı Deluxe 4+1+ 3 Banyo,none,0,0,0,0,0,none,0,,1322423874
,CB Vizyondan | Muhteşem Manzaralı ve Krediye Uygun 5+1 Dubleks,standard,1,0,0,0,1,title,0,,1330621846
,TOPCU MAH SATILIK 4+1 ÇİFT BANYOLU ISI YALITIMLI BALKONLU DAİRE,none,0,0,0,0,0,none,0,,1327787429
,İZOSER RESİDENCE GENİŞ 2+1 FIRSAT DAİRE TOPRAK GYM,none,0,0,0,0,0,none,0,,1326271910
Ara Kat,SÜVARİ MAH'DE ARA KAT GENİŞ ÖN CEPHE 3+1 SATILIK DAİRE,none,0,0,0,0,0,none,0,,1330704766
Ara Kat,ETİMESGUTTA 3+1 YAPILI SATILIK DAİRE,none,0,0,0,0,0,none,0,,1336507374
En Üst Kat,Yeşilova'da / Full Yapılı/Katta Geniş /3+1 Satılık Daire,none,0,0,0,0,0,none,0,,1330200860
Ara Kat,BAĞLICA ZİRVE'DE KİLERLİ MÜKEMMEL KONUM KAPANMAZ CEPHE SIFIR 3+1,none,0,0,0,0,0,none,0,,1321947904
Ara Kat,ELVANKENT 14.CADDE YAKINI SİTE İÇERİSİNDE 3+1 SATILIK DAİRE,none,0,0,0,0,0,none,0,,1314326765
Dubleks|En Üst Kat,HEMDEM GAYRİMENKUL'DEN TOPÇU'DA ASANSÖRLÜ 5+2 SATILIK DAİRE,standard,1,0,0,0,1,detail,0,,1336901771
Ara Kat,YEŞİLOVADA/SAKALAR TOWER'DA/KATTA 2+1 YAPILI DAİRE,none,0,0,0,0,0,none,0,,1336744598
Ara Kat,ETİMESGUT YEŞİLOVA MH SIFIR İSKANLI EBEVEYN BANYO 6 ARAKAT DAİRE,none,0,0,0,0,0,none,0,,1335840184
Ara Kat,STATÜ// LOKASYON ERYAMANDAN SATILIK 2+1 DAİRE,none,0,0,0,0,0,none,0,,1318829041
Ara Kat,HEMDEM GAYRİMENKUL'DEN TOPÇU'DA FULL YAPILI ÖN CEPHE 3+1 SATILIK,none,0,0,0,0,0,none,0,,1336908606
Ara Kat,ADDA GAYRİMENKUL - Bağlıca'da Satılık Boş 4+1 Daire,none,0,0,0,0,0,none,0,,1245475121
En Üst Kat,İNCEK TAŞPINAR EMLAK'TAN YEŞİLOVA MAHALLESİNDE 3+1 SATILIK DAİRE,none,0,0,0,0,0,none,0,,1331212241
,satılık daire,none,0,0,0,0,0,none,0,,1333549139
,NS PRESTİJ DEN PİYADE MAH 5+1 YENİ BİNADA TERAS DUBLEKS,roof,1,1,0,0,0,title,0,,1318038287
Dubleks|En Üst Kat|Çatı Dubleksi,PİYADE MAH'DE 4+2 240m² MASRAFSIZ EBEVEYN BANYOLU SATILIK DUBLEX,roof,1,1,0,0,0,detail_and_title,0,title_generic_confirms_detail_subtype,1309468885
,OVİ GRUP GAYRİMENKULDEN PİYADE MAHALLESİNDE SATILIK GENİŞ DAİRE,none,0,0,0,0,0,none,0,,1333688657
Ara Kat,PİYADE'DE DE ARAKAT BALKONLU MASRAFSIZ YAPILI 3+1 SATILIK DAİRE,none,0,0,0,0,0,none,0,,1310005677
,KAZIM KARABEKİR MAH. FULL EŞYALI SATILIK 2+1 DAİRE,none,0,0,0,0,0,none,0,,1274186065
,█_TREN_DURAĞI_YAKINI_2+1_FULL_YAPILI_SATILIK_DAİRE_█,none,0,0,0,0,0,none,0,,1333578285
,PİYADE MAH SATILIK 2+1_CADDE YANI_KULLANIŞLI BAHÇE KATI DAİRE,none,0,0,0,0,0,none,0,,1331914617
,HESAPLI__PİYADE-GİMSA YAKINI__SATILIK__BAHÇE KATI 2+1__İSKANLI,none,0,0,0,0,0,none,0,,1319459782
,KAZIM KARABEKİR'DE İSKANLI UYGUN FİYATLI 2+1 MASRAFSIZ DAİRE,none,0,0,0,0,0,none,0,,1325823378
Ara Kat,CB WEST'TEN PİYADE MAHALLESİ GİMSA PARK YAKINI 3+1 SATILIK DAİRE,none,0,0,0,0,0,none,0,,1331763654
Dubleks,**MERKEZİ LOKASYONDA ÇİFT GİRİŞLİ İKİ AİLEYE UYGUN 5+2 DUBLEX**,standard,1,0,0,0,1,detail_and_title,0,,1320029326
Ara Kat,GİMSA YANI 3+1 ULTRA LÜKS YAPILI 2. ARA KATTA ÖN CEPHE DAİRE,none,0,0,0,0,0,none,0,,1322483548
En Üst Kat,SÜVARİ'DE AHİMESUT SINIRI 3+1 ULTRA LÜKS ŞEHİR MANZARALI DAİRE,none,0,0,0,0,0,none,0,,1321363282
Ara Kat,Süvari Mahallesinde Sahibinden 3+1 Geniş Satılık Daire,none,0,0,0,0,0,none,0,,1307694699
En Üst Kat,BAHÇEN ERYAMAN SITESI SATILIK 4+1 DAIRE,none,0,0,0,0,0,none,0,,1322807013
Ara Kat,"*TAKASLI* BAHÇEN ERYAMANDA 7/24 GÜVENLİK,HAVUZ MANZARALI 4+1",none,0,0,0,0,0,none,0,,1334098670
Ara Kat,"Etimesgut'ta Satılık 3+1 Daire, 145m², Ebeveyn Banyolu, Kilerli",none,0,0,0,0,0,none,0,,1334612173
Ara Kat,KAÇMAZ FIRSAT ONYX CORNER AYAŞ YOLU CEPHE SIFIR BOŞ 2+1 ACİLL!!,none,0,0,0,0,0,none,0,,1334439411
Çatı Dubleksi,İZMERDEN MERKEZİ KONUMDA 6+1 TERAS,roof,1,1,0,0,0,detail,0,,1334616359
,SATILIK GENİŞ 2+1 DAİRE FULL YAPILI MERKEZİ KONUMDA,none,0,0,0,0,0,none,0,,1332118564
En Üst Kat,"Etimesgut Süvari'de Ultra Lüks 3+1 Daire, 125m², Masrafsız",none,0,0,0,0,0,none,0,,1320590984
Ara Kat,"Etimesgut Piyade'de Satılık 3+1 Daire, 125m², Yatırımlık Fırsat!",none,0,0,0,0,0,none,0,,1323608387
Ara Kat,Bölgenin En Kıymetli Dairesi Emsal Fiyat Altında Evebyn Banyolu!,none,0,0,0,0,0,none,0,,1334550949
En Üst Kat,PİYADE'DE AHİ ELVAN CAD. YAKINI YAPILI MASRAFSIZ 3+1 DAİRE,none,0,0,0,0,0,none,0,,1335091757
,█_TREN_DURAĞI_YAKINI_3+1_FULL_YAPILI_K.OTOPARKLI_DAİRE_█,none,0,0,0,0,0,none,0,,1322350155
Ara Kat,Pİ GAYRİMENKUL'DEN ETİMESGUT PİYADE MAH 3+1 SATILIK FIRSAT DAİRE,none,0,0,0,0,0,none,0,,1332080314
,MERKEZE YAKIN YAPILI KREDİYE UYGUN SATILIK 3+1,none,0,0,0,0,0,none,0,,1332354520
,YENİ GİMSA YAKINI KAT KONUMUNDA ÇOK GENİŞ DAİRE SÖZGENLER'DEN,none,0,0,0,0,0,none,0,,1335531886
En Üst Kat,ETİMESGUT KATTA YAPILI MERKEZİ KONUM 2+1 KUPON HAZIR KİRACILI,none,0,0,0,0,0,none,0,,1314761721
Dubleks|Çatı Dubleksi,HİSAR PREMIUM'DAN AHİ MESUT BULVARI CEPHELİ 6+1 TERASLI DUBLEKS,roof,1,1,0,0,0,detail_and_title,0,title_generic_confirms_detail_subtype,1332350813
En Üst Kat,PİYADE MAH SATILIK 5+1 FULYAPILI ÇİFT GİRİŞE UYGUN DUBLEKS DAİRE,standard,1,0,0,0,1,title,0,,1335224898
,PİYADE MAHALLESİNDE_ÖN CEPHE_FULL YAPILI_ULTRA LÜX 3+1,none,0,0,0,0,0,none,0,,1326757493
Ara Kat,3+1 SATILIK ARA KATTA DAİRE,none,0,0,0,0,0,none,0,,1286387120
,YENİ NESİL'DEN MERKEZİ KONUMDA BOŞ (3+1) DAİRE,none,0,0,0,0,0,none,0,,1233676367
Ara Kat,AHİMESUT BULVAR YAKINI ÖN CEPHE KÖŞE BAŞI FULL YAPILI 3+1,none,0,0,0,0,0,none,0,,1330234148
Ara Kat,AHİ MESUT BULVARINDA CADDE SİTESİ 145 m² NET | ÖZEL TASARIM 3+1,none,0,0,0,0,0,none,0,,1327736134
,CADDEDE KREDİYE UYGUN İYİ LOKASYONDA FULL YAPILI,none,0,0,0,0,0,none,0,,1328858502
,"ŞEKER MAHALLESİNDE MERKEZİ KONUMDA ,KÖK TAPU Kaçmaz ..",none,0,0,0,0,0,none,0,,1324556047
,KREDİ LİMİTSİZ TERAS TADINDA MUHTEŞEM MANZARALI 3+1 DAİRE..,none,0,0,0,0,0,none,0,,1332511410
Ara Kat,MOD GRUP' DAN BU FIRSAT KAÇMAZ FULL EŞYALI GÜNEY CEPHE 1+1,none,0,0,0,0,0,none,0,,1323215063
,K.KARABEKİR MH. ŞEHİT HASAN ÖZTÜRK CAD. ASANSÖRLÜ 3+1 SATILIK,none,0,0,0,0,0,none,0,,1308360451
,ÇİFT GİRİŞE UYGUN PİYADE MAH 5+1 FULL YAPILI DUBLEKS,standard,1,0,0,0,1,title,0,,1317457626
Bahçe Dubleksi,MMG'DEN PİYADE MAH.FULL YAPILI YÜKSEK KREDİLİ TERS DUBLEKS 3+1,garden,1,0,1,0,0,detail_and_title,0,title_generic_confirms_detail_subtype,1335846195
,LOGO DAN ŞEKER MAHALLESİNDE FUL EŞYALI SATILIK 1+1,none,0,0,0,0,0,none,0,,925706802
,ETİMESGUT MERKEZDE Y. GİRİŞ KÖK TAPU KATILIM EVİME UYGUN,none,0,0,0,0,0,none,0,,1333170607
,ETİMESGUT SUVARİ MAHALLESİ KAT KONUMUNDA SIFIR 3+1 Tersdublex,none,0,0,0,0,0,none,0,,1332407817
Tripleks,█⫸TREN_OKUL_YAKINI_ÖN_CEPHE_3+1_KİLERLİ_FULL_YAPILI_DAİRE⫸█,none,0,0,0,0,0,none,0,,1329296464
Ara Kat,ETİMESGUT MERKEZDE ARA KAT 3+1 SATILIK DAİRE,none,0,0,0,0,0,none,0,,1316665553
,Ahimesut Mah. Zümrüt Park Sitesinde E.Banyolu-Kredi Limitsiz 3+1,none,0,0,0,0,0,none,0,,1333459974
Ara Kat,Piyade Mahallesinde Cadde Cephe Arakat 3+1 Satılık Daire,none,0,0,0,0,0,none,0,,1336740084
,Ayaş Yolu Oasis Residance Memur Kiracılı 2+1 Dubleks,standard,1,0,0,0,1,title,0,,1337067287
Ara Kat,ETİMESGUT MERKEZİ KONUMDA SATILIK GENİŞ 3+1 DAİRE,none,0,0,0,0,0,none,0,,1333905789
Ara Kat,ERYAMAN RELAX GÖKSU'DA EŞYALI 1+1 | BALKONLU | KREDİYE UYGUN,none,0,0,0,0,0,none,0,,1334304830
Ara Kat,·LOTUS·SÜVARİ MH'DE CD. ÜZERİ ARA KAT KÖK TAPU 3+1 SATILIK,none,0,0,0,0,0,none,0,,1333006497
Ara Kat,PİYADE MH DE 2.KAT GENİŞ YAPILI MERKEZİ KONUMDA 2+1 SATILIK DAİR,none,0,0,0,0,0,none,0,,1336923265
,█⫸İSTASYON_CAD_YAKINI_KÖŞE_BAŞI_ÖN_CEPHE_MERKEZ_KONUMDA_DAİRE_█⫸,none,0,0,0,0,0,none,0,,1313303393
,֍֍UĞUR YALÇIN GYO֍֍│BELEDİYE YANI│ASANSÖR│YENİ BİNA│YAPILI 3+1,none,0,0,0,0,0,none,0,,1331033632
Ara Kat,full yapılı tamamı 110 metre kare,none,0,0,0,0,0,none,0,,1337139681
Ara Kat,PİYADE MAH'DE ULTRA-LÜX EMSALSİZ 3+1 DAİRE LOKASYON GÜZELİ,none,0,0,0,0,0,none,0,,1336348814
,"UZMAN GAYRİMENKUL'DEN KAT KONUMUNDA, KÖK TAPU, 3+1 DAİRE",none,0,0,0,0,0,none,0,,1336120570
Ara Kat,STATÜ// ONYX CORNER'DA TERASLI AVM CEPHE SATILIK 2+1 DAİRE!!,none,0,0,0,0,0,none,0,,1308416305
,ŞOK ŞOKKK YÜKSEK KİRA GETİRİLİ SIFIR EŞYALI DAİREMİZ,none,0,0,0,0,0,none,0,,1331710721
,"BAĞLICAYA,MİT .KOM.FUL YAPILI YÜKSEK KİRA GETİRİLİ FIRSAT DAİRE",none,0,0,0,0,0,none,0,,1331818724
Ara Kat,YAŞAMKENT BÖLGE-RUHSAT ALINDI; 66 ADET LÜKS 2+1 (EKİM 2027 TES.),none,0,0,0,0,0,none,0,,1320769569
Ara Kat,ELVAN_MAHALLESİNDE_SİTE_İÇERİSİNDE_FERAH_145m²_3+1_DAİRE_FIRSATI,none,0,0,0,0,0,none,0,,1315312477
,Halk Bankası'ndan Ankara Etimesgut Satılık Konut,none,0,0,0,0,0,none,0,,1291724454
Ara Kat,ELVAN MAHALLESİNDE SIFIR BİNADA ULTRA LÜKS 2+1 | 1. KAT FIRSATI,none,0,0,0,0,0,none,0,,1333393901
,EMİRLERİN MERKEZİNDE,none,0,0,0,0,0,none,0,,1327359198
Ara Kat,ACİLL İSTASYON MAH. KAT KONUMUNDA FIRSAT 2+1 DAİRE,none,0,0,0,0,0,none,0,,1327676552
En Üst Kat,İSTASYON MAH. 4.KAT ASANSÖRLÜ BİNADA FULL YENİLENMİŞ 3+1 DAİRE,none,0,0,0,0,0,none,0,,1315951662
Ara Kat|En Üst Kat,YENİ BİNADA İSKANLI KREDİYE UYGUN 160m2 5+1 TERASLI DUBLEX,standard,1,0,0,0,1,title,0,,1317165917
,ETİMESGUT 4+1 SATILIK DAİRE FULL YAPILI HUZUR SİTESİ FIRSAT DAİR,none,0,0,0,0,0,none,0,,1312998365
,"ETİMESGUT BELEDİYE,ADLİYE BİNASI YANI Y.GİRİŞ 2+1 SATILIK DAİRE",none,0,0,0,0,0,none,0,,1334218697
,İstasyon Mah. Merkezi Konumda Katta Satılık 3+1 Dublex Daire,standard,1,0,0,0,1,title,0,,1317218706
Ara Kat,KORU METROYA 5 DK KORU İDEAL SİTESİNDE SATILIK 2+1 DAİRE,none,0,0,0,0,0,none,0,,1322721938
,ÜNSAL REALTY DEN SIFIR İSKANLI ÇİFT BANYO FUL YAPILI!!!,none,0,0,0,0,0,none,0,,1319692713
Ara Kat|Ara Kat Dubleks|Dubleks|En Üst Kat|Çatı Dubleksi,ARAÇ VE EV TAKASINA UYGUN MANZARALI ÇİFT GİRİŞLİ LÜX 6+2 TERAS,roof,1,1,0,0,0,detail,0,,1242837223
,"AY YILDIZ KARARGAHI,MİT.BAĞLICA KOM.SİTE İÇERİSİNDE FUL YAPILI",none,0,0,0,0,0,none,0,,1332491740
,BAKİ DEN AHİMESUT BULV BELEDİYE HİZMET BİNASI YANI ÖNÜ AÇIK 4+1,none,0,0,0,0,0,none,0,,1329096267
En Üst Kat,AYYILDIZ PROJESİNE YAKIN KATTA ÇİFT BALKONLU 3+1 ÖN CEPHE DAİRE,none,0,0,0,0,0,none,0,,1320088017
,ELVAN MH. FULL YAPILI 3+1 160m² ASANSÖRLÜ DAİRE,none,0,0,0,0,0,none,0,,1334789622
,SR EMLAK'TAN ELVAN MH'DE 3+1 125m² KATTA ÖN CEPHE SATILIK DAİRE,none,0,0,0,0,0,none,0,,1324107376
Ara Kat,ELVAN MAHALLESİNDE HAYALİNİZDEKİ 3+1 LÜKS SIFIR BİNA FIRSATI!,none,0,0,0,0,0,none,0,,1329360096
Ara Kat,Sahibinden Satılık,none,0,0,0,0,0,none,0,,1335099915
,ETİMESGUT PİYADE'DE KİRA GETİRİSİ YÜKSEK 2+1 SATILIK,none,0,0,0,0,0,none,0,,1323221139
Ara Kat,Eskişehir Yolunun Gözdesi Sofa Loca 4+1 Mükemmel Krediye Uygun,none,0,0,0,0,0,none,0,,1320709611
Ara Kat,MÇ EMLAK'TAN ELVAN OĞUZLAR MAH'DE 3+1 FULL YAPILI DAİRE,none,0,0,0,0,0,none,0,,1323233273
Ara Kat,Pİ GAYRİMENKULDEN ELVAN'DA SIFIR 2+1 SATILIK DUBLEX DAİRE,standard,1,0,0,0,1,title,0,,1335918463
,MESA PLAZANIN KARŞISINDA SATILIK 2+1 ARA KAT SIFIR DAİRE,none,0,0,0,0,0,none,0,,1333117074
Ters Dubleks,ELVAN MAH SATILIK 2+1 YENİ BİNA KULLANIŞLI TERS DUBLEKS,standard,1,0,0,0,1,detail_and_title,0,,1327590057
,İSTASYON MAHALLESİNDE KUPON KATTA DUBLEKS 6+1 ÇİTF ALAN,standard,1,0,0,0,1,title,0,,1335877800
,ETİLER MAHALLESİ 3+1 SATILIK DAİRE,none,0,0,0,0,0,none,0,,1335994614
,ELVAN MAHALLESİNDE SFIR BİNADA 1+1 YÜKSEK GİRİŞ FULL YAPILI,none,0,0,0,0,0,none,0,,1330440707
Ara Kat,SR EMLAK'TAN ELVAN MAH'DE 3+1 125m² ARA KATTA SATILIK DAİRE,none,0,0,0,0,0,none,0,,1333519068
,BAKİ DEN ELVAN MAH HIZLI TREN KARŞISINDA KATILIM EVE UYGUN 3+1,none,0,0,0,0,0,none,0,,1336720653
En Üst Kat,Full Yapılı Asansörlü Daire Meta GM de,none,0,0,0,0,0,none,0,,1331033999
En Üst Kat,BAĞLICAYA KOM.MÜKEMMEL GENİŞLİK VE YAPILI DAİRE İSTEYENLERE,none,0,0,0,0,0,none,0,,1316882258
,** UYG ** İSTASYON MAH. * 1+1 * EŞYALI * CADDE CEPHELİ DAİRE,none,0,0,0,0,0,none,0,,1300928298
,İSTASYON MAH MANZARALI ULTRA LÜKS YAPILI KREDİYE UYGUN SATILIK,none,0,0,0,0,0,none,0,,1336606002
,BAĞLICA MERKEZİ KONUMDA SATILIK 4+1 DAİRE,none,0,0,0,0,0,none,0,,1314642794
Ara Kat,Pİ GAYRİMENKUL'DEN YENİ BAĞLICA'DA 2+1 SATILIK SIFIR DAİRE,none,0,0,0,0,0,none,0,,1295981733
En Üst Kat,BAĞLICA'DA MERKEZİ KONUMDA YAPILI 3+1 SATILIK DAİRE,none,0,0,0,0,0,none,0,,1314405429
,BOTANİK İNŞAATTAN BULVAR ÜZERİ OTURUMA HAZIR 4+1 YERDEN ISITMALI,none,0,0,0,0,0,none,0,,1336466705
,4+1 merkezi site içi kapalı otoparklı daire bahçeli,none,0,0,0,0,0,none,0,,1327850374
Ara Kat,֍֍UĞUR YALÇIN GYO֍֍│SİTE İÇİNDE│ARA KAT│CADDE CEPHELİ│FULL YAPIL,none,0,0,0,0,0,none,0,,1323855804
Bahçe Dubleksi,BAĞLICADA BAHÇE KULLANIMLI VİLLA KONFORUNDA LOFT DAİRE,garden,1,0,1,0,0,detail,0,,1316075790
Ara Kat,BAĞLICA EMLAK AVANTAJ'DAN DOĞA KOLEJİNE YÜRÜME MESAFESİNDE 4+1,none,0,0,0,0,0,none,0,,1322818459
Dubleks,"Bağlıca'da Güvenlikli Sitede, Manzaralı 5+2 Dubleks Daire",standard,1,0,0,0,1,detail_and_title,0,,1324636565
Ara Kat,sahebinden tüm konularda emsalsiz 2+1 daire,none,0,0,0,0,0,none,0,,1334362781
Ara Kat,"BAĞLICA'NIN MERKEZİ KONUMUNDA,GENİŞ YAŞAM ALANLI 4+1 DAİRE",none,0,0,0,0,0,none,0,,1332149403
Çatı Dubleksi,BAĞLICA YOLU DİBİ ALSANCAK 2'DEGENİŞ M2 5+1 ÇİFT TERASLI SATILIK,roof,1,1,0,0,0,detail,0,,1317058395
,AC GAYRİMENKUL DEN 3+1 GENİŞ DAİRE,none,0,0,0,0,0,none,0,,1335246183
Ara Kat,HOBİ BAHÇELİ ARAKAT GİYİNME ODALI GENİŞ BALKON 3+1,none,0,0,0,0,0,none,0,,1329142384
Çatı Dubleksi,ALSANCAK MAH MİT YAKINI SATILIK KÖŞE BAŞI FUL YAPILI TERAS,roof,1,1,0,0,0,detail,0,,1329357718
Ara Kat,"Bağlıca'da Site İçinde, Otoparklı 4+1 Satılık Daire DİLAYDAN",none,0,0,0,0,0,none,0,,1335948058
,Bağlıca-7+2 Dublex Metro Önü Tabela Değerli Lokasyon!,standard,1,0,0,0,1,title,0,,1260717416
Ara Kat,BAĞLICA'DA 177 M² NET GENİŞ 4+1 GİYİNME ODALI EBEVEYN BANYOLU,none,0,0,0,0,0,none,0,,1335925907
Ara Kat,MERMEROĞLU CADDESİNDE MANZARALI ÖZEL TASARIM SATILIK 4+1 DAİRE,none,0,0,0,0,0,none,0,,1319077917
,ALSANCAK DA 3+1 ORTA KAT 2 BANYOLU SATILIK DAİRE KREDİYE UYGUN,none,0,0,0,0,0,none,0,,1336261945
,EMLAK SEPETİNDEN LOFT HİLL SİTESİNDE SÜPER LÜKS 4+1 DAİRE,none,0,0,0,0,0,none,0,,1333716219
Ara Kat,Beyce Konakları Özşeker'de 4+1 Satılık Daire,none,0,0,0,0,0,none,0,,1330626325
,AHİ MESUTTA SİTEDE SATILIK 4+1 DAİRE,none,0,0,0,0,0,none,0,,1336431872
Ara Kat,AHI MESUD'TA 3 + 1 ARA KAT SITE DAIRESI SATILIK,none,0,0,0,0,0,none,0,,1336501923
Ara Kat,ALSANCAK'TA FULL YAPILI MİT & AY YILDIZ PROJESİNE YAKIN 2+1DAİRE,none,0,0,0,0,0,none,0,,1336756395
Ara Kat,BAĞLICA 2/ MÜKEMMEL LOKASYON/ LÜKS YAPILI /3+1 YÜKSEK GİRİŞ,none,0,0,0,0,0,none,0,,1336934205
Ara Kat,UYG// BAĞLICA'DA KAÇIRILMAYACAK FIRSAT 4+1 LÜKS SATILIK DAİRE,none,0,0,0,0,0,none,0,,1337048036
Ara Kat|Ara Kat Dubleks|Dubleks|En Üst Kat|Çatı Dubleksi,ALSANCAK MİT VE AYYILDIZ BÖLGESİ YENİ BİNA ASANSÖRLÜ 5+1 TERAS,roof,1,1,0,0,0,detail,0,,1337106848
Ara Kat,ACT GAYRİMENKUL MERMEROĞLU CADDE ÜZERİ LÜKS SİTEDE 185M² NET 4+1,none,0,0,0,0,0,none,0,,1324174278
,North&West'den İncekte Bulvara Yakın Ebeveyn Banyolu Lüks 2+1,none,0,0,0,0,0,none,0,,1334256343
Dubleks,TAŞPINAR'DA MANZARALI 2+1 DUBLEKS DAİRE,standard,1,0,0,0,1,detail_and_title,0,,1333625969
Ara Kat,NORTH WEST'TEN İNCEK'TE BAĞIMSIZ MUTFAKLI SATILIK LÜKS 2+1 DAİRE,none,0,0,0,0,0,none,0,,1317628346
Dubleks|En Üst Kat,NORTH&WEST GYM'DEN JEWEL AVM KARŞISI %60 KREDİ 3+1 Fırsat Daire,standard,1,0,0,0,1,detail,0,,1273209140
Ara Kat,"İNCEK'TE JEWEL AVM YAKINI, FIRSAT FİYATTA 1+1 DAİRE !",none,0,0,0,0,0,none,0,,1328953997
,Bahçelievlerde Site İçinde Kat Konumunda 4+1 Lüks Daire,none,0,0,0,0,0,none,0,,1313502648
Dubleks,ALAÇATIDAN İNCEKTE/YERDEN ISITMALI/KAPALI OTOPARKLI 3+1,standard,1,0,0,0,1,detail,0,,1317090633
Ara Kat,GÖLBAŞI EYMİR TOKİDE SATILIK 4+1 L5 TİPİ DAİRE,none,0,0,0,0,0,none,0,,1314067883
En Üst Kat,SAHİBİNDEN HER YERE YÜRÜME MESAFESİNDE EN ÜST KAT ARAÇ TAKASLI,none,0,0,0,0,0,none,0,,1293213543
,Gölbaşı Paradise Evlerinde Satılık Sıfır 1+1 Daire,none,0,0,0,0,0,none,0,,1325469981
Ara Kat,ALAÇATIDAN İNCEKTE/KAPALI OTOPARKLI/2.KATTA 1+1,none,0,0,0,0,0,none,0,,1317093912
Ara Kat,"İncek TOKİ'de Satılık 1.5+1 Daire, Kilerli, Vadi Manzaralı",none,0,0,0,0,0,none,0,,1320574335
Dubleks,"İNCEK'TE HUZUR, GÜVENLİK VE KONFOR BİR ARADA | 2+1 DAİRE",standard,1,0,0,0,1,detail,0,,1321958322
Ara Kat,İNCEK'DE ARA KAT 1+1 ÖNÜ TAMAMEN AÇIK MANZARALI DAİRE...,none,0,0,0,0,0,none,0,,1337097362
En Üst Kat,DOĞANOĞLUN'DAN GÜZELYALI MAH'DE ULTRA LUX YAPILI 3+1 DAİRE,none,0,0,0,0,0,none,0,,1274364437
Ara Kat,KÖK TAPU AVM YANI 4+1 230 METRE ASANSÖR KAPALI OTOPARK ARA KAT,none,0,0,0,0,0,none,0,,1316775749
Ara Kat,SAHİBİNDEN İNCEK LOFT'TA SATILIK YÜKSEK KATLI 135 M2 3.5+1 DAİRE,none,0,0,0,0,0,none,0,,1337127237
Çatı Dubleksi,İNCEK TAŞPINAR EMLAKTAN SATILIK AYRI MUTFAKLI 2+1 LÜX DAİRE,roof,1,1,0,0,0,detail,0,,1325264420
Dubleks,İNCEK'TE ÖN CEPHE ŞIK TASARIM YERDEN ISITMA/CAM BALKON 2+1 DAİRE,standard,1,0,0,0,1,detail,0,,1334090725
Çatı Dubleksi,'alaçatı'dan MERKEZİ KONUMDA BAĞIMSIZ MUTFAK 4+1 LÜKS DAİRE,roof,1,1,0,0,0,detail,0,,1302208167
Ara Kat,ALAÇATIDAN TAŞPINARDA ARA KAT 2+1 SATILIK FIRSAT,none,0,0,0,0,0,none,0,,1319218210
Ara Kat,"Alaçatıdan Taşpınarda Muhteşem Teraslı, Ferah ve Kullanışlı 2+1",none,0,0,0,0,0,none,0,,1320068375
,İNCEK TAŞPINAR SATILIK 1+1 DAİRE EMİNEVİME UYGUN TAMAMINA KREDİ,none,0,0,0,0,0,none,0,,1328846145
Çatı Dubleksi,İNCEK TAŞPINAR DA 2+1 DUBLEKS SATILIK DAİRE,roof,1,1,0,0,0,detail_and_title,0,title_generic_confirms_detail_subtype,1328917179
Dubleks|En Üst Kat,İNCEK TAŞPINAR'DA 2+1 ÇATI EĞİMSİZ | GÜNEY CEPHE | TERASLI,standard,1,0,0,0,1,detail,0,,1319667988
Dubleks,İNCEK TAŞPINAR FOCUS İNCEK SATILIK 3+1 DAİRE TERASLI ÖNÜ AÇIK,standard,1,0,0,0,1,detail,0,,1320100472
Ara Kat,"""alaçatı""dan HERA'da ARA KAT, B.MUTFAKLI 80 m2 2+1!!!",none,0,0,0,0,0,none,0,,1326507003
Ara Kat,İNCEK'İN PRESTİJLİ PROJESİ NEST İNCEK'TE SIFIR 2+1 SATILIK DAİRE,none,0,0,0,0,0,none,0,,1332370934
,TAŞPINARDA GENİŞ SİTE KONSEPTİNDE SATILIK 1+1,none,0,0,0,0,0,none,0,,1315299433
Dubleks,İNCEK TAŞPINARDA TAMAMINA KREDİLİ YÜKSEK ÇATI EĞİMLİ SATILIK 3+1,standard,1,0,0,0,1,detail,0,,1321528089
Dubleks,İNCEK TAŞPINARDA YÜKSEKKREDİLİ 2+1 KAPALI MUFAKLI DUBLEX DAİRE,standard,1,0,0,0,1,detail_and_title,0,,1320760510
,"""alaçatı""dan YATIRIMLIK 2 BLOKLU BUTİK SİTE EŞYALI SATILIK 2+1!!",none,0,0,0,0,0,none,0,,1327301498
,''alaçatı''dan merkezi konumda yüksek giriş satılık 2+1 daire,none,0,0,0,0,0,none,0,,1290830890
Ara Kat Dubleks|Dubleks|En Üst Kat|Çatı Dubleksi,''alaçatı'' dan taşpınarda merkezi konumlu satılık 3+1 daire,roof,1,1,0,0,0,detail,0,,1261626876
,''alaçatı''dan taşpınar da geniş lüx yapılı satılık 1+1 daire,none,0,0,0,0,0,none,0,,1290879470
Ara Kat,TAŞPINARDA EMSALSİZ BAĞIMSIZ MUTFAK SATILIK 1+1 ARA KAT,none,0,0,0,0,0,none,0,,1321333942
Ara Kat,GÖLBAŞI SEĞMENLERDE SİTE İÇERİSİNDE ARA KAT SATILIK 4+1,none,0,0,0,0,0,none,0,,1336481405
,Taşpınar'da Satılık 2+1 Ebeveyn Banyolu Daire,none,0,0,0,0,0,none,0,,1334952963
Dubleks|En Üst Kat|Çatı Dubleksi,İNCEK TAŞPINAR'DA BAĞIMSIZ MUTFAK 2+1 | BULVAR YAKINI | TERASLI,roof,1,1,0,0,0,detail,0,,1319939938
Ara Kat,ALAÇATI'DAN TAŞPINARDA BULVAR YAKINI SATILIK 2+1 DÜZ DAİRE,none,0,0,0,0,0,none,0,,1299996407
Ara Kat,YÜKSEK BLOKLU FARAS PANAROMA'DA PANOROMİK MANZARALI LÜKS DAİRE,none,0,0,0,0,0,none,0,,1331141817
,Şafak Mah. Akademi Yakını | Tam Eşyalı Ticari Tapulu Geniş,none,0,0,0,0,0,none,0,,1319439246
Ara Kat,ESRA GOLD'DAN TAŞPINAR'DA 1+1 CADDEYE YAKIN OFİS&BÜRO,none,0,0,0,0,0,none,0,,1324588850
,İNCEK TAŞPINAR'DA BAĞIMSIZ MUTFAK BAHÇE KULLANIMLI SATILIK 2+1,none,0,0,0,0,0,none,0,,1320598600
Ara Kat|Çatı Dubleksi,İNCEK TAŞPINAR 2+1 DUBLEKS ANA CAD. ÜZERİ TERASLI SATILIK DAİRE,roof,1,1,0,0,0,detail_and_title,0,title_generic_confirms_detail_subtype,1319679443
Ara Kat,SINAV KOLEJİ YANI YÜKSEK KREDİ İMKANI 2+1 BAĞIMSIZ MUTFAK DAİRE,none,0,0,0,0,0,none,0,,1331813229
,GÖLBAŞI İNCEK TAŞPINAR İSKANLI Y.GİRİŞ ÇİFT BANYOLU SATILIK 2+1,none,0,0,0,0,0,none,0,,1326870448
Ara Kat|Dubleks,"Gölbaşı Taşpınar'da İskanlı, Bağımsız Mutfaklı 2+1 Dubleks Daire",middle_floor,1,0,0,1,0,detail_and_title,0,title_generic_confirms_detail_subtype,1335624446
Ara Kat,'alaçatı' İNCEK TAŞPINAR BULVAR DA ARA KAT / EŞYALI SATILIK 1+1,none,0,0,0,0,0,none,0,,1332420581
,HASTANE YAKINI 4+1 165m2 NET KULLANIM 0.99 KREDİ İMKANI,none,0,0,0,0,0,none,0,,1332282124
,HASTANE YAKIN 4.5+1 173m2 NET KULLANIM 0.99 KREDİ İMKANI,none,0,0,0,0,0,none,0,,1332283037
Ara Kat,İNCEK TAŞPINAR NEST İNCEK'TE SATILIK 2+1 DAİRE ARAKAT ÖNÜ AÇIK,none,0,0,0,0,0,none,0,,1333120717
Ara Kat,''alaçatı''dan lüx yapılı geniş satılık 2+1 daire,none,0,0,0,0,0,none,0,,1334995500
En Üst Kat,RUFOR'dan Seymenlerde 3 Cepheli Ferah 3+1 Aile Dairesi,none,0,0,0,0,0,none,0,,1326451633
Ara Kat,GÖLBAŞINDA EŞSİZ KONFORDA 2+1 115 M² SIFIR DAİRE,none,0,0,0,0,0,none,0,,1314839380
,GÖLBAŞI'NDA SATILIK 2+1 SIFIR BİNA YERDEN ISITMA,none,0,0,0,0,0,none,0,,1314970004
,TAŞPINAR MAH TED KOLEJİ YAKINI SIFIR BİNADA 1+1 SATILIK DAİRE,none,0,0,0,0,0,none,0,,1315341343
,İNCEK VEB TOVER GÖL MANZARALI 4+1 DAİRE,none,0,0,0,0,0,none,0,,1332521743
,GÖRAL EMLAK SEĞMENLER 2+1 100m2 KÖK TAPU MANZARALI DAİRE,none,0,0,0,0,0,none,0,,1309442496
,ŞEHRİN EN GÖZDE NOKTASİ 2+1,none,0,0,0,0,0,none,0,,1332965549
Ara Kat,SAHİBİNDEN İKRA TOWERS 2+1 EN GÜZEL CEPHELİ REZİDANS - TAKASLI,none,0,0,0,0,0,none,0,,1326144254
,ASAL GAYRİMENKUL'DEN ARAKAT EŞYALI KİRACILI SATILIK DAİRE,none,0,0,0,0,0,none,0,,1315655251
,ÖRENCİK'TE CADDE ÜZERİ 1+1 GÜNEY CEPHE,none,0,0,0,0,0,none,0,,1334022950
,Sahibinden satılık 3+1 daire,none,0,0,0,0,0,none,0,,1337006679
Ara Kat,YÜKSEK BLOKLU NEST İNCEK'TE PANAROMİK MANZARALI 13.KAT GENİŞ 2+1,none,0,0,0,0,0,none,0,,1327158906
En Üst Kat,ANKARA CADDESİNDE MERKEZİ KONUMLU 2+1 SATILIK DAİRE,none,0,0,0,0,0,none,0,,1332900746
Ara Kat,ALPEREN GAYRİMENKUL'DEN SEĞMENLER'DE 4+1 SIFIR LÜKS DAİRE,none,0,0,0,0,0,none,0,,1293191458
,TABA INVEST'TEN SEĞMENLER MAHALLESİ 3+1 115M2 EN ÜST KAT DAİRE,none,0,0,0,0,0,none,0,,1298995713
Dubleks|En Üst Kat,JEWEL PREMIUM ARKASI ANA BULVARA YAKIN 4+1 DUBLEKS,standard,1,0,0,0,1,detail_and_title,0,,1332282458
En Üst Kat,"FARAS PANORAMA A BLK ÖNÜ AÇIK 4,5 +1 YÜKSEK ŞEREFİYELİ DAİRE",none,0,0,0,0,0,none,0,,1327276745
,"FARAS PANAROMA İNCEK TAŞPINAR 4,5+1 YÜKSEK KAT ŞEREFİYELİ DAİRE",none,0,0,0,0,0,none,0,,1314694266
Ara Kat,NEVAPORT İNCEK SİTESİNDE GÖL MANZARALI 4+1 SATILIK DAİRE,none,0,0,0,0,0,none,0,,1309180003
,ŞAFAK MAHHALESİNDE 2+1 SATLIK DAİRE,none,0,0,0,0,0,none,0,,1177983601
Ara Kat,İncek'te şerefiyeli önü açık full ankastreli satılık daire,none,0,0,0,0,0,none,0,,1293239382
Dubleks,ŞAFAK MAHHALESİN DE SATILIK 4+1 DUBLEX DAİRE,standard,1,0,0,0,1,detail_and_title,0,,1281664248
Ara Kat,Sahibinden Kızılcaşar'da Jewels yakını 1+1,none,0,0,0,0,0,none,0,,1333578946
En Üst Kat,AKIN WORLD GAYRİMENKULDEN 4+1 GÜNEY CEPHE FULL YAPILI DAİRE,none,0,0,0,0,0,none,0,,1308931121
,İNCEK KIZILCAŞAR DA SATILIK 2+1 DUBLEKS,standard,1,0,0,0,1,title,0,,1325641183
Ara Kat,ACİL SATIŞA ÖZEL 2+1-ARA KAT-EBEVEYN BANYOLU-KAPALI OTOPARK,none,0,0,0,0,0,none,0,,1333699137
,TAŞPINAR MAH TED KOLEJİ YAKINI SIFIR BİNADA 1+1 SATILIK DAİRE,none,0,0,0,0,0,none,0,,1231501068
Çatı Dubleksi,TAŞPINAR'DA 2+1 KOMBİLİ MANZARALI DUBLEKS DAİRE,roof,1,1,0,0,0,detail_and_title,0,title_generic_confirms_detail_subtype,1333398002
,ÇARŞI MERKEZİNDE UYGUN FİYAT 120 M2 DAİRE,none,0,0,0,0,0,none,0,,1291210276
Ara Kat,AKADİA İNCEK KONUTLARI 2+1 TİP 118 M2 FIRSAT,none,0,0,0,0,0,none,0,,1333865788
,ALPEREN GAYRİMENKUL'DEN BAHÇELİEVLER'DE 170m2 SATILIK 3+1,none,0,0,0,0,0,none,0,,1333437754
,3.400.000 tl 2+1 KAÇIRILMIYCAK FIRSAT DAİRE,none,0,0,0,0,0,none,0,,1333612168
,HASTANEYE YÜRÜME MESAFELİ KONUM AVANTAJLI 2+1 DAİRE,none,0,0,0,0,0,none,0,,1328557409
,GÖLBAŞI ÖRENCİK MAHALLESİ LÜKS 3+1 DAİRE,none,0,0,0,0,0,none,0,,1315313211
Ara Kat,İNCEK VİSTA BÜYÜK TİP-BALKONLU SATILIK 1+1 BULVAR CEPHE,none,0,0,0,0,0,none,0,,1316388403
Dubleks,Villa Gibi Dairede Oturmak İstermisiniz...,standard,1,0,0,0,1,detail,0,,1331790416
Ara Kat,NATURA İNCEK PROJESİNDE YÜKSEK KAT 2+1 FIRSATT DAİRE,none,0,0,0,0,0,none,0,,1325716820
Ara Kat,"FARAS PANORAMA, 16. KAT GÜNEYDOĞU CEPHE",none,0,0,0,0,0,none,0,,1298085047
Ara Kat,CÖMERT EMLAK'TAN ARAKAT 3+1 SATILIK DAİRE,none,0,0,0,0,0,none,0,,1334221265
,TAŞPINAR'DA MERKEZİ LOKASYON GENİŞ BAĞIMSIZ BAHÇE KULLANIMLI 2+1,none,0,0,0,0,0,none,0,,1322142303
,SAHİBİNDEN İNCEK TAŞPINAR'DA 3+1 K.OTOPARKLI DAİRE,none,0,0,0,0,0,none,0,,1333859669
,SS EMLAK tan SEĞMENLER mah. 160M2 3+1 SATILIK DAİRE,none,0,0,0,0,0,none,0,,1328039069
,ALAÇATIDAN TAŞPINARDA/BAHÇE KULLANIMLI/BULVARDA/HARİKA 1+1,none,0,0,0,0,0,none,0,,1311491768
Ara Kat,TAŞPINAR'DA NEST İNCEK PROJESİNDE FIRSAT FİYATIYLA SATILIK 2+1,none,0,0,0,0,0,none,0,,1331479924
Ara Kat,ŞAH İNCEK KULE PROJESİ SATIŞ OFİSİNDEN SATILIK 4.5+1 DAİRE,none,0,0,0,0,0,none,0,,1308871240
,ÖRENCİK'TE SATILIK FIRSAT DAİRE,none,0,0,0,0,0,none,0,,1322297260
Ara Kat,UPTOWN İNCEK SİTESİ'NDE 2+1 ARAKAT LUKS SATILIK DAİRE,none,0,0,0,0,0,none,0,,1334118041
Dubleks|En Üst Kat,"ZENITH ZONE'DAN;TAŞPINAR'DA 4+1 DUBLEKS 2 TERAS,%50 KRDİ 150 m²",standard,1,0,0,0,1,detail_and_title,0,,1331444978
,GÖRAL EMLAKTAN CADDE ÜZERİ SİTE DAİRE,none,0,0,0,0,0,none,0,,1328955729
,İncek Aksı Kızılcaşar Ufuk Üniversitesi Yakını Satılık 1+1 Daire,none,0,0,0,0,0,none,0,,1335701226
,NESTLİFE İNCEKTEN ULRA LÜKS YÜKSEK KİRA GETİRİLİ ÇİFT BANYOLU2+1,none,0,0,0,0,0,none,0,,1321733002
Ara Kat,ŞAH İNCEK PROJESİ SATIŞ OFİSİNDEN GÖL MANZARALISATILIK 5+1 DAİRE,none,0,0,0,0,0,none,0,,1319654669
,ÖRENCİK YOLU ÜZERİNDE | CADDE CEPHELİ DÜKKAN ÜSTÜ DAİRE!,none,0,0,0,0,0,none,0,,1334248238
Dubleks,KIZILCAŞAR' DA KÖK TAPU FIRSAT DAİRE,standard,1,0,0,0,1,detail,0,,1331422671
Ara Kat,NATURA İNCEK YÜKSEK KAT 2+1 FLAT DAİRE,none,0,0,0,0,0,none,0,,1325711505
Dubleks,İNCEK TAŞPINAR'da SIFIR 3+1 DUBLEKS DAİRE,standard,1,0,0,0,1,detail_and_title,0,,1328235095
,SEĞMENLER MAHALLESİ 2+1 ASANSÖRLÜ DAİRE KARADENİZ EMLAK,none,0,0,0,0,0,none,0,,1328128525
Ara Kat,ÖRENCİK MAHALLESİNDE ÇİFT BALKONLU 2+1 DAİRE,none,0,0,0,0,0,none,0,,1323631830
Dubleks,TEKELİOĞLU'ndan Taşpınar'da Çatı Eğimsiz 2+1 Dubleks Daire,standard,1,0,0,0,1,detail_and_title,0,,1332020382
Ara Kat,ANKARA GÖLBAŞI 'NDA SATILIK DAİRE (306749),none,0,0,0,0,0,none,0,,1283060660
Ara Kat Dubleks,Ada İnncek Konutlarında Teraslı 3+1 Dubleks -210m2,middle_floor,1,0,0,1,0,detail_and_title,0,title_generic_confirms_detail_subtype,1316407812
Ara Kat,GÖLBAŞI TAŞPINAR'DA 1+1 ARA KAT SIFIR DAİRE,none,0,0,0,0,0,none,0,,1334431427
,3+1 ARAKAT GÜZEL LOKASYONDA DAİRE,none,0,0,0,0,0,none,0,,1334428015
Çatı Dubleksi,GÖLBAŞI KIZILCAŞAR'DA 2+1 75 M2 SATILIK DUBLEKS SIFIR KONUT,roof,1,1,0,0,0,detail_and_title,0,title_generic_confirms_detail_subtype,1274172284
Ara Kat,ÖRENCİK KAMPÜS 1ADIM SINAV KOLEJİ 1ADIM DEVLET HASTANESİ 1ADIM,none,0,0,0,0,0,none,0,,1319591142
,MERKEZİ KONUMDA 3+1,none,0,0,0,0,0,none,0,,1328853848
Ara Kat,"Gölbaşı Örencik'te Satılık 2+1 Daire (0 Yaş, Krediye Uygun)",none,0,0,0,0,0,none,0,,1332546942
Ara Kat,GÖLBAŞI TAŞPINAR GÖL MANZARA VEB TOWER SATILIK 4+1 DAİRE FIRSAT,none,0,0,0,0,0,none,0,,1328721186
Ara Kat,İncek Vista 1+1 Boş Satılık KONUT/OFİS,none,0,0,0,0,0,none,0,,1323072957
Tripleks,TEKELİOĞLUndan | Taşpınarda Eşyalı 1+1 Satılık Daire,none,0,0,0,0,0,none,0,,1332193027
Ara Kat,"LÜKS 5+1 SİTE İÇİ 20. KAT GÖL MANZARALI AİDATSIZ, ACİL SATILIK",none,0,0,0,0,0,none,0,,1302843898
Ara Kat,İNCEK TAŞPINARDA GENİŞ LÜX 1+1 SATILIK DAİRE,none,0,0,0,0,0,none,0,,1336178808
Ara Kat,İNCEK'TE SİTE İÇERİSİNDE SATILIK 2+1 SIFIR DAİRE,none,0,0,0,0,0,none,0,,1331856256
,"Masrafsız, Full Yapılı 3+1 Teraslı Muhteşem Daire",none,0,0,0,0,0,none,0,,1334672555
Ara Kat,İREM KOÇ REZİDANS'TA KREDİYE UYGUN İSKANLI KAPALI MUTFAK 2+1,none,0,0,0,0,0,none,0,,1329004855
Ara Kat,KIZILCAŞARDA | SIFIR | İSKANLI | OTURUMA HAZIR 1+1 FIRSATI!,none,0,0,0,0,0,none,0,,1318201396
Ara Kat,İncek Taşpınar'da Site İçi Satılık 1+1 Daire (TED Koleji Yakını),none,0,0,0,0,0,none,0,,1300637888
Dubleks,ALAÇATIDAN KIZILCAŞARDA/BAĞIMSIZ MUTFAKLI/TERASLI/SATILIK 2+1,standard,1,0,0,0,1,detail,0,,1332120957
Ara Kat,NEST İNCEKTE GÖL MANZARALI 80M2 TERASI İLE LÜX 2+1 DAİRE,none,0,0,0,0,0,none,0,,1285784629
Dubleks,GÖLBAŞINDA FIRSAT!!! TİCARİ + KONUT TAPULU 1+1 LOFT DAİRE,standard,1,0,0,0,1,detail,0,,1334780505
,İNCEK SATILIK 1+1 YATAY MİMARİ SİTE İÇİ,none,0,0,0,0,0,none,0,,1332153741
En Üst Kat,MAVİ LADİN'DEN SEĞMELERDE SATILIK 3+1 LÜKS DAİRE,none,0,0,0,0,0,none,0,,1331973758
Dubleks,İNCEK TAŞPINAR'da BGMSZ MTFK GENİŞ 2+1 //BESTOFİNCEK,standard,1,0,0,0,1,detail,0,,1321105487
,ASELSANA YAKIN KÖŞE BAŞI HARİKA KONUM 55 M2 1+1 SATILIK DAİRE,none,0,0,0,0,0,none,0,,1322523233
,KIZILCAŞAR'DA UYGUN FİYAT 1+1 SATILIK DAİRE,none,0,0,0,0,0,none,0,,1299409705
,Ihlamur Sitesinde Full manzaralı 4+1 Kullanışlı ve Geniş Daire,none,0,0,0,0,0,none,0,,1334992994
Ara Kat,BULVAR LOFT'TA SATILIK 3+1 (130M2) 1 EYLÜL DE BOŞALTILACAK,none,0,0,0,0,0,none,0,,1318152243
,MONZA REZİDANS TA SATILIK YAPILI 2+1 DAİRE,none,0,0,0,0,0,none,0,,1335207268
Ara Kat,Nevaport İncek 70 m² 1+1,none,0,0,0,0,0,none,0,,1334988389
Dubleks,Kızılçaşar'da Site İçinde Satılık 4+1 Dubleks Sıfır Daire,standard,1,0,0,0,1,detail_and_title,0,,1315137438
,MOGAN GÖLÜNE 3 KM | ÜNİVERSİTEYE YAKIN | CADDE ÜZERİ SİTEDE 1+1,none,0,0,0,0,0,none,0,,1326358420
,KÖK TAPU SIFIR İSKANLI 2+1 ARA KAT DAİRE,none,0,0,0,0,0,none,0,,1332157329
Ara Kat,PREMIUM & BAĞIMSIZ MUTFAK| 2+1 | EBEVEYN BANYOLU | CADDE ÜZERİ,none,0,0,0,0,0,none,0,,1314194457
,İNCEK TAŞPINARDA EŞYALI KİRACILI SATILIK DAİRE,none,0,0,0,0,0,none,0,,1335079081
,"AKBAL'DAN ŞAFAK'TA CADDE YAKINI İSKAN'LI, MONTALAMA'LI 3+1 DAİRE",none,0,0,0,0,0,none,0,,1335120079
Ara Kat,İNCEK TAŞPINAR'da BGMSZ MUTFAK KATTA GENİŞ 1+1//BESTOFİNCEK,none,0,0,0,0,0,none,0,,1321103357
Ara Kat,GÖLBAŞI İNCEK TEK YAPI KOOP.'iNDE YATIRIMLIK SATILIK 1+1,none,0,0,0,0,0,none,0,,1318174178
Ara Kat,NATURA İNCEK 20.KAT 2+1 FULL YAPILI SATILIK SIFIR DAİRE,none,0,0,0,0,0,none,0,,1332376451
,ACİL TAŞPINAR SATILIK EŞYALI 2+1 DAİRE - YARGITAY TED YAKINI,none,0,0,0,0,0,none,0,,1301442446
Ara Kat,KAPALI MUTFAK'LI BUTIK SİTE DÜZ 2+1 OTURUMA HAZIR HERA PRESTİJ,none,0,0,0,0,0,none,0,,1335787531
,NESTLİFEDEN KIZILCAŞARDA TERASLI LÜX DUBLEX,standard,1,0,0,0,1,title,0,,1335610272
,ÖRENCİK MAHALLESİNDE YATIRIMA UYGUN 1+1 SATILIK DAİRE,none,0,0,0,0,0,none,0,,1329435911
,"FARAS PANORAMA İNCEK FULL YAPILI 4,5+1 SATILIK",none,0,0,0,0,0,none,0,,1335203852
,NEST İNCEK'TE SATILIK 2+1 PEYZAJ CEPHE,none,0,0,0,0,0,none,0,,1329686209
,ÖRENCİK MAH SIFIR-EŞYALI-30 BİN TL MEMUR KİRACILI SATILIK DAİRE,none,0,0,0,0,0,none,0,,1335275160
Dubleks,KALYON'DAN KIZILCAŞAR MAHALLESİNDE SATILIK 140M 3+1 DUBLEX DAİRE,standard,1,0,0,0,1,detail_and_title,0,,1322642005
En Üst Kat,ÖRENCİK'DE SİTE İÇİ GÜNEY CEPHE 2+1 SATILIK DAİRE,none,0,0,0,0,0,none,0,,1322777023
Çatı Dubleksi,İNCEK TAŞPINAR 3+1 SATILIK DUBLEKS,roof,1,1,0,0,0,detail_and_title,0,title_generic_confirms_detail_subtype,1284091426
Ara Kat,TAŞPINAR'DA MOBİLYALI SATILIK 1+1,none,0,0,0,0,0,none,0,,1284071357
Ara Kat,KIZILCAŞAR MAHALLESİ 2+1 130m2 SATILIK DUBLEKS,standard,1,0,0,0,1,title,0,,1323449942
,1 FİYATINA 2 DAİRE- 4+1 FULL+FULL LÜX DAİRE-1+1 HAZIR KİRACILI,none,0,0,0,0,0,none,0,,1328894944
,ÖRENCİK'TE SIFIR 2+1 FUL+FUL LÜKS SATILIK DAİRELER,none,0,0,0,0,0,none,0,,1335392046
Ara Kat,GENİŞ - FERAH- KONFORLU 4+1,none,0,0,0,0,0,none,0,,1327725567
Ara Kat,ŞAH İNCEK KULE PROJESİ SATIŞ OFİSİNDEN GÖL MANZARALI 5+1 DAİRE,none,0,0,0,0,0,none,0,,1303195797
En Üst Kat,İCİ FUL YAPILI 2+1 GENİŞ FERAH DAİRE,none,0,0,0,0,0,none,0,,1303349919
,SATILIK 3+1 Daire,none,0,0,0,0,0,none,0,,1332701442
,NEST İNCEK 2+1 MANZARALI SATILIK DAİRE,none,0,0,0,0,0,none,0,,1322789046
,ER Prime / FIRSAT! ERBO TAŞPINAR YÜKSEK KİRA GETİRİLİ ARAKAT 1+1,none,0,0,0,0,0,none,0,,1315731744
Ara Kat,İNCEK EDE TOWERDA TED KOLEJİ YAKINI SATILIK 4+1 DAİRE,none,0,0,0,0,0,none,0,,1335552619
,SEĞMENLER MAH SATILIK 3+1,none,0,0,0,0,0,none,0,,1335579830
Ara Kat,İncek Taşpınar'da Faras Panorama Kiralık 4.5+1 Lüks Daire,none,0,0,0,0,0,none,0,,1335580632
Ara Kat,Gölbaşı-Taşpınar Faras Panoramada Satılık 4.5+1 Ultra Lüks Daire,none,0,0,0,0,0,none,0,,1335591750
Ara Kat,SEĞMENLER MAH. MERKEZİ KONUMDA SATILIK 1+1 DAİRE,none,0,0,0,0,0,none,0,,1282670092
Ara Kat,İNCEK KIZLCAŞAR YONCA İKİZ SİTESİNDE SATILIK 2+1 BAĞIMSIZ MUTFAK,none,0,0,0,0,0,none,0,,1329429533
Ara Kat,EDE TOWER'DA TED KOLEJİ BÖLGESİNDE GÖL MANZARALI 4+1 DAİRE!,none,0,0,0,0,0,none,0,,1332785580
Ara Kat|Ara Kat Dubleks|Dubleks|En Üst Kat|Bahçe Dubleksi|Çatı Dubleksi|Forleks|Ters Dubleks|Tripleks,KILIÇSOY'DAN MONZA REZİDANS İNCEK'TE PRESTİJLİ 1+1 DAİRE,roof,1,1,0,0,0,detail,0,,1323949364
,SEĞMENLER KORU SİTESİNDE BAKIMLI VE GENİŞ 4+1 LÜKS DAİRE,none,0,0,0,0,0,none,0,,1329926390
Ara Kat,UPTOWN İNCEK KONUTLARI GÖL MANZARALI 17.KAT EN ŞEREFİYELİ,none,0,0,0,0,0,none,0,,1273716571
Çatı Dubleksi,TAŞPINAR'DA 2+1 DUBLEKS SON İKİ DAİREM,roof,1,1,0,0,0,detail_and_title,0,title_generic_confirms_detail_subtype,1332889847
,GENİŞ BAHÇE KULLANIMLI EMSALSİZ 2+1 SATILIK LÜX DAİRE,none,0,0,0,0,0,none,0,,1275745537
,Taşpınar'da Ultra Lüks 2+1 Daire Fırsatı (Oturuma Hazır),none,0,0,0,0,0,none,0,,1332904314
Dubleks,T A Ş P I N A R 'da 4+1/B G M S Z M U T F A K/T E R A S/L Ü X,standard,1,0,0,0,1,detail,0,,1333413603
,2+1 100m2 / YERDEN ISITMALI / KREDİYE UYGUN / SIFIR DAİRE,none,0,0,0,0,0,none,0,,1335814998
,ESRA GOLD'DAN KIZILCAŞARDA 2+1 BAĞIMSIZ MUTFAK DUBLEKS DAİRE,standard,1,0,0,0,1,title,0,,1324011932
En Üst Kat,SEĞMENLER MAHALLESİ SATILIK KUPON ( 3+1 ) DAİRE,none,0,0,0,0,0,none,0,,1333499757
,GÖLBAŞI SEĞMENLER MAH. (ÇARŞI İÇİNDE) 3+1 YENİ DAİRE,none,0,0,0,0,0,none,0,,1324182353
Dubleks,İncek Taşpınar'da/Yüksek Kredi/Dubleks/Bağımsız Mutfak/2+1 Daire,standard,1,0,0,0,1,detail_and_title,0,,1333948746
Ara Kat,"Taşpınar'da Satılık 2+1 Dubleks Daire | Sıfır, Peyzaj Manzaralı",standard,1,0,0,0,1,title,0,,1319588134
En Üst Kat,ŞAFAK MAHALLESİNDE KÖK TAPU SATILIK 4. KATTA 3+1 DAİRE,none,0,0,0,0,0,none,0,,1327315554
Ara Kat,İNAN GROUP'TAN KIZILCAŞAR'DA SATILIK 1+1 DAİRE,none,0,0,0,0,0,none,0,,1321054627
,TAŞPINAR'DA BAHÇE KATI 2+1 FIRSAT DAİRE NESTLİFE GAYRİMENKUL'DAN,none,0,0,0,0,0,none,0,,1332772398
Ara Kat,TANER'DEN İNCEK TAŞPINAR MH'DE 2+1 ORTA KAT YENİ SIFIR ÖN CEPHE,none,0,0,0,0,0,none,0,,1334841882
,"İNCEK İKRA TOWERS'TA SATILIK 4,5+1 DUBLEKS | PRESTİJLİ YAŞAM",standard,1,0,0,0,1,title,0,,1330221441
,İNCEK KIZILCAŞAR'DA YATIRIMLIK 1+1 DAİRE,none,0,0,0,0,0,none,0,,1327466741
Çatı Dubleksi,İNCEK TAŞPINAR BAĞIMSIZ MUTFAK GENİŞ BALKON İSKANLI SATILIK 4+1,roof,1,1,0,0,0,detail,0,,1331340192
En Üst Kat,GÖLBAŞI KIZILCAŞAR MAHALLESİ SATILIK 2+1 DAİRE,none,0,0,0,0,0,none,0,,1299404640
,Halk Bankası'ndan Ankara Gölbaşı Satılık Konut,none,0,0,0,0,0,none,0,,1325276498
Ara Kat,İncek Hera Lifeta Yatırımlık / Kullanıma Hazır 55 m² 1+1 Daire,none,0,0,0,0,0,none,0,,1330247618
Ara Kat,LOFT GAYRİMENKUL'DEN NEVA PORT 'DA OTURUMA DAVETLİSİNİZ ! 3+1,none,0,0,0,0,0,none,0,,1330470731
Ara Kat,"İncek Faras Panorama'da 4,5+1 Lüks Daire, 205m² Net",none,0,0,0,0,0,none,0,,1332377966
Ara Kat,Gölbaşı Şafak mahallesi Satılık 2+1 Daire,none,0,0,0,0,0,none,0,,1330407552
Dubleks,ALAÇATI'DAN 2+1 DUBLEX ÇATI EĞİMSİZ ÇİFT BALKONLU LÜX DAİRE,standard,1,0,0,0,1,detail_and_title,0,,1331227101
Ara Kat,GÖLBAŞI HASTANE YAKINI 150 m2 GENİŞ VE BAKIMLI DAİREMİZ,none,0,0,0,0,0,none,0,,1336447871
Ara Kat,TAŞPINAR MAHALLESİ' NDE/ OTURUMA HAZIR 2+1 GENİŞ DAİRE,none,0,0,0,0,0,none,0,,1316202753
,ESRA GOLD'DAN KIZILCAŞAR'DA 2+1 BAĞIMSIZ MUTFAK DUBLEKS DAİRE,standard,1,0,0,0,1,title,0,,1323954916
Çatı Dubleksi,İNCEK TAŞPINAR EMLAK'TAN 2+1 SATILIK LÜX DUBLEX DAİRE,roof,1,1,0,0,0,detail_and_title,0,title_generic_confirms_detail_subtype,1292780174
Ara Kat,Gölbaşı Seğmenler'de Satılık 3+1 Daire - Park ve Caddeye Yakın,none,0,0,0,0,0,none,0,,1306634846
,TÜZER │ KULLANIŞLI SATILIK 3+1,none,0,0,0,0,0,none,0,,1303671964
Ara Kat,NEST İNCEKTE OTURUMA HAZIR KONUM AVANTAJLI LÜX 2+1 DAİRELER,none,0,0,0,0,0,none,0,,1333928318
Ara Kat,'alaçatı'dan CADDE ÜZERİ MANZARALI ÇİFT CEPHE LÜKS 1+1 DAİRE,none,0,0,0,0,0,none,0,,1325391310
Ara Kat,TULUMTAŞ IHLAMURVADİ EVLERİNDE SATILIK 3+1 DAİRE,none,0,0,0,0,0,none,0,,1327227315
Ara Kat,GÖLBAŞIN'DA SIFIR DUBLEX 3+1 SATILIK HASTANE YAKINI,standard,1,0,0,0,1,title,0,,1321396195
Ara Kat,BULVAR LOFT SİTESİNDE SATILIK 3+1 BOŞ OTURUMA HAZIR DAİRE,none,0,0,0,0,0,none,0,,1316891024
Ara Kat,Ada İncek Konutlarında 4+1 Ebeveyn Banyolu/Kiler /Satılık Daire,none,0,0,0,0,0,none,0,,1333894602
Ara Kat,"MERKEZ İNCEK'TEN FARAS PANORAMA SİTESİNDE 4,5+1 DAİRELER",none,0,0,0,0,0,none,0,,1333890416
Ara Kat,MERKEZ İNCEK'TEN BULVAR LOFT SİTESİNDE GENİŞ 3+1,none,0,0,0,0,0,none,0,,1333920555
,GÖRAL EMLAKTAN 1+1 ARAKAT,none,0,0,0,0,0,none,0,,1331027337
En Üst Kat,"Gölbaşı Seğmenler'de Satılık 3+1 Daire, 160m², Merkezi Konum",none,0,0,0,0,0,none,0,,1323590017
,Yatırım ve Oturum İçin Kaçırılmayacak Fırsat! Sahibinden Satı,none,0,0,0,0,0,none,0,,1336805342
,'alaçatı'dan KİRACILI İYİ KONUMDA YATIRIMLIK FIRSAT 1+1 DAİRE,none,0,0,0,0,0,none,0,,1325392267
Ara Kat,TAŞPINAR İNCEK DE SATILIK 1+1 DAİRE,none,0,0,0,0,0,none,0,,1302686812
Dubleks,Gölbaşı Taşpınarda Sıfır 2+1 Dubleks Daire İskanlı Krediye Uygun,standard,1,0,0,0,1,detail_and_title,0,,1327306198
Ara Kat,NATURA İNCEK'TE PANORAMİK MANZARALI 2+1 FLAT DAİRE,none,0,0,0,0,0,none,0,,1317061170
,SAHİBİNDEN SATILIK 2+1 İSKANLI ÖNÜ AÇIK,none,0,0,0,0,0,none,0,,1332970156
,Yatırımın En Değerli Fırsatı | Premium Konumda Satılık Daire,none,0,0,0,0,0,none,0,,1316886070
Çatı Dubleksi,ARAÇ TAKASLI İNCEK TAŞPINAR'DA 2.5+1 ÇATI DUBLEKSİ GİYİNME ODALI,roof,1,1,0,0,0,detail_and_title,0,,1274819800
,FULL + FULL YAPILI 3+1,none,0,0,0,0,0,none,0,,1328832844
,"TAŞPINAR'DA, BOŞ, FULL EŞYALI, KAPALI OTOPARKLI 2+1 DAİRE",none,0,0,0,0,0,none,0,,1336889627
En Üst Kat|Çatı Dubleksi,Ede Tower da Prestijin Zirvesi 6+1 Lüks Penthouse (380m2),roof,1,1,0,0,0,detail,0,,1329947035
,SEĞMENLER MAH.MERKEZİ KONUMDA YAPILI MASRAFSIZ,none,0,0,0,0,0,none,0,,1325349272
Ara Kat,TULUMTAŞ IHLAMUR VADİ SİTESİ SATILIK 3+1,none,0,0,0,0,0,none,0,,1314060773
Çatı Dubleksi,SİTE KONSEPTİNDE BAĞIMSIZ MUTFAK 2+1 DUBLEKS,roof,1,1,0,0,0,detail_and_title,0,title_generic_confirms_detail_subtype,1322160372
Ara Kat,"CENTURY21 ASTRA DAN,İNCEK EDE TOWER DA SATILIK 1,5+1",none,0,0,0,0,0,none,0,,915676100
Ara Kat,İNCEK TAŞPINAR'DA CADDE ÜSTÜ SIFIR 2+1 DAİRE,none,0,0,0,0,0,none,0,,1318341789
,Gölbaşı Taşpınar'da Satılık 1+1 Bağımsız Mutfaklı Daire,none,0,0,0,0,0,none,0,,1327296067
Ara Kat,SEĞMEN GAYRİMENKUL''DEN SATILIK DAİRE,none,0,0,0,0,0,none,0,,1325316929
Ara Kat,İNCEK KARGEN SİTESİNDE SATILIK 4+1 MANZARALI DAİRE,none,0,0,0,0,0,none,0,,1337066832
,KIZILCAŞARDA KOT AVANTAJLI ANAHTAR TESLİM 1+1 KALİ A.Ş,none,0,0,0,0,0,none,0,,1316839964
Ara Kat,KIZILCAŞAR'DA 2.KATTA GÜNEY CEPHELİ İSKANLI DAİRE 50 m2 NET,none,0,0,0,0,0,none,0,,1334260654
,İNCEK KIZILCAŞARDA ANKAVİLLA KARŞISI GENİŞ M²Lİ SATILIK 1+1DAİRE,none,0,0,0,0,0,none,0,,1330634233
,Hera İncek 1+1 Bahçe kullanımlı Site içi Güvenlikli Lüks Daire,none,0,0,0,0,0,none,0,,1331389449
,MERKEZİ KONUMDA İÇİ YAPILI SATILIK (2+1) GENİŞ DAİRE,none,0,0,0,0,0,none,0,,1337113697
Ara Kat,"""ÇAYYOLU CEPHE ""130 M2 ""3+1 ""2. KAT ""TAM FATURA",none,0,0,0,0,0,none,0,,1317162228
,Kızılcaşar Ufuk Üni. Yanı Sıfır 1+1 Kombili Abone Ol Otur,none,0,0,0,0,0,none,0,,1327195557
Ara Kat,EMLAK MERKEZİN'DEN İNCEK'TE OTURUMA HAZIR FIRSAT 2+1 DAİRE,none,0,0,0,0,0,none,0,,1336759340
Ara Kat,İncekte Düz 2+1 Bağımsız Mutfaklı / Ebeveyn Banyolu Lüks Satılık,none,0,0,0,0,0,none,0,,1334397283
Ara Kat,İNCEKTE İSKANLI ARA KAT CAM BALKONLU SATILIK 2+1,none,0,0,0,0,0,none,0,,1314282770
,ALAÇATIDAN İNCEKTE/İSKANLI/GÜNEY CEPHE/YERDEN ISITMALI 1+1,none,0,0,0,0,0,none,0,,1303087325
Dubleks,ALAÇATIDAN İNCEKTE/İSKANLI/5 MİLYON KREDİ/JEWEL AVM YANI/3+1,standard,1,0,0,0,1,detail,0,,1303081954
Ara Kat,ALAÇATIDAN İNCEKTE/YERDEN ISITMALI/2.KATTA GÜNEY CEPHE 1+1,none,0,0,0,0,0,none,0,,1302194483
Çatı Dubleksi,alaçatı'dan/GÜNEY CEPHE/YÜKSEK KİRA GETİRİLİ/İSKANLI 2+1 FIRSAT,roof,1,1,0,0,0,detail,0,,1304870704
Çatı Dubleksi,Alaçatı'dan/CADDEYE YAKIN/ÇATI EĞİMSİZ/İSKANLI/4+1 DUBLEKS DAİRE,roof,1,1,0,0,0,detail_and_title,0,title_generic_confirms_detail_subtype,1326176343
Ara Kat Dubleks,ALAÇATI'DAN BAĞIMSIZ MUTFAKLI /TERASLI /İSKANLI,middle_floor,1,0,0,1,0,detail,0,,1294061224
Dubleks,Alaçatı'dan İncek'te Bağımsız Mutfaklı 2+1 Dubleks Daire,standard,1,0,0,0,1,detail_and_title,0,,1331491308
Ara Kat Dubleks,alaçatı'dan yüzde %80 kredi imkanı vadi manzaralı /Teraslı/,middle_floor,1,0,0,1,0,detail,0,,1294243806
,NORTH WEST'TEN İNCEK'TE İSKANLI ÇATI EĞİMSİZ SATILIK 3+1 DUBLEKS,standard,1,0,0,0,1,title,0,,1334655020
,NorthWestten İncekte AVM Yanı Eşyalı Hazır Kiracılı Satılık 1+1,none,0,0,0,0,0,none,0,,1305525154
Ara Kat,İNCEKTE/2.KATTA/İSKANLI/50 M2/CAM BALKONLU EŞYALI 1+1,none,0,0,0,0,0,none,0,,1332051762
Ara Kat,YÜKSEK KREDİLİ (%80) ARA KATTA KİRACILI EŞYALARI İLE SATILIK 1+1,none,0,0,0,0,0,none,0,,1329072693
,Alaçatı'dan/BAĞIMSIZ MUTFAK/OTURUMA HAZIR/2.07 KREDİ İMKANI/2+1,none,0,0,0,0,0,none,0,,1332055731
Ara Kat,ALAÇATIDAN İNCEKTE/2.KATTA/İSKANLI/BULVARDA/HAZIR 1+1,none,0,0,0,0,0,none,0,,1332126127
Çatı Dubleksi,ALAÇATI'DAN BAĞIMSIZ MUTFAKLI/EBEVEYN BANYOLU/İSKANLI 2+1 DUBLKS,roof,1,1,0,0,0,detail,0,,1335233904
,ALAÇATI'DAN / İNCEK BULVARA 60M / BAHÇE KULLANIMLI / GENİŞ 2+1,none,0,0,0,0,0,none,0,,1332447406
En Üst Kat,"BULVAR ÖNÜ SİTE İÇERİSİNDE,GÜVENLİKLİ,SPOR SALONLU 2+1 DUBLEX",standard,1,0,0,0,1,title,0,,1302515964
Ara Kat,İncek' te Ara Katta Ön Cephe Güney Yerden Isıtma 1+1,none,0,0,0,0,0,none,0,,1315377435
Dubleks,İncek'te Bağımsız Mutfak 3+1 Satılık Dubleks Daire,standard,1,0,0,0,1,detail_and_title,0,,1292940507
Ara Kat|Dubleks,ESRA GOLD'DAN İNCEK'TE GENİŞ LÜKS TERASLI SATILIK 4+1,middle_floor,1,0,0,1,0,detail,0,,1324365608
,ESRA GOLD'DAN BOL GÜNEŞLİ VADİ MANZARALI 1+1 SATILIK DAİRE,none,0,0,0,0,0,none,0,,1313214219
Ara Kat,"ESRA GOLD'DAN EMİNEVİM, YÜKSEK KREDİYE UYGUN BAĞIMSIZ MUTFAK 2+1",none,0,0,0,0,0,none,0,,1320143055
,NESTLİFE İNCEKTEN ULTRA LÜKS GİYİNME ODALI 3+1 GENİŞ DAİRE,none,0,0,0,0,0,none,0,,1319453153
Dubleks,NESTLİFE İNCEKTEN ULTRA LÜKS GENİŞ FERAH JEWEL AVM'YE KOMŞU 3+1,standard,1,0,0,0,1,detail,0,,1314346147
Ara Kat,ALAÇATIDAN İNCEKTE SINIRSIZ KREDİLİ/İSKANLI/YERDEN ISITMA/2+1,none,0,0,0,0,0,none,0,,1246865775
Ara Kat,"İncekte Ultra Lüks 2+1 | Prestijli Site, Modern Mimari, Eşsiz K",none,0,0,0,0,0,none,0,,1333863476
Dubleks,İncek'te Lüks Bağımsız Mutfaklı İskanlı Teraslı Satılık 2+1,standard,1,0,0,0,1,detail,0,,1335801703
Dubleks|En Üst Kat|Çatı Dubleksi,İNCEK MAHALLESİ SATILIK 3+1 DUBLEKS DAİRE | YERDEN ISITMA |,roof,1,1,0,0,0,detail_and_title,0,title_generic_confirms_detail_subtype,1310058864
,ALAÇATIDAN İNCEKTE/JEWEL AVM YANINDA/75 M2 BAHÇELİ/HARİKA 2+1,none,0,0,0,0,0,none,0,,1315765515
Dubleks,GÖLBAŞI İNCEK'TE BAĞIMSIZ MUTFAKLI EĞİMSİZ TERASLI 2+1 DUBLEKS,standard,1,0,0,0,1,detail_and_title,0,,1335938131
Ara Kat,NORTH&WEST'TEN İNCEKTE ARAKAT İSKANLI 1+1 FIRSAT DAİRE,none,0,0,0,0,0,none,0,,1324589964
Ara Kat,İNCEK LOFT'TA SATILIK 1+1,none,0,0,0,0,0,none,0,,1314393986
,İNCEKTE BAGIMSIZ MUTFAKLI 3+1 BULVAR ÜZERİNDE İSKANLI DAİRE,none,0,0,0,0,0,none,0,,1313808789
Dubleks|En Üst Kat|Çatı Dubleksi,North&Westten İncekte Bulvarda 3+1 Satılık Teraslı Daire,roof,1,1,0,0,0,detail,0,,1251140090
,NORTH&WEST'TEN İNCEK'TE KAÇIRILMAYACAK FIRSAT! SATILIK 1+1 DAİRE,none,0,0,0,0,0,none,0,,1327571722
Dubleks|En Üst Kat|Çatı Dubleksi,NORTH & WEST'TEN İNCEK'TE TAMAMINA KREDİLİ SATILIK 3+1 DAİRE,roof,1,1,0,0,0,detail,0,,1265723560
Ara Kat,NORTH&WEST'TEN İNCEK'TE ARA KAT ÖN CEPHE SATILIK 1+1 DAİRE,none,0,0,0,0,0,none,0,,1314380407
,İNCEK BAĞIMSIZ MUTFAK FULL YAPILI 2+1 DAİRE,none,0,0,0,0,0,none,0,,1325647523
Ara Kat,İNCEK LOFT'TA KAPALI MUTFAKLI EKSTRALI BOŞ 1+1,none,0,0,0,0,0,none,0,,1314668958
Ara Kat,ÜNİVERSİTELER VE TEKNOKENT YANINDA SATILIK ARA KAT (2+1) DAİRE,none,0,0,0,0,0,none,0,,1319682249
,BAHÇELİEVLER MAH. 2.DAİRE BİRLİKTE (TEK DAİRE FİYATINA) SATILIK,none,0,0,0,0,0,none,0,,1325371612
,Güney Cephe Ara Kat 3+1 110 m2 Daire,none,0,0,0,0,0,none,0,,1308703656
Ara Kat,Kent İncek Şehir Manzaralı 2+1 Büyük Tip Satılık Daire,none,0,0,0,0,0,none,0,,1320689470
,GÜLER EMLAKTAN TOKİDE SATILIK C TİPİ 3+1 DAİRE,none,0,0,0,0,0,none,0,,1314036146
,SÜPER KONUMLU 3+1 DAİRE,none,0,0,0,0,0,none,0,,1320052894
,NESTLİFE İNCEKTEN ULTRA LÜKS JEWEL AVY YAKIN Y KİRA GETİRİLİ 1+1,none,0,0,0,0,0,none,0,,1329820290
Ara Kat,NESTLİFE İNCEK'TEN BULVARA YAKIN LÜX GENİŞ DAİRE,none,0,0,0,0,0,none,0,,1331791115
En Üst Kat,GÖLBAŞI TOKİDE SAHİBİNDEN SATILIK 4+1 CK TİPİ | 200 m² | YAPILI,none,0,0,0,0,0,none,0,,1331803786
Dubleks,İNCEKTE YÜKSEK KREDİLİ GENİŞ ÖN CEPHE LÜKS KUPON DAİRE,standard,1,0,0,0,1,detail,0,,1331830144
,DEFNE EMLAKTAN İNCEK TOKİ 2.ETAP 3+1 SATILIK DAİRE,none,0,0,0,0,0,none,0,,1296438337
,BAHÇELİEVLER MAHALLESİ MEVLANA PARKI İÇİNDE SATILIK 2+1 DAİRE,none,0,0,0,0,0,none,0,,1332095328
Dubleks|En Üst Kat,MERKEZ İNCEK'TEN İSKANLI/ÇATI EĞİMSİZ/BAĞIMSIZ MUTFAKLI 2+1,standard,1,0,0,0,1,detail,0,,1332095893
Ara Kat,AlaÇatı'dan / ULTRA LÜKS /YERDEN ISITMA 2+1 BAĞIMSIZ MUTFAK,none,0,0,0,0,0,none,0,,1334926474
,"MERKEZİ KONUM, KÖK TAPU, 3+1, 110 m2 GÜNEY CEPHE",none,0,0,0,0,0,none,0,,1326455281
Ara Kat,GÖLBAŞI BAHÇELİEVLER MERKEZDE SATILIK 2+1 DAİRE,none,0,0,0,0,0,none,0,,1332334964
En Üst Kat,ALAÇATI'DAN AİLE YAŞAMINA UYGUN BAĞIMSIZ MUTFAKLI 2+1 DAİRE,none,0,0,0,0,0,none,0,,1334966827
,NESTLİFE İNCEKTEN ULTRA LÜKS BAĞIMSIZ MUTFAK BULVARA YAKIN 2+1,none,0,0,0,0,0,none,0,,1322018488
Ara Kat Dubleks|Dubleks|Çatı Dubleksi,İNCEK'TE FULL YAPILI SİTE İÇERİSİNDE SIFIR DAİRE,roof,1,1,0,0,0,detail,0,,1326342724
Dubleks,İNCEK'TE/SÜPER LÜKS/BAĞIMSIZ MUTFK/GİYİNME ODALI/2+1/BESTOFİNCEK,standard,1,0,0,0,1,detail,0,,1314622631
,ESRA GOLD'DAN CAM BALKONLU YATIRIMLIK 1+1 SATILIK DAİRE,none,0,0,0,0,0,none,0,,1335320960
,"İMPERIUM İNCEK'TE SATILIK 2+1, 72 m², 14. KAT, 2028 TESLİM",none,0,0,0,0,0,none,0,,1332380009
,ESRA GOLD'DAN CADDEDE BAĞIMSIZ MUTFAK 2+1 DUBLEKS SATILIK DAİRE,standard,1,0,0,0,1,title,0,,1329620552
Ara Kat,GÖLBAŞI TOKİ C2 3+1 135m² Yaprak Vadi Sitesi Satılık Daire,none,0,0,0,0,0,none,0,,1332577203
Ara Kat,İNCEK LOFT'TA GÖL MANZARALI (110M2) KÖŞE 3+1,none,0,0,0,0,0,none,0,,1321377617
,Kök Tapu 5+1 175 m2 Teraslı Bahçelievler'de,none,0,0,0,0,0,none,0,,1332968258
Ara Kat,Kent İncek Satış Ofisinden 5+1 Satılık Daireler,none,0,0,0,0,0,none,0,,1265563053
Dubleks|En Üst Kat|Çatı Dubleksi,NORTH & WEST'TEN YÜKSEK KREDİLİ VADİ MANZARALI DUBLEKS 2+1 DAİRE,roof,1,1,0,0,0,detail_and_title,0,title_generic_confirms_detail_subtype,1271623964
,NORTH WEST'TEN İNCEK'TE SİTE İÇERİSİNDE SATILIK 2+1 DUBLEKS D.,standard,1,0,0,0,1,title,0,,1316385901
,"İncek'te Bahçeli 2+1 Daire: 77m² İskanlı, Yatırımlık Fırsat!",none,0,0,0,0,0,none,0,,1327767378
En Üst Kat,GÖLBAŞINDA MUHTEŞEM KONUMDA FULL YAPILI 3+1 SATILIK DAİRE,none,0,0,0,0,0,none,0,,1327092051
,Bahçelievler Mahallesi 3+1 İçi yeni yapılı Dış cephe mantolamalı,none,0,0,0,0,0,none,0,,1332884418
Ara Kat,NORTHWEST'TEN İNCEK ARA KAT PARK CEPHE FIRSAT SATILIK 2+1 DAİRE,none,0,0,0,0,0,none,0,,1322026985
Çatı Dubleksi,İncek 2+1 Dubleks 2 banyo-wc,roof,1,1,0,0,0,detail_and_title,0,title_generic_confirms_detail_subtype,1321031017
Ara Kat,"İNCEK LOFT 'TA KİRACILI, GÖL MANZARALI 2+1 SATILIK DAİRE",none,0,0,0,0,0,none,0,,1326955021
Ara Kat,HAN RESİDENCE 'ta ARA KAT Eşyalı 1+1,none,0,0,0,0,0,none,0,,1320269956
,İNCEK' TE SIFIR İSKANLI 4+2 Dubleks,standard,1,0,0,0,1,title,0,,1320702395
Ara Kat,GÖLBAŞI BAHÇELİEVLER MAHALLESİN DE 4+1 SATILIK DAİRE,none,0,0,0,0,0,none,0,,1247978842
,BAĞIMSIZ MUTFAK TERASLI LÜX GİYİNME ODALI KİLERLİ 4+1 SATILIK,none,0,0,0,0,0,none,0,,1334048571
,KAYMAKAMLIK YAKINI 2+1 GENİŞ DAİRE,none,0,0,0,0,0,none,0,,1327231552
,SATILIK DAİRE,none,0,0,0,0,0,none,0,,1333100186
Dubleks,İNCEK MERKEZDE ULTRA LÜKS BAĞIMSIZ MUTFAK GİYİNME ODALI,standard,1,0,0,0,1,detail,0,,1314631873
,Eymir Toki 3+1 C2 Tip Geniş Yapılı Güney Cephe Merkezi Konumda,none,0,0,0,0,0,none,0,,1315814478
Dubleks,LİDER EMLAK'TAN GÖLBAŞIN'DA ÜÇ CEPHELİ 5+1 SATILIK DAİRE,standard,1,0,0,0,1,detail,0,,1333163412
Ara Kat|Çatı Dubleksi,"MANZARALI YÜKSEK TAVAN ÇATI DUBLEKSİ ,GÖREN KAZANIR TAMAMINA KRE",roof,1,1,0,0,0,detail_and_title,0,,1254152665
Ara Kat,Gölbaşı Aydınlı Evleri'nde Satılık 4+1 Lüks Daire,none,0,0,0,0,0,none,0,,1319983411
,"İNCEK LEDA FRAME'DE YENİ, ÖZELLİKLİ 1+1 ler borsem ORAN'dan",none,0,0,0,0,0,none,0,,1333456590
Ara Kat,NESTLİFE İNCEKTEN ULTRA LÜX GENİŞ FERAH YÜKSEK KİRA GETİRİLİ1+1,none,0,0,0,0,0,none,0,,1330265619
,"RUFOR'dan Mevlana Park Cepheli, Bahçelievler 3+1 Satılık",none,0,0,0,0,0,none,0,,1316556066
,3MİLYON KREDİLİ İSKANLI DOKTOR KİRACILI EŞYALARI İLE SATILIK 2+1,none,0,0,0,0,0,none,0,,1324584707
,İNCEKTE EMSALSİZ 80 M2 TERASLI 1+1 SATILIK DUBLEX DAİRE,standard,1,0,0,0,1,title,0,,1322934971
Bahçe Dubleksi,312 | İNCEK LOFT'DA SATILIK İZOLE BAHÇE DUBLEKS 2+1 DAİRE,garden,1,0,1,0,0,detail_and_title,0,,1256658870
,TİMDAMDAN ZİRVE SİTESİNDE SATILIK C TİP DAİRE,none,0,0,0,0,0,none,0,,1323179605
Ara Kat,İNCEK'te ULTRA LÜKS 2+1 BAĞIMSIZ MUTFAKLI DAİRE YETKİLİ SATICI,none,0,0,0,0,0,none,0,,1333451387
Ara Kat,İNCEKTE 2. KATTA/BAĞIMSIZ MUTFAKLI/İSKANLI/KAPALI OTOPARKLI 2+1,none,0,0,0,0,0,none,0,,1321736923
,ANKARA GÖLBAŞI CADDE ÜZERİ 100 m2 2+1 SATILIK DAİRE,none,0,0,0,0,0,none,0,,1313086924
En Üst Kat,CÖMERT EMLAK'TAN 2+1 SATILIK DAİRE,none,0,0,0,0,0,none,0,,1334223546
En Üst Kat,NESTLİFE GAYRİMENKULDEN GENİŞ 2+1 BAĞIMSIZ MUTFAKLI DAİRE,none,0,0,0,0,0,none,0,,1332542846
,İNCEKTE BAĞIMSIZ MUTFAK 2+1 ULTRALÜX SIFIR DAİRE,none,0,0,0,0,0,none,0,,1316678923
,NESTLİFE İNCEKTEN GENİŞ LÜKS JEWEL AVMY KOMŞU 3+1,none,0,0,0,0,0,none,0,,1315253371
,SATILIK 1+1 SIFIR DAİRE GİRİŞ KAT YERDEN ISITMALI 1 MİLYON KREDİ,none,0,0,0,0,0,none,0,,1334801658
Dubleks,"""ALAÇATI'DAN"" JEWEL İNCEK YAKINI BAĞIMSIZ MUTFAK'LI 2+1 DUBLEKS!",standard,1,0,0,0,1,detail_and_title,0,,1289925097
,KARŞIYAKA MAH. EŞŞİZ KONUM FIRSATIYLA SATILIK 175m2 4.5+1 DAİRE,none,0,0,0,0,0,none,0,,1333809013
Ara Kat,"Gölbaşı Bahçelievler Mh. Yapılı, Kök Tapulu 4+1 Satılık Daire",none,0,0,0,0,0,none,0,,1333974528
Ara Kat,Kent İncek Satış Ofisinden Peyzaj Manzara'SON' 3+1 Satılık Daire,none,0,0,0,0,0,none,0,,1317229698
Ara Kat,CB SITKI ŞİMŞEK'TEN HAYMANA BLV. LÜKS YAPILI SATILIK 2+1 DAİRE,none,0,0,0,0,0,none,0,,1322823712
Ara Kat,Bahçelievler'de Merkezi Konumlu Ara Kat Ön Cephe 3+1 Satılık,none,0,0,0,0,0,none,0,,1334080563
Ara Kat,GÖLBAŞI BAHÇELİEVLER MAHALLESİNDE SATILIK 1+1 DAİRE,none,0,0,0,0,0,none,0,,1322769249
Ara Kat,KAHU GAYRİMENKUL TBMM İNCEK TOKİ 1.ETAP VADİ KONUTLARI BÜYÜK 3+1,none,0,0,0,0,0,none,0,,1322203699
Dubleks,İncek Bulvarına 100 m | %80 Krediye Uygun 2+1 Dubleks,standard,1,0,0,0,1,detail_and_title,0,,1325565099
,EXCELANCE VADİ SİTESİNDE SATILIK 2+1 BOŞ DAİRE (KAPALI MUTFAK),none,0,0,0,0,0,none,0,,1323425613
,BAHÇELİEVLERDE 3+1 İÇİ YAPILI SATILIK FIRSAT DAİRE,none,0,0,0,0,0,none,0,,1334180859
Ara Kat,ACİL İNCEK AVM YANI ARA KAT CADDE ÜSTÜ YATIRIMLIK 1+1,none,0,0,0,0,0,none,0,,1304919860
,GÖRAL EMLAKTAN GÜZELYALIDA y.giriş 2+1,none,0,0,0,0,0,none,0,,1328134299
,ESRA GOLD'DAN INCEK'TE ULTRA LÜX 1+1 DAİRELER..,none,0,0,0,0,0,none,0,,1288996544
En Üst Kat,EN ÜST KATTA GÖLBAŞI TOKİ 112 M2 SATILIK DAİRE,none,0,0,0,0,0,none,0,,1313754367
Dubleks,İNCEK'TE TAMAMINA KREDİLİ/BAĞIMSIZ MTFAK/BULVARA YAKIN/2+1,standard,1,0,0,0,1,detail,0,,1312863323
Ara Kat,KENT İNCEK GÖL MANZARALI SATILIK 5+1 LÜKS DAİRE FIRSATI,none,0,0,0,0,0,none,0,,1303573738
Ara Kat,GÖLBAŞI KARŞIYAKA'DA 140 M2 GENİŞ MUTFAKLI 3+1 SATILIK DAİRE,none,0,0,0,0,0,none,0,,1311110749
Dubleks|En Üst Kat,MERKEZ İNCEK'TEN BAĞIMSIZ MUTFAKLI/İSKANLI GENİŞ 3+1,standard,1,0,0,0,1,detail,0,,1327138369
,Emre KOÇ REMAX - İncek Loft Büyük T. 3 Cepheli 3+1 Satılık Daire,none,0,0,0,0,0,none,0,,1334360569
En Üst Kat,SATILIK 3+1 DAİRE KARŞIYAKA MAHALLESİ 120 M² | 3+1 | 4. KAT,none,0,0,0,0,0,none,0,,1335321391
Ara Kat,İNCEK HILLTOWN SATILIK 1+1 DAİRE,none,0,0,0,0,0,none,0,,1299664408
Ara Kat,Cb Vizyon Tuğba ERKAL'dan Göl Manzaralı Lüks Yapılı 2+1 Daire,none,0,0,0,0,0,none,0,,1329068483
Dubleks|En Üst Kat,"(Hafta Başına Kadar Fiyat) İNCEK SAHİBİNDEN(SIFIR) 3,5+1 DUBLEKS",standard,1,0,0,0,1,detail_and_title,0,,1334002714
Ara Kat,İNCEK TE ARAKAT BALKONLU GENİŞ 1+1 SATLIK DAİRE,none,0,0,0,0,0,none,0,,1277417808
En Üst Kat,GÖLBAŞI BAHÇELİEVLER'DE 3+1 YERDEN ISITMA SATILIK SIFIR DAİRE,none,0,0,0,0,0,none,0,,1303427291
Ara Kat,İNCEK'TE SÜPER LÜKS/BAĞIMSIZ MUTFAK/GENİŞ/2+1/BESTOFİNCEK,none,0,0,0,0,0,none,0,,1318408523
,İNCEK MEK LİFE SİTE İÇİ SATILIK EŞYALI 1+1,none,0,0,0,0,0,none,0,,1334931302
Ara Kat,İNCEK'TE JEWEL AVM YAKINI FIRSAT 1+1 SATILIK DAİRE!,none,0,0,0,0,0,none,0,,1331906782
,GÖLBAŞI YEŞİL VADİ SİTESİ 4+1 YAPILI SATILIK DAİRE,none,0,0,0,0,0,none,0,,1310074295
Ara Kat,İNCEK'TE GENİŞ M2 OTURUMA HAZIR İSKANLI SATILIK DÜZ 2+1,none,0,0,0,0,0,none,0,,1334742078
Ara Kat,//G.O.P MAH. 4+1 SATILIK DAİRE// ||KÖK TAPU İSKANLI||,none,0,0,0,0,0,none,0,,1305210684
Ara Kat,İNCEK TAŞPINAR EMLAK'TAN SATILIK 1+1 ULTRA LÜX DAİRE,none,0,0,0,0,0,none,0,,1292772497
,"YASİN'DEN, YÜKSEK KREDİ,CADDE ÜZERİ, BAĞIMSIZ MUTFAKLI, EMSALSİZ",none,0,0,0,0,0,none,0,,1335596207
,SATILIK 3+1 SIFIR DAİRE YÜKSEK GİRİŞ 1 BALKONLU,none,0,0,0,0,0,none,0,,1326687392
Ara Kat,KENT İNCEK SATILIK 2+1 23. KAT SATILIK DAİRE,none,0,0,0,0,0,none,0,,1314939500
Ara Kat,Cb Vizyon Tugba ERKAL'dan Ara Kat Önü Açık 2+1 Sıfır Lüks Daire,none,0,0,0,0,0,none,0,,1328929955
Ara Kat,İNCEK HİLLTOWN SİTESİ'NDE FERAH SIFIR 1+1 SATILIK DAİRE,none,0,0,0,0,0,none,0,,1334622353
Ara Kat,SAHİBİNDEN SİTE İÇİ ARA KAT ÖN CEPHE LÜKS KÖŞE DAİRE 1+1,none,0,0,0,0,0,none,0,,1334683922
Ara Kat,"HIGH HILL İNCEK'TE SATILIK LÜKS ARA KAT BOŞ 4,5+1 DAİRE",none,0,0,0,0,0,none,0,,1319867852
Ara Kat,GÖLBAŞI/HAYMANA/YOLU/BİMİN/YANI/ARA/KAT/3+1/ÖN/CEPHE/MANTOLOMA,none,0,0,0,0,0,none,0,,1329091687
Ara Kat,Kent İncek'te Amerikan Mutfak 2+1 Satılık Daire 10.Kat /Enbatı,none,0,0,0,0,0,none,0,,1281090488
Ara Kat,Kent İncek Şehir Ve Mogan Manzaralı 3+1 Satılık Daire/ENBATI A.Ş,none,0,0,0,0,0,none,0,,1329096627
Ara Kat,KARŞIYAKADA BAĞIMSIZ MUTFAK 0 SATILIK 2+1 DAİRE,none,0,0,0,0,0,none,0,,1298653552
,Haymana Yolunda Asansörlü Satılık 3+1 Daire,none,0,0,0,0,0,none,0,,1320162088
Dubleks|En Üst Kat,MERKEZ İNCEK'TEN 5 MİLYON KREDİ KULLANIM İMKANI İSKANLI 3+1,standard,1,0,0,0,1,detail,0,,1333036588
Ara Kat,İNCEKTE BULVARA YAKIN GENİŞ M2 ARA KATTA SATILIK 1+1,none,0,0,0,0,0,none,0,,1324181162
En Üst Kat,MEVLANA PARKI YEŞİL ALAN MANZARALI 135m2 4+1 SATILIK DAİRE,none,0,0,0,0,0,none,0,,1326142444
Ara Kat,İNCEK LOFT'TA GÖL MANZARALI BOŞ 5.5+1,none,0,0,0,0,0,none,0,,1313864056
,GÖLBAŞI GOP MAH. ANKARA CAD. ÜZERİ 2+1 KAT'TA SATILIK DAİRE,none,0,0,0,0,0,none,0,,1329317416
En Üst Kat,"Kent İncek Satış Ofisinden Göl,Şehir Manzaralı Satılık 5+1 Daire",none,0,0,0,0,0,none,0,,1322981448
Ara Kat,ARA KAT 3+1 SATILIK DAİRE,none,0,0,0,0,0,none,0,,1291868185
Ara Kat,İNCEK VADİ KONUTLARINDA EŞSİZ VADİ MANZARALI 4+1 SATILIK DAİRE,none,0,0,0,0,0,none,0,,1324005524
,İNCEK MERKEZİ KONUM 2+1 daire,none,0,0,0,0,0,none,0,,1335019519
Ara Kat,İNCEKTE SIFIR LÜKS 1+1 47 M² ARA KAT K.OTOPARKLI DAİRE KALİ A.Ş,none,0,0,0,0,0,none,0,,1335039785
,"Gölbaşı Toki'de Satılık 4+1, 186m² Geniş Daire",none,0,0,0,0,0,none,0,,1332779949
,İNCEKTE EŞYALI OTURUMA HAZIR 1+1 SATILIK DAİRE,none,0,0,0,0,0,none,0,,1325976221
,"EXCELANCE VADİ İNCEK, TERASLI KAPALI MUTFAKLI 2+1 SATILIK DAİRE",none,0,0,0,0,0,none,0,,1329472200
Ara Kat Dubleks,SATILIK ÇARŞI İÇİ CADDE ÜZERİ KATTA 3+1 DUBLEKS DAİRE,middle_floor,1,0,0,1,0,detail_and_title,0,title_generic_confirms_detail_subtype,1320161952
Ara Kat,İNCEKTE YILDIZBEY BİG LİFE GÜVENLİKLİ SİTEDE SIFIR 1+1,none,0,0,0,0,0,none,0,,1303302314
,GÖLBAŞI BAHÇELİEVLER MAHALLESİNDE 2+1 DAİRE,none,0,0,0,0,0,none,0,,1332729780
Ara Kat,2+1 80m2 / ASANSÖRLÜ/ YERDEN ISITMALI / SIFIR / SATILIK DAİRE,none,0,0,0,0,0,none,0,,1335637075
Ara Kat,"''ALAÇATI''DAN GENİŞ, LÜX SATILIK 1+1",none,0,0,0,0,0,none,0,,1316430129
,Ziraat Bankası'ndan İncek Mah Satılık Mesken,none,0,0,0,0,0,none,0,,1266350918
Ara Kat,GÖLBAŞI KARŞIYAKA MAHALLESİNDE KAÇIRILMAYACAK 3+1 SATILIK DAİRE,none,0,0,0,0,0,none,0,,1329451938
Ara Kat,NESTLİFE İNCEKTEN ULTRA LÜKS GENİŞ FERAH JEWEL AVM KOMŞU 1+1,none,0,0,0,0,0,none,0,,1317951534
Çatı Dubleksi,İNCEK'TE BULVARA YAKIN GENİŞ VE FERAH 2+2 SATILIK DAİRE,roof,1,1,0,0,0,detail,0,,1335364433
Ara Kat,Kent İncek Satılık Kiracılı 2+1 Daire/2.5 m Kredili/DOĞRUYER,none,0,0,0,0,0,none,0,,1323220568
,Satılık Daire Gölbaşı Örenci Toki CK 9/ 3+1,none,0,0,0,0,0,none,0,,1329356934
Ara Kat,SATIŞ OFİSİNDEN VİSTA MOGAN'DA 2+1 AÇIK MUTFAK GÖL GÖREN DAİRE,none,0,0,0,0,0,none,0,,1312610450
,ALB'DEN FERAH BALKONLU İSKANLI 1+1 YÜKSEK KİRA GETİRLİRİ DAİRE,none,0,0,0,0,0,none,0,,1270523413
Ara Kat,CB NEW YAŞAM KENT İNCEK 4+1 PEYZAJ CEPHELİ SATILIK DAİRE,none,0,0,0,0,0,none,0,,1326932185
Çatı Dubleksi,İNCEK MAHALLESİNDE İSKANLI 3+1 DUBLEKS DAİRE,roof,1,1,0,0,0,detail_and_title,0,title_generic_confirms_detail_subtype,1335404716
,AB!GÖLBAŞI KARŞIYAKA ANAYOL KENARI 15 YILLIK 145 M2 GÜNEY CP.3+1,none,0,0,0,0,0,none,0,,1329268699
Ara Kat,"Karşıyaka'da Satılık 1+1 Daire, 55m², Cadde Cepheli",none,0,0,0,0,0,none,0,,1330118288
Ara Kat,GÖLBAŞI KARŞIYAKA MAHALLESİ HAYMANA YOLU ÜZERİ SATILIK 1+1 DAİRE,none,0,0,0,0,0,none,0,,1323007505
Ara Kat,ÖZDOĞAN GRUP'DAN ULTRA LÜX OTURUMA HAZIR 2+1 SATILIK LOFT DAİRE,none,0,0,0,0,0,none,0,,1314598532
,GÖLBAŞI BAHÇELİEVLER MAH 3+1 110 M2 SATILIK TERS DUBLEKS DAİRE,standard,1,0,0,0,1,title,0,,1263013325
Ara Kat,Gölbaşı Karşıyaka'da Satılık Süper Lüks 3+1 Daire,none,0,0,0,0,0,none,0,,1287686754
En Üst Kat,Gölbaşında 1+1 Eşyalı Balkonlu Daire ROXİ GYD,none,0,0,0,0,0,none,0,,1332728504
,İncek Merkezde 2+1 sıfır asansör otopark manzaralı dubleks,standard,1,0,0,0,1,title,0,,1323832140
Ters Dubleks,Bahçelievler Mahallesinde 120 m² ters dubleks daire,standard,1,0,0,0,1,detail_and_title,0,,1318200719
Ara Kat,GÖLBAŞI GÜZELYALI MAHALLESİ SATILIK ( 3+1 ) DAİRE,none,0,0,0,0,0,none,0,,1332754240
Ara Kat,"KONUM İNCEK YAŞAM MERKEZİNDE SATILIK 2+1, 2 CEPHELİ ARAKAT DAİRE",none,0,0,0,0,0,none,0,,1332754022
Ara Kat,2+1 80m2 / YERDEN ISITMALI / ASANSÖRLÜ / SIFIR / SATILIK DAİRE,none,0,0,0,0,0,none,0,,1335808238
Ara Kat,GÖLBAŞI EYMİR TOKİ KONUTLARINDA 3+1 112 m2 SATILIK DAİRE,none,0,0,0,0,0,none,0,,1335638387
Ara Kat,İNCEK TAŞPINAR EMLAKTAN SATILIK LÜX 1+1 DAİRE,none,0,0,0,0,0,none,0,,1329093466
,"İNCEKTE LÜKS, KONFOR VE AVANTAJLI KONUM BİR ARADA!",none,0,0,0,0,0,none,0,,1335820560
,"İNCEKTE SIFIR BİNADA 95 M² NET, YERDEN ISITMALI, OTOPARKLI 2+1",none,0,0,0,0,0,none,0,,1335817000
Ara Kat,İNCEK'TE ARA KATTA SATILIK 1+1 LÜKS DAİRE,none,0,0,0,0,0,none,0,,1301427773
Ara Kat,SATILIK 3+1 DAİRE 2. KATTA EMİN EVİME UYGUN KELEPİR SATILIKDAİRE,none,0,0,0,0,0,none,0,,1336393181
Ara Kat,"İNCEK'TE FERAH, KULLANIŞLI, FIRSAT 2+1 SATILIK DAİRE !",none,0,0,0,0,0,none,0,,1287298186
,"Gölbaşı Örencikte Geniş, Ferah ve Oturuma Hazır Lüks 3+1 Daire",none,0,0,0,0,0,none,0,,1333757434
Ara Kat,Gölbaşı Karşıyaka'da 3+1 Asansörlü Fırsat Daire,none,0,0,0,0,0,none,0,,1330083883
,TİMDAM'dan Toki'de Satılık Full Eşyalı 2+1 Daire,none,0,0,0,0,0,none,0,,1336292451
,BAĞIMSIZ MUTFAK MASRAFSIZ VADİ MANZARALI 2+1 İNCEK YATIRIM A.Ş,none,0,0,0,0,0,none,0,,1334575311
Ara Kat,İNCEK BULVARDA ACİLLL FIRSAT MODERN 2+1 DAİRE ATEŞBEY'DEN,none,0,0,0,0,0,none,0,,1330280370
Ara Kat,"İncek Loft'ta Yatırımlık 4+1 Daire (142m² Net), Kiracılı",none,0,0,0,0,0,none,0,,1302796334
Bahçe Dubleksi,İNCEK LOFT SATILIK DUBLEKS 3+1 BAHÇEKATI,garden,1,0,1,0,0,detail_and_title,0,title_generic_confirms_detail_subtype,1336593395
Ara Kat,İNCEK LOFT PROJESİNDE YENİLENMİŞ 3+1 SATILIK DAİRE,none,0,0,0,0,0,none,0,,1264196372
,İNCEK'TE BUTİK SİTE İÇİ SATILIK 1+1 DAİRE,none,0,0,0,0,0,none,0,,1335867916
,Sahibinden satılık daire,none,0,0,0,0,0,none,0,,1335867718
,ESRA GOLD'DAN İNCEKTE VADİ MANZARALI FERAH 1+1 BALKONLU DAİRE,none,0,0,0,0,0,none,0,,1324338973
Dubleks,NESTLİFE İNCEKTEN BULVARA YAKIN GENİŞ MERKEZİ KONUMDA 3+1,standard,1,0,0,0,1,detail,0,,1329206282
Ara Kat,İncek Loft Satılık 2.5+1 Daire Geniş Tip Çift Cephe Kısa Katlı,none,0,0,0,0,0,none,0,,1324082090
Ara Kat,İNCEK LOFT SİTESİNDE 3+1 BAĞIMSIZ TERASLI ÖZEL TASARIM DAİRE,none,0,0,0,0,0,none,0,,1318604748
En Üst Kat,SAHİBİNDEN ÖNÜ AÇIK YAPILI 3+1 DAİRE,none,0,0,0,0,0,none,0,,1301952971
Ara Kat,İNCEK LOFTTA GÖL MANZARALI SATILIK 2+1 DAİRE CA',none,0,0,0,0,0,none,0,,1278158877
Çatı Dubleksi,BAHÇELİEVLER'DE GENİŞ TERASLI MANZARALI 5+1 DUBLEKS,roof,1,1,0,0,0,detail_and_title,0,title_generic_confirms_detail_subtype,1324308854
Ara Kat,İncekte Site İçinde Oturuma Hazır Manzaralı Geniş Balkonlu 1+1,none,0,0,0,0,0,none,0,,1316268081
Bahçe Dubleksi,BOŞ BAHÇE KATI 87 м2 İNCEK LOFT 2+1 DUBLKEKS,garden,1,0,1,0,0,detail,0,,1293627047
,ESRA GOLD'DAN TURGUT ÖZAL BULVARINA CEPHE 1+1 SATILIK OFİS&DAİRE,none,0,0,0,0,0,none,0,,1329907057
Ara Kat,EKİN'DEN KENT İNCEK'TE SATILIK GÜNEY CEPHE YÜKSEK KREDİLİ 4+1,none,0,0,0,0,0,none,0,,1324589797
,GÖLBAŞI EYMİRMAH.PRESTİJ SİTESİ SATILIK 4+1 0 YAPILI,none,0,0,0,0,0,none,0,,1324624367
Ara Kat,"Baymak, Winsa, Artema 1.Kalite Malzeme, Ara Kat, Bulvara 50m.",none,0,0,0,0,0,none,0,,1334551202
,"Vesta İncek'te Satılık 2+1 Daire, 85m², Balkonlu, Kiracılı",none,0,0,0,0,0,none,0,,1336276179
,İNCEKTE JEWEL AVM'YE YAKIN LÜKS GENİŞ YÜKSEK KİRA GETİRİLİ 2+1,none,0,0,0,0,0,none,0,,1272823324
Ara Kat,NorthWestten İncekte Ara Kat Ultra Lüx İskanlı Fırsat 1+1 Daire,none,0,0,0,0,0,none,0,,1232116514
Ara Kat,GÖLBAŞI GOP. DA CADDE ÜZERİ KAT DA TERASLI SATILIK 3+1 DAİRE,none,0,0,0,0,0,none,0,,1336333831
,G.O.P MAHALLESİ 3+1 CADDE ÜZERİNDE,none,0,0,0,0,0,none,0,,1321783441
Ara Kat,"Satılık Site İçi 1+1 Daire, Karşıyaka Mah. Geniş Balkonlu",none,0,0,0,0,0,none,0,,1330829517
,GÖLBAŞI MERKEZDE 3+1 DAİRE,none,0,0,0,0,0,none,0,,1336401692
Ara Kat,İNCEK VADİ KONUTLARI 17 KAT SATILIK 3+1 KREDİYE UYGUN DAİRE,none,0,0,0,0,0,none,0,,1327813117
Dubleks,PRIME GYD'DEN İNCEK'TE 2+1 DUBLEKS JEWEL PROJESİ YANINDA,standard,1,0,0,0,1,detail_and_title,0,,1312830831
Ara Kat,NESTLİFE İNCEKTEN ULTRA LÜKS ARA KATTA GENİŞ BALKONLU 2+1 DAİRE,none,0,0,0,0,0,none,0,,1329199842
Ara Kat,GÖLBAŞI MERKEZDE | YENİLENMİŞ | EBEVEYN BANYOLU LÜKS 3+1,none,0,0,0,0,0,none,0,,1336352553
Ara Kat,İncek Site İçinde Ara Kat Balkonlu Asansörlü 1+1 Satılık Daire,none,0,0,0,0,0,none,0,,1332837855
,İncek Mahallesi'nde Satılık Eşyalı 1+1 Bakımlı Daire,none,0,0,0,0,0,none,0,,1330830121
,Tekvak 1 Sitesi'nde Satılık 4+1 Daire (164m²),none,0,0,0,0,0,none,0,,1328005900
Ara Kat,MERKEZ İNCEK'TEN KENT İNCEK SİTESİNDE ACİL SATILIK 2+1,none,0,0,0,0,0,none,0,,1327931155
Ara Kat,GÖLBAŞI TOKİ C2 MODEL 3+1 SATILIK DAİRE,none,0,0,0,0,0,none,0,,1336676400
Ara Kat|Ters Dubleks,Gölbaşı Bahçelievler'de 1+1 Giyinme Odalı Ters Dubleks Daire,standard,1,0,0,0,1,detail_and_title,0,,1334025862
,"Gölbaşı'nda Satılık 3+1 Daire Fırsatı, Park Manzaralı",none,0,0,0,0,0,none,0,,1323903197
Ara Kat,Gölbaşı Karşıyaka'da Satılık 4.5+1 Daire (200m²),none,0,0,0,0,0,none,0,,1316294600
,BAHÇELİEVLER DE SIFIR 2+1 DAİRE,none,0,0,0,0,0,none,0,,1336921060
,İNCEKTE YÜKSEK KREDİLİ BAĞIMSIZ MUTFAK SATILIK 2+1 DAİRE,none,0,0,0,0,0,none,0,,1330920367
Ara Kat,Luxxus North&West'den İncek Ara Katta Geniş İskanlı 1+1,none,0,0,0,0,0,none,0,,1336949592
,TAMAMINA KREDİ İMKANI 1+1 AKBANK ÜSTÜNDE BAHÇELİEVLER MAHALLESİ,none,0,0,0,0,0,none,0,,1330980376
Dubleks,İNCEKTE SIFIR BİNA DA SATILIK 3+1 DUBLEKS DAİRE,standard,1,0,0,0,1,detail_and_title,0,,1330741345
,SATILIK 3+1 DAİRE GİRİŞ KAT KÖK TAPULU KREDİYE UYGUN,none,0,0,0,0,0,none,0,,1328285595
Ara Kat,KARŞIYAKA SATILIK 3+1 ARA KAT İSKANLI YALITIMLI 100M2 KRDNZ EMLK,none,0,0,0,0,0,none,0,,1315387731
Ara Kat,Gölbaşı Gaziosmanpaşa da 3+1 satılık ev,none,0,0,0,0,0,none,0,,1317433173
En Üst Kat,SATILIK ULTRA LUX ULTRA GENİŞ 3+1 SİTE KÖŞE DAİRE,none,0,0,0,0,0,none,0,,1334098078
,ESRA GOLD'DAN İNCEK MERKEZDE KREDİYE UYGUN 1+1 SATILIK DAİRE,none,0,0,0,0,0,none,0,,1336948728
,MCK'DAN OSMANGAZİ CADDESİNDE YAPILI MASRAFSIZ GENİŞ 2+1 FIRSAT,none,0,0,0,0,0,none,0,,1325394616
,ADEM İPEK DEN FULL FAPILI DAİRE,none,0,0,0,0,0,none,0,,1332164628
,TURGUTLAR'DAN CADDE ÜZERİ YÜKSEK GİRİŞ 3+1 BALKONLU FIRSAT.!,none,0,0,0,0,0,none,0,,1332504584
,SARIKAYA'DAN PINARBAŞI ATLILAR SOKAKTA MASRAFSIZ İSKÂNLI ARA KAT,none,0,0,0,0,0,none,0,,1332589627
Ara Kat|Ara Kat Dubleks|Dubleks|En Üst Kat|Bahçe Dubleksi|Çatı Dubleksi|Forleks|Ters Dubleks|Tripleks,█MERT KARDEŞLERDEN█ HASTANE KARŞISI ARA KAT 2+1 FIRSAT !!!,roof,1,1,0,0,0,detail,0,,1332920944
,ÇOK ACİL'DEN PINARBAŞI MH.MASRAFSIZ KATTA 3+1 DAİRE!,none,0,0,0,0,0,none,0,,1328710030
Ara Kat,ACİLLL BU HAFTAYA ÖZEL FİYAT OSMAN GAZİ CADDE YANI TERTEMİZ 3+1,none,0,0,0,0,0,none,0,,1312155627
Ara Kat,Ufuktepe Cadde Üzerinde Her Türlü Kredi ye Miktar a Uygun,none,0,0,0,0,0,none,0,,1318222182
,VADİ'DEN UFUKTEPE'DE KÖK TAPU-KREDİYE UYGUN-3+1 DAİRE !,none,0,0,0,0,0,none,0,,1334706979
Dubleks|Bahçe Dubleksi|Çatı Dubleksi|Forleks|Ters Dubleks|Tripleks,UFUKTEPE'DE EMSALSİZ BUYUKLUKTE FIRSAT DAİRESİ,roof,1,1,0,0,0,detail,0,,1332504941
,Pınarbaşı Mahallesi Gazino Mevki 2.Kat Lüks Yapılı Satılık Daire,none,0,0,0,0,0,none,0,,1324835361
,BG GAYRİMENKULDEN SEVENLER SOKAK CEPHELERİ AÇIK 2+1,none,0,0,0,0,0,none,0,,1327358181
En Üst Kat,HASTANELER/YANI/METROYA/YAKIN/FULL/YAPIDA/KELEPİR/FIRSAT/3+1,none,0,0,0,0,0,none,0,,1294874484
,KIZLARPINARI CADDE ÜSTÜ DUTLUK-ŞOSE ÖN CEPHE KENTSEL DÖNÜŞÜME,none,0,0,0,0,0,none,0,,1335648302
Ara Kat,Ufuktepede Merkezi Konumda Satılık Daire!,none,0,0,0,0,0,none,0,,1329915417
Ara Kat|Ara Kat Dubleks|Dubleks|En Üst Kat|Bahçe Dubleksi|Çatı Dubleksi|Forleks|Ters Dubleks|Tripleks,█MERT KARDEŞLERDEN█ DİVAN KONUTLARINDA YÜKSEK KATTA ULTRA LÜKS,roof,1,1,0,0,0,detail,0,,1335603556
En Üst Kat,312 | UFUKTEPE MERKEZİ KONUMDA SATILIK 3+1,none,0,0,0,0,0,none,0,,1329368891
Ara Kat,AFACAN SOKAKTA YATIRIMA UYGUN KÖK TAPU 2+1 SATILIK,none,0,0,0,0,0,none,0,,1316454524
Ara Kat,DANIŞMAN'DAN PINARBAŞI MAH. METRO YAKINI 3+1KATTA SATILIK DAİRE,none,0,0,0,0,0,none,0,,1288027655
,UFUKTEPE MERKEZDE 3+1 SATILIK DAİRE DEMİR EMLAKTAN,none,0,0,0,0,0,none,0,,1323500658
,A.PAŞA CADDE ÜZERİ HAYVANAT BAHÇSİ YAKINI ÇOK GENİŞ 2+2 DUBLEX,standard,1,0,0,0,1,title,0,,1324822378
,BALTACILAR CD ÜZERİ GENİŞ m2 ÖN CEPHE MÜKEMMEL LOKASYONDA ACİL !,none,0,0,0,0,0,none,0,,1332514204
,HAFTANIN FIRSATI! İLK GELEN ALIR 115 M2 2+1 MEGALÜX YAPILI KUPON,none,0,0,0,0,0,none,0,,1330727180
Ara Kat|Ara Kat Dubleks|Dubleks|En Üst Kat|Bahçe Dubleksi|Çatı Dubleksi|Forleks|Ters Dubleks|Tripleks,█MERT KARDEŞLERDEN█KUŞCAĞIZ'DA CADDE ÜSTÜ KAT KONUMLU AÇIK CPHE,roof,1,1,0,0,0,detail,0,,1332598076
,SARIKAYA'DAN SANATORYUM ACİL KARŞISI FULL YAPILI ASANSÖRLÜ 3+1,none,0,0,0,0,0,none,0,,1331808029
Ara Kat|Ara Kat Dubleks|Dubleks|En Üst Kat|Bahçe Dubleksi|Çatı Dubleksi|Forleks|Ters Dubleks|Tripleks,█MERT KARDEŞLERDEN█ HASTANE BÖLGESİNDE KATTA ASANSÖRLÜ FULL YAPI,roof,1,1,0,0,0,detail,0,,1309090046
Ara Kat|Dubleks|En Üst Kat|Bahçe Dubleksi|Çatı Dubleksi|Forleks|Tripleks,ÇERİ'DEN KUŞCAĞIZ'DA CADDE YAKINI KATTA 3+1 UYGUN FİYATLI!,roof,1,1,0,0,0,detail,0,,1331951682
Ara Kat Dubleks|Dubleks|En Üst Kat|Bahçe Dubleksi|Çatı Dubleksi|Forleks|Ters Dubleks|Tripleks,█MERT KARDEŞLERDEN█ ASANSÖRLÜ KATTA FULL +FULL FIRSAT DAİRESİ !!,roof,1,1,0,0,0,detail,0,,1312990983
Ara Kat,OSMANGAZİ MERKEZ BÖLÜK CADDESİNDE GENÇ BİNA ASANSÖRLÜ 3+1 DAİRE,none,0,0,0,0,0,none,0,,1305031352
Ara Kat|En Üst Kat,OSMANGAZİ MAHALLESİNDE FULL YAPILI KAÇIRILMIYCAK FIRSAT DAİRESİ,none,0,0,0,0,0,none,0,,1315770060
,140 m² net cifta balkon cift girisli 3 cephe ful yapılı dairemiz,none,0,0,0,0,0,none,0,,1320905607
Ara Kat,"KOT AVANTAJI ,ARA KAT KONFORU KAT KONUMLU 3+1",none,0,0,0,0,0,none,0,,1332311625
,OSMANGAZİ MAH KAPALI PAZAR VE OKULLAR BÖLGESİNDE 3+1,none,0,0,0,0,0,none,0,,1332292233
Ara Kat,BADEMLİK YOLU CADDE ÜZERİ 4+1 KAT KONUMUN'DA 3 BALKON'LU FIRSAT!,none,0,0,0,0,0,none,0,,1321032671
Ara Kat,"TEPE GAYRİMENKUL 3+1,GENİŞ,CADDEÜSTÜ,KREDİYE UYGUN SATILIK DAİRE",none,0,0,0,0,0,none,0,,1332990760
Ara Kat|Ara Kat Dubleks|Dubleks|En Üst Kat|Bahçe Dubleksi|Çatı Dubleksi|Forleks|Ters Dubleks|Tripleks,KUŞCAĞIZ EMİNE IŞINSU LİSESİ KARŞISI KAT KONUMLU EBV BANYOLU 3+1,roof,1,1,0,0,0,detail,0,,1334573233
,AŞIK VEYSEL CADDE ÜZERİ KATTA MEGALÜX YAPILI 3+1 ÖN CEPHE FIRSAT,none,0,0,0,0,0,none,0,,1327171839
Ara Kat,ERDİNÇ CD ÜZERİ3+1 ASANSÖRLÜ ARA KAT 1+1 HEDİYELİ 2'Sİ TEK FİYAT,none,0,0,0,0,0,none,0,,1321958171
,"ÇÖZÜM'DEN UFUKTEPE ÖNTEK SOKAKTA 3+1 EMİNEVİM,FUZULEVİME UYGUN.",none,0,0,0,0,0,none,0,,1333822980
,KUŞCAĞIZ MAH ÇOK GENİŞ ASANSÖRLÜ ÖN CEPHE 5+2 SATILIK DUBLEX,standard,1,0,0,0,1,title,0,,1334216637
Ara Kat|Ara Kat Dubleks|Dubleks|En Üst Kat|Bahçe Dubleksi|Çatı Dubleksi|Forleks|Ters Dubleks|Tripleks,YENİ EVİMDEN KUŞCAĞIZ CADDE ÜZERİ FULL YAPILI GENİŞM2 3+1 DAİRE,roof,1,1,0,0,0,detail,0,,1322013338
En Üst Kat,K. EĞİTİM ARAŞTIRMA HASTANESİ YAKINI MANZARALI ÜST KAT YAPILI !!,none,0,0,0,0,0,none,0,,1334118929
Ara Kat|Ara Kat Dubleks|Dubleks|En Üst Kat|Bahçe Dubleksi|Çatı Dubleksi|Forleks|Ters Dubleks|Tripleks,KUŞCAĞIZ'DA SİTE İÇERİSİNDE KONFOR VE YAŞAM ALANI BİR ARADA 3+1,roof,1,1,0,0,0,detail,0,,1331437495
,UFUKTEPE'DE CADDE ÜZERİ ASANSÖRLÜ MANZARALI 5+1 MASRAFSIZ DUBLEX,standard,1,0,0,0,1,title,0,,1333608308
,KUŞCAĞIZ MERKEZDE İÇİ FULL YAPILI CD YAKINI 3+1 YÜKSEK GİRİŞ,none,0,0,0,0,0,none,0,,1334577755
,EVİN BURDA GAYRİMENKULDEN KUŞCAĞIZDA MANZARALI LÜX YAPILI 3+1,none,0,0,0,0,0,none,0,,1334491556
Ara Kat|Ara Kat Dubleks|Dubleks|En Üst Kat|Bahçe Dubleksi|Çatı Dubleksi|Forleks|Ters Dubleks|Tripleks,!!ŞOK!!OSMANGAZİ'DE EMSALSİZ FİYATA KATTA FIRSAT İLK GELEN ALIR,roof,1,1,0,0,0,detail,0,,1331727048
,KEÇİÖREN KUŞÇAĞIZ DA 3+1 YÜKSEK GİRİŞ DAİRE CADDE ÜZERİ,none,0,0,0,0,0,none,0,,1322702337
Ara Kat|Ara Kat Dubleks|Dubleks|En Üst Kat|Bahçe Dubleksi|Çatı Dubleksi|Forleks|Ters Dubleks|Tripleks,METROPOL'DEN OVACIK MEVKİ PANORAMİK MANZARALI 3+1 135M2 SATILIK!,roof,1,1,0,0,0,detail,0,,1334774186
,KUŞCAĞIZDA YENİ BİNADA 3+1 LÜX YAPILI ASANSÖRLÜ MASRAFSIZ,none,0,0,0,0,0,none,0,,1334232336
Ara Kat,"MÜKEMMEL KONUM, EŞSİZ İŞÇİLİK, GENİŞ & FERAH YAPI,SATILIK DUBLEX",standard,1,0,0,0,1,title,0,,1268578868
Ara Kat|Ara Kat Dubleks|Dubleks|En Üst Kat|Bahçe Dubleksi|Çatı Dubleksi|Forleks|Ters Dubleks|Tripleks,ATAPARK MENEKŞE SİTESİN'DE FULL YAPILI SATILIK 3+1 DAİRE,roof,1,1,0,0,0,detail,0,,1315214603
Ara Kat,VADİM EMLAK'TAN KEÇİÖREN OSMAN GAZİ MAH ACİL SATILIK 3+1 DAİRE,none,0,0,0,0,0,none,0,,1309474178
Ara Kat,ACR'DEN BAŞTUĞ SK'DA 3+1 MASRAFSIZ 130 M2 SATILIK DAİRE,none,0,0,0,0,0,none,0,,1332495616
Ara Kat,Keçiören Osmangazi'de Satılık 3+1 Ful Yapılı Daire: 130m² Fırsat,none,0,0,0,0,0,none,0,,1334411892
Ara Kat,"BCK'DAN OSMANGAZİ MAH'DE 3+1 KİLERLİ ""MANZARALI"" FIRSAT DAİRE",none,0,0,0,0,0,none,0,,1335449092
Ara Kat|Ara Kat Dubleks|Dubleks|En Üst Kat|Bahçe Dubleksi|Çatı Dubleksi|Forleks|Ters Dubleks|Tripleks,KUŞCAĞIZ'DA PARK MANZARALI ULTRALUX YAPILI 3+1 SATILIK DAİRE,roof,1,1,0,0,0,detail,0,,1335633582
En Üst Kat,EĞTM ARAŞTIRMAYA YAKIN 3+1 FUL+FUL YAPILI MASRAFSIZ DAİRE,none,0,0,0,0,0,none,0,,1335560622
En Üst Kat,_TİRYAKİ'den__ÖNTEK SOKAK'TA_KÖK TAPU_MANZARALI_SON KATTA 3+1,none,0,0,0,0,0,none,0,,1335767271
Ara Kat,ŞOK ŞOK ŞOK !!! BU FİYATA DAİRE KALMADI ACİLLL SATILIK DAİRE,none,0,0,0,0,0,none,0,,1318518559
Ara Kat|Ara Kat Dubleks|Dubleks|En Üst Kat|Bahçe Dubleksi|Çatı Dubleksi|Forleks|Ters Dubleks|Tripleks,GÜN SAZAK CD ÜZERİ AİLE YAŞAM MERKEZİNE KOMŞU 3+1 YAPILI DAİRE,roof,1,1,0,0,0,detail,0,,1332924398
Ara Kat|Ara Kat Dubleks|Dubleks|En Üst Kat|Bahçe Dubleksi|Çatı Dubleksi|Forleks|Ters Dubleks|Tripleks,SAKALAR'DAN KARTALTEPE CAD.ÜZERİ 3+1 / 1.KAT ANKARA MANZARALI!,roof,1,1,0,0,0,detail,0,,1335828463
,OSMANGAZİ CADDE DİBİ ASANSÖRLÜ GENİŞ MT2 3+1 2 BALKONLU FIRSAT!,none,0,0,0,0,0,none,0,,1330133239
,ÇERİ GAYRİMENKUL'DEN KUŞCAĞIZ MAHALLESİNDE MERKEZİ KONUMDA DAİRE,none,0,0,0,0,0,none,0,,1336685886
Ara Kat,PORTAKAL EMLAKDAN ARA KAT YÜKSEK GİRİS,none,0,0,0,0,0,none,0,,1323392260
Ara Kat,ATAPARKTA CADDE DİBİ ASANSÖRLÜ ÇİFT BALKONLU KUPON 3+1 DAİRE,none,0,0,0,0,0,none,0,,1331417076
Ara Kat,ATAPARK'IN GÖZDESİ FULL YAPILI ACİL SATILIK 3+1 DAİRE,none,0,0,0,0,0,none,0,,1331829480
Ara Kat|Ara Kat Dubleks|Dubleks|En Üst Kat|Bahçe Dubleksi|Çatı Dubleksi|Forleks|Ters Dubleks|Tripleks,SUR'DAN ATAPARK CADDE YAKINI ÖN CEPHE ASANSÖRLÜ ARA KAT 3+1!,roof,1,1,0,0,0,detail,0,,1332299782
Ara Kat,ACİL FİYAT DÜŞTÜ-KÖK TAPU-MANZARALI-GENÇ BİNA-ASANSÖRLÜ-3+1,none,0,0,0,0,0,none,0,,1313810760
Ara Kat,ON9'DAN KANUNİ'DE ARA KAT FULL YAPILI MASRAFSIZ FIRSAT 4+1,none,0,0,0,0,0,none,0,,1317482929
,TEPE GAYRİMENKUL DEMİRCİLER SK ASANSÖRLÜ 3+1 MERKEZİ KONUM,none,0,0,0,0,0,none,0,,1314211710
,**ATAPARK MAH SATILIK 2+1 EŞYALI KÖK TAPU ALTINDA DAİRE VAR **,none,0,0,0,0,0,none,0,,1333927670
En Üst Kat,OVACIK'TA KÖŞE BAŞI FUL YAPILI SIFIR 5+1 DUBLEX ARAÇ TAKASLI,standard,1,0,0,0,1,title,0,,1326175612
Ara Kat|Ara Kat Dubleks|Dubleks|En Üst Kat|Bahçe Dubleksi|Çatı Dubleksi|Forleks|Ters Dubleks|Tripleks,ATAPARK YANIKLAR SK !1.KAT KONUMUN'DA AÇIK CEPHELİ ASANSÖRLÜ 3+1,roof,1,1,0,0,0,detail,0,,1332994180
Ara Kat|Ara Kat Dubleks|Dubleks|En Üst Kat|Bahçe Dubleksi|Çatı Dubleksi|Forleks|Ters Dubleks|Tripleks,KUŞCAĞIZ'DA 130 M2 ÇİFT BANYO MANZARALI ASANSÖRLÜ KİLERLİ 3+1!!!,roof,1,1,0,0,0,detail,0,,1328886577
En Üst Kat,MİR'den KUŞCAĞIZ'DA PARK MANZARALI ULTRALUX YAPILI 3+1,none,0,0,0,0,0,none,0,,1333849150
,ON9'DAN ATAPARK'TA KATTA MASRAFSIZ 3+1 KUPON DAİRE !!!,none,0,0,0,0,0,none,0,,1319904402
Ara Kat,ATAPARK'TA HAYAT KOLEJİ PARALELİ ÖN CEPHE 1 KATTA YAPILI FIRSAT!,none,0,0,0,0,0,none,0,,1326178286
En Üst Kat,BENİM EVİMDEN CAD. YAKINI FULL YAPILI YENİ BİNADA ÖN CEPHE DAİRE,none,0,0,0,0,0,none,0,,1325909673
Ara Kat|Ara Kat Dubleks|Dubleks|En Üst Kat|Bahçe Dubleksi|Çatı Dubleksi|Forleks|Ters Dubleks|Tripleks,KANUNİ MAHALLESİ'NDE KAT KONUMUNDA YAPILI Y.GİRİŞ 3+1 DAİRE!!!,roof,1,1,0,0,0,detail,0,,1333099966
Ara Kat,ATAPARK AŞIK VEYSEL CAD. ÜZERİ GENİŞ M2 KÖK TAPU KUPON 3+1 DAİRE,none,0,0,0,0,0,none,0,,1326323428
En Üst Kat,Sahibinden ankara manzaralı 3+1 ful yapılı masrafsız daire,none,0,0,0,0,0,none,0,,1332590101
En Üst Kat,KANUNİ MAHALLESİNDE BUTİK SİTEDE KAÇIRILMAYACAK FIRSAT DAİRESİ,none,0,0,0,0,0,none,0,,1327296442
Ara Kat|Ara Kat Dubleks|Dubleks|En Üst Kat|Bahçe Dubleksi|Çatı Dubleksi|Forleks|Ters Dubleks|Tripleks,ŞOK KANUNİ MH'NDE BUTİK SİTEDE 3+1 FIRSAT DAİRESİ,roof,1,1,0,0,0,detail,0,,1331617042
Ara Kat,KEÇİÖREN KANUNİ MAH.BAŞKENT CADDESİNDE SATILIK 3+1 DAİRE,none,0,0,0,0,0,none,0,,1333060691
Dubleks|En Üst Kat,GÖZÜM'DEN ULTRA LÜX KONSEPT İLE OTURUMA HAZIR 6+2 DUBLEX FIRSAT!,standard,1,0,0,0,1,detail_and_title,0,,1308768880
Ara Kat|Ara Kat Dubleks|Dubleks|En Üst Kat|Bahçe Dubleksi|Çatı Dubleksi|Forleks|Ters Dubleks|Tripleks,ATAPARK'DA AMERİKAN MUTFAK ÖN CEPHE İSKANLI FIRSAT 3+1 !!!,roof,1,1,0,0,0,detail,0,,1325565704
Ara Kat,BOZKIR EMLAK'TAN KATTA ASANSÖRLÜ YAPLI KREDİYE UYGUN GENİŞ 3+1,none,0,0,0,0,0,none,0,,1333408057
Ara Kat,EMNİYETTEN SIFIR YÜKSEK GİRİŞ BALKON VAR,none,0,0,0,0,0,none,0,,1334505258
,ATAPARKTA FULL YAPILI YENİ BİNA GENİŞ MT2 3+1 YÜKSEKKREDİİMKANI,none,0,0,0,0,0,none,0,,1332306438
Dubleks,KANUNİ'DE KAPALI TERASLI MANZARALI 5+1 DUBLEKS,standard,1,0,0,0,1,detail_and_title,0,,1335367967
Ara Kat|Ara Kat Dubleks|Dubleks|En Üst Kat|Bahçe Dubleksi|Çatı Dubleksi|Forleks|Ters Dubleks|Tripleks,eXpressten OVACIK YAKINI YENİ BİNADA ASANSÖRLÜ ÇİFT BALKONLU 3+1,roof,1,1,0,0,0,detail,0,,1325599502
,ATAPARK MERKEZDE_YENİ BİNA_TERAS BALKON_KİLER_3+1 130m2 DAİRE,none,0,0,0,0,0,none,0,,1291703952
Ara Kat,3+1 SAHİBİNDEN ATAPARK CADDESİNDE KÖK TAPU,none,0,0,0,0,0,none,0,,1334348651
Ara Kat|Ara Kat Dubleks|Dubleks|En Üst Kat|Bahçe Dubleksi|Çatı Dubleksi|Forleks|Ters Dubleks|Tripleks,ATAPARK'TA ÖZEL MÜSTAKİL BAHÇELİ SIFIR AYARINDA YAPILI 2+1,roof,1,1,0,0,0,detail,0,,1333076772
Ara Kat,ATAPARKTA 4+1 FULL YAPILI ORTAKAT ÖN CEPHE EBEVEYN BANYOLU SIFIR,none,0,0,0,0,0,none,0,,1334457317
En Üst Kat,Keçiören Ufuktepe'de Satılık 3+1 Full Yapılı Daire,none,0,0,0,0,0,none,0,,1334457764
,KEÇİÖREN KANUNİ MAH 3+1 FUL YAPILI KAT KONUMUNDA YENİ BİNA!,none,0,0,0,0,0,none,0,,1328493283
En Üst Kat,KEÇİÖREN TURYAP TAN OVACIK SINIRDA 3+1 GENİŞ FUL YAPILI DAİRE,none,0,0,0,0,0,none,0,,1331863510
,EMNİYET GAYRİMENKULDEN ALTI TAM DAİRE YATIRIMLIK,none,0,0,0,0,0,none,0,,1317973917
Ara Kat|Ara Kat Dubleks|Dubleks|En Üst Kat|Bahçe Dubleksi|Çatı Dubleksi|Forleks|Ters Dubleks|Tripleks,Engin emlak'tan fırsat dairesi 3+1 asansörlü güney cephe daire,roof,1,1,0,0,0,detail,0,,1334548588
Ara Kat,ATAPARK'DA LÜX BİNA'DA TERAS KEYFİ! KAÇIRILMAYACAK FIRSAT !!!,none,0,0,0,0,0,none,0,,1320034761
,Sahibinden Acil satılık daire,none,0,0,0,0,0,none,0,,1312541372
Dubleks,AŞIK VEYSEL CADDESİ PARALELİ MANZARALI SATILIK 4+1 LÜX DAİRE,standard,1,0,0,0,1,detail,0,,1328997730
Ara Kat|Ara Kat Dubleks|Dubleks|En Üst Kat|Bahçe Dubleksi|Çatı Dubleksi|Forleks|Ters Dubleks|Tripleks,█MERT KARDEŞLERDEN█ ATAPARKTA 2+1 İSKANLI KÖK TAPU FIRSAT DAİRE,roof,1,1,0,0,0,detail,0,,1335601613
Ara Kat Dubleks|Dubleks|En Üst Kat|Bahçe Dubleksi|Çatı Dubleksi|Forleks|Ters Dubleks|Tripleks,KANUNİ MAH'DE KURUŞ MASRAFSIZ TÜM CEPHELERİ AÇIK*ASANSÖRLÜ 3+1!!,roof,1,1,0,0,0,detail,0,,1329140609
,GÜÇLÜHAN'DAN YÜKSEK GİRİŞ 2+1 ATAPARK PAZAR YAKINI YÜKSEK KREDİ,none,0,0,0,0,0,none,0,,1335350093
Dubleks|Bahçe Dubleksi,KEÇİÖREN OVACIK KANUNİ MAHALLESİNDE YAPILI 4+1 DUBLEKS DAİRE,garden,1,0,1,0,0,detail_and_title,0,title_generic_confirms_detail_subtype,1326407123
Forleks,KANUNİ'DE GENÇ BİNADA MASRAFSIZ UYGUN FİYATLI 3+1 110M2 KAÇMAZ,none,0,0,0,0,0,none,0,,1311499848
Ara Kat|Ara Kat Dubleks|Dubleks|En Üst Kat|Bahçe Dubleksi|Çatı Dubleksi|Forleks|Ters Dubleks|Tripleks,ATAPARK'TA ASANSÖRLÜ 150m² 4+1 FULL YAPILI FIRSAT!!,roof,1,1,0,0,0,detail,0,,1335339511
Ara Kat|Ara Kat Dubleks|Dubleks|En Üst Kat|Bahçe Dubleksi|Çatı Dubleksi|Forleks|Ters Dubleks|Tripleks,█MERT KARDEŞLERDEN█ ATAPARKTA KAT KONUMUNDA 3+1 FIRSAT DAİRE !!,roof,1,1,0,0,0,detail,0,,1335746613
Ara Kat,MÜKEMMEL KONUM DAMİMARİ DİZAYN MASRAFSIZ KÖK/ASANSÖRLÜ,none,0,0,0,0,0,none,0,,1329286947
Ara Kat,ADA*EMLAK* KEÇİÖREN UFUKTEPE MAH SATILIK 4+1 FUL YAPI DAİRE,none,0,0,0,0,0,none,0,,1323462200
,ATAPARK MEVLANA KÜLTÜR MEKEZİ YAKINI FULL YAPLILI ÇİFT BALKONLU,none,0,0,0,0,0,none,0,,1336103749
En Üst Kat,"Cadde Üzeri Manzaralı 3+1 Daire, Süper Lokasyonda!",none,0,0,0,0,0,none,0,,1300910186
En Üst Kat,ATAPARK DA FUL YAPILI MANZARALI 3+1 GÜNEY CEPHE KÖK TAPU DAİRE,none,0,0,0,0,0,none,0,,1318331672
Ara Kat,DEMİRCİLER SOKAAKTA KATTA MANZARALI ASANSÖRLÜ 3+1,none,0,0,0,0,0,none,0,,1333176778
,SHELL BENZİNLİK YANI/1+1/YÜKSEK GİRİŞ/CEPHELER AÇIK/CADDE YAKINI,none,0,0,0,0,0,none,0,,1323402056
,ATAPARK'TA KATTA MANZARALI FULL YAPILI YÜKSEK KREDİLİ GENİŞ 3+1!,none,0,0,0,0,0,none,0,,1328563338
,Bahçe katı,none,0,0,0,0,0,none,0,,1329523561
Ara Kat,AYAZ BEY GRUP'TAN 3+1 YAPILI MASRAFSIZ ATAPARKTA FIRSAT DAİRESİ,none,0,0,0,0,0,none,0,,1335806536
Ara Kat|Ara Kat Dubleks|Dubleks|En Üst Kat|Bahçe Dubleksi|Çatı Dubleksi|Forleks|Ters Dubleks|Tripleks,KANUNİ'DE ASANSÖRLÜ ARA KAT CADDE YAKINI ÖN CEPHE 3+1 DAİRE,roof,1,1,0,0,0,detail,0,,1322195058
Ara Kat|Ara Kat Dubleks|Dubleks|En Üst Kat|Bahçe Dubleksi|Çatı Dubleksi|Forleks|Ters Dubleks|Tripleks,OVACIKTA SİTE KONSEPT LÜX MİMARİ GENİŞ MUTFAKLI 3+1 DAİRE,roof,1,1,0,0,0,detail,0,,1310045553
En Üst Kat,"Atapark Caddesine 2 Bina Yakını 125 m²,3+1, 3.Kat, Satılık Daire",none,0,0,0,0,0,none,0,,1335839330
Ara Kat,KEÇİÖREN TURYAP'TAN ATAPARK'TA MASRAFSIZ ASANSÖRLÜ GENÇ BİNA 2+1,none,0,0,0,0,0,none,0,,1316359285
,KEÇİÖREN KANUNİ'DE 2+1 YENİ BİNA ASANSÖRLÜ İSKANLI 90m2 FIRSAT !,none,0,0,0,0,0,none,0,,1333402727
Ara Kat,ATAPARK OTOBÜS SON DURAK YAKINI 1KAT KONUMLU GENİŞ m2 FIRSAT 4+1,none,0,0,0,0,0,none,0,,1336674687
Bahçe Dubleksi,ATAPARTA 540 CADDEYE CEPHE 4+1 GENİŞ DAİRE,garden,1,0,1,0,0,detail,0,,1336271576
Ara Kat|Ara Kat Dubleks|Dubleks|En Üst Kat|Bahçe Dubleksi|Çatı Dubleksi|Forleks|Ters Dubleks|Tripleks,"MERKEZ EMLAK'DAN ATAPARK MH. İSKANLI,KÖKTAPU MASRAFSIZ 3+1",roof,1,1,0,0,0,detail,0,,1333684706
,SARIKAYA'DAN OSMANGAZİ CADDESİ'NDE KÖK TAPULU GÜNEY CEPHE 3+1,none,0,0,0,0,0,none,0,,1330706744
,ATAPARK MAHALESİNDE YENİ BİNADA YÜKSEK GİRİŞ ÖN CEPHE 3+1 FIRSAT,none,0,0,0,0,0,none,0,,1336764247
,MERKEZİ KONUMDA ÖN CEPHE ASANSÖRLÜ İSKANLI ÇİFT BALKONLU 3+1,none,0,0,0,0,0,none,0,,1324944507
,OVACIK PRUVA SİTESİNDE 4+1 180 M2 SIFIR LUX YAPILI DAİRE,none,0,0,0,0,0,none,0,,1336768180
,**ANTERAS GAYRİMENKUL OVACIK'TAN CADDE ÜZERİ YAPILI 3+1 DAİRE**,none,0,0,0,0,0,none,0,,1321941117
Ara Kat,_TİRYAKİ'den ATAPARK MERKEZ'de ORTA KAT 3+1_ASANSÖRLÜ_,none,0,0,0,0,0,none,0,,1336860009
,KANUNİDE SIFIR DAİRE YÜKSEK GİRİŞ 2+1 ALTI DAİRE BALKONLU,none,0,0,0,0,0,none,0,,1334045932
Ara Kat,CADDEYE BİR BİNA ARKASI CAM BALKONLU YAPILI MASRAFSIZ 3+1 DAİRE,none,0,0,0,0,0,none,0,,1334055452
Ara Kat,KANUNİ'DE ARA KATTA_KÖK TAPU ASANSÖRLÜ 3+1,none,0,0,0,0,0,none,0,,1331146732
,ATAPARK CD YAKINI GENİŞ m2 YAPILI YÜKSEK KREDİ İMKANLI FIRSAT,none,0,0,0,0,0,none,0,,1333173229
Ara Kat|Ara Kat Dubleks|Dubleks|En Üst Kat|Bahçe Dubleksi|Çatı Dubleksi|Forleks|Ters Dubleks|Tripleks,YENİ EVİM'DEN ATAPARKDA ARA KAT ASANSÖRLÜ 135M2 YAPILI 3+1 DAİRE,roof,1,1,0,0,0,detail,0,,1331257740
En Üst Kat,"Gülsefa Gayrimenkul'den Satılık 3+1 Daire, 120m², ID.194",none,0,0,0,0,0,none,0,,1336968463
,UFUKTEPENİN GÖZDE SİTESİNDE FULL YAPILI GENİŞ 3+1FIRSAT DAİRESİ!,none,0,0,0,0,0,none,0,,1336950225
Ara Kat|Ara Kat Dubleks|Dubleks|En Üst Kat|Bahçe Dubleksi|Çatı Dubleksi|Forleks|Ters Dubleks|Tripleks,MİR'DEN ATAPARK'TA ÖZEL MÜSTAKİL BAHÇELİ SIFIR AYARINDA 2+1DAİRE,roof,1,1,0,0,0,detail,0,,1333458286
Ara Kat,OVACIK YAKINI 5.KAT KONUMUNDA KÖK TAPU YENİ BİNADA YAPILI 3+1,none,0,0,0,0,0,none,0,,1332914714
Ara Kat,ATAPARK'TA 6.500.000 BAŞLAYAN FİYATLARLA LÜKS SIFIR 4+1 DAİRELER,none,0,0,0,0,0,none,0,,1329659534
Ara Kat|Ara Kat Dubleks|Dubleks|En Üst Kat|Çatı Dubleksi,ATAPARK'TA OKUL KARŞISI CADDEYE 1 BİNA KREDİ SORUNSUZ MANZARALI,roof,1,1,0,0,0,detail,0,,1324575051
Ara Kat|Ara Kat Dubleks|Dubleks|En Üst Kat|Bahçe Dubleksi|Çatı Dubleksi|Forleks|Ters Dubleks|Tripleks,eXpress'ten KANUNİ'DE CADDE PARALELİ EMSALSİZ FİYATTA 2+1 DAİRE!,roof,1,1,0,0,0,detail,0,,1321553936
Ara Kat,"GÜVENDEN ŞENLİK , YAKACIKTA 3+1 ORTAKAT GÜNEY EMSALSİZ ACİLLL",none,0,0,0,0,0,none,0,,1303059333
Ara Kat,Y. GİRİŞ 1.KAT KONUMUNDA ALTINDA DAİRE VAR 3+1 SALON BAGIMSIZ,none,0,0,0,0,0,none,0,,1286571982
,GÜVENDEN YAKACIKTA 3+1 MASRAFSIZ KELEPİR DAİRE,none,0,0,0,0,0,none,0,,1332295782
Ara Kat,BEYHANLI'DAN FİYATI DÜŞTÜ ACİLLL BU FİYAT BİR HAFTALIK GEÇERLİ,none,0,0,0,0,0,none,0,,1310207364
,DEMİRAYDAN BÖLGENİN MANZARALI EN GENİŞ YAPILI DUBLEXİ,none,0,0,0,0,0,none,0,,1324588545
Ara Kat,SZG'DEN-GAZİNO-CADDE ÜZERİ-BAĞIMSIZ-PARKA CEPHE-GÜNEY-FUL YAPILI,none,0,0,0,0,0,none,0,,1323533737
,NURİ PAMİR CADDE YAK.EBEVEYN BANYOLU FULL YAPILI GENİŞ LÜKS DA.,none,0,0,0,0,0,none,0,,1334757367
Ara Kat,LOTUS INVEST'TEN CECELİ BLOKLARINDA 8.KAT MANZARALI FIRSAT DAİRE,none,0,0,0,0,0,none,0,,1322675595
Ara Kat|Ara Kat Dubleks|Dubleks|En Üst Kat|Bahçe Dubleksi|Çatı Dubleksi|Forleks|Ters Dubleks|Tripleks,ACİLL KUYUBAŞI METRO CADDE YAKINI KAT KONUMUNDA ÖN CEPHE DAİRE,roof,1,1,0,0,0,detail,0,,1333535404
En Üst Kat,ELİF4 EMLAK'TAN MERKEZİ KONUMDA KENTSEL DÖNÜŞÜMDE KATTA FULL 3+1,none,0,0,0,0,0,none,0,,1330955316
Çatı Dubleksi,KAVACIK SUBAYEVLERİ KUŞADASI SOKAĞIN EN GÜZEL DUBLEKS TERASI,roof,1,1,0,0,0,detail_and_title,0,title_generic_confirms_detail_subtype,1312159783
Ara Kat,BASINEVLERİ NED SERRAPARK SİTESİNDE 4+1 SATILIK DAİRE,none,0,0,0,0,0,none,0,,1329862030
,ANADOLU DAN SUBAYEVLERİNDE SATILIK 2+1 SALON BAĞIMSIZ DAİRE,none,0,0,0,0,0,none,0,,1306661892
Ara Kat|Ara Kat Dubleks|Dubleks|En Üst Kat|Bahçe Dubleksi|Çatı Dubleksi|Forleks|Ters Dubleks|Tripleks,SUBAYEVLERİNDE 3+1 FULL YAPILI CEPHELERİ AÇIK MANZARALI DAİRE,roof,1,1,0,0,0,detail,0,,1333214179
En Üst Kat,BASINEVLERİNDE ANKARA MANZARALI YAPILI 3+1 SATILIK DAİRE,none,0,0,0,0,0,none,0,,1312355484
Ara Kat|Ara Kat Dubleks|Dubleks|En Üst Kat|Bahçe Dubleksi|Çatı Dubleksi|Forleks|Ters Dubleks|Tripleks,SUBAYEVLERİ'NİN KAÇIRILMAZ DAİRESİ 4+1 MÜKEMMEL KONUM,roof,1,1,0,0,0,detail,0,,1336166552
,KARİYER'DEN GATA HASTANE YAKINI SIFIR ULTRALÜX 2+1 ARAKAT FIRSAT,none,0,0,0,0,0,none,0,,1336853032
Ara Kat,BASINEVLERİ MAH.SÖYLEV CD. SATILIK 3+1 DAİRE,none,0,0,0,0,0,none,0,,1322559081
Ara Kat,SAHİBİNDEN KOMPLE YENİLENMİŞ SATILIK DAİRE,none,0,0,0,0,0,none,0,,1327309786
Ara Kat,KEÇİÖREN KALABADA ACİL BOŞ MERKEZİ KONUMDA SATILIK DAİRE,none,0,0,0,0,0,none,0,,1308887595
En Üst Kat,KEÇİÖREN KALABA DA 3+1 ÜST KAT ARKA MANZARALI YAPILI,none,0,0,0,0,0,none,0,,1315386774
En Üst Kat,DANIŞMAN'DAN KALABA'DA 5+1 KİLERLİ ANKARA MANZARALI DUBLEX DAİRE,standard,1,0,0,0,1,title,0,,1314958036
Ara Kat,ATIŞ CADDESİ PARALELİ DÜZ GİRİŞ KAT KONUMUN' FULL YAPILI DAİRE!!,none,0,0,0,0,0,none,0,,1335657274
Ara Kat|Ara Kat Dubleks|Dubleks|En Üst Kat|Bahçe Dubleksi|Çatı Dubleksi|Forleks|Ters Dubleks|Tripleks,AYAZ'DAN TEPEBAŞI GÖBEK YAKINI KOMPLE ÖNCE BAĞIMSIZ FULL YAPILI,roof,1,1,0,0,0,detail,0,,1314574613
Ara Kat,KEÇİÖREN KALABA MAHALLESİ ARA KAT SATILIK FULL YAPILI 3+1 DAİRE,none,0,0,0,0,0,none,0,,1320657823
En Üst Kat,"KARARGAHTEPE MAH.DE 3+1,ÜST KAT ÖN CEPHE ACİL SATILIK DAİRE...",none,0,0,0,0,0,none,0,,1333606879
,FİKİRLİ EMLAKTAN KEÇİÖREN KALABADA 3+1 YAPILI 3 CEPHELİ SATILIK,none,0,0,0,0,0,none,0,,1316342023
Ara Kat,KALABA MAHDE 2+1 AVM METRO BELEDİYE YAKINI GENİŞ M2 FIRSAT DAİRE,none,0,0,0,0,0,none,0,,1336693059
,MERT EMLAK TAN 2+1 100 M2 GİRİŞ KAT BALKONLU METROYA 300 METRE,none,0,0,0,0,0,none,0,,1336895883
Ara Kat,KEÇİÖREN ŞELALESİ ÜSTÜ LALELİ SOKAK'TA KATTA 3+1 SATILIK DAİRE,none,0,0,0,0,0,none,0,,1323755888
Ara Kat,BAĞCI_CAD_PARALELİ_SIFIR_İSKANLI_ÜX_YAPILI_2+1+EBV.BANYO&G.ODALI,none,0,0,0,0,0,none,0,,1327500672
,ALTIYOL SK | SALON BAĞIMSIZ 3+1 ALTINDA DAİRE VAR KREDİYE UYGUN,none,0,0,0,0,0,none,0,,1320438523
Ara Kat,ETLİK ŞEHİR HASTANE VE ANTARES YAKINI SEVAL CADDESİNDE 4+1 LÜKS,none,0,0,0,0,0,none,0,,1335617863
,"EVKUR'dan ETLİK LİSESİ YANI,YAPILI ALTI TAM DAİRE 1.KAT KONUMLU",none,0,0,0,0,0,none,0,,1331433001
,Aşağı Eğlence göbeğe 150 metre,none,0,0,0,0,0,none,0,,1331480671
Dubleks|En Üst Kat,FUAT ÇETİN'DEN ETLİK LİSE YAKINI MANTO.MANZARALI 5+1FIRSAT DUBLX,standard,1,0,0,0,1,detail,0,,1323868966
Ara Kat,3+1 ORTA KAT ETLİK ADNAN YÜKSEL CAD.YAPILI CEPHELERİ AÇIK FIRSAT,none,0,0,0,0,0,none,0,,1332903919
Ara Kat,Etlik Şehir Hastanesine Yürüme Mesafesinde 4+1 Kombili Asansörlü,none,0,0,0,0,0,none,0,,1314325776
Ara Kat,BAĞCI CAD. 3+1 BAĞIMSIZ ASANSÖRLÜ LÜX YAPILI FIRSAT DAİRE !!!!,none,0,0,0,0,0,none,0,,1325692929
,ETLİK'İN EN DEĞERLİ LOKASYONUNDA | SAHİBİNDEN,none,0,0,0,0,0,none,0,,1331976070
,ETLİK ALTIYOL SOKAĞINDA YAPILI EBEVEYN BANYOLU 3+1 SATILIK DAİRE,none,0,0,0,0,0,none,0,,1326250392
Ara Kat,LOFT'TAN ETLİK OSMANLI İŞ MERKEZİ YAKINI 1. KAT ÖN CEPHE YAPILI,none,0,0,0,0,0,none,0,,1320314094
Dubleks,5+1 DUBLEKS DAİRE SAHİBİNDEN,standard,1,0,0,0,1,detail_and_title,0,,1277731612
,ETLİK MAHALLESİ MESİRE SOKAKTA 1.KAT BAĞIMSIZ 3+1 FIRSAT !!,none,0,0,0,0,0,none,0,,1326543401
,BARIŞYOLUN'da 4. KAT KONUMUNDA ASANSÖRLÜ ARA KAT 135 M2 3+1,none,0,0,0,0,0,none,0,,1332726807
Ara Kat|Ara Kat Dubleks|Dubleks|En Üst Kat|Bahçe Dubleksi|Çatı Dubleksi|Forleks|Ters Dubleks|Tripleks,ETLİKTE BAĞIMSIZ ASANSÖRLÜ YAPILI KREDİYE UYGUN SATILIK 3+1DAİRE,roof,1,1,0,0,0,detail,0,,1333614934
Ara Kat,ZİRWE'DEN CADDE ÜZERİ ŞEHİR HASTANESİ YAKINI ÖN CEPHE 3+1 DAİRE.,none,0,0,0,0,0,none,0,,1322139718
Ara Kat|Ara Kat Dubleks|Dubleks|En Üst Kat,ETLİK ŞEHİR HAS VE ANTARESE 4 KM AYVALI SEVAL CAD YANI SIFIR 3+1,middle_floor,1,0,0,1,0,detail,0,,1334310660
Ara Kat,SÜLEYMANİYE CADDESİ ÜZERİ 2+1 BAĞIMSIZ YÜKSEK GİRİŞ EŞYALI DAİRE,none,0,0,0,0,0,none,0,,1303047649
Ara Kat,ETLİK LOKMAN HEKIM YAKINI 2+1 KAT KONUMUNDA MASRAFSIZ DAİRE,none,0,0,0,0,0,none,0,,1328312031
Ara Kat,SAHİBİNDEN SATILIK DAİRE,none,0,0,0,0,0,none,0,,1333898432
Ara Kat|Ara Kat Dubleks|Dubleks|En Üst Kat|Bahçe Dubleksi|Çatı Dubleksi|Forleks|Ters Dubleks|Tripleks,BCR'DEN BAĞCI CADDESİ PARALELİ FULL YAPILI MASRAFSIZ 3+1 DAİRE,roof,1,1,0,0,0,detail,0,,1322729052
Ara Kat,LOFT'TAN OSMANLI İŞ MERKEZİ YAKINI 1. KATTA UYGUN FİYATA 3+1!!!,none,0,0,0,0,0,none,0,,1328689460
,KEÇIÖREN 19 MAYIS CADDESINDE 3+1 DAIRE,none,0,0,0,0,0,none,0,,1334613444
En Üst Kat,TEVFİK SAĞLAM CD. YANI 3+1 NEZİH SİTE ASANSÖRLÜ 13.KAT MANZARALI,none,0,0,0,0,0,none,0,,1304968939
,RAVZA'DAN KEÇİÖREN ' DE 3+1 MERKEZİ LOKASYON İSKANLI FIRSAT !,none,0,0,0,0,0,none,0,,1328886599
En Üst Kat,2+1 SIFIR ETLİK'TE ŞEHİR MANZARALI LÜKS OTURUMA HAZIR DAİRELER,none,0,0,0,0,0,none,0,,1335342398
,İncirli de satılık dublex,standard,1,0,0,0,1,title,0,,1334804848
Forleks|Ters Dubleks|Tripleks,A.EĞLENCE'DE_ULTRA_LÜX_YAPILI_YATIRIMLIK_30 BİN TL_KİRA_GETİRİLİ,standard,1,0,0,0,1,detail,0,,1329227007
Ara Kat,İNCİRLİ MAHALLESİ 4+1 EMSALSİZ YAPI 150m2 EBEVEYN BANYOLU DAİRE,none,0,0,0,0,0,none,0,,1324107504
Ara Kat|Ara Kat Dubleks|Dubleks|En Üst Kat|Bahçe Dubleksi|Çatı Dubleksi|Forleks|Ters Dubleks|Tripleks,KARİYERDEN ETLİK MERKEZDE LOKMAN HEKİM YANI 3+1 İSKANLI KÖK TAPU,roof,1,1,0,0,0,detail,0,,1325685369
En Üst Kat,Keçiören İncirli'de Lüks Satılık 4+1 Daire,none,0,0,0,0,0,none,0,,1335009155
Ara Kat,KARAKAŞ'TAN İNCİRLİ MH CEPHELERİ AÇIK MANZARALI MASRAFSIZ 3+1!!,none,0,0,0,0,0,none,0,,1332315894
Ara Kat,KENT EMLAK''TAN ETLİKTE 3+1 ULTRA LÜX YAPILI BAĞIMSIZ ASANSÖRLÜ,none,0,0,0,0,0,none,0,,1334742699
Ara Kat,"ETLİK,DE CADDE ÜZERİ ASANSÖRLÜ BAĞIMSIZ SALON FULL+FULL DAİRE",none,0,0,0,0,0,none,0,,1332558282
En Üst Kat,AKYÜZLER DEN R SAYDAM CAD YAKINI 3+1 GENİŞ ASANSÖRLÜ FIRSAT!!!,none,0,0,0,0,0,none,0,,1335391606
Dubleks|En Üst Kat,Keçiören'de Merkezi Konumda | Geniş Ailelere Uygun 6+1 Dubleks,standard,1,0,0,0,1,detail_and_title,0,,1322892909
,GATA HAS. YAKINI 3+1 CADDE ÜZERİ BAĞIMSIZ YÜKSEK GİRİŞ GENÇ BİNA,none,0,0,0,0,0,none,0,,1335460981
Ara Kat,ÖĞRETMENDEN SATILIK İNCİRLİ MAHALLESİ'NDE MASRAFSIZ 3+1,none,0,0,0,0,0,none,0,,1333571784
Ara Kat Dubleks|Dubleks|En Üst Kat|Bahçe Dubleksi|Çatı Dubleksi|Forleks|Ters Dubleks|Tripleks,AYAZ'DAN CADDE ÜZERİ KATTA MASRAFSIZ GENİŞ M2'Lİ 3+1 DAİRE,roof,1,1,0,0,0,detail,0,,1317409906
Ara Kat,2+1 ▌FULL YAPILI▐ MASRAFSIZ HARİKA KONUMLU EGO GÜZERGAHI,none,0,0,0,0,0,none,0,,1336767690
Ara Kat,FIRSAT İNCİRLİ KARAELMAS SOK GİRİŞ KAT BALKONLU 2+1 YAPILI DAİRE,none,0,0,0,0,0,none,0,,1336884332
Ara Kat,LOCA'DAN AHMET ŞEFİK KOLAYLI PARALELİ PARK CEPHE ASANSÖRLÜ 4+1 !,none,0,0,0,0,0,none,0,,1320385441
Ara Kat,YUNUS EMRE CD. ÜZERİ 1.KATTA BALKONLU 3+1 YAPILI DAİRE KÖŞE BİNA,none,0,0,0,0,0,none,0,,1336972850
