model,feature,importance
extra_trees,num__district_m2_group_target_median,0.054430979437637694
extra_trees,num__is_old_building,0.04464948368436353
extra_trees,num__district_room_count_target_median,0.0349779430302273
extra_trees,num__attr_effect_building_age_bucket,0.014506366290380502
extra_trees,num__location_baseline_log,0.012243322511380631
extra_trees,num__attr_is_old_building,0.011905979429931055
extra_trees,num__attr_total_quality_score,0.010477295420020594
extra_trees,num__location_baseline_m2,0.009849608392697072
extra_trees,num__building_age,0.009157604401094352
extra_trees,num__attr_building_age_score,0.009075077445039756
extra_trees,cat__usage_status_Mülk Sahibi,0.008930807184020477
extra_trees,num__attr_m2_per_room,0.008636036206930972
extra_trees,cat__elevator_Var,0.008248421376682781
extra_trees,num__attr_has_elevator,0.008134790723861812
extra_trees,cat__demo_dominant_age_group_65+,0.00793635194161674
extra_trees,cat__large_home_x_site_project_id_bucket_lh__missing,0.007184445148398098
extra_trees,num__trend_sale_m2,0.006842853980672796
extra_trees,num__attr_effect_elevator,0.006841092195846276
extra_trees,num__estimated_monthly_rent_gross,0.006386129723735816
extra_trees,num__dues,0.006380453419274584
extra_trees,cat__elevator_Yok,0.0063656122657717255
extra_trees,num__attr_compactness_score,0.0062184637281459555
extra_trees,num__trend_yield,0.006174214335297746
extra_trees,num__detail_effect_subtype_mean,0.006149948608378389
extra_trees,num__detail_effect_total_mean,0.005764887044261293
extra_trees,num__distance_to_coast_x_near_sea_zero,0.0056199834012812784
extra_trees,num__detail_effect_outside_x_attr_quality,0.005467274959967297
extra_trees,num__attr_is_mid_age_building,0.00527418894821926
extra_trees,num__detail_effect_outside_mean,0.0050770661519953485
extra_trees,num__detail_effect_total_x_attr_quality,0.00495082873536389
extra_trees,num__detail_effect_outside_sum,0.004858051996565215
extra_trees,num__demo_age_65_plus,0.004808329878509758
extra_trees,num__detail_effect_subtype_sum,0.004728876932814242
extra_trees,cat__heating_Kombi (Doğalgaz),0.004728709704897298
extra_trees,num__detail_effect_inside_x_attr_quality,0.004725486102220766
extra_trees,num__district_target_mean,0.004618090946439253
extra_trees,num__total_floors,0.004527166325400369
extra_trees,num__demo_old_ratio,0.004393986294077977
extra_trees,cat__detail_konut_tipi_Ara Kat,0.004373719840739509
extra_trees,num__duplex_x_gross_m2,0.004347755661154327
extra_trees,cat__parking_Açık Otopark,0.004307259098900339
extra_trees,num__detail_effect_county_total_sum,0.004284323409309898
extra_trees,num__detail_effect_inside_mean,0.004280446514022142
extra_trees,num__attr_effect_total_quality_bucket,0.004254830547816498
extra_trees,num__location_baseline_vs_trend,0.004234354646547888
extra_trees,num__detail_effect_total_sum,0.004098904977204209
extra_trees,num__detail_effect_inside_sum,0.004019383453670074
extra_trees,num__demo_divorced_ratio,0.004016044882947417
extra_trees,num__bathroom_count,0.004004187811492666
extra_trees,num__bearing_from_district_centroid_cos,0.0039909152117549584
extra_trees,num__gross_m2,0.003855625545729407
extra_trees,num__bearing_from_district_centroid_sin,0.003810549483000233
extra_trees,num__net_m2,0.003695785152762147
extra_trees,num__duplex_or_large_home,0.003693761746331725
extra_trees,num__net_gross_ratio,0.0036780157699192744
extra_trees,num__attr_net_gross_ratio,0.0036763170775379102
extra_trees,num__attr_building_age_inverse,0.0036692026261351766
extra_trees,cat__duplex_x_site_project_nonduplex,0.003640336908243538
extra_trees,num__attr_compact_home_x_quality,0.0036022783042433185
extra_trees,num__detail_effect_district_total_sum,0.003587891633873071
extra_trees,cat__usage_status_Boş,0.0035753084894614823
extra_trees,num__attr_quality_x_location_baseline,0.0034753444698961034
extra_trees,num__attr_quality_x_county_income,0.0033518111008163077
extra_trees,num__location_baseline_level_code,0.003345380222123006
extra_trees,cat__duplex_type_none,0.003324048537700027
extra_trees,cat__duplex_match_source_none,0.0032397692379240216
extra_trees,num__district_room_rent_m2_count,0.003015303760023359
extra_trees,num__attr_quality_x_demo_income,0.0029899898010378977
extra_trees,num__floor_num,0.00296250567781235
extra_trees,num__remaining_floors,0.0029531031705524093
extra_trees,num__location_baseline_count,0.0029317921038964313
extra_trees,num__detail_effect_total_abs_sum,0.0028662078064124767
extra_trees,num__demo_widow_ratio,0.002824153893453453
extra_trees,num__district_m2_group_rent_m2_median,0.002814102170591929
extra_trees,num__district_m2_group_rent_m2_count,0.002783410725103686
extra_trees,cat__m2_group_126-150,0.002774686244601125
extra_trees,num__detail_inside_count,0.0027530291764602376
extra_trees,num__detail_effect_view_mean,0.0027308085070545333
extra_trees,num__detail_effect_front_sum,0.002709057792505573
extra_trees,num__bearing_from_county_centroid_cos,0.0026727771122531338
extra_trees,num__distance_to_district_centroid_m,0.0026615742775241997
extra_trees,cat__duplex_x_county_nonduplex,0.002639659858393409
extra_trees,num__distance_to_coast_x_view_sea,0.0026243856257209936
extra_trees,cat__usage_status_Kiracılı,0.002621815441845495
extra_trees,cat__m2_group_101-125,0.002619992322625384
extra_trees,num__detail_effect_front_mean,0.0025598830948555806
extra_trees,num__detail_front_count,0.0025377414221960976
extra_trees,num__detail_effect_view_sum,0.002530387591357725
extra_trees,num__basiskele_detail_group_bucket_median,0.002488570401280287
extra_trees,num__attr_floor_ratio,0.002479901642006781
extra_trees,num__attr_amenity_score,0.002478224652137157
extra_trees,cat__kitchen_Kapalı,0.0024736442954740928
extra_trees,num__detail_effect_negative_count,0.002466446362806158
extra_trees,num__demo_population_density,0.0024644676499205698
extra_trees,cat__duplex_x_site_quality_tier_nonduplex,0.0024636202356330145
extra_trees,num__floor_ratio,0.0024631399322512697
extra_trees,num__attr_old_building_x_no_elevator,0.0024469699965152195
extra_trees,num__detail_near_count,0.0024460597442309815
extra_trees,num__attr_new_building_x_site_inside,0.0024190040705801452
extra_trees,num__inside_quality_score,0.0024137768641051094
extra_trees,num__front_score,0.0023948307172244796
extra_trees,cat__building_age_group_21-25 arası,0.0023873580606749334
extra_trees,num__detail_transport_count,0.002361606118746586
extra_trees,num__lat_centered_county,0.0023582541156989267
extra_trees,num__nearby_score,0.002353852881821025
extra_trees,num__detail_effect_view_x_location_baseline,0.00235047681001168
extra_trees,cat__building_age_group_0 (Oturuma Hazır),0.0023418107566762405
extra_trees,num__is_middle_floor,0.002313740029368622
extra_trees,cat__kitchen_Açık (Amerikan),0.0023053242586000625
extra_trees,cat__coast_distance_bucket_500_1000,0.0022899554273834635
extra_trees,cat__room_count_3+1,0.0022579115506315634
extra_trees,num__detail_effect_level_code,0.002251661225968001
extra_trees,cat__floor_segment_Ara Kat,0.0022394273690707588
extra_trees,num__distance_to_geo_cluster_center_m,0.002215141490467112
extra_trees,cat__floor_segment_Zemin/Giriş,0.0021907776838251468
extra_trees,num__distance_to_county_centroid_m,0.0021873838864499566
extra_trees,num__attr_is_middle_floor,0.0021866641787322474
extra_trees,num__attr_quality_x_district_median,0.002180747545029691
extra_trees,num__transport_score,0.0021534380754503085
extra_trees,cat__duplex_x_district_nonduplex,0.0021204598775717274
extra_trees,num__distance_to_coast_x_large_home,0.0021063674851446758
extra_trees,num__location_quality_x_detail_effect_total,0.0020787498291502844
extra_trees,num__district_room_rent_m2_median,0.002062629463011969
extra_trees,num__site_security_score,0.0020358550772214645
extra_trees,num__attr_net_gross_good,0.0020239438400421993
extra_trees,num__outside_quality_score,0.0020226152328441374
extra_trees,num__detail_outside_count,0.002012993937419353
extra_trees,num__detail_effect_positive_count,0.0019982642952114118
extra_trees,num__demo_age_55_64,0.0019924009720611647
extra_trees,num__estimated_rent_m2_gross,0.00197842579166886
extra_trees,num__detail_view_count,0.001976712321826008
extra_trees,num__bearing_from_county_centroid_sin,0.0019758515553554793
extra_trees,num__accessibility_score,0.0019652290711625973
extra_trees,num__demo_old_ratio_diff_county,0.0019551351696140756
extra_trees,num__detail_effect_nearby_mean,0.0019509497935204648
extra_trees,cat__detail_cephe_missing,0.0019465139096386485
extra_trees,num__detail_effect_transport_mean,0.0019445054823141726
extra_trees,num__county_room_count_target_median,0.0019025318311949784
extra_trees,cat__detail_konut_tipi_missing,0.001871519793825741
extra_trees,num__detail_quality_score,0.001866676949355674
extra_trees,num__view_score,0.001854395962476263
extra_trees,cat__building_age_group_6-10 arası,0.0018538715731429565
extra_trees,num__distance_to_coastline_m,0.0018529142651458124
extra_trees,num__detail_effect_transport_sum,0.001850957210866707
extra_trees,num__detail_effect_nearby_sum,0.0018451728440644938
extra_trees,num__detail_selected_count,0.0018217628459949362
extra_trees,num__attr_is_new_building,0.0018010664079731863
extra_trees,num__district_target_median,0.0017929030920304733
extra_trees,num__basiskele_district_premium_bucket_mean,0.0017892302786009521
extra_trees,cat__parking_Açık & Kapalı Otopark,0.0017783816501591903
extra_trees,cat__detail_cephe_Doğu|Güney,0.0017766971960906518
extra_trees,cat__detail_manzara_Şehir,0.0017552188853004148
extra_trees,num__detail_effect_used_count,0.0017549694962492315
extra_trees,cat__coast_distance_bucket_1000_3000,0.001749887146179881
extra_trees,cat__m2_group_76-100,0.001726018966397486
extra_trees,cat__parking_Kapalı Otopark,0.001723388953321154
extra_trees,num__trend_rent_m2,0.0017136703021606175
extra_trees,num__attr_floor_quality_score,0.0017073700046704439
extra_trees,num__demo_age_65_plus_count,0.0017023260146259995
extra_trees,num__lon_centered_county,0.0016833097413645375
extra_trees,num__demo_household_size,0.0016761229671472476
extra_trees,cat__detail_cephe_Batı|Güney,0.0016324554500678039
extra_trees,num__distance_to_golcuk_center_m,0.0016122139697691115
extra_trees,num__attr_heating_quality_score,0.0016043208285983306
extra_trees,cat__room_count_2+1,0.001602262103898008
extra_trees,num__district_rent_m2_median,0.0016008402074510124
extra_trees,num__lat,0.0015888267046991582
extra_trees,num__attr_net_gross_bad,0.001577845469950711
extra_trees,cat__coast_distance_bucket_3000_plus,0.001555582505121149
extra_trees,cat__heating_Yerden Isıtma,0.0015450772557743595
extra_trees,cat__furnished_Hayır,0.001523725950086129
extra_trees,num__demo_ses_d_ratio,0.0015119661678059278
extra_trees,num__large_home_detail_premium_x_m2,0.0014892231436590886
extra_trees,num__trend_sale_annual_change,0.00147374878481553
extra_trees,num__demo_education_high_school_ratio,0.0014678582270852046
extra_trees,num__demo_vehicle_per_capita,0.0014629082075364524
extra_trees,num__demo_young_ratio,0.0014572662891229754
extra_trees,num__lat_centered_city,0.001441194887414257
extra_trees,cat__demo_dominant_age_group_35-39,0.0014151974072227776
extra_trees,num__distance_to_izmit_center_m,0.001401827334482809
extra_trees,num__demo_pharmacy_per_10k,0.001393817748136872
extra_trees,num__demo_residential_density,0.001391792116018105
extra_trees,num__demo_density_vs_county,0.0013917218142261189
extra_trees,cat__m2_group_151-200,0.0013903408059061204
extra_trees,num__demo_education_primary_school_count,0.0013879365636585129
extra_trees,num__attr_effect_site_inside,0.0013874928486388234
extra_trees,num__demo_age_0_14,0.0013768383106348837
extra_trees,num__demo_car_per_capita,0.001376372961820674
extra_trees,cat__site_project_match_source_site_name,0.001364880629925441
extra_trees,num__demo_pharmacy_count,0.0013557982528958703
extra_trees,num__district_rent_m2_count,0.0013544699389432195
extra_trees,num__distance_to_karamursel_center_m,0.001349236573136138
extra_trees,num__district_rent_m2_mean,0.0013441039638157739
extra_trees,cat__detail_manzara_Deniz,0.0013327328632429278
extra_trees,cat__detail_manzara_Park & Yeşil Alan|Şehir,0.0013315753547979527
extra_trees,num__lon,0.0013286160182192817
extra_trees,num__large_home_m2_excess,0.001325255829633351
extra_trees,num__attr_is_ground_or_below,0.0013239936470103696
extra_trees,num__is_new_building,0.0013172237604593376
extra_trees,cat__detail_manzara_Park & Yeşil Alan,0.0013152636053972986
extra_trees,num__attr_large_home_x_quality,0.0013120798312555141
extra_trees,num__distance_to_kullar_m,0.0013053177887887987
extra_trees,cat__detail_cephe_Batı|Doğu|Güney|Kuzey,0.001300734059384554
extra_trees,cat__detail_cephe_Güney,0.0012970291087396396
extra_trees,cat__site_project_x_county_missing__izmit,0.0012964285815226816
extra_trees,num__distance_to_yuvacik_m,0.001293975126572132
extra_trees,num__demo_married_ratio,0.0012885040784368705
extra_trees,num__distance_to_sahil_m,0.0012810181364762653
extra_trees,num__distance_to_basiskele_coast_m,0.0012761234320724142
extra_trees,cat__building_age_group_16-20 arası,0.0012708792066368434
extra_trees,num__large_home_quality_x_m2,0.0012613301119851728
extra_trees,num__lon_centered_city,0.0012584846170806598
extra_trees,num__demo_married_count,0.0012477390284741032
extra_trees,cat__coast_distance_bucket_0_500,0.0012457612353547686
extra_trees,num__demo_age_0_14_count,0.0012431320227125292
extra_trees,num__distance_to_bahcecik_m,0.0012428484407638418
extra_trees,cat__building_age_group_11-15 arası,0.0012369443325628154
extra_trees,num__attr_is_young_building,0.0012349738982909034
extra_trees,cat__basiskele_geo_cluster_x_m2_group_Başiskele_5||200+,0.0012309873825855793
extra_trees,num__demo_middle_ratio,0.0012300579359490445
extra_trees,num__trend_count_sale,0.0012197393007545832
extra_trees,num__demo_age_35_44_count,0.0012111167158486474
extra_trees,cat__detail_manzara_missing,0.0012105734253832219
extra_trees,cat__district_Cumhuriyet Mah.,0.0012042862786747863
extra_trees,num__demo_income_vs_county,0.0012039648242995733
extra_trees,cat__geo_cluster_x_room_count_city_5||3+1,0.0011994409469259454
extra_trees,num__demo_workplace_count,0.0011966362602010574
extra_trees,num__demo_workplace_density,0.001195056893140004
extra_trees,num__demo_age_45_54,0.0011923954216722015
extra_trees,num__large_home_net_gross_quality,0.0011830135594167342
extra_trees,cat__detail_manzara_Doğa|Park & Yeşil Alan|Şehir,0.0011821820369866064
extra_trees,num__district_rent_m2_cv,0.0011777549109545213
extra_trees,num__trend_price_change_sale,0.001175751282216101
extra_trees,num__trend_listing_period_sale,0.0011632832060348094
extra_trees,num__demo_male_ratio,0.001158622290102696
extra_trees,num__rooms,0.0011585607958511167
extra_trees,num__demo_divorced_count,0.0011584398022102505
extra_trees,cat__duplex_match_source_detail_and_title,0.0011529832702743125
extra_trees,num__large_home_room_density,0.0011362862253808496
extra_trees,num__demo_atm_per_10k,0.001134388512537931
extra_trees,num__total_room_score,0.0011254763731762853
extra_trees,num__demo_ses_b_ratio,0.0011015541485039045
extra_trees,num__demo_age_35_44,0.00110136787366437
extra_trees,num__demo_ses_d_count,0.0010997494143260827
extra_trees,num__demo_age_55_64_count,0.0010949790495144863
extra_trees,cat__geo_cluster_county_Karamürsel_0,0.001089716563923009
extra_trees,num__demo_widow_count,0.0010862433691609403
extra_trees,num__is_ground_floor,0.001085185543963582
extra_trees,cat__detail_cephe_Batı|Doğu|Güney,0.0010822422572398592
extra_trees,cat__heating_Merkezi,0.0010758026383543128
extra_trees,num__basiskele_district_premium_bucket_median,0.0010751214946001677
extra_trees,num__district_rent_m2_iqr,0.0010744572700469518
extra_trees,num__demo_old_count,0.0010727177071317715
extra_trees,num__demo_age_45_54_count,0.0010631784530275646
extra_trees,num__attr_effect_parking,0.0010608043053437649
extra_trees,num__is_large_home,0.00105596151618701
extra_trees,num__demo_age_25_34,0.0010534505874233515
extra_trees,cat__geo_cluster_x_room_count_city_10||3+1,0.0010440954597097842
extra_trees,num__large_home_log_m2,0.0010437450711342582
extra_trees,num__demo_young_ratio_diff_county,0.00104267978823464
extra_trees,num__demo_education_primary_school_ratio,0.0010425934020369591
extra_trees,num__basiskele_detail_inside_premium_signal,0.0010358601608901202
extra_trees,num__demo_atm_count,0.0010286694443178066
extra_trees,cat__detail_manzara_Deniz|Doğa|Park & Yeşil Alan|Şehir,0.001026394569023642
extra_trees,num__demo_single_ratio,0.0010133410977936628
extra_trees,cat__floor_segment_Bahçe,0.0010099631541745063
extra_trees,num__attr_has_parking,0.0010095609124873457
extra_trees,cat__building_age_group_1,0.000998450519830382
extra_trees,cat__geo_cluster_x_room_count_city_8||3+1,0.0009974246753597525
extra_trees,num__demo_ses_cd_diff_county,0.0009780085662004431
extra_trees,num__demo_ses_ab_ratio,0.0009657153197318493
extra_trees,num__demo_university_diff_county,0.0009628923621325663
extra_trees,num__demo_high_school_diff_county,0.0009604266536974108
extra_trees,cat__parking_Yok,0.0009586598962020315
extra_trees,num__demo_per_capita_income_try,0.0009584887414083228
extra_trees,num__demo_education_non_literate_ratio,0.0009581770453414882
extra_trees,cat__detail_cephe_Batı|Doğu,0.0009452797567651732
extra_trees,num__demo_population_female,0.0009446507844086597
extra_trees,num__demo_education_doctorate_count,0.0009394449185593474
extra_trees,num__demo_education_middle_school_count,0.0009376693385231674
extra_trees,num__demo_female_ratio,0.0009286322642615744
extra_trees,cat__duplex_match_source_detail,0.0009267226625008348
extra_trees,num__demo_education_total,0.0009221361283177985
extra_trees,num__is_top_floor,0.0009163602679675167
extra_trees,num__trend_count_rent,0.0009162507558560897
extra_trees,num__demo_age_15_24,0.0009134355934163098
extra_trees,cat__duplex_x_site_quality_tier_duplex__missing,0.0009132761108506869
extra_trees,num__attr_effect_heating_quality_bucket,0.0009067846670645725
extra_trees,num__is_small_flat,0.0009055794466804924
extra_trees,cat__detail_konut_tipi_Çatı Dubleksi,0.0008995931952623845
extra_trees,num__demo_ses_c_count,0.0008927421765464021
extra_trees,num__demo_education_primary_education_ratio,0.0008879237831321034
extra_trees,num__demo_population_total,0.0008821802221384413
extra_trees,num__demo_household_count,0.0008668868802520418
extra_trees,cat__geo_cluster_x_room_count_missing||3+1,0.0008580798476512564
extra_trees,num__demo_education_unknown_ratio,0.0008580459866221368
extra_trees,cat__floor_segment_En Üst Kat,0.0008517344586528532
extra_trees,cat__detail_cephe_Batı|Kuzey,0.0008467802891403907
extra_trees,num__is_large_flat,0.0008465823822246941
extra_trees,num__attr_is_top_floor,0.0008414662763797619
extra_trees,num__demo_education_graduate_count,0.0008409362395612287
extra_trees,num__demo_ses_c_ratio,0.0008368128851990919
extra_trees,num__demo_ses_a_ratio,0.0008354914936390812
extra_trees,num__large_home_site_x_m2,0.0008320773879964362
extra_trees,num__distance_to_coast_x_site_inside,0.0008282468386415048
extra_trees,cat__geo_cluster_x_room_count_city_8||2+1,0.0008263938965462744
extra_trees,cat__large_home_bucket_180_220,0.0008167981389619129
extra_trees,cat__m2_group_0-75,0.0008127489792727866
extra_trees,cat__detail_cephe_Güney|Kuzey,0.0008125384754244664
extra_trees,cat__geo_cluster_x_room_count_city_3||3+1,0.0008114952372930441
extra_trees,num__demo_ses_cd_ratio,0.0008107054683615104
extra_trees,cat__site_inside_Hayır,0.0008105548025936941
extra_trees,cat__geo_cluster_x_room_count_city_2||3+1,0.0008104615265545502
extra_trees,num__demo_age_25_34_count,0.0008078250345492705
extra_trees,num__demo_ses_ab_diff_county,0.0008034500404042
extra_trees,num__demo_education_graduate_ratio,0.0008027195528145885
extra_trees,cat__detail_cephe_Doğu|Kuzey,0.0007970196448509733
extra_trees,num__demo_household_income_vs_county,0.0007947642163718056
extra_trees,num__demo_household_income_try,0.0007829123766623942
extra_trees,cat__geo_cluster_x_room_count_city_7||2+1,0.0007793444004755433
extra_trees,num__demo_education_university_ratio,0.0007615925446955872
extra_trees,cat__detail_manzara_Deniz|Park & Yeşil Alan|Şehir,0.0007612702267255165
extra_trees,cat__site_project_x_county_missing__golcuk,0.0007572244776002216
extra_trees,cat__geo_cluster_county_İzmit_0,0.0007559641662332593
extra_trees,cat__duplex_x_site_project_duplex__missing,0.000752923829907123
extra_trees,cat__site_project_id_county_scoped_missing,0.0007445570993079412
extra_trees,cat__m2_group_200+,0.0007440008186134693
extra_trees,num__demo_ses_a_plus_ratio,0.0007434510681489815
extra_trees,cat__detail_manzara_Doğa|Park & Yeşil Alan,0.0007394835713363677
extra_trees,cat__site_project_id_missing,0.0007394308013784082
extra_trees,num__demo_ses_a_count,0.0007284694759316844
extra_trees,cat__detail_konut_tipi_En Üst Kat,0.0007255096736885995
extra_trees,num__demo_education_middle_school_ratio,0.0007121999789616275
extra_trees,num__attr_is_furnished,0.0007078289604007078
extra_trees,cat__geo_cluster_city_city_8,0.0007071497495657434
extra_trees,num__demo_car_count,0.0007010276768122902
extra_trees,num__demo_population_male,0.0006945128647382801
extra_trees,cat__site_project_match_source_title,0.0006937315139227845
extra_trees,num__demo_ses_a_plus_count,0.0006903466992445579
extra_trees,cat__geo_cluster_x_room_count_city_1||3+1,0.0006876638934454306
extra_trees,num__basiskele_has_inside_luxury_signal,0.0006876141298523076
extra_trees,cat__detail_cephe_Doğu,0.0006861711404706271
extra_trees,cat__large_home_x_site_project_id_bucket_non_lh,0.0006852375861873162
extra_trees,cat__room_count_4+1,0.0006850204716095359
extra_trees,cat__large_home_bucket_lt180,0.0006832434245262679
extra_trees,cat__district_Alikahya Fatih Mah.,0.0006815578341393555
extra_trees,cat__building_age_group_5,0.0006807701277689577
extra_trees,num__demo_education_doctorate_ratio,0.0006727727442845236
extra_trees,num__demo_middle_count,0.0006679587544856999
extra_trees,num__demo_education_university_count,0.0006652255882894247
extra_trees,cat__geo_cluster_x_room_count_missing||2+1,0.0006634831711649171
extra_trees,num__attr_is_site_inside,0.0006613253110058335
extra_trees,cat__site_project_match_source_missing,0.0006606093403345641
extra_trees,num__demo_young_count,0.0006579159641907241
extra_trees,cat__detail_manzara_Deniz|Şehir,0.000653551859904537
extra_trees,num__demo_bank_per_10k,0.0006502961310624963
extra_trees,cat__demo_dominant_age_group_40-44,0.0006448575798394919
extra_trees,cat__heating_Merkezi (Pay Ölçer),0.000644496868264542
extra_trees,num__demo_education_high_school_count,0.000637843486010916
extra_trees,cat__detail_manzara_Doğa|Şehir,0.0006374070796637462
extra_trees,cat__demo_dominant_age_group_30-34,0.0006329521419217977
extra_trees,cat__site_inside_Evet,0.000632802002876423
extra_trees,num__basiskele_detail_total_premium_signal,0.0006246096869006452
extra_trees,cat__furnished_Evet,0.0006227109049907159
extra_trees,cat__detail_konut_tipi_Dubleks,0.0006199526163310601
extra_trees,cat__detail_cephe_Batı,0.0006176412847198176
extra_trees,num__is_duplex,0.0006137598039029944
extra_trees,cat__detail_cephe_Batı|Doğu|Kuzey,0.0006127455809713649
extra_trees,num__demo_never_married_count,0.0006108772488506804
extra_trees,num__demo_ses_b_count,0.0006051119538425619
extra_trees,num__demo_vehicle_count,0.0006034053197537843
extra_trees,num__detail_subtype_count,0.0006026338109384095
extra_trees,cat__floor_segment_Çatı,0.0006024614797431429
extra_trees,cat__building_age_group_3,0.0005976766780271702
extra_trees,num__large_home_basiskele_premium,0.0005973254173171836
extra_trees,cat__geo_cluster_city_city_10,0.0005950326717895394
extra_trees,cat__geo_cluster_city_city_5,0.0005943059621954457
extra_trees,num__demo_residential_count,0.0005846874851075792
extra_trees,num__is_garden_duplex,0.0005814432445679859
extra_trees,num__demo_bank_count,0.0005779488655299217
extra_trees,cat__roof_duplex_x_floor_segment_roof__En Üst Kat,0.0005715365627476849
extra_trees,cat__geo_cluster_county_İzmit_1,0.0005681418341541663
extra_trees,num__demo_summer_house_count,0.0005630969384280935
extra_trees,cat__detail_konut_tipi_Bahçe Dubleksi,0.000554486527371427
extra_trees,cat__geo_cluster_county_other,0.0005490744038956894
extra_trees,cat__large_home_bucket_220_280,0.0005449020785437244
extra_trees,cat__building_age_group_2,0.0005415902668768931
extra_trees,cat__duplex_type_garden,0.0005303033986069386
extra_trees,cat__duplex_type_standard,0.0005222645536218427
extra_trees,num__basiskele_premium_bucket_mid,0.0005188632627473635
extra_trees,num__basiskele_has_pool_signal,0.0005165325919861472
extra_trees,cat__roof_duplex_x_floor_segment_roof__Ara Kat,0.0005165256408831004
extra_trees,cat__rent_feature_level_district_room,0.0005146046150162549
extra_trees,cat__building_age_group_26-30 arası,0.0005051247110209348
extra_trees,cat__geo_cluster_x_room_count_city_7||3+1,0.0005044247040340712
extra_trees,cat__balcony_Var,0.000499902993863671
extra_trees,num__basiskele_lat_lon_interaction,0.0004960664450068179
extra_trees,cat__geo_cluster_county_İzmit_3,0.0004950496785723168
extra_trees,num__attr_has_premium_heating,0.0004942011890887405
extra_trees,cat__geo_cluster_x_room_count_city_4||2+1,0.0004922678188110355
extra_trees,num__is_standard_duplex,0.0004894615152392523
extra_trees,num__demo_age_15_24_count,0.00047852369826394353
extra_trees,cat__district_Kadıköy Mh.,0.0004766479765586648
extra_trees,cat__district_Ataevler Mh.,0.0004763180751677701
extra_trees,cat__building_age_group_0 (Yapım Aşamasında),0.00047549552288317506
extra_trees,cat__duplex_match_source_title,0.00046527896019025555
extra_trees,cat__detail_cephe_Doğu|Güney|Kuzey,0.0004637345959647413
extra_trees,cat__detail_manzara_Deniz|Doğa|Şehir,0.0004629313926434349
extra_trees,cat__large_home_x_site_project_id_bucket_lh__n30p,0.0004610942292409462
extra_trees,cat__geo_cluster_x_room_count_city_1||2+1,0.0004596681946047307
extra_trees,cat__detail_manzara_Doğa,0.00045782311986712843
extra_trees,cat__geo_cluster_x_room_count_city_4||3+1,0.00045533464445520524
extra_trees,cat__site_project_x_county_izmit::other__izmit,0.0004537744814364962
extra_trees,cat__geo_cluster_city_city_3,0.00045297336378434104
extra_trees,cat__geo_cluster_county_Gölcük_3,0.0004510114941819689
extra_trees,cat__site_project_id_county_scoped_izmit::other,0.0004503747594200645
extra_trees,num__basiskele_site_premium_signal,0.00044824167297627594
extra_trees,num__attr_has_balcony,0.00044398766123573995
extra_trees,cat__rent_feature_level_district_m2_group,0.00043968911181779124
extra_trees,cat__site_project_id_izmit::other,0.00043847379486191743
extra_trees,cat__geo_cluster_county_İzmit_5,0.0004379020596052845
extra_trees,cat__furnished_Belirtilmemiş,0.00043702293734834805
extra_trees,cat__site_project_x_county_missing__kartepe,0.00043493935705580015
extra_trees,cat__geo_cluster_x_room_count_city_5||2+1,0.00043086281514621166
extra_trees,cat__geo_cluster_x_room_count_city_6||3+1,0.00043051680107368507
extra_trees,cat__demo_dominant_education_Lise,0.00043007560265800697
extra_trees,cat__roof_duplex_x_floor_segment_nonroof,0.00042985398160458186
extra_trees,cat__district_Alikahya Atatürk Mh.,0.00042591329372145453
extra_trees,cat__geo_cluster_city_city_7,0.00042443217369809224
extra_trees,cat__geo_cluster_county_İzmit_2,0.00042234523698819217
extra_trees,num__basiskele_detail_subtype_premium_signal,0.0004204285640707688
extra_trees,cat__duplex_x_county_duplex__İzmit,0.0004184885732096481
extra_trees,cat__district_Körfez Mh.,0.0004152414097344186
extra_trees,cat__detail_cephe_Kuzey,0.00040891731403095414
extra_trees,num__basiskele_premium_x_gross_m2,0.00040773703436766196
extra_trees,num__basiskele_premium_x_new_building,0.0004064198590559567
extra_trees,cat__duplex_type_roof,0.000402345050448649
extra_trees,cat__building_age_group_4,0.00040167938729823764
extra_trees,cat__building_age_group_31 ve üzeri,0.0004014990573395927
extra_trees,cat__demo_dominant_education_Lisans,0.0004009726332972481
extra_trees,cat__roof_duplex_x_floor_segment_roof__Çatı,0.00039998497290544537
extra_trees,cat__balcony_Yok,0.0003975579808794504
extra_trees,num__is_roof_duplex,0.00039485210353984944
extra_trees,cat__rent_feature_level_district,0.0003918202549986929
extra_trees,cat__basiskele_geo_cluster_x_m2_group_Başiskele_4||126-150,0.00039151996443057913
extra_trees,num__basiskele_detail_outside_premium_signal,0.0003852377383926709
extra_trees,cat__duplex_x_district_duplex__Ataevler Mh.,0.0003726297467593305
extra_trees,num__basiskele_detail_view_premium_signal,0.00037255066394384665
extra_trees,num__basiskele_distance_to_coast_x_large_home,0.00036649984064330063
extra_trees,num__basiskele_premium_x_detail_view,0.00035911262264391296
extra_trees,num__basiskele_premium_x_district_target_median,0.00035640666837857756
extra_trees,num__county_target_median,0.0003563329209379668
extra_trees,num__site_project_oof_residual_mean,0.0003526019134979104
extra_trees,cat__geo_cluster_x_room_count_city_3||2+1,0.0003505377149799027
extra_trees,cat__district_Piyalepaşa Mh.,0.0003483474832885437
extra_trees,cat__district_Kavaklı Mh.,0.00034427199566004887
extra_trees,cat__geo_cluster_county_Gölcük_1,0.00034418552178202064
extra_trees,cat__district_Değirmendere Yalı Mh.,0.00034360622384048753
extra_trees,num__basiskele_district_premium_bucket_count,0.0003425725767114044
extra_trees,num__site_project_oof_price_level,0.0003392389974928827
extra_trees,num__basiskele_premium_x_detail_outside,0.00033828947314527695
extra_trees,cat__basiskele_geo_cluster_Başiskele_2,0.00033631091038383747
extra_trees,cat__demo_ses_group_B Grubu,0.0003350948208407857
extra_trees,cat__duplex_x_district_duplex__Körfez Mh.,0.0003334220576478312
extra_trees,cat__room_count_1+1,0.000333398297184395
extra_trees,cat__geo_cluster_x_room_count_city_4||4+1,0.0003332131883799392
extra_trees,cat__detail_manzara_Deniz|Doğa,0.00033202051481859155
extra_trees,num__attr_county_elevator_premium,0.00033096543103823816
extra_trees,cat__geo_cluster_x_room_count_city_2||2+1,0.0003292864696198475
extra_trees,cat__basiskele_geo_cluster_Başiskele_4,0.00032789423956046984
extra_trees,cat__geo_cluster_x_room_count_city_10||1+1,0.00032637936557363957
extra_trees,num__basiskele_premium_x_site_inside,0.00032098150650591704
extra_trees,cat__district_Döngel Mh.,0.0003196030617985057
extra_trees,cat__geo_cluster_x_room_count_city_0||4+1,0.00031883120365147437
extra_trees,num__duplex_x_site_inside,0.00031759267647578907
extra_trees,cat__site_project_x_county_missing__basiskele,0.00031555232823167175
extra_trees,cat__detail_konut_tipi_Dubleks|Bahçe Dubleksi,0.0003140688684316887
extra_trees,cat__geo_cluster_county_İzmit_4,0.00030875991866650455
extra_trees,cat__detail_cephe_Batı|Güney|Kuzey,0.00030786890376631655
extra_trees,cat__basiskele_geo_cluster_x_m2_group_Başiskele_5||126-150,0.0003050652824712963
extra_trees,num__basiskele_has_view_signal,0.0002981537509102834
extra_trees,cat__district_Yeni Mah.,0.00029706810041398306
extra_trees,cat__geo_cluster_county_Başiskele_2,0.00029661504004735776
extra_trees,cat__geo_cluster_x_room_count_city_0||3+1,0.00028573207793435935
extra_trees,cat__district_Donanma Mah.,0.0002819760769291351
extra_trees,cat__basiskele_geo_cluster_x_m2_group_Başiskele_0||151-200,0.00027937655943037346
extra_trees,num__county_rent_m2_median,0.0002785916132775737
extra_trees,cat__geo_cluster_county_Başiskele_4,0.00027496395614850025
extra_trees,cat__site_project_x_county_missing__karamursel,0.00027445546556490873
extra_trees,num__county_rent_m2_mean,0.0002734075998154432
extra_trees,num__basiskele_premium_bucket_high,0.00027072641738189445
extra_trees,cat__geo_cluster_city_city_1,0.0002678416940028281
extra_trees,num__county_site_project_count,0.000266079566690234
extra_trees,cat__demo_dominant_age_group_25-29,0.0002626422913335323
extra_trees,num__basiskele_premium_bucket_county_mean,0.00026070453125576453
extra_trees,cat__detail_manzara_Deniz|Doğa|Park & Yeşil Alan,0.00026050763984874
extra_trees,cat__duplex_x_district_duplex__Cumhuriyet Mah.,0.00025988790390863613
extra_trees,num__attr_county_good_heating_premium,0.00025831782948353604
extra_trees,num__basiskele_has_security_signal,0.0002569174047936375
extra_trees,num__site_project_known_premium_flag,0.00025644231367454446
extra_trees,cat__geo_cluster_city_city_6,0.00025426459292124723
extra_trees,num__basiskele_premium_bucket_county_median,0.0002508501079241981
extra_trees,num__county_target_mean,0.0002485952568456945
extra_trees,num__basiskele_premium_score,0.0002456026719804219
extra_trees,cat__site_project_id_county_scoped_basiskele::other,0.00024540475618559505
extra_trees,cat__site_project_id_basiskele::other,0.00024247531560776486
extra_trees,cat__geo_cluster_x_room_count_missing||1+1,0.00024045185421321395
extra_trees,cat__basiskele_geo_cluster_x_m2_group_Başiskele_2||126-150,0.00023668331786018932
extra_trees,cat__basiskele_geo_cluster_Başiskele_5,0.00023600471573646253
extra_trees,cat__site_project_x_county_basiskele::other__basiskele,0.0002350744938530447
extra_trees,cat__district_Topçular Mh.,0.00023277775001371353
extra_trees,cat__district_Merkez Mah.,0.00022863352625728084
extra_trees,cat__district_Gündoğdu Mh.,0.00022770870022424208
extra_trees,cat__site_project_id_kartepe::other,0.00022535137001978995
extra_trees,num__county_demo_education_high_school_ratio_mean,0.00022481901820286753
extra_trees,num__basiskele_has_social_luxury_signal,0.00022364008252041812
extra_trees,num__county_demo_old_ratio_mean,0.00022354769642803494
extra_trees,num__basiskele_premium_x_location_baseline,0.00022295630252245735
extra_trees,cat__site_project_x_county_kartepe::other__kartepe,0.0002203980575662892
extra_trees,cat__detail_konut_tipi_Dubleks|Çatı Dubleksi,0.00021979467757800837
extra_trees,cat__site_project_id_county_scoped_kartepe::other,0.0002187439112742199
extra_trees,cat__detail_manzara_Doğa|Havuz|Park & Yeşil Alan,0.00021655323205076497
extra_trees,cat__heating_Doğalgaz Sobası,0.00021085513630524568
extra_trees,cat__site_project_id_basiskele::zeray_korupark,0.0002100190402285467
extra_trees,cat__site_project_x_county_basiskele::zeray_korupark__basiskele,0.00020669777988314967
extra_trees,cat__county_Gölcük,0.00020665839386648573
extra_trees,cat__geo_cluster_county_Başiskele_5,0.0002055200365196798
extra_trees,cat__site_project_x_county_golcuk::other__golcuk,0.00020378467997267955
extra_trees,cat__detail_manzara_Boğaz|Deniz|Doğa|Park & Yeşil Alan|Şehir,0.0002027475157414141
extra_trees,num__county_demo_population_density_median,0.00019914906259159827
extra_trees,num__attr_county_high_quality_premium,0.0001972590702796752
extra_trees,cat__geo_cluster_x_room_count_city_5||4+1,0.00019594412247044137
extra_trees,cat__geo_cluster_x_room_count_city_0||2+1,0.00019344271331802555
extra_trees,num__attr_county_new_building_premium,0.00019298631222724482
extra_trees,cat__site_project_id_county_scoped_golcuk::other,0.0001904748973483973
extra_trees,cat__basiskele_geo_cluster_Başiskele_3,0.00018995299779391044
extra_trees,num__county_demo_population_density_mean,0.00018906974590544883
extra_trees,num__basiskele_premium_x_large_home,0.00018846130107349205
extra_trees,cat__district_Şirintepe Mh.,0.00018773149195692237
extra_trees,cat__demo_ses_group_C Grubu,0.00018714262518111725
extra_trees,cat__duplex_x_district_duplex__Gündoğdu Mh.,0.00018643220981385457
extra_trees,num__county_demo_ses_ab_ratio_mean,0.00018639793845129455
extra_trees,cat__site_project_id_golcuk::other,0.0001848217146127363
extra_trees,cat__district_Hacıhızır Mh.,0.00018403422520354922
extra_trees,cat__demo_dominant_age_group_5-9,0.0001837262666523658
extra_trees,num__county_demo_single_ratio_mean,0.00017960021989911815
extra_trees,num__basiskele_premium_bucket_low,0.00017790658761288015
extra_trees,num__attr_county_parking_premium,0.000177697952187424
extra_trees,num__basiskele_distance_to_coast_x_quality,0.00017767285208276906
extra_trees,cat__geo_cluster_county_Karamürsel_1,0.00017522355096008318
extra_trees,num__county_demo_young_ratio_mean,0.00017475392622584083
extra_trees,cat__geo_cluster_county_Başiskele_3,0.00017414769108881677
extra_trees,cat__district_Çayırköy Mh.,0.00017412763281906638
extra_trees,cat__district_Fatih Mah.,0.00017283377972015777
extra_trees,cat__demo_dominant_age_group_45-49,0.00017231702446726262
extra_trees,cat__duplex_x_county_duplex__Kartepe,0.00017205371056423628
extra_trees,cat__county_İzmit,0.00017077170073703015
extra_trees,cat__district_Kocatepe Mah.,0.0001700201443490465
extra_trees,cat__geo_cluster_x_room_count_city_10||2+1,0.00016808672381354717
extra_trees,cat__district_Dumlupınar Mh.,0.00016608644150347424
extra_trees,cat__duplex_x_site_project_duplex__izmit::other,0.00016125343681088578
extra_trees,num__county_demo_ses_cd_ratio_mean,0.00016094731803652386
extra_trees,cat__detail_konut_tipi_Ters Dubleks,0.00015929557151381132
extra_trees,cat__geo_cluster_county_Başiskele_0,0.0001584889640220053
extra_trees,cat__geo_cluster_x_room_count_city_6||2+1,0.00015748701764116941
extra_trees,num__county_demo_bank_count_sum,0.00015593832151301654
extra_trees,num__county_rent_m2_count,0.0001553220381684076
extra_trees,num__county_demo_married_ratio_mean,0.00015493666027175429
extra_trees,cat__geo_cluster_x_room_count_city_8||4+1,0.00015432509451070202
extra_trees,num__county_demo_atm_count_sum,0.0001537070851811081
extra_trees,cat__basiskele_geo_cluster_x_m2_group_Başiskele_4||101-125,0.00015193004010273932
extra_trees,cat__geo_cluster_x_room_count_city_6||4+1,0.0001511674208072937
extra_trees,num__county_demo_vehicle_count_sum,0.00014941168289428765
extra_trees,cat__basiskele_geo_cluster_x_m2_group_Başiskele_0||76-100,0.000149122403493761
extra_trees,cat__geo_cluster_city_city_4,0.00014912228037204778
extra_trees,cat__basiskele_geo_cluster_x_m2_group_Başiskele_5||151-200,0.00014652803029510867
extra_trees,cat__basiskele_geo_cluster_x_m2_group_Başiskele_2||101-125,0.00014643943163450272
extra_trees,num__county_demo_household_size_mean,0.00014585695650509684
extra_trees,cat__site_project_id_county_scoped_karamursel::other,0.00014498716190901006
extra_trees,num__attr_county_site_inside_premium,0.00014364748447983692
extra_trees,num__county_demo_pharmacy_count_sum,0.00014326888912847066
extra_trees,cat__duplex_x_district_duplex__4 Temmuz Mah.,0.00014273413103114106
extra_trees,cat__basiskele_geo_cluster_x_m2_group_other||101-125,0.0001404016632019471
extra_trees,num__county_demo_education_university_ratio_mean,0.00013989709062035082
extra_trees,cat__site_project_id_county_scoped_basiskele::zeray_korupark,0.00013941087463532347
extra_trees,cat__duplex_x_district_duplex__Kadıköy Mh.,0.0001376348570779439
extra_trees,cat__duplex_x_county_duplex__Gölcük,0.00013672591980655173
extra_trees,cat__demo_ses_group_A Grubu,0.00013584501243475965
extra_trees,cat__basiskele_geo_cluster_Başiskele_0,0.0001343446856578896
extra_trees,cat__geo_cluster_city_city_0,0.00013428368853887196
extra_trees,cat__duplex_x_county_duplex__Başiskele,0.00013418085436943045
extra_trees,num__county_demo_workplace_count_sum,0.00013351281937796337
extra_trees,num__county_demo_population_total_sum,0.0001316706370803776
extra_trees,cat__duplex_x_site_project_duplex__basiskele::zeray_korupark,0.00013122176875950413
extra_trees,num__county_demo_car_count_sum,0.000130580381919032
extra_trees,num__geo_context_missing,0.00013010644881788615
extra_trees,cat__coast_distance_bucket_missing,0.00012973101990179967
extra_trees,cat__location_source_missing,0.00012822464479123679
extra_trees,num__attr_has_natural_gas_heating,0.0001272186209049669
extra_trees,cat__basiskele_geo_cluster_x_m2_group_Başiskele_3||101-125,0.00012645759865795582
extra_trees,cat__location_precision_missing,0.00012380882482371003
extra_trees,cat__district_Turgut Mah.,0.0001237788109396581
extra_trees,cat__geo_cluster_city_city_9,0.00012271745106056978
extra_trees,num__location_backfill_ok,0.0001211357614320866
extra_trees,num__location_quality_score,0.00011930119563079021
extra_trees,num__attr_county_old_building_discount,0.00011917236578871367
extra_trees,cat__location_precision_exact_map,0.00011763238057122464
extra_trees,cat__site_project_x_county_karamursel::other__karamursel,0.00011731206172854044
extra_trees,num__county_demo_residential_count_sum,0.0001168904929902917
extra_trees,cat__site_project_id_karamursel::other,0.0001157663900911592
extra_trees,cat__duplex_x_district_duplex__Fatih Sultan Mehmet Mh.,0.00011569649329884563
extra_trees,cat__district_Tepeköy Mh.,0.00011488873327091709
extra_trees,cat__basiskele_geo_cluster_other,0.00011484826941430247
extra_trees,cat__site_project_id_county_scoped_basiskele::yuvana_evleri,0.00011455446609756337
extra_trees,num__coast_distance_bucket_code,0.00011452059986206082
extra_trees,num__has_lat_lon,0.00011441643031384892
extra_trees,cat__basiskele_geo_cluster_x_m2_group_other||76-100,0.0001142726031762607
extra_trees,num__location_source_data_attr_map,0.00011399256195983288
extra_trees,cat__district_Akpınar Mh.,0.00011365581465922041
extra_trees,cat__county_Kartepe,0.00011210823305902154
extra_trees,cat__basiskele_geo_cluster_x_m2_group_Başiskele_2||151-200,0.00010928455705562364
extra_trees,cat__site_project_x_county_basiskele::yuvana_evleri__basiskele,0.00010885924646014138
extra_trees,cat__detail_manzara_Havuz|Park & Yeşil Alan|Şehir,0.00010877158120195269
extra_trees,cat__duplex_x_site_project_duplex__kartepe::other,0.00010799149072765308
extra_trees,num__geo_context_has_approx_location,0.0001068102838234884
extra_trees,num__location_precision_missing,0.00010672891755150014
extra_trees,cat__geo_cluster_city_missing,0.00010583673590870985
extra_trees,cat__geo_cluster_x_room_count_city_10||4+1,0.00010510823027474091
extra_trees,cat__duplex_x_district_duplex__Alikahya Fatih Mah.,0.00010507010235206097
extra_trees,cat__geo_cluster_county_Gölcük_0,0.00010382890581390326
extra_trees,num__location_backfill_listing_removed,0.00010195127424614438
extra_trees,cat__district_Atakent Mah.,0.00010178282681409475
extra_trees,cat__district_Barbaros Mah.,0.0001010723766559488
extra_trees,num__living_rooms,9.948826182736549e-05
extra_trees,cat__basiskele_geo_cluster_x_m2_group_Başiskele_2||76-100,9.933160189726638e-05
extra_trees,cat__geo_cluster_x_room_count_city_3||4+1,9.888765565063786e-05
extra_trees,num__location_precision_exact,9.873229325995361e-05
extra_trees,cat__district_Akçakoca Mh.,9.832529286517461e-05
extra_trees,cat__district_Paşadağ Mh.,9.752059030761205e-05
extra_trees,cat__basiskele_geo_cluster_x_m2_group_Başiskele_3||126-150,9.687371049135567e-05
extra_trees,cat__district_Yeşilyurt Mh.,9.671333464837e-05
extra_trees,cat__location_source_data_attr_map,9.65915429406774e-05
extra_trees,cat__demo_dominant_age_group_20-24,9.55900829299292e-05
extra_trees,num__attr_has_poor_heating,9.52762609215407e-05
extra_trees,cat__district_M. Alipaşa Mh.,9.428765255263573e-05
extra_trees,cat__demo_dominant_age_group_50-54,9.404047533303259e-05
extra_trees,cat__detail_manzara_Havuz,9.133032931391435e-05
extra_trees,cat__duplex_x_district_duplex__Rahmiye Mah.,9.118362071062388e-05
extra_trees,num__site_project_oof_count,9.11617980871592e-05
extra_trees,num__geo_context_has_exact_location,9.087111572857338e-05
extra_trees,cat__geo_cluster_x_room_count_city_3||1+1,8.996953400694753e-05
extra_trees,cat__duplex_x_district_duplex__Barbaros Mah.,8.980365894283622e-05
extra_trees,cat__duplex_x_district_duplex__Çayırköy Mh.,8.971877826640638e-05
extra_trees,cat__district_Yüzbaşılar Mh.,8.70050907778655e-05
extra_trees,cat__duplex_x_site_project_duplex__basiskele::yuvana_evleri,8.64715274706969e-05
extra_trees,cat__duplex_x_site_project_duplex__basiskele::other,8.341155577414381e-05
extra_trees,cat__basiskele_geo_cluster_x_m2_group_Başiskele_4||151-200,8.294120468069507e-05
extra_trees,cat__geo_cluster_x_room_count_city_4||1+1,8.276682892287815e-05
extra_trees,num__has_site_project_id,8.226629176690114e-05
extra_trees,cat__geo_cluster_city_city_2,8.107504043313922e-05
extra_trees,cat__geo_cluster_x_room_count_city_9||3+1,8.057884815013575e-05
extra_trees,num__site_project_oof_confidence,7.90080885514532e-05
extra_trees,cat__detail_manzara_Deniz|Park & Yeşil Alan,7.839871595397187e-05
extra_trees,cat__county_Başiskele,7.825230465010284e-05
extra_trees,cat__basiskele_geo_cluster_x_m2_group_Başiskele_3||151-200,7.751522130629861e-05
extra_trees,cat__heating_Yok,7.677146343955298e-05
extra_trees,cat__district_4 Temmuz Mah.,7.609196182804836e-05
extra_trees,cat__district_Altınkent Mh.,7.572616283293722e-05
extra_trees,cat__district_Serdar Mah.,7.541846806301245e-05
extra_trees,cat__district_Cedit Mah.,7.444733208484239e-05
extra_trees,cat__duplex_x_site_project_duplex__golcuk::other,7.375377144247682e-05
extra_trees,cat__district_Kayacık Mh.,7.353150625968787e-05
extra_trees,cat__detail_konut_tipi_Dubleks|En Üst Kat|Çatı Dubleksi,7.29111249642194e-05
extra_trees,cat__district_Rahmiye Mah.,7.28030038130697e-05
extra_trees,cat__site_project_id_basiskele::yuvana_evleri,7.268511651830505e-05
extra_trees,cat__duplex_x_county_duplex__Karamürsel,7.232878629766999e-05
extra_trees,cat__large_home_x_site_project_id_bucket_lh__n3_9,7.151243056823047e-05
extra_trees,cat__geo_cluster_x_room_count_city_5||1+1,7.14973822249913e-05
extra_trees,cat__duplex_x_district_duplex__Şirintepe Mh.,7.140911655301525e-05
extra_trees,cat__district_Ertuğrul Gazi Mh.,6.830564308083398e-05
extra_trees,cat__district_Şehitler Mh.,6.762501255065129e-05
extra_trees,cat__geo_cluster_county_Gölcük_2,6.712927599657725e-05
extra_trees,cat__detail_manzara_Deniz|Doğa|Havuz|Park & Yeşil Alan|Şehir,6.708829189520891e-05
extra_trees,cat__large_home_bucket_280p,6.701974751938431e-05
extra_trees,cat__room_count_5+1,6.546833859442232e-05
extra_trees,cat__district_Kozluk Mah.,6.403083022249963e-05
extra_trees,cat__basiskele_geo_cluster_x_m2_group_Başiskele_0||101-125,6.394474209644344e-05
extra_trees,num__basiskele_large_home_premium_bucket_median,6.251214721389117e-05
extra_trees,cat__duplex_x_district_duplex__Yeni Mah.,6.249901437978179e-05
extra_trees,cat__detail_manzara_Havuz|Park & Yeşil Alan,6.163251186062863e-05
extra_trees,cat__basiskele_geo_cluster_x_m2_group_Başiskele_4||200+,6.138863010527143e-05
extra_trees,cat__duplex_x_district_duplex__Fatih Mah.,6.020123868421244e-05
extra_trees,cat__district_Erenler Mah.,6.008210155862799e-05
extra_trees,cat__district_Yenişehir Mh.,5.712338203948903e-05
extra_trees,cat__basiskele_geo_cluster_x_m2_group_other,5.7044817570255777e-05
extra_trees,cat__geo_cluster_x_room_count_city_9||2+1,5.678384983045646e-05
extra_trees,num__duplex_source_conflict,5.613301924462373e-05
extra_trees,cat__district_Yazlık Yeni Mh.,5.577685988619208e-05
extra_trees,cat__duplex_x_district_duplex__Paşadağ Mh.,5.5243414664598976e-05
extra_trees,cat__district_Halıdere Yalı Mh.,5.478013289913555e-05
extra_trees,cat__duplex_x_district_duplex__Çiftlik Mh.,5.381366181413246e-05
extra_trees,cat__duplex_x_district_duplex__Topçular Mh.,5.283695514958323e-05
extra_trees,cat__room_count_3.5+1,5.249415087942245e-05
extra_trees,cat__duplex_match_source_conflict_detail_wins,5.194381214575512e-05
extra_trees,cat__district_Fatih Sultan Mehmet Mh.,5.159361408303008e-05
extra_trees,cat__basiskele_geo_cluster_Başiskele_1,5.114675429021028e-05
extra_trees,cat__district_Değirmendere Merkez Mh.,5.094999750895333e-05
extra_trees,cat__duplex_x_district_duplex__İhsaniye Merkez Mh.,5.0469610616375734e-05
extra_trees,cat__district_28 Haziran Mah.,5.0195871319157257e-05
extra_trees,cat__basiskele_geo_cluster_x_m2_group_Başiskele_3||76-100,4.7924989957835146e-05
extra_trees,cat__duplex_x_district_duplex__Atakent Mah.,4.786598302617265e-05
extra_trees,cat__duplex_x_district_duplex__Ertuğrul Gazi Mh.,4.765266197556795e-05
extra_trees,cat__basiskele_geo_cluster_x_m2_group_Başiskele_4||76-100,4.730902813455977e-05
extra_trees,cat__detail_konut_tipi_En Üst Kat|Çatı Dubleksi,4.6038500117595315e-05
extra_trees,cat__district_Hacıhasan Mh.,4.575201604408965e-05
extra_trees,cat__site_project_id_basiskele::zeray_perla,4.498387084677597e-05
extra_trees,cat__geo_cluster_county_Başiskele_1,4.445396435686591e-05
extra_trees,cat__district_Emekevler Mh.,4.276488144391585e-05
extra_trees,cat__duplex_x_district_duplex__Yeşilyurt Mh.,4.268844433121299e-05
extra_trees,cat__basiskele_geo_cluster_x_m2_group_Başiskele_5||76-100,4.257392011786093e-05
extra_trees,cat__basiskele_geo_cluster_x_m2_group_other||126-150,4.2013159940142604e-05
extra_trees,cat__duplex_x_district_duplex__Orhan Mah.,4.1949653243885526e-05
extra_trees,cat__district_Veliahmet Mah.,4.156144937308655e-05
extra_trees,cat__duplex_x_district_duplex__Yenişehir Mh.,4.1218664421e-05
extra_trees,cat__geo_cluster_x_room_count_city_2||4+1,4.0348593430937305e-05
extra_trees,cat__basiskele_geo_cluster_x_m2_group_other||151-200,4.014407173615282e-05
extra_trees,cat__duplex_x_district_duplex__Karadenizliler Mah.,3.879916172426634e-05
extra_trees,cat__duplex_x_district_duplex__Değirmendere Yalı Mh.,3.842194104192292e-05
extra_trees,cat__district_Orhan Mah.,3.818959525538593e-05
extra_trees,cat__district_Yahyakaptan Mah.,3.791993655158314e-05
extra_trees,cat__district_Ömerağa Mh.,3.7661320766610916e-05
extra_trees,cat__district_Ereğli Mh.,3.739878168741104e-05
extra_trees,cat__district_Karaköprü Mh.,3.6626194480455636e-05
extra_trees,cat__district_Karadenizliler Mah.,3.64672249980913e-05
extra_trees,cat__geo_cluster_x_room_count_missing||4+1,3.6462433452326865e-05
extra_trees,cat__large_home_x_site_project_id_bucket_lh__n10_29,3.6057132928280244e-05
extra_trees,cat__duplex_x_district_duplex__Mahmutpaşa Mh.,3.586637679414897e-05
extra_trees,cat__basiskele_geo_cluster_x_m2_group_Başiskele_5||101-125,3.5790055971028926e-05
extra_trees,cat__duplex_x_district_duplex__Sarımeşe Mh.,3.5367151916908214e-05
extra_trees,cat__district_Sarımeşe Mh.,3.5115284700923804e-05
extra_trees,cat__geo_cluster_x_room_count_city_9||1+1,3.490884232431036e-05
extra_trees,cat__district_Çiftlik Mh.,3.454424760726067e-05
extra_trees,cat__duplex_x_district_duplex__Serdar Mah.,3.453096757701962e-05
extra_trees,num__duplex_x_site_project_known_premium,3.437211063197967e-05
extra_trees,cat__district_Alikahya Cumhuriyet Mah.,3.4276048338401216e-05
extra_trees,cat__geo_cluster_x_room_count_city_1||4+1,3.405903126025865e-05
extra_trees,cat__site_project_id_basiskele::bahcekent_konutlari,3.3925076584915355e-05
extra_trees,cat__county_Karamürsel,3.361499887339558e-05
extra_trees,cat__site_project_x_county_basiskele::zeray_gunesi__basiskele,3.3355456808526676e-05
extra_trees,cat__duplex_x_district_duplex__Alikahya Atatürk Mh.,3.2893552564143115e-05
extra_trees,cat__site_project_id_county_scoped_basiskele::zeray_perla,3.265266722583613e-05
extra_trees,cat__geo_cluster_city_city_11,3.204551915890579e-05
extra_trees,cat__district_İhsaniye Merkez Mh.,3.1625099970199975e-05
extra_trees,cat__district_Yeşilova Mh.,3.156698871432933e-05
extra_trees,cat__district_Atatürk Mh.,3.112507287930875e-05
extra_trees,cat__detail_manzara_Doğa|Havuz|Park & Yeşil Alan|Şehir,3.086244038316667e-05
extra_trees,cat__site_project_x_county_basiskele::zeray_perla__basiskele,3.0738066313053996e-05
extra_trees,cat__detail_konut_tipi_Dubleks|Ters Dubleks,3.032431824422695e-05
extra_trees,cat__duplex_x_district_duplex__Dumlupınar Mh.,3.024238246012131e-05
extra_trees,cat__district_Çukurbağ Mh.,3.013836279650802e-05
extra_trees,cat__district_Yazlık Merkez Mh.,2.9253611932882028e-05
extra_trees,cat__district_Şirinköy Mh.,2.8903522162741337e-05
extra_trees,cat__duplex_x_district_duplex__Turgut Mah.,2.8304337725601844e-05
extra_trees,cat__basiskele_geo_cluster_x_m2_group_Başiskele_3||0-75,2.8158010395928103e-05
extra_trees,cat__district_Karabaş Mh.,2.795779512474881e-05
extra_trees,cat__heating_Klima,2.6641987353264575e-05
extra_trees,cat__basiskele_geo_cluster_x_m2_group_Başiskele_1||126-150,2.6507762317624382e-05
extra_trees,cat__basiskele_geo_cluster_x_m2_group_Başiskele_0||126-150,2.5896230683995842e-05
extra_trees,cat__district_Aydınkent Mh.,2.5613484949175953e-05
extra_trees,cat__geo_cluster_x_room_count_city_9||4+1,2.464882738480147e-05
extra_trees,cat__duplex_x_district_duplex__Emekevler Mh.,2.4524560028215155e-05
extra_trees,cat__detail_konut_tipi_Ara Kat|Çatı Dubleksi,2.4217885876656976e-05
extra_trees,cat__site_project_id_county_scoped_basiskele::zeray_gunesi,2.415517534066031e-05
extra_trees,cat__duplex_x_district_duplex__Seymen Mah.,2.36429110427914e-05
extra_trees,cat__duplex_x_district_duplex__Piyalepaşa Mh.,2.34468853653996e-05
extra_trees,cat__duplex_x_district_duplex__Donanma Mah.,2.3312411018145486e-05
extra_trees,cat__site_project_x_county_basiskele::bahcekent_konutlari__basiskele,2.3309698110588065e-05
extra_trees,cat__district_Çepni Mh.,2.3244114271524805e-05
extra_trees,cat__basiskele_geo_cluster_x_m2_group_Başiskele_0||200+,2.307214948880284e-05
extra_trees,cat__basiskele_geo_cluster_x_m2_group_Başiskele_3||200+,2.2967693462770767e-05
extra_trees,cat__duplex_x_district_duplex__Kocatepe Mah.,2.252729406688981e-05
extra_trees,cat__site_project_id_basiskele::zeray_gunesi,2.2426105361424394e-05
extra_trees,cat__district_Seymen Mah.,2.2173001697046765e-05
extra_trees,cat__site_project_x_county_basiskele::ritim_vadi_evleri__basiskele,2.15317361646488e-05
extra_trees,cat__duplex_x_district_duplex__Merkez Mah.,2.14731683332195e-05
extra_trees,cat__geo_cluster_x_room_count_city_0||1+1,2.1092049059379115e-05
extra_trees,cat__duplex_x_district_duplex__Karaköprü Mh.,2.0528476789823955e-05
extra_trees,cat__duplex_x_district_duplex__Döngel Mh.,2.0264952041962126e-05
extra_trees,cat__duplex_x_district_duplex__Atatürk Mh.,1.9957537399868724e-05
extra_trees,cat__room_count_Stüdyo (1+0),1.9793676028859982e-05
extra_trees,cat__district_Mahmutpaşa Mh.,1.9688609631859326e-05
extra_trees,cat__basiskele_geo_cluster_x_m2_group_Başiskele_0||0-75,1.968128971951601e-05
extra_trees,cat__duplex_x_district_duplex__Altınkent Mh.,1.9632280451382506e-05
extra_trees,cat__duplex_x_district_duplex__M. Alipaşa Mh.,1.9078008362088968e-05
extra_trees,cat__duplex_x_district_duplex__Halıdere Yalı Mh.,1.8808363488239244e-05
extra_trees,cat__detail_manzara_Göl|Park & Yeşil Alan|Şehir,1.8158977671939782e-05
extra_trees,cat__district_Kuruçeşme Fatih Mh.,1.7783293358431882e-05
extra_trees,num__is_middle_floor_duplex,1.7433680634646735e-05
extra_trees,cat__district_Gültepe Mh.,1.6914095575482608e-05
extra_trees,cat__district_Yukarı Mh.,1.6787055799437825e-05
extra_trees,cat__district_Uzunçiftlik Mh.,1.6734406257928017e-05
extra_trees,cat__duplex_x_district_duplex__Kayacık Mh.,1.6413850171425593e-05
extra_trees,cat__site_project_id_county_scoped_basiskele::bahcekent_konutlari,1.5938329910058282e-05
extra_trees,cat__district_Tepecik Mah.,1.5899545129040305e-05
extra_trees,cat__detail_manzara_Doğa|Göl|Park & Yeşil Alan|Şehir,1.5696126926566598e-05
extra_trees,cat__room_count_4+2,1.5481864159951723e-05
extra_trees,cat__detail_manzara_Doğa|Göl|Park & Yeşil Alan,1.5139631073891859e-05
extra_trees,cat__duplex_type_middle_floor,1.5131217316789265e-05
extra_trees,cat__duplex_x_site_project_duplex__basiskele::ritim_vadi_evleri,1.4992279398834563e-05
extra_trees,cat__district_Yeniköy Merkez Mh.,1.4689013394334586e-05
extra_trees,cat__district_İpek Yolu Mh.,1.4681393296263067e-05
extra_trees,cat__duplex_x_district_duplex__Yazlık Yeni Mh.,1.4553259085791759e-05
extra_trees,cat__district_Ulaşlı Yavuz Sultan Selim Mh.,1.4494232007699004e-05
extra_trees,cat__site_project_id_basiskele::orka_life_2,1.4473589116270467e-05
extra_trees,cat__duplex_x_district_duplex__Şirinköy Mh.,1.4337110945234887e-05
extra_trees,cat__geo_cluster_x_room_count_city_1||4.5+1,1.4193706070286718e-05
extra_trees,cat__basiskele_geo_cluster_x_m2_group_Başiskele_1||101-125,1.4100826446798641e-05
extra_trees,cat__room_count_1.5+1,1.392362105766153e-05
extra_trees,cat__district_Zabıtan Mh.,1.3662851858961418e-05
extra_trees,cat__site_project_id_county_scoped_basiskele::ritim_vadi_evleri,1.3651019416688535e-05
extra_trees,cat__geo_cluster_x_room_count_city_7||4+1,1.345599477672402e-05
extra_trees,cat__duplex_x_district_duplex__Kabaoğlu Mh.,1.3452098841841522e-05
extra_trees,cat__site_project_id_county_scoped_basiskele::orka_life_2,1.3133244527815627e-05
extra_trees,cat__duplex_x_district_duplex__Tepeköy Mh.,1.3088894426136722e-05
extra_trees,cat__duplex_x_district_duplex__Kullar Yakacık Mh.,1.2930121015636163e-05
extra_trees,cat__duplex_x_district_duplex__Aydınkent Mh.,1.2902402426182744e-05
extra_trees,cat__usage_status_missing,1.2684582038226864e-05
extra_trees,cat__site_project_x_county_basiskele::orka_life_2__basiskele,1.2537172928321433e-05
extra_trees,cat__detail_konut_tipi_Ara Kat Dubleks,1.2184119642611355e-05
extra_trees,cat__duplex_x_site_project_duplex__basiskele::zeray_gunesi,1.2038275748732088e-05
extra_trees,cat__duplex_x_district_duplex__Veliahmet Mah.,1.1825565842823529e-05
extra_trees,cat__parking_missing,1.1273569305557334e-05
extra_trees,cat__demo_dominant_marital_status_Evli,1.1243893413150488e-05
extra_trees,cat__district_Yenidoğan Mh.,1.1045484075436215e-05
extra_trees,cat__duplex_x_district_duplex__Yeşilova Mh.,1.1023639852429015e-05
extra_trees,cat__demo_dominant_education_İlkokul,1.0970045731546291e-05
extra_trees,cat__duplex_x_district_duplex__Kavaklı Mh.,1.0957828591102164e-05
extra_trees,cat__site_project_id_county_scoped_basiskele::evimiz_kocaeli,1.053428024561636e-05
extra_trees,cat__site_project_id_basiskele::ritim_vadi_evleri,1.0337511599551285e-05
extra_trees,cat__duplex_x_district_duplex__Yukarı Mh.,1.0170401260769269e-05
extra_trees,cat__district_Doğan Mh.,9.861379188837796e-06
extra_trees,cat__detail_konut_tipi_Bahçe Dubleksi|Ters Dubleks,9.74380143118759e-06
extra_trees,cat__basiskele_geo_cluster_x_m2_group_Başiskele_1||151-200,9.635376540562538e-06
extra_trees,cat__district_Yunus Emre Mah.,9.614708513186077e-06
extra_trees,cat__room_count_3+2,9.560584896883529e-06
extra_trees,cat__duplex_x_district_duplex__Hatipköy Mh.,9.506612159615945e-06
extra_trees,cat__geo_cluster_x_room_count_city_11||3+1,9.296381092130858e-06
extra_trees,cat__district_Fevzi Çakmak Mh.,9.256887510311195e-06
extra_trees,cat__elevator_missing,9.171814388771408e-06
extra_trees,cat__duplex_x_district_duplex__Akpınar Mh.,9.081909676744252e-06
extra_trees,cat__district_Malta Mah.,8.286267977881913e-06
extra_trees,cat__middle_floor_duplex_x_floor_segment_nonmid,8.192504985722028e-06
extra_trees,cat__district_Yaylacık Mh.,8.14340308727924e-06
extra_trees,cat__detail_konut_tipi_Dubleks|En Üst Kat|Ara Kat|Ara Kat Dubleks|Bahçe Dubleksi|Çatı Dubleksi|Forleks|Ters Dubleks|Tripleks,8.082028182266377e-06
extra_trees,cat__district_Kullar Yakacık Mh.,8.060350654820024e-06
extra_trees,cat__geo_cluster_x_room_count_city_3||5+1,7.74624184225673e-06
extra_trees,cat__duplex_x_district_duplex__Çukurbağ Mh.,7.689570673040404e-06
extra_trees,cat__room_count_4.5+1,7.64007550032307e-06
extra_trees,cat__geo_cluster_x_room_count_city_11||2+1,7.492569953951696e-06
extra_trees,cat__district_Hisareyn Merkez Mah.,7.410814814397158e-06
extra_trees,cat__duplex_x_district_duplex__Yazlık Merkez Mh.,7.303279851613651e-06
extra_trees,cat__geo_cluster_county_Karamürsel_2,7.194389252372139e-06
extra_trees,cat__detail_manzara_Doğa|Havuz,6.93759126699698e-06
extra_trees,cat__middle_floor_duplex_x_floor_segment_mid__Ara Kat,6.854799905820473e-06
extra_trees,cat__district_Kabaoğlu Mh.,6.806443270918658e-06
extra_trees,cat__duplex_x_district_duplex__Yüzbaşılar Mh.,6.745698536094491e-06
extra_trees,cat__district_Ayazma Mah.,6.513196968445024e-06
extra_trees,cat__duplex_x_district_duplex__28 Haziran Mah.,6.441188449440906e-06
extra_trees,cat__detail_konut_tipi_Dubleks|En Üst Kat,6.362334784449347e-06
extra_trees,cat__duplex_x_district_duplex__Örcün Mh.,6.185488433046144e-06
extra_trees,cat__district_Tavşantepe Mh.,6.076714819357548e-06
extra_trees,cat__duplex_x_site_project_duplex__karamursel::other,6.043514406541028e-06
extra_trees,cat__district_İstasyon Mh.,5.9318242030305825e-06
extra_trees,cat__district_Hatipköy Mh.,5.739983119892093e-06
extra_trees,cat__basiskele_geo_cluster_x_m2_group_Başiskele_4||0-75,5.6952041861471625e-06
extra_trees,cat__geo_cluster_x_room_count_city_6||1+1,5.658188498183709e-06
extra_trees,cat__geo_cluster_x_room_count_city_7||3+2,5.652147083444084e-06
extra_trees,cat__site_project_x_county_basiskele::ustpark_afraze__basiskele,5.6436556308485644e-06
extra_trees,cat__district_Köseköy Mh.,5.622929488843256e-06
extra_trees,cat__site_project_id_county_scoped_basiskele::royal_country,5.537431528619575e-06
extra_trees,cat__site_project_id_county_scoped_basiskele::ustpark_afraze,5.46800677276802e-06
extra_trees,cat__duplex_x_district_duplex__Şehitler Mh.,5.460949997251998e-06
extra_trees,cat__site_inside_missing,5.4227168802774745e-06
extra_trees,cat__district_Bekirdere Mah.,5.3131951475386965e-06
extra_trees,cat__furnished_missing,5.27985242238063e-06
extra_trees,cat__detail_manzara_Boğaz|Deniz,5.245830517426928e-06
extra_trees,cat__district_Damlar Mah.,5.183745038041867e-06
extra_trees,cat__room_count_2.5+1,5.133867457780951e-06
extra_trees,cat__duplex_x_district_duplex__Yeniköy Merkez Mh.,5.127317630917168e-06
extra_trees,cat__detail_manzara_Deniz|Havuz,5.083382125810474e-06
extra_trees,cat__site_project_id_basiskele::evimiz_kocaeli,5.048385553572935e-06
extra_trees,cat__duplex_x_district_duplex__Hisareyn Merkez Mah.,5.0457353578321074e-06
extra_trees,cat__site_project_id_county_scoped_basiskele::mamik_reform,4.992565611239506e-06
extra_trees,cat__duplex_x_district_duplex__Yaylacık Mh.,4.975755358650793e-06
extra_trees,cat__duplex_x_district_duplex__Cedit Mah.,4.900342408119871e-06
extra_trees,cat__district_Derbent Mh.,4.888505241583689e-06
extra_trees,cat__geo_cluster_x_room_count_city_2||4+2,4.770275361313888e-06
extra_trees,cat__heating_Kombi (Elektrik),4.725574843501421e-06
extra_trees,cat__duplex_x_district_duplex__Alikahya Cumhuriyet Mah.,4.688763977707305e-06
extra_trees,cat__site_project_x_county_basiskele::evimiz_kocaeli__basiskele,4.6541403606137515e-06
extra_trees,cat__room_count_5+2,4.624007064295627e-06
extra_trees,cat__duplex_x_district_duplex__Maşukiye Mh.,4.507622214002839e-06
extra_trees,cat__district_Kemalpaşa Mh.,4.3598904223342025e-06
extra_trees,cat__site_project_id_basiskele::mamik_reform,4.334293308366261e-06
extra_trees,cat__heating_missing,4.162844545592114e-06
extra_trees,cat__duplex_x_district_duplex__Kullar Tepecik Mh.,4.155814220052456e-06
extra_trees,cat__real_estate_type_Satılık Rezidans,4.11334941198477e-06
extra_trees,cat__detail_konut_tipi_En Üst Kat|Ara Kat,4.107815857258098e-06
extra_trees,cat__real_estate_type_Satılık Daire,4.0060690071511585e-06
extra_trees,cat__site_project_id_basiskele::yakamoz_konutlari,3.936903567309505e-06
extra_trees,cat__district_Akarca Mah.,3.851312967657107e-06
extra_trees,cat__site_project_x_county_basiskele::zeraykent_yuvacik__basiskele,3.833914722817168e-06
extra_trees,cat__geo_cluster_x_room_count_city_1||1+1,3.832329107487912e-06
extra_trees,cat__detail_konut_tipi_Dubleks|Ara Kat,3.760587266748218e-06
extra_trees,cat__duplex_x_district_duplex__Dereköy Mh.,3.7243124881497356e-06
extra_trees,cat__basiskele_geo_cluster_x_m2_group_Başiskele_5||0-75,3.7136825377547633e-06
extra_trees,cat__geo_cluster_x_room_count_city_10||Stüdyo (1+0),3.55525959708166e-06
extra_trees,cat__duplex_x_district_duplex__Kuruçeşme Fatih Mh.,3.4425329608730582e-06
extra_trees,cat__geo_cluster_x_room_count_city_2||1+1,3.3779588210849834e-06
extra_trees,cat__heating_Soba,3.33971923397162e-06
extra_trees,cat__site_project_id_basiskele::alizepark_city,3.235836032623677e-06
extra_trees,cat__site_project_id_basiskele::orka_life,3.204665249230091e-06
extra_trees,cat__duplex_x_district_duplex__Erenler Mah.,3.0864689984013564e-06
extra_trees,cat__district_Arslanbey Mh.,3.0288509480441866e-06
extra_trees,cat__detail_konut_tipi_Tripleks,3.01372337508862e-06
extra_trees,cat__district_Ataşehir Mh.,2.896415287382062e-06
extra_trees,cat__duplex_x_district_duplex__Yahyakaptan Mah.,2.8960050758319356e-06
extra_trees,cat__basiskele_geo_cluster_x_m2_group_other||200+,2.8434525102004426e-06
extra_trees,cat__duplex_x_district_duplex__Köseköy Mh.,2.831163398060762e-06
extra_trees,cat__site_project_x_county_basiskele::alizepark_city__basiskele,2.750239011521851e-06
extra_trees,cat__district_Örcün Mh.,2.7417341106771607e-06
extra_trees,cat__site_project_id_basiskele::royal_city_akkurt,2.6972484582070653e-06
extra_trees,cat__duplex_x_site_project_duplex__basiskele::zeray_perla,2.6943701363482094e-06
extra_trees,cat__basiskele_geo_cluster_x_m2_group_Başiskele_2||200+,2.4661702001047586e-06
extra_trees,cat__duplex_x_site_project_duplex__basiskele::ustpark_afraze,2.4349252732532115e-06
extra_trees,cat__building_age_group_missing,2.409169272450737e-06
extra_trees,cat__site_project_id_basiskele::royal_life,2.4055786046555317e-06
extra_trees,cat__geo_cluster_x_room_count_city_5||Stüdyo (1+0),2.397703270456638e-06
extra_trees,cat__site_project_id_basiskele::zeraykent_yuvacik,2.361581310947049e-06
extra_trees,cat__detail_konut_tipi_Ara Kat|Tripleks,2.269982414380504e-06
extra_trees,cat__detail_konut_tipi_Dubleks|En Üst Kat|Ara Kat|Çatı Dubleksi,2.2699164238763492e-06
extra_trees,cat__site_project_x_county_basiskele::mamik_reform__basiskele,2.2663158525759398e-06
extra_trees,cat__demo_dominant_marital_status_Bekar,2.2299125429859315e-06
extra_trees,cat__district_Düzağaç Mh.,2.228672384610551e-06
extra_trees,cat__heating_Kat Kaloriferi,2.1247356124594347e-06
extra_trees,cat__duplex_x_district_duplex__İbrikdere Mh.,2.121282030855676e-06
extra_trees,cat__detail_manzara_Göl,2.1078788750799276e-06
extra_trees,cat__duplex_x_district_duplex__İstasyon Mh.,2.0759728313803075e-06
extra_trees,cat__detail_konut_tipi_Dubleks|Ara Kat|Ara Kat Dubleks,2.0527497235371492e-06
extra_trees,cat__duplex_x_district_duplex__Tüysüzler Mh.,2.0407576174544017e-06
extra_trees,cat__duplex_x_district_duplex__Ereğli Mh.,1.959427280973593e-06
extra_trees,cat__district_Kullar Tepecik Mh.,1.911056973746535e-06
extra_trees,cat__site_project_x_county_basiskele::royal_country__basiskele,1.8387903939863424e-06
extra_trees,cat__duplex_x_district_duplex__Uzunçiftlik Mh.,1.8182041602727167e-06
extra_trees,cat__roof_duplex_x_floor_segment_roof__Zemin/Giriş,1.8165550406294773e-06
extra_trees,cat__geo_cluster_x_room_count_city_2||5+1,1.7900423452111393e-06
extra_trees,cat__district_Sepetçi Mh.,1.776960494761477e-06
extra_trees,cat__geo_cluster_x_room_count_city_10||5+1,1.7150525238972327e-06
extra_trees,cat__demo_dominant_age_group_missing,1.714756088833386e-06
extra_trees,cat__geo_cluster_x_room_count_city_4||5+1,1.601717013081098e-06
extra_trees,cat__site_project_id_county_scoped_basiskele::yakamoz_konutlari,1.5552937609475262e-06
extra_trees,cat__site_project_id_county_scoped_basiskele::zeraykent_yuvacik,1.5246774790666402e-06
extra_trees,cat__duplex_x_district_duplex__Karabaş Mh.,1.4739808880536813e-06
extra_trees,cat__detail_manzara_Boğaz|Deniz|Doğa|Şehir,1.4261702563423359e-06
extra_trees,cat__duplex_x_district_duplex__Hacıhızır Mh.,1.4219822305695405e-06
extra_trees,cat__heating_VRV,1.414450734461515e-06
extra_trees,cat__site_project_x_county_basiskele::yakamoz_konutlari__basiskele,1.4035314952246075e-06
extra_trees,cat__duplex_x_district_duplex__Derbent Mh.,1.3881193476519954e-06
extra_trees,cat__district_Tüysüzler Mh.,1.3538173896269153e-06
extra_trees,cat__duplex_x_district_duplex__İpek Yolu Mh.,1.3371907655542566e-06
extra_trees,cat__detail_manzara_Deniz|Doğa|Havuz|Park & Yeşil Alan,1.335159892025117e-06
extra_trees,cat__basiskele_geo_cluster_x_m2_group_other||0-75,1.2965913114096443e-06
extra_trees,cat__geo_cluster_x_room_count_city_8||1+1,1.2850729108554291e-06
extra_trees,cat__detail_manzara_Boğaz|Deniz|Park & Yeşil Alan|Şehir,1.2437469050368854e-06
extra_trees,cat__geo_cluster_x_room_count_city_11||4+1,1.1526455216183265e-06
extra_trees,cat__site_project_id_basiskele::royal_country,1.1458258840390408e-06
extra_trees,cat__geo_cluster_x_room_count_city_3||4+2,1.1061583796359384e-06
extra_trees,cat__district_Sekbanlı Mh.,1.0114271907098129e-06
extra_trees,cat__duplex_x_site_project_duplex__basiskele::zeraykent_yuvacik,9.729444056592983e-07
extra_trees,cat__detail_manzara_Doğa|Göl,9.247623469692767e-07
extra_trees,num__is_basement,8.927764733945902e-07
extra_trees,cat__basiskele_geo_cluster_x_m2_group_Başiskele_1||76-100,8.495961365696546e-07
extra_trees,cat__site_project_x_county_basiskele::royal_life__basiskele,8.200300179481614e-07
extra_trees,cat__site_project_x_county_basiskele::royal_city_akkurt__basiskele,7.910943224461587e-07
extra_trees,cat__district_Maşukiye Mh.,7.792819650971627e-07
extra_trees,cat__geo_cluster_x_room_count_city_6||5+1,5.692413246042145e-07
extra_trees,cat__geo_cluster_x_room_count_city_7||5+1,5.5659730836729e-07
extra_trees,cat__site_project_id_basiskele::kirazli_kent,5.409581655727199e-07
extra_trees,cat__demo_dominant_education_missing,4.5563128876948943e-07
extra_trees,cat__duplex_x_district_duplex__Uzuntarla Mh.,4.517587935847159e-07
extra_trees,cat__duplex_x_district_duplex__Damlar Mah.,4.3640295546703855e-07
extra_trees,cat__roof_duplex_x_floor_segment_roof__Bahçe,4.136789076411043e-07
extra_trees,cat__site_project_id_county_scoped_basiskele::kirazli_kent,3.942529064995291e-07
extra_trees,cat__duplex_x_district_duplex__Kozluk Mah.,3.7801075688982407e-07
extra_trees,cat__district_İbrikdere Mh.,3.5101557332498093e-07
extra_trees,cat__geo_cluster_x_room_count_city_2||6+1,3.382478664208419e-07
extra_trees,cat__demo_dominant_marital_status_missing,3.335806054402346e-07
extra_trees,num__demo_has_county_demographics,2.5699800056411736e-07
extra_trees,cat__district_Halıdere Yeni Mh.,2.4670851219278567e-07
extra_trees,cat__room_count_6+1,2.314667025854927e-07
extra_trees,cat__site_project_id_basiskele::ustpark_afraze,2.2657662514444272e-07
extra_trees,cat__site_project_x_county_basiskele::orka_life__basiskele,2.2368503977903988e-07
extra_trees,num__demo_has_demographics,1.7040398459363144e-07
extra_trees,cat__rent_feature_level_county,1.0783506710606895e-07
extra_trees,cat__district_Yeşilkent Mh.,1.0612704716080447e-07
extra_trees,num__demo_coverage_score,1.0217850519303113e-07
extra_trees,cat__district_Sanayi Mah.,1.0137080707230477e-07
extra_trees,cat__district_Kullar Merkez Mh.,8.51514109111909e-08
extra_trees,cat__site_project_id_county_scoped_basiskele::royal_city_akkurt,7.63954147979279e-08
extra_trees,cat__duplex_x_site_project_duplex__basiskele::royal_city_akkurt,7.580709249456533e-08
extra_trees,cat__basiskele_geo_cluster_x_m2_group_Başiskele_1||0-75,6.391634185737232e-08
extra_trees,cat__demo_ses_group_missing,6.348530850614825e-08
extra_trees,cat__geo_cluster_x_room_count_city_0||5+1,6.31854618948071e-08
extra_trees,cat__detail_konut_tipi_Ara Kat|Bahçe Dubleksi|Çatı Dubleksi,6.269909683986086e-08
extra_trees,cat__duplex_x_district_duplex__Kullar Merkez Mh.,5.7060666632169914e-08
extra_trees,cat__duplex_x_district_duplex__Sahil Mah.,4.776466983344836e-08
extra_trees,cat__duplex_x_district_duplex__Çepni Mh.,2.640568487208658e-08
extra_trees,cat__district_Sahil Mah.,2.474823131778196e-08
extra_trees,cat__site_project_id_county_scoped_basiskele::ustgrup_mezire,1.966472708974164e-08
extra_trees,cat__balcony_missing,4.536217501810337e-09
extra_trees,cat__detail_manzara_Havuz|Şehir,1.2806547808570355e-09
extra_trees,num__open_area_m2,0.0
extra_trees,num__has_open_area,0.0
extra_trees,num__rent_feature_confidence,0.0
extra_trees,num__county_demo_per_capita_income_median,0.0
extra_trees,num__county_demo_household_income_median,0.0
extra_trees,num__demo_age_coverage,0.0
extra_trees,num__demo_education_coverage,0.0
extra_trees,num__demo_income_available,0.0
extra_trees,num__demo_ses_available,0.0
extra_trees,num__demo_market_activity_available,0.0
extra_trees,num__demo_infrastructure_available,0.0
extra_trees,num__demo_real_estate_agent_count,0.0
extra_trees,num__demo_agent_listing_count,0.0
extra_trees,num__demo_owner_listing_count,0.0
extra_trees,num__demo_sale_count,0.0
extra_trees,num__demo_mortgage_count,0.0
extra_trees,num__demo_turnover_ratio,0.0
extra_trees,num__demo_computed_turnover_ratio,0.0
extra_trees,num__demo_listing_count_2024,0.0
extra_trees,num__demo_bb_sale_count_2024,0.0
extra_trees,num__demo_bb_mortgaged_sale_count_2024,0.0
extra_trees,num__county_demo_sale_count_sum,0.0
extra_trees,num__county_demo_turnover_ratio_median,0.0
extra_trees,num__demo_turnover_vs_county,0.0
extra_trees,num__demo_saving_total,0.0
extra_trees,num__demo_expense_total,0.0
extra_trees,num__demo_expense_food,0.0
extra_trees,num__demo_expense_shelter,0.0
extra_trees,num__demo_expense_transportation,0.0
extra_trees,num__demo_expense_education,0.0
extra_trees,num__demo_ecommerce_count,0.0
extra_trees,num__demo_ecommerce_density,0.0
extra_trees,num__demo_online_retail,0.0
extra_trees,num__attr_credit_eligible,0.0
extra_trees,num__location_precision_approx,0.0
extra_trees,num__location_precision_district_only,0.0
extra_trees,num__is_coastal_500m,0.0
extra_trees,num__is_coastal_1000m,0.0
extra_trees,num__is_coastal_2000m,0.0
extra_trees,num__distance_to_sea_m,0.0
extra_trees,num__log_distance_to_sea,0.0
extra_trees,num__is_coastal_250m,0.0
extra_trees,num__coastal_access_score,0.0
extra_trees,num__bsk_distance_to_sea_x_view_sea,0.0
extra_trees,num__bsk_distance_to_sea_x_near_sea_zero,0.0
extra_trees,num__bsk_distance_to_sea_x_large_home,0.0
extra_trees,num__bsk_distance_to_sea_x_site_inside,0.0
extra_trees,num__bsk_distance_to_sea_x_quality,0.0
extra_trees,num__bsk_coastal_x_large_home,0.0
extra_trees,num__bsk_coastal_x_geo_cluster,0.0
extra_trees,num__bsk_coastal_x_room_4p1,0.0
extra_trees,num__site_project_listing_count,0.0
extra_trees,num__site_project_freq_bucket,0.0
extra_trees,num__site_project_county_frequency,0.0
extra_trees,num__garden_duplex_x_private_garden,0.0
extra_trees,cat__real_estate_type_Satılık Müstakil Ev,0.0
extra_trees,cat__real_estate_type_Satılık Villa,0.0
extra_trees,cat__real_estate_type_Satılık Yazlık,0.0
extra_trees,cat__room_count_2+0,0.0
extra_trees,cat__room_count_2+2,0.0
extra_trees,cat__room_count_3+0,0.0
extra_trees,cat__room_count_4.5+2,0.0
extra_trees,cat__room_count_5.5+1,0.0
extra_trees,cat__room_count_6+2,0.0
extra_trees,cat__room_count_6+3,0.0
extra_trees,cat__room_count_7+1,0.0
extra_trees,cat__floor_segment_Bodrum,0.0
extra_trees,cat__floor_segment_missing,0.0
extra_trees,cat__kitchen_Belirtilmemiş,0.0
extra_trees,cat__elevator_Belirtilmemiş,0.0
extra_trees,cat__site_inside_Belirtilmemiş,0.0
extra_trees,cat__credit_eligible_missing,0.0
extra_trees,cat__energy_certificate_missing,0.0
extra_trees,cat__deed_status_missing,0.0
extra_trees,cat__seller_type_missing,0.0
extra_trees,cat__barter_missing,0.0
extra_trees,cat__city_Kocaeli,0.0
extra_trees,cat__district_Acısu Mh.,0.0
extra_trees,cat__district_Alikahya Merkez Mah.,0.0
extra_trees,cat__district_Arızlı Mh.,0.0
extra_trees,cat__district_Avcıköy Mh.,0.0
extra_trees,cat__district_Bahçecik Kılıçaslan Mh.,0.0
extra_trees,cat__district_Bahçecik Şehitekrem Mh.,0.0
extra_trees,cat__district_Dereköy Mh.,0.0
extra_trees,cat__district_Durhasan Mh.,0.0
extra_trees,cat__district_Havuzlubahçe Mh.,0.0
extra_trees,cat__district_Karşıyaka Mh.,0.0
extra_trees,cat__district_Saraylı Mh.,0.0
extra_trees,cat__district_Tepecik Mh.,0.0
extra_trees,cat__district_Ulaşlı Yalı Mh.,0.0
extra_trees,cat__district_Uzuntarla Mh.,0.0
extra_trees,cat__district_Vezirçiftliği Mh.,0.0
extra_trees,cat__district_Yalakdere Mh.,0.0
extra_trees,cat__district_Yuvacık Yakacık Mh.,0.0
extra_trees,cat__district_Şevkatiye Mh.,0.0
extra_trees,cat__detail_manzara_Boğaz|Deniz|Doğa,0.0
extra_trees,cat__detail_manzara_Boğaz|Deniz|Doğa|Göl|Havuz|Nehir|Park & Yeşil Alan|Şehir,0.0
extra_trees,cat__detail_manzara_Boğaz|Deniz|Doğa|Göl|Park & Yeşil Alan|Şehir,0.0
extra_trees,cat__detail_manzara_Boğaz|Deniz|Doğa|Havuz|Park & Yeşil Alan|Şehir,0.0
extra_trees,cat__detail_manzara_Boğaz|Deniz|Doğa|Park & Yeşil Alan,0.0
extra_trees,cat__detail_manzara_Boğaz|Deniz|Göl|Park & Yeşil Alan,0.0
extra_trees,cat__detail_manzara_Boğaz|Deniz|Park & Yeşil Alan,0.0
extra_trees,cat__detail_manzara_Boğaz|Deniz|Şehir,0.0
extra_trees,cat__detail_manzara_Boğaz|Doğa|Havuz|Park & Yeşil Alan,0.0
extra_trees,cat__detail_manzara_Boğaz|Doğa|Park & Yeşil Alan,0.0
extra_trees,cat__detail_manzara_Boğaz|Doğa|Park & Yeşil Alan|Şehir,0.0
extra_trees,cat__detail_manzara_Deniz|Doğa|Göl|Park & Yeşil Alan,0.0
extra_trees,cat__detail_manzara_Deniz|Doğa|Göl|Park & Yeşil Alan|Şehir,0.0
extra_trees,cat__detail_manzara_Deniz|Doğa|Havuz,0.0
extra_trees,cat__detail_manzara_Deniz|Doğa|Havuz|Şehir,0.0
extra_trees,cat__detail_manzara_Deniz|Doğa|Nehir|Park & Yeşil Alan|Şehir,0.0
extra_trees,cat__detail_manzara_Deniz|Göl|Şehir,0.0
extra_trees,cat__detail_manzara_Deniz|Havuz|Park & Yeşil Alan,0.0
extra_trees,cat__detail_manzara_Deniz|Havuz|Park & Yeşil Alan|Şehir,0.0
extra_trees,cat__detail_manzara_Deniz|Havuz|Şehir,0.0
extra_trees,cat__detail_manzara_Deniz|Nehir|Park & Yeşil Alan,0.0
extra_trees,cat__detail_manzara_Doğa|Göl|Havuz|Park & Yeşil Alan|Şehir,0.0
extra_trees,cat__detail_manzara_Doğa|Göl|Havuz|Şehir,0.0
extra_trees,cat__detail_manzara_Doğa|Göl|Şehir,0.0
extra_trees,cat__detail_manzara_Doğa|Havuz|Şehir,0.0
extra_trees,cat__detail_manzara_Doğa|Nehir|Park & Yeşil Alan,0.0
extra_trees,cat__detail_manzara_Doğa|Nehir|Park & Yeşil Alan|Şehir,0.0
extra_trees,cat__detail_manzara_Göl|Havuz,0.0
extra_trees,cat__detail_manzara_Göl|Havuz|Park & Yeşil Alan,0.0
extra_trees,cat__detail_manzara_Göl|Park & Yeşil Alan,0.0
extra_trees,cat__detail_manzara_Göl|Şehir,0.0
extra_trees,cat__detail_konut_tipi_Ara Kat|Ara Kat Dubleks,0.0
extra_trees,cat__detail_konut_tipi_Ara Kat|Bahçe Dubleksi,0.0
extra_trees,cat__detail_konut_tipi_Bahçe Dubleksi|Tripleks,0.0
extra_trees,cat__detail_konut_tipi_Bahçe Dubleksi|Çatı Dubleksi,0.0
extra_trees,cat__detail_konut_tipi_Dubleks|Ara Kat Dubleks,0.0
extra_trees,cat__detail_konut_tipi_Dubleks|Ara Kat Dubleks|Ters Dubleks,0.0
extra_trees,cat__detail_konut_tipi_Dubleks|Ara Kat|Ara Kat Dubleks|Bahçe Dubleksi,0.0
extra_trees,cat__detail_konut_tipi_Dubleks|Ara Kat|Ara Kat Dubleks|Bahçe Dubleksi|Ters Dubleks,0.0
extra_trees,cat__detail_konut_tipi_Dubleks|Ara Kat|Ara Kat Dubleks|Ters Dubleks,0.0
extra_trees,cat__detail_konut_tipi_Dubleks|Ara Kat|Bahçe Dubleksi,0.0
extra_trees,cat__detail_konut_tipi_Dubleks|Ara Kat|Bahçe Dubleksi|Ters Dubleks,0.0
extra_trees,cat__detail_konut_tipi_Dubleks|Ara Kat|Bahçe Dubleksi|Çatı Dubleksi|Ters Dubleks,0.0
extra_trees,cat__detail_konut_tipi_Dubleks|Ara Kat|Çatı Dubleksi,0.0
extra_trees,cat__detail_konut_tipi_Dubleks|Bahçe Dubleksi|Ters Dubleks,0.0
extra_trees,cat__detail_konut_tipi_Dubleks|Bahçe Dubleksi|Çatı Dubleksi,0.0
extra_trees,cat__detail_konut_tipi_Dubleks|En Üst Kat|Ara Kat,0.0
extra_trees,cat__detail_konut_tipi_Dubleks|En Üst Kat|Ara Kat Dubleks|Bahçe Dubleksi|Çatı Dubleksi|Forleks|Ters Dubleks|Tripleks,0.0
extra_trees,cat__detail_konut_tipi_Dubleks|En Üst Kat|Ara Kat Dubleks|Bahçe Dubleksi|Çatı Dubleksi|Ters Dubleks,0.0
extra_trees,cat__detail_konut_tipi_Dubleks|En Üst Kat|Ara Kat Dubleks|Çatı Dubleksi|Ters Dubleks,0.0
extra_trees,cat__detail_konut_tipi_Dubleks|En Üst Kat|Ara Kat Dubleks|Çatı Dubleksi|Ters Dubleks|Tripleks,0.0
extra_trees,cat__detail_konut_tipi_Dubleks|En Üst Kat|Ara Kat|Ara Kat Dubleks|Bahçe Dubleksi|Çatı Dubleksi|Forleks|Ters Dubleks,0.0
extra_trees,cat__detail_konut_tipi_Dubleks|En Üst Kat|Ara Kat|Ara Kat Dubleks|Bahçe Dubleksi|Çatı Dubleksi|Ters Dubleks,0.0
extra_trees,cat__detail_konut_tipi_Dubleks|En Üst Kat|Ara Kat|Ara Kat Dubleks|Bahçe Dubleksi|Çatı Dubleksi|Ters Dubleks|Tripleks,0.0
extra_trees,cat__detail_konut_tipi_Dubleks|En Üst Kat|Ara Kat|Ara Kat Dubleks|Çatı Dubleksi,0.0
extra_trees,cat__detail_konut_tipi_Dubleks|En Üst Kat|Ara Kat|Ara Kat Dubleks|Çatı Dubleksi|Forleks|Ters Dubleks|Tripleks,0.0
extra_trees,cat__detail_konut_tipi_Dubleks|En Üst Kat|Ara Kat|Ara Kat Dubleks|Çatı Dubleksi|Ters Dubleks,0.0
extra_trees,cat__detail_konut_tipi_Dubleks|En Üst Kat|Ara Kat|Bahçe Dubleksi,0.0
extra_trees,cat__detail_konut_tipi_Dubleks|En Üst Kat|Ara Kat|Bahçe Dubleksi|Çatı Dubleksi,0.0
extra_trees,cat__detail_konut_tipi_Dubleks|En Üst Kat|Ara Kat|Çatı Dubleksi|Ters Dubleks,0.0
extra_trees,cat__detail_konut_tipi_Dubleks|En Üst Kat|Ters Dubleks,0.0
extra_trees,cat__detail_konut_tipi_Dubleks|En Üst Kat|Çatı Dubleksi|Ters Dubleks,0.0
extra_trees,cat__detail_konut_tipi_En Üst Kat|Ara Kat Dubleks|Çatı Dubleksi,0.0
extra_trees,cat__detail_konut_tipi_En Üst Kat|Ara Kat|Bahçe Dubleksi,0.0
extra_trees,cat__detail_konut_tipi_En Üst Kat|Ara Kat|Çatı Dubleksi,0.0
extra_trees,cat__detail_konut_tipi_En Üst Kat|Tripleks,0.0
extra_trees,cat__detail_konut_tipi_Forleks,0.0
extra_trees,cat__detail_konut_tipi_Kat Dubleksi,0.0
extra_trees,cat__detail_konut_tipi_Çatı Dubleksi|Ters Dubleks,0.0
extra_trees,cat__demo_dominant_age_group_10-14,0.0
extra_trees,cat__location_precision_district_only,0.0
extra_trees,cat__location_source_district_text,0.0
extra_trees,cat__basiskele_geo_cluster_x_m2_group_Başiskele_1||200+,0.0
extra_trees,cat__basiskele_geo_cluster_x_m2_group_Başiskele_2||0-75,0.0
extra_trees,cat__geo_cluster_x_room_count_city_0||1.5+1,0.0
extra_trees,cat__geo_cluster_x_room_count_city_0||2.5+1,0.0
extra_trees,cat__geo_cluster_x_room_count_city_0||3+2,0.0
extra_trees,cat__geo_cluster_x_room_count_city_0||3.5+1,0.0
extra_trees,cat__geo_cluster_x_room_count_city_0||4+2,0.0
extra_trees,cat__geo_cluster_x_room_count_city_0||4.5+1,0.0
extra_trees,cat__geo_cluster_x_room_count_city_0||5+2,0.0
extra_trees,cat__geo_cluster_x_room_count_city_0||6+1,0.0
extra_trees,cat__geo_cluster_x_room_count_city_10||6+1,0.0
extra_trees,cat__geo_cluster_x_room_count_city_1||1.5+1,0.0
extra_trees,cat__geo_cluster_x_room_count_city_1||3.5+1,0.0
extra_trees,cat__geo_cluster_x_room_count_city_1||4+2,0.0
extra_trees,cat__geo_cluster_x_room_count_city_1||5+1,0.0
extra_trees,cat__geo_cluster_x_room_count_city_1||5+2,0.0
extra_trees,cat__geo_cluster_x_room_count_city_1||5.5+1,0.0
extra_trees,cat__geo_cluster_x_room_count_city_2||2+2,0.0
extra_trees,cat__geo_cluster_x_room_count_city_2||2.5+1,0.0
extra_trees,cat__geo_cluster_x_room_count_city_2||3+2,0.0
extra_trees,cat__geo_cluster_x_room_count_city_2||3.5+1,0.0
extra_trees,cat__geo_cluster_x_room_count_city_2||4.5+1,0.0
extra_trees,cat__geo_cluster_x_room_count_city_2||4.5+2,0.0
extra_trees,cat__geo_cluster_x_room_count_city_2||5+2,0.0
extra_trees,cat__geo_cluster_x_room_count_city_2||5.5+1,0.0
extra_trees,cat__geo_cluster_x_room_count_city_2||6+2,0.0
extra_trees,cat__geo_cluster_x_room_count_city_3||2.5+1,0.0
extra_trees,cat__geo_cluster_x_room_count_city_3||3+0,0.0
extra_trees,cat__geo_cluster_x_room_count_city_3||3+2,0.0
extra_trees,cat__geo_cluster_x_room_count_city_3||3.5+1,0.0
extra_trees,cat__geo_cluster_x_room_count_city_3||5+2,0.0
extra_trees,cat__geo_cluster_x_room_count_city_3||6+1,0.0
extra_trees,cat__geo_cluster_x_room_count_city_3||6+3,0.0
extra_trees,cat__geo_cluster_x_room_count_city_3||Stüdyo (1+0),0.0
extra_trees,cat__geo_cluster_x_room_count_city_4||1.5+1,0.0
extra_trees,cat__geo_cluster_x_room_count_city_4||2+2,0.0
extra_trees,cat__geo_cluster_x_room_count_city_4||2.5+1,0.0
extra_trees,cat__geo_cluster_x_room_count_city_4||3+2,0.0
extra_trees,cat__geo_cluster_x_room_count_city_4||3.5+1,0.0
extra_trees,cat__geo_cluster_x_room_count_city_4||4+2,0.0
extra_trees,cat__geo_cluster_x_room_count_city_4||6+1,0.0
extra_trees,cat__geo_cluster_x_room_count_city_5||2+0,0.0
extra_trees,cat__geo_cluster_x_room_count_city_5||2.5+1,0.0
extra_trees,cat__geo_cluster_x_room_count_city_5||3.5+1,0.0
extra_trees,cat__geo_cluster_x_room_count_city_5||4+2,0.0
extra_trees,cat__geo_cluster_x_room_count_city_5||5+1,0.0
extra_trees,cat__geo_cluster_x_room_count_city_5||5+2,0.0
extra_trees,cat__geo_cluster_x_room_count_city_5||5.5+1,0.0
extra_trees,cat__geo_cluster_x_room_count_city_5||6+2,0.0
extra_trees,cat__geo_cluster_x_room_count_city_6||2.5+1,0.0
extra_trees,cat__geo_cluster_x_room_count_city_6||3.5+1,0.0
extra_trees,cat__geo_cluster_x_room_count_city_7||1+1,0.0
extra_trees,cat__geo_cluster_x_room_count_city_7||1.5+1,0.0
extra_trees,cat__geo_cluster_x_room_count_city_7||2.5+1,0.0
extra_trees,cat__geo_cluster_x_room_count_city_7||3.5+1,0.0
extra_trees,cat__geo_cluster_x_room_count_city_7||4+2,0.0
extra_trees,cat__geo_cluster_x_room_count_city_8||2+2,0.0
extra_trees,cat__geo_cluster_x_room_count_city_8||2.5+1,0.0
extra_trees,cat__geo_cluster_x_room_count_city_8||4+2,0.0
extra_trees,cat__geo_cluster_x_room_count_city_8||4.5+1,0.0
extra_trees,cat__geo_cluster_x_room_count_city_8||5+1,0.0
extra_trees,cat__geo_cluster_x_room_count_city_8||5+2,0.0
extra_trees,cat__geo_cluster_x_room_count_city_8||6+1,0.0
extra_trees,cat__geo_cluster_x_room_count_city_9||1.5+1,0.0
extra_trees,cat__geo_cluster_x_room_count_city_9||5+1,0.0
extra_trees,cat__geo_cluster_x_room_count_city_9||5+2,0.0
extra_trees,cat__geo_cluster_x_room_count_city_9||Stüdyo (1+0),0.0
extra_trees,cat__geo_cluster_x_room_count_missing||2+2,0.0
extra_trees,cat__geo_cluster_x_room_count_missing||2.5+1,0.0
extra_trees,cat__geo_cluster_x_room_count_missing||3+0,0.0
extra_trees,cat__geo_cluster_x_room_count_missing||3+2,0.0
extra_trees,cat__geo_cluster_x_room_count_missing||3.5+1,0.0
extra_trees,cat__geo_cluster_x_room_count_missing||4+2,0.0
extra_trees,cat__geo_cluster_x_room_count_missing||4.5+1,0.0
extra_trees,cat__geo_cluster_x_room_count_missing||5+1,0.0
extra_trees,cat__geo_cluster_x_room_count_missing||7+1,0.0
extra_trees,cat__geo_cluster_x_room_count_missing||Stüdyo (1+0),0.0
extra_trees,cat__site_project_id_basiskele::mamik_life,0.0
extra_trees,cat__site_project_id_basiskele::ustgrup_mezire,0.0
extra_trees,cat__site_project_id_golcuk::yakamoz_konutlari,0.0
extra_trees,cat__site_project_id_kartepe::bahcekent_konutlari,0.0
extra_trees,cat__site_project_id_county_scoped_basiskele::alizepark_city,0.0
extra_trees,cat__site_project_id_county_scoped_basiskele::mamik_life,0.0
extra_trees,cat__site_project_id_county_scoped_basiskele::orka_life,0.0
extra_trees,cat__site_project_id_county_scoped_basiskele::royal_life,0.0
extra_trees,cat__site_project_id_county_scoped_golcuk::yakamoz_konutlari,0.0
extra_trees,cat__site_project_id_county_scoped_kartepe::bahcekent_konutlari,0.0
extra_trees,cat__site_project_x_county_basiskele::kirazli_kent__basiskele,0.0
extra_trees,cat__site_project_x_county_basiskele::mamik_life__basiskele,0.0
extra_trees,cat__site_project_x_county_basiskele::ustgrup_mezire__basiskele,0.0
extra_trees,cat__site_project_x_county_golcuk::yakamoz_konutlari__golcuk,0.0
extra_trees,cat__site_project_x_county_kartepe::bahcekent_konutlari__kartepe,0.0
extra_trees,cat__duplex_x_district_duplex__Akarca Mah.,0.0
extra_trees,cat__duplex_x_district_duplex__Arslanbey Mh.,0.0
extra_trees,cat__duplex_x_district_duplex__Bahçecik Kılıçaslan Mh.,0.0
extra_trees,cat__duplex_x_district_duplex__Bahçecik Şehitekrem Mh.,0.0
extra_trees,cat__duplex_x_district_duplex__Bekirdere Mah.,0.0
extra_trees,cat__duplex_x_district_duplex__Değirmendere Merkez Mh.,0.0
extra_trees,cat__duplex_x_district_duplex__Doğan Mh.,0.0
extra_trees,cat__duplex_x_district_duplex__Durhasan Mh.,0.0
extra_trees,cat__duplex_x_district_duplex__Fevzi Çakmak Mh.,0.0
extra_trees,cat__duplex_x_district_duplex__Gültepe Mh.,0.0
extra_trees,cat__duplex_x_district_duplex__Halıdere Yeni Mh.,0.0
extra_trees,cat__duplex_x_district_duplex__Kemalpaşa Mh.,0.0
extra_trees,cat__duplex_x_district_duplex__Sanayi Mah.,0.0
extra_trees,cat__duplex_x_district_duplex__Saraylı Mh.,0.0
extra_trees,cat__duplex_x_district_duplex__Sepetçi Mh.,0.0
extra_trees,cat__duplex_x_district_duplex__Tavşantepe Mh.,0.0
extra_trees,cat__duplex_x_district_duplex__Tepecik Mah.,0.0
extra_trees,cat__duplex_x_district_duplex__Ulaşlı Yavuz Sultan Selim Mh.,0.0
extra_trees,cat__duplex_x_district_duplex__Yeşilkent Mh.,0.0
extra_trees,cat__duplex_x_district_duplex__Yuvacık Yakacık Mh.,0.0
extra_trees,cat__duplex_x_district_duplex__Ömerağa Mh.,0.0
extra_trees,cat__duplex_x_site_project_duplex__basiskele::mamik_reform,0.0
extra_trees,cat__duplex_x_site_project_duplex__basiskele::orka_life_2,0.0
extra_trees,cat__duplex_x_site_project_duplex__basiskele::royal_country,0.0
extra_trees,cat__duplex_x_site_project_duplex__basiskele::ustgrup_mezire,0.0
extra_trees,cat__duplex_x_site_project_duplex__golcuk::yakamoz_konutlari,0.0
extra_trees,cat__middle_floor_duplex_x_floor_segment_mid__En Üst Kat,0.0
extra_trees,cat__middle_floor_duplex_x_floor_segment_mid__Zemin/Giriş,0.0
extra_trees,cat__large_home_x_site_project_id_bucket_lh__n1_2,0.0
gradient_boosting,num__district_m2_group_target_median,0.13454110583865092
gradient_boosting,num__attr_total_quality_score,0.09645404349261008
gradient_boosting,num__district_room_count_target_median,0.09180496085712686
gradient_boosting,num__attr_effect_building_age_bucket,0.0737842388962204
gradient_boosting,num__attr_m2_per_room,0.030312856823550567
gradient_boosting,num__location_baseline_log,0.027629125796007813
gradient_boosting,num__detail_effect_outside_mean,0.02642111354500781
gradient_boosting,num__trend_sale_m2,0.02343804985921473
gradient_boosting,num__building_age,0.02199057386950194
gradient_boosting,num__location_baseline_m2,0.020899176248738893
gradient_boosting,num__attr_building_age_inverse,0.020052180335297556
gradient_boosting,num__detail_effect_total_mean,0.01945879086985506
gradient_boosting,num__demo_old_ratio,0.01869691447777965
gradient_boosting,num__attr_effect_elevator,0.018587914588901452
gradient_boosting,num__duplex_x_gross_m2,0.016805616936570636
gradient_boosting,num__detail_effect_inside_x_attr_quality,0.01592841965811775
gradient_boosting,num__total_floors,0.01406690370790603
gradient_boosting,num__detail_effect_subtype_sum,0.013315124311916258
gradient_boosting,num__detail_effect_subtype_mean,0.011690824871644353
gradient_boosting,num__estimated_monthly_rent_gross,0.011407470932469377
gradient_boosting,num__dues,0.010000366440969464
gradient_boosting,num__detail_effect_outside_sum,0.009065597515857268
gradient_boosting,num__attr_quality_x_county_income,0.008930609123464639
gradient_boosting,num__demo_population_density,0.008802917437255316
gradient_boosting,cat__usage_status_Mülk Sahibi,0.008793589857769802
gradient_boosting,num__detail_effect_inside_sum,0.008791970443474902
gradient_boosting,cat__parking_Açık Otopark,0.00823092122396725
gradient_boosting,num__bathroom_count,0.007100520620318547
gradient_boosting,num__demo_divorced_ratio,0.006600985836387847
gradient_boosting,num__attr_quality_x_demo_income,0.00596493073672421
gradient_boosting,num__distance_to_coast_x_near_sea_zero,0.005808420434955869
gradient_boosting,num__distance_to_coastline_m,0.005705224847033745
gradient_boosting,num__detail_effect_view_mean,0.005160960914871102
gradient_boosting,num__net_m2,0.005009734982069307
gradient_boosting,num__detail_effect_total_x_attr_quality,0.004994621915166039
gradient_boosting,cat__large_home_x_site_project_id_bucket_lh__missing,0.004986655255702741
gradient_boosting,num__detail_effect_inside_mean,0.004933964721155267
gradient_boosting,num__detail_effect_outside_x_attr_quality,0.004801914488266824
gradient_boosting,num__location_baseline_vs_trend,0.00443983271606792
gradient_boosting,num__trend_yield,0.004256155723438396
gradient_boosting,num__distance_to_karamursel_center_m,0.003898142417235749
gradient_boosting,num__demo_atm_per_10k,0.0038102166758600697
gradient_boosting,num__distance_to_district_centroid_m,0.003500037156157591
gradient_boosting,num__district_target_mean,0.0034819792345132496
gradient_boosting,num__demo_age_65_plus,0.00340886463026514
gradient_boosting,num__detail_effect_front_sum,0.0031659779583327694
gradient_boosting,num__site_project_oof_price_level,0.0028650234266209985
gradient_boosting,num__attr_old_building_x_no_elevator,0.0028387817686388343
gradient_boosting,num__distance_to_coast_x_site_inside,0.002641961022854182
gradient_boosting,num__is_old_building,0.0025436786316161268
gradient_boosting,num__distance_to_yuvacik_m,0.002511030856085852
gradient_boosting,num__attr_effect_total_quality_bucket,0.0025012023107135934
gradient_boosting,num__remaining_floors,0.00247254341635861
gradient_boosting,num__basiskele_district_premium_bucket_mean,0.0024315058039223072
gradient_boosting,num__site_project_oof_residual_mean,0.002425936169221493
gradient_boosting,num__detail_effect_front_mean,0.0022677689268860413
gradient_boosting,num__detail_effect_total_abs_sum,0.002267649187958766
gradient_boosting,num__demo_age_65_plus_count,0.0021676485056507143
gradient_boosting,cat__heating_Kombi (Doğalgaz),0.002123907504445284
gradient_boosting,num__net_gross_ratio,0.0020297514311947216
gradient_boosting,num__basiskele_premium_score,0.00197694367628214
gradient_boosting,num__detail_effect_county_total_sum,0.0019381589578949374
gradient_boosting,num__distance_to_coast_x_view_sea,0.001920984007171897
gradient_boosting,num__lon_centered_county,0.0019181349133365658
gradient_boosting,num__attr_heating_quality_score,0.0019065615299218882
gradient_boosting,num__detail_effect_view_x_location_baseline,0.0018626641153238336
gradient_boosting,num__large_home_quality_x_m2,0.0018423242034372215
gradient_boosting,num__bearing_from_district_centroid_sin,0.0017916751542090036
gradient_boosting,num__bearing_from_county_centroid_cos,0.0017780790884086215
gradient_boosting,num__demo_workplace_density,0.0017686823726655381
gradient_boosting,num__demo_vehicle_per_capita,0.0017612905209044198
gradient_boosting,num__distance_to_izmit_center_m,0.001672819344970261
gradient_boosting,num__detail_effect_total_sum,0.0016703821155246046
gradient_boosting,num__distance_to_county_centroid_m,0.001659614273132752
gradient_boosting,num__basiskele_detail_group_bucket_median,0.0016138044426022814
gradient_boosting,num__demo_car_per_capita,0.001594435098271216
gradient_boosting,num__demo_density_vs_county,0.0015075460374399847
gradient_boosting,num__duplex_or_large_home,0.0014981695473706884
gradient_boosting,cat__building_age_group_31 ve üzeri,0.001492515901994449
gradient_boosting,num__district_room_rent_m2_count,0.001474247269812626
gradient_boosting,num__distance_to_sahil_m,0.0014634909810468237
gradient_boosting,num__district_m2_group_rent_m2_count,0.0013853809648606851
gradient_boosting,num__detail_effect_transport_mean,0.0013826579955698286
gradient_boosting,num__attr_building_age_score,0.0013681316299941771
gradient_boosting,num__lon,0.0013680031919668329
gradient_boosting,num__demo_young_ratio,0.001346491762057683
gradient_boosting,num__bearing_from_county_centroid_sin,0.0013252028583491187
gradient_boosting,num__district_room_rent_m2_median,0.0013152263896024632
gradient_boosting,num__trend_count_sale,0.0012933496898990217
gradient_boosting,num__detail_selected_count,0.0011935152589820873
gradient_boosting,num__attr_net_gross_ratio,0.0011695950380754315
gradient_boosting,num__demo_age_55_64,0.0011584441540114041
gradient_boosting,num__demo_middle_ratio,0.0011532003609206452
gradient_boosting,num__attr_quality_x_location_baseline,0.0011481813258752297
gradient_boosting,num__attr_floor_ratio,0.0011433264043411646
gradient_boosting,num__demo_education_graduate_count,0.0011184228491719133
gradient_boosting,num__detail_effect_used_count,0.0011065535186750733
gradient_boosting,num__detail_effect_negative_count,0.0010606705711787758
gradient_boosting,num__lat_centered_city,0.0010378957896861026
gradient_boosting,num__detail_near_count,0.0010238732496029499
gradient_boosting,num__attr_effect_heating_quality_bucket,0.0009998777551186663
gradient_boosting,num__gross_m2,0.0009945568192536913
gradient_boosting,num__distance_to_coast_x_large_home,0.000960460005502211
gradient_boosting,num__basiskele_premium_x_new_building,0.000952438844749536
gradient_boosting,num__attr_quality_x_district_median,0.0009254270188475382
gradient_boosting,num__floor_ratio,0.0009101803250580587
gradient_boosting,num__distance_to_basiskele_coast_m,0.0008764435233568947
gradient_boosting,num__location_baseline_level_code,0.0008404502392310313
gradient_boosting,num__county_room_count_target_median,0.000807934151980355
gradient_boosting,num__detail_outside_count,0.0007832152108390715
gradient_boosting,num__district_m2_group_rent_m2_median,0.0007746938118282934
gradient_boosting,num__attr_new_building_x_site_inside,0.000757071353739213
gradient_boosting,num__detail_effect_nearby_mean,0.0007216669521325733
gradient_boosting,num__demo_ses_a_plus_count,0.0007124123503300453
gradient_boosting,num__lat_centered_county,0.0007120992568570131
gradient_boosting,num__demo_ses_ab_diff_county,0.0007063178864844019
gradient_boosting,cat__detail_manzara_Deniz,0.0006804844176507331
gradient_boosting,num__demo_ses_b_ratio,0.0006735755161986058
gradient_boosting,num__attr_compact_home_x_quality,0.0006669214976312631
gradient_boosting,num__detail_transport_count,0.000637749315509378
gradient_boosting,cat__geo_cluster_x_room_count_city_2||3+1,0.0006326849975913328
gradient_boosting,num__demo_married_ratio,0.0006044841564153641
gradient_boosting,num__detail_effect_district_total_sum,0.0006001359774018794
gradient_boosting,num__district_rent_m2_count,0.0006000861342717106
gradient_boosting,num__demo_workplace_count,0.0005829779621108062
gradient_boosting,num__large_home_room_density,0.0005676132055226956
gradient_boosting,num__outside_quality_score,0.0005652644728029862
gradient_boosting,num__demo_widow_ratio,0.0005646999472672853
gradient_boosting,num__distance_to_bahcecik_m,0.0005579168940262178
gradient_boosting,num__demo_household_size,0.0005572312791507903
gradient_boosting,num__attr_amenity_score,0.0005273719040239248
gradient_boosting,num__basiskele_premium_x_location_baseline,0.00052589036301854
gradient_boosting,num__basiskele_district_premium_bucket_median,0.0005190971971793968
gradient_boosting,num__detail_effect_view_sum,0.0005190274173136522
gradient_boosting,num__lat,0.000499667171964822
gradient_boosting,num__bearing_from_district_centroid_cos,0.0004905238647946818
gradient_boosting,num__trend_sale_annual_change,0.00048195022518710175
gradient_boosting,num__demo_pharmacy_count,0.000477374661989609
gradient_boosting,num__detail_inside_count,0.00044388381532310163
gradient_boosting,num__estimated_rent_m2_gross,0.00042855336547749026
gradient_boosting,num__demo_ses_a_plus_ratio,0.00042821911340098833
gradient_boosting,num__demo_household_income_try,0.00041570172741877635
gradient_boosting,num__transport_score,0.00041438509207081096
gradient_boosting,num__demo_per_capita_income_try,0.00040607316935924675
gradient_boosting,num__large_home_log_m2,0.0004057709250177838
gradient_boosting,num__district_rent_m2_iqr,0.0003912544226929977
gradient_boosting,num__trend_rent_m2,0.00038512070719269007
gradient_boosting,cat__demo_dominant_age_group_35-39,0.00038259907315972346
gradient_boosting,cat__duplex_x_county_duplex__Karamürsel,0.0003797939319163503
gradient_boosting,num__demo_age_15_24,0.00037816847107189803
gradient_boosting,num__distance_to_golcuk_center_m,0.0003702036114309058
gradient_boosting,num__basiskele_premium_x_district_target_median,0.0003593883807698964
gradient_boosting,num__demo_high_school_diff_county,0.0003567890118452668
gradient_boosting,num__floor_num,0.00034766497791633024
gradient_boosting,num__demo_age_35_44,0.0003431558297284755
gradient_boosting,num__distance_to_kullar_m,0.0003420101637958143
gradient_boosting,num__demo_divorced_count,0.00032802349118096665
gradient_boosting,num__demo_age_0_14,0.0003136774028182513
gradient_boosting,cat__district_Çayırköy Mh.,0.000311291732652142
gradient_boosting,cat__duplex_x_site_project_duplex__missing,0.0003081833325059494
gradient_boosting,num__inside_quality_score,0.00030697321309154174
gradient_boosting,num__location_baseline_count,0.000304359892450075
gradient_boosting,num__large_home_net_gross_quality,0.000301714136444916
gradient_boosting,cat__furnished_Hayır,0.0002998691728097438
gradient_boosting,cat__district_Cumhuriyet Mah.,0.00029587192469702247
gradient_boosting,cat__duplex_x_district_duplex__4 Temmuz Mah.,0.00029283976357085886
gradient_boosting,num__distance_to_geo_cluster_center_m,0.00027140167090295174
gradient_boosting,num__demo_residential_density,0.00026349492829809445
gradient_boosting,num__district_target_median,0.000258627861404126
gradient_boosting,num__demo_university_diff_county,0.0002574537967885861
gradient_boosting,num__basiskele_detail_total_premium_signal,0.00025489968640613733
gradient_boosting,num__demo_age_55_64_count,0.00025271256824804675
gradient_boosting,num__detail_effect_positive_count,0.00025204810249102565
gradient_boosting,num__trend_price_change_sale,0.00025201868882386975
gradient_boosting,cat__geo_cluster_county_Karamürsel_0,0.00024779716568946563
gradient_boosting,num__demo_population_female,0.00024397925646501927
gradient_boosting,cat__geo_cluster_x_room_count_city_1||3+1,0.0002236012082824742
gradient_boosting,num__demo_ses_a_ratio,0.00022122536582632732
gradient_boosting,num__basiskele_detail_inside_premium_signal,0.0002194917780214214
gradient_boosting,num__demo_pharmacy_per_10k,0.00021879303663112872
gradient_boosting,cat__district_Alikahya Fatih Mah.,0.00021495219046102482
gradient_boosting,num__attr_has_premium_heating,0.0002135269589703528
gradient_boosting,num__demo_age_25_34_count,0.00020072906691943803
gradient_boosting,num__demo_age_0_14_count,0.00019967084878084811
gradient_boosting,num__demo_education_doctorate_count,0.00017562359936598558
gradient_boosting,num__demo_ses_cd_diff_county,0.00017332195994002237
gradient_boosting,num__basiskele_lat_lon_interaction,0.0001702208515816147
gradient_boosting,cat__demo_dominant_age_group_30-34,0.00016780335941235692
gradient_boosting,num__nearby_score,0.00016675511633893597
gradient_boosting,num__detail_effect_level_code,0.0001605267093351445
gradient_boosting,cat__building_age_group_21-25 arası,0.00015971081935505356
gradient_boosting,cat__building_age_group_26-30 arası,0.00015809072456776608
gradient_boosting,cat__duplex_x_county_duplex__Gölcük,0.00014993078001797455
gradient_boosting,num__detail_view_count,0.00014918740309603122
gradient_boosting,cat__geo_cluster_county_İzmit_1,0.00014585960755074523
gradient_boosting,num__district_rent_m2_median,0.00014546510868052815
gradient_boosting,cat__district_Kayacık Mh.,0.00014452656902771093
gradient_boosting,num__basiskele_premium_x_detail_view,0.00014370415755583064
gradient_boosting,num__demo_old_count,0.0001436425405863593
gradient_boosting,cat__geo_cluster_x_room_count_city_5||3+1,0.00014276277885321513
gradient_boosting,cat__large_home_x_site_project_id_bucket_lh__n30p,0.00014178690838578069
gradient_boosting,cat__duplex_x_district_duplex__Sarımeşe Mh.,0.00013925243158060722
gradient_boosting,cat__duplex_x_county_duplex__İzmit,0.00013450021064309557
gradient_boosting,num__basiskele_detail_view_premium_signal,0.00013358828984005278
gradient_boosting,num__site_project_oof_confidence,0.00013268120973442053
gradient_boosting,num__demo_bank_count,0.00013261630596376984
gradient_boosting,cat__geo_cluster_x_room_count_city_1||2+1,0.0001305081045108398
gradient_boosting,num__lon_centered_city,0.00012717172439739944
gradient_boosting,cat__parking_Kapalı Otopark,0.00012597579643670796
gradient_boosting,num__district_rent_m2_mean,0.000124391533605944
gradient_boosting,num__detail_effect_transport_sum,0.00012431170878542529
gradient_boosting,cat__elevator_Yok,0.00011463827556563883
gradient_boosting,num__demo_household_count,0.00011030977625901824
gradient_boosting,num__attr_is_middle_floor,0.00011015761230863004
gradient_boosting,num__demo_bank_per_10k,0.00011011988979873523
gradient_boosting,num__detail_front_count,0.00010637040596836213
gradient_boosting,num__attr_is_young_building,0.00010519954436291219
gradient_boosting,cat__floor_segment_Zemin/Giriş,0.00010371636352413066
gradient_boosting,num__demo_ses_c_ratio,9.883906762969585e-05
gradient_boosting,cat__kitchen_Kapalı,9.783711855278347e-05
gradient_boosting,num__demo_age_25_34,7.924128135632674e-05
gradient_boosting,cat__site_project_x_county_missing__kartepe,7.814934070185086e-05
gradient_boosting,num__detail_effect_nearby_sum,7.788075154082421e-05
gradient_boosting,num__accessibility_score,7.708374654702668e-05
gradient_boosting,num__demo_young_ratio_diff_county,7.64948892136016e-05
gradient_boosting,cat__rent_feature_level_district_room,7.284075062506468e-05
gradient_boosting,num__is_standard_duplex,6.401499187477149e-05
gradient_boosting,cat__usage_status_Boş,5.446833890535039e-05
gradient_boosting,cat__heating_Yerden Isıtma,1.3228689485316066e-05
gradient_boosting,num__open_area_m2,0.0
gradient_boosting,num__has_open_area,0.0
gradient_boosting,num__is_ground_floor,0.0
gradient_boosting,num__is_basement,0.0
gradient_boosting,num__is_top_floor,0.0
gradient_boosting,num__is_middle_floor,0.0
gradient_boosting,num__rooms,0.0
gradient_boosting,num__living_rooms,0.0
gradient_boosting,num__total_room_score,0.0
gradient_boosting,num__is_new_building,0.0
gradient_boosting,num__is_small_flat,0.0
gradient_boosting,num__is_large_flat,0.0
gradient_boosting,num__detail_quality_score,0.0
gradient_boosting,num__detail_subtype_count,0.0
gradient_boosting,num__front_score,0.0
gradient_boosting,num__view_score,0.0
gradient_boosting,num__site_security_score,0.0
gradient_boosting,num__district_rent_m2_cv,0.0
gradient_boosting,num__county_rent_m2_median,0.0
gradient_boosting,num__county_rent_m2_mean,0.0
gradient_boosting,num__county_rent_m2_count,0.0
gradient_boosting,num__rent_feature_confidence,0.0
gradient_boosting,num__trend_count_rent,0.0
gradient_boosting,num__trend_listing_period_sale,0.0
gradient_boosting,num__county_target_median,0.0
gradient_boosting,num__county_target_mean,0.0
gradient_boosting,num__demo_population_total,0.0
gradient_boosting,num__demo_population_male,0.0
gradient_boosting,num__demo_young_count,0.0
gradient_boosting,num__demo_middle_count,0.0
gradient_boosting,num__demo_female_ratio,0.0
gradient_boosting,num__demo_male_ratio,0.0
gradient_boosting,num__demo_single_ratio,0.0
gradient_boosting,num__demo_never_married_count,0.0
gradient_boosting,num__demo_married_count,0.0
gradient_boosting,num__demo_widow_count,0.0
gradient_boosting,num__demo_age_45_54,0.0
gradient_boosting,num__demo_age_15_24_count,0.0
gradient_boosting,num__demo_age_35_44_count,0.0
gradient_boosting,num__demo_age_45_54_count,0.0
gradient_boosting,num__demo_education_total,0.0
gradient_boosting,num__demo_education_university_ratio,0.0
gradient_boosting,num__demo_education_university_count,0.0
gradient_boosting,num__demo_education_high_school_ratio,0.0
gradient_boosting,num__demo_education_high_school_count,0.0
gradient_boosting,num__demo_education_middle_school_ratio,0.0
gradient_boosting,num__demo_education_middle_school_count,0.0
gradient_boosting,num__demo_education_primary_school_ratio,0.0
gradient_boosting,num__demo_education_primary_school_count,0.0
gradient_boosting,num__demo_education_primary_education_ratio,0.0
gradient_boosting,num__demo_education_graduate_ratio,0.0
gradient_boosting,num__demo_education_doctorate_ratio,0.0
gradient_boosting,num__demo_education_non_literate_ratio,0.0
gradient_boosting,num__demo_education_unknown_ratio,0.0
gradient_boosting,num__demo_ses_a_count,0.0
gradient_boosting,num__demo_ses_b_count,0.0
gradient_boosting,num__demo_ses_c_count,0.0
gradient_boosting,num__demo_ses_d_count,0.0
gradient_boosting,num__demo_ses_d_ratio,0.0
gradient_boosting,num__demo_ses_ab_ratio,0.0
gradient_boosting,num__demo_ses_cd_ratio,0.0
gradient_boosting,num__demo_residential_count,0.0
gradient_boosting,num__demo_summer_house_count,0.0
gradient_boosting,num__demo_vehicle_count,0.0
gradient_boosting,num__demo_car_count,0.0
gradient_boosting,num__demo_atm_count,0.0
gradient_boosting,num__county_demo_population_total_sum,0.0
gradient_boosting,num__county_demo_population_density_median,0.0
gradient_boosting,num__county_demo_population_density_mean,0.0
gradient_boosting,num__county_demo_per_capita_income_median,0.0
gradient_boosting,num__county_demo_household_income_median,0.0
gradient_boosting,num__county_demo_household_size_mean,0.0
gradient_boosting,num__county_demo_education_university_ratio_mean,0.0
gradient_boosting,num__county_demo_education_high_school_ratio_mean,0.0
gradient_boosting,num__county_demo_ses_ab_ratio_mean,0.0
gradient_boosting,num__county_demo_ses_cd_ratio_mean,0.0
gradient_boosting,num__county_demo_old_ratio_mean,0.0
gradient_boosting,num__county_demo_young_ratio_mean,0.0
gradient_boosting,num__county_demo_married_ratio_mean,0.0
gradient_boosting,num__county_demo_single_ratio_mean,0.0
gradient_boosting,num__county_demo_residential_count_sum,0.0
gradient_boosting,num__county_demo_workplace_count_sum,0.0
gradient_boosting,num__county_demo_vehicle_count_sum,0.0
gradient_boosting,num__county_demo_car_count_sum,0.0
gradient_boosting,num__county_demo_atm_count_sum,0.0
gradient_boosting,num__county_demo_pharmacy_count_sum,0.0
gradient_boosting,num__county_demo_bank_count_sum,0.0
gradient_boosting,num__demo_income_vs_county,0.0
gradient_boosting,num__demo_household_income_vs_county,0.0
gradient_boosting,num__demo_old_ratio_diff_county,0.0
gradient_boosting,num__demo_has_demographics,0.0
gradient_boosting,num__demo_has_county_demographics,0.0
gradient_boosting,num__demo_age_coverage,0.0
gradient_boosting,num__demo_education_coverage,0.0
gradient_boosting,num__demo_income_available,0.0
gradient_boosting,num__demo_ses_available,0.0
gradient_boosting,num__demo_market_activity_available,0.0
gradient_boosting,num__demo_infrastructure_available,0.0
gradient_boosting,num__demo_coverage_score,0.0
gradient_boosting,num__demo_real_estate_agent_count,0.0
gradient_boosting,num__demo_agent_listing_count,0.0
gradient_boosting,num__demo_owner_listing_count,0.0
gradient_boosting,num__demo_sale_count,0.0
gradient_boosting,num__demo_mortgage_count,0.0
gradient_boosting,num__demo_turnover_ratio,0.0
gradient_boosting,num__demo_computed_turnover_ratio,0.0
gradient_boosting,num__demo_listing_count_2024,0.0
gradient_boosting,num__demo_bb_sale_count_2024,0.0
gradient_boosting,num__demo_bb_mortgaged_sale_count_2024,0.0
gradient_boosting,num__county_demo_sale_count_sum,0.0
gradient_boosting,num__county_demo_turnover_ratio_median,0.0
gradient_boosting,num__demo_turnover_vs_county,0.0
gradient_boosting,num__demo_saving_total,0.0
gradient_boosting,num__demo_expense_total,0.0
gradient_boosting,num__demo_expense_food,0.0
gradient_boosting,num__demo_expense_shelter,0.0
gradient_boosting,num__demo_expense_transportation,0.0
gradient_boosting,num__demo_expense_education,0.0
gradient_boosting,num__demo_ecommerce_count,0.0
gradient_boosting,num__demo_ecommerce_density,0.0
gradient_boosting,num__demo_online_retail,0.0
gradient_boosting,num__attr_is_new_building,0.0
gradient_boosting,num__attr_is_mid_age_building,0.0
gradient_boosting,num__attr_is_old_building,0.0
gradient_boosting,num__attr_is_ground_or_below,0.0
gradient_boosting,num__attr_is_top_floor,0.0
gradient_boosting,num__attr_floor_quality_score,0.0
gradient_boosting,num__attr_net_gross_good,0.0
gradient_boosting,num__attr_net_gross_bad,0.0
gradient_boosting,num__attr_compactness_score,0.0
gradient_boosting,num__attr_has_elevator,0.0
gradient_boosting,num__attr_has_parking,0.0
gradient_boosting,num__attr_has_balcony,0.0
gradient_boosting,num__attr_is_furnished,0.0
gradient_boosting,num__attr_is_site_inside,0.0
gradient_boosting,num__attr_credit_eligible,0.0
gradient_boosting,num__attr_has_natural_gas_heating,0.0
gradient_boosting,num__attr_has_poor_heating,0.0
gradient_boosting,num__attr_large_home_x_quality,0.0
gradient_boosting,num__attr_effect_site_inside,0.0
gradient_boosting,num__attr_effect_parking,0.0
gradient_boosting,num__attr_county_new_building_premium,0.0
gradient_boosting,num__attr_county_old_building_discount,0.0
gradient_boosting,num__attr_county_elevator_premium,0.0
gradient_boosting,num__attr_county_site_inside_premium,0.0
gradient_boosting,num__attr_county_parking_premium,0.0
gradient_boosting,num__attr_county_good_heating_premium,0.0
gradient_boosting,num__attr_county_high_quality_premium,0.0
gradient_boosting,num__large_home_m2_excess,0.0
gradient_boosting,num__large_home_detail_premium_x_m2,0.0
gradient_boosting,num__large_home_site_x_m2,0.0
gradient_boosting,num__large_home_basiskele_premium,0.0
gradient_boosting,num__basiskele_detail_outside_premium_signal,0.0
gradient_boosting,num__basiskele_detail_subtype_premium_signal,0.0
gradient_boosting,num__basiskele_has_pool_signal,0.0
gradient_boosting,num__basiskele_has_security_signal,0.0
gradient_boosting,num__basiskele_has_social_luxury_signal,0.0
gradient_boosting,num__basiskele_has_view_signal,0.0
gradient_boosting,num__basiskele_has_inside_luxury_signal,0.0
gradient_boosting,num__basiskele_site_premium_signal,0.0
gradient_boosting,num__basiskele_premium_bucket_low,0.0
gradient_boosting,num__basiskele_premium_bucket_mid,0.0
gradient_boosting,num__basiskele_premium_bucket_high,0.0
gradient_boosting,num__basiskele_premium_x_gross_m2,0.0
gradient_boosting,num__basiskele_premium_x_large_home,0.0
gradient_boosting,num__basiskele_premium_x_site_inside,0.0
gradient_boosting,num__basiskele_premium_x_detail_outside,0.0
gradient_boosting,num__basiskele_district_premium_bucket_count,0.0
gradient_boosting,num__basiskele_premium_bucket_county_median,0.0
gradient_boosting,num__basiskele_premium_bucket_county_mean,0.0
gradient_boosting,num__basiskele_large_home_premium_bucket_median,0.0
gradient_boosting,num__has_lat_lon,0.0
gradient_boosting,num__location_precision_exact,0.0
gradient_boosting,num__location_precision_approx,0.0
gradient_boosting,num__location_precision_district_only,0.0
gradient_boosting,num__location_precision_missing,0.0
gradient_boosting,num__location_source_data_attr_map,0.0
gradient_boosting,num__location_backfill_ok,0.0
gradient_boosting,num__location_backfill_listing_removed,0.0
gradient_boosting,num__location_quality_score,0.0
gradient_boosting,num__is_coastal_500m,0.0
gradient_boosting,num__is_coastal_1000m,0.0
gradient_boosting,num__is_coastal_2000m,0.0
gradient_boosting,num__location_quality_x_detail_effect_total,0.0
gradient_boosting,num__basiskele_distance_to_coast_x_large_home,0.0
gradient_boosting,num__basiskele_distance_to_coast_x_quality,0.0
gradient_boosting,num__geo_context_missing,0.0
gradient_boosting,num__geo_context_has_exact_location,0.0
gradient_boosting,num__geo_context_has_approx_location,0.0
gradient_boosting,num__distance_to_sea_m,0.0
gradient_boosting,num__log_distance_to_sea,0.0
gradient_boosting,num__is_coastal_250m,0.0
gradient_boosting,num__coast_distance_bucket_code,0.0
gradient_boosting,num__coastal_access_score,0.0
gradient_boosting,num__bsk_distance_to_sea_x_view_sea,0.0
gradient_boosting,num__bsk_distance_to_sea_x_near_sea_zero,0.0
gradient_boosting,num__bsk_distance_to_sea_x_large_home,0.0
gradient_boosting,num__bsk_distance_to_sea_x_site_inside,0.0
gradient_boosting,num__bsk_distance_to_sea_x_quality,0.0
gradient_boosting,num__bsk_coastal_x_large_home,0.0
gradient_boosting,num__bsk_coastal_x_geo_cluster,0.0
gradient_boosting,num__bsk_coastal_x_room_4p1,0.0
gradient_boosting,num__has_site_project_id,0.0
gradient_boosting,num__site_project_listing_count,0.0
gradient_boosting,num__site_project_freq_bucket,0.0
gradient_boosting,num__site_project_known_premium_flag,0.0
gradient_boosting,num__site_project_county_frequency,0.0
gradient_boosting,num__county_site_project_count,0.0
gradient_boosting,num__site_project_oof_count,0.0
gradient_boosting,num__is_duplex,0.0
gradient_boosting,num__is_roof_duplex,0.0
gradient_boosting,num__is_garden_duplex,0.0
gradient_boosting,num__is_middle_floor_duplex,0.0
gradient_boosting,num__duplex_source_conflict,0.0
gradient_boosting,num__is_large_home,0.0
gradient_boosting,num__duplex_x_site_inside,0.0
gradient_boosting,num__duplex_x_site_project_known_premium,0.0
gradient_boosting,num__garden_duplex_x_private_garden,0.0
gradient_boosting,cat__real_estate_type_Satılık Daire,0.0
gradient_boosting,cat__real_estate_type_Satılık Müstakil Ev,0.0
gradient_boosting,cat__real_estate_type_Satılık Rezidans,0.0
gradient_boosting,cat__real_estate_type_Satılık Villa,0.0
gradient_boosting,cat__real_estate_type_Satılık Yazlık,0.0
gradient_boosting,cat__room_count_1+1,0.0
gradient_boosting,cat__room_count_1.5+1,0.0
gradient_boosting,cat__room_count_2+0,0.0
gradient_boosting,cat__room_count_2+1,0.0
gradient_boosting,cat__room_count_2+2,0.0
gradient_boosting,cat__room_count_2.5+1,0.0
gradient_boosting,cat__room_count_3+0,0.0
gradient_boosting,cat__room_count_3+1,0.0
gradient_boosting,cat__room_count_3+2,0.0
gradient_boosting,cat__room_count_3.5+1,0.0
gradient_boosting,cat__room_count_4+1,0.0
gradient_boosting,cat__room_count_4+2,0.0
gradient_boosting,cat__room_count_4.5+1,0.0
gradient_boosting,cat__room_count_4.5+2,0.0
gradient_boosting,cat__room_count_5+1,0.0
gradient_boosting,cat__room_count_5+2,0.0
gradient_boosting,cat__room_count_5.5+1,0.0
gradient_boosting,cat__room_count_6+1,0.0
gradient_boosting,cat__room_count_6+2,0.0
gradient_boosting,cat__room_count_6+3,0.0
gradient_boosting,cat__room_count_7+1,0.0
gradient_boosting,cat__room_count_Stüdyo (1+0),0.0
gradient_boosting,cat__floor_segment_Ara Kat,0.0
gradient_boosting,cat__floor_segment_Bahçe,0.0
gradient_boosting,cat__floor_segment_Bodrum,0.0
gradient_boosting,cat__floor_segment_En Üst Kat,0.0
gradient_boosting,cat__floor_segment_missing,0.0
gradient_boosting,cat__floor_segment_Çatı,0.0
gradient_boosting,cat__heating_Doğalgaz Sobası,0.0
gradient_boosting,cat__heating_Kat Kaloriferi,0.0
gradient_boosting,cat__heating_Klima,0.0
gradient_boosting,cat__heating_Kombi (Elektrik),0.0
gradient_boosting,cat__heating_Merkezi,0.0
gradient_boosting,cat__heating_Merkezi (Pay Ölçer),0.0
gradient_boosting,cat__heating_Soba,0.0
gradient_boosting,cat__heating_VRV,0.0
gradient_boosting,cat__heating_Yok,0.0
gradient_boosting,cat__heating_missing,0.0
gradient_boosting,cat__kitchen_Açık (Amerikan),0.0
gradient_boosting,cat__kitchen_Belirtilmemiş,0.0
gradient_boosting,cat__balcony_Var,0.0
gradient_boosting,cat__balcony_Yok,0.0
gradient_boosting,cat__balcony_missing,0.0
gradient_boosting,cat__elevator_Belirtilmemiş,0.0
gradient_boosting,cat__elevator_Var,0.0
gradient_boosting,cat__elevator_missing,0.0
gradient_boosting,cat__parking_Açık & Kapalı Otopark,0.0
gradient_boosting,cat__parking_Yok,0.0
gradient_boosting,cat__parking_missing,0.0
gradient_boosting,cat__furnished_Belirtilmemiş,0.0
gradient_boosting,cat__furnished_Evet,0.0
gradient_boosting,cat__furnished_missing,0.0
gradient_boosting,cat__usage_status_Kiracılı,0.0
gradient_boosting,cat__usage_status_missing,0.0
gradient_boosting,cat__site_inside_Belirtilmemiş,0.0
gradient_boosting,cat__site_inside_Evet,0.0
gradient_boosting,cat__site_inside_Hayır,0.0
gradient_boosting,cat__site_inside_missing,0.0
gradient_boosting,cat__credit_eligible_missing,0.0
gradient_boosting,cat__energy_certificate_missing,0.0
gradient_boosting,cat__deed_status_missing,0.0
gradient_boosting,cat__seller_type_missing,0.0
gradient_boosting,cat__barter_missing,0.0
gradient_boosting,cat__city_Kocaeli,0.0
gradient_boosting,cat__county_Başiskele,0.0
gradient_boosting,cat__county_Gölcük,0.0
gradient_boosting,cat__county_Karamürsel,0.0
gradient_boosting,cat__county_Kartepe,0.0
gradient_boosting,cat__county_İzmit,0.0
gradient_boosting,cat__district_28 Haziran Mah.,0.0
gradient_boosting,cat__district_4 Temmuz Mah.,0.0
gradient_boosting,cat__district_Acısu Mh.,0.0
gradient_boosting,cat__district_Akarca Mah.,0.0
gradient_boosting,cat__district_Akpınar Mh.,0.0
gradient_boosting,cat__district_Akçakoca Mh.,0.0
gradient_boosting,cat__district_Alikahya Atatürk Mh.,0.0
gradient_boosting,cat__district_Alikahya Cumhuriyet Mah.,0.0
gradient_boosting,cat__district_Alikahya Merkez Mah.,0.0
gradient_boosting,cat__district_Altınkent Mh.,0.0
gradient_boosting,cat__district_Arslanbey Mh.,0.0
gradient_boosting,cat__district_Arızlı Mh.,0.0
gradient_boosting,cat__district_Ataevler Mh.,0.0
gradient_boosting,cat__district_Atakent Mah.,0.0
gradient_boosting,cat__district_Atatürk Mh.,0.0
gradient_boosting,cat__district_Ataşehir Mh.,0.0
gradient_boosting,cat__district_Avcıköy Mh.,0.0
gradient_boosting,cat__district_Ayazma Mah.,0.0
gradient_boosting,cat__district_Aydınkent Mh.,0.0
gradient_boosting,cat__district_Bahçecik Kılıçaslan Mh.,0.0
gradient_boosting,cat__district_Bahçecik Şehitekrem Mh.,0.0
gradient_boosting,cat__district_Barbaros Mah.,0.0
gradient_boosting,cat__district_Bekirdere Mah.,0.0
gradient_boosting,cat__district_Cedit Mah.,0.0
gradient_boosting,cat__district_Damlar Mah.,0.0
gradient_boosting,cat__district_Derbent Mh.,0.0
gradient_boosting,cat__district_Dereköy Mh.,0.0
gradient_boosting,cat__district_Değirmendere Merkez Mh.,0.0
gradient_boosting,cat__district_Değirmendere Yalı Mh.,0.0
gradient_boosting,cat__district_Donanma Mah.,0.0
gradient_boosting,cat__district_Doğan Mh.,0.0
gradient_boosting,cat__district_Dumlupınar Mh.,0.0
gradient_boosting,cat__district_Durhasan Mh.,0.0
gradient_boosting,cat__district_Döngel Mh.,0.0
gradient_boosting,cat__district_Düzağaç Mh.,0.0
gradient_boosting,cat__district_Emekevler Mh.,0.0
gradient_boosting,cat__district_Erenler Mah.,0.0
gradient_boosting,cat__district_Ereğli Mh.,0.0
gradient_boosting,cat__district_Ertuğrul Gazi Mh.,0.0
gradient_boosting,cat__district_Fatih Mah.,0.0
gradient_boosting,cat__district_Fatih Sultan Mehmet Mh.,0.0
gradient_boosting,cat__district_Fevzi Çakmak Mh.,0.0
gradient_boosting,cat__district_Gültepe Mh.,0.0
gradient_boosting,cat__district_Gündoğdu Mh.,0.0
gradient_boosting,cat__district_Hacıhasan Mh.,0.0
gradient_boosting,cat__district_Hacıhızır Mh.,0.0
gradient_boosting,cat__district_Halıdere Yalı Mh.,0.0
gradient_boosting,cat__district_Halıdere Yeni Mh.,0.0
gradient_boosting,cat__district_Hatipköy Mh.,0.0
gradient_boosting,cat__district_Havuzlubahçe Mh.,0.0
gradient_boosting,cat__district_Hisareyn Merkez Mah.,0.0
gradient_boosting,cat__district_Kabaoğlu Mh.,0.0
gradient_boosting,cat__district_Kadıköy Mh.,0.0
gradient_boosting,cat__district_Karabaş Mh.,0.0
gradient_boosting,cat__district_Karadenizliler Mah.,0.0
gradient_boosting,cat__district_Karaköprü Mh.,0.0
gradient_boosting,cat__district_Karşıyaka Mh.,0.0
gradient_boosting,cat__district_Kavaklı Mh.,0.0
gradient_boosting,cat__district_Kemalpaşa Mh.,0.0
gradient_boosting,cat__district_Kocatepe Mah.,0.0
gradient_boosting,cat__district_Kozluk Mah.,0.0
gradient_boosting,cat__district_Kullar Merkez Mh.,0.0
gradient_boosting,cat__district_Kullar Tepecik Mh.,0.0
gradient_boosting,cat__district_Kullar Yakacık Mh.,0.0
gradient_boosting,cat__district_Kuruçeşme Fatih Mh.,0.0
gradient_boosting,cat__district_Körfez Mh.,0.0
gradient_boosting,cat__district_Köseköy Mh.,0.0
gradient_boosting,cat__district_M. Alipaşa Mh.,0.0
gradient_boosting,cat__district_Mahmutpaşa Mh.,0.0
gradient_boosting,cat__district_Malta Mah.,0.0
gradient_boosting,cat__district_Maşukiye Mh.,0.0
gradient_boosting,cat__district_Merkez Mah.,0.0
gradient_boosting,cat__district_Orhan Mah.,0.0
gradient_boosting,cat__district_Paşadağ Mh.,0.0
gradient_boosting,cat__district_Piyalepaşa Mh.,0.0
gradient_boosting,cat__district_Rahmiye Mah.,0.0
gradient_boosting,cat__district_Sahil Mah.,0.0
gradient_boosting,cat__district_Sanayi Mah.,0.0
gradient_boosting,cat__district_Saraylı Mh.,0.0
gradient_boosting,cat__district_Sarımeşe Mh.,0.0
gradient_boosting,cat__district_Sekbanlı Mh.,0.0
gradient_boosting,cat__district_Sepetçi Mh.,0.0
gradient_boosting,cat__district_Serdar Mah.,0.0
gradient_boosting,cat__district_Seymen Mah.,0.0
gradient_boosting,cat__district_Tavşantepe Mh.,0.0
gradient_boosting,cat__district_Tepecik Mah.,0.0
gradient_boosting,cat__district_Tepecik Mh.,0.0
gradient_boosting,cat__district_Tepeköy Mh.,0.0
gradient_boosting,cat__district_Topçular Mh.,0.0
gradient_boosting,cat__district_Turgut Mah.,0.0
gradient_boosting,cat__district_Tüysüzler Mh.,0.0
gradient_boosting,cat__district_Ulaşlı Yalı Mh.,0.0
gradient_boosting,cat__district_Ulaşlı Yavuz Sultan Selim Mh.,0.0
gradient_boosting,cat__district_Uzuntarla Mh.,0.0
gradient_boosting,cat__district_Uzunçiftlik Mh.,0.0
gradient_boosting,cat__district_Veliahmet Mah.,0.0
gradient_boosting,cat__district_Vezirçiftliği Mh.,0.0
gradient_boosting,cat__district_Yahyakaptan Mah.,0.0
gradient_boosting,cat__district_Yalakdere Mh.,0.0
gradient_boosting,cat__district_Yaylacık Mh.,0.0
gradient_boosting,cat__district_Yazlık Merkez Mh.,0.0
gradient_boosting,cat__district_Yazlık Yeni Mh.,0.0
gradient_boosting,cat__district_Yeni Mah.,0.0
gradient_boosting,cat__district_Yenidoğan Mh.,0.0
gradient_boosting,cat__district_Yeniköy Merkez Mh.,0.0
gradient_boosting,cat__district_Yenişehir Mh.,0.0
gradient_boosting,cat__district_Yeşilkent Mh.,0.0
gradient_boosting,cat__district_Yeşilova Mh.,0.0
gradient_boosting,cat__district_Yeşilyurt Mh.,0.0
gradient_boosting,cat__district_Yukarı Mh.,0.0
gradient_boosting,cat__district_Yunus Emre Mah.,0.0
gradient_boosting,cat__district_Yuvacık Yakacık Mh.,0.0
gradient_boosting,cat__district_Yüzbaşılar Mh.,0.0
gradient_boosting,cat__district_Zabıtan Mh.,0.0
gradient_boosting,cat__district_Çepni Mh.,0.0
gradient_boosting,cat__district_Çiftlik Mh.,0.0
gradient_boosting,cat__district_Çukurbağ Mh.,0.0
gradient_boosting,cat__district_Ömerağa Mh.,0.0
gradient_boosting,cat__district_Örcün Mh.,0.0
gradient_boosting,cat__district_İbrikdere Mh.,0.0
gradient_boosting,cat__district_İhsaniye Merkez Mh.,0.0
gradient_boosting,cat__district_İpek Yolu Mh.,0.0
gradient_boosting,cat__district_İstasyon Mh.,0.0
gradient_boosting,cat__district_Şehitler Mh.,0.0
gradient_boosting,cat__district_Şevkatiye Mh.,0.0
gradient_boosting,cat__district_Şirinköy Mh.,0.0
gradient_boosting,cat__district_Şirintepe Mh.,0.0
gradient_boosting,cat__building_age_group_0 (Oturuma Hazır),0.0
gradient_boosting,cat__building_age_group_0 (Yapım Aşamasında),0.0
gradient_boosting,cat__building_age_group_1,0.0
gradient_boosting,cat__building_age_group_11-15 arası,0.0
gradient_boosting,cat__building_age_group_16-20 arası,0.0
gradient_boosting,cat__building_age_group_2,0.0
gradient_boosting,cat__building_age_group_3,0.0
gradient_boosting,cat__building_age_group_4,0.0
gradient_boosting,cat__building_age_group_5,0.0
gradient_boosting,cat__building_age_group_6-10 arası,0.0
gradient_boosting,cat__building_age_group_missing,0.0
gradient_boosting,cat__m2_group_0-75,0.0
gradient_boosting,cat__m2_group_101-125,0.0
gradient_boosting,cat__m2_group_126-150,0.0
gradient_boosting,cat__m2_group_151-200,0.0
gradient_boosting,cat__m2_group_200+,0.0
gradient_boosting,cat__m2_group_76-100,0.0
gradient_boosting,cat__detail_cephe_Batı,0.0
gradient_boosting,cat__detail_cephe_Batı|Doğu,0.0
gradient_boosting,cat__detail_cephe_Batı|Doğu|Güney,0.0
gradient_boosting,cat__detail_cephe_Batı|Doğu|Güney|Kuzey,0.0
gradient_boosting,cat__detail_cephe_Batı|Doğu|Kuzey,0.0
gradient_boosting,cat__detail_cephe_Batı|Güney,0.0
gradient_boosting,cat__detail_cephe_Batı|Güney|Kuzey,0.0
gradient_boosting,cat__detail_cephe_Batı|Kuzey,0.0
gradient_boosting,cat__detail_cephe_Doğu,0.0
gradient_boosting,cat__detail_cephe_Doğu|Güney,0.0
gradient_boosting,cat__detail_cephe_Doğu|Güney|Kuzey,0.0
gradient_boosting,cat__detail_cephe_Doğu|Kuzey,0.0
gradient_boosting,cat__detail_cephe_Güney,0.0
gradient_boosting,cat__detail_cephe_Güney|Kuzey,0.0
gradient_boosting,cat__detail_cephe_Kuzey,0.0
gradient_boosting,cat__detail_cephe_missing,0.0
gradient_boosting,cat__detail_manzara_Boğaz|Deniz,0.0
gradient_boosting,cat__detail_manzara_Boğaz|Deniz|Doğa,0.0
gradient_boosting,cat__detail_manzara_Boğaz|Deniz|Doğa|Göl|Havuz|Nehir|Park & Yeşil Alan|Şehir,0.0
gradient_boosting,cat__detail_manzara_Boğaz|Deniz|Doğa|Göl|Park & Yeşil Alan|Şehir,0.0
gradient_boosting,cat__detail_manzara_Boğaz|Deniz|Doğa|Havuz|Park & Yeşil Alan|Şehir,0.0
gradient_boosting,cat__detail_manzara_Boğaz|Deniz|Doğa|Park & Yeşil Alan,0.0
gradient_boosting,cat__detail_manzara_Boğaz|Deniz|Doğa|Park & Yeşil Alan|Şehir,0.0
gradient_boosting,cat__detail_manzara_Boğaz|Deniz|Doğa|Şehir,0.0
gradient_boosting,cat__detail_manzara_Boğaz|Deniz|Göl|Park & Yeşil Alan,0.0
gradient_boosting,cat__detail_manzara_Boğaz|Deniz|Park & Yeşil Alan,0.0
gradient_boosting,cat__detail_manzara_Boğaz|Deniz|Park & Yeşil Alan|Şehir,0.0
gradient_boosting,cat__detail_manzara_Boğaz|Deniz|Şehir,0.0
gradient_boosting,cat__detail_manzara_Boğaz|Doğa|Havuz|Park & Yeşil Alan,0.0
gradient_boosting,cat__detail_manzara_Boğaz|Doğa|Park & Yeşil Alan,0.0
gradient_boosting,cat__detail_manzara_Boğaz|Doğa|Park & Yeşil Alan|Şehir,0.0
gradient_boosting,cat__detail_manzara_Deniz|Doğa,0.0
gradient_boosting,cat__detail_manzara_Deniz|Doğa|Göl|Park & Yeşil Alan,0.0
gradient_boosting,cat__detail_manzara_Deniz|Doğa|Göl|Park & Yeşil Alan|Şehir,0.0
gradient_boosting,cat__detail_manzara_Deniz|Doğa|Havuz,0.0
gradient_boosting,cat__detail_manzara_Deniz|Doğa|Havuz|Park & Yeşil Alan,0.0
gradient_boosting,cat__detail_manzara_Deniz|Doğa|Havuz|Park & Yeşil Alan|Şehir,0.0
gradient_boosting,cat__detail_manzara_Deniz|Doğa|Havuz|Şehir,0.0
gradient_boosting,cat__detail_manzara_Deniz|Doğa|Nehir|Park & Yeşil Alan|Şehir,0.0
gradient_boosting,cat__detail_manzara_Deniz|Doğa|Park & Yeşil Alan,0.0
gradient_boosting,cat__detail_manzara_Deniz|Doğa|Park & Yeşil Alan|Şehir,0.0
gradient_boosting,cat__detail_manzara_Deniz|Doğa|Şehir,0.0
gradient_boosting,cat__detail_manzara_Deniz|Göl|Şehir,0.0
gradient_boosting,cat__detail_manzara_Deniz|Havuz,0.0
gradient_boosting,cat__detail_manzara_Deniz|Havuz|Park & Yeşil Alan,0.0
gradient_boosting,cat__detail_manzara_Deniz|Havuz|Park & Yeşil Alan|Şehir,0.0
gradient_boosting,cat__detail_manzara_Deniz|Havuz|Şehir,0.0
gradient_boosting,cat__detail_manzara_Deniz|Nehir|Park & Yeşil Alan,0.0
gradient_boosting,cat__detail_manzara_Deniz|Park & Yeşil Alan,0.0
gradient_boosting,cat__detail_manzara_Deniz|Park & Yeşil Alan|Şehir,0.0
gradient_boosting,cat__detail_manzara_Deniz|Şehir,0.0
gradient_boosting,cat__detail_manzara_Doğa,0.0
gradient_boosting,cat__detail_manzara_Doğa|Göl,0.0
gradient_boosting,cat__detail_manzara_Doğa|Göl|Havuz|Park & Yeşil Alan|Şehir,0.0
gradient_boosting,cat__detail_manzara_Doğa|Göl|Havuz|Şehir,0.0
gradient_boosting,cat__detail_manzara_Doğa|Göl|Park & Yeşil Alan,0.0
gradient_boosting,cat__detail_manzara_Doğa|Göl|Park & Yeşil Alan|Şehir,0.0
gradient_boosting,cat__detail_manzara_Doğa|Göl|Şehir,0.0
gradient_boosting,cat__detail_manzara_Doğa|Havuz,0.0
gradient_boosting,cat__detail_manzara_Doğa|Havuz|Park & Yeşil Alan,0.0
gradient_boosting,cat__detail_manzara_Doğa|Havuz|Park & Yeşil Alan|Şehir,0.0
gradient_boosting,cat__detail_manzara_Doğa|Havuz|Şehir,0.0
gradient_boosting,cat__detail_manzara_Doğa|Nehir|Park & Yeşil Alan,0.0
gradient_boosting,cat__detail_manzara_Doğa|Nehir|Park & Yeşil Alan|Şehir,0.0
gradient_boosting,cat__detail_manzara_Doğa|Park & Yeşil Alan,0.0
gradient_boosting,cat__detail_manzara_Doğa|Park & Yeşil Alan|Şehir,0.0
gradient_boosting,cat__detail_manzara_Doğa|Şehir,0.0
gradient_boosting,cat__detail_manzara_Göl,0.0
gradient_boosting,cat__detail_manzara_Göl|Havuz,0.0
gradient_boosting,cat__detail_manzara_Göl|Havuz|Park & Yeşil Alan,0.0
gradient_boosting,cat__detail_manzara_Göl|Park & Yeşil Alan,0.0
gradient_boosting,cat__detail_manzara_Göl|Park & Yeşil Alan|Şehir,0.0
gradient_boosting,cat__detail_manzara_Göl|Şehir,0.0
gradient_boosting,cat__detail_manzara_Havuz,0.0
gradient_boosting,cat__detail_manzara_Havuz|Park & Yeşil Alan,0.0
gradient_boosting,cat__detail_manzara_Havuz|Park & Yeşil Alan|Şehir,0.0
gradient_boosting,cat__detail_manzara_Havuz|Şehir,0.0
gradient_boosting,cat__detail_manzara_Park & Yeşil Alan,0.0
gradient_boosting,cat__detail_manzara_Park & Yeşil Alan|Şehir,0.0
gradient_boosting,cat__detail_manzara_missing,0.0
gradient_boosting,cat__detail_manzara_Şehir,0.0
gradient_boosting,cat__detail_konut_tipi_Ara Kat,0.0
gradient_boosting,cat__detail_konut_tipi_Ara Kat Dubleks,0.0
gradient_boosting,cat__detail_konut_tipi_Ara Kat|Ara Kat Dubleks,0.0
gradient_boosting,cat__detail_konut_tipi_Ara Kat|Bahçe Dubleksi,0.0
gradient_boosting,cat__detail_konut_tipi_Ara Kat|Bahçe Dubleksi|Çatı Dubleksi,0.0
gradient_boosting,cat__detail_konut_tipi_Ara Kat|Tripleks,0.0
gradient_boosting,cat__detail_konut_tipi_Ara Kat|Çatı Dubleksi,0.0
gradient_boosting,cat__detail_konut_tipi_Bahçe Dubleksi,0.0
gradient_boosting,cat__detail_konut_tipi_Bahçe Dubleksi|Ters Dubleks,0.0
gradient_boosting,cat__detail_konut_tipi_Bahçe Dubleksi|Tripleks,0.0
gradient_boosting,cat__detail_konut_tipi_Bahçe Dubleksi|Çatı Dubleksi,0.0
gradient_boosting,cat__detail_konut_tipi_Dubleks,0.0
gradient_boosting,cat__detail_konut_tipi_Dubleks|Ara Kat,0.0
gradient_boosting,cat__detail_konut_tipi_Dubleks|Ara Kat Dubleks,0.0
gradient_boosting,cat__detail_konut_tipi_Dubleks|Ara Kat Dubleks|Ters Dubleks,0.0
gradient_boosting,cat__detail_konut_tipi_Dubleks|Ara Kat|Ara Kat Dubleks,0.0
gradient_boosting,cat__detail_konut_tipi_Dubleks|Ara Kat|Ara Kat Dubleks|Bahçe Dubleksi,0.0
gradient_boosting,cat__detail_konut_tipi_Dubleks|Ara Kat|Ara Kat Dubleks|Bahçe Dubleksi|Ters Dubleks,0.0
gradient_boosting,cat__detail_konut_tipi_Dubleks|Ara Kat|Ara Kat Dubleks|Ters Dubleks,0.0
gradient_boosting,cat__detail_konut_tipi_Dubleks|Ara Kat|Bahçe Dubleksi,0.0
gradient_boosting,cat__detail_konut_tipi_Dubleks|Ara Kat|Bahçe Dubleksi|Ters Dubleks,0.0
gradient_boosting,cat__detail_konut_tipi_Dubleks|Ara Kat|Bahçe Dubleksi|Çatı Dubleksi|Ters Dubleks,0.0
gradient_boosting,cat__detail_konut_tipi_Dubleks|Ara Kat|Çatı Dubleksi,0.0
gradient_boosting,cat__detail_konut_tipi_Dubleks|Bahçe Dubleksi,0.0
gradient_boosting,cat__detail_konut_tipi_Dubleks|Bahçe Dubleksi|Ters Dubleks,0.0
gradient_boosting,cat__detail_konut_tipi_Dubleks|Bahçe Dubleksi|Çatı Dubleksi,0.0
gradient_boosting,cat__detail_konut_tipi_Dubleks|En Üst Kat,0.0
gradient_boosting,cat__detail_konut_tipi_Dubleks|En Üst Kat|Ara Kat,0.0
gradient_boosting,cat__detail_konut_tipi_Dubleks|En Üst Kat|Ara Kat Dubleks|Bahçe Dubleksi|Çatı Dubleksi|Forleks|Ters Dubleks|Tripleks,0.0
gradient_boosting,cat__detail_konut_tipi_Dubleks|En Üst Kat|Ara Kat Dubleks|Bahçe Dubleksi|Çatı Dubleksi|Ters Dubleks,0.0
gradient_boosting,cat__detail_konut_tipi_Dubleks|En Üst Kat|Ara Kat Dubleks|Çatı Dubleksi|Ters Dubleks,0.0
gradient_boosting,cat__detail_konut_tipi_Dubleks|En Üst Kat|Ara Kat Dubleks|Çatı Dubleksi|Ters Dubleks|Tripleks,0.0
gradient_boosting,cat__detail_konut_tipi_Dubleks|En Üst Kat|Ara Kat|Ara Kat Dubleks|Bahçe Dubleksi|Çatı Dubleksi|Forleks|Ters Dubleks,0.0
gradient_boosting,cat__detail_konut_tipi_Dubleks|En Üst Kat|Ara Kat|Ara Kat Dubleks|Bahçe Dubleksi|Çatı Dubleksi|Forleks|Ters Dubleks|Tripleks,0.0
gradient_boosting,cat__detail_konut_tipi_Dubleks|En Üst Kat|Ara Kat|Ara Kat Dubleks|Bahçe Dubleksi|Çatı Dubleksi|Ters Dubleks,0.0
gradient_boosting,cat__detail_konut_tipi_Dubleks|En Üst Kat|Ara Kat|Ara Kat Dubleks|Bahçe Dubleksi|Çatı Dubleksi|Ters Dubleks|Tripleks,0.0
gradient_boosting,cat__detail_konut_tipi_Dubleks|En Üst Kat|Ara Kat|Ara Kat Dubleks|Çatı Dubleksi,0.0
gradient_boosting,cat__detail_konut_tipi_Dubleks|En Üst Kat|Ara Kat|Ara Kat Dubleks|Çatı Dubleksi|Forleks|Ters Dubleks|Tripleks,0.0
gradient_boosting,cat__detail_konut_tipi_Dubleks|En Üst Kat|Ara Kat|Ara Kat Dubleks|Çatı Dubleksi|Ters Dubleks,0.0
gradient_boosting,cat__detail_konut_tipi_Dubleks|En Üst Kat|Ara Kat|Bahçe Dubleksi,0.0
gradient_boosting,cat__detail_konut_tipi_Dubleks|En Üst Kat|Ara Kat|Bahçe Dubleksi|Çatı Dubleksi,0.0
gradient_boosting,cat__detail_konut_tipi_Dubleks|En Üst Kat|Ara Kat|Çatı Dubleksi,0.0
gradient_boosting,cat__detail_konut_tipi_Dubleks|En Üst Kat|Ara Kat|Çatı Dubleksi|Ters Dubleks,0.0
gradient_boosting,cat__detail_konut_tipi_Dubleks|En Üst Kat|Ters Dubleks,0.0
gradient_boosting,cat__detail_konut_tipi_Dubleks|En Üst Kat|Çatı Dubleksi,0.0
gradient_boosting,cat__detail_konut_tipi_Dubleks|En Üst Kat|Çatı Dubleksi|Ters Dubleks,0.0
gradient_boosting,cat__detail_konut_tipi_Dubleks|Ters Dubleks,0.0
gradient_boosting,cat__detail_konut_tipi_Dubleks|Çatı Dubleksi,0.0
gradient_boosting,cat__detail_konut_tipi_En Üst Kat,0.0
gradient_boosting,cat__detail_konut_tipi_En Üst Kat|Ara Kat,0.0
gradient_boosting,cat__detail_konut_tipi_En Üst Kat|Ara Kat Dubleks|Çatı Dubleksi,0.0
gradient_boosting,cat__detail_konut_tipi_En Üst Kat|Ara Kat|Bahçe Dubleksi,0.0
gradient_boosting,cat__detail_konut_tipi_En Üst Kat|Ara Kat|Çatı Dubleksi,0.0
gradient_boosting,cat__detail_konut_tipi_En Üst Kat|Tripleks,0.0
gradient_boosting,cat__detail_konut_tipi_En Üst Kat|Çatı Dubleksi,0.0
gradient_boosting,cat__detail_konut_tipi_Forleks,0.0
gradient_boosting,cat__detail_konut_tipi_Kat Dubleksi,0.0
gradient_boosting,cat__detail_konut_tipi_Ters Dubleks,0.0
gradient_boosting,cat__detail_konut_tipi_Tripleks,0.0
gradient_boosting,cat__detail_konut_tipi_missing,0.0
gradient_boosting,cat__detail_konut_tipi_Çatı Dubleksi,0.0
gradient_boosting,cat__detail_konut_tipi_Çatı Dubleksi|Ters Dubleks,0.0
gradient_boosting,cat__rent_feature_level_county,0.0
gradient_boosting,cat__rent_feature_level_district,0.0
gradient_boosting,cat__rent_feature_level_district_m2_group,0.0
gradient_boosting,cat__demo_dominant_age_group_10-14,0.0
gradient_boosting,cat__demo_dominant_age_group_20-24,0.0
gradient_boosting,cat__demo_dominant_age_group_25-29,0.0
gradient_boosting,cat__demo_dominant_age_group_40-44,0.0
gradient_boosting,cat__demo_dominant_age_group_45-49,0.0
gradient_boosting,cat__demo_dominant_age_group_5-9,0.0
gradient_boosting,cat__demo_dominant_age_group_50-54,0.0
gradient_boosting,cat__demo_dominant_age_group_65+,0.0
gradient_boosting,cat__demo_dominant_age_group_missing,0.0
gradient_boosting,cat__demo_dominant_marital_status_Bekar,0.0
gradient_boosting,cat__demo_dominant_marital_status_Evli,0.0
gradient_boosting,cat__demo_dominant_marital_status_missing,0.0
gradient_boosting,cat__demo_dominant_education_Lisans,0.0
gradient_boosting,cat__demo_dominant_education_Lise,0.0
gradient_boosting,cat__demo_dominant_education_missing,0.0
gradient_boosting,cat__demo_dominant_education_İlkokul,0.0
gradient_boosting,cat__demo_ses_group_A Grubu,0.0
gradient_boosting,cat__demo_ses_group_B Grubu,0.0
gradient_boosting,cat__demo_ses_group_C Grubu,0.0
gradient_boosting,cat__demo_ses_group_missing,0.0
gradient_boosting,cat__location_precision_district_only,0.0
gradient_boosting,cat__location_precision_exact_map,0.0
gradient_boosting,cat__location_precision_missing,0.0
gradient_boosting,cat__location_source_data_attr_map,0.0
gradient_boosting,cat__location_source_district_text,0.0
gradient_boosting,cat__location_source_missing,0.0
gradient_boosting,cat__geo_cluster_city_city_0,0.0
gradient_boosting,cat__geo_cluster_city_city_1,0.0
gradient_boosting,cat__geo_cluster_city_city_10,0.0
gradient_boosting,cat__geo_cluster_city_city_11,0.0
gradient_boosting,cat__geo_cluster_city_city_2,0.0
gradient_boosting,cat__geo_cluster_city_city_3,0.0
gradient_boosting,cat__geo_cluster_city_city_4,0.0
gradient_boosting,cat__geo_cluster_city_city_5,0.0
gradient_boosting,cat__geo_cluster_city_city_6,0.0
gradient_boosting,cat__geo_cluster_city_city_7,0.0
gradient_boosting,cat__geo_cluster_city_city_8,0.0
gradient_boosting,cat__geo_cluster_city_city_9,0.0
gradient_boosting,cat__geo_cluster_city_missing,0.0
gradient_boosting,cat__geo_cluster_county_Başiskele_0,0.0
gradient_boosting,cat__geo_cluster_county_Başiskele_1,0.0
gradient_boosting,cat__geo_cluster_county_Başiskele_2,0.0
gradient_boosting,cat__geo_cluster_county_Başiskele_3,0.0
gradient_boosting,cat__geo_cluster_county_Başiskele_4,0.0
gradient_boosting,cat__geo_cluster_county_Başiskele_5,0.0
gradient_boosting,cat__geo_cluster_county_Gölcük_0,0.0
gradient_boosting,cat__geo_cluster_county_Gölcük_1,0.0
gradient_boosting,cat__geo_cluster_county_Gölcük_2,0.0
gradient_boosting,cat__geo_cluster_county_Gölcük_3,0.0
gradient_boosting,cat__geo_cluster_county_Karamürsel_1,0.0
gradient_boosting,cat__geo_cluster_county_Karamürsel_2,0.0
gradient_boosting,cat__geo_cluster_county_other,0.0
gradient_boosting,cat__geo_cluster_county_İzmit_0,0.0
gradient_boosting,cat__geo_cluster_county_İzmit_2,0.0
gradient_boosting,cat__geo_cluster_county_İzmit_3,0.0
gradient_boosting,cat__geo_cluster_county_İzmit_4,0.0
gradient_boosting,cat__geo_cluster_county_İzmit_5,0.0
gradient_boosting,cat__basiskele_geo_cluster_Başiskele_0,0.0
gradient_boosting,cat__basiskele_geo_cluster_Başiskele_1,0.0
gradient_boosting,cat__basiskele_geo_cluster_Başiskele_2,0.0
gradient_boosting,cat__basiskele_geo_cluster_Başiskele_3,0.0
gradient_boosting,cat__basiskele_geo_cluster_Başiskele_4,0.0
gradient_boosting,cat__basiskele_geo_cluster_Başiskele_5,0.0
gradient_boosting,cat__basiskele_geo_cluster_other,0.0
gradient_boosting,cat__coast_distance_bucket_0_500,0.0
gradient_boosting,cat__coast_distance_bucket_1000_3000,0.0
gradient_boosting,cat__coast_distance_bucket_3000_plus,0.0
gradient_boosting,cat__coast_distance_bucket_500_1000,0.0
gradient_boosting,cat__coast_distance_bucket_missing,0.0
gradient_boosting,cat__basiskele_geo_cluster_x_m2_group_Başiskele_0||0-75,0.0
gradient_boosting,cat__basiskele_geo_cluster_x_m2_group_Başiskele_0||101-125,0.0
gradient_boosting,cat__basiskele_geo_cluster_x_m2_group_Başiskele_0||126-150,0.0
gradient_boosting,cat__basiskele_geo_cluster_x_m2_group_Başiskele_0||151-200,0.0
gradient_boosting,cat__basiskele_geo_cluster_x_m2_group_Başiskele_0||200+,0.0
gradient_boosting,cat__basiskele_geo_cluster_x_m2_group_Başiskele_0||76-100,0.0
gradient_boosting,cat__basiskele_geo_cluster_x_m2_group_Başiskele_1||0-75,0.0
gradient_boosting,cat__basiskele_geo_cluster_x_m2_group_Başiskele_1||101-125,0.0
gradient_boosting,cat__basiskele_geo_cluster_x_m2_group_Başiskele_1||126-150,0.0
gradient_boosting,cat__basiskele_geo_cluster_x_m2_group_Başiskele_1||151-200,0.0
gradient_boosting,cat__basiskele_geo_cluster_x_m2_group_Başiskele_1||200+,0.0
gradient_boosting,cat__basiskele_geo_cluster_x_m2_group_Başiskele_1||76-100,0.0
gradient_boosting,cat__basiskele_geo_cluster_x_m2_group_Başiskele_2||0-75,0.0
gradient_boosting,cat__basiskele_geo_cluster_x_m2_group_Başiskele_2||101-125,0.0
gradient_boosting,cat__basiskele_geo_cluster_x_m2_group_Başiskele_2||126-150,0.0
gradient_boosting,cat__basiskele_geo_cluster_x_m2_group_Başiskele_2||151-200,0.0
gradient_boosting,cat__basiskele_geo_cluster_x_m2_group_Başiskele_2||200+,0.0
gradient_boosting,cat__basiskele_geo_cluster_x_m2_group_Başiskele_2||76-100,0.0
gradient_boosting,cat__basiskele_geo_cluster_x_m2_group_Başiskele_3||0-75,0.0
gradient_boosting,cat__basiskele_geo_cluster_x_m2_group_Başiskele_3||101-125,0.0
gradient_boosting,cat__basiskele_geo_cluster_x_m2_group_Başiskele_3||126-150,0.0
gradient_boosting,cat__basiskele_geo_cluster_x_m2_group_Başiskele_3||151-200,0.0
gradient_boosting,cat__basiskele_geo_cluster_x_m2_group_Başiskele_3||200+,0.0
gradient_boosting,cat__basiskele_geo_cluster_x_m2_group_Başiskele_3||76-100,0.0
gradient_boosting,cat__basiskele_geo_cluster_x_m2_group_Başiskele_4||0-75,0.0
gradient_boosting,cat__basiskele_geo_cluster_x_m2_group_Başiskele_4||101-125,0.0
gradient_boosting,cat__basiskele_geo_cluster_x_m2_group_Başiskele_4||126-150,0.0
gradient_boosting,cat__basiskele_geo_cluster_x_m2_group_Başiskele_4||151-200,0.0
gradient_boosting,cat__basiskele_geo_cluster_x_m2_group_Başiskele_4||200+,0.0
gradient_boosting,cat__basiskele_geo_cluster_x_m2_group_Başiskele_4||76-100,0.0
gradient_boosting,cat__basiskele_geo_cluster_x_m2_group_Başiskele_5||0-75,0.0
gradient_boosting,cat__basiskele_geo_cluster_x_m2_group_Başiskele_5||101-125,0.0
gradient_boosting,cat__basiskele_geo_cluster_x_m2_group_Başiskele_5||126-150,0.0
gradient_boosting,cat__basiskele_geo_cluster_x_m2_group_Başiskele_5||151-200,0.0
gradient_boosting,cat__basiskele_geo_cluster_x_m2_group_Başiskele_5||200+,0.0
gradient_boosting,cat__basiskele_geo_cluster_x_m2_group_Başiskele_5||76-100,0.0
gradient_boosting,cat__basiskele_geo_cluster_x_m2_group_other,0.0
gradient_boosting,cat__basiskele_geo_cluster_x_m2_group_other||0-75,0.0
gradient_boosting,cat__basiskele_geo_cluster_x_m2_group_other||101-125,0.0
gradient_boosting,cat__basiskele_geo_cluster_x_m2_group_other||126-150,0.0
gradient_boosting,cat__basiskele_geo_cluster_x_m2_group_other||151-200,0.0
gradient_boosting,cat__basiskele_geo_cluster_x_m2_group_other||200+,0.0
gradient_boosting,cat__basiskele_geo_cluster_x_m2_group_other||76-100,0.0
gradient_boosting,cat__geo_cluster_x_room_count_city_0||1+1,0.0
gradient_boosting,cat__geo_cluster_x_room_count_city_0||1.5+1,0.0
gradient_boosting,cat__geo_cluster_x_room_count_city_0||2+1,0.0
gradient_boosting,cat__geo_cluster_x_room_count_city_0||2.5+1,0.0
gradient_boosting,cat__geo_cluster_x_room_count_city_0||3+1,0.0
gradient_boosting,cat__geo_cluster_x_room_count_city_0||3+2,0.0
gradient_boosting,cat__geo_cluster_x_room_count_city_0||3.5+1,0.0
gradient_boosting,cat__geo_cluster_x_room_count_city_0||4+1,0.0
gradient_boosting,cat__geo_cluster_x_room_count_city_0||4+2,0.0
gradient_boosting,cat__geo_cluster_x_room_count_city_0||4.5+1,0.0
gradient_boosting,cat__geo_cluster_x_room_count_city_0||5+1,0.0
gradient_boosting,cat__geo_cluster_x_room_count_city_0||5+2,0.0
gradient_boosting,cat__geo_cluster_x_room_count_city_0||6+1,0.0
gradient_boosting,cat__geo_cluster_x_room_count_city_10||1+1,0.0
gradient_boosting,cat__geo_cluster_x_room_count_city_10||2+1,0.0
gradient_boosting,cat__geo_cluster_x_room_count_city_10||3+1,0.0
gradient_boosting,cat__geo_cluster_x_room_count_city_10||4+1,0.0
gradient_boosting,cat__geo_cluster_x_room_count_city_10||5+1,0.0
gradient_boosting,cat__geo_cluster_x_room_count_city_10||6+1,0.0
gradient_boosting,cat__geo_cluster_x_room_count_city_10||Stüdyo (1+0),0.0
gradient_boosting,cat__geo_cluster_x_room_count_city_11||2+1,0.0
gradient_boosting,cat__geo_cluster_x_room_count_city_11||3+1,0.0
gradient_boosting,cat__geo_cluster_x_room_count_city_11||4+1,0.0
gradient_boosting,cat__geo_cluster_x_room_count_city_1||1+1,0.0
gradient_boosting,cat__geo_cluster_x_room_count_city_1||1.5+1,0.0
gradient_boosting,cat__geo_cluster_x_room_count_city_1||3.5+1,0.0
gradient_boosting,cat__geo_cluster_x_room_count_city_1||4+1,0.0
gradient_boosting,cat__geo_cluster_x_room_count_city_1||4+2,0.0
gradient_boosting,cat__geo_cluster_x_room_count_city_1||4.5+1,0.0
gradient_boosting,cat__geo_cluster_x_room_count_city_1||5+1,0.0
gradient_boosting,cat__geo_cluster_x_room_count_city_1||5+2,0.0
gradient_boosting,cat__geo_cluster_x_room_count_city_1||5.5+1,0.0
gradient_boosting,cat__geo_cluster_x_room_count_city_2||1+1,0.0
gradient_boosting,cat__geo_cluster_x_room_count_city_2||2+1,0.0
gradient_boosting,cat__geo_cluster_x_room_count_city_2||2+2,0.0
gradient_boosting,cat__geo_cluster_x_room_count_city_2||2.5+1,0.0
gradient_boosting,cat__geo_cluster_x_room_count_city_2||3+2,0.0
gradient_boosting,cat__geo_cluster_x_room_count_city_2||3.5+1,0.0
gradient_boosting,cat__geo_cluster_x_room_count_city_2||4+1,0.0
gradient_boosting,cat__geo_cluster_x_room_count_city_2||4+2,0.0
gradient_boosting,cat__geo_cluster_x_room_count_city_2||4.5+1,0.0
gradient_boosting,cat__geo_cluster_x_room_count_city_2||4.5+2,0.0
gradient_boosting,cat__geo_cluster_x_room_count_city_2||5+1,0.0
gradient_boosting,cat__geo_cluster_x_room_count_city_2||5+2,0.0
gradient_boosting,cat__geo_cluster_x_room_count_city_2||5.5+1,0.0
gradient_boosting,cat__geo_cluster_x_room_count_city_2||6+1,0.0
gradient_boosting,cat__geo_cluster_x_room_count_city_2||6+2,0.0
gradient_boosting,cat__geo_cluster_x_room_count_city_3||1+1,0.0
gradient_boosting,cat__geo_cluster_x_room_count_city_3||2+1,0.0
gradient_boosting,cat__geo_cluster_x_room_count_city_3||2.5+1,0.0
gradient_boosting,cat__geo_cluster_x_room_count_city_3||3+0,0.0
gradient_boosting,cat__geo_cluster_x_room_count_city_3||3+1,0.0
gradient_boosting,cat__geo_cluster_x_room_count_city_3||3+2,0.0
gradient_boosting,cat__geo_cluster_x_room_count_city_3||3.5+1,0.0
gradient_boosting,cat__geo_cluster_x_room_count_city_3||4+1,0.0
gradient_boosting,cat__geo_cluster_x_room_count_city_3||4+2,0.0
gradient_boosting,cat__geo_cluster_x_room_count_city_3||5+1,0.0
gradient_boosting,cat__geo_cluster_x_room_count_city_3||5+2,0.0
gradient_boosting,cat__geo_cluster_x_room_count_city_3||6+1,0.0
gradient_boosting,cat__geo_cluster_x_room_count_city_3||6+3,0.0
gradient_boosting,cat__geo_cluster_x_room_count_city_3||Stüdyo (1+0),0.0
gradient_boosting,cat__geo_cluster_x_room_count_city_4||1+1,0.0
gradient_boosting,cat__geo_cluster_x_room_count_city_4||1.5+1,0.0
gradient_boosting,cat__geo_cluster_x_room_count_city_4||2+1,0.0
gradient_boosting,cat__geo_cluster_x_room_count_city_4||2+2,0.0
gradient_boosting,cat__geo_cluster_x_room_count_city_4||2.5+1,0.0
gradient_boosting,cat__geo_cluster_x_room_count_city_4||3+1,0.0
gradient_boosting,cat__geo_cluster_x_room_count_city_4||3+2,0.0
gradient_boosting,cat__geo_cluster_x_room_count_city_4||3.5+1,0.0
gradient_boosting,cat__geo_cluster_x_room_count_city_4||4+1,0.0
gradient_boosting,cat__geo_cluster_x_room_count_city_4||4+2,0.0
gradient_boosting,cat__geo_cluster_x_room_count_city_4||5+1,0.0
gradient_boosting,cat__geo_cluster_x_room_count_city_4||6+1,0.0
gradient_boosting,cat__geo_cluster_x_room_count_city_5||1+1,0.0
gradient_boosting,cat__geo_cluster_x_room_count_city_5||2+0,0.0
gradient_boosting,cat__geo_cluster_x_room_count_city_5||2+1,0.0
gradient_boosting,cat__geo_cluster_x_room_count_city_5||2.5+1,0.0
gradient_boosting,cat__geo_cluster_x_room_count_city_5||3.5+1,0.0
gradient_boosting,cat__geo_cluster_x_room_count_city_5||4+1,0.0
gradient_boosting,cat__geo_cluster_x_room_count_city_5||4+2,0.0
gradient_boosting,cat__geo_cluster_x_room_count_city_5||5+1,0.0
gradient_boosting,cat__geo_cluster_x_room_count_city_5||5+2,0.0
gradient_boosting,cat__geo_cluster_x_room_count_city_5||5.5+1,0.0
gradient_boosting,cat__geo_cluster_x_room_count_city_5||6+2,0.0
gradient_boosting,cat__geo_cluster_x_room_count_city_5||Stüdyo (1+0),0.0
gradient_boosting,cat__geo_cluster_x_room_count_city_6||1+1,0.0
gradient_boosting,cat__geo_cluster_x_room_count_city_6||2+1,0.0
gradient_boosting,cat__geo_cluster_x_room_count_city_6||2.5+1,0.0
gradient_boosting,cat__geo_cluster_x_room_count_city_6||3+1,0.0
gradient_boosting,cat__geo_cluster_x_room_count_city_6||3.5+1,0.0
gradient_boosting,cat__geo_cluster_x_room_count_city_6||4+1,0.0
gradient_boosting,cat__geo_cluster_x_room_count_city_6||5+1,0.0
gradient_boosting,cat__geo_cluster_x_room_count_city_7||1+1,0.0
gradient_boosting,cat__geo_cluster_x_room_count_city_7||1.5+1,0.0
gradient_boosting,cat__geo_cluster_x_room_count_city_7||2+1,0.0
gradient_boosting,cat__geo_cluster_x_room_count_city_7||2.5+1,0.0
gradient_boosting,cat__geo_cluster_x_room_count_city_7||3+1,0.0
gradient_boosting,cat__geo_cluster_x_room_count_city_7||3+2,0.0
gradient_boosting,cat__geo_cluster_x_room_count_city_7||3.5+1,0.0
gradient_boosting,cat__geo_cluster_x_room_count_city_7||4+1,0.0
gradient_boosting,cat__geo_cluster_x_room_count_city_7||4+2,0.0
gradient_boosting,cat__geo_cluster_x_room_count_city_7||5+1,0.0
gradient_boosting,cat__geo_cluster_x_room_count_city_8||1+1,0.0
gradient_boosting,cat__geo_cluster_x_room_count_city_8||2+1,0.0
gradient_boosting,cat__geo_cluster_x_room_count_city_8||2+2,0.0
gradient_boosting,cat__geo_cluster_x_room_count_city_8||2.5+1,0.0
gradient_boosting,cat__geo_cluster_x_room_count_city_8||3+1,0.0
gradient_boosting,cat__geo_cluster_x_room_count_city_8||4+1,0.0
gradient_boosting,cat__geo_cluster_x_room_count_city_8||4+2,0.0
gradient_boosting,cat__geo_cluster_x_room_count_city_8||4.5+1,0.0
gradient_boosting,cat__geo_cluster_x_room_count_city_8||5+1,0.0
gradient_boosting,cat__geo_cluster_x_room_count_city_8||5+2,0.0
gradient_boosting,cat__geo_cluster_x_room_count_city_8||6+1,0.0
gradient_boosting,cat__geo_cluster_x_room_count_city_9||1+1,0.0
gradient_boosting,cat__geo_cluster_x_room_count_city_9||1.5+1,0.0
gradient_boosting,cat__geo_cluster_x_room_count_city_9||2+1,0.0
gradient_boosting,cat__geo_cluster_x_room_count_city_9||3+1,0.0
gradient_boosting,cat__geo_cluster_x_room_count_city_9||4+1,0.0
gradient_boosting,cat__geo_cluster_x_room_count_city_9||5+1,0.0
gradient_boosting,cat__geo_cluster_x_room_count_city_9||5+2,0.0
gradient_boosting,cat__geo_cluster_x_room_count_city_9||Stüdyo (1+0),0.0
gradient_boosting,cat__geo_cluster_x_room_count_missing||1+1,0.0
gradient_boosting,cat__geo_cluster_x_room_count_missing||2+1,0.0
gradient_boosting,cat__geo_cluster_x_room_count_missing||2+2,0.0
gradient_boosting,cat__geo_cluster_x_room_count_missing||2.5+1,0.0
gradient_boosting,cat__geo_cluster_x_room_count_missing||3+0,0.0
gradient_boosting,cat__geo_cluster_x_room_count_missing||3+1,0.0
gradient_boosting,cat__geo_cluster_x_room_count_missing||3+2,0.0
gradient_boosting,cat__geo_cluster_x_room_count_missing||3.5+1,0.0
gradient_boosting,cat__geo_cluster_x_room_count_missing||4+1,0.0
gradient_boosting,cat__geo_cluster_x_room_count_missing||4+2,0.0
gradient_boosting,cat__geo_cluster_x_room_count_missing||4.5+1,0.0
gradient_boosting,cat__geo_cluster_x_room_count_missing||5+1,0.0
gradient_boosting,cat__geo_cluster_x_room_count_missing||7+1,0.0
gradient_boosting,cat__geo_cluster_x_room_count_missing||Stüdyo (1+0),0.0
gradient_boosting,cat__site_project_id_basiskele::alizepark_city,0.0
gradient_boosting,cat__site_project_id_basiskele::bahcekent_konutlari,0.0
gradient_boosting,cat__site_project_id_basiskele::evimiz_kocaeli,0.0
gradient_boosting,cat__site_project_id_basiskele::kirazli_kent,0.0
gradient_boosting,cat__site_project_id_basiskele::mamik_life,0.0
gradient_boosting,cat__site_project_id_basiskele::mamik_reform,0.0
gradient_boosting,cat__site_project_id_basiskele::orka_life,0.0
gradient_boosting,cat__site_project_id_basiskele::orka_life_2,0.0
gradient_boosting,cat__site_project_id_basiskele::other,0.0
gradient_boosting,cat__site_project_id_basiskele::ritim_vadi_evleri,0.0
gradient_boosting,cat__site_project_id_basiskele::royal_city_akkurt,0.0
gradient_boosting,cat__site_project_id_basiskele::royal_country,0.0
gradient_boosting,cat__site_project_id_basiskele::royal_life,0.0
gradient_boosting,cat__site_project_id_basiskele::ustgrup_mezire,0.0
gradient_boosting,cat__site_project_id_basiskele::ustpark_afraze,0.0
gradient_boosting,cat__site_project_id_basiskele::yakamoz_konutlari,0.0
gradient_boosting,cat__site_project_id_basiskele::yuvana_evleri,0.0
gradient_boosting,cat__site_project_id_basiskele::zeray_gunesi,0.0
gradient_boosting,cat__site_project_id_basiskele::zeray_korupark,0.0
gradient_boosting,cat__site_project_id_basiskele::zeray_perla,0.0
gradient_boosting,cat__site_project_id_basiskele::zeraykent_yuvacik,0.0
gradient_boosting,cat__site_project_id_golcuk::other,0.0
gradient_boosting,cat__site_project_id_golcuk::yakamoz_konutlari,0.0
gradient_boosting,cat__site_project_id_izmit::other,0.0
gradient_boosting,cat__site_project_id_karamursel::other,0.0
gradient_boosting,cat__site_project_id_kartepe::bahcekent_konutlari,0.0
gradient_boosting,cat__site_project_id_kartepe::other,0.0
gradient_boosting,cat__site_project_id_missing,0.0
gradient_boosting,cat__site_project_id_county_scoped_basiskele::alizepark_city,0.0
gradient_boosting,cat__site_project_id_county_scoped_basiskele::bahcekent_konutlari,0.0
gradient_boosting,cat__site_project_id_county_scoped_basiskele::evimiz_kocaeli,0.0
gradient_boosting,cat__site_project_id_county_scoped_basiskele::kirazli_kent,0.0
gradient_boosting,cat__site_project_id_county_scoped_basiskele::mamik_life,0.0
gradient_boosting,cat__site_project_id_county_scoped_basiskele::mamik_reform,0.0
gradient_boosting,cat__site_project_id_county_scoped_basiskele::orka_life,0.0
gradient_boosting,cat__site_project_id_county_scoped_basiskele::orka_life_2,0.0
gradient_boosting,cat__site_project_id_county_scoped_basiskele::other,0.0
gradient_boosting,cat__site_project_id_county_scoped_basiskele::ritim_vadi_evleri,0.0
gradient_boosting,cat__site_project_id_county_scoped_basiskele::royal_city_akkurt,0.0
gradient_boosting,cat__site_project_id_county_scoped_basiskele::royal_country,0.0
gradient_boosting,cat__site_project_id_county_scoped_basiskele::royal_life,0.0
gradient_boosting,cat__site_project_id_county_scoped_basiskele::ustgrup_mezire,0.0
gradient_boosting,cat__site_project_id_county_scoped_basiskele::ustpark_afraze,0.0
gradient_boosting,cat__site_project_id_county_scoped_basiskele::yakamoz_konutlari,0.0
gradient_boosting,cat__site_project_id_county_scoped_basiskele::yuvana_evleri,0.0
gradient_boosting,cat__site_project_id_county_scoped_basiskele::zeray_gunesi,0.0
gradient_boosting,cat__site_project_id_county_scoped_basiskele::zeray_korupark,0.0
gradient_boosting,cat__site_project_id_county_scoped_basiskele::zeray_perla,0.0
gradient_boosting,cat__site_project_id_county_scoped_basiskele::zeraykent_yuvacik,0.0
gradient_boosting,cat__site_project_id_county_scoped_golcuk::other,0.0
gradient_boosting,cat__site_project_id_county_scoped_golcuk::yakamoz_konutlari,0.0
gradient_boosting,cat__site_project_id_county_scoped_izmit::other,0.0
gradient_boosting,cat__site_project_id_county_scoped_karamursel::other,0.0
gradient_boosting,cat__site_project_id_county_scoped_kartepe::bahcekent_konutlari,0.0
gradient_boosting,cat__site_project_id_county_scoped_kartepe::other,0.0
gradient_boosting,cat__site_project_id_county_scoped_missing,0.0
gradient_boosting,cat__site_project_match_source_missing,0.0
gradient_boosting,cat__site_project_match_source_site_name,0.0
gradient_boosting,cat__site_project_match_source_title,0.0
gradient_boosting,cat__site_project_x_county_basiskele::alizepark_city__basiskele,0.0
gradient_boosting,cat__site_project_x_county_basiskele::bahcekent_konutlari__basiskele,0.0
gradient_boosting,cat__site_project_x_county_basiskele::evimiz_kocaeli__basiskele,0.0
gradient_boosting,cat__site_project_x_county_basiskele::kirazli_kent__basiskele,0.0
gradient_boosting,cat__site_project_x_county_basiskele::mamik_life__basiskele,0.0
gradient_boosting,cat__site_project_x_county_basiskele::mamik_reform__basiskele,0.0
gradient_boosting,cat__site_project_x_county_basiskele::orka_life_2__basiskele,0.0
gradient_boosting,cat__site_project_x_county_basiskele::orka_life__basiskele,0.0
gradient_boosting,cat__site_project_x_county_basiskele::other__basiskele,0.0
gradient_boosting,cat__site_project_x_county_basiskele::ritim_vadi_evleri__basiskele,0.0
gradient_boosting,cat__site_project_x_county_basiskele::royal_city_akkurt__basiskele,0.0
gradient_boosting,cat__site_project_x_county_basiskele::royal_country__basiskele,0.0
gradient_boosting,cat__site_project_x_county_basiskele::royal_life__basiskele,0.0
gradient_boosting,cat__site_project_x_county_basiskele::ustgrup_mezire__basiskele,0.0
gradient_boosting,cat__site_project_x_county_basiskele::ustpark_afraze__basiskele,0.0
gradient_boosting,cat__site_project_x_county_basiskele::yakamoz_konutlari__basiskele,0.0
gradient_boosting,cat__site_project_x_county_basiskele::yuvana_evleri__basiskele,0.0
gradient_boosting,cat__site_project_x_county_basiskele::zeray_gunesi__basiskele,0.0
gradient_boosting,cat__site_project_x_county_basiskele::zeray_korupark__basiskele,0.0
gradient_boosting,cat__site_project_x_county_basiskele::zeray_perla__basiskele,0.0
gradient_boosting,cat__site_project_x_county_basiskele::zeraykent_yuvacik__basiskele,0.0
gradient_boosting,cat__site_project_x_county_golcuk::other__golcuk,0.0
gradient_boosting,cat__site_project_x_county_golcuk::yakamoz_konutlari__golcuk,0.0
gradient_boosting,cat__site_project_x_county_izmit::other__izmit,0.0
gradient_boosting,cat__site_project_x_county_karamursel::other__karamursel,0.0
gradient_boosting,cat__site_project_x_county_kartepe::bahcekent_konutlari__kartepe,0.0
gradient_boosting,cat__site_project_x_county_kartepe::other__kartepe,0.0
gradient_boosting,cat__site_project_x_county_missing__basiskele,0.0
gradient_boosting,cat__site_project_x_county_missing__golcuk,0.0
gradient_boosting,cat__site_project_x_county_missing__izmit,0.0
gradient_boosting,cat__site_project_x_county_missing__karamursel,0.0
gradient_boosting,cat__duplex_type_garden,0.0
gradient_boosting,cat__duplex_type_middle_floor,0.0
gradient_boosting,cat__duplex_type_none,0.0
gradient_boosting,cat__duplex_type_roof,0.0
gradient_boosting,cat__duplex_type_standard,0.0
gradient_boosting,cat__duplex_match_source_conflict_detail_wins,0.0
gradient_boosting,cat__duplex_match_source_detail,0.0
gradient_boosting,cat__duplex_match_source_detail_and_title,0.0
gradient_boosting,cat__duplex_match_source_none,0.0
gradient_boosting,cat__duplex_match_source_title,0.0
gradient_boosting,cat__large_home_bucket_180_220,0.0
gradient_boosting,cat__large_home_bucket_220_280,0.0
gradient_boosting,cat__large_home_bucket_280p,0.0
gradient_boosting,cat__large_home_bucket_lt180,0.0
gradient_boosting,cat__duplex_x_district_duplex__28 Haziran Mah.,0.0
gradient_boosting,cat__duplex_x_district_duplex__Akarca Mah.,0.0
gradient_boosting,cat__duplex_x_district_duplex__Akpınar Mh.,0.0
gradient_boosting,cat__duplex_x_district_duplex__Alikahya Atatürk Mh.,0.0
gradient_boosting,cat__duplex_x_district_duplex__Alikahya Cumhuriyet Mah.,0.0
gradient_boosting,cat__duplex_x_district_duplex__Alikahya Fatih Mah.,0.0
gradient_boosting,cat__duplex_x_district_duplex__Altınkent Mh.,0.0
gradient_boosting,cat__duplex_x_district_duplex__Arslanbey Mh.,0.0
gradient_boosting,cat__duplex_x_district_duplex__Ataevler Mh.,0.0
gradient_boosting,cat__duplex_x_district_duplex__Atakent Mah.,0.0
gradient_boosting,cat__duplex_x_district_duplex__Atatürk Mh.,0.0
gradient_boosting,cat__duplex_x_district_duplex__Aydınkent Mh.,0.0
gradient_boosting,cat__duplex_x_district_duplex__Bahçecik Kılıçaslan Mh.,0.0
gradient_boosting,cat__duplex_x_district_duplex__Bahçecik Şehitekrem Mh.,0.0
gradient_boosting,cat__duplex_x_district_duplex__Barbaros Mah.,0.0
gradient_boosting,cat__duplex_x_district_duplex__Bekirdere Mah.,0.0
gradient_boosting,cat__duplex_x_district_duplex__Cedit Mah.,0.0
gradient_boosting,cat__duplex_x_district_duplex__Cumhuriyet Mah.,0.0
gradient_boosting,cat__duplex_x_district_duplex__Damlar Mah.,0.0
gradient_boosting,cat__duplex_x_district_duplex__Derbent Mh.,0.0
gradient_boosting,cat__duplex_x_district_duplex__Dereköy Mh.,0.0
gradient_boosting,cat__duplex_x_district_duplex__Değirmendere Merkez Mh.,0.0
gradient_boosting,cat__duplex_x_district_duplex__Değirmendere Yalı Mh.,0.0
gradient_boosting,cat__duplex_x_district_duplex__Donanma Mah.,0.0
gradient_boosting,cat__duplex_x_district_duplex__Doğan Mh.,0.0
gradient_boosting,cat__duplex_x_district_duplex__Dumlupınar Mh.,0.0
gradient_boosting,cat__duplex_x_district_duplex__Durhasan Mh.,0.0
gradient_boosting,cat__duplex_x_district_duplex__Döngel Mh.,0.0
gradient_boosting,cat__duplex_x_district_duplex__Emekevler Mh.,0.0
gradient_boosting,cat__duplex_x_district_duplex__Erenler Mah.,0.0
gradient_boosting,cat__duplex_x_district_duplex__Ereğli Mh.,0.0
gradient_boosting,cat__duplex_x_district_duplex__Ertuğrul Gazi Mh.,0.0
gradient_boosting,cat__duplex_x_district_duplex__Fatih Mah.,0.0
gradient_boosting,cat__duplex_x_district_duplex__Fatih Sultan Mehmet Mh.,0.0
gradient_boosting,cat__duplex_x_district_duplex__Fevzi Çakmak Mh.,0.0
gradient_boosting,cat__duplex_x_district_duplex__Gültepe Mh.,0.0
gradient_boosting,cat__duplex_x_district_duplex__Gündoğdu Mh.,0.0
gradient_boosting,cat__duplex_x_district_duplex__Hacıhızır Mh.,0.0
gradient_boosting,cat__duplex_x_district_duplex__Halıdere Yalı Mh.,0.0
gradient_boosting,cat__duplex_x_district_duplex__Halıdere Yeni Mh.,0.0
gradient_boosting,cat__duplex_x_district_duplex__Hatipköy Mh.,0.0
gradient_boosting,cat__duplex_x_district_duplex__Hisareyn Merkez Mah.,0.0
gradient_boosting,cat__duplex_x_district_duplex__Kabaoğlu Mh.,0.0
gradient_boosting,cat__duplex_x_district_duplex__Kadıköy Mh.,0.0
gradient_boosting,cat__duplex_x_district_duplex__Karabaş Mh.,0.0
gradient_boosting,cat__duplex_x_district_duplex__Karadenizliler Mah.,0.0
gradient_boosting,cat__duplex_x_district_duplex__Karaköprü Mh.,0.0
gradient_boosting,cat__duplex_x_district_duplex__Kavaklı Mh.,0.0
gradient_boosting,cat__duplex_x_district_duplex__Kayacık Mh.,0.0
gradient_boosting,cat__duplex_x_district_duplex__Kemalpaşa Mh.,0.0
gradient_boosting,cat__duplex_x_district_duplex__Kocatepe Mah.,0.0
gradient_boosting,cat__duplex_x_district_duplex__Kozluk Mah.,0.0
gradient_boosting,cat__duplex_x_district_duplex__Kullar Merkez Mh.,0.0
gradient_boosting,cat__duplex_x_district_duplex__Kullar Tepecik Mh.,0.0
gradient_boosting,cat__duplex_x_district_duplex__Kullar Yakacık Mh.,0.0
gradient_boosting,cat__duplex_x_district_duplex__Kuruçeşme Fatih Mh.,0.0
gradient_boosting,cat__duplex_x_district_duplex__Körfez Mh.,0.0
gradient_boosting,cat__duplex_x_district_duplex__Köseköy Mh.,0.0
gradient_boosting,cat__duplex_x_district_duplex__M. Alipaşa Mh.,0.0
gradient_boosting,cat__duplex_x_district_duplex__Mahmutpaşa Mh.,0.0
gradient_boosting,cat__duplex_x_district_duplex__Maşukiye Mh.,0.0
gradient_boosting,cat__duplex_x_district_duplex__Merkez Mah.,0.0
gradient_boosting,cat__duplex_x_district_duplex__Orhan Mah.,0.0
gradient_boosting,cat__duplex_x_district_duplex__Paşadağ Mh.,0.0
gradient_boosting,cat__duplex_x_district_duplex__Piyalepaşa Mh.,0.0
gradient_boosting,cat__duplex_x_district_duplex__Rahmiye Mah.,0.0
gradient_boosting,cat__duplex_x_district_duplex__Sahil Mah.,0.0
gradient_boosting,cat__duplex_x_district_duplex__Sanayi Mah.,0.0
gradient_boosting,cat__duplex_x_district_duplex__Saraylı Mh.,0.0
gradient_boosting,cat__duplex_x_district_duplex__Sepetçi Mh.,0.0
gradient_boosting,cat__duplex_x_district_duplex__Serdar Mah.,0.0
gradient_boosting,cat__duplex_x_district_duplex__Seymen Mah.,0.0
gradient_boosting,cat__duplex_x_district_duplex__Tavşantepe Mh.,0.0
gradient_boosting,cat__duplex_x_district_duplex__Tepecik Mah.,0.0
gradient_boosting,cat__duplex_x_district_duplex__Tepeköy Mh.,0.0
gradient_boosting,cat__duplex_x_district_duplex__Topçular Mh.,0.0
gradient_boosting,cat__duplex_x_district_duplex__Turgut Mah.,0.0
gradient_boosting,cat__duplex_x_district_duplex__Tüysüzler Mh.,0.0
gradient_boosting,cat__duplex_x_district_duplex__Ulaşlı Yavuz Sultan Selim Mh.,0.0
gradient_boosting,cat__duplex_x_district_duplex__Uzuntarla Mh.,0.0
gradient_boosting,cat__duplex_x_district_duplex__Uzunçiftlik Mh.,0.0
gradient_boosting,cat__duplex_x_district_duplex__Veliahmet Mah.,0.0
gradient_boosting,cat__duplex_x_district_duplex__Yahyakaptan Mah.,0.0
gradient_boosting,cat__duplex_x_district_duplex__Yaylacık Mh.,0.0
gradient_boosting,cat__duplex_x_district_duplex__Yazlık Merkez Mh.,0.0
gradient_boosting,cat__duplex_x_district_duplex__Yazlık Yeni Mh.,0.0
gradient_boosting,cat__duplex_x_district_duplex__Yeni Mah.,0.0
gradient_boosting,cat__duplex_x_district_duplex__Yeniköy Merkez Mh.,0.0
gradient_boosting,cat__duplex_x_district_duplex__Yenişehir Mh.,0.0
gradient_boosting,cat__duplex_x_district_duplex__Yeşilkent Mh.,0.0
gradient_boosting,cat__duplex_x_district_duplex__Yeşilova Mh.,0.0
gradient_boosting,cat__duplex_x_district_duplex__Yeşilyurt Mh.,0.0
gradient_boosting,cat__duplex_x_district_duplex__Yukarı Mh.,0.0
gradient_boosting,cat__duplex_x_district_duplex__Yuvacık Yakacık Mh.,0.0
gradient_boosting,cat__duplex_x_district_duplex__Yüzbaşılar Mh.,0.0
gradient_boosting,cat__duplex_x_district_duplex__Çayırköy Mh.,0.0
gradient_boosting,cat__duplex_x_district_duplex__Çepni Mh.,0.0
gradient_boosting,cat__duplex_x_district_duplex__Çiftlik Mh.,0.0
gradient_boosting,cat__duplex_x_district_duplex__Çukurbağ Mh.,0.0
gradient_boosting,cat__duplex_x_district_duplex__Ömerağa Mh.,0.0
gradient_boosting,cat__duplex_x_district_duplex__Örcün Mh.,0.0
gradient_boosting,cat__duplex_x_district_duplex__İbrikdere Mh.,0.0
gradient_boosting,cat__duplex_x_district_duplex__İhsaniye Merkez Mh.,0.0
gradient_boosting,cat__duplex_x_district_duplex__İpek Yolu Mh.,0.0
gradient_boosting,cat__duplex_x_district_duplex__İstasyon Mh.,0.0
gradient_boosting,cat__duplex_x_district_duplex__Şehitler Mh.,0.0
gradient_boosting,cat__duplex_x_district_duplex__Şirinköy Mh.,0.0
gradient_boosting,cat__duplex_x_district_duplex__Şirintepe Mh.,0.0
gradient_boosting,cat__duplex_x_district_nonduplex,0.0
gradient_boosting,cat__duplex_x_county_duplex__Başiskele,0.0
gradient_boosting,cat__duplex_x_county_duplex__Kartepe,0.0
gradient_boosting,cat__duplex_x_county_nonduplex,0.0
gradient_boosting,cat__duplex_x_site_quality_tier_duplex__missing,0.0
gradient_boosting,cat__duplex_x_site_quality_tier_nonduplex,0.0
gradient_boosting,cat__duplex_x_site_project_duplex__basiskele::mamik_reform,0.0
gradient_boosting,cat__duplex_x_site_project_duplex__basiskele::orka_life_2,0.0
gradient_boosting,cat__duplex_x_site_project_duplex__basiskele::other,0.0
gradient_boosting,cat__duplex_x_site_project_duplex__basiskele::ritim_vadi_evleri,0.0
gradient_boosting,cat__duplex_x_site_project_duplex__basiskele::royal_city_akkurt,0.0
gradient_boosting,cat__duplex_x_site_project_duplex__basiskele::royal_country,0.0
gradient_boosting,cat__duplex_x_site_project_duplex__basiskele::ustgrup_mezire,0.0
gradient_boosting,cat__duplex_x_site_project_duplex__basiskele::ustpark_afraze,0.0
gradient_boosting,cat__duplex_x_site_project_duplex__basiskele::yuvana_evleri,0.0
gradient_boosting,cat__duplex_x_site_project_duplex__basiskele::zeray_gunesi,0.0
gradient_boosting,cat__duplex_x_site_project_duplex__basiskele::zeray_korupark,0.0
gradient_boosting,cat__duplex_x_site_project_duplex__basiskele::zeray_perla,0.0
gradient_boosting,cat__duplex_x_site_project_duplex__basiskele::zeraykent_yuvacik,0.0
gradient_boosting,cat__duplex_x_site_project_duplex__golcuk::other,0.0
gradient_boosting,cat__duplex_x_site_project_duplex__golcuk::yakamoz_konutlari,0.0
gradient_boosting,cat__duplex_x_site_project_duplex__izmit::other,0.0
gradient_boosting,cat__duplex_x_site_project_duplex__karamursel::other,0.0
gradient_boosting,cat__duplex_x_site_project_duplex__kartepe::other,0.0
gradient_boosting,cat__duplex_x_site_project_nonduplex,0.0
gradient_boosting,cat__roof_duplex_x_floor_segment_nonroof,0.0
gradient_boosting,cat__roof_duplex_x_floor_segment_roof__Ara Kat,0.0
gradient_boosting,cat__roof_duplex_x_floor_segment_roof__Bahçe,0.0
gradient_boosting,cat__roof_duplex_x_floor_segment_roof__En Üst Kat,0.0
gradient_boosting,cat__roof_duplex_x_floor_segment_roof__Zemin/Giriş,0.0
gradient_boosting,cat__roof_duplex_x_floor_segment_roof__Çatı,0.0
gradient_boosting,cat__middle_floor_duplex_x_floor_segment_mid__Ara Kat,0.0
gradient_boosting,cat__middle_floor_duplex_x_floor_segment_mid__En Üst Kat,0.0
gradient_boosting,cat__middle_floor_duplex_x_floor_segment_mid__Zemin/Giriş,0.0
gradient_boosting,cat__middle_floor_duplex_x_floor_segment_nonmid,0.0
gradient_boosting,cat__large_home_x_site_project_id_bucket_lh__n10_29,0.0
gradient_boosting,cat__large_home_x_site_project_id_bucket_lh__n1_2,0.0
gradient_boosting,cat__large_home_x_site_project_id_bucket_lh__n3_9,0.0
gradient_boosting,cat__large_home_x_site_project_id_bucket_non_lh,0.0
